step,agent_id,x,y,toxicload
1,5,517.0,420.0,0.0
1,56,447.0,504.0,0.0
1,35,517.0,473.0,0.0
1,55,512.0,475.0,0.0
1,60,479.0,468.0,0.0
1,30,454.0,439.0,0.01
1,32,459.0,502.0,0.0
1,6,455.0,487.0,0.0
1,67,507.0,424.0,0.0
1,45,466.0,438.0,0.01
1,73,443.0,477.0,0.0
1,64,501.0,445.0,0.0
1,90,478.0,485.0,0.0
1,4,509.0,428.0,0.0
1,13,538.0,438.0,0.0
1,54,480.0,445.0,0.0
1,63,502.0,501.0,0.0
1,86,447.0,467.0,0.0
1,91,526.0,502.0,0.0
1,62,523.0,474.0,0.0
1,58,472.0,418.0,0.01
1,52,479.0,418.0,0.0
1,12,445.0,417.0,0.01
1,28,479.0,490.0,0.0
1,75,443.0,424.0,0.01
1,23,510.0,421.0,0.0
1,92,492.0,477.0,0.0
1,41,456.0,487.0,0.0
1,43,521.0,414.0,0.0
1,11,504.0,431.0,0.0
1,36,506.0,467.0,0.0
1,68,513.0,413.0,0.0
1,69,449.0,437.0,0.01
1,98,442.0,500.0,0.0
1,82,470.0,411.0,0.01
1,85,526.0,409.0,0.0
1,39,483.0,504.0,0.0
1,84,522.0,446.0,0.0
1,77,449.0,493.0,0.0
1,7,504.0,426.0,0.0
1,25,448.0,458.0,0.01
1,95,523.0,506.0,0.0
1,71,473.0,502.0,0.0
1,66,507.0,505.0,0.0
1,76,477.0,489.0,0.0
1,34,479.0,409.0,0.0
1,50,448.0,442.0,0.01
1,59,502.0,441.0,0.0
1,93,449.0,442.0,0.01
1,2,485.0,445.0,0.0
1,10,454.0,426.0,0.01
1,18,458.0,418.0,0.01
1,26,472.0,414.0,0.01
1,27,453.0,409.0,0.01
1,42,441.0,482.0,0.0
1,87,505.0,455.0,0.0
1,100,530.0,428.0,0.0
1,79,516.0,470.0,0.0
1,16,487.0,488.0,0.0
1,20,457.0,478.0,0.0
1,81,527.0,410.0,0.0
1,19,442.0,464.0,0.0
1,49,482.0,429.0,0.0
1,44,469.0,440.0,0.01
1,9,536.0,504.0,0.0
1,31,468.0,418.0,0.01
1,74,512.0,437.0,0.0
1,61,458.0,468.0,0.0
1,29,493.0,442.0,0.0
1,94,487.0,420.0,0.0
1,46,510.0,446.0,0.0
1,57,446.0,436.0,0.01
1,70,536.0,501.0,0.0
1,21,513.0,476.0,0.0
1,38,533.0,493.0,0.0
1,88,505.0,486.0,0.0
1,78,516.0,408.0,0.0
1,72,454.0,479.0,0.0
1,24,443.0,477.0,0.0
1,8,495.0,453.0,0.0
1,17,499.0,454.0,0.0
1,37,500.0,481.0,0.0
1,1,441.0,460.0,0.01
1,53,511.0,470.0,0.0
1,22,446.0,493.0,0.0
1,47,498.0,470.0,0.0
1,83,495.0,475.0,0.0
1,99,482.0,408.0,0.0
1,89,474.0,460.0,0.0
1,14,453.0,457.0,0.01
1,3,495.0,416.0,0.0
1,80,517.0,419.0,0.0
1,96,442.0,483.0,0.0
1,51,515.0,430.0,0.0
1,33,509.0,431.0,0.0
1,40,528.0,407.0,0.0
1,48,532.0,423.0,0.0
1,15,537.0,420.0,0.0
1,65,457.0,487.0,0.0
1,97,450.0,476.0,0.0
2,5,517.0,420.0,0.0
2,56,447.0,504.0,0.0
2,35,517.0,473.0,0.0
2,55,512.0,475.0,0.0
2,60,479.0,468.0,0.0
2,30,454.0,439.0,0.02
2,32,459.0,502.0,0.0
2,6,455.0,487.0,0.0
2,67,507.0,424.0,0.0
2,45,466.0,438.0,0.02
2,73,443.0,477.0,0.0
2,64,501.0,445.0,0.0
2,90,478.0,485.0,0.0
2,4,509.0,428.0,0.0
2,13,538.0,438.0,0.0
2,54,480.0,445.0,0.0
2,63,502.0,501.0,0.0
2,86,447.0,467.0,0.0
2,91,526.0,502.0,0.0
2,62,523.0,474.0,0.0
2,58,472.0,418.0,0.02
2,52,479.0,418.0,0.0
2,12,445.0,417.0,0.02
2,28,479.0,490.0,0.0
2,75,443.0,424.0,0.02
2,23,510.0,421.0,0.0
2,92,492.0,477.0,0.0
2,41,456.0,487.0,0.0
2,43,521.0,414.0,0.0
2,11,504.0,431.0,0.0
2,36,506.0,467.0,0.0
2,68,513.0,413.0,0.0
2,69,449.0,437.0,0.02
2,98,442.0,500.0,0.0
2,82,470.0,411.0,0.02
2,85,526.0,409.0,0.0
2,39,483.0,504.0,0.0
2,84,522.0,446.0,0.0
2,77,449.0,493.0,0.0
2,7,504.0,426.0,0.0
2,25,448.0,458.0,0.02
2,95,523.0,506.0,0.0
2,71,473.0,502.0,0.0
2,66,507.0,505.0,0.0
2,76,477.0,489.0,0.0
2,34,479.0,409.0,0.0
2,50,448.0,442.0,0.02
2,59,502.0,441.0,0.0
2,93,449.0,442.0,0.02
2,2,485.0,445.0,0.0
2,10,454.0,426.0,0.02
2,18,458.0,418.0,0.02
2,26,472.0,414.0,0.02
2,27,453.0,409.0,0.02
2,42,441.0,482.0,0.0
2,87,505.0,455.0,0.0
2,100,530.0,428.0,0.0
2,79,516.0,470.0,0.0
2,16,487.0,488.0,0.0
2,20,457.0,478.0,0.0
2,81,527.0,410.0,0.0
2,19,442.0,464.0,0.0
2,49,482.0,429.0,0.0
2,44,469.0,440.0,0.02
2,9,536.0,504.0,0.0
2,31,468.0,418.0,0.02
2,74,512.0,437.0,0.0
2,61,458.0,468.0,0.0
2,29,493.0,442.0,0.0
2,94,487.0,420.0,0.0
2,46,510.0,446.0,0.0
2,57,446.0,436.0,0.02
2,70,536.0,501.0,0.0
2,21,513.0,476.0,0.0
2,38,533.0,493.0,0.0
2,88,505.0,486.0,0.0
2,78,516.0,408.0,0.0
2,72,454.0,479.0,0.0
2,24,443.0,477.0,0.0
2,8,495.0,453.0,0.0
2,17,499.0,454.0,0.0
2,37,500.0,481.0,0.0
2,1,441.0,460.0,0.02
2,53,511.0,470.0,0.0
2,22,446.0,493.0,0.0
2,47,498.0,470.0,0.0
2,83,495.0,475.0,0.0
2,99,482.0,408.0,0.0
2,89,474.0,460.0,0.0
2,14,453.0,457.0,0.02
2,3,495.0,416.0,0.0
2,80,517.0,419.0,0.0
2,96,442.0,483.0,0.0
2,51,515.0,430.0,0.0
2,33,509.0,431.0,0.0
2,40,528.0,407.0,0.0
2,48,532.0,423.0,0.0
2,15,537.0,420.0,0.0
2,65,457.0,487.0,0.0
2,97,450.0,476.0,0.0
3,5,517.0,420.0,0.0
3,56,447.0,504.0,0.0
3,35,517.0,473.0,0.0
3,55,512.0,475.0,0.0
3,60,479.0,468.0,0.0
3,30,454.0,439.0,0.03
3,32,459.0,502.0,0.0
3,6,455.0,487.0,0.0
3,67,507.0,424.0,0.0
3,45,466.0,438.0,0.03
3,73,443.0,477.0,0.0
3,64,501.0,445.0,0.0
3,90,478.0,485.0,0.0
3,4,509.0,428.0,0.0
3,13,538.0,438.0,0.0
3,54,480.0,445.0,0.0
3,63,502.0,501.0,0.0
3,86,447.0,467.0,0.0
3,91,526.0,502.0,0.0
3,62,523.0,474.0,0.0
3,58,472.0,418.0,0.03
3,52,479.0,418.0,0.0
3,12,445.0,417.0,0.03
3,28,479.0,490.0,0.0
3,75,443.0,424.0,0.03
3,23,510.0,421.0,0.0
3,92,492.0,477.0,0.0
3,41,456.0,487.0,0.0
3,43,521.0,414.0,0.0
3,11,504.0,431.0,0.0
3,36,506.0,467.0,0.0
3,68,513.0,413.0,0.0
3,69,449.0,437.0,0.03
3,98,442.0,500.0,0.0
3,82,470.0,411.0,0.03
3,85,526.0,409.0,0.0
3,39,483.0,504.0,0.0
3,84,522.0,446.0,0.0
3,77,449.0,493.0,0.0
3,7,504.0,426.0,0.0
3,25,448.0,458.0,0.03
3,95,523.0,506.0,0.0
3,71,473.0,502.0,0.0
3,66,507.0,505.0,0.0
3,76,477.0,489.0,0.0
3,34,479.0,409.0,0.0
3,50,448.0,442.0,0.03
3,59,502.0,441.0,0.0
3,93,449.0,442.0,0.03
3,2,485.0,445.0,0.0
3,10,454.0,426.0,0.03
3,18,458.0,418.0,0.03
3,26,472.0,414.0,0.03
3,27,453.0,409.0,0.03
3,42,441.0,482.0,0.0
3,87,505.0,455.0,0.0
3,100,530.0,428.0,0.0
3,79,516.0,470.0,0.0
3,16,487.0,488.0,0.0
3,20,457.0,478.0,0.0
3,81,527.0,410.0,0.0
3,19,442.0,464.0,0.0
3,49,482.0,429.0,0.0
3,44,469.0,440.0,0.03
3,9,536.0,504.0,0.0
3,31,468.0,418.0,0.03
3,74,512.0,437.0,0.0
3,61,458.0,468.0,0.0
3,29,493.0,442.0,0.0
3,94,487.0,420.0,0.0
3,46,510.0,446.0,0.0
3,57,446.0,436.0,0.03
3,70,536.0,501.0,0.0
3,21,513.0,476.0,0.0
3,38,533.0,493.0,0.0
3,88,505.0,486.0,0.0
3,78,516.0,408.0,0.0
3,72,454.0,479.0,0.0
3,24,443.0,477.0,0.0
3,8,495.0,453.0,0.0
3,17,499.0,454.0,0.0
3,37,500.0,481.0,0.0
3,1,441.0,460.0,0.03
3,53,511.0,470.0,0.0
3,22,446.0,493.0,0.0
3,47,498.0,470.0,0.0
3,83,495.0,475.0,0.0
3,99,482.0,408.0,0.0
3,89,474.0,460.0,0.0
3,14,453.0,457.0,0.03
3,3,495.0,416.0,0.0
3,80,517.0,419.0,0.0
3,96,442.0,483.0,0.0
3,51,515.0,430.0,0.0
3,33,509.0,431.0,0.0
3,40,528.0,407.0,0.0
3,48,532.0,423.0,0.0
3,15,537.0,420.0,0.0
3,65,457.0,487.0,0.0
3,97,450.0,476.0,0.0
4,5,517.0,420.0,0.0
4,56,447.0,504.0,0.0
4,35,517.0,473.0,0.0
4,55,512.0,475.0,0.0
4,60,479.0,468.0,0.0
4,30,454.0,439.0,0.04
4,32,459.0,502.0,0.0
4,6,455.0,487.0,0.0
4,67,507.0,424.0,0.0
4,45,466.0,438.0,0.04
4,73,443.0,477.0,0.0
4,64,501.0,445.0,0.0
4,90,478.0,485.0,0.0
4,4,509.0,428.0,0.0
4,13,538.0,438.0,0.0
4,54,480.0,445.0,0.0
4,63,502.0,501.0,0.0
4,86,447.0,467.0,0.0
4,91,526.0,502.0,0.0
4,62,523.0,474.0,0.0
4,58,472.0,418.0,0.04
4,52,479.0,418.0,0.0
4,12,445.0,417.0,0.04
4,28,479.0,490.0,0.0
4,75,443.0,424.0,0.04
4,23,510.0,421.0,0.0
4,92,492.0,477.0,0.0
4,41,456.0,487.0,0.0
4,43,521.0,414.0,0.0
4,11,504.0,431.0,0.0
4,36,506.0,467.0,0.0
4,68,513.0,413.0,0.0
4,69,449.0,437.0,0.04
4,98,442.0,500.0,0.0
4,82,470.0,411.0,0.04
4,85,526.0,409.0,0.0
4,39,483.0,504.0,0.0
4,84,522.0,446.0,0.0
4,77,449.0,493.0,0.0
4,7,504.0,426.0,0.0
4,25,448.0,458.0,0.04
4,95,523.0,506.0,0.0
4,71,473.0,502.0,0.0
4,66,507.0,505.0,0.0
4,76,477.0,489.0,0.0
4,34,479.0,409.0,0.0
4,50,448.0,442.0,0.04
4,59,502.0,441.0,0.0
4,93,449.0,442.0,0.04
4,2,485.0,445.0,0.0
4,10,454.0,426.0,0.04
4,18,458.0,418.0,0.04
4,26,472.0,414.0,0.04
4,27,453.0,409.0,0.04
4,42,441.0,482.0,0.0
4,87,505.0,455.0,0.0
4,100,530.0,428.0,0.0
4,79,516.0,470.0,0.0
4,16,487.0,488.0,0.0
4,20,457.0,478.0,0.0
4,81,527.0,410.0,0.0
4,19,442.0,464.0,0.0
4,49,482.0,429.0,0.0
4,44,469.0,440.0,0.04
4,9,536.0,504.0,0.0
4,31,468.0,418.0,0.04
4,74,512.0,437.0,0.0
4,61,458.0,468.0,0.0
4,29,493.0,442.0,0.0
4,94,487.0,420.0,0.0
4,46,510.0,446.0,0.0
4,57,446.0,436.0,0.04
4,70,536.0,501.0,0.0
4,21,513.0,476.0,0.0
4,38,533.0,493.0,0.0
4,88,505.0,486.0,0.0
4,78,516.0,408.0,0.0
4,72,454.0,479.0,0.0
4,24,443.0,477.0,0.0
4,8,495.0,453.0,0.0
4,17,499.0,454.0,0.0
4,37,500.0,481.0,0.0
4,1,441.0,460.0,0.04
4,53,511.0,470.0,0.0
4,22,446.0,493.0,0.0
4,47,498.0,470.0,0.0
4,83,495.0,475.0,0.0
4,99,482.0,408.0,0.0
4,89,474.0,460.0,0.0
4,14,453.0,457.0,0.04
4,3,495.0,416.0,0.0
4,80,517.0,419.0,0.0
4,96,442.0,483.0,0.0
4,51,515.0,430.0,0.0
4,33,509.0,431.0,0.0
4,40,528.0,407.0,0.0
4,48,532.0,423.0,0.0
4,15,537.0,420.0,0.0
4,65,457.0,487.0,0.0
4,97,450.0,476.0,0.0
5,5,517.0,420.0,0.0
5,56,447.0,504.0,0.0
5,35,517.0,473.0,0.0
5,55,512.0,475.0,0.0
5,60,479.0,468.0,0.0
5,30,454.0,439.0,0.05
5,32,459.0,502.0,0.0
5,6,455.0,487.0,0.0
5,67,507.0,424.0,0.0
5,45,466.0,438.0,0.05
5,73,443.0,477.0,0.0
5,64,501.0,445.0,0.0
5,90,478.0,485.0,0.0
5,4,509.0,428.0,0.0
5,13,538.0,438.0,0.0
5,54,480.0,445.0,0.0
5,63,502.0,501.0,0.0
5,86,447.0,467.0,0.0
5,91,526.0,502.0,0.0
5,62,523.0,474.0,0.0
5,58,472.0,418.0,0.05
5,52,479.0,418.0,0.0
5,12,445.0,417.0,0.05
5,28,479.0,490.0,0.0
5,75,443.0,424.0,0.05
5,23,510.0,421.0,0.0
5,92,492.0,477.0,0.0
5,41,456.0,487.0,0.0
5,43,521.0,414.0,0.0
5,11,504.0,431.0,0.0
5,36,506.0,467.0,0.0
5,68,513.0,413.0,0.0
5,69,449.0,437.0,0.05
5,98,442.0,500.0,0.0
5,82,470.0,411.0,0.05
5,85,526.0,409.0,0.0
5,39,483.0,504.0,0.0
5,84,522.0,446.0,0.0
5,77,449.0,493.0,0.0
5,7,504.0,426.0,0.0
5,25,448.0,458.0,0.05
5,95,523.0,506.0,0.0
5,71,473.0,502.0,0.0
5,66,507.0,505.0,0.0
5,76,477.0,489.0,0.0
5,34,479.0,409.0,0.0
5,50,448.0,442.0,0.05
5,59,502.0,441.0,0.0
5,93,449.0,442.0,0.05
5,2,485.0,445.0,0.0
5,10,454.0,426.0,0.05
5,18,458.0,418.0,0.05
5,26,472.0,414.0,0.05
5,27,453.0,409.0,0.05
5,42,441.0,482.0,0.0
5,87,505.0,455.0,0.0
5,100,530.0,428.0,0.0
5,79,516.0,470.0,0.0
5,16,487.0,488.0,0.0
5,20,457.0,478.0,0.0
5,81,527.0,410.0,0.0
5,19,442.0,464.0,0.0
5,49,482.0,429.0,0.0
5,44,469.0,440.0,0.05
5,9,536.0,504.0,0.0
5,31,468.0,418.0,0.05
5,74,512.0,437.0,0.0
5,61,458.0,468.0,0.0
5,29,493.0,442.0,0.0
5,94,487.0,420.0,0.0
5,46,510.0,446.0,0.0
5,57,446.0,436.0,0.05
5,70,536.0,501.0,0.0
5,21,513.0,476.0,0.0
5,38,533.0,493.0,0.0
5,88,505.0,486.0,0.0
5,78,516.0,408.0,0.0
5,72,454.0,479.0,0.0
5,24,443.0,477.0,0.0
5,8,495.0,453.0,0.0
5,17,499.0,454.0,0.0
5,37,500.0,481.0,0.0
5,1,441.0,460.0,0.05
5,53,511.0,470.0,0.0
5,22,446.0,493.0,0.0
5,47,498.0,470.0,0.0
5,83,495.0,475.0,0.0
5,99,482.0,408.0,0.0
5,89,474.0,460.0,0.0
5,14,453.0,457.0,0.05
5,3,495.0,416.0,0.0
5,80,517.0,419.0,0.0
5,96,442.0,483.0,0.0
5,51,515.0,430.0,0.0
5,33,509.0,431.0,0.0
5,40,528.0,407.0,0.0
5,48,532.0,423.0,0.0
5,15,537.0,420.0,0.0
5,65,457.0,487.0,0.0
5,97,450.0,476.0,0.0
6,5,517.0,420.0,0.0
6,56,447.0,504.0,0.0
6,35,517.0,473.0,0.0
6,55,512.0,475.0,0.0
6,60,479.0,468.0,0.0
6,30,454.0,439.0,0.060000000000000005
6,32,459.0,502.0,0.0
6,6,455.0,487.0,0.0
6,67,507.0,424.0,0.0
6,45,466.0,438.0,0.060000000000000005
6,73,443.0,477.0,0.0
6,64,501.0,445.0,0.0
6,90,478.0,485.0,0.0
6,4,509.0,428.0,0.0
6,13,538.0,438.0,0.0
6,54,480.0,445.0,0.0
6,63,502.0,501.0,0.0
6,86,447.0,467.0,0.0
6,91,526.0,502.0,0.0
6,62,523.0,474.0,0.0
6,58,472.0,418.0,0.060000000000000005
6,52,479.0,418.0,0.0
6,12,445.0,417.0,0.060000000000000005
6,28,479.0,490.0,0.0
6,75,443.0,424.0,0.060000000000000005
6,23,510.0,421.0,0.0
6,92,492.0,477.0,0.0
6,41,456.0,487.0,0.0
6,43,521.0,414.0,0.0
6,11,504.0,431.0,0.0
6,36,506.0,467.0,0.0
6,68,513.0,413.0,0.0
6,69,449.0,437.0,0.060000000000000005
6,98,442.0,500.0,0.0
6,82,470.0,411.0,0.060000000000000005
6,85,526.0,409.0,0.0
6,39,483.0,504.0,0.0
6,84,522.0,446.0,0.0
6,77,449.0,493.0,0.0
6,7,504.0,426.0,0.0
6,25,448.0,458.0,0.060000000000000005
6,95,523.0,506.0,0.0
6,71,473.0,502.0,0.0
6,66,507.0,505.0,0.0
6,76,477.0,489.0,0.0
6,34,479.0,409.0,0.0
6,50,448.0,442.0,0.060000000000000005
6,59,502.0,441.0,0.0
6,93,449.0,442.0,0.060000000000000005
6,2,485.0,445.0,0.0
6,10,454.0,426.0,0.060000000000000005
6,18,458.0,418.0,0.060000000000000005
6,26,472.0,414.0,0.060000000000000005
6,27,453.0,409.0,0.060000000000000005
6,42,441.0,482.0,0.0
6,87,505.0,455.0,0.0
6,100,530.0,428.0,0.0
6,79,516.0,470.0,0.0
6,16,487.0,488.0,0.0
6,20,457.0,478.0,0.0
6,81,527.0,410.0,0.0
6,19,442.0,464.0,0.0
6,49,482.0,429.0,0.0
6,44,469.0,440.0,0.060000000000000005
6,9,536.0,504.0,0.0
6,31,468.0,418.0,0.060000000000000005
6,74,512.0,437.0,0.0
6,61,458.0,468.0,0.0
6,29,493.0,442.0,0.0
6,94,487.0,420.0,0.0
6,46,510.0,446.0,0.0
6,57,446.0,436.0,0.060000000000000005
6,70,536.0,501.0,0.0
6,21,513.0,476.0,0.0
6,38,533.0,493.0,0.0
6,88,505.0,486.0,0.0
6,78,516.0,408.0,0.0
6,72,454.0,479.0,0.0
6,24,443.0,477.0,0.0
6,8,495.0,453.0,0.0
6,17,499.0,454.0,0.0
6,37,500.0,481.0,0.0
6,1,441.0,460.0,0.060000000000000005
6,53,511.0,470.0,0.0
6,22,446.0,493.0,0.0
6,47,498.0,470.0,0.0
6,83,495.0,475.0,0.0
6,99,482.0,408.0,0.0
6,89,474.0,460.0,0.0
6,14,453.0,457.0,0.060000000000000005
6,3,495.0,416.0,0.0
6,80,517.0,419.0,0.0
6,96,442.0,483.0,0.0
6,51,515.0,430.0,0.0
6,33,509.0,431.0,0.0
6,40,528.0,407.0,0.0
6,48,532.0,423.0,0.0
6,15,537.0,420.0,0.0
6,65,457.0,487.0,0.0
6,97,450.0,476.0,0.0
7,5,517.0,420.0,0.0
7,56,447.0,504.0,0.0
7,35,517.0,473.0,0.0
7,55,512.0,475.0,0.0
7,60,479.0,468.0,0.0
7,30,454.0,439.0,0.07
7,32,459.0,502.0,0.0
7,6,455.0,487.0,0.0
7,67,507.0,424.0,0.0
7,45,466.0,438.0,0.07
7,73,443.0,477.0,0.0
7,64,501.0,445.0,0.0
7,90,478.0,485.0,0.0
7,4,509.0,428.0,0.0
7,13,538.0,438.0,0.0
7,54,480.0,445.0,0.0
7,63,502.0,501.0,0.0
7,86,447.0,467.0,0.0
7,91,526.0,502.0,0.0
7,62,523.0,474.0,0.0
7,58,472.0,418.0,0.07
7,52,479.0,418.0,0.0
7,12,445.0,417.0,0.07
7,28,479.0,490.0,0.0
7,75,443.0,424.0,0.07
7,23,510.0,421.0,0.0
7,92,492.0,477.0,0.0
7,41,456.0,487.0,0.0
7,43,521.0,414.0,0.0
7,11,504.0,431.0,0.0
7,36,506.0,467.0,0.0
7,68,513.0,413.0,0.0
7,69,449.0,437.0,0.07
7,98,442.0,500.0,0.0
7,82,470.0,411.0,0.07
7,85,526.0,409.0,0.0
7,39,483.0,504.0,0.0
7,84,522.0,446.0,0.0
7,77,449.0,493.0,0.0
7,7,504.0,426.0,0.0
7,25,448.0,458.0,0.07
7,95,523.0,506.0,0.0
7,71,473.0,502.0,0.0
7,66,507.0,505.0,0.0
7,76,477.0,489.0,0.0
7,34,479.0,409.0,0.0
7,50,448.0,442.0,0.07
7,59,502.0,441.0,0.0
7,93,449.0,442.0,0.07
7,2,485.0,445.0,0.0
7,10,454.0,426.0,0.07
7,18,458.0,418.0,0.07
7,26,472.0,414.0,0.07
7,27,453.0,409.0,0.07
7,42,441.0,482.0,0.0
7,87,505.0,455.0,0.0
7,100,530.0,428.0,0.0
7,79,516.0,470.0,0.0
7,16,487.0,488.0,0.0
7,20,457.0,478.0,0.0
7,81,527.0,410.0,0.0
7,19,442.0,464.0,0.0
7,49,482.0,429.0,0.0
7,44,469.0,440.0,0.07
7,9,536.0,504.0,0.0
7,31,468.0,418.0,0.07
7,74,512.0,437.0,0.0
7,61,458.0,468.0,0.0
7,29,493.0,442.0,0.0
7,94,487.0,420.0,0.0
7,46,510.0,446.0,0.0
7,57,446.0,436.0,0.07
7,70,536.0,501.0,0.0
7,21,513.0,476.0,0.0
7,38,533.0,493.0,0.0
7,88,505.0,486.0,0.0
7,78,516.0,408.0,0.0
7,72,454.0,479.0,0.0
7,24,443.0,477.0,0.0
7,8,495.0,453.0,0.0
7,17,499.0,454.0,0.0
7,37,500.0,481.0,0.0
7,1,441.0,460.0,0.07
7,53,511.0,470.0,0.0
7,22,446.0,493.0,0.0
7,47,498.0,470.0,0.0
7,83,495.0,475.0,0.0
7,99,482.0,408.0,0.0
7,89,474.0,460.0,0.0
7,14,453.0,457.0,0.07
7,3,495.0,416.0,0.0
7,80,517.0,419.0,0.0
7,96,442.0,483.0,0.0
7,51,515.0,430.0,0.0
7,33,509.0,431.0,0.0
7,40,528.0,407.0,0.0
7,48,532.0,423.0,0.0
7,15,537.0,420.0,0.0
7,65,457.0,487.0,0.0
7,97,450.0,476.0,0.0
8,5,517.0,420.0,0.0
8,56,447.0,504.0,0.0
8,35,517.0,473.0,0.0
8,55,512.0,475.0,0.0
8,60,479.0,468.0,0.0
8,30,454.0,439.0,0.08
8,32,459.0,502.0,0.0
8,6,455.0,487.0,0.0
8,67,507.0,424.0,0.0
8,45,466.0,438.0,0.08
8,73,443.0,477.0,0.0
8,64,501.0,445.0,0.0
8,90,478.0,485.0,0.0
8,4,509.0,428.0,0.0
8,13,538.0,438.0,0.0
8,54,480.0,445.0,0.0
8,63,502.0,501.0,0.0
8,86,447.0,467.0,0.0
8,91,526.0,502.0,0.0
8,62,523.0,474.0,0.0
8,58,472.0,418.0,0.08
8,52,479.0,418.0,0.0
8,12,445.0,417.0,0.08
8,28,479.0,490.0,0.0
8,75,443.0,424.0,0.08
8,23,510.0,421.0,0.0
8,92,492.0,477.0,0.0
8,41,456.0,487.0,0.0
8,43,521.0,414.0,0.0
8,11,504.0,431.0,0.0
8,36,506.0,467.0,0.0
8,68,513.0,413.0,0.0
8,69,449.0,437.0,0.08
8,98,442.0,500.0,0.0
8,82,470.0,411.0,0.08
8,85,526.0,409.0,0.0
8,39,483.0,504.0,0.0
8,84,522.0,446.0,0.0
8,77,449.0,493.0,0.0
8,7,504.0,426.0,0.0
8,25,448.0,458.0,0.08
8,95,523.0,506.0,0.0
8,71,473.0,502.0,0.0
8,66,507.0,505.0,0.0
8,76,477.0,489.0,0.0
8,34,479.0,409.0,0.0
8,50,448.0,442.0,0.08
8,59,502.0,441.0,0.0
8,93,449.0,442.0,0.08
8,2,485.0,445.0,0.0
8,10,454.0,426.0,0.08
8,18,458.0,418.0,0.08
8,26,472.0,414.0,0.08
8,27,453.0,409.0,0.08
8,42,441.0,482.0,0.0
8,87,505.0,455.0,0.0
8,100,530.0,428.0,0.0
8,79,516.0,470.0,0.0
8,16,487.0,488.0,0.0
8,20,457.0,478.0,0.0
8,81,527.0,410.0,0.0
8,19,442.0,464.0,0.0
8,49,482.0,429.0,0.0
8,44,469.0,440.0,0.08
8,9,536.0,504.0,0.0
8,31,468.0,418.0,0.08
8,74,512.0,437.0,0.0
8,61,458.0,468.0,0.0
8,29,493.0,442.0,0.0
8,94,487.0,420.0,0.0
8,46,510.0,446.0,0.0
8,57,446.0,436.0,0.08
8,70,536.0,501.0,0.0
8,21,513.0,476.0,0.0
8,38,533.0,493.0,0.0
8,88,505.0,486.0,0.0
8,78,516.0,408.0,0.0
8,72,454.0,479.0,0.0
8,24,443.0,477.0,0.0
8,8,495.0,453.0,0.0
8,17,499.0,454.0,0.0
8,37,500.0,481.0,0.0
8,1,441.0,460.0,0.08
8,53,511.0,470.0,0.0
8,22,446.0,493.0,0.0
8,47,498.0,470.0,0.0
8,83,495.0,475.0,0.0
8,99,482.0,408.0,0.0
8,89,474.0,460.0,0.0
8,14,453.0,457.0,0.08
8,3,495.0,416.0,0.0
8,80,517.0,419.0,0.0
8,96,442.0,483.0,0.0
8,51,515.0,430.0,0.0
8,33,509.0,431.0,0.0
8,40,528.0,407.0,0.0
8,48,532.0,423.0,0.0
8,15,537.0,420.0,0.0
8,65,457.0,487.0,0.0
8,97,450.0,476.0,0.0
9,5,517.0,420.0,0.0
9,56,447.0,504.0,0.0
9,35,517.0,473.0,0.0
9,55,512.0,475.0,0.0
9,60,479.0,468.0,0.0
9,30,454.0,439.0,0.09
9,32,459.0,502.0,0.0
9,6,455.0,487.0,0.0
9,67,507.0,424.0,0.0
9,45,466.0,438.0,0.09
9,73,443.0,477.0,0.0
9,64,501.0,445.0,0.0
9,90,478.0,485.0,0.0
9,4,509.0,428.0,0.0
9,13,538.0,438.0,0.0
9,54,480.0,445.0,0.0
9,63,502.0,501.0,0.0
9,86,447.0,467.0,0.0
9,91,526.0,502.0,0.0
9,62,523.0,474.0,0.0
9,58,472.0,418.0,0.09
9,52,479.0,418.0,0.0
9,12,445.0,417.0,0.09
9,28,479.0,490.0,0.0
9,75,443.0,424.0,0.09
9,23,510.0,421.0,0.0
9,92,492.0,477.0,0.0
9,41,456.0,487.0,0.0
9,43,521.0,414.0,0.0
9,11,504.0,431.0,0.0
9,36,506.0,467.0,0.0
9,68,513.0,413.0,0.0
9,69,449.0,437.0,0.09
9,98,442.0,500.0,0.0
9,82,470.0,411.0,0.09
9,85,526.0,409.0,0.0
9,39,483.0,504.0,0.0
9,84,522.0,446.0,0.0
9,77,449.0,493.0,0.0
9,7,504.0,426.0,0.0
9,25,448.0,458.0,0.09
9,95,523.0,506.0,0.0
9,71,473.0,502.0,0.0
9,66,507.0,505.0,0.0
9,76,477.0,489.0,0.0
9,34,479.0,409.0,0.0
9,50,448.0,442.0,0.09
9,59,502.0,441.0,0.0
9,93,449.0,442.0,0.09
9,2,485.0,445.0,0.0
9,10,454.0,426.0,0.09
9,18,458.0,418.0,0.09
9,26,472.0,414.0,0.09
9,27,453.0,409.0,0.09
9,42,441.0,482.0,0.0
9,87,505.0,455.0,0.0
9,100,530.0,428.0,0.0
9,79,516.0,470.0,0.0
9,16,487.0,488.0,0.0
9,20,457.0,478.0,0.0
9,81,527.0,410.0,0.0
9,19,442.0,464.0,0.0
9,49,482.0,429.0,0.0
9,44,469.0,440.0,0.09
9,9,536.0,504.0,0.0
9,31,468.0,418.0,0.09
9,74,512.0,437.0,0.0
9,61,458.0,468.0,0.0
9,29,493.0,442.0,0.0
9,94,487.0,420.0,0.0
9,46,510.0,446.0,0.0
9,57,446.0,436.0,0.09
9,70,536.0,501.0,0.0
9,21,513.0,476.0,0.0
9,38,533.0,493.0,0.0
9,88,505.0,486.0,0.0
9,78,516.0,408.0,0.0
9,72,454.0,479.0,0.0
9,24,443.0,477.0,0.0
9,8,495.0,453.0,0.0
9,17,499.0,454.0,0.0
9,37,500.0,481.0,0.0
9,1,441.0,460.0,0.09
9,53,511.0,470.0,0.0
9,22,446.0,493.0,0.0
9,47,498.0,470.0,0.0
9,83,495.0,475.0,0.0
9,99,482.0,408.0,0.0
9,89,474.0,460.0,0.0
9,14,453.0,457.0,0.09
9,3,495.0,416.0,0.0
9,80,517.0,419.0,0.0
9,96,442.0,483.0,0.0
9,51,515.0,430.0,0.0
9,33,509.0,431.0,0.0
9,40,528.0,407.0,0.0
9,48,532.0,423.0,0.0
9,15,537.0,420.0,0.0
9,65,457.0,487.0,0.0
9,97,450.0,476.0,0.0
10,5,517.0,420.0,0.0
10,56,447.0,504.0,0.0
10,35,517.0,473.0,0.0
10,55,512.0,475.0,0.0
10,60,479.0,468.0,0.0
10,30,454.0,439.0,0.09999999999999999
10,32,459.0,502.0,0.0
10,6,455.0,487.0,0.0
10,67,507.0,424.0,0.0
10,45,466.0,438.0,0.09999999999999999
10,73,443.0,477.0,0.0
10,64,501.0,445.0,0.0
10,90,478.0,485.0,0.0
10,4,509.0,428.0,0.0
10,13,538.0,438.0,0.0
10,54,480.0,445.0,0.0
10,63,502.0,501.0,0.0
10,86,447.0,467.0,0.0
10,91,526.0,502.0,0.0
10,62,523.0,474.0,0.0
10,58,472.0,418.0,0.09999999999999999
10,52,479.0,418.0,0.0
10,12,445.0,417.0,0.09999999999999999
10,28,479.0,490.0,0.0
10,75,443.0,424.0,0.09999999999999999
10,23,510.0,421.0,0.0
10,92,492.0,477.0,0.0
10,41,456.0,487.0,0.0
10,43,521.0,414.0,0.0
10,11,504.0,431.0,0.0
10,36,506.0,467.0,0.0
10,68,513.0,413.0,0.0
10,69,449.0,437.0,0.09999999999999999
10,98,442.0,500.0,0.0
10,82,470.0,411.0,0.09999999999999999
10,85,526.0,409.0,0.0
10,39,483.0,504.0,0.0
10,84,522.0,446.0,0.0
10,77,449.0,493.0,0.0
10,7,504.0,426.0,0.0
10,25,448.0,458.0,0.09999999999999999
10,95,523.0,506.0,0.0
10,71,473.0,502.0,0.0
10,66,507.0,505.0,0.0
10,76,477.0,489.0,0.0
10,34,479.0,409.0,0.0
10,50,448.0,442.0,0.09999999999999999
10,59,502.0,441.0,0.0
10,93,449.0,442.0,0.09999999999999999
10,2,485.0,445.0,0.0
10,10,454.0,426.0,0.09999999999999999
10,18,458.0,418.0,0.09999999999999999
10,26,472.0,414.0,0.09999999999999999
10,27,453.0,409.0,0.09999999999999999
10,42,441.0,482.0,0.0
10,87,505.0,455.0,0.0
10,100,530.0,428.0,0.0
10,79,516.0,470.0,0.0
10,16,487.0,488.0,0.0
10,20,457.0,478.0,0.0
10,81,527.0,410.0,0.0
10,19,442.0,464.0,0.0
10,49,482.0,429.0,0.0
10,44,469.0,440.0,0.09999999999999999
10,9,536.0,504.0,0.0
10,31,468.0,418.0,0.09999999999999999
10,74,512.0,437.0,0.0
10,61,458.0,468.0,0.0
10,29,493.0,442.0,0.0
10,94,487.0,420.0,0.0
10,46,510.0,446.0,0.0
10,57,446.0,436.0,0.09999999999999999
10,70,536.0,501.0,0.0
10,21,513.0,476.0,0.0
10,38,533.0,493.0,0.0
10,88,505.0,486.0,0.0
10,78,516.0,408.0,0.0
10,72,454.0,479.0,0.0
10,24,443.0,477.0,0.0
10,8,495.0,453.0,0.0
10,17,499.0,454.0,0.0
10,37,500.0,481.0,0.0
10,1,441.0,460.0,0.09999999999999999
10,53,511.0,470.0,0.0
10,22,446.0,493.0,0.0
10,47,498.0,470.0,0.0
10,83,495.0,475.0,0.0
10,99,482.0,408.0,0.0
10,89,474.0,460.0,0.0
10,14,453.0,457.0,0.09999999999999999
10,3,495.0,416.0,0.0
10,80,517.0,419.0,0.0
10,96,442.0,483.0,0.0
10,51,515.0,430.0,0.0
10,33,509.0,431.0,0.0
10,40,528.0,407.0,0.0
10,48,532.0,423.0,0.0
10,15,537.0,420.0,0.0
10,65,457.0,487.0,0.0
10,97,450.0,476.0,0.0
11,5,517.0,420.0,0.0
11,56,447.0,504.0,0.0
11,35,517.0,473.0,0.0
11,55,512.0,475.0,0.0
11,60,479.0,468.0,0.0
11,30,454.0,439.0,0.10999999999999999
11,32,459.0,502.0,0.0
11,6,455.0,487.0,0.0
11,67,507.0,424.0,0.0
11,45,466.0,438.0,0.10999999999999999
11,73,443.0,477.0,0.0
11,64,501.0,445.0,0.0
11,90,478.0,485.0,0.0
11,4,509.0,428.0,0.0
11,13,538.0,438.0,0.0
11,54,480.0,445.0,0.0
11,63,502.0,501.0,0.0
11,86,447.0,467.0,0.0
11,91,526.0,502.0,0.0
11,62,523.0,474.0,0.0
11,58,472.0,418.0,0.10999999999999999
11,52,479.0,418.0,0.0
11,12,445.0,417.0,0.10999999999999999
11,28,479.0,490.0,0.0
11,75,443.0,424.0,0.10999999999999999
11,23,510.0,421.0,0.0
11,92,492.0,477.0,0.0
11,41,456.0,487.0,0.0
11,43,521.0,414.0,0.0
11,11,504.0,431.0,0.0
11,36,506.0,467.0,0.0
11,68,513.0,413.0,0.0
11,69,449.0,437.0,0.10999999999999999
11,98,442.0,500.0,0.0
11,82,470.0,411.0,0.10999999999999999
11,85,526.0,409.0,0.0
11,39,483.0,504.0,0.0
11,84,522.0,446.0,0.0
11,77,449.0,493.0,0.0
11,7,504.0,426.0,0.0
11,25,448.0,458.0,0.10999999999999999
11,95,523.0,506.0,0.0
11,71,473.0,502.0,0.0
11,66,507.0,505.0,0.0
11,76,477.0,489.0,0.0
11,34,479.0,409.0,0.0
11,50,448.0,442.0,0.10999999999999999
11,59,502.0,441.0,0.0
11,93,449.0,442.0,0.10999999999999999
11,2,485.0,445.0,0.0
11,10,454.0,426.0,0.10999999999999999
11,18,458.0,418.0,0.10999999999999999
11,26,472.0,414.0,0.10999999999999999
11,27,453.0,409.0,0.10999999999999999
11,42,441.0,482.0,0.0
11,87,505.0,455.0,0.0
11,100,530.0,428.0,0.0
11,79,516.0,470.0,0.0
11,16,487.0,488.0,0.0
11,20,457.0,478.0,0.0
11,81,527.0,410.0,0.0
11,19,442.0,464.0,0.0
11,49,482.0,429.0,0.0
11,44,469.0,440.0,0.10999999999999999
11,9,536.0,504.0,0.0
11,31,468.0,418.0,0.10999999999999999
11,74,512.0,437.0,0.0
11,61,458.0,468.0,0.0
11,29,493.0,442.0,0.0
11,94,487.0,420.0,0.0
11,46,510.0,446.0,0.0
11,57,446.0,436.0,0.10999999999999999
11,70,536.0,501.0,0.0
11,21,513.0,476.0,0.0
11,38,533.0,493.0,0.0
11,88,505.0,486.0,0.0
11,78,516.0,408.0,0.0
11,72,454.0,479.0,0.0
11,24,443.0,477.0,0.0
11,8,495.0,453.0,0.0
11,17,499.0,454.0,0.0
11,37,500.0,481.0,0.0
11,1,441.0,460.0,0.10999999999999999
11,53,511.0,470.0,0.0
11,22,446.0,493.0,0.0
11,47,498.0,470.0,0.0
11,83,495.0,475.0,0.0
11,99,482.0,408.0,0.0
11,89,474.0,460.0,0.0
11,14,453.0,457.0,0.10999999999999999
11,3,495.0,416.0,0.0
11,80,517.0,419.0,0.0
11,96,442.0,483.0,0.0
11,51,515.0,430.0,0.0
11,33,509.0,431.0,0.0
11,40,528.0,407.0,0.0
11,48,532.0,423.0,0.0
11,15,537.0,420.0,0.0
11,65,457.0,487.0,0.0
11,97,450.0,476.0,0.0
12,5,517.0,420.0,0.0
12,56,447.0,504.0,0.0
12,35,517.0,473.0,0.0
12,55,512.0,475.0,0.0
12,60,479.0,468.0,0.0
12,30,454.0,439.0,0.11999999999999998
12,32,459.0,502.0,0.0
12,6,455.0,487.0,0.0
12,67,507.0,424.0,0.0
12,45,466.0,438.0,0.11999999999999998
12,73,443.0,477.0,0.0
12,64,501.0,445.0,0.0
12,90,478.0,485.0,0.0
12,4,509.0,428.0,0.0
12,13,538.0,438.0,0.0
12,54,480.0,445.0,0.0
12,63,502.0,501.0,0.0
12,86,447.0,467.0,0.0
12,91,526.0,502.0,0.0
12,62,523.0,474.0,0.0
12,58,472.0,418.0,0.11999999999999998
12,52,479.0,418.0,0.0
12,12,445.0,417.0,0.11999999999999998
12,28,479.0,490.0,0.0
12,75,443.0,424.0,0.11999999999999998
12,23,510.0,421.0,0.0
12,92,492.0,477.0,0.0
12,41,456.0,487.0,0.0
12,43,521.0,414.0,0.0
12,11,504.0,431.0,0.0
12,36,506.0,467.0,0.0
12,68,513.0,413.0,0.0
12,69,449.0,437.0,0.11999999999999998
12,98,442.0,500.0,0.0
12,82,470.0,411.0,0.11999999999999998
12,85,526.0,409.0,0.0
12,39,483.0,504.0,0.0
12,84,522.0,446.0,0.0
12,77,449.0,493.0,0.0
12,7,504.0,426.0,0.0
12,25,448.0,458.0,0.11999999999999998
12,95,523.0,506.0,0.0
12,71,473.0,502.0,0.0
12,66,507.0,505.0,0.0
12,76,477.0,489.0,0.0
12,34,479.0,409.0,0.0
12,50,448.0,442.0,0.11999999999999998
12,59,502.0,441.0,0.0
12,93,449.0,442.0,0.11999999999999998
12,2,485.0,445.0,0.0
12,10,454.0,426.0,0.11999999999999998
12,18,458.0,418.0,0.11999999999999998
12,26,472.0,414.0,0.11999999999999998
12,27,453.0,409.0,0.11999999999999998
12,42,441.0,482.0,0.0
12,87,505.0,455.0,0.0
12,100,530.0,428.0,0.0
12,79,516.0,470.0,0.0
12,16,487.0,488.0,0.0
12,20,457.0,478.0,0.0
12,81,527.0,410.0,0.0
12,19,442.0,464.0,0.0
12,49,482.0,429.0,0.0
12,44,469.0,440.0,0.11999999999999998
12,9,536.0,504.0,0.0
12,31,468.0,418.0,0.11999999999999998
12,74,512.0,437.0,0.0
12,61,458.0,468.0,0.0
12,29,493.0,442.0,0.0
12,94,487.0,420.0,0.0
12,46,510.0,446.0,0.0
12,57,446.0,436.0,0.11999999999999998
12,70,536.0,501.0,0.0
12,21,513.0,476.0,0.0
12,38,533.0,493.0,0.0
12,88,505.0,486.0,0.0
12,78,516.0,408.0,0.0
12,72,454.0,479.0,0.0
12,24,443.0,477.0,0.0
12,8,495.0,453.0,0.0
12,17,499.0,454.0,0.0
12,37,500.0,481.0,0.0
12,1,441.0,460.0,0.11999999999999998
12,53,511.0,470.0,0.0
12,22,446.0,493.0,0.0
12,47,498.0,470.0,0.0
12,83,495.0,475.0,0.0
12,99,482.0,408.0,0.0
12,89,474.0,460.0,0.0
12,14,453.0,457.0,0.11999999999999998
12,3,495.0,416.0,0.0
12,80,517.0,419.0,0.0
12,96,442.0,483.0,0.0
12,51,515.0,430.0,0.0
12,33,509.0,431.0,0.0
12,40,528.0,407.0,0.0
12,48,532.0,423.0,0.0
12,15,537.0,420.0,0.0
12,65,457.0,487.0,0.0
12,97,450.0,476.0,0.0
13,5,517.0,420.0,0.0
13,56,447.0,504.0,0.0
13,35,517.0,473.0,0.0
13,55,512.0,475.0,0.0
13,60,479.0,468.0,0.0
13,30,454.0,439.0,0.12999999999999998
13,32,459.0,502.0,0.0
13,6,455.0,487.0,0.0
13,67,507.0,424.0,0.0
13,45,466.0,438.0,0.12999999999999998
13,73,443.0,477.0,0.0
13,64,501.0,445.0,0.0
13,90,478.0,485.0,0.0
13,4,509.0,428.0,0.0
13,13,538.0,438.0,0.0
13,54,480.0,445.0,0.0
13,63,502.0,501.0,0.0
13,86,447.0,467.0,0.0
13,91,526.0,502.0,0.0
13,62,523.0,474.0,0.0
13,58,472.0,418.0,0.12999999999999998
13,52,479.0,418.0,0.0
13,12,445.0,417.0,0.12999999999999998
13,28,479.0,490.0,0.0
13,75,443.0,424.0,0.12999999999999998
13,23,510.0,421.0,0.0
13,92,492.0,477.0,0.0
13,41,456.0,487.0,0.0
13,43,521.0,414.0,0.0
13,11,504.0,431.0,0.0
13,36,506.0,467.0,0.0
13,68,513.0,413.0,0.0
13,69,449.0,437.0,0.12999999999999998
13,98,442.0,500.0,0.0
13,82,470.0,411.0,0.12999999999999998
13,85,526.0,409.0,0.0
13,39,483.0,504.0,0.0
13,84,522.0,446.0,0.0
13,77,449.0,493.0,0.0
13,7,504.0,426.0,0.0
13,25,448.0,458.0,0.12999999999999998
13,95,523.0,506.0,0.0
13,71,473.0,502.0,0.0
13,66,507.0,505.0,0.0
13,76,477.0,489.0,0.0
13,34,479.0,409.0,0.0
13,50,448.0,442.0,0.12999999999999998
13,59,502.0,441.0,0.0
13,93,449.0,442.0,0.12999999999999998
13,2,485.0,445.0,0.0
13,10,454.0,426.0,0.12999999999999998
13,18,458.0,418.0,0.12999999999999998
13,26,472.0,414.0,0.12999999999999998
13,27,453.0,409.0,0.12999999999999998
13,42,441.0,482.0,0.0
13,87,505.0,455.0,0.0
13,100,530.0,428.0,0.0
13,79,516.0,470.0,0.0
13,16,487.0,488.0,0.0
13,20,457.0,478.0,0.0
13,81,527.0,410.0,0.0
13,19,442.0,464.0,0.0
13,49,482.0,429.0,0.0
13,44,469.0,440.0,0.12999999999999998
13,9,536.0,504.0,0.0
13,31,468.0,418.0,0.12999999999999998
13,74,512.0,437.0,0.0
13,61,458.0,468.0,0.0
13,29,493.0,442.0,0.0
13,94,487.0,420.0,0.0
13,46,510.0,446.0,0.0
13,57,446.0,436.0,0.12999999999999998
13,70,536.0,501.0,0.0
13,21,513.0,476.0,0.0
13,38,533.0,493.0,0.0
13,88,505.0,486.0,0.0
13,78,516.0,408.0,0.0
13,72,454.0,479.0,0.0
13,24,443.0,477.0,0.0
13,8,495.0,453.0,0.0
13,17,499.0,454.0,0.0
13,37,500.0,481.0,0.0
13,1,441.0,460.0,0.12999999999999998
13,53,511.0,470.0,0.0
13,22,446.0,493.0,0.0
13,47,498.0,470.0,0.0
13,83,495.0,475.0,0.0
13,99,482.0,408.0,0.0
13,89,474.0,460.0,0.0
13,14,453.0,457.0,0.12999999999999998
13,3,495.0,416.0,0.0
13,80,517.0,419.0,0.0
13,96,442.0,483.0,0.0
13,51,515.0,430.0,0.0
13,33,509.0,431.0,0.0
13,40,528.0,407.0,0.0
13,48,532.0,423.0,0.0
13,15,537.0,420.0,0.0
13,65,457.0,487.0,0.0
13,97,450.0,476.0,0.0
14,5,517.0,420.0,0.0
14,56,447.0,504.0,0.0
14,35,517.0,473.0,0.0
14,55,512.0,475.0,0.0
14,60,479.0,468.0,0.0
14,30,454.0,439.0,0.13999999999999999
14,32,459.0,502.0,0.0
14,6,455.0,487.0,0.0
14,67,507.0,424.0,0.0
14,45,466.0,438.0,0.13999999999999999
14,73,443.0,477.0,0.0
14,64,501.0,445.0,0.0
14,90,478.0,485.0,0.0
14,4,509.0,428.0,0.0
14,13,538.0,438.0,0.0
14,54,480.0,445.0,0.0
14,63,502.0,501.0,0.0
14,86,447.0,467.0,0.0
14,91,526.0,502.0,0.0
14,62,523.0,474.0,0.0
14,58,472.0,418.0,0.13999999999999999
14,52,479.0,418.0,0.0
14,12,445.0,417.0,0.13999999999999999
14,28,479.0,490.0,0.0
14,75,443.0,424.0,0.13999999999999999
14,23,510.0,421.0,0.0
14,92,492.0,477.0,0.0
14,41,456.0,487.0,0.0
14,43,521.0,414.0,0.0
14,11,504.0,431.0,0.0
14,36,506.0,467.0,0.0
14,68,513.0,413.0,0.0
14,69,449.0,437.0,0.13999999999999999
14,98,442.0,500.0,0.0
14,82,470.0,411.0,0.13999999999999999
14,85,526.0,409.0,0.0
14,39,483.0,504.0,0.0
14,84,522.0,446.0,0.0
14,77,449.0,493.0,0.0
14,7,504.0,426.0,0.0
14,25,448.0,458.0,0.13999999999999999
14,95,523.0,506.0,0.0
14,71,473.0,502.0,0.0
14,66,507.0,505.0,0.0
14,76,477.0,489.0,0.0
14,34,479.0,409.0,0.0
14,50,448.0,442.0,0.13999999999999999
14,59,502.0,441.0,0.0
14,93,449.0,442.0,0.13999999999999999
14,2,485.0,445.0,0.0
14,10,454.0,426.0,0.13999999999999999
14,18,458.0,418.0,0.13999999999999999
14,26,472.0,414.0,0.13999999999999999
14,27,453.0,409.0,0.13999999999999999
14,42,441.0,482.0,0.0
14,87,505.0,455.0,0.0
14,100,530.0,428.0,0.0
14,79,516.0,470.0,0.0
14,16,487.0,488.0,0.0
14,20,457.0,478.0,0.0
14,81,527.0,410.0,0.0
14,19,442.0,464.0,0.0
14,49,482.0,429.0,0.0
14,44,469.0,440.0,0.13999999999999999
14,9,536.0,504.0,0.0
14,31,468.0,418.0,0.13999999999999999
14,74,512.0,437.0,0.0
14,61,458.0,468.0,0.0
14,29,493.0,442.0,0.0
14,94,487.0,420.0,0.0
14,46,510.0,446.0,0.0
14,57,446.0,436.0,0.13999999999999999
14,70,536.0,501.0,0.0
14,21,513.0,476.0,0.0
14,38,533.0,493.0,0.0
14,88,505.0,486.0,0.0
14,78,516.0,408.0,0.0
14,72,454.0,479.0,0.0
14,24,443.0,477.0,0.0
14,8,495.0,453.0,0.0
14,17,499.0,454.0,0.0
14,37,500.0,481.0,0.0
14,1,441.0,460.0,0.13999999999999999
14,53,511.0,470.0,0.0
14,22,446.0,493.0,0.0
14,47,498.0,470.0,0.0
14,83,495.0,475.0,0.0
14,99,482.0,408.0,0.0
14,89,474.0,460.0,0.0
14,14,453.0,457.0,0.13999999999999999
14,3,495.0,416.0,0.0
14,80,517.0,419.0,0.0
14,96,442.0,483.0,0.0
14,51,515.0,430.0,0.0
14,33,509.0,431.0,0.0
14,40,528.0,407.0,0.0
14,48,532.0,423.0,0.0
14,15,537.0,420.0,0.0
14,65,457.0,487.0,0.0
14,97,450.0,476.0,0.0
15,5,517.0,420.0,0.0
15,56,447.0,504.0,0.0
15,35,517.0,473.0,0.0
15,55,512.0,475.0,0.0
15,60,479.0,468.0,0.0
15,30,454.0,439.0,0.15
15,32,459.0,502.0,0.0
15,6,455.0,487.0,0.0
15,67,507.0,424.0,0.0
15,45,466.0,438.0,0.15
15,73,443.0,477.0,0.0
15,64,501.0,445.0,0.0
15,90,478.0,485.0,0.0
15,4,509.0,428.0,0.0
15,13,538.0,438.0,0.0
15,54,480.0,445.0,0.0
15,63,502.0,501.0,0.0
15,86,447.0,467.0,0.0
15,91,526.0,502.0,0.0
15,62,523.0,474.0,0.0
15,58,472.0,418.0,0.15
15,52,479.0,418.0,0.0
15,12,445.0,417.0,0.15
15,28,479.0,490.0,0.0
15,75,443.0,424.0,0.15
15,23,510.0,421.0,0.0
15,92,492.0,477.0,0.0
15,41,456.0,487.0,0.0
15,43,521.0,414.0,0.0
15,11,504.0,431.0,0.0
15,36,506.0,467.0,0.0
15,68,513.0,413.0,0.0
15,69,449.0,437.0,0.15
15,98,442.0,500.0,0.0
15,82,470.0,411.0,0.15
15,85,526.0,409.0,0.0
15,39,483.0,504.0,0.0
15,84,522.0,446.0,0.0
15,77,449.0,493.0,0.0
15,7,504.0,426.0,0.0
15,25,448.0,458.0,0.15
15,95,523.0,506.0,0.0
15,71,473.0,502.0,0.0
15,66,507.0,505.0,0.0
15,76,477.0,489.0,0.0
15,34,479.0,409.0,0.0
15,50,448.0,442.0,0.15
15,59,502.0,441.0,0.0
15,93,449.0,442.0,0.15
15,2,485.0,445.0,0.0
15,10,454.0,426.0,0.15
15,18,458.0,418.0,0.15
15,26,472.0,414.0,0.15
15,27,453.0,409.0,0.15
15,42,441.0,482.0,0.0
15,87,505.0,455.0,0.0
15,100,530.0,428.0,0.0
15,79,516.0,470.0,0.0
15,16,487.0,488.0,0.0
15,20,457.0,478.0,0.0
15,81,527.0,410.0,0.0
15,19,442.0,464.0,0.0
15,49,482.0,429.0,0.0
15,44,469.0,440.0,0.15
15,9,536.0,504.0,0.0
15,31,468.0,418.0,0.15
15,74,512.0,437.0,0.0
15,61,458.0,468.0,0.0
15,29,493.0,442.0,0.0
15,94,487.0,420.0,0.0
15,46,510.0,446.0,0.0
15,57,446.0,436.0,0.15
15,70,536.0,501.0,0.0
15,21,513.0,476.0,0.0
15,38,533.0,493.0,0.0
15,88,505.0,486.0,0.0
15,78,516.0,408.0,0.0
15,72,454.0,479.0,0.0
15,24,443.0,477.0,0.0
15,8,495.0,453.0,0.0
15,17,499.0,454.0,0.0
15,37,500.0,481.0,0.0
15,1,441.0,460.0,0.15
15,53,511.0,470.0,0.0
15,22,446.0,493.0,0.0
15,47,498.0,470.0,0.0
15,83,495.0,475.0,0.0
15,99,482.0,408.0,0.0
15,89,474.0,460.0,0.0
15,14,453.0,457.0,0.15
15,3,495.0,416.0,0.0
15,80,517.0,419.0,0.0
15,96,442.0,483.0,0.0
15,51,515.0,430.0,0.0
15,33,509.0,431.0,0.0
15,40,528.0,407.0,0.0
15,48,532.0,423.0,0.0
15,15,537.0,420.0,0.0
15,65,457.0,487.0,0.0
15,97,450.0,476.0,0.0
16,5,517.0,420.0,0.0
16,56,447.0,504.0,0.0
16,35,517.0,473.0,0.0
16,55,512.0,475.0,0.0
16,60,479.0,468.0,0.0
16,30,454.0,439.0,0.16
16,32,459.0,502.0,0.0
16,6,455.0,487.0,0.0
16,67,507.0,424.0,0.0
16,45,466.0,438.0,0.16
16,73,443.0,477.0,0.0
16,64,501.0,445.0,0.0
16,90,478.0,485.0,0.0
16,4,509.0,428.0,0.0
16,13,538.0,438.0,0.0
16,54,480.0,445.0,0.0
16,63,502.0,501.0,0.0
16,86,447.0,467.0,0.0
16,91,526.0,502.0,0.0
16,62,523.0,474.0,0.0
16,58,472.0,418.0,0.16
16,52,479.0,418.0,0.0
16,12,445.0,417.0,0.16
16,28,479.0,490.0,0.0
16,75,443.0,424.0,0.16
16,23,510.0,421.0,0.0
16,92,492.0,477.0,0.0
16,41,456.0,487.0,0.0
16,43,521.0,414.0,0.0
16,11,504.0,431.0,0.0
16,36,506.0,467.0,0.0
16,68,513.0,413.0,0.0
16,69,449.0,437.0,0.16
16,98,442.0,500.0,0.0
16,82,470.0,411.0,0.16
16,85,526.0,409.0,0.0
16,39,483.0,504.0,0.0
16,84,522.0,446.0,0.0
16,77,449.0,493.0,0.0
16,7,504.0,426.0,0.0
16,25,448.0,458.0,0.16
16,95,523.0,506.0,0.0
16,71,473.0,502.0,0.0
16,66,507.0,505.0,0.0
16,76,477.0,489.0,0.0
16,34,479.0,409.0,0.0
16,50,448.0,442.0,0.16
16,59,502.0,441.0,0.0
16,93,449.0,442.0,0.16
16,2,485.0,445.0,0.0
16,10,454.0,426.0,0.16
16,18,458.0,418.0,0.16
16,26,472.0,414.0,0.16
16,27,453.0,409.0,0.16
16,42,441.0,482.0,0.0
16,87,505.0,455.0,0.0
16,100,530.0,428.0,0.0
16,79,516.0,470.0,0.0
16,16,487.0,488.0,0.0
16,20,457.0,478.0,0.0
16,81,527.0,410.0,0.0
16,19,442.0,464.0,0.0
16,49,482.0,429.0,0.0
16,44,469.0,440.0,0.16
16,9,536.0,504.0,0.0
16,31,468.0,418.0,0.16
16,74,512.0,437.0,0.0
16,61,458.0,468.0,0.0
16,29,493.0,442.0,0.0
16,94,487.0,420.0,0.0
16,46,510.0,446.0,0.0
16,57,446.0,436.0,0.16
16,70,536.0,501.0,0.0
16,21,513.0,476.0,0.0
16,38,533.0,493.0,0.0
16,88,505.0,486.0,0.0
16,78,516.0,408.0,0.0
16,72,454.0,479.0,0.0
16,24,443.0,477.0,0.0
16,8,495.0,453.0,0.0
16,17,499.0,454.0,0.0
16,37,500.0,481.0,0.0
16,1,441.0,460.0,0.16
16,53,511.0,470.0,0.0
16,22,446.0,493.0,0.0
16,47,498.0,470.0,0.0
16,83,495.0,475.0,0.0
16,99,482.0,408.0,0.0
16,89,474.0,460.0,0.0
16,14,453.0,457.0,0.16
16,3,495.0,416.0,0.0
16,80,517.0,419.0,0.0
16,96,442.0,483.0,0.0
16,51,515.0,430.0,0.0
16,33,509.0,431.0,0.0
16,40,528.0,407.0,0.0
16,48,532.0,423.0,0.0
16,15,537.0,420.0,0.0
16,65,457.0,487.0,0.0
16,97,450.0,476.0,0.0
17,5,517.0,420.0,0.0
17,56,447.0,504.0,0.0
17,35,517.0,473.0,0.0
17,55,512.0,475.0,0.0
17,60,479.0,468.0,0.0
17,30,454.0,439.0,0.17
17,32,459.0,502.0,0.0
17,6,455.0,487.0,0.0
17,67,507.0,424.0,0.0
17,45,466.0,438.0,0.17
17,73,443.0,477.0,0.0
17,64,501.0,445.0,0.0
17,90,478.0,485.0,0.0
17,4,509.0,428.0,0.0
17,13,538.0,438.0,0.0
17,54,480.0,445.0,0.0
17,63,502.0,501.0,0.0
17,86,447.0,467.0,0.0
17,91,526.0,502.0,0.0
17,62,523.0,474.0,0.0
17,58,472.0,418.0,0.17
17,52,479.0,418.0,0.0
17,12,445.0,417.0,0.17
17,28,479.0,490.0,0.0
17,75,443.0,424.0,0.17
17,23,510.0,421.0,0.0
17,92,492.0,477.0,0.0
17,41,456.0,487.0,0.0
17,43,521.0,414.0,0.0
17,11,504.0,431.0,0.0
17,36,506.0,467.0,0.0
17,68,513.0,413.0,0.0
17,69,449.0,437.0,0.17
17,98,442.0,500.0,0.0
17,82,470.0,411.0,0.17
17,85,526.0,409.0,0.0
17,39,483.0,504.0,0.0
17,84,522.0,446.0,0.0
17,77,449.0,493.0,0.0
17,7,504.0,426.0,0.0
17,25,448.0,458.0,0.17
17,95,523.0,506.0,0.0
17,71,473.0,502.0,0.0
17,66,507.0,505.0,0.0
17,76,477.0,489.0,0.0
17,34,479.0,409.0,0.0
17,50,448.0,442.0,0.17
17,59,502.0,441.0,0.0
17,93,449.0,442.0,0.17
17,2,485.0,445.0,0.0
17,10,454.0,426.0,0.17
17,18,458.0,418.0,0.17
17,26,472.0,414.0,0.17
17,27,453.0,409.0,0.17
17,42,441.0,482.0,0.0
17,87,505.0,455.0,0.0
17,100,530.0,428.0,0.0
17,79,516.0,470.0,0.0
17,16,487.0,488.0,0.0
17,20,457.0,478.0,0.0
17,81,527.0,410.0,0.0
17,19,442.0,464.0,0.0
17,49,482.0,429.0,0.0
17,44,469.0,440.0,0.17
17,9,536.0,504.0,0.0
17,31,468.0,418.0,0.17
17,74,512.0,437.0,0.0
17,61,458.0,468.0,0.0
17,29,493.0,442.0,0.0
17,94,487.0,420.0,0.0
17,46,510.0,446.0,0.0
17,57,446.0,436.0,0.17
17,70,536.0,501.0,0.0
17,21,513.0,476.0,0.0
17,38,533.0,493.0,0.0
17,88,505.0,486.0,0.0
17,78,516.0,408.0,0.0
17,72,454.0,479.0,0.0
17,24,443.0,477.0,0.0
17,8,495.0,453.0,0.0
17,17,499.0,454.0,0.0
17,37,500.0,481.0,0.0
17,1,441.0,460.0,0.17
17,53,511.0,470.0,0.0
17,22,446.0,493.0,0.0
17,47,498.0,470.0,0.0
17,83,495.0,475.0,0.0
17,99,482.0,408.0,0.0
17,89,474.0,460.0,0.0
17,14,453.0,457.0,0.17
17,3,495.0,416.0,0.0
17,80,517.0,419.0,0.0
17,96,442.0,483.0,0.0
17,51,515.0,430.0,0.0
17,33,509.0,431.0,0.0
17,40,528.0,407.0,0.0
17,48,532.0,423.0,0.0
17,15,537.0,420.0,0.0
17,65,457.0,487.0,0.0
17,97,450.0,476.0,0.0
18,5,517.0,420.0,0.0
18,56,447.0,504.0,0.0
18,35,517.0,473.0,0.0
18,55,512.0,475.0,0.0
18,60,479.0,468.0,0.0
18,30,454.0,439.0,0.18000000000000002
18,32,459.0,502.0,0.0
18,6,455.0,487.0,0.0
18,67,507.0,424.0,0.0
18,45,466.0,438.0,0.18000000000000002
18,73,443.0,477.0,0.0
18,64,501.0,445.0,0.0
18,90,478.0,485.0,0.0
18,4,509.0,428.0,0.0
18,13,538.0,438.0,0.0
18,54,480.0,445.0,0.0
18,63,502.0,501.0,0.0
18,86,447.0,467.0,0.0
18,91,526.0,502.0,0.0
18,62,523.0,474.0,0.0
18,58,472.0,418.0,0.18000000000000002
18,52,479.0,418.0,0.0
18,12,445.0,417.0,0.18000000000000002
18,28,479.0,490.0,0.0
18,75,443.0,424.0,0.18000000000000002
18,23,510.0,421.0,0.0
18,92,492.0,477.0,0.0
18,41,456.0,487.0,0.0
18,43,521.0,414.0,0.0
18,11,504.0,431.0,0.0
18,36,506.0,467.0,0.0
18,68,513.0,413.0,0.0
18,69,449.0,437.0,0.18000000000000002
18,98,442.0,500.0,0.0
18,82,470.0,411.0,0.18000000000000002
18,85,526.0,409.0,0.0
18,39,483.0,504.0,0.0
18,84,522.0,446.0,0.0
18,77,449.0,493.0,0.0
18,7,504.0,426.0,0.0
18,25,448.0,458.0,0.18000000000000002
18,95,523.0,506.0,0.0
18,71,473.0,502.0,0.0
18,66,507.0,505.0,0.0
18,76,477.0,489.0,0.0
18,34,479.0,409.0,0.0
18,50,448.0,442.0,0.18000000000000002
18,59,502.0,441.0,0.0
18,93,449.0,442.0,0.18000000000000002
18,2,485.0,445.0,0.0
18,10,454.0,426.0,0.18000000000000002
18,18,458.0,418.0,0.18000000000000002
18,26,472.0,414.0,0.18000000000000002
18,27,453.0,409.0,0.18000000000000002
18,42,441.0,482.0,0.0
18,87,505.0,455.0,0.0
18,100,530.0,428.0,0.0
18,79,516.0,470.0,0.0
18,16,487.0,488.0,0.0
18,20,457.0,478.0,0.0
18,81,527.0,410.0,0.0
18,19,442.0,464.0,0.0
18,49,482.0,429.0,0.0
18,44,469.0,440.0,0.18000000000000002
18,9,536.0,504.0,0.0
18,31,468.0,418.0,0.18000000000000002
18,74,512.0,437.0,0.0
18,61,458.0,468.0,0.0
18,29,493.0,442.0,0.0
18,94,487.0,420.0,0.0
18,46,510.0,446.0,0.0
18,57,446.0,436.0,0.18000000000000002
18,70,536.0,501.0,0.0
18,21,513.0,476.0,0.0
18,38,533.0,493.0,0.0
18,88,505.0,486.0,0.0
18,78,516.0,408.0,0.0
18,72,454.0,479.0,0.0
18,24,443.0,477.0,0.0
18,8,495.0,453.0,0.0
18,17,499.0,454.0,0.0
18,37,500.0,481.0,0.0
18,1,441.0,460.0,0.18000000000000002
18,53,511.0,470.0,0.0
18,22,446.0,493.0,0.0
18,47,498.0,470.0,0.0
18,83,495.0,475.0,0.0
18,99,482.0,408.0,0.0
18,89,474.0,460.0,0.0
18,14,453.0,457.0,0.18000000000000002
18,3,495.0,416.0,0.0
18,80,517.0,419.0,0.0
18,96,442.0,483.0,0.0
18,51,515.0,430.0,0.0
18,33,509.0,431.0,0.0
18,40,528.0,407.0,0.0
18,48,532.0,423.0,0.0
18,15,537.0,420.0,0.0
18,65,457.0,487.0,0.0
18,97,450.0,476.0,0.0
19,5,517.0,420.0,0.0
19,56,447.0,504.0,0.0
19,35,517.0,473.0,0.0
19,55,512.0,475.0,0.0
19,60,479.0,468.0,0.0
19,30,454.0,439.0,0.19000000000000003
19,32,459.0,502.0,0.0
19,6,455.0,487.0,0.0
19,67,507.0,424.0,0.0
19,45,466.0,438.0,0.19000000000000003
19,73,443.0,477.0,0.0
19,64,501.0,445.0,0.0
19,90,478.0,485.0,0.0
19,4,509.0,428.0,0.0
19,13,538.0,438.0,0.0
19,54,480.0,445.0,0.0
19,63,502.0,501.0,0.0
19,86,447.0,467.0,0.0
19,91,526.0,502.0,0.0
19,62,523.0,474.0,0.0
19,58,472.0,418.0,0.19000000000000003
19,52,479.0,418.0,0.0
19,12,445.0,417.0,0.19000000000000003
19,28,479.0,490.0,0.0
19,75,443.0,424.0,0.19000000000000003
19,23,510.0,421.0,0.0
19,92,492.0,477.0,0.0
19,41,456.0,487.0,0.0
19,43,521.0,414.0,0.0
19,11,504.0,431.0,0.0
19,36,506.0,467.0,0.0
19,68,513.0,413.0,0.0
19,69,449.0,437.0,0.19000000000000003
19,98,442.0,500.0,0.0
19,82,470.0,411.0,0.19000000000000003
19,85,526.0,409.0,0.0
19,39,483.0,504.0,0.0
19,84,522.0,446.0,0.0
19,77,449.0,493.0,0.0
19,7,504.0,426.0,0.0
19,25,448.0,458.0,0.19000000000000003
19,95,523.0,506.0,0.0
19,71,473.0,502.0,0.0
19,66,507.0,505.0,0.0
19,76,477.0,489.0,0.0
19,34,479.0,409.0,0.0
19,50,448.0,442.0,0.19000000000000003
19,59,502.0,441.0,0.0
19,93,449.0,442.0,0.19000000000000003
19,2,485.0,445.0,0.0
19,10,454.0,426.0,0.19000000000000003
19,18,458.0,418.0,0.19000000000000003
19,26,472.0,414.0,0.19000000000000003
19,27,453.0,409.0,0.19000000000000003
19,42,441.0,482.0,0.0
19,87,505.0,455.0,0.0
19,100,530.0,428.0,0.0
19,79,516.0,470.0,0.0
19,16,487.0,488.0,0.0
19,20,457.0,478.0,0.0
19,81,527.0,410.0,0.0
19,19,442.0,464.0,0.0
19,49,482.0,429.0,0.0
19,44,469.0,440.0,0.19000000000000003
19,9,536.0,504.0,0.0
19,31,468.0,418.0,0.19000000000000003
19,74,512.0,437.0,0.0
19,61,458.0,468.0,0.0
19,29,493.0,442.0,0.0
19,94,487.0,420.0,0.0
19,46,510.0,446.0,0.0
19,57,446.0,436.0,0.19000000000000003
19,70,536.0,501.0,0.0
19,21,513.0,476.0,0.0
19,38,533.0,493.0,0.0
19,88,505.0,486.0,0.0
19,78,516.0,408.0,0.0
19,72,454.0,479.0,0.0
19,24,443.0,477.0,0.0
19,8,495.0,453.0,0.0
19,17,499.0,454.0,0.0
19,37,500.0,481.0,0.0
19,1,441.0,460.0,0.19000000000000003
19,53,511.0,470.0,0.0
19,22,446.0,493.0,0.0
19,47,498.0,470.0,0.0
19,83,495.0,475.0,0.0
19,99,482.0,408.0,0.0
19,89,474.0,460.0,0.0
19,14,453.0,457.0,0.19000000000000003
19,3,495.0,416.0,0.0
19,80,517.0,419.0,0.0
19,96,442.0,483.0,0.0
19,51,515.0,430.0,0.0
19,33,509.0,431.0,0.0
19,40,528.0,407.0,0.0
19,48,532.0,423.0,0.0
19,15,537.0,420.0,0.0
19,65,457.0,487.0,0.0
19,97,450.0,476.0,0.0
20,5,517.0,420.0,0.0
20,56,447.0,504.0,0.0
20,35,517.0,473.0,0.0
20,55,512.0,475.0,0.0
20,60,479.0,468.0,0.0
20,30,454.0,439.0,0.20000000000000004
20,32,459.0,502.0,0.0
20,6,455.0,487.0,0.0
20,67,507.0,424.0,0.0
20,45,466.0,438.0,0.20000000000000004
20,73,443.0,477.0,0.0
20,64,501.0,445.0,0.0
20,90,478.0,485.0,0.0
20,4,509.0,428.0,0.0
20,13,538.0,438.0,0.0
20,54,480.0,445.0,0.0
20,63,502.0,501.0,0.0
20,86,447.0,467.0,0.0
20,91,526.0,502.0,0.0
20,62,523.0,474.0,0.0
20,58,472.0,418.0,0.20000000000000004
20,52,479.0,418.0,0.0
20,12,445.0,417.0,0.20000000000000004
20,28,479.0,490.0,0.0
20,75,443.0,424.0,0.20000000000000004
20,23,510.0,421.0,0.0
20,92,492.0,477.0,0.0
20,41,456.0,487.0,0.0
20,43,521.0,414.0,0.0
20,11,504.0,431.0,0.0
20,36,506.0,467.0,0.0
20,68,513.0,413.0,0.0
20,69,449.0,437.0,0.20000000000000004
20,98,442.0,500.0,0.0
20,82,470.0,411.0,0.20000000000000004
20,85,526.0,409.0,0.0
20,39,483.0,504.0,0.0
20,84,522.0,446.0,0.0
20,77,449.0,493.0,0.0
20,7,504.0,426.0,0.0
20,25,448.0,458.0,0.20000000000000004
20,95,523.0,506.0,0.0
20,71,473.0,502.0,0.0
20,66,507.0,505.0,0.0
20,76,477.0,489.0,0.0
20,34,479.0,409.0,0.0
20,50,448.0,442.0,0.20000000000000004
20,59,502.0,441.0,0.0
20,93,449.0,442.0,0.20000000000000004
20,2,485.0,445.0,0.0
20,10,454.0,426.0,0.20000000000000004
20,18,458.0,418.0,0.20000000000000004
20,26,472.0,414.0,0.20000000000000004
20,27,453.0,409.0,0.20000000000000004
20,42,441.0,482.0,0.0
20,87,505.0,455.0,0.0
20,100,530.0,428.0,0.0
20,79,516.0,470.0,0.0
20,16,487.0,488.0,0.0
20,20,457.0,478.0,0.0
20,81,527.0,410.0,0.0
20,19,442.0,464.0,0.0
20,49,482.0,429.0,0.0
20,44,469.0,440.0,0.20000000000000004
20,9,536.0,504.0,0.0
20,31,468.0,418.0,0.20000000000000004
20,74,512.0,437.0,0.0
20,61,458.0,468.0,0.0
20,29,493.0,442.0,0.0
20,94,487.0,420.0,0.0
20,46,510.0,446.0,0.0
20,57,446.0,436.0,0.20000000000000004
20,70,536.0,501.0,0.0
20,21,513.0,476.0,0.0
20,38,533.0,493.0,0.0
20,88,505.0,486.0,0.0
20,78,516.0,408.0,0.0
20,72,454.0,479.0,0.0
20,24,443.0,477.0,0.0
20,8,495.0,453.0,0.0
20,17,499.0,454.0,0.0
20,37,500.0,481.0,0.0
20,1,441.0,460.0,0.20000000000000004
20,53,511.0,470.0,0.0
20,22,446.0,493.0,0.0
20,47,498.0,470.0,0.0
20,83,495.0,475.0,0.0
20,99,482.0,408.0,0.0
20,89,474.0,460.0,0.0
20,14,453.0,457.0,0.20000000000000004
20,3,495.0,416.0,0.0
20,80,517.0,419.0,0.0
20,96,442.0,483.0,0.0
20,51,515.0,430.0,0.0
20,33,509.0,431.0,0.0
20,40,528.0,407.0,0.0
20,48,532.0,423.0,0.0
20,15,537.0,420.0,0.0
20,65,457.0,487.0,0.0
20,97,450.0,476.0,0.0
21,5,517.0,420.0,0.0
21,56,447.0,504.0,0.0
21,35,517.0,473.0,0.0
21,55,512.0,475.0,0.0
21,60,479.0,468.0,0.0
21,30,454.0,439.0,0.21000000000000005
21,32,459.0,502.0,0.0
21,6,455.0,487.0,0.0
21,67,507.0,424.0,0.0
21,45,466.0,438.0,0.21000000000000005
21,73,443.0,477.0,0.0
21,64,501.0,445.0,0.0
21,90,478.0,485.0,0.0
21,4,509.0,428.0,0.0
21,13,538.0,438.0,0.0
21,54,480.0,445.0,0.0
21,63,502.0,501.0,0.0
21,86,447.0,467.0,0.0
21,91,526.0,502.0,0.0
21,62,523.0,474.0,0.0
21,58,472.0,418.0,0.21000000000000005
21,52,479.0,418.0,0.0
21,12,445.0,417.0,0.21000000000000005
21,28,479.0,490.0,0.0
21,75,443.0,424.0,0.21000000000000005
21,23,510.0,421.0,0.0
21,92,492.0,477.0,0.0
21,41,456.0,487.0,0.0
21,43,521.0,414.0,0.0
21,11,504.0,431.0,0.0
21,36,506.0,467.0,0.0
21,68,513.0,413.0,0.0
21,69,449.0,437.0,0.21000000000000005
21,98,442.0,500.0,0.0
21,82,470.0,411.0,0.21000000000000005
21,85,526.0,409.0,0.0
21,39,483.0,504.0,0.0
21,84,522.0,446.0,0.0
21,77,449.0,493.0,0.0
21,7,504.0,426.0,0.0
21,25,448.0,458.0,0.21000000000000005
21,95,523.0,506.0,0.0
21,71,473.0,502.0,0.0
21,66,507.0,505.0,0.0
21,76,477.0,489.0,0.0
21,34,479.0,409.0,0.0
21,50,448.0,442.0,0.21000000000000005
21,59,502.0,441.0,0.0
21,93,449.0,442.0,0.21000000000000005
21,2,485.0,445.0,0.0
21,10,454.0,426.0,0.21000000000000005
21,18,458.0,418.0,0.21000000000000005
21,26,472.0,414.0,0.21000000000000005
21,27,453.0,409.0,0.21000000000000005
21,42,441.0,482.0,0.0
21,87,505.0,455.0,0.0
21,100,530.0,428.0,0.0
21,79,516.0,470.0,0.0
21,16,487.0,488.0,0.0
21,20,457.0,478.0,0.0
21,81,527.0,410.0,0.0
21,19,442.0,464.0,0.0
21,49,482.0,429.0,0.0
21,44,469.0,440.0,0.21000000000000005
21,9,536.0,504.0,0.0
21,31,468.0,418.0,0.21000000000000005
21,74,512.0,437.0,0.0
21,61,458.0,468.0,0.0
21,29,493.0,442.0,0.0
21,94,487.0,420.0,0.0
21,46,510.0,446.0,0.0
21,57,446.0,436.0,0.21000000000000005
21,70,536.0,501.0,0.0
21,21,513.0,476.0,0.0
21,38,533.0,493.0,0.0
21,88,505.0,486.0,0.0
21,78,516.0,408.0,0.0
21,72,454.0,479.0,0.0
21,24,443.0,477.0,0.0
21,8,495.0,453.0,0.0
21,17,499.0,454.0,0.0
21,37,500.0,481.0,0.0
21,1,441.0,460.0,0.21000000000000005
21,53,511.0,470.0,0.0
21,22,446.0,493.0,0.0
21,47,498.0,470.0,0.0
21,83,495.0,475.0,0.0
21,99,482.0,408.0,0.0
21,89,474.0,460.0,0.0
21,14,453.0,457.0,0.21000000000000005
21,3,495.0,416.0,0.0
21,80,517.0,419.0,0.0
21,96,442.0,483.0,0.0
21,51,515.0,430.0,0.0
21,33,509.0,431.0,0.0
21,40,528.0,407.0,0.0
21,48,532.0,423.0,0.0
21,15,537.0,420.0,0.0
21,65,457.0,487.0,0.0
21,97,450.0,476.0,0.0
22,5,517.0,420.0,0.0
22,56,447.0,504.0,0.0
22,35,517.0,473.0,0.0
22,55,512.0,475.0,0.0
22,60,479.0,468.0,0.0
22,30,454.0,439.0,0.22000000000000006
22,32,459.0,502.0,0.0
22,6,455.0,487.0,0.0
22,67,507.0,424.0,0.0
22,45,466.0,438.0,0.22000000000000006
22,73,443.0,477.0,0.0
22,64,501.0,445.0,0.0
22,90,478.0,485.0,0.0
22,4,509.0,428.0,0.0
22,13,538.0,438.0,0.0
22,54,480.0,445.0,0.0
22,63,502.0,501.0,0.0
22,86,447.0,467.0,0.0
22,91,526.0,502.0,0.0
22,62,523.0,474.0,0.0
22,58,472.0,418.0,0.22000000000000006
22,52,479.0,418.0,0.0
22,12,445.0,417.0,0.22000000000000006
22,28,479.0,490.0,0.0
22,75,443.0,424.0,0.22000000000000006
22,23,510.0,421.0,0.0
22,92,492.0,477.0,0.0
22,41,456.0,487.0,0.0
22,43,521.0,414.0,0.0
22,11,504.0,431.0,0.0
22,36,506.0,467.0,0.0
22,68,513.0,413.0,0.0
22,69,449.0,437.0,0.22000000000000006
22,98,442.0,500.0,0.0
22,82,470.0,411.0,0.22000000000000006
22,85,526.0,409.0,0.0
22,39,483.0,504.0,0.0
22,84,522.0,446.0,0.0
22,77,449.0,493.0,0.0
22,7,504.0,426.0,0.0
22,25,448.0,458.0,0.22000000000000006
22,95,523.0,506.0,0.0
22,71,473.0,502.0,0.0
22,66,507.0,505.0,0.0
22,76,477.0,489.0,0.0
22,34,479.0,409.0,0.0
22,50,448.0,442.0,0.22000000000000006
22,59,502.0,441.0,0.0
22,93,449.0,442.0,0.22000000000000006
22,2,485.0,445.0,0.0
22,10,454.0,426.0,0.22000000000000006
22,18,458.0,418.0,0.22000000000000006
22,26,472.0,414.0,0.22000000000000006
22,27,453.0,409.0,0.22000000000000006
22,42,441.0,482.0,0.0
22,87,505.0,455.0,0.0
22,100,530.0,428.0,0.0
22,79,516.0,470.0,0.0
22,16,487.0,488.0,0.0
22,20,457.0,478.0,0.0
22,81,527.0,410.0,0.0
22,19,442.0,464.0,0.0
22,49,482.0,429.0,0.0
22,44,469.0,440.0,0.22000000000000006
22,9,536.0,504.0,0.0
22,31,468.0,418.0,0.22000000000000006
22,74,512.0,437.0,0.0
22,61,458.0,468.0,0.0
22,29,493.0,442.0,0.0
22,94,487.0,420.0,0.0
22,46,510.0,446.0,0.0
22,57,446.0,436.0,0.22000000000000006
22,70,536.0,501.0,0.0
22,21,513.0,476.0,0.0
22,38,533.0,493.0,0.0
22,88,505.0,486.0,0.0
22,78,516.0,408.0,0.0
22,72,454.0,479.0,0.0
22,24,443.0,477.0,0.0
22,8,495.0,453.0,0.0
22,17,499.0,454.0,0.0
22,37,500.0,481.0,0.0
22,1,441.0,460.0,0.22000000000000006
22,53,511.0,470.0,0.0
22,22,446.0,493.0,0.0
22,47,498.0,470.0,0.0
22,83,495.0,475.0,0.0
22,99,482.0,408.0,0.0
22,89,474.0,460.0,0.0
22,14,453.0,457.0,0.22000000000000006
22,3,495.0,416.0,0.0
22,80,517.0,419.0,0.0
22,96,442.0,483.0,0.0
22,51,515.0,430.0,0.0
22,33,509.0,431.0,0.0
22,40,528.0,407.0,0.0
22,48,532.0,423.0,0.0
22,15,537.0,420.0,0.0
22,65,457.0,487.0,0.0
22,97,450.0,476.0,0.0
23,5,517.0,420.0,0.0
23,56,447.0,504.0,0.0
23,35,517.0,473.0,0.0
23,55,512.0,475.0,0.0
23,60,479.0,468.0,0.0
23,30,454.0,439.0,0.23000000000000007
23,32,459.0,502.0,0.0
23,6,455.0,487.0,0.0
23,67,507.0,424.0,0.0
23,45,466.0,438.0,0.23000000000000007
23,73,443.0,477.0,0.0
23,64,501.0,445.0,0.0
23,90,478.0,485.0,0.0
23,4,509.0,428.0,0.0
23,13,538.0,438.0,0.0
23,54,480.0,445.0,0.0
23,63,502.0,501.0,0.0
23,86,447.0,467.0,0.0
23,91,526.0,502.0,0.0
23,62,523.0,474.0,0.0
23,58,472.0,418.0,0.23000000000000007
23,52,479.0,418.0,0.0
23,12,445.0,417.0,0.23000000000000007
23,28,479.0,490.0,0.0
23,75,443.0,424.0,0.23000000000000007
23,23,510.0,421.0,0.0
23,92,492.0,477.0,0.0
23,41,456.0,487.0,0.0
23,43,521.0,414.0,0.0
23,11,504.0,431.0,0.0
23,36,506.0,467.0,0.0
23,68,513.0,413.0,0.0
23,69,449.0,437.0,0.23000000000000007
23,98,442.0,500.0,0.0
23,82,470.0,411.0,0.23000000000000007
23,85,526.0,409.0,0.0
23,39,483.0,504.0,0.0
23,84,522.0,446.0,0.0
23,77,449.0,493.0,0.0
23,7,504.0,426.0,0.0
23,25,448.0,458.0,0.23000000000000007
23,95,523.0,506.0,0.0
23,71,473.0,502.0,0.0
23,66,507.0,505.0,0.0
23,76,477.0,489.0,0.0
23,34,479.0,409.0,0.0
23,50,448.0,442.0,0.23000000000000007
23,59,502.0,441.0,0.0
23,93,449.0,442.0,0.23000000000000007
23,2,485.0,445.0,0.0
23,10,454.0,426.0,0.23000000000000007
23,18,458.0,418.0,0.23000000000000007
23,26,472.0,414.0,0.23000000000000007
23,27,453.0,409.0,0.23000000000000007
23,42,441.0,482.0,0.0
23,87,505.0,455.0,0.0
23,100,530.0,428.0,0.0
23,79,516.0,470.0,0.0
23,16,487.0,488.0,0.0
23,20,457.0,478.0,0.0
23,81,527.0,410.0,0.0
23,19,442.0,464.0,0.0
23,49,482.0,429.0,0.0
23,44,469.0,440.0,0.23000000000000007
23,9,536.0,504.0,0.0
23,31,468.0,418.0,0.23000000000000007
23,74,512.0,437.0,0.0
23,61,458.0,468.0,0.0
23,29,493.0,442.0,0.0
23,94,487.0,420.0,0.0
23,46,510.0,446.0,0.0
23,57,446.0,436.0,0.23000000000000007
23,70,536.0,501.0,0.0
23,21,513.0,476.0,0.0
23,38,533.0,493.0,0.0
23,88,505.0,486.0,0.0
23,78,516.0,408.0,0.0
23,72,454.0,479.0,0.0
23,24,443.0,477.0,0.0
23,8,495.0,453.0,0.0
23,17,499.0,454.0,0.0
23,37,500.0,481.0,0.0
23,1,441.0,460.0,0.23000000000000007
23,53,511.0,470.0,0.0
23,22,446.0,493.0,0.0
23,47,498.0,470.0,0.0
23,83,495.0,475.0,0.0
23,99,482.0,408.0,0.0
23,89,474.0,460.0,0.0
23,14,453.0,457.0,0.23000000000000007
23,3,495.0,416.0,0.0
23,80,517.0,419.0,0.0
23,96,442.0,483.0,0.0
23,51,515.0,430.0,0.0
23,33,509.0,431.0,0.0
23,40,528.0,407.0,0.0
23,48,532.0,423.0,0.0
23,15,537.0,420.0,0.0
23,65,457.0,487.0,0.0
23,97,450.0,476.0,0.0
24,5,517.0,420.0,0.0
24,56,447.0,504.0,0.0
24,35,517.0,473.0,0.0
24,55,512.0,475.0,0.0
24,60,479.0,468.0,0.0
24,30,454.0,439.0,0.24000000000000007
24,32,459.0,502.0,0.0
24,6,455.0,487.0,0.0
24,67,507.0,424.0,0.0
24,45,466.0,438.0,0.24000000000000007
24,73,443.0,477.0,0.0
24,64,501.0,445.0,0.0
24,90,478.0,485.0,0.0
24,4,509.0,428.0,0.0
24,13,538.0,438.0,0.0
24,54,480.0,445.0,0.0
24,63,502.0,501.0,0.0
24,86,447.0,467.0,0.0
24,91,526.0,502.0,0.0
24,62,523.0,474.0,0.0
24,58,472.0,418.0,0.24000000000000007
24,52,479.0,418.0,0.0
24,12,445.0,417.0,0.24000000000000007
24,28,479.0,490.0,0.0
24,75,443.0,424.0,0.24000000000000007
24,23,510.0,421.0,0.0
24,92,492.0,477.0,0.0
24,41,456.0,487.0,0.0
24,43,521.0,414.0,0.0
24,11,504.0,431.0,0.0
24,36,506.0,467.0,0.0
24,68,513.0,413.0,0.0
24,69,449.0,437.0,0.24000000000000007
24,98,442.0,500.0,0.0
24,82,470.0,411.0,0.24000000000000007
24,85,526.0,409.0,0.0
24,39,483.0,504.0,0.0
24,84,522.0,446.0,0.0
24,77,449.0,493.0,0.0
24,7,504.0,426.0,0.0
24,25,448.0,458.0,0.24000000000000007
24,95,523.0,506.0,0.0
24,71,473.0,502.0,0.0
24,66,507.0,505.0,0.0
24,76,477.0,489.0,0.0
24,34,479.0,409.0,0.0
24,50,448.0,442.0,0.24000000000000007
24,59,502.0,441.0,0.0
24,93,449.0,442.0,0.24000000000000007
24,2,485.0,445.0,0.0
24,10,454.0,426.0,0.24000000000000007
24,18,458.0,418.0,0.24000000000000007
24,26,472.0,414.0,0.24000000000000007
24,27,453.0,409.0,0.24000000000000007
24,42,441.0,482.0,0.0
24,87,505.0,455.0,0.0
24,100,530.0,428.0,0.0
24,79,516.0,470.0,0.0
24,16,487.0,488.0,0.0
24,20,457.0,478.0,0.0
24,81,527.0,410.0,0.0
24,19,442.0,464.0,0.0
24,49,482.0,429.0,0.0
24,44,469.0,440.0,0.24000000000000007
24,9,536.0,504.0,0.0
24,31,468.0,418.0,0.24000000000000007
24,74,512.0,437.0,0.0
24,61,458.0,468.0,0.0
24,29,493.0,442.0,0.0
24,94,487.0,420.0,0.0
24,46,510.0,446.0,0.0
24,57,446.0,436.0,0.24000000000000007
24,70,536.0,501.0,0.0
24,21,513.0,476.0,0.0
24,38,533.0,493.0,0.0
24,88,505.0,486.0,0.0
24,78,516.0,408.0,0.0
24,72,454.0,479.0,0.0
24,24,443.0,477.0,0.0
24,8,495.0,453.0,0.0
24,17,499.0,454.0,0.0
24,37,500.0,481.0,0.0
24,1,441.0,460.0,0.24000000000000007
24,53,511.0,470.0,0.0
24,22,446.0,493.0,0.0
24,47,498.0,470.0,0.0
24,83,495.0,475.0,0.0
24,99,482.0,408.0,0.0
24,89,474.0,460.0,0.0
24,14,453.0,457.0,0.24000000000000007
24,3,495.0,416.0,0.0
24,80,517.0,419.0,0.0
24,96,442.0,483.0,0.0
24,51,515.0,430.0,0.0
24,33,509.0,431.0,0.0
24,40,528.0,407.0,0.0
24,48,532.0,423.0,0.0
24,15,537.0,420.0,0.0
24,65,457.0,487.0,0.0
24,97,450.0,476.0,0.0
25,5,517.0,420.0,0.0
25,56,447.0,504.0,0.0
25,35,517.0,473.0,0.0
25,55,512.0,475.0,0.0
25,60,479.0,468.0,0.0
25,30,454.0,439.0,0.25000000000000006
25,32,459.0,502.0,0.0
25,6,455.0,487.0,0.0
25,67,507.0,424.0,0.0
25,45,466.0,438.0,0.25000000000000006
25,73,443.0,477.0,0.0
25,64,501.0,445.0,0.0
25,90,478.0,485.0,0.0
25,4,509.0,428.0,0.0
25,13,538.0,438.0,0.0
25,54,480.0,445.0,0.0
25,63,502.0,501.0,0.0
25,86,447.0,467.0,0.0
25,91,526.0,502.0,0.0
25,62,523.0,474.0,0.0
25,58,472.0,418.0,0.25000000000000006
25,52,479.0,418.0,0.0
25,12,445.0,417.0,0.25000000000000006
25,28,479.0,490.0,0.0
25,75,443.0,424.0,0.25000000000000006
25,23,510.0,421.0,0.0
25,92,492.0,477.0,0.0
25,41,456.0,487.0,0.0
25,43,521.0,414.0,0.0
25,11,504.0,431.0,0.0
25,36,506.0,467.0,0.0
25,68,513.0,413.0,0.0
25,69,449.0,437.0,0.25000000000000006
25,98,442.0,500.0,0.0
25,82,470.0,411.0,0.25000000000000006
25,85,526.0,409.0,0.0
25,39,483.0,504.0,0.0
25,84,522.0,446.0,0.0
25,77,449.0,493.0,0.0
25,7,504.0,426.0,0.0
25,25,448.0,458.0,0.25000000000000006
25,95,523.0,506.0,0.0
25,71,473.0,502.0,0.0
25,66,507.0,505.0,0.0
25,76,477.0,489.0,0.0
25,34,479.0,409.0,0.0
25,50,448.0,442.0,0.25000000000000006
25,59,502.0,441.0,0.0
25,93,449.0,442.0,0.25000000000000006
25,2,485.0,445.0,0.0
25,10,454.0,426.0,0.25000000000000006
25,18,458.0,418.0,0.25000000000000006
25,26,472.0,414.0,0.25000000000000006
25,27,453.0,409.0,0.25000000000000006
25,42,441.0,482.0,0.0
25,87,505.0,455.0,0.0
25,100,530.0,428.0,0.0
25,79,516.0,470.0,0.0
25,16,487.0,488.0,0.0
25,20,457.0,478.0,0.0
25,81,527.0,410.0,0.0
25,19,442.0,464.0,0.0
25,49,482.0,429.0,0.0
25,44,469.0,440.0,0.25000000000000006
25,9,536.0,504.0,0.0
25,31,468.0,418.0,0.25000000000000006
25,74,512.0,437.0,0.0
25,61,458.0,468.0,0.0
25,29,493.0,442.0,0.0
25,94,487.0,420.0,0.0
25,46,510.0,446.0,0.0
25,57,446.0,436.0,0.25000000000000006
25,70,536.0,501.0,0.0
25,21,513.0,476.0,0.0
25,38,533.0,493.0,0.0
25,88,505.0,486.0,0.0
25,78,516.0,408.0,0.0
25,72,454.0,479.0,0.0
25,24,443.0,477.0,0.0
25,8,495.0,453.0,0.0
25,17,499.0,454.0,0.0
25,37,500.0,481.0,0.0
25,1,441.0,460.0,0.25000000000000006
25,53,511.0,470.0,0.0
25,22,446.0,493.0,0.0
25,47,498.0,470.0,0.0
25,83,495.0,475.0,0.0
25,99,482.0,408.0,0.0
25,89,474.0,460.0,0.0
25,14,453.0,457.0,0.25000000000000006
25,3,495.0,416.0,0.0
25,80,517.0,419.0,0.0
25,96,442.0,483.0,0.0
25,51,515.0,430.0,0.0
25,33,509.0,431.0,0.0
25,40,528.0,407.0,0.0
25,48,532.0,423.0,0.0
25,15,537.0,420.0,0.0
25,65,457.0,487.0,0.0
25,97,450.0,476.0,0.0
26,5,517.0,420.0,0.0
26,56,447.0,504.0,0.0
26,35,517.0,473.0,0.0
26,55,512.0,475.0,0.0
26,60,479.0,468.0,0.0
26,30,454.0,439.0,0.26000000000000006
26,32,459.0,502.0,0.0
26,6,455.0,487.0,0.0
26,67,507.0,424.0,0.0
26,45,466.0,438.0,0.26000000000000006
26,73,443.0,477.0,0.0
26,64,501.0,445.0,0.0
26,90,478.0,485.0,0.0
26,4,509.0,428.0,0.0
26,13,538.0,438.0,0.0
26,54,480.0,445.0,0.0
26,63,502.0,501.0,0.0
26,86,447.0,467.0,0.0
26,91,526.0,502.0,0.0
26,62,523.0,474.0,0.0
26,58,472.0,418.0,0.26000000000000006
26,52,479.0,418.0,0.0
26,12,445.0,417.0,0.26000000000000006
26,28,479.0,490.0,0.0
26,75,443.0,424.0,0.26000000000000006
26,23,510.0,421.0,0.0
26,92,492.0,477.0,0.0
26,41,456.0,487.0,0.0
26,43,521.0,414.0,0.0
26,11,504.0,431.0,0.0
26,36,506.0,467.0,0.0
26,68,513.0,413.0,0.0
26,69,449.0,437.0,0.26000000000000006
26,98,442.0,500.0,0.0
26,82,470.0,411.0,0.26000000000000006
26,85,526.0,409.0,0.0
26,39,483.0,504.0,0.0
26,84,522.0,446.0,0.0
26,77,449.0,493.0,0.0
26,7,504.0,426.0,0.0
26,25,448.0,458.0,0.26000000000000006
26,95,523.0,506.0,0.0
26,71,473.0,502.0,0.0
26,66,507.0,505.0,0.0
26,76,477.0,489.0,0.0
26,34,479.0,409.0,0.0
26,50,448.0,442.0,0.26000000000000006
26,59,502.0,441.0,0.0
26,93,449.0,442.0,0.26000000000000006
26,2,485.0,445.0,0.0
26,10,454.0,426.0,0.26000000000000006
26,18,458.0,418.0,0.26000000000000006
26,26,472.0,414.0,0.26000000000000006
26,27,453.0,409.0,0.26000000000000006
26,42,441.0,482.0,0.0
26,87,505.0,455.0,0.0
26,100,530.0,428.0,0.0
26,79,516.0,470.0,0.0
26,16,487.0,488.0,0.0
26,20,457.0,478.0,0.0
26,81,527.0,410.0,0.0
26,19,442.0,464.0,0.0
26,49,482.0,429.0,0.0
26,44,469.0,440.0,0.26000000000000006
26,9,536.0,504.0,0.0
26,31,468.0,418.0,0.26000000000000006
26,74,512.0,437.0,0.0
26,61,458.0,468.0,0.0
26,29,493.0,442.0,0.0
26,94,487.0,420.0,0.0
26,46,510.0,446.0,0.0
26,57,446.0,436.0,0.26000000000000006
26,70,536.0,501.0,0.0
26,21,513.0,476.0,0.0
26,38,533.0,493.0,0.0
26,88,505.0,486.0,0.0
26,78,516.0,408.0,0.0
26,72,454.0,479.0,0.0
26,24,443.0,477.0,0.0
26,8,495.0,453.0,0.0
26,17,499.0,454.0,0.0
26,37,500.0,481.0,0.0
26,1,441.0,460.0,0.26000000000000006
26,53,511.0,470.0,0.0
26,22,446.0,493.0,0.0
26,47,498.0,470.0,0.0
26,83,495.0,475.0,0.0
26,99,482.0,408.0,0.0
26,89,474.0,460.0,0.0
26,14,453.0,457.0,0.26000000000000006
26,3,495.0,416.0,0.0
26,80,517.0,419.0,0.0
26,96,442.0,483.0,0.0
26,51,515.0,430.0,0.0
26,33,509.0,431.0,0.0
26,40,528.0,407.0,0.0
26,48,532.0,423.0,0.0
26,15,537.0,420.0,0.0
26,65,457.0,487.0,0.0
26,97,450.0,476.0,0.0
27,5,517.0,420.0,0.0
27,56,447.0,504.0,0.0
27,35,517.0,473.0,0.0
27,55,512.0,475.0,0.0
27,60,479.0,468.0,0.0
27,30,454.0,439.0,0.2700000000000001
27,32,459.0,502.0,0.0
27,6,455.0,487.0,0.0
27,67,507.0,424.0,0.0
27,45,466.0,438.0,0.2700000000000001
27,73,443.0,477.0,0.0
27,64,501.0,445.0,0.0
27,90,478.0,485.0,0.0
27,4,509.0,428.0,0.0
27,13,538.0,438.0,0.0
27,54,480.0,445.0,0.0
27,63,502.0,501.0,0.0
27,86,447.0,467.0,0.0
27,91,526.0,502.0,0.0
27,62,523.0,474.0,0.0
27,58,472.0,418.0,0.2700000000000001
27,52,479.0,418.0,0.0
27,12,445.0,417.0,0.2700000000000001
27,28,479.0,490.0,0.0
27,75,443.0,424.0,0.2700000000000001
27,23,510.0,421.0,0.0
27,92,492.0,477.0,0.0
27,41,456.0,487.0,0.0
27,43,521.0,414.0,0.0
27,11,504.0,431.0,0.0
27,36,506.0,467.0,0.0
27,68,513.0,413.0,0.0
27,69,449.0,437.0,0.2700000000000001
27,98,442.0,500.0,0.0
27,82,470.0,411.0,0.2700000000000001
27,85,526.0,409.0,0.0
27,39,483.0,504.0,0.0
27,84,522.0,446.0,0.0
27,77,449.0,493.0,0.0
27,7,504.0,426.0,0.0
27,25,448.0,458.0,0.2700000000000001
27,95,523.0,506.0,0.0
27,71,473.0,502.0,0.0
27,66,507.0,505.0,0.0
27,76,477.0,489.0,0.0
27,34,479.0,409.0,0.0
27,50,448.0,442.0,0.2700000000000001
27,59,502.0,441.0,0.0
27,93,449.0,442.0,0.2700000000000001
27,2,485.0,445.0,0.0
27,10,454.0,426.0,0.2700000000000001
27,18,458.0,418.0,0.2700000000000001
27,26,472.0,414.0,0.2700000000000001
27,27,453.0,409.0,0.2700000000000001
27,42,441.0,482.0,0.0
27,87,505.0,455.0,0.0
27,100,530.0,428.0,0.0
27,79,516.0,470.0,0.0
27,16,487.0,488.0,0.0
27,20,457.0,478.0,0.0
27,81,527.0,410.0,0.0
27,19,442.0,464.0,0.0
27,49,482.0,429.0,0.0
27,44,469.0,440.0,0.2700000000000001
27,9,536.0,504.0,0.0
27,31,468.0,418.0,0.2700000000000001
27,74,512.0,437.0,0.0
27,61,458.0,468.0,0.0
27,29,493.0,442.0,0.0
27,94,487.0,420.0,0.0
27,46,510.0,446.0,0.0
27,57,446.0,436.0,0.2700000000000001
27,70,536.0,501.0,0.0
27,21,513.0,476.0,0.0
27,38,533.0,493.0,0.0
27,88,505.0,486.0,0.0
27,78,516.0,408.0,0.0
27,72,454.0,479.0,0.0
27,24,443.0,477.0,0.0
27,8,495.0,453.0,0.0
27,17,499.0,454.0,0.0
27,37,500.0,481.0,0.0
27,1,441.0,460.0,0.2700000000000001
27,53,511.0,470.0,0.0
27,22,446.0,493.0,0.0
27,47,498.0,470.0,0.0
27,83,495.0,475.0,0.0
27,99,482.0,408.0,0.0
27,89,474.0,460.0,0.0
27,14,453.0,457.0,0.2700000000000001
27,3,495.0,416.0,0.0
27,80,517.0,419.0,0.0
27,96,442.0,483.0,0.0
27,51,515.0,430.0,0.0
27,33,509.0,431.0,0.0
27,40,528.0,407.0,0.0
27,48,532.0,423.0,0.0
27,15,537.0,420.0,0.0
27,65,457.0,487.0,0.0
27,97,450.0,476.0,0.0
28,5,517.0,420.0,0.0
28,56,447.0,504.0,0.0
28,35,517.0,473.0,0.0
28,55,512.0,475.0,0.0
28,60,479.0,468.0,0.0
28,30,454.0,439.0,0.2800000000000001
28,32,459.0,502.0,0.0
28,6,455.0,487.0,0.0
28,67,507.0,424.0,0.0
28,45,466.0,438.0,0.2800000000000001
28,73,443.0,477.0,0.0
28,64,501.0,445.0,0.0
28,90,478.0,485.0,0.0
28,4,509.0,428.0,0.0
28,13,538.0,438.0,0.0
28,54,480.0,445.0,0.0
28,63,502.0,501.0,0.0
28,86,447.0,467.0,0.0
28,91,526.0,502.0,0.0
28,62,523.0,474.0,0.0
28,58,472.0,418.0,0.2800000000000001
28,52,479.0,418.0,0.0
28,12,445.0,417.0,0.2800000000000001
28,28,479.0,490.0,0.0
28,75,443.0,424.0,0.2800000000000001
28,23,510.0,421.0,0.0
28,92,492.0,477.0,0.0
28,41,456.0,487.0,0.0
28,43,521.0,414.0,0.0
28,11,504.0,431.0,0.0
28,36,506.0,467.0,0.0
28,68,513.0,413.0,0.0
28,69,449.0,437.0,0.2800000000000001
28,98,442.0,500.0,0.0
28,82,470.0,411.0,0.2800000000000001
28,85,526.0,409.0,0.0
28,39,483.0,504.0,0.0
28,84,522.0,446.0,0.0
28,77,449.0,493.0,0.0
28,7,504.0,426.0,0.0
28,25,448.0,458.0,0.2800000000000001
28,95,523.0,506.0,0.0
28,71,473.0,502.0,0.0
28,66,507.0,505.0,0.0
28,76,477.0,489.0,0.0
28,34,479.0,409.0,0.0
28,50,448.0,442.0,0.2800000000000001
28,59,502.0,441.0,0.0
28,93,449.0,442.0,0.2800000000000001
28,2,485.0,445.0,0.0
28,10,454.0,426.0,0.2800000000000001
28,18,458.0,418.0,0.2800000000000001
28,26,472.0,414.0,0.2800000000000001
28,27,453.0,409.0,0.2800000000000001
28,42,441.0,482.0,0.0
28,87,505.0,455.0,0.0
28,100,530.0,428.0,0.0
28,79,516.0,470.0,0.0
28,16,487.0,488.0,0.0
28,20,457.0,478.0,0.0
28,81,527.0,410.0,0.0
28,19,442.0,464.0,0.0
28,49,482.0,429.0,0.0
28,44,469.0,440.0,0.2800000000000001
28,9,536.0,504.0,0.0
28,31,468.0,418.0,0.2800000000000001
28,74,512.0,437.0,0.0
28,61,458.0,468.0,0.0
28,29,493.0,442.0,0.0
28,94,487.0,420.0,0.0
28,46,510.0,446.0,0.0
28,57,446.0,436.0,0.2800000000000001
28,70,536.0,501.0,0.0
28,21,513.0,476.0,0.0
28,38,533.0,493.0,0.0
28,88,505.0,486.0,0.0
28,78,516.0,408.0,0.0
28,72,454.0,479.0,0.0
28,24,443.0,477.0,0.0
28,8,495.0,453.0,0.0
28,17,499.0,454.0,0.0
28,37,500.0,481.0,0.0
28,1,441.0,460.0,0.2800000000000001
28,53,511.0,470.0,0.0
28,22,446.0,493.0,0.0
28,47,498.0,470.0,0.0
28,83,495.0,475.0,0.0
28,99,482.0,408.0,0.0
28,89,474.0,460.0,0.0
28,14,453.0,457.0,0.2800000000000001
28,3,495.0,416.0,0.0
28,80,517.0,419.0,0.0
28,96,442.0,483.0,0.0
28,51,515.0,430.0,0.0
28,33,509.0,431.0,0.0
28,40,528.0,407.0,0.0
28,48,532.0,423.0,0.0
28,15,537.0,420.0,0.0
28,65,457.0,487.0,0.0
28,97,450.0,476.0,0.0
29,5,517.0,420.0,0.0
29,56,447.0,504.0,0.0
29,35,517.0,473.0,0.0
29,55,512.0,475.0,0.0
29,60,479.0,468.0,0.0
29,30,454.0,439.0,0.2900000000000001
29,32,459.0,502.0,0.0
29,6,455.0,487.0,0.0
29,67,507.0,424.0,0.0
29,45,466.0,438.0,0.2900000000000001
29,73,443.0,477.0,0.0
29,64,501.0,445.0,0.0
29,90,478.0,485.0,0.0
29,4,509.0,428.0,0.0
29,13,538.0,438.0,0.0
29,54,480.0,445.0,0.0
29,63,502.0,501.0,0.0
29,86,447.0,467.0,0.0
29,91,526.0,502.0,0.0
29,62,523.0,474.0,0.0
29,58,472.0,418.0,0.2900000000000001
29,52,479.0,418.0,0.0
29,12,445.0,417.0,0.2900000000000001
29,28,479.0,490.0,0.0
29,75,443.0,424.0,0.2900000000000001
29,23,510.0,421.0,0.0
29,92,492.0,477.0,0.0
29,41,456.0,487.0,0.0
29,43,521.0,414.0,0.0
29,11,504.0,431.0,0.0
29,36,506.0,467.0,0.0
29,68,513.0,413.0,0.0
29,69,449.0,437.0,0.2900000000000001
29,98,442.0,500.0,0.0
29,82,470.0,411.0,0.2900000000000001
29,85,526.0,409.0,0.0
29,39,483.0,504.0,0.0
29,84,522.0,446.0,0.0
29,77,449.0,493.0,0.0
29,7,504.0,426.0,0.0
29,25,448.0,458.0,0.2900000000000001
29,95,523.0,506.0,0.0
29,71,473.0,502.0,0.0
29,66,507.0,505.0,0.0
29,76,477.0,489.0,0.0
29,34,479.0,409.0,0.0
29,50,448.0,442.0,0.2900000000000001
29,59,502.0,441.0,0.0
29,93,449.0,442.0,0.2900000000000001
29,2,485.0,445.0,0.0
29,10,454.0,426.0,0.2900000000000001
29,18,458.0,418.0,0.2900000000000001
29,26,472.0,414.0,0.2900000000000001
29,27,453.0,409.0,0.2900000000000001
29,42,441.0,482.0,0.0
29,87,505.0,455.0,0.0
29,100,530.0,428.0,0.0
29,79,516.0,470.0,0.0
29,16,487.0,488.0,0.0
29,20,457.0,478.0,0.0
29,81,527.0,410.0,0.0
29,19,442.0,464.0,0.0
29,49,482.0,429.0,0.0
29,44,469.0,440.0,0.2900000000000001
29,9,536.0,504.0,0.0
29,31,468.0,418.0,0.2900000000000001
29,74,512.0,437.0,0.0
29,61,458.0,468.0,0.0
29,29,493.0,442.0,0.0
29,94,487.0,420.0,0.0
29,46,510.0,446.0,0.0
29,57,446.0,436.0,0.2900000000000001
29,70,536.0,501.0,0.0
29,21,513.0,476.0,0.0
29,38,533.0,493.0,0.0
29,88,505.0,486.0,0.0
29,78,516.0,408.0,0.0
29,72,454.0,479.0,0.0
29,24,443.0,477.0,0.0
29,8,495.0,453.0,0.0
29,17,499.0,454.0,0.0
29,37,500.0,481.0,0.0
29,1,441.0,460.0,0.2900000000000001
29,53,511.0,470.0,0.0
29,22,446.0,493.0,0.0
29,47,498.0,470.0,0.0
29,83,495.0,475.0,0.0
29,99,482.0,408.0,0.0
29,89,474.0,460.0,0.0
29,14,453.0,457.0,0.2900000000000001
29,3,495.0,416.0,0.0
29,80,517.0,419.0,0.0
29,96,442.0,483.0,0.0
29,51,515.0,430.0,0.0
29,33,509.0,431.0,0.0
29,40,528.0,407.0,0.0
29,48,532.0,423.0,0.0
29,15,537.0,420.0,0.0
29,65,457.0,487.0,0.0
29,97,450.0,476.0,0.0
30,5,517.0,420.0,0.0
30,56,447.0,504.0,0.0
30,35,517.0,473.0,0.0
30,55,512.0,475.0,0.0
30,60,479.0,468.0,0.0
30,30,454.0,439.0,0.3000000000000001
30,32,459.0,502.0,0.0
30,6,455.0,487.0,0.0
30,67,507.0,424.0,0.0
30,45,466.0,438.0,0.3000000000000001
30,73,443.0,477.0,0.0
30,64,501.0,445.0,0.0
30,90,478.0,485.0,0.0
30,4,509.0,428.0,0.0
30,13,538.0,438.0,0.0
30,54,480.0,445.0,0.0
30,63,502.0,501.0,0.0
30,86,447.0,467.0,0.0
30,91,526.0,502.0,0.0
30,62,523.0,474.0,0.0
30,58,472.0,418.0,0.3000000000000001
30,52,479.0,418.0,0.0
30,12,445.0,417.0,0.3000000000000001
30,28,479.0,490.0,0.0
30,75,443.0,424.0,0.3000000000000001
30,23,510.0,421.0,0.0
30,92,492.0,477.0,0.0
30,41,456.0,487.0,0.0
30,43,521.0,414.0,0.0
30,11,504.0,431.0,0.0
30,36,506.0,467.0,0.0
30,68,513.0,413.0,0.0
30,69,449.0,437.0,0.3000000000000001
30,98,442.0,500.0,0.0
30,82,470.0,411.0,0.3000000000000001
30,85,526.0,409.0,0.0
30,39,483.0,504.0,0.0
30,84,522.0,446.0,0.0
30,77,449.0,493.0,0.0
30,7,504.0,426.0,0.0
30,25,448.0,458.0,0.3000000000000001
30,95,523.0,506.0,0.0
30,71,473.0,502.0,0.0
30,66,507.0,505.0,0.0
30,76,477.0,489.0,0.0
30,34,479.0,409.0,0.0
30,50,448.0,442.0,0.3000000000000001
30,59,502.0,441.0,0.0
30,93,449.0,442.0,0.3000000000000001
30,2,485.0,445.0,0.0
30,10,454.0,426.0,0.3000000000000001
30,18,458.0,418.0,0.3000000000000001
30,26,472.0,414.0,0.3000000000000001
30,27,453.0,409.0,0.3000000000000001
30,42,441.0,482.0,0.0
30,87,505.0,455.0,0.0
30,100,530.0,428.0,0.0
30,79,516.0,470.0,0.0
30,16,487.0,488.0,0.0
30,20,457.0,478.0,0.0
30,81,527.0,410.0,0.0
30,19,442.0,464.0,0.0
30,49,482.0,429.0,0.0
30,44,469.0,440.0,0.3000000000000001
30,9,536.0,504.0,0.0
30,31,468.0,418.0,0.3000000000000001
30,74,512.0,437.0,0.0
30,61,458.0,468.0,0.0
30,29,493.0,442.0,0.0
30,94,487.0,420.0,0.0
30,46,510.0,446.0,0.0
30,57,446.0,436.0,0.3000000000000001
30,70,536.0,501.0,0.0
30,21,513.0,476.0,0.0
30,38,533.0,493.0,0.0
30,88,505.0,486.0,0.0
30,78,516.0,408.0,0.0
30,72,454.0,479.0,0.0
30,24,443.0,477.0,0.0
30,8,495.0,453.0,0.0
30,17,499.0,454.0,0.0
30,37,500.0,481.0,0.0
30,1,441.0,460.0,0.3000000000000001
30,53,511.0,470.0,0.0
30,22,446.0,493.0,0.0
30,47,498.0,470.0,0.0
30,83,495.0,475.0,0.0
30,99,482.0,408.0,0.0
30,89,474.0,460.0,0.0
30,14,453.0,457.0,0.3000000000000001
30,3,495.0,416.0,0.0
30,80,517.0,419.0,0.0
30,96,442.0,483.0,0.0
30,51,515.0,430.0,0.0
30,33,509.0,431.0,0.0
30,40,528.0,407.0,0.0
30,48,532.0,423.0,0.0
30,15,537.0,420.0,0.0
30,65,457.0,487.0,0.0
30,97,450.0,476.0,0.0
31,5,517.0,420.0,0.0
31,56,447.0,504.0,0.0
31,35,517.0,473.0,0.0
31,55,512.0,475.0,0.0
31,60,479.0,468.0,0.0
31,30,454.0,439.0,0.3100000000000001
31,32,459.0,502.0,0.0
31,6,455.0,487.0,0.0
31,67,507.0,424.0,0.0
31,45,466.0,438.0,0.3100000000000001
31,73,443.0,477.0,0.0
31,64,501.0,445.0,0.0
31,90,478.0,485.0,0.0
31,4,509.0,428.0,0.0
31,13,538.0,438.0,0.0
31,54,480.0,445.0,0.0
31,63,502.0,501.0,0.0
31,86,447.0,467.0,0.0
31,91,526.0,502.0,0.0
31,62,523.0,474.0,0.0
31,58,472.0,418.0,0.3100000000000001
31,52,479.0,418.0,0.0
31,12,445.0,417.0,0.3100000000000001
31,28,479.0,490.0,0.0
31,75,443.0,424.0,0.3100000000000001
31,23,510.0,421.0,0.0
31,92,492.0,477.0,0.0
31,41,456.0,487.0,0.0
31,43,521.0,414.0,0.0
31,11,504.0,431.0,0.0
31,36,506.0,467.0,0.0
31,68,513.0,413.0,0.0
31,69,449.0,437.0,0.3100000000000001
31,98,442.0,500.0,0.0
31,82,470.0,411.0,0.3100000000000001
31,85,526.0,409.0,0.0
31,39,483.0,504.0,0.0
31,84,522.0,446.0,0.0
31,77,449.0,493.0,0.0
31,7,504.0,426.0,0.0
31,25,448.0,458.0,0.3100000000000001
31,95,523.0,506.0,0.0
31,71,473.0,502.0,0.0
31,66,507.0,505.0,0.0
31,76,477.0,489.0,0.0
31,34,479.0,409.0,0.0
31,50,448.0,442.0,0.3100000000000001
31,59,502.0,441.0,0.0
31,93,449.0,442.0,0.3100000000000001
31,2,485.0,445.0,0.0
31,10,454.0,426.0,0.3100000000000001
31,18,458.0,418.0,0.3100000000000001
31,26,472.0,414.0,0.3100000000000001
31,27,453.0,409.0,0.3100000000000001
31,42,441.0,482.0,0.0
31,87,505.0,455.0,0.0
31,100,530.0,428.0,0.0
31,79,516.0,470.0,0.0
31,16,487.0,488.0,0.0
31,20,457.0,478.0,0.0
31,81,527.0,410.0,0.0
31,19,442.0,464.0,0.0
31,49,482.0,429.0,0.0
31,44,469.0,440.0,0.3100000000000001
31,9,536.0,504.0,0.0
31,31,468.0,418.0,0.3100000000000001
31,74,512.0,437.0,0.0
31,61,458.0,468.0,0.0
31,29,493.0,442.0,0.0
31,94,487.0,420.0,0.0
31,46,510.0,446.0,0.0
31,57,446.0,436.0,0.3100000000000001
31,70,536.0,501.0,0.0
31,21,513.0,476.0,0.0
31,38,533.0,493.0,0.0
31,88,505.0,486.0,0.0
31,78,516.0,408.0,0.0
31,72,454.0,479.0,0.0
31,24,443.0,477.0,0.0
31,8,495.0,453.0,0.0
31,17,499.0,454.0,0.0
31,37,500.0,481.0,0.0
31,1,441.0,460.0,0.3100000000000001
31,53,511.0,470.0,0.0
31,22,446.0,493.0,0.0
31,47,498.0,470.0,0.0
31,83,495.0,475.0,0.0
31,99,482.0,408.0,0.0
31,89,474.0,460.0,0.0
31,14,453.0,457.0,0.3100000000000001
31,3,495.0,416.0,0.0
31,80,517.0,419.0,0.0
31,96,442.0,483.0,0.0
31,51,515.0,430.0,0.0
31,33,509.0,431.0,0.0
31,40,528.0,407.0,0.0
31,48,532.0,423.0,0.0
31,15,537.0,420.0,0.0
31,65,457.0,487.0,0.0
31,97,450.0,476.0,0.0
32,5,517.0,420.0,0.0
32,56,447.0,504.0,0.0
32,35,517.0,473.0,0.0
32,55,512.0,475.0,0.0
32,60,479.0,468.0,0.0
32,30,454.0,439.0,0.3200000000000001
32,32,459.0,502.0,0.0
32,6,455.0,487.0,0.0
32,67,507.0,424.0,0.0
32,45,466.0,438.0,0.3200000000000001
32,73,443.0,477.0,0.0
32,64,501.0,445.0,0.0
32,90,478.0,485.0,0.0
32,4,509.0,428.0,0.0
32,13,538.0,438.0,0.0
32,54,480.0,445.0,0.0
32,63,502.0,501.0,0.0
32,86,447.0,467.0,0.0
32,91,526.0,502.0,0.0
32,62,523.0,474.0,0.0
32,58,472.0,418.0,0.3200000000000001
32,52,479.0,418.0,0.0
32,12,445.0,417.0,0.3200000000000001
32,28,479.0,490.0,0.0
32,75,443.0,424.0,0.3200000000000001
32,23,510.0,421.0,0.0
32,92,492.0,477.0,0.0
32,41,456.0,487.0,0.0
32,43,521.0,414.0,0.0
32,11,504.0,431.0,0.0
32,36,506.0,467.0,0.0
32,68,513.0,413.0,0.0
32,69,449.0,437.0,0.3200000000000001
32,98,442.0,500.0,0.0
32,82,470.0,411.0,0.3200000000000001
32,85,526.0,409.0,0.0
32,39,483.0,504.0,0.0
32,84,522.0,446.0,0.0
32,77,449.0,493.0,0.0
32,7,504.0,426.0,0.0
32,25,448.0,458.0,0.3200000000000001
32,95,523.0,506.0,0.0
32,71,473.0,502.0,0.0
32,66,507.0,505.0,0.0
32,76,477.0,489.0,0.0
32,34,479.0,409.0,0.0
32,50,448.0,442.0,0.3200000000000001
32,59,502.0,441.0,0.0
32,93,449.0,442.0,0.3200000000000001
32,2,485.0,445.0,0.0
32,10,454.0,426.0,0.3200000000000001
32,18,458.0,418.0,0.3200000000000001
32,26,472.0,414.0,0.3200000000000001
32,27,453.0,409.0,0.3200000000000001
32,42,441.0,482.0,0.0
32,87,505.0,455.0,0.0
32,100,530.0,428.0,0.0
32,79,516.0,470.0,0.0
32,16,487.0,488.0,0.0
32,20,457.0,478.0,0.0
32,81,527.0,410.0,0.0
32,19,442.0,464.0,0.0
32,49,482.0,429.0,0.0
32,44,469.0,440.0,0.3200000000000001
32,9,536.0,504.0,0.0
32,31,468.0,418.0,0.3200000000000001
32,74,512.0,437.0,0.0
32,61,458.0,468.0,0.0
32,29,493.0,442.0,0.0
32,94,487.0,420.0,0.0
32,46,510.0,446.0,0.0
32,57,446.0,436.0,0.3200000000000001
32,70,536.0,501.0,0.0
32,21,513.0,476.0,0.0
32,38,533.0,493.0,0.0
32,88,505.0,486.0,0.0
32,78,516.0,408.0,0.0
32,72,454.0,479.0,0.0
32,24,443.0,477.0,0.0
32,8,495.0,453.0,0.0
32,17,499.0,454.0,0.0
32,37,500.0,481.0,0.0
32,1,441.0,460.0,0.3200000000000001
32,53,511.0,470.0,0.0
32,22,446.0,493.0,0.0
32,47,498.0,470.0,0.0
32,83,495.0,475.0,0.0
32,99,482.0,408.0,0.0
32,89,474.0,460.0,0.0
32,14,453.0,457.0,0.3200000000000001
32,3,495.0,416.0,0.0
32,80,517.0,419.0,0.0
32,96,442.0,483.0,0.0
32,51,515.0,430.0,0.0
32,33,509.0,431.0,0.0
32,40,528.0,407.0,0.0
32,48,532.0,423.0,0.0
32,15,537.0,420.0,0.0
32,65,457.0,487.0,0.0
32,97,450.0,476.0,0.0
33,5,517.0,420.0,0.0
33,56,447.0,504.0,0.0
33,35,517.0,473.0,0.0
33,55,512.0,475.0,0.0
33,60,479.0,468.0,0.0
33,30,454.0,439.0,0.3300000000000001
33,32,459.0,502.0,0.0
33,6,455.0,487.0,0.0
33,67,507.0,424.0,0.0
33,45,466.0,438.0,0.3300000000000001
33,73,443.0,477.0,0.0
33,64,501.0,445.0,0.0
33,90,478.0,485.0,0.0
33,4,509.0,428.0,0.0
33,13,538.0,438.0,0.0
33,54,480.0,445.0,0.0
33,63,502.0,501.0,0.0
33,86,447.0,467.0,0.0
33,91,526.0,502.0,0.0
33,62,523.0,474.0,0.0
33,58,472.0,418.0,0.3300000000000001
33,52,479.0,418.0,0.0
33,12,445.0,417.0,0.3300000000000001
33,28,479.0,490.0,0.0
33,75,443.0,424.0,0.3300000000000001
33,23,510.0,421.0,0.0
33,92,492.0,477.0,0.0
33,41,456.0,487.0,0.0
33,43,521.0,414.0,0.0
33,11,504.0,431.0,0.0
33,36,506.0,467.0,0.0
33,68,513.0,413.0,0.0
33,69,449.0,437.0,0.3300000000000001
33,98,442.0,500.0,0.0
33,82,470.0,411.0,0.3300000000000001
33,85,526.0,409.0,0.0
33,39,483.0,504.0,0.0
33,84,522.0,446.0,0.0
33,77,449.0,493.0,0.0
33,7,504.0,426.0,0.0
33,25,448.0,458.0,0.3300000000000001
33,95,523.0,506.0,0.0
33,71,473.0,502.0,0.0
33,66,507.0,505.0,0.0
33,76,477.0,489.0,0.0
33,34,479.0,409.0,0.0
33,50,448.0,442.0,0.3300000000000001
33,59,502.0,441.0,0.0
33,93,449.0,442.0,0.3300000000000001
33,2,485.0,445.0,0.0
33,10,454.0,426.0,0.3300000000000001
33,18,458.0,418.0,0.3300000000000001
33,26,472.0,414.0,0.3300000000000001
33,27,453.0,409.0,0.3300000000000001
33,42,441.0,482.0,0.0
33,87,505.0,455.0,0.0
33,100,530.0,428.0,0.0
33,79,516.0,470.0,0.0
33,16,487.0,488.0,0.0
33,20,457.0,478.0,0.0
33,81,527.0,410.0,0.0
33,19,442.0,464.0,0.0
33,49,482.0,429.0,0.0
33,44,469.0,440.0,0.3300000000000001
33,9,536.0,504.0,0.0
33,31,468.0,418.0,0.3300000000000001
33,74,512.0,437.0,0.0
33,61,458.0,468.0,0.0
33,29,493.0,442.0,0.0
33,94,487.0,420.0,0.0
33,46,510.0,446.0,0.0
33,57,446.0,436.0,0.3300000000000001
33,70,536.0,501.0,0.0
33,21,513.0,476.0,0.0
33,38,533.0,493.0,0.0
33,88,505.0,486.0,0.0
33,78,516.0,408.0,0.0
33,72,454.0,479.0,0.0
33,24,443.0,477.0,0.0
33,8,495.0,453.0,0.0
33,17,499.0,454.0,0.0
33,37,500.0,481.0,0.0
33,1,441.0,460.0,0.3300000000000001
33,53,511.0,470.0,0.0
33,22,446.0,493.0,0.0
33,47,498.0,470.0,0.0
33,83,495.0,475.0,0.0
33,99,482.0,408.0,0.0
33,89,474.0,460.0,0.0
33,14,453.0,457.0,0.3300000000000001
33,3,495.0,416.0,0.0
33,80,517.0,419.0,0.0
33,96,442.0,483.0,0.0
33,51,515.0,430.0,0.0
33,33,509.0,431.0,0.0
33,40,528.0,407.0,0.0
33,48,532.0,423.0,0.0
33,15,537.0,420.0,0.0
33,65,457.0,487.0,0.0
33,97,450.0,476.0,0.0
34,5,517.0,420.0,0.0
34,56,447.0,504.0,0.0
34,35,517.0,473.0,0.0
34,55,512.0,475.0,0.0
34,60,479.0,468.0,0.0
34,30,454.0,439.0,0.34000000000000014
34,32,459.0,502.0,0.0
34,6,455.0,487.0,0.0
34,67,507.0,424.0,0.0
34,45,466.0,438.0,0.34000000000000014
34,73,443.0,477.0,0.0
34,64,501.0,445.0,0.0
34,90,478.0,485.0,0.0
34,4,509.0,428.0,0.0
34,13,538.0,438.0,0.0
34,54,480.0,445.0,0.0
34,63,502.0,501.0,0.0
34,86,447.0,467.0,0.0
34,91,526.0,502.0,0.0
34,62,523.0,474.0,0.0
34,58,472.0,418.0,0.34000000000000014
34,52,479.0,418.0,0.0
34,12,445.0,417.0,0.34000000000000014
34,28,479.0,490.0,0.0
34,75,443.0,424.0,0.34000000000000014
34,23,510.0,421.0,0.0
34,92,492.0,477.0,0.0
34,41,456.0,487.0,0.0
34,43,521.0,414.0,0.0
34,11,504.0,431.0,0.0
34,36,506.0,467.0,0.0
34,68,513.0,413.0,0.0
34,69,449.0,437.0,0.34000000000000014
34,98,442.0,500.0,0.0
34,82,470.0,411.0,0.34000000000000014
34,85,526.0,409.0,0.0
34,39,483.0,504.0,0.0
34,84,522.0,446.0,0.0
34,77,449.0,493.0,0.0
34,7,504.0,426.0,0.0
34,25,448.0,458.0,0.34000000000000014
34,95,523.0,506.0,0.0
34,71,473.0,502.0,0.0
34,66,507.0,505.0,0.0
34,76,477.0,489.0,0.0
34,34,479.0,409.0,0.0
34,50,448.0,442.0,0.34000000000000014
34,59,502.0,441.0,0.0
34,93,449.0,442.0,0.34000000000000014
34,2,485.0,445.0,0.0
34,10,454.0,426.0,0.34000000000000014
34,18,458.0,418.0,0.34000000000000014
34,26,472.0,414.0,0.34000000000000014
34,27,453.0,409.0,0.34000000000000014
34,42,441.0,482.0,0.0
34,87,505.0,455.0,0.0
34,100,530.0,428.0,0.0
34,79,516.0,470.0,0.0
34,16,487.0,488.0,0.0
34,20,457.0,478.0,0.0
34,81,527.0,410.0,0.0
34,19,442.0,464.0,0.0
34,49,482.0,429.0,0.0
34,44,469.0,440.0,0.34000000000000014
34,9,536.0,504.0,0.0
34,31,468.0,418.0,0.34000000000000014
34,74,512.0,437.0,0.0
34,61,458.0,468.0,0.0
34,29,493.0,442.0,0.0
34,94,487.0,420.0,0.0
34,46,510.0,446.0,0.0
34,57,446.0,436.0,0.34000000000000014
34,70,536.0,501.0,0.0
34,21,513.0,476.0,0.0
34,38,533.0,493.0,0.0
34,88,505.0,486.0,0.0
34,78,516.0,408.0,0.0
34,72,454.0,479.0,0.0
34,24,443.0,477.0,0.0
34,8,495.0,453.0,0.0
34,17,499.0,454.0,0.0
34,37,500.0,481.0,0.0
34,1,441.0,460.0,0.34000000000000014
34,53,511.0,470.0,0.0
34,22,446.0,493.0,0.0
34,47,498.0,470.0,0.0
34,83,495.0,475.0,0.0
34,99,482.0,408.0,0.0
34,89,474.0,460.0,0.0
34,14,453.0,457.0,0.34000000000000014
34,3,495.0,416.0,0.0
34,80,517.0,419.0,0.0
34,96,442.0,483.0,0.0
34,51,515.0,430.0,0.0
34,33,509.0,431.0,0.0
34,40,528.0,407.0,0.0
34,48,532.0,423.0,0.0
34,15,537.0,420.0,0.0
34,65,457.0,487.0,0.0
34,97,450.0,476.0,0.0
35,5,517.0,420.0,0.0
35,56,447.0,504.0,0.0
35,35,517.0,473.0,0.0
35,55,512.0,475.0,0.0
35,60,479.0,468.0,0.0
35,30,454.0,439.0,0.35000000000000014
35,32,459.0,502.0,0.0
35,6,455.0,487.0,0.0
35,67,507.0,424.0,0.0
35,45,466.0,438.0,0.35000000000000014
35,73,443.0,477.0,0.0
35,64,501.0,445.0,0.0
35,90,478.0,485.0,0.0
35,4,509.0,428.0,0.0
35,13,538.0,438.0,0.0
35,54,480.0,445.0,0.0
35,63,502.0,501.0,0.0
35,86,447.0,467.0,0.0
35,91,526.0,502.0,0.0
35,62,523.0,474.0,0.0
35,58,472.0,418.0,0.35000000000000014
35,52,479.0,418.0,0.0
35,12,445.0,417.0,0.35000000000000014
35,28,479.0,490.0,0.0
35,75,443.0,424.0,0.35000000000000014
35,23,510.0,421.0,0.0
35,92,492.0,477.0,0.0
35,41,456.0,487.0,0.0
35,43,521.0,414.0,0.0
35,11,504.0,431.0,0.0
35,36,506.0,467.0,0.0
35,68,513.0,413.0,0.0
35,69,449.0,437.0,0.35000000000000014
35,98,442.0,500.0,0.0
35,82,470.0,411.0,0.35000000000000014
35,85,526.0,409.0,0.0
35,39,483.0,504.0,0.0
35,84,522.0,446.0,0.0
35,77,449.0,493.0,0.0
35,7,504.0,426.0,0.0
35,25,448.0,458.0,0.35000000000000014
35,95,523.0,506.0,0.0
35,71,473.0,502.0,0.0
35,66,507.0,505.0,0.0
35,76,477.0,489.0,0.0
35,34,479.0,409.0,0.0
35,50,448.0,442.0,0.35000000000000014
35,59,502.0,441.0,0.0
35,93,449.0,442.0,0.35000000000000014
35,2,485.0,445.0,0.0
35,10,454.0,426.0,0.35000000000000014
35,18,458.0,418.0,0.35000000000000014
35,26,472.0,414.0,0.35000000000000014
35,27,453.0,409.0,0.35000000000000014
35,42,441.0,482.0,0.0
35,87,505.0,455.0,0.0
35,100,530.0,428.0,0.0
35,79,516.0,470.0,0.0
35,16,487.0,488.0,0.0
35,20,457.0,478.0,0.0
35,81,527.0,410.0,0.0
35,19,442.0,464.0,0.0
35,49,482.0,429.0,0.0
35,44,469.0,440.0,0.35000000000000014
35,9,536.0,504.0,0.0
35,31,468.0,418.0,0.35000000000000014
35,74,512.0,437.0,0.0
35,61,458.0,468.0,0.0
35,29,493.0,442.0,0.0
35,94,487.0,420.0,0.0
35,46,510.0,446.0,0.0
35,57,446.0,436.0,0.35000000000000014
35,70,536.0,501.0,0.0
35,21,513.0,476.0,0.0
35,38,533.0,493.0,0.0
35,88,505.0,486.0,0.0
35,78,516.0,408.0,0.0
35,72,454.0,479.0,0.0
35,24,443.0,477.0,0.0
35,8,495.0,453.0,0.0
35,17,499.0,454.0,0.0
35,37,500.0,481.0,0.0
35,1,441.0,460.0,0.35000000000000014
35,53,511.0,470.0,0.0
35,22,446.0,493.0,0.0
35,47,498.0,470.0,0.0
35,83,495.0,475.0,0.0
35,99,482.0,408.0,0.0
35,89,474.0,460.0,0.0
35,14,453.0,457.0,0.35000000000000014
35,3,495.0,416.0,0.0
35,80,517.0,419.0,0.0
35,96,442.0,483.0,0.0
35,51,515.0,430.0,0.0
35,33,509.0,431.0,0.0
35,40,528.0,407.0,0.0
35,48,532.0,423.0,0.0
35,15,537.0,420.0,0.0
35,65,457.0,487.0,0.0
35,97,450.0,476.0,0.0
36,5,517.0,420.0,0.0
36,56,447.0,504.0,0.0
36,35,517.0,473.0,0.0
36,55,512.0,475.0,0.0
36,60,479.0,468.0,0.0
36,30,454.0,439.0,0.36000000000000015
36,32,459.0,502.0,0.0
36,6,455.0,487.0,0.0
36,67,507.0,424.0,0.0
36,45,466.0,438.0,0.36000000000000015
36,73,443.0,477.0,0.0
36,64,501.0,445.0,0.0
36,90,478.0,485.0,0.0
36,4,509.0,428.0,0.0
36,13,538.0,438.0,0.0
36,54,480.0,445.0,0.0
36,63,502.0,501.0,0.0
36,86,447.0,467.0,0.0
36,91,526.0,502.0,0.0
36,62,523.0,474.0,0.0
36,58,472.0,418.0,0.36000000000000015
36,52,479.0,418.0,0.0
36,12,445.0,417.0,0.36000000000000015
36,28,479.0,490.0,0.0
36,75,443.0,424.0,0.36000000000000015
36,23,510.0,421.0,0.0
36,92,492.0,477.0,0.0
36,41,456.0,487.0,0.0
36,43,521.0,414.0,0.0
36,11,504.0,431.0,0.0
36,36,506.0,467.0,0.0
36,68,513.0,413.0,0.0
36,69,449.0,437.0,0.36000000000000015
36,98,442.0,500.0,0.0
36,82,470.0,411.0,0.36000000000000015
36,85,526.0,409.0,0.0
36,39,483.0,504.0,0.0
36,84,522.0,446.0,0.0
36,77,449.0,493.0,0.0
36,7,504.0,426.0,0.0
36,25,448.0,458.0,0.36000000000000015
36,95,523.0,506.0,0.0
36,71,473.0,502.0,0.0
36,66,507.0,505.0,0.0
36,76,477.0,489.0,0.0
36,34,479.0,409.0,0.0
36,50,448.0,442.0,0.36000000000000015
36,59,502.0,441.0,0.0
36,93,449.0,442.0,0.36000000000000015
36,2,485.0,445.0,0.0
36,10,454.0,426.0,0.36000000000000015
36,18,458.0,418.0,0.36000000000000015
36,26,472.0,414.0,0.36000000000000015
36,27,453.0,409.0,0.36000000000000015
36,42,441.0,482.0,0.0
36,87,505.0,455.0,0.0
36,100,530.0,428.0,0.0
36,79,516.0,470.0,0.0
36,16,487.0,488.0,0.0
36,20,457.0,478.0,0.0
36,81,527.0,410.0,0.0
36,19,442.0,464.0,0.0
36,49,482.0,429.0,0.0
36,44,469.0,440.0,0.36000000000000015
36,9,536.0,504.0,0.0
36,31,468.0,418.0,0.36000000000000015
36,74,512.0,437.0,0.0
36,61,458.0,468.0,0.0
36,29,493.0,442.0,0.0
36,94,487.0,420.0,0.0
36,46,510.0,446.0,0.0
36,57,446.0,436.0,0.36000000000000015
36,70,536.0,501.0,0.0
36,21,513.0,476.0,0.0
36,38,533.0,493.0,0.0
36,88,505.0,486.0,0.0
36,78,516.0,408.0,0.0
36,72,454.0,479.0,0.0
36,24,443.0,477.0,0.0
36,8,495.0,453.0,0.0
36,17,499.0,454.0,0.0
36,37,500.0,481.0,0.0
36,1,441.0,460.0,0.36000000000000015
36,53,511.0,470.0,0.0
36,22,446.0,493.0,0.0
36,47,498.0,470.0,0.0
36,83,495.0,475.0,0.0
36,99,482.0,408.0,0.0
36,89,474.0,460.0,0.0
36,14,453.0,457.0,0.36000000000000015
36,3,495.0,416.0,0.0
36,80,517.0,419.0,0.0
36,96,442.0,483.0,0.0
36,51,515.0,430.0,0.0
36,33,509.0,431.0,0.0
36,40,528.0,407.0,0.0
36,48,532.0,423.0,0.0
36,15,537.0,420.0,0.0
36,65,457.0,487.0,0.0
36,97,450.0,476.0,0.0
37,5,517.0,420.0,0.0
37,56,447.0,504.0,0.0
37,35,517.0,473.0,0.0
37,55,512.0,475.0,0.0
37,60,479.0,468.0,0.0
37,30,454.0,439.0,0.37000000000000016
37,32,459.0,502.0,0.0
37,6,455.0,487.0,0.0
37,67,507.0,424.0,0.0
37,45,466.0,438.0,0.37000000000000016
37,73,443.0,477.0,0.0
37,64,501.0,445.0,0.0
37,90,478.0,485.0,0.0
37,4,509.0,428.0,0.0
37,13,538.0,438.0,0.0
37,54,480.0,445.0,0.0
37,63,502.0,501.0,0.0
37,86,447.0,467.0,0.0
37,91,526.0,502.0,0.0
37,62,523.0,474.0,0.0
37,58,472.0,418.0,0.37000000000000016
37,52,479.0,418.0,0.0
37,12,445.0,417.0,0.37000000000000016
37,28,479.0,490.0,0.0
37,75,443.0,424.0,0.37000000000000016
37,23,510.0,421.0,0.0
37,92,492.0,477.0,0.0
37,41,456.0,487.0,0.0
37,43,521.0,414.0,0.0
37,11,504.0,431.0,0.0
37,36,506.0,467.0,0.0
37,68,513.0,413.0,0.0
37,69,449.0,437.0,0.37000000000000016
37,98,442.0,500.0,0.0
37,82,470.0,411.0,0.37000000000000016
37,85,526.0,409.0,0.0
37,39,483.0,504.0,0.0
37,84,522.0,446.0,0.0
37,77,449.0,493.0,0.0
37,7,504.0,426.0,0.0
37,25,448.0,458.0,0.37000000000000016
37,95,523.0,506.0,0.0
37,71,473.0,502.0,0.0
37,66,507.0,505.0,0.0
37,76,477.0,489.0,0.0
37,34,479.0,409.0,0.0
37,50,448.0,442.0,0.37000000000000016
37,59,502.0,441.0,0.0
37,93,449.0,442.0,0.37000000000000016
37,2,485.0,445.0,0.0
37,10,454.0,426.0,0.37000000000000016
37,18,458.0,418.0,0.37000000000000016
37,26,472.0,414.0,0.37000000000000016
37,27,453.0,409.0,0.37000000000000016
37,42,441.0,482.0,0.0
37,87,505.0,455.0,0.0
37,100,530.0,428.0,0.0
37,79,516.0,470.0,0.0
37,16,487.0,488.0,0.0
37,20,457.0,478.0,0.0
37,81,527.0,410.0,0.0
37,19,442.0,464.0,0.0
37,49,482.0,429.0,0.0
37,44,469.0,440.0,0.37000000000000016
37,9,536.0,504.0,0.0
37,31,468.0,418.0,0.37000000000000016
37,74,512.0,437.0,0.0
37,61,458.0,468.0,0.0
37,29,493.0,442.0,0.0
37,94,487.0,420.0,0.0
37,46,510.0,446.0,0.0
37,57,446.0,436.0,0.37000000000000016
37,70,536.0,501.0,0.0
37,21,513.0,476.0,0.0
37,38,533.0,493.0,0.0
37,88,505.0,486.0,0.0
37,78,516.0,408.0,0.0
37,72,454.0,479.0,0.0
37,24,443.0,477.0,0.0
37,8,495.0,453.0,0.0
37,17,499.0,454.0,0.0
37,37,500.0,481.0,0.0
37,1,441.0,460.0,0.37000000000000016
37,53,511.0,470.0,0.0
37,22,446.0,493.0,0.0
37,47,498.0,470.0,0.0
37,83,495.0,475.0,0.0
37,99,482.0,408.0,0.0
37,89,474.0,460.0,0.0
37,14,453.0,457.0,0.37000000000000016
37,3,495.0,416.0,0.0
37,80,517.0,419.0,0.0
37,96,442.0,483.0,0.0
37,51,515.0,430.0,0.0
37,33,509.0,431.0,0.0
37,40,528.0,407.0,0.0
37,48,532.0,423.0,0.0
37,15,537.0,420.0,0.0
37,65,457.0,487.0,0.0
37,97,450.0,476.0,0.0
38,5,517.0,420.0,0.0
38,56,447.0,504.0,0.0
38,35,517.0,473.0,0.0
38,55,512.0,475.0,0.0
38,60,479.0,468.0,0.0
38,30,454.0,439.0,0.38000000000000017
38,32,459.0,502.0,0.0
38,6,455.0,487.0,0.0
38,67,507.0,424.0,0.0
38,45,466.0,438.0,0.38000000000000017
38,73,443.0,477.0,0.0
38,64,501.0,445.0,0.0
38,90,478.0,485.0,0.0
38,4,509.0,428.0,0.0
38,13,538.0,438.0,0.0
38,54,480.0,445.0,0.0
38,63,502.0,501.0,0.0
38,86,447.0,467.0,0.0
38,91,526.0,502.0,0.0
38,62,523.0,474.0,0.0
38,58,472.0,418.0,0.38000000000000017
38,52,479.0,418.0,0.0
38,12,445.0,417.0,0.38000000000000017
38,28,479.0,490.0,0.0
38,75,443.0,424.0,0.38000000000000017
38,23,510.0,421.0,0.0
38,92,492.0,477.0,0.0
38,41,456.0,487.0,0.0
38,43,521.0,414.0,0.0
38,11,504.0,431.0,0.0
38,36,506.0,467.0,0.0
38,68,513.0,413.0,0.0
38,69,449.0,437.0,0.38000000000000017
38,98,442.0,500.0,0.0
38,82,470.0,411.0,0.38000000000000017
38,85,526.0,409.0,0.0
38,39,483.0,504.0,0.0
38,84,522.0,446.0,0.0
38,77,449.0,493.0,0.0
38,7,504.0,426.0,0.0
38,25,448.0,458.0,0.38000000000000017
38,95,523.0,506.0,0.0
38,71,473.0,502.0,0.0
38,66,507.0,505.0,0.0
38,76,477.0,489.0,0.0
38,34,479.0,409.0,0.0
38,50,448.0,442.0,0.38000000000000017
38,59,502.0,441.0,0.0
38,93,449.0,442.0,0.38000000000000017
38,2,485.0,445.0,0.0
38,10,454.0,426.0,0.38000000000000017
38,18,458.0,418.0,0.38000000000000017
38,26,472.0,414.0,0.38000000000000017
38,27,453.0,409.0,0.38000000000000017
38,42,441.0,482.0,0.0
38,87,505.0,455.0,0.0
38,100,530.0,428.0,0.0
38,79,516.0,470.0,0.0
38,16,487.0,488.0,0.0
38,20,457.0,478.0,0.0
38,81,527.0,410.0,0.0
38,19,442.0,464.0,0.0
38,49,482.0,429.0,0.0
38,44,469.0,440.0,0.38000000000000017
38,9,536.0,504.0,0.0
38,31,468.0,418.0,0.38000000000000017
38,74,512.0,437.0,0.0
38,61,458.0,468.0,0.0
38,29,493.0,442.0,0.0
38,94,487.0,420.0,0.0
38,46,510.0,446.0,0.0
38,57,446.0,436.0,0.38000000000000017
38,70,536.0,501.0,0.0
38,21,513.0,476.0,0.0
38,38,533.0,493.0,0.0
38,88,505.0,486.0,0.0
38,78,516.0,408.0,0.0
38,72,454.0,479.0,0.0
38,24,443.0,477.0,0.0
38,8,495.0,453.0,0.0
38,17,499.0,454.0,0.0
38,37,500.0,481.0,0.0
38,1,441.0,460.0,0.38000000000000017
38,53,511.0,470.0,0.0
38,22,446.0,493.0,0.0
38,47,498.0,470.0,0.0
38,83,495.0,475.0,0.0
38,99,482.0,408.0,0.0
38,89,474.0,460.0,0.0
38,14,453.0,457.0,0.38000000000000017
38,3,495.0,416.0,0.0
38,80,517.0,419.0,0.0
38,96,442.0,483.0,0.0
38,51,515.0,430.0,0.0
38,33,509.0,431.0,0.0
38,40,528.0,407.0,0.0
38,48,532.0,423.0,0.0
38,15,537.0,420.0,0.0
38,65,457.0,487.0,0.0
38,97,450.0,476.0,0.0
39,5,517.0,420.0,0.0
39,56,447.0,504.0,0.0
39,35,517.0,473.0,0.0
39,55,512.0,475.0,0.0
39,60,479.0,468.0,0.0
39,30,454.0,439.0,0.3900000000000002
39,32,459.0,502.0,0.0
39,6,455.0,487.0,0.0
39,67,507.0,424.0,0.0
39,45,466.0,438.0,0.3900000000000002
39,73,443.0,477.0,0.0
39,64,501.0,445.0,0.0
39,90,478.0,485.0,0.0
39,4,509.0,428.0,0.0
39,13,538.0,438.0,0.0
39,54,480.0,445.0,0.0
39,63,502.0,501.0,0.0
39,86,447.0,467.0,0.0
39,91,526.0,502.0,0.0
39,62,523.0,474.0,0.0
39,58,472.0,418.0,0.3900000000000002
39,52,479.0,418.0,0.0
39,12,445.0,417.0,0.3900000000000002
39,28,479.0,490.0,0.0
39,75,443.0,424.0,0.3900000000000002
39,23,510.0,421.0,0.0
39,92,492.0,477.0,0.0
39,41,456.0,487.0,0.0
39,43,521.0,414.0,0.0
39,11,504.0,431.0,0.0
39,36,506.0,467.0,0.0
39,68,513.0,413.0,0.0
39,69,449.0,437.0,0.3900000000000002
39,98,442.0,500.0,0.0
39,82,470.0,411.0,0.3900000000000002
39,85,526.0,409.0,0.0
39,39,483.0,504.0,0.0
39,84,522.0,446.0,0.0
39,77,449.0,493.0,0.0
39,7,504.0,426.0,0.0
39,25,448.0,458.0,0.3900000000000002
39,95,523.0,506.0,0.0
39,71,473.0,502.0,0.0
39,66,507.0,505.0,0.0
39,76,477.0,489.0,0.0
39,34,479.0,409.0,0.0
39,50,448.0,442.0,0.3900000000000002
39,59,502.0,441.0,0.0
39,93,449.0,442.0,0.3900000000000002
39,2,485.0,445.0,0.0
39,10,454.0,426.0,0.3900000000000002
39,18,458.0,418.0,0.3900000000000002
39,26,472.0,414.0,0.3900000000000002
39,27,453.0,409.0,0.3900000000000002
39,42,441.0,482.0,0.0
39,87,505.0,455.0,0.0
39,100,530.0,428.0,0.0
39,79,516.0,470.0,0.0
39,16,487.0,488.0,0.0
39,20,457.0,478.0,0.0
39,81,527.0,410.0,0.0
39,19,442.0,464.0,0.0
39,49,482.0,429.0,0.0
39,44,469.0,440.0,0.3900000000000002
39,9,536.0,504.0,0.0
39,31,468.0,418.0,0.3900000000000002
39,74,512.0,437.0,0.0
39,61,458.0,468.0,0.0
39,29,493.0,442.0,0.0
39,94,487.0,420.0,0.0
39,46,510.0,446.0,0.0
39,57,446.0,436.0,0.3900000000000002
39,70,536.0,501.0,0.0
39,21,513.0,476.0,0.0
39,38,533.0,493.0,0.0
39,88,505.0,486.0,0.0
39,78,516.0,408.0,0.0
39,72,454.0,479.0,0.0
39,24,443.0,477.0,0.0
39,8,495.0,453.0,0.0
39,17,499.0,454.0,0.0
39,37,500.0,481.0,0.0
39,1,441.0,460.0,0.3900000000000002
39,53,511.0,470.0,0.0
39,22,446.0,493.0,0.0
39,47,498.0,470.0,0.0
39,83,495.0,475.0,0.0
39,99,482.0,408.0,0.0
39,89,474.0,460.0,0.0
39,14,453.0,457.0,0.3900000000000002
39,3,495.0,416.0,0.0
39,80,517.0,419.0,0.0
39,96,442.0,483.0,0.0
39,51,515.0,430.0,0.0
39,33,509.0,431.0,0.0
39,40,528.0,407.0,0.0
39,48,532.0,423.0,0.0
39,15,537.0,420.0,0.0
39,65,457.0,487.0,0.0
39,97,450.0,476.0,0.0
40,5,517.0,420.0,0.0
40,56,447.0,504.0,0.0
40,35,517.0,473.0,0.0
40,55,512.0,475.0,0.0
40,60,479.0,468.0,0.0
40,30,454.0,439.0,0.4000000000000002
40,32,459.0,502.0,0.0
40,6,455.0,487.0,0.0
40,67,507.0,424.0,0.0
40,45,466.0,438.0,0.4000000000000002
40,73,443.0,477.0,0.0
40,64,501.0,445.0,0.0
40,90,478.0,485.0,0.0
40,4,509.0,428.0,0.0
40,13,538.0,438.0,0.0
40,54,480.0,445.0,0.0
40,63,502.0,501.0,0.0
40,86,447.0,467.0,0.0
40,91,526.0,502.0,0.0
40,62,523.0,474.0,0.0
40,58,472.0,418.0,0.4000000000000002
40,52,479.0,418.0,0.0
40,12,445.0,417.0,0.4000000000000002
40,28,479.0,490.0,0.0
40,75,443.0,424.0,0.4000000000000002
40,23,510.0,421.0,0.0
40,92,492.0,477.0,0.0
40,41,456.0,487.0,0.0
40,43,521.0,414.0,0.0
40,11,504.0,431.0,0.0
40,36,506.0,467.0,0.0
40,68,513.0,413.0,0.0
40,69,449.0,437.0,0.4000000000000002
40,98,442.0,500.0,0.0
40,82,470.0,411.0,0.4000000000000002
40,85,526.0,409.0,0.0
40,39,483.0,504.0,0.0
40,84,522.0,446.0,0.0
40,77,449.0,493.0,0.0
40,7,504.0,426.0,0.0
40,25,448.0,458.0,0.4000000000000002
40,95,523.0,506.0,0.0
40,71,473.0,502.0,0.0
40,66,507.0,505.0,0.0
40,76,477.0,489.0,0.0
40,34,479.0,409.0,0.0
40,50,448.0,442.0,0.4000000000000002
40,59,502.0,441.0,0.0
40,93,449.0,442.0,0.4000000000000002
40,2,485.0,445.0,0.0
40,10,454.0,426.0,0.4000000000000002
40,18,458.0,418.0,0.4000000000000002
40,26,472.0,414.0,0.4000000000000002
40,27,453.0,409.0,0.4000000000000002
40,42,441.0,482.0,0.0
40,87,505.0,455.0,0.0
40,100,530.0,428.0,0.0
40,79,516.0,470.0,0.0
40,16,487.0,488.0,0.0
40,20,457.0,478.0,0.0
40,81,527.0,410.0,0.0
40,19,442.0,464.0,0.0
40,49,482.0,429.0,0.0
40,44,469.0,440.0,0.4000000000000002
40,9,536.0,504.0,0.0
40,31,468.0,418.0,0.4000000000000002
40,74,512.0,437.0,0.0
40,61,458.0,468.0,0.0
40,29,493.0,442.0,0.0
40,94,487.0,420.0,0.0
40,46,510.0,446.0,0.0
40,57,446.0,436.0,0.4000000000000002
40,70,536.0,501.0,0.0
40,21,513.0,476.0,0.0
40,38,533.0,493.0,0.0
40,88,505.0,486.0,0.0
40,78,516.0,408.0,0.0
40,72,454.0,479.0,0.0
40,24,443.0,477.0,0.0
40,8,495.0,453.0,0.0
40,17,499.0,454.0,0.0
40,37,500.0,481.0,0.0
40,1,441.0,460.0,0.4000000000000002
40,53,511.0,470.0,0.0
40,22,446.0,493.0,0.0
40,47,498.0,470.0,0.0
40,83,495.0,475.0,0.0
40,99,482.0,408.0,0.0
40,89,474.0,460.0,0.0
40,14,453.0,457.0,0.4000000000000002
40,3,495.0,416.0,0.0
40,80,517.0,419.0,0.0
40,96,442.0,483.0,0.0
40,51,515.0,430.0,0.0
40,33,509.0,431.0,0.0
40,40,528.0,407.0,0.0
40,48,532.0,423.0,0.0
40,15,537.0,420.0,0.0
40,65,457.0,487.0,0.0
40,97,450.0,476.0,0.0
41,5,517.0,420.0,0.0
41,56,447.0,504.0,0.0
41,35,517.0,473.0,0.0
41,55,512.0,475.0,0.0
41,60,479.0,468.0,0.0
41,30,454.0,439.0,0.4100000000000002
41,32,459.0,502.0,0.0
41,6,455.0,487.0,0.0
41,67,507.0,424.0,0.0
41,45,466.0,438.0,0.4100000000000002
41,73,443.0,477.0,0.0
41,64,501.0,445.0,0.0
41,90,478.0,485.0,0.0
41,4,509.0,428.0,0.0
41,13,538.0,438.0,0.0
41,54,480.0,445.0,0.0
41,63,502.0,501.0,0.0
41,86,447.0,467.0,0.0
41,91,526.0,502.0,0.0
41,62,523.0,474.0,0.0
41,58,472.0,418.0,0.4100000000000002
41,52,479.0,418.0,0.0
41,12,445.0,417.0,0.4100000000000002
41,28,479.0,490.0,0.0
41,75,443.0,424.0,0.4100000000000002
41,23,510.0,421.0,0.0
41,92,492.0,477.0,0.0
41,41,456.0,487.0,0.0
41,43,521.0,414.0,0.0
41,11,504.0,431.0,0.0
41,36,506.0,467.0,0.0
41,68,513.0,413.0,0.0
41,69,449.0,437.0,0.4100000000000002
41,98,442.0,500.0,0.0
41,82,470.0,411.0,0.4100000000000002
41,85,526.0,409.0,0.0
41,39,483.0,504.0,0.0
41,84,522.0,446.0,0.0
41,77,449.0,493.0,0.0
41,7,504.0,426.0,0.0
41,25,448.0,458.0,0.4100000000000002
41,95,523.0,506.0,0.0
41,71,473.0,502.0,0.0
41,66,507.0,505.0,0.0
41,76,477.0,489.0,0.0
41,34,479.0,409.0,0.0
41,50,448.0,442.0,0.4100000000000002
41,59,502.0,441.0,0.0
41,93,449.0,442.0,0.4100000000000002
41,2,485.0,445.0,0.0
41,10,454.0,426.0,0.4100000000000002
41,18,458.0,418.0,0.4100000000000002
41,26,472.0,414.0,0.4100000000000002
41,27,453.0,409.0,0.4100000000000002
41,42,441.0,482.0,0.0
41,87,505.0,455.0,0.0
41,100,530.0,428.0,0.0
41,79,516.0,470.0,0.0
41,16,487.0,488.0,0.0
41,20,457.0,478.0,0.0
41,81,527.0,410.0,0.0
41,19,442.0,464.0,0.0
41,49,482.0,429.0,0.0
41,44,469.0,440.0,0.4100000000000002
41,9,536.0,504.0,0.0
41,31,468.0,418.0,0.4100000000000002
41,74,512.0,437.0,0.0
41,61,458.0,468.0,0.0
41,29,493.0,442.0,0.0
41,94,487.0,420.0,0.0
41,46,510.0,446.0,0.0
41,57,446.0,436.0,0.4100000000000002
41,70,536.0,501.0,0.0
41,21,513.0,476.0,0.0
41,38,533.0,493.0,0.0
41,88,505.0,486.0,0.0
41,78,516.0,408.0,0.0
41,72,454.0,479.0,0.0
41,24,443.0,477.0,0.0
41,8,495.0,453.0,0.0
41,17,499.0,454.0,0.0
41,37,500.0,481.0,0.0
41,1,441.0,460.0,0.4100000000000002
41,53,511.0,470.0,0.0
41,22,446.0,493.0,0.0
41,47,498.0,470.0,0.0
41,83,495.0,475.0,0.0
41,99,482.0,408.0,0.0
41,89,474.0,460.0,0.0
41,14,453.0,457.0,0.4100000000000002
41,3,495.0,416.0,0.0
41,80,517.0,419.0,0.0
41,96,442.0,483.0,0.0
41,51,515.0,430.0,0.0
41,33,509.0,431.0,0.0
41,40,528.0,407.0,0.0
41,48,532.0,423.0,0.0
41,15,537.0,420.0,0.0
41,65,457.0,487.0,0.0
41,97,450.0,476.0,0.0
42,5,517.0,420.0,0.0
42,56,447.0,504.0,0.0
42,35,517.0,473.0,0.0
42,55,512.0,475.0,0.0
42,60,479.0,468.0,0.0
42,30,454.0,439.0,0.4200000000000002
42,32,459.0,502.0,0.0
42,6,455.0,487.0,0.0
42,67,507.0,424.0,0.0
42,45,466.0,438.0,0.4200000000000002
42,73,443.0,477.0,0.0
42,64,501.0,445.0,0.0
42,90,478.0,485.0,0.0
42,4,509.0,428.0,0.0
42,13,538.0,438.0,0.0
42,54,480.0,445.0,0.0
42,63,502.0,501.0,0.0
42,86,447.0,467.0,0.0
42,91,526.0,502.0,0.0
42,62,523.0,474.0,0.0
42,58,472.0,418.0,0.4200000000000002
42,52,479.0,418.0,0.0
42,12,445.0,417.0,0.4200000000000002
42,28,479.0,490.0,0.0
42,75,443.0,424.0,0.4200000000000002
42,23,510.0,421.0,0.0
42,92,492.0,477.0,0.0
42,41,456.0,487.0,0.0
42,43,521.0,414.0,0.0
42,11,504.0,431.0,0.0
42,36,506.0,467.0,0.0
42,68,513.0,413.0,0.0
42,69,449.0,437.0,0.4200000000000002
42,98,442.0,500.0,0.0
42,82,470.0,411.0,0.4200000000000002
42,85,526.0,409.0,0.0
42,39,483.0,504.0,0.0
42,84,522.0,446.0,0.0
42,77,449.0,493.0,0.0
42,7,504.0,426.0,0.0
42,25,448.0,458.0,0.4200000000000002
42,95,523.0,506.0,0.0
42,71,473.0,502.0,0.0
42,66,507.0,505.0,0.0
42,76,477.0,489.0,0.0
42,34,479.0,409.0,0.0
42,50,448.0,442.0,0.4200000000000002
42,59,502.0,441.0,0.0
42,93,449.0,442.0,0.4200000000000002
42,2,485.0,445.0,0.0
42,10,454.0,426.0,0.4200000000000002
42,18,458.0,418.0,0.4200000000000002
42,26,472.0,414.0,0.4200000000000002
42,27,453.0,409.0,0.4200000000000002
42,42,441.0,482.0,0.0
42,87,505.0,455.0,0.0
42,100,530.0,428.0,0.0
42,79,516.0,470.0,0.0
42,16,487.0,488.0,0.0
42,20,457.0,478.0,0.0
42,81,527.0,410.0,0.0
42,19,442.0,464.0,0.0
42,49,482.0,429.0,0.0
42,44,469.0,440.0,0.4200000000000002
42,9,536.0,504.0,0.0
42,31,468.0,418.0,0.4200000000000002
42,74,512.0,437.0,0.0
42,61,458.0,468.0,0.0
42,29,493.0,442.0,0.0
42,94,487.0,420.0,0.0
42,46,510.0,446.0,0.0
42,57,446.0,436.0,0.4200000000000002
42,70,536.0,501.0,0.0
42,21,513.0,476.0,0.0
42,38,533.0,493.0,0.0
42,88,505.0,486.0,0.0
42,78,516.0,408.0,0.0
42,72,454.0,479.0,0.0
42,24,443.0,477.0,0.0
42,8,495.0,453.0,0.0
42,17,499.0,454.0,0.0
42,37,500.0,481.0,0.0
42,1,441.0,460.0,0.4200000000000002
42,53,511.0,470.0,0.0
42,22,446.0,493.0,0.0
42,47,498.0,470.0,0.0
42,83,495.0,475.0,0.0
42,99,482.0,408.0,0.0
42,89,474.0,460.0,0.0
42,14,453.0,457.0,0.4200000000000002
42,3,495.0,416.0,0.0
42,80,517.0,419.0,0.0
42,96,442.0,483.0,0.0
42,51,515.0,430.0,0.0
42,33,509.0,431.0,0.0
42,40,528.0,407.0,0.0
42,48,532.0,423.0,0.0
42,15,537.0,420.0,0.0
42,65,457.0,487.0,0.0
42,97,450.0,476.0,0.0
43,5,517.0,420.0,0.0
43,56,447.0,504.0,0.0
43,35,517.0,473.0,0.0
43,55,512.0,475.0,0.0
43,60,479.0,468.0,0.0
43,30,454.0,439.0,0.4300000000000002
43,32,459.0,502.0,0.0
43,6,455.0,487.0,0.0
43,67,507.0,424.0,0.0
43,45,466.0,438.0,0.4300000000000002
43,73,443.0,477.0,0.0
43,64,501.0,445.0,0.0
43,90,478.0,485.0,0.0
43,4,509.0,428.0,0.0
43,13,538.0,438.0,0.0
43,54,480.0,445.0,0.0
43,63,502.0,501.0,0.0
43,86,447.0,467.0,0.0
43,91,526.0,502.0,0.0
43,62,523.0,474.0,0.0
43,58,472.0,418.0,0.4300000000000002
43,52,479.0,418.0,0.0
43,12,445.0,417.0,0.4300000000000002
43,28,479.0,490.0,0.0
43,75,443.0,424.0,0.4300000000000002
43,23,510.0,421.0,0.0
43,92,492.0,477.0,0.0
43,41,456.0,487.0,0.0
43,43,521.0,414.0,0.0
43,11,504.0,431.0,0.0
43,36,506.0,467.0,0.0
43,68,513.0,413.0,0.0
43,69,449.0,437.0,0.4300000000000002
43,98,442.0,500.0,0.0
43,82,470.0,411.0,0.4300000000000002
43,85,526.0,409.0,0.0
43,39,483.0,504.0,0.0
43,84,522.0,446.0,0.0
43,77,449.0,493.0,0.0
43,7,504.0,426.0,0.0
43,25,448.0,458.0,0.4300000000000002
43,95,523.0,506.0,0.0
43,71,473.0,502.0,0.0
43,66,507.0,505.0,0.0
43,76,477.0,489.0,0.0
43,34,479.0,409.0,0.0
43,50,448.0,442.0,0.4300000000000002
43,59,502.0,441.0,0.0
43,93,449.0,442.0,0.4300000000000002
43,2,485.0,445.0,0.0
43,10,454.0,426.0,0.4300000000000002
43,18,458.0,418.0,0.4300000000000002
43,26,472.0,414.0,0.4300000000000002
43,27,453.0,409.0,0.4300000000000002
43,42,441.0,482.0,0.0
43,87,505.0,455.0,0.0
43,100,530.0,428.0,0.0
43,79,516.0,470.0,0.0
43,16,487.0,488.0,0.0
43,20,457.0,478.0,0.0
43,81,527.0,410.0,0.0
43,19,442.0,464.0,0.0
43,49,482.0,429.0,0.0
43,44,469.0,440.0,0.4300000000000002
43,9,536.0,504.0,0.0
43,31,468.0,418.0,0.4300000000000002
43,74,512.0,437.0,0.0
43,61,458.0,468.0,0.0
43,29,493.0,442.0,0.0
43,94,487.0,420.0,0.0
43,46,510.0,446.0,0.0
43,57,446.0,436.0,0.4300000000000002
43,70,536.0,501.0,0.0
43,21,513.0,476.0,0.0
43,38,533.0,493.0,0.0
43,88,505.0,486.0,0.0
43,78,516.0,408.0,0.0
43,72,454.0,479.0,0.0
43,24,443.0,477.0,0.0
43,8,495.0,453.0,0.0
43,17,499.0,454.0,0.0
43,37,500.0,481.0,0.0
43,1,441.0,460.0,0.4300000000000002
43,53,511.0,470.0,0.0
43,22,446.0,493.0,0.0
43,47,498.0,470.0,0.0
43,83,495.0,475.0,0.0
43,99,482.0,408.0,0.0
43,89,474.0,460.0,0.0
43,14,453.0,457.0,0.4300000000000002
43,3,495.0,416.0,0.0
43,80,517.0,419.0,0.0
43,96,442.0,483.0,0.0
43,51,515.0,430.0,0.0
43,33,509.0,431.0,0.0
43,40,528.0,407.0,0.0
43,48,532.0,423.0,0.0
43,15,537.0,420.0,0.0
43,65,457.0,487.0,0.0
43,97,450.0,476.0,0.0
44,5,517.0,420.0,0.0
44,56,447.0,504.0,0.0
44,35,517.0,473.0,0.0
44,55,512.0,475.0,0.0
44,60,479.0,468.0,0.0
44,30,454.0,439.0,0.4400000000000002
44,32,459.0,502.0,0.0
44,6,455.0,487.0,0.0
44,67,507.0,424.0,0.0
44,45,466.0,438.0,0.4400000000000002
44,73,443.0,477.0,0.0
44,64,501.0,445.0,0.0
44,90,478.0,485.0,0.0
44,4,509.0,428.0,0.0
44,13,538.0,438.0,0.0
44,54,480.0,445.0,0.0
44,63,502.0,501.0,0.0
44,86,447.0,467.0,0.0
44,91,526.0,502.0,0.0
44,62,523.0,474.0,0.0
44,58,472.0,418.0,0.4400000000000002
44,52,479.0,418.0,0.0
44,12,445.0,417.0,0.4400000000000002
44,28,479.0,490.0,0.0
44,75,443.0,424.0,0.4400000000000002
44,23,510.0,421.0,0.0
44,92,492.0,477.0,0.0
44,41,456.0,487.0,0.0
44,43,521.0,414.0,0.0
44,11,504.0,431.0,0.0
44,36,506.0,467.0,0.0
44,68,513.0,413.0,0.0
44,69,449.0,437.0,0.4400000000000002
44,98,442.0,500.0,0.0
44,82,470.0,411.0,0.4400000000000002
44,85,526.0,409.0,0.0
44,39,483.0,504.0,0.0
44,84,522.0,446.0,0.0
44,77,449.0,493.0,0.0
44,7,504.0,426.0,0.0
44,25,448.0,458.0,0.4400000000000002
44,95,523.0,506.0,0.0
44,71,473.0,502.0,0.0
44,66,507.0,505.0,0.0
44,76,477.0,489.0,0.0
44,34,479.0,409.0,0.0
44,50,448.0,442.0,0.4400000000000002
44,59,502.0,441.0,0.0
44,93,449.0,442.0,0.4400000000000002
44,2,485.0,445.0,0.0
44,10,454.0,426.0,0.4400000000000002
44,18,458.0,418.0,0.4400000000000002
44,26,472.0,414.0,0.4400000000000002
44,27,453.0,409.0,0.4400000000000002
44,42,441.0,482.0,0.0
44,87,505.0,455.0,0.0
44,100,530.0,428.0,0.0
44,79,516.0,470.0,0.0
44,16,487.0,488.0,0.0
44,20,457.0,478.0,0.0
44,81,527.0,410.0,0.0
44,19,442.0,464.0,0.0
44,49,482.0,429.0,0.0
44,44,469.0,440.0,0.4400000000000002
44,9,536.0,504.0,0.0
44,31,468.0,418.0,0.4400000000000002
44,74,512.0,437.0,0.0
44,61,458.0,468.0,0.0
44,29,493.0,442.0,0.0
44,94,487.0,420.0,0.0
44,46,510.0,446.0,0.0
44,57,446.0,436.0,0.4400000000000002
44,70,536.0,501.0,0.0
44,21,513.0,476.0,0.0
44,38,533.0,493.0,0.0
44,88,505.0,486.0,0.0
44,78,516.0,408.0,0.0
44,72,454.0,479.0,0.0
44,24,443.0,477.0,0.0
44,8,495.0,453.0,0.0
44,17,499.0,454.0,0.0
44,37,500.0,481.0,0.0
44,1,441.0,460.0,0.4400000000000002
44,53,511.0,470.0,0.0
44,22,446.0,493.0,0.0
44,47,498.0,470.0,0.0
44,83,495.0,475.0,0.0
44,99,482.0,408.0,0.0
44,89,474.0,460.0,0.0
44,14,453.0,457.0,0.4400000000000002
44,3,495.0,416.0,0.0
44,80,517.0,419.0,0.0
44,96,442.0,483.0,0.0
44,51,515.0,430.0,0.0
44,33,509.0,431.0,0.0
44,40,528.0,407.0,0.0
44,48,532.0,423.0,0.0
44,15,537.0,420.0,0.0
44,65,457.0,487.0,0.0
44,97,450.0,476.0,0.0
45,5,517.0,420.0,0.0
45,56,447.0,504.0,0.0
45,35,517.0,473.0,0.0
45,55,512.0,475.0,0.0
45,60,479.0,468.0,0.0
45,30,454.0,439.0,0.45000000000000023
45,32,459.0,502.0,0.0
45,6,455.0,487.0,0.0
45,67,507.0,424.0,0.0
45,45,466.0,438.0,0.45000000000000023
45,73,443.0,477.0,0.0
45,64,501.0,445.0,0.0
45,90,478.0,485.0,0.0
45,4,509.0,428.0,0.0
45,13,538.0,438.0,0.0
45,54,480.0,445.0,0.0
45,63,502.0,501.0,0.0
45,86,447.0,467.0,0.0
45,91,526.0,502.0,0.0
45,62,523.0,474.0,0.0
45,58,472.0,418.0,0.45000000000000023
45,52,479.0,418.0,0.0
45,12,445.0,417.0,0.45000000000000023
45,28,479.0,490.0,0.0
45,75,443.0,424.0,0.45000000000000023
45,23,510.0,421.0,0.0
45,92,492.0,477.0,0.0
45,41,456.0,487.0,0.0
45,43,521.0,414.0,0.0
45,11,504.0,431.0,0.0
45,36,506.0,467.0,0.0
45,68,513.0,413.0,0.0
45,69,449.0,437.0,0.45000000000000023
45,98,442.0,500.0,0.0
45,82,470.0,411.0,0.45000000000000023
45,85,526.0,409.0,0.0
45,39,483.0,504.0,0.0
45,84,522.0,446.0,0.0
45,77,449.0,493.0,0.0
45,7,504.0,426.0,0.0
45,25,448.0,458.0,0.45000000000000023
45,95,523.0,506.0,0.0
45,71,473.0,502.0,0.0
45,66,507.0,505.0,0.0
45,76,477.0,489.0,0.0
45,34,479.0,409.0,0.0
45,50,448.0,442.0,0.45000000000000023
45,59,502.0,441.0,0.0
45,93,449.0,442.0,0.45000000000000023
45,2,485.0,445.0,0.0
45,10,454.0,426.0,0.45000000000000023
45,18,458.0,418.0,0.45000000000000023
45,26,472.0,414.0,0.45000000000000023
45,27,453.0,409.0,0.45000000000000023
45,42,441.0,482.0,0.0
45,87,505.0,455.0,0.0
45,100,530.0,428.0,0.0
45,79,516.0,470.0,0.0
45,16,487.0,488.0,0.0
45,20,457.0,478.0,0.0
45,81,527.0,410.0,0.0
45,19,442.0,464.0,0.0
45,49,482.0,429.0,0.0
45,44,469.0,440.0,0.45000000000000023
45,9,536.0,504.0,0.0
45,31,468.0,418.0,0.45000000000000023
45,74,512.0,437.0,0.0
45,61,458.0,468.0,0.0
45,29,493.0,442.0,0.0
45,94,487.0,420.0,0.0
45,46,510.0,446.0,0.0
45,57,446.0,436.0,0.45000000000000023
45,70,536.0,501.0,0.0
45,21,513.0,476.0,0.0
45,38,533.0,493.0,0.0
45,88,505.0,486.0,0.0
45,78,516.0,408.0,0.0
45,72,454.0,479.0,0.0
45,24,443.0,477.0,0.0
45,8,495.0,453.0,0.0
45,17,499.0,454.0,0.0
45,37,500.0,481.0,0.0
45,1,441.0,460.0,0.45000000000000023
45,53,511.0,470.0,0.0
45,22,446.0,493.0,0.0
45,47,498.0,470.0,0.0
45,83,495.0,475.0,0.0
45,99,482.0,408.0,0.0
45,89,474.0,460.0,0.0
45,14,453.0,457.0,0.45000000000000023
45,3,495.0,416.0,0.0
45,80,517.0,419.0,0.0
45,96,442.0,483.0,0.0
45,51,515.0,430.0,0.0
45,33,509.0,431.0,0.0
45,40,528.0,407.0,0.0
45,48,532.0,423.0,0.0
45,15,537.0,420.0,0.0
45,65,457.0,487.0,0.0
45,97,450.0,476.0,0.0
46,5,517.0,420.0,0.0
46,56,447.0,504.0,0.0
46,35,517.0,473.0,0.0
46,55,512.0,475.0,0.0
46,60,479.0,468.0,0.0
46,30,454.0,439.0,0.46000000000000024
46,32,459.0,502.0,0.0
46,6,455.0,487.0,0.0
46,67,507.0,424.0,0.0
46,45,466.0,438.0,0.46000000000000024
46,73,443.0,477.0,0.0
46,64,501.0,445.0,0.0
46,90,478.0,485.0,0.0
46,4,509.0,428.0,0.0
46,13,538.0,438.0,0.0
46,54,480.0,445.0,0.0
46,63,502.0,501.0,0.0
46,86,447.0,467.0,0.0
46,91,526.0,502.0,0.0
46,62,523.0,474.0,0.0
46,58,472.0,418.0,0.46000000000000024
46,52,479.0,418.0,0.0
46,12,445.0,417.0,0.46000000000000024
46,28,479.0,490.0,0.0
46,75,443.0,424.0,0.46000000000000024
46,23,510.0,421.0,0.0
46,92,492.0,477.0,0.0
46,41,456.0,487.0,0.0
46,43,521.0,414.0,0.0
46,11,504.0,431.0,0.0
46,36,506.0,467.0,0.0
46,68,513.0,413.0,0.0
46,69,449.0,437.0,0.46000000000000024
46,98,442.0,500.0,0.0
46,82,470.0,411.0,0.46000000000000024
46,85,526.0,409.0,0.0
46,39,483.0,504.0,0.0
46,84,522.0,446.0,0.0
46,77,449.0,493.0,0.0
46,7,504.0,426.0,0.0
46,25,448.0,458.0,0.46000000000000024
46,95,523.0,506.0,0.0
46,71,473.0,502.0,0.0
46,66,507.0,505.0,0.0
46,76,477.0,489.0,0.0
46,34,479.0,409.0,0.0
46,50,448.0,442.0,0.46000000000000024
46,59,502.0,441.0,0.0
46,93,449.0,442.0,0.46000000000000024
46,2,485.0,445.0,0.0
46,10,454.0,426.0,0.46000000000000024
46,18,458.0,418.0,0.46000000000000024
46,26,472.0,414.0,0.46000000000000024
46,27,453.0,409.0,0.46000000000000024
46,42,441.0,482.0,0.0
46,87,505.0,455.0,0.0
46,100,530.0,428.0,0.0
46,79,516.0,470.0,0.0
46,16,487.0,488.0,0.0
46,20,457.0,478.0,0.0
46,81,527.0,410.0,0.0
46,19,442.0,464.0,0.0
46,49,482.0,429.0,0.0
46,44,469.0,440.0,0.46000000000000024
46,9,536.0,504.0,0.0
46,31,468.0,418.0,0.46000000000000024
46,74,512.0,437.0,0.0
46,61,458.0,468.0,0.0
46,29,493.0,442.0,0.0
46,94,487.0,420.0,0.0
46,46,510.0,446.0,0.0
46,57,446.0,436.0,0.46000000000000024
46,70,536.0,501.0,0.0
46,21,513.0,476.0,0.0
46,38,533.0,493.0,0.0
46,88,505.0,486.0,0.0
46,78,516.0,408.0,0.0
46,72,454.0,479.0,0.0
46,24,443.0,477.0,0.0
46,8,495.0,453.0,0.0
46,17,499.0,454.0,0.0
46,37,500.0,481.0,0.0
46,1,441.0,460.0,0.46000000000000024
46,53,511.0,470.0,0.0
46,22,446.0,493.0,0.0
46,47,498.0,470.0,0.0
46,83,495.0,475.0,0.0
46,99,482.0,408.0,0.0
46,89,474.0,460.0,0.0
46,14,453.0,457.0,0.46000000000000024
46,3,495.0,416.0,0.0
46,80,517.0,419.0,0.0
46,96,442.0,483.0,0.0
46,51,515.0,430.0,0.0
46,33,509.0,431.0,0.0
46,40,528.0,407.0,0.0
46,48,532.0,423.0,0.0
46,15,537.0,420.0,0.0
46,65,457.0,487.0,0.0
46,97,450.0,476.0,0.0
47,5,517.0,420.0,0.0
47,56,447.0,504.0,0.0
47,35,517.0,473.0,0.0
47,55,512.0,475.0,0.0
47,60,479.0,468.0,0.0
47,30,454.0,439.0,0.47000000000000025
47,32,459.0,502.0,0.0
47,6,455.0,487.0,0.0
47,67,507.0,424.0,0.0
47,45,466.0,438.0,0.47000000000000025
47,73,443.0,477.0,0.0
47,64,501.0,445.0,0.0
47,90,478.0,485.0,0.0
47,4,509.0,428.0,0.0
47,13,538.0,438.0,0.0
47,54,480.0,445.0,0.0
47,63,502.0,501.0,0.0
47,86,447.0,467.0,0.0
47,91,526.0,502.0,0.0
47,62,523.0,474.0,0.0
47,58,472.0,418.0,0.47000000000000025
47,52,479.0,418.0,0.0
47,12,445.0,417.0,0.47000000000000025
47,28,479.0,490.0,0.0
47,75,443.0,424.0,0.47000000000000025
47,23,510.0,421.0,0.0
47,92,492.0,477.0,0.0
47,41,456.0,487.0,0.0
47,43,521.0,414.0,0.0
47,11,504.0,431.0,0.0
47,36,506.0,467.0,0.0
47,68,513.0,413.0,0.0
47,69,449.0,437.0,0.47000000000000025
47,98,442.0,500.0,0.0
47,82,470.0,411.0,0.47000000000000025
47,85,526.0,409.0,0.0
47,39,483.0,504.0,0.0
47,84,522.0,446.0,0.0
47,77,449.0,493.0,0.0
47,7,504.0,426.0,0.0
47,25,448.0,458.0,0.47000000000000025
47,95,523.0,506.0,0.0
47,71,473.0,502.0,0.0
47,66,507.0,505.0,0.0
47,76,477.0,489.0,0.0
47,34,479.0,409.0,0.0
47,50,448.0,442.0,0.47000000000000025
47,59,502.0,441.0,0.0
47,93,449.0,442.0,0.47000000000000025
47,2,485.0,445.0,0.0
47,10,454.0,426.0,0.47000000000000025
47,18,458.0,418.0,0.47000000000000025
47,26,472.0,414.0,0.47000000000000025
47,27,453.0,409.0,0.47000000000000025
47,42,441.0,482.0,0.0
47,87,505.0,455.0,0.0
47,100,530.0,428.0,0.0
47,79,516.0,470.0,0.0
47,16,487.0,488.0,0.0
47,20,457.0,478.0,0.0
47,81,527.0,410.0,0.0
47,19,442.0,464.0,0.0
47,49,482.0,429.0,0.0
47,44,469.0,440.0,0.47000000000000025
47,9,536.0,504.0,0.0
47,31,468.0,418.0,0.47000000000000025
47,74,512.0,437.0,0.0
47,61,458.0,468.0,0.0
47,29,493.0,442.0,0.0
47,94,487.0,420.0,0.0
47,46,510.0,446.0,0.0
47,57,446.0,436.0,0.47000000000000025
47,70,536.0,501.0,0.0
47,21,513.0,476.0,0.0
47,38,533.0,493.0,0.0
47,88,505.0,486.0,0.0
47,78,516.0,408.0,0.0
47,72,454.0,479.0,0.0
47,24,443.0,477.0,0.0
47,8,495.0,453.0,0.0
47,17,499.0,454.0,0.0
47,37,500.0,481.0,0.0
47,1,441.0,460.0,0.47000000000000025
47,53,511.0,470.0,0.0
47,22,446.0,493.0,0.0
47,47,498.0,470.0,0.0
47,83,495.0,475.0,0.0
47,99,482.0,408.0,0.0
47,89,474.0,460.0,0.0
47,14,453.0,457.0,0.47000000000000025
47,3,495.0,416.0,0.0
47,80,517.0,419.0,0.0
47,96,442.0,483.0,0.0
47,51,515.0,430.0,0.0
47,33,509.0,431.0,0.0
47,40,528.0,407.0,0.0
47,48,532.0,423.0,0.0
47,15,537.0,420.0,0.0
47,65,457.0,487.0,0.0
47,97,450.0,476.0,0.0
48,5,517.0,420.0,0.0
48,56,447.0,504.0,0.0
48,35,517.0,473.0,0.0
48,55,512.0,475.0,0.0
48,60,479.0,468.0,0.0
48,30,454.0,439.0,0.48000000000000026
48,32,459.0,502.0,0.0
48,6,455.0,487.0,0.0
48,67,507.0,424.0,0.0
48,45,466.0,438.0,0.48000000000000026
48,73,443.0,477.0,0.0
48,64,501.0,445.0,0.0
48,90,478.0,485.0,0.0
48,4,509.0,428.0,0.0
48,13,538.0,438.0,0.0
48,54,480.0,445.0,0.0
48,63,502.0,501.0,0.0
48,86,447.0,467.0,0.0
48,91,526.0,502.0,0.0
48,62,523.0,474.0,0.0
48,58,472.0,418.0,0.48000000000000026
48,52,479.0,418.0,0.0
48,12,445.0,417.0,0.48000000000000026
48,28,479.0,490.0,0.0
48,75,443.0,424.0,0.48000000000000026
48,23,510.0,421.0,0.0
48,92,492.0,477.0,0.0
48,41,456.0,487.0,0.0
48,43,521.0,414.0,0.0
48,11,504.0,431.0,0.0
48,36,506.0,467.0,0.0
48,68,513.0,413.0,0.0
48,69,449.0,437.0,0.48000000000000026
48,98,442.0,500.0,0.0
48,82,470.0,411.0,0.48000000000000026
48,85,526.0,409.0,0.0
48,39,483.0,504.0,0.0
48,84,522.0,446.0,0.0
48,77,449.0,493.0,0.0
48,7,504.0,426.0,0.0
48,25,448.0,458.0,0.48000000000000026
48,95,523.0,506.0,0.0
48,71,473.0,502.0,0.0
48,66,507.0,505.0,0.0
48,76,477.0,489.0,0.0
48,34,479.0,409.0,0.0
48,50,448.0,442.0,0.48000000000000026
48,59,502.0,441.0,0.0
48,93,449.0,442.0,0.48000000000000026
48,2,485.0,445.0,0.0
48,10,454.0,426.0,0.48000000000000026
48,18,458.0,418.0,0.48000000000000026
48,26,472.0,414.0,0.48000000000000026
48,27,453.0,409.0,0.48000000000000026
48,42,441.0,482.0,0.0
48,87,505.0,455.0,0.0
48,100,530.0,428.0,0.0
48,79,516.0,470.0,0.0
48,16,487.0,488.0,0.0
48,20,457.0,478.0,0.0
48,81,527.0,410.0,0.0
48,19,442.0,464.0,0.0
48,49,482.0,429.0,0.0
48,44,469.0,440.0,0.48000000000000026
48,9,536.0,504.0,0.0
48,31,468.0,418.0,0.48000000000000026
48,74,512.0,437.0,0.0
48,61,458.0,468.0,0.0
48,29,493.0,442.0,0.0
48,94,487.0,420.0,0.0
48,46,510.0,446.0,0.0
48,57,446.0,436.0,0.48000000000000026
48,70,536.0,501.0,0.0
48,21,513.0,476.0,0.0
48,38,533.0,493.0,0.0
48,88,505.0,486.0,0.0
48,78,516.0,408.0,0.0
48,72,454.0,479.0,0.0
48,24,443.0,477.0,0.0
48,8,495.0,453.0,0.0
48,17,499.0,454.0,0.0
48,37,500.0,481.0,0.0
48,1,441.0,460.0,0.48000000000000026
48,53,511.0,470.0,0.0
48,22,446.0,493.0,0.0
48,47,498.0,470.0,0.0
48,83,495.0,475.0,0.0
48,99,482.0,408.0,0.0
48,89,474.0,460.0,0.0
48,14,453.0,457.0,0.48000000000000026
48,3,495.0,416.0,0.0
48,80,517.0,419.0,0.0
48,96,442.0,483.0,0.0
48,51,515.0,430.0,0.0
48,33,509.0,431.0,0.0
48,40,528.0,407.0,0.0
48,48,532.0,423.0,0.0
48,15,537.0,420.0,0.0
48,65,457.0,487.0,0.0
48,97,450.0,476.0,0.0
49,5,517.0,420.0,0.0
49,56,447.0,504.0,0.0
49,35,517.0,473.0,0.0
49,55,512.0,475.0,0.0
49,60,479.0,468.0,0.0
49,30,454.0,439.0,0.49000000000000027
49,32,459.0,502.0,0.0
49,6,455.0,487.0,0.0
49,67,507.0,424.0,0.0
49,45,466.0,438.0,0.49000000000000027
49,73,443.0,477.0,0.0
49,64,501.0,445.0,0.0
49,90,478.0,485.0,0.0
49,4,509.0,428.0,0.0
49,13,538.0,438.0,0.0
49,54,480.0,445.0,0.0
49,63,502.0,501.0,0.0
49,86,447.0,467.0,0.0
49,91,526.0,502.0,0.0
49,62,523.0,474.0,0.0
49,58,472.0,418.0,0.49000000000000027
49,52,479.0,418.0,0.0
49,12,445.0,417.0,0.49000000000000027
49,28,479.0,490.0,0.0
49,75,443.0,424.0,0.49000000000000027
49,23,510.0,421.0,0.0
49,92,492.0,477.0,0.0
49,41,456.0,487.0,0.0
49,43,521.0,414.0,0.0
49,11,504.0,431.0,0.0
49,36,506.0,467.0,0.0
49,68,513.0,413.0,0.0
49,69,449.0,437.0,0.49000000000000027
49,98,442.0,500.0,0.0
49,82,470.0,411.0,0.49000000000000027
49,85,526.0,409.0,0.0
49,39,483.0,504.0,0.0
49,84,522.0,446.0,0.0
49,77,449.0,493.0,0.0
49,7,504.0,426.0,0.0
49,25,448.0,458.0,0.49000000000000027
49,95,523.0,506.0,0.0
49,71,473.0,502.0,0.0
49,66,507.0,505.0,0.0
49,76,477.0,489.0,0.0
49,34,479.0,409.0,0.0
49,50,448.0,442.0,0.49000000000000027
49,59,502.0,441.0,0.0
49,93,449.0,442.0,0.49000000000000027
49,2,485.0,445.0,0.0
49,10,454.0,426.0,0.49000000000000027
49,18,458.0,418.0,0.49000000000000027
49,26,472.0,414.0,0.49000000000000027
49,27,453.0,409.0,0.49000000000000027
49,42,441.0,482.0,0.0
49,87,505.0,455.0,0.0
49,100,530.0,428.0,0.0
49,79,516.0,470.0,0.0
49,16,487.0,488.0,0.0
49,20,457.0,478.0,0.0
49,81,527.0,410.0,0.0
49,19,442.0,464.0,0.0
49,49,482.0,429.0,0.0
49,44,469.0,440.0,0.49000000000000027
49,9,536.0,504.0,0.0
49,31,468.0,418.0,0.49000000000000027
49,74,512.0,437.0,0.0
49,61,458.0,468.0,0.0
49,29,493.0,442.0,0.0
49,94,487.0,420.0,0.0
49,46,510.0,446.0,0.0
49,57,446.0,436.0,0.49000000000000027
49,70,536.0,501.0,0.0
49,21,513.0,476.0,0.0
49,38,533.0,493.0,0.0
49,88,505.0,486.0,0.0
49,78,516.0,408.0,0.0
49,72,454.0,479.0,0.0
49,24,443.0,477.0,0.0
49,8,495.0,453.0,0.0
49,17,499.0,454.0,0.0
49,37,500.0,481.0,0.0
49,1,441.0,460.0,0.49000000000000027
49,53,511.0,470.0,0.0
49,22,446.0,493.0,0.0
49,47,498.0,470.0,0.0
49,83,495.0,475.0,0.0
49,99,482.0,408.0,0.0
49,89,474.0,460.0,0.0
49,14,453.0,457.0,0.49000000000000027
49,3,495.0,416.0,0.0
49,80,517.0,419.0,0.0
49,96,442.0,483.0,0.0
49,51,515.0,430.0,0.0
49,33,509.0,431.0,0.0
49,40,528.0,407.0,0.0
49,48,532.0,423.0,0.0
49,15,537.0,420.0,0.0
49,65,457.0,487.0,0.0
49,97,450.0,476.0,0.0
50,5,517.0,420.0,0.0
50,56,447.0,504.0,0.0
50,35,517.0,473.0,0.0
50,55,512.0,475.0,0.0
50,60,479.0,468.0,0.0
50,30,454.0,439.0,0.5000000000000002
50,32,459.0,502.0,0.0
50,6,455.0,487.0,0.0
50,67,507.0,424.0,0.0
50,45,466.0,438.0,0.5000000000000002
50,73,443.0,477.0,0.0
50,64,501.0,445.0,0.0
50,90,478.0,485.0,0.0
50,4,509.0,428.0,0.0
50,13,538.0,438.0,0.0
50,54,480.0,445.0,0.0
50,63,502.0,501.0,0.0
50,86,447.0,467.0,0.0
50,91,526.0,502.0,0.0
50,62,523.0,474.0,0.0
50,58,472.0,418.0,0.5000000000000002
50,52,479.0,418.0,0.0
50,12,445.0,417.0,0.5000000000000002
50,28,479.0,490.0,0.0
50,75,443.0,424.0,0.5000000000000002
50,23,510.0,421.0,0.0
50,92,492.0,477.0,0.0
50,41,456.0,487.0,0.0
50,43,521.0,414.0,0.0
50,11,504.0,431.0,0.0
50,36,506.0,467.0,0.0
50,68,513.0,413.0,0.0
50,69,449.0,437.0,0.5000000000000002
50,98,442.0,500.0,0.0
50,82,470.0,411.0,0.5000000000000002
50,85,526.0,409.0,0.0
50,39,483.0,504.0,0.0
50,84,522.0,446.0,0.0
50,77,449.0,493.0,0.0
50,7,504.0,426.0,0.0
50,25,448.0,458.0,0.5000000000000002
50,95,523.0,506.0,0.0
50,71,473.0,502.0,0.0
50,66,507.0,505.0,0.0
50,76,477.0,489.0,0.0
50,34,479.0,409.0,0.0
50,50,448.0,442.0,0.5000000000000002
50,59,502.0,441.0,0.0
50,93,449.0,442.0,0.5000000000000002
50,2,485.0,445.0,0.0
50,10,454.0,426.0,0.5000000000000002
50,18,458.0,418.0,0.5000000000000002
50,26,472.0,414.0,0.5000000000000002
50,27,453.0,409.0,0.5000000000000002
50,42,441.0,482.0,0.0
50,87,505.0,455.0,0.0
50,100,530.0,428.0,0.0
50,79,516.0,470.0,0.0
50,16,487.0,488.0,0.0
50,20,457.0,478.0,0.0
50,81,527.0,410.0,0.0
50,19,442.0,464.0,0.0
50,49,482.0,429.0,0.0
50,44,469.0,440.0,0.5000000000000002
50,9,536.0,504.0,0.0
50,31,468.0,418.0,0.5000000000000002
50,74,512.0,437.0,0.0
50,61,458.0,468.0,0.0
50,29,493.0,442.0,0.0
50,94,487.0,420.0,0.0
50,46,510.0,446.0,0.0
50,57,446.0,436.0,0.5000000000000002
50,70,536.0,501.0,0.0
50,21,513.0,476.0,0.0
50,38,533.0,493.0,0.0
50,88,505.0,486.0,0.0
50,78,516.0,408.0,0.0
50,72,454.0,479.0,0.0
50,24,443.0,477.0,0.0
50,8,495.0,453.0,0.0
50,17,499.0,454.0,0.0
50,37,500.0,481.0,0.0
50,1,441.0,460.0,0.5000000000000002
50,53,511.0,470.0,0.0
50,22,446.0,493.0,0.0
50,47,498.0,470.0,0.0
50,83,495.0,475.0,0.0
50,99,482.0,408.0,0.0
50,89,474.0,460.0,0.0
50,14,453.0,457.0,0.5000000000000002
50,3,495.0,416.0,0.0
50,80,517.0,419.0,0.0
50,96,442.0,483.0,0.0
50,51,515.0,430.0,0.0
50,33,509.0,431.0,0.0
50,40,528.0,407.0,0.0
50,48,532.0,423.0,0.0
50,15,537.0,420.0,0.0
50,65,457.0,487.0,0.0
50,97,450.0,476.0,0.0
51,5,517.0,420.0,0.0
51,56,447.0,504.0,0.0
51,35,517.0,473.0,0.0
51,55,512.0,475.0,0.0
51,60,479.0,468.0,0.0
51,30,454.0,439.0,0.5100000000000002
51,32,459.0,502.0,0.0
51,6,455.0,487.0,0.0
51,67,507.0,424.0,0.0
51,45,466.0,438.0,0.5100000000000002
51,73,443.0,477.0,0.0
51,64,501.0,445.0,0.0
51,90,478.0,485.0,0.0
51,4,509.0,428.0,0.0
51,13,538.0,438.0,0.0
51,54,480.0,445.0,0.0
51,63,502.0,501.0,0.0
51,86,447.0,467.0,0.0
51,91,526.0,502.0,0.0
51,62,523.0,474.0,0.0
51,58,472.0,418.0,0.5100000000000002
51,52,479.0,418.0,0.0
51,12,445.0,417.0,0.5100000000000002
51,28,479.0,490.0,0.0
51,75,443.0,424.0,0.5100000000000002
51,23,510.0,421.0,0.0
51,92,492.0,477.0,0.0
51,41,456.0,487.0,0.0
51,43,521.0,414.0,0.0
51,11,504.0,431.0,0.0
51,36,506.0,467.0,0.0
51,68,513.0,413.0,0.0
51,69,449.0,437.0,0.5100000000000002
51,98,442.0,500.0,0.0
51,82,470.0,411.0,0.5100000000000002
51,85,526.0,409.0,0.0
51,39,483.0,504.0,0.0
51,84,522.0,446.0,0.0
51,77,449.0,493.0,0.0
51,7,504.0,426.0,0.0
51,25,448.0,458.0,0.5100000000000002
51,95,523.0,506.0,0.0
51,71,473.0,502.0,0.0
51,66,507.0,505.0,0.0
51,76,477.0,489.0,0.0
51,34,479.0,409.0,0.0
51,50,448.0,442.0,0.5100000000000002
51,59,502.0,441.0,0.0
51,93,449.0,442.0,0.5100000000000002
51,2,485.0,445.0,0.0
51,10,454.0,426.0,0.5100000000000002
51,18,458.0,418.0,0.5100000000000002
51,26,472.0,414.0,0.5100000000000002
51,27,453.0,409.0,0.5100000000000002
51,42,441.0,482.0,0.0
51,87,505.0,455.0,0.0
51,100,530.0,428.0,0.0
51,79,516.0,470.0,0.0
51,16,487.0,488.0,0.0
51,20,457.0,478.0,0.0
51,81,527.0,410.0,0.0
51,19,442.0,464.0,0.0
51,49,482.0,429.0,0.0
51,44,469.0,440.0,0.5100000000000002
51,9,536.0,504.0,0.0
51,31,468.0,418.0,0.5100000000000002
51,74,512.0,437.0,0.0
51,61,458.0,468.0,0.0
51,29,493.0,442.0,0.0
51,94,487.0,420.0,0.0
51,46,510.0,446.0,0.0
51,57,446.0,436.0,0.5100000000000002
51,70,536.0,501.0,0.0
51,21,513.0,476.0,0.0
51,38,533.0,493.0,0.0
51,88,505.0,486.0,0.0
51,78,516.0,408.0,0.0
51,72,454.0,479.0,0.0
51,24,443.0,477.0,0.0
51,8,495.0,453.0,0.0
51,17,499.0,454.0,0.0
51,37,500.0,481.0,0.0
51,1,441.0,460.0,0.5100000000000002
51,53,511.0,470.0,0.0
51,22,446.0,493.0,0.0
51,47,498.0,470.0,0.0
51,83,495.0,475.0,0.0
51,99,482.0,408.0,0.0
51,89,474.0,460.0,0.0
51,14,453.0,457.0,0.5100000000000002
51,3,495.0,416.0,0.0
51,80,517.0,419.0,0.0
51,96,442.0,483.0,0.0
51,51,515.0,430.0,0.0
51,33,509.0,431.0,0.0
51,40,528.0,407.0,0.0
51,48,532.0,423.0,0.0
51,15,537.0,420.0,0.0
51,65,457.0,487.0,0.0
51,97,450.0,476.0,0.0
52,5,517.0,420.0,0.0
52,56,447.0,504.0,0.0
52,35,517.0,473.0,0.0
52,55,512.0,475.0,0.0
52,60,479.0,468.0,0.0
52,30,454.0,439.0,0.5200000000000002
52,32,459.0,502.0,0.0
52,6,455.0,487.0,0.0
52,67,507.0,424.0,0.0
52,45,466.0,438.0,0.5200000000000002
52,73,443.0,477.0,0.0
52,64,501.0,445.0,0.0
52,90,478.0,485.0,0.0
52,4,509.0,428.0,0.0
52,13,538.0,438.0,0.0
52,54,480.0,445.0,0.0
52,63,502.0,501.0,0.0
52,86,447.0,467.0,0.0
52,91,526.0,502.0,0.0
52,62,523.0,474.0,0.0
52,58,472.0,418.0,0.5200000000000002
52,52,479.0,418.0,0.0
52,12,445.0,417.0,0.5200000000000002
52,28,479.0,490.0,0.0
52,75,443.0,424.0,0.5200000000000002
52,23,510.0,421.0,0.0
52,92,492.0,477.0,0.0
52,41,456.0,487.0,0.0
52,43,521.0,414.0,0.0
52,11,504.0,431.0,0.0
52,36,506.0,467.0,0.0
52,68,513.0,413.0,0.0
52,69,449.0,437.0,0.5200000000000002
52,98,442.0,500.0,0.0
52,82,470.0,411.0,0.5200000000000002
52,85,526.0,409.0,0.0
52,39,483.0,504.0,0.0
52,84,522.0,446.0,0.0
52,77,449.0,493.0,0.0
52,7,504.0,426.0,0.0
52,25,448.0,458.0,0.5200000000000002
52,95,523.0,506.0,0.0
52,71,473.0,502.0,0.0
52,66,507.0,505.0,0.0
52,76,477.0,489.0,0.0
52,34,479.0,409.0,0.0
52,50,448.0,442.0,0.5200000000000002
52,59,502.0,441.0,0.0
52,93,449.0,442.0,0.5200000000000002
52,2,485.0,445.0,0.0
52,10,454.0,426.0,0.5200000000000002
52,18,458.0,418.0,0.5200000000000002
52,26,472.0,414.0,0.5200000000000002
52,27,453.0,409.0,0.5200000000000002
52,42,441.0,482.0,0.0
52,87,505.0,455.0,0.0
52,100,530.0,428.0,0.0
52,79,516.0,470.0,0.0
52,16,487.0,488.0,0.0
52,20,457.0,478.0,0.0
52,81,527.0,410.0,0.0
52,19,442.0,464.0,0.0
52,49,482.0,429.0,0.0
52,44,469.0,440.0,0.5200000000000002
52,9,536.0,504.0,0.0
52,31,468.0,418.0,0.5200000000000002
52,74,512.0,437.0,0.0
52,61,458.0,468.0,0.0
52,29,493.0,442.0,0.0
52,94,487.0,420.0,0.0
52,46,510.0,446.0,0.0
52,57,446.0,436.0,0.5200000000000002
52,70,536.0,501.0,0.0
52,21,513.0,476.0,0.0
52,38,533.0,493.0,0.0
52,88,505.0,486.0,0.0
52,78,516.0,408.0,0.0
52,72,454.0,479.0,0.0
52,24,443.0,477.0,0.0
52,8,495.0,453.0,0.0
52,17,499.0,454.0,0.0
52,37,500.0,481.0,0.0
52,1,441.0,460.0,0.5200000000000002
52,53,511.0,470.0,0.0
52,22,446.0,493.0,0.0
52,47,498.0,470.0,0.0
52,83,495.0,475.0,0.0
52,99,482.0,408.0,0.0
52,89,474.0,460.0,0.0
52,14,453.0,457.0,0.5200000000000002
52,3,495.0,416.0,0.0
52,80,517.0,419.0,0.0
52,96,442.0,483.0,0.0
52,51,515.0,430.0,0.0
52,33,509.0,431.0,0.0
52,40,528.0,407.0,0.0
52,48,532.0,423.0,0.0
52,15,537.0,420.0,0.0
52,65,457.0,487.0,0.0
52,97,450.0,476.0,0.0
53,5,517.0,420.0,0.0
53,56,447.0,504.0,0.0
53,35,517.0,473.0,0.0
53,55,512.0,475.0,0.0
53,60,479.0,468.0,0.0
53,30,454.0,439.0,0.5300000000000002
53,32,459.0,502.0,0.0
53,6,455.0,487.0,0.0
53,67,507.0,424.0,0.0
53,45,466.0,438.0,0.5300000000000002
53,73,443.0,477.0,0.0
53,64,501.0,445.0,0.0
53,90,478.0,485.0,0.0
53,4,509.0,428.0,0.0
53,13,538.0,438.0,0.0
53,54,480.0,445.0,0.0
53,63,502.0,501.0,0.0
53,86,447.0,467.0,0.0
53,91,526.0,502.0,0.0
53,62,523.0,474.0,0.0
53,58,472.0,418.0,0.5300000000000002
53,52,479.0,418.0,0.0
53,12,445.0,417.0,0.5300000000000002
53,28,479.0,490.0,0.0
53,75,443.0,424.0,0.5300000000000002
53,23,510.0,421.0,0.0
53,92,492.0,477.0,0.0
53,41,456.0,487.0,0.0
53,43,521.0,414.0,0.0
53,11,504.0,431.0,0.0
53,36,506.0,467.0,0.0
53,68,513.0,413.0,0.0
53,69,449.0,437.0,0.5300000000000002
53,98,442.0,500.0,0.0
53,82,470.0,411.0,0.5300000000000002
53,85,526.0,409.0,0.0
53,39,483.0,504.0,0.0
53,84,522.0,446.0,0.0
53,77,449.0,493.0,0.0
53,7,504.0,426.0,0.0
53,25,448.0,458.0,0.5300000000000002
53,95,523.0,506.0,0.0
53,71,473.0,502.0,0.0
53,66,507.0,505.0,0.0
53,76,477.0,489.0,0.0
53,34,479.0,409.0,0.0
53,50,448.0,442.0,0.5300000000000002
53,59,502.0,441.0,0.0
53,93,449.0,442.0,0.5300000000000002
53,2,485.0,445.0,0.0
53,10,454.0,426.0,0.5300000000000002
53,18,458.0,418.0,0.5300000000000002
53,26,472.0,414.0,0.5300000000000002
53,27,453.0,409.0,0.5300000000000002
53,42,441.0,482.0,0.0
53,87,505.0,455.0,0.0
53,100,530.0,428.0,0.0
53,79,516.0,470.0,0.0
53,16,487.0,488.0,0.0
53,20,457.0,478.0,0.0
53,81,527.0,410.0,0.0
53,19,442.0,464.0,0.0
53,49,482.0,429.0,0.0
53,44,469.0,440.0,0.5300000000000002
53,9,536.0,504.0,0.0
53,31,468.0,418.0,0.5300000000000002
53,74,512.0,437.0,0.0
53,61,458.0,468.0,0.0
53,29,493.0,442.0,0.0
53,94,487.0,420.0,0.0
53,46,510.0,446.0,0.0
53,57,446.0,436.0,0.5300000000000002
53,70,536.0,501.0,0.0
53,21,513.0,476.0,0.0
53,38,533.0,493.0,0.0
53,88,505.0,486.0,0.0
53,78,516.0,408.0,0.0
53,72,454.0,479.0,0.0
53,24,443.0,477.0,0.0
53,8,495.0,453.0,0.0
53,17,499.0,454.0,0.0
53,37,500.0,481.0,0.0
53,1,441.0,460.0,0.5300000000000002
53,53,511.0,470.0,0.0
53,22,446.0,493.0,0.0
53,47,498.0,470.0,0.0
53,83,495.0,475.0,0.0
53,99,482.0,408.0,0.0
53,89,474.0,460.0,0.0
53,14,453.0,457.0,0.5300000000000002
53,3,495.0,416.0,0.0
53,80,517.0,419.0,0.0
53,96,442.0,483.0,0.0
53,51,515.0,430.0,0.0
53,33,509.0,431.0,0.0
53,40,528.0,407.0,0.0
53,48,532.0,423.0,0.0
53,15,537.0,420.0,0.0
53,65,457.0,487.0,0.0
53,97,450.0,476.0,0.0
54,5,517.0,420.0,0.0
54,56,447.0,504.0,0.0
54,35,517.0,473.0,0.0
54,55,512.0,475.0,0.0
54,60,479.0,468.0,0.0
54,30,454.0,439.0,0.5400000000000003
54,32,459.0,502.0,0.0
54,6,455.0,487.0,0.0
54,67,507.0,424.0,0.0
54,45,466.0,438.0,0.5400000000000003
54,73,443.0,477.0,0.0
54,64,501.0,445.0,0.0
54,90,478.0,485.0,0.0
54,4,509.0,428.0,0.0
54,13,538.0,438.0,0.0
54,54,480.0,445.0,0.0
54,63,502.0,501.0,0.0
54,86,447.0,467.0,0.0
54,91,526.0,502.0,0.0
54,62,523.0,474.0,0.0
54,58,472.0,418.0,0.5400000000000003
54,52,479.0,418.0,0.0
54,12,445.0,417.0,0.5400000000000003
54,28,479.0,490.0,0.0
54,75,443.0,424.0,0.5400000000000003
54,23,510.0,421.0,0.0
54,92,492.0,477.0,0.0
54,41,456.0,487.0,0.0
54,43,521.0,414.0,0.0
54,11,504.0,431.0,0.0
54,36,506.0,467.0,0.0
54,68,513.0,413.0,0.0
54,69,449.0,437.0,0.5400000000000003
54,98,442.0,500.0,0.0
54,82,470.0,411.0,0.5400000000000003
54,85,526.0,409.0,0.0
54,39,483.0,504.0,0.0
54,84,522.0,446.0,0.0
54,77,449.0,493.0,0.0
54,7,504.0,426.0,0.0
54,25,448.0,458.0,0.5400000000000003
54,95,523.0,506.0,0.0
54,71,473.0,502.0,0.0
54,66,507.0,505.0,0.0
54,76,477.0,489.0,0.0
54,34,479.0,409.0,0.0
54,50,448.0,442.0,0.5400000000000003
54,59,502.0,441.0,0.0
54,93,449.0,442.0,0.5400000000000003
54,2,485.0,445.0,0.0
54,10,454.0,426.0,0.5400000000000003
54,18,458.0,418.0,0.5400000000000003
54,26,472.0,414.0,0.5400000000000003
54,27,453.0,409.0,0.5400000000000003
54,42,441.0,482.0,0.0
54,87,505.0,455.0,0.0
54,100,530.0,428.0,0.0
54,79,516.0,470.0,0.0
54,16,487.0,488.0,0.0
54,20,457.0,478.0,0.0
54,81,527.0,410.0,0.0
54,19,442.0,464.0,0.0
54,49,482.0,429.0,0.0
54,44,469.0,440.0,0.5400000000000003
54,9,536.0,504.0,0.0
54,31,468.0,418.0,0.5400000000000003
54,74,512.0,437.0,0.0
54,61,458.0,468.0,0.0
54,29,493.0,442.0,0.0
54,94,487.0,420.0,0.0
54,46,510.0,446.0,0.0
54,57,446.0,436.0,0.5400000000000003
54,70,536.0,501.0,0.0
54,21,513.0,476.0,0.0
54,38,533.0,493.0,0.0
54,88,505.0,486.0,0.0
54,78,516.0,408.0,0.0
54,72,454.0,479.0,0.0
54,24,443.0,477.0,0.0
54,8,495.0,453.0,0.0
54,17,499.0,454.0,0.0
54,37,500.0,481.0,0.0
54,1,441.0,460.0,0.5400000000000003
54,53,511.0,470.0,0.0
54,22,446.0,493.0,0.0
54,47,498.0,470.0,0.0
54,83,495.0,475.0,0.0
54,99,482.0,408.0,0.0
54,89,474.0,460.0,0.0
54,14,453.0,457.0,0.5400000000000003
54,3,495.0,416.0,0.0
54,80,517.0,419.0,0.0
54,96,442.0,483.0,0.0
54,51,515.0,430.0,0.0
54,33,509.0,431.0,0.0
54,40,528.0,407.0,0.0
54,48,532.0,423.0,0.0
54,15,537.0,420.0,0.0
54,65,457.0,487.0,0.0
54,97,450.0,476.0,0.0
55,5,517.0,420.0,0.0
55,56,447.0,504.0,0.0
55,35,517.0,473.0,0.0
55,55,512.0,475.0,0.0
55,60,479.0,468.0,0.0
55,30,454.0,439.0,0.5500000000000003
55,32,459.0,502.0,0.0
55,6,455.0,487.0,0.0
55,67,507.0,424.0,0.0
55,45,466.0,438.0,0.5500000000000003
55,73,443.0,477.0,0.0
55,64,501.0,445.0,0.0
55,90,478.0,485.0,0.0
55,4,509.0,428.0,0.0
55,13,538.0,438.0,0.0
55,54,480.0,445.0,0.0
55,63,502.0,501.0,0.0
55,86,447.0,467.0,0.0
55,91,526.0,502.0,0.0
55,62,523.0,474.0,0.0
55,58,472.0,418.0,0.5500000000000003
55,52,479.0,418.0,0.0
55,12,445.0,417.0,0.5500000000000003
55,28,479.0,490.0,0.0
55,75,443.0,424.0,0.5500000000000003
55,23,510.0,421.0,0.0
55,92,492.0,477.0,0.0
55,41,456.0,487.0,0.0
55,43,521.0,414.0,0.0
55,11,504.0,431.0,0.0
55,36,506.0,467.0,0.0
55,68,513.0,413.0,0.0
55,69,449.0,437.0,0.5500000000000003
55,98,442.0,500.0,0.0
55,82,470.0,411.0,0.5500000000000003
55,85,526.0,409.0,0.0
55,39,483.0,504.0,0.0
55,84,522.0,446.0,0.0
55,77,449.0,493.0,0.0
55,7,504.0,426.0,0.0
55,25,448.0,458.0,0.5500000000000003
55,95,523.0,506.0,0.0
55,71,473.0,502.0,0.0
55,66,507.0,505.0,0.0
55,76,477.0,489.0,0.0
55,34,479.0,409.0,0.0
55,50,448.0,442.0,0.5500000000000003
55,59,502.0,441.0,0.0
55,93,449.0,442.0,0.5500000000000003
55,2,485.0,445.0,0.0
55,10,454.0,426.0,0.5500000000000003
55,18,458.0,418.0,0.5500000000000003
55,26,472.0,414.0,0.5500000000000003
55,27,453.0,409.0,0.5500000000000003
55,42,441.0,482.0,0.0
55,87,505.0,455.0,0.0
55,100,530.0,428.0,0.0
55,79,516.0,470.0,0.0
55,16,487.0,488.0,0.0
55,20,457.0,478.0,0.0
55,81,527.0,410.0,0.0
55,19,442.0,464.0,0.0
55,49,482.0,429.0,0.0
55,44,469.0,440.0,0.5500000000000003
55,9,536.0,504.0,0.0
55,31,468.0,418.0,0.5500000000000003
55,74,512.0,437.0,0.0
55,61,458.0,468.0,0.0
55,29,493.0,442.0,0.0
55,94,487.0,420.0,0.0
55,46,510.0,446.0,0.0
55,57,446.0,436.0,0.5500000000000003
55,70,536.0,501.0,0.0
55,21,513.0,476.0,0.0
55,38,533.0,493.0,0.0
55,88,505.0,486.0,0.0
55,78,516.0,408.0,0.0
55,72,454.0,479.0,0.0
55,24,443.0,477.0,0.0
55,8,495.0,453.0,0.0
55,17,499.0,454.0,0.0
55,37,500.0,481.0,0.0
55,1,441.0,460.0,0.5500000000000003
55,53,511.0,470.0,0.0
55,22,446.0,493.0,0.0
55,47,498.0,470.0,0.0
55,83,495.0,475.0,0.0
55,99,482.0,408.0,0.0
55,89,474.0,460.0,0.0
55,14,453.0,457.0,0.5500000000000003
55,3,495.0,416.0,0.0
55,80,517.0,419.0,0.0
55,96,442.0,483.0,0.0
55,51,515.0,430.0,0.0
55,33,509.0,431.0,0.0
55,40,528.0,407.0,0.0
55,48,532.0,423.0,0.0
55,15,537.0,420.0,0.0
55,65,457.0,487.0,0.0
55,97,450.0,476.0,0.0
56,5,517.0,420.0,0.0
56,56,447.0,504.0,0.0
56,35,517.0,473.0,0.0
56,55,512.0,475.0,0.0
56,60,479.0,468.0,0.0
56,30,454.0,439.0,0.5600000000000003
56,32,459.0,502.0,0.0
56,6,455.0,487.0,0.0
56,67,507.0,424.0,0.0
56,45,466.0,438.0,0.5600000000000003
56,73,443.0,477.0,0.0
56,64,501.0,445.0,0.0
56,90,478.0,485.0,0.0
56,4,509.0,428.0,0.0
56,13,538.0,438.0,0.0
56,54,480.0,445.0,0.0
56,63,502.0,501.0,0.0
56,86,447.0,467.0,0.0
56,91,526.0,502.0,0.0
56,62,523.0,474.0,0.0
56,58,472.0,418.0,0.5600000000000003
56,52,479.0,418.0,0.0
56,12,445.0,417.0,0.5600000000000003
56,28,479.0,490.0,0.0
56,75,443.0,424.0,0.5600000000000003
56,23,510.0,421.0,0.0
56,92,492.0,477.0,0.0
56,41,456.0,487.0,0.0
56,43,521.0,414.0,0.0
56,11,504.0,431.0,0.0
56,36,506.0,467.0,0.0
56,68,513.0,413.0,0.0
56,69,449.0,437.0,0.5600000000000003
56,98,442.0,500.0,0.0
56,82,470.0,411.0,0.5600000000000003
56,85,526.0,409.0,0.0
56,39,483.0,504.0,0.0
56,84,522.0,446.0,0.0
56,77,449.0,493.0,0.0
56,7,504.0,426.0,0.0
56,25,448.0,458.0,0.5600000000000003
56,95,523.0,506.0,0.0
56,71,473.0,502.0,0.0
56,66,507.0,505.0,0.0
56,76,477.0,489.0,0.0
56,34,479.0,409.0,0.0
56,50,448.0,442.0,0.5600000000000003
56,59,502.0,441.0,0.0
56,93,449.0,442.0,0.5600000000000003
56,2,485.0,445.0,0.0
56,10,454.0,426.0,0.5600000000000003
56,18,458.0,418.0,0.5600000000000003
56,26,472.0,414.0,0.5600000000000003
56,27,453.0,409.0,0.5600000000000003
56,42,441.0,482.0,0.0
56,87,505.0,455.0,0.0
56,100,530.0,428.0,0.0
56,79,516.0,470.0,0.0
56,16,487.0,488.0,0.0
56,20,457.0,478.0,0.0
56,81,527.0,410.0,0.0
56,19,442.0,464.0,0.0
56,49,482.0,429.0,0.0
56,44,469.0,440.0,0.5600000000000003
56,9,536.0,504.0,0.0
56,31,468.0,418.0,0.5600000000000003
56,74,512.0,437.0,0.0
56,61,458.0,468.0,0.0
56,29,493.0,442.0,0.0
56,94,487.0,420.0,0.0
56,46,510.0,446.0,0.0
56,57,446.0,436.0,0.5600000000000003
56,70,536.0,501.0,0.0
56,21,513.0,476.0,0.0
56,38,533.0,493.0,0.0
56,88,505.0,486.0,0.0
56,78,516.0,408.0,0.0
56,72,454.0,479.0,0.0
56,24,443.0,477.0,0.0
56,8,495.0,453.0,0.0
56,17,499.0,454.0,0.0
56,37,500.0,481.0,0.0
56,1,441.0,460.0,0.5600000000000003
56,53,511.0,470.0,0.0
56,22,446.0,493.0,0.0
56,47,498.0,470.0,0.0
56,83,495.0,475.0,0.0
56,99,482.0,408.0,0.0
56,89,474.0,460.0,0.0
56,14,453.0,457.0,0.5600000000000003
56,3,495.0,416.0,0.0
56,80,517.0,419.0,0.0
56,96,442.0,483.0,0.0
56,51,515.0,430.0,0.0
56,33,509.0,431.0,0.0
56,40,528.0,407.0,0.0
56,48,532.0,423.0,0.0
56,15,537.0,420.0,0.0
56,65,457.0,487.0,0.0
56,97,450.0,476.0,0.0
57,5,517.0,420.0,0.0
57,56,447.0,504.0,0.0
57,35,517.0,473.0,0.0
57,55,512.0,475.0,0.0
57,60,479.0,468.0,0.0
57,30,454.0,439.0,0.5700000000000003
57,32,459.0,502.0,0.0
57,6,455.0,487.0,0.0
57,67,507.0,424.0,0.0
57,45,466.0,438.0,0.5700000000000003
57,73,443.0,477.0,0.0
57,64,501.0,445.0,0.0
57,90,478.0,485.0,0.0
57,4,509.0,428.0,0.0
57,13,538.0,438.0,0.0
57,54,480.0,445.0,0.0
57,63,502.0,501.0,0.0
57,86,447.0,467.0,0.0
57,91,526.0,502.0,0.0
57,62,523.0,474.0,0.0
57,58,472.0,418.0,0.5700000000000003
57,52,479.0,418.0,0.0
57,12,445.0,417.0,0.5700000000000003
57,28,479.0,490.0,0.0
57,75,443.0,424.0,0.5700000000000003
57,23,510.0,421.0,0.0
57,92,492.0,477.0,0.0
57,41,456.0,487.0,0.0
57,43,521.0,414.0,0.0
57,11,504.0,431.0,0.0
57,36,506.0,467.0,0.0
57,68,513.0,413.0,0.0
57,69,449.0,437.0,0.5700000000000003
57,98,442.0,500.0,0.0
57,82,470.0,411.0,0.5700000000000003
57,85,526.0,409.0,0.0
57,39,483.0,504.0,0.0
57,84,522.0,446.0,0.0
57,77,449.0,493.0,0.0
57,7,504.0,426.0,0.0
57,25,448.0,458.0,0.5700000000000003
57,95,523.0,506.0,0.0
57,71,473.0,502.0,0.0
57,66,507.0,505.0,0.0
57,76,477.0,489.0,0.0
57,34,479.0,409.0,0.0
57,50,448.0,442.0,0.5700000000000003
57,59,502.0,441.0,0.0
57,93,449.0,442.0,0.5700000000000003
57,2,485.0,445.0,0.0
57,10,454.0,426.0,0.5700000000000003
57,18,458.0,418.0,0.5700000000000003
57,26,472.0,414.0,0.5700000000000003
57,27,453.0,409.0,0.5700000000000003
57,42,441.0,482.0,0.0
57,87,505.0,455.0,0.0
57,100,530.0,428.0,0.0
57,79,516.0,470.0,0.0
57,16,487.0,488.0,0.0
57,20,457.0,478.0,0.0
57,81,527.0,410.0,0.0
57,19,442.0,464.0,0.0
57,49,482.0,429.0,0.0
57,44,469.0,440.0,0.5700000000000003
57,9,536.0,504.0,0.0
57,31,468.0,418.0,0.5700000000000003
57,74,512.0,437.0,0.0
57,61,458.0,468.0,0.0
57,29,493.0,442.0,0.0
57,94,487.0,420.0,0.0
57,46,510.0,446.0,0.0
57,57,446.0,436.0,0.5700000000000003
57,70,536.0,501.0,0.0
57,21,513.0,476.0,0.0
57,38,533.0,493.0,0.0
57,88,505.0,486.0,0.0
57,78,516.0,408.0,0.0
57,72,454.0,479.0,0.0
57,24,443.0,477.0,0.0
57,8,495.0,453.0,0.0
57,17,499.0,454.0,0.0
57,37,500.0,481.0,0.0
57,1,441.0,460.0,0.5700000000000003
57,53,511.0,470.0,0.0
57,22,446.0,493.0,0.0
57,47,498.0,470.0,0.0
57,83,495.0,475.0,0.0
57,99,482.0,408.0,0.0
57,89,474.0,460.0,0.0
57,14,453.0,457.0,0.5700000000000003
57,3,495.0,416.0,0.0
57,80,517.0,419.0,0.0
57,96,442.0,483.0,0.0
57,51,515.0,430.0,0.0
57,33,509.0,431.0,0.0
57,40,528.0,407.0,0.0
57,48,532.0,423.0,0.0
57,15,537.0,420.0,0.0
57,65,457.0,487.0,0.0
57,97,450.0,476.0,0.0
58,5,517.0,420.0,0.0
58,56,447.0,504.0,0.0
58,35,517.0,473.0,0.0
58,55,512.0,475.0,0.0
58,60,479.0,468.0,0.0
58,30,454.0,439.0,0.5800000000000003
58,32,459.0,502.0,0.0
58,6,455.0,487.0,0.0
58,67,507.0,424.0,0.0
58,45,466.0,438.0,0.5800000000000003
58,73,443.0,477.0,0.0
58,64,501.0,445.0,0.0
58,90,478.0,485.0,0.0
58,4,509.0,428.0,0.0
58,13,538.0,438.0,0.0
58,54,480.0,445.0,0.0
58,63,502.0,501.0,0.0
58,86,447.0,467.0,0.0
58,91,526.0,502.0,0.0
58,62,523.0,474.0,0.0
58,58,472.0,418.0,0.5800000000000003
58,52,479.0,418.0,0.0
58,12,445.0,417.0,0.5800000000000003
58,28,479.0,490.0,0.0
58,75,443.0,424.0,0.5800000000000003
58,23,510.0,421.0,0.0
58,92,492.0,477.0,0.0
58,41,456.0,487.0,0.0
58,43,521.0,414.0,0.0
58,11,504.0,431.0,0.0
58,36,506.0,467.0,0.0
58,68,513.0,413.0,0.0
58,69,449.0,437.0,0.5800000000000003
58,98,442.0,500.0,0.0
58,82,470.0,411.0,0.5800000000000003
58,85,526.0,409.0,0.0
58,39,483.0,504.0,0.0
58,84,522.0,446.0,0.0
58,77,449.0,493.0,0.0
58,7,504.0,426.0,0.0
58,25,448.0,458.0,0.5800000000000003
58,95,523.0,506.0,0.0
58,71,473.0,502.0,0.0
58,66,507.0,505.0,0.0
58,76,477.0,489.0,0.0
58,34,479.0,409.0,0.0
58,50,448.0,442.0,0.5800000000000003
58,59,502.0,441.0,0.0
58,93,449.0,442.0,0.5800000000000003
58,2,485.0,445.0,0.0
58,10,454.0,426.0,0.5800000000000003
58,18,458.0,418.0,0.5800000000000003
58,26,472.0,414.0,0.5800000000000003
58,27,453.0,409.0,0.5800000000000003
58,42,441.0,482.0,0.0
58,87,505.0,455.0,0.0
58,100,530.0,428.0,0.0
58,79,516.0,470.0,0.0
58,16,487.0,488.0,0.0
58,20,457.0,478.0,0.0
58,81,527.0,410.0,0.0
58,19,442.0,464.0,0.0
58,49,482.0,429.0,0.0
58,44,469.0,440.0,0.5800000000000003
58,9,536.0,504.0,0.0
58,31,468.0,418.0,0.5800000000000003
58,74,512.0,437.0,0.0
58,61,458.0,468.0,0.0
58,29,493.0,442.0,0.0
58,94,487.0,420.0,0.0
58,46,510.0,446.0,0.0
58,57,446.0,436.0,0.5800000000000003
58,70,536.0,501.0,0.0
58,21,513.0,476.0,0.0
58,38,533.0,493.0,0.0
58,88,505.0,486.0,0.0
58,78,516.0,408.0,0.0
58,72,454.0,479.0,0.0
58,24,443.0,477.0,0.0
58,8,495.0,453.0,0.0
58,17,499.0,454.0,0.0
58,37,500.0,481.0,0.0
58,1,441.0,460.0,0.5800000000000003
58,53,511.0,470.0,0.0
58,22,446.0,493.0,0.0
58,47,498.0,470.0,0.0
58,83,495.0,475.0,0.0
58,99,482.0,408.0,0.0
58,89,474.0,460.0,0.0
58,14,453.0,457.0,0.5800000000000003
58,3,495.0,416.0,0.0
58,80,517.0,419.0,0.0
58,96,442.0,483.0,0.0
58,51,515.0,430.0,0.0
58,33,509.0,431.0,0.0
58,40,528.0,407.0,0.0
58,48,532.0,423.0,0.0
58,15,537.0,420.0,0.0
58,65,457.0,487.0,0.0
58,97,450.0,476.0,0.0
59,5,517.0,420.0,0.0
59,56,447.0,504.0,0.0
59,35,517.0,473.0,0.0
59,55,512.0,475.0,0.0
59,60,479.0,468.0,0.0
59,30,454.0,439.0,0.5900000000000003
59,32,459.0,502.0,0.0
59,6,455.0,487.0,0.0
59,67,507.0,424.0,0.0
59,45,466.0,438.0,0.5900000000000003
59,73,443.0,477.0,0.0
59,64,501.0,445.0,0.0
59,90,478.0,485.0,0.0
59,4,509.0,428.0,0.0
59,13,538.0,438.0,0.0
59,54,480.0,445.0,0.0
59,63,502.0,501.0,0.0
59,86,447.0,467.0,0.0
59,91,526.0,502.0,0.0
59,62,523.0,474.0,0.0
59,58,472.0,418.0,0.5900000000000003
59,52,479.0,418.0,0.0
59,12,445.0,417.0,0.5900000000000003
59,28,479.0,490.0,0.0
59,75,443.0,424.0,0.5900000000000003
59,23,510.0,421.0,0.0
59,92,492.0,477.0,0.0
59,41,456.0,487.0,0.0
59,43,521.0,414.0,0.0
59,11,504.0,431.0,0.0
59,36,506.0,467.0,0.0
59,68,513.0,413.0,0.0
59,69,449.0,437.0,0.5900000000000003
59,98,442.0,500.0,0.0
59,82,470.0,411.0,0.5900000000000003
59,85,526.0,409.0,0.0
59,39,483.0,504.0,0.0
59,84,522.0,446.0,0.0
59,77,449.0,493.0,0.0
59,7,504.0,426.0,0.0
59,25,448.0,458.0,0.5900000000000003
59,95,523.0,506.0,0.0
59,71,473.0,502.0,0.0
59,66,507.0,505.0,0.0
59,76,477.0,489.0,0.0
59,34,479.0,409.0,0.0
59,50,448.0,442.0,0.5900000000000003
59,59,502.0,441.0,0.0
59,93,449.0,442.0,0.5900000000000003
59,2,485.0,445.0,0.0
59,10,454.0,426.0,0.5900000000000003
59,18,458.0,418.0,0.5900000000000003
59,26,472.0,414.0,0.5900000000000003
59,27,453.0,409.0,0.5900000000000003
59,42,441.0,482.0,0.0
59,87,505.0,455.0,0.0
59,100,530.0,428.0,0.0
59,79,516.0,470.0,0.0
59,16,487.0,488.0,0.0
59,20,457.0,478.0,0.0
59,81,527.0,410.0,0.0
59,19,442.0,464.0,0.0
59,49,482.0,429.0,0.0
59,44,469.0,440.0,0.5900000000000003
59,9,536.0,504.0,0.0
59,31,468.0,418.0,0.5900000000000003
59,74,512.0,437.0,0.0
59,61,458.0,468.0,0.0
59,29,493.0,442.0,0.0
59,94,487.0,420.0,0.0
59,46,510.0,446.0,0.0
59,57,446.0,436.0,0.5900000000000003
59,70,536.0,501.0,0.0
59,21,513.0,476.0,0.0
59,38,533.0,493.0,0.0
59,88,505.0,486.0,0.0
59,78,516.0,408.0,0.0
59,72,454.0,479.0,0.0
59,24,443.0,477.0,0.0
59,8,495.0,453.0,0.0
59,17,499.0,454.0,0.0
59,37,500.0,481.0,0.0
59,1,441.0,460.0,0.5900000000000003
59,53,511.0,470.0,0.0
59,22,446.0,493.0,0.0
59,47,498.0,470.0,0.0
59,83,495.0,475.0,0.0
59,99,482.0,408.0,0.0
59,89,474.0,460.0,0.0
59,14,453.0,457.0,0.5900000000000003
59,3,495.0,416.0,0.0
59,80,517.0,419.0,0.0
59,96,442.0,483.0,0.0
59,51,515.0,430.0,0.0
59,33,509.0,431.0,0.0
59,40,528.0,407.0,0.0
59,48,532.0,423.0,0.0
59,15,537.0,420.0,0.0
59,65,457.0,487.0,0.0
59,97,450.0,476.0,0.0
60,5,517.0,420.0,0.0
60,56,447.0,504.0,0.0
60,35,517.0,473.0,0.0
60,55,512.0,475.0,0.0
60,60,479.0,468.0,0.0
60,30,454.0,439.0,0.6000000000000003
60,32,459.0,502.0,0.0
60,6,455.0,487.0,0.0
60,67,507.0,424.0,0.0
60,45,466.0,438.0,0.6000000000000003
60,73,443.0,477.0,0.0
60,64,501.0,445.0,0.0
60,90,478.0,485.0,0.0
60,4,509.0,428.0,0.0
60,13,538.0,438.0,0.0
60,54,480.0,445.0,0.0
60,63,502.0,501.0,0.0
60,86,447.0,467.0,0.0
60,91,526.0,502.0,0.0
60,62,523.0,474.0,0.0
60,58,472.0,418.0,0.6000000000000003
60,52,479.0,418.0,0.0
60,12,445.0,417.0,0.6000000000000003
60,28,479.0,490.0,0.0
60,75,443.0,424.0,0.6000000000000003
60,23,510.0,421.0,0.0
60,92,492.0,477.0,0.0
60,41,456.0,487.0,0.0
60,43,521.0,414.0,0.0
60,11,504.0,431.0,0.0
60,36,506.0,467.0,0.0
60,68,513.0,413.0,0.0
60,69,449.0,437.0,0.6000000000000003
60,98,442.0,500.0,0.0
60,82,470.0,411.0,0.6000000000000003
60,85,526.0,409.0,0.0
60,39,483.0,504.0,0.0
60,84,522.0,446.0,0.0
60,77,449.0,493.0,0.0
60,7,504.0,426.0,0.0
60,25,448.0,458.0,0.6000000000000003
60,95,523.0,506.0,0.0
60,71,473.0,502.0,0.0
60,66,507.0,505.0,0.0
60,76,477.0,489.0,0.0
60,34,479.0,409.0,0.0
60,50,448.0,442.0,0.6000000000000003
60,59,502.0,441.0,0.0
60,93,449.0,442.0,0.6000000000000003
60,2,485.0,445.0,0.0
60,10,454.0,426.0,0.6000000000000003
60,18,458.0,418.0,0.6000000000000003
60,26,472.0,414.0,0.6000000000000003
60,27,453.0,409.0,0.6000000000000003
60,42,441.0,482.0,0.0
60,87,505.0,455.0,0.0
60,100,530.0,428.0,0.0
60,79,516.0,470.0,0.0
60,16,487.0,488.0,0.0
60,20,457.0,478.0,0.0
60,81,527.0,410.0,0.0
60,19,442.0,464.0,0.0
60,49,482.0,429.0,0.0
60,44,469.0,440.0,0.6000000000000003
60,9,536.0,504.0,0.0
60,31,468.0,418.0,0.6000000000000003
60,74,512.0,437.0,0.0
60,61,458.0,468.0,0.0
60,29,493.0,442.0,0.0
60,94,487.0,420.0,0.0
60,46,510.0,446.0,0.0
60,57,446.0,436.0,0.6000000000000003
60,70,536.0,501.0,0.0
60,21,513.0,476.0,0.0
60,38,533.0,493.0,0.0
60,88,505.0,486.0,0.0
60,78,516.0,408.0,0.0
60,72,454.0,479.0,0.0
60,24,443.0,477.0,0.0
60,8,495.0,453.0,0.0
60,17,499.0,454.0,0.0
60,37,500.0,481.0,0.0
60,1,441.0,460.0,0.6000000000000003
60,53,511.0,470.0,0.0
60,22,446.0,493.0,0.0
60,47,498.0,470.0,0.0
60,83,495.0,475.0,0.0
60,99,482.0,408.0,0.0
60,89,474.0,460.0,0.0
60,14,453.0,457.0,0.6000000000000003
60,3,495.0,416.0,0.0
60,80,517.0,419.0,0.0
60,96,442.0,483.0,0.0
60,51,515.0,430.0,0.0
60,33,509.0,431.0,0.0
60,40,528.0,407.0,0.0
60,48,532.0,423.0,0.0
60,15,537.0,420.0,0.0
60,65,457.0,487.0,0.0
60,97,450.0,476.0,0.0
61,5,517.0,420.0,0.0
61,56,447.0,504.0,0.0
61,35,517.0,473.0,0.0
61,55,512.0,475.0,0.0
61,60,479.0,468.0,0.0
61,30,454.0,439.0,0.6100000000000003
61,32,459.0,502.0,0.0
61,6,455.0,487.0,0.0
61,67,507.0,424.0,0.0
61,45,466.0,438.0,0.6100000000000003
61,73,443.0,477.0,0.0
61,64,501.0,445.0,0.0
61,90,478.0,485.0,0.0
61,4,509.0,428.0,0.0
61,13,538.0,438.0,0.0
61,54,480.0,445.0,0.0
61,63,502.0,501.0,0.0
61,86,447.0,467.0,0.0
61,91,526.0,502.0,0.0
61,62,523.0,474.0,0.0
61,58,472.0,418.0,0.6100000000000003
61,52,479.0,418.0,0.0
61,12,445.0,417.0,0.6100000000000003
61,28,479.0,490.0,0.0
61,75,443.0,424.0,0.6100000000000003
61,23,510.0,421.0,0.0
61,92,492.0,477.0,0.0
61,41,456.0,487.0,0.0
61,43,521.0,414.0,0.0
61,11,504.0,431.0,0.0
61,36,506.0,467.0,0.0
61,68,513.0,413.0,0.0
61,69,449.0,437.0,0.6100000000000003
61,98,442.0,500.0,0.0
61,82,470.0,411.0,0.6100000000000003
61,85,526.0,409.0,0.0
61,39,483.0,504.0,0.0
61,84,522.0,446.0,0.0
61,77,449.0,493.0,0.0
61,7,504.0,426.0,0.0
61,25,448.0,458.0,0.6100000000000003
61,95,523.0,506.0,0.0
61,71,473.0,502.0,0.0
61,66,507.0,505.0,0.0
61,76,477.0,489.0,0.0
61,34,479.0,409.0,0.0
61,50,448.0,442.0,0.6100000000000003
61,59,502.0,441.0,0.0
61,93,449.0,442.0,0.6100000000000003
61,2,485.0,445.0,0.0
61,10,454.0,426.0,0.6100000000000003
61,18,458.0,418.0,0.6100000000000003
61,26,472.0,414.0,0.6100000000000003
61,27,453.0,409.0,0.6100000000000003
61,42,441.0,482.0,0.0
61,87,505.0,455.0,0.0
61,100,530.0,428.0,0.0
61,79,516.0,470.0,0.0
61,16,487.0,488.0,0.0
61,20,457.0,478.0,0.0
61,81,527.0,410.0,0.0
61,19,442.0,464.0,0.0
61,49,482.0,429.0,0.0
61,44,469.0,440.0,0.6100000000000003
61,9,536.0,504.0,0.0
61,31,468.0,418.0,0.6100000000000003
61,74,512.0,437.0,0.0
61,61,458.0,468.0,0.0
61,29,493.0,442.0,0.0
61,94,487.0,420.0,0.0
61,46,510.0,446.0,0.0
61,57,446.0,436.0,0.6100000000000003
61,70,536.0,501.0,0.0
61,21,513.0,476.0,0.0
61,38,533.0,493.0,0.0
61,88,505.0,486.0,0.0
61,78,516.0,408.0,0.0
61,72,454.0,479.0,0.0
61,24,443.0,477.0,0.0
61,8,495.0,453.0,0.0
61,17,499.0,454.0,0.0
61,37,500.0,481.0,0.0
61,1,441.0,460.0,0.6100000000000003
61,53,511.0,470.0,0.0
61,22,446.0,493.0,0.0
61,47,498.0,470.0,0.0
61,83,495.0,475.0,0.0
61,99,482.0,408.0,0.0
61,89,474.0,460.0,0.0
61,14,453.0,457.0,0.6100000000000003
61,3,495.0,416.0,0.0
61,80,517.0,419.0,0.0
61,96,442.0,483.0,0.0
61,51,515.0,430.0,0.0
61,33,509.0,431.0,0.0
61,40,528.0,407.0,0.0
61,48,532.0,423.0,0.0
61,15,537.0,420.0,0.0
61,65,457.0,487.0,0.0
61,97,450.0,476.0,0.0
62,5,517.0,420.0,0.0
62,56,447.0,504.0,0.0
62,35,517.0,473.0,0.0
62,55,512.0,475.0,0.0
62,60,479.0,468.0,0.0
62,30,454.0,439.0,0.6200000000000003
62,32,459.0,502.0,0.0
62,6,455.0,487.0,0.0
62,67,507.0,424.0,0.0
62,45,466.0,438.0,0.6200000000000003
62,73,443.0,477.0,0.0
62,64,501.0,445.0,0.0
62,90,478.0,485.0,0.0
62,4,509.0,428.0,0.0
62,13,538.0,438.0,0.0
62,54,480.0,445.0,0.0
62,63,502.0,501.0,0.0
62,86,447.0,467.0,0.0
62,91,526.0,502.0,0.0
62,62,523.0,474.0,0.0
62,58,472.0,418.0,0.6200000000000003
62,52,479.0,418.0,0.0
62,12,445.0,417.0,0.6200000000000003
62,28,479.0,490.0,0.0
62,75,443.0,424.0,0.6200000000000003
62,23,510.0,421.0,0.0
62,92,492.0,477.0,0.0
62,41,456.0,487.0,0.0
62,43,521.0,414.0,0.0
62,11,504.0,431.0,0.0
62,36,506.0,467.0,0.0
62,68,513.0,413.0,0.0
62,69,449.0,437.0,0.6200000000000003
62,98,442.0,500.0,0.0
62,82,470.0,411.0,0.6200000000000003
62,85,526.0,409.0,0.0
62,39,483.0,504.0,0.0
62,84,522.0,446.0,0.0
62,77,449.0,493.0,0.0
62,7,504.0,426.0,0.0
62,25,448.0,458.0,0.6200000000000003
62,95,523.0,506.0,0.0
62,71,473.0,502.0,0.0
62,66,507.0,505.0,0.0
62,76,477.0,489.0,0.0
62,34,479.0,409.0,0.0
62,50,448.0,442.0,0.6200000000000003
62,59,502.0,441.0,0.0
62,93,449.0,442.0,0.6200000000000003
62,2,485.0,445.0,0.0
62,10,454.0,426.0,0.6200000000000003
62,18,458.0,418.0,0.6200000000000003
62,26,472.0,414.0,0.6200000000000003
62,27,453.0,409.0,0.6200000000000003
62,42,441.0,482.0,0.0
62,87,505.0,455.0,0.0
62,100,530.0,428.0,0.0
62,79,516.0,470.0,0.0
62,16,487.0,488.0,0.0
62,20,457.0,478.0,0.0
62,81,527.0,410.0,0.0
62,19,442.0,464.0,0.0
62,49,482.0,429.0,0.0
62,44,469.0,440.0,0.6200000000000003
62,9,536.0,504.0,0.0
62,31,468.0,418.0,0.6200000000000003
62,74,512.0,437.0,0.0
62,61,458.0,468.0,0.0
62,29,493.0,442.0,0.0
62,94,487.0,420.0,0.0
62,46,510.0,446.0,0.0
62,57,446.0,436.0,0.6200000000000003
62,70,536.0,501.0,0.0
62,21,513.0,476.0,0.0
62,38,533.0,493.0,0.0
62,88,505.0,486.0,0.0
62,78,516.0,408.0,0.0
62,72,454.0,479.0,0.0
62,24,443.0,477.0,0.0
62,8,495.0,453.0,0.0
62,17,499.0,454.0,0.0
62,37,500.0,481.0,0.0
62,1,441.0,460.0,0.6200000000000003
62,53,511.0,470.0,0.0
62,22,446.0,493.0,0.0
62,47,498.0,470.0,0.0
62,83,495.0,475.0,0.0
62,99,482.0,408.0,0.0
62,89,474.0,460.0,0.0
62,14,453.0,457.0,0.6200000000000003
62,3,495.0,416.0,0.0
62,80,517.0,419.0,0.0
62,96,442.0,483.0,0.0
62,51,515.0,430.0,0.0
62,33,509.0,431.0,0.0
62,40,528.0,407.0,0.0
62,48,532.0,423.0,0.0
62,15,537.0,420.0,0.0
62,65,457.0,487.0,0.0
62,97,450.0,476.0,0.0
63,5,517.0,420.0,0.0
63,56,447.0,504.0,0.0
63,35,517.0,473.0,0.0
63,55,512.0,475.0,0.0
63,60,479.0,468.0,0.0
63,30,454.0,439.0,0.6300000000000003
63,32,459.0,502.0,0.0
63,6,455.0,487.0,0.0
63,67,507.0,424.0,0.0
63,45,466.0,438.0,0.6300000000000003
63,73,443.0,477.0,0.0
63,64,501.0,445.0,0.0
63,90,478.0,485.0,0.0
63,4,509.0,428.0,0.0
63,13,538.0,438.0,0.0
63,54,480.0,445.0,0.0
63,63,502.0,501.0,0.0
63,86,447.0,467.0,0.0
63,91,526.0,502.0,0.0
63,62,523.0,474.0,0.0
63,58,472.0,418.0,0.6300000000000003
63,52,479.0,418.0,0.0
63,12,445.0,417.0,0.6300000000000003
63,28,479.0,490.0,0.0
63,75,443.0,424.0,0.6300000000000003
63,23,510.0,421.0,0.0
63,92,492.0,477.0,0.0
63,41,456.0,487.0,0.0
63,43,521.0,414.0,0.0
63,11,504.0,431.0,0.0
63,36,506.0,467.0,0.0
63,68,513.0,413.0,0.0
63,69,449.0,437.0,0.6300000000000003
63,98,442.0,500.0,0.0
63,82,470.0,411.0,0.6300000000000003
63,85,526.0,409.0,0.0
63,39,483.0,504.0,0.0
63,84,522.0,446.0,0.0
63,77,449.0,493.0,0.0
63,7,504.0,426.0,0.0
63,25,448.0,458.0,0.6300000000000003
63,95,523.0,506.0,0.0
63,71,473.0,502.0,0.0
63,66,507.0,505.0,0.0
63,76,477.0,489.0,0.0
63,34,479.0,409.0,0.0
63,50,448.0,442.0,0.6300000000000003
63,59,502.0,441.0,0.0
63,93,449.0,442.0,0.6300000000000003
63,2,485.0,445.0,0.0
63,10,454.0,426.0,0.6300000000000003
63,18,458.0,418.0,0.6300000000000003
63,26,472.0,414.0,0.6300000000000003
63,27,453.0,409.0,0.6300000000000003
63,42,441.0,482.0,0.0
63,87,505.0,455.0,0.0
63,100,530.0,428.0,0.0
63,79,516.0,470.0,0.0
63,16,487.0,488.0,0.0
63,20,457.0,478.0,0.0
63,81,527.0,410.0,0.0
63,19,442.0,464.0,0.0
63,49,482.0,429.0,0.0
63,44,469.0,440.0,0.6300000000000003
63,9,536.0,504.0,0.0
63,31,468.0,418.0,0.6300000000000003
63,74,512.0,437.0,0.0
63,61,458.0,468.0,0.0
63,29,493.0,442.0,0.0
63,94,487.0,420.0,0.0
63,46,510.0,446.0,0.0
63,57,446.0,436.0,0.6300000000000003
63,70,536.0,501.0,0.0
63,21,513.0,476.0,0.0
63,38,533.0,493.0,0.0
63,88,505.0,486.0,0.0
63,78,516.0,408.0,0.0
63,72,454.0,479.0,0.0
63,24,443.0,477.0,0.0
63,8,495.0,453.0,0.0
63,17,499.0,454.0,0.0
63,37,500.0,481.0,0.0
63,1,441.0,460.0,0.6300000000000003
63,53,511.0,470.0,0.0
63,22,446.0,493.0,0.0
63,47,498.0,470.0,0.0
63,83,495.0,475.0,0.0
63,99,482.0,408.0,0.0
63,89,474.0,460.0,0.0
63,14,453.0,457.0,0.6300000000000003
63,3,495.0,416.0,0.0
63,80,517.0,419.0,0.0
63,96,442.0,483.0,0.0
63,51,515.0,430.0,0.0
63,33,509.0,431.0,0.0
63,40,528.0,407.0,0.0
63,48,532.0,423.0,0.0
63,15,537.0,420.0,0.0
63,65,457.0,487.0,0.0
63,97,450.0,476.0,0.0
64,5,517.0,420.0,0.0
64,56,447.0,504.0,0.0
64,35,517.0,473.0,0.0
64,55,512.0,475.0,0.0
64,60,479.0,468.0,0.0
64,30,454.0,439.0,0.6400000000000003
64,32,459.0,502.0,0.0
64,6,455.0,487.0,0.0
64,67,507.0,424.0,0.0
64,45,466.0,438.0,0.6400000000000003
64,73,443.0,477.0,0.0
64,64,501.0,445.0,0.0
64,90,478.0,485.0,0.0
64,4,509.0,428.0,0.0
64,13,538.0,438.0,0.0
64,54,480.0,445.0,0.0
64,63,502.0,501.0,0.0
64,86,447.0,467.0,0.0
64,91,526.0,502.0,0.0
64,62,523.0,474.0,0.0
64,58,472.0,418.0,0.6400000000000003
64,52,479.0,418.0,0.0
64,12,445.0,417.0,0.6400000000000003
64,28,479.0,490.0,0.0
64,75,443.0,424.0,0.6400000000000003
64,23,510.0,421.0,0.0
64,92,492.0,477.0,0.0
64,41,456.0,487.0,0.0
64,43,521.0,414.0,0.0
64,11,504.0,431.0,0.0
64,36,506.0,467.0,0.0
64,68,513.0,413.0,0.0
64,69,449.0,437.0,0.6400000000000003
64,98,442.0,500.0,0.0
64,82,470.0,411.0,0.6400000000000003
64,85,526.0,409.0,0.0
64,39,483.0,504.0,0.0
64,84,522.0,446.0,0.0
64,77,449.0,493.0,0.0
64,7,504.0,426.0,0.0
64,25,448.0,458.0,0.6400000000000003
64,95,523.0,506.0,0.0
64,71,473.0,502.0,0.0
64,66,507.0,505.0,0.0
64,76,477.0,489.0,0.0
64,34,479.0,409.0,0.0
64,50,448.0,442.0,0.6400000000000003
64,59,502.0,441.0,0.0
64,93,449.0,442.0,0.6400000000000003
64,2,485.0,445.0,0.0
64,10,454.0,426.0,0.6400000000000003
64,18,458.0,418.0,0.6400000000000003
64,26,472.0,414.0,0.6400000000000003
64,27,453.0,409.0,0.6400000000000003
64,42,441.0,482.0,0.0
64,87,505.0,455.0,0.0
64,100,530.0,428.0,0.0
64,79,516.0,470.0,0.0
64,16,487.0,488.0,0.0
64,20,457.0,478.0,0.0
64,81,527.0,410.0,0.0
64,19,442.0,464.0,0.0
64,49,482.0,429.0,0.0
64,44,469.0,440.0,0.6400000000000003
64,9,536.0,504.0,0.0
64,31,468.0,418.0,0.6400000000000003
64,74,512.0,437.0,0.0
64,61,458.0,468.0,0.0
64,29,493.0,442.0,0.0
64,94,487.0,420.0,0.0
64,46,510.0,446.0,0.0
64,57,446.0,436.0,0.6400000000000003
64,70,536.0,501.0,0.0
64,21,513.0,476.0,0.0
64,38,533.0,493.0,0.0
64,88,505.0,486.0,0.0
64,78,516.0,408.0,0.0
64,72,454.0,479.0,0.0
64,24,443.0,477.0,0.0
64,8,495.0,453.0,0.0
64,17,499.0,454.0,0.0
64,37,500.0,481.0,0.0
64,1,441.0,460.0,0.6400000000000003
64,53,511.0,470.0,0.0
64,22,446.0,493.0,0.0
64,47,498.0,470.0,0.0
64,83,495.0,475.0,0.0
64,99,482.0,408.0,0.0
64,89,474.0,460.0,0.0
64,14,453.0,457.0,0.6400000000000003
64,3,495.0,416.0,0.0
64,80,517.0,419.0,0.0
64,96,442.0,483.0,0.0
64,51,515.0,430.0,0.0
64,33,509.0,431.0,0.0
64,40,528.0,407.0,0.0
64,48,532.0,423.0,0.0
64,15,537.0,420.0,0.0
64,65,457.0,487.0,0.0
64,97,450.0,476.0,0.0
65,5,517.0,420.0,0.0
65,56,447.0,504.0,0.0
65,35,517.0,473.0,0.0
65,55,512.0,475.0,0.0
65,60,479.0,468.0,0.0
65,30,454.0,439.0,0.6500000000000004
65,32,459.0,502.0,0.0
65,6,455.0,487.0,0.0
65,67,507.0,424.0,0.0
65,45,466.0,438.0,0.6500000000000004
65,73,443.0,477.0,0.0
65,64,501.0,445.0,0.0
65,90,478.0,485.0,0.0
65,4,509.0,428.0,0.0
65,13,538.0,438.0,0.0
65,54,480.0,445.0,0.0
65,63,502.0,501.0,0.0
65,86,447.0,467.0,0.0
65,91,526.0,502.0,0.0
65,62,523.0,474.0,0.0
65,58,472.0,418.0,0.6500000000000004
65,52,479.0,418.0,0.0
65,12,445.0,417.0,0.6500000000000004
65,28,479.0,490.0,0.0
65,75,443.0,424.0,0.6500000000000004
65,23,510.0,421.0,0.0
65,92,492.0,477.0,0.0
65,41,456.0,487.0,0.0
65,43,521.0,414.0,0.0
65,11,504.0,431.0,0.0
65,36,506.0,467.0,0.0
65,68,513.0,413.0,0.0
65,69,449.0,437.0,0.6500000000000004
65,98,442.0,500.0,0.0
65,82,470.0,411.0,0.6500000000000004
65,85,526.0,409.0,0.0
65,39,483.0,504.0,0.0
65,84,522.0,446.0,0.0
65,77,449.0,493.0,0.0
65,7,504.0,426.0,0.0
65,25,448.0,458.0,0.6500000000000004
65,95,523.0,506.0,0.0
65,71,473.0,502.0,0.0
65,66,507.0,505.0,0.0
65,76,477.0,489.0,0.0
65,34,479.0,409.0,0.0
65,50,448.0,442.0,0.6500000000000004
65,59,502.0,441.0,0.0
65,93,449.0,442.0,0.6500000000000004
65,2,485.0,445.0,0.0
65,10,454.0,426.0,0.6500000000000004
65,18,458.0,418.0,0.6500000000000004
65,26,472.0,414.0,0.6500000000000004
65,27,453.0,409.0,0.6500000000000004
65,42,441.0,482.0,0.0
65,87,505.0,455.0,0.0
65,100,530.0,428.0,0.0
65,79,516.0,470.0,0.0
65,16,487.0,488.0,0.0
65,20,457.0,478.0,0.0
65,81,527.0,410.0,0.0
65,19,442.0,464.0,0.0
65,49,482.0,429.0,0.0
65,44,469.0,440.0,0.6500000000000004
65,9,536.0,504.0,0.0
65,31,468.0,418.0,0.6500000000000004
65,74,512.0,437.0,0.0
65,61,458.0,468.0,0.0
65,29,493.0,442.0,0.0
65,94,487.0,420.0,0.0
65,46,510.0,446.0,0.0
65,57,446.0,436.0,0.6500000000000004
65,70,536.0,501.0,0.0
65,21,513.0,476.0,0.0
65,38,533.0,493.0,0.0
65,88,505.0,486.0,0.0
65,78,516.0,408.0,0.0
65,72,454.0,479.0,0.0
65,24,443.0,477.0,0.0
65,8,495.0,453.0,0.0
65,17,499.0,454.0,0.0
65,37,500.0,481.0,0.0
65,1,441.0,460.0,0.6500000000000004
65,53,511.0,470.0,0.0
65,22,446.0,493.0,0.0
65,47,498.0,470.0,0.0
65,83,495.0,475.0,0.0
65,99,482.0,408.0,0.0
65,89,474.0,460.0,0.0
65,14,453.0,457.0,0.6500000000000004
65,3,495.0,416.0,0.0
65,80,517.0,419.0,0.0
65,96,442.0,483.0,0.0
65,51,515.0,430.0,0.0
65,33,509.0,431.0,0.0
65,40,528.0,407.0,0.0
65,48,532.0,423.0,0.0
65,15,537.0,420.0,0.0
65,65,457.0,487.0,0.0
65,97,450.0,476.0,0.0
66,5,517.0,420.0,0.0
66,56,447.0,504.0,0.0
66,35,517.0,473.0,0.0
66,55,512.0,475.0,0.0
66,60,479.0,468.0,0.0
66,30,454.0,439.0,0.6600000000000004
66,32,459.0,502.0,0.0
66,6,455.0,487.0,0.0
66,67,507.0,424.0,0.0
66,45,466.0,438.0,0.6600000000000004
66,73,443.0,477.0,0.0
66,64,501.0,445.0,0.0
66,90,478.0,485.0,0.0
66,4,509.0,428.0,0.0
66,13,538.0,438.0,0.0
66,54,480.0,445.0,0.0
66,63,502.0,501.0,0.0
66,86,447.0,467.0,0.0
66,91,526.0,502.0,0.0
66,62,523.0,474.0,0.0
66,58,472.0,418.0,0.6600000000000004
66,52,479.0,418.0,0.0
66,12,445.0,417.0,0.6600000000000004
66,28,479.0,490.0,0.0
66,75,443.0,424.0,0.6600000000000004
66,23,510.0,421.0,0.0
66,92,492.0,477.0,0.0
66,41,456.0,487.0,0.0
66,43,521.0,414.0,0.0
66,11,504.0,431.0,0.0
66,36,506.0,467.0,0.0
66,68,513.0,413.0,0.0
66,69,449.0,437.0,0.6600000000000004
66,98,442.0,500.0,0.0
66,82,470.0,411.0,0.6600000000000004
66,85,526.0,409.0,0.0
66,39,483.0,504.0,0.0
66,84,522.0,446.0,0.0
66,77,449.0,493.0,0.0
66,7,504.0,426.0,0.0
66,25,448.0,458.0,0.6600000000000004
66,95,523.0,506.0,0.0
66,71,473.0,502.0,0.0
66,66,507.0,505.0,0.0
66,76,477.0,489.0,0.0
66,34,479.0,409.0,0.0
66,50,448.0,442.0,0.6600000000000004
66,59,502.0,441.0,0.0
66,93,449.0,442.0,0.6600000000000004
66,2,485.0,445.0,0.0
66,10,454.0,426.0,0.6600000000000004
66,18,458.0,418.0,0.6600000000000004
66,26,472.0,414.0,0.6600000000000004
66,27,453.0,409.0,0.6600000000000004
66,42,441.0,482.0,0.0
66,87,505.0,455.0,0.0
66,100,530.0,428.0,0.0
66,79,516.0,470.0,0.0
66,16,487.0,488.0,0.0
66,20,457.0,478.0,0.0
66,81,527.0,410.0,0.0
66,19,442.0,464.0,0.0
66,49,482.0,429.0,0.0
66,44,469.0,440.0,0.6600000000000004
66,9,536.0,504.0,0.0
66,31,468.0,418.0,0.6600000000000004
66,74,512.0,437.0,0.0
66,61,458.0,468.0,0.0
66,29,493.0,442.0,0.0
66,94,487.0,420.0,0.0
66,46,510.0,446.0,0.0
66,57,446.0,436.0,0.6600000000000004
66,70,536.0,501.0,0.0
66,21,513.0,476.0,0.0
66,38,533.0,493.0,0.0
66,88,505.0,486.0,0.0
66,78,516.0,408.0,0.0
66,72,454.0,479.0,0.0
66,24,443.0,477.0,0.0
66,8,495.0,453.0,0.0
66,17,499.0,454.0,0.0
66,37,500.0,481.0,0.0
66,1,441.0,460.0,0.6600000000000004
66,53,511.0,470.0,0.0
66,22,446.0,493.0,0.0
66,47,498.0,470.0,0.0
66,83,495.0,475.0,0.0
66,99,482.0,408.0,0.0
66,89,474.0,460.0,0.0
66,14,453.0,457.0,0.6600000000000004
66,3,495.0,416.0,0.0
66,80,517.0,419.0,0.0
66,96,442.0,483.0,0.0
66,51,515.0,430.0,0.0
66,33,509.0,431.0,0.0
66,40,528.0,407.0,0.0
66,48,532.0,423.0,0.0
66,15,537.0,420.0,0.0
66,65,457.0,487.0,0.0
66,97,450.0,476.0,0.0
67,5,517.0,420.0,0.0
67,56,447.0,504.0,0.0
67,35,517.0,473.0,0.0
67,55,512.0,475.0,0.0
67,60,479.0,468.0,0.0
67,30,454.0,439.0,0.6700000000000004
67,32,459.0,502.0,0.0
67,6,455.0,487.0,0.0
67,67,507.0,424.0,0.0
67,45,466.0,438.0,0.6700000000000004
67,73,443.0,477.0,0.0
67,64,501.0,445.0,0.0
67,90,478.0,485.0,0.0
67,4,509.0,428.0,0.0
67,13,538.0,438.0,0.0
67,54,480.0,445.0,0.0
67,63,502.0,501.0,0.0
67,86,447.0,467.0,0.0
67,91,526.0,502.0,0.0
67,62,523.0,474.0,0.0
67,58,472.0,418.0,0.6700000000000004
67,52,479.0,418.0,0.0
67,12,445.0,417.0,0.6700000000000004
67,28,479.0,490.0,0.0
67,75,443.0,424.0,0.6700000000000004
67,23,510.0,421.0,0.0
67,92,492.0,477.0,0.0
67,41,456.0,487.0,0.0
67,43,521.0,414.0,0.0
67,11,504.0,431.0,0.0
67,36,506.0,467.0,0.0
67,68,513.0,413.0,0.0
67,69,449.0,437.0,0.6700000000000004
67,98,442.0,500.0,0.0
67,82,470.0,411.0,0.6700000000000004
67,85,526.0,409.0,0.0
67,39,483.0,504.0,0.0
67,84,522.0,446.0,0.0
67,77,449.0,493.0,0.0
67,7,504.0,426.0,0.0
67,25,448.0,458.0,0.6700000000000004
67,95,523.0,506.0,0.0
67,71,473.0,502.0,0.0
67,66,507.0,505.0,0.0
67,76,477.0,489.0,0.0
67,34,479.0,409.0,0.0
67,50,448.0,442.0,0.6700000000000004
67,59,502.0,441.0,0.0
67,93,449.0,442.0,0.6700000000000004
67,2,485.0,445.0,0.0
67,10,454.0,426.0,0.6700000000000004
67,18,458.0,418.0,0.6700000000000004
67,26,472.0,414.0,0.6700000000000004
67,27,453.0,409.0,0.6700000000000004
67,42,441.0,482.0,0.0
67,87,505.0,455.0,0.0
67,100,530.0,428.0,0.0
67,79,516.0,470.0,0.0
67,16,487.0,488.0,0.0
67,20,457.0,478.0,0.0
67,81,527.0,410.0,0.0
67,19,442.0,464.0,0.0
67,49,482.0,429.0,0.0
67,44,469.0,440.0,0.6700000000000004
67,9,536.0,504.0,0.0
67,31,468.0,418.0,0.6700000000000004
67,74,512.0,437.0,0.0
67,61,458.0,468.0,0.0
67,29,493.0,442.0,0.0
67,94,487.0,420.0,0.0
67,46,510.0,446.0,0.0
67,57,446.0,436.0,0.6700000000000004
67,70,536.0,501.0,0.0
67,21,513.0,476.0,0.0
67,38,533.0,493.0,0.0
67,88,505.0,486.0,0.0
67,78,516.0,408.0,0.0
67,72,454.0,479.0,0.0
67,24,443.0,477.0,0.0
67,8,495.0,453.0,0.0
67,17,499.0,454.0,0.0
67,37,500.0,481.0,0.0
67,1,441.0,460.0,0.6700000000000004
67,53,511.0,470.0,0.0
67,22,446.0,493.0,0.0
67,47,498.0,470.0,0.0
67,83,495.0,475.0,0.0
67,99,482.0,408.0,0.0
67,89,474.0,460.0,0.0
67,14,453.0,457.0,0.6700000000000004
67,3,495.0,416.0,0.0
67,80,517.0,419.0,0.0
67,96,442.0,483.0,0.0
67,51,515.0,430.0,0.0
67,33,509.0,431.0,0.0
67,40,528.0,407.0,0.0
67,48,532.0,423.0,0.0
67,15,537.0,420.0,0.0
67,65,457.0,487.0,0.0
67,97,450.0,476.0,0.0
68,5,517.0,420.0,0.0
68,56,447.0,504.0,0.0
68,35,517.0,473.0,0.0
68,55,512.0,475.0,0.0
68,60,479.0,468.0,0.0
68,30,454.0,439.0,0.6800000000000004
68,32,459.0,502.0,0.0
68,6,455.0,487.0,0.0
68,67,507.0,424.0,0.0
68,45,466.0,438.0,0.6800000000000004
68,73,443.0,477.0,0.0
68,64,501.0,445.0,0.0
68,90,478.0,485.0,0.0
68,4,509.0,428.0,0.0
68,13,538.0,438.0,0.0
68,54,480.0,445.0,0.0
68,63,502.0,501.0,0.0
68,86,447.0,467.0,0.0
68,91,526.0,502.0,0.0
68,62,523.0,474.0,0.0
68,58,472.0,418.0,0.6800000000000004
68,52,479.0,418.0,0.0
68,12,445.0,417.0,0.6800000000000004
68,28,479.0,490.0,0.0
68,75,443.0,424.0,0.6800000000000004
68,23,510.0,421.0,0.0
68,92,492.0,477.0,0.0
68,41,456.0,487.0,0.0
68,43,521.0,414.0,0.0
68,11,504.0,431.0,0.0
68,36,506.0,467.0,0.0
68,68,513.0,413.0,0.0
68,69,449.0,437.0,0.6800000000000004
68,98,442.0,500.0,0.0
68,82,470.0,411.0,0.6800000000000004
68,85,526.0,409.0,0.0
68,39,483.0,504.0,0.0
68,84,522.0,446.0,0.0
68,77,449.0,493.0,0.0
68,7,504.0,426.0,0.0
68,25,448.0,458.0,0.6800000000000004
68,95,523.0,506.0,0.0
68,71,473.0,502.0,0.0
68,66,507.0,505.0,0.0
68,76,477.0,489.0,0.0
68,34,479.0,409.0,0.0
68,50,448.0,442.0,0.6800000000000004
68,59,502.0,441.0,0.0
68,93,449.0,442.0,0.6800000000000004
68,2,485.0,445.0,0.0
68,10,454.0,426.0,0.6800000000000004
68,18,458.0,418.0,0.6800000000000004
68,26,472.0,414.0,0.6800000000000004
68,27,453.0,409.0,0.6800000000000004
68,42,441.0,482.0,0.0
68,87,505.0,455.0,0.0
68,100,530.0,428.0,0.0
68,79,516.0,470.0,0.0
68,16,487.0,488.0,0.0
68,20,457.0,478.0,0.0
68,81,527.0,410.0,0.0
68,19,442.0,464.0,0.0
68,49,482.0,429.0,0.0
68,44,469.0,440.0,0.6800000000000004
68,9,536.0,504.0,0.0
68,31,468.0,418.0,0.6800000000000004
68,74,512.0,437.0,0.0
68,61,458.0,468.0,0.0
68,29,493.0,442.0,0.0
68,94,487.0,420.0,0.0
68,46,510.0,446.0,0.0
68,57,446.0,436.0,0.6800000000000004
68,70,536.0,501.0,0.0
68,21,513.0,476.0,0.0
68,38,533.0,493.0,0.0
68,88,505.0,486.0,0.0
68,78,516.0,408.0,0.0
68,72,454.0,479.0,0.0
68,24,443.0,477.0,0.0
68,8,495.0,453.0,0.0
68,17,499.0,454.0,0.0
68,37,500.0,481.0,0.0
68,1,441.0,460.0,0.6800000000000004
68,53,511.0,470.0,0.0
68,22,446.0,493.0,0.0
68,47,498.0,470.0,0.0
68,83,495.0,475.0,0.0
68,99,482.0,408.0,0.0
68,89,474.0,460.0,0.0
68,14,453.0,457.0,0.6800000000000004
68,3,495.0,416.0,0.0
68,80,517.0,419.0,0.0
68,96,442.0,483.0,0.0
68,51,515.0,430.0,0.0
68,33,509.0,431.0,0.0
68,40,528.0,407.0,0.0
68,48,532.0,423.0,0.0
68,15,537.0,420.0,0.0
68,65,457.0,487.0,0.0
68,97,450.0,476.0,0.0
69,5,517.0,420.0,0.0
69,56,447.0,504.0,0.0
69,35,517.0,473.0,0.0
69,55,512.0,475.0,0.0
69,60,479.0,468.0,0.0
69,30,454.0,439.0,0.6900000000000004
69,32,459.0,502.0,0.0
69,6,455.0,487.0,0.0
69,67,507.0,424.0,0.0
69,45,466.0,438.0,0.6900000000000004
69,73,443.0,477.0,0.0
69,64,501.0,445.0,0.0
69,90,478.0,485.0,0.0
69,4,509.0,428.0,0.0
69,13,538.0,438.0,0.0
69,54,480.0,445.0,0.0
69,63,502.0,501.0,0.0
69,86,447.0,467.0,0.0
69,91,526.0,502.0,0.0
69,62,523.0,474.0,0.0
69,58,472.0,418.0,0.6900000000000004
69,52,479.0,418.0,0.0
69,12,445.0,417.0,0.6900000000000004
69,28,479.0,490.0,0.0
69,75,443.0,424.0,0.6900000000000004
69,23,510.0,421.0,0.0
69,92,492.0,477.0,0.0
69,41,456.0,487.0,0.0
69,43,521.0,414.0,0.0
69,11,504.0,431.0,0.0
69,36,506.0,467.0,0.0
69,68,513.0,413.0,0.0
69,69,449.0,437.0,0.6900000000000004
69,98,442.0,500.0,0.0
69,82,470.0,411.0,0.6900000000000004
69,85,526.0,409.0,0.0
69,39,483.0,504.0,0.0
69,84,522.0,446.0,0.0
69,77,449.0,493.0,0.0
69,7,504.0,426.0,0.0
69,25,448.0,458.0,0.6900000000000004
69,95,523.0,506.0,0.0
69,71,473.0,502.0,0.0
69,66,507.0,505.0,0.0
69,76,477.0,489.0,0.0
69,34,479.0,409.0,0.0
69,50,448.0,442.0,0.6900000000000004
69,59,502.0,441.0,0.0
69,93,449.0,442.0,0.6900000000000004
69,2,485.0,445.0,0.0
69,10,454.0,426.0,0.6900000000000004
69,18,458.0,418.0,0.6900000000000004
69,26,472.0,414.0,0.6900000000000004
69,27,453.0,409.0,0.6900000000000004
69,42,441.0,482.0,0.0
69,87,505.0,455.0,0.0
69,100,530.0,428.0,0.0
69,79,516.0,470.0,0.0
69,16,487.0,488.0,0.0
69,20,457.0,478.0,0.0
69,81,527.0,410.0,0.0
69,19,442.0,464.0,0.0
69,49,482.0,429.0,0.0
69,44,469.0,440.0,0.6900000000000004
69,9,536.0,504.0,0.0
69,31,468.0,418.0,0.6900000000000004
69,74,512.0,437.0,0.0
69,61,458.0,468.0,0.0
69,29,493.0,442.0,0.0
69,94,487.0,420.0,0.0
69,46,510.0,446.0,0.0
69,57,446.0,436.0,0.6900000000000004
69,70,536.0,501.0,0.0
69,21,513.0,476.0,0.0
69,38,533.0,493.0,0.0
69,88,505.0,486.0,0.0
69,78,516.0,408.0,0.0
69,72,454.0,479.0,0.0
69,24,443.0,477.0,0.0
69,8,495.0,453.0,0.0
69,17,499.0,454.0,0.0
69,37,500.0,481.0,0.0
69,1,441.0,460.0,0.6900000000000004
69,53,511.0,470.0,0.0
69,22,446.0,493.0,0.0
69,47,498.0,470.0,0.0
69,83,495.0,475.0,0.0
69,99,482.0,408.0,0.0
69,89,474.0,460.0,0.0
69,14,453.0,457.0,0.6900000000000004
69,3,495.0,416.0,0.0
69,80,517.0,419.0,0.0
69,96,442.0,483.0,0.0
69,51,515.0,430.0,0.0
69,33,509.0,431.0,0.0
69,40,528.0,407.0,0.0
69,48,532.0,423.0,0.0
69,15,537.0,420.0,0.0
69,65,457.0,487.0,0.0
69,97,450.0,476.0,0.0
70,5,517.0,420.0,0.0
70,56,447.0,504.0,0.0
70,35,517.0,473.0,0.0
70,55,512.0,475.0,0.0
70,60,479.0,468.0,0.0
70,30,454.0,439.0,0.7000000000000004
70,32,459.0,502.0,0.0
70,6,455.0,487.0,0.0
70,67,507.0,424.0,0.0
70,45,466.0,438.0,0.7000000000000004
70,73,443.0,477.0,0.0
70,64,501.0,445.0,0.0
70,90,478.0,485.0,0.0
70,4,509.0,428.0,0.0
70,13,538.0,438.0,0.0
70,54,480.0,445.0,0.0
70,63,502.0,501.0,0.0
70,86,447.0,467.0,0.0
70,91,526.0,502.0,0.0
70,62,523.0,474.0,0.0
70,58,472.0,418.0,0.7000000000000004
70,52,479.0,418.0,0.0
70,12,445.0,417.0,0.7000000000000004
70,28,479.0,490.0,0.0
70,75,443.0,424.0,0.7000000000000004
70,23,510.0,421.0,0.0
70,92,492.0,477.0,0.0
70,41,456.0,487.0,0.0
70,43,521.0,414.0,0.0
70,11,504.0,431.0,0.0
70,36,506.0,467.0,0.0
70,68,513.0,413.0,0.0
70,69,449.0,437.0,0.7000000000000004
70,98,442.0,500.0,0.0
70,82,470.0,411.0,0.7000000000000004
70,85,526.0,409.0,0.0
70,39,483.0,504.0,0.0
70,84,522.0,446.0,0.0
70,77,449.0,493.0,0.0
70,7,504.0,426.0,0.0
70,25,448.0,458.0,0.7000000000000004
70,95,523.0,506.0,0.0
70,71,473.0,502.0,0.0
70,66,507.0,505.0,0.0
70,76,477.0,489.0,0.0
70,34,479.0,409.0,0.0
70,50,448.0,442.0,0.7000000000000004
70,59,502.0,441.0,0.0
70,93,449.0,442.0,0.7000000000000004
70,2,485.0,445.0,0.0
70,10,454.0,426.0,0.7000000000000004
70,18,458.0,418.0,0.7000000000000004
70,26,472.0,414.0,0.7000000000000004
70,27,453.0,409.0,0.7000000000000004
70,42,441.0,482.0,0.0
70,87,505.0,455.0,0.0
70,100,530.0,428.0,0.0
70,79,516.0,470.0,0.0
70,16,487.0,488.0,0.0
70,20,457.0,478.0,0.0
70,81,527.0,410.0,0.0
70,19,442.0,464.0,0.0
70,49,482.0,429.0,0.0
70,44,469.0,440.0,0.7000000000000004
70,9,536.0,504.0,0.0
70,31,468.0,418.0,0.7000000000000004
70,74,512.0,437.0,0.0
70,61,458.0,468.0,0.0
70,29,493.0,442.0,0.0
70,94,487.0,420.0,0.0
70,46,510.0,446.0,0.0
70,57,446.0,436.0,0.7000000000000004
70,70,536.0,501.0,0.0
70,21,513.0,476.0,0.0
70,38,533.0,493.0,0.0
70,88,505.0,486.0,0.0
70,78,516.0,408.0,0.0
70,72,454.0,479.0,0.0
70,24,443.0,477.0,0.0
70,8,495.0,453.0,0.0
70,17,499.0,454.0,0.0
70,37,500.0,481.0,0.0
70,1,441.0,460.0,0.7000000000000004
70,53,511.0,470.0,0.0
70,22,446.0,493.0,0.0
70,47,498.0,470.0,0.0
70,83,495.0,475.0,0.0
70,99,482.0,408.0,0.0
70,89,474.0,460.0,0.0
70,14,453.0,457.0,0.7000000000000004
70,3,495.0,416.0,0.0
70,80,517.0,419.0,0.0
70,96,442.0,483.0,0.0
70,51,515.0,430.0,0.0
70,33,509.0,431.0,0.0
70,40,528.0,407.0,0.0
70,48,532.0,423.0,0.0
70,15,537.0,420.0,0.0
70,65,457.0,487.0,0.0
70,97,450.0,476.0,0.0
71,5,517.0,420.0,0.0
71,56,447.0,504.0,0.0
71,35,517.0,473.0,0.0
71,55,512.0,475.0,0.0
71,60,479.0,468.0,0.0
71,30,454.0,439.0,0.7100000000000004
71,32,459.0,502.0,0.0
71,6,455.0,487.0,0.0
71,67,507.0,424.0,0.0
71,45,466.0,438.0,0.7100000000000004
71,73,443.0,477.0,0.0
71,64,501.0,445.0,0.0
71,90,478.0,485.0,0.0
71,4,509.0,428.0,0.0
71,13,538.0,438.0,0.0
71,54,480.0,445.0,0.0
71,63,502.0,501.0,0.0
71,86,447.0,467.0,0.0
71,91,526.0,502.0,0.0
71,62,523.0,474.0,0.0
71,58,472.0,418.0,0.7100000000000004
71,52,479.0,418.0,0.0
71,12,445.0,417.0,0.7100000000000004
71,28,479.0,490.0,0.0
71,75,443.0,424.0,0.7100000000000004
71,23,510.0,421.0,0.0
71,92,492.0,477.0,0.0
71,41,456.0,487.0,0.0
71,43,521.0,414.0,0.0
71,11,504.0,431.0,0.0
71,36,506.0,467.0,0.0
71,68,513.0,413.0,0.0
71,69,449.0,437.0,0.7100000000000004
71,98,442.0,500.0,0.0
71,82,470.0,411.0,0.7100000000000004
71,85,526.0,409.0,0.0
71,39,483.0,504.0,0.0
71,84,522.0,446.0,0.0
71,77,449.0,493.0,0.0
71,7,504.0,426.0,0.0
71,25,448.0,458.0,0.7100000000000004
71,95,523.0,506.0,0.0
71,71,473.0,502.0,0.0
71,66,507.0,505.0,0.0
71,76,477.0,489.0,0.0
71,34,479.0,409.0,0.0
71,50,448.0,442.0,0.7100000000000004
71,59,502.0,441.0,0.0
71,93,449.0,442.0,0.7100000000000004
71,2,485.0,445.0,0.0
71,10,454.0,426.0,0.7100000000000004
71,18,458.0,418.0,0.7100000000000004
71,26,472.0,414.0,0.7100000000000004
71,27,453.0,409.0,0.7100000000000004
71,42,441.0,482.0,0.0
71,87,505.0,455.0,0.0
71,100,530.0,428.0,0.0
71,79,516.0,470.0,0.0
71,16,487.0,488.0,0.0
71,20,457.0,478.0,0.0
71,81,527.0,410.0,0.0
71,19,442.0,464.0,0.0
71,49,482.0,429.0,0.0
71,44,469.0,440.0,0.7100000000000004
71,9,536.0,504.0,0.0
71,31,468.0,418.0,0.7100000000000004
71,74,512.0,437.0,0.0
71,61,458.0,468.0,0.0
71,29,493.0,442.0,0.0
71,94,487.0,420.0,0.0
71,46,510.0,446.0,0.0
71,57,446.0,436.0,0.7100000000000004
71,70,536.0,501.0,0.0
71,21,513.0,476.0,0.0
71,38,533.0,493.0,0.0
71,88,505.0,486.0,0.0
71,78,516.0,408.0,0.0
71,72,454.0,479.0,0.0
71,24,443.0,477.0,0.0
71,8,495.0,453.0,0.0
71,17,499.0,454.0,0.0
71,37,500.0,481.0,0.0
71,1,441.0,460.0,0.7100000000000004
71,53,511.0,470.0,0.0
71,22,446.0,493.0,0.0
71,47,498.0,470.0,0.0
71,83,495.0,475.0,0.0
71,99,482.0,408.0,0.0
71,89,474.0,460.0,0.0
71,14,453.0,457.0,0.7100000000000004
71,3,495.0,416.0,0.0
71,80,517.0,419.0,0.0
71,96,442.0,483.0,0.0
71,51,515.0,430.0,0.0
71,33,509.0,431.0,0.0
71,40,528.0,407.0,0.0
71,48,532.0,423.0,0.0
71,15,537.0,420.0,0.0
71,65,457.0,487.0,0.0
71,97,450.0,476.0,0.0
72,5,517.0,420.0,0.0
72,56,447.0,504.0,0.0
72,35,517.0,473.0,0.0
72,55,512.0,475.0,0.0
72,60,479.0,468.0,0.0
72,30,454.0,439.0,0.7200000000000004
72,32,459.0,502.0,0.0
72,6,455.0,487.0,0.0
72,67,507.0,424.0,0.0
72,45,466.0,438.0,0.7200000000000004
72,73,443.0,477.0,0.0
72,64,501.0,445.0,0.0
72,90,478.0,485.0,0.0
72,4,509.0,428.0,0.0
72,13,538.0,438.0,0.0
72,54,480.0,445.0,0.0
72,63,502.0,501.0,0.0
72,86,447.0,467.0,0.0
72,91,526.0,502.0,0.0
72,62,523.0,474.0,0.0
72,58,472.0,418.0,0.7200000000000004
72,52,479.0,418.0,0.0
72,12,445.0,417.0,0.7200000000000004
72,28,479.0,490.0,0.0
72,75,443.0,424.0,0.7200000000000004
72,23,510.0,421.0,0.0
72,92,492.0,477.0,0.0
72,41,456.0,487.0,0.0
72,43,521.0,414.0,0.0
72,11,504.0,431.0,0.0
72,36,506.0,467.0,0.0
72,68,513.0,413.0,0.0
72,69,449.0,437.0,0.7200000000000004
72,98,442.0,500.0,0.0
72,82,470.0,411.0,0.7200000000000004
72,85,526.0,409.0,0.0
72,39,483.0,504.0,0.0
72,84,522.0,446.0,0.0
72,77,449.0,493.0,0.0
72,7,504.0,426.0,0.0
72,25,448.0,458.0,0.7200000000000004
72,95,523.0,506.0,0.0
72,71,473.0,502.0,0.0
72,66,507.0,505.0,0.0
72,76,477.0,489.0,0.0
72,34,479.0,409.0,0.0
72,50,448.0,442.0,0.7200000000000004
72,59,502.0,441.0,0.0
72,93,449.0,442.0,0.7200000000000004
72,2,485.0,445.0,0.0
72,10,454.0,426.0,0.7200000000000004
72,18,458.0,418.0,0.7200000000000004
72,26,472.0,414.0,0.7200000000000004
72,27,453.0,409.0,0.7200000000000004
72,42,441.0,482.0,0.0
72,87,505.0,455.0,0.0
72,100,530.0,428.0,0.0
72,79,516.0,470.0,0.0
72,16,487.0,488.0,0.0
72,20,457.0,478.0,0.0
72,81,527.0,410.0,0.0
72,19,442.0,464.0,0.0
72,49,482.0,429.0,0.0
72,44,469.0,440.0,0.7200000000000004
72,9,536.0,504.0,0.0
72,31,468.0,418.0,0.7200000000000004
72,74,512.0,437.0,0.0
72,61,458.0,468.0,0.0
72,29,493.0,442.0,0.0
72,94,487.0,420.0,0.0
72,46,510.0,446.0,0.0
72,57,446.0,436.0,0.7200000000000004
72,70,536.0,501.0,0.0
72,21,513.0,476.0,0.0
72,38,533.0,493.0,0.0
72,88,505.0,486.0,0.0
72,78,516.0,408.0,0.0
72,72,454.0,479.0,0.0
72,24,443.0,477.0,0.0
72,8,495.0,453.0,0.0
72,17,499.0,454.0,0.0
72,37,500.0,481.0,0.0
72,1,441.0,460.0,0.7200000000000004
72,53,511.0,470.0,0.0
72,22,446.0,493.0,0.0
72,47,498.0,470.0,0.0
72,83,495.0,475.0,0.0
72,99,482.0,408.0,0.0
72,89,474.0,460.0,0.0
72,14,453.0,457.0,0.7200000000000004
72,3,495.0,416.0,0.0
72,80,517.0,419.0,0.0
72,96,442.0,483.0,0.0
72,51,515.0,430.0,0.0
72,33,509.0,431.0,0.0
72,40,528.0,407.0,0.0
72,48,532.0,423.0,0.0
72,15,537.0,420.0,0.0
72,65,457.0,487.0,0.0
72,97,450.0,476.0,0.0
73,5,517.0,420.0,0.0
73,56,447.0,504.0,0.0
73,35,517.0,473.0,0.0
73,55,512.0,475.0,0.0
73,60,479.0,468.0,0.0
73,30,454.0,439.0,0.7300000000000004
73,32,459.0,502.0,0.0
73,6,455.0,487.0,0.0
73,67,507.0,424.0,0.0
73,45,466.0,438.0,0.7300000000000004
73,73,443.0,477.0,0.0
73,64,501.0,445.0,0.0
73,90,478.0,485.0,0.0
73,4,509.0,428.0,0.0
73,13,538.0,438.0,0.0
73,54,480.0,445.0,0.0
73,63,502.0,501.0,0.0
73,86,447.0,467.0,0.0
73,91,526.0,502.0,0.0
73,62,523.0,474.0,0.0
73,58,472.0,418.0,0.7300000000000004
73,52,479.0,418.0,0.0
73,12,445.0,417.0,0.7300000000000004
73,28,479.0,490.0,0.0
73,75,443.0,424.0,0.7300000000000004
73,23,510.0,421.0,0.0
73,92,492.0,477.0,0.0
73,41,456.0,487.0,0.0
73,43,521.0,414.0,0.0
73,11,504.0,431.0,0.0
73,36,506.0,467.0,0.0
73,68,513.0,413.0,0.0
73,69,449.0,437.0,0.7300000000000004
73,98,442.0,500.0,0.0
73,82,470.0,411.0,0.7300000000000004
73,85,526.0,409.0,0.0
73,39,483.0,504.0,0.0
73,84,522.0,446.0,0.0
73,77,449.0,493.0,0.0
73,7,504.0,426.0,0.0
73,25,448.0,458.0,0.7300000000000004
73,95,523.0,506.0,0.0
73,71,473.0,502.0,0.0
73,66,507.0,505.0,0.0
73,76,477.0,489.0,0.0
73,34,479.0,409.0,0.0
73,50,448.0,442.0,0.7300000000000004
73,59,502.0,441.0,0.0
73,93,449.0,442.0,0.7300000000000004
73,2,485.0,445.0,0.0
73,10,454.0,426.0,0.7300000000000004
73,18,458.0,418.0,0.7300000000000004
73,26,472.0,414.0,0.7300000000000004
73,27,453.0,409.0,0.7300000000000004
73,42,441.0,482.0,0.0
73,87,505.0,455.0,0.0
73,100,530.0,428.0,0.0
73,79,516.0,470.0,0.0
73,16,487.0,488.0,0.0
73,20,457.0,478.0,0.0
73,81,527.0,410.0,0.0
73,19,442.0,464.0,0.0
73,49,482.0,429.0,0.0
73,44,469.0,440.0,0.7300000000000004
73,9,536.0,504.0,0.0
73,31,468.0,418.0,0.7300000000000004
73,74,512.0,437.0,0.0
73,61,458.0,468.0,0.0
73,29,493.0,442.0,0.0
73,94,487.0,420.0,0.0
73,46,510.0,446.0,0.0
73,57,446.0,436.0,0.7300000000000004
73,70,536.0,501.0,0.0
73,21,513.0,476.0,0.0
73,38,533.0,493.0,0.0
73,88,505.0,486.0,0.0
73,78,516.0,408.0,0.0
73,72,454.0,479.0,0.0
73,24,443.0,477.0,0.0
73,8,495.0,453.0,0.0
73,17,499.0,454.0,0.0
73,37,500.0,481.0,0.0
73,1,441.0,460.0,0.7300000000000004
73,53,511.0,470.0,0.0
73,22,446.0,493.0,0.0
73,47,498.0,470.0,0.0
73,83,495.0,475.0,0.0
73,99,482.0,408.0,0.0
73,89,474.0,460.0,0.0
73,14,453.0,457.0,0.7300000000000004
73,3,495.0,416.0,0.0
73,80,517.0,419.0,0.0
73,96,442.0,483.0,0.0
73,51,515.0,430.0,0.0
73,33,509.0,431.0,0.0
73,40,528.0,407.0,0.0
73,48,532.0,423.0,0.0
73,15,537.0,420.0,0.0
73,65,457.0,487.0,0.0
73,97,450.0,476.0,0.0
74,5,517.0,420.0,0.0
74,56,447.0,504.0,0.0
74,35,517.0,473.0,0.0
74,55,512.0,475.0,0.0
74,60,479.0,468.0,0.0
74,30,454.0,439.0,0.7400000000000004
74,32,459.0,502.0,0.0
74,6,455.0,487.0,0.0
74,67,507.0,424.0,0.0
74,45,466.0,438.0,0.7400000000000004
74,73,443.0,477.0,0.0
74,64,501.0,445.0,0.0
74,90,478.0,485.0,0.0
74,4,509.0,428.0,0.0
74,13,538.0,438.0,0.0
74,54,480.0,445.0,0.0
74,63,502.0,501.0,0.0
74,86,447.0,467.0,0.0
74,91,526.0,502.0,0.0
74,62,523.0,474.0,0.0
74,58,472.0,418.0,0.7400000000000004
74,52,479.0,418.0,0.0
74,12,445.0,417.0,0.7400000000000004
74,28,479.0,490.0,0.0
74,75,443.0,424.0,0.7400000000000004
74,23,510.0,421.0,0.0
74,92,492.0,477.0,0.0
74,41,456.0,487.0,0.0
74,43,521.0,414.0,0.0
74,11,504.0,431.0,0.0
74,36,506.0,467.0,0.0
74,68,513.0,413.0,0.0
74,69,449.0,437.0,0.7400000000000004
74,98,442.0,500.0,0.0
74,82,470.0,411.0,0.7400000000000004
74,85,526.0,409.0,0.0
74,39,483.0,504.0,0.0
74,84,522.0,446.0,0.0
74,77,449.0,493.0,0.0
74,7,504.0,426.0,0.0
74,25,448.0,458.0,0.7400000000000004
74,95,523.0,506.0,0.0
74,71,473.0,502.0,0.0
74,66,507.0,505.0,0.0
74,76,477.0,489.0,0.0
74,34,479.0,409.0,0.0
74,50,448.0,442.0,0.7400000000000004
74,59,502.0,441.0,0.0
74,93,449.0,442.0,0.7400000000000004
74,2,485.0,445.0,0.0
74,10,454.0,426.0,0.7400000000000004
74,18,458.0,418.0,0.7400000000000004
74,26,472.0,414.0,0.7400000000000004
74,27,453.0,409.0,0.7400000000000004
74,42,441.0,482.0,0.0
74,87,505.0,455.0,0.0
74,100,530.0,428.0,0.0
74,79,516.0,470.0,0.0
74,16,487.0,488.0,0.0
74,20,457.0,478.0,0.0
74,81,527.0,410.0,0.0
74,19,442.0,464.0,0.0
74,49,482.0,429.0,0.0
74,44,469.0,440.0,0.7400000000000004
74,9,536.0,504.0,0.0
74,31,468.0,418.0,0.7400000000000004
74,74,512.0,437.0,0.0
74,61,458.0,468.0,0.0
74,29,493.0,442.0,0.0
74,94,487.0,420.0,0.0
74,46,510.0,446.0,0.0
74,57,446.0,436.0,0.7400000000000004
74,70,536.0,501.0,0.0
74,21,513.0,476.0,0.0
74,38,533.0,493.0,0.0
74,88,505.0,486.0,0.0
74,78,516.0,408.0,0.0
74,72,454.0,479.0,0.0
74,24,443.0,477.0,0.0
74,8,495.0,453.0,0.0
74,17,499.0,454.0,0.0
74,37,500.0,481.0,0.0
74,1,441.0,460.0,0.7400000000000004
74,53,511.0,470.0,0.0
74,22,446.0,493.0,0.0
74,47,498.0,470.0,0.0
74,83,495.0,475.0,0.0
74,99,482.0,408.0,0.0
74,89,474.0,460.0,0.0
74,14,453.0,457.0,0.7400000000000004
74,3,495.0,416.0,0.0
74,80,517.0,419.0,0.0
74,96,442.0,483.0,0.0
74,51,515.0,430.0,0.0
74,33,509.0,431.0,0.0
74,40,528.0,407.0,0.0
74,48,532.0,423.0,0.0
74,15,537.0,420.0,0.0
74,65,457.0,487.0,0.0
74,97,450.0,476.0,0.0
75,5,517.0,420.0,0.0
75,56,447.0,504.0,0.0
75,35,517.0,473.0,0.0
75,55,512.0,475.0,0.0
75,60,479.0,468.0,0.0
75,30,454.0,439.0,0.7500000000000004
75,32,459.0,502.0,0.0
75,6,455.0,487.0,0.0
75,67,507.0,424.0,0.0
75,45,466.0,438.0,0.7500000000000004
75,73,443.0,477.0,0.0
75,64,501.0,445.0,0.0
75,90,478.0,485.0,0.0
75,4,509.0,428.0,0.0
75,13,538.0,438.0,0.0
75,54,480.0,445.0,0.0
75,63,502.0,501.0,0.0
75,86,447.0,467.0,0.0
75,91,526.0,502.0,0.0
75,62,523.0,474.0,0.0
75,58,472.0,418.0,0.7500000000000004
75,52,479.0,418.0,0.0
75,12,445.0,417.0,0.7500000000000004
75,28,479.0,490.0,0.0
75,75,443.0,424.0,0.7500000000000004
75,23,510.0,421.0,0.0
75,92,492.0,477.0,0.0
75,41,456.0,487.0,0.0
75,43,521.0,414.0,0.0
75,11,504.0,431.0,0.0
75,36,506.0,467.0,0.0
75,68,513.0,413.0,0.0
75,69,449.0,437.0,0.7500000000000004
75,98,442.0,500.0,0.0
75,82,470.0,411.0,0.7500000000000004
75,85,526.0,409.0,0.0
75,39,483.0,504.0,0.0
75,84,522.0,446.0,0.0
75,77,449.0,493.0,0.0
75,7,504.0,426.0,0.0
75,25,448.0,458.0,0.7500000000000004
75,95,523.0,506.0,0.0
75,71,473.0,502.0,0.0
75,66,507.0,505.0,0.0
75,76,477.0,489.0,0.0
75,34,479.0,409.0,0.0
75,50,448.0,442.0,0.7500000000000004
75,59,502.0,441.0,0.0
75,93,449.0,442.0,0.7500000000000004
75,2,485.0,445.0,0.0
75,10,454.0,426.0,0.7500000000000004
75,18,458.0,418.0,0.7500000000000004
75,26,472.0,414.0,0.7500000000000004
75,27,453.0,409.0,0.7500000000000004
75,42,441.0,482.0,0.0
75,87,505.0,455.0,0.0
75,100,530.0,428.0,0.0
75,79,516.0,470.0,0.0
75,16,487.0,488.0,0.0
75,20,457.0,478.0,0.0
75,81,527.0,410.0,0.0
75,19,442.0,464.0,0.0
75,49,482.0,429.0,0.0
75,44,469.0,440.0,0.7500000000000004
75,9,536.0,504.0,0.0
75,31,468.0,418.0,0.7500000000000004
75,74,512.0,437.0,0.0
75,61,458.0,468.0,0.0
75,29,493.0,442.0,0.0
75,94,487.0,420.0,0.0
75,46,510.0,446.0,0.0
75,57,446.0,436.0,0.7500000000000004
75,70,536.0,501.0,0.0
75,21,513.0,476.0,0.0
75,38,533.0,493.0,0.0
75,88,505.0,486.0,0.0
75,78,516.0,408.0,0.0
75,72,454.0,479.0,0.0
75,24,443.0,477.0,0.0
75,8,495.0,453.0,0.0
75,17,499.0,454.0,0.0
75,37,500.0,481.0,0.0
75,1,441.0,460.0,0.7500000000000004
75,53,511.0,470.0,0.0
75,22,446.0,493.0,0.0
75,47,498.0,470.0,0.0
75,83,495.0,475.0,0.0
75,99,482.0,408.0,0.0
75,89,474.0,460.0,0.0
75,14,453.0,457.0,0.7500000000000004
75,3,495.0,416.0,0.0
75,80,517.0,419.0,0.0
75,96,442.0,483.0,0.0
75,51,515.0,430.0,0.0
75,33,509.0,431.0,0.0
75,40,528.0,407.0,0.0
75,48,532.0,423.0,0.0
75,15,537.0,420.0,0.0
75,65,457.0,487.0,0.0
75,97,450.0,476.0,0.0
76,5,517.0,420.0,0.0
76,56,447.0,504.0,0.0
76,35,517.0,473.0,0.0
76,55,512.0,475.0,0.0
76,60,479.0,468.0,0.0
76,30,454.0,439.0,0.7600000000000005
76,32,459.0,502.0,0.0
76,6,455.0,487.0,0.0
76,67,507.0,424.0,0.0
76,45,466.0,438.0,0.7600000000000005
76,73,443.0,477.0,0.0
76,64,501.0,445.0,0.0
76,90,478.0,485.0,0.0
76,4,509.0,428.0,0.0
76,13,538.0,438.0,0.0
76,54,480.0,445.0,0.0
76,63,502.0,501.0,0.0
76,86,447.0,467.0,0.0
76,91,526.0,502.0,0.0
76,62,523.0,474.0,0.0
76,58,472.0,418.0,0.7600000000000005
76,52,479.0,418.0,0.0
76,12,445.0,417.0,0.7600000000000005
76,28,479.0,490.0,0.0
76,75,443.0,424.0,0.7600000000000005
76,23,510.0,421.0,0.0
76,92,492.0,477.0,0.0
76,41,456.0,487.0,0.0
76,43,521.0,414.0,0.0
76,11,504.0,431.0,0.0
76,36,506.0,467.0,0.0
76,68,513.0,413.0,0.0
76,69,449.0,437.0,0.7600000000000005
76,98,442.0,500.0,0.0
76,82,470.0,411.0,0.7600000000000005
76,85,526.0,409.0,0.0
76,39,483.0,504.0,0.0
76,84,522.0,446.0,0.0
76,77,449.0,493.0,0.0
76,7,504.0,426.0,0.0
76,25,448.0,458.0,0.7600000000000005
76,95,523.0,506.0,0.0
76,71,473.0,502.0,0.0
76,66,507.0,505.0,0.0
76,76,477.0,489.0,0.0
76,34,479.0,409.0,0.0
76,50,448.0,442.0,0.7600000000000005
76,59,502.0,441.0,0.0
76,93,449.0,442.0,0.7600000000000005
76,2,485.0,445.0,0.0
76,10,454.0,426.0,0.7600000000000005
76,18,458.0,418.0,0.7600000000000005
76,26,472.0,414.0,0.7600000000000005
76,27,453.0,409.0,0.7600000000000005
76,42,441.0,482.0,0.0
76,87,505.0,455.0,0.0
76,100,530.0,428.0,0.0
76,79,516.0,470.0,0.0
76,16,487.0,488.0,0.0
76,20,457.0,478.0,0.0
76,81,527.0,410.0,0.0
76,19,442.0,464.0,0.0
76,49,482.0,429.0,0.0
76,44,469.0,440.0,0.7600000000000005
76,9,536.0,504.0,0.0
76,31,468.0,418.0,0.7600000000000005
76,74,512.0,437.0,0.0
76,61,458.0,468.0,0.0
76,29,493.0,442.0,0.0
76,94,487.0,420.0,0.0
76,46,510.0,446.0,0.0
76,57,446.0,436.0,0.7600000000000005
76,70,536.0,501.0,0.0
76,21,513.0,476.0,0.0
76,38,533.0,493.0,0.0
76,88,505.0,486.0,0.0
76,78,516.0,408.0,0.0
76,72,454.0,479.0,0.0
76,24,443.0,477.0,0.0
76,8,495.0,453.0,0.0
76,17,499.0,454.0,0.0
76,37,500.0,481.0,0.0
76,1,441.0,460.0,0.7600000000000005
76,53,511.0,470.0,0.0
76,22,446.0,493.0,0.0
76,47,498.0,470.0,0.0
76,83,495.0,475.0,0.0
76,99,482.0,408.0,0.0
76,89,474.0,460.0,0.0
76,14,453.0,457.0,0.7600000000000005
76,3,495.0,416.0,0.0
76,80,517.0,419.0,0.0
76,96,442.0,483.0,0.0
76,51,515.0,430.0,0.0
76,33,509.0,431.0,0.0
76,40,528.0,407.0,0.0
76,48,532.0,423.0,0.0
76,15,537.0,420.0,0.0
76,65,457.0,487.0,0.0
76,97,450.0,476.0,0.0
77,5,517.0,420.0,0.0
77,56,447.0,504.0,0.0
77,35,517.0,473.0,0.0
77,55,512.0,475.0,0.0
77,60,479.0,468.0,0.0
77,30,454.0,439.0,0.7700000000000005
77,32,459.0,502.0,0.0
77,6,455.0,487.0,0.0
77,67,507.0,424.0,0.0
77,45,466.0,438.0,0.7700000000000005
77,73,443.0,477.0,0.0
77,64,501.0,445.0,0.0
77,90,478.0,485.0,0.0
77,4,509.0,428.0,0.0
77,13,538.0,438.0,0.0
77,54,480.0,445.0,0.0
77,63,502.0,501.0,0.0
77,86,447.0,467.0,0.0
77,91,526.0,502.0,0.0
77,62,523.0,474.0,0.0
77,58,472.0,418.0,0.7700000000000005
77,52,479.0,418.0,0.0
77,12,445.0,417.0,0.7700000000000005
77,28,479.0,490.0,0.0
77,75,443.0,424.0,0.7700000000000005
77,23,510.0,421.0,0.0
77,92,492.0,477.0,0.0
77,41,456.0,487.0,0.0
77,43,521.0,414.0,0.0
77,11,504.0,431.0,0.0
77,36,506.0,467.0,0.0
77,68,513.0,413.0,0.0
77,69,449.0,437.0,0.7700000000000005
77,98,442.0,500.0,0.0
77,82,470.0,411.0,0.7700000000000005
77,85,526.0,409.0,0.0
77,39,483.0,504.0,0.0
77,84,522.0,446.0,0.0
77,77,449.0,493.0,0.0
77,7,504.0,426.0,0.0
77,25,448.0,458.0,0.7700000000000005
77,95,523.0,506.0,0.0
77,71,473.0,502.0,0.0
77,66,507.0,505.0,0.0
77,76,477.0,489.0,0.0
77,34,479.0,409.0,0.0
77,50,448.0,442.0,0.7700000000000005
77,59,502.0,441.0,0.0
77,93,449.0,442.0,0.7700000000000005
77,2,485.0,445.0,0.0
77,10,454.0,426.0,0.7700000000000005
77,18,458.0,418.0,0.7700000000000005
77,26,472.0,414.0,0.7700000000000005
77,27,453.0,409.0,0.7700000000000005
77,42,441.0,482.0,0.0
77,87,505.0,455.0,0.0
77,100,530.0,428.0,0.0
77,79,516.0,470.0,0.0
77,16,487.0,488.0,0.0
77,20,457.0,478.0,0.0
77,81,527.0,410.0,0.0
77,19,442.0,464.0,0.0
77,49,482.0,429.0,0.0
77,44,469.0,440.0,0.7700000000000005
77,9,536.0,504.0,0.0
77,31,468.0,418.0,0.7700000000000005
77,74,512.0,437.0,0.0
77,61,458.0,468.0,0.0
77,29,493.0,442.0,0.0
77,94,487.0,420.0,0.0
77,46,510.0,446.0,0.0
77,57,446.0,436.0,0.7700000000000005
77,70,536.0,501.0,0.0
77,21,513.0,476.0,0.0
77,38,533.0,493.0,0.0
77,88,505.0,486.0,0.0
77,78,516.0,408.0,0.0
77,72,454.0,479.0,0.0
77,24,443.0,477.0,0.0
77,8,495.0,453.0,0.0
77,17,499.0,454.0,0.0
77,37,500.0,481.0,0.0
77,1,441.0,460.0,0.7700000000000005
77,53,511.0,470.0,0.0
77,22,446.0,493.0,0.0
77,47,498.0,470.0,0.0
77,83,495.0,475.0,0.0
77,99,482.0,408.0,0.0
77,89,474.0,460.0,0.0
77,14,453.0,457.0,0.7700000000000005
77,3,495.0,416.0,0.0
77,80,517.0,419.0,0.0
77,96,442.0,483.0,0.0
77,51,515.0,430.0,0.0
77,33,509.0,431.0,0.0
77,40,528.0,407.0,0.0
77,48,532.0,423.0,0.0
77,15,537.0,420.0,0.0
77,65,457.0,487.0,0.0
77,97,450.0,476.0,0.0
78,5,517.0,420.0,0.0
78,56,447.0,504.0,0.0
78,35,517.0,473.0,0.0
78,55,512.0,475.0,0.0
78,60,479.0,468.0,0.0
78,30,454.0,439.0,0.7800000000000005
78,32,459.0,502.0,0.0
78,6,455.0,487.0,0.0
78,67,507.0,424.0,0.0
78,45,466.0,438.0,0.7800000000000005
78,73,443.0,477.0,0.0
78,64,501.0,445.0,0.0
78,90,478.0,485.0,0.0
78,4,509.0,428.0,0.0
78,13,538.0,438.0,0.0
78,54,480.0,445.0,0.0
78,63,502.0,501.0,0.0
78,86,447.0,467.0,0.0
78,91,526.0,502.0,0.0
78,62,523.0,474.0,0.0
78,58,472.0,418.0,0.7800000000000005
78,52,479.0,418.0,0.0
78,12,445.0,417.0,0.7800000000000005
78,28,479.0,490.0,0.0
78,75,443.0,424.0,0.7800000000000005
78,23,510.0,421.0,0.0
78,92,492.0,477.0,0.0
78,41,456.0,487.0,0.0
78,43,521.0,414.0,0.0
78,11,504.0,431.0,0.0
78,36,506.0,467.0,0.0
78,68,513.0,413.0,0.0
78,69,449.0,437.0,0.7800000000000005
78,98,442.0,500.0,0.0
78,82,470.0,411.0,0.7800000000000005
78,85,526.0,409.0,0.0
78,39,483.0,504.0,0.0
78,84,522.0,446.0,0.0
78,77,449.0,493.0,0.0
78,7,504.0,426.0,0.0
78,25,448.0,458.0,0.7800000000000005
78,95,523.0,506.0,0.0
78,71,473.0,502.0,0.0
78,66,507.0,505.0,0.0
78,76,477.0,489.0,0.0
78,34,479.0,409.0,0.0
78,50,448.0,442.0,0.7800000000000005
78,59,502.0,441.0,0.0
78,93,449.0,442.0,0.7800000000000005
78,2,485.0,445.0,0.0
78,10,454.0,426.0,0.7800000000000005
78,18,458.0,418.0,0.7800000000000005
78,26,472.0,414.0,0.7800000000000005
78,27,453.0,409.0,0.7800000000000005
78,42,441.0,482.0,0.0
78,87,505.0,455.0,0.0
78,100,530.0,428.0,0.0
78,79,516.0,470.0,0.0
78,16,487.0,488.0,0.0
78,20,457.0,478.0,0.0
78,81,527.0,410.0,0.0
78,19,442.0,464.0,0.0
78,49,482.0,429.0,0.0
78,44,469.0,440.0,0.7800000000000005
78,9,536.0,504.0,0.0
78,31,468.0,418.0,0.7800000000000005
78,74,512.0,437.0,0.0
78,61,458.0,468.0,0.0
78,29,493.0,442.0,0.0
78,94,487.0,420.0,0.0
78,46,510.0,446.0,0.0
78,57,446.0,436.0,0.7800000000000005
78,70,536.0,501.0,0.0
78,21,513.0,476.0,0.0
78,38,533.0,493.0,0.0
78,88,505.0,486.0,0.0
78,78,516.0,408.0,0.0
78,72,454.0,479.0,0.0
78,24,443.0,477.0,0.0
78,8,495.0,453.0,0.0
78,17,499.0,454.0,0.0
78,37,500.0,481.0,0.0
78,1,441.0,460.0,0.7800000000000005
78,53,511.0,470.0,0.0
78,22,446.0,493.0,0.0
78,47,498.0,470.0,0.0
78,83,495.0,475.0,0.0
78,99,482.0,408.0,0.0
78,89,474.0,460.0,0.0
78,14,453.0,457.0,0.7800000000000005
78,3,495.0,416.0,0.0
78,80,517.0,419.0,0.0
78,96,442.0,483.0,0.0
78,51,515.0,430.0,0.0
78,33,509.0,431.0,0.0
78,40,528.0,407.0,0.0
78,48,532.0,423.0,0.0
78,15,537.0,420.0,0.0
78,65,457.0,487.0,0.0
78,97,450.0,476.0,0.0
79,5,517.0,420.0,0.0
79,56,447.0,504.0,0.0
79,35,517.0,473.0,0.0
79,55,512.0,475.0,0.0
79,60,479.0,468.0,0.0
79,30,454.0,439.0,0.7900000000000005
79,32,459.0,502.0,0.0
79,6,455.0,487.0,0.0
79,67,507.0,424.0,0.0
79,45,466.0,438.0,0.7900000000000005
79,73,443.0,477.0,0.0
79,64,501.0,445.0,0.0
79,90,478.0,485.0,0.0
79,4,509.0,428.0,0.0
79,13,538.0,438.0,0.0
79,54,480.0,445.0,0.0
79,63,502.0,501.0,0.0
79,86,447.0,467.0,0.0
79,91,526.0,502.0,0.0
79,62,523.0,474.0,0.0
79,58,472.0,418.0,0.7900000000000005
79,52,479.0,418.0,0.0
79,12,445.0,417.0,0.7900000000000005
79,28,479.0,490.0,0.0
79,75,443.0,424.0,0.7900000000000005
79,23,510.0,421.0,0.0
79,92,492.0,477.0,0.0
79,41,456.0,487.0,0.0
79,43,521.0,414.0,0.0
79,11,504.0,431.0,0.0
79,36,506.0,467.0,0.0
79,68,513.0,413.0,0.0
79,69,449.0,437.0,0.7900000000000005
79,98,442.0,500.0,0.0
79,82,470.0,411.0,0.7900000000000005
79,85,526.0,409.0,0.0
79,39,483.0,504.0,0.0
79,84,522.0,446.0,0.0
79,77,449.0,493.0,0.0
79,7,504.0,426.0,0.0
79,25,448.0,458.0,0.7900000000000005
79,95,523.0,506.0,0.0
79,71,473.0,502.0,0.0
79,66,507.0,505.0,0.0
79,76,477.0,489.0,0.0
79,34,479.0,409.0,0.0
79,50,448.0,442.0,0.7900000000000005
79,59,502.0,441.0,0.0
79,93,449.0,442.0,0.7900000000000005
79,2,485.0,445.0,0.0
79,10,454.0,426.0,0.7900000000000005
79,18,458.0,418.0,0.7900000000000005
79,26,472.0,414.0,0.7900000000000005
79,27,453.0,409.0,0.7900000000000005
79,42,441.0,482.0,0.0
79,87,505.0,455.0,0.0
79,100,530.0,428.0,0.0
79,79,516.0,470.0,0.0
79,16,487.0,488.0,0.0
79,20,457.0,478.0,0.0
79,81,527.0,410.0,0.0
79,19,442.0,464.0,0.0
79,49,482.0,429.0,0.0
79,44,469.0,440.0,0.7900000000000005
79,9,536.0,504.0,0.0
79,31,468.0,418.0,0.7900000000000005
79,74,512.0,437.0,0.0
79,61,458.0,468.0,0.0
79,29,493.0,442.0,0.0
79,94,487.0,420.0,0.0
79,46,510.0,446.0,0.0
79,57,446.0,436.0,0.7900000000000005
79,70,536.0,501.0,0.0
79,21,513.0,476.0,0.0
79,38,533.0,493.0,0.0
79,88,505.0,486.0,0.0
79,78,516.0,408.0,0.0
79,72,454.0,479.0,0.0
79,24,443.0,477.0,0.0
79,8,495.0,453.0,0.0
79,17,499.0,454.0,0.0
79,37,500.0,481.0,0.0
79,1,441.0,460.0,0.7900000000000005
79,53,511.0,470.0,0.0
79,22,446.0,493.0,0.0
79,47,498.0,470.0,0.0
79,83,495.0,475.0,0.0
79,99,482.0,408.0,0.0
79,89,474.0,460.0,0.0
79,14,453.0,457.0,0.7900000000000005
79,3,495.0,416.0,0.0
79,80,517.0,419.0,0.0
79,96,442.0,483.0,0.0
79,51,515.0,430.0,0.0
79,33,509.0,431.0,0.0
79,40,528.0,407.0,0.0
79,48,532.0,423.0,0.0
79,15,537.0,420.0,0.0
79,65,457.0,487.0,0.0
79,97,450.0,476.0,0.0
80,5,517.0,420.0,0.0
80,56,447.0,504.0,0.0
80,35,517.0,473.0,0.0
80,55,512.0,475.0,0.0
80,60,479.0,468.0,0.0
80,30,454.0,439.0,0.8000000000000005
80,32,459.0,502.0,0.0
80,6,455.0,487.0,0.0
80,67,507.0,424.0,0.0
80,45,466.0,438.0,0.8000000000000005
80,73,443.0,477.0,0.0
80,64,501.0,445.0,0.0
80,90,478.0,485.0,0.0
80,4,509.0,428.0,0.0
80,13,538.0,438.0,0.0
80,54,480.0,445.0,0.0
80,63,502.0,501.0,0.0
80,86,447.0,467.0,0.0
80,91,526.0,502.0,0.0
80,62,523.0,474.0,0.0
80,58,472.0,418.0,0.8000000000000005
80,52,479.0,418.0,0.0
80,12,445.0,417.0,0.8000000000000005
80,28,479.0,490.0,0.0
80,75,443.0,424.0,0.8000000000000005
80,23,510.0,421.0,0.0
80,92,492.0,477.0,0.0
80,41,456.0,487.0,0.0
80,43,521.0,414.0,0.0
80,11,504.0,431.0,0.0
80,36,506.0,467.0,0.0
80,68,513.0,413.0,0.0
80,69,449.0,437.0,0.8000000000000005
80,98,442.0,500.0,0.0
80,82,470.0,411.0,0.8000000000000005
80,85,526.0,409.0,0.0
80,39,483.0,504.0,0.0
80,84,522.0,446.0,0.0
80,77,449.0,493.0,0.0
80,7,504.0,426.0,0.0
80,25,448.0,458.0,0.8000000000000005
80,95,523.0,506.0,0.0
80,71,473.0,502.0,0.0
80,66,507.0,505.0,0.0
80,76,477.0,489.0,0.0
80,34,479.0,409.0,0.0
80,50,448.0,442.0,0.8000000000000005
80,59,502.0,441.0,0.0
80,93,449.0,442.0,0.8000000000000005
80,2,485.0,445.0,0.0
80,10,454.0,426.0,0.8000000000000005
80,18,458.0,418.0,0.8000000000000005
80,26,472.0,414.0,0.8000000000000005
80,27,453.0,409.0,0.8000000000000005
80,42,441.0,482.0,0.0
80,87,505.0,455.0,0.0
80,100,530.0,428.0,0.0
80,79,516.0,470.0,0.0
80,16,487.0,488.0,0.0
80,20,457.0,478.0,0.0
80,81,527.0,410.0,0.0
80,19,442.0,464.0,0.0
80,49,482.0,429.0,0.0
80,44,469.0,440.0,0.8000000000000005
80,9,536.0,504.0,0.0
80,31,468.0,418.0,0.8000000000000005
80,74,512.0,437.0,0.0
80,61,458.0,468.0,0.0
80,29,493.0,442.0,0.0
80,94,487.0,420.0,0.0
80,46,510.0,446.0,0.0
80,57,446.0,436.0,0.8000000000000005
80,70,536.0,501.0,0.0
80,21,513.0,476.0,0.0
80,38,533.0,493.0,0.0
80,88,505.0,486.0,0.0
80,78,516.0,408.0,0.0
80,72,454.0,479.0,0.0
80,24,443.0,477.0,0.0
80,8,495.0,453.0,0.0
80,17,499.0,454.0,0.0
80,37,500.0,481.0,0.0
80,1,441.0,460.0,0.8000000000000005
80,53,511.0,470.0,0.0
80,22,446.0,493.0,0.0
80,47,498.0,470.0,0.0
80,83,495.0,475.0,0.0
80,99,482.0,408.0,0.0
80,89,474.0,460.0,0.0
80,14,453.0,457.0,0.8000000000000005
80,3,495.0,416.0,0.0
80,80,517.0,419.0,0.0
80,96,442.0,483.0,0.0
80,51,515.0,430.0,0.0
80,33,509.0,431.0,0.0
80,40,528.0,407.0,0.0
80,48,532.0,423.0,0.0
80,15,537.0,420.0,0.0
80,65,457.0,487.0,0.0
80,97,450.0,476.0,0.0
81,5,517.0,420.0,0.0
81,56,447.0,504.0,0.0
81,35,517.0,473.0,0.0
81,55,512.0,475.0,0.0
81,60,479.0,468.0,0.0
81,30,454.0,439.0,0.8100000000000005
81,32,459.0,502.0,0.0
81,6,455.0,487.0,0.0
81,67,507.0,424.0,0.0
81,45,466.0,438.0,0.8100000000000005
81,73,443.0,477.0,0.0
81,64,501.0,445.0,0.0
81,90,478.0,485.0,0.0
81,4,509.0,428.0,0.0
81,13,538.0,438.0,0.0
81,54,480.0,445.0,0.0
81,63,502.0,501.0,0.0
81,86,447.0,467.0,0.0
81,91,526.0,502.0,0.0
81,62,523.0,474.0,0.0
81,58,472.0,418.0,0.8100000000000005
81,52,479.0,418.0,0.0
81,12,445.0,417.0,0.8100000000000005
81,28,479.0,490.0,0.0
81,75,443.0,424.0,0.8100000000000005
81,23,510.0,421.0,0.0
81,92,492.0,477.0,0.0
81,41,456.0,487.0,0.0
81,43,521.0,414.0,0.0
81,11,504.0,431.0,0.0
81,36,506.0,467.0,0.0
81,68,513.0,413.0,0.0
81,69,449.0,437.0,0.8100000000000005
81,98,442.0,500.0,0.0
81,82,470.0,411.0,0.8100000000000005
81,85,526.0,409.0,0.0
81,39,483.0,504.0,0.0
81,84,522.0,446.0,0.0
81,77,449.0,493.0,0.0
81,7,504.0,426.0,0.0
81,25,448.0,458.0,0.8100000000000005
81,95,523.0,506.0,0.0
81,71,473.0,502.0,0.0
81,66,507.0,505.0,0.0
81,76,477.0,489.0,0.0
81,34,479.0,409.0,0.0
81,50,448.0,442.0,0.8100000000000005
81,59,502.0,441.0,0.0
81,93,449.0,442.0,0.8100000000000005
81,2,485.0,445.0,0.0
81,10,454.0,426.0,0.8100000000000005
81,18,458.0,418.0,0.8100000000000005
81,26,472.0,414.0,0.8100000000000005
81,27,453.0,409.0,0.8100000000000005
81,42,441.0,482.0,0.0
81,87,505.0,455.0,0.0
81,100,530.0,428.0,0.0
81,79,516.0,470.0,0.0
81,16,487.0,488.0,0.0
81,20,457.0,478.0,0.0
81,81,527.0,410.0,0.0
81,19,442.0,464.0,0.0
81,49,482.0,429.0,0.0
81,44,469.0,440.0,0.8100000000000005
81,9,536.0,504.0,0.0
81,31,468.0,418.0,0.8100000000000005
81,74,512.0,437.0,0.0
81,61,458.0,468.0,0.0
81,29,493.0,442.0,0.0
81,94,487.0,420.0,0.0
81,46,510.0,446.0,0.0
81,57,446.0,436.0,0.8100000000000005
81,70,536.0,501.0,0.0
81,21,513.0,476.0,0.0
81,38,533.0,493.0,0.0
81,88,505.0,486.0,0.0
81,78,516.0,408.0,0.0
81,72,454.0,479.0,0.0
81,24,443.0,477.0,0.0
81,8,495.0,453.0,0.0
81,17,499.0,454.0,0.0
81,37,500.0,481.0,0.0
81,1,441.0,460.0,0.8100000000000005
81,53,511.0,470.0,0.0
81,22,446.0,493.0,0.0
81,47,498.0,470.0,0.0
81,83,495.0,475.0,0.0
81,99,482.0,408.0,0.0
81,89,474.0,460.0,0.0
81,14,453.0,457.0,0.8100000000000005
81,3,495.0,416.0,0.0
81,80,517.0,419.0,0.0
81,96,442.0,483.0,0.0
81,51,515.0,430.0,0.0
81,33,509.0,431.0,0.0
81,40,528.0,407.0,0.0
81,48,532.0,423.0,0.0
81,15,537.0,420.0,0.0
81,65,457.0,487.0,0.0
81,97,450.0,476.0,0.0
82,5,517.0,420.0,0.0
82,56,447.0,504.0,0.0
82,35,517.0,473.0,0.0
82,55,512.0,475.0,0.0
82,60,479.0,468.0,0.0
82,30,454.0,439.0,0.8200000000000005
82,32,459.0,502.0,0.0
82,6,455.0,487.0,0.0
82,67,507.0,424.0,0.0
82,45,466.0,438.0,0.8200000000000005
82,73,443.0,477.0,0.0
82,64,501.0,445.0,0.0
82,90,478.0,485.0,0.0
82,4,509.0,428.0,0.0
82,13,538.0,438.0,0.0
82,54,480.0,445.0,0.0
82,63,502.0,501.0,0.0
82,86,447.0,467.0,0.0
82,91,526.0,502.0,0.0
82,62,523.0,474.0,0.0
82,58,472.0,418.0,0.8200000000000005
82,52,479.0,418.0,0.0
82,12,445.0,417.0,0.8200000000000005
82,28,479.0,490.0,0.0
82,75,443.0,424.0,0.8200000000000005
82,23,510.0,421.0,0.0
82,92,492.0,477.0,0.0
82,41,456.0,487.0,0.0
82,43,521.0,414.0,0.0
82,11,504.0,431.0,0.0
82,36,506.0,467.0,0.0
82,68,513.0,413.0,0.0
82,69,449.0,437.0,0.8200000000000005
82,98,442.0,500.0,0.0
82,82,470.0,411.0,0.8200000000000005
82,85,526.0,409.0,0.0
82,39,483.0,504.0,0.0
82,84,522.0,446.0,0.0
82,77,449.0,493.0,0.0
82,7,504.0,426.0,0.0
82,25,448.0,458.0,0.8200000000000005
82,95,523.0,506.0,0.0
82,71,473.0,502.0,0.0
82,66,507.0,505.0,0.0
82,76,477.0,489.0,0.0
82,34,479.0,409.0,0.0
82,50,448.0,442.0,0.8200000000000005
82,59,502.0,441.0,0.0
82,93,449.0,442.0,0.8200000000000005
82,2,485.0,445.0,0.0
82,10,454.0,426.0,0.8200000000000005
82,18,458.0,418.0,0.8200000000000005
82,26,472.0,414.0,0.8200000000000005
82,27,453.0,409.0,0.8200000000000005
82,42,441.0,482.0,0.0
82,87,505.0,455.0,0.0
82,100,530.0,428.0,0.0
82,79,516.0,470.0,0.0
82,16,487.0,488.0,0.0
82,20,457.0,478.0,0.0
82,81,527.0,410.0,0.0
82,19,442.0,464.0,0.0
82,49,482.0,429.0,0.0
82,44,469.0,440.0,0.8200000000000005
82,9,536.0,504.0,0.0
82,31,468.0,418.0,0.8200000000000005
82,74,512.0,437.0,0.0
82,61,458.0,468.0,0.0
82,29,493.0,442.0,0.0
82,94,487.0,420.0,0.0
82,46,510.0,446.0,0.0
82,57,446.0,436.0,0.8200000000000005
82,70,536.0,501.0,0.0
82,21,513.0,476.0,0.0
82,38,533.0,493.0,0.0
82,88,505.0,486.0,0.0
82,78,516.0,408.0,0.0
82,72,454.0,479.0,0.0
82,24,443.0,477.0,0.0
82,8,495.0,453.0,0.0
82,17,499.0,454.0,0.0
82,37,500.0,481.0,0.0
82,1,441.0,460.0,0.8200000000000005
82,53,511.0,470.0,0.0
82,22,446.0,493.0,0.0
82,47,498.0,470.0,0.0
82,83,495.0,475.0,0.0
82,99,482.0,408.0,0.0
82,89,474.0,460.0,0.0
82,14,453.0,457.0,0.8200000000000005
82,3,495.0,416.0,0.0
82,80,517.0,419.0,0.0
82,96,442.0,483.0,0.0
82,51,515.0,430.0,0.0
82,33,509.0,431.0,0.0
82,40,528.0,407.0,0.0
82,48,532.0,423.0,0.0
82,15,537.0,420.0,0.0
82,65,457.0,487.0,0.0
82,97,450.0,476.0,0.0
83,5,517.0,420.0,0.0
83,56,447.0,504.0,0.0
83,35,517.0,473.0,0.0
83,55,512.0,475.0,0.0
83,60,479.0,468.0,0.0
83,30,454.0,439.0,0.8300000000000005
83,32,459.0,502.0,0.0
83,6,455.0,487.0,0.0
83,67,507.0,424.0,0.0
83,45,466.0,438.0,0.8300000000000005
83,73,443.0,477.0,0.0
83,64,501.0,445.0,0.0
83,90,478.0,485.0,0.0
83,4,509.0,428.0,0.0
83,13,538.0,438.0,0.0
83,54,480.0,445.0,0.0
83,63,502.0,501.0,0.0
83,86,447.0,467.0,0.0
83,91,526.0,502.0,0.0
83,62,523.0,474.0,0.0
83,58,472.0,418.0,0.8300000000000005
83,52,479.0,418.0,0.0
83,12,445.0,417.0,0.8300000000000005
83,28,479.0,490.0,0.0
83,75,443.0,424.0,0.8300000000000005
83,23,510.0,421.0,0.0
83,92,492.0,477.0,0.0
83,41,456.0,487.0,0.0
83,43,521.0,414.0,0.0
83,11,504.0,431.0,0.0
83,36,506.0,467.0,0.0
83,68,513.0,413.0,0.0
83,69,449.0,437.0,0.8300000000000005
83,98,442.0,500.0,0.0
83,82,470.0,411.0,0.8300000000000005
83,85,526.0,409.0,0.0
83,39,483.0,504.0,0.0
83,84,522.0,446.0,0.0
83,77,449.0,493.0,0.0
83,7,504.0,426.0,0.0
83,25,448.0,458.0,0.8300000000000005
83,95,523.0,506.0,0.0
83,71,473.0,502.0,0.0
83,66,507.0,505.0,0.0
83,76,477.0,489.0,0.0
83,34,479.0,409.0,0.0
83,50,448.0,442.0,0.8300000000000005
83,59,502.0,441.0,0.0
83,93,449.0,442.0,0.8300000000000005
83,2,485.0,445.0,0.0
83,10,454.0,426.0,0.8300000000000005
83,18,458.0,418.0,0.8300000000000005
83,26,472.0,414.0,0.8300000000000005
83,27,453.0,409.0,0.8300000000000005
83,42,441.0,482.0,0.0
83,87,505.0,455.0,0.0
83,100,530.0,428.0,0.0
83,79,516.0,470.0,0.0
83,16,487.0,488.0,0.0
83,20,457.0,478.0,0.0
83,81,527.0,410.0,0.0
83,19,442.0,464.0,0.0
83,49,482.0,429.0,0.0
83,44,469.0,440.0,0.8300000000000005
83,9,536.0,504.0,0.0
83,31,468.0,418.0,0.8300000000000005
83,74,512.0,437.0,0.0
83,61,458.0,468.0,0.0
83,29,493.0,442.0,0.0
83,94,487.0,420.0,0.0
83,46,510.0,446.0,0.0
83,57,446.0,436.0,0.8300000000000005
83,70,536.0,501.0,0.0
83,21,513.0,476.0,0.0
83,38,533.0,493.0,0.0
83,88,505.0,486.0,0.0
83,78,516.0,408.0,0.0
83,72,454.0,479.0,0.0
83,24,443.0,477.0,0.0
83,8,495.0,453.0,0.0
83,17,499.0,454.0,0.0
83,37,500.0,481.0,0.0
83,1,441.0,460.0,0.8300000000000005
83,53,511.0,470.0,0.0
83,22,446.0,493.0,0.0
83,47,498.0,470.0,0.0
83,83,495.0,475.0,0.0
83,99,482.0,408.0,0.0
83,89,474.0,460.0,0.0
83,14,453.0,457.0,0.8300000000000005
83,3,495.0,416.0,0.0
83,80,517.0,419.0,0.0
83,96,442.0,483.0,0.0
83,51,515.0,430.0,0.0
83,33,509.0,431.0,0.0
83,40,528.0,407.0,0.0
83,48,532.0,423.0,0.0
83,15,537.0,420.0,0.0
83,65,457.0,487.0,0.0
83,97,450.0,476.0,0.0
84,5,517.0,420.0,0.0
84,56,447.0,504.0,0.0
84,35,517.0,473.0,0.0
84,55,512.0,475.0,0.0
84,60,479.0,468.0,0.0
84,30,454.0,439.0,0.8400000000000005
84,32,459.0,502.0,0.0
84,6,455.0,487.0,0.0
84,67,507.0,424.0,0.0
84,45,466.0,438.0,0.8400000000000005
84,73,443.0,477.0,0.0
84,64,501.0,445.0,0.0
84,90,478.0,485.0,0.0
84,4,509.0,428.0,0.0
84,13,538.0,438.0,0.0
84,54,480.0,445.0,0.0
84,63,502.0,501.0,0.0
84,86,447.0,467.0,0.0
84,91,526.0,502.0,0.0
84,62,523.0,474.0,0.0
84,58,472.0,418.0,0.8400000000000005
84,52,479.0,418.0,0.0
84,12,445.0,417.0,0.8400000000000005
84,28,479.0,490.0,0.0
84,75,443.0,424.0,0.8400000000000005
84,23,510.0,421.0,0.0
84,92,492.0,477.0,0.0
84,41,456.0,487.0,0.0
84,43,521.0,414.0,0.0
84,11,504.0,431.0,0.0
84,36,506.0,467.0,0.0
84,68,513.0,413.0,0.0
84,69,449.0,437.0,0.8400000000000005
84,98,442.0,500.0,0.0
84,82,470.0,411.0,0.8400000000000005
84,85,526.0,409.0,0.0
84,39,483.0,504.0,0.0
84,84,522.0,446.0,0.0
84,77,449.0,493.0,0.0
84,7,504.0,426.0,0.0
84,25,448.0,458.0,0.8400000000000005
84,95,523.0,506.0,0.0
84,71,473.0,502.0,0.0
84,66,507.0,505.0,0.0
84,76,477.0,489.0,0.0
84,34,479.0,409.0,0.0
84,50,448.0,442.0,0.8400000000000005
84,59,502.0,441.0,0.0
84,93,449.0,442.0,0.8400000000000005
84,2,485.0,445.0,0.0
84,10,454.0,426.0,0.8400000000000005
84,18,458.0,418.0,0.8400000000000005
84,26,472.0,414.0,0.8400000000000005
84,27,453.0,409.0,0.8400000000000005
84,42,441.0,482.0,0.0
84,87,505.0,455.0,0.0
84,100,530.0,428.0,0.0
84,79,516.0,470.0,0.0
84,16,487.0,488.0,0.0
84,20,457.0,478.0,0.0
84,81,527.0,410.0,0.0
84,19,442.0,464.0,0.0
84,49,482.0,429.0,0.0
84,44,469.0,440.0,0.8400000000000005
84,9,536.0,504.0,0.0
84,31,468.0,418.0,0.8400000000000005
84,74,512.0,437.0,0.0
84,61,458.0,468.0,0.0
84,29,493.0,442.0,0.0
84,94,487.0,420.0,0.0
84,46,510.0,446.0,0.0
84,57,446.0,436.0,0.8400000000000005
84,70,536.0,501.0,0.0
84,21,513.0,476.0,0.0
84,38,533.0,493.0,0.0
84,88,505.0,486.0,0.0
84,78,516.0,408.0,0.0
84,72,454.0,479.0,0.0
84,24,443.0,477.0,0.0
84,8,495.0,453.0,0.0
84,17,499.0,454.0,0.0
84,37,500.0,481.0,0.0
84,1,441.0,460.0,0.8400000000000005
84,53,511.0,470.0,0.0
84,22,446.0,493.0,0.0
84,47,498.0,470.0,0.0
84,83,495.0,475.0,0.0
84,99,482.0,408.0,0.0
84,89,474.0,460.0,0.0
84,14,453.0,457.0,0.8400000000000005
84,3,495.0,416.0,0.0
84,80,517.0,419.0,0.0
84,96,442.0,483.0,0.0
84,51,515.0,430.0,0.0
84,33,509.0,431.0,0.0
84,40,528.0,407.0,0.0
84,48,532.0,423.0,0.0
84,15,537.0,420.0,0.0
84,65,457.0,487.0,0.0
84,97,450.0,476.0,0.0
85,5,517.0,420.0,0.0
85,56,447.0,504.0,0.0
85,35,517.0,473.0,0.0
85,55,512.0,475.0,0.0
85,60,479.0,468.0,0.0
85,30,454.0,439.0,0.8500000000000005
85,32,459.0,502.0,0.0
85,6,455.0,487.0,0.0
85,67,507.0,424.0,0.0
85,45,466.0,438.0,0.8500000000000005
85,73,443.0,477.0,0.0
85,64,501.0,445.0,0.0
85,90,478.0,485.0,0.0
85,4,509.0,428.0,0.0
85,13,538.0,438.0,0.0
85,54,480.0,445.0,0.0
85,63,502.0,501.0,0.0
85,86,447.0,467.0,0.0
85,91,526.0,502.0,0.0
85,62,523.0,474.0,0.0
85,58,472.0,418.0,0.8500000000000005
85,52,479.0,418.0,0.0
85,12,445.0,417.0,0.8500000000000005
85,28,479.0,490.0,0.0
85,75,443.0,424.0,0.8500000000000005
85,23,510.0,421.0,0.0
85,92,492.0,477.0,0.0
85,41,456.0,487.0,0.0
85,43,521.0,414.0,0.0
85,11,504.0,431.0,0.0
85,36,506.0,467.0,0.0
85,68,513.0,413.0,0.0
85,69,449.0,437.0,0.8500000000000005
85,98,442.0,500.0,0.0
85,82,470.0,411.0,0.8500000000000005
85,85,526.0,409.0,0.0
85,39,483.0,504.0,0.0
85,84,522.0,446.0,0.0
85,77,449.0,493.0,0.0
85,7,504.0,426.0,0.0
85,25,448.0,458.0,0.8500000000000005
85,95,523.0,506.0,0.0
85,71,473.0,502.0,0.0
85,66,507.0,505.0,0.0
85,76,477.0,489.0,0.0
85,34,479.0,409.0,0.0
85,50,448.0,442.0,0.8500000000000005
85,59,502.0,441.0,0.0
85,93,449.0,442.0,0.8500000000000005
85,2,485.0,445.0,0.0
85,10,454.0,426.0,0.8500000000000005
85,18,458.0,418.0,0.8500000000000005
85,26,472.0,414.0,0.8500000000000005
85,27,453.0,409.0,0.8500000000000005
85,42,441.0,482.0,0.0
85,87,505.0,455.0,0.0
85,100,530.0,428.0,0.0
85,79,516.0,470.0,0.0
85,16,487.0,488.0,0.0
85,20,457.0,478.0,0.0
85,81,527.0,410.0,0.0
85,19,442.0,464.0,0.0
85,49,482.0,429.0,0.0
85,44,469.0,440.0,0.8500000000000005
85,9,536.0,504.0,0.0
85,31,468.0,418.0,0.8500000000000005
85,74,512.0,437.0,0.0
85,61,458.0,468.0,0.0
85,29,493.0,442.0,0.0
85,94,487.0,420.0,0.0
85,46,510.0,446.0,0.0
85,57,446.0,436.0,0.8500000000000005
85,70,536.0,501.0,0.0
85,21,513.0,476.0,0.0
85,38,533.0,493.0,0.0
85,88,505.0,486.0,0.0
85,78,516.0,408.0,0.0
85,72,454.0,479.0,0.0
85,24,443.0,477.0,0.0
85,8,495.0,453.0,0.0
85,17,499.0,454.0,0.0
85,37,500.0,481.0,0.0
85,1,441.0,460.0,0.8500000000000005
85,53,511.0,470.0,0.0
85,22,446.0,493.0,0.0
85,47,498.0,470.0,0.0
85,83,495.0,475.0,0.0
85,99,482.0,408.0,0.0
85,89,474.0,460.0,0.0
85,14,453.0,457.0,0.8500000000000005
85,3,495.0,416.0,0.0
85,80,517.0,419.0,0.0
85,96,442.0,483.0,0.0
85,51,515.0,430.0,0.0
85,33,509.0,431.0,0.0
85,40,528.0,407.0,0.0
85,48,532.0,423.0,0.0
85,15,537.0,420.0,0.0
85,65,457.0,487.0,0.0
85,97,450.0,476.0,0.0
86,5,517.0,420.0,0.0
86,56,447.0,504.0,0.0
86,35,517.0,473.0,0.0
86,55,512.0,475.0,0.0
86,60,479.0,468.0,0.0
86,30,454.0,439.0,0.8600000000000005
86,32,459.0,502.0,0.0
86,6,455.0,487.0,0.0
86,67,507.0,424.0,0.0
86,45,466.0,438.0,0.8600000000000005
86,73,443.0,477.0,0.0
86,64,501.0,445.0,0.0
86,90,478.0,485.0,0.0
86,4,509.0,428.0,0.0
86,13,538.0,438.0,0.0
86,54,480.0,445.0,0.0
86,63,502.0,501.0,0.0
86,86,447.0,467.0,0.0
86,91,526.0,502.0,0.0
86,62,523.0,474.0,0.0
86,58,472.0,418.0,0.8600000000000005
86,52,479.0,418.0,0.0
86,12,445.0,417.0,0.8600000000000005
86,28,479.0,490.0,0.0
86,75,443.0,424.0,0.8600000000000005
86,23,510.0,421.0,0.0
86,92,492.0,477.0,0.0
86,41,456.0,487.0,0.0
86,43,521.0,414.0,0.0
86,11,504.0,431.0,0.0
86,36,506.0,467.0,0.0
86,68,513.0,413.0,0.0
86,69,449.0,437.0,0.8600000000000005
86,98,442.0,500.0,0.0
86,82,470.0,411.0,0.8600000000000005
86,85,526.0,409.0,0.0
86,39,483.0,504.0,0.0
86,84,522.0,446.0,0.0
86,77,449.0,493.0,0.0
86,7,504.0,426.0,0.0
86,25,448.0,458.0,0.8600000000000005
86,95,523.0,506.0,0.0
86,71,473.0,502.0,0.0
86,66,507.0,505.0,0.0
86,76,477.0,489.0,0.0
86,34,479.0,409.0,0.0
86,50,448.0,442.0,0.8600000000000005
86,59,502.0,441.0,0.0
86,93,449.0,442.0,0.8600000000000005
86,2,485.0,445.0,0.0
86,10,454.0,426.0,0.8600000000000005
86,18,458.0,418.0,0.8600000000000005
86,26,472.0,414.0,0.8600000000000005
86,27,453.0,409.0,0.8600000000000005
86,42,441.0,482.0,0.0
86,87,505.0,455.0,0.0
86,100,530.0,428.0,0.0
86,79,516.0,470.0,0.0
86,16,487.0,488.0,0.0
86,20,457.0,478.0,0.0
86,81,527.0,410.0,0.0
86,19,442.0,464.0,0.0
86,49,482.0,429.0,0.0
86,44,469.0,440.0,0.8600000000000005
86,9,536.0,504.0,0.0
86,31,468.0,418.0,0.8600000000000005
86,74,512.0,437.0,0.0
86,61,458.0,468.0,0.0
86,29,493.0,442.0,0.0
86,94,487.0,420.0,0.0
86,46,510.0,446.0,0.0
86,57,446.0,436.0,0.8600000000000005
86,70,536.0,501.0,0.0
86,21,513.0,476.0,0.0
86,38,533.0,493.0,0.0
86,88,505.0,486.0,0.0
86,78,516.0,408.0,0.0
86,72,454.0,479.0,0.0
86,24,443.0,477.0,0.0
86,8,495.0,453.0,0.0
86,17,499.0,454.0,0.0
86,37,500.0,481.0,0.0
86,1,441.0,460.0,0.8600000000000005
86,53,511.0,470.0,0.0
86,22,446.0,493.0,0.0
86,47,498.0,470.0,0.0
86,83,495.0,475.0,0.0
86,99,482.0,408.0,0.0
86,89,474.0,460.0,0.0
86,14,453.0,457.0,0.8600000000000005
86,3,495.0,416.0,0.0
86,80,517.0,419.0,0.0
86,96,442.0,483.0,0.0
86,51,515.0,430.0,0.0
86,33,509.0,431.0,0.0
86,40,528.0,407.0,0.0
86,48,532.0,423.0,0.0
86,15,537.0,420.0,0.0
86,65,457.0,487.0,0.0
86,97,450.0,476.0,0.0
87,5,517.0,420.0,0.0
87,56,447.0,504.0,0.0
87,35,517.0,473.0,0.0
87,55,512.0,475.0,0.0
87,60,479.0,468.0,0.0
87,30,454.0,439.0,0.8700000000000006
87,32,459.0,502.0,0.0
87,6,455.0,487.0,0.0
87,67,507.0,424.0,0.0
87,45,466.0,438.0,0.8700000000000006
87,73,443.0,477.0,0.0
87,64,501.0,445.0,0.0
87,90,478.0,485.0,0.0
87,4,509.0,428.0,0.0
87,13,538.0,438.0,0.0
87,54,480.0,445.0,0.0
87,63,502.0,501.0,0.0
87,86,447.0,467.0,0.0
87,91,526.0,502.0,0.0
87,62,523.0,474.0,0.0
87,58,472.0,418.0,0.8700000000000006
87,52,479.0,418.0,0.0
87,12,445.0,417.0,0.8700000000000006
87,28,479.0,490.0,0.0
87,75,443.0,424.0,0.8700000000000006
87,23,510.0,421.0,0.0
87,92,492.0,477.0,0.0
87,41,456.0,487.0,0.0
87,43,521.0,414.0,0.0
87,11,504.0,431.0,0.0
87,36,506.0,467.0,0.0
87,68,513.0,413.0,0.0
87,69,449.0,437.0,0.8700000000000006
87,98,442.0,500.0,0.0
87,82,470.0,411.0,0.8700000000000006
87,85,526.0,409.0,0.0
87,39,483.0,504.0,0.0
87,84,522.0,446.0,0.0
87,77,449.0,493.0,0.0
87,7,504.0,426.0,0.0
87,25,448.0,458.0,0.8700000000000006
87,95,523.0,506.0,0.0
87,71,473.0,502.0,0.0
87,66,507.0,505.0,0.0
87,76,477.0,489.0,0.0
87,34,479.0,409.0,0.0
87,50,448.0,442.0,0.8700000000000006
87,59,502.0,441.0,0.0
87,93,449.0,442.0,0.8700000000000006
87,2,485.0,445.0,0.0
87,10,454.0,426.0,0.8700000000000006
87,18,458.0,418.0,0.8700000000000006
87,26,472.0,414.0,0.8700000000000006
87,27,453.0,409.0,0.8700000000000006
87,42,441.0,482.0,0.0
87,87,505.0,455.0,0.0
87,100,530.0,428.0,0.0
87,79,516.0,470.0,0.0
87,16,487.0,488.0,0.0
87,20,457.0,478.0,0.0
87,81,527.0,410.0,0.0
87,19,442.0,464.0,0.0
87,49,482.0,429.0,0.0
87,44,469.0,440.0,0.8700000000000006
87,9,536.0,504.0,0.0
87,31,468.0,418.0,0.8700000000000006
87,74,512.0,437.0,0.0
87,61,458.0,468.0,0.0
87,29,493.0,442.0,0.0
87,94,487.0,420.0,0.0
87,46,510.0,446.0,0.0
87,57,446.0,436.0,0.8700000000000006
87,70,536.0,501.0,0.0
87,21,513.0,476.0,0.0
87,38,533.0,493.0,0.0
87,88,505.0,486.0,0.0
87,78,516.0,408.0,0.0
87,72,454.0,479.0,0.0
87,24,443.0,477.0,0.0
87,8,495.0,453.0,0.0
87,17,499.0,454.0,0.0
87,37,500.0,481.0,0.0
87,1,441.0,460.0,0.8700000000000006
87,53,511.0,470.0,0.0
87,22,446.0,493.0,0.0
87,47,498.0,470.0,0.0
87,83,495.0,475.0,0.0
87,99,482.0,408.0,0.0
87,89,474.0,460.0,0.0
87,14,453.0,457.0,0.8700000000000006
87,3,495.0,416.0,0.0
87,80,517.0,419.0,0.0
87,96,442.0,483.0,0.0
87,51,515.0,430.0,0.0
87,33,509.0,431.0,0.0
87,40,528.0,407.0,0.0
87,48,532.0,423.0,0.0
87,15,537.0,420.0,0.0
87,65,457.0,487.0,0.0
87,97,450.0,476.0,0.0
88,5,517.0,420.0,0.0
88,56,447.0,504.0,0.0
88,35,517.0,473.0,0.0
88,55,512.0,475.0,0.0
88,60,479.0,468.0,0.0
88,30,454.0,439.0,0.8800000000000006
88,32,459.0,502.0,0.0
88,6,455.0,487.0,0.0
88,67,507.0,424.0,0.0
88,45,466.0,438.0,0.8800000000000006
88,73,443.0,477.0,0.0
88,64,501.0,445.0,0.0
88,90,478.0,485.0,0.0
88,4,509.0,428.0,0.0
88,13,538.0,438.0,0.0
88,54,480.0,445.0,0.0
88,63,502.0,501.0,0.0
88,86,447.0,467.0,0.0
88,91,526.0,502.0,0.0
88,62,523.0,474.0,0.0
88,58,472.0,418.0,0.8800000000000006
88,52,479.0,418.0,0.0
88,12,445.0,417.0,0.8800000000000006
88,28,479.0,490.0,0.0
88,75,443.0,424.0,0.8800000000000006
88,23,510.0,421.0,0.0
88,92,492.0,477.0,0.0
88,41,456.0,487.0,0.0
88,43,521.0,414.0,0.0
88,11,504.0,431.0,0.0
88,36,506.0,467.0,0.0
88,68,513.0,413.0,0.0
88,69,449.0,437.0,0.8800000000000006
88,98,442.0,500.0,0.0
88,82,470.0,411.0,0.8800000000000006
88,85,526.0,409.0,0.0
88,39,483.0,504.0,0.0
88,84,522.0,446.0,0.0
88,77,449.0,493.0,0.0
88,7,504.0,426.0,0.0
88,25,448.0,458.0,0.8800000000000006
88,95,523.0,506.0,0.0
88,71,473.0,502.0,0.0
88,66,507.0,505.0,0.0
88,76,477.0,489.0,0.0
88,34,479.0,409.0,0.0
88,50,448.0,442.0,0.8800000000000006
88,59,502.0,441.0,0.0
88,93,449.0,442.0,0.8800000000000006
88,2,485.0,445.0,0.0
88,10,454.0,426.0,0.8800000000000006
88,18,458.0,418.0,0.8800000000000006
88,26,472.0,414.0,0.8800000000000006
88,27,453.0,409.0,0.8800000000000006
88,42,441.0,482.0,0.0
88,87,505.0,455.0,0.0
88,100,530.0,428.0,0.0
88,79,516.0,470.0,0.0
88,16,487.0,488.0,0.0
88,20,457.0,478.0,0.0
88,81,527.0,410.0,0.0
88,19,442.0,464.0,0.0
88,49,482.0,429.0,0.0
88,44,469.0,440.0,0.8800000000000006
88,9,536.0,504.0,0.0
88,31,468.0,418.0,0.8800000000000006
88,74,512.0,437.0,0.0
88,61,458.0,468.0,0.0
88,29,493.0,442.0,0.0
88,94,487.0,420.0,0.0
88,46,510.0,446.0,0.0
88,57,446.0,436.0,0.8800000000000006
88,70,536.0,501.0,0.0
88,21,513.0,476.0,0.0
88,38,533.0,493.0,0.0
88,88,505.0,486.0,0.0
88,78,516.0,408.0,0.0
88,72,454.0,479.0,0.0
88,24,443.0,477.0,0.0
88,8,495.0,453.0,0.0
88,17,499.0,454.0,0.0
88,37,500.0,481.0,0.0
88,1,441.0,460.0,0.8800000000000006
88,53,511.0,470.0,0.0
88,22,446.0,493.0,0.0
88,47,498.0,470.0,0.0
88,83,495.0,475.0,0.0
88,99,482.0,408.0,0.0
88,89,474.0,460.0,0.0
88,14,453.0,457.0,0.8800000000000006
88,3,495.0,416.0,0.0
88,80,517.0,419.0,0.0
88,96,442.0,483.0,0.0
88,51,515.0,430.0,0.0
88,33,509.0,431.0,0.0
88,40,528.0,407.0,0.0
88,48,532.0,423.0,0.0
88,15,537.0,420.0,0.0
88,65,457.0,487.0,0.0
88,97,450.0,476.0,0.0
89,5,517.0,420.0,0.0
89,56,447.0,504.0,0.0
89,35,517.0,473.0,0.0
89,55,512.0,475.0,0.0
89,60,479.0,468.0,0.0
89,30,454.0,439.0,0.8900000000000006
89,32,459.0,502.0,0.0
89,6,455.0,487.0,0.0
89,67,507.0,424.0,0.0
89,45,466.0,438.0,0.8900000000000006
89,73,443.0,477.0,0.0
89,64,501.0,445.0,0.0
89,90,478.0,485.0,0.0
89,4,509.0,428.0,0.0
89,13,538.0,438.0,0.0
89,54,480.0,445.0,0.0
89,63,502.0,501.0,0.0
89,86,447.0,467.0,0.0
89,91,526.0,502.0,0.0
89,62,523.0,474.0,0.0
89,58,472.0,418.0,0.8900000000000006
89,52,479.0,418.0,0.0
89,12,445.0,417.0,0.8900000000000006
89,28,479.0,490.0,0.0
89,75,443.0,424.0,0.8900000000000006
89,23,510.0,421.0,0.0
89,92,492.0,477.0,0.0
89,41,456.0,487.0,0.0
89,43,521.0,414.0,0.0
89,11,504.0,431.0,0.0
89,36,506.0,467.0,0.0
89,68,513.0,413.0,0.0
89,69,449.0,437.0,0.8900000000000006
89,98,442.0,500.0,0.0
89,82,470.0,411.0,0.8900000000000006
89,85,526.0,409.0,0.0
89,39,483.0,504.0,0.0
89,84,522.0,446.0,0.0
89,77,449.0,493.0,0.0
89,7,504.0,426.0,0.0
89,25,448.0,458.0,0.8900000000000006
89,95,523.0,506.0,0.0
89,71,473.0,502.0,0.0
89,66,507.0,505.0,0.0
89,76,477.0,489.0,0.0
89,34,479.0,409.0,0.0
89,50,448.0,442.0,0.8900000000000006
89,59,502.0,441.0,0.0
89,93,449.0,442.0,0.8900000000000006
89,2,485.0,445.0,0.0
89,10,454.0,426.0,0.8900000000000006
89,18,458.0,418.0,0.8900000000000006
89,26,472.0,414.0,0.8900000000000006
89,27,453.0,409.0,0.8900000000000006
89,42,441.0,482.0,0.0
89,87,505.0,455.0,0.0
89,100,530.0,428.0,0.0
89,79,516.0,470.0,0.0
89,16,487.0,488.0,0.0
89,20,457.0,478.0,0.0
89,81,527.0,410.0,0.0
89,19,442.0,464.0,0.0
89,49,482.0,429.0,0.0
89,44,469.0,440.0,0.8900000000000006
89,9,536.0,504.0,0.0
89,31,468.0,418.0,0.8900000000000006
89,74,512.0,437.0,0.0
89,61,458.0,468.0,0.0
89,29,493.0,442.0,0.0
89,94,487.0,420.0,0.0
89,46,510.0,446.0,0.0
89,57,446.0,436.0,0.8900000000000006
89,70,536.0,501.0,0.0
89,21,513.0,476.0,0.0
89,38,533.0,493.0,0.0
89,88,505.0,486.0,0.0
89,78,516.0,408.0,0.0
89,72,454.0,479.0,0.0
89,24,443.0,477.0,0.0
89,8,495.0,453.0,0.0
89,17,499.0,454.0,0.0
89,37,500.0,481.0,0.0
89,1,441.0,460.0,0.8900000000000006
89,53,511.0,470.0,0.0
89,22,446.0,493.0,0.0
89,47,498.0,470.0,0.0
89,83,495.0,475.0,0.0
89,99,482.0,408.0,0.0
89,89,474.0,460.0,0.0
89,14,453.0,457.0,0.8900000000000006
89,3,495.0,416.0,0.0
89,80,517.0,419.0,0.0
89,96,442.0,483.0,0.0
89,51,515.0,430.0,0.0
89,33,509.0,431.0,0.0
89,40,528.0,407.0,0.0
89,48,532.0,423.0,0.0
89,15,537.0,420.0,0.0
89,65,457.0,487.0,0.0
89,97,450.0,476.0,0.0
90,5,517.0,420.0,0.0
90,56,447.0,504.0,0.0
90,35,517.0,473.0,0.0
90,55,512.0,475.0,0.0
90,60,479.0,468.0,0.0
90,30,454.0,439.0,0.9000000000000006
90,32,459.0,502.0,0.0
90,6,455.0,487.0,0.0
90,67,507.0,424.0,0.0
90,45,466.0,438.0,0.9000000000000006
90,73,443.0,477.0,0.0
90,64,501.0,445.0,0.0
90,90,478.0,485.0,0.0
90,4,509.0,428.0,0.0
90,13,538.0,438.0,0.0
90,54,480.0,445.0,0.0
90,63,502.0,501.0,0.0
90,86,447.0,467.0,0.0
90,91,526.0,502.0,0.0
90,62,523.0,474.0,0.0
90,58,472.0,418.0,0.9000000000000006
90,52,479.0,418.0,0.0
90,12,445.0,417.0,0.9000000000000006
90,28,479.0,490.0,0.0
90,75,443.0,424.0,0.9000000000000006
90,23,510.0,421.0,0.0
90,92,492.0,477.0,0.0
90,41,456.0,487.0,0.0
90,43,521.0,414.0,0.0
90,11,504.0,431.0,0.0
90,36,506.0,467.0,0.0
90,68,513.0,413.0,0.0
90,69,449.0,437.0,0.9000000000000006
90,98,442.0,500.0,0.0
90,82,470.0,411.0,0.9000000000000006
90,85,526.0,409.0,0.0
90,39,483.0,504.0,0.0
90,84,522.0,446.0,0.0
90,77,449.0,493.0,0.0
90,7,504.0,426.0,0.0
90,25,448.0,458.0,0.9000000000000006
90,95,523.0,506.0,0.0
90,71,473.0,502.0,0.0
90,66,507.0,505.0,0.0
90,76,477.0,489.0,0.0
90,34,479.0,409.0,0.0
90,50,448.0,442.0,0.9000000000000006
90,59,502.0,441.0,0.0
90,93,449.0,442.0,0.9000000000000006
90,2,485.0,445.0,0.0
90,10,454.0,426.0,0.9000000000000006
90,18,458.0,418.0,0.9000000000000006
90,26,472.0,414.0,0.9000000000000006
90,27,453.0,409.0,0.9000000000000006
90,42,441.0,482.0,0.0
90,87,505.0,455.0,0.0
90,100,530.0,428.0,0.0
90,79,516.0,470.0,0.0
90,16,487.0,488.0,0.0
90,20,457.0,478.0,0.0
90,81,527.0,410.0,0.0
90,19,442.0,464.0,0.0
90,49,482.0,429.0,0.0
90,44,469.0,440.0,0.9000000000000006
90,9,536.0,504.0,0.0
90,31,468.0,418.0,0.9000000000000006
90,74,512.0,437.0,0.0
90,61,458.0,468.0,0.0
90,29,493.0,442.0,0.0
90,94,487.0,420.0,0.0
90,46,510.0,446.0,0.0
90,57,446.0,436.0,0.9000000000000006
90,70,536.0,501.0,0.0
90,21,513.0,476.0,0.0
90,38,533.0,493.0,0.0
90,88,505.0,486.0,0.0
90,78,516.0,408.0,0.0
90,72,454.0,479.0,0.0
90,24,443.0,477.0,0.0
90,8,495.0,453.0,0.0
90,17,499.0,454.0,0.0
90,37,500.0,481.0,0.0
90,1,441.0,460.0,0.9000000000000006
90,53,511.0,470.0,0.0
90,22,446.0,493.0,0.0
90,47,498.0,470.0,0.0
90,83,495.0,475.0,0.0
90,99,482.0,408.0,0.0
90,89,474.0,460.0,0.0
90,14,453.0,457.0,0.9000000000000006
90,3,495.0,416.0,0.0
90,80,517.0,419.0,0.0
90,96,442.0,483.0,0.0
90,51,515.0,430.0,0.0
90,33,509.0,431.0,0.0
90,40,528.0,407.0,0.0
90,48,532.0,423.0,0.0
90,15,537.0,420.0,0.0
90,65,457.0,487.0,0.0
90,97,450.0,476.0,0.0
91,5,517.0,420.0,0.0
91,56,447.0,504.0,0.0
91,35,517.0,473.0,0.0
91,55,512.0,475.0,0.0
91,60,479.0,468.0,0.0
91,30,454.0,439.0,0.9100000000000006
91,32,459.0,502.0,0.0
91,6,455.0,487.0,0.0
91,67,507.0,424.0,0.0
91,45,466.0,438.0,0.9100000000000006
91,73,443.0,477.0,0.0
91,64,501.0,445.0,0.0
91,90,478.0,485.0,0.0
91,4,509.0,428.0,0.0
91,13,538.0,438.0,0.0
91,54,480.0,445.0,0.0
91,63,502.0,501.0,0.0
91,86,447.0,467.0,0.0
91,91,526.0,502.0,0.0
91,62,523.0,474.0,0.0
91,58,472.0,418.0,0.9100000000000006
91,52,479.0,418.0,0.0
91,12,445.0,417.0,0.9100000000000006
91,28,479.0,490.0,0.0
91,75,443.0,424.0,0.9100000000000006
91,23,510.0,421.0,0.0
91,92,492.0,477.0,0.0
91,41,456.0,487.0,0.0
91,43,521.0,414.0,0.0
91,11,504.0,431.0,0.0
91,36,506.0,467.0,0.0
91,68,513.0,413.0,0.0
91,69,449.0,437.0,0.9100000000000006
91,98,442.0,500.0,0.0
91,82,470.0,411.0,0.9100000000000006
91,85,526.0,409.0,0.0
91,39,483.0,504.0,0.0
91,84,522.0,446.0,0.0
91,77,449.0,493.0,0.0
91,7,504.0,426.0,0.0
91,25,448.0,458.0,0.9100000000000006
91,95,523.0,506.0,0.0
91,71,473.0,502.0,0.0
91,66,507.0,505.0,0.0
91,76,477.0,489.0,0.0
91,34,479.0,409.0,0.0
91,50,448.0,442.0,0.9100000000000006
91,59,502.0,441.0,0.0
91,93,449.0,442.0,0.9100000000000006
91,2,485.0,445.0,0.0
91,10,454.0,426.0,0.9100000000000006
91,18,458.0,418.0,0.9100000000000006
91,26,472.0,414.0,0.9100000000000006
91,27,453.0,409.0,0.9100000000000006
91,42,441.0,482.0,0.0
91,87,505.0,455.0,0.0
91,100,530.0,428.0,0.0
91,79,516.0,470.0,0.0
91,16,487.0,488.0,0.0
91,20,457.0,478.0,0.0
91,81,527.0,410.0,0.0
91,19,442.0,464.0,0.0
91,49,482.0,429.0,0.0
91,44,469.0,440.0,0.9100000000000006
91,9,536.0,504.0,0.0
91,31,468.0,418.0,0.9100000000000006
91,74,512.0,437.0,0.0
91,61,458.0,468.0,0.0
91,29,493.0,442.0,0.0
91,94,487.0,420.0,0.0
91,46,510.0,446.0,0.0
91,57,446.0,436.0,0.9100000000000006
91,70,536.0,501.0,0.0
91,21,513.0,476.0,0.0
91,38,533.0,493.0,0.0
91,88,505.0,486.0,0.0
91,78,516.0,408.0,0.0
91,72,454.0,479.0,0.0
91,24,443.0,477.0,0.0
91,8,495.0,453.0,0.0
91,17,499.0,454.0,0.0
91,37,500.0,481.0,0.0
91,1,441.0,460.0,0.9100000000000006
91,53,511.0,470.0,0.0
91,22,446.0,493.0,0.0
91,47,498.0,470.0,0.0
91,83,495.0,475.0,0.0
91,99,482.0,408.0,0.0
91,89,474.0,460.0,0.0
91,14,453.0,457.0,0.9100000000000006
91,3,495.0,416.0,0.0
91,80,517.0,419.0,0.0
91,96,442.0,483.0,0.0
91,51,515.0,430.0,0.0
91,33,509.0,431.0,0.0
91,40,528.0,407.0,0.0
91,48,532.0,423.0,0.0
91,15,537.0,420.0,0.0
91,65,457.0,487.0,0.0
91,97,450.0,476.0,0.0
92,5,517.0,420.0,0.0
92,56,447.0,504.0,0.0
92,35,517.0,473.0,0.0
92,55,512.0,475.0,0.0
92,60,479.0,468.0,0.0
92,30,454.0,439.0,0.9200000000000006
92,32,459.0,502.0,0.0
92,6,455.0,487.0,0.0
92,67,507.0,424.0,0.0
92,45,466.0,438.0,0.9200000000000006
92,73,443.0,477.0,0.0
92,64,501.0,445.0,0.0
92,90,478.0,485.0,0.0
92,4,509.0,428.0,0.0
92,13,538.0,438.0,0.0
92,54,480.0,445.0,0.0
92,63,502.0,501.0,0.0
92,86,447.0,467.0,0.0
92,91,526.0,502.0,0.0
92,62,523.0,474.0,0.0
92,58,472.0,418.0,0.9200000000000006
92,52,479.0,418.0,0.0
92,12,445.0,417.0,0.9200000000000006
92,28,479.0,490.0,0.0
92,75,443.0,424.0,0.9200000000000006
92,23,510.0,421.0,0.0
92,92,492.0,477.0,0.0
92,41,456.0,487.0,0.0
92,43,521.0,414.0,0.0
92,11,504.0,431.0,0.0
92,36,506.0,467.0,0.0
92,68,513.0,413.0,0.0
92,69,449.0,437.0,0.9200000000000006
92,98,442.0,500.0,0.0
92,82,470.0,411.0,0.9200000000000006
92,85,526.0,409.0,0.0
92,39,483.0,504.0,0.0
92,84,522.0,446.0,0.0
92,77,449.0,493.0,0.0
92,7,504.0,426.0,0.0
92,25,448.0,458.0,0.9200000000000006
92,95,523.0,506.0,0.0
92,71,473.0,502.0,0.0
92,66,507.0,505.0,0.0
92,76,477.0,489.0,0.0
92,34,479.0,409.0,0.0
92,50,448.0,442.0,0.9200000000000006
92,59,502.0,441.0,0.0
92,93,449.0,442.0,0.9200000000000006
92,2,485.0,445.0,0.0
92,10,454.0,426.0,0.9200000000000006
92,18,458.0,418.0,0.9200000000000006
92,26,472.0,414.0,0.9200000000000006
92,27,453.0,409.0,0.9200000000000006
92,42,441.0,482.0,0.0
92,87,505.0,455.0,0.0
92,100,530.0,428.0,0.0
92,79,516.0,470.0,0.0
92,16,487.0,488.0,0.0
92,20,457.0,478.0,0.0
92,81,527.0,410.0,0.0
92,19,442.0,464.0,0.0
92,49,482.0,429.0,0.0
92,44,469.0,440.0,0.9200000000000006
92,9,536.0,504.0,0.0
92,31,468.0,418.0,0.9200000000000006
92,74,512.0,437.0,0.0
92,61,458.0,468.0,0.0
92,29,493.0,442.0,0.0
92,94,487.0,420.0,0.0
92,46,510.0,446.0,0.0
92,57,446.0,436.0,0.9200000000000006
92,70,536.0,501.0,0.0
92,21,513.0,476.0,0.0
92,38,533.0,493.0,0.0
92,88,505.0,486.0,0.0
92,78,516.0,408.0,0.0
92,72,454.0,479.0,0.0
92,24,443.0,477.0,0.0
92,8,495.0,453.0,0.0
92,17,499.0,454.0,0.0
92,37,500.0,481.0,0.0
92,1,441.0,460.0,0.9200000000000006
92,53,511.0,470.0,0.0
92,22,446.0,493.0,0.0
92,47,498.0,470.0,0.0
92,83,495.0,475.0,0.0
92,99,482.0,408.0,0.0
92,89,474.0,460.0,0.0
92,14,453.0,457.0,0.9200000000000006
92,3,495.0,416.0,0.0
92,80,517.0,419.0,0.0
92,96,442.0,483.0,0.0
92,51,515.0,430.0,0.0
92,33,509.0,431.0,0.0
92,40,528.0,407.0,0.0
92,48,532.0,423.0,0.0
92,15,537.0,420.0,0.0
92,65,457.0,487.0,0.0
92,97,450.0,476.0,0.0
93,5,517.0,420.0,0.0
93,56,447.0,504.0,0.0
93,35,517.0,473.0,0.0
93,55,512.0,475.0,0.0
93,60,479.0,468.0,0.0
93,30,454.0,439.0,0.9300000000000006
93,32,459.0,502.0,0.0
93,6,455.0,487.0,0.0
93,67,507.0,424.0,0.0
93,45,466.0,438.0,0.9300000000000006
93,73,443.0,477.0,0.0
93,64,501.0,445.0,0.0
93,90,478.0,485.0,0.0
93,4,509.0,428.0,0.0
93,13,538.0,438.0,0.0
93,54,480.0,445.0,0.0
93,63,502.0,501.0,0.0
93,86,447.0,467.0,0.0
93,91,526.0,502.0,0.0
93,62,523.0,474.0,0.0
93,58,472.0,418.0,0.9300000000000006
93,52,479.0,418.0,0.0
93,12,445.0,417.0,0.9300000000000006
93,28,479.0,490.0,0.0
93,75,443.0,424.0,0.9300000000000006
93,23,510.0,421.0,0.0
93,92,492.0,477.0,0.0
93,41,456.0,487.0,0.0
93,43,521.0,414.0,0.0
93,11,504.0,431.0,0.0
93,36,506.0,467.0,0.0
93,68,513.0,413.0,0.0
93,69,449.0,437.0,0.9300000000000006
93,98,442.0,500.0,0.0
93,82,470.0,411.0,0.9300000000000006
93,85,526.0,409.0,0.0
93,39,483.0,504.0,0.0
93,84,522.0,446.0,0.0
93,77,449.0,493.0,0.0
93,7,504.0,426.0,0.0
93,25,448.0,458.0,0.9300000000000006
93,95,523.0,506.0,0.0
93,71,473.0,502.0,0.0
93,66,507.0,505.0,0.0
93,76,477.0,489.0,0.0
93,34,479.0,409.0,0.0
93,50,448.0,442.0,0.9300000000000006
93,59,502.0,441.0,0.0
93,93,449.0,442.0,0.9300000000000006
93,2,485.0,445.0,0.0
93,10,454.0,426.0,0.9300000000000006
93,18,458.0,418.0,0.9300000000000006
93,26,472.0,414.0,0.9300000000000006
93,27,453.0,409.0,0.9300000000000006
93,42,441.0,482.0,0.0
93,87,505.0,455.0,0.0
93,100,530.0,428.0,0.0
93,79,516.0,470.0,0.0
93,16,487.0,488.0,0.0
93,20,457.0,478.0,0.0
93,81,527.0,410.0,0.0
93,19,442.0,464.0,0.0
93,49,482.0,429.0,0.0
93,44,469.0,440.0,0.9300000000000006
93,9,536.0,504.0,0.0
93,31,468.0,418.0,0.9300000000000006
93,74,512.0,437.0,0.0
93,61,458.0,468.0,0.0
93,29,493.0,442.0,0.0
93,94,487.0,420.0,0.0
93,46,510.0,446.0,0.0
93,57,446.0,436.0,0.9300000000000006
93,70,536.0,501.0,0.0
93,21,513.0,476.0,0.0
93,38,533.0,493.0,0.0
93,88,505.0,486.0,0.0
93,78,516.0,408.0,0.0
93,72,454.0,479.0,0.0
93,24,443.0,477.0,0.0
93,8,495.0,453.0,0.0
93,17,499.0,454.0,0.0
93,37,500.0,481.0,0.0
93,1,441.0,460.0,0.9300000000000006
93,53,511.0,470.0,0.0
93,22,446.0,493.0,0.0
93,47,498.0,470.0,0.0
93,83,495.0,475.0,0.0
93,99,482.0,408.0,0.0
93,89,474.0,460.0,0.0
93,14,453.0,457.0,0.9300000000000006
93,3,495.0,416.0,0.0
93,80,517.0,419.0,0.0
93,96,442.0,483.0,0.0
93,51,515.0,430.0,0.0
93,33,509.0,431.0,0.0
93,40,528.0,407.0,0.0
93,48,532.0,423.0,0.0
93,15,537.0,420.0,0.0
93,65,457.0,487.0,0.0
93,97,450.0,476.0,0.0
94,5,517.0,420.0,0.0
94,56,447.0,504.0,0.0
94,35,517.0,473.0,0.0
94,55,512.0,475.0,0.0
94,60,479.0,468.0,0.0
94,30,454.0,439.0,0.9400000000000006
94,32,459.0,502.0,0.0
94,6,455.0,487.0,0.0
94,67,507.0,424.0,0.0
94,45,466.0,438.0,0.9400000000000006
94,73,443.0,477.0,0.0
94,64,501.0,445.0,0.0
94,90,478.0,485.0,0.0
94,4,509.0,428.0,0.0
94,13,538.0,438.0,0.0
94,54,480.0,445.0,0.0
94,63,502.0,501.0,0.0
94,86,447.0,467.0,0.0
94,91,526.0,502.0,0.0
94,62,523.0,474.0,0.0
94,58,472.0,418.0,0.9400000000000006
94,52,479.0,418.0,0.0
94,12,445.0,417.0,0.9400000000000006
94,28,479.0,490.0,0.0
94,75,443.0,424.0,0.9400000000000006
94,23,510.0,421.0,0.0
94,92,492.0,477.0,0.0
94,41,456.0,487.0,0.0
94,43,521.0,414.0,0.0
94,11,504.0,431.0,0.0
94,36,506.0,467.0,0.0
94,68,513.0,413.0,0.0
94,69,449.0,437.0,0.9400000000000006
94,98,442.0,500.0,0.0
94,82,470.0,411.0,0.9400000000000006
94,85,526.0,409.0,0.0
94,39,483.0,504.0,0.0
94,84,522.0,446.0,0.0
94,77,449.0,493.0,0.0
94,7,504.0,426.0,0.0
94,25,448.0,458.0,0.9400000000000006
94,95,523.0,506.0,0.0
94,71,473.0,502.0,0.0
94,66,507.0,505.0,0.0
94,76,477.0,489.0,0.0
94,34,479.0,409.0,0.0
94,50,448.0,442.0,0.9400000000000006
94,59,502.0,441.0,0.0
94,93,449.0,442.0,0.9400000000000006
94,2,485.0,445.0,0.0
94,10,454.0,426.0,0.9400000000000006
94,18,458.0,418.0,0.9400000000000006
94,26,472.0,414.0,0.9400000000000006
94,27,453.0,409.0,0.9400000000000006
94,42,441.0,482.0,0.0
94,87,505.0,455.0,0.0
94,100,530.0,428.0,0.0
94,79,516.0,470.0,0.0
94,16,487.0,488.0,0.0
94,20,457.0,478.0,0.0
94,81,527.0,410.0,0.0
94,19,442.0,464.0,0.0
94,49,482.0,429.0,0.0
94,44,469.0,440.0,0.9400000000000006
94,9,536.0,504.0,0.0
94,31,468.0,418.0,0.9400000000000006
94,74,512.0,437.0,0.0
94,61,458.0,468.0,0.0
94,29,493.0,442.0,0.0
94,94,487.0,420.0,0.0
94,46,510.0,446.0,0.0
94,57,446.0,436.0,0.9400000000000006
94,70,536.0,501.0,0.0
94,21,513.0,476.0,0.0
94,38,533.0,493.0,0.0
94,88,505.0,486.0,0.0
94,78,516.0,408.0,0.0
94,72,454.0,479.0,0.0
94,24,443.0,477.0,0.0
94,8,495.0,453.0,0.0
94,17,499.0,454.0,0.0
94,37,500.0,481.0,0.0
94,1,441.0,460.0,0.9400000000000006
94,53,511.0,470.0,0.0
94,22,446.0,493.0,0.0
94,47,498.0,470.0,0.0
94,83,495.0,475.0,0.0
94,99,482.0,408.0,0.0
94,89,474.0,460.0,0.0
94,14,453.0,457.0,0.9400000000000006
94,3,495.0,416.0,0.0
94,80,517.0,419.0,0.0
94,96,442.0,483.0,0.0
94,51,515.0,430.0,0.0
94,33,509.0,431.0,0.0
94,40,528.0,407.0,0.0
94,48,532.0,423.0,0.0
94,15,537.0,420.0,0.0
94,65,457.0,487.0,0.0
94,97,450.0,476.0,0.0
95,5,517.0,420.0,0.0
95,56,447.0,504.0,0.0
95,35,517.0,473.0,0.0
95,55,512.0,475.0,0.0
95,60,479.0,468.0,0.0
95,30,454.0,439.0,0.9500000000000006
95,32,459.0,502.0,0.0
95,6,455.0,487.0,0.0
95,67,507.0,424.0,0.0
95,45,466.0,438.0,0.9500000000000006
95,73,443.0,477.0,0.0
95,64,501.0,445.0,0.0
95,90,478.0,485.0,0.0
95,4,509.0,428.0,0.0
95,13,538.0,438.0,0.0
95,54,480.0,445.0,0.0
95,63,502.0,501.0,0.0
95,86,447.0,467.0,0.0
95,91,526.0,502.0,0.0
95,62,523.0,474.0,0.0
95,58,472.0,418.0,0.9500000000000006
95,52,479.0,418.0,0.0
95,12,445.0,417.0,0.9500000000000006
95,28,479.0,490.0,0.0
95,75,443.0,424.0,0.9500000000000006
95,23,510.0,421.0,0.0
95,92,492.0,477.0,0.0
95,41,456.0,487.0,0.0
95,43,521.0,414.0,0.0
95,11,504.0,431.0,0.0
95,36,506.0,467.0,0.0
95,68,513.0,413.0,0.0
95,69,449.0,437.0,0.9500000000000006
95,98,442.0,500.0,0.0
95,82,470.0,411.0,0.9500000000000006
95,85,526.0,409.0,0.0
95,39,483.0,504.0,0.0
95,84,522.0,446.0,0.0
95,77,449.0,493.0,0.0
95,7,504.0,426.0,0.0
95,25,448.0,458.0,0.9500000000000006
95,95,523.0,506.0,0.0
95,71,473.0,502.0,0.0
95,66,507.0,505.0,0.0
95,76,477.0,489.0,0.0
95,34,479.0,409.0,0.0
95,50,448.0,442.0,0.9500000000000006
95,59,502.0,441.0,0.0
95,93,449.0,442.0,0.9500000000000006
95,2,485.0,445.0,0.0
95,10,454.0,426.0,0.9500000000000006
95,18,458.0,418.0,0.9500000000000006
95,26,472.0,414.0,0.9500000000000006
95,27,453.0,409.0,0.9500000000000006
95,42,441.0,482.0,0.0
95,87,505.0,455.0,0.0
95,100,530.0,428.0,0.0
95,79,516.0,470.0,0.0
95,16,487.0,488.0,0.0
95,20,457.0,478.0,0.0
95,81,527.0,410.0,0.0
95,19,442.0,464.0,0.0
95,49,482.0,429.0,0.0
95,44,469.0,440.0,0.9500000000000006
95,9,536.0,504.0,0.0
95,31,468.0,418.0,0.9500000000000006
95,74,512.0,437.0,0.0
95,61,458.0,468.0,0.0
95,29,493.0,442.0,0.0
95,94,487.0,420.0,0.0
95,46,510.0,446.0,0.0
95,57,446.0,436.0,0.9500000000000006
95,70,536.0,501.0,0.0
95,21,513.0,476.0,0.0
95,38,533.0,493.0,0.0
95,88,505.0,486.0,0.0
95,78,516.0,408.0,0.0
95,72,454.0,479.0,0.0
95,24,443.0,477.0,0.0
95,8,495.0,453.0,0.0
95,17,499.0,454.0,0.0
95,37,500.0,481.0,0.0
95,1,441.0,460.0,0.9500000000000006
95,53,511.0,470.0,0.0
95,22,446.0,493.0,0.0
95,47,498.0,470.0,0.0
95,83,495.0,475.0,0.0
95,99,482.0,408.0,0.0
95,89,474.0,460.0,0.0
95,14,453.0,457.0,0.9500000000000006
95,3,495.0,416.0,0.0
95,80,517.0,419.0,0.0
95,96,442.0,483.0,0.0
95,51,515.0,430.0,0.0
95,33,509.0,431.0,0.0
95,40,528.0,407.0,0.0
95,48,532.0,423.0,0.0
95,15,537.0,420.0,0.0
95,65,457.0,487.0,0.0
95,97,450.0,476.0,0.0
96,5,517.0,420.0,0.0
96,56,447.0,504.0,0.0
96,35,517.0,473.0,0.0
96,55,512.0,475.0,0.0
96,60,479.0,468.0,0.0
96,30,454.0,439.0,0.9600000000000006
96,32,459.0,502.0,0.0
96,6,455.0,487.0,0.0
96,67,507.0,424.0,0.0
96,45,466.0,438.0,0.9600000000000006
96,73,443.0,477.0,0.0
96,64,501.0,445.0,0.0
96,90,478.0,485.0,0.0
96,4,509.0,428.0,0.0
96,13,538.0,438.0,0.0
96,54,480.0,445.0,0.0
96,63,502.0,501.0,0.0
96,86,447.0,467.0,0.0
96,91,526.0,502.0,0.0
96,62,523.0,474.0,0.0
96,58,472.0,418.0,0.9600000000000006
96,52,479.0,418.0,0.0
96,12,445.0,417.0,0.9600000000000006
96,28,479.0,490.0,0.0
96,75,443.0,424.0,0.9600000000000006
96,23,510.0,421.0,0.0
96,92,492.0,477.0,0.0
96,41,456.0,487.0,0.0
96,43,521.0,414.0,0.0
96,11,504.0,431.0,0.0
96,36,506.0,467.0,0.0
96,68,513.0,413.0,0.0
96,69,449.0,437.0,0.9600000000000006
96,98,442.0,500.0,0.0
96,82,470.0,411.0,0.9600000000000006
96,85,526.0,409.0,0.0
96,39,483.0,504.0,0.0
96,84,522.0,446.0,0.0
96,77,449.0,493.0,0.0
96,7,504.0,426.0,0.0
96,25,448.0,458.0,0.9600000000000006
96,95,523.0,506.0,0.0
96,71,473.0,502.0,0.0
96,66,507.0,505.0,0.0
96,76,477.0,489.0,0.0
96,34,479.0,409.0,0.0
96,50,448.0,442.0,0.9600000000000006
96,59,502.0,441.0,0.0
96,93,449.0,442.0,0.9600000000000006
96,2,485.0,445.0,0.0
96,10,454.0,426.0,0.9600000000000006
96,18,458.0,418.0,0.9600000000000006
96,26,472.0,414.0,0.9600000000000006
96,27,453.0,409.0,0.9600000000000006
96,42,441.0,482.0,0.0
96,87,505.0,455.0,0.0
96,100,530.0,428.0,0.0
96,79,516.0,470.0,0.0
96,16,487.0,488.0,0.0
96,20,457.0,478.0,0.0
96,81,527.0,410.0,0.0
96,19,442.0,464.0,0.0
96,49,482.0,429.0,0.0
96,44,469.0,440.0,0.9600000000000006
96,9,536.0,504.0,0.0
96,31,468.0,418.0,0.9600000000000006
96,74,512.0,437.0,0.0
96,61,458.0,468.0,0.0
96,29,493.0,442.0,0.0
96,94,487.0,420.0,0.0
96,46,510.0,446.0,0.0
96,57,446.0,436.0,0.9600000000000006
96,70,536.0,501.0,0.0
96,21,513.0,476.0,0.0
96,38,533.0,493.0,0.0
96,88,505.0,486.0,0.0
96,78,516.0,408.0,0.0
96,72,454.0,479.0,0.0
96,24,443.0,477.0,0.0
96,8,495.0,453.0,0.0
96,17,499.0,454.0,0.0
96,37,500.0,481.0,0.0
96,1,441.0,460.0,0.9600000000000006
96,53,511.0,470.0,0.0
96,22,446.0,493.0,0.0
96,47,498.0,470.0,0.0
96,83,495.0,475.0,0.0
96,99,482.0,408.0,0.0
96,89,474.0,460.0,0.0
96,14,453.0,457.0,0.9600000000000006
96,3,495.0,416.0,0.0
96,80,517.0,419.0,0.0
96,96,442.0,483.0,0.0
96,51,515.0,430.0,0.0
96,33,509.0,431.0,0.0
96,40,528.0,407.0,0.0
96,48,532.0,423.0,0.0
96,15,537.0,420.0,0.0
96,65,457.0,487.0,0.0
96,97,450.0,476.0,0.0
97,5,517.0,420.0,0.0
97,56,447.0,504.0,0.0
97,35,517.0,473.0,0.0
97,55,512.0,475.0,0.0
97,60,479.0,468.0,0.0
97,30,454.0,439.0,0.9700000000000006
97,32,459.0,502.0,0.0
97,6,455.0,487.0,0.0
97,67,507.0,424.0,0.0
97,45,466.0,438.0,0.9700000000000006
97,73,443.0,477.0,0.0
97,64,501.0,445.0,0.0
97,90,478.0,485.0,0.0
97,4,509.0,428.0,0.0
97,13,538.0,438.0,0.0
97,54,480.0,445.0,0.0
97,63,502.0,501.0,0.0
97,86,447.0,467.0,0.0
97,91,526.0,502.0,0.0
97,62,523.0,474.0,0.0
97,58,472.0,418.0,0.9700000000000006
97,52,479.0,418.0,0.0
97,12,445.0,417.0,0.9700000000000006
97,28,479.0,490.0,0.0
97,75,443.0,424.0,0.9700000000000006
97,23,510.0,421.0,0.0
97,92,492.0,477.0,0.0
97,41,456.0,487.0,0.0
97,43,521.0,414.0,0.0
97,11,504.0,431.0,0.0
97,36,506.0,467.0,0.0
97,68,513.0,413.0,0.0
97,69,449.0,437.0,0.9700000000000006
97,98,442.0,500.0,0.0
97,82,470.0,411.0,0.9700000000000006
97,85,526.0,409.0,0.0
97,39,483.0,504.0,0.0
97,84,522.0,446.0,0.0
97,77,449.0,493.0,0.0
97,7,504.0,426.0,0.0
97,25,448.0,458.0,0.9700000000000006
97,95,523.0,506.0,0.0
97,71,473.0,502.0,0.0
97,66,507.0,505.0,0.0
97,76,477.0,489.0,0.0
97,34,479.0,409.0,0.0
97,50,448.0,442.0,0.9700000000000006
97,59,502.0,441.0,0.0
97,93,449.0,442.0,0.9700000000000006
97,2,485.0,445.0,0.0
97,10,454.0,426.0,0.9700000000000006
97,18,458.0,418.0,0.9700000000000006
97,26,472.0,414.0,0.9700000000000006
97,27,453.0,409.0,0.9700000000000006
97,42,441.0,482.0,0.0
97,87,505.0,455.0,0.0
97,100,530.0,428.0,0.0
97,79,516.0,470.0,0.0
97,16,487.0,488.0,0.0
97,20,457.0,478.0,0.0
97,81,527.0,410.0,0.0
97,19,442.0,464.0,0.0
97,49,482.0,429.0,0.0
97,44,469.0,440.0,0.9700000000000006
97,9,536.0,504.0,0.0
97,31,468.0,418.0,0.9700000000000006
97,74,512.0,437.0,0.0
97,61,458.0,468.0,0.0
97,29,493.0,442.0,0.0
97,94,487.0,420.0,0.0
97,46,510.0,446.0,0.0
97,57,446.0,436.0,0.9700000000000006
97,70,536.0,501.0,0.0
97,21,513.0,476.0,0.0
97,38,533.0,493.0,0.0
97,88,505.0,486.0,0.0
97,78,516.0,408.0,0.0
97,72,454.0,479.0,0.0
97,24,443.0,477.0,0.0
97,8,495.0,453.0,0.0
97,17,499.0,454.0,0.0
97,37,500.0,481.0,0.0
97,1,441.0,460.0,0.9700000000000006
97,53,511.0,470.0,0.0
97,22,446.0,493.0,0.0
97,47,498.0,470.0,0.0
97,83,495.0,475.0,0.0
97,99,482.0,408.0,0.0
97,89,474.0,460.0,0.0
97,14,453.0,457.0,0.9700000000000006
97,3,495.0,416.0,0.0
97,80,517.0,419.0,0.0
97,96,442.0,483.0,0.0
97,51,515.0,430.0,0.0
97,33,509.0,431.0,0.0
97,40,528.0,407.0,0.0
97,48,532.0,423.0,0.0
97,15,537.0,420.0,0.0
97,65,457.0,487.0,0.0
97,97,450.0,476.0,0.0
98,5,517.0,420.0,0.0
98,56,447.0,504.0,0.0
98,35,517.0,473.0,0.0
98,55,512.0,475.0,0.0
98,60,479.0,468.0,0.0
98,30,454.0,439.0,0.9800000000000006
98,32,459.0,502.0,0.0
98,6,455.0,487.0,0.0
98,67,507.0,424.0,0.0
98,45,466.0,438.0,0.9800000000000006
98,73,443.0,477.0,0.0
98,64,501.0,445.0,0.0
98,90,478.0,485.0,0.0
98,4,509.0,428.0,0.0
98,13,538.0,438.0,0.0
98,54,480.0,445.0,0.0
98,63,502.0,501.0,0.0
98,86,447.0,467.0,0.0
98,91,526.0,502.0,0.0
98,62,523.0,474.0,0.0
98,58,472.0,418.0,0.9800000000000006
98,52,479.0,418.0,0.0
98,12,445.0,417.0,0.9800000000000006
98,28,479.0,490.0,0.0
98,75,443.0,424.0,0.9800000000000006
98,23,510.0,421.0,0.0
98,92,492.0,477.0,0.0
98,41,456.0,487.0,0.0
98,43,521.0,414.0,0.0
98,11,504.0,431.0,0.0
98,36,506.0,467.0,0.0
98,68,513.0,413.0,0.0
98,69,449.0,437.0,0.9800000000000006
98,98,442.0,500.0,0.0
98,82,470.0,411.0,0.9800000000000006
98,85,526.0,409.0,0.0
98,39,483.0,504.0,0.0
98,84,522.0,446.0,0.0
98,77,449.0,493.0,0.0
98,7,504.0,426.0,0.0
98,25,448.0,458.0,0.9800000000000006
98,95,523.0,506.0,0.0
98,71,473.0,502.0,0.0
98,66,507.0,505.0,0.0
98,76,477.0,489.0,0.0
98,34,479.0,409.0,0.0
98,50,448.0,442.0,0.9800000000000006
98,59,502.0,441.0,0.0
98,93,449.0,442.0,0.9800000000000006
98,2,485.0,445.0,0.0
98,10,454.0,426.0,0.9800000000000006
98,18,458.0,418.0,0.9800000000000006
98,26,472.0,414.0,0.9800000000000006
98,27,453.0,409.0,0.9800000000000006
98,42,441.0,482.0,0.0
98,87,505.0,455.0,0.0
98,100,530.0,428.0,0.0
98,79,516.0,470.0,0.0
98,16,487.0,488.0,0.0
98,20,457.0,478.0,0.0
98,81,527.0,410.0,0.0
98,19,442.0,464.0,0.0
98,49,482.0,429.0,0.0
98,44,469.0,440.0,0.9800000000000006
98,9,536.0,504.0,0.0
98,31,468.0,418.0,0.9800000000000006
98,74,512.0,437.0,0.0
98,61,458.0,468.0,0.0
98,29,493.0,442.0,0.0
98,94,487.0,420.0,0.0
98,46,510.0,446.0,0.0
98,57,446.0,436.0,0.9800000000000006
98,70,536.0,501.0,0.0
98,21,513.0,476.0,0.0
98,38,533.0,493.0,0.0
98,88,505.0,486.0,0.0
98,78,516.0,408.0,0.0
98,72,454.0,479.0,0.0
98,24,443.0,477.0,0.0
98,8,495.0,453.0,0.0
98,17,499.0,454.0,0.0
98,37,500.0,481.0,0.0
98,1,441.0,460.0,0.9800000000000006
98,53,511.0,470.0,0.0
98,22,446.0,493.0,0.0
98,47,498.0,470.0,0.0
98,83,495.0,475.0,0.0
98,99,482.0,408.0,0.0
98,89,474.0,460.0,0.0
98,14,453.0,457.0,0.9800000000000006
98,3,495.0,416.0,0.0
98,80,517.0,419.0,0.0
98,96,442.0,483.0,0.0
98,51,515.0,430.0,0.0
98,33,509.0,431.0,0.0
98,40,528.0,407.0,0.0
98,48,532.0,423.0,0.0
98,15,537.0,420.0,0.0
98,65,457.0,487.0,0.0
98,97,450.0,476.0,0.0
99,5,517.0,420.0,0.0
99,56,447.0,504.0,0.0
99,35,517.0,473.0,0.0
99,55,512.0,475.0,0.0
99,60,479.0,468.0,0.0
99,30,454.0,439.0,0.9900000000000007
99,32,459.0,502.0,0.0
99,6,455.0,487.0,0.0
99,67,507.0,424.0,0.0
99,45,466.0,438.0,0.9900000000000007
99,73,443.0,477.0,0.0
99,64,501.0,445.0,0.0
99,90,478.0,485.0,0.0
99,4,509.0,428.0,0.0
99,13,538.0,438.0,0.0
99,54,480.0,445.0,0.0
99,63,502.0,501.0,0.0
99,86,447.0,467.0,0.0
99,91,526.0,502.0,0.0
99,62,523.0,474.0,0.0
99,58,472.0,418.0,0.9900000000000007
99,52,479.0,418.0,0.0
99,12,445.0,417.0,0.9900000000000007
99,28,479.0,490.0,0.0
99,75,443.0,424.0,0.9900000000000007
99,23,510.0,421.0,0.0
99,92,492.0,477.0,0.0
99,41,456.0,487.0,0.0
99,43,521.0,414.0,0.0
99,11,504.0,431.0,0.0
99,36,506.0,467.0,0.0
99,68,513.0,413.0,0.0
99,69,449.0,437.0,0.9900000000000007
99,98,442.0,500.0,0.0
99,82,470.0,411.0,0.9900000000000007
99,85,526.0,409.0,0.0
99,39,483.0,504.0,0.0
99,84,522.0,446.0,0.0
99,77,449.0,493.0,0.0
99,7,504.0,426.0,0.0
99,25,448.0,458.0,0.9900000000000007
99,95,523.0,506.0,0.0
99,71,473.0,502.0,0.0
99,66,507.0,505.0,0.0
99,76,477.0,489.0,0.0
99,34,479.0,409.0,0.0
99,50,448.0,442.0,0.9900000000000007
99,59,502.0,441.0,0.0
99,93,449.0,442.0,0.9900000000000007
99,2,485.0,445.0,0.0
99,10,454.0,426.0,0.9900000000000007
99,18,458.0,418.0,0.9900000000000007
99,26,472.0,414.0,0.9900000000000007
99,27,453.0,409.0,0.9900000000000007
99,42,441.0,482.0,0.0
99,87,505.0,455.0,0.0
99,100,530.0,428.0,0.0
99,79,516.0,470.0,0.0
99,16,487.0,488.0,0.0
99,20,457.0,478.0,0.0
99,81,527.0,410.0,0.0
99,19,442.0,464.0,0.0
99,49,482.0,429.0,0.0
99,44,469.0,440.0,0.9900000000000007
99,9,536.0,504.0,0.0
99,31,468.0,418.0,0.9900000000000007
99,74,512.0,437.0,0.0
99,61,458.0,468.0,0.0
99,29,493.0,442.0,0.0
99,94,487.0,420.0,0.0
99,46,510.0,446.0,0.0
99,57,446.0,436.0,0.9900000000000007
99,70,536.0,501.0,0.0
99,21,513.0,476.0,0.0
99,38,533.0,493.0,0.0
99,88,505.0,486.0,0.0
99,78,516.0,408.0,0.0
99,72,454.0,479.0,0.0
99,24,443.0,477.0,0.0
99,8,495.0,453.0,0.0
99,17,499.0,454.0,0.0
99,37,500.0,481.0,0.0
99,1,441.0,460.0,0.9900000000000007
99,53,511.0,470.0,0.0
99,22,446.0,493.0,0.0
99,47,498.0,470.0,0.0
99,83,495.0,475.0,0.0
99,99,482.0,408.0,0.0
99,89,474.0,460.0,0.0
99,14,453.0,457.0,0.9900000000000007
99,3,495.0,416.0,0.0
99,80,517.0,419.0,0.0
99,96,442.0,483.0,0.0
99,51,515.0,430.0,0.0
99,33,509.0,431.0,0.0
99,40,528.0,407.0,0.0
99,48,532.0,423.0,0.0
99,15,537.0,420.0,0.0
99,65,457.0,487.0,0.0
99,97,450.0,476.0,0.0
100,5,517.0,420.0,0.0
100,56,447.0,504.0,0.0
100,35,517.0,473.0,0.0
100,55,512.0,475.0,0.0
100,60,479.0,468.0,0.0
100,30,454.0,439.0,1.0000000000000007
100,32,459.0,502.0,0.0
100,6,455.0,487.0,0.0
100,67,507.0,424.0,0.0
100,45,466.0,438.0,1.0000000000000007
100,73,443.0,477.0,0.0
100,64,501.0,445.0,0.0
100,90,478.0,485.0,0.0
100,4,509.0,428.0,0.0
100,13,538.0,438.0,0.0
100,54,480.0,445.0,0.0
100,63,502.0,501.0,0.0
100,86,447.0,467.0,0.0
100,91,526.0,502.0,0.0
100,62,523.0,474.0,0.0
100,58,472.0,418.0,1.0000000000000007
100,52,479.0,418.0,0.0
100,12,445.0,417.0,1.0000000000000007
100,28,479.0,490.0,0.0
100,75,443.0,424.0,1.0000000000000007
100,23,510.0,421.0,0.0
100,92,492.0,477.0,0.0
100,41,456.0,487.0,0.0
100,43,521.0,414.0,0.0
100,11,504.0,431.0,0.0
100,36,506.0,467.0,0.0
100,68,513.0,413.0,0.0
100,69,449.0,437.0,1.0000000000000007
100,98,442.0,500.0,0.0
100,82,470.0,411.0,1.0000000000000007
100,85,526.0,409.0,0.0
100,39,483.0,504.0,0.0
100,84,522.0,446.0,0.0
100,77,449.0,493.0,0.0
100,7,504.0,426.0,0.0
100,25,448.0,458.0,1.0000000000000007
100,95,523.0,506.0,0.0
100,71,473.0,502.0,0.0
100,66,507.0,505.0,0.0
100,76,477.0,489.0,0.0
100,34,479.0,409.0,0.0
100,50,448.0,442.0,1.0000000000000007
100,59,502.0,441.0,0.0
100,93,449.0,442.0,1.0000000000000007
100,2,485.0,445.0,0.0
100,10,454.0,426.0,1.0000000000000007
100,18,458.0,418.0,1.0000000000000007
100,26,472.0,414.0,1.0000000000000007
100,27,453.0,409.0,1.0000000000000007
100,42,441.0,482.0,0.0
100,87,505.0,455.0,0.0
100,100,530.0,428.0,0.0
100,79,516.0,470.0,0.0
100,16,487.0,488.0,0.0
100,20,457.0,478.0,0.0
100,81,527.0,410.0,0.0
100,19,442.0,464.0,0.0
100,49,482.0,429.0,0.0
100,44,469.0,440.0,1.0000000000000007
100,9,536.0,504.0,0.0
100,31,468.0,418.0,1.0000000000000007
100,74,512.0,437.0,0.0
100,61,458.0,468.0,0.0
100,29,493.0,442.0,0.0
100,94,487.0,420.0,0.0
100,46,510.0,446.0,0.0
100,57,446.0,436.0,1.0000000000000007
100,70,536.0,501.0,0.0
100,21,513.0,476.0,0.0
100,38,533.0,493.0,0.0
100,88,505.0,486.0,0.0
100,78,516.0,408.0,0.0
100,72,454.0,479.0,0.0
100,24,443.0,477.0,0.0
100,8,495.0,453.0,0.0
100,17,499.0,454.0,0.0
100,37,500.0,481.0,0.0
100,1,441.0,460.0,1.0000000000000007
100,53,511.0,470.0,0.0
100,22,446.0,493.0,0.0
100,47,498.0,470.0,0.0
100,83,495.0,475.0,0.0
100,99,482.0,408.0,0.0
100,89,474.0,460.0,0.0
100,14,453.0,457.0,1.0000000000000007
100,3,495.0,416.0,0.0
100,80,517.0,419.0,0.0
100,96,442.0,483.0,0.0
100,51,515.0,430.0,0.0
100,33,509.0,431.0,0.0
100,40,528.0,407.0,0.0
100,48,532.0,423.0,0.0
100,15,537.0,420.0,0.0
100,65,457.0,487.0,0.0
100,97,450.0,476.0,0.0
101,5,517.0,420.0,0.0
101,56,447.0,504.0,0.0
101,35,517.0,473.0,0.0
101,55,512.0,475.0,0.0
101,60,479.0,468.0,0.0
101,30,454.0,439.0,1.0100000000000007
101,32,459.0,502.0,0.0
101,6,455.0,487.0,0.0
101,67,507.0,424.0,0.0
101,45,466.0,438.0,1.0100000000000007
101,73,443.0,477.0,0.0
101,64,501.0,445.0,0.0
101,90,478.0,485.0,0.0
101,4,509.0,428.0,0.0
101,13,538.0,438.0,0.0
101,54,480.0,445.0,0.0
101,63,502.0,501.0,0.0
101,86,447.0,467.0,0.0
101,91,526.0,502.0,0.0
101,62,523.0,474.0,0.0
101,58,472.0,418.0,1.0100000000000007
101,52,479.0,418.0,0.0
101,12,445.0,417.0,1.0100000000000007
101,28,479.0,490.0,0.0
101,75,443.0,424.0,1.0100000000000007
101,23,510.0,421.0,0.0
101,92,492.0,477.0,0.0
101,41,456.0,487.0,0.0
101,43,521.0,414.0,0.0
101,11,504.0,431.0,0.0
101,36,506.0,467.0,0.0
101,68,513.0,413.0,0.0
101,69,449.0,437.0,1.0100000000000007
101,98,442.0,500.0,0.0
101,82,470.0,411.0,1.0100000000000007
101,85,526.0,409.0,0.0
101,39,483.0,504.0,0.0
101,84,522.0,446.0,0.0
101,77,449.0,493.0,0.0
101,7,504.0,426.0,0.0
101,25,448.0,458.0,1.0100000000000007
101,95,523.0,506.0,0.0
101,71,473.0,502.0,0.0
101,66,507.0,505.0,0.0
101,76,477.0,489.0,0.0
101,34,479.0,409.0,0.0
101,50,448.0,442.0,1.0100000000000007
101,59,502.0,441.0,0.0
101,93,449.0,442.0,1.0100000000000007
101,2,485.0,445.0,0.0
101,10,454.0,426.0,1.0100000000000007
101,18,458.0,418.0,1.0100000000000007
101,26,472.0,414.0,1.0100000000000007
101,27,453.0,409.0,1.0100000000000007
101,42,441.0,482.0,0.0
101,87,505.0,455.0,0.0
101,100,530.0,428.0,0.0
101,79,516.0,470.0,0.0
101,16,487.0,488.0,0.0
101,20,457.0,478.0,0.0
101,81,527.0,410.0,0.0
101,19,442.0,464.0,0.0
101,49,482.0,429.0,0.0
101,44,469.0,440.0,1.0100000000000007
101,9,536.0,504.0,0.0
101,31,468.0,418.0,1.0100000000000007
101,74,512.0,437.0,0.0
101,61,458.0,468.0,0.0
101,29,493.0,442.0,0.0
101,94,487.0,420.0,0.0
101,46,510.0,446.0,0.0
101,57,446.0,436.0,1.0100000000000007
101,70,536.0,501.0,0.0
101,21,513.0,476.0,0.0
101,38,533.0,493.0,0.0
101,88,505.0,486.0,0.0
101,78,516.0,408.0,0.0
101,72,454.0,479.0,0.0
101,24,443.0,477.0,0.0
101,8,495.0,453.0,0.0
101,17,499.0,454.0,0.0
101,37,500.0,481.0,0.0
101,1,441.0,460.0,1.0100000000000007
101,53,511.0,470.0,0.0
101,22,446.0,493.0,0.0
101,47,498.0,470.0,0.0
101,83,495.0,475.0,0.0
101,99,482.0,408.0,0.0
101,89,474.0,460.0,0.0
101,14,453.0,457.0,1.0100000000000007
101,3,495.0,416.0,0.0
101,80,517.0,419.0,0.0
101,96,442.0,483.0,0.0
101,51,515.0,430.0,0.0
101,33,509.0,431.0,0.0
101,40,528.0,407.0,0.0
101,48,532.0,423.0,0.0
101,15,537.0,420.0,0.0
101,65,457.0,487.0,0.0
101,97,450.0,476.0,0.0
102,5,517.0,420.0,0.0
102,56,447.0,504.0,0.0
102,35,517.0,473.0,0.0
102,55,512.0,475.0,0.0
102,60,479.0,468.0,0.0
102,30,454.0,439.0,1.0200000000000007
102,32,459.0,502.0,0.0
102,6,455.0,487.0,0.0
102,67,507.0,424.0,0.0
102,45,466.0,438.0,1.0200000000000007
102,73,443.0,477.0,0.0
102,64,501.0,445.0,0.0
102,90,478.0,485.0,0.0
102,4,509.0,428.0,0.0
102,13,538.0,438.0,0.0
102,54,480.0,445.0,0.0
102,63,502.0,501.0,0.0
102,86,447.0,467.0,0.0
102,91,526.0,502.0,0.0
102,62,523.0,474.0,0.0
102,58,472.0,418.0,1.0200000000000007
102,52,479.0,418.0,0.0
102,12,445.0,417.0,1.0200000000000007
102,28,479.0,490.0,0.0
102,75,443.0,424.0,1.0200000000000007
102,23,510.0,421.0,0.0
102,92,492.0,477.0,0.0
102,41,456.0,487.0,0.0
102,43,521.0,414.0,0.0
102,11,504.0,431.0,0.0
102,36,506.0,467.0,0.0
102,68,513.0,413.0,0.0
102,69,449.0,437.0,1.0200000000000007
102,98,442.0,500.0,0.0
102,82,470.0,411.0,1.0200000000000007
102,85,526.0,409.0,0.0
102,39,483.0,504.0,0.0
102,84,522.0,446.0,0.0
102,77,449.0,493.0,0.0
102,7,504.0,426.0,0.0
102,25,448.0,458.0,1.0200000000000007
102,95,523.0,506.0,0.0
102,71,473.0,502.0,0.0
102,66,507.0,505.0,0.0
102,76,477.0,489.0,0.0
102,34,479.0,409.0,0.0
102,50,448.0,442.0,1.0200000000000007
102,59,502.0,441.0,0.0
102,93,449.0,442.0,1.0200000000000007
102,2,485.0,445.0,0.0
102,10,454.0,426.0,1.0200000000000007
102,18,458.0,418.0,1.0200000000000007
102,26,472.0,414.0,1.0200000000000007
102,27,453.0,409.0,1.0200000000000007
102,42,441.0,482.0,0.0
102,87,505.0,455.0,0.0
102,100,530.0,428.0,0.0
102,79,516.0,470.0,0.0
102,16,487.0,488.0,0.0
102,20,457.0,478.0,0.0
102,81,527.0,410.0,0.0
102,19,442.0,464.0,0.0
102,49,482.0,429.0,0.0
102,44,469.0,440.0,1.0200000000000007
102,9,536.0,504.0,0.0
102,31,468.0,418.0,1.0200000000000007
102,74,512.0,437.0,0.0
102,61,458.0,468.0,0.0
102,29,493.0,442.0,0.0
102,94,487.0,420.0,0.0
102,46,510.0,446.0,0.0
102,57,446.0,436.0,1.0200000000000007
102,70,536.0,501.0,0.0
102,21,513.0,476.0,0.0
102,38,533.0,493.0,0.0
102,88,505.0,486.0,0.0
102,78,516.0,408.0,0.0
102,72,454.0,479.0,0.0
102,24,443.0,477.0,0.0
102,8,495.0,453.0,0.0
102,17,499.0,454.0,0.0
102,37,500.0,481.0,0.0
102,1,441.0,460.0,1.0200000000000007
102,53,511.0,470.0,0.0
102,22,446.0,493.0,0.0
102,47,498.0,470.0,0.0
102,83,495.0,475.0,0.0
102,99,482.0,408.0,0.0
102,89,474.0,460.0,0.0
102,14,453.0,457.0,1.0200000000000007
102,3,495.0,416.0,0.0
102,80,517.0,419.0,0.0
102,96,442.0,483.0,0.0
102,51,515.0,430.0,0.0
102,33,509.0,431.0,0.0
102,40,528.0,407.0,0.0
102,48,532.0,423.0,0.0
102,15,537.0,420.0,0.0
102,65,457.0,487.0,0.0
102,97,450.0,476.0,0.0
103,5,517.0,420.0,0.0
103,56,447.0,504.0,0.0
103,35,517.0,473.0,0.0
103,55,512.0,475.0,0.0
103,60,479.0,468.0,0.0
103,30,454.0,439.0,1.0300000000000007
103,32,459.0,502.0,0.0
103,6,455.0,487.0,0.0
103,67,507.0,424.0,0.0
103,45,466.0,438.0,1.0300000000000007
103,73,443.0,477.0,0.0
103,64,501.0,445.0,0.0
103,90,478.0,485.0,0.0
103,4,509.0,428.0,0.0
103,13,538.0,438.0,0.0
103,54,480.0,445.0,0.0
103,63,502.0,501.0,0.0
103,86,447.0,467.0,0.0
103,91,526.0,502.0,0.0
103,62,523.0,474.0,0.0
103,58,472.0,418.0,1.0300000000000007
103,52,479.0,418.0,0.0
103,12,445.0,417.0,1.0300000000000007
103,28,479.0,490.0,0.0
103,75,443.0,424.0,1.0300000000000007
103,23,510.0,421.0,0.0
103,92,492.0,477.0,0.0
103,41,456.0,487.0,0.0
103,43,521.0,414.0,0.0
103,11,504.0,431.0,0.0
103,36,506.0,467.0,0.0
103,68,513.0,413.0,0.0
103,69,449.0,437.0,1.0300000000000007
103,98,442.0,500.0,0.0
103,82,470.0,411.0,1.0300000000000007
103,85,526.0,409.0,0.0
103,39,483.0,504.0,0.0
103,84,522.0,446.0,0.0
103,77,449.0,493.0,0.0
103,7,504.0,426.0,0.0
103,25,448.0,458.0,1.0300000000000007
103,95,523.0,506.0,0.0
103,71,473.0,502.0,0.0
103,66,507.0,505.0,0.0
103,76,477.0,489.0,0.0
103,34,479.0,409.0,0.0
103,50,448.0,442.0,1.0300000000000007
103,59,502.0,441.0,0.0
103,93,449.0,442.0,1.0300000000000007
103,2,485.0,445.0,0.0
103,10,454.0,426.0,1.0300000000000007
103,18,458.0,418.0,1.0300000000000007
103,26,472.0,414.0,1.0300000000000007
103,27,453.0,409.0,1.0300000000000007
103,42,441.0,482.0,0.0
103,87,505.0,455.0,0.0
103,100,530.0,428.0,0.0
103,79,516.0,470.0,0.0
103,16,487.0,488.0,0.0
103,20,457.0,478.0,0.0
103,81,527.0,410.0,0.0
103,19,442.0,464.0,0.0
103,49,482.0,429.0,0.0
103,44,469.0,440.0,1.0300000000000007
103,9,536.0,504.0,0.0
103,31,468.0,418.0,1.0300000000000007
103,74,512.0,437.0,0.0
103,61,458.0,468.0,0.0
103,29,493.0,442.0,0.0
103,94,487.0,420.0,0.0
103,46,510.0,446.0,0.0
103,57,446.0,436.0,1.0300000000000007
103,70,536.0,501.0,0.0
103,21,513.0,476.0,0.0
103,38,533.0,493.0,0.0
103,88,505.0,486.0,0.0
103,78,516.0,408.0,0.0
103,72,454.0,479.0,0.0
103,24,443.0,477.0,0.0
103,8,495.0,453.0,0.0
103,17,499.0,454.0,0.0
103,37,500.0,481.0,0.0
103,1,441.0,460.0,1.0300000000000007
103,53,511.0,470.0,0.0
103,22,446.0,493.0,0.0
103,47,498.0,470.0,0.0
103,83,495.0,475.0,0.0
103,99,482.0,408.0,0.0
103,89,474.0,460.0,0.0
103,14,453.0,457.0,1.0300000000000007
103,3,495.0,416.0,0.0
103,80,517.0,419.0,0.0
103,96,442.0,483.0,0.0
103,51,515.0,430.0,0.0
103,33,509.0,431.0,0.0
103,40,528.0,407.0,0.0
103,48,532.0,423.0,0.0
103,15,537.0,420.0,0.0
103,65,457.0,487.0,0.0
103,97,450.0,476.0,0.0
104,5,517.0,420.0,0.0
104,56,447.0,504.0,0.0
104,35,517.0,473.0,0.0
104,55,512.0,475.0,0.0
104,60,479.0,468.0,0.0
104,30,454.0,439.0,1.0400000000000007
104,32,459.0,502.0,0.0
104,6,455.0,487.0,0.0
104,67,507.0,424.0,0.0
104,45,466.0,438.0,1.0400000000000007
104,73,443.0,477.0,0.0
104,64,501.0,445.0,0.0
104,90,478.0,485.0,0.0
104,4,509.0,428.0,0.0
104,13,538.0,438.0,0.0
104,54,480.0,445.0,0.0
104,63,502.0,501.0,0.0
104,86,447.0,467.0,0.0
104,91,526.0,502.0,0.0
104,62,523.0,474.0,0.0
104,58,472.0,418.0,1.0400000000000007
104,52,479.0,418.0,0.0
104,12,445.0,417.0,1.0400000000000007
104,28,479.0,490.0,0.0
104,75,443.0,424.0,1.0400000000000007
104,23,510.0,421.0,0.0
104,92,492.0,477.0,0.0
104,41,456.0,487.0,0.0
104,43,521.0,414.0,0.0
104,11,504.0,431.0,0.0
104,36,506.0,467.0,0.0
104,68,513.0,413.0,0.0
104,69,449.0,437.0,1.0400000000000007
104,98,442.0,500.0,0.0
104,82,470.0,411.0,1.0400000000000007
104,85,526.0,409.0,0.0
104,39,483.0,504.0,0.0
104,84,522.0,446.0,0.0
104,77,449.0,493.0,0.0
104,7,504.0,426.0,0.0
104,25,448.0,458.0,1.0400000000000007
104,95,523.0,506.0,0.0
104,71,473.0,502.0,0.0
104,66,507.0,505.0,0.0
104,76,477.0,489.0,0.0
104,34,479.0,409.0,0.0
104,50,448.0,442.0,1.0400000000000007
104,59,502.0,441.0,0.0
104,93,449.0,442.0,1.0400000000000007
104,2,485.0,445.0,0.0
104,10,454.0,426.0,1.0400000000000007
104,18,458.0,418.0,1.0400000000000007
104,26,472.0,414.0,1.0400000000000007
104,27,453.0,409.0,1.0400000000000007
104,42,441.0,482.0,0.0
104,87,505.0,455.0,0.0
104,100,530.0,428.0,0.0
104,79,516.0,470.0,0.0
104,16,487.0,488.0,0.0
104,20,457.0,478.0,0.0
104,81,527.0,410.0,0.0
104,19,442.0,464.0,0.0
104,49,482.0,429.0,0.0
104,44,469.0,440.0,1.0400000000000007
104,9,536.0,504.0,0.0
104,31,468.0,418.0,1.0400000000000007
104,74,512.0,437.0,0.0
104,61,458.0,468.0,0.0
104,29,493.0,442.0,0.0
104,94,487.0,420.0,0.0
104,46,510.0,446.0,0.0
104,57,446.0,436.0,1.0400000000000007
104,70,536.0,501.0,0.0
104,21,513.0,476.0,0.0
104,38,533.0,493.0,0.0
104,88,505.0,486.0,0.0
104,78,516.0,408.0,0.0
104,72,454.0,479.0,0.0
104,24,443.0,477.0,0.0
104,8,495.0,453.0,0.0
104,17,499.0,454.0,0.0
104,37,500.0,481.0,0.0
104,1,441.0,460.0,1.0400000000000007
104,53,511.0,470.0,0.0
104,22,446.0,493.0,0.0
104,47,498.0,470.0,0.0
104,83,495.0,475.0,0.0
104,99,482.0,408.0,0.0
104,89,474.0,460.0,0.0
104,14,453.0,457.0,1.0400000000000007
104,3,495.0,416.0,0.0
104,80,517.0,419.0,0.0
104,96,442.0,483.0,0.0
104,51,515.0,430.0,0.0
104,33,509.0,431.0,0.0
104,40,528.0,407.0,0.0
104,48,532.0,423.0,0.0
104,15,537.0,420.0,0.0
104,65,457.0,487.0,0.0
104,97,450.0,476.0,0.0
105,5,517.0,420.0,0.0
105,56,447.0,504.0,0.0
105,35,517.0,473.0,0.0
105,55,512.0,475.0,0.0
105,60,479.0,468.0,0.0
105,30,454.0,439.0,1.0500000000000007
105,32,459.0,502.0,0.0
105,6,455.0,487.0,0.0
105,67,507.0,424.0,0.0
105,45,466.0,438.0,1.0500000000000007
105,73,443.0,477.0,0.0
105,64,501.0,445.0,0.0
105,90,478.0,485.0,0.0
105,4,509.0,428.0,0.0
105,13,538.0,438.0,0.0
105,54,480.0,445.0,0.0
105,63,502.0,501.0,0.0
105,86,447.0,467.0,0.0
105,91,526.0,502.0,0.0
105,62,523.0,474.0,0.0
105,58,472.0,418.0,1.0500000000000007
105,52,479.0,418.0,0.0
105,12,445.0,417.0,1.0500000000000007
105,28,479.0,490.0,0.0
105,75,443.0,424.0,1.0500000000000007
105,23,510.0,421.0,0.0
105,92,492.0,477.0,0.0
105,41,456.0,487.0,0.0
105,43,521.0,414.0,0.0
105,11,504.0,431.0,0.0
105,36,506.0,467.0,0.0
105,68,513.0,413.0,0.0
105,69,449.0,437.0,1.0500000000000007
105,98,442.0,500.0,0.0
105,82,470.0,411.0,1.0500000000000007
105,85,526.0,409.0,0.0
105,39,483.0,504.0,0.0
105,84,522.0,446.0,0.0
105,77,449.0,493.0,0.0
105,7,504.0,426.0,0.0
105,25,448.0,458.0,1.0500000000000007
105,95,523.0,506.0,0.0
105,71,473.0,502.0,0.0
105,66,507.0,505.0,0.0
105,76,477.0,489.0,0.0
105,34,479.0,409.0,0.0
105,50,448.0,442.0,1.0500000000000007
105,59,502.0,441.0,0.0
105,93,449.0,442.0,1.0500000000000007
105,2,485.0,445.0,0.0
105,10,454.0,426.0,1.0500000000000007
105,18,458.0,418.0,1.0500000000000007
105,26,472.0,414.0,1.0500000000000007
105,27,453.0,409.0,1.0500000000000007
105,42,441.0,482.0,0.0
105,87,505.0,455.0,0.0
105,100,530.0,428.0,0.0
105,79,516.0,470.0,0.0
105,16,487.0,488.0,0.0
105,20,457.0,478.0,0.0
105,81,527.0,410.0,0.0
105,19,442.0,464.0,0.0
105,49,482.0,429.0,0.0
105,44,469.0,440.0,1.0500000000000007
105,9,536.0,504.0,0.0
105,31,468.0,418.0,1.0500000000000007
105,74,512.0,437.0,0.0
105,61,458.0,468.0,0.0
105,29,493.0,442.0,0.0
105,94,487.0,420.0,0.0
105,46,510.0,446.0,0.0
105,57,446.0,436.0,1.0500000000000007
105,70,536.0,501.0,0.0
105,21,513.0,476.0,0.0
105,38,533.0,493.0,0.0
105,88,505.0,486.0,0.0
105,78,516.0,408.0,0.0
105,72,454.0,479.0,0.0
105,24,443.0,477.0,0.0
105,8,495.0,453.0,0.0
105,17,499.0,454.0,0.0
105,37,500.0,481.0,0.0
105,1,441.0,460.0,1.0500000000000007
105,53,511.0,470.0,0.0
105,22,446.0,493.0,0.0
105,47,498.0,470.0,0.0
105,83,495.0,475.0,0.0
105,99,482.0,408.0,0.0
105,89,474.0,460.0,0.0
105,14,453.0,457.0,1.0500000000000007
105,3,495.0,416.0,0.0
105,80,517.0,419.0,0.0
105,96,442.0,483.0,0.0
105,51,515.0,430.0,0.0
105,33,509.0,431.0,0.0
105,40,528.0,407.0,0.0
105,48,532.0,423.0,0.0
105,15,537.0,420.0,0.0
105,65,457.0,487.0,0.0
105,97,450.0,476.0,0.0
106,5,517.0,420.0,0.0
106,56,447.0,504.0,0.0
106,35,517.0,473.0,0.0
106,55,512.0,475.0,0.0
106,60,479.0,468.0,0.0
106,30,454.0,439.0,1.0600000000000007
106,32,459.0,502.0,0.0
106,6,455.0,487.0,0.0
106,67,507.0,424.0,0.0
106,45,466.0,438.0,1.0600000000000007
106,73,443.0,477.0,0.0
106,64,501.0,445.0,0.0
106,90,478.0,485.0,0.0
106,4,509.0,428.0,0.0
106,13,538.0,438.0,0.0
106,54,480.0,445.0,0.0
106,63,502.0,501.0,0.0
106,86,447.0,467.0,0.0
106,91,526.0,502.0,0.0
106,62,523.0,474.0,0.0
106,58,472.0,418.0,1.0600000000000007
106,52,479.0,418.0,0.0
106,12,445.0,417.0,1.0600000000000007
106,28,479.0,490.0,0.0
106,75,443.0,424.0,1.0600000000000007
106,23,510.0,421.0,0.0
106,92,492.0,477.0,0.0
106,41,456.0,487.0,0.0
106,43,521.0,414.0,0.0
106,11,504.0,431.0,0.0
106,36,506.0,467.0,0.0
106,68,513.0,413.0,0.0
106,69,449.0,437.0,1.0600000000000007
106,98,442.0,500.0,0.0
106,82,470.0,411.0,1.0600000000000007
106,85,526.0,409.0,0.0
106,39,483.0,504.0,0.0
106,84,522.0,446.0,0.0
106,77,449.0,493.0,0.0
106,7,504.0,426.0,0.0
106,25,448.0,458.0,1.0600000000000007
106,95,523.0,506.0,0.0
106,71,473.0,502.0,0.0
106,66,507.0,505.0,0.0
106,76,477.0,489.0,0.0
106,34,479.0,409.0,0.0
106,50,448.0,442.0,1.0600000000000007
106,59,502.0,441.0,0.0
106,93,449.0,442.0,1.0600000000000007
106,2,485.0,445.0,0.0
106,10,454.0,426.0,1.0600000000000007
106,18,458.0,418.0,1.0600000000000007
106,26,472.0,414.0,1.0600000000000007
106,27,453.0,409.0,1.0600000000000007
106,42,441.0,482.0,0.0
106,87,505.0,455.0,0.0
106,100,530.0,428.0,0.0
106,79,516.0,470.0,0.0
106,16,487.0,488.0,0.0
106,20,457.0,478.0,0.0
106,81,527.0,410.0,0.0
106,19,442.0,464.0,0.0
106,49,482.0,429.0,0.0
106,44,469.0,440.0,1.0600000000000007
106,9,536.0,504.0,0.0
106,31,468.0,418.0,1.0600000000000007
106,74,512.0,437.0,0.0
106,61,458.0,468.0,0.0
106,29,493.0,442.0,0.0
106,94,487.0,420.0,0.0
106,46,510.0,446.0,0.0
106,57,446.0,436.0,1.0600000000000007
106,70,536.0,501.0,0.0
106,21,513.0,476.0,0.0
106,38,533.0,493.0,0.0
106,88,505.0,486.0,0.0
106,78,516.0,408.0,0.0
106,72,454.0,479.0,0.0
106,24,443.0,477.0,0.0
106,8,495.0,453.0,0.0
106,17,499.0,454.0,0.0
106,37,500.0,481.0,0.0
106,1,441.0,460.0,1.0600000000000007
106,53,511.0,470.0,0.0
106,22,446.0,493.0,0.0
106,47,498.0,470.0,0.0
106,83,495.0,475.0,0.0
106,99,482.0,408.0,0.0
106,89,474.0,460.0,0.0
106,14,453.0,457.0,1.0600000000000007
106,3,495.0,416.0,0.0
106,80,517.0,419.0,0.0
106,96,442.0,483.0,0.0
106,51,515.0,430.0,0.0
106,33,509.0,431.0,0.0
106,40,528.0,407.0,0.0
106,48,532.0,423.0,0.0
106,15,537.0,420.0,0.0
106,65,457.0,487.0,0.0
106,97,450.0,476.0,0.0
107,5,517.0,420.0,0.0
107,56,447.0,504.0,0.0
107,35,517.0,473.0,0.0
107,55,512.0,475.0,0.0
107,60,479.0,468.0,0.0
107,30,454.0,439.0,1.0700000000000007
107,32,459.0,502.0,0.0
107,6,455.0,487.0,0.0
107,67,507.0,424.0,0.0
107,45,466.0,438.0,1.0700000000000007
107,73,443.0,477.0,0.0
107,64,501.0,445.0,0.0
107,90,478.0,485.0,0.0
107,4,509.0,428.0,0.0
107,13,538.0,438.0,0.0
107,54,480.0,445.0,0.0
107,63,502.0,501.0,0.0
107,86,447.0,467.0,0.0
107,91,526.0,502.0,0.0
107,62,523.0,474.0,0.0
107,58,472.0,418.0,1.0700000000000007
107,52,479.0,418.0,0.0
107,12,445.0,417.0,1.0700000000000007
107,28,479.0,490.0,0.0
107,75,443.0,424.0,1.0700000000000007
107,23,510.0,421.0,0.0
107,92,492.0,477.0,0.0
107,41,456.0,487.0,0.0
107,43,521.0,414.0,0.0
107,11,504.0,431.0,0.0
107,36,506.0,467.0,0.0
107,68,513.0,413.0,0.0
107,69,449.0,437.0,1.0700000000000007
107,98,442.0,500.0,0.0
107,82,470.0,411.0,1.0700000000000007
107,85,526.0,409.0,0.0
107,39,483.0,504.0,0.0
107,84,522.0,446.0,0.0
107,77,449.0,493.0,0.0
107,7,504.0,426.0,0.0
107,25,448.0,458.0,1.0700000000000007
107,95,523.0,506.0,0.0
107,71,473.0,502.0,0.0
107,66,507.0,505.0,0.0
107,76,477.0,489.0,0.0
107,34,479.0,409.0,0.0
107,50,448.0,442.0,1.0700000000000007
107,59,502.0,441.0,0.0
107,93,449.0,442.0,1.0700000000000007
107,2,485.0,445.0,0.0
107,10,454.0,426.0,1.0700000000000007
107,18,458.0,418.0,1.0700000000000007
107,26,472.0,414.0,1.0700000000000007
107,27,453.0,409.0,1.0700000000000007
107,42,441.0,482.0,0.0
107,87,505.0,455.0,0.0
107,100,530.0,428.0,0.0
107,79,516.0,470.0,0.0
107,16,487.0,488.0,0.0
107,20,457.0,478.0,0.0
107,81,527.0,410.0,0.0
107,19,442.0,464.0,0.0
107,49,482.0,429.0,0.0
107,44,469.0,440.0,1.0700000000000007
107,9,536.0,504.0,0.0
107,31,468.0,418.0,1.0700000000000007
107,74,512.0,437.0,0.0
107,61,458.0,468.0,0.0
107,29,493.0,442.0,0.0
107,94,487.0,420.0,0.0
107,46,510.0,446.0,0.0
107,57,446.0,436.0,1.0700000000000007
107,70,536.0,501.0,0.0
107,21,513.0,476.0,0.0
107,38,533.0,493.0,0.0
107,88,505.0,486.0,0.0
107,78,516.0,408.0,0.0
107,72,454.0,479.0,0.0
107,24,443.0,477.0,0.0
107,8,495.0,453.0,0.0
107,17,499.0,454.0,0.0
107,37,500.0,481.0,0.0
107,1,441.0,460.0,1.0700000000000007
107,53,511.0,470.0,0.0
107,22,446.0,493.0,0.0
107,47,498.0,470.0,0.0
107,83,495.0,475.0,0.0
107,99,482.0,408.0,0.0
107,89,474.0,460.0,0.0
107,14,453.0,457.0,1.0700000000000007
107,3,495.0,416.0,0.0
107,80,517.0,419.0,0.0
107,96,442.0,483.0,0.0
107,51,515.0,430.0,0.0
107,33,509.0,431.0,0.0
107,40,528.0,407.0,0.0
107,48,532.0,423.0,0.0
107,15,537.0,420.0,0.0
107,65,457.0,487.0,0.0
107,97,450.0,476.0,0.0
108,5,517.0,420.0,0.0
108,56,447.0,504.0,0.0
108,35,517.0,473.0,0.0
108,55,512.0,475.0,0.0
108,60,479.0,468.0,0.0
108,30,454.0,439.0,1.0800000000000007
108,32,459.0,502.0,0.0
108,6,455.0,487.0,0.0
108,67,507.0,424.0,0.0
108,45,466.0,438.0,1.0800000000000007
108,73,443.0,477.0,0.0
108,64,501.0,445.0,0.0
108,90,478.0,485.0,0.0
108,4,509.0,428.0,0.0
108,13,538.0,438.0,0.0
108,54,480.0,445.0,0.0
108,63,502.0,501.0,0.0
108,86,447.0,467.0,0.0
108,91,526.0,502.0,0.0
108,62,523.0,474.0,0.0
108,58,472.0,418.0,1.0800000000000007
108,52,479.0,418.0,0.0
108,12,445.0,417.0,1.0800000000000007
108,28,479.0,490.0,0.0
108,75,443.0,424.0,1.0800000000000007
108,23,510.0,421.0,0.0
108,92,492.0,477.0,0.0
108,41,456.0,487.0,0.0
108,43,521.0,414.0,0.0
108,11,504.0,431.0,0.0
108,36,506.0,467.0,0.0
108,68,513.0,413.0,0.0
108,69,449.0,437.0,1.0800000000000007
108,98,442.0,500.0,0.0
108,82,470.0,411.0,1.0800000000000007
108,85,526.0,409.0,0.0
108,39,483.0,504.0,0.0
108,84,522.0,446.0,0.0
108,77,449.0,493.0,0.0
108,7,504.0,426.0,0.0
108,25,448.0,458.0,1.0800000000000007
108,95,523.0,506.0,0.0
108,71,473.0,502.0,0.0
108,66,507.0,505.0,0.0
108,76,477.0,489.0,0.0
108,34,479.0,409.0,0.0
108,50,448.0,442.0,1.0800000000000007
108,59,502.0,441.0,0.0
108,93,449.0,442.0,1.0800000000000007
108,2,485.0,445.0,0.0
108,10,454.0,426.0,1.0800000000000007
108,18,458.0,418.0,1.0800000000000007
108,26,472.0,414.0,1.0800000000000007
108,27,453.0,409.0,1.0800000000000007
108,42,441.0,482.0,0.0
108,87,505.0,455.0,0.0
108,100,530.0,428.0,0.0
108,79,516.0,470.0,0.0
108,16,487.0,488.0,0.0
108,20,457.0,478.0,0.0
108,81,527.0,410.0,0.0
108,19,442.0,464.0,0.0
108,49,482.0,429.0,0.0
108,44,469.0,440.0,1.0800000000000007
108,9,536.0,504.0,0.0
108,31,468.0,418.0,1.0800000000000007
108,74,512.0,437.0,0.0
108,61,458.0,468.0,0.0
108,29,493.0,442.0,0.0
108,94,487.0,420.0,0.0
108,46,510.0,446.0,0.0
108,57,446.0,436.0,1.0800000000000007
108,70,536.0,501.0,0.0
108,21,513.0,476.0,0.0
108,38,533.0,493.0,0.0
108,88,505.0,486.0,0.0
108,78,516.0,408.0,0.0
108,72,454.0,479.0,0.0
108,24,443.0,477.0,0.0
108,8,495.0,453.0,0.0
108,17,499.0,454.0,0.0
108,37,500.0,481.0,0.0
108,1,441.0,460.0,1.0800000000000007
108,53,511.0,470.0,0.0
108,22,446.0,493.0,0.0
108,47,498.0,470.0,0.0
108,83,495.0,475.0,0.0
108,99,482.0,408.0,0.0
108,89,474.0,460.0,0.0
108,14,453.0,457.0,1.0800000000000007
108,3,495.0,416.0,0.0
108,80,517.0,419.0,0.0
108,96,442.0,483.0,0.0
108,51,515.0,430.0,0.0
108,33,509.0,431.0,0.0
108,40,528.0,407.0,0.0
108,48,532.0,423.0,0.0
108,15,537.0,420.0,0.0
108,65,457.0,487.0,0.0
108,97,450.0,476.0,0.0
109,5,517.0,420.0,0.0
109,56,447.0,504.0,0.0
109,35,517.0,473.0,0.0
109,55,512.0,475.0,0.0
109,60,479.0,468.0,0.0
109,30,454.0,439.0,1.0900000000000007
109,32,459.0,502.0,0.0
109,6,455.0,487.0,0.0
109,67,507.0,424.0,0.0
109,45,466.0,438.0,1.0900000000000007
109,73,443.0,477.0,0.0
109,64,501.0,445.0,0.0
109,90,478.0,485.0,0.0
109,4,509.0,428.0,0.0
109,13,538.0,438.0,0.0
109,54,480.0,445.0,0.0
109,63,502.0,501.0,0.0
109,86,447.0,467.0,0.0
109,91,526.0,502.0,0.0
109,62,523.0,474.0,0.0
109,58,472.0,418.0,1.0900000000000007
109,52,479.0,418.0,0.0
109,12,445.0,417.0,1.0900000000000007
109,28,479.0,490.0,0.0
109,75,443.0,424.0,1.0900000000000007
109,23,510.0,421.0,0.0
109,92,492.0,477.0,0.0
109,41,456.0,487.0,0.0
109,43,521.0,414.0,0.0
109,11,504.0,431.0,0.0
109,36,506.0,467.0,0.0
109,68,513.0,413.0,0.0
109,69,449.0,437.0,1.0900000000000007
109,98,442.0,500.0,0.0
109,82,470.0,411.0,1.0900000000000007
109,85,526.0,409.0,0.0
109,39,483.0,504.0,0.0
109,84,522.0,446.0,0.0
109,77,449.0,493.0,0.0
109,7,504.0,426.0,0.0
109,25,448.0,458.0,1.0900000000000007
109,95,523.0,506.0,0.0
109,71,473.0,502.0,0.0
109,66,507.0,505.0,0.0
109,76,477.0,489.0,0.0
109,34,479.0,409.0,0.0
109,50,448.0,442.0,1.0900000000000007
109,59,502.0,441.0,0.0
109,93,449.0,442.0,1.0900000000000007
109,2,485.0,445.0,0.0
109,10,454.0,426.0,1.0900000000000007
109,18,458.0,418.0,1.0900000000000007
109,26,472.0,414.0,1.0900000000000007
109,27,453.0,409.0,1.0900000000000007
109,42,441.0,482.0,0.0
109,87,505.0,455.0,0.0
109,100,530.0,428.0,0.0
109,79,516.0,470.0,0.0
109,16,487.0,488.0,0.0
109,20,457.0,478.0,0.0
109,81,527.0,410.0,0.0
109,19,442.0,464.0,0.0
109,49,482.0,429.0,0.0
109,44,469.0,440.0,1.0900000000000007
109,9,536.0,504.0,0.0
109,31,468.0,418.0,1.0900000000000007
109,74,512.0,437.0,0.0
109,61,458.0,468.0,0.0
109,29,493.0,442.0,0.0
109,94,487.0,420.0,0.0
109,46,510.0,446.0,0.0
109,57,446.0,436.0,1.0900000000000007
109,70,536.0,501.0,0.0
109,21,513.0,476.0,0.0
109,38,533.0,493.0,0.0
109,88,505.0,486.0,0.0
109,78,516.0,408.0,0.0
109,72,454.0,479.0,0.0
109,24,443.0,477.0,0.0
109,8,495.0,453.0,0.0
109,17,499.0,454.0,0.0
109,37,500.0,481.0,0.0
109,1,441.0,460.0,1.0900000000000007
109,53,511.0,470.0,0.0
109,22,446.0,493.0,0.0
109,47,498.0,470.0,0.0
109,83,495.0,475.0,0.0
109,99,482.0,408.0,0.0
109,89,474.0,460.0,0.0
109,14,453.0,457.0,1.0900000000000007
109,3,495.0,416.0,0.0
109,80,517.0,419.0,0.0
109,96,442.0,483.0,0.0
109,51,515.0,430.0,0.0
109,33,509.0,431.0,0.0
109,40,528.0,407.0,0.0
109,48,532.0,423.0,0.0
109,15,537.0,420.0,0.0
109,65,457.0,487.0,0.0
109,97,450.0,476.0,0.0
110,5,517.0,420.0,0.0
110,56,447.0,504.0,0.0
110,35,517.0,473.0,0.0
110,55,512.0,475.0,0.0
110,60,479.0,468.0,0.0
110,30,454.0,439.0,1.1000000000000008
110,32,459.0,502.0,0.0
110,6,455.0,487.0,0.0
110,67,507.0,424.0,0.0
110,45,466.0,438.0,1.1000000000000008
110,73,443.0,477.0,0.0
110,64,501.0,445.0,0.0
110,90,478.0,485.0,0.0
110,4,509.0,428.0,0.0
110,13,538.0,438.0,0.0
110,54,480.0,445.0,0.0
110,63,502.0,501.0,0.0
110,86,447.0,467.0,0.0
110,91,526.0,502.0,0.0
110,62,523.0,474.0,0.0
110,58,472.0,418.0,1.1000000000000008
110,52,479.0,418.0,0.0
110,12,445.0,417.0,1.1000000000000008
110,28,479.0,490.0,0.0
110,75,443.0,424.0,1.1000000000000008
110,23,510.0,421.0,0.0
110,92,492.0,477.0,0.0
110,41,456.0,487.0,0.0
110,43,521.0,414.0,0.0
110,11,504.0,431.0,0.0
110,36,506.0,467.0,0.0
110,68,513.0,413.0,0.0
110,69,449.0,437.0,1.1000000000000008
110,98,442.0,500.0,0.0
110,82,470.0,411.0,1.1000000000000008
110,85,526.0,409.0,0.0
110,39,483.0,504.0,0.0
110,84,522.0,446.0,0.0
110,77,449.0,493.0,0.0
110,7,504.0,426.0,0.0
110,25,448.0,458.0,1.1000000000000008
110,95,523.0,506.0,0.0
110,71,473.0,502.0,0.0
110,66,507.0,505.0,0.0
110,76,477.0,489.0,0.0
110,34,479.0,409.0,0.0
110,50,448.0,442.0,1.1000000000000008
110,59,502.0,441.0,0.0
110,93,449.0,442.0,1.1000000000000008
110,2,485.0,445.0,0.0
110,10,454.0,426.0,1.1000000000000008
110,18,458.0,418.0,1.1000000000000008
110,26,472.0,414.0,1.1000000000000008
110,27,453.0,409.0,1.1000000000000008
110,42,441.0,482.0,0.0
110,87,505.0,455.0,0.0
110,100,530.0,428.0,0.0
110,79,516.0,470.0,0.0
110,16,487.0,488.0,0.0
110,20,457.0,478.0,0.0
110,81,527.0,410.0,0.0
110,19,442.0,464.0,0.0
110,49,482.0,429.0,0.0
110,44,469.0,440.0,1.1000000000000008
110,9,536.0,504.0,0.0
110,31,468.0,418.0,1.1000000000000008
110,74,512.0,437.0,0.0
110,61,458.0,468.0,0.0
110,29,493.0,442.0,0.0
110,94,487.0,420.0,0.0
110,46,510.0,446.0,0.0
110,57,446.0,436.0,1.1000000000000008
110,70,536.0,501.0,0.0
110,21,513.0,476.0,0.0
110,38,533.0,493.0,0.0
110,88,505.0,486.0,0.0
110,78,516.0,408.0,0.0
110,72,454.0,479.0,0.0
110,24,443.0,477.0,0.0
110,8,495.0,453.0,0.0
110,17,499.0,454.0,0.0
110,37,500.0,481.0,0.0
110,1,441.0,460.0,1.1000000000000008
110,53,511.0,470.0,0.0
110,22,446.0,493.0,0.0
110,47,498.0,470.0,0.0
110,83,495.0,475.0,0.0
110,99,482.0,408.0,0.0
110,89,474.0,460.0,0.0
110,14,453.0,457.0,1.1000000000000008
110,3,495.0,416.0,0.0
110,80,517.0,419.0,0.0
110,96,442.0,483.0,0.0
110,51,515.0,430.0,0.0
110,33,509.0,431.0,0.0
110,40,528.0,407.0,0.0
110,48,532.0,423.0,0.0
110,15,537.0,420.0,0.0
110,65,457.0,487.0,0.0
110,97,450.0,476.0,0.0
111,5,517.0,420.0,0.0
111,56,447.0,504.0,0.0
111,35,517.0,473.0,0.0
111,55,512.0,475.0,0.0
111,60,479.0,468.0,0.0
111,30,454.0,439.0,1.1100000000000008
111,32,459.0,502.0,0.0
111,6,455.0,487.0,0.0
111,67,507.0,424.0,0.0
111,45,466.0,438.0,1.1100000000000008
111,73,443.0,477.0,0.0
111,64,501.0,445.0,0.0
111,90,478.0,485.0,0.0
111,4,509.0,428.0,0.0
111,13,538.0,438.0,0.0
111,54,480.0,445.0,0.0
111,63,502.0,501.0,0.0
111,86,447.0,467.0,0.0
111,91,526.0,502.0,0.0
111,62,523.0,474.0,0.0
111,58,472.0,418.0,1.1100000000000008
111,52,479.0,418.0,0.0
111,12,445.0,417.0,1.1100000000000008
111,28,479.0,490.0,0.0
111,75,443.0,424.0,1.1100000000000008
111,23,510.0,421.0,0.0
111,92,492.0,477.0,0.0
111,41,456.0,487.0,0.0
111,43,521.0,414.0,0.0
111,11,504.0,431.0,0.0
111,36,506.0,467.0,0.0
111,68,513.0,413.0,0.0
111,69,449.0,437.0,1.1100000000000008
111,98,442.0,500.0,0.0
111,82,470.0,411.0,1.1100000000000008
111,85,526.0,409.0,0.0
111,39,483.0,504.0,0.0
111,84,522.0,446.0,0.0
111,77,449.0,493.0,0.0
111,7,504.0,426.0,0.0
111,25,448.0,458.0,1.1100000000000008
111,95,523.0,506.0,0.0
111,71,473.0,502.0,0.0
111,66,507.0,505.0,0.0
111,76,477.0,489.0,0.0
111,34,479.0,409.0,0.0
111,50,448.0,442.0,1.1100000000000008
111,59,502.0,441.0,0.0
111,93,449.0,442.0,1.1100000000000008
111,2,485.0,445.0,0.0
111,10,454.0,426.0,1.1100000000000008
111,18,458.0,418.0,1.1100000000000008
111,26,472.0,414.0,1.1100000000000008
111,27,453.0,409.0,1.1100000000000008
111,42,441.0,482.0,0.0
111,87,505.0,455.0,0.0
111,100,530.0,428.0,0.0
111,79,516.0,470.0,0.0
111,16,487.0,488.0,0.0
111,20,457.0,478.0,0.0
111,81,527.0,410.0,0.0
111,19,442.0,464.0,0.0
111,49,482.0,429.0,0.0
111,44,469.0,440.0,1.1100000000000008
111,9,536.0,504.0,0.0
111,31,468.0,418.0,1.1100000000000008
111,74,512.0,437.0,0.0
111,61,458.0,468.0,0.0
111,29,493.0,442.0,0.0
111,94,487.0,420.0,0.0
111,46,510.0,446.0,0.0
111,57,446.0,436.0,1.1100000000000008
111,70,536.0,501.0,0.0
111,21,513.0,476.0,0.0
111,38,533.0,493.0,0.0
111,88,505.0,486.0,0.0
111,78,516.0,408.0,0.0
111,72,454.0,479.0,0.0
111,24,443.0,477.0,0.0
111,8,495.0,453.0,0.0
111,17,499.0,454.0,0.0
111,37,500.0,481.0,0.0
111,1,441.0,460.0,1.1100000000000008
111,53,511.0,470.0,0.0
111,22,446.0,493.0,0.0
111,47,498.0,470.0,0.0
111,83,495.0,475.0,0.0
111,99,482.0,408.0,0.0
111,89,474.0,460.0,0.0
111,14,453.0,457.0,1.1100000000000008
111,3,495.0,416.0,0.0
111,80,517.0,419.0,0.0
111,96,442.0,483.0,0.0
111,51,515.0,430.0,0.0
111,33,509.0,431.0,0.0
111,40,528.0,407.0,0.0
111,48,532.0,423.0,0.0
111,15,537.0,420.0,0.0
111,65,457.0,487.0,0.0
111,97,450.0,476.0,0.0
112,5,517.0,420.0,0.0
112,56,447.0,504.0,0.0
112,35,517.0,473.0,0.0
112,55,512.0,475.0,0.0
112,60,479.0,468.0,0.0
112,30,454.0,439.0,1.1200000000000008
112,32,459.0,502.0,0.0
112,6,455.0,487.0,0.0
112,67,507.0,424.0,0.0
112,45,466.0,438.0,1.1200000000000008
112,73,443.0,477.0,0.0
112,64,501.0,445.0,0.0
112,90,478.0,485.0,0.0
112,4,509.0,428.0,0.0
112,13,538.0,438.0,0.0
112,54,480.0,445.0,0.0
112,63,502.0,501.0,0.0
112,86,447.0,467.0,0.0
112,91,526.0,502.0,0.0
112,62,523.0,474.0,0.0
112,58,472.0,418.0,1.1200000000000008
112,52,479.0,418.0,0.0
112,12,445.0,417.0,1.1200000000000008
112,28,479.0,490.0,0.0
112,75,443.0,424.0,1.1200000000000008
112,23,510.0,421.0,0.0
112,92,492.0,477.0,0.0
112,41,456.0,487.0,0.0
112,43,521.0,414.0,0.0
112,11,504.0,431.0,0.0
112,36,506.0,467.0,0.0
112,68,513.0,413.0,0.0
112,69,449.0,437.0,1.1200000000000008
112,98,442.0,500.0,0.0
112,82,470.0,411.0,1.1200000000000008
112,85,526.0,409.0,0.0
112,39,483.0,504.0,0.0
112,84,522.0,446.0,0.0
112,77,449.0,493.0,0.0
112,7,504.0,426.0,0.0
112,25,448.0,458.0,1.1200000000000008
112,95,523.0,506.0,0.0
112,71,473.0,502.0,0.0
112,66,507.0,505.0,0.0
112,76,477.0,489.0,0.0
112,34,479.0,409.0,0.0
112,50,448.0,442.0,1.1200000000000008
112,59,502.0,441.0,0.0
112,93,449.0,442.0,1.1200000000000008
112,2,485.0,445.0,0.0
112,10,454.0,426.0,1.1200000000000008
112,18,458.0,418.0,1.1200000000000008
112,26,472.0,414.0,1.1200000000000008
112,27,453.0,409.0,1.1200000000000008
112,42,441.0,482.0,0.0
112,87,505.0,455.0,0.0
112,100,530.0,428.0,0.0
112,79,516.0,470.0,0.0
112,16,487.0,488.0,0.0
112,20,457.0,478.0,0.0
112,81,527.0,410.0,0.0
112,19,442.0,464.0,0.0
112,49,482.0,429.0,0.0
112,44,469.0,440.0,1.1200000000000008
112,9,536.0,504.0,0.0
112,31,468.0,418.0,1.1200000000000008
112,74,512.0,437.0,0.0
112,61,458.0,468.0,0.0
112,29,493.0,442.0,0.0
112,94,487.0,420.0,0.0
112,46,510.0,446.0,0.0
112,57,446.0,436.0,1.1200000000000008
112,70,536.0,501.0,0.0
112,21,513.0,476.0,0.0
112,38,533.0,493.0,0.0
112,88,505.0,486.0,0.0
112,78,516.0,408.0,0.0
112,72,454.0,479.0,0.0
112,24,443.0,477.0,0.0
112,8,495.0,453.0,0.0
112,17,499.0,454.0,0.0
112,37,500.0,481.0,0.0
112,1,441.0,460.0,1.1200000000000008
112,53,511.0,470.0,0.0
112,22,446.0,493.0,0.0
112,47,498.0,470.0,0.0
112,83,495.0,475.0,0.0
112,99,482.0,408.0,0.0
112,89,474.0,460.0,0.0
112,14,453.0,457.0,1.1200000000000008
112,3,495.0,416.0,0.0
112,80,517.0,419.0,0.0
112,96,442.0,483.0,0.0
112,51,515.0,430.0,0.0
112,33,509.0,431.0,0.0
112,40,528.0,407.0,0.0
112,48,532.0,423.0,0.0
112,15,537.0,420.0,0.0
112,65,457.0,487.0,0.0
112,97,450.0,476.0,0.0
113,5,517.0,420.0,0.0
113,56,447.0,504.0,0.0
113,35,517.0,473.0,0.0
113,55,512.0,475.0,0.0
113,60,479.0,468.0,0.0
113,30,454.0,439.0,1.1300000000000008
113,32,459.0,502.0,0.0
113,6,455.0,487.0,0.0
113,67,507.0,424.0,0.0
113,45,466.0,438.0,1.1300000000000008
113,73,443.0,477.0,0.0
113,64,501.0,445.0,0.0
113,90,478.0,485.0,0.0
113,4,509.0,428.0,0.0
113,13,538.0,438.0,0.0
113,54,480.0,445.0,0.0
113,63,502.0,501.0,0.0
113,86,447.0,467.0,0.0
113,91,526.0,502.0,0.0
113,62,523.0,474.0,0.0
113,58,472.0,418.0,1.1300000000000008
113,52,479.0,418.0,0.0
113,12,445.0,417.0,1.1300000000000008
113,28,479.0,490.0,0.0
113,75,443.0,424.0,1.1300000000000008
113,23,510.0,421.0,0.0
113,92,492.0,477.0,0.0
113,41,456.0,487.0,0.0
113,43,521.0,414.0,0.0
113,11,504.0,431.0,0.0
113,36,506.0,467.0,0.0
113,68,513.0,413.0,0.0
113,69,449.0,437.0,1.1300000000000008
113,98,442.0,500.0,0.0
113,82,470.0,411.0,1.1300000000000008
113,85,526.0,409.0,0.0
113,39,483.0,504.0,0.0
113,84,522.0,446.0,0.0
113,77,449.0,493.0,0.0
113,7,504.0,426.0,0.0
113,25,448.0,458.0,1.1300000000000008
113,95,523.0,506.0,0.0
113,71,473.0,502.0,0.0
113,66,507.0,505.0,0.0
113,76,477.0,489.0,0.0
113,34,479.0,409.0,0.0
113,50,448.0,442.0,1.1300000000000008
113,59,502.0,441.0,0.0
113,93,449.0,442.0,1.1300000000000008
113,2,485.0,445.0,0.0
113,10,454.0,426.0,1.1300000000000008
113,18,458.0,418.0,1.1300000000000008
113,26,472.0,414.0,1.1300000000000008
113,27,453.0,409.0,1.1300000000000008
113,42,441.0,482.0,0.0
113,87,505.0,455.0,0.0
113,100,530.0,428.0,0.0
113,79,516.0,470.0,0.0
113,16,487.0,488.0,0.0
113,20,457.0,478.0,0.0
113,81,527.0,410.0,0.0
113,19,442.0,464.0,0.0
113,49,482.0,429.0,0.0
113,44,469.0,440.0,1.1300000000000008
113,9,536.0,504.0,0.0
113,31,468.0,418.0,1.1300000000000008
113,74,512.0,437.0,0.0
113,61,458.0,468.0,0.0
113,29,493.0,442.0,0.0
113,94,487.0,420.0,0.0
113,46,510.0,446.0,0.0
113,57,446.0,436.0,1.1300000000000008
113,70,536.0,501.0,0.0
113,21,513.0,476.0,0.0
113,38,533.0,493.0,0.0
113,88,505.0,486.0,0.0
113,78,516.0,408.0,0.0
113,72,454.0,479.0,0.0
113,24,443.0,477.0,0.0
113,8,495.0,453.0,0.0
113,17,499.0,454.0,0.0
113,37,500.0,481.0,0.0
113,1,441.0,460.0,1.1300000000000008
113,53,511.0,470.0,0.0
113,22,446.0,493.0,0.0
113,47,498.0,470.0,0.0
113,83,495.0,475.0,0.0
113,99,482.0,408.0,0.0
113,89,474.0,460.0,0.0
113,14,453.0,457.0,1.1300000000000008
113,3,495.0,416.0,0.0
113,80,517.0,419.0,0.0
113,96,442.0,483.0,0.0
113,51,515.0,430.0,0.0
113,33,509.0,431.0,0.0
113,40,528.0,407.0,0.0
113,48,532.0,423.0,0.0
113,15,537.0,420.0,0.0
113,65,457.0,487.0,0.0
113,97,450.0,476.0,0.0
114,5,517.0,420.0,0.0
114,56,447.0,504.0,0.0
114,35,517.0,473.0,0.0
114,55,512.0,475.0,0.0
114,60,479.0,468.0,0.0
114,30,454.0,439.0,1.1400000000000008
114,32,459.0,502.0,0.0
114,6,455.0,487.0,0.0
114,67,507.0,424.0,0.0
114,45,466.0,438.0,1.1400000000000008
114,73,443.0,477.0,0.0
114,64,501.0,445.0,0.0
114,90,478.0,485.0,0.0
114,4,509.0,428.0,0.0
114,13,538.0,438.0,0.0
114,54,480.0,445.0,0.0
114,63,502.0,501.0,0.0
114,86,447.0,467.0,0.0
114,91,526.0,502.0,0.0
114,62,523.0,474.0,0.0
114,58,472.0,418.0,1.1400000000000008
114,52,479.0,418.0,0.0
114,12,445.0,417.0,1.1400000000000008
114,28,479.0,490.0,0.0
114,75,443.0,424.0,1.1400000000000008
114,23,510.0,421.0,0.0
114,92,492.0,477.0,0.0
114,41,456.0,487.0,0.0
114,43,521.0,414.0,0.0
114,11,504.0,431.0,0.0
114,36,506.0,467.0,0.0
114,68,513.0,413.0,0.0
114,69,449.0,437.0,1.1400000000000008
114,98,442.0,500.0,0.0
114,82,470.0,411.0,1.1400000000000008
114,85,526.0,409.0,0.0
114,39,483.0,504.0,0.0
114,84,522.0,446.0,0.0
114,77,449.0,493.0,0.0
114,7,504.0,426.0,0.0
114,25,448.0,458.0,1.1400000000000008
114,95,523.0,506.0,0.0
114,71,473.0,502.0,0.0
114,66,507.0,505.0,0.0
114,76,477.0,489.0,0.0
114,34,479.0,409.0,0.0
114,50,448.0,442.0,1.1400000000000008
114,59,502.0,441.0,0.0
114,93,449.0,442.0,1.1400000000000008
114,2,485.0,445.0,0.0
114,10,454.0,426.0,1.1400000000000008
114,18,458.0,418.0,1.1400000000000008
114,26,472.0,414.0,1.1400000000000008
114,27,453.0,409.0,1.1400000000000008
114,42,441.0,482.0,0.0
114,87,505.0,455.0,0.0
114,100,530.0,428.0,0.0
114,79,516.0,470.0,0.0
114,16,487.0,488.0,0.0
114,20,457.0,478.0,0.0
114,81,527.0,410.0,0.0
114,19,442.0,464.0,0.0
114,49,482.0,429.0,0.0
114,44,469.0,440.0,1.1400000000000008
114,9,536.0,504.0,0.0
114,31,468.0,418.0,1.1400000000000008
114,74,512.0,437.0,0.0
114,61,458.0,468.0,0.0
114,29,493.0,442.0,0.0
114,94,487.0,420.0,0.0
114,46,510.0,446.0,0.0
114,57,446.0,436.0,1.1400000000000008
114,70,536.0,501.0,0.0
114,21,513.0,476.0,0.0
114,38,533.0,493.0,0.0
114,88,505.0,486.0,0.0
114,78,516.0,408.0,0.0
114,72,454.0,479.0,0.0
114,24,443.0,477.0,0.0
114,8,495.0,453.0,0.0
114,17,499.0,454.0,0.0
114,37,500.0,481.0,0.0
114,1,441.0,460.0,1.1400000000000008
114,53,511.0,470.0,0.0
114,22,446.0,493.0,0.0
114,47,498.0,470.0,0.0
114,83,495.0,475.0,0.0
114,99,482.0,408.0,0.0
114,89,474.0,460.0,0.0
114,14,453.0,457.0,1.1400000000000008
114,3,495.0,416.0,0.0
114,80,517.0,419.0,0.0
114,96,442.0,483.0,0.0
114,51,515.0,430.0,0.0
114,33,509.0,431.0,0.0
114,40,528.0,407.0,0.0
114,48,532.0,423.0,0.0
114,15,537.0,420.0,0.0
114,65,457.0,487.0,0.0
114,97,450.0,476.0,0.0
115,5,517.0,420.0,0.0
115,56,447.0,504.0,0.0
115,35,517.0,473.0,0.0
115,55,512.0,475.0,0.0
115,60,479.0,468.0,0.0
115,30,454.0,439.0,1.1500000000000008
115,32,459.0,502.0,0.0
115,6,455.0,487.0,0.0
115,67,507.0,424.0,0.0
115,45,466.0,438.0,1.1500000000000008
115,73,443.0,477.0,0.0
115,64,501.0,445.0,0.0
115,90,478.0,485.0,0.0
115,4,509.0,428.0,0.0
115,13,538.0,438.0,0.0
115,54,480.0,445.0,0.0
115,63,502.0,501.0,0.0
115,86,447.0,467.0,0.0
115,91,526.0,502.0,0.0
115,62,523.0,474.0,0.0
115,58,472.0,418.0,1.1500000000000008
115,52,479.0,418.0,0.0
115,12,445.0,417.0,1.1500000000000008
115,28,479.0,490.0,0.0
115,75,443.0,424.0,1.1500000000000008
115,23,510.0,421.0,0.0
115,92,492.0,477.0,0.0
115,41,456.0,487.0,0.0
115,43,521.0,414.0,0.0
115,11,504.0,431.0,0.0
115,36,506.0,467.0,0.0
115,68,513.0,413.0,0.0
115,69,449.0,437.0,1.1500000000000008
115,98,442.0,500.0,0.0
115,82,470.0,411.0,1.1500000000000008
115,85,526.0,409.0,0.0
115,39,483.0,504.0,0.0
115,84,522.0,446.0,0.0
115,77,449.0,493.0,0.0
115,7,504.0,426.0,0.0
115,25,448.0,458.0,1.1500000000000008
115,95,523.0,506.0,0.0
115,71,473.0,502.0,0.0
115,66,507.0,505.0,0.0
115,76,477.0,489.0,0.0
115,34,479.0,409.0,0.0
115,50,448.0,442.0,1.1500000000000008
115,59,502.0,441.0,0.0
115,93,449.0,442.0,1.1500000000000008
115,2,485.0,445.0,0.0
115,10,454.0,426.0,1.1500000000000008
115,18,458.0,418.0,1.1500000000000008
115,26,472.0,414.0,1.1500000000000008
115,27,453.0,409.0,1.1500000000000008
115,42,441.0,482.0,0.0
115,87,505.0,455.0,0.0
115,100,530.0,428.0,0.0
115,79,516.0,470.0,0.0
115,16,487.0,488.0,0.0
115,20,457.0,478.0,0.0
115,81,527.0,410.0,0.0
115,19,442.0,464.0,0.0
115,49,482.0,429.0,0.0
115,44,469.0,440.0,1.1500000000000008
115,9,536.0,504.0,0.0
115,31,468.0,418.0,1.1500000000000008
115,74,512.0,437.0,0.0
115,61,458.0,468.0,0.0
115,29,493.0,442.0,0.0
115,94,487.0,420.0,0.0
115,46,510.0,446.0,0.0
115,57,446.0,436.0,1.1500000000000008
115,70,536.0,501.0,0.0
115,21,513.0,476.0,0.0
115,38,533.0,493.0,0.0
115,88,505.0,486.0,0.0
115,78,516.0,408.0,0.0
115,72,454.0,479.0,0.0
115,24,443.0,477.0,0.0
115,8,495.0,453.0,0.0
115,17,499.0,454.0,0.0
115,37,500.0,481.0,0.0
115,1,441.0,460.0,1.1500000000000008
115,53,511.0,470.0,0.0
115,22,446.0,493.0,0.0
115,47,498.0,470.0,0.0
115,83,495.0,475.0,0.0
115,99,482.0,408.0,0.0
115,89,474.0,460.0,0.0
115,14,453.0,457.0,1.1500000000000008
115,3,495.0,416.0,0.0
115,80,517.0,419.0,0.0
115,96,442.0,483.0,0.0
115,51,515.0,430.0,0.0
115,33,509.0,431.0,0.0
115,40,528.0,407.0,0.0
115,48,532.0,423.0,0.0
115,15,537.0,420.0,0.0
115,65,457.0,487.0,0.0
115,97,450.0,476.0,0.0
116,5,517.0,420.0,0.0
116,56,447.0,504.0,0.0
116,35,517.0,473.0,0.0
116,55,512.0,475.0,0.0
116,60,479.0,468.0,0.0
116,30,454.0,439.0,1.1600000000000008
116,32,459.0,502.0,0.0
116,6,455.0,487.0,0.0
116,67,507.0,424.0,0.0
116,45,466.0,438.0,1.1600000000000008
116,73,443.0,477.0,0.0
116,64,501.0,445.0,0.0
116,90,478.0,485.0,0.0
116,4,509.0,428.0,0.0
116,13,538.0,438.0,0.0
116,54,480.0,445.0,0.0
116,63,502.0,501.0,0.0
116,86,447.0,467.0,0.0
116,91,526.0,502.0,0.0
116,62,523.0,474.0,0.0
116,58,472.0,418.0,1.1600000000000008
116,52,479.0,418.0,0.0
116,12,445.0,417.0,1.1600000000000008
116,28,479.0,490.0,0.0
116,75,443.0,424.0,1.1600000000000008
116,23,510.0,421.0,0.0
116,92,492.0,477.0,0.0
116,41,456.0,487.0,0.0
116,43,521.0,414.0,0.0
116,11,504.0,431.0,0.0
116,36,506.0,467.0,0.0
116,68,513.0,413.0,0.0
116,69,449.0,437.0,1.1600000000000008
116,98,442.0,500.0,0.0
116,82,470.0,411.0,1.1600000000000008
116,85,526.0,409.0,0.0
116,39,483.0,504.0,0.0
116,84,522.0,446.0,0.0
116,77,449.0,493.0,0.0
116,7,504.0,426.0,0.0
116,25,448.0,458.0,1.1600000000000008
116,95,523.0,506.0,0.0
116,71,473.0,502.0,0.0
116,66,507.0,505.0,0.0
116,76,477.0,489.0,0.0
116,34,479.0,409.0,0.0
116,50,448.0,442.0,1.1600000000000008
116,59,502.0,441.0,0.0
116,93,449.0,442.0,1.1600000000000008
116,2,485.0,445.0,0.0
116,10,454.0,426.0,1.1600000000000008
116,18,458.0,418.0,1.1600000000000008
116,26,472.0,414.0,1.1600000000000008
116,27,453.0,409.0,1.1600000000000008
116,42,441.0,482.0,0.0
116,87,505.0,455.0,0.0
116,100,530.0,428.0,0.0
116,79,516.0,470.0,0.0
116,16,487.0,488.0,0.0
116,20,457.0,478.0,0.0
116,81,527.0,410.0,0.0
116,19,442.0,464.0,0.0
116,49,482.0,429.0,0.0
116,44,469.0,440.0,1.1600000000000008
116,9,536.0,504.0,0.0
116,31,468.0,418.0,1.1600000000000008
116,74,512.0,437.0,0.0
116,61,458.0,468.0,0.0
116,29,493.0,442.0,0.0
116,94,487.0,420.0,0.0
116,46,510.0,446.0,0.0
116,57,446.0,436.0,1.1600000000000008
116,70,536.0,501.0,0.0
116,21,513.0,476.0,0.0
116,38,533.0,493.0,0.0
116,88,505.0,486.0,0.0
116,78,516.0,408.0,0.0
116,72,454.0,479.0,0.0
116,24,443.0,477.0,0.0
116,8,495.0,453.0,0.0
116,17,499.0,454.0,0.0
116,37,500.0,481.0,0.0
116,1,441.0,460.0,1.1600000000000008
116,53,511.0,470.0,0.0
116,22,446.0,493.0,0.0
116,47,498.0,470.0,0.0
116,83,495.0,475.0,0.0
116,99,482.0,408.0,0.0
116,89,474.0,460.0,0.0
116,14,453.0,457.0,1.1600000000000008
116,3,495.0,416.0,0.0
116,80,517.0,419.0,0.0
116,96,442.0,483.0,0.0
116,51,515.0,430.0,0.0
116,33,509.0,431.0,0.0
116,40,528.0,407.0,0.0
116,48,532.0,423.0,0.0
116,15,537.0,420.0,0.0
116,65,457.0,487.0,0.0
116,97,450.0,476.0,0.0
117,5,517.0,420.0,0.0
117,56,447.0,504.0,0.0
117,35,517.0,473.0,0.0
117,55,512.0,475.0,0.0
117,60,479.0,468.0,0.0
117,30,454.0,439.0,1.1700000000000008
117,32,459.0,502.0,0.0
117,6,455.0,487.0,0.0
117,67,507.0,424.0,0.0
117,45,466.0,438.0,1.1700000000000008
117,73,443.0,477.0,0.0
117,64,501.0,445.0,0.0
117,90,478.0,485.0,0.0
117,4,509.0,428.0,0.0
117,13,538.0,438.0,0.0
117,54,480.0,445.0,0.0
117,63,502.0,501.0,0.0
117,86,447.0,467.0,0.0
117,91,526.0,502.0,0.0
117,62,523.0,474.0,0.0
117,58,472.0,418.0,1.1700000000000008
117,52,479.0,418.0,0.0
117,12,445.0,417.0,1.1700000000000008
117,28,479.0,490.0,0.0
117,75,443.0,424.0,1.1700000000000008
117,23,510.0,421.0,0.0
117,92,492.0,477.0,0.0
117,41,456.0,487.0,0.0
117,43,521.0,414.0,0.0
117,11,504.0,431.0,0.0
117,36,506.0,467.0,0.0
117,68,513.0,413.0,0.0
117,69,449.0,437.0,1.1700000000000008
117,98,442.0,500.0,0.0
117,82,470.0,411.0,1.1700000000000008
117,85,526.0,409.0,0.0
117,39,483.0,504.0,0.0
117,84,522.0,446.0,0.0
117,77,449.0,493.0,0.0
117,7,504.0,426.0,0.0
117,25,448.0,458.0,1.1700000000000008
117,95,523.0,506.0,0.0
117,71,473.0,502.0,0.0
117,66,507.0,505.0,0.0
117,76,477.0,489.0,0.0
117,34,479.0,409.0,0.0
117,50,448.0,442.0,1.1700000000000008
117,59,502.0,441.0,0.0
117,93,449.0,442.0,1.1700000000000008
117,2,485.0,445.0,0.0
117,10,454.0,426.0,1.1700000000000008
117,18,458.0,418.0,1.1700000000000008
117,26,472.0,414.0,1.1700000000000008
117,27,453.0,409.0,1.1700000000000008
117,42,441.0,482.0,0.0
117,87,505.0,455.0,0.0
117,100,530.0,428.0,0.0
117,79,516.0,470.0,0.0
117,16,487.0,488.0,0.0
117,20,457.0,478.0,0.0
117,81,527.0,410.0,0.0
117,19,442.0,464.0,0.0
117,49,482.0,429.0,0.0
117,44,469.0,440.0,1.1700000000000008
117,9,536.0,504.0,0.0
117,31,468.0,418.0,1.1700000000000008
117,74,512.0,437.0,0.0
117,61,458.0,468.0,0.0
117,29,493.0,442.0,0.0
117,94,487.0,420.0,0.0
117,46,510.0,446.0,0.0
117,57,446.0,436.0,1.1700000000000008
117,70,536.0,501.0,0.0
117,21,513.0,476.0,0.0
117,38,533.0,493.0,0.0
117,88,505.0,486.0,0.0
117,78,516.0,408.0,0.0
117,72,454.0,479.0,0.0
117,24,443.0,477.0,0.0
117,8,495.0,453.0,0.0
117,17,499.0,454.0,0.0
117,37,500.0,481.0,0.0
117,1,441.0,460.0,1.1700000000000008
117,53,511.0,470.0,0.0
117,22,446.0,493.0,0.0
117,47,498.0,470.0,0.0
117,83,495.0,475.0,0.0
117,99,482.0,408.0,0.0
117,89,474.0,460.0,0.0
117,14,453.0,457.0,1.1700000000000008
117,3,495.0,416.0,0.0
117,80,517.0,419.0,0.0
117,96,442.0,483.0,0.0
117,51,515.0,430.0,0.0
117,33,509.0,431.0,0.0
117,40,528.0,407.0,0.0
117,48,532.0,423.0,0.0
117,15,537.0,420.0,0.0
117,65,457.0,487.0,0.0
117,97,450.0,476.0,0.0
118,5,517.0,420.0,0.0
118,56,447.0,504.0,0.0
118,35,517.0,473.0,0.0
118,55,512.0,475.0,0.0
118,60,479.0,468.0,0.0
118,30,454.0,439.0,1.1800000000000008
118,32,459.0,502.0,0.0
118,6,455.0,487.0,0.0
118,67,507.0,424.0,0.0
118,45,466.0,438.0,1.1800000000000008
118,73,443.0,477.0,0.0
118,64,501.0,445.0,0.0
118,90,478.0,485.0,0.0
118,4,509.0,428.0,0.0
118,13,538.0,438.0,0.0
118,54,480.0,445.0,0.0
118,63,502.0,501.0,0.0
118,86,447.0,467.0,0.0
118,91,526.0,502.0,0.0
118,62,523.0,474.0,0.0
118,58,472.0,418.0,1.1800000000000008
118,52,479.0,418.0,0.0
118,12,445.0,417.0,1.1800000000000008
118,28,479.0,490.0,0.0
118,75,443.0,424.0,1.1800000000000008
118,23,510.0,421.0,0.0
118,92,492.0,477.0,0.0
118,41,456.0,487.0,0.0
118,43,521.0,414.0,0.0
118,11,504.0,431.0,0.0
118,36,506.0,467.0,0.0
118,68,513.0,413.0,0.0
118,69,449.0,437.0,1.1800000000000008
118,98,442.0,500.0,0.0
118,82,470.0,411.0,1.1800000000000008
118,85,526.0,409.0,0.0
118,39,483.0,504.0,0.0
118,84,522.0,446.0,0.0
118,77,449.0,493.0,0.0
118,7,504.0,426.0,0.0
118,25,448.0,458.0,1.1800000000000008
118,95,523.0,506.0,0.0
118,71,473.0,502.0,0.0
118,66,507.0,505.0,0.0
118,76,477.0,489.0,0.0
118,34,479.0,409.0,0.0
118,50,448.0,442.0,1.1800000000000008
118,59,502.0,441.0,0.0
118,93,449.0,442.0,1.1800000000000008
118,2,485.0,445.0,0.0
118,10,454.0,426.0,1.1800000000000008
118,18,458.0,418.0,1.1800000000000008
118,26,472.0,414.0,1.1800000000000008
118,27,453.0,409.0,1.1800000000000008
118,42,441.0,482.0,0.0
118,87,505.0,455.0,0.0
118,100,530.0,428.0,0.0
118,79,516.0,470.0,0.0
118,16,487.0,488.0,0.0
118,20,457.0,478.0,0.0
118,81,527.0,410.0,0.0
118,19,442.0,464.0,0.0
118,49,482.0,429.0,0.0
118,44,469.0,440.0,1.1800000000000008
118,9,536.0,504.0,0.0
118,31,468.0,418.0,1.1800000000000008
118,74,512.0,437.0,0.0
118,61,458.0,468.0,0.0
118,29,493.0,442.0,0.0
118,94,487.0,420.0,0.0
118,46,510.0,446.0,0.0
118,57,446.0,436.0,1.1800000000000008
118,70,536.0,501.0,0.0
118,21,513.0,476.0,0.0
118,38,533.0,493.0,0.0
118,88,505.0,486.0,0.0
118,78,516.0,408.0,0.0
118,72,454.0,479.0,0.0
118,24,443.0,477.0,0.0
118,8,495.0,453.0,0.0
118,17,499.0,454.0,0.0
118,37,500.0,481.0,0.0
118,1,441.0,460.0,1.1800000000000008
118,53,511.0,470.0,0.0
118,22,446.0,493.0,0.0
118,47,498.0,470.0,0.0
118,83,495.0,475.0,0.0
118,99,482.0,408.0,0.0
118,89,474.0,460.0,0.0
118,14,453.0,457.0,1.1800000000000008
118,3,495.0,416.0,0.0
118,80,517.0,419.0,0.0
118,96,442.0,483.0,0.0
118,51,515.0,430.0,0.0
118,33,509.0,431.0,0.0
118,40,528.0,407.0,0.0
118,48,532.0,423.0,0.0
118,15,537.0,420.0,0.0
118,65,457.0,487.0,0.0
118,97,450.0,476.0,0.0
119,5,517.0,420.0,0.0
119,56,447.0,504.0,0.0
119,35,517.0,473.0,0.0
119,55,512.0,475.0,0.0
119,60,479.0,468.0,0.0
119,30,454.0,439.0,1.1900000000000008
119,32,459.0,502.0,0.0
119,6,455.0,487.0,0.0
119,67,507.0,424.0,0.0
119,45,466.0,438.0,1.1900000000000008
119,73,443.0,477.0,0.0
119,64,501.0,445.0,0.0
119,90,478.0,485.0,0.0
119,4,509.0,428.0,0.0
119,13,538.0,438.0,0.0
119,54,480.0,445.0,0.0
119,63,502.0,501.0,0.0
119,86,447.0,467.0,0.0
119,91,526.0,502.0,0.0
119,62,523.0,474.0,0.0
119,58,472.0,418.0,1.1900000000000008
119,52,479.0,418.0,0.0
119,12,445.0,417.0,1.1900000000000008
119,28,479.0,490.0,0.0
119,75,443.0,424.0,1.1900000000000008
119,23,510.0,421.0,0.0
119,92,492.0,477.0,0.0
119,41,456.0,487.0,0.0
119,43,521.0,414.0,0.0
119,11,504.0,431.0,0.0
119,36,506.0,467.0,0.0
119,68,513.0,413.0,0.0
119,69,449.0,437.0,1.1900000000000008
119,98,442.0,500.0,0.0
119,82,470.0,411.0,1.1900000000000008
119,85,526.0,409.0,0.0
119,39,483.0,504.0,0.0
119,84,522.0,446.0,0.0
119,77,449.0,493.0,0.0
119,7,504.0,426.0,0.0
119,25,448.0,458.0,1.1900000000000008
119,95,523.0,506.0,0.0
119,71,473.0,502.0,0.0
119,66,507.0,505.0,0.0
119,76,477.0,489.0,0.0
119,34,479.0,409.0,0.0
119,50,448.0,442.0,1.1900000000000008
119,59,502.0,441.0,0.0
119,93,449.0,442.0,1.1900000000000008
119,2,485.0,445.0,0.0
119,10,454.0,426.0,1.1900000000000008
119,18,458.0,418.0,1.1900000000000008
119,26,472.0,414.0,1.1900000000000008
119,27,453.0,409.0,1.1900000000000008
119,42,441.0,482.0,0.0
119,87,505.0,455.0,0.0
119,100,530.0,428.0,0.0
119,79,516.0,470.0,0.0
119,16,487.0,488.0,0.0
119,20,457.0,478.0,0.0
119,81,527.0,410.0,0.0
119,19,442.0,464.0,0.0
119,49,482.0,429.0,0.0
119,44,469.0,440.0,1.1900000000000008
119,9,536.0,504.0,0.0
119,31,468.0,418.0,1.1900000000000008
119,74,512.0,437.0,0.0
119,61,458.0,468.0,0.0
119,29,493.0,442.0,0.0
119,94,487.0,420.0,0.0
119,46,510.0,446.0,0.0
119,57,446.0,436.0,1.1900000000000008
119,70,536.0,501.0,0.0
119,21,513.0,476.0,0.0
119,38,533.0,493.0,0.0
119,88,505.0,486.0,0.0
119,78,516.0,408.0,0.0
119,72,454.0,479.0,0.0
119,24,443.0,477.0,0.0
119,8,495.0,453.0,0.0
119,17,499.0,454.0,0.0
119,37,500.0,481.0,0.0
119,1,441.0,460.0,1.1900000000000008
119,53,511.0,470.0,0.0
119,22,446.0,493.0,0.0
119,47,498.0,470.0,0.0
119,83,495.0,475.0,0.0
119,99,482.0,408.0,0.0
119,89,474.0,460.0,0.0
119,14,453.0,457.0,1.1900000000000008
119,3,495.0,416.0,0.0
119,80,517.0,419.0,0.0
119,96,442.0,483.0,0.0
119,51,515.0,430.0,0.0
119,33,509.0,431.0,0.0
119,40,528.0,407.0,0.0
119,48,532.0,423.0,0.0
119,15,537.0,420.0,0.0
119,65,457.0,487.0,0.0
119,97,450.0,476.0,0.0
120,5,517.0,420.0,0.0
120,56,447.0,504.0,0.0
120,35,517.0,473.0,0.0
120,55,512.0,475.0,0.0
120,60,479.0,468.0,0.0
120,30,454.0,439.0,1.2000000000000008
120,32,459.0,502.0,0.0
120,6,455.0,487.0,0.0
120,67,507.0,424.0,0.0
120,45,466.0,438.0,1.2000000000000008
120,73,443.0,477.0,0.0
120,64,501.0,445.0,0.0
120,90,478.0,485.0,0.0
120,4,509.0,428.0,0.0
120,13,538.0,438.0,0.0
120,54,480.0,445.0,0.0
120,63,502.0,501.0,0.0
120,86,447.0,467.0,0.0
120,91,526.0,502.0,0.0
120,62,523.0,474.0,0.0
120,58,472.0,418.0,1.2000000000000008
120,52,479.0,418.0,0.0
120,12,445.0,417.0,1.2000000000000008
120,28,479.0,490.0,0.0
120,75,443.0,424.0,1.2000000000000008
120,23,510.0,421.0,0.0
120,92,492.0,477.0,0.0
120,41,456.0,487.0,0.0
120,43,521.0,414.0,0.0
120,11,504.0,431.0,0.0
120,36,506.0,467.0,0.0
120,68,513.0,413.0,0.0
120,69,449.0,437.0,1.2000000000000008
120,98,442.0,500.0,0.0
120,82,470.0,411.0,1.2000000000000008
120,85,526.0,409.0,0.0
120,39,483.0,504.0,0.0
120,84,522.0,446.0,0.0
120,77,449.0,493.0,0.0
120,7,504.0,426.0,0.0
120,25,448.0,458.0,1.2000000000000008
120,95,523.0,506.0,0.0
120,71,473.0,502.0,0.0
120,66,507.0,505.0,0.0
120,76,477.0,489.0,0.0
120,34,479.0,409.0,0.0
120,50,448.0,442.0,1.2000000000000008
120,59,502.0,441.0,0.0
120,93,449.0,442.0,1.2000000000000008
120,2,485.0,445.0,0.0
120,10,454.0,426.0,1.2000000000000008
120,18,458.0,418.0,1.2000000000000008
120,26,472.0,414.0,1.2000000000000008
120,27,453.0,409.0,1.2000000000000008
120,42,441.0,482.0,0.0
120,87,505.0,455.0,0.0
120,100,530.0,428.0,0.0
120,79,516.0,470.0,0.0
120,16,487.0,488.0,0.0
120,20,457.0,478.0,0.0
120,81,527.0,410.0,0.0
120,19,442.0,464.0,0.0
120,49,482.0,429.0,0.0
120,44,469.0,440.0,1.2000000000000008
120,9,536.0,504.0,0.0
120,31,468.0,418.0,1.2000000000000008
120,74,512.0,437.0,0.0
120,61,458.0,468.0,0.0
120,29,493.0,442.0,0.0
120,94,487.0,420.0,0.0
120,46,510.0,446.0,0.0
120,57,446.0,436.0,1.2000000000000008
120,70,536.0,501.0,0.0
120,21,513.0,476.0,0.0
120,38,533.0,493.0,0.0
120,88,505.0,486.0,0.0
120,78,516.0,408.0,0.0
120,72,454.0,479.0,0.0
120,24,443.0,477.0,0.0
120,8,495.0,453.0,0.0
120,17,499.0,454.0,0.0
120,37,500.0,481.0,0.0
120,1,441.0,460.0,1.2000000000000008
120,53,511.0,470.0,0.0
120,22,446.0,493.0,0.0
120,47,498.0,470.0,0.0
120,83,495.0,475.0,0.0
120,99,482.0,408.0,0.0
120,89,474.0,460.0,0.0
120,14,453.0,457.0,1.2000000000000008
120,3,495.0,416.0,0.0
120,80,517.0,419.0,0.0
120,96,442.0,483.0,0.0
120,51,515.0,430.0,0.0
120,33,509.0,431.0,0.0
120,40,528.0,407.0,0.0
120,48,532.0,423.0,0.0
120,15,537.0,420.0,0.0
120,65,457.0,487.0,0.0
120,97,450.0,476.0,0.0
121,5,517.0,420.0,0.0
121,56,447.0,504.0,0.0
121,35,517.0,473.0,0.0
121,55,512.0,475.0,0.0
121,60,479.0,468.0,0.0
121,30,454.0,439.0,1.2100000000000009
121,32,459.0,502.0,0.0
121,6,455.0,487.0,0.0
121,67,507.0,424.0,0.0
121,45,466.0,438.0,1.2100000000000009
121,73,443.0,477.0,0.0
121,64,501.0,445.0,0.0
121,90,478.0,485.0,0.0
121,4,509.0,428.0,0.0
121,13,538.0,438.0,0.0
121,54,480.0,445.0,0.0
121,63,502.0,501.0,0.0
121,86,447.0,467.0,0.0
121,91,526.0,502.0,0.0
121,62,523.0,474.0,0.0
121,58,472.0,418.0,1.2100000000000009
121,52,479.0,418.0,0.0
121,12,445.0,417.0,1.2100000000000009
121,28,479.0,490.0,0.0
121,75,443.0,424.0,1.2100000000000009
121,23,510.0,421.0,0.0
121,92,492.0,477.0,0.0
121,41,456.0,487.0,0.0
121,43,521.0,414.0,0.0
121,11,504.0,431.0,0.0
121,36,506.0,467.0,0.0
121,68,513.0,413.0,0.0
121,69,449.0,437.0,1.2100000000000009
121,98,442.0,500.0,0.0
121,82,470.0,411.0,1.2100000000000009
121,85,526.0,409.0,0.0
121,39,483.0,504.0,0.0
121,84,522.0,446.0,0.0
121,77,449.0,493.0,0.0
121,7,504.0,426.0,0.0
121,25,448.0,458.0,1.2100000000000009
121,95,523.0,506.0,0.0
121,71,473.0,502.0,0.0
121,66,507.0,505.0,0.0
121,76,477.0,489.0,0.0
121,34,479.0,409.0,0.0
121,50,448.0,442.0,1.2100000000000009
121,59,502.0,441.0,0.0
121,93,449.0,442.0,1.2100000000000009
121,2,485.0,445.0,0.0
121,10,454.0,426.0,1.2100000000000009
121,18,458.0,418.0,1.2100000000000009
121,26,472.0,414.0,1.2100000000000009
121,27,453.0,409.0,1.2100000000000009
121,42,441.0,482.0,0.0
121,87,505.0,455.0,0.0
121,100,530.0,428.0,0.0
121,79,516.0,470.0,0.0
121,16,487.0,488.0,0.0
121,20,457.0,478.0,0.0
121,81,527.0,410.0,0.0
121,19,442.0,464.0,0.0
121,49,482.0,429.0,0.0
121,44,469.0,440.0,1.2100000000000009
121,9,536.0,504.0,0.0
121,31,468.0,418.0,1.2100000000000009
121,74,512.0,437.0,0.0
121,61,458.0,468.0,0.0
121,29,493.0,442.0,0.0
121,94,487.0,420.0,0.0
121,46,510.0,446.0,0.0
121,57,446.0,436.0,1.2100000000000009
121,70,536.0,501.0,0.0
121,21,513.0,476.0,0.0
121,38,533.0,493.0,0.0
121,88,505.0,486.0,0.0
121,78,516.0,408.0,0.0
121,72,454.0,479.0,0.0
121,24,443.0,477.0,0.0
121,8,495.0,453.0,0.0
121,17,499.0,454.0,0.0
121,37,500.0,481.0,0.0
121,1,441.0,460.0,1.2100000000000009
121,53,511.0,470.0,0.0
121,22,446.0,493.0,0.0
121,47,498.0,470.0,0.0
121,83,495.0,475.0,0.0
121,99,482.0,408.0,0.0
121,89,474.0,460.0,0.0
121,14,453.0,457.0,1.2100000000000009
121,3,495.0,416.0,0.0
121,80,517.0,419.0,0.0
121,96,442.0,483.0,0.0
121,51,515.0,430.0,0.0
121,33,509.0,431.0,0.0
121,40,528.0,407.0,0.0
121,48,532.0,423.0,0.0
121,15,537.0,420.0,0.0
121,65,457.0,487.0,0.0
121,97,450.0,476.0,0.0
122,5,517.0,420.0,0.0
122,56,447.0,504.0,0.0
122,35,517.0,473.0,0.0
122,55,512.0,475.0,0.0
122,60,479.0,468.0,0.0
122,30,454.0,439.0,1.2200000000000009
122,32,459.0,502.0,0.0
122,6,455.0,487.0,0.0
122,67,507.0,424.0,0.0
122,45,466.0,438.0,1.2200000000000009
122,73,443.0,477.0,0.0
122,64,501.0,445.0,0.0
122,90,478.0,485.0,0.0
122,4,509.0,428.0,0.0
122,13,538.0,438.0,0.0
122,54,480.0,445.0,0.0
122,63,502.0,501.0,0.0
122,86,447.0,467.0,0.0
122,91,526.0,502.0,0.0
122,62,523.0,474.0,0.0
122,58,472.0,418.0,1.2200000000000009
122,52,479.0,418.0,0.0
122,12,445.0,417.0,1.2200000000000009
122,28,479.0,490.0,0.0
122,75,443.0,424.0,1.2200000000000009
122,23,510.0,421.0,0.0
122,92,492.0,477.0,0.0
122,41,456.0,487.0,0.0
122,43,521.0,414.0,0.0
122,11,504.0,431.0,0.0
122,36,506.0,467.0,0.0
122,68,513.0,413.0,0.0
122,69,449.0,437.0,1.2200000000000009
122,98,442.0,500.0,0.0
122,82,470.0,411.0,1.2200000000000009
122,85,526.0,409.0,0.0
122,39,483.0,504.0,0.0
122,84,522.0,446.0,0.0
122,77,449.0,493.0,0.0
122,7,504.0,426.0,0.0
122,25,448.0,458.0,1.2200000000000009
122,95,523.0,506.0,0.0
122,71,473.0,502.0,0.0
122,66,507.0,505.0,0.0
122,76,477.0,489.0,0.0
122,34,479.0,409.0,0.0
122,50,448.0,442.0,1.2200000000000009
122,59,502.0,441.0,0.0
122,93,449.0,442.0,1.2200000000000009
122,2,485.0,445.0,0.0
122,10,454.0,426.0,1.2200000000000009
122,18,458.0,418.0,1.2200000000000009
122,26,472.0,414.0,1.2200000000000009
122,27,453.0,409.0,1.2200000000000009
122,42,441.0,482.0,0.0
122,87,505.0,455.0,0.0
122,100,530.0,428.0,0.0
122,79,516.0,470.0,0.0
122,16,487.0,488.0,0.0
122,20,457.0,478.0,0.0
122,81,527.0,410.0,0.0
122,19,442.0,464.0,0.0
122,49,482.0,429.0,0.0
122,44,469.0,440.0,1.2200000000000009
122,9,536.0,504.0,0.0
122,31,468.0,418.0,1.2200000000000009
122,74,512.0,437.0,0.0
122,61,458.0,468.0,0.0
122,29,493.0,442.0,0.0
122,94,487.0,420.0,0.0
122,46,510.0,446.0,0.0
122,57,446.0,436.0,1.2200000000000009
122,70,536.0,501.0,0.0
122,21,513.0,476.0,0.0
122,38,533.0,493.0,0.0
122,88,505.0,486.0,0.0
122,78,516.0,408.0,0.0
122,72,454.0,479.0,0.0
122,24,443.0,477.0,0.0
122,8,495.0,453.0,0.0
122,17,499.0,454.0,0.0
122,37,500.0,481.0,0.0
122,1,441.0,460.0,1.2200000000000009
122,53,511.0,470.0,0.0
122,22,446.0,493.0,0.0
122,47,498.0,470.0,0.0
122,83,495.0,475.0,0.0
122,99,482.0,408.0,0.0
122,89,474.0,460.0,0.0
122,14,453.0,457.0,1.2200000000000009
122,3,495.0,416.0,0.0
122,80,517.0,419.0,0.0
122,96,442.0,483.0,0.0
122,51,515.0,430.0,0.0
122,33,509.0,431.0,0.0
122,40,528.0,407.0,0.0
122,48,532.0,423.0,0.0
122,15,537.0,420.0,0.0
122,65,457.0,487.0,0.0
122,97,450.0,476.0,0.0
123,5,517.0,420.0,0.0
123,56,447.0,504.0,0.0
123,35,517.0,473.0,0.0
123,55,512.0,475.0,0.0
123,60,479.0,468.0,0.0
123,30,454.0,439.0,1.2300000000000009
123,32,459.0,502.0,0.0
123,6,455.0,487.0,0.0
123,67,507.0,424.0,0.0
123,45,466.0,438.0,1.2300000000000009
123,73,443.0,477.0,0.0
123,64,501.0,445.0,0.0
123,90,478.0,485.0,0.0
123,4,509.0,428.0,0.0
123,13,538.0,438.0,0.0
123,54,480.0,445.0,0.0
123,63,502.0,501.0,0.0
123,86,447.0,467.0,0.0
123,91,526.0,502.0,0.0
123,62,523.0,474.0,0.0
123,58,472.0,418.0,1.2300000000000009
123,52,479.0,418.0,0.0
123,12,445.0,417.0,1.2300000000000009
123,28,479.0,490.0,0.0
123,75,443.0,424.0,1.2300000000000009
123,23,510.0,421.0,0.0
123,92,492.0,477.0,0.0
123,41,456.0,487.0,0.0
123,43,521.0,414.0,0.0
123,11,504.0,431.0,0.0
123,36,506.0,467.0,0.0
123,68,513.0,413.0,0.0
123,69,449.0,437.0,1.2300000000000009
123,98,442.0,500.0,0.0
123,82,470.0,411.0,1.2300000000000009
123,85,526.0,409.0,0.0
123,39,483.0,504.0,0.0
123,84,522.0,446.0,0.0
123,77,449.0,493.0,0.0
123,7,504.0,426.0,0.0
123,25,448.0,458.0,1.2300000000000009
123,95,523.0,506.0,0.0
123,71,473.0,502.0,0.0
123,66,507.0,505.0,0.0
123,76,477.0,489.0,0.0
123,34,479.0,409.0,0.0
123,50,448.0,442.0,1.2300000000000009
123,59,502.0,441.0,0.0
123,93,449.0,442.0,1.2300000000000009
123,2,485.0,445.0,0.0
123,10,454.0,426.0,1.2300000000000009
123,18,458.0,418.0,1.2300000000000009
123,26,472.0,414.0,1.2300000000000009
123,27,453.0,409.0,1.2300000000000009
123,42,441.0,482.0,0.0
123,87,505.0,455.0,0.0
123,100,530.0,428.0,0.0
123,79,516.0,470.0,0.0
123,16,487.0,488.0,0.0
123,20,457.0,478.0,0.0
123,81,527.0,410.0,0.0
123,19,442.0,464.0,0.0
123,49,482.0,429.0,0.0
123,44,469.0,440.0,1.2300000000000009
123,9,536.0,504.0,0.0
123,31,468.0,418.0,1.2300000000000009
123,74,512.0,437.0,0.0
123,61,458.0,468.0,0.0
123,29,493.0,442.0,0.0
123,94,487.0,420.0,0.0
123,46,510.0,446.0,0.0
123,57,446.0,436.0,1.2300000000000009
123,70,536.0,501.0,0.0
123,21,513.0,476.0,0.0
123,38,533.0,493.0,0.0
123,88,505.0,486.0,0.0
123,78,516.0,408.0,0.0
123,72,454.0,479.0,0.0
123,24,443.0,477.0,0.0
123,8,495.0,453.0,0.0
123,17,499.0,454.0,0.0
123,37,500.0,481.0,0.0
123,1,441.0,460.0,1.2300000000000009
123,53,511.0,470.0,0.0
123,22,446.0,493.0,0.0
123,47,498.0,470.0,0.0
123,83,495.0,475.0,0.0
123,99,482.0,408.0,0.0
123,89,474.0,460.0,0.0
123,14,453.0,457.0,1.2300000000000009
123,3,495.0,416.0,0.0
123,80,517.0,419.0,0.0
123,96,442.0,483.0,0.0
123,51,515.0,430.0,0.0
123,33,509.0,431.0,0.0
123,40,528.0,407.0,0.0
123,48,532.0,423.0,0.0
123,15,537.0,420.0,0.0
123,65,457.0,487.0,0.0
123,97,450.0,476.0,0.0
124,5,517.0,420.0,0.0
124,56,447.0,504.0,0.0
124,35,517.0,473.0,0.0
124,55,512.0,475.0,0.0
124,60,479.0,468.0,0.0
124,30,454.0,439.0,1.2400000000000009
124,32,459.0,502.0,0.0
124,6,455.0,487.0,0.0
124,67,507.0,424.0,0.0
124,45,466.0,438.0,1.2400000000000009
124,73,443.0,477.0,0.0
124,64,501.0,445.0,0.0
124,90,478.0,485.0,0.0
124,4,509.0,428.0,0.0
124,13,538.0,438.0,0.0
124,54,480.0,445.0,0.0
124,63,502.0,501.0,0.0
124,86,447.0,467.0,0.0
124,91,526.0,502.0,0.0
124,62,523.0,474.0,0.0
124,58,472.0,418.0,1.2400000000000009
124,52,479.0,418.0,0.0
124,12,445.0,417.0,1.2400000000000009
124,28,479.0,490.0,0.0
124,75,443.0,424.0,1.2400000000000009
124,23,510.0,421.0,0.0
124,92,492.0,477.0,0.0
124,41,456.0,487.0,0.0
124,43,521.0,414.0,0.0
124,11,504.0,431.0,0.0
124,36,506.0,467.0,0.0
124,68,513.0,413.0,0.0
124,69,449.0,437.0,1.2400000000000009
124,98,442.0,500.0,0.0
124,82,470.0,411.0,1.2400000000000009
124,85,526.0,409.0,0.0
124,39,483.0,504.0,0.0
124,84,522.0,446.0,0.0
124,77,449.0,493.0,0.0
124,7,504.0,426.0,0.0
124,25,448.0,458.0,1.2400000000000009
124,95,523.0,506.0,0.0
124,71,473.0,502.0,0.0
124,66,507.0,505.0,0.0
124,76,477.0,489.0,0.0
124,34,479.0,409.0,0.0
124,50,448.0,442.0,1.2400000000000009
124,59,502.0,441.0,0.0
124,93,449.0,442.0,1.2400000000000009
124,2,485.0,445.0,0.0
124,10,454.0,426.0,1.2400000000000009
124,18,458.0,418.0,1.2400000000000009
124,26,472.0,414.0,1.2400000000000009
124,27,453.0,409.0,1.2400000000000009
124,42,441.0,482.0,0.0
124,87,505.0,455.0,0.0
124,100,530.0,428.0,0.0
124,79,516.0,470.0,0.0
124,16,487.0,488.0,0.0
124,20,457.0,478.0,0.0
124,81,527.0,410.0,0.0
124,19,442.0,464.0,0.0
124,49,482.0,429.0,0.0
124,44,469.0,440.0,1.2400000000000009
124,9,536.0,504.0,0.0
124,31,468.0,418.0,1.2400000000000009
124,74,512.0,437.0,0.0
124,61,458.0,468.0,0.0
124,29,493.0,442.0,0.0
124,94,487.0,420.0,0.0
124,46,510.0,446.0,0.0
124,57,446.0,436.0,1.2400000000000009
124,70,536.0,501.0,0.0
124,21,513.0,476.0,0.0
124,38,533.0,493.0,0.0
124,88,505.0,486.0,0.0
124,78,516.0,408.0,0.0
124,72,454.0,479.0,0.0
124,24,443.0,477.0,0.0
124,8,495.0,453.0,0.0
124,17,499.0,454.0,0.0
124,37,500.0,481.0,0.0
124,1,441.0,460.0,1.2400000000000009
124,53,511.0,470.0,0.0
124,22,446.0,493.0,0.0
124,47,498.0,470.0,0.0
124,83,495.0,475.0,0.0
124,99,482.0,408.0,0.0
124,89,474.0,460.0,0.0
124,14,453.0,457.0,1.2400000000000009
124,3,495.0,416.0,0.0
124,80,517.0,419.0,0.0
124,96,442.0,483.0,0.0
124,51,515.0,430.0,0.0
124,33,509.0,431.0,0.0
124,40,528.0,407.0,0.0
124,48,532.0,423.0,0.0
124,15,537.0,420.0,0.0
124,65,457.0,487.0,0.0
124,97,450.0,476.0,0.0
125,5,517.0,420.0,0.0
125,56,447.0,504.0,0.0
125,35,517.0,473.0,0.0
125,55,512.0,475.0,0.0
125,60,479.0,468.0,0.0
125,30,454.0,439.0,1.2500000000000009
125,32,459.0,502.0,0.0
125,6,455.0,487.0,0.0
125,67,507.0,424.0,0.0
125,45,466.0,438.0,1.2500000000000009
125,73,443.0,477.0,0.0
125,64,501.0,445.0,0.0
125,90,478.0,485.0,0.0
125,4,509.0,428.0,0.0
125,13,538.0,438.0,0.0
125,54,480.0,445.0,0.0
125,63,502.0,501.0,0.0
125,86,447.0,467.0,0.0
125,91,526.0,502.0,0.0
125,62,523.0,474.0,0.0
125,58,472.0,418.0,1.2500000000000009
125,52,479.0,418.0,0.0
125,12,445.0,417.0,1.2500000000000009
125,28,479.0,490.0,0.0
125,75,443.0,424.0,1.2500000000000009
125,23,510.0,421.0,0.0
125,92,492.0,477.0,0.0
125,41,456.0,487.0,0.0
125,43,521.0,414.0,0.0
125,11,504.0,431.0,0.0
125,36,506.0,467.0,0.0
125,68,513.0,413.0,0.0
125,69,449.0,437.0,1.2500000000000009
125,98,442.0,500.0,0.0
125,82,470.0,411.0,1.2500000000000009
125,85,526.0,409.0,0.0
125,39,483.0,504.0,0.0
125,84,522.0,446.0,0.0
125,77,449.0,493.0,0.0
125,7,504.0,426.0,0.0
125,25,448.0,458.0,1.2500000000000009
125,95,523.0,506.0,0.0
125,71,473.0,502.0,0.0
125,66,507.0,505.0,0.0
125,76,477.0,489.0,0.0
125,34,479.0,409.0,0.0
125,50,448.0,442.0,1.2500000000000009
125,59,502.0,441.0,0.0
125,93,449.0,442.0,1.2500000000000009
125,2,485.0,445.0,0.0
125,10,454.0,426.0,1.2500000000000009
125,18,458.0,418.0,1.2500000000000009
125,26,472.0,414.0,1.2500000000000009
125,27,453.0,409.0,1.2500000000000009
125,42,441.0,482.0,0.0
125,87,505.0,455.0,0.0
125,100,530.0,428.0,0.0
125,79,516.0,470.0,0.0
125,16,487.0,488.0,0.0
125,20,457.0,478.0,0.0
125,81,527.0,410.0,0.0
125,19,442.0,464.0,0.0
125,49,482.0,429.0,0.0
125,44,469.0,440.0,1.2500000000000009
125,9,536.0,504.0,0.0
125,31,468.0,418.0,1.2500000000000009
125,74,512.0,437.0,0.0
125,61,458.0,468.0,0.0
125,29,493.0,442.0,0.0
125,94,487.0,420.0,0.0
125,46,510.0,446.0,0.0
125,57,446.0,436.0,1.2500000000000009
125,70,536.0,501.0,0.0
125,21,513.0,476.0,0.0
125,38,533.0,493.0,0.0
125,88,505.0,486.0,0.0
125,78,516.0,408.0,0.0
125,72,454.0,479.0,0.0
125,24,443.0,477.0,0.0
125,8,495.0,453.0,0.0
125,17,499.0,454.0,0.0
125,37,500.0,481.0,0.0
125,1,441.0,460.0,1.2500000000000009
125,53,511.0,470.0,0.0
125,22,446.0,493.0,0.0
125,47,498.0,470.0,0.0
125,83,495.0,475.0,0.0
125,99,482.0,408.0,0.0
125,89,474.0,460.0,0.0
125,14,453.0,457.0,1.2500000000000009
125,3,495.0,416.0,0.0
125,80,517.0,419.0,0.0
125,96,442.0,483.0,0.0
125,51,515.0,430.0,0.0
125,33,509.0,431.0,0.0
125,40,528.0,407.0,0.0
125,48,532.0,423.0,0.0
125,15,537.0,420.0,0.0
125,65,457.0,487.0,0.0
125,97,450.0,476.0,0.0
126,5,517.0,420.0,0.0
126,56,447.0,504.0,0.0
126,35,517.0,473.0,0.0
126,55,512.0,475.0,0.0
126,60,479.0,468.0,0.0
126,30,454.0,439.0,1.260000000000001
126,32,459.0,502.0,0.0
126,6,455.0,487.0,0.0
126,67,507.0,424.0,0.0
126,45,466.0,438.0,1.260000000000001
126,73,443.0,477.0,0.0
126,64,501.0,445.0,0.0
126,90,478.0,485.0,0.0
126,4,509.0,428.0,0.0
126,13,538.0,438.0,0.0
126,54,480.0,445.0,0.0
126,63,502.0,501.0,0.0
126,86,447.0,467.0,0.0
126,91,526.0,502.0,0.0
126,62,523.0,474.0,0.0
126,58,472.0,418.0,1.260000000000001
126,52,479.0,418.0,0.0
126,12,445.0,417.0,1.260000000000001
126,28,479.0,490.0,0.0
126,75,443.0,424.0,1.260000000000001
126,23,510.0,421.0,0.0
126,92,492.0,477.0,0.0
126,41,456.0,487.0,0.0
126,43,521.0,414.0,0.0
126,11,504.0,431.0,0.0
126,36,506.0,467.0,0.0
126,68,513.0,413.0,0.0
126,69,449.0,437.0,1.260000000000001
126,98,442.0,500.0,0.0
126,82,470.0,411.0,1.260000000000001
126,85,526.0,409.0,0.0
126,39,483.0,504.0,0.0
126,84,522.0,446.0,0.0
126,77,449.0,493.0,0.0
126,7,504.0,426.0,0.0
126,25,448.0,458.0,1.260000000000001
126,95,523.0,506.0,0.0
126,71,473.0,502.0,0.0
126,66,507.0,505.0,0.0
126,76,477.0,489.0,0.0
126,34,479.0,409.0,0.0
126,50,448.0,442.0,1.260000000000001
126,59,502.0,441.0,0.0
126,93,449.0,442.0,1.260000000000001
126,2,485.0,445.0,0.0
126,10,454.0,426.0,1.260000000000001
126,18,458.0,418.0,1.260000000000001
126,26,472.0,414.0,1.260000000000001
126,27,453.0,409.0,1.260000000000001
126,42,441.0,482.0,0.0
126,87,505.0,455.0,0.0
126,100,530.0,428.0,0.0
126,79,516.0,470.0,0.0
126,16,487.0,488.0,0.0
126,20,457.0,478.0,0.0
126,81,527.0,410.0,0.0
126,19,442.0,464.0,0.0
126,49,482.0,429.0,0.0
126,44,469.0,440.0,1.260000000000001
126,9,536.0,504.0,0.0
126,31,468.0,418.0,1.260000000000001
126,74,512.0,437.0,0.0
126,61,458.0,468.0,0.0
126,29,493.0,442.0,0.0
126,94,487.0,420.0,0.0
126,46,510.0,446.0,0.0
126,57,446.0,436.0,1.260000000000001
126,70,536.0,501.0,0.0
126,21,513.0,476.0,0.0
126,38,533.0,493.0,0.0
126,88,505.0,486.0,0.0
126,78,516.0,408.0,0.0
126,72,454.0,479.0,0.0
126,24,443.0,477.0,0.0
126,8,495.0,453.0,0.0
126,17,499.0,454.0,0.0
126,37,500.0,481.0,0.0
126,1,441.0,460.0,1.260000000000001
126,53,511.0,470.0,0.0
126,22,446.0,493.0,0.0
126,47,498.0,470.0,0.0
126,83,495.0,475.0,0.0
126,99,482.0,408.0,0.0
126,89,474.0,460.0,0.0
126,14,453.0,457.0,1.260000000000001
126,3,495.0,416.0,0.0
126,80,517.0,419.0,0.0
126,96,442.0,483.0,0.0
126,51,515.0,430.0,0.0
126,33,509.0,431.0,0.0
126,40,528.0,407.0,0.0
126,48,532.0,423.0,0.0
126,15,537.0,420.0,0.0
126,65,457.0,487.0,0.0
126,97,450.0,476.0,0.0
127,5,517.0,420.0,0.0
127,56,447.0,504.0,0.0
127,35,517.0,473.0,0.0
127,55,512.0,475.0,0.0
127,60,479.0,468.0,0.0
127,30,454.0,439.0,1.270000000000001
127,32,459.0,502.0,0.0
127,6,455.0,487.0,0.0
127,67,507.0,424.0,0.0
127,45,466.0,438.0,1.270000000000001
127,73,443.0,477.0,0.0
127,64,501.0,445.0,0.0
127,90,478.0,485.0,0.0
127,4,509.0,428.0,0.0
127,13,538.0,438.0,0.0
127,54,480.0,445.0,0.0
127,63,502.0,501.0,0.0
127,86,447.0,467.0,0.0
127,91,526.0,502.0,0.0
127,62,523.0,474.0,0.0
127,58,472.0,418.0,1.270000000000001
127,52,479.0,418.0,0.0
127,12,445.0,417.0,1.270000000000001
127,28,479.0,490.0,0.0
127,75,443.0,424.0,1.270000000000001
127,23,510.0,421.0,0.0
127,92,492.0,477.0,0.0
127,41,456.0,487.0,0.0
127,43,521.0,414.0,0.0
127,11,504.0,431.0,0.0
127,36,506.0,467.0,0.0
127,68,513.0,413.0,0.0
127,69,449.0,437.0,1.270000000000001
127,98,442.0,500.0,0.0
127,82,470.0,411.0,1.270000000000001
127,85,526.0,409.0,0.0
127,39,483.0,504.0,0.0
127,84,522.0,446.0,0.0
127,77,449.0,493.0,0.0
127,7,504.0,426.0,0.0
127,25,448.0,458.0,1.270000000000001
127,95,523.0,506.0,0.0
127,71,473.0,502.0,0.0
127,66,507.0,505.0,0.0
127,76,477.0,489.0,0.0
127,34,479.0,409.0,0.0
127,50,448.0,442.0,1.270000000000001
127,59,502.0,441.0,0.0
127,93,449.0,442.0,1.270000000000001
127,2,485.0,445.0,0.0
127,10,454.0,426.0,1.270000000000001
127,18,458.0,418.0,1.270000000000001
127,26,472.0,414.0,1.270000000000001
127,27,453.0,409.0,1.270000000000001
127,42,441.0,482.0,0.0
127,87,505.0,455.0,0.0
127,100,530.0,428.0,0.0
127,79,516.0,470.0,0.0
127,16,487.0,488.0,0.0
127,20,457.0,478.0,0.0
127,81,527.0,410.0,0.0
127,19,442.0,464.0,0.0
127,49,482.0,429.0,0.0
127,44,469.0,440.0,1.270000000000001
127,9,536.0,504.0,0.0
127,31,468.0,418.0,1.270000000000001
127,74,512.0,437.0,0.0
127,61,458.0,468.0,0.0
127,29,493.0,442.0,0.0
127,94,487.0,420.0,0.0
127,46,510.0,446.0,0.0
127,57,446.0,436.0,1.270000000000001
127,70,536.0,501.0,0.0
127,21,513.0,476.0,0.0
127,38,533.0,493.0,0.0
127,88,505.0,486.0,0.0
127,78,516.0,408.0,0.0
127,72,454.0,479.0,0.0
127,24,443.0,477.0,0.0
127,8,495.0,453.0,0.0
127,17,499.0,454.0,0.0
127,37,500.0,481.0,0.0
127,1,441.0,460.0,1.270000000000001
127,53,511.0,470.0,0.0
127,22,446.0,493.0,0.0
127,47,498.0,470.0,0.0
127,83,495.0,475.0,0.0
127,99,482.0,408.0,0.0
127,89,474.0,460.0,0.0
127,14,453.0,457.0,1.270000000000001
127,3,495.0,416.0,0.0
127,80,517.0,419.0,0.0
127,96,442.0,483.0,0.0
127,51,515.0,430.0,0.0
127,33,509.0,431.0,0.0
127,40,528.0,407.0,0.0
127,48,532.0,423.0,0.0
127,15,537.0,420.0,0.0
127,65,457.0,487.0,0.0
127,97,450.0,476.0,0.0
128,5,517.0,420.0,0.0
128,56,447.0,504.0,0.0
128,35,517.0,473.0,0.0
128,55,512.0,475.0,0.0
128,60,479.0,468.0,0.0
128,30,454.0,439.0,1.280000000000001
128,32,459.0,502.0,0.0
128,6,455.0,487.0,0.0
128,67,507.0,424.0,0.0
128,45,466.0,438.0,1.280000000000001
128,73,443.0,477.0,0.0
128,64,501.0,445.0,0.0
128,90,478.0,485.0,0.0
128,4,509.0,428.0,0.0
128,13,538.0,438.0,0.0
128,54,480.0,445.0,0.0
128,63,502.0,501.0,0.0
128,86,447.0,467.0,0.0
128,91,526.0,502.0,0.0
128,62,523.0,474.0,0.0
128,58,472.0,418.0,1.280000000000001
128,52,479.0,418.0,0.0
128,12,445.0,417.0,1.280000000000001
128,28,479.0,490.0,0.0
128,75,443.0,424.0,1.280000000000001
128,23,510.0,421.0,0.0
128,92,492.0,477.0,0.0
128,41,456.0,487.0,0.0
128,43,521.0,414.0,0.0
128,11,504.0,431.0,0.0
128,36,506.0,467.0,0.0
128,68,513.0,413.0,0.0
128,69,449.0,437.0,1.280000000000001
128,98,442.0,500.0,0.0
128,82,470.0,411.0,1.280000000000001
128,85,526.0,409.0,0.0
128,39,483.0,504.0,0.0
128,84,522.0,446.0,0.0
128,77,449.0,493.0,0.0
128,7,504.0,426.0,0.0
128,25,448.0,458.0,1.280000000000001
128,95,523.0,506.0,0.0
128,71,473.0,502.0,0.0
128,66,507.0,505.0,0.0
128,76,477.0,489.0,0.0
128,34,479.0,409.0,0.0
128,50,448.0,442.0,1.280000000000001
128,59,502.0,441.0,0.0
128,93,449.0,442.0,1.280000000000001
128,2,485.0,445.0,0.0
128,10,454.0,426.0,1.280000000000001
128,18,458.0,418.0,1.280000000000001
128,26,472.0,414.0,1.280000000000001
128,27,453.0,409.0,1.280000000000001
128,42,441.0,482.0,0.0
128,87,505.0,455.0,0.0
128,100,530.0,428.0,0.0
128,79,516.0,470.0,0.0
128,16,487.0,488.0,0.0
128,20,457.0,478.0,0.0
128,81,527.0,410.0,0.0
128,19,442.0,464.0,0.0
128,49,482.0,429.0,0.0
128,44,469.0,440.0,1.280000000000001
128,9,536.0,504.0,0.0
128,31,468.0,418.0,1.280000000000001
128,74,512.0,437.0,0.0
128,61,458.0,468.0,0.0
128,29,493.0,442.0,0.0
128,94,487.0,420.0,0.0
128,46,510.0,446.0,0.0
128,57,446.0,436.0,1.280000000000001
128,70,536.0,501.0,0.0
128,21,513.0,476.0,0.0
128,38,533.0,493.0,0.0
128,88,505.0,486.0,0.0
128,78,516.0,408.0,0.0
128,72,454.0,479.0,0.0
128,24,443.0,477.0,0.0
128,8,495.0,453.0,0.0
128,17,499.0,454.0,0.0
128,37,500.0,481.0,0.0
128,1,441.0,460.0,1.280000000000001
128,53,511.0,470.0,0.0
128,22,446.0,493.0,0.0
128,47,498.0,470.0,0.0
128,83,495.0,475.0,0.0
128,99,482.0,408.0,0.0
128,89,474.0,460.0,0.0
128,14,453.0,457.0,1.280000000000001
128,3,495.0,416.0,0.0
128,80,517.0,419.0,0.0
128,96,442.0,483.0,0.0
128,51,515.0,430.0,0.0
128,33,509.0,431.0,0.0
128,40,528.0,407.0,0.0
128,48,532.0,423.0,0.0
128,15,537.0,420.0,0.0
128,65,457.0,487.0,0.0
128,97,450.0,476.0,0.0
129,5,517.0,420.0,0.0
129,56,447.0,504.0,0.0
129,35,517.0,473.0,0.0
129,55,512.0,475.0,0.0
129,60,479.0,468.0,0.0
129,30,454.0,439.0,1.290000000000001
129,32,459.0,502.0,0.0
129,6,455.0,487.0,0.0
129,67,507.0,424.0,0.0
129,45,466.0,438.0,1.290000000000001
129,73,443.0,477.0,0.0
129,64,501.0,445.0,0.0
129,90,478.0,485.0,0.0
129,4,509.0,428.0,0.0
129,13,538.0,438.0,0.0
129,54,480.0,445.0,0.0
129,63,502.0,501.0,0.0
129,86,447.0,467.0,0.0
129,91,526.0,502.0,0.0
129,62,523.0,474.0,0.0
129,58,472.0,418.0,1.290000000000001
129,52,479.0,418.0,0.0
129,12,445.0,417.0,1.290000000000001
129,28,479.0,490.0,0.0
129,75,443.0,424.0,1.290000000000001
129,23,510.0,421.0,0.0
129,92,492.0,477.0,0.0
129,41,456.0,487.0,0.0
129,43,521.0,414.0,0.0
129,11,504.0,431.0,0.0
129,36,506.0,467.0,0.0
129,68,513.0,413.0,0.0
129,69,449.0,437.0,1.290000000000001
129,98,442.0,500.0,0.0
129,82,470.0,411.0,1.290000000000001
129,85,526.0,409.0,0.0
129,39,483.0,504.0,0.0
129,84,522.0,446.0,0.0
129,77,449.0,493.0,0.0
129,7,504.0,426.0,0.0
129,25,448.0,458.0,1.290000000000001
129,95,523.0,506.0,0.0
129,71,473.0,502.0,0.0
129,66,507.0,505.0,0.0
129,76,477.0,489.0,0.0
129,34,479.0,409.0,0.0
129,50,448.0,442.0,1.290000000000001
129,59,502.0,441.0,0.0
129,93,449.0,442.0,1.290000000000001
129,2,485.0,445.0,0.0
129,10,454.0,426.0,1.290000000000001
129,18,458.0,418.0,1.290000000000001
129,26,472.0,414.0,1.290000000000001
129,27,453.0,409.0,1.290000000000001
129,42,441.0,482.0,0.0
129,87,505.0,455.0,0.0
129,100,530.0,428.0,0.0
129,79,516.0,470.0,0.0
129,16,487.0,488.0,0.0
129,20,457.0,478.0,0.0
129,81,527.0,410.0,0.0
129,19,442.0,464.0,0.0
129,49,482.0,429.0,0.0
129,44,469.0,440.0,1.290000000000001
129,9,536.0,504.0,0.0
129,31,468.0,418.0,1.290000000000001
129,74,512.0,437.0,0.0
129,61,458.0,468.0,0.0
129,29,493.0,442.0,0.0
129,94,487.0,420.0,0.0
129,46,510.0,446.0,0.0
129,57,446.0,436.0,1.290000000000001
129,70,536.0,501.0,0.0
129,21,513.0,476.0,0.0
129,38,533.0,493.0,0.0
129,88,505.0,486.0,0.0
129,78,516.0,408.0,0.0
129,72,454.0,479.0,0.0
129,24,443.0,477.0,0.0
129,8,495.0,453.0,0.0
129,17,499.0,454.0,0.0
129,37,500.0,481.0,0.0
129,1,441.0,460.0,1.290000000000001
129,53,511.0,470.0,0.0
129,22,446.0,493.0,0.0
129,47,498.0,470.0,0.0
129,83,495.0,475.0,0.0
129,99,482.0,408.0,0.0
129,89,474.0,460.0,0.0
129,14,453.0,457.0,1.290000000000001
129,3,495.0,416.0,0.0
129,80,517.0,419.0,0.0
129,96,442.0,483.0,0.0
129,51,515.0,430.0,0.0
129,33,509.0,431.0,0.0
129,40,528.0,407.0,0.0
129,48,532.0,423.0,0.0
129,15,537.0,420.0,0.0
129,65,457.0,487.0,0.0
129,97,450.0,476.0,0.0
130,5,517.0,420.0,0.0
130,56,447.0,504.0,0.0
130,35,517.0,473.0,0.0
130,55,512.0,475.0,0.0
130,60,479.0,468.0,0.0
130,30,454.0,439.0,1.300000000000001
130,32,459.0,502.0,0.0
130,6,455.0,487.0,0.0
130,67,507.0,424.0,0.0
130,45,466.0,438.0,1.300000000000001
130,73,443.0,477.0,0.0
130,64,501.0,445.0,0.0
130,90,478.0,485.0,0.0
130,4,509.0,428.0,0.0
130,13,538.0,438.0,0.0
130,54,480.0,445.0,0.0
130,63,502.0,501.0,0.0
130,86,447.0,467.0,0.0
130,91,526.0,502.0,0.0
130,62,523.0,474.0,0.0
130,58,472.0,418.0,1.300000000000001
130,52,479.0,418.0,0.0
130,12,445.0,417.0,1.300000000000001
130,28,479.0,490.0,0.0
130,75,443.0,424.0,1.300000000000001
130,23,510.0,421.0,0.0
130,92,492.0,477.0,0.0
130,41,456.0,487.0,0.0
130,43,521.0,414.0,0.0
130,11,504.0,431.0,0.0
130,36,506.0,467.0,0.0
130,68,513.0,413.0,0.0
130,69,449.0,437.0,1.300000000000001
130,98,442.0,500.0,0.0
130,82,470.0,411.0,1.300000000000001
130,85,526.0,409.0,0.0
130,39,483.0,504.0,0.0
130,84,522.0,446.0,0.0
130,77,449.0,493.0,0.0
130,7,504.0,426.0,0.0
130,25,448.0,458.0,1.300000000000001
130,95,523.0,506.0,0.0
130,71,473.0,502.0,0.0
130,66,507.0,505.0,0.0
130,76,477.0,489.0,0.0
130,34,479.0,409.0,0.0
130,50,448.0,442.0,1.300000000000001
130,59,502.0,441.0,0.0
130,93,449.0,442.0,1.300000000000001
130,2,485.0,445.0,0.0
130,10,454.0,426.0,1.300000000000001
130,18,458.0,418.0,1.300000000000001
130,26,472.0,414.0,1.300000000000001
130,27,453.0,409.0,1.300000000000001
130,42,441.0,482.0,0.0
130,87,505.0,455.0,0.0
130,100,530.0,428.0,0.0
130,79,516.0,470.0,0.0
130,16,487.0,488.0,0.0
130,20,457.0,478.0,0.0
130,81,527.0,410.0,0.0
130,19,442.0,464.0,0.0
130,49,482.0,429.0,0.0
130,44,469.0,440.0,1.300000000000001
130,9,536.0,504.0,0.0
130,31,468.0,418.0,1.300000000000001
130,74,512.0,437.0,0.0
130,61,458.0,468.0,0.0
130,29,493.0,442.0,0.0
130,94,487.0,420.0,0.0
130,46,510.0,446.0,0.0
130,57,446.0,436.0,1.300000000000001
130,70,536.0,501.0,0.0
130,21,513.0,476.0,0.0
130,38,533.0,493.0,0.0
130,88,505.0,486.0,0.0
130,78,516.0,408.0,0.0
130,72,454.0,479.0,0.0
130,24,443.0,477.0,0.0
130,8,495.0,453.0,0.0
130,17,499.0,454.0,0.0
130,37,500.0,481.0,0.0
130,1,441.0,460.0,1.300000000000001
130,53,511.0,470.0,0.0
130,22,446.0,493.0,0.0
130,47,498.0,470.0,0.0
130,83,495.0,475.0,0.0
130,99,482.0,408.0,0.0
130,89,474.0,460.0,0.0
130,14,453.0,457.0,1.300000000000001
130,3,495.0,416.0,0.0
130,80,517.0,419.0,0.0
130,96,442.0,483.0,0.0
130,51,515.0,430.0,0.0
130,33,509.0,431.0,0.0
130,40,528.0,407.0,0.0
130,48,532.0,423.0,0.0
130,15,537.0,420.0,0.0
130,65,457.0,487.0,0.0
130,97,450.0,476.0,0.0
131,5,517.0,420.0,0.0
131,56,447.0,504.0,0.0
131,35,517.0,473.0,0.0
131,55,512.0,475.0,0.0
131,60,479.0,468.0,0.0
131,30,454.0,439.0,1.310000000000001
131,32,459.0,502.0,0.0
131,6,455.0,487.0,0.0
131,67,507.0,424.0,0.0
131,45,466.0,438.0,1.310000000000001
131,73,443.0,477.0,0.0
131,64,501.0,445.0,0.0
131,90,478.0,485.0,0.0
131,4,509.0,428.0,0.0
131,13,538.0,438.0,0.0
131,54,480.0,445.0,0.0
131,63,502.0,501.0,0.0
131,86,447.0,467.0,0.0
131,91,526.0,502.0,0.0
131,62,523.0,474.0,0.0
131,58,472.0,418.0,1.310000000000001
131,52,479.0,418.0,0.0
131,12,445.0,417.0,1.310000000000001
131,28,479.0,490.0,0.0
131,75,443.0,424.0,1.310000000000001
131,23,510.0,421.0,0.0
131,92,492.0,477.0,0.0
131,41,456.0,487.0,0.0
131,43,521.0,414.0,0.0
131,11,504.0,431.0,0.0
131,36,506.0,467.0,0.0
131,68,513.0,413.0,0.0
131,69,449.0,437.0,1.310000000000001
131,98,442.0,500.0,0.0
131,82,470.0,411.0,1.310000000000001
131,85,526.0,409.0,0.0
131,39,483.0,504.0,0.0
131,84,522.0,446.0,0.0
131,77,449.0,493.0,0.0
131,7,504.0,426.0,0.0
131,25,448.0,458.0,1.310000000000001
131,95,523.0,506.0,0.0
131,71,473.0,502.0,0.0
131,66,507.0,505.0,0.0
131,76,477.0,489.0,0.0
131,34,479.0,409.0,0.0
131,50,448.0,442.0,1.310000000000001
131,59,502.0,441.0,0.0
131,93,449.0,442.0,1.310000000000001
131,2,485.0,445.0,0.0
131,10,454.0,426.0,1.310000000000001
131,18,458.0,418.0,1.310000000000001
131,26,472.0,414.0,1.310000000000001
131,27,453.0,409.0,1.310000000000001
131,42,441.0,482.0,0.0
131,87,505.0,455.0,0.0
131,100,530.0,428.0,0.0
131,79,516.0,470.0,0.0
131,16,487.0,488.0,0.0
131,20,457.0,478.0,0.0
131,81,527.0,410.0,0.0
131,19,442.0,464.0,0.0
131,49,482.0,429.0,0.0
131,44,469.0,440.0,1.310000000000001
131,9,536.0,504.0,0.0
131,31,468.0,418.0,1.310000000000001
131,74,512.0,437.0,0.0
131,61,458.0,468.0,0.0
131,29,493.0,442.0,0.0
131,94,487.0,420.0,0.0
131,46,510.0,446.0,0.0
131,57,446.0,436.0,1.310000000000001
131,70,536.0,501.0,0.0
131,21,513.0,476.0,0.0
131,38,533.0,493.0,0.0
131,88,505.0,486.0,0.0
131,78,516.0,408.0,0.0
131,72,454.0,479.0,0.0
131,24,443.0,477.0,0.0
131,8,495.0,453.0,0.0
131,17,499.0,454.0,0.0
131,37,500.0,481.0,0.0
131,1,441.0,460.0,1.310000000000001
131,53,511.0,470.0,0.0
131,22,446.0,493.0,0.0
131,47,498.0,470.0,0.0
131,83,495.0,475.0,0.0
131,99,482.0,408.0,0.0
131,89,474.0,460.0,0.0
131,14,453.0,457.0,1.310000000000001
131,3,495.0,416.0,0.0
131,80,517.0,419.0,0.0
131,96,442.0,483.0,0.0
131,51,515.0,430.0,0.0
131,33,509.0,431.0,0.0
131,40,528.0,407.0,0.0
131,48,532.0,423.0,0.0
131,15,537.0,420.0,0.0
131,65,457.0,487.0,0.0
131,97,450.0,476.0,0.0
132,5,517.0,420.0,0.0
132,56,447.0,504.0,0.0
132,35,517.0,473.0,0.0
132,55,512.0,475.0,0.0
132,60,479.0,468.0,0.0
132,30,454.0,439.0,1.320000000000001
132,32,459.0,502.0,0.0
132,6,455.0,487.0,0.0
132,67,507.0,424.0,0.0
132,45,466.0,438.0,1.320000000000001
132,73,443.0,477.0,0.0
132,64,501.0,445.0,0.0
132,90,478.0,485.0,0.0
132,4,509.0,428.0,0.0
132,13,538.0,438.0,0.0
132,54,480.0,445.0,0.0
132,63,502.0,501.0,0.0
132,86,447.0,467.0,0.0
132,91,526.0,502.0,0.0
132,62,523.0,474.0,0.0
132,58,472.0,418.0,1.320000000000001
132,52,479.0,418.0,0.0
132,12,445.0,417.0,1.320000000000001
132,28,479.0,490.0,0.0
132,75,443.0,424.0,1.320000000000001
132,23,510.0,421.0,0.0
132,92,492.0,477.0,0.0
132,41,456.0,487.0,0.0
132,43,521.0,414.0,0.0
132,11,504.0,431.0,0.0
132,36,506.0,467.0,0.0
132,68,513.0,413.0,0.0
132,69,449.0,437.0,1.320000000000001
132,98,442.0,500.0,0.0
132,82,470.0,411.0,1.320000000000001
132,85,526.0,409.0,0.0
132,39,483.0,504.0,0.0
132,84,522.0,446.0,0.0
132,77,449.0,493.0,0.0
132,7,504.0,426.0,0.0
132,25,448.0,458.0,1.320000000000001
132,95,523.0,506.0,0.0
132,71,473.0,502.0,0.0
132,66,507.0,505.0,0.0
132,76,477.0,489.0,0.0
132,34,479.0,409.0,0.0
132,50,448.0,442.0,1.320000000000001
132,59,502.0,441.0,0.0
132,93,449.0,442.0,1.320000000000001
132,2,485.0,445.0,0.0
132,10,454.0,426.0,1.320000000000001
132,18,458.0,418.0,1.320000000000001
132,26,472.0,414.0,1.320000000000001
132,27,453.0,409.0,1.320000000000001
132,42,441.0,482.0,0.0
132,87,505.0,455.0,0.0
132,100,530.0,428.0,0.0
132,79,516.0,470.0,0.0
132,16,487.0,488.0,0.0
132,20,457.0,478.0,0.0
132,81,527.0,410.0,0.0
132,19,442.0,464.0,0.0
132,49,482.0,429.0,0.0
132,44,469.0,440.0,1.320000000000001
132,9,536.0,504.0,0.0
132,31,468.0,418.0,1.320000000000001
132,74,512.0,437.0,0.0
132,61,458.0,468.0,0.0
132,29,493.0,442.0,0.0
132,94,487.0,420.0,0.0
132,46,510.0,446.0,0.0
132,57,446.0,436.0,1.320000000000001
132,70,536.0,501.0,0.0
132,21,513.0,476.0,0.0
132,38,533.0,493.0,0.0
132,88,505.0,486.0,0.0
132,78,516.0,408.0,0.0
132,72,454.0,479.0,0.0
132,24,443.0,477.0,0.0
132,8,495.0,453.0,0.0
132,17,499.0,454.0,0.0
132,37,500.0,481.0,0.0
132,1,441.0,460.0,1.320000000000001
132,53,511.0,470.0,0.0
132,22,446.0,493.0,0.0
132,47,498.0,470.0,0.0
132,83,495.0,475.0,0.0
132,99,482.0,408.0,0.0
132,89,474.0,460.0,0.0
132,14,453.0,457.0,1.320000000000001
132,3,495.0,416.0,0.0
132,80,517.0,419.0,0.0
132,96,442.0,483.0,0.0
132,51,515.0,430.0,0.0
132,33,509.0,431.0,0.0
132,40,528.0,407.0,0.0
132,48,532.0,423.0,0.0
132,15,537.0,420.0,0.0
132,65,457.0,487.0,0.0
132,97,450.0,476.0,0.0
133,5,517.0,420.0,0.0
133,56,447.0,504.0,0.0
133,35,517.0,473.0,0.0
133,55,512.0,475.0,0.0
133,60,479.0,468.0,0.0
133,30,454.0,439.0,1.330000000000001
133,32,459.0,502.0,0.0
133,6,455.0,487.0,0.0
133,67,507.0,424.0,0.0
133,45,466.0,438.0,1.330000000000001
133,73,443.0,477.0,0.0
133,64,501.0,445.0,0.0
133,90,478.0,485.0,0.0
133,4,509.0,428.0,0.0
133,13,538.0,438.0,0.0
133,54,480.0,445.0,0.0
133,63,502.0,501.0,0.0
133,86,447.0,467.0,0.0
133,91,526.0,502.0,0.0
133,62,523.0,474.0,0.0
133,58,472.0,418.0,1.330000000000001
133,52,479.0,418.0,0.0
133,12,445.0,417.0,1.330000000000001
133,28,479.0,490.0,0.0
133,75,443.0,424.0,1.330000000000001
133,23,510.0,421.0,0.0
133,92,492.0,477.0,0.0
133,41,456.0,487.0,0.0
133,43,521.0,414.0,0.0
133,11,504.0,431.0,0.0
133,36,506.0,467.0,0.0
133,68,513.0,413.0,0.0
133,69,449.0,437.0,1.330000000000001
133,98,442.0,500.0,0.0
133,82,470.0,411.0,1.330000000000001
133,85,526.0,409.0,0.0
133,39,483.0,504.0,0.0
133,84,522.0,446.0,0.0
133,77,449.0,493.0,0.0
133,7,504.0,426.0,0.0
133,25,448.0,458.0,1.330000000000001
133,95,523.0,506.0,0.0
133,71,473.0,502.0,0.0
133,66,507.0,505.0,0.0
133,76,477.0,489.0,0.0
133,34,479.0,409.0,0.0
133,50,448.0,442.0,1.330000000000001
133,59,502.0,441.0,0.0
133,93,449.0,442.0,1.330000000000001
133,2,485.0,445.0,0.0
133,10,454.0,426.0,1.330000000000001
133,18,458.0,418.0,1.330000000000001
133,26,472.0,414.0,1.330000000000001
133,27,453.0,409.0,1.330000000000001
133,42,441.0,482.0,0.0
133,87,505.0,455.0,0.0
133,100,530.0,428.0,0.0
133,79,516.0,470.0,0.0
133,16,487.0,488.0,0.0
133,20,457.0,478.0,0.0
133,81,527.0,410.0,0.0
133,19,442.0,464.0,0.0
133,49,482.0,429.0,0.0
133,44,469.0,440.0,1.330000000000001
133,9,536.0,504.0,0.0
133,31,468.0,418.0,1.330000000000001
133,74,512.0,437.0,0.0
133,61,458.0,468.0,0.0
133,29,493.0,442.0,0.0
133,94,487.0,420.0,0.0
133,46,510.0,446.0,0.0
133,57,446.0,436.0,1.330000000000001
133,70,536.0,501.0,0.0
133,21,513.0,476.0,0.0
133,38,533.0,493.0,0.0
133,88,505.0,486.0,0.0
133,78,516.0,408.0,0.0
133,72,454.0,479.0,0.0
133,24,443.0,477.0,0.0
133,8,495.0,453.0,0.0
133,17,499.0,454.0,0.0
133,37,500.0,481.0,0.0
133,1,441.0,460.0,1.330000000000001
133,53,511.0,470.0,0.0
133,22,446.0,493.0,0.0
133,47,498.0,470.0,0.0
133,83,495.0,475.0,0.0
133,99,482.0,408.0,0.0
133,89,474.0,460.0,0.0
133,14,453.0,457.0,1.330000000000001
133,3,495.0,416.0,0.0
133,80,517.0,419.0,0.0
133,96,442.0,483.0,0.0
133,51,515.0,430.0,0.0
133,33,509.0,431.0,0.0
133,40,528.0,407.0,0.0
133,48,532.0,423.0,0.0
133,15,537.0,420.0,0.0
133,65,457.0,487.0,0.0
133,97,450.0,476.0,0.0
134,5,517.0,420.0,0.0
134,56,447.0,504.0,0.0
134,35,517.0,473.0,0.0
134,55,512.0,475.0,0.0
134,60,479.0,468.0,0.0
134,30,454.0,439.0,1.340000000000001
134,32,459.0,502.0,0.0
134,6,455.0,487.0,0.0
134,67,507.0,424.0,0.0
134,45,466.0,438.0,1.340000000000001
134,73,443.0,477.0,0.0
134,64,501.0,445.0,0.0
134,90,478.0,485.0,0.0
134,4,509.0,428.0,0.0
134,13,538.0,438.0,0.0
134,54,480.0,445.0,0.0
134,63,502.0,501.0,0.0
134,86,447.0,467.0,0.0
134,91,526.0,502.0,0.0
134,62,523.0,474.0,0.0
134,58,472.0,418.0,1.340000000000001
134,52,479.0,418.0,0.0
134,12,445.0,417.0,1.340000000000001
134,28,479.0,490.0,0.0
134,75,443.0,424.0,1.340000000000001
134,23,510.0,421.0,0.0
134,92,492.0,477.0,0.0
134,41,456.0,487.0,0.0
134,43,521.0,414.0,0.0
134,11,504.0,431.0,0.0
134,36,506.0,467.0,0.0
134,68,513.0,413.0,0.0
134,69,449.0,437.0,1.340000000000001
134,98,442.0,500.0,0.0
134,82,470.0,411.0,1.340000000000001
134,85,526.0,409.0,0.0
134,39,483.0,504.0,0.0
134,84,522.0,446.0,0.0
134,77,449.0,493.0,0.0
134,7,504.0,426.0,0.0
134,25,448.0,458.0,1.340000000000001
134,95,523.0,506.0,0.0
134,71,473.0,502.0,0.0
134,66,507.0,505.0,0.0
134,76,477.0,489.0,0.0
134,34,479.0,409.0,0.0
134,50,448.0,442.0,1.340000000000001
134,59,502.0,441.0,0.0
134,93,449.0,442.0,1.340000000000001
134,2,485.0,445.0,0.0
134,10,454.0,426.0,1.340000000000001
134,18,458.0,418.0,1.340000000000001
134,26,472.0,414.0,1.340000000000001
134,27,453.0,409.0,1.340000000000001
134,42,441.0,482.0,0.0
134,87,505.0,455.0,0.0
134,100,530.0,428.0,0.0
134,79,516.0,470.0,0.0
134,16,487.0,488.0,0.0
134,20,457.0,478.0,0.0
134,81,527.0,410.0,0.0
134,19,442.0,464.0,0.0
134,49,482.0,429.0,0.0
134,44,469.0,440.0,1.340000000000001
134,9,536.0,504.0,0.0
134,31,468.0,418.0,1.340000000000001
134,74,512.0,437.0,0.0
134,61,458.0,468.0,0.0
134,29,493.0,442.0,0.0
134,94,487.0,420.0,0.0
134,46,510.0,446.0,0.0
134,57,446.0,436.0,1.340000000000001
134,70,536.0,501.0,0.0
134,21,513.0,476.0,0.0
134,38,533.0,493.0,0.0
134,88,505.0,486.0,0.0
134,78,516.0,408.0,0.0
134,72,454.0,479.0,0.0
134,24,443.0,477.0,0.0
134,8,495.0,453.0,0.0
134,17,499.0,454.0,0.0
134,37,500.0,481.0,0.0
134,1,441.0,460.0,1.340000000000001
134,53,511.0,470.0,0.0
134,22,446.0,493.0,0.0
134,47,498.0,470.0,0.0
134,83,495.0,475.0,0.0
134,99,482.0,408.0,0.0
134,89,474.0,460.0,0.0
134,14,453.0,457.0,1.340000000000001
134,3,495.0,416.0,0.0
134,80,517.0,419.0,0.0
134,96,442.0,483.0,0.0
134,51,515.0,430.0,0.0
134,33,509.0,431.0,0.0
134,40,528.0,407.0,0.0
134,48,532.0,423.0,0.0
134,15,537.0,420.0,0.0
134,65,457.0,487.0,0.0
134,97,450.0,476.0,0.0
135,5,517.0,420.0,0.0
135,56,447.0,504.0,0.0
135,35,517.0,473.0,0.0
135,55,512.0,475.0,0.0
135,60,479.0,468.0,0.0
135,30,454.0,439.0,1.350000000000001
135,32,459.0,502.0,0.0
135,6,455.0,487.0,0.0
135,67,507.0,424.0,0.0
135,45,466.0,438.0,1.350000000000001
135,73,443.0,477.0,0.0
135,64,501.0,445.0,0.0
135,90,478.0,485.0,0.0
135,4,509.0,428.0,0.0
135,13,538.0,438.0,0.0
135,54,480.0,445.0,0.0
135,63,502.0,501.0,0.0
135,86,447.0,467.0,0.0
135,91,526.0,502.0,0.0
135,62,523.0,474.0,0.0
135,58,472.0,418.0,1.350000000000001
135,52,479.0,418.0,0.0
135,12,445.0,417.0,1.350000000000001
135,28,479.0,490.0,0.0
135,75,443.0,424.0,1.350000000000001
135,23,510.0,421.0,0.0
135,92,492.0,477.0,0.0
135,41,456.0,487.0,0.0
135,43,521.0,414.0,0.0
135,11,504.0,431.0,0.0
135,36,506.0,467.0,0.0
135,68,513.0,413.0,0.0
135,69,449.0,437.0,1.350000000000001
135,98,442.0,500.0,0.0
135,82,470.0,411.0,1.350000000000001
135,85,526.0,409.0,0.0
135,39,483.0,504.0,0.0
135,84,522.0,446.0,0.0
135,77,449.0,493.0,0.0
135,7,504.0,426.0,0.0
135,25,448.0,458.0,1.350000000000001
135,95,523.0,506.0,0.0
135,71,473.0,502.0,0.0
135,66,507.0,505.0,0.0
135,76,477.0,489.0,0.0
135,34,479.0,409.0,0.0
135,50,448.0,442.0,1.350000000000001
135,59,502.0,441.0,0.0
135,93,449.0,442.0,1.350000000000001
135,2,485.0,445.0,0.0
135,10,454.0,426.0,1.350000000000001
135,18,458.0,418.0,1.350000000000001
135,26,472.0,414.0,1.350000000000001
135,27,453.0,409.0,1.350000000000001
135,42,441.0,482.0,0.0
135,87,505.0,455.0,0.0
135,100,530.0,428.0,0.0
135,79,516.0,470.0,0.0
135,16,487.0,488.0,0.0
135,20,457.0,478.0,0.0
135,81,527.0,410.0,0.0
135,19,442.0,464.0,0.0
135,49,482.0,429.0,0.0
135,44,469.0,440.0,1.350000000000001
135,9,536.0,504.0,0.0
135,31,468.0,418.0,1.350000000000001
135,74,512.0,437.0,0.0
135,61,458.0,468.0,0.0
135,29,493.0,442.0,0.0
135,94,487.0,420.0,0.0
135,46,510.0,446.0,0.0
135,57,446.0,436.0,1.350000000000001
135,70,536.0,501.0,0.0
135,21,513.0,476.0,0.0
135,38,533.0,493.0,0.0
135,88,505.0,486.0,0.0
135,78,516.0,408.0,0.0
135,72,454.0,479.0,0.0
135,24,443.0,477.0,0.0
135,8,495.0,453.0,0.0
135,17,499.0,454.0,0.0
135,37,500.0,481.0,0.0
135,1,441.0,460.0,1.350000000000001
135,53,511.0,470.0,0.0
135,22,446.0,493.0,0.0
135,47,498.0,470.0,0.0
135,83,495.0,475.0,0.0
135,99,482.0,408.0,0.0
135,89,474.0,460.0,0.0
135,14,453.0,457.0,1.350000000000001
135,3,495.0,416.0,0.0
135,80,517.0,419.0,0.0
135,96,442.0,483.0,0.0
135,51,515.0,430.0,0.0
135,33,509.0,431.0,0.0
135,40,528.0,407.0,0.0
135,48,532.0,423.0,0.0
135,15,537.0,420.0,0.0
135,65,457.0,487.0,0.0
135,97,450.0,476.0,0.0
136,5,517.0,420.0,0.0
136,56,447.0,504.0,0.0
136,35,517.0,473.0,0.0
136,55,512.0,475.0,0.0
136,60,479.0,468.0,0.0
136,30,454.0,439.0,1.360000000000001
136,32,459.0,502.0,0.0
136,6,455.0,487.0,0.0
136,67,507.0,424.0,0.0
136,45,466.0,438.0,1.360000000000001
136,73,443.0,477.0,0.0
136,64,501.0,445.0,0.0
136,90,478.0,485.0,0.0
136,4,509.0,428.0,0.0
136,13,538.0,438.0,0.0
136,54,480.0,445.0,0.0
136,63,502.0,501.0,0.0
136,86,447.0,467.0,0.0
136,91,526.0,502.0,0.0
136,62,523.0,474.0,0.0
136,58,472.0,418.0,1.360000000000001
136,52,479.0,418.0,0.0
136,12,445.0,417.0,1.360000000000001
136,28,479.0,490.0,0.0
136,75,443.0,424.0,1.360000000000001
136,23,510.0,421.0,0.0
136,92,492.0,477.0,0.0
136,41,456.0,487.0,0.0
136,43,521.0,414.0,0.0
136,11,504.0,431.0,0.0
136,36,506.0,467.0,0.0
136,68,513.0,413.0,0.0
136,69,449.0,437.0,1.360000000000001
136,98,442.0,500.0,0.0
136,82,470.0,411.0,1.360000000000001
136,85,526.0,409.0,0.0
136,39,483.0,504.0,0.0
136,84,522.0,446.0,0.0
136,77,449.0,493.0,0.0
136,7,504.0,426.0,0.0
136,25,448.0,458.0,1.360000000000001
136,95,523.0,506.0,0.0
136,71,473.0,502.0,0.0
136,66,507.0,505.0,0.0
136,76,477.0,489.0,0.0
136,34,479.0,409.0,0.0
136,50,448.0,442.0,1.360000000000001
136,59,502.0,441.0,0.0
136,93,449.0,442.0,1.360000000000001
136,2,485.0,445.0,0.0
136,10,454.0,426.0,1.360000000000001
136,18,458.0,418.0,1.360000000000001
136,26,472.0,414.0,1.360000000000001
136,27,453.0,409.0,1.360000000000001
136,42,441.0,482.0,0.0
136,87,505.0,455.0,0.0
136,100,530.0,428.0,0.0
136,79,516.0,470.0,0.0
136,16,487.0,488.0,0.0
136,20,457.0,478.0,0.0
136,81,527.0,410.0,0.0
136,19,442.0,464.0,0.0
136,49,482.0,429.0,0.0
136,44,469.0,440.0,1.360000000000001
136,9,536.0,504.0,0.0
136,31,468.0,418.0,1.360000000000001
136,74,512.0,437.0,0.0
136,61,458.0,468.0,0.0
136,29,493.0,442.0,0.0
136,94,487.0,420.0,0.0
136,46,510.0,446.0,0.0
136,57,446.0,436.0,1.360000000000001
136,70,536.0,501.0,0.0
136,21,513.0,476.0,0.0
136,38,533.0,493.0,0.0
136,88,505.0,486.0,0.0
136,78,516.0,408.0,0.0
136,72,454.0,479.0,0.0
136,24,443.0,477.0,0.0
136,8,495.0,453.0,0.0
136,17,499.0,454.0,0.0
136,37,500.0,481.0,0.0
136,1,441.0,460.0,1.360000000000001
136,53,511.0,470.0,0.0
136,22,446.0,493.0,0.0
136,47,498.0,470.0,0.0
136,83,495.0,475.0,0.0
136,99,482.0,408.0,0.0
136,89,474.0,460.0,0.0
136,14,453.0,457.0,1.360000000000001
136,3,495.0,416.0,0.0
136,80,517.0,419.0,0.0
136,96,442.0,483.0,0.0
136,51,515.0,430.0,0.0
136,33,509.0,431.0,0.0
136,40,528.0,407.0,0.0
136,48,532.0,423.0,0.0
136,15,537.0,420.0,0.0
136,65,457.0,487.0,0.0
136,97,450.0,476.0,0.0
137,5,517.0,420.0,0.0
137,56,447.0,504.0,0.0
137,35,517.0,473.0,0.0
137,55,512.0,475.0,0.0
137,60,479.0,468.0,0.0
137,30,454.0,439.0,1.370000000000001
137,32,459.0,502.0,0.0
137,6,455.0,487.0,0.0
137,67,507.0,424.0,0.0
137,45,466.0,438.0,1.370000000000001
137,73,443.0,477.0,0.0
137,64,501.0,445.0,0.0
137,90,478.0,485.0,0.0
137,4,509.0,428.0,0.0
137,13,538.0,438.0,0.0
137,54,480.0,445.0,0.0
137,63,502.0,501.0,0.0
137,86,447.0,467.0,0.0
137,91,526.0,502.0,0.0
137,62,523.0,474.0,0.0
137,58,472.0,418.0,1.370000000000001
137,52,479.0,418.0,0.0
137,12,445.0,417.0,1.370000000000001
137,28,479.0,490.0,0.0
137,75,443.0,424.0,1.370000000000001
137,23,510.0,421.0,0.0
137,92,492.0,477.0,0.0
137,41,456.0,487.0,0.0
137,43,521.0,414.0,0.0
137,11,504.0,431.0,0.0
137,36,506.0,467.0,0.0
137,68,513.0,413.0,0.0
137,69,449.0,437.0,1.370000000000001
137,98,442.0,500.0,0.0
137,82,470.0,411.0,1.370000000000001
137,85,526.0,409.0,0.0
137,39,483.0,504.0,0.0
137,84,522.0,446.0,0.0
137,77,449.0,493.0,0.0
137,7,504.0,426.0,0.0
137,25,448.0,458.0,1.370000000000001
137,95,523.0,506.0,0.0
137,71,473.0,502.0,0.0
137,66,507.0,505.0,0.0
137,76,477.0,489.0,0.0
137,34,479.0,409.0,0.0
137,50,448.0,442.0,1.370000000000001
137,59,502.0,441.0,0.0
137,93,449.0,442.0,1.370000000000001
137,2,485.0,445.0,0.0
137,10,454.0,426.0,1.370000000000001
137,18,458.0,418.0,1.370000000000001
137,26,472.0,414.0,1.370000000000001
137,27,453.0,409.0,1.370000000000001
137,42,441.0,482.0,0.0
137,87,505.0,455.0,0.0
137,100,530.0,428.0,0.0
137,79,516.0,470.0,0.0
137,16,487.0,488.0,0.0
137,20,457.0,478.0,0.0
137,81,527.0,410.0,0.0
137,19,442.0,464.0,0.0
137,49,482.0,429.0,0.0
137,44,469.0,440.0,1.370000000000001
137,9,536.0,504.0,0.0
137,31,468.0,418.0,1.370000000000001
137,74,512.0,437.0,0.0
137,61,458.0,468.0,0.0
137,29,493.0,442.0,0.0
137,94,487.0,420.0,0.0
137,46,510.0,446.0,0.0
137,57,446.0,436.0,1.370000000000001
137,70,536.0,501.0,0.0
137,21,513.0,476.0,0.0
137,38,533.0,493.0,0.0
137,88,505.0,486.0,0.0
137,78,516.0,408.0,0.0
137,72,454.0,479.0,0.0
137,24,443.0,477.0,0.0
137,8,495.0,453.0,0.0
137,17,499.0,454.0,0.0
137,37,500.0,481.0,0.0
137,1,441.0,460.0,1.370000000000001
137,53,511.0,470.0,0.0
137,22,446.0,493.0,0.0
137,47,498.0,470.0,0.0
137,83,495.0,475.0,0.0
137,99,482.0,408.0,0.0
137,89,474.0,460.0,0.0
137,14,453.0,457.0,1.370000000000001
137,3,495.0,416.0,0.0
137,80,517.0,419.0,0.0
137,96,442.0,483.0,0.0
137,51,515.0,430.0,0.0
137,33,509.0,431.0,0.0
137,40,528.0,407.0,0.0
137,48,532.0,423.0,0.0
137,15,537.0,420.0,0.0
137,65,457.0,487.0,0.0
137,97,450.0,476.0,0.0
138,5,517.0,420.0,0.0
138,56,447.0,504.0,0.0
138,35,517.0,473.0,0.0
138,55,512.0,475.0,0.0
138,60,479.0,468.0,0.0
138,30,454.0,439.0,1.380000000000001
138,32,459.0,502.0,0.0
138,6,455.0,487.0,0.0
138,67,507.0,424.0,0.0
138,45,466.0,438.0,1.380000000000001
138,73,443.0,477.0,0.0
138,64,501.0,445.0,0.0
138,90,478.0,485.0,0.0
138,4,509.0,428.0,0.0
138,13,538.0,438.0,0.0
138,54,480.0,445.0,0.0
138,63,502.0,501.0,0.0
138,86,447.0,467.0,0.0
138,91,526.0,502.0,0.0
138,62,523.0,474.0,0.0
138,58,472.0,418.0,1.380000000000001
138,52,479.0,418.0,0.0
138,12,445.0,417.0,1.380000000000001
138,28,479.0,490.0,0.0
138,75,443.0,424.0,1.380000000000001
138,23,510.0,421.0,0.0
138,92,492.0,477.0,0.0
138,41,456.0,487.0,0.0
138,43,521.0,414.0,0.0
138,11,504.0,431.0,0.0
138,36,506.0,467.0,0.0
138,68,513.0,413.0,0.0
138,69,449.0,437.0,1.380000000000001
138,98,442.0,500.0,0.0
138,82,470.0,411.0,1.380000000000001
138,85,526.0,409.0,0.0
138,39,483.0,504.0,0.0
138,84,522.0,446.0,0.0
138,77,449.0,493.0,0.0
138,7,504.0,426.0,0.0
138,25,448.0,458.0,1.380000000000001
138,95,523.0,506.0,0.0
138,71,473.0,502.0,0.0
138,66,507.0,505.0,0.0
138,76,477.0,489.0,0.0
138,34,479.0,409.0,0.0
138,50,448.0,442.0,1.380000000000001
138,59,502.0,441.0,0.0
138,93,449.0,442.0,1.380000000000001
138,2,485.0,445.0,0.0
138,10,454.0,426.0,1.380000000000001
138,18,458.0,418.0,1.380000000000001
138,26,472.0,414.0,1.380000000000001
138,27,453.0,409.0,1.380000000000001
138,42,441.0,482.0,0.0
138,87,505.0,455.0,0.0
138,100,530.0,428.0,0.0
138,79,516.0,470.0,0.0
138,16,487.0,488.0,0.0
138,20,457.0,478.0,0.0
138,81,527.0,410.0,0.0
138,19,442.0,464.0,0.0
138,49,482.0,429.0,0.0
138,44,469.0,440.0,1.380000000000001
138,9,536.0,504.0,0.0
138,31,468.0,418.0,1.380000000000001
138,74,512.0,437.0,0.0
138,61,458.0,468.0,0.0
138,29,493.0,442.0,0.0
138,94,487.0,420.0,0.0
138,46,510.0,446.0,0.0
138,57,446.0,436.0,1.380000000000001
138,70,536.0,501.0,0.0
138,21,513.0,476.0,0.0
138,38,533.0,493.0,0.0
138,88,505.0,486.0,0.0
138,78,516.0,408.0,0.0
138,72,454.0,479.0,0.0
138,24,443.0,477.0,0.0
138,8,495.0,453.0,0.0
138,17,499.0,454.0,0.0
138,37,500.0,481.0,0.0
138,1,441.0,460.0,1.380000000000001
138,53,511.0,470.0,0.0
138,22,446.0,493.0,0.0
138,47,498.0,470.0,0.0
138,83,495.0,475.0,0.0
138,99,482.0,408.0,0.0
138,89,474.0,460.0,0.0
138,14,453.0,457.0,1.380000000000001
138,3,495.0,416.0,0.0
138,80,517.0,419.0,0.0
138,96,442.0,483.0,0.0
138,51,515.0,430.0,0.0
138,33,509.0,431.0,0.0
138,40,528.0,407.0,0.0
138,48,532.0,423.0,0.0
138,15,537.0,420.0,0.0
138,65,457.0,487.0,0.0
138,97,450.0,476.0,0.0
139,5,517.0,420.0,0.0
139,56,447.0,504.0,0.0
139,35,517.0,473.0,0.0
139,55,512.0,475.0,0.0
139,60,479.0,468.0,0.0
139,30,454.0,439.0,1.390000000000001
139,32,459.0,502.0,0.0
139,6,455.0,487.0,0.0
139,67,507.0,424.0,0.0
139,45,466.0,438.0,1.390000000000001
139,73,443.0,477.0,0.0
139,64,501.0,445.0,0.0
139,90,478.0,485.0,0.0
139,4,509.0,428.0,0.0
139,13,538.0,438.0,0.0
139,54,480.0,445.0,0.0
139,63,502.0,501.0,0.0
139,86,447.0,467.0,0.0
139,91,526.0,502.0,0.0
139,62,523.0,474.0,0.0
139,58,472.0,418.0,1.390000000000001
139,52,479.0,418.0,0.0
139,12,445.0,417.0,1.390000000000001
139,28,479.0,490.0,0.0
139,75,443.0,424.0,1.390000000000001
139,23,510.0,421.0,0.0
139,92,492.0,477.0,0.0
139,41,456.0,487.0,0.0
139,43,521.0,414.0,0.0
139,11,504.0,431.0,0.0
139,36,506.0,467.0,0.0
139,68,513.0,413.0,0.0
139,69,449.0,437.0,1.390000000000001
139,98,442.0,500.0,0.0
139,82,470.0,411.0,1.390000000000001
139,85,526.0,409.0,0.0
139,39,483.0,504.0,0.0
139,84,522.0,446.0,0.0
139,77,449.0,493.0,0.0
139,7,504.0,426.0,0.0
139,25,448.0,458.0,1.390000000000001
139,95,523.0,506.0,0.0
139,71,473.0,502.0,0.0
139,66,507.0,505.0,0.0
139,76,477.0,489.0,0.0
139,34,479.0,409.0,0.0
139,50,448.0,442.0,1.390000000000001
139,59,502.0,441.0,0.0
139,93,449.0,442.0,1.390000000000001
139,2,485.0,445.0,0.0
139,10,454.0,426.0,1.390000000000001
139,18,458.0,418.0,1.390000000000001
139,26,472.0,414.0,1.390000000000001
139,27,453.0,409.0,1.390000000000001
139,42,441.0,482.0,0.0
139,87,505.0,455.0,0.0
139,100,530.0,428.0,0.0
139,79,516.0,470.0,0.0
139,16,487.0,488.0,0.0
139,20,457.0,478.0,0.0
139,81,527.0,410.0,0.0
139,19,442.0,464.0,0.0
139,49,482.0,429.0,0.0
139,44,469.0,440.0,1.390000000000001
139,9,536.0,504.0,0.0
139,31,468.0,418.0,1.390000000000001
139,74,512.0,437.0,0.0
139,61,458.0,468.0,0.0
139,29,493.0,442.0,0.0
139,94,487.0,420.0,0.0
139,46,510.0,446.0,0.0
139,57,446.0,436.0,1.390000000000001
139,70,536.0,501.0,0.0
139,21,513.0,476.0,0.0
139,38,533.0,493.0,0.0
139,88,505.0,486.0,0.0
139,78,516.0,408.0,0.0
139,72,454.0,479.0,0.0
139,24,443.0,477.0,0.0
139,8,495.0,453.0,0.0
139,17,499.0,454.0,0.0
139,37,500.0,481.0,0.0
139,1,441.0,460.0,1.390000000000001
139,53,511.0,470.0,0.0
139,22,446.0,493.0,0.0
139,47,498.0,470.0,0.0
139,83,495.0,475.0,0.0
139,99,482.0,408.0,0.0
139,89,474.0,460.0,0.0
139,14,453.0,457.0,1.390000000000001
139,3,495.0,416.0,0.0
139,80,517.0,419.0,0.0
139,96,442.0,483.0,0.0
139,51,515.0,430.0,0.0
139,33,509.0,431.0,0.0
139,40,528.0,407.0,0.0
139,48,532.0,423.0,0.0
139,15,537.0,420.0,0.0
139,65,457.0,487.0,0.0
139,97,450.0,476.0,0.0
140,5,517.0,420.0,0.0
140,56,447.0,504.0,0.0
140,35,517.0,473.0,0.0
140,55,512.0,475.0,0.0
140,60,479.0,468.0,0.0
140,30,454.0,439.0,1.400000000000001
140,32,459.0,502.0,0.0
140,6,455.0,487.0,0.0
140,67,507.0,424.0,0.0
140,45,466.0,438.0,1.400000000000001
140,73,443.0,477.0,0.0
140,64,501.0,445.0,0.0
140,90,478.0,485.0,0.0
140,4,509.0,428.0,0.0
140,13,538.0,438.0,0.0
140,54,480.0,445.0,0.0
140,63,502.0,501.0,0.0
140,86,447.0,467.0,0.0
140,91,526.0,502.0,0.0
140,62,523.0,474.0,0.0
140,58,472.0,418.0,1.400000000000001
140,52,479.0,418.0,0.0
140,12,445.0,417.0,1.400000000000001
140,28,479.0,490.0,0.0
140,75,443.0,424.0,1.400000000000001
140,23,510.0,421.0,0.0
140,92,492.0,477.0,0.0
140,41,456.0,487.0,0.0
140,43,521.0,414.0,0.0
140,11,504.0,431.0,0.0
140,36,506.0,467.0,0.0
140,68,513.0,413.0,0.0
140,69,449.0,437.0,1.400000000000001
140,98,442.0,500.0,0.0
140,82,470.0,411.0,1.400000000000001
140,85,526.0,409.0,0.0
140,39,483.0,504.0,0.0
140,84,522.0,446.0,0.0
140,77,449.0,493.0,0.0
140,7,504.0,426.0,0.0
140,25,448.0,458.0,1.400000000000001
140,95,523.0,506.0,0.0
140,71,473.0,502.0,0.0
140,66,507.0,505.0,0.0
140,76,477.0,489.0,0.0
140,34,479.0,409.0,0.0
140,50,448.0,442.0,1.400000000000001
140,59,502.0,441.0,0.0
140,93,449.0,442.0,1.400000000000001
140,2,485.0,445.0,0.0
140,10,454.0,426.0,1.400000000000001
140,18,458.0,418.0,1.400000000000001
140,26,472.0,414.0,1.400000000000001
140,27,453.0,409.0,1.400000000000001
140,42,441.0,482.0,0.0
140,87,505.0,455.0,0.0
140,100,530.0,428.0,0.0
140,79,516.0,470.0,0.0
140,16,487.0,488.0,0.0
140,20,457.0,478.0,0.0
140,81,527.0,410.0,0.0
140,19,442.0,464.0,0.0
140,49,482.0,429.0,0.0
140,44,469.0,440.0,1.400000000000001
140,9,536.0,504.0,0.0
140,31,468.0,418.0,1.400000000000001
140,74,512.0,437.0,0.0
140,61,458.0,468.0,0.0
140,29,493.0,442.0,0.0
140,94,487.0,420.0,0.0
140,46,510.0,446.0,0.0
140,57,446.0,436.0,1.400000000000001
140,70,536.0,501.0,0.0
140,21,513.0,476.0,0.0
140,38,533.0,493.0,0.0
140,88,505.0,486.0,0.0
140,78,516.0,408.0,0.0
140,72,454.0,479.0,0.0
140,24,443.0,477.0,0.0
140,8,495.0,453.0,0.0
140,17,499.0,454.0,0.0
140,37,500.0,481.0,0.0
140,1,441.0,460.0,1.400000000000001
140,53,511.0,470.0,0.0
140,22,446.0,493.0,0.0
140,47,498.0,470.0,0.0
140,83,495.0,475.0,0.0
140,99,482.0,408.0,0.0
140,89,474.0,460.0,0.0
140,14,453.0,457.0,1.400000000000001
140,3,495.0,416.0,0.0
140,80,517.0,419.0,0.0
140,96,442.0,483.0,0.0
140,51,515.0,430.0,0.0
140,33,509.0,431.0,0.0
140,40,528.0,407.0,0.0
140,48,532.0,423.0,0.0
140,15,537.0,420.0,0.0
140,65,457.0,487.0,0.0
140,97,450.0,476.0,0.0
141,5,517.0,420.0,0.0
141,56,447.0,504.0,0.0
141,35,517.0,473.0,0.0
141,55,512.0,475.0,0.0
141,60,479.0,468.0,0.0
141,30,454.0,439.0,1.410000000000001
141,32,459.0,502.0,0.0
141,6,455.0,487.0,0.0
141,67,507.0,424.0,0.0
141,45,466.0,438.0,1.410000000000001
141,73,443.0,477.0,0.0
141,64,501.0,445.0,0.0
141,90,478.0,485.0,0.0
141,4,509.0,428.0,0.0
141,13,538.0,438.0,0.0
141,54,480.0,445.0,0.0
141,63,502.0,501.0,0.0
141,86,447.0,467.0,0.0
141,91,526.0,502.0,0.0
141,62,523.0,474.0,0.0
141,58,472.0,418.0,1.410000000000001
141,52,479.0,418.0,0.0
141,12,445.0,417.0,1.410000000000001
141,28,479.0,490.0,0.0
141,75,443.0,424.0,1.410000000000001
141,23,510.0,421.0,0.0
141,92,492.0,477.0,0.0
141,41,456.0,487.0,0.0
141,43,521.0,414.0,0.0
141,11,504.0,431.0,0.0
141,36,506.0,467.0,0.0
141,68,513.0,413.0,0.0
141,69,449.0,437.0,1.410000000000001
141,98,442.0,500.0,0.0
141,82,470.0,411.0,1.410000000000001
141,85,526.0,409.0,0.0
141,39,483.0,504.0,0.0
141,84,522.0,446.0,0.0
141,77,449.0,493.0,0.0
141,7,504.0,426.0,0.0
141,25,448.0,458.0,1.410000000000001
141,95,523.0,506.0,0.0
141,71,473.0,502.0,0.0
141,66,507.0,505.0,0.0
141,76,477.0,489.0,0.0
141,34,479.0,409.0,0.0
141,50,448.0,442.0,1.410000000000001
141,59,502.0,441.0,0.0
141,93,449.0,442.0,1.410000000000001
141,2,485.0,445.0,0.0
141,10,454.0,426.0,1.410000000000001
141,18,458.0,418.0,1.410000000000001
141,26,472.0,414.0,1.410000000000001
141,27,453.0,409.0,1.410000000000001
141,42,441.0,482.0,0.0
141,87,505.0,455.0,0.0
141,100,530.0,428.0,0.0
141,79,516.0,470.0,0.0
141,16,487.0,488.0,0.0
141,20,457.0,478.0,0.0
141,81,527.0,410.0,0.0
141,19,442.0,464.0,0.0
141,49,482.0,429.0,0.0
141,44,469.0,440.0,1.410000000000001
141,9,536.0,504.0,0.0
141,31,468.0,418.0,1.410000000000001
141,74,512.0,437.0,0.0
141,61,458.0,468.0,0.0
141,29,493.0,442.0,0.0
141,94,487.0,420.0,0.0
141,46,510.0,446.0,0.0
141,57,446.0,436.0,1.410000000000001
141,70,536.0,501.0,0.0
141,21,513.0,476.0,0.0
141,38,533.0,493.0,0.0
141,88,505.0,486.0,0.0
141,78,516.0,408.0,0.0
141,72,454.0,479.0,0.0
141,24,443.0,477.0,0.0
141,8,495.0,453.0,0.0
141,17,499.0,454.0,0.0
141,37,500.0,481.0,0.0
141,1,441.0,460.0,1.410000000000001
141,53,511.0,470.0,0.0
141,22,446.0,493.0,0.0
141,47,498.0,470.0,0.0
141,83,495.0,475.0,0.0
141,99,482.0,408.0,0.0
141,89,474.0,460.0,0.0
141,14,453.0,457.0,1.410000000000001
141,3,495.0,416.0,0.0
141,80,517.0,419.0,0.0
141,96,442.0,483.0,0.0
141,51,515.0,430.0,0.0
141,33,509.0,431.0,0.0
141,40,528.0,407.0,0.0
141,48,532.0,423.0,0.0
141,15,537.0,420.0,0.0
141,65,457.0,487.0,0.0
141,97,450.0,476.0,0.0
142,5,517.0,420.0,0.0
142,56,447.0,504.0,0.0
142,35,517.0,473.0,0.0
142,55,512.0,475.0,0.0
142,60,479.0,468.0,0.0
142,30,454.0,439.0,1.420000000000001
142,32,459.0,502.0,0.0
142,6,455.0,487.0,0.0
142,67,507.0,424.0,0.0
142,45,466.0,438.0,1.420000000000001
142,73,443.0,477.0,0.0
142,64,501.0,445.0,0.0
142,90,478.0,485.0,0.0
142,4,509.0,428.0,0.0
142,13,538.0,438.0,0.0
142,54,480.0,445.0,0.0
142,63,502.0,501.0,0.0
142,86,447.0,467.0,0.0
142,91,526.0,502.0,0.0
142,62,523.0,474.0,0.0
142,58,472.0,418.0,1.420000000000001
142,52,479.0,418.0,0.0
142,12,445.0,417.0,1.420000000000001
142,28,479.0,490.0,0.0
142,75,443.0,424.0,1.420000000000001
142,23,510.0,421.0,0.0
142,92,492.0,477.0,0.0
142,41,456.0,487.0,0.0
142,43,521.0,414.0,0.0
142,11,504.0,431.0,0.0
142,36,506.0,467.0,0.0
142,68,513.0,413.0,0.0
142,69,449.0,437.0,1.420000000000001
142,98,442.0,500.0,0.0
142,82,470.0,411.0,1.420000000000001
142,85,526.0,409.0,0.0
142,39,483.0,504.0,0.0
142,84,522.0,446.0,0.0
142,77,449.0,493.0,0.0
142,7,504.0,426.0,0.0
142,25,448.0,458.0,1.420000000000001
142,95,523.0,506.0,0.0
142,71,473.0,502.0,0.0
142,66,507.0,505.0,0.0
142,76,477.0,489.0,0.0
142,34,479.0,409.0,0.0
142,50,448.0,442.0,1.420000000000001
142,59,502.0,441.0,0.0
142,93,449.0,442.0,1.420000000000001
142,2,485.0,445.0,0.0
142,10,454.0,426.0,1.420000000000001
142,18,458.0,418.0,1.420000000000001
142,26,472.0,414.0,1.420000000000001
142,27,453.0,409.0,1.420000000000001
142,42,441.0,482.0,0.0
142,87,505.0,455.0,0.0
142,100,530.0,428.0,0.0
142,79,516.0,470.0,0.0
142,16,487.0,488.0,0.0
142,20,457.0,478.0,0.0
142,81,527.0,410.0,0.0
142,19,442.0,464.0,0.0
142,49,482.0,429.0,0.0
142,44,469.0,440.0,1.420000000000001
142,9,536.0,504.0,0.0
142,31,468.0,418.0,1.420000000000001
142,74,512.0,437.0,0.0
142,61,458.0,468.0,0.0
142,29,493.0,442.0,0.0
142,94,487.0,420.0,0.0
142,46,510.0,446.0,0.0
142,57,446.0,436.0,1.420000000000001
142,70,536.0,501.0,0.0
142,21,513.0,476.0,0.0
142,38,533.0,493.0,0.0
142,88,505.0,486.0,0.0
142,78,516.0,408.0,0.0
142,72,454.0,479.0,0.0
142,24,443.0,477.0,0.0
142,8,495.0,453.0,0.0
142,17,499.0,454.0,0.0
142,37,500.0,481.0,0.0
142,1,441.0,460.0,1.420000000000001
142,53,511.0,470.0,0.0
142,22,446.0,493.0,0.0
142,47,498.0,470.0,0.0
142,83,495.0,475.0,0.0
142,99,482.0,408.0,0.0
142,89,474.0,460.0,0.0
142,14,453.0,457.0,1.420000000000001
142,3,495.0,416.0,0.0
142,80,517.0,419.0,0.0
142,96,442.0,483.0,0.0
142,51,515.0,430.0,0.0
142,33,509.0,431.0,0.0
142,40,528.0,407.0,0.0
142,48,532.0,423.0,0.0
142,15,537.0,420.0,0.0
142,65,457.0,487.0,0.0
142,97,450.0,476.0,0.0
143,5,517.0,420.0,0.0
143,56,447.0,504.0,0.0
143,35,517.0,473.0,0.0
143,55,512.0,475.0,0.0
143,60,479.0,468.0,0.0
143,30,454.0,439.0,1.430000000000001
143,32,459.0,502.0,0.0
143,6,455.0,487.0,0.0
143,67,507.0,424.0,0.0
143,45,466.0,438.0,1.430000000000001
143,73,443.0,477.0,0.0
143,64,501.0,445.0,0.0
143,90,478.0,485.0,0.0
143,4,509.0,428.0,0.0
143,13,538.0,438.0,0.0
143,54,480.0,445.0,0.0
143,63,502.0,501.0,0.0
143,86,447.0,467.0,0.0
143,91,526.0,502.0,0.0
143,62,523.0,474.0,0.0
143,58,472.0,418.0,1.430000000000001
143,52,479.0,418.0,0.0
143,12,445.0,417.0,1.430000000000001
143,28,479.0,490.0,0.0
143,75,443.0,424.0,1.430000000000001
143,23,510.0,421.0,0.0
143,92,492.0,477.0,0.0
143,41,456.0,487.0,0.0
143,43,521.0,414.0,0.0
143,11,504.0,431.0,0.0
143,36,506.0,467.0,0.0
143,68,513.0,413.0,0.0
143,69,449.0,437.0,1.430000000000001
143,98,442.0,500.0,0.0
143,82,470.0,411.0,1.430000000000001
143,85,526.0,409.0,0.0
143,39,483.0,504.0,0.0
143,84,522.0,446.0,0.0
143,77,449.0,493.0,0.0
143,7,504.0,426.0,0.0
143,25,448.0,458.0,1.430000000000001
143,95,523.0,506.0,0.0
143,71,473.0,502.0,0.0
143,66,507.0,505.0,0.0
143,76,477.0,489.0,0.0
143,34,479.0,409.0,0.0
143,50,448.0,442.0,1.430000000000001
143,59,502.0,441.0,0.0
143,93,449.0,442.0,1.430000000000001
143,2,485.0,445.0,0.0
143,10,454.0,426.0,1.430000000000001
143,18,458.0,418.0,1.430000000000001
143,26,472.0,414.0,1.430000000000001
143,27,453.0,409.0,1.430000000000001
143,42,441.0,482.0,0.0
143,87,505.0,455.0,0.0
143,100,530.0,428.0,0.0
143,79,516.0,470.0,0.0
143,16,487.0,488.0,0.0
143,20,457.0,478.0,0.0
143,81,527.0,410.0,0.0
143,19,442.0,464.0,0.0
143,49,482.0,429.0,0.0
143,44,469.0,440.0,1.430000000000001
143,9,536.0,504.0,0.0
143,31,468.0,418.0,1.430000000000001
143,74,512.0,437.0,0.0
143,61,458.0,468.0,0.0
143,29,493.0,442.0,0.0
143,94,487.0,420.0,0.0
143,46,510.0,446.0,0.0
143,57,446.0,436.0,1.430000000000001
143,70,536.0,501.0,0.0
143,21,513.0,476.0,0.0
143,38,533.0,493.0,0.0
143,88,505.0,486.0,0.0
143,78,516.0,408.0,0.0
143,72,454.0,479.0,0.0
143,24,443.0,477.0,0.0
143,8,495.0,453.0,0.0
143,17,499.0,454.0,0.0
143,37,500.0,481.0,0.0
143,1,441.0,460.0,1.430000000000001
143,53,511.0,470.0,0.0
143,22,446.0,493.0,0.0
143,47,498.0,470.0,0.0
143,83,495.0,475.0,0.0
143,99,482.0,408.0,0.0
143,89,474.0,460.0,0.0
143,14,453.0,457.0,1.430000000000001
143,3,495.0,416.0,0.0
143,80,517.0,419.0,0.0
143,96,442.0,483.0,0.0
143,51,515.0,430.0,0.0
143,33,509.0,431.0,0.0
143,40,528.0,407.0,0.0
143,48,532.0,423.0,0.0
143,15,537.0,420.0,0.0
143,65,457.0,487.0,0.0
143,97,450.0,476.0,0.0
144,5,517.0,420.0,0.0
144,56,447.0,504.0,0.0
144,35,517.0,473.0,0.0
144,55,512.0,475.0,0.0
144,60,479.0,468.0,0.0
144,30,454.0,439.0,1.440000000000001
144,32,459.0,502.0,0.0
144,6,455.0,487.0,0.0
144,67,507.0,424.0,0.0
144,45,466.0,438.0,1.440000000000001
144,73,443.0,477.0,0.0
144,64,501.0,445.0,0.0
144,90,478.0,485.0,0.0
144,4,509.0,428.0,0.0
144,13,538.0,438.0,0.0
144,54,480.0,445.0,0.0
144,63,502.0,501.0,0.0
144,86,447.0,467.0,0.0
144,91,526.0,502.0,0.0
144,62,523.0,474.0,0.0
144,58,472.0,418.0,1.440000000000001
144,52,479.0,418.0,0.0
144,12,445.0,417.0,1.440000000000001
144,28,479.0,490.0,0.0
144,75,443.0,424.0,1.440000000000001
144,23,510.0,421.0,0.0
144,92,492.0,477.0,0.0
144,41,456.0,487.0,0.0
144,43,521.0,414.0,0.0
144,11,504.0,431.0,0.0
144,36,506.0,467.0,0.0
144,68,513.0,413.0,0.0
144,69,449.0,437.0,1.440000000000001
144,98,442.0,500.0,0.0
144,82,470.0,411.0,1.440000000000001
144,85,526.0,409.0,0.0
144,39,483.0,504.0,0.0
144,84,522.0,446.0,0.0
144,77,449.0,493.0,0.0
144,7,504.0,426.0,0.0
144,25,448.0,458.0,1.440000000000001
144,95,523.0,506.0,0.0
144,71,473.0,502.0,0.0
144,66,507.0,505.0,0.0
144,76,477.0,489.0,0.0
144,34,479.0,409.0,0.0
144,50,448.0,442.0,1.440000000000001
144,59,502.0,441.0,0.0
144,93,449.0,442.0,1.440000000000001
144,2,485.0,445.0,0.0
144,10,454.0,426.0,1.440000000000001
144,18,458.0,418.0,1.440000000000001
144,26,472.0,414.0,1.440000000000001
144,27,453.0,409.0,1.440000000000001
144,42,441.0,482.0,0.0
144,87,505.0,455.0,0.0
144,100,530.0,428.0,0.0
144,79,516.0,470.0,0.0
144,16,487.0,488.0,0.0
144,20,457.0,478.0,0.0
144,81,527.0,410.0,0.0
144,19,442.0,464.0,0.0
144,49,482.0,429.0,0.0
144,44,469.0,440.0,1.440000000000001
144,9,536.0,504.0,0.0
144,31,468.0,418.0,1.440000000000001
144,74,512.0,437.0,0.0
144,61,458.0,468.0,0.0
144,29,493.0,442.0,0.0
144,94,487.0,420.0,0.0
144,46,510.0,446.0,0.0
144,57,446.0,436.0,1.440000000000001
144,70,536.0,501.0,0.0
144,21,513.0,476.0,0.0
144,38,533.0,493.0,0.0
144,88,505.0,486.0,0.0
144,78,516.0,408.0,0.0
144,72,454.0,479.0,0.0
144,24,443.0,477.0,0.0
144,8,495.0,453.0,0.0
144,17,499.0,454.0,0.0
144,37,500.0,481.0,0.0
144,1,441.0,460.0,1.440000000000001
144,53,511.0,470.0,0.0
144,22,446.0,493.0,0.0
144,47,498.0,470.0,0.0
144,83,495.0,475.0,0.0
144,99,482.0,408.0,0.0
144,89,474.0,460.0,0.0
144,14,453.0,457.0,1.440000000000001
144,3,495.0,416.0,0.0
144,80,517.0,419.0,0.0
144,96,442.0,483.0,0.0
144,51,515.0,430.0,0.0
144,33,509.0,431.0,0.0
144,40,528.0,407.0,0.0
144,48,532.0,423.0,0.0
144,15,537.0,420.0,0.0
144,65,457.0,487.0,0.0
144,97,450.0,476.0,0.0
145,5,517.0,420.0,0.0
145,56,447.0,504.0,0.0
145,35,517.0,473.0,0.0
145,55,512.0,475.0,0.0
145,60,479.0,468.0,0.0
145,30,454.0,439.0,1.450000000000001
145,32,459.0,502.0,0.0
145,6,455.0,487.0,0.0
145,67,507.0,424.0,0.0
145,45,466.0,438.0,1.450000000000001
145,73,443.0,477.0,0.0
145,64,501.0,445.0,0.0
145,90,478.0,485.0,0.0
145,4,509.0,428.0,0.0
145,13,538.0,438.0,0.0
145,54,480.0,445.0,0.0
145,63,502.0,501.0,0.0
145,86,447.0,467.0,0.0
145,91,526.0,502.0,0.0
145,62,523.0,474.0,0.0
145,58,472.0,418.0,1.450000000000001
145,52,479.0,418.0,0.0
145,12,445.0,417.0,1.450000000000001
145,28,479.0,490.0,0.0
145,75,443.0,424.0,1.450000000000001
145,23,510.0,421.0,0.0
145,92,492.0,477.0,0.0
145,41,456.0,487.0,0.0
145,43,521.0,414.0,0.0
145,11,504.0,431.0,0.0
145,36,506.0,467.0,0.0
145,68,513.0,413.0,0.0
145,69,449.0,437.0,1.450000000000001
145,98,442.0,500.0,0.0
145,82,470.0,411.0,1.450000000000001
145,85,526.0,409.0,0.0
145,39,483.0,504.0,0.0
145,84,522.0,446.0,0.0
145,77,449.0,493.0,0.0
145,7,504.0,426.0,0.0
145,25,448.0,458.0,1.450000000000001
145,95,523.0,506.0,0.0
145,71,473.0,502.0,0.0
145,66,507.0,505.0,0.0
145,76,477.0,489.0,0.0
145,34,479.0,409.0,0.0
145,50,448.0,442.0,1.450000000000001
145,59,502.0,441.0,0.0
145,93,449.0,442.0,1.450000000000001
145,2,485.0,445.0,0.0
145,10,454.0,426.0,1.450000000000001
145,18,458.0,418.0,1.450000000000001
145,26,472.0,414.0,1.450000000000001
145,27,453.0,409.0,1.450000000000001
145,42,441.0,482.0,0.0
145,87,505.0,455.0,0.0
145,100,530.0,428.0,0.0
145,79,516.0,470.0,0.0
145,16,487.0,488.0,0.0
145,20,457.0,478.0,0.0
145,81,527.0,410.0,0.0
145,19,442.0,464.0,0.0
145,49,482.0,429.0,0.0
145,44,469.0,440.0,1.450000000000001
145,9,536.0,504.0,0.0
145,31,468.0,418.0,1.450000000000001
145,74,512.0,437.0,0.0
145,61,458.0,468.0,0.0
145,29,493.0,442.0,0.0
145,94,487.0,420.0,0.0
145,46,510.0,446.0,0.0
145,57,446.0,436.0,1.450000000000001
145,70,536.0,501.0,0.0
145,21,513.0,476.0,0.0
145,38,533.0,493.0,0.0
145,88,505.0,486.0,0.0
145,78,516.0,408.0,0.0
145,72,454.0,479.0,0.0
145,24,443.0,477.0,0.0
145,8,495.0,453.0,0.0
145,17,499.0,454.0,0.0
145,37,500.0,481.0,0.0
145,1,441.0,460.0,1.450000000000001
145,53,511.0,470.0,0.0
145,22,446.0,493.0,0.0
145,47,498.0,470.0,0.0
145,83,495.0,475.0,0.0
145,99,482.0,408.0,0.0
145,89,474.0,460.0,0.0
145,14,453.0,457.0,1.450000000000001
145,3,495.0,416.0,0.0
145,80,517.0,419.0,0.0
145,96,442.0,483.0,0.0
145,51,515.0,430.0,0.0
145,33,509.0,431.0,0.0
145,40,528.0,407.0,0.0
145,48,532.0,423.0,0.0
145,15,537.0,420.0,0.0
145,65,457.0,487.0,0.0
145,97,450.0,476.0,0.0
146,5,517.0,420.0,0.0
146,56,447.0,504.0,0.0
146,35,517.0,473.0,0.0
146,55,512.0,475.0,0.0
146,60,479.0,468.0,0.0
146,30,454.0,439.0,1.460000000000001
146,32,459.0,502.0,0.0
146,6,455.0,487.0,0.0
146,67,507.0,424.0,0.0
146,45,466.0,438.0,1.460000000000001
146,73,443.0,477.0,0.0
146,64,501.0,445.0,0.0
146,90,478.0,485.0,0.0
146,4,509.0,428.0,0.0
146,13,538.0,438.0,0.0
146,54,480.0,445.0,0.0
146,63,502.0,501.0,0.0
146,86,447.0,467.0,0.0
146,91,526.0,502.0,0.0
146,62,523.0,474.0,0.0
146,58,472.0,418.0,1.460000000000001
146,52,479.0,418.0,0.0
146,12,445.0,417.0,1.460000000000001
146,28,479.0,490.0,0.0
146,75,443.0,424.0,1.460000000000001
146,23,510.0,421.0,0.0
146,92,492.0,477.0,0.0
146,41,456.0,487.0,0.0
146,43,521.0,414.0,0.0
146,11,504.0,431.0,0.0
146,36,506.0,467.0,0.0
146,68,513.0,413.0,0.0
146,69,449.0,437.0,1.460000000000001
146,98,442.0,500.0,0.0
146,82,470.0,411.0,1.460000000000001
146,85,526.0,409.0,0.0
146,39,483.0,504.0,0.0
146,84,522.0,446.0,0.0
146,77,449.0,493.0,0.0
146,7,504.0,426.0,0.0
146,25,448.0,458.0,1.460000000000001
146,95,523.0,506.0,0.0
146,71,473.0,502.0,0.0
146,66,507.0,505.0,0.0
146,76,477.0,489.0,0.0
146,34,479.0,409.0,0.0
146,50,448.0,442.0,1.460000000000001
146,59,502.0,441.0,0.0
146,93,449.0,442.0,1.460000000000001
146,2,485.0,445.0,0.0
146,10,454.0,426.0,1.460000000000001
146,18,458.0,418.0,1.460000000000001
146,26,472.0,414.0,1.460000000000001
146,27,453.0,409.0,1.460000000000001
146,42,441.0,482.0,0.0
146,87,505.0,455.0,0.0
146,100,530.0,428.0,0.0
146,79,516.0,470.0,0.0
146,16,487.0,488.0,0.0
146,20,457.0,478.0,0.0
146,81,527.0,410.0,0.0
146,19,442.0,464.0,0.0
146,49,482.0,429.0,0.0
146,44,469.0,440.0,1.460000000000001
146,9,536.0,504.0,0.0
146,31,468.0,418.0,1.460000000000001
146,74,512.0,437.0,0.0
146,61,458.0,468.0,0.0
146,29,493.0,442.0,0.0
146,94,487.0,420.0,0.0
146,46,510.0,446.0,0.0
146,57,446.0,436.0,1.460000000000001
146,70,536.0,501.0,0.0
146,21,513.0,476.0,0.0
146,38,533.0,493.0,0.0
146,88,505.0,486.0,0.0
146,78,516.0,408.0,0.0
146,72,454.0,479.0,0.0
146,24,443.0,477.0,0.0
146,8,495.0,453.0,0.0
146,17,499.0,454.0,0.0
146,37,500.0,481.0,0.0
146,1,441.0,460.0,1.460000000000001
146,53,511.0,470.0,0.0
146,22,446.0,493.0,0.0
146,47,498.0,470.0,0.0
146,83,495.0,475.0,0.0
146,99,482.0,408.0,0.0
146,89,474.0,460.0,0.0
146,14,453.0,457.0,1.460000000000001
146,3,495.0,416.0,0.0
146,80,517.0,419.0,0.0
146,96,442.0,483.0,0.0
146,51,515.0,430.0,0.0
146,33,509.0,431.0,0.0
146,40,528.0,407.0,0.0
146,48,532.0,423.0,0.0
146,15,537.0,420.0,0.0
146,65,457.0,487.0,0.0
146,97,450.0,476.0,0.0
147,5,517.0,420.0,0.0
147,56,447.0,504.0,0.0
147,35,517.0,473.0,0.0
147,55,512.0,475.0,0.0
147,60,479.0,468.0,0.0
147,30,454.0,439.0,1.470000000000001
147,32,459.0,502.0,0.0
147,6,455.0,487.0,0.0
147,67,507.0,424.0,0.0
147,45,466.0,438.0,1.470000000000001
147,73,443.0,477.0,0.0
147,64,501.0,445.0,0.0
147,90,478.0,485.0,0.0
147,4,509.0,428.0,0.0
147,13,538.0,438.0,0.0
147,54,480.0,445.0,0.0
147,63,502.0,501.0,0.0
147,86,447.0,467.0,0.0
147,91,526.0,502.0,0.0
147,62,523.0,474.0,0.0
147,58,472.0,418.0,1.470000000000001
147,52,479.0,418.0,0.0
147,12,445.0,417.0,1.470000000000001
147,28,479.0,490.0,0.0
147,75,443.0,424.0,1.470000000000001
147,23,510.0,421.0,0.0
147,92,492.0,477.0,0.0
147,41,456.0,487.0,0.0
147,43,521.0,414.0,0.0
147,11,504.0,431.0,0.0
147,36,506.0,467.0,0.0
147,68,513.0,413.0,0.0
147,69,449.0,437.0,1.470000000000001
147,98,442.0,500.0,0.0
147,82,470.0,411.0,1.470000000000001
147,85,526.0,409.0,0.0
147,39,483.0,504.0,0.0
147,84,522.0,446.0,0.0
147,77,449.0,493.0,0.0
147,7,504.0,426.0,0.0
147,25,448.0,458.0,1.470000000000001
147,95,523.0,506.0,0.0
147,71,473.0,502.0,0.0
147,66,507.0,505.0,0.0
147,76,477.0,489.0,0.0
147,34,479.0,409.0,0.0
147,50,448.0,442.0,1.470000000000001
147,59,502.0,441.0,0.0
147,93,449.0,442.0,1.470000000000001
147,2,485.0,445.0,0.0
147,10,454.0,426.0,1.470000000000001
147,18,458.0,418.0,1.470000000000001
147,26,472.0,414.0,1.470000000000001
147,27,453.0,409.0,1.470000000000001
147,42,441.0,482.0,0.0
147,87,505.0,455.0,0.0
147,100,530.0,428.0,0.0
147,79,516.0,470.0,0.0
147,16,487.0,488.0,0.0
147,20,457.0,478.0,0.0
147,81,527.0,410.0,0.0
147,19,442.0,464.0,0.0
147,49,482.0,429.0,0.0
147,44,469.0,440.0,1.470000000000001
147,9,536.0,504.0,0.0
147,31,468.0,418.0,1.470000000000001
147,74,512.0,437.0,0.0
147,61,458.0,468.0,0.0
147,29,493.0,442.0,0.0
147,94,487.0,420.0,0.0
147,46,510.0,446.0,0.0
147,57,446.0,436.0,1.470000000000001
147,70,536.0,501.0,0.0
147,21,513.0,476.0,0.0
147,38,533.0,493.0,0.0
147,88,505.0,486.0,0.0
147,78,516.0,408.0,0.0
147,72,454.0,479.0,0.0
147,24,443.0,477.0,0.0
147,8,495.0,453.0,0.0
147,17,499.0,454.0,0.0
147,37,500.0,481.0,0.0
147,1,441.0,460.0,1.470000000000001
147,53,511.0,470.0,0.0
147,22,446.0,493.0,0.0
147,47,498.0,470.0,0.0
147,83,495.0,475.0,0.0
147,99,482.0,408.0,0.0
147,89,474.0,460.0,0.0
147,14,453.0,457.0,1.470000000000001
147,3,495.0,416.0,0.0
147,80,517.0,419.0,0.0
147,96,442.0,483.0,0.0
147,51,515.0,430.0,0.0
147,33,509.0,431.0,0.0
147,40,528.0,407.0,0.0
147,48,532.0,423.0,0.0
147,15,537.0,420.0,0.0
147,65,457.0,487.0,0.0
147,97,450.0,476.0,0.0
148,5,517.0,420.0,0.0
148,56,447.0,504.0,0.0
148,35,517.0,473.0,0.0
148,55,512.0,475.0,0.0
148,60,479.0,468.0,0.0
148,30,454.0,439.0,1.480000000000001
148,32,459.0,502.0,0.0
148,6,455.0,487.0,0.0
148,67,507.0,424.0,0.0
148,45,466.0,438.0,1.480000000000001
148,73,443.0,477.0,0.0
148,64,501.0,445.0,0.0
148,90,478.0,485.0,0.0
148,4,509.0,428.0,0.0
148,13,538.0,438.0,0.0
148,54,480.0,445.0,0.0
148,63,502.0,501.0,0.0
148,86,447.0,467.0,0.0
148,91,526.0,502.0,0.0
148,62,523.0,474.0,0.0
148,58,472.0,418.0,1.480000000000001
148,52,479.0,418.0,0.0
148,12,445.0,417.0,1.480000000000001
148,28,479.0,490.0,0.0
148,75,443.0,424.0,1.480000000000001
148,23,510.0,421.0,0.0
148,92,492.0,477.0,0.0
148,41,456.0,487.0,0.0
148,43,521.0,414.0,0.0
148,11,504.0,431.0,0.0
148,36,506.0,467.0,0.0
148,68,513.0,413.0,0.0
148,69,449.0,437.0,1.480000000000001
148,98,442.0,500.0,0.0
148,82,470.0,411.0,1.480000000000001
148,85,526.0,409.0,0.0
148,39,483.0,504.0,0.0
148,84,522.0,446.0,0.0
148,77,449.0,493.0,0.0
148,7,504.0,426.0,0.0
148,25,448.0,458.0,1.480000000000001
148,95,523.0,506.0,0.0
148,71,473.0,502.0,0.0
148,66,507.0,505.0,0.0
148,76,477.0,489.0,0.0
148,34,479.0,409.0,0.0
148,50,448.0,442.0,1.480000000000001
148,59,502.0,441.0,0.0
148,93,449.0,442.0,1.480000000000001
148,2,485.0,445.0,0.0
148,10,454.0,426.0,1.480000000000001
148,18,458.0,418.0,1.480000000000001
148,26,472.0,414.0,1.480000000000001
148,27,453.0,409.0,1.480000000000001
148,42,441.0,482.0,0.0
148,87,505.0,455.0,0.0
148,100,530.0,428.0,0.0
148,79,516.0,470.0,0.0
148,16,487.0,488.0,0.0
148,20,457.0,478.0,0.0
148,81,527.0,410.0,0.0
148,19,442.0,464.0,0.0
148,49,482.0,429.0,0.0
148,44,469.0,440.0,1.480000000000001
148,9,536.0,504.0,0.0
148,31,468.0,418.0,1.480000000000001
148,74,512.0,437.0,0.0
148,61,458.0,468.0,0.0
148,29,493.0,442.0,0.0
148,94,487.0,420.0,0.0
148,46,510.0,446.0,0.0
148,57,446.0,436.0,1.480000000000001
148,70,536.0,501.0,0.0
148,21,513.0,476.0,0.0
148,38,533.0,493.0,0.0
148,88,505.0,486.0,0.0
148,78,516.0,408.0,0.0
148,72,454.0,479.0,0.0
148,24,443.0,477.0,0.0
148,8,495.0,453.0,0.0
148,17,499.0,454.0,0.0
148,37,500.0,481.0,0.0
148,1,441.0,460.0,1.480000000000001
148,53,511.0,470.0,0.0
148,22,446.0,493.0,0.0
148,47,498.0,470.0,0.0
148,83,495.0,475.0,0.0
148,99,482.0,408.0,0.0
148,89,474.0,460.0,0.0
148,14,453.0,457.0,1.480000000000001
148,3,495.0,416.0,0.0
148,80,517.0,419.0,0.0
148,96,442.0,483.0,0.0
148,51,515.0,430.0,0.0
148,33,509.0,431.0,0.0
148,40,528.0,407.0,0.0
148,48,532.0,423.0,0.0
148,15,537.0,420.0,0.0
148,65,457.0,487.0,0.0
148,97,450.0,476.0,0.0
149,5,517.0,420.0,0.0
149,56,447.0,504.0,0.0
149,35,517.0,473.0,0.0
149,55,512.0,475.0,0.0
149,60,479.0,468.0,0.0
149,30,454.0,439.0,1.490000000000001
149,32,459.0,502.0,0.0
149,6,455.0,487.0,0.0
149,67,507.0,424.0,0.0
149,45,466.0,438.0,1.490000000000001
149,73,443.0,477.0,0.0
149,64,501.0,445.0,0.0
149,90,478.0,485.0,0.0
149,4,509.0,428.0,0.0
149,13,538.0,438.0,0.0
149,54,480.0,445.0,0.0
149,63,502.0,501.0,0.0
149,86,447.0,467.0,0.0
149,91,526.0,502.0,0.0
149,62,523.0,474.0,0.0
149,58,472.0,418.0,1.490000000000001
149,52,479.0,418.0,0.0
149,12,445.0,417.0,1.490000000000001
149,28,479.0,490.0,0.0
149,75,443.0,424.0,1.490000000000001
149,23,510.0,421.0,0.0
149,92,492.0,477.0,0.0
149,41,456.0,487.0,0.0
149,43,521.0,414.0,0.0
149,11,504.0,431.0,0.0
149,36,506.0,467.0,0.0
149,68,513.0,413.0,0.0
149,69,449.0,437.0,1.490000000000001
149,98,442.0,500.0,0.0
149,82,470.0,411.0,1.490000000000001
149,85,526.0,409.0,0.0
149,39,483.0,504.0,0.0
149,84,522.0,446.0,0.0
149,77,449.0,493.0,0.0
149,7,504.0,426.0,0.0
149,25,448.0,458.0,1.490000000000001
149,95,523.0,506.0,0.0
149,71,473.0,502.0,0.0
149,66,507.0,505.0,0.0
149,76,477.0,489.0,0.0
149,34,479.0,409.0,0.0
149,50,448.0,442.0,1.490000000000001
149,59,502.0,441.0,0.0
149,93,449.0,442.0,1.490000000000001
149,2,485.0,445.0,0.0
149,10,454.0,426.0,1.490000000000001
149,18,458.0,418.0,1.490000000000001
149,26,472.0,414.0,1.490000000000001
149,27,453.0,409.0,1.490000000000001
149,42,441.0,482.0,0.0
149,87,505.0,455.0,0.0
149,100,530.0,428.0,0.0
149,79,516.0,470.0,0.0
149,16,487.0,488.0,0.0
149,20,457.0,478.0,0.0
149,81,527.0,410.0,0.0
149,19,442.0,464.0,0.0
149,49,482.0,429.0,0.0
149,44,469.0,440.0,1.490000000000001
149,9,536.0,504.0,0.0
149,31,468.0,418.0,1.490000000000001
149,74,512.0,437.0,0.0
149,61,458.0,468.0,0.0
149,29,493.0,442.0,0.0
149,94,487.0,420.0,0.0
149,46,510.0,446.0,0.0
149,57,446.0,436.0,1.490000000000001
149,70,536.0,501.0,0.0
149,21,513.0,476.0,0.0
149,38,533.0,493.0,0.0
149,88,505.0,486.0,0.0
149,78,516.0,408.0,0.0
149,72,454.0,479.0,0.0
149,24,443.0,477.0,0.0
149,8,495.0,453.0,0.0
149,17,499.0,454.0,0.0
149,37,500.0,481.0,0.0
149,1,441.0,460.0,1.490000000000001
149,53,511.0,470.0,0.0
149,22,446.0,493.0,0.0
149,47,498.0,470.0,0.0
149,83,495.0,475.0,0.0
149,99,482.0,408.0,0.0
149,89,474.0,460.0,0.0
149,14,453.0,457.0,1.490000000000001
149,3,495.0,416.0,0.0
149,80,517.0,419.0,0.0
149,96,442.0,483.0,0.0
149,51,515.0,430.0,0.0
149,33,509.0,431.0,0.0
149,40,528.0,407.0,0.0
149,48,532.0,423.0,0.0
149,15,537.0,420.0,0.0
149,65,457.0,487.0,0.0
149,97,450.0,476.0,0.0
150,5,517.0,420.0,0.0
150,56,447.0,504.0,0.0
150,35,517.0,473.0,0.0
150,55,512.0,475.0,0.0
150,60,479.0,468.0,0.0
150,30,454.0,439.0,1.500000000000001
150,32,459.0,502.0,0.0
150,6,455.0,487.0,0.0
150,67,507.0,424.0,0.0
150,45,466.0,438.0,1.500000000000001
150,73,443.0,477.0,0.0
150,64,501.0,445.0,0.0
150,90,478.0,485.0,0.0
150,4,509.0,428.0,0.0
150,13,538.0,438.0,0.0
150,54,480.0,445.0,0.0
150,63,502.0,501.0,0.0
150,86,447.0,467.0,0.0
150,91,526.0,502.0,0.0
150,62,523.0,474.0,0.0
150,58,472.0,418.0,1.500000000000001
150,52,479.0,418.0,0.0
150,12,445.0,417.0,1.500000000000001
150,28,479.0,490.0,0.0
150,75,443.0,424.0,1.500000000000001
150,23,510.0,421.0,0.0
150,92,492.0,477.0,0.0
150,41,456.0,487.0,0.0
150,43,521.0,414.0,0.0
150,11,504.0,431.0,0.0
150,36,506.0,467.0,0.0
150,68,513.0,413.0,0.0
150,69,449.0,437.0,1.500000000000001
150,98,442.0,500.0,0.0
150,82,470.0,411.0,1.500000000000001
150,85,526.0,409.0,0.0
150,39,483.0,504.0,0.0
150,84,522.0,446.0,0.0
150,77,449.0,493.0,0.0
150,7,504.0,426.0,0.0
150,25,448.0,458.0,1.500000000000001
150,95,523.0,506.0,0.0
150,71,473.0,502.0,0.0
150,66,507.0,505.0,0.0
150,76,477.0,489.0,0.0
150,34,479.0,409.0,0.0
150,50,448.0,442.0,1.500000000000001
150,59,502.0,441.0,0.0
150,93,449.0,442.0,1.500000000000001
150,2,485.0,445.0,0.0
150,10,454.0,426.0,1.500000000000001
150,18,458.0,418.0,1.500000000000001
150,26,472.0,414.0,1.500000000000001
150,27,453.0,409.0,1.500000000000001
150,42,441.0,482.0,0.0
150,87,505.0,455.0,0.0
150,100,530.0,428.0,0.0
150,79,516.0,470.0,0.0
150,16,487.0,488.0,0.0
150,20,457.0,478.0,0.0
150,81,527.0,410.0,0.0
150,19,442.0,464.0,0.0
150,49,482.0,429.0,0.0
150,44,469.0,440.0,1.500000000000001
150,9,536.0,504.0,0.0
150,31,468.0,418.0,1.500000000000001
150,74,512.0,437.0,0.0
150,61,458.0,468.0,0.0
150,29,493.0,442.0,0.0
150,94,487.0,420.0,0.0
150,46,510.0,446.0,0.0
150,57,446.0,436.0,1.500000000000001
150,70,536.0,501.0,0.0
150,21,513.0,476.0,0.0
150,38,533.0,493.0,0.0
150,88,505.0,486.0,0.0
150,78,516.0,408.0,0.0
150,72,454.0,479.0,0.0
150,24,443.0,477.0,0.0
150,8,495.0,453.0,0.0
150,17,499.0,454.0,0.0
150,37,500.0,481.0,0.0
150,1,441.0,460.0,1.500000000000001
150,53,511.0,470.0,0.0
150,22,446.0,493.0,0.0
150,47,498.0,470.0,0.0
150,83,495.0,475.0,0.0
150,99,482.0,408.0,0.0
150,89,474.0,460.0,0.0
150,14,453.0,457.0,1.500000000000001
150,3,495.0,416.0,0.0
150,80,517.0,419.0,0.0
150,96,442.0,483.0,0.0
150,51,515.0,430.0,0.0
150,33,509.0,431.0,0.0
150,40,528.0,407.0,0.0
150,48,532.0,423.0,0.0
150,15,537.0,420.0,0.0
150,65,457.0,487.0,0.0
150,97,450.0,476.0,0.0
151,5,517.0,420.0,0.0
151,56,447.0,504.0,0.0
151,35,517.0,473.0,0.0
151,55,512.0,475.0,0.0
151,60,479.0,468.0,0.0
151,30,454.0,439.0,1.5100000000000011
151,32,459.0,502.0,0.0
151,6,455.0,487.0,0.0
151,67,507.0,424.0,0.0
151,45,466.0,438.0,1.5100000000000011
151,73,443.0,477.0,0.0
151,64,501.0,445.0,0.0
151,90,478.0,485.0,0.0
151,4,509.0,428.0,0.0
151,13,538.0,438.0,0.0
151,54,480.0,445.0,0.0
151,63,502.0,501.0,0.0
151,86,447.0,467.0,0.0
151,91,526.0,502.0,0.0
151,62,523.0,474.0,0.0
151,58,472.0,418.0,1.5100000000000011
151,52,479.0,418.0,0.0
151,12,445.0,417.0,1.5100000000000011
151,28,479.0,490.0,0.0
151,75,443.0,424.0,1.5100000000000011
151,23,510.0,421.0,0.0
151,92,492.0,477.0,0.0
151,41,456.0,487.0,0.0
151,43,521.0,414.0,0.0
151,11,504.0,431.0,0.0
151,36,506.0,467.0,0.0
151,68,513.0,413.0,0.0
151,69,449.0,437.0,1.5100000000000011
151,98,442.0,500.0,0.0
151,82,470.0,411.0,1.5100000000000011
151,85,526.0,409.0,0.0
151,39,483.0,504.0,0.0
151,84,522.0,446.0,0.0
151,77,449.0,493.0,0.0
151,7,504.0,426.0,0.0
151,25,448.0,458.0,1.5100000000000011
151,95,523.0,506.0,0.0
151,71,473.0,502.0,0.0
151,66,507.0,505.0,0.0
151,76,477.0,489.0,0.0
151,34,479.0,409.0,0.0
151,50,448.0,442.0,1.5100000000000011
151,59,502.0,441.0,0.0
151,93,449.0,442.0,1.5100000000000011
151,2,485.0,445.0,0.0
151,10,454.0,426.0,1.5100000000000011
151,18,458.0,418.0,1.5100000000000011
151,26,472.0,414.0,1.5100000000000011
151,27,453.0,409.0,1.5100000000000011
151,42,441.0,482.0,0.0
151,87,505.0,455.0,0.0
151,100,530.0,428.0,0.0
151,79,516.0,470.0,0.0
151,16,487.0,488.0,0.0
151,20,457.0,478.0,0.0
151,81,527.0,410.0,0.0
151,19,442.0,464.0,0.0
151,49,482.0,429.0,0.0
151,44,469.0,440.0,1.5100000000000011
151,9,536.0,504.0,0.0
151,31,468.0,418.0,1.5100000000000011
151,74,512.0,437.0,0.0
151,61,458.0,468.0,0.0
151,29,493.0,442.0,0.0
151,94,487.0,420.0,0.0
151,46,510.0,446.0,0.0
151,57,446.0,436.0,1.5100000000000011
151,70,536.0,501.0,0.0
151,21,513.0,476.0,0.0
151,38,533.0,493.0,0.0
151,88,505.0,486.0,0.0
151,78,516.0,408.0,0.0
151,72,454.0,479.0,0.0
151,24,443.0,477.0,0.0
151,8,495.0,453.0,0.0
151,17,499.0,454.0,0.0
151,37,500.0,481.0,0.0
151,1,441.0,460.0,1.5100000000000011
151,53,511.0,470.0,0.0
151,22,446.0,493.0,0.0
151,47,498.0,470.0,0.0
151,83,495.0,475.0,0.0
151,99,482.0,408.0,0.0
151,89,474.0,460.0,0.0
151,14,453.0,457.0,1.5100000000000011
151,3,495.0,416.0,0.0
151,80,517.0,419.0,0.0
151,96,442.0,483.0,0.0
151,51,515.0,430.0,0.0
151,33,509.0,431.0,0.0
151,40,528.0,407.0,0.0
151,48,532.0,423.0,0.0
151,15,537.0,420.0,0.0
151,65,457.0,487.0,0.0
151,97,450.0,476.0,0.0
152,5,517.0,420.0,0.0
152,56,447.0,504.0,0.0
152,35,517.0,473.0,0.0
152,55,512.0,475.0,0.0
152,60,479.0,468.0,0.0
152,30,454.0,439.0,1.5200000000000011
152,32,459.0,502.0,0.0
152,6,455.0,487.0,0.0
152,67,507.0,424.0,0.0
152,45,466.0,438.0,1.5200000000000011
152,73,443.0,477.0,0.0
152,64,501.0,445.0,0.0
152,90,478.0,485.0,0.0
152,4,509.0,428.0,0.0
152,13,538.0,438.0,0.0
152,54,480.0,445.0,0.0
152,63,502.0,501.0,0.0
152,86,447.0,467.0,0.0
152,91,526.0,502.0,0.0
152,62,523.0,474.0,0.0
152,58,472.0,418.0,1.5200000000000011
152,52,479.0,418.0,0.0
152,12,445.0,417.0,1.5200000000000011
152,28,479.0,490.0,0.0
152,75,443.0,424.0,1.5200000000000011
152,23,510.0,421.0,0.0
152,92,492.0,477.0,0.0
152,41,456.0,487.0,0.0
152,43,521.0,414.0,0.0
152,11,504.0,431.0,0.0
152,36,506.0,467.0,0.0
152,68,513.0,413.0,0.0
152,69,449.0,437.0,1.5200000000000011
152,98,442.0,500.0,0.0
152,82,470.0,411.0,1.5200000000000011
152,85,526.0,409.0,0.0
152,39,483.0,504.0,0.0
152,84,522.0,446.0,0.0
152,77,449.0,493.0,0.0
152,7,504.0,426.0,0.0
152,25,448.0,458.0,1.5200000000000011
152,95,523.0,506.0,0.0
152,71,473.0,502.0,0.0
152,66,507.0,505.0,0.0
152,76,477.0,489.0,0.0
152,34,479.0,409.0,0.0
152,50,448.0,442.0,1.5200000000000011
152,59,502.0,441.0,0.0
152,93,449.0,442.0,1.5200000000000011
152,2,485.0,445.0,0.0
152,10,454.0,426.0,1.5200000000000011
152,18,458.0,418.0,1.5200000000000011
152,26,472.0,414.0,1.5200000000000011
152,27,453.0,409.0,1.5200000000000011
152,42,441.0,482.0,0.0
152,87,505.0,455.0,0.0
152,100,530.0,428.0,0.0
152,79,516.0,470.0,0.0
152,16,487.0,488.0,0.0
152,20,457.0,478.0,0.0
152,81,527.0,410.0,0.0
152,19,442.0,464.0,0.0
152,49,482.0,429.0,0.0
152,44,469.0,440.0,1.5200000000000011
152,9,536.0,504.0,0.0
152,31,468.0,418.0,1.5200000000000011
152,74,512.0,437.0,0.0
152,61,458.0,468.0,0.0
152,29,493.0,442.0,0.0
152,94,487.0,420.0,0.0
152,46,510.0,446.0,0.0
152,57,446.0,436.0,1.5200000000000011
152,70,536.0,501.0,0.0
152,21,513.0,476.0,0.0
152,38,533.0,493.0,0.0
152,88,505.0,486.0,0.0
152,78,516.0,408.0,0.0
152,72,454.0,479.0,0.0
152,24,443.0,477.0,0.0
152,8,495.0,453.0,0.0
152,17,499.0,454.0,0.0
152,37,500.0,481.0,0.0
152,1,441.0,460.0,1.5200000000000011
152,53,511.0,470.0,0.0
152,22,446.0,493.0,0.0
152,47,498.0,470.0,0.0
152,83,495.0,475.0,0.0
152,99,482.0,408.0,0.0
152,89,474.0,460.0,0.0
152,14,453.0,457.0,1.5200000000000011
152,3,495.0,416.0,0.0
152,80,517.0,419.0,0.0
152,96,442.0,483.0,0.0
152,51,515.0,430.0,0.0
152,33,509.0,431.0,0.0
152,40,528.0,407.0,0.0
152,48,532.0,423.0,0.0
152,15,537.0,420.0,0.0
152,65,457.0,487.0,0.0
152,97,450.0,476.0,0.0
153,5,517.0,420.0,0.0
153,56,447.0,504.0,0.0
153,35,517.0,473.0,0.0
153,55,512.0,475.0,0.0
153,60,479.0,468.0,0.0
153,30,454.0,439.0,1.5300000000000011
153,32,459.0,502.0,0.0
153,6,455.0,487.0,0.0
153,67,507.0,424.0,0.0
153,45,466.0,438.0,1.5300000000000011
153,73,443.0,477.0,0.0
153,64,501.0,445.0,0.0
153,90,478.0,485.0,0.0
153,4,509.0,428.0,0.0
153,13,538.0,438.0,0.0
153,54,480.0,445.0,0.0
153,63,502.0,501.0,0.0
153,86,447.0,467.0,0.0
153,91,526.0,502.0,0.0
153,62,523.0,474.0,0.0
153,58,472.0,418.0,1.5300000000000011
153,52,479.0,418.0,0.0
153,12,445.0,417.0,1.5300000000000011
153,28,479.0,490.0,0.0
153,75,443.0,424.0,1.5300000000000011
153,23,510.0,421.0,0.0
153,92,492.0,477.0,0.0
153,41,456.0,487.0,0.0
153,43,521.0,414.0,0.0
153,11,504.0,431.0,0.0
153,36,506.0,467.0,0.0
153,68,513.0,413.0,0.0
153,69,449.0,437.0,1.5300000000000011
153,98,442.0,500.0,0.0
153,82,470.0,411.0,1.5300000000000011
153,85,526.0,409.0,0.0
153,39,483.0,504.0,0.0
153,84,522.0,446.0,0.0
153,77,449.0,493.0,0.0
153,7,504.0,426.0,0.0
153,25,448.0,458.0,1.5300000000000011
153,95,523.0,506.0,0.0
153,71,473.0,502.0,0.0
153,66,507.0,505.0,0.0
153,76,477.0,489.0,0.0
153,34,479.0,409.0,0.0
153,50,448.0,442.0,1.5300000000000011
153,59,502.0,441.0,0.0
153,93,449.0,442.0,1.5300000000000011
153,2,485.0,445.0,0.0
153,10,454.0,426.0,1.5300000000000011
153,18,458.0,418.0,1.5300000000000011
153,26,472.0,414.0,1.5300000000000011
153,27,453.0,409.0,1.5300000000000011
153,42,441.0,482.0,0.0
153,87,505.0,455.0,0.0
153,100,530.0,428.0,0.0
153,79,516.0,470.0,0.0
153,16,487.0,488.0,0.0
153,20,457.0,478.0,0.0
153,81,527.0,410.0,0.0
153,19,442.0,464.0,0.0
153,49,482.0,429.0,0.0
153,44,469.0,440.0,1.5300000000000011
153,9,536.0,504.0,0.0
153,31,468.0,418.0,1.5300000000000011
153,74,512.0,437.0,0.0
153,61,458.0,468.0,0.0
153,29,493.0,442.0,0.0
153,94,487.0,420.0,0.0
153,46,510.0,446.0,0.0
153,57,446.0,436.0,1.5300000000000011
153,70,536.0,501.0,0.0
153,21,513.0,476.0,0.0
153,38,533.0,493.0,0.0
153,88,505.0,486.0,0.0
153,78,516.0,408.0,0.0
153,72,454.0,479.0,0.0
153,24,443.0,477.0,0.0
153,8,495.0,453.0,0.0
153,17,499.0,454.0,0.0
153,37,500.0,481.0,0.0
153,1,441.0,460.0,1.5300000000000011
153,53,511.0,470.0,0.0
153,22,446.0,493.0,0.0
153,47,498.0,470.0,0.0
153,83,495.0,475.0,0.0
153,99,482.0,408.0,0.0
153,89,474.0,460.0,0.0
153,14,453.0,457.0,1.5300000000000011
153,3,495.0,416.0,0.0
153,80,517.0,419.0,0.0
153,96,442.0,483.0,0.0
153,51,515.0,430.0,0.0
153,33,509.0,431.0,0.0
153,40,528.0,407.0,0.0
153,48,532.0,423.0,0.0
153,15,537.0,420.0,0.0
153,65,457.0,487.0,0.0
153,97,450.0,476.0,0.0
154,5,517.0,420.0,0.0
154,56,447.0,504.0,0.0
154,35,517.0,473.0,0.0
154,55,512.0,475.0,0.0
154,60,479.0,468.0,0.0
154,30,454.0,439.0,1.5400000000000011
154,32,459.0,502.0,0.0
154,6,455.0,487.0,0.0
154,67,507.0,424.0,0.0
154,45,466.0,438.0,1.5400000000000011
154,73,443.0,477.0,0.0
154,64,501.0,445.0,0.0
154,90,478.0,485.0,0.0
154,4,509.0,428.0,0.0
154,13,538.0,438.0,0.0
154,54,480.0,445.0,0.0
154,63,502.0,501.0,0.0
154,86,447.0,467.0,0.0
154,91,526.0,502.0,0.0
154,62,523.0,474.0,0.0
154,58,472.0,418.0,1.5400000000000011
154,52,479.0,418.0,0.0
154,12,445.0,417.0,1.5400000000000011
154,28,479.0,490.0,0.0
154,75,443.0,424.0,1.5400000000000011
154,23,510.0,421.0,0.0
154,92,492.0,477.0,0.0
154,41,456.0,487.0,0.0
154,43,521.0,414.0,0.0
154,11,504.0,431.0,0.0
154,36,506.0,467.0,0.0
154,68,513.0,413.0,0.0
154,69,449.0,437.0,1.5400000000000011
154,98,442.0,500.0,0.0
154,82,470.0,411.0,1.5400000000000011
154,85,526.0,409.0,0.0
154,39,483.0,504.0,0.0
154,84,522.0,446.0,0.0
154,77,449.0,493.0,0.0
154,7,504.0,426.0,0.0
154,25,448.0,458.0,1.5400000000000011
154,95,523.0,506.0,0.0
154,71,473.0,502.0,0.0
154,66,507.0,505.0,0.0
154,76,477.0,489.0,0.0
154,34,479.0,409.0,0.0
154,50,448.0,442.0,1.5400000000000011
154,59,502.0,441.0,0.0
154,93,449.0,442.0,1.5400000000000011
154,2,485.0,445.0,0.0
154,10,454.0,426.0,1.5400000000000011
154,18,458.0,418.0,1.5400000000000011
154,26,472.0,414.0,1.5400000000000011
154,27,453.0,409.0,1.5400000000000011
154,42,441.0,482.0,0.0
154,87,505.0,455.0,0.0
154,100,530.0,428.0,0.0
154,79,516.0,470.0,0.0
154,16,487.0,488.0,0.0
154,20,457.0,478.0,0.0
154,81,527.0,410.0,0.0
154,19,442.0,464.0,0.0
154,49,482.0,429.0,0.0
154,44,469.0,440.0,1.5400000000000011
154,9,536.0,504.0,0.0
154,31,468.0,418.0,1.5400000000000011
154,74,512.0,437.0,0.0
154,61,458.0,468.0,0.0
154,29,493.0,442.0,0.0
154,94,487.0,420.0,0.0
154,46,510.0,446.0,0.0
154,57,446.0,436.0,1.5400000000000011
154,70,536.0,501.0,0.0
154,21,513.0,476.0,0.0
154,38,533.0,493.0,0.0
154,88,505.0,486.0,0.0
154,78,516.0,408.0,0.0
154,72,454.0,479.0,0.0
154,24,443.0,477.0,0.0
154,8,495.0,453.0,0.0
154,17,499.0,454.0,0.0
154,37,500.0,481.0,0.0
154,1,441.0,460.0,1.5400000000000011
154,53,511.0,470.0,0.0
154,22,446.0,493.0,0.0
154,47,498.0,470.0,0.0
154,83,495.0,475.0,0.0
154,99,482.0,408.0,0.0
154,89,474.0,460.0,0.0
154,14,453.0,457.0,1.5400000000000011
154,3,495.0,416.0,0.0
154,80,517.0,419.0,0.0
154,96,442.0,483.0,0.0
154,51,515.0,430.0,0.0
154,33,509.0,431.0,0.0
154,40,528.0,407.0,0.0
154,48,532.0,423.0,0.0
154,15,537.0,420.0,0.0
154,65,457.0,487.0,0.0
154,97,450.0,476.0,0.0
155,5,517.0,420.0,0.0
155,56,447.0,504.0,0.0
155,35,517.0,473.0,0.0
155,55,512.0,475.0,0.0
155,60,479.0,468.0,0.0
155,30,454.0,439.0,1.5500000000000012
155,32,459.0,502.0,0.0
155,6,455.0,487.0,0.0
155,67,507.0,424.0,0.0
155,45,466.0,438.0,1.5500000000000012
155,73,443.0,477.0,0.0
155,64,501.0,445.0,0.0
155,90,478.0,485.0,0.0
155,4,509.0,428.0,0.0
155,13,538.0,438.0,0.0
155,54,480.0,445.0,0.0
155,63,502.0,501.0,0.0
155,86,447.0,467.0,0.0
155,91,526.0,502.0,0.0
155,62,523.0,474.0,0.0
155,58,472.0,418.0,1.5500000000000012
155,52,479.0,418.0,0.0
155,12,445.0,417.0,1.5500000000000012
155,28,479.0,490.0,0.0
155,75,443.0,424.0,1.5500000000000012
155,23,510.0,421.0,0.0
155,92,492.0,477.0,0.0
155,41,456.0,487.0,0.0
155,43,521.0,414.0,0.0
155,11,504.0,431.0,0.0
155,36,506.0,467.0,0.0
155,68,513.0,413.0,0.0
155,69,449.0,437.0,1.5500000000000012
155,98,442.0,500.0,0.0
155,82,470.0,411.0,1.5500000000000012
155,85,526.0,409.0,0.0
155,39,483.0,504.0,0.0
155,84,522.0,446.0,0.0
155,77,449.0,493.0,0.0
155,7,504.0,426.0,0.0
155,25,448.0,458.0,1.5500000000000012
155,95,523.0,506.0,0.0
155,71,473.0,502.0,0.0
155,66,507.0,505.0,0.0
155,76,477.0,489.0,0.0
155,34,479.0,409.0,0.0
155,50,448.0,442.0,1.5500000000000012
155,59,502.0,441.0,0.0
155,93,449.0,442.0,1.5500000000000012
155,2,485.0,445.0,0.0
155,10,454.0,426.0,1.5500000000000012
155,18,458.0,418.0,1.5500000000000012
155,26,472.0,414.0,1.5500000000000012
155,27,453.0,409.0,1.5500000000000012
155,42,441.0,482.0,0.0
155,87,505.0,455.0,0.0
155,100,530.0,428.0,0.0
155,79,516.0,470.0,0.0
155,16,487.0,488.0,0.0
155,20,457.0,478.0,0.0
155,81,527.0,410.0,0.0
155,19,442.0,464.0,0.0
155,49,482.0,429.0,0.0
155,44,469.0,440.0,1.5500000000000012
155,9,536.0,504.0,0.0
155,31,468.0,418.0,1.5500000000000012
155,74,512.0,437.0,0.0
155,61,458.0,468.0,0.0
155,29,493.0,442.0,0.0
155,94,487.0,420.0,0.0
155,46,510.0,446.0,0.0
155,57,446.0,436.0,1.5500000000000012
155,70,536.0,501.0,0.0
155,21,513.0,476.0,0.0
155,38,533.0,493.0,0.0
155,88,505.0,486.0,0.0
155,78,516.0,408.0,0.0
155,72,454.0,479.0,0.0
155,24,443.0,477.0,0.0
155,8,495.0,453.0,0.0
155,17,499.0,454.0,0.0
155,37,500.0,481.0,0.0
155,1,441.0,460.0,1.5500000000000012
155,53,511.0,470.0,0.0
155,22,446.0,493.0,0.0
155,47,498.0,470.0,0.0
155,83,495.0,475.0,0.0
155,99,482.0,408.0,0.0
155,89,474.0,460.0,0.0
155,14,453.0,457.0,1.5500000000000012
155,3,495.0,416.0,0.0
155,80,517.0,419.0,0.0
155,96,442.0,483.0,0.0
155,51,515.0,430.0,0.0
155,33,509.0,431.0,0.0
155,40,528.0,407.0,0.0
155,48,532.0,423.0,0.0
155,15,537.0,420.0,0.0
155,65,457.0,487.0,0.0
155,97,450.0,476.0,0.0
156,5,517.0,420.0,0.0
156,56,447.0,504.0,0.0
156,35,517.0,473.0,0.0
156,55,512.0,475.0,0.0
156,60,479.0,468.0,0.0
156,30,454.0,439.0,1.5600000000000012
156,32,459.0,502.0,0.0
156,6,455.0,487.0,0.0
156,67,507.0,424.0,0.0
156,45,466.0,438.0,1.5600000000000012
156,73,443.0,477.0,0.0
156,64,501.0,445.0,0.0
156,90,478.0,485.0,0.0
156,4,509.0,428.0,0.0
156,13,538.0,438.0,0.0
156,54,480.0,445.0,0.0
156,63,502.0,501.0,0.0
156,86,447.0,467.0,0.0
156,91,526.0,502.0,0.0
156,62,523.0,474.0,0.0
156,58,472.0,418.0,1.5600000000000012
156,52,479.0,418.0,0.0
156,12,445.0,417.0,1.5600000000000012
156,28,479.0,490.0,0.0
156,75,443.0,424.0,1.5600000000000012
156,23,510.0,421.0,0.0
156,92,492.0,477.0,0.0
156,41,456.0,487.0,0.0
156,43,521.0,414.0,0.0
156,11,504.0,431.0,0.0
156,36,506.0,467.0,0.0
156,68,513.0,413.0,0.0
156,69,449.0,437.0,1.5600000000000012
156,98,442.0,500.0,0.0
156,82,470.0,411.0,1.5600000000000012
156,85,526.0,409.0,0.0
156,39,483.0,504.0,0.0
156,84,522.0,446.0,0.0
156,77,449.0,493.0,0.0
156,7,504.0,426.0,0.0
156,25,448.0,458.0,1.5600000000000012
156,95,523.0,506.0,0.0
156,71,473.0,502.0,0.0
156,66,507.0,505.0,0.0
156,76,477.0,489.0,0.0
156,34,479.0,409.0,0.0
156,50,448.0,442.0,1.5600000000000012
156,59,502.0,441.0,0.0
156,93,449.0,442.0,1.5600000000000012
156,2,485.0,445.0,0.0
156,10,454.0,426.0,1.5600000000000012
156,18,458.0,418.0,1.5600000000000012
156,26,472.0,414.0,1.5600000000000012
156,27,453.0,409.0,1.5600000000000012
156,42,441.0,482.0,0.0
156,87,505.0,455.0,0.0
156,100,530.0,428.0,0.0
156,79,516.0,470.0,0.0
156,16,487.0,488.0,0.0
156,20,457.0,478.0,0.0
156,81,527.0,410.0,0.0
156,19,442.0,464.0,0.0
156,49,482.0,429.0,0.0
156,44,469.0,440.0,1.5600000000000012
156,9,536.0,504.0,0.0
156,31,468.0,418.0,1.5600000000000012
156,74,512.0,437.0,0.0
156,61,458.0,468.0,0.0
156,29,493.0,442.0,0.0
156,94,487.0,420.0,0.0
156,46,510.0,446.0,0.0
156,57,446.0,436.0,1.5600000000000012
156,70,536.0,501.0,0.0
156,21,513.0,476.0,0.0
156,38,533.0,493.0,0.0
156,88,505.0,486.0,0.0
156,78,516.0,408.0,0.0
156,72,454.0,479.0,0.0
156,24,443.0,477.0,0.0
156,8,495.0,453.0,0.0
156,17,499.0,454.0,0.0
156,37,500.0,481.0,0.0
156,1,441.0,460.0,1.5600000000000012
156,53,511.0,470.0,0.0
156,22,446.0,493.0,0.0
156,47,498.0,470.0,0.0
156,83,495.0,475.0,0.0
156,99,482.0,408.0,0.0
156,89,474.0,460.0,0.0
156,14,453.0,457.0,1.5600000000000012
156,3,495.0,416.0,0.0
156,80,517.0,419.0,0.0
156,96,442.0,483.0,0.0
156,51,515.0,430.0,0.0
156,33,509.0,431.0,0.0
156,40,528.0,407.0,0.0
156,48,532.0,423.0,0.0
156,15,537.0,420.0,0.0
156,65,457.0,487.0,0.0
156,97,450.0,476.0,0.0
157,5,517.0,420.0,0.0
157,56,447.0,504.0,0.0
157,35,517.0,473.0,0.0
157,55,512.0,475.0,0.0
157,60,479.0,468.0,0.0
157,30,454.0,439.0,1.5700000000000012
157,32,459.0,502.0,0.0
157,6,455.0,487.0,0.0
157,67,507.0,424.0,0.0
157,45,466.0,438.0,1.5700000000000012
157,73,443.0,477.0,0.0
157,64,501.0,445.0,0.0
157,90,478.0,485.0,0.0
157,4,509.0,428.0,0.0
157,13,538.0,438.0,0.0
157,54,480.0,445.0,0.0
157,63,502.0,501.0,0.0
157,86,447.0,467.0,0.0
157,91,526.0,502.0,0.0
157,62,523.0,474.0,0.0
157,58,472.0,418.0,1.5700000000000012
157,52,479.0,418.0,0.0
157,12,445.0,417.0,1.5700000000000012
157,28,479.0,490.0,0.0
157,75,443.0,424.0,1.5700000000000012
157,23,510.0,421.0,0.0
157,92,492.0,477.0,0.0
157,41,456.0,487.0,0.0
157,43,521.0,414.0,0.0
157,11,504.0,431.0,0.0
157,36,506.0,467.0,0.0
157,68,513.0,413.0,0.0
157,69,449.0,437.0,1.5700000000000012
157,98,442.0,500.0,0.0
157,82,470.0,411.0,1.5700000000000012
157,85,526.0,409.0,0.0
157,39,483.0,504.0,0.0
157,84,522.0,446.0,0.0
157,77,449.0,493.0,0.0
157,7,504.0,426.0,0.0
157,25,448.0,458.0,1.5700000000000012
157,95,523.0,506.0,0.0
157,71,473.0,502.0,0.0
157,66,507.0,505.0,0.0
157,76,477.0,489.0,0.0
157,34,479.0,409.0,0.0
157,50,448.0,442.0,1.5700000000000012
157,59,502.0,441.0,0.0
157,93,449.0,442.0,1.5700000000000012
157,2,485.0,445.0,0.0
157,10,454.0,426.0,1.5700000000000012
157,18,458.0,418.0,1.5700000000000012
157,26,472.0,414.0,1.5700000000000012
157,27,453.0,409.0,1.5700000000000012
157,42,441.0,482.0,0.0
157,87,505.0,455.0,0.0
157,100,530.0,428.0,0.0
157,79,516.0,470.0,0.0
157,16,487.0,488.0,0.0
157,20,457.0,478.0,0.0
157,81,527.0,410.0,0.0
157,19,442.0,464.0,0.0
157,49,482.0,429.0,0.0
157,44,469.0,440.0,1.5700000000000012
157,9,536.0,504.0,0.0
157,31,468.0,418.0,1.5700000000000012
157,74,512.0,437.0,0.0
157,61,458.0,468.0,0.0
157,29,493.0,442.0,0.0
157,94,487.0,420.0,0.0
157,46,510.0,446.0,0.0
157,57,446.0,436.0,1.5700000000000012
157,70,536.0,501.0,0.0
157,21,513.0,476.0,0.0
157,38,533.0,493.0,0.0
157,88,505.0,486.0,0.0
157,78,516.0,408.0,0.0
157,72,454.0,479.0,0.0
157,24,443.0,477.0,0.0
157,8,495.0,453.0,0.0
157,17,499.0,454.0,0.0
157,37,500.0,481.0,0.0
157,1,441.0,460.0,1.5700000000000012
157,53,511.0,470.0,0.0
157,22,446.0,493.0,0.0
157,47,498.0,470.0,0.0
157,83,495.0,475.0,0.0
157,99,482.0,408.0,0.0
157,89,474.0,460.0,0.0
157,14,453.0,457.0,1.5700000000000012
157,3,495.0,416.0,0.0
157,80,517.0,419.0,0.0
157,96,442.0,483.0,0.0
157,51,515.0,430.0,0.0
157,33,509.0,431.0,0.0
157,40,528.0,407.0,0.0
157,48,532.0,423.0,0.0
157,15,537.0,420.0,0.0
157,65,457.0,487.0,0.0
157,97,450.0,476.0,0.0
158,5,517.0,420.0,0.0
158,56,447.0,504.0,0.0
158,35,517.0,473.0,0.0
158,55,512.0,475.0,0.0
158,60,479.0,468.0,0.0
158,30,454.0,439.0,1.5800000000000012
158,32,459.0,502.0,0.0
158,6,455.0,487.0,0.0
158,67,507.0,424.0,0.0
158,45,466.0,438.0,1.5800000000000012
158,73,443.0,477.0,0.0
158,64,501.0,445.0,0.0
158,90,478.0,485.0,0.0
158,4,509.0,428.0,0.0
158,13,538.0,438.0,0.0
158,54,480.0,445.0,0.0
158,63,502.0,501.0,0.0
158,86,447.0,467.0,0.0
158,91,526.0,502.0,0.0
158,62,523.0,474.0,0.0
158,58,472.0,418.0,1.5800000000000012
158,52,479.0,418.0,0.0
158,12,445.0,417.0,1.5800000000000012
158,28,479.0,490.0,0.0
158,75,443.0,424.0,1.5800000000000012
158,23,510.0,421.0,0.0
158,92,492.0,477.0,0.0
158,41,456.0,487.0,0.0
158,43,521.0,414.0,0.0
158,11,504.0,431.0,0.0
158,36,506.0,467.0,0.0
158,68,513.0,413.0,0.0
158,69,449.0,437.0,1.5800000000000012
158,98,442.0,500.0,0.0
158,82,470.0,411.0,1.5800000000000012
158,85,526.0,409.0,0.0
158,39,483.0,504.0,0.0
158,84,522.0,446.0,0.0
158,77,449.0,493.0,0.0
158,7,504.0,426.0,0.0
158,25,448.0,458.0,1.5800000000000012
158,95,523.0,506.0,0.0
158,71,473.0,502.0,0.0
158,66,507.0,505.0,0.0
158,76,477.0,489.0,0.0
158,34,479.0,409.0,0.0
158,50,448.0,442.0,1.5800000000000012
158,59,502.0,441.0,0.0
158,93,449.0,442.0,1.5800000000000012
158,2,485.0,445.0,0.0
158,10,454.0,426.0,1.5800000000000012
158,18,458.0,418.0,1.5800000000000012
158,26,472.0,414.0,1.5800000000000012
158,27,453.0,409.0,1.5800000000000012
158,42,441.0,482.0,0.0
158,87,505.0,455.0,0.0
158,100,530.0,428.0,0.0
158,79,516.0,470.0,0.0
158,16,487.0,488.0,0.0
158,20,457.0,478.0,0.0
158,81,527.0,410.0,0.0
158,19,442.0,464.0,0.0
158,49,482.0,429.0,0.0
158,44,469.0,440.0,1.5800000000000012
158,9,536.0,504.0,0.0
158,31,468.0,418.0,1.5800000000000012
158,74,512.0,437.0,0.0
158,61,458.0,468.0,0.0
158,29,493.0,442.0,0.0
158,94,487.0,420.0,0.0
158,46,510.0,446.0,0.0
158,57,446.0,436.0,1.5800000000000012
158,70,536.0,501.0,0.0
158,21,513.0,476.0,0.0
158,38,533.0,493.0,0.0
158,88,505.0,486.0,0.0
158,78,516.0,408.0,0.0
158,72,454.0,479.0,0.0
158,24,443.0,477.0,0.0
158,8,495.0,453.0,0.0
158,17,499.0,454.0,0.0
158,37,500.0,481.0,0.0
158,1,441.0,460.0,1.5800000000000012
158,53,511.0,470.0,0.0
158,22,446.0,493.0,0.0
158,47,498.0,470.0,0.0
158,83,495.0,475.0,0.0
158,99,482.0,408.0,0.0
158,89,474.0,460.0,0.0
158,14,453.0,457.0,1.5800000000000012
158,3,495.0,416.0,0.0
158,80,517.0,419.0,0.0
158,96,442.0,483.0,0.0
158,51,515.0,430.0,0.0
158,33,509.0,431.0,0.0
158,40,528.0,407.0,0.0
158,48,532.0,423.0,0.0
158,15,537.0,420.0,0.0
158,65,457.0,487.0,0.0
158,97,450.0,476.0,0.0
159,5,517.0,420.0,0.0
159,56,447.0,504.0,0.0
159,35,517.0,473.0,0.0
159,55,512.0,475.0,0.0
159,60,479.0,468.0,0.0
159,30,454.0,439.0,1.5900000000000012
159,32,459.0,502.0,0.0
159,6,455.0,487.0,0.0
159,67,507.0,424.0,0.0
159,45,466.0,438.0,1.5900000000000012
159,73,443.0,477.0,0.0
159,64,501.0,445.0,0.0
159,90,478.0,485.0,0.0
159,4,509.0,428.0,0.0
159,13,538.0,438.0,0.0
159,54,480.0,445.0,0.0
159,63,502.0,501.0,0.0
159,86,447.0,467.0,0.0
159,91,526.0,502.0,0.0
159,62,523.0,474.0,0.0
159,58,472.0,418.0,1.5900000000000012
159,52,479.0,418.0,0.0
159,12,445.0,417.0,1.5900000000000012
159,28,479.0,490.0,0.0
159,75,443.0,424.0,1.5900000000000012
159,23,510.0,421.0,0.0
159,92,492.0,477.0,0.0
159,41,456.0,487.0,0.0
159,43,521.0,414.0,0.0
159,11,504.0,431.0,0.0
159,36,506.0,467.0,0.0
159,68,513.0,413.0,0.0
159,69,449.0,437.0,1.5900000000000012
159,98,442.0,500.0,0.0
159,82,470.0,411.0,1.5900000000000012
159,85,526.0,409.0,0.0
159,39,483.0,504.0,0.0
159,84,522.0,446.0,0.0
159,77,449.0,493.0,0.0
159,7,504.0,426.0,0.0
159,25,448.0,458.0,1.5900000000000012
159,95,523.0,506.0,0.0
159,71,473.0,502.0,0.0
159,66,507.0,505.0,0.0
159,76,477.0,489.0,0.0
159,34,479.0,409.0,0.0
159,50,448.0,442.0,1.5900000000000012
159,59,502.0,441.0,0.0
159,93,449.0,442.0,1.5900000000000012
159,2,485.0,445.0,0.0
159,10,454.0,426.0,1.5900000000000012
159,18,458.0,418.0,1.5900000000000012
159,26,472.0,414.0,1.5900000000000012
159,27,453.0,409.0,1.5900000000000012
159,42,441.0,482.0,0.0
159,87,505.0,455.0,0.0
159,100,530.0,428.0,0.0
159,79,516.0,470.0,0.0
159,16,487.0,488.0,0.0
159,20,457.0,478.0,0.0
159,81,527.0,410.0,0.0
159,19,442.0,464.0,0.0
159,49,482.0,429.0,0.0
159,44,469.0,440.0,1.5900000000000012
159,9,536.0,504.0,0.0
159,31,468.0,418.0,1.5900000000000012
159,74,512.0,437.0,0.0
159,61,458.0,468.0,0.0
159,29,493.0,442.0,0.0
159,94,487.0,420.0,0.0
159,46,510.0,446.0,0.0
159,57,446.0,436.0,1.5900000000000012
159,70,536.0,501.0,0.0
159,21,513.0,476.0,0.0
159,38,533.0,493.0,0.0
159,88,505.0,486.0,0.0
159,78,516.0,408.0,0.0
159,72,454.0,479.0,0.0
159,24,443.0,477.0,0.0
159,8,495.0,453.0,0.0
159,17,499.0,454.0,0.0
159,37,500.0,481.0,0.0
159,1,441.0,460.0,1.5900000000000012
159,53,511.0,470.0,0.0
159,22,446.0,493.0,0.0
159,47,498.0,470.0,0.0
159,83,495.0,475.0,0.0
159,99,482.0,408.0,0.0
159,89,474.0,460.0,0.0
159,14,453.0,457.0,1.5900000000000012
159,3,495.0,416.0,0.0
159,80,517.0,419.0,0.0
159,96,442.0,483.0,0.0
159,51,515.0,430.0,0.0
159,33,509.0,431.0,0.0
159,40,528.0,407.0,0.0
159,48,532.0,423.0,0.0
159,15,537.0,420.0,0.0
159,65,457.0,487.0,0.0
159,97,450.0,476.0,0.0
160,5,517.0,420.0,0.0
160,56,447.0,504.0,0.0
160,35,517.0,473.0,0.0
160,55,512.0,475.0,0.0
160,60,479.0,468.0,0.0
160,30,454.0,439.0,1.6000000000000012
160,32,459.0,502.0,0.0
160,6,455.0,487.0,0.0
160,67,507.0,424.0,0.0
160,45,466.0,438.0,1.6000000000000012
160,73,443.0,477.0,0.0
160,64,501.0,445.0,0.0
160,90,478.0,485.0,0.0
160,4,509.0,428.0,0.0
160,13,538.0,438.0,0.0
160,54,480.0,445.0,0.0
160,63,502.0,501.0,0.0
160,86,447.0,467.0,0.0
160,91,526.0,502.0,0.0
160,62,523.0,474.0,0.0
160,58,472.0,418.0,1.6000000000000012
160,52,479.0,418.0,0.0
160,12,445.0,417.0,1.6000000000000012
160,28,479.0,490.0,0.0
160,75,443.0,424.0,1.6000000000000012
160,23,510.0,421.0,0.0
160,92,492.0,477.0,0.0
160,41,456.0,487.0,0.0
160,43,521.0,414.0,0.0
160,11,504.0,431.0,0.0
160,36,506.0,467.0,0.0
160,68,513.0,413.0,0.0
160,69,449.0,437.0,1.6000000000000012
160,98,442.0,500.0,0.0
160,82,470.0,411.0,1.6000000000000012
160,85,526.0,409.0,0.0
160,39,483.0,504.0,0.0
160,84,522.0,446.0,0.0
160,77,449.0,493.0,0.0
160,7,504.0,426.0,0.0
160,25,448.0,458.0,1.6000000000000012
160,95,523.0,506.0,0.0
160,71,473.0,502.0,0.0
160,66,507.0,505.0,0.0
160,76,477.0,489.0,0.0
160,34,479.0,409.0,0.0
160,50,448.0,442.0,1.6000000000000012
160,59,502.0,441.0,0.0
160,93,449.0,442.0,1.6000000000000012
160,2,485.0,445.0,0.0
160,10,454.0,426.0,1.6000000000000012
160,18,458.0,418.0,1.6000000000000012
160,26,472.0,414.0,1.6000000000000012
160,27,453.0,409.0,1.6000000000000012
160,42,441.0,482.0,0.0
160,87,505.0,455.0,0.0
160,100,530.0,428.0,0.0
160,79,516.0,470.0,0.0
160,16,487.0,488.0,0.0
160,20,457.0,478.0,0.0
160,81,527.0,410.0,0.0
160,19,442.0,464.0,0.0
160,49,482.0,429.0,0.0
160,44,469.0,440.0,1.6000000000000012
160,9,536.0,504.0,0.0
160,31,468.0,418.0,1.6000000000000012
160,74,512.0,437.0,0.0
160,61,458.0,468.0,0.0
160,29,493.0,442.0,0.0
160,94,487.0,420.0,0.0
160,46,510.0,446.0,0.0
160,57,446.0,436.0,1.6000000000000012
160,70,536.0,501.0,0.0
160,21,513.0,476.0,0.0
160,38,533.0,493.0,0.0
160,88,505.0,486.0,0.0
160,78,516.0,408.0,0.0
160,72,454.0,479.0,0.0
160,24,443.0,477.0,0.0
160,8,495.0,453.0,0.0
160,17,499.0,454.0,0.0
160,37,500.0,481.0,0.0
160,1,441.0,460.0,1.6000000000000012
160,53,511.0,470.0,0.0
160,22,446.0,493.0,0.0
160,47,498.0,470.0,0.0
160,83,495.0,475.0,0.0
160,99,482.0,408.0,0.0
160,89,474.0,460.0,0.0
160,14,453.0,457.0,1.6000000000000012
160,3,495.0,416.0,0.0
160,80,517.0,419.0,0.0
160,96,442.0,483.0,0.0
160,51,515.0,430.0,0.0
160,33,509.0,431.0,0.0
160,40,528.0,407.0,0.0
160,48,532.0,423.0,0.0
160,15,537.0,420.0,0.0
160,65,457.0,487.0,0.0
160,97,450.0,476.0,0.0
161,5,517.0,420.0,0.0
161,56,447.0,504.0,0.0
161,35,517.0,473.0,0.0
161,55,512.0,475.0,0.0
161,60,479.0,468.0,0.0
161,30,454.0,439.0,1.6100000000000012
161,32,459.0,502.0,0.0
161,6,455.0,487.0,0.0
161,67,507.0,424.0,0.0
161,45,466.0,438.0,1.6100000000000012
161,73,443.0,477.0,0.0
161,64,501.0,445.0,0.0
161,90,478.0,485.0,0.0
161,4,509.0,428.0,0.0
161,13,538.0,438.0,0.0
161,54,480.0,445.0,0.0
161,63,502.0,501.0,0.0
161,86,447.0,467.0,0.0
161,91,526.0,502.0,0.0
161,62,523.0,474.0,0.0
161,58,472.0,418.0,1.6100000000000012
161,52,479.0,418.0,0.0
161,12,445.0,417.0,1.6100000000000012
161,28,479.0,490.0,0.0
161,75,443.0,424.0,1.6100000000000012
161,23,510.0,421.0,0.0
161,92,492.0,477.0,0.0
161,41,456.0,487.0,0.0
161,43,521.0,414.0,0.0
161,11,504.0,431.0,0.0
161,36,506.0,467.0,0.0
161,68,513.0,413.0,0.0
161,69,449.0,437.0,1.6100000000000012
161,98,442.0,500.0,0.0
161,82,470.0,411.0,1.6100000000000012
161,85,526.0,409.0,0.0
161,39,483.0,504.0,0.0
161,84,522.0,446.0,0.0
161,77,449.0,493.0,0.0
161,7,504.0,426.0,0.0
161,25,448.0,458.0,1.6100000000000012
161,95,523.0,506.0,0.0
161,71,473.0,502.0,0.0
161,66,507.0,505.0,0.0
161,76,477.0,489.0,0.0
161,34,479.0,409.0,0.0
161,50,448.0,442.0,1.6100000000000012
161,59,502.0,441.0,0.0
161,93,449.0,442.0,1.6100000000000012
161,2,485.0,445.0,0.0
161,10,454.0,426.0,1.6100000000000012
161,18,458.0,418.0,1.6100000000000012
161,26,472.0,414.0,1.6100000000000012
161,27,453.0,409.0,1.6100000000000012
161,42,441.0,482.0,0.0
161,87,505.0,455.0,0.0
161,100,530.0,428.0,0.0
161,79,516.0,470.0,0.0
161,16,487.0,488.0,0.0
161,20,457.0,478.0,0.0
161,81,527.0,410.0,0.0
161,19,442.0,464.0,0.0
161,49,482.0,429.0,0.0
161,44,469.0,440.0,1.6100000000000012
161,9,536.0,504.0,0.0
161,31,468.0,418.0,1.6100000000000012
161,74,512.0,437.0,0.0
161,61,458.0,468.0,0.0
161,29,493.0,442.0,0.0
161,94,487.0,420.0,0.0
161,46,510.0,446.0,0.0
161,57,446.0,436.0,1.6100000000000012
161,70,536.0,501.0,0.0
161,21,513.0,476.0,0.0
161,38,533.0,493.0,0.0
161,88,505.0,486.0,0.0
161,78,516.0,408.0,0.0
161,72,454.0,479.0,0.0
161,24,443.0,477.0,0.0
161,8,495.0,453.0,0.0
161,17,499.0,454.0,0.0
161,37,500.0,481.0,0.0
161,1,441.0,460.0,1.6100000000000012
161,53,511.0,470.0,0.0
161,22,446.0,493.0,0.0
161,47,498.0,470.0,0.0
161,83,495.0,475.0,0.0
161,99,482.0,408.0,0.0
161,89,474.0,460.0,0.0
161,14,453.0,457.0,1.6100000000000012
161,3,495.0,416.0,0.0
161,80,517.0,419.0,0.0
161,96,442.0,483.0,0.0
161,51,515.0,430.0,0.0
161,33,509.0,431.0,0.0
161,40,528.0,407.0,0.0
161,48,532.0,423.0,0.0
161,15,537.0,420.0,0.0
161,65,457.0,487.0,0.0
161,97,450.0,476.0,0.0
162,5,517.0,420.0,0.0
162,56,447.0,504.0,0.0
162,35,517.0,473.0,0.0
162,55,512.0,475.0,0.0
162,60,479.0,468.0,0.0
162,30,454.0,439.0,1.6200000000000012
162,32,459.0,502.0,0.0
162,6,455.0,487.0,0.0
162,67,507.0,424.0,0.0
162,45,466.0,438.0,1.6200000000000012
162,73,443.0,477.0,0.0
162,64,501.0,445.0,0.0
162,90,478.0,485.0,0.0
162,4,509.0,428.0,0.0
162,13,538.0,438.0,0.0
162,54,480.0,445.0,0.0
162,63,502.0,501.0,0.0
162,86,447.0,467.0,0.0
162,91,526.0,502.0,0.0
162,62,523.0,474.0,0.0
162,58,472.0,418.0,1.6200000000000012
162,52,479.0,418.0,0.0
162,12,445.0,417.0,1.6200000000000012
162,28,479.0,490.0,0.0
162,75,443.0,424.0,1.6200000000000012
162,23,510.0,421.0,0.0
162,92,492.0,477.0,0.0
162,41,456.0,487.0,0.0
162,43,521.0,414.0,0.0
162,11,504.0,431.0,0.0
162,36,506.0,467.0,0.0
162,68,513.0,413.0,0.0
162,69,449.0,437.0,1.6200000000000012
162,98,442.0,500.0,0.0
162,82,470.0,411.0,1.6200000000000012
162,85,526.0,409.0,0.0
162,39,483.0,504.0,0.0
162,84,522.0,446.0,0.0
162,77,449.0,493.0,0.0
162,7,504.0,426.0,0.0
162,25,448.0,458.0,1.6200000000000012
162,95,523.0,506.0,0.0
162,71,473.0,502.0,0.0
162,66,507.0,505.0,0.0
162,76,477.0,489.0,0.0
162,34,479.0,409.0,0.0
162,50,448.0,442.0,1.6200000000000012
162,59,502.0,441.0,0.0
162,93,449.0,442.0,1.6200000000000012
162,2,485.0,445.0,0.0
162,10,454.0,426.0,1.6200000000000012
162,18,458.0,418.0,1.6200000000000012
162,26,472.0,414.0,1.6200000000000012
162,27,453.0,409.0,1.6200000000000012
162,42,441.0,482.0,0.0
162,87,505.0,455.0,0.0
162,100,530.0,428.0,0.0
162,79,516.0,470.0,0.0
162,16,487.0,488.0,0.0
162,20,457.0,478.0,0.0
162,81,527.0,410.0,0.0
162,19,442.0,464.0,0.0
162,49,482.0,429.0,0.0
162,44,469.0,440.0,1.6200000000000012
162,9,536.0,504.0,0.0
162,31,468.0,418.0,1.6200000000000012
162,74,512.0,437.0,0.0
162,61,458.0,468.0,0.0
162,29,493.0,442.0,0.0
162,94,487.0,420.0,0.0
162,46,510.0,446.0,0.0
162,57,446.0,436.0,1.6200000000000012
162,70,536.0,501.0,0.0
162,21,513.0,476.0,0.0
162,38,533.0,493.0,0.0
162,88,505.0,486.0,0.0
162,78,516.0,408.0,0.0
162,72,454.0,479.0,0.0
162,24,443.0,477.0,0.0
162,8,495.0,453.0,0.0
162,17,499.0,454.0,0.0
162,37,500.0,481.0,0.0
162,1,441.0,460.0,1.6200000000000012
162,53,511.0,470.0,0.0
162,22,446.0,493.0,0.0
162,47,498.0,470.0,0.0
162,83,495.0,475.0,0.0
162,99,482.0,408.0,0.0
162,89,474.0,460.0,0.0
162,14,453.0,457.0,1.6200000000000012
162,3,495.0,416.0,0.0
162,80,517.0,419.0,0.0
162,96,442.0,483.0,0.0
162,51,515.0,430.0,0.0
162,33,509.0,431.0,0.0
162,40,528.0,407.0,0.0
162,48,532.0,423.0,0.0
162,15,537.0,420.0,0.0
162,65,457.0,487.0,0.0
162,97,450.0,476.0,0.0
163,5,517.0,420.0,0.0
163,56,447.0,504.0,0.0
163,35,517.0,473.0,0.0
163,55,512.0,475.0,0.0
163,60,479.0,468.0,0.0
163,30,454.0,439.0,1.6300000000000012
163,32,459.0,502.0,0.0
163,6,455.0,487.0,0.0
163,67,507.0,424.0,0.0
163,45,466.0,438.0,1.6300000000000012
163,73,443.0,477.0,0.0
163,64,501.0,445.0,0.0
163,90,478.0,485.0,0.0
163,4,509.0,428.0,0.0
163,13,538.0,438.0,0.0
163,54,480.0,445.0,0.0
163,63,502.0,501.0,0.0
163,86,447.0,467.0,0.0
163,91,526.0,502.0,0.0
163,62,523.0,474.0,0.0
163,58,472.0,418.0,1.6300000000000012
163,52,479.0,418.0,0.0
163,12,445.0,417.0,1.6300000000000012
163,28,479.0,490.0,0.0
163,75,443.0,424.0,1.6300000000000012
163,23,510.0,421.0,0.0
163,92,492.0,477.0,0.0
163,41,456.0,487.0,0.0
163,43,521.0,414.0,0.0
163,11,504.0,431.0,0.0
163,36,506.0,467.0,0.0
163,68,513.0,413.0,0.0
163,69,449.0,437.0,1.6300000000000012
163,98,442.0,500.0,0.0
163,82,470.0,411.0,1.6300000000000012
163,85,526.0,409.0,0.0
163,39,483.0,504.0,0.0
163,84,522.0,446.0,0.0
163,77,449.0,493.0,0.0
163,7,504.0,426.0,0.0
163,25,448.0,458.0,1.6300000000000012
163,95,523.0,506.0,0.0
163,71,473.0,502.0,0.0
163,66,507.0,505.0,0.0
163,76,477.0,489.0,0.0
163,34,479.0,409.0,0.0
163,50,448.0,442.0,1.6300000000000012
163,59,502.0,441.0,0.0
163,93,449.0,442.0,1.6300000000000012
163,2,485.0,445.0,0.0
163,10,454.0,426.0,1.6300000000000012
163,18,458.0,418.0,1.6300000000000012
163,26,472.0,414.0,1.6300000000000012
163,27,453.0,409.0,1.6300000000000012
163,42,441.0,482.0,0.0
163,87,505.0,455.0,0.0
163,100,530.0,428.0,0.0
163,79,516.0,470.0,0.0
163,16,487.0,488.0,0.0
163,20,457.0,478.0,0.0
163,81,527.0,410.0,0.0
163,19,442.0,464.0,0.0
163,49,482.0,429.0,0.0
163,44,469.0,440.0,1.6300000000000012
163,9,536.0,504.0,0.0
163,31,468.0,418.0,1.6300000000000012
163,74,512.0,437.0,0.0
163,61,458.0,468.0,0.0
163,29,493.0,442.0,0.0
163,94,487.0,420.0,0.0
163,46,510.0,446.0,0.0
163,57,446.0,436.0,1.6300000000000012
163,70,536.0,501.0,0.0
163,21,513.0,476.0,0.0
163,38,533.0,493.0,0.0
163,88,505.0,486.0,0.0
163,78,516.0,408.0,0.0
163,72,454.0,479.0,0.0
163,24,443.0,477.0,0.0
163,8,495.0,453.0,0.0
163,17,499.0,454.0,0.0
163,37,500.0,481.0,0.0
163,1,441.0,460.0,1.6300000000000012
163,53,511.0,470.0,0.0
163,22,446.0,493.0,0.0
163,47,498.0,470.0,0.0
163,83,495.0,475.0,0.0
163,99,482.0,408.0,0.0
163,89,474.0,460.0,0.0
163,14,453.0,457.0,1.6300000000000012
163,3,495.0,416.0,0.0
163,80,517.0,419.0,0.0
163,96,442.0,483.0,0.0
163,51,515.0,430.0,0.0
163,33,509.0,431.0,0.0
163,40,528.0,407.0,0.0
163,48,532.0,423.0,0.0
163,15,537.0,420.0,0.0
163,65,457.0,487.0,0.0
163,97,450.0,476.0,0.0
164,5,517.0,420.0,0.0
164,56,447.0,504.0,0.0
164,35,517.0,473.0,0.0
164,55,512.0,475.0,0.0
164,60,479.0,468.0,0.0
164,30,454.0,439.0,1.6400000000000012
164,32,459.0,502.0,0.0
164,6,455.0,487.0,0.0
164,67,507.0,424.0,0.0
164,45,466.0,438.0,1.6400000000000012
164,73,443.0,477.0,0.0
164,64,501.0,445.0,0.0
164,90,478.0,485.0,0.0
164,4,509.0,428.0,0.0
164,13,538.0,438.0,0.0
164,54,480.0,445.0,0.0
164,63,502.0,501.0,0.0
164,86,447.0,467.0,0.0
164,91,526.0,502.0,0.0
164,62,523.0,474.0,0.0
164,58,472.0,418.0,1.6400000000000012
164,52,479.0,418.0,0.0
164,12,445.0,417.0,1.6400000000000012
164,28,479.0,490.0,0.0
164,75,443.0,424.0,1.6400000000000012
164,23,510.0,421.0,0.0
164,92,492.0,477.0,0.0
164,41,456.0,487.0,0.0
164,43,521.0,414.0,0.0
164,11,504.0,431.0,0.0
164,36,506.0,467.0,0.0
164,68,513.0,413.0,0.0
164,69,449.0,437.0,1.6400000000000012
164,98,442.0,500.0,0.0
164,82,470.0,411.0,1.6400000000000012
164,85,526.0,409.0,0.0
164,39,483.0,504.0,0.0
164,84,522.0,446.0,0.0
164,77,449.0,493.0,0.0
164,7,504.0,426.0,0.0
164,25,448.0,458.0,1.6400000000000012
164,95,523.0,506.0,0.0
164,71,473.0,502.0,0.0
164,66,507.0,505.0,0.0
164,76,477.0,489.0,0.0
164,34,479.0,409.0,0.0
164,50,448.0,442.0,1.6400000000000012
164,59,502.0,441.0,0.0
164,93,449.0,442.0,1.6400000000000012
164,2,485.0,445.0,0.0
164,10,454.0,426.0,1.6400000000000012
164,18,458.0,418.0,1.6400000000000012
164,26,472.0,414.0,1.6400000000000012
164,27,453.0,409.0,1.6400000000000012
164,42,441.0,482.0,0.0
164,87,505.0,455.0,0.0
164,100,530.0,428.0,0.0
164,79,516.0,470.0,0.0
164,16,487.0,488.0,0.0
164,20,457.0,478.0,0.0
164,81,527.0,410.0,0.0
164,19,442.0,464.0,0.0
164,49,482.0,429.0,0.0
164,44,469.0,440.0,1.6400000000000012
164,9,536.0,504.0,0.0
164,31,468.0,418.0,1.6400000000000012
164,74,512.0,437.0,0.0
164,61,458.0,468.0,0.0
164,29,493.0,442.0,0.0
164,94,487.0,420.0,0.0
164,46,510.0,446.0,0.0
164,57,446.0,436.0,1.6400000000000012
164,70,536.0,501.0,0.0
164,21,513.0,476.0,0.0
164,38,533.0,493.0,0.0
164,88,505.0,486.0,0.0
164,78,516.0,408.0,0.0
164,72,454.0,479.0,0.0
164,24,443.0,477.0,0.0
164,8,495.0,453.0,0.0
164,17,499.0,454.0,0.0
164,37,500.0,481.0,0.0
164,1,441.0,460.0,1.6400000000000012
164,53,511.0,470.0,0.0
164,22,446.0,493.0,0.0
164,47,498.0,470.0,0.0
164,83,495.0,475.0,0.0
164,99,482.0,408.0,0.0
164,89,474.0,460.0,0.0
164,14,453.0,457.0,1.6400000000000012
164,3,495.0,416.0,0.0
164,80,517.0,419.0,0.0
164,96,442.0,483.0,0.0
164,51,515.0,430.0,0.0
164,33,509.0,431.0,0.0
164,40,528.0,407.0,0.0
164,48,532.0,423.0,0.0
164,15,537.0,420.0,0.0
164,65,457.0,487.0,0.0
164,97,450.0,476.0,0.0
165,5,517.0,420.0,0.0
165,56,447.0,504.0,0.0
165,35,517.0,473.0,0.0
165,55,512.0,475.0,0.0
165,60,479.0,468.0,0.0
165,30,454.0,439.0,1.6500000000000012
165,32,459.0,502.0,0.0
165,6,455.0,487.0,0.0
165,67,507.0,424.0,0.0
165,45,466.0,438.0,1.6500000000000012
165,73,443.0,477.0,0.0
165,64,501.0,445.0,0.0
165,90,478.0,485.0,0.0
165,4,509.0,428.0,0.0
165,13,538.0,438.0,0.0
165,54,480.0,445.0,0.0
165,63,502.0,501.0,0.0
165,86,447.0,467.0,0.0
165,91,526.0,502.0,0.0
165,62,523.0,474.0,0.0
165,58,472.0,418.0,1.6500000000000012
165,52,479.0,418.0,0.0
165,12,445.0,417.0,1.6500000000000012
165,28,479.0,490.0,0.0
165,75,443.0,424.0,1.6500000000000012
165,23,510.0,421.0,0.0
165,92,492.0,477.0,0.0
165,41,456.0,487.0,0.0
165,43,521.0,414.0,0.0
165,11,504.0,431.0,0.0
165,36,506.0,467.0,0.0
165,68,513.0,413.0,0.0
165,69,449.0,437.0,1.6500000000000012
165,98,442.0,500.0,0.0
165,82,470.0,411.0,1.6500000000000012
165,85,526.0,409.0,0.0
165,39,483.0,504.0,0.0
165,84,522.0,446.0,0.0
165,77,449.0,493.0,0.0
165,7,504.0,426.0,0.0
165,25,448.0,458.0,1.6500000000000012
165,95,523.0,506.0,0.0
165,71,473.0,502.0,0.0
165,66,507.0,505.0,0.0
165,76,477.0,489.0,0.0
165,34,479.0,409.0,0.0
165,50,448.0,442.0,1.6500000000000012
165,59,502.0,441.0,0.0
165,93,449.0,442.0,1.6500000000000012
165,2,485.0,445.0,0.0
165,10,454.0,426.0,1.6500000000000012
165,18,458.0,418.0,1.6500000000000012
165,26,472.0,414.0,1.6500000000000012
165,27,453.0,409.0,1.6500000000000012
165,42,441.0,482.0,0.0
165,87,505.0,455.0,0.0
165,100,530.0,428.0,0.0
165,79,516.0,470.0,0.0
165,16,487.0,488.0,0.0
165,20,457.0,478.0,0.0
165,81,527.0,410.0,0.0
165,19,442.0,464.0,0.0
165,49,482.0,429.0,0.0
165,44,469.0,440.0,1.6500000000000012
165,9,536.0,504.0,0.0
165,31,468.0,418.0,1.6500000000000012
165,74,512.0,437.0,0.0
165,61,458.0,468.0,0.0
165,29,493.0,442.0,0.0
165,94,487.0,420.0,0.0
165,46,510.0,446.0,0.0
165,57,446.0,436.0,1.6500000000000012
165,70,536.0,501.0,0.0
165,21,513.0,476.0,0.0
165,38,533.0,493.0,0.0
165,88,505.0,486.0,0.0
165,78,516.0,408.0,0.0
165,72,454.0,479.0,0.0
165,24,443.0,477.0,0.0
165,8,495.0,453.0,0.0
165,17,499.0,454.0,0.0
165,37,500.0,481.0,0.0
165,1,441.0,460.0,1.6500000000000012
165,53,511.0,470.0,0.0
165,22,446.0,493.0,0.0
165,47,498.0,470.0,0.0
165,83,495.0,475.0,0.0
165,99,482.0,408.0,0.0
165,89,474.0,460.0,0.0
165,14,453.0,457.0,1.6500000000000012
165,3,495.0,416.0,0.0
165,80,517.0,419.0,0.0
165,96,442.0,483.0,0.0
165,51,515.0,430.0,0.0
165,33,509.0,431.0,0.0
165,40,528.0,407.0,0.0
165,48,532.0,423.0,0.0
165,15,537.0,420.0,0.0
165,65,457.0,487.0,0.0
165,97,450.0,476.0,0.0
166,5,517.0,420.0,0.0
166,56,447.0,504.0,0.0
166,35,517.0,473.0,0.0
166,55,512.0,475.0,0.0
166,60,479.0,468.0,0.0
166,30,454.0,439.0,1.6600000000000013
166,32,459.0,502.0,0.0
166,6,455.0,487.0,0.0
166,67,507.0,424.0,0.0
166,45,466.0,438.0,1.6600000000000013
166,73,443.0,477.0,0.0
166,64,501.0,445.0,0.0
166,90,478.0,485.0,0.0
166,4,509.0,428.0,0.0
166,13,538.0,438.0,0.0
166,54,480.0,445.0,0.0
166,63,502.0,501.0,0.0
166,86,447.0,467.0,0.0
166,91,526.0,502.0,0.0
166,62,523.0,474.0,0.0
166,58,472.0,418.0,1.6600000000000013
166,52,479.0,418.0,0.0
166,12,445.0,417.0,1.6600000000000013
166,28,479.0,490.0,0.0
166,75,443.0,424.0,1.6600000000000013
166,23,510.0,421.0,0.0
166,92,492.0,477.0,0.0
166,41,456.0,487.0,0.0
166,43,521.0,414.0,0.0
166,11,504.0,431.0,0.0
166,36,506.0,467.0,0.0
166,68,513.0,413.0,0.0
166,69,449.0,437.0,1.6600000000000013
166,98,442.0,500.0,0.0
166,82,470.0,411.0,1.6600000000000013
166,85,526.0,409.0,0.0
166,39,483.0,504.0,0.0
166,84,522.0,446.0,0.0
166,77,449.0,493.0,0.0
166,7,504.0,426.0,0.0
166,25,448.0,458.0,1.6600000000000013
166,95,523.0,506.0,0.0
166,71,473.0,502.0,0.0
166,66,507.0,505.0,0.0
166,76,477.0,489.0,0.0
166,34,479.0,409.0,0.0
166,50,448.0,442.0,1.6600000000000013
166,59,502.0,441.0,0.0
166,93,449.0,442.0,1.6600000000000013
166,2,485.0,445.0,0.0
166,10,454.0,426.0,1.6600000000000013
166,18,458.0,418.0,1.6600000000000013
166,26,472.0,414.0,1.6600000000000013
166,27,453.0,409.0,1.6600000000000013
166,42,441.0,482.0,0.0
166,87,505.0,455.0,0.0
166,100,530.0,428.0,0.0
166,79,516.0,470.0,0.0
166,16,487.0,488.0,0.0
166,20,457.0,478.0,0.0
166,81,527.0,410.0,0.0
166,19,442.0,464.0,0.0
166,49,482.0,429.0,0.0
166,44,469.0,440.0,1.6600000000000013
166,9,536.0,504.0,0.0
166,31,468.0,418.0,1.6600000000000013
166,74,512.0,437.0,0.0
166,61,458.0,468.0,0.0
166,29,493.0,442.0,0.0
166,94,487.0,420.0,0.0
166,46,510.0,446.0,0.0
166,57,446.0,436.0,1.6600000000000013
166,70,536.0,501.0,0.0
166,21,513.0,476.0,0.0
166,38,533.0,493.0,0.0
166,88,505.0,486.0,0.0
166,78,516.0,408.0,0.0
166,72,454.0,479.0,0.0
166,24,443.0,477.0,0.0
166,8,495.0,453.0,0.0
166,17,499.0,454.0,0.0
166,37,500.0,481.0,0.0
166,1,441.0,460.0,1.6600000000000013
166,53,511.0,470.0,0.0
166,22,446.0,493.0,0.0
166,47,498.0,470.0,0.0
166,83,495.0,475.0,0.0
166,99,482.0,408.0,0.0
166,89,474.0,460.0,0.0
166,14,453.0,457.0,1.6600000000000013
166,3,495.0,416.0,0.0
166,80,517.0,419.0,0.0
166,96,442.0,483.0,0.0
166,51,515.0,430.0,0.0
166,33,509.0,431.0,0.0
166,40,528.0,407.0,0.0
166,48,532.0,423.0,0.0
166,15,537.0,420.0,0.0
166,65,457.0,487.0,0.0
166,97,450.0,476.0,0.0
167,5,517.0,420.0,0.0
167,56,447.0,504.0,0.0
167,35,517.0,473.0,0.0
167,55,512.0,475.0,0.0
167,60,479.0,468.0,0.0
167,30,454.0,439.0,1.6700000000000013
167,32,459.0,502.0,0.0
167,6,455.0,487.0,0.0
167,67,507.0,424.0,0.0
167,45,466.0,438.0,1.6700000000000013
167,73,443.0,477.0,0.0
167,64,501.0,445.0,0.0
167,90,478.0,485.0,0.0
167,4,509.0,428.0,0.0
167,13,538.0,438.0,0.0
167,54,480.0,445.0,0.0
167,63,502.0,501.0,0.0
167,86,447.0,467.0,0.0
167,91,526.0,502.0,0.0
167,62,523.0,474.0,0.0
167,58,472.0,418.0,1.6700000000000013
167,52,479.0,418.0,0.0
167,12,445.0,417.0,1.6700000000000013
167,28,479.0,490.0,0.0
167,75,443.0,424.0,1.6700000000000013
167,23,510.0,421.0,0.0
167,92,492.0,477.0,0.0
167,41,456.0,487.0,0.0
167,43,521.0,414.0,0.0
167,11,504.0,431.0,0.0
167,36,506.0,467.0,0.0
167,68,513.0,413.0,0.0
167,69,449.0,437.0,1.6700000000000013
167,98,442.0,500.0,0.0
167,82,470.0,411.0,1.6700000000000013
167,85,526.0,409.0,0.0
167,39,483.0,504.0,0.0
167,84,522.0,446.0,0.0
167,77,449.0,493.0,0.0
167,7,504.0,426.0,0.0
167,25,448.0,458.0,1.6700000000000013
167,95,523.0,506.0,0.0
167,71,473.0,502.0,0.0
167,66,507.0,505.0,0.0
167,76,477.0,489.0,0.0
167,34,479.0,409.0,0.0
167,50,448.0,442.0,1.6700000000000013
167,59,502.0,441.0,0.0
167,93,449.0,442.0,1.6700000000000013
167,2,485.0,445.0,0.0
167,10,454.0,426.0,1.6700000000000013
167,18,458.0,418.0,1.6700000000000013
167,26,472.0,414.0,1.6700000000000013
167,27,453.0,409.0,1.6700000000000013
167,42,441.0,482.0,0.0
167,87,505.0,455.0,0.0
167,100,530.0,428.0,0.0
167,79,516.0,470.0,0.0
167,16,487.0,488.0,0.0
167,20,457.0,478.0,0.0
167,81,527.0,410.0,0.0
167,19,442.0,464.0,0.0
167,49,482.0,429.0,0.0
167,44,469.0,440.0,1.6700000000000013
167,9,536.0,504.0,0.0
167,31,468.0,418.0,1.6700000000000013
167,74,512.0,437.0,0.0
167,61,458.0,468.0,0.0
167,29,493.0,442.0,0.0
167,94,487.0,420.0,0.0
167,46,510.0,446.0,0.0
167,57,446.0,436.0,1.6700000000000013
167,70,536.0,501.0,0.0
167,21,513.0,476.0,0.0
167,38,533.0,493.0,0.0
167,88,505.0,486.0,0.0
167,78,516.0,408.0,0.0
167,72,454.0,479.0,0.0
167,24,443.0,477.0,0.0
167,8,495.0,453.0,0.0
167,17,499.0,454.0,0.0
167,37,500.0,481.0,0.0
167,1,441.0,460.0,1.6700000000000013
167,53,511.0,470.0,0.0
167,22,446.0,493.0,0.0
167,47,498.0,470.0,0.0
167,83,495.0,475.0,0.0
167,99,482.0,408.0,0.0
167,89,474.0,460.0,0.0
167,14,453.0,457.0,1.6700000000000013
167,3,495.0,416.0,0.0
167,80,517.0,419.0,0.0
167,96,442.0,483.0,0.0
167,51,515.0,430.0,0.0
167,33,509.0,431.0,0.0
167,40,528.0,407.0,0.0
167,48,532.0,423.0,0.0
167,15,537.0,420.0,0.0
167,65,457.0,487.0,0.0
167,97,450.0,476.0,0.0
168,5,517.0,420.0,0.0
168,56,447.0,504.0,0.0
168,35,517.0,473.0,0.0
168,55,512.0,475.0,0.0
168,60,479.0,468.0,0.0
168,30,454.0,439.0,1.6800000000000013
168,32,459.0,502.0,0.0
168,6,455.0,487.0,0.0
168,67,507.0,424.0,0.0
168,45,466.0,438.0,1.6800000000000013
168,73,443.0,477.0,0.0
168,64,501.0,445.0,0.0
168,90,478.0,485.0,0.0
168,4,509.0,428.0,0.0
168,13,538.0,438.0,0.0
168,54,480.0,445.0,0.0
168,63,502.0,501.0,0.0
168,86,447.0,467.0,0.0
168,91,526.0,502.0,0.0
168,62,523.0,474.0,0.0
168,58,472.0,418.0,1.6800000000000013
168,52,479.0,418.0,0.0
168,12,445.0,417.0,1.6800000000000013
168,28,479.0,490.0,0.0
168,75,443.0,424.0,1.6800000000000013
168,23,510.0,421.0,0.0
168,92,492.0,477.0,0.0
168,41,456.0,487.0,0.0
168,43,521.0,414.0,0.0
168,11,504.0,431.0,0.0
168,36,506.0,467.0,0.0
168,68,513.0,413.0,0.0
168,69,449.0,437.0,1.6800000000000013
168,98,442.0,500.0,0.0
168,82,470.0,411.0,1.6800000000000013
168,85,526.0,409.0,0.0
168,39,483.0,504.0,0.0
168,84,522.0,446.0,0.0
168,77,449.0,493.0,0.0
168,7,504.0,426.0,0.0
168,25,448.0,458.0,1.6800000000000013
168,95,523.0,506.0,0.0
168,71,473.0,502.0,0.0
168,66,507.0,505.0,0.0
168,76,477.0,489.0,0.0
168,34,479.0,409.0,0.0
168,50,448.0,442.0,1.6800000000000013
168,59,502.0,441.0,0.0
168,93,449.0,442.0,1.6800000000000013
168,2,485.0,445.0,0.0
168,10,454.0,426.0,1.6800000000000013
168,18,458.0,418.0,1.6800000000000013
168,26,472.0,414.0,1.6800000000000013
168,27,453.0,409.0,1.6800000000000013
168,42,441.0,482.0,0.0
168,87,505.0,455.0,0.0
168,100,530.0,428.0,0.0
168,79,516.0,470.0,0.0
168,16,487.0,488.0,0.0
168,20,457.0,478.0,0.0
168,81,527.0,410.0,0.0
168,19,442.0,464.0,0.0
168,49,482.0,429.0,0.0
168,44,469.0,440.0,1.6800000000000013
168,9,536.0,504.0,0.0
168,31,468.0,418.0,1.6800000000000013
168,74,512.0,437.0,0.0
168,61,458.0,468.0,0.0
168,29,493.0,442.0,0.0
168,94,487.0,420.0,0.0
168,46,510.0,446.0,0.0
168,57,446.0,436.0,1.6800000000000013
168,70,536.0,501.0,0.0
168,21,513.0,476.0,0.0
168,38,533.0,493.0,0.0
168,88,505.0,486.0,0.0
168,78,516.0,408.0,0.0
168,72,454.0,479.0,0.0
168,24,443.0,477.0,0.0
168,8,495.0,453.0,0.0
168,17,499.0,454.0,0.0
168,37,500.0,481.0,0.0
168,1,441.0,460.0,1.6800000000000013
168,53,511.0,470.0,0.0
168,22,446.0,493.0,0.0
168,47,498.0,470.0,0.0
168,83,495.0,475.0,0.0
168,99,482.0,408.0,0.0
168,89,474.0,460.0,0.0
168,14,453.0,457.0,1.6800000000000013
168,3,495.0,416.0,0.0
168,80,517.0,419.0,0.0
168,96,442.0,483.0,0.0
168,51,515.0,430.0,0.0
168,33,509.0,431.0,0.0
168,40,528.0,407.0,0.0
168,48,532.0,423.0,0.0
168,15,537.0,420.0,0.0
168,65,457.0,487.0,0.0
168,97,450.0,476.0,0.0
169,5,517.0,420.0,0.0
169,56,447.0,504.0,0.0
169,35,517.0,473.0,0.0
169,55,512.0,475.0,0.0
169,60,479.0,468.0,0.0
169,30,454.0,439.0,1.6900000000000013
169,32,459.0,502.0,0.0
169,6,455.0,487.0,0.0
169,67,507.0,424.0,0.0
169,45,466.0,438.0,1.6900000000000013
169,73,443.0,477.0,0.0
169,64,501.0,445.0,0.0
169,90,478.0,485.0,0.0
169,4,509.0,428.0,0.0
169,13,538.0,438.0,0.0
169,54,480.0,445.0,0.0
169,63,502.0,501.0,0.0
169,86,447.0,467.0,0.0
169,91,526.0,502.0,0.0
169,62,523.0,474.0,0.0
169,58,472.0,418.0,1.6900000000000013
169,52,479.0,418.0,0.0
169,12,445.0,417.0,1.6900000000000013
169,28,479.0,490.0,0.0
169,75,443.0,424.0,1.6900000000000013
169,23,510.0,421.0,0.0
169,92,492.0,477.0,0.0
169,41,456.0,487.0,0.0
169,43,521.0,414.0,0.0
169,11,504.0,431.0,0.0
169,36,506.0,467.0,0.0
169,68,513.0,413.0,0.0
169,69,449.0,437.0,1.6900000000000013
169,98,442.0,500.0,0.0
169,82,470.0,411.0,1.6900000000000013
169,85,526.0,409.0,0.0
169,39,483.0,504.0,0.0
169,84,522.0,446.0,0.0
169,77,449.0,493.0,0.0
169,7,504.0,426.0,0.0
169,25,448.0,458.0,1.6900000000000013
169,95,523.0,506.0,0.0
169,71,473.0,502.0,0.0
169,66,507.0,505.0,0.0
169,76,477.0,489.0,0.0
169,34,479.0,409.0,0.0
169,50,448.0,442.0,1.6900000000000013
169,59,502.0,441.0,0.0
169,93,449.0,442.0,1.6900000000000013
169,2,485.0,445.0,0.0
169,10,454.0,426.0,1.6900000000000013
169,18,458.0,418.0,1.6900000000000013
169,26,472.0,414.0,1.6900000000000013
169,27,453.0,409.0,1.6900000000000013
169,42,441.0,482.0,0.0
169,87,505.0,455.0,0.0
169,100,530.0,428.0,0.0
169,79,516.0,470.0,0.0
169,16,487.0,488.0,0.0
169,20,457.0,478.0,0.0
169,81,527.0,410.0,0.0
169,19,442.0,464.0,0.0
169,49,482.0,429.0,0.0
169,44,469.0,440.0,1.6900000000000013
169,9,536.0,504.0,0.0
169,31,468.0,418.0,1.6900000000000013
169,74,512.0,437.0,0.0
169,61,458.0,468.0,0.0
169,29,493.0,442.0,0.0
169,94,487.0,420.0,0.0
169,46,510.0,446.0,0.0
169,57,446.0,436.0,1.6900000000000013
169,70,536.0,501.0,0.0
169,21,513.0,476.0,0.0
169,38,533.0,493.0,0.0
169,88,505.0,486.0,0.0
169,78,516.0,408.0,0.0
169,72,454.0,479.0,0.0
169,24,443.0,477.0,0.0
169,8,495.0,453.0,0.0
169,17,499.0,454.0,0.0
169,37,500.0,481.0,0.0
169,1,441.0,460.0,1.6900000000000013
169,53,511.0,470.0,0.0
169,22,446.0,493.0,0.0
169,47,498.0,470.0,0.0
169,83,495.0,475.0,0.0
169,99,482.0,408.0,0.0
169,89,474.0,460.0,0.0
169,14,453.0,457.0,1.6900000000000013
169,3,495.0,416.0,0.0
169,80,517.0,419.0,0.0
169,96,442.0,483.0,0.0
169,51,515.0,430.0,0.0
169,33,509.0,431.0,0.0
169,40,528.0,407.0,0.0
169,48,532.0,423.0,0.0
169,15,537.0,420.0,0.0
169,65,457.0,487.0,0.0
169,97,450.0,476.0,0.0
170,5,517.0,420.0,0.0
170,56,447.0,504.0,0.0
170,35,517.0,473.0,0.0
170,55,512.0,475.0,0.0
170,60,479.0,468.0,0.0
170,30,454.0,439.0,1.7000000000000013
170,32,459.0,502.0,0.0
170,6,455.0,487.0,0.0
170,67,507.0,424.0,0.0
170,45,466.0,438.0,1.7000000000000013
170,73,443.0,477.0,0.0
170,64,501.0,445.0,0.0
170,90,478.0,485.0,0.0
170,4,509.0,428.0,0.0
170,13,538.0,438.0,0.0
170,54,480.0,445.0,0.0
170,63,502.0,501.0,0.0
170,86,447.0,467.0,0.0
170,91,526.0,502.0,0.0
170,62,523.0,474.0,0.0
170,58,472.0,418.0,1.7000000000000013
170,52,479.0,418.0,0.0
170,12,445.0,417.0,1.7000000000000013
170,28,479.0,490.0,0.0
170,75,443.0,424.0,1.7000000000000013
170,23,510.0,421.0,0.0
170,92,492.0,477.0,0.0
170,41,456.0,487.0,0.0
170,43,521.0,414.0,0.0
170,11,504.0,431.0,0.0
170,36,506.0,467.0,0.0
170,68,513.0,413.0,0.0
170,69,449.0,437.0,1.7000000000000013
170,98,442.0,500.0,0.0
170,82,470.0,411.0,1.7000000000000013
170,85,526.0,409.0,0.0
170,39,483.0,504.0,0.0
170,84,522.0,446.0,0.0
170,77,449.0,493.0,0.0
170,7,504.0,426.0,0.0
170,25,448.0,458.0,1.7000000000000013
170,95,523.0,506.0,0.0
170,71,473.0,502.0,0.0
170,66,507.0,505.0,0.0
170,76,477.0,489.0,0.0
170,34,479.0,409.0,0.0
170,50,448.0,442.0,1.7000000000000013
170,59,502.0,441.0,0.0
170,93,449.0,442.0,1.7000000000000013
170,2,485.0,445.0,0.0
170,10,454.0,426.0,1.7000000000000013
170,18,458.0,418.0,1.7000000000000013
170,26,472.0,414.0,1.7000000000000013
170,27,453.0,409.0,1.7000000000000013
170,42,441.0,482.0,0.0
170,87,505.0,455.0,0.0
170,100,530.0,428.0,0.0
170,79,516.0,470.0,0.0
170,16,487.0,488.0,0.0
170,20,457.0,478.0,0.0
170,81,527.0,410.0,0.0
170,19,442.0,464.0,0.0
170,49,482.0,429.0,0.0
170,44,469.0,440.0,1.7000000000000013
170,9,536.0,504.0,0.0
170,31,468.0,418.0,1.7000000000000013
170,74,512.0,437.0,0.0
170,61,458.0,468.0,0.0
170,29,493.0,442.0,0.0
170,94,487.0,420.0,0.0
170,46,510.0,446.0,0.0
170,57,446.0,436.0,1.7000000000000013
170,70,536.0,501.0,0.0
170,21,513.0,476.0,0.0
170,38,533.0,493.0,0.0
170,88,505.0,486.0,0.0
170,78,516.0,408.0,0.0
170,72,454.0,479.0,0.0
170,24,443.0,477.0,0.0
170,8,495.0,453.0,0.0
170,17,499.0,454.0,0.0
170,37,500.0,481.0,0.0
170,1,441.0,460.0,1.7000000000000013
170,53,511.0,470.0,0.0
170,22,446.0,493.0,0.0
170,47,498.0,470.0,0.0
170,83,495.0,475.0,0.0
170,99,482.0,408.0,0.0
170,89,474.0,460.0,0.0
170,14,453.0,457.0,1.7000000000000013
170,3,495.0,416.0,0.0
170,80,517.0,419.0,0.0
170,96,442.0,483.0,0.0
170,51,515.0,430.0,0.0
170,33,509.0,431.0,0.0
170,40,528.0,407.0,0.0
170,48,532.0,423.0,0.0
170,15,537.0,420.0,0.0
170,65,457.0,487.0,0.0
170,97,450.0,476.0,0.0
171,5,517.0,420.0,0.0
171,56,447.0,504.0,0.0
171,35,517.0,473.0,0.0
171,55,512.0,475.0,0.0
171,60,479.0,468.0,0.0
171,30,454.0,439.0,1.7100000000000013
171,32,459.0,502.0,0.0
171,6,455.0,487.0,0.0
171,67,507.0,424.0,0.0
171,45,466.0,438.0,1.7100000000000013
171,73,443.0,477.0,0.0
171,64,501.0,445.0,0.0
171,90,478.0,485.0,0.0
171,4,509.0,428.0,0.0
171,13,538.0,438.0,0.0
171,54,480.0,445.0,0.0
171,63,502.0,501.0,0.0
171,86,447.0,467.0,0.0
171,91,526.0,502.0,0.0
171,62,523.0,474.0,0.0
171,58,472.0,418.0,1.7100000000000013
171,52,479.0,418.0,0.0
171,12,445.0,417.0,1.7100000000000013
171,28,479.0,490.0,0.0
171,75,443.0,424.0,1.7100000000000013
171,23,510.0,421.0,0.0
171,92,492.0,477.0,0.0
171,41,456.0,487.0,0.0
171,43,521.0,414.0,0.0
171,11,504.0,431.0,0.0
171,36,506.0,467.0,0.0
171,68,513.0,413.0,0.0
171,69,449.0,437.0,1.7100000000000013
171,98,442.0,500.0,0.0
171,82,470.0,411.0,1.7100000000000013
171,85,526.0,409.0,0.0
171,39,483.0,504.0,0.0
171,84,522.0,446.0,0.0
171,77,449.0,493.0,0.0
171,7,504.0,426.0,0.0
171,25,448.0,458.0,1.7100000000000013
171,95,523.0,506.0,0.0
171,71,473.0,502.0,0.0
171,66,507.0,505.0,0.0
171,76,477.0,489.0,0.0
171,34,479.0,409.0,0.0
171,50,448.0,442.0,1.7100000000000013
171,59,502.0,441.0,0.0
171,93,449.0,442.0,1.7100000000000013
171,2,485.0,445.0,0.0
171,10,454.0,426.0,1.7100000000000013
171,18,458.0,418.0,1.7100000000000013
171,26,472.0,414.0,1.7100000000000013
171,27,453.0,409.0,1.7100000000000013
171,42,441.0,482.0,0.0
171,87,505.0,455.0,0.0
171,100,530.0,428.0,0.0
171,79,516.0,470.0,0.0
171,16,487.0,488.0,0.0
171,20,457.0,478.0,0.0
171,81,527.0,410.0,0.0
171,19,442.0,464.0,0.0
171,49,482.0,429.0,0.0
171,44,469.0,440.0,1.7100000000000013
171,9,536.0,504.0,0.0
171,31,468.0,418.0,1.7100000000000013
171,74,512.0,437.0,0.0
171,61,458.0,468.0,0.0
171,29,493.0,442.0,0.0
171,94,487.0,420.0,0.0
171,46,510.0,446.0,0.0
171,57,446.0,436.0,1.7100000000000013
171,70,536.0,501.0,0.0
171,21,513.0,476.0,0.0
171,38,533.0,493.0,0.0
171,88,505.0,486.0,0.0
171,78,516.0,408.0,0.0
171,72,454.0,479.0,0.0
171,24,443.0,477.0,0.0
171,8,495.0,453.0,0.0
171,17,499.0,454.0,0.0
171,37,500.0,481.0,0.0
171,1,441.0,460.0,1.7100000000000013
171,53,511.0,470.0,0.0
171,22,446.0,493.0,0.0
171,47,498.0,470.0,0.0
171,83,495.0,475.0,0.0
171,99,482.0,408.0,0.0
171,89,474.0,460.0,0.0
171,14,453.0,457.0,1.7100000000000013
171,3,495.0,416.0,0.0
171,80,517.0,419.0,0.0
171,96,442.0,483.0,0.0
171,51,515.0,430.0,0.0
171,33,509.0,431.0,0.0
171,40,528.0,407.0,0.0
171,48,532.0,423.0,0.0
171,15,537.0,420.0,0.0
171,65,457.0,487.0,0.0
171,97,450.0,476.0,0.0
172,5,517.0,420.0,0.0
172,56,447.0,504.0,0.0
172,35,517.0,473.0,0.0
172,55,512.0,475.0,0.0
172,60,479.0,468.0,0.0
172,30,454.0,439.0,1.7200000000000013
172,32,459.0,502.0,0.0
172,6,455.0,487.0,0.0
172,67,507.0,424.0,0.0
172,45,466.0,438.0,1.7200000000000013
172,73,443.0,477.0,0.0
172,64,501.0,445.0,0.0
172,90,478.0,485.0,0.0
172,4,509.0,428.0,0.0
172,13,538.0,438.0,0.0
172,54,480.0,445.0,0.0
172,63,502.0,501.0,0.0
172,86,447.0,467.0,0.0
172,91,526.0,502.0,0.0
172,62,523.0,474.0,0.0
172,58,472.0,418.0,1.7200000000000013
172,52,479.0,418.0,0.0
172,12,445.0,417.0,1.7200000000000013
172,28,479.0,490.0,0.0
172,75,443.0,424.0,1.7200000000000013
172,23,510.0,421.0,0.0
172,92,492.0,477.0,0.0
172,41,456.0,487.0,0.0
172,43,521.0,414.0,0.0
172,11,504.0,431.0,0.0
172,36,506.0,467.0,0.0
172,68,513.0,413.0,0.0
172,69,449.0,437.0,1.7200000000000013
172,98,442.0,500.0,0.0
172,82,470.0,411.0,1.7200000000000013
172,85,526.0,409.0,0.0
172,39,483.0,504.0,0.0
172,84,522.0,446.0,0.0
172,77,449.0,493.0,0.0
172,7,504.0,426.0,0.0
172,25,448.0,458.0,1.7200000000000013
172,95,523.0,506.0,0.0
172,71,473.0,502.0,0.0
172,66,507.0,505.0,0.0
172,76,477.0,489.0,0.0
172,34,479.0,409.0,0.0
172,50,448.0,442.0,1.7200000000000013
172,59,502.0,441.0,0.0
172,93,449.0,442.0,1.7200000000000013
172,2,485.0,445.0,0.0
172,10,454.0,426.0,1.7200000000000013
172,18,458.0,418.0,1.7200000000000013
172,26,472.0,414.0,1.7200000000000013
172,27,453.0,409.0,1.7200000000000013
172,42,441.0,482.0,0.0
172,87,505.0,455.0,0.0
172,100,530.0,428.0,0.0
172,79,516.0,470.0,0.0
172,16,487.0,488.0,0.0
172,20,457.0,478.0,0.0
172,81,527.0,410.0,0.0
172,19,442.0,464.0,0.0
172,49,482.0,429.0,0.0
172,44,469.0,440.0,1.7200000000000013
172,9,536.0,504.0,0.0
172,31,468.0,418.0,1.7200000000000013
172,74,512.0,437.0,0.0
172,61,458.0,468.0,0.0
172,29,493.0,442.0,0.0
172,94,487.0,420.0,0.0
172,46,510.0,446.0,0.0
172,57,446.0,436.0,1.7200000000000013
172,70,536.0,501.0,0.0
172,21,513.0,476.0,0.0
172,38,533.0,493.0,0.0
172,88,505.0,486.0,0.0
172,78,516.0,408.0,0.0
172,72,454.0,479.0,0.0
172,24,443.0,477.0,0.0
172,8,495.0,453.0,0.0
172,17,499.0,454.0,0.0
172,37,500.0,481.0,0.0
172,1,441.0,460.0,1.7200000000000013
172,53,511.0,470.0,0.0
172,22,446.0,493.0,0.0
172,47,498.0,470.0,0.0
172,83,495.0,475.0,0.0
172,99,482.0,408.0,0.0
172,89,474.0,460.0,0.0
172,14,453.0,457.0,1.7200000000000013
172,3,495.0,416.0,0.0
172,80,517.0,419.0,0.0
172,96,442.0,483.0,0.0
172,51,515.0,430.0,0.0
172,33,509.0,431.0,0.0
172,40,528.0,407.0,0.0
172,48,532.0,423.0,0.0
172,15,537.0,420.0,0.0
172,65,457.0,487.0,0.0
172,97,450.0,476.0,0.0
173,5,517.0,420.0,0.0
173,56,447.0,504.0,0.0
173,35,517.0,473.0,0.0
173,55,512.0,475.0,0.0
173,60,479.0,468.0,0.0
173,30,454.0,439.0,1.7300000000000013
173,32,459.0,502.0,0.0
173,6,455.0,487.0,0.0
173,67,507.0,424.0,0.0
173,45,466.0,438.0,1.7300000000000013
173,73,443.0,477.0,0.0
173,64,501.0,445.0,0.0
173,90,478.0,485.0,0.0
173,4,509.0,428.0,0.0
173,13,538.0,438.0,0.0
173,54,480.0,445.0,0.0
173,63,502.0,501.0,0.0
173,86,447.0,467.0,0.0
173,91,526.0,502.0,0.0
173,62,523.0,474.0,0.0
173,58,472.0,418.0,1.7300000000000013
173,52,479.0,418.0,0.0
173,12,445.0,417.0,1.7300000000000013
173,28,479.0,490.0,0.0
173,75,443.0,424.0,1.7300000000000013
173,23,510.0,421.0,0.0
173,92,492.0,477.0,0.0
173,41,456.0,487.0,0.0
173,43,521.0,414.0,0.0
173,11,504.0,431.0,0.0
173,36,506.0,467.0,0.0
173,68,513.0,413.0,0.0
173,69,449.0,437.0,1.7300000000000013
173,98,442.0,500.0,0.0
173,82,470.0,411.0,1.7300000000000013
173,85,526.0,409.0,0.0
173,39,483.0,504.0,0.0
173,84,522.0,446.0,0.0
173,77,449.0,493.0,0.0
173,7,504.0,426.0,0.0
173,25,448.0,458.0,1.7300000000000013
173,95,523.0,506.0,0.0
173,71,473.0,502.0,0.0
173,66,507.0,505.0,0.0
173,76,477.0,489.0,0.0
173,34,479.0,409.0,0.0
173,50,448.0,442.0,1.7300000000000013
173,59,502.0,441.0,0.0
173,93,449.0,442.0,1.7300000000000013
173,2,485.0,445.0,0.0
173,10,454.0,426.0,1.7300000000000013
173,18,458.0,418.0,1.7300000000000013
173,26,472.0,414.0,1.7300000000000013
173,27,453.0,409.0,1.7300000000000013
173,42,441.0,482.0,0.0
173,87,505.0,455.0,0.0
173,100,530.0,428.0,0.0
173,79,516.0,470.0,0.0
173,16,487.0,488.0,0.0
173,20,457.0,478.0,0.0
173,81,527.0,410.0,0.0
173,19,442.0,464.0,0.0
173,49,482.0,429.0,0.0
173,44,469.0,440.0,1.7300000000000013
173,9,536.0,504.0,0.0
173,31,468.0,418.0,1.7300000000000013
173,74,512.0,437.0,0.0
173,61,458.0,468.0,0.0
173,29,493.0,442.0,0.0
173,94,487.0,420.0,0.0
173,46,510.0,446.0,0.0
173,57,446.0,436.0,1.7300000000000013
173,70,536.0,501.0,0.0
173,21,513.0,476.0,0.0
173,38,533.0,493.0,0.0
173,88,505.0,486.0,0.0
173,78,516.0,408.0,0.0
173,72,454.0,479.0,0.0
173,24,443.0,477.0,0.0
173,8,495.0,453.0,0.0
173,17,499.0,454.0,0.0
173,37,500.0,481.0,0.0
173,1,441.0,460.0,1.7300000000000013
173,53,511.0,470.0,0.0
173,22,446.0,493.0,0.0
173,47,498.0,470.0,0.0
173,83,495.0,475.0,0.0
173,99,482.0,408.0,0.0
173,89,474.0,460.0,0.0
173,14,453.0,457.0,1.7300000000000013
173,3,495.0,416.0,0.0
173,80,517.0,419.0,0.0
173,96,442.0,483.0,0.0
173,51,515.0,430.0,0.0
173,33,509.0,431.0,0.0
173,40,528.0,407.0,0.0
173,48,532.0,423.0,0.0
173,15,537.0,420.0,0.0
173,65,457.0,487.0,0.0
173,97,450.0,476.0,0.0
174,5,517.0,420.0,0.0
174,56,447.0,504.0,0.0
174,35,517.0,473.0,0.0
174,55,512.0,475.0,0.0
174,60,479.0,468.0,0.0
174,30,454.0,439.0,1.7400000000000013
174,32,459.0,502.0,0.0
174,6,455.0,487.0,0.0
174,67,507.0,424.0,0.0
174,45,466.0,438.0,1.7400000000000013
174,73,443.0,477.0,0.0
174,64,501.0,445.0,0.0
174,90,478.0,485.0,0.0
174,4,509.0,428.0,0.0
174,13,538.0,438.0,0.0
174,54,480.0,445.0,0.0
174,63,502.0,501.0,0.0
174,86,447.0,467.0,0.0
174,91,526.0,502.0,0.0
174,62,523.0,474.0,0.0
174,58,472.0,418.0,1.7400000000000013
174,52,479.0,418.0,0.0
174,12,445.0,417.0,1.7400000000000013
174,28,479.0,490.0,0.0
174,75,443.0,424.0,1.7400000000000013
174,23,510.0,421.0,0.0
174,92,492.0,477.0,0.0
174,41,456.0,487.0,0.0
174,43,521.0,414.0,0.0
174,11,504.0,431.0,0.0
174,36,506.0,467.0,0.0
174,68,513.0,413.0,0.0
174,69,449.0,437.0,1.7400000000000013
174,98,442.0,500.0,0.0
174,82,470.0,411.0,1.7400000000000013
174,85,526.0,409.0,0.0
174,39,483.0,504.0,0.0
174,84,522.0,446.0,0.0
174,77,449.0,493.0,0.0
174,7,504.0,426.0,0.0
174,25,448.0,458.0,1.7400000000000013
174,95,523.0,506.0,0.0
174,71,473.0,502.0,0.0
174,66,507.0,505.0,0.0
174,76,477.0,489.0,0.0
174,34,479.0,409.0,0.0
174,50,448.0,442.0,1.7400000000000013
174,59,502.0,441.0,0.0
174,93,449.0,442.0,1.7400000000000013
174,2,485.0,445.0,0.0
174,10,454.0,426.0,1.7400000000000013
174,18,458.0,418.0,1.7400000000000013
174,26,472.0,414.0,1.7400000000000013
174,27,453.0,409.0,1.7400000000000013
174,42,441.0,482.0,0.0
174,87,505.0,455.0,0.0
174,100,530.0,428.0,0.0
174,79,516.0,470.0,0.0
174,16,487.0,488.0,0.0
174,20,457.0,478.0,0.0
174,81,527.0,410.0,0.0
174,19,442.0,464.0,0.0
174,49,482.0,429.0,0.0
174,44,469.0,440.0,1.7400000000000013
174,9,536.0,504.0,0.0
174,31,468.0,418.0,1.7400000000000013
174,74,512.0,437.0,0.0
174,61,458.0,468.0,0.0
174,29,493.0,442.0,0.0
174,94,487.0,420.0,0.0
174,46,510.0,446.0,0.0
174,57,446.0,436.0,1.7400000000000013
174,70,536.0,501.0,0.0
174,21,513.0,476.0,0.0
174,38,533.0,493.0,0.0
174,88,505.0,486.0,0.0
174,78,516.0,408.0,0.0
174,72,454.0,479.0,0.0
174,24,443.0,477.0,0.0
174,8,495.0,453.0,0.0
174,17,499.0,454.0,0.0
174,37,500.0,481.0,0.0
174,1,441.0,460.0,1.7400000000000013
174,53,511.0,470.0,0.0
174,22,446.0,493.0,0.0
174,47,498.0,470.0,0.0
174,83,495.0,475.0,0.0
174,99,482.0,408.0,0.0
174,89,474.0,460.0,0.0
174,14,453.0,457.0,1.7400000000000013
174,3,495.0,416.0,0.0
174,80,517.0,419.0,0.0
174,96,442.0,483.0,0.0
174,51,515.0,430.0,0.0
174,33,509.0,431.0,0.0
174,40,528.0,407.0,0.0
174,48,532.0,423.0,0.0
174,15,537.0,420.0,0.0
174,65,457.0,487.0,0.0
174,97,450.0,476.0,0.0
175,5,517.0,420.0,0.0
175,56,447.0,504.0,0.0
175,35,517.0,473.0,0.0
175,55,512.0,475.0,0.0
175,60,479.0,468.0,0.0
175,30,454.0,439.0,1.7500000000000013
175,32,459.0,502.0,0.0
175,6,455.0,487.0,0.0
175,67,507.0,424.0,0.0
175,45,466.0,438.0,1.7500000000000013
175,73,443.0,477.0,0.0
175,64,501.0,445.0,0.0
175,90,478.0,485.0,0.0
175,4,509.0,428.0,0.0
175,13,538.0,438.0,0.0
175,54,480.0,445.0,0.0
175,63,502.0,501.0,0.0
175,86,447.0,467.0,0.0
175,91,526.0,502.0,0.0
175,62,523.0,474.0,0.0
175,58,472.0,418.0,1.7500000000000013
175,52,479.0,418.0,0.0
175,12,445.0,417.0,1.7500000000000013
175,28,479.0,490.0,0.0
175,75,443.0,424.0,1.7500000000000013
175,23,510.0,421.0,0.0
175,92,492.0,477.0,0.0
175,41,456.0,487.0,0.0
175,43,521.0,414.0,0.0
175,11,504.0,431.0,0.0
175,36,506.0,467.0,0.0
175,68,513.0,413.0,0.0
175,69,449.0,437.0,1.7500000000000013
175,98,442.0,500.0,0.0
175,82,470.0,411.0,1.7500000000000013
175,85,526.0,409.0,0.0
175,39,483.0,504.0,0.0
175,84,522.0,446.0,0.0
175,77,449.0,493.0,0.0
175,7,504.0,426.0,0.0
175,25,448.0,458.0,1.7500000000000013
175,95,523.0,506.0,0.0
175,71,473.0,502.0,0.0
175,66,507.0,505.0,0.0
175,76,477.0,489.0,0.0
175,34,479.0,409.0,0.0
175,50,448.0,442.0,1.7500000000000013
175,59,502.0,441.0,0.0
175,93,449.0,442.0,1.7500000000000013
175,2,485.0,445.0,0.0
175,10,454.0,426.0,1.7500000000000013
175,18,458.0,418.0,1.7500000000000013
175,26,472.0,414.0,1.7500000000000013
175,27,453.0,409.0,1.7500000000000013
175,42,441.0,482.0,0.0
175,87,505.0,455.0,0.0
175,100,530.0,428.0,0.0
175,79,516.0,470.0,0.0
175,16,487.0,488.0,0.0
175,20,457.0,478.0,0.0
175,81,527.0,410.0,0.0
175,19,442.0,464.0,0.0
175,49,482.0,429.0,0.0
175,44,469.0,440.0,1.7500000000000013
175,9,536.0,504.0,0.0
175,31,468.0,418.0,1.7500000000000013
175,74,512.0,437.0,0.0
175,61,458.0,468.0,0.0
175,29,493.0,442.0,0.0
175,94,487.0,420.0,0.0
175,46,510.0,446.0,0.0
175,57,446.0,436.0,1.7500000000000013
175,70,536.0,501.0,0.0
175,21,513.0,476.0,0.0
175,38,533.0,493.0,0.0
175,88,505.0,486.0,0.0
175,78,516.0,408.0,0.0
175,72,454.0,479.0,0.0
175,24,443.0,477.0,0.0
175,8,495.0,453.0,0.0
175,17,499.0,454.0,0.0
175,37,500.0,481.0,0.0
175,1,441.0,460.0,1.7500000000000013
175,53,511.0,470.0,0.0
175,22,446.0,493.0,0.0
175,47,498.0,470.0,0.0
175,83,495.0,475.0,0.0
175,99,482.0,408.0,0.0
175,89,474.0,460.0,0.0
175,14,453.0,457.0,1.7500000000000013
175,3,495.0,416.0,0.0
175,80,517.0,419.0,0.0
175,96,442.0,483.0,0.0
175,51,515.0,430.0,0.0
175,33,509.0,431.0,0.0
175,40,528.0,407.0,0.0
175,48,532.0,423.0,0.0
175,15,537.0,420.0,0.0
175,65,457.0,487.0,0.0
175,97,450.0,476.0,0.0
176,5,517.0,420.0,0.0
176,56,447.0,504.0,0.0
176,35,517.0,473.0,0.0
176,55,512.0,475.0,0.0
176,60,479.0,468.0,0.0
176,30,454.0,439.0,1.7600000000000013
176,32,459.0,502.0,0.0
176,6,455.0,487.0,0.0
176,67,507.0,424.0,0.0
176,45,466.0,438.0,1.7600000000000013
176,73,443.0,477.0,0.0
176,64,501.0,445.0,0.0
176,90,478.0,485.0,0.0
176,4,509.0,428.0,0.0
176,13,538.0,438.0,0.0
176,54,480.0,445.0,0.0
176,63,502.0,501.0,0.0
176,86,447.0,467.0,0.0
176,91,526.0,502.0,0.0
176,62,523.0,474.0,0.0
176,58,472.0,418.0,1.7600000000000013
176,52,479.0,418.0,0.0
176,12,445.0,417.0,1.7600000000000013
176,28,479.0,490.0,0.0
176,75,443.0,424.0,1.7600000000000013
176,23,510.0,421.0,0.0
176,92,492.0,477.0,0.0
176,41,456.0,487.0,0.0
176,43,521.0,414.0,0.0
176,11,504.0,431.0,0.0
176,36,506.0,467.0,0.0
176,68,513.0,413.0,0.0
176,69,449.0,437.0,1.7600000000000013
176,98,442.0,500.0,0.0
176,82,470.0,411.0,1.7600000000000013
176,85,526.0,409.0,0.0
176,39,483.0,504.0,0.0
176,84,522.0,446.0,0.0
176,77,449.0,493.0,0.0
176,7,504.0,426.0,0.0
176,25,448.0,458.0,1.7600000000000013
176,95,523.0,506.0,0.0
176,71,473.0,502.0,0.0
176,66,507.0,505.0,0.0
176,76,477.0,489.0,0.0
176,34,479.0,409.0,0.0
176,50,448.0,442.0,1.7600000000000013
176,59,502.0,441.0,0.0
176,93,449.0,442.0,1.7600000000000013
176,2,485.0,445.0,0.0
176,10,454.0,426.0,1.7600000000000013
176,18,458.0,418.0,1.7600000000000013
176,26,472.0,414.0,1.7600000000000013
176,27,453.0,409.0,1.7600000000000013
176,42,441.0,482.0,0.0
176,87,505.0,455.0,0.0
176,100,530.0,428.0,0.0
176,79,516.0,470.0,0.0
176,16,487.0,488.0,0.0
176,20,457.0,478.0,0.0
176,81,527.0,410.0,0.0
176,19,442.0,464.0,0.0
176,49,482.0,429.0,0.0
176,44,469.0,440.0,1.7600000000000013
176,9,536.0,504.0,0.0
176,31,468.0,418.0,1.7600000000000013
176,74,512.0,437.0,0.0
176,61,458.0,468.0,0.0
176,29,493.0,442.0,0.0
176,94,487.0,420.0,0.0
176,46,510.0,446.0,0.0
176,57,446.0,436.0,1.7600000000000013
176,70,536.0,501.0,0.0
176,21,513.0,476.0,0.0
176,38,533.0,493.0,0.0
176,88,505.0,486.0,0.0
176,78,516.0,408.0,0.0
176,72,454.0,479.0,0.0
176,24,443.0,477.0,0.0
176,8,495.0,453.0,0.0
176,17,499.0,454.0,0.0
176,37,500.0,481.0,0.0
176,1,441.0,460.0,1.7600000000000013
176,53,511.0,470.0,0.0
176,22,446.0,493.0,0.0
176,47,498.0,470.0,0.0
176,83,495.0,475.0,0.0
176,99,482.0,408.0,0.0
176,89,474.0,460.0,0.0
176,14,453.0,457.0,1.7600000000000013
176,3,495.0,416.0,0.0
176,80,517.0,419.0,0.0
176,96,442.0,483.0,0.0
176,51,515.0,430.0,0.0
176,33,509.0,431.0,0.0
176,40,528.0,407.0,0.0
176,48,532.0,423.0,0.0
176,15,537.0,420.0,0.0
176,65,457.0,487.0,0.0
176,97,450.0,476.0,0.0
177,5,517.0,420.0,0.0
177,56,447.0,504.0,0.0
177,35,517.0,473.0,0.0
177,55,512.0,475.0,0.0
177,60,479.0,468.0,0.0
177,30,454.0,439.0,1.7700000000000014
177,32,459.0,502.0,0.0
177,6,455.0,487.0,0.0
177,67,507.0,424.0,0.0
177,45,466.0,438.0,1.7700000000000014
177,73,443.0,477.0,0.0
177,64,501.0,445.0,0.0
177,90,478.0,485.0,0.0
177,4,509.0,428.0,0.0
177,13,538.0,438.0,0.0
177,54,480.0,445.0,0.0
177,63,502.0,501.0,0.0
177,86,447.0,467.0,0.0
177,91,526.0,502.0,0.0
177,62,523.0,474.0,0.0
177,58,472.0,418.0,1.7700000000000014
177,52,479.0,418.0,0.0
177,12,445.0,417.0,1.7700000000000014
177,28,479.0,490.0,0.0
177,75,443.0,424.0,1.7700000000000014
177,23,510.0,421.0,0.0
177,92,492.0,477.0,0.0
177,41,456.0,487.0,0.0
177,43,521.0,414.0,0.0
177,11,504.0,431.0,0.0
177,36,506.0,467.0,0.0
177,68,513.0,413.0,0.0
177,69,449.0,437.0,1.7700000000000014
177,98,442.0,500.0,0.0
177,82,470.0,411.0,1.7700000000000014
177,85,526.0,409.0,0.0
177,39,483.0,504.0,0.0
177,84,522.0,446.0,0.0
177,77,449.0,493.0,0.0
177,7,504.0,426.0,0.0
177,25,448.0,458.0,1.7700000000000014
177,95,523.0,506.0,0.0
177,71,473.0,502.0,0.0
177,66,507.0,505.0,0.0
177,76,477.0,489.0,0.0
177,34,479.0,409.0,0.0
177,50,448.0,442.0,1.7700000000000014
177,59,502.0,441.0,0.0
177,93,449.0,442.0,1.7700000000000014
177,2,485.0,445.0,0.0
177,10,454.0,426.0,1.7700000000000014
177,18,458.0,418.0,1.7700000000000014
177,26,472.0,414.0,1.7700000000000014
177,27,453.0,409.0,1.7700000000000014
177,42,441.0,482.0,0.0
177,87,505.0,455.0,0.0
177,100,530.0,428.0,0.0
177,79,516.0,470.0,0.0
177,16,487.0,488.0,0.0
177,20,457.0,478.0,0.0
177,81,527.0,410.0,0.0
177,19,442.0,464.0,0.0
177,49,482.0,429.0,0.0
177,44,469.0,440.0,1.7700000000000014
177,9,536.0,504.0,0.0
177,31,468.0,418.0,1.7700000000000014
177,74,512.0,437.0,0.0
177,61,458.0,468.0,0.0
177,29,493.0,442.0,0.0
177,94,487.0,420.0,0.0
177,46,510.0,446.0,0.0
177,57,446.0,436.0,1.7700000000000014
177,70,536.0,501.0,0.0
177,21,513.0,476.0,0.0
177,38,533.0,493.0,0.0
177,88,505.0,486.0,0.0
177,78,516.0,408.0,0.0
177,72,454.0,479.0,0.0
177,24,443.0,477.0,0.0
177,8,495.0,453.0,0.0
177,17,499.0,454.0,0.0
177,37,500.0,481.0,0.0
177,1,441.0,460.0,1.7700000000000014
177,53,511.0,470.0,0.0
177,22,446.0,493.0,0.0
177,47,498.0,470.0,0.0
177,83,495.0,475.0,0.0
177,99,482.0,408.0,0.0
177,89,474.0,460.0,0.0
177,14,453.0,457.0,1.7700000000000014
177,3,495.0,416.0,0.0
177,80,517.0,419.0,0.0
177,96,442.0,483.0,0.0
177,51,515.0,430.0,0.0
177,33,509.0,431.0,0.0
177,40,528.0,407.0,0.0
177,48,532.0,423.0,0.0
177,15,537.0,420.0,0.0
177,65,457.0,487.0,0.0
177,97,450.0,476.0,0.0
178,5,517.0,420.0,0.0
178,56,447.0,504.0,0.0
178,35,517.0,473.0,0.0
178,55,512.0,475.0,0.0
178,60,479.0,468.0,0.0
178,30,454.0,439.0,1.7800000000000014
178,32,459.0,502.0,0.0
178,6,455.0,487.0,0.0
178,67,507.0,424.0,0.0
178,45,466.0,438.0,1.7800000000000014
178,73,443.0,477.0,0.0
178,64,501.0,445.0,0.0
178,90,478.0,485.0,0.0
178,4,509.0,428.0,0.0
178,13,538.0,438.0,0.0
178,54,480.0,445.0,0.0
178,63,502.0,501.0,0.0
178,86,447.0,467.0,0.0
178,91,526.0,502.0,0.0
178,62,523.0,474.0,0.0
178,58,472.0,418.0,1.7800000000000014
178,52,479.0,418.0,0.0
178,12,445.0,417.0,1.7800000000000014
178,28,479.0,490.0,0.0
178,75,443.0,424.0,1.7800000000000014
178,23,510.0,421.0,0.0
178,92,492.0,477.0,0.0
178,41,456.0,487.0,0.0
178,43,521.0,414.0,0.0
178,11,504.0,431.0,0.0
178,36,506.0,467.0,0.0
178,68,513.0,413.0,0.0
178,69,449.0,437.0,1.7800000000000014
178,98,442.0,500.0,0.0
178,82,470.0,411.0,1.7800000000000014
178,85,526.0,409.0,0.0
178,39,483.0,504.0,0.0
178,84,522.0,446.0,0.0
178,77,449.0,493.0,0.0
178,7,504.0,426.0,0.0
178,25,448.0,458.0,1.7800000000000014
178,95,523.0,506.0,0.0
178,71,473.0,502.0,0.0
178,66,507.0,505.0,0.0
178,76,477.0,489.0,0.0
178,34,479.0,409.0,0.0
178,50,448.0,442.0,1.7800000000000014
178,59,502.0,441.0,0.0
178,93,449.0,442.0,1.7800000000000014
178,2,485.0,445.0,0.0
178,10,454.0,426.0,1.7800000000000014
178,18,458.0,418.0,1.7800000000000014
178,26,472.0,414.0,1.7800000000000014
178,27,453.0,409.0,1.7800000000000014
178,42,441.0,482.0,0.0
178,87,505.0,455.0,0.0
178,100,530.0,428.0,0.0
178,79,516.0,470.0,0.0
178,16,487.0,488.0,0.0
178,20,457.0,478.0,0.0
178,81,527.0,410.0,0.0
178,19,442.0,464.0,0.0
178,49,482.0,429.0,0.0
178,44,469.0,440.0,1.7800000000000014
178,9,536.0,504.0,0.0
178,31,468.0,418.0,1.7800000000000014
178,74,512.0,437.0,0.0
178,61,458.0,468.0,0.0
178,29,493.0,442.0,0.0
178,94,487.0,420.0,0.0
178,46,510.0,446.0,0.0
178,57,446.0,436.0,1.7800000000000014
178,70,536.0,501.0,0.0
178,21,513.0,476.0,0.0
178,38,533.0,493.0,0.0
178,88,505.0,486.0,0.0
178,78,516.0,408.0,0.0
178,72,454.0,479.0,0.0
178,24,443.0,477.0,0.0
178,8,495.0,453.0,0.0
178,17,499.0,454.0,0.0
178,37,500.0,481.0,0.0
178,1,441.0,460.0,1.7800000000000014
178,53,511.0,470.0,0.0
178,22,446.0,493.0,0.0
178,47,498.0,470.0,0.0
178,83,495.0,475.0,0.0
178,99,482.0,408.0,0.0
178,89,474.0,460.0,0.0
178,14,453.0,457.0,1.7800000000000014
178,3,495.0,416.0,0.0
178,80,517.0,419.0,0.0
178,96,442.0,483.0,0.0
178,51,515.0,430.0,0.0
178,33,509.0,431.0,0.0
178,40,528.0,407.0,0.0
178,48,532.0,423.0,0.0
178,15,537.0,420.0,0.0
178,65,457.0,487.0,0.0
178,97,450.0,476.0,0.0
179,5,517.0,420.0,0.0
179,56,447.0,504.0,0.0
179,35,517.0,473.0,0.0
179,55,512.0,475.0,0.0
179,60,479.0,468.0,0.0
179,30,454.0,439.0,1.7900000000000014
179,32,459.0,502.0,0.0
179,6,455.0,487.0,0.0
179,67,507.0,424.0,0.0
179,45,466.0,438.0,1.7900000000000014
179,73,443.0,477.0,0.0
179,64,501.0,445.0,0.0
179,90,478.0,485.0,0.0
179,4,509.0,428.0,0.0
179,13,538.0,438.0,0.0
179,54,480.0,445.0,0.0
179,63,502.0,501.0,0.0
179,86,447.0,467.0,0.0
179,91,526.0,502.0,0.0
179,62,523.0,474.0,0.0
179,58,472.0,418.0,1.7900000000000014
179,52,479.0,418.0,0.0
179,12,445.0,417.0,1.7900000000000014
179,28,479.0,490.0,0.0
179,75,443.0,424.0,1.7900000000000014
179,23,510.0,421.0,0.0
179,92,492.0,477.0,0.0
179,41,456.0,487.0,0.0
179,43,521.0,414.0,0.0
179,11,504.0,431.0,0.0
179,36,506.0,467.0,0.0
179,68,513.0,413.0,0.0
179,69,449.0,437.0,1.7900000000000014
179,98,442.0,500.0,0.0
179,82,470.0,411.0,1.7900000000000014
179,85,526.0,409.0,0.0
179,39,483.0,504.0,0.0
179,84,522.0,446.0,0.0
179,77,449.0,493.0,0.0
179,7,504.0,426.0,0.0
179,25,448.0,458.0,1.7900000000000014
179,95,523.0,506.0,0.0
179,71,473.0,502.0,0.0
179,66,507.0,505.0,0.0
179,76,477.0,489.0,0.0
179,34,479.0,409.0,0.0
179,50,448.0,442.0,1.7900000000000014
179,59,502.0,441.0,0.0
179,93,449.0,442.0,1.7900000000000014
179,2,485.0,445.0,0.0
179,10,454.0,426.0,1.7900000000000014
179,18,458.0,418.0,1.7900000000000014
179,26,472.0,414.0,1.7900000000000014
179,27,453.0,409.0,1.7900000000000014
179,42,441.0,482.0,0.0
179,87,505.0,455.0,0.0
179,100,530.0,428.0,0.0
179,79,516.0,470.0,0.0
179,16,487.0,488.0,0.0
179,20,457.0,478.0,0.0
179,81,527.0,410.0,0.0
179,19,442.0,464.0,0.0
179,49,482.0,429.0,0.0
179,44,469.0,440.0,1.7900000000000014
179,9,536.0,504.0,0.0
179,31,468.0,418.0,1.7900000000000014
179,74,512.0,437.0,0.0
179,61,458.0,468.0,0.0
179,29,493.0,442.0,0.0
179,94,487.0,420.0,0.0
179,46,510.0,446.0,0.0
179,57,446.0,436.0,1.7900000000000014
179,70,536.0,501.0,0.0
179,21,513.0,476.0,0.0
179,38,533.0,493.0,0.0
179,88,505.0,486.0,0.0
179,78,516.0,408.0,0.0
179,72,454.0,479.0,0.0
179,24,443.0,477.0,0.0
179,8,495.0,453.0,0.0
179,17,499.0,454.0,0.0
179,37,500.0,481.0,0.0
179,1,441.0,460.0,1.7900000000000014
179,53,511.0,470.0,0.0
179,22,446.0,493.0,0.0
179,47,498.0,470.0,0.0
179,83,495.0,475.0,0.0
179,99,482.0,408.0,0.0
179,89,474.0,460.0,0.0
179,14,453.0,457.0,1.7900000000000014
179,3,495.0,416.0,0.0
179,80,517.0,419.0,0.0
179,96,442.0,483.0,0.0
179,51,515.0,430.0,0.0
179,33,509.0,431.0,0.0
179,40,528.0,407.0,0.0
179,48,532.0,423.0,0.0
179,15,537.0,420.0,0.0
179,65,457.0,487.0,0.0
179,97,450.0,476.0,0.0
180,5,517.0,420.0,0.0
180,56,447.0,504.0,0.0
180,35,517.0,473.0,0.0
180,55,512.0,475.0,0.0
180,60,479.0,468.0,0.0
180,30,454.0,439.0,1.8000000000000014
180,32,459.0,502.0,0.0
180,6,455.0,487.0,0.0
180,67,507.0,424.0,0.0
180,45,466.0,438.0,1.8000000000000014
180,73,443.0,477.0,0.0
180,64,501.0,445.0,0.0
180,90,478.0,485.0,0.0
180,4,509.0,428.0,0.0
180,13,538.0,438.0,0.0
180,54,480.0,445.0,0.0
180,63,502.0,501.0,0.0
180,86,447.0,467.0,0.0
180,91,526.0,502.0,0.0
180,62,523.0,474.0,0.0
180,58,472.0,418.0,1.8000000000000014
180,52,479.0,418.0,0.0
180,12,445.0,417.0,1.8000000000000014
180,28,479.0,490.0,0.0
180,75,443.0,424.0,1.8000000000000014
180,23,510.0,421.0,0.0
180,92,492.0,477.0,0.0
180,41,456.0,487.0,0.0
180,43,521.0,414.0,0.0
180,11,504.0,431.0,0.0
180,36,506.0,467.0,0.0
180,68,513.0,413.0,0.0
180,69,449.0,437.0,1.8000000000000014
180,98,442.0,500.0,0.0
180,82,470.0,411.0,1.8000000000000014
180,85,526.0,409.0,0.0
180,39,483.0,504.0,0.0
180,84,522.0,446.0,0.0
180,77,449.0,493.0,0.0
180,7,504.0,426.0,0.0
180,25,448.0,458.0,1.8000000000000014
180,95,523.0,506.0,0.0
180,71,473.0,502.0,0.0
180,66,507.0,505.0,0.0
180,76,477.0,489.0,0.0
180,34,479.0,409.0,0.0
180,50,448.0,442.0,1.8000000000000014
180,59,502.0,441.0,0.0
180,93,449.0,442.0,1.8000000000000014
180,2,485.0,445.0,0.0
180,10,454.0,426.0,1.8000000000000014
180,18,458.0,418.0,1.8000000000000014
180,26,472.0,414.0,1.8000000000000014
180,27,453.0,409.0,1.8000000000000014
180,42,441.0,482.0,0.0
180,87,505.0,455.0,0.0
180,100,530.0,428.0,0.0
180,79,516.0,470.0,0.0
180,16,487.0,488.0,0.0
180,20,457.0,478.0,0.0
180,81,527.0,410.0,0.0
180,19,442.0,464.0,0.0
180,49,482.0,429.0,0.0
180,44,469.0,440.0,1.8000000000000014
180,9,536.0,504.0,0.0
180,31,468.0,418.0,1.8000000000000014
180,74,512.0,437.0,0.0
180,61,458.0,468.0,0.0
180,29,493.0,442.0,0.0
180,94,487.0,420.0,0.0
180,46,510.0,446.0,0.0
180,57,446.0,436.0,1.8000000000000014
180,70,536.0,501.0,0.0
180,21,513.0,476.0,0.0
180,38,533.0,493.0,0.0
180,88,505.0,486.0,0.0
180,78,516.0,408.0,0.0
180,72,454.0,479.0,0.0
180,24,443.0,477.0,0.0
180,8,495.0,453.0,0.0
180,17,499.0,454.0,0.0
180,37,500.0,481.0,0.0
180,1,441.0,460.0,1.8000000000000014
180,53,511.0,470.0,0.0
180,22,446.0,493.0,0.0
180,47,498.0,470.0,0.0
180,83,495.0,475.0,0.0
180,99,482.0,408.0,0.0
180,89,474.0,460.0,0.0
180,14,453.0,457.0,1.8000000000000014
180,3,495.0,416.0,0.0
180,80,517.0,419.0,0.0
180,96,442.0,483.0,0.0
180,51,515.0,430.0,0.0
180,33,509.0,431.0,0.0
180,40,528.0,407.0,0.0
180,48,532.0,423.0,0.0
180,15,537.0,420.0,0.0
180,65,457.0,487.0,0.0
180,97,450.0,476.0,0.0
181,5,517.0,420.0,0.0
181,56,447.0,504.0,0.0
181,35,517.0,473.0,0.0
181,55,512.0,475.0,0.0
181,60,479.0,468.0,0.0
181,30,454.0,439.0,1.8100000000000014
181,32,459.0,502.0,0.0
181,6,455.0,487.0,0.0
181,67,507.0,424.0,0.0
181,45,466.0,438.0,1.8100000000000014
181,73,443.0,477.0,0.0
181,64,501.0,445.0,0.0
181,90,478.0,485.0,0.0
181,4,509.0,428.0,0.0
181,13,538.0,438.0,0.0
181,54,480.0,445.0,0.0
181,63,502.0,501.0,0.0
181,86,447.0,467.0,0.0
181,91,526.0,502.0,0.0
181,62,523.0,474.0,0.0
181,58,472.0,418.0,1.8100000000000014
181,52,479.0,418.0,0.0
181,12,445.0,417.0,1.8100000000000014
181,28,479.0,490.0,0.0
181,75,443.0,424.0,1.8100000000000014
181,23,510.0,421.0,0.0
181,92,492.0,477.0,0.0
181,41,456.0,487.0,0.0
181,43,521.0,414.0,0.0
181,11,504.0,431.0,0.0
181,36,506.0,467.0,0.0
181,68,513.0,413.0,0.0
181,69,449.0,437.0,1.8100000000000014
181,98,442.0,500.0,0.0
181,82,470.0,411.0,1.8100000000000014
181,85,526.0,409.0,0.0
181,39,483.0,504.0,0.0
181,84,522.0,446.0,0.0
181,77,449.0,493.0,0.0
181,7,504.0,426.0,0.0
181,25,448.0,458.0,1.8100000000000014
181,95,523.0,506.0,0.0
181,71,473.0,502.0,0.0
181,66,507.0,505.0,0.0
181,76,477.0,489.0,0.0
181,34,479.0,409.0,0.0
181,50,448.0,442.0,1.8100000000000014
181,59,502.0,441.0,0.0
181,93,449.0,442.0,1.8100000000000014
181,2,485.0,445.0,0.0
181,10,454.0,426.0,1.8100000000000014
181,18,458.0,418.0,1.8100000000000014
181,26,472.0,414.0,1.8100000000000014
181,27,453.0,409.0,1.8100000000000014
181,42,441.0,482.0,0.0
181,87,505.0,455.0,0.0
181,100,530.0,428.0,0.0
181,79,516.0,470.0,0.0
181,16,487.0,488.0,0.0
181,20,457.0,478.0,0.0
181,81,527.0,410.0,0.0
181,19,442.0,464.0,0.0
181,49,482.0,429.0,0.0
181,44,469.0,440.0,1.8100000000000014
181,9,536.0,504.0,0.0
181,31,468.0,418.0,1.8100000000000014
181,74,512.0,437.0,0.0
181,61,458.0,468.0,0.0
181,29,493.0,442.0,0.0
181,94,487.0,420.0,0.0
181,46,510.0,446.0,0.0
181,57,446.0,436.0,1.8100000000000014
181,70,536.0,501.0,0.0
181,21,513.0,476.0,0.0
181,38,533.0,493.0,0.0
181,88,505.0,486.0,0.0
181,78,516.0,408.0,0.0
181,72,454.0,479.0,0.0
181,24,443.0,477.0,0.0
181,8,495.0,453.0,0.0
181,17,499.0,454.0,0.0
181,37,500.0,481.0,0.0
181,1,441.0,460.0,1.8100000000000014
181,53,511.0,470.0,0.0
181,22,446.0,493.0,0.0
181,47,498.0,470.0,0.0
181,83,495.0,475.0,0.0
181,99,482.0,408.0,0.0
181,89,474.0,460.0,0.0
181,14,453.0,457.0,1.8100000000000014
181,3,495.0,416.0,0.0
181,80,517.0,419.0,0.0
181,96,442.0,483.0,0.0
181,51,515.0,430.0,0.0
181,33,509.0,431.0,0.0
181,40,528.0,407.0,0.0
181,48,532.0,423.0,0.0
181,15,537.0,420.0,0.0
181,65,457.0,487.0,0.0
181,97,450.0,476.0,0.0
182,5,517.0,420.0,0.0
182,56,447.0,504.0,0.0
182,35,517.0,473.0,0.0
182,55,512.0,475.0,0.0
182,60,479.0,468.0,0.0
182,30,454.0,439.0,1.8200000000000014
182,32,459.0,502.0,0.0
182,6,455.0,487.0,0.0
182,67,507.0,424.0,0.0
182,45,466.0,438.0,1.8200000000000014
182,73,443.0,477.0,0.0
182,64,501.0,445.0,0.0
182,90,478.0,485.0,0.0
182,4,509.0,428.0,0.0
182,13,538.0,438.0,0.0
182,54,480.0,445.0,0.0
182,63,502.0,501.0,0.0
182,86,447.0,467.0,0.0
182,91,526.0,502.0,0.0
182,62,523.0,474.0,0.0
182,58,472.0,418.0,1.8200000000000014
182,52,479.0,418.0,0.0
182,12,445.0,417.0,1.8200000000000014
182,28,479.0,490.0,0.0
182,75,443.0,424.0,1.8200000000000014
182,23,510.0,421.0,0.0
182,92,492.0,477.0,0.0
182,41,456.0,487.0,0.0
182,43,521.0,414.0,0.0
182,11,504.0,431.0,0.0
182,36,506.0,467.0,0.0
182,68,513.0,413.0,0.0
182,69,449.0,437.0,1.8200000000000014
182,98,442.0,500.0,0.0
182,82,470.0,411.0,1.8200000000000014
182,85,526.0,409.0,0.0
182,39,483.0,504.0,0.0
182,84,522.0,446.0,0.0
182,77,449.0,493.0,0.0
182,7,504.0,426.0,0.0
182,25,448.0,458.0,1.8200000000000014
182,95,523.0,506.0,0.0
182,71,473.0,502.0,0.0
182,66,507.0,505.0,0.0
182,76,477.0,489.0,0.0
182,34,479.0,409.0,0.0
182,50,448.0,442.0,1.8200000000000014
182,59,502.0,441.0,0.0
182,93,449.0,442.0,1.8200000000000014
182,2,485.0,445.0,0.0
182,10,454.0,426.0,1.8200000000000014
182,18,458.0,418.0,1.8200000000000014
182,26,472.0,414.0,1.8200000000000014
182,27,453.0,409.0,1.8200000000000014
182,42,441.0,482.0,0.0
182,87,505.0,455.0,0.0
182,100,530.0,428.0,0.0
182,79,516.0,470.0,0.0
182,16,487.0,488.0,0.0
182,20,457.0,478.0,0.0
182,81,527.0,410.0,0.0
182,19,442.0,464.0,0.0
182,49,482.0,429.0,0.0
182,44,469.0,440.0,1.8200000000000014
182,9,536.0,504.0,0.0
182,31,468.0,418.0,1.8200000000000014
182,74,512.0,437.0,0.0
182,61,458.0,468.0,0.0
182,29,493.0,442.0,0.0
182,94,487.0,420.0,0.0
182,46,510.0,446.0,0.0
182,57,446.0,436.0,1.8200000000000014
182,70,536.0,501.0,0.0
182,21,513.0,476.0,0.0
182,38,533.0,493.0,0.0
182,88,505.0,486.0,0.0
182,78,516.0,408.0,0.0
182,72,454.0,479.0,0.0
182,24,443.0,477.0,0.0
182,8,495.0,453.0,0.0
182,17,499.0,454.0,0.0
182,37,500.0,481.0,0.0
182,1,441.0,460.0,1.8200000000000014
182,53,511.0,470.0,0.0
182,22,446.0,493.0,0.0
182,47,498.0,470.0,0.0
182,83,495.0,475.0,0.0
182,99,482.0,408.0,0.0
182,89,474.0,460.0,0.0
182,14,453.0,457.0,1.8200000000000014
182,3,495.0,416.0,0.0
182,80,517.0,419.0,0.0
182,96,442.0,483.0,0.0
182,51,515.0,430.0,0.0
182,33,509.0,431.0,0.0
182,40,528.0,407.0,0.0
182,48,532.0,423.0,0.0
182,15,537.0,420.0,0.0
182,65,457.0,487.0,0.0
182,97,450.0,476.0,0.0
183,5,517.0,420.0,0.0
183,56,447.0,504.0,0.0
183,35,517.0,473.0,0.0
183,55,512.0,475.0,0.0
183,60,479.0,468.0,0.0
183,30,454.0,439.0,1.8300000000000014
183,32,459.0,502.0,0.0
183,6,455.0,487.0,0.0
183,67,507.0,424.0,0.0
183,45,466.0,438.0,1.8300000000000014
183,73,443.0,477.0,0.0
183,64,501.0,445.0,0.0
183,90,478.0,485.0,0.0
183,4,509.0,428.0,0.0
183,13,538.0,438.0,0.0
183,54,480.0,445.0,0.0
183,63,502.0,501.0,0.0
183,86,447.0,467.0,0.0
183,91,526.0,502.0,0.0
183,62,523.0,474.0,0.0
183,58,472.0,418.0,1.8300000000000014
183,52,479.0,418.0,0.0
183,12,445.0,417.0,1.8300000000000014
183,28,479.0,490.0,0.0
183,75,443.0,424.0,1.8300000000000014
183,23,510.0,421.0,0.0
183,92,492.0,477.0,0.0
183,41,456.0,487.0,0.0
183,43,521.0,414.0,0.0
183,11,504.0,431.0,0.0
183,36,506.0,467.0,0.0
183,68,513.0,413.0,0.0
183,69,449.0,437.0,1.8300000000000014
183,98,442.0,500.0,0.0
183,82,470.0,411.0,1.8300000000000014
183,85,526.0,409.0,0.0
183,39,483.0,504.0,0.0
183,84,522.0,446.0,0.0
183,77,449.0,493.0,0.0
183,7,504.0,426.0,0.0
183,25,448.0,458.0,1.8300000000000014
183,95,523.0,506.0,0.0
183,71,473.0,502.0,0.0
183,66,507.0,505.0,0.0
183,76,477.0,489.0,0.0
183,34,479.0,409.0,0.0
183,50,448.0,442.0,1.8300000000000014
183,59,502.0,441.0,0.0
183,93,449.0,442.0,1.8300000000000014
183,2,485.0,445.0,0.0
183,10,454.0,426.0,1.8300000000000014
183,18,458.0,418.0,1.8300000000000014
183,26,472.0,414.0,1.8300000000000014
183,27,453.0,409.0,1.8300000000000014
183,42,441.0,482.0,0.0
183,87,505.0,455.0,0.0
183,100,530.0,428.0,0.0
183,79,516.0,470.0,0.0
183,16,487.0,488.0,0.0
183,20,457.0,478.0,0.0
183,81,527.0,410.0,0.0
183,19,442.0,464.0,0.0
183,49,482.0,429.0,0.0
183,44,469.0,440.0,1.8300000000000014
183,9,536.0,504.0,0.0
183,31,468.0,418.0,1.8300000000000014
183,74,512.0,437.0,0.0
183,61,458.0,468.0,0.0
183,29,493.0,442.0,0.0
183,94,487.0,420.0,0.0
183,46,510.0,446.0,0.0
183,57,446.0,436.0,1.8300000000000014
183,70,536.0,501.0,0.0
183,21,513.0,476.0,0.0
183,38,533.0,493.0,0.0
183,88,505.0,486.0,0.0
183,78,516.0,408.0,0.0
183,72,454.0,479.0,0.0
183,24,443.0,477.0,0.0
183,8,495.0,453.0,0.0
183,17,499.0,454.0,0.0
183,37,500.0,481.0,0.0
183,1,441.0,460.0,1.8300000000000014
183,53,511.0,470.0,0.0
183,22,446.0,493.0,0.0
183,47,498.0,470.0,0.0
183,83,495.0,475.0,0.0
183,99,482.0,408.0,0.0
183,89,474.0,460.0,0.0
183,14,453.0,457.0,1.8300000000000014
183,3,495.0,416.0,0.0
183,80,517.0,419.0,0.0
183,96,442.0,483.0,0.0
183,51,515.0,430.0,0.0
183,33,509.0,431.0,0.0
183,40,528.0,407.0,0.0
183,48,532.0,423.0,0.0
183,15,537.0,420.0,0.0
183,65,457.0,487.0,0.0
183,97,450.0,476.0,0.0
184,5,517.0,420.0,0.0
184,56,447.0,504.0,0.0
184,35,517.0,473.0,0.0
184,55,512.0,475.0,0.0
184,60,479.0,468.0,0.0
184,30,454.0,439.0,1.8400000000000014
184,32,459.0,502.0,0.0
184,6,455.0,487.0,0.0
184,67,507.0,424.0,0.0
184,45,466.0,438.0,1.8400000000000014
184,73,443.0,477.0,0.0
184,64,501.0,445.0,0.0
184,90,478.0,485.0,0.0
184,4,509.0,428.0,0.0
184,13,538.0,438.0,0.0
184,54,480.0,445.0,0.0
184,63,502.0,501.0,0.0
184,86,447.0,467.0,0.0
184,91,526.0,502.0,0.0
184,62,523.0,474.0,0.0
184,58,472.0,418.0,1.8400000000000014
184,52,479.0,418.0,0.0
184,12,445.0,417.0,1.8400000000000014
184,28,479.0,490.0,0.0
184,75,443.0,424.0,1.8400000000000014
184,23,510.0,421.0,0.0
184,92,492.0,477.0,0.0
184,41,456.0,487.0,0.0
184,43,521.0,414.0,0.0
184,11,504.0,431.0,0.0
184,36,506.0,467.0,0.0
184,68,513.0,413.0,0.0
184,69,449.0,437.0,1.8400000000000014
184,98,442.0,500.0,0.0
184,82,470.0,411.0,1.8400000000000014
184,85,526.0,409.0,0.0
184,39,483.0,504.0,0.0
184,84,522.0,446.0,0.0
184,77,449.0,493.0,0.0
184,7,504.0,426.0,0.0
184,25,448.0,458.0,1.8400000000000014
184,95,523.0,506.0,0.0
184,71,473.0,502.0,0.0
184,66,507.0,505.0,0.0
184,76,477.0,489.0,0.0
184,34,479.0,409.0,0.0
184,50,448.0,442.0,1.8400000000000014
184,59,502.0,441.0,0.0
184,93,449.0,442.0,1.8400000000000014
184,2,485.0,445.0,0.0
184,10,454.0,426.0,1.8400000000000014
184,18,458.0,418.0,1.8400000000000014
184,26,472.0,414.0,1.8400000000000014
184,27,453.0,409.0,1.8400000000000014
184,42,441.0,482.0,0.0
184,87,505.0,455.0,0.0
184,100,530.0,428.0,0.0
184,79,516.0,470.0,0.0
184,16,487.0,488.0,0.0
184,20,457.0,478.0,0.0
184,81,527.0,410.0,0.0
184,19,442.0,464.0,0.0
184,49,482.0,429.0,0.0
184,44,469.0,440.0,1.8400000000000014
184,9,536.0,504.0,0.0
184,31,468.0,418.0,1.8400000000000014
184,74,512.0,437.0,0.0
184,61,458.0,468.0,0.0
184,29,493.0,442.0,0.0
184,94,487.0,420.0,0.0
184,46,510.0,446.0,0.0
184,57,446.0,436.0,1.8400000000000014
184,70,536.0,501.0,0.0
184,21,513.0,476.0,0.0
184,38,533.0,493.0,0.0
184,88,505.0,486.0,0.0
184,78,516.0,408.0,0.0
184,72,454.0,479.0,0.0
184,24,443.0,477.0,0.0
184,8,495.0,453.0,0.0
184,17,499.0,454.0,0.0
184,37,500.0,481.0,0.0
184,1,441.0,460.0,1.8400000000000014
184,53,511.0,470.0,0.0
184,22,446.0,493.0,0.0
184,47,498.0,470.0,0.0
184,83,495.0,475.0,0.0
184,99,482.0,408.0,0.0
184,89,474.0,460.0,0.0
184,14,453.0,457.0,1.8400000000000014
184,3,495.0,416.0,0.0
184,80,517.0,419.0,0.0
184,96,442.0,483.0,0.0
184,51,515.0,430.0,0.0
184,33,509.0,431.0,0.0
184,40,528.0,407.0,0.0
184,48,532.0,423.0,0.0
184,15,537.0,420.0,0.0
184,65,457.0,487.0,0.0
184,97,450.0,476.0,0.0
185,5,517.0,420.0,0.0
185,56,447.0,504.0,0.0
185,35,517.0,473.0,0.0
185,55,512.0,475.0,0.0
185,60,479.0,468.0,0.0
185,30,454.0,439.0,1.8500000000000014
185,32,459.0,502.0,0.0
185,6,455.0,487.0,0.0
185,67,507.0,424.0,0.0
185,45,466.0,438.0,1.8500000000000014
185,73,443.0,477.0,0.0
185,64,501.0,445.0,0.0
185,90,478.0,485.0,0.0
185,4,509.0,428.0,0.0
185,13,538.0,438.0,0.0
185,54,480.0,445.0,0.0
185,63,502.0,501.0,0.0
185,86,447.0,467.0,0.0
185,91,526.0,502.0,0.0
185,62,523.0,474.0,0.0
185,58,472.0,418.0,1.8500000000000014
185,52,479.0,418.0,0.0
185,12,445.0,417.0,1.8500000000000014
185,28,479.0,490.0,0.0
185,75,443.0,424.0,1.8500000000000014
185,23,510.0,421.0,0.0
185,92,492.0,477.0,0.0
185,41,456.0,487.0,0.0
185,43,521.0,414.0,0.0
185,11,504.0,431.0,0.0
185,36,506.0,467.0,0.0
185,68,513.0,413.0,0.0
185,69,449.0,437.0,1.8500000000000014
185,98,442.0,500.0,0.0
185,82,470.0,411.0,1.8500000000000014
185,85,526.0,409.0,0.0
185,39,483.0,504.0,0.0
185,84,522.0,446.0,0.0
185,77,449.0,493.0,0.0
185,7,504.0,426.0,0.0
185,25,448.0,458.0,1.8500000000000014
185,95,523.0,506.0,0.0
185,71,473.0,502.0,0.0
185,66,507.0,505.0,0.0
185,76,477.0,489.0,0.0
185,34,479.0,409.0,0.0
185,50,448.0,442.0,1.8500000000000014
185,59,502.0,441.0,0.0
185,93,449.0,442.0,1.8500000000000014
185,2,485.0,445.0,0.0
185,10,454.0,426.0,1.8500000000000014
185,18,458.0,418.0,1.8500000000000014
185,26,472.0,414.0,1.8500000000000014
185,27,453.0,409.0,1.8500000000000014
185,42,441.0,482.0,0.0
185,87,505.0,455.0,0.0
185,100,530.0,428.0,0.0
185,79,516.0,470.0,0.0
185,16,487.0,488.0,0.0
185,20,457.0,478.0,0.0
185,81,527.0,410.0,0.0
185,19,442.0,464.0,0.0
185,49,482.0,429.0,0.0
185,44,469.0,440.0,1.8500000000000014
185,9,536.0,504.0,0.0
185,31,468.0,418.0,1.8500000000000014
185,74,512.0,437.0,0.0
185,61,458.0,468.0,0.0
185,29,493.0,442.0,0.0
185,94,487.0,420.0,0.0
185,46,510.0,446.0,0.0
185,57,446.0,436.0,1.8500000000000014
185,70,536.0,501.0,0.0
185,21,513.0,476.0,0.0
185,38,533.0,493.0,0.0
185,88,505.0,486.0,0.0
185,78,516.0,408.0,0.0
185,72,454.0,479.0,0.0
185,24,443.0,477.0,0.0
185,8,495.0,453.0,0.0
185,17,499.0,454.0,0.0
185,37,500.0,481.0,0.0
185,1,441.0,460.0,1.8500000000000014
185,53,511.0,470.0,0.0
185,22,446.0,493.0,0.0
185,47,498.0,470.0,0.0
185,83,495.0,475.0,0.0
185,99,482.0,408.0,0.0
185,89,474.0,460.0,0.0
185,14,453.0,457.0,1.8500000000000014
185,3,495.0,416.0,0.0
185,80,517.0,419.0,0.0
185,96,442.0,483.0,0.0
185,51,515.0,430.0,0.0
185,33,509.0,431.0,0.0
185,40,528.0,407.0,0.0
185,48,532.0,423.0,0.0
185,15,537.0,420.0,0.0
185,65,457.0,487.0,0.0
185,97,450.0,476.0,0.0
186,5,517.0,420.0,0.0
186,56,447.0,504.0,0.0
186,35,517.0,473.0,0.0
186,55,512.0,475.0,0.0
186,60,479.0,468.0,0.0
186,30,454.0,439.0,1.8600000000000014
186,32,459.0,502.0,0.0
186,6,455.0,487.0,0.0
186,67,507.0,424.0,0.0
186,45,466.0,438.0,1.8600000000000014
186,73,443.0,477.0,0.0
186,64,501.0,445.0,0.0
186,90,478.0,485.0,0.0
186,4,509.0,428.0,0.0
186,13,538.0,438.0,0.0
186,54,480.0,445.0,0.0
186,63,502.0,501.0,0.0
186,86,447.0,467.0,0.0
186,91,526.0,502.0,0.0
186,62,523.0,474.0,0.0
186,58,472.0,418.0,1.8600000000000014
186,52,479.0,418.0,0.0
186,12,445.0,417.0,1.8600000000000014
186,28,479.0,490.0,0.0
186,75,443.0,424.0,1.8600000000000014
186,23,510.0,421.0,0.0
186,92,492.0,477.0,0.0
186,41,456.0,487.0,0.0
186,43,521.0,414.0,0.0
186,11,504.0,431.0,0.0
186,36,506.0,467.0,0.0
186,68,513.0,413.0,0.0
186,69,449.0,437.0,1.8600000000000014
186,98,442.0,500.0,0.0
186,82,470.0,411.0,1.8600000000000014
186,85,526.0,409.0,0.0
186,39,483.0,504.0,0.0
186,84,522.0,446.0,0.0
186,77,449.0,493.0,0.0
186,7,504.0,426.0,0.0
186,25,448.0,458.0,1.8600000000000014
186,95,523.0,506.0,0.0
186,71,473.0,502.0,0.0
186,66,507.0,505.0,0.0
186,76,477.0,489.0,0.0
186,34,479.0,409.0,0.0
186,50,448.0,442.0,1.8600000000000014
186,59,502.0,441.0,0.0
186,93,449.0,442.0,1.8600000000000014
186,2,485.0,445.0,0.0
186,10,454.0,426.0,1.8600000000000014
186,18,458.0,418.0,1.8600000000000014
186,26,472.0,414.0,1.8600000000000014
186,27,453.0,409.0,1.8600000000000014
186,42,441.0,482.0,0.0
186,87,505.0,455.0,0.0
186,100,530.0,428.0,0.0
186,79,516.0,470.0,0.0
186,16,487.0,488.0,0.0
186,20,457.0,478.0,0.0
186,81,527.0,410.0,0.0
186,19,442.0,464.0,0.0
186,49,482.0,429.0,0.0
186,44,469.0,440.0,1.8600000000000014
186,9,536.0,504.0,0.0
186,31,468.0,418.0,1.8600000000000014
186,74,512.0,437.0,0.0
186,61,458.0,468.0,0.0
186,29,493.0,442.0,0.0
186,94,487.0,420.0,0.0
186,46,510.0,446.0,0.0
186,57,446.0,436.0,1.8600000000000014
186,70,536.0,501.0,0.0
186,21,513.0,476.0,0.0
186,38,533.0,493.0,0.0
186,88,505.0,486.0,0.0
186,78,516.0,408.0,0.0
186,72,454.0,479.0,0.0
186,24,443.0,477.0,0.0
186,8,495.0,453.0,0.0
186,17,499.0,454.0,0.0
186,37,500.0,481.0,0.0
186,1,441.0,460.0,1.8600000000000014
186,53,511.0,470.0,0.0
186,22,446.0,493.0,0.0
186,47,498.0,470.0,0.0
186,83,495.0,475.0,0.0
186,99,482.0,408.0,0.0
186,89,474.0,460.0,0.0
186,14,453.0,457.0,1.8600000000000014
186,3,495.0,416.0,0.0
186,80,517.0,419.0,0.0
186,96,442.0,483.0,0.0
186,51,515.0,430.0,0.0
186,33,509.0,431.0,0.0
186,40,528.0,407.0,0.0
186,48,532.0,423.0,0.0
186,15,537.0,420.0,0.0
186,65,457.0,487.0,0.0
186,97,450.0,476.0,0.0
187,5,517.0,420.0,0.0
187,56,447.0,504.0,0.0
187,35,517.0,473.0,0.0
187,55,512.0,475.0,0.0
187,60,479.0,468.0,0.0
187,30,454.0,439.0,1.8700000000000014
187,32,459.0,502.0,0.0
187,6,455.0,487.0,0.0
187,67,507.0,424.0,0.0
187,45,466.0,438.0,1.8700000000000014
187,73,443.0,477.0,0.0
187,64,501.0,445.0,0.0
187,90,478.0,485.0,0.0
187,4,509.0,428.0,0.0
187,13,538.0,438.0,0.0
187,54,480.0,445.0,0.0
187,63,502.0,501.0,0.0
187,86,447.0,467.0,0.0
187,91,526.0,502.0,0.0
187,62,523.0,474.0,0.0
187,58,472.0,418.0,1.8700000000000014
187,52,479.0,418.0,0.0
187,12,445.0,417.0,1.8700000000000014
187,28,479.0,490.0,0.0
187,75,443.0,424.0,1.8700000000000014
187,23,510.0,421.0,0.0
187,92,492.0,477.0,0.0
187,41,456.0,487.0,0.0
187,43,521.0,414.0,0.0
187,11,504.0,431.0,0.0
187,36,506.0,467.0,0.0
187,68,513.0,413.0,0.0
187,69,449.0,437.0,1.8700000000000014
187,98,442.0,500.0,0.0
187,82,470.0,411.0,1.8700000000000014
187,85,526.0,409.0,0.0
187,39,483.0,504.0,0.0
187,84,522.0,446.0,0.0
187,77,449.0,493.0,0.0
187,7,504.0,426.0,0.0
187,25,448.0,458.0,1.8700000000000014
187,95,523.0,506.0,0.0
187,71,473.0,502.0,0.0
187,66,507.0,505.0,0.0
187,76,477.0,489.0,0.0
187,34,479.0,409.0,0.0
187,50,448.0,442.0,1.8700000000000014
187,59,502.0,441.0,0.0
187,93,449.0,442.0,1.8700000000000014
187,2,485.0,445.0,0.0
187,10,454.0,426.0,1.8700000000000014
187,18,458.0,418.0,1.8700000000000014
187,26,472.0,414.0,1.8700000000000014
187,27,453.0,409.0,1.8700000000000014
187,42,441.0,482.0,0.0
187,87,505.0,455.0,0.0
187,100,530.0,428.0,0.0
187,79,516.0,470.0,0.0
187,16,487.0,488.0,0.0
187,20,457.0,478.0,0.0
187,81,527.0,410.0,0.0
187,19,442.0,464.0,0.0
187,49,482.0,429.0,0.0
187,44,469.0,440.0,1.8700000000000014
187,9,536.0,504.0,0.0
187,31,468.0,418.0,1.8700000000000014
187,74,512.0,437.0,0.0
187,61,458.0,468.0,0.0
187,29,493.0,442.0,0.0
187,94,487.0,420.0,0.0
187,46,510.0,446.0,0.0
187,57,446.0,436.0,1.8700000000000014
187,70,536.0,501.0,0.0
187,21,513.0,476.0,0.0
187,38,533.0,493.0,0.0
187,88,505.0,486.0,0.0
187,78,516.0,408.0,0.0
187,72,454.0,479.0,0.0
187,24,443.0,477.0,0.0
187,8,495.0,453.0,0.0
187,17,499.0,454.0,0.0
187,37,500.0,481.0,0.0
187,1,441.0,460.0,1.8700000000000014
187,53,511.0,470.0,0.0
187,22,446.0,493.0,0.0
187,47,498.0,470.0,0.0
187,83,495.0,475.0,0.0
187,99,482.0,408.0,0.0
187,89,474.0,460.0,0.0
187,14,453.0,457.0,1.8700000000000014
187,3,495.0,416.0,0.0
187,80,517.0,419.0,0.0
187,96,442.0,483.0,0.0
187,51,515.0,430.0,0.0
187,33,509.0,431.0,0.0
187,40,528.0,407.0,0.0
187,48,532.0,423.0,0.0
187,15,537.0,420.0,0.0
187,65,457.0,487.0,0.0
187,97,450.0,476.0,0.0
188,5,517.0,420.0,0.0
188,56,447.0,504.0,0.0
188,35,517.0,473.0,0.0
188,55,512.0,475.0,0.0
188,60,479.0,468.0,0.0
188,30,454.0,439.0,1.8800000000000014
188,32,459.0,502.0,0.0
188,6,455.0,487.0,0.0
188,67,507.0,424.0,0.0
188,45,466.0,438.0,1.8800000000000014
188,73,443.0,477.0,0.0
188,64,501.0,445.0,0.0
188,90,478.0,485.0,0.0
188,4,509.0,428.0,0.0
188,13,538.0,438.0,0.0
188,54,480.0,445.0,0.0
188,63,502.0,501.0,0.0
188,86,447.0,467.0,0.0
188,91,526.0,502.0,0.0
188,62,523.0,474.0,0.0
188,58,472.0,418.0,1.8800000000000014
188,52,479.0,418.0,0.0
188,12,445.0,417.0,1.8800000000000014
188,28,479.0,490.0,0.0
188,75,443.0,424.0,1.8800000000000014
188,23,510.0,421.0,0.0
188,92,492.0,477.0,0.0
188,41,456.0,487.0,0.0
188,43,521.0,414.0,0.0
188,11,504.0,431.0,0.0
188,36,506.0,467.0,0.0
188,68,513.0,413.0,0.0
188,69,449.0,437.0,1.8800000000000014
188,98,442.0,500.0,0.0
188,82,470.0,411.0,1.8800000000000014
188,85,526.0,409.0,0.0
188,39,483.0,504.0,0.0
188,84,522.0,446.0,0.0
188,77,449.0,493.0,0.0
188,7,504.0,426.0,0.0
188,25,448.0,458.0,1.8800000000000014
188,95,523.0,506.0,0.0
188,71,473.0,502.0,0.0
188,66,507.0,505.0,0.0
188,76,477.0,489.0,0.0
188,34,479.0,409.0,0.0
188,50,448.0,442.0,1.8800000000000014
188,59,502.0,441.0,0.0
188,93,449.0,442.0,1.8800000000000014
188,2,485.0,445.0,0.0
188,10,454.0,426.0,1.8800000000000014
188,18,458.0,418.0,1.8800000000000014
188,26,472.0,414.0,1.8800000000000014
188,27,453.0,409.0,1.8800000000000014
188,42,441.0,482.0,0.0
188,87,505.0,455.0,0.0
188,100,530.0,428.0,0.0
188,79,516.0,470.0,0.0
188,16,487.0,488.0,0.0
188,20,457.0,478.0,0.0
188,81,527.0,410.0,0.0
188,19,442.0,464.0,0.0
188,49,482.0,429.0,0.0
188,44,469.0,440.0,1.8800000000000014
188,9,536.0,504.0,0.0
188,31,468.0,418.0,1.8800000000000014
188,74,512.0,437.0,0.0
188,61,458.0,468.0,0.0
188,29,493.0,442.0,0.0
188,94,487.0,420.0,0.0
188,46,510.0,446.0,0.0
188,57,446.0,436.0,1.8800000000000014
188,70,536.0,501.0,0.0
188,21,513.0,476.0,0.0
188,38,533.0,493.0,0.0
188,88,505.0,486.0,0.0
188,78,516.0,408.0,0.0
188,72,454.0,479.0,0.0
188,24,443.0,477.0,0.0
188,8,495.0,453.0,0.0
188,17,499.0,454.0,0.0
188,37,500.0,481.0,0.0
188,1,441.0,460.0,1.8800000000000014
188,53,511.0,470.0,0.0
188,22,446.0,493.0,0.0
188,47,498.0,470.0,0.0
188,83,495.0,475.0,0.0
188,99,482.0,408.0,0.0
188,89,474.0,460.0,0.0
188,14,453.0,457.0,1.8800000000000014
188,3,495.0,416.0,0.0
188,80,517.0,419.0,0.0
188,96,442.0,483.0,0.0
188,51,515.0,430.0,0.0
188,33,509.0,431.0,0.0
188,40,528.0,407.0,0.0
188,48,532.0,423.0,0.0
188,15,537.0,420.0,0.0
188,65,457.0,487.0,0.0
188,97,450.0,476.0,0.0
189,5,517.0,420.0,0.0
189,56,447.0,504.0,0.0
189,35,517.0,473.0,0.0
189,55,512.0,475.0,0.0
189,60,479.0,468.0,0.0
189,30,454.0,439.0,1.8900000000000015
189,32,459.0,502.0,0.0
189,6,455.0,487.0,0.0
189,67,507.0,424.0,0.0
189,45,466.0,438.0,1.8900000000000015
189,73,443.0,477.0,0.0
189,64,501.0,445.0,0.0
189,90,478.0,485.0,0.0
189,4,509.0,428.0,0.0
189,13,538.0,438.0,0.0
189,54,480.0,445.0,0.0
189,63,502.0,501.0,0.0
189,86,447.0,467.0,0.0
189,91,526.0,502.0,0.0
189,62,523.0,474.0,0.0
189,58,472.0,418.0,1.8900000000000015
189,52,479.0,418.0,0.0
189,12,445.0,417.0,1.8900000000000015
189,28,479.0,490.0,0.0
189,75,443.0,424.0,1.8900000000000015
189,23,510.0,421.0,0.0
189,92,492.0,477.0,0.0
189,41,456.0,487.0,0.0
189,43,521.0,414.0,0.0
189,11,504.0,431.0,0.0
189,36,506.0,467.0,0.0
189,68,513.0,413.0,0.0
189,69,449.0,437.0,1.8900000000000015
189,98,442.0,500.0,0.0
189,82,470.0,411.0,1.8900000000000015
189,85,526.0,409.0,0.0
189,39,483.0,504.0,0.0
189,84,522.0,446.0,0.0
189,77,449.0,493.0,0.0
189,7,504.0,426.0,0.0
189,25,448.0,458.0,1.8900000000000015
189,95,523.0,506.0,0.0
189,71,473.0,502.0,0.0
189,66,507.0,505.0,0.0
189,76,477.0,489.0,0.0
189,34,479.0,409.0,0.0
189,50,448.0,442.0,1.8900000000000015
189,59,502.0,441.0,0.0
189,93,449.0,442.0,1.8900000000000015
189,2,485.0,445.0,0.0
189,10,454.0,426.0,1.8900000000000015
189,18,458.0,418.0,1.8900000000000015
189,26,472.0,414.0,1.8900000000000015
189,27,453.0,409.0,1.8900000000000015
189,42,441.0,482.0,0.0
189,87,505.0,455.0,0.0
189,100,530.0,428.0,0.0
189,79,516.0,470.0,0.0
189,16,487.0,488.0,0.0
189,20,457.0,478.0,0.0
189,81,527.0,410.0,0.0
189,19,442.0,464.0,0.0
189,49,482.0,429.0,0.0
189,44,469.0,440.0,1.8900000000000015
189,9,536.0,504.0,0.0
189,31,468.0,418.0,1.8900000000000015
189,74,512.0,437.0,0.0
189,61,458.0,468.0,0.0
189,29,493.0,442.0,0.0
189,94,487.0,420.0,0.0
189,46,510.0,446.0,0.0
189,57,446.0,436.0,1.8900000000000015
189,70,536.0,501.0,0.0
189,21,513.0,476.0,0.0
189,38,533.0,493.0,0.0
189,88,505.0,486.0,0.0
189,78,516.0,408.0,0.0
189,72,454.0,479.0,0.0
189,24,443.0,477.0,0.0
189,8,495.0,453.0,0.0
189,17,499.0,454.0,0.0
189,37,500.0,481.0,0.0
189,1,441.0,460.0,1.8900000000000015
189,53,511.0,470.0,0.0
189,22,446.0,493.0,0.0
189,47,498.0,470.0,0.0
189,83,495.0,475.0,0.0
189,99,482.0,408.0,0.0
189,89,474.0,460.0,0.0
189,14,453.0,457.0,1.8900000000000015
189,3,495.0,416.0,0.0
189,80,517.0,419.0,0.0
189,96,442.0,483.0,0.0
189,51,515.0,430.0,0.0
189,33,509.0,431.0,0.0
189,40,528.0,407.0,0.0
189,48,532.0,423.0,0.0
189,15,537.0,420.0,0.0
189,65,457.0,487.0,0.0
189,97,450.0,476.0,0.0
190,5,517.0,420.0,0.0
190,56,447.0,504.0,0.0
190,35,517.0,473.0,0.0
190,55,512.0,475.0,0.0
190,60,479.0,468.0,0.0
190,30,454.0,439.0,1.9000000000000015
190,32,459.0,502.0,0.0
190,6,455.0,487.0,0.0
190,67,507.0,424.0,0.0
190,45,466.0,438.0,1.9000000000000015
190,73,443.0,477.0,0.0
190,64,501.0,445.0,0.0
190,90,478.0,485.0,0.0
190,4,509.0,428.0,0.0
190,13,538.0,438.0,0.0
190,54,480.0,445.0,0.0
190,63,502.0,501.0,0.0
190,86,447.0,467.0,0.0
190,91,526.0,502.0,0.0
190,62,523.0,474.0,0.0
190,58,472.0,418.0,1.9000000000000015
190,52,479.0,418.0,0.0
190,12,445.0,417.0,1.9000000000000015
190,28,479.0,490.0,0.0
190,75,443.0,424.0,1.9000000000000015
190,23,510.0,421.0,0.0
190,92,492.0,477.0,0.0
190,41,456.0,487.0,0.0
190,43,521.0,414.0,0.0
190,11,504.0,431.0,0.0
190,36,506.0,467.0,0.0
190,68,513.0,413.0,0.0
190,69,449.0,437.0,1.9000000000000015
190,98,442.0,500.0,0.0
190,82,470.0,411.0,1.9000000000000015
190,85,526.0,409.0,0.0
190,39,483.0,504.0,0.0
190,84,522.0,446.0,0.0
190,77,449.0,493.0,0.0
190,7,504.0,426.0,0.0
190,25,448.0,458.0,1.9000000000000015
190,95,523.0,506.0,0.0
190,71,473.0,502.0,0.0
190,66,507.0,505.0,0.0
190,76,477.0,489.0,0.0
190,34,479.0,409.0,0.0
190,50,448.0,442.0,1.9000000000000015
190,59,502.0,441.0,0.0
190,93,449.0,442.0,1.9000000000000015
190,2,485.0,445.0,0.0
190,10,454.0,426.0,1.9000000000000015
190,18,458.0,418.0,1.9000000000000015
190,26,472.0,414.0,1.9000000000000015
190,27,453.0,409.0,1.9000000000000015
190,42,441.0,482.0,0.0
190,87,505.0,455.0,0.0
190,100,530.0,428.0,0.0
190,79,516.0,470.0,0.0
190,16,487.0,488.0,0.0
190,20,457.0,478.0,0.0
190,81,527.0,410.0,0.0
190,19,442.0,464.0,0.0
190,49,482.0,429.0,0.0
190,44,469.0,440.0,1.9000000000000015
190,9,536.0,504.0,0.0
190,31,468.0,418.0,1.9000000000000015
190,74,512.0,437.0,0.0
190,61,458.0,468.0,0.0
190,29,493.0,442.0,0.0
190,94,487.0,420.0,0.0
190,46,510.0,446.0,0.0
190,57,446.0,436.0,1.9000000000000015
190,70,536.0,501.0,0.0
190,21,513.0,476.0,0.0
190,38,533.0,493.0,0.0
190,88,505.0,486.0,0.0
190,78,516.0,408.0,0.0
190,72,454.0,479.0,0.0
190,24,443.0,477.0,0.0
190,8,495.0,453.0,0.0
190,17,499.0,454.0,0.0
190,37,500.0,481.0,0.0
190,1,441.0,460.0,1.9000000000000015
190,53,511.0,470.0,0.0
190,22,446.0,493.0,0.0
190,47,498.0,470.0,0.0
190,83,495.0,475.0,0.0
190,99,482.0,408.0,0.0
190,89,474.0,460.0,0.0
190,14,453.0,457.0,1.9000000000000015
190,3,495.0,416.0,0.0
190,80,517.0,419.0,0.0
190,96,442.0,483.0,0.0
190,51,515.0,430.0,0.0
190,33,509.0,431.0,0.0
190,40,528.0,407.0,0.0
190,48,532.0,423.0,0.0
190,15,537.0,420.0,0.0
190,65,457.0,487.0,0.0
190,97,450.0,476.0,0.0
191,5,517.0,420.0,0.0
191,56,447.0,504.0,0.0
191,35,517.0,473.0,0.0
191,55,512.0,475.0,0.0
191,60,479.0,468.0,0.0
191,30,454.0,439.0,1.9100000000000015
191,32,459.0,502.0,0.0
191,6,455.0,487.0,0.0
191,67,507.0,424.0,0.0
191,45,466.0,438.0,1.9100000000000015
191,73,443.0,477.0,0.0
191,64,501.0,445.0,0.0
191,90,478.0,485.0,0.0
191,4,509.0,428.0,0.0
191,13,538.0,438.0,0.0
191,54,480.0,445.0,0.0
191,63,502.0,501.0,0.0
191,86,447.0,467.0,0.0
191,91,526.0,502.0,0.0
191,62,523.0,474.0,0.0
191,58,472.0,418.0,1.9100000000000015
191,52,479.0,418.0,0.0
191,12,445.0,417.0,1.9100000000000015
191,28,479.0,490.0,0.0
191,75,443.0,424.0,1.9100000000000015
191,23,510.0,421.0,0.0
191,92,492.0,477.0,0.0
191,41,456.0,487.0,0.0
191,43,521.0,414.0,0.0
191,11,504.0,431.0,0.0
191,36,506.0,467.0,0.0
191,68,513.0,413.0,0.0
191,69,449.0,437.0,1.9100000000000015
191,98,442.0,500.0,0.0
191,82,470.0,411.0,1.9100000000000015
191,85,526.0,409.0,0.0
191,39,483.0,504.0,0.0
191,84,522.0,446.0,0.0
191,77,449.0,493.0,0.0
191,7,504.0,426.0,0.0
191,25,448.0,458.0,1.9100000000000015
191,95,523.0,506.0,0.0
191,71,473.0,502.0,0.0
191,66,507.0,505.0,0.0
191,76,477.0,489.0,0.0
191,34,479.0,409.0,0.0
191,50,448.0,442.0,1.9100000000000015
191,59,502.0,441.0,0.0
191,93,449.0,442.0,1.9100000000000015
191,2,485.0,445.0,0.0
191,10,454.0,426.0,1.9100000000000015
191,18,458.0,418.0,1.9100000000000015
191,26,472.0,414.0,1.9100000000000015
191,27,453.0,409.0,1.9100000000000015
191,42,441.0,482.0,0.0
191,87,505.0,455.0,0.0
191,100,530.0,428.0,0.0
191,79,516.0,470.0,0.0
191,16,487.0,488.0,0.0
191,20,457.0,478.0,0.0
191,81,527.0,410.0,0.0
191,19,442.0,464.0,0.0
191,49,482.0,429.0,0.0
191,44,469.0,440.0,1.9100000000000015
191,9,536.0,504.0,0.0
191,31,468.0,418.0,1.9100000000000015
191,74,512.0,437.0,0.0
191,61,458.0,468.0,0.0
191,29,493.0,442.0,0.0
191,94,487.0,420.0,0.0
191,46,510.0,446.0,0.0
191,57,446.0,436.0,1.9100000000000015
191,70,536.0,501.0,0.0
191,21,513.0,476.0,0.0
191,38,533.0,493.0,0.0
191,88,505.0,486.0,0.0
191,78,516.0,408.0,0.0
191,72,454.0,479.0,0.0
191,24,443.0,477.0,0.0
191,8,495.0,453.0,0.0
191,17,499.0,454.0,0.0
191,37,500.0,481.0,0.0
191,1,441.0,460.0,1.9100000000000015
191,53,511.0,470.0,0.0
191,22,446.0,493.0,0.0
191,47,498.0,470.0,0.0
191,83,495.0,475.0,0.0
191,99,482.0,408.0,0.0
191,89,474.0,460.0,0.0
191,14,453.0,457.0,1.9100000000000015
191,3,495.0,416.0,0.0
191,80,517.0,419.0,0.0
191,96,442.0,483.0,0.0
191,51,515.0,430.0,0.0
191,33,509.0,431.0,0.0
191,40,528.0,407.0,0.0
191,48,532.0,423.0,0.0
191,15,537.0,420.0,0.0
191,65,457.0,487.0,0.0
191,97,450.0,476.0,0.0
192,5,517.0,420.0,0.0
192,56,447.0,504.0,0.0
192,35,517.0,473.0,0.0
192,55,512.0,475.0,0.0
192,60,479.0,468.0,0.0
192,30,454.0,439.0,1.9200000000000015
192,32,459.0,502.0,0.0
192,6,455.0,487.0,0.0
192,67,507.0,424.0,0.0
192,45,466.0,438.0,1.9200000000000015
192,73,443.0,477.0,0.0
192,64,501.0,445.0,0.0
192,90,478.0,485.0,0.0
192,4,509.0,428.0,0.0
192,13,538.0,438.0,0.0
192,54,480.0,445.0,0.0
192,63,502.0,501.0,0.0
192,86,447.0,467.0,0.0
192,91,526.0,502.0,0.0
192,62,523.0,474.0,0.0
192,58,472.0,418.0,1.9200000000000015
192,52,479.0,418.0,0.0
192,12,445.0,417.0,1.9200000000000015
192,28,479.0,490.0,0.0
192,75,443.0,424.0,1.9200000000000015
192,23,510.0,421.0,0.0
192,92,492.0,477.0,0.0
192,41,456.0,487.0,0.0
192,43,521.0,414.0,0.0
192,11,504.0,431.0,0.0
192,36,506.0,467.0,0.0
192,68,513.0,413.0,0.0
192,69,449.0,437.0,1.9200000000000015
192,98,442.0,500.0,0.0
192,82,470.0,411.0,1.9200000000000015
192,85,526.0,409.0,0.0
192,39,483.0,504.0,0.0
192,84,522.0,446.0,0.0
192,77,449.0,493.0,0.0
192,7,504.0,426.0,0.0
192,25,448.0,458.0,1.9200000000000015
192,95,523.0,506.0,0.0
192,71,473.0,502.0,0.0
192,66,507.0,505.0,0.0
192,76,477.0,489.0,0.0
192,34,479.0,409.0,0.0
192,50,448.0,442.0,1.9200000000000015
192,59,502.0,441.0,0.0
192,93,449.0,442.0,1.9200000000000015
192,2,485.0,445.0,0.0
192,10,454.0,426.0,1.9200000000000015
192,18,458.0,418.0,1.9200000000000015
192,26,472.0,414.0,1.9200000000000015
192,27,453.0,409.0,1.9200000000000015
192,42,441.0,482.0,0.0
192,87,505.0,455.0,0.0
192,100,530.0,428.0,0.0
192,79,516.0,470.0,0.0
192,16,487.0,488.0,0.0
192,20,457.0,478.0,0.0
192,81,527.0,410.0,0.0
192,19,442.0,464.0,0.0
192,49,482.0,429.0,0.0
192,44,469.0,440.0,1.9200000000000015
192,9,536.0,504.0,0.0
192,31,468.0,418.0,1.9200000000000015
192,74,512.0,437.0,0.0
192,61,458.0,468.0,0.0
192,29,493.0,442.0,0.0
192,94,487.0,420.0,0.0
192,46,510.0,446.0,0.0
192,57,446.0,436.0,1.9200000000000015
192,70,536.0,501.0,0.0
192,21,513.0,476.0,0.0
192,38,533.0,493.0,0.0
192,88,505.0,486.0,0.0
192,78,516.0,408.0,0.0
192,72,454.0,479.0,0.0
192,24,443.0,477.0,0.0
192,8,495.0,453.0,0.0
192,17,499.0,454.0,0.0
192,37,500.0,481.0,0.0
192,1,441.0,460.0,1.9200000000000015
192,53,511.0,470.0,0.0
192,22,446.0,493.0,0.0
192,47,498.0,470.0,0.0
192,83,495.0,475.0,0.0
192,99,482.0,408.0,0.0
192,89,474.0,460.0,0.0
192,14,453.0,457.0,1.9200000000000015
192,3,495.0,416.0,0.0
192,80,517.0,419.0,0.0
192,96,442.0,483.0,0.0
192,51,515.0,430.0,0.0
192,33,509.0,431.0,0.0
192,40,528.0,407.0,0.0
192,48,532.0,423.0,0.0
192,15,537.0,420.0,0.0
192,65,457.0,487.0,0.0
192,97,450.0,476.0,0.0
193,5,517.0,420.0,0.0
193,56,447.0,504.0,0.0
193,35,517.0,473.0,0.0
193,55,512.0,475.0,0.0
193,60,479.0,468.0,0.0
193,30,454.0,439.0,1.9300000000000015
193,32,459.0,502.0,0.0
193,6,455.0,487.0,0.0
193,67,507.0,424.0,0.0
193,45,466.0,438.0,1.9300000000000015
193,73,443.0,477.0,0.0
193,64,501.0,445.0,0.0
193,90,478.0,485.0,0.0
193,4,509.0,428.0,0.0
193,13,538.0,438.0,0.0
193,54,480.0,445.0,0.0
193,63,502.0,501.0,0.0
193,86,447.0,467.0,0.0
193,91,526.0,502.0,0.0
193,62,523.0,474.0,0.0
193,58,472.0,418.0,1.9300000000000015
193,52,479.0,418.0,0.0
193,12,445.0,417.0,1.9300000000000015
193,28,479.0,490.0,0.0
193,75,443.0,424.0,1.9300000000000015
193,23,510.0,421.0,0.0
193,92,492.0,477.0,0.0
193,41,456.0,487.0,0.0
193,43,521.0,414.0,0.0
193,11,504.0,431.0,0.0
193,36,506.0,467.0,0.0
193,68,513.0,413.0,0.0
193,69,449.0,437.0,1.9300000000000015
193,98,442.0,500.0,0.0
193,82,470.0,411.0,1.9300000000000015
193,85,526.0,409.0,0.0
193,39,483.0,504.0,0.0
193,84,522.0,446.0,0.0
193,77,449.0,493.0,0.0
193,7,504.0,426.0,0.0
193,25,448.0,458.0,1.9300000000000015
193,95,523.0,506.0,0.0
193,71,473.0,502.0,0.0
193,66,507.0,505.0,0.0
193,76,477.0,489.0,0.0
193,34,479.0,409.0,0.0
193,50,448.0,442.0,1.9300000000000015
193,59,502.0,441.0,0.0
193,93,449.0,442.0,1.9300000000000015
193,2,485.0,445.0,0.0
193,10,454.0,426.0,1.9300000000000015
193,18,458.0,418.0,1.9300000000000015
193,26,472.0,414.0,1.9300000000000015
193,27,453.0,409.0,1.9300000000000015
193,42,441.0,482.0,0.0
193,87,505.0,455.0,0.0
193,100,530.0,428.0,0.0
193,79,516.0,470.0,0.0
193,16,487.0,488.0,0.0
193,20,457.0,478.0,0.0
193,81,527.0,410.0,0.0
193,19,442.0,464.0,0.0
193,49,482.0,429.0,0.0
193,44,469.0,440.0,1.9300000000000015
193,9,536.0,504.0,0.0
193,31,468.0,418.0,1.9300000000000015
193,74,512.0,437.0,0.0
193,61,458.0,468.0,0.0
193,29,493.0,442.0,0.0
193,94,487.0,420.0,0.0
193,46,510.0,446.0,0.0
193,57,446.0,436.0,1.9300000000000015
193,70,536.0,501.0,0.0
193,21,513.0,476.0,0.0
193,38,533.0,493.0,0.0
193,88,505.0,486.0,0.0
193,78,516.0,408.0,0.0
193,72,454.0,479.0,0.0
193,24,443.0,477.0,0.0
193,8,495.0,453.0,0.0
193,17,499.0,454.0,0.0
193,37,500.0,481.0,0.0
193,1,441.0,460.0,1.9300000000000015
193,53,511.0,470.0,0.0
193,22,446.0,493.0,0.0
193,47,498.0,470.0,0.0
193,83,495.0,475.0,0.0
193,99,482.0,408.0,0.0
193,89,474.0,460.0,0.0
193,14,453.0,457.0,1.9300000000000015
193,3,495.0,416.0,0.0
193,80,517.0,419.0,0.0
193,96,442.0,483.0,0.0
193,51,515.0,430.0,0.0
193,33,509.0,431.0,0.0
193,40,528.0,407.0,0.0
193,48,532.0,423.0,0.0
193,15,537.0,420.0,0.0
193,65,457.0,487.0,0.0
193,97,450.0,476.0,0.0
194,5,517.0,420.0,0.0
194,56,447.0,504.0,0.0
194,35,517.0,473.0,0.0
194,55,512.0,475.0,0.0
194,60,479.0,468.0,0.0
194,30,454.0,439.0,1.9400000000000015
194,32,459.0,502.0,0.0
194,6,455.0,487.0,0.0
194,67,507.0,424.0,0.0
194,45,466.0,438.0,1.9400000000000015
194,73,443.0,477.0,0.0
194,64,501.0,445.0,0.0
194,90,478.0,485.0,0.0
194,4,509.0,428.0,0.0
194,13,538.0,438.0,0.0
194,54,480.0,445.0,0.0
194,63,502.0,501.0,0.0
194,86,447.0,467.0,0.0
194,91,526.0,502.0,0.0
194,62,523.0,474.0,0.0
194,58,472.0,418.0,1.9400000000000015
194,52,479.0,418.0,0.0
194,12,445.0,417.0,1.9400000000000015
194,28,479.0,490.0,0.0
194,75,443.0,424.0,1.9400000000000015
194,23,510.0,421.0,0.0
194,92,492.0,477.0,0.0
194,41,456.0,487.0,0.0
194,43,521.0,414.0,0.0
194,11,504.0,431.0,0.0
194,36,506.0,467.0,0.0
194,68,513.0,413.0,0.0
194,69,449.0,437.0,1.9400000000000015
194,98,442.0,500.0,0.0
194,82,470.0,411.0,1.9400000000000015
194,85,526.0,409.0,0.0
194,39,483.0,504.0,0.0
194,84,522.0,446.0,0.0
194,77,449.0,493.0,0.0
194,7,504.0,426.0,0.0
194,25,448.0,458.0,1.9400000000000015
194,95,523.0,506.0,0.0
194,71,473.0,502.0,0.0
194,66,507.0,505.0,0.0
194,76,477.0,489.0,0.0
194,34,479.0,409.0,0.0
194,50,448.0,442.0,1.9400000000000015
194,59,502.0,441.0,0.0
194,93,449.0,442.0,1.9400000000000015
194,2,485.0,445.0,0.0
194,10,454.0,426.0,1.9400000000000015
194,18,458.0,418.0,1.9400000000000015
194,26,472.0,414.0,1.9400000000000015
194,27,453.0,409.0,1.9400000000000015
194,42,441.0,482.0,0.0
194,87,505.0,455.0,0.0
194,100,530.0,428.0,0.0
194,79,516.0,470.0,0.0
194,16,487.0,488.0,0.0
194,20,457.0,478.0,0.0
194,81,527.0,410.0,0.0
194,19,442.0,464.0,0.0
194,49,482.0,429.0,0.0
194,44,469.0,440.0,1.9400000000000015
194,9,536.0,504.0,0.0
194,31,468.0,418.0,1.9400000000000015
194,74,512.0,437.0,0.0
194,61,458.0,468.0,0.0
194,29,493.0,442.0,0.0
194,94,487.0,420.0,0.0
194,46,510.0,446.0,0.0
194,57,446.0,436.0,1.9400000000000015
194,70,536.0,501.0,0.0
194,21,513.0,476.0,0.0
194,38,533.0,493.0,0.0
194,88,505.0,486.0,0.0
194,78,516.0,408.0,0.0
194,72,454.0,479.0,0.0
194,24,443.0,477.0,0.0
194,8,495.0,453.0,0.0
194,17,499.0,454.0,0.0
194,37,500.0,481.0,0.0
194,1,441.0,460.0,1.9400000000000015
194,53,511.0,470.0,0.0
194,22,446.0,493.0,0.0
194,47,498.0,470.0,0.0
194,83,495.0,475.0,0.0
194,99,482.0,408.0,0.0
194,89,474.0,460.0,0.0
194,14,453.0,457.0,1.9400000000000015
194,3,495.0,416.0,0.0
194,80,517.0,419.0,0.0
194,96,442.0,483.0,0.0
194,51,515.0,430.0,0.0
194,33,509.0,431.0,0.0
194,40,528.0,407.0,0.0
194,48,532.0,423.0,0.0
194,15,537.0,420.0,0.0
194,65,457.0,487.0,0.0
194,97,450.0,476.0,0.0
195,5,517.0,420.0,0.0
195,56,447.0,504.0,0.0
195,35,517.0,473.0,0.0
195,55,512.0,475.0,0.0
195,60,479.0,468.0,0.0
195,30,454.0,439.0,1.9500000000000015
195,32,459.0,502.0,0.0
195,6,455.0,487.0,0.0
195,67,507.0,424.0,0.0
195,45,466.0,438.0,1.9500000000000015
195,73,443.0,477.0,0.0
195,64,501.0,445.0,0.0
195,90,478.0,485.0,0.0
195,4,509.0,428.0,0.0
195,13,538.0,438.0,0.0
195,54,480.0,445.0,0.0
195,63,502.0,501.0,0.0
195,86,447.0,467.0,0.0
195,91,526.0,502.0,0.0
195,62,523.0,474.0,0.0
195,58,472.0,418.0,1.9500000000000015
195,52,479.0,418.0,0.0
195,12,445.0,417.0,1.9500000000000015
195,28,479.0,490.0,0.0
195,75,443.0,424.0,1.9500000000000015
195,23,510.0,421.0,0.0
195,92,492.0,477.0,0.0
195,41,456.0,487.0,0.0
195,43,521.0,414.0,0.0
195,11,504.0,431.0,0.0
195,36,506.0,467.0,0.0
195,68,513.0,413.0,0.0
195,69,449.0,437.0,1.9500000000000015
195,98,442.0,500.0,0.0
195,82,470.0,411.0,1.9500000000000015
195,85,526.0,409.0,0.0
195,39,483.0,504.0,0.0
195,84,522.0,446.0,0.0
195,77,449.0,493.0,0.0
195,7,504.0,426.0,0.0
195,25,448.0,458.0,1.9500000000000015
195,95,523.0,506.0,0.0
195,71,473.0,502.0,0.0
195,66,507.0,505.0,0.0
195,76,477.0,489.0,0.0
195,34,479.0,409.0,0.0
195,50,448.0,442.0,1.9500000000000015
195,59,502.0,441.0,0.0
195,93,449.0,442.0,1.9500000000000015
195,2,485.0,445.0,0.0
195,10,454.0,426.0,1.9500000000000015
195,18,458.0,418.0,1.9500000000000015
195,26,472.0,414.0,1.9500000000000015
195,27,453.0,409.0,1.9500000000000015
195,42,441.0,482.0,0.0
195,87,505.0,455.0,0.0
195,100,530.0,428.0,0.0
195,79,516.0,470.0,0.0
195,16,487.0,488.0,0.0
195,20,457.0,478.0,0.0
195,81,527.0,410.0,0.0
195,19,442.0,464.0,0.0
195,49,482.0,429.0,0.0
195,44,469.0,440.0,1.9500000000000015
195,9,536.0,504.0,0.0
195,31,468.0,418.0,1.9500000000000015
195,74,512.0,437.0,0.0
195,61,458.0,468.0,0.0
195,29,493.0,442.0,0.0
195,94,487.0,420.0,0.0
195,46,510.0,446.0,0.0
195,57,446.0,436.0,1.9500000000000015
195,70,536.0,501.0,0.0
195,21,513.0,476.0,0.0
195,38,533.0,493.0,0.0
195,88,505.0,486.0,0.0
195,78,516.0,408.0,0.0
195,72,454.0,479.0,0.0
195,24,443.0,477.0,0.0
195,8,495.0,453.0,0.0
195,17,499.0,454.0,0.0
195,37,500.0,481.0,0.0
195,1,441.0,460.0,1.9500000000000015
195,53,511.0,470.0,0.0
195,22,446.0,493.0,0.0
195,47,498.0,470.0,0.0
195,83,495.0,475.0,0.0
195,99,482.0,408.0,0.0
195,89,474.0,460.0,0.0
195,14,453.0,457.0,1.9500000000000015
195,3,495.0,416.0,0.0
195,80,517.0,419.0,0.0
195,96,442.0,483.0,0.0
195,51,515.0,430.0,0.0
195,33,509.0,431.0,0.0
195,40,528.0,407.0,0.0
195,48,532.0,423.0,0.0
195,15,537.0,420.0,0.0
195,65,457.0,487.0,0.0
195,97,450.0,476.0,0.0
196,5,517.0,420.0,0.0
196,56,447.0,504.0,0.0
196,35,517.0,473.0,0.0
196,55,512.0,475.0,0.0
196,60,479.0,468.0,0.0
196,30,454.0,439.0,1.9600000000000015
196,32,459.0,502.0,0.0
196,6,455.0,487.0,0.0
196,67,507.0,424.0,0.0
196,45,466.0,438.0,1.9600000000000015
196,73,443.0,477.0,0.0
196,64,501.0,445.0,0.0
196,90,478.0,485.0,0.0
196,4,509.0,428.0,0.0
196,13,538.0,438.0,0.0
196,54,480.0,445.0,0.0
196,63,502.0,501.0,0.0
196,86,447.0,467.0,0.0
196,91,526.0,502.0,0.0
196,62,523.0,474.0,0.0
196,58,472.0,418.0,1.9600000000000015
196,52,479.0,418.0,0.0
196,12,445.0,417.0,1.9600000000000015
196,28,479.0,490.0,0.0
196,75,443.0,424.0,1.9600000000000015
196,23,510.0,421.0,0.0
196,92,492.0,477.0,0.0
196,41,456.0,487.0,0.0
196,43,521.0,414.0,0.0
196,11,504.0,431.0,0.0
196,36,506.0,467.0,0.0
196,68,513.0,413.0,0.0
196,69,449.0,437.0,1.9600000000000015
196,98,442.0,500.0,0.0
196,82,470.0,411.0,1.9600000000000015
196,85,526.0,409.0,0.0
196,39,483.0,504.0,0.0
196,84,522.0,446.0,0.0
196,77,449.0,493.0,0.0
196,7,504.0,426.0,0.0
196,25,448.0,458.0,1.9600000000000015
196,95,523.0,506.0,0.0
196,71,473.0,502.0,0.0
196,66,507.0,505.0,0.0
196,76,477.0,489.0,0.0
196,34,479.0,409.0,0.0
196,50,448.0,442.0,1.9600000000000015
196,59,502.0,441.0,0.0
196,93,449.0,442.0,1.9600000000000015
196,2,485.0,445.0,0.0
196,10,454.0,426.0,1.9600000000000015
196,18,458.0,418.0,1.9600000000000015
196,26,472.0,414.0,1.9600000000000015
196,27,453.0,409.0,1.9600000000000015
196,42,441.0,482.0,0.0
196,87,505.0,455.0,0.0
196,100,530.0,428.0,0.0
196,79,516.0,470.0,0.0
196,16,487.0,488.0,0.0
196,20,457.0,478.0,0.0
196,81,527.0,410.0,0.0
196,19,442.0,464.0,0.0
196,49,482.0,429.0,0.0
196,44,469.0,440.0,1.9600000000000015
196,9,536.0,504.0,0.0
196,31,468.0,418.0,1.9600000000000015
196,74,512.0,437.0,0.0
196,61,458.0,468.0,0.0
196,29,493.0,442.0,0.0
196,94,487.0,420.0,0.0
196,46,510.0,446.0,0.0
196,57,446.0,436.0,1.9600000000000015
196,70,536.0,501.0,0.0
196,21,513.0,476.0,0.0
196,38,533.0,493.0,0.0
196,88,505.0,486.0,0.0
196,78,516.0,408.0,0.0
196,72,454.0,479.0,0.0
196,24,443.0,477.0,0.0
196,8,495.0,453.0,0.0
196,17,499.0,454.0,0.0
196,37,500.0,481.0,0.0
196,1,441.0,460.0,1.9600000000000015
196,53,511.0,470.0,0.0
196,22,446.0,493.0,0.0
196,47,498.0,470.0,0.0
196,83,495.0,475.0,0.0
196,99,482.0,408.0,0.0
196,89,474.0,460.0,0.0
196,14,453.0,457.0,1.9600000000000015
196,3,495.0,416.0,0.0
196,80,517.0,419.0,0.0
196,96,442.0,483.0,0.0
196,51,515.0,430.0,0.0
196,33,509.0,431.0,0.0
196,40,528.0,407.0,0.0
196,48,532.0,423.0,0.0
196,15,537.0,420.0,0.0
196,65,457.0,487.0,0.0
196,97,450.0,476.0,0.0
197,5,517.0,420.0,0.0
197,56,447.0,504.0,0.0
197,35,517.0,473.0,0.0
197,55,512.0,475.0,0.0
197,60,479.0,468.0,0.0
197,30,454.0,439.0,1.9700000000000015
197,32,459.0,502.0,0.0
197,6,455.0,487.0,0.0
197,67,507.0,424.0,0.0
197,45,466.0,438.0,1.9700000000000015
197,73,443.0,477.0,0.0
197,64,501.0,445.0,0.0
197,90,478.0,485.0,0.0
197,4,509.0,428.0,0.0
197,13,538.0,438.0,0.0
197,54,480.0,445.0,0.0
197,63,502.0,501.0,0.0
197,86,447.0,467.0,0.0
197,91,526.0,502.0,0.0
197,62,523.0,474.0,0.0
197,58,472.0,418.0,1.9700000000000015
197,52,479.0,418.0,0.0
197,12,445.0,417.0,1.9700000000000015
197,28,479.0,490.0,0.0
197,75,443.0,424.0,1.9700000000000015
197,23,510.0,421.0,0.0
197,92,492.0,477.0,0.0
197,41,456.0,487.0,0.0
197,43,521.0,414.0,0.0
197,11,504.0,431.0,0.0
197,36,506.0,467.0,0.0
197,68,513.0,413.0,0.0
197,69,449.0,437.0,1.9700000000000015
197,98,442.0,500.0,0.0
197,82,470.0,411.0,1.9700000000000015
197,85,526.0,409.0,0.0
197,39,483.0,504.0,0.0
197,84,522.0,446.0,0.0
197,77,449.0,493.0,0.0
197,7,504.0,426.0,0.0
197,25,448.0,458.0,1.9700000000000015
197,95,523.0,506.0,0.0
197,71,473.0,502.0,0.0
197,66,507.0,505.0,0.0
197,76,477.0,489.0,0.0
197,34,479.0,409.0,0.0
197,50,448.0,442.0,1.9700000000000015
197,59,502.0,441.0,0.0
197,93,449.0,442.0,1.9700000000000015
197,2,485.0,445.0,0.0
197,10,454.0,426.0,1.9700000000000015
197,18,458.0,418.0,1.9700000000000015
197,26,472.0,414.0,1.9700000000000015
197,27,453.0,409.0,1.9700000000000015
197,42,441.0,482.0,0.0
197,87,505.0,455.0,0.0
197,100,530.0,428.0,0.0
197,79,516.0,470.0,0.0
197,16,487.0,488.0,0.0
197,20,457.0,478.0,0.0
197,81,527.0,410.0,0.0
197,19,442.0,464.0,0.0
197,49,482.0,429.0,0.0
197,44,469.0,440.0,1.9700000000000015
197,9,536.0,504.0,0.0
197,31,468.0,418.0,1.9700000000000015
197,74,512.0,437.0,0.0
197,61,458.0,468.0,0.0
197,29,493.0,442.0,0.0
197,94,487.0,420.0,0.0
197,46,510.0,446.0,0.0
197,57,446.0,436.0,1.9700000000000015
197,70,536.0,501.0,0.0
197,21,513.0,476.0,0.0
197,38,533.0,493.0,0.0
197,88,505.0,486.0,0.0
197,78,516.0,408.0,0.0
197,72,454.0,479.0,0.0
197,24,443.0,477.0,0.0
197,8,495.0,453.0,0.0
197,17,499.0,454.0,0.0
197,37,500.0,481.0,0.0
197,1,441.0,460.0,1.9700000000000015
197,53,511.0,470.0,0.0
197,22,446.0,493.0,0.0
197,47,498.0,470.0,0.0
197,83,495.0,475.0,0.0
197,99,482.0,408.0,0.0
197,89,474.0,460.0,0.0
197,14,453.0,457.0,1.9700000000000015
197,3,495.0,416.0,0.0
197,80,517.0,419.0,0.0
197,96,442.0,483.0,0.0
197,51,515.0,430.0,0.0
197,33,509.0,431.0,0.0
197,40,528.0,407.0,0.0
197,48,532.0,423.0,0.0
197,15,537.0,420.0,0.0
197,65,457.0,487.0,0.0
197,97,450.0,476.0,0.0
198,5,517.0,420.0,0.0
198,56,447.0,504.0,0.0
198,35,517.0,473.0,0.0
198,55,512.0,475.0,0.0
198,60,479.0,468.0,0.0
198,30,454.0,439.0,1.9800000000000015
198,32,459.0,502.0,0.0
198,6,455.0,487.0,0.0
198,67,507.0,424.0,0.0
198,45,466.0,438.0,1.9800000000000015
198,73,443.0,477.0,0.0
198,64,501.0,445.0,0.0
198,90,478.0,485.0,0.0
198,4,509.0,428.0,0.0
198,13,538.0,438.0,0.0
198,54,480.0,445.0,0.0
198,63,502.0,501.0,0.0
198,86,447.0,467.0,0.0
198,91,526.0,502.0,0.0
198,62,523.0,474.0,0.0
198,58,472.0,418.0,1.9800000000000015
198,52,479.0,418.0,0.0
198,12,445.0,417.0,1.9800000000000015
198,28,479.0,490.0,0.0
198,75,443.0,424.0,1.9800000000000015
198,23,510.0,421.0,0.0
198,92,492.0,477.0,0.0
198,41,456.0,487.0,0.0
198,43,521.0,414.0,0.0
198,11,504.0,431.0,0.0
198,36,506.0,467.0,0.0
198,68,513.0,413.0,0.0
198,69,449.0,437.0,1.9800000000000015
198,98,442.0,500.0,0.0
198,82,470.0,411.0,1.9800000000000015
198,85,526.0,409.0,0.0
198,39,483.0,504.0,0.0
198,84,522.0,446.0,0.0
198,77,449.0,493.0,0.0
198,7,504.0,426.0,0.0
198,25,448.0,458.0,1.9800000000000015
198,95,523.0,506.0,0.0
198,71,473.0,502.0,0.0
198,66,507.0,505.0,0.0
198,76,477.0,489.0,0.0
198,34,479.0,409.0,0.0
198,50,448.0,442.0,1.9800000000000015
198,59,502.0,441.0,0.0
198,93,449.0,442.0,1.9800000000000015
198,2,485.0,445.0,0.0
198,10,454.0,426.0,1.9800000000000015
198,18,458.0,418.0,1.9800000000000015
198,26,472.0,414.0,1.9800000000000015
198,27,453.0,409.0,1.9800000000000015
198,42,441.0,482.0,0.0
198,87,505.0,455.0,0.0
198,100,530.0,428.0,0.0
198,79,516.0,470.0,0.0
198,16,487.0,488.0,0.0
198,20,457.0,478.0,0.0
198,81,527.0,410.0,0.0
198,19,442.0,464.0,0.0
198,49,482.0,429.0,0.0
198,44,469.0,440.0,1.9800000000000015
198,9,536.0,504.0,0.0
198,31,468.0,418.0,1.9800000000000015
198,74,512.0,437.0,0.0
198,61,458.0,468.0,0.0
198,29,493.0,442.0,0.0
198,94,487.0,420.0,0.0
198,46,510.0,446.0,0.0
198,57,446.0,436.0,1.9800000000000015
198,70,536.0,501.0,0.0
198,21,513.0,476.0,0.0
198,38,533.0,493.0,0.0
198,88,505.0,486.0,0.0
198,78,516.0,408.0,0.0
198,72,454.0,479.0,0.0
198,24,443.0,477.0,0.0
198,8,495.0,453.0,0.0
198,17,499.0,454.0,0.0
198,37,500.0,481.0,0.0
198,1,441.0,460.0,1.9800000000000015
198,53,511.0,470.0,0.0
198,22,446.0,493.0,0.0
198,47,498.0,470.0,0.0
198,83,495.0,475.0,0.0
198,99,482.0,408.0,0.0
198,89,474.0,460.0,0.0
198,14,453.0,457.0,1.9800000000000015
198,3,495.0,416.0,0.0
198,80,517.0,419.0,0.0
198,96,442.0,483.0,0.0
198,51,515.0,430.0,0.0
198,33,509.0,431.0,0.0
198,40,528.0,407.0,0.0
198,48,532.0,423.0,0.0
198,15,537.0,420.0,0.0
198,65,457.0,487.0,0.0
198,97,450.0,476.0,0.0
199,5,517.0,420.0,0.0
199,56,447.0,504.0,0.0
199,35,517.0,473.0,0.0
199,55,512.0,475.0,0.0
199,60,479.0,468.0,0.0
199,30,454.0,439.0,1.9900000000000015
199,32,459.0,502.0,0.0
199,6,455.0,487.0,0.0
199,67,507.0,424.0,0.0
199,45,466.0,438.0,1.9900000000000015
199,73,443.0,477.0,0.0
199,64,501.0,445.0,0.0
199,90,478.0,485.0,0.0
199,4,509.0,428.0,0.0
199,13,538.0,438.0,0.0
199,54,480.0,445.0,0.0
199,63,502.0,501.0,0.0
199,86,447.0,467.0,0.0
199,91,526.0,502.0,0.0
199,62,523.0,474.0,0.0
199,58,472.0,418.0,1.9900000000000015
199,52,479.0,418.0,0.0
199,12,445.0,417.0,1.9900000000000015
199,28,479.0,490.0,0.0
199,75,443.0,424.0,1.9900000000000015
199,23,510.0,421.0,0.0
199,92,492.0,477.0,0.0
199,41,456.0,487.0,0.0
199,43,521.0,414.0,0.0
199,11,504.0,431.0,0.0
199,36,506.0,467.0,0.0
199,68,513.0,413.0,0.0
199,69,449.0,437.0,1.9900000000000015
199,98,442.0,500.0,0.0
199,82,470.0,411.0,1.9900000000000015
199,85,526.0,409.0,0.0
199,39,483.0,504.0,0.0
199,84,522.0,446.0,0.0
199,77,449.0,493.0,0.0
199,7,504.0,426.0,0.0
199,25,448.0,458.0,1.9900000000000015
199,95,523.0,506.0,0.0
199,71,473.0,502.0,0.0
199,66,507.0,505.0,0.0
199,76,477.0,489.0,0.0
199,34,479.0,409.0,0.0
199,50,448.0,442.0,1.9900000000000015
199,59,502.0,441.0,0.0
199,93,449.0,442.0,1.9900000000000015
199,2,485.0,445.0,0.0
199,10,454.0,426.0,1.9900000000000015
199,18,458.0,418.0,1.9900000000000015
199,26,472.0,414.0,1.9900000000000015
199,27,453.0,409.0,1.9900000000000015
199,42,441.0,482.0,0.0
199,87,505.0,455.0,0.0
199,100,530.0,428.0,0.0
199,79,516.0,470.0,0.0
199,16,487.0,488.0,0.0
199,20,457.0,478.0,0.0
199,81,527.0,410.0,0.0
199,19,442.0,464.0,0.0
199,49,482.0,429.0,0.0
199,44,469.0,440.0,1.9900000000000015
199,9,536.0,504.0,0.0
199,31,468.0,418.0,1.9900000000000015
199,74,512.0,437.0,0.0
199,61,458.0,468.0,0.0
199,29,493.0,442.0,0.0
199,94,487.0,420.0,0.0
199,46,510.0,446.0,0.0
199,57,446.0,436.0,1.9900000000000015
199,70,536.0,501.0,0.0
199,21,513.0,476.0,0.0
199,38,533.0,493.0,0.0
199,88,505.0,486.0,0.0
199,78,516.0,408.0,0.0
199,72,454.0,479.0,0.0
199,24,443.0,477.0,0.0
199,8,495.0,453.0,0.0
199,17,499.0,454.0,0.0
199,37,500.0,481.0,0.0
199,1,441.0,460.0,1.9900000000000015
199,53,511.0,470.0,0.0
199,22,446.0,493.0,0.0
199,47,498.0,470.0,0.0
199,83,495.0,475.0,0.0
199,99,482.0,408.0,0.0
199,89,474.0,460.0,0.0
199,14,453.0,457.0,1.9900000000000015
199,3,495.0,416.0,0.0
199,80,517.0,419.0,0.0
199,96,442.0,483.0,0.0
199,51,515.0,430.0,0.0
199,33,509.0,431.0,0.0
199,40,528.0,407.0,0.0
199,48,532.0,423.0,0.0
199,15,537.0,420.0,0.0
199,65,457.0,487.0,0.0
199,97,450.0,476.0,0.0
200,5,517.0,420.0,0.0
200,56,447.0,504.0,0.0
200,35,517.0,473.0,0.0
200,55,512.0,475.0,0.0
200,60,479.0,468.0,0.0
200,30,454.0,439.0,2.0
200,32,459.0,502.0,0.0
200,6,455.0,487.0,0.0
200,67,507.0,424.0,0.0
200,45,466.0,438.0,2.0
200,73,443.0,477.0,0.0
200,64,501.0,445.0,0.0
200,90,478.0,485.0,0.0
200,4,509.0,428.0,0.0
200,13,538.0,438.0,0.0
200,54,480.0,445.0,0.0
200,63,502.0,501.0,0.0
200,86,447.0,467.0,0.0
200,91,526.0,502.0,0.0
200,62,523.0,474.0,0.0
200,58,472.0,418.0,2.0
200,52,479.0,418.0,0.0
200,12,445.0,417.0,2.0
200,28,479.0,490.0,0.0
200,75,443.0,424.0,2.0
200,23,510.0,421.0,0.0
200,92,492.0,477.0,0.0
200,41,456.0,487.0,0.0
200,43,521.0,414.0,0.0
200,11,504.0,431.0,0.0
200,36,506.0,467.0,0.0
200,68,513.0,413.0,0.0
200,69,449.0,437.0,2.0
200,98,442.0,500.0,0.0
200,82,470.0,411.0,2.0
200,85,526.0,409.0,0.0
200,39,483.0,504.0,0.0
200,84,522.0,446.0,0.0
200,77,449.0,493.0,0.0
200,7,504.0,426.0,0.0
200,25,448.0,458.0,2.0
200,95,523.0,506.0,0.0
200,71,473.0,502.0,0.0
200,66,507.0,505.0,0.0
200,76,477.0,489.0,0.0
200,34,479.0,409.0,0.0
200,50,448.0,442.0,2.0
200,59,502.0,441.0,0.0
200,93,449.0,442.0,2.0
200,2,485.0,445.0,0.0
200,10,454.0,426.0,2.0
200,18,458.0,418.0,2.0
200,26,472.0,414.0,2.0
200,27,453.0,409.0,2.0
200,42,441.0,482.0,0.0
200,87,505.0,455.0,0.0
200,100,530.0,428.0,0.0
200,79,516.0,470.0,0.0
200,16,487.0,488.0,0.0
200,20,457.0,478.0,0.0
200,81,527.0,410.0,0.0
200,19,442.0,464.0,0.0
200,49,482.0,429.0,0.0
200,44,469.0,440.0,2.0
200,9,536.0,504.0,0.0
200,31,468.0,418.0,2.0
200,74,512.0,437.0,0.0
200,61,458.0,468.0,0.0
200,29,493.0,442.0,0.0
200,94,487.0,420.0,0.0
200,46,510.0,446.0,0.0
200,57,446.0,436.0,2.0
200,70,536.0,501.0,0.0
200,21,513.0,476.0,0.0
200,38,533.0,493.0,0.0
200,88,505.0,486.0,0.0
200,78,516.0,408.0,0.0
200,72,454.0,479.0,0.0
200,24,443.0,477.0,0.0
200,8,495.0,453.0,0.0
200,17,499.0,454.0,0.0
200,37,500.0,481.0,0.0
200,1,441.0,460.0,2.0
200,53,511.0,470.0,0.0
200,22,446.0,493.0,0.0
200,47,498.0,470.0,0.0
200,83,495.0,475.0,0.0
200,99,482.0,408.0,0.0
200,89,474.0,460.0,0.0
200,14,453.0,457.0,2.0
200,3,495.0,416.0,0.0
200,80,517.0,419.0,0.0
200,96,442.0,483.0,0.0
200,51,515.0,430.0,0.0
200,33,509.0,431.0,0.0
200,40,528.0,407.0,0.0
200,48,532.0,423.0,0.0
200,15,537.0,420.0,0.0
200,65,457.0,487.0,0.0
200,97,450.0,476.0,0.0
201,5,517.0,420.0,0.0
201,56,447.0,504.0,0.0
201,35,517.0,473.0,0.0
201,55,512.0,475.0,0.0
201,60,479.0,468.0,0.0
201,30,454.0,439.0,2.0
201,32,459.0,502.0,0.0
201,6,455.0,487.0,0.0
201,67,507.0,424.0,0.0
201,45,466.0,438.0,2.0
201,73,443.0,477.0,0.0
201,64,501.0,445.0,0.0
201,90,478.0,485.0,0.0
201,4,509.0,428.0,0.0
201,13,538.0,438.0,0.0
201,54,480.0,445.0,0.0
201,63,502.0,501.0,0.0
201,86,447.0,467.0,0.0
201,91,526.0,502.0,0.0
201,62,523.0,474.0,0.0
201,58,472.0,418.0,2.0
201,52,479.0,418.0,0.0
201,12,445.0,417.0,2.0
201,28,479.0,490.0,0.0
201,75,443.0,424.0,2.0
201,23,510.0,421.0,0.0
201,92,492.0,477.0,0.0
201,41,456.0,487.0,0.0
201,43,521.0,414.0,0.0
201,11,504.0,431.0,0.0
201,36,506.0,467.0,0.0
201,68,513.0,413.0,0.0
201,69,449.0,437.0,2.0
201,98,442.0,500.0,0.0
201,82,470.0,411.0,2.0
201,85,526.0,409.0,0.0
201,39,483.0,504.0,0.0
201,84,522.0,446.0,0.0
201,77,449.0,493.0,0.0
201,7,504.0,426.0,0.0
201,25,448.0,458.0,2.0
201,95,523.0,506.0,0.0
201,71,473.0,502.0,0.0
201,66,507.0,505.0,0.0
201,76,477.0,489.0,0.0
201,34,479.0,409.0,0.0
201,50,448.0,442.0,2.0
201,59,502.0,441.0,0.0
201,93,449.0,442.0,2.0
201,2,485.0,445.0,0.0
201,10,454.0,426.0,2.0
201,18,458.0,418.0,2.0
201,26,472.0,414.0,2.0
201,27,453.0,409.0,2.0
201,42,441.0,482.0,0.0
201,87,505.0,455.0,0.0
201,100,530.0,428.0,0.0
201,79,516.0,470.0,0.0
201,16,487.0,488.0,0.0
201,20,457.0,478.0,0.0
201,81,527.0,410.0,0.0
201,19,442.0,464.0,0.0
201,49,482.0,429.0,0.0
201,44,469.0,440.0,2.0
201,9,536.0,504.0,0.0
201,31,468.0,418.0,2.0
201,74,512.0,437.0,0.0
201,61,458.0,468.0,0.0
201,29,493.0,442.0,0.0
201,94,487.0,420.0,0.0
201,46,510.0,446.0,0.0
201,57,446.0,436.0,2.0
201,70,536.0,501.0,0.0
201,21,513.0,476.0,0.0
201,38,533.0,493.0,0.0
201,88,505.0,486.0,0.0
201,78,516.0,408.0,0.0
201,72,454.0,479.0,0.0
201,24,443.0,477.0,0.0
201,8,495.0,453.0,0.0
201,17,499.0,454.0,0.0
201,37,500.0,481.0,0.0
201,1,441.0,460.0,2.0
201,53,511.0,470.0,0.0
201,22,446.0,493.0,0.0
201,47,498.0,470.0,0.0
201,83,495.0,475.0,0.0
201,99,482.0,408.0,0.0
201,89,474.0,460.0,0.0
201,14,453.0,457.0,2.0
201,3,495.0,416.0,0.0
201,80,517.0,419.0,0.0
201,96,442.0,483.0,0.0
201,51,515.0,430.0,0.0
201,33,509.0,431.0,0.0
201,40,528.0,407.0,0.0
201,48,532.0,423.0,0.0
201,15,537.0,420.0,0.0
201,65,457.0,487.0,0.0
201,97,450.0,476.0,0.0
202,5,517.0,420.0,0.0
202,56,447.0,504.0,0.0
202,35,517.0,473.0,0.0
202,55,512.0,475.0,0.0
202,60,479.0,468.0,0.0
202,30,454.0,439.0,2.0
202,32,459.0,502.0,0.0
202,6,455.0,487.0,0.0
202,67,507.0,424.0,0.0
202,45,466.0,438.0,2.0
202,73,443.0,477.0,0.0
202,64,501.0,445.0,0.0
202,90,478.0,485.0,0.0
202,4,509.0,428.0,0.0
202,13,538.0,438.0,0.0
202,54,480.0,445.0,0.0
202,63,502.0,501.0,0.0
202,86,447.0,467.0,0.0
202,91,526.0,502.0,0.0
202,62,523.0,474.0,0.0
202,58,472.0,418.0,2.0
202,52,479.0,418.0,0.0
202,12,445.0,417.0,2.0
202,28,479.0,490.0,0.0
202,75,443.0,424.0,2.0
202,23,510.0,421.0,0.0
202,92,492.0,477.0,0.0
202,41,456.0,487.0,0.0
202,43,521.0,414.0,0.0
202,11,504.0,431.0,0.0
202,36,506.0,467.0,0.0
202,68,513.0,413.0,0.0
202,69,449.0,437.0,2.0
202,98,442.0,500.0,0.0
202,82,470.0,411.0,2.0
202,85,526.0,409.0,0.0
202,39,483.0,504.0,0.0
202,84,522.0,446.0,0.0
202,77,449.0,493.0,0.0
202,7,504.0,426.0,0.0
202,25,448.0,458.0,2.0
202,95,523.0,506.0,0.0
202,71,473.0,502.0,0.0
202,66,507.0,505.0,0.0
202,76,477.0,489.0,0.0
202,34,479.0,409.0,0.0
202,50,448.0,442.0,2.0
202,59,502.0,441.0,0.0
202,93,449.0,442.0,2.0
202,2,485.0,445.0,0.0
202,10,454.0,426.0,2.0
202,18,458.0,418.0,2.0
202,26,472.0,414.0,2.0
202,27,453.0,409.0,2.0
202,42,441.0,482.0,0.0
202,87,505.0,455.0,0.0
202,100,530.0,428.0,0.0
202,79,516.0,470.0,0.0
202,16,487.0,488.0,0.0
202,20,457.0,478.0,0.0
202,81,527.0,410.0,0.0
202,19,442.0,464.0,0.0
202,49,482.0,429.0,0.0
202,44,469.0,440.0,2.0
202,9,536.0,504.0,0.0
202,31,468.0,418.0,2.0
202,74,512.0,437.0,0.0
202,61,458.0,468.0,0.0
202,29,493.0,442.0,0.0
202,94,487.0,420.0,0.0
202,46,510.0,446.0,0.0
202,57,446.0,436.0,2.0
202,70,536.0,501.0,0.0
202,21,513.0,476.0,0.0
202,38,533.0,493.0,0.0
202,88,505.0,486.0,0.0
202,78,516.0,408.0,0.0
202,72,454.0,479.0,0.0
202,24,443.0,477.0,0.0
202,8,495.0,453.0,0.0
202,17,499.0,454.0,0.0
202,37,500.0,481.0,0.0
202,1,441.0,460.0,2.0
202,53,511.0,470.0,0.0
202,22,446.0,493.0,0.0
202,47,498.0,470.0,0.0
202,83,495.0,475.0,0.0
202,99,482.0,408.0,0.0
202,89,474.0,460.0,0.0
202,14,453.0,457.0,2.0
202,3,495.0,416.0,0.0
202,80,517.0,419.0,0.0
202,96,442.0,483.0,0.0
202,51,515.0,430.0,0.0
202,33,509.0,431.0,0.0
202,40,528.0,407.0,0.0
202,48,532.0,423.0,0.0
202,15,537.0,420.0,0.0
202,65,457.0,487.0,0.0
202,97,450.0,476.0,0.0
203,5,517.0,420.0,0.0
203,56,447.0,504.0,0.0
203,35,517.0,473.0,0.0
203,55,512.0,475.0,0.0
203,60,479.0,468.0,0.0
203,30,454.0,439.0,2.0
203,32,459.0,502.0,0.0
203,6,455.0,487.0,0.0
203,67,507.0,424.0,0.0
203,45,466.0,438.0,2.0
203,73,443.0,477.0,0.0
203,64,501.0,445.0,0.0
203,90,478.0,485.0,0.0
203,4,509.0,428.0,0.0
203,13,538.0,438.0,0.0
203,54,480.0,445.0,0.0
203,63,502.0,501.0,0.0
203,86,447.0,467.0,0.0
203,91,526.0,502.0,0.0
203,62,523.0,474.0,0.0
203,58,472.0,418.0,2.0
203,52,479.0,418.0,0.0
203,12,445.0,417.0,2.0
203,28,479.0,490.0,0.0
203,75,443.0,424.0,2.0
203,23,510.0,421.0,0.0
203,92,492.0,477.0,0.0
203,41,456.0,487.0,0.0
203,43,521.0,414.0,0.0
203,11,504.0,431.0,0.0
203,36,506.0,467.0,0.0
203,68,513.0,413.0,0.0
203,69,449.0,437.0,2.0
203,98,442.0,500.0,0.0
203,82,470.0,411.0,2.0
203,85,526.0,409.0,0.0
203,39,483.0,504.0,0.0
203,84,522.0,446.0,0.0
203,77,449.0,493.0,0.0
203,7,504.0,426.0,0.0
203,25,448.0,458.0,2.0
203,95,523.0,506.0,0.0
203,71,473.0,502.0,0.0
203,66,507.0,505.0,0.0
203,76,477.0,489.0,0.0
203,34,479.0,409.0,0.0
203,50,448.0,442.0,2.0
203,59,502.0,441.0,0.0
203,93,449.0,442.0,2.0
203,2,485.0,445.0,0.0
203,10,454.0,426.0,2.0
203,18,458.0,418.0,2.0
203,26,472.0,414.0,2.0
203,27,453.0,409.0,2.0
203,42,441.0,482.0,0.0
203,87,505.0,455.0,0.0
203,100,530.0,428.0,0.0
203,79,516.0,470.0,0.0
203,16,487.0,488.0,0.0
203,20,457.0,478.0,0.0
203,81,527.0,410.0,0.0
203,19,442.0,464.0,0.0
203,49,482.0,429.0,0.0
203,44,469.0,440.0,2.0
203,9,536.0,504.0,0.0
203,31,468.0,418.0,2.0
203,74,512.0,437.0,0.0
203,61,458.0,468.0,0.0
203,29,493.0,442.0,0.0
203,94,487.0,420.0,0.0
203,46,510.0,446.0,0.0
203,57,446.0,436.0,2.0
203,70,536.0,501.0,0.0
203,21,513.0,476.0,0.0
203,38,533.0,493.0,0.0
203,88,505.0,486.0,0.0
203,78,516.0,408.0,0.0
203,72,454.0,479.0,0.0
203,24,443.0,477.0,0.0
203,8,495.0,453.0,0.0
203,17,499.0,454.0,0.0
203,37,500.0,481.0,0.0
203,1,441.0,460.0,2.0
203,53,511.0,470.0,0.0
203,22,446.0,493.0,0.0
203,47,498.0,470.0,0.0
203,83,495.0,475.0,0.0
203,99,482.0,408.0,0.0
203,89,474.0,460.0,0.0
203,14,453.0,457.0,2.0
203,3,495.0,416.0,0.0
203,80,517.0,419.0,0.0
203,96,442.0,483.0,0.0
203,51,515.0,430.0,0.0
203,33,509.0,431.0,0.0
203,40,528.0,407.0,0.0
203,48,532.0,423.0,0.0
203,15,537.0,420.0,0.0
203,65,457.0,487.0,0.0
203,97,450.0,476.0,0.0
204,5,517.0,420.0,0.0
204,56,447.0,504.0,0.0
204,35,517.0,473.0,0.0
204,55,512.0,475.0,0.0
204,60,479.0,468.0,0.0
204,30,454.0,439.0,2.0
204,32,459.0,502.0,0.0
204,6,455.0,487.0,0.0
204,67,507.0,424.0,0.0
204,45,466.0,438.0,2.0
204,73,443.0,477.0,0.0
204,64,501.0,445.0,0.0
204,90,478.0,485.0,0.0
204,4,509.0,428.0,0.0
204,13,538.0,438.0,0.0
204,54,480.0,445.0,0.0
204,63,502.0,501.0,0.0
204,86,447.0,467.0,0.0
204,91,526.0,502.0,0.0
204,62,523.0,474.0,0.0
204,58,472.0,418.0,2.0
204,52,479.0,418.0,0.0
204,12,445.0,417.0,2.0
204,28,479.0,490.0,0.0
204,75,443.0,424.0,2.0
204,23,510.0,421.0,0.0
204,92,492.0,477.0,0.0
204,41,456.0,487.0,0.0
204,43,521.0,414.0,0.0
204,11,504.0,431.0,0.0
204,36,506.0,467.0,0.0
204,68,513.0,413.0,0.0
204,69,449.0,437.0,2.0
204,98,442.0,500.0,0.0
204,82,470.0,411.0,2.0
204,85,526.0,409.0,0.0
204,39,483.0,504.0,0.0
204,84,522.0,446.0,0.0
204,77,449.0,493.0,0.0
204,7,504.0,426.0,0.0
204,25,448.0,458.0,2.0
204,95,523.0,506.0,0.0
204,71,473.0,502.0,0.0
204,66,507.0,505.0,0.0
204,76,477.0,489.0,0.0
204,34,479.0,409.0,0.0
204,50,448.0,442.0,2.0
204,59,502.0,441.0,0.0
204,93,449.0,442.0,2.0
204,2,485.0,445.0,0.0
204,10,454.0,426.0,2.0
204,18,458.0,418.0,2.0
204,26,472.0,414.0,2.0
204,27,453.0,409.0,2.0
204,42,441.0,482.0,0.0
204,87,505.0,455.0,0.0
204,100,530.0,428.0,0.0
204,79,516.0,470.0,0.0
204,16,487.0,488.0,0.0
204,20,457.0,478.0,0.0
204,81,527.0,410.0,0.0
204,19,442.0,464.0,0.0
204,49,482.0,429.0,0.0
204,44,469.0,440.0,2.0
204,9,536.0,504.0,0.0
204,31,468.0,418.0,2.0
204,74,512.0,437.0,0.0
204,61,458.0,468.0,0.0
204,29,493.0,442.0,0.0
204,94,487.0,420.0,0.0
204,46,510.0,446.0,0.0
204,57,446.0,436.0,2.0
204,70,536.0,501.0,0.0
204,21,513.0,476.0,0.0
204,38,533.0,493.0,0.0
204,88,505.0,486.0,0.0
204,78,516.0,408.0,0.0
204,72,454.0,479.0,0.0
204,24,443.0,477.0,0.0
204,8,495.0,453.0,0.0
204,17,499.0,454.0,0.0
204,37,500.0,481.0,0.0
204,1,441.0,460.0,2.0
204,53,511.0,470.0,0.0
204,22,446.0,493.0,0.0
204,47,498.0,470.0,0.0
204,83,495.0,475.0,0.0
204,99,482.0,408.0,0.0
204,89,474.0,460.0,0.0
204,14,453.0,457.0,2.0
204,3,495.0,416.0,0.0
204,80,517.0,419.0,0.0
204,96,442.0,483.0,0.0
204,51,515.0,430.0,0.0
204,33,509.0,431.0,0.0
204,40,528.0,407.0,0.0
204,48,532.0,423.0,0.0
204,15,537.0,420.0,0.0
204,65,457.0,487.0,0.0
204,97,450.0,476.0,0.0
205,5,517.0,420.0,0.0
205,56,447.0,504.0,0.0
205,35,517.0,473.0,0.0
205,55,512.0,475.0,0.0
205,60,479.0,468.0,0.0
205,30,454.0,439.0,2.0
205,32,459.0,502.0,0.0
205,6,455.0,487.0,0.0
205,67,507.0,424.0,0.0
205,45,466.0,438.0,2.0
205,73,443.0,477.0,0.0
205,64,501.0,445.0,0.0
205,90,478.0,485.0,0.0
205,4,509.0,428.0,0.0
205,13,538.0,438.0,0.0
205,54,480.0,445.0,0.0
205,63,502.0,501.0,0.0
205,86,447.0,467.0,0.0
205,91,526.0,502.0,0.0
205,62,523.0,474.0,0.0
205,58,472.0,418.0,2.0
205,52,479.0,418.0,0.0
205,12,445.0,417.0,2.0
205,28,479.0,490.0,0.0
205,75,443.0,424.0,2.0
205,23,510.0,421.0,0.0
205,92,492.0,477.0,0.0
205,41,456.0,487.0,0.0
205,43,521.0,414.0,0.0
205,11,504.0,431.0,0.0
205,36,506.0,467.0,0.0
205,68,513.0,413.0,0.0
205,69,449.0,437.0,2.0
205,98,442.0,500.0,0.0
205,82,470.0,411.0,2.0
205,85,526.0,409.0,0.0
205,39,483.0,504.0,0.0
205,84,522.0,446.0,0.0
205,77,449.0,493.0,0.0
205,7,504.0,426.0,0.0
205,25,448.0,458.0,2.0
205,95,523.0,506.0,0.0
205,71,473.0,502.0,0.0
205,66,507.0,505.0,0.0
205,76,477.0,489.0,0.0
205,34,479.0,409.0,0.0
205,50,448.0,442.0,2.0
205,59,502.0,441.0,0.0
205,93,449.0,442.0,2.0
205,2,485.0,445.0,0.0
205,10,454.0,426.0,2.0
205,18,458.0,418.0,2.0
205,26,472.0,414.0,2.0
205,27,453.0,409.0,2.0
205,42,441.0,482.0,0.0
205,87,505.0,455.0,0.0
205,100,530.0,428.0,0.0
205,79,516.0,470.0,0.0
205,16,487.0,488.0,0.0
205,20,457.0,478.0,0.0
205,81,527.0,410.0,0.0
205,19,442.0,464.0,0.0
205,49,482.0,429.0,0.0
205,44,469.0,440.0,2.0
205,9,536.0,504.0,0.0
205,31,468.0,418.0,2.0
205,74,512.0,437.0,0.0
205,61,458.0,468.0,0.0
205,29,493.0,442.0,0.0
205,94,487.0,420.0,0.0
205,46,510.0,446.0,0.0
205,57,446.0,436.0,2.0
205,70,536.0,501.0,0.0
205,21,513.0,476.0,0.0
205,38,533.0,493.0,0.0
205,88,505.0,486.0,0.0
205,78,516.0,408.0,0.0
205,72,454.0,479.0,0.0
205,24,443.0,477.0,0.0
205,8,495.0,453.0,0.0
205,17,499.0,454.0,0.0
205,37,500.0,481.0,0.0
205,1,441.0,460.0,2.0
205,53,511.0,470.0,0.0
205,22,446.0,493.0,0.0
205,47,498.0,470.0,0.0
205,83,495.0,475.0,0.0
205,99,482.0,408.0,0.0
205,89,474.0,460.0,0.0
205,14,453.0,457.0,2.0
205,3,495.0,416.0,0.0
205,80,517.0,419.0,0.0
205,96,442.0,483.0,0.0
205,51,515.0,430.0,0.0
205,33,509.0,431.0,0.0
205,40,528.0,407.0,0.0
205,48,532.0,423.0,0.0
205,15,537.0,420.0,0.0
205,65,457.0,487.0,0.0
205,97,450.0,476.0,0.0
206,5,517.0,420.0,0.0
206,56,447.0,504.0,0.0
206,35,517.0,473.0,0.0
206,55,512.0,475.0,0.0
206,60,479.0,468.0,0.0
206,30,454.0,439.0,2.0
206,32,459.0,502.0,0.0
206,6,455.0,487.0,0.0
206,67,507.0,424.0,0.0
206,45,466.0,438.0,2.0
206,73,443.0,477.0,0.0
206,64,501.0,445.0,0.0
206,90,478.0,485.0,0.0
206,4,509.0,428.0,0.0
206,13,538.0,438.0,0.0
206,54,480.0,445.0,0.0
206,63,502.0,501.0,0.0
206,86,447.0,467.0,0.0
206,91,526.0,502.0,0.0
206,62,523.0,474.0,0.0
206,58,472.0,418.0,2.0
206,52,479.0,418.0,0.0
206,12,445.0,417.0,2.0
206,28,479.0,490.0,0.0
206,75,443.0,424.0,2.0
206,23,510.0,421.0,0.0
206,92,492.0,477.0,0.0
206,41,456.0,487.0,0.0
206,43,521.0,414.0,0.0
206,11,504.0,431.0,0.0
206,36,506.0,467.0,0.0
206,68,513.0,413.0,0.0
206,69,449.0,437.0,2.0
206,98,442.0,500.0,0.0
206,82,470.0,411.0,2.0
206,85,526.0,409.0,0.0
206,39,483.0,504.0,0.0
206,84,522.0,446.0,0.0
206,77,449.0,493.0,0.0
206,7,504.0,426.0,0.0
206,25,448.0,458.0,2.0
206,95,523.0,506.0,0.0
206,71,473.0,502.0,0.0
206,66,507.0,505.0,0.0
206,76,477.0,489.0,0.0
206,34,479.0,409.0,0.0
206,50,448.0,442.0,2.0
206,59,502.0,441.0,0.0
206,93,449.0,442.0,2.0
206,2,485.0,445.0,0.0
206,10,454.0,426.0,2.0
206,18,458.0,418.0,2.0
206,26,472.0,414.0,2.0
206,27,453.0,409.0,2.0
206,42,441.0,482.0,0.0
206,87,505.0,455.0,0.0
206,100,530.0,428.0,0.0
206,79,516.0,470.0,0.0
206,16,487.0,488.0,0.0
206,20,457.0,478.0,0.0
206,81,527.0,410.0,0.0
206,19,442.0,464.0,0.0
206,49,482.0,429.0,0.0
206,44,469.0,440.0,2.0
206,9,536.0,504.0,0.0
206,31,468.0,418.0,2.0
206,74,512.0,437.0,0.0
206,61,458.0,468.0,0.0
206,29,493.0,442.0,0.0
206,94,487.0,420.0,0.0
206,46,510.0,446.0,0.0
206,57,446.0,436.0,2.0
206,70,536.0,501.0,0.0
206,21,513.0,476.0,0.0
206,38,533.0,493.0,0.0
206,88,505.0,486.0,0.0
206,78,516.0,408.0,0.0
206,72,454.0,479.0,0.0
206,24,443.0,477.0,0.0
206,8,495.0,453.0,0.0
206,17,499.0,454.0,0.0
206,37,500.0,481.0,0.0
206,1,441.0,460.0,2.0
206,53,511.0,470.0,0.0
206,22,446.0,493.0,0.0
206,47,498.0,470.0,0.0
206,83,495.0,475.0,0.0
206,99,482.0,408.0,0.0
206,89,474.0,460.0,0.0
206,14,453.0,457.0,2.0
206,3,495.0,416.0,0.0
206,80,517.0,419.0,0.0
206,96,442.0,483.0,0.0
206,51,515.0,430.0,0.0
206,33,509.0,431.0,0.0
206,40,528.0,407.0,0.0
206,48,532.0,423.0,0.0
206,15,537.0,420.0,0.0
206,65,457.0,487.0,0.0
206,97,450.0,476.0,0.0
207,5,517.0,420.0,0.0
207,56,447.0,504.0,0.0
207,35,517.0,473.0,0.0
207,55,512.0,475.0,0.0
207,60,479.0,468.0,0.0
207,30,454.0,439.0,2.0
207,32,459.0,502.0,0.0
207,6,455.0,487.0,0.0
207,67,507.0,424.0,0.0
207,45,466.0,438.0,2.0
207,73,443.0,477.0,0.0
207,64,501.0,445.0,0.0
207,90,478.0,485.0,0.0
207,4,509.0,428.0,0.0
207,13,538.0,438.0,0.0
207,54,480.0,445.0,0.0
207,63,502.0,501.0,0.0
207,86,447.0,467.0,0.0
207,91,526.0,502.0,0.0
207,62,523.0,474.0,0.0
207,58,472.0,418.0,2.0
207,52,479.0,418.0,0.0
207,12,445.0,417.0,2.0
207,28,479.0,490.0,0.0
207,75,443.0,424.0,2.0
207,23,510.0,421.0,0.0
207,92,492.0,477.0,0.0
207,41,456.0,487.0,0.0
207,43,521.0,414.0,0.0
207,11,504.0,431.0,0.0
207,36,506.0,467.0,0.0
207,68,513.0,413.0,0.0
207,69,449.0,437.0,2.0
207,98,442.0,500.0,0.0
207,82,470.0,411.0,2.0
207,85,526.0,409.0,0.0
207,39,483.0,504.0,0.0
207,84,522.0,446.0,0.0
207,77,449.0,493.0,0.0
207,7,504.0,426.0,0.0
207,25,448.0,458.0,2.0
207,95,523.0,506.0,0.0
207,71,473.0,502.0,0.0
207,66,507.0,505.0,0.0
207,76,477.0,489.0,0.0
207,34,479.0,409.0,0.0
207,50,448.0,442.0,2.0
207,59,502.0,441.0,0.0
207,93,449.0,442.0,2.0
207,2,485.0,445.0,0.0
207,10,454.0,426.0,2.0
207,18,458.0,418.0,2.0
207,26,472.0,414.0,2.0
207,27,453.0,409.0,2.0
207,42,441.0,482.0,0.0
207,87,505.0,455.0,0.0
207,100,530.0,428.0,0.0
207,79,516.0,470.0,0.0
207,16,487.0,488.0,0.0
207,20,457.0,478.0,0.0
207,81,527.0,410.0,0.0
207,19,442.0,464.0,0.0
207,49,482.0,429.0,0.0
207,44,469.0,440.0,2.0
207,9,536.0,504.0,0.0
207,31,468.0,418.0,2.0
207,74,512.0,437.0,0.0
207,61,458.0,468.0,0.0
207,29,493.0,442.0,0.0
207,94,487.0,420.0,0.0
207,46,510.0,446.0,0.0
207,57,446.0,436.0,2.0
207,70,536.0,501.0,0.0
207,21,513.0,476.0,0.0
207,38,533.0,493.0,0.0
207,88,505.0,486.0,0.0
207,78,516.0,408.0,0.0
207,72,454.0,479.0,0.0
207,24,443.0,477.0,0.0
207,8,495.0,453.0,0.0
207,17,499.0,454.0,0.0
207,37,500.0,481.0,0.0
207,1,441.0,460.0,2.0
207,53,511.0,470.0,0.0
207,22,446.0,493.0,0.0
207,47,498.0,470.0,0.0
207,83,495.0,475.0,0.0
207,99,482.0,408.0,0.0
207,89,474.0,460.0,0.0
207,14,453.0,457.0,2.0
207,3,495.0,416.0,0.0
207,80,517.0,419.0,0.0
207,96,442.0,483.0,0.0
207,51,515.0,430.0,0.0
207,33,509.0,431.0,0.0
207,40,528.0,407.0,0.0
207,48,532.0,423.0,0.0
207,15,537.0,420.0,0.0
207,65,457.0,487.0,0.0
207,97,450.0,476.0,0.0
208,5,517.0,420.0,0.0
208,56,447.0,504.0,0.0
208,35,517.0,473.0,0.0
208,55,512.0,475.0,0.0
208,60,479.0,468.0,0.0
208,30,454.0,439.0,2.0
208,32,459.0,502.0,0.0
208,6,455.0,487.0,0.0
208,67,507.0,424.0,0.0
208,45,466.0,438.0,2.0
208,73,443.0,477.0,0.0
208,64,501.0,445.0,0.0
208,90,478.0,485.0,0.0
208,4,509.0,428.0,0.0
208,13,538.0,438.0,0.0
208,54,480.0,445.0,0.0
208,63,502.0,501.0,0.0
208,86,447.0,467.0,0.0
208,91,526.0,502.0,0.0
208,62,523.0,474.0,0.0
208,58,472.0,418.0,2.0
208,52,479.0,418.0,0.0
208,12,445.0,417.0,2.0
208,28,479.0,490.0,0.0
208,75,443.0,424.0,2.0
208,23,510.0,421.0,0.0
208,92,492.0,477.0,0.0
208,41,456.0,487.0,0.0
208,43,521.0,414.0,0.0
208,11,504.0,431.0,0.0
208,36,506.0,467.0,0.0
208,68,513.0,413.0,0.0
208,69,449.0,437.0,2.0
208,98,442.0,500.0,0.0
208,82,470.0,411.0,2.0
208,85,526.0,409.0,0.0
208,39,483.0,504.0,0.0
208,84,522.0,446.0,0.0
208,77,449.0,493.0,0.0
208,7,504.0,426.0,0.0
208,25,448.0,458.0,2.0
208,95,523.0,506.0,0.0
208,71,473.0,502.0,0.0
208,66,507.0,505.0,0.0
208,76,477.0,489.0,0.0
208,34,479.0,409.0,0.0
208,50,448.0,442.0,2.0
208,59,502.0,441.0,0.0
208,93,449.0,442.0,2.0
208,2,485.0,445.0,0.0
208,10,454.0,426.0,2.0
208,18,458.0,418.0,2.0
208,26,472.0,414.0,2.0
208,27,453.0,409.0,2.0
208,42,441.0,482.0,0.0
208,87,505.0,455.0,0.0
208,100,530.0,428.0,0.0
208,79,516.0,470.0,0.0
208,16,487.0,488.0,0.0
208,20,457.0,478.0,0.0
208,81,527.0,410.0,0.0
208,19,442.0,464.0,0.0
208,49,482.0,429.0,0.0
208,44,469.0,440.0,2.0
208,9,536.0,504.0,0.0
208,31,468.0,418.0,2.0
208,74,512.0,437.0,0.0
208,61,458.0,468.0,0.0
208,29,493.0,442.0,0.0
208,94,487.0,420.0,0.0
208,46,510.0,446.0,0.0
208,57,446.0,436.0,2.0
208,70,536.0,501.0,0.0
208,21,513.0,476.0,0.0
208,38,533.0,493.0,0.0
208,88,505.0,486.0,0.0
208,78,516.0,408.0,0.0
208,72,454.0,479.0,0.0
208,24,443.0,477.0,0.0
208,8,495.0,453.0,0.0
208,17,499.0,454.0,0.0
208,37,500.0,481.0,0.0
208,1,441.0,460.0,2.0
208,53,511.0,470.0,0.0
208,22,446.0,493.0,0.0
208,47,498.0,470.0,0.0
208,83,495.0,475.0,0.0
208,99,482.0,408.0,0.0
208,89,474.0,460.0,0.0
208,14,453.0,457.0,2.0
208,3,495.0,416.0,0.0
208,80,517.0,419.0,0.0
208,96,442.0,483.0,0.0
208,51,515.0,430.0,0.0
208,33,509.0,431.0,0.0
208,40,528.0,407.0,0.0
208,48,532.0,423.0,0.0
208,15,537.0,420.0,0.0
208,65,457.0,487.0,0.0
208,97,450.0,476.0,0.0
209,5,517.0,420.0,0.0
209,56,447.0,504.0,0.0
209,35,517.0,473.0,0.0
209,55,512.0,475.0,0.0
209,60,479.0,468.0,0.0
209,30,454.0,439.0,2.0
209,32,459.0,502.0,0.0
209,6,455.0,487.0,0.0
209,67,507.0,424.0,0.0
209,45,466.0,438.0,2.0
209,73,443.0,477.0,0.0
209,64,501.0,445.0,0.0
209,90,478.0,485.0,0.0
209,4,509.0,428.0,0.0
209,13,538.0,438.0,0.0
209,54,480.0,445.0,0.0
209,63,502.0,501.0,0.0
209,86,447.0,467.0,0.0
209,91,526.0,502.0,0.0
209,62,523.0,474.0,0.0
209,58,472.0,418.0,2.0
209,52,479.0,418.0,0.0
209,12,445.0,417.0,2.0
209,28,479.0,490.0,0.0
209,75,443.0,424.0,2.0
209,23,510.0,421.0,0.0
209,92,492.0,477.0,0.0
209,41,456.0,487.0,0.0
209,43,521.0,414.0,0.0
209,11,504.0,431.0,0.0
209,36,506.0,467.0,0.0
209,68,513.0,413.0,0.0
209,69,449.0,437.0,2.0
209,98,442.0,500.0,0.0
209,82,470.0,411.0,2.0
209,85,526.0,409.0,0.0
209,39,483.0,504.0,0.0
209,84,522.0,446.0,0.0
209,77,449.0,493.0,0.0
209,7,504.0,426.0,0.0
209,25,448.0,458.0,2.0
209,95,523.0,506.0,0.0
209,71,473.0,502.0,0.0
209,66,507.0,505.0,0.0
209,76,477.0,489.0,0.0
209,34,479.0,409.0,0.0
209,50,448.0,442.0,2.0
209,59,502.0,441.0,0.0
209,93,449.0,442.0,2.0
209,2,485.0,445.0,0.0
209,10,454.0,426.0,2.0
209,18,458.0,418.0,2.0
209,26,472.0,414.0,2.0
209,27,453.0,409.0,2.0
209,42,441.0,482.0,0.0
209,87,505.0,455.0,0.0
209,100,530.0,428.0,0.0
209,79,516.0,470.0,0.0
209,16,487.0,488.0,0.0
209,20,457.0,478.0,0.0
209,81,527.0,410.0,0.0
209,19,442.0,464.0,0.0
209,49,482.0,429.0,0.0
209,44,469.0,440.0,2.0
209,9,536.0,504.0,0.0
209,31,468.0,418.0,2.0
209,74,512.0,437.0,0.0
209,61,458.0,468.0,0.0
209,29,493.0,442.0,0.0
209,94,487.0,420.0,0.0
209,46,510.0,446.0,0.0
209,57,446.0,436.0,2.0
209,70,536.0,501.0,0.0
209,21,513.0,476.0,0.0
209,38,533.0,493.0,0.0
209,88,505.0,486.0,0.0
209,78,516.0,408.0,0.0
209,72,454.0,479.0,0.0
209,24,443.0,477.0,0.0
209,8,495.0,453.0,0.0
209,17,499.0,454.0,0.0
209,37,500.0,481.0,0.0
209,1,441.0,460.0,2.0
209,53,511.0,470.0,0.0
209,22,446.0,493.0,0.0
209,47,498.0,470.0,0.0
209,83,495.0,475.0,0.0
209,99,482.0,408.0,0.0
209,89,474.0,460.0,0.0
209,14,453.0,457.0,2.0
209,3,495.0,416.0,0.0
209,80,517.0,419.0,0.0
209,96,442.0,483.0,0.0
209,51,515.0,430.0,0.0
209,33,509.0,431.0,0.0
209,40,528.0,407.0,0.0
209,48,532.0,423.0,0.0
209,15,537.0,420.0,0.0
209,65,457.0,487.0,0.0
209,97,450.0,476.0,0.0
210,5,517.0,420.0,0.0
210,56,447.0,504.0,0.0
210,35,517.0,473.0,0.0
210,55,512.0,475.0,0.0
210,60,479.0,468.0,0.0
210,30,454.0,439.0,2.0
210,32,459.0,502.0,0.0
210,6,455.0,487.0,0.0
210,67,507.0,424.0,0.0
210,45,466.0,438.0,2.0
210,73,443.0,477.0,0.0
210,64,501.0,445.0,0.0
210,90,478.0,485.0,0.0
210,4,509.0,428.0,0.0
210,13,538.0,438.0,0.0
210,54,480.0,445.0,0.0
210,63,502.0,501.0,0.0
210,86,447.0,467.0,0.0
210,91,526.0,502.0,0.0
210,62,523.0,474.0,0.0
210,58,472.0,418.0,2.0
210,52,479.0,418.0,0.0
210,12,445.0,417.0,2.0
210,28,479.0,490.0,0.0
210,75,443.0,424.0,2.0
210,23,510.0,421.0,0.0
210,92,492.0,477.0,0.0
210,41,456.0,487.0,0.0
210,43,521.0,414.0,0.0
210,11,504.0,431.0,0.0
210,36,506.0,467.0,0.0
210,68,513.0,413.0,0.0
210,69,449.0,437.0,2.0
210,98,442.0,500.0,0.0
210,82,470.0,411.0,2.0
210,85,526.0,409.0,0.0
210,39,483.0,504.0,0.0
210,84,522.0,446.0,0.0
210,77,449.0,493.0,0.0
210,7,504.0,426.0,0.0
210,25,448.0,458.0,2.0
210,95,523.0,506.0,0.0
210,71,473.0,502.0,0.0
210,66,507.0,505.0,0.0
210,76,477.0,489.0,0.0
210,34,479.0,409.0,0.0
210,50,448.0,442.0,2.0
210,59,502.0,441.0,0.0
210,93,449.0,442.0,2.0
210,2,485.0,445.0,0.0
210,10,454.0,426.0,2.0
210,18,458.0,418.0,2.0
210,26,472.0,414.0,2.0
210,27,453.0,409.0,2.0
210,42,441.0,482.0,0.0
210,87,505.0,455.0,0.0
210,100,530.0,428.0,0.0
210,79,516.0,470.0,0.0
210,16,487.0,488.0,0.0
210,20,457.0,478.0,0.0
210,81,527.0,410.0,0.0
210,19,442.0,464.0,0.0
210,49,482.0,429.0,0.0
210,44,469.0,440.0,2.0
210,9,536.0,504.0,0.0
210,31,468.0,418.0,2.0
210,74,512.0,437.0,0.0
210,61,458.0,468.0,0.0
210,29,493.0,442.0,0.0
210,94,487.0,420.0,0.0
210,46,510.0,446.0,0.0
210,57,446.0,436.0,2.0
210,70,536.0,501.0,0.0
210,21,513.0,476.0,0.0
210,38,533.0,493.0,0.0
210,88,505.0,486.0,0.0
210,78,516.0,408.0,0.0
210,72,454.0,479.0,0.0
210,24,443.0,477.0,0.0
210,8,495.0,453.0,0.0
210,17,499.0,454.0,0.0
210,37,500.0,481.0,0.0
210,1,441.0,460.0,2.0
210,53,511.0,470.0,0.0
210,22,446.0,493.0,0.0
210,47,498.0,470.0,0.0
210,83,495.0,475.0,0.0
210,99,482.0,408.0,0.0
210,89,474.0,460.0,0.0
210,14,453.0,457.0,2.0
210,3,495.0,416.0,0.0
210,80,517.0,419.0,0.0
210,96,442.0,483.0,0.0
210,51,515.0,430.0,0.0
210,33,509.0,431.0,0.0
210,40,528.0,407.0,0.0
210,48,532.0,423.0,0.0
210,15,537.0,420.0,0.0
210,65,457.0,487.0,0.0
210,97,450.0,476.0,0.0
211,5,517.0,420.0,0.0
211,56,447.0,504.0,0.0
211,35,517.0,473.0,0.0
211,55,512.0,475.0,0.0
211,60,479.0,468.0,0.0
211,30,454.0,439.0,2.0
211,32,459.0,502.0,0.0
211,6,455.0,487.0,0.0
211,67,507.0,424.0,0.0
211,45,466.0,438.0,2.0
211,73,443.0,477.0,0.0
211,64,501.0,445.0,0.0
211,90,478.0,485.0,0.0
211,4,509.0,428.0,0.0
211,13,538.0,438.0,0.0
211,54,480.0,445.0,0.0
211,63,502.0,501.0,0.0
211,86,447.0,467.0,0.0
211,91,526.0,502.0,0.0
211,62,523.0,474.0,0.0
211,58,472.0,418.0,2.0
211,52,479.0,418.0,0.0
211,12,445.0,417.0,2.0
211,28,479.0,490.0,0.0
211,75,443.0,424.0,2.0
211,23,510.0,421.0,0.0
211,92,492.0,477.0,0.0
211,41,456.0,487.0,0.0
211,43,521.0,414.0,0.0
211,11,504.0,431.0,0.0
211,36,506.0,467.0,0.0
211,68,513.0,413.0,0.0
211,69,449.0,437.0,2.0
211,98,442.0,500.0,0.0
211,82,470.0,411.0,2.0
211,85,526.0,409.0,0.0
211,39,483.0,504.0,0.0
211,84,522.0,446.0,0.0
211,77,449.0,493.0,0.0
211,7,504.0,426.0,0.0
211,25,448.0,458.0,2.0
211,95,523.0,506.0,0.0
211,71,473.0,502.0,0.0
211,66,507.0,505.0,0.0
211,76,477.0,489.0,0.0
211,34,479.0,409.0,0.0
211,50,448.0,442.0,2.0
211,59,502.0,441.0,0.0
211,93,449.0,442.0,2.0
211,2,485.0,445.0,0.0
211,10,454.0,426.0,2.0
211,18,458.0,418.0,2.0
211,26,472.0,414.0,2.0
211,27,453.0,409.0,2.0
211,42,441.0,482.0,0.0
211,87,505.0,455.0,0.0
211,100,530.0,428.0,0.0
211,79,516.0,470.0,0.0
211,16,487.0,488.0,0.0
211,20,457.0,478.0,0.0
211,81,527.0,410.0,0.0
211,19,442.0,464.0,0.0
211,49,482.0,429.0,0.0
211,44,469.0,440.0,2.0
211,9,536.0,504.0,0.0
211,31,468.0,418.0,2.0
211,74,512.0,437.0,0.0
211,61,458.0,468.0,0.0
211,29,493.0,442.0,0.0
211,94,487.0,420.0,0.0
211,46,510.0,446.0,0.0
211,57,446.0,436.0,2.0
211,70,536.0,501.0,0.0
211,21,513.0,476.0,0.0
211,38,533.0,493.0,0.0
211,88,505.0,486.0,0.0
211,78,516.0,408.0,0.0
211,72,454.0,479.0,0.0
211,24,443.0,477.0,0.0
211,8,495.0,453.0,0.0
211,17,499.0,454.0,0.0
211,37,500.0,481.0,0.0
211,1,441.0,460.0,2.0
211,53,511.0,470.0,0.0
211,22,446.0,493.0,0.0
211,47,498.0,470.0,0.0
211,83,495.0,475.0,0.0
211,99,482.0,408.0,0.0
211,89,474.0,460.0,0.0
211,14,453.0,457.0,2.0
211,3,495.0,416.0,0.0
211,80,517.0,419.0,0.0
211,96,442.0,483.0,0.0
211,51,515.0,430.0,0.0
211,33,509.0,431.0,0.0
211,40,528.0,407.0,0.0
211,48,532.0,423.0,0.0
211,15,537.0,420.0,0.0
211,65,457.0,487.0,0.0
211,97,450.0,476.0,0.0
212,5,517.0,420.0,0.0
212,56,447.0,504.0,0.0
212,35,517.0,473.0,0.0
212,55,512.0,475.0,0.0
212,60,479.0,468.0,0.0
212,30,454.0,439.0,2.0
212,32,459.0,502.0,0.0
212,6,455.0,487.0,0.0
212,67,507.0,424.0,0.0
212,45,466.0,438.0,2.0
212,73,443.0,477.0,0.0
212,64,501.0,445.0,0.0
212,90,478.0,485.0,0.0
212,4,509.0,428.0,0.0
212,13,538.0,438.0,0.0
212,54,480.0,445.0,0.0
212,63,502.0,501.0,0.0
212,86,447.0,467.0,0.0
212,91,526.0,502.0,0.0
212,62,523.0,474.0,0.0
212,58,472.0,418.0,2.0
212,52,479.0,418.0,0.0
212,12,445.0,417.0,2.0
212,28,479.0,490.0,0.0
212,75,443.0,424.0,2.0
212,23,510.0,421.0,0.0
212,92,492.0,477.0,0.0
212,41,456.0,487.0,0.0
212,43,521.0,414.0,0.0
212,11,504.0,431.0,0.0
212,36,506.0,467.0,0.0
212,68,513.0,413.0,0.0
212,69,449.0,437.0,2.0
212,98,442.0,500.0,0.0
212,82,470.0,411.0,2.0
212,85,526.0,409.0,0.0
212,39,483.0,504.0,0.0
212,84,522.0,446.0,0.0
212,77,449.0,493.0,0.0
212,7,504.0,426.0,0.0
212,25,448.0,458.0,2.0
212,95,523.0,506.0,0.0
212,71,473.0,502.0,0.0
212,66,507.0,505.0,0.0
212,76,477.0,489.0,0.0
212,34,479.0,409.0,0.0
212,50,448.0,442.0,2.0
212,59,502.0,441.0,0.0
212,93,449.0,442.0,2.0
212,2,485.0,445.0,0.0
212,10,454.0,426.0,2.0
212,18,458.0,418.0,2.0
212,26,472.0,414.0,2.0
212,27,453.0,409.0,2.0
212,42,441.0,482.0,0.0
212,87,505.0,455.0,0.0
212,100,530.0,428.0,0.0
212,79,516.0,470.0,0.0
212,16,487.0,488.0,0.0
212,20,457.0,478.0,0.0
212,81,527.0,410.0,0.0
212,19,442.0,464.0,0.0
212,49,482.0,429.0,0.0
212,44,469.0,440.0,2.0
212,9,536.0,504.0,0.0
212,31,468.0,418.0,2.0
212,74,512.0,437.0,0.0
212,61,458.0,468.0,0.0
212,29,493.0,442.0,0.0
212,94,487.0,420.0,0.0
212,46,510.0,446.0,0.0
212,57,446.0,436.0,2.0
212,70,536.0,501.0,0.0
212,21,513.0,476.0,0.0
212,38,533.0,493.0,0.0
212,88,505.0,486.0,0.0
212,78,516.0,408.0,0.0
212,72,454.0,479.0,0.0
212,24,443.0,477.0,0.0
212,8,495.0,453.0,0.0
212,17,499.0,454.0,0.0
212,37,500.0,481.0,0.0
212,1,441.0,460.0,2.0
212,53,511.0,470.0,0.0
212,22,446.0,493.0,0.0
212,47,498.0,470.0,0.0
212,83,495.0,475.0,0.0
212,99,482.0,408.0,0.0
212,89,474.0,460.0,0.0
212,14,453.0,457.0,2.0
212,3,495.0,416.0,0.0
212,80,517.0,419.0,0.0
212,96,442.0,483.0,0.0
212,51,515.0,430.0,0.0
212,33,509.0,431.0,0.0
212,40,528.0,407.0,0.0
212,48,532.0,423.0,0.0
212,15,537.0,420.0,0.0
212,65,457.0,487.0,0.0
212,97,450.0,476.0,0.0
213,5,517.0,420.0,0.0
213,56,447.0,504.0,0.0
213,35,517.0,473.0,0.0
213,55,512.0,475.0,0.0
213,60,479.0,468.0,0.0
213,30,454.0,439.0,2.0
213,32,459.0,502.0,0.0
213,6,455.0,487.0,0.0
213,67,507.0,424.0,0.0
213,45,466.0,438.0,2.0
213,73,443.0,477.0,0.0
213,64,501.0,445.0,0.0
213,90,478.0,485.0,0.0
213,4,509.0,428.0,0.0
213,13,538.0,438.0,0.0
213,54,480.0,445.0,0.0
213,63,502.0,501.0,0.0
213,86,447.0,467.0,0.0
213,91,526.0,502.0,0.0
213,62,523.0,474.0,0.0
213,58,472.0,418.0,2.0
213,52,479.0,418.0,0.0
213,12,445.0,417.0,2.0
213,28,479.0,490.0,0.0
213,75,443.0,424.0,2.0
213,23,510.0,421.0,0.0
213,92,492.0,477.0,0.0
213,41,456.0,487.0,0.0
213,43,521.0,414.0,0.0
213,11,504.0,431.0,0.0
213,36,506.0,467.0,0.0
213,68,513.0,413.0,0.0
213,69,449.0,437.0,2.0
213,98,442.0,500.0,0.0
213,82,470.0,411.0,2.0
213,85,526.0,409.0,0.0
213,39,483.0,504.0,0.0
213,84,522.0,446.0,0.0
213,77,449.0,493.0,0.0
213,7,504.0,426.0,0.0
213,25,448.0,458.0,2.0
213,95,523.0,506.0,0.0
213,71,473.0,502.0,0.0
213,66,507.0,505.0,0.0
213,76,477.0,489.0,0.0
213,34,479.0,409.0,0.0
213,50,448.0,442.0,2.0
213,59,502.0,441.0,0.0
213,93,449.0,442.0,2.0
213,2,485.0,445.0,0.0
213,10,454.0,426.0,2.0
213,18,458.0,418.0,2.0
213,26,472.0,414.0,2.0
213,27,453.0,409.0,2.0
213,42,441.0,482.0,0.0
213,87,505.0,455.0,0.0
213,100,530.0,428.0,0.0
213,79,516.0,470.0,0.0
213,16,487.0,488.0,0.0
213,20,457.0,478.0,0.0
213,81,527.0,410.0,0.0
213,19,442.0,464.0,0.0
213,49,482.0,429.0,0.0
213,44,469.0,440.0,2.0
213,9,536.0,504.0,0.0
213,31,468.0,418.0,2.0
213,74,512.0,437.0,0.0
213,61,458.0,468.0,0.0
213,29,493.0,442.0,0.0
213,94,487.0,420.0,0.0
213,46,510.0,446.0,0.0
213,57,446.0,436.0,2.0
213,70,536.0,501.0,0.0
213,21,513.0,476.0,0.0
213,38,533.0,493.0,0.0
213,88,505.0,486.0,0.0
213,78,516.0,408.0,0.0
213,72,454.0,479.0,0.0
213,24,443.0,477.0,0.0
213,8,495.0,453.0,0.0
213,17,499.0,454.0,0.0
213,37,500.0,481.0,0.0
213,1,441.0,460.0,2.0
213,53,511.0,470.0,0.0
213,22,446.0,493.0,0.0
213,47,498.0,470.0,0.0
213,83,495.0,475.0,0.0
213,99,482.0,408.0,0.0
213,89,474.0,460.0,0.0
213,14,453.0,457.0,2.0
213,3,495.0,416.0,0.0
213,80,517.0,419.0,0.0
213,96,442.0,483.0,0.0
213,51,515.0,430.0,0.0
213,33,509.0,431.0,0.0
213,40,528.0,407.0,0.0
213,48,532.0,423.0,0.0
213,15,537.0,420.0,0.0
213,65,457.0,487.0,0.0
213,97,450.0,476.0,0.0
214,5,517.0,420.0,0.0
214,56,447.0,504.0,0.0
214,35,517.0,473.0,0.0
214,55,512.0,475.0,0.0
214,60,479.0,468.0,0.0
214,30,454.0,439.0,2.0
214,32,459.0,502.0,0.0
214,6,455.0,487.0,0.0
214,67,507.0,424.0,0.0
214,45,466.0,438.0,2.0
214,73,443.0,477.0,0.0
214,64,501.0,445.0,0.0
214,90,478.0,485.0,0.0
214,4,509.0,428.0,0.0
214,13,538.0,438.0,0.0
214,54,480.0,445.0,0.0
214,63,502.0,501.0,0.0
214,86,447.0,467.0,0.0
214,91,526.0,502.0,0.0
214,62,523.0,474.0,0.0
214,58,472.0,418.0,2.0
214,52,479.0,418.0,0.0
214,12,445.0,417.0,2.0
214,28,479.0,490.0,0.0
214,75,443.0,424.0,2.0
214,23,510.0,421.0,0.0
214,92,492.0,477.0,0.0
214,41,456.0,487.0,0.0
214,43,521.0,414.0,0.0
214,11,504.0,431.0,0.0
214,36,506.0,467.0,0.0
214,68,513.0,413.0,0.0
214,69,449.0,437.0,2.0
214,98,442.0,500.0,0.0
214,82,470.0,411.0,2.0
214,85,526.0,409.0,0.0
214,39,483.0,504.0,0.0
214,84,522.0,446.0,0.0
214,77,449.0,493.0,0.0
214,7,504.0,426.0,0.0
214,25,448.0,458.0,2.0
214,95,523.0,506.0,0.0
214,71,473.0,502.0,0.0
214,66,507.0,505.0,0.0
214,76,477.0,489.0,0.0
214,34,479.0,409.0,0.0
214,50,448.0,442.0,2.0
214,59,502.0,441.0,0.0
214,93,449.0,442.0,2.0
214,2,485.0,445.0,0.0
214,10,454.0,426.0,2.0
214,18,458.0,418.0,2.0
214,26,472.0,414.0,2.0
214,27,453.0,409.0,2.0
214,42,441.0,482.0,0.0
214,87,505.0,455.0,0.0
214,100,530.0,428.0,0.0
214,79,516.0,470.0,0.0
214,16,487.0,488.0,0.0
214,20,457.0,478.0,0.0
214,81,527.0,410.0,0.0
214,19,442.0,464.0,0.0
214,49,482.0,429.0,0.0
214,44,469.0,440.0,2.0
214,9,536.0,504.0,0.0
214,31,468.0,418.0,2.0
214,74,512.0,437.0,0.0
214,61,458.0,468.0,0.0
214,29,493.0,442.0,0.0
214,94,487.0,420.0,0.0
214,46,510.0,446.0,0.0
214,57,446.0,436.0,2.0
214,70,536.0,501.0,0.0
214,21,513.0,476.0,0.0
214,38,533.0,493.0,0.0
214,88,505.0,486.0,0.0
214,78,516.0,408.0,0.0
214,72,454.0,479.0,0.0
214,24,443.0,477.0,0.0
214,8,495.0,453.0,0.0
214,17,499.0,454.0,0.0
214,37,500.0,481.0,0.0
214,1,441.0,460.0,2.0
214,53,511.0,470.0,0.0
214,22,446.0,493.0,0.0
214,47,498.0,470.0,0.0
214,83,495.0,475.0,0.0
214,99,482.0,408.0,0.0
214,89,474.0,460.0,0.0
214,14,453.0,457.0,2.0
214,3,495.0,416.0,0.0
214,80,517.0,419.0,0.0
214,96,442.0,483.0,0.0
214,51,515.0,430.0,0.0
214,33,509.0,431.0,0.0
214,40,528.0,407.0,0.0
214,48,532.0,423.0,0.0
214,15,537.0,420.0,0.0
214,65,457.0,487.0,0.0
214,97,450.0,476.0,0.0
215,5,517.0,420.0,0.0
215,56,447.0,504.0,0.0
215,35,517.0,473.0,0.0
215,55,512.0,475.0,0.0
215,60,479.0,468.0,0.0
215,30,454.0,439.0,2.0
215,32,459.0,502.0,0.0
215,6,455.0,487.0,0.0
215,67,507.0,424.0,0.0
215,45,466.0,438.0,2.0
215,73,443.0,477.0,0.0
215,64,501.0,445.0,0.0
215,90,478.0,485.0,0.0
215,4,509.0,428.0,0.0
215,13,538.0,438.0,0.0
215,54,480.0,445.0,0.0
215,63,502.0,501.0,0.0
215,86,447.0,467.0,0.0
215,91,526.0,502.0,0.0
215,62,523.0,474.0,0.0
215,58,472.0,418.0,2.0
215,52,479.0,418.0,0.0
215,12,445.0,417.0,2.0
215,28,479.0,490.0,0.0
215,75,443.0,424.0,2.0
215,23,510.0,421.0,0.0
215,92,492.0,477.0,0.0
215,41,456.0,487.0,0.0
215,43,521.0,414.0,0.0
215,11,504.0,431.0,0.0
215,36,506.0,467.0,0.0
215,68,513.0,413.0,0.0
215,69,449.0,437.0,2.0
215,98,442.0,500.0,0.0
215,82,470.0,411.0,2.0
215,85,526.0,409.0,0.0
215,39,483.0,504.0,0.0
215,84,522.0,446.0,0.0
215,77,449.0,493.0,0.0
215,7,504.0,426.0,0.0
215,25,448.0,458.0,2.0
215,95,523.0,506.0,0.0
215,71,473.0,502.0,0.0
215,66,507.0,505.0,0.0
215,76,477.0,489.0,0.0
215,34,479.0,409.0,0.0
215,50,448.0,442.0,2.0
215,59,502.0,441.0,0.0
215,93,449.0,442.0,2.0
215,2,485.0,445.0,0.0
215,10,454.0,426.0,2.0
215,18,458.0,418.0,2.0
215,26,472.0,414.0,2.0
215,27,453.0,409.0,2.0
215,42,441.0,482.0,0.0
215,87,505.0,455.0,0.0
215,100,530.0,428.0,0.0
215,79,516.0,470.0,0.0
215,16,487.0,488.0,0.0
215,20,457.0,478.0,0.0
215,81,527.0,410.0,0.0
215,19,442.0,464.0,0.0
215,49,482.0,429.0,0.0
215,44,469.0,440.0,2.0
215,9,536.0,504.0,0.0
215,31,468.0,418.0,2.0
215,74,512.0,437.0,0.0
215,61,458.0,468.0,0.0
215,29,493.0,442.0,0.0
215,94,487.0,420.0,0.0
215,46,510.0,446.0,0.0
215,57,446.0,436.0,2.0
215,70,536.0,501.0,0.0
215,21,513.0,476.0,0.0
215,38,533.0,493.0,0.0
215,88,505.0,486.0,0.0
215,78,516.0,408.0,0.0
215,72,454.0,479.0,0.0
215,24,443.0,477.0,0.0
215,8,495.0,453.0,0.0
215,17,499.0,454.0,0.0
215,37,500.0,481.0,0.0
215,1,441.0,460.0,2.0
215,53,511.0,470.0,0.0
215,22,446.0,493.0,0.0
215,47,498.0,470.0,0.0
215,83,495.0,475.0,0.0
215,99,482.0,408.0,0.0
215,89,474.0,460.0,0.0
215,14,453.0,457.0,2.0
215,3,495.0,416.0,0.0
215,80,517.0,419.0,0.0
215,96,442.0,483.0,0.0
215,51,515.0,430.0,0.0
215,33,509.0,431.0,0.0
215,40,528.0,407.0,0.0
215,48,532.0,423.0,0.0
215,15,537.0,420.0,0.0
215,65,457.0,487.0,0.0
215,97,450.0,476.0,0.0
216,5,517.0,420.0,0.0
216,56,447.0,504.0,0.0
216,35,517.0,473.0,0.0
216,55,512.0,475.0,0.0
216,60,479.0,468.0,0.0
216,30,454.0,439.0,2.0
216,32,459.0,502.0,0.0
216,6,455.0,487.0,0.0
216,67,507.0,424.0,0.0
216,45,466.0,438.0,2.0
216,73,443.0,477.0,0.0
216,64,501.0,445.0,0.0
216,90,478.0,485.0,0.0
216,4,509.0,428.0,0.0
216,13,538.0,438.0,0.0
216,54,480.0,445.0,0.0
216,63,502.0,501.0,0.0
216,86,447.0,467.0,0.0
216,91,526.0,502.0,0.0
216,62,523.0,474.0,0.0
216,58,472.0,418.0,2.0
216,52,479.0,418.0,0.0
216,12,445.0,417.0,2.0
216,28,479.0,490.0,0.0
216,75,443.0,424.0,2.0
216,23,510.0,421.0,0.0
216,92,492.0,477.0,0.0
216,41,456.0,487.0,0.0
216,43,521.0,414.0,0.0
216,11,504.0,431.0,0.0
216,36,506.0,467.0,0.0
216,68,513.0,413.0,0.0
216,69,449.0,437.0,2.0
216,98,442.0,500.0,0.0
216,82,470.0,411.0,2.0
216,85,526.0,409.0,0.0
216,39,483.0,504.0,0.0
216,84,522.0,446.0,0.0
216,77,449.0,493.0,0.0
216,7,504.0,426.0,0.0
216,25,448.0,458.0,2.0
216,95,523.0,506.0,0.0
216,71,473.0,502.0,0.0
216,66,507.0,505.0,0.0
216,76,477.0,489.0,0.0
216,34,479.0,409.0,0.0
216,50,448.0,442.0,2.0
216,59,502.0,441.0,0.0
216,93,449.0,442.0,2.0
216,2,485.0,445.0,0.0
216,10,454.0,426.0,2.0
216,18,458.0,418.0,2.0
216,26,472.0,414.0,2.0
216,27,453.0,409.0,2.0
216,42,441.0,482.0,0.0
216,87,505.0,455.0,0.0
216,100,530.0,428.0,0.0
216,79,516.0,470.0,0.0
216,16,487.0,488.0,0.0
216,20,457.0,478.0,0.0
216,81,527.0,410.0,0.0
216,19,442.0,464.0,0.0
216,49,482.0,429.0,0.0
216,44,469.0,440.0,2.0
216,9,536.0,504.0,0.0
216,31,468.0,418.0,2.0
216,74,512.0,437.0,0.0
216,61,458.0,468.0,0.0
216,29,493.0,442.0,0.0
216,94,487.0,420.0,0.0
216,46,510.0,446.0,0.0
216,57,446.0,436.0,2.0
216,70,536.0,501.0,0.0
216,21,513.0,476.0,0.0
216,38,533.0,493.0,0.0
216,88,505.0,486.0,0.0
216,78,516.0,408.0,0.0
216,72,454.0,479.0,0.0
216,24,443.0,477.0,0.0
216,8,495.0,453.0,0.0
216,17,499.0,454.0,0.0
216,37,500.0,481.0,0.0
216,1,441.0,460.0,2.0
216,53,511.0,470.0,0.0
216,22,446.0,493.0,0.0
216,47,498.0,470.0,0.0
216,83,495.0,475.0,0.0
216,99,482.0,408.0,0.0
216,89,474.0,460.0,0.0
216,14,453.0,457.0,2.0
216,3,495.0,416.0,0.0
216,80,517.0,419.0,0.0
216,96,442.0,483.0,0.0
216,51,515.0,430.0,0.0
216,33,509.0,431.0,0.0
216,40,528.0,407.0,0.0
216,48,532.0,423.0,0.0
216,15,537.0,420.0,0.0
216,65,457.0,487.0,0.0
216,97,450.0,476.0,0.0
217,5,517.0,420.0,0.0
217,56,447.0,504.0,0.0
217,35,517.0,473.0,0.0
217,55,512.0,475.0,0.0
217,60,479.0,468.0,0.0
217,30,454.0,439.0,2.0
217,32,459.0,502.0,0.0
217,6,455.0,487.0,0.0
217,67,507.0,424.0,0.0
217,45,466.0,438.0,2.0
217,73,443.0,477.0,0.0
217,64,501.0,445.0,0.0
217,90,478.0,485.0,0.0
217,4,509.0,428.0,0.0
217,13,538.0,438.0,0.0
217,54,480.0,445.0,0.0
217,63,502.0,501.0,0.0
217,86,447.0,467.0,0.0
217,91,526.0,502.0,0.0
217,62,523.0,474.0,0.0
217,58,472.0,418.0,2.0
217,52,479.0,418.0,0.0
217,12,445.0,417.0,2.0
217,28,479.0,490.0,0.0
217,75,443.0,424.0,2.0
217,23,510.0,421.0,0.0
217,92,492.0,477.0,0.0
217,41,456.0,487.0,0.0
217,43,521.0,414.0,0.0
217,11,504.0,431.0,0.0
217,36,506.0,467.0,0.0
217,68,513.0,413.0,0.0
217,69,449.0,437.0,2.0
217,98,442.0,500.0,0.0
217,82,470.0,411.0,2.0
217,85,526.0,409.0,0.0
217,39,483.0,504.0,0.0
217,84,522.0,446.0,0.0
217,77,449.0,493.0,0.0
217,7,504.0,426.0,0.0
217,25,448.0,458.0,2.0
217,95,523.0,506.0,0.0
217,71,473.0,502.0,0.0
217,66,507.0,505.0,0.0
217,76,477.0,489.0,0.0
217,34,479.0,409.0,0.0
217,50,448.0,442.0,2.0
217,59,502.0,441.0,0.0
217,93,449.0,442.0,2.0
217,2,485.0,445.0,0.0
217,10,454.0,426.0,2.0
217,18,458.0,418.0,2.0
217,26,472.0,414.0,2.0
217,27,453.0,409.0,2.0
217,42,441.0,482.0,0.0
217,87,505.0,455.0,0.0
217,100,530.0,428.0,0.0
217,79,516.0,470.0,0.0
217,16,487.0,488.0,0.0
217,20,457.0,478.0,0.0
217,81,527.0,410.0,0.0
217,19,442.0,464.0,0.0
217,49,482.0,429.0,0.0
217,44,469.0,440.0,2.0
217,9,536.0,504.0,0.0
217,31,468.0,418.0,2.0
217,74,512.0,437.0,0.0
217,61,458.0,468.0,0.0
217,29,493.0,442.0,0.0
217,94,487.0,420.0,0.0
217,46,510.0,446.0,0.0
217,57,446.0,436.0,2.0
217,70,536.0,501.0,0.0
217,21,513.0,476.0,0.0
217,38,533.0,493.0,0.0
217,88,505.0,486.0,0.0
217,78,516.0,408.0,0.0
217,72,454.0,479.0,0.0
217,24,443.0,477.0,0.0
217,8,495.0,453.0,0.0
217,17,499.0,454.0,0.0
217,37,500.0,481.0,0.0
217,1,441.0,460.0,2.0
217,53,511.0,470.0,0.0
217,22,446.0,493.0,0.0
217,47,498.0,470.0,0.0
217,83,495.0,475.0,0.0
217,99,482.0,408.0,0.0
217,89,474.0,460.0,0.0
217,14,453.0,457.0,2.0
217,3,495.0,416.0,0.0
217,80,517.0,419.0,0.0
217,96,442.0,483.0,0.0
217,51,515.0,430.0,0.0
217,33,509.0,431.0,0.0
217,40,528.0,407.0,0.0
217,48,532.0,423.0,0.0
217,15,537.0,420.0,0.0
217,65,457.0,487.0,0.0
217,97,450.0,476.0,0.0
218,5,517.0,420.0,0.0
218,56,447.0,504.0,0.0
218,35,517.0,473.0,0.0
218,55,512.0,475.0,0.0
218,60,479.0,468.0,0.0
218,30,454.0,439.0,2.0
218,32,459.0,502.0,0.0
218,6,455.0,487.0,0.0
218,67,507.0,424.0,0.0
218,45,466.0,438.0,2.0
218,73,443.0,477.0,0.0
218,64,501.0,445.0,0.0
218,90,478.0,485.0,0.0
218,4,509.0,428.0,0.0
218,13,538.0,438.0,0.0
218,54,480.0,445.0,0.0
218,63,502.0,501.0,0.0
218,86,447.0,467.0,0.0
218,91,526.0,502.0,0.0
218,62,523.0,474.0,0.0
218,58,472.0,418.0,2.0
218,52,479.0,418.0,0.0
218,12,445.0,417.0,2.0
218,28,479.0,490.0,0.0
218,75,443.0,424.0,2.0
218,23,510.0,421.0,0.0
218,92,492.0,477.0,0.0
218,41,456.0,487.0,0.0
218,43,521.0,414.0,0.0
218,11,504.0,431.0,0.0
218,36,506.0,467.0,0.0
218,68,513.0,413.0,0.0
218,69,449.0,437.0,2.0
218,98,442.0,500.0,0.0
218,82,470.0,411.0,2.0
218,85,526.0,409.0,0.0
218,39,483.0,504.0,0.0
218,84,522.0,446.0,0.0
218,77,449.0,493.0,0.0
218,7,504.0,426.0,0.0
218,25,448.0,458.0,2.0
218,95,523.0,506.0,0.0
218,71,473.0,502.0,0.0
218,66,507.0,505.0,0.0
218,76,477.0,489.0,0.0
218,34,479.0,409.0,0.0
218,50,448.0,442.0,2.0
218,59,502.0,441.0,0.0
218,93,449.0,442.0,2.0
218,2,485.0,445.0,0.0
218,10,454.0,426.0,2.0
218,18,458.0,418.0,2.0
218,26,472.0,414.0,2.0
218,27,453.0,409.0,2.0
218,42,441.0,482.0,0.0
218,87,505.0,455.0,0.0
218,100,530.0,428.0,0.0
218,79,516.0,470.0,0.0
218,16,487.0,488.0,0.0
218,20,457.0,478.0,0.0
218,81,527.0,410.0,0.0
218,19,442.0,464.0,0.0
218,49,482.0,429.0,0.0
218,44,469.0,440.0,2.0
218,9,536.0,504.0,0.0
218,31,468.0,418.0,2.0
218,74,512.0,437.0,0.0
218,61,458.0,468.0,0.0
218,29,493.0,442.0,0.0
218,94,487.0,420.0,0.0
218,46,510.0,446.0,0.0
218,57,446.0,436.0,2.0
218,70,536.0,501.0,0.0
218,21,513.0,476.0,0.0
218,38,533.0,493.0,0.0
218,88,505.0,486.0,0.0
218,78,516.0,408.0,0.0
218,72,454.0,479.0,0.0
218,24,443.0,477.0,0.0
218,8,495.0,453.0,0.0
218,17,499.0,454.0,0.0
218,37,500.0,481.0,0.0
218,1,441.0,460.0,2.0
218,53,511.0,470.0,0.0
218,22,446.0,493.0,0.0
218,47,498.0,470.0,0.0
218,83,495.0,475.0,0.0
218,99,482.0,408.0,0.0
218,89,474.0,460.0,0.0
218,14,453.0,457.0,2.0
218,3,495.0,416.0,0.0
218,80,517.0,419.0,0.0
218,96,442.0,483.0,0.0
218,51,515.0,430.0,0.0
218,33,509.0,431.0,0.0
218,40,528.0,407.0,0.0
218,48,532.0,423.0,0.0
218,15,537.0,420.0,0.0
218,65,457.0,487.0,0.0
218,97,450.0,476.0,0.0
219,5,517.0,420.0,0.0
219,56,447.0,504.0,0.0
219,35,517.0,473.0,0.0
219,55,512.0,475.0,0.0
219,60,479.0,468.0,0.0
219,30,454.0,439.0,2.0
219,32,459.0,502.0,0.0
219,6,455.0,487.0,0.0
219,67,507.0,424.0,0.0
219,45,466.0,438.0,2.0
219,73,443.0,477.0,0.0
219,64,501.0,445.0,0.0
219,90,478.0,485.0,0.0
219,4,509.0,428.0,0.0
219,13,538.0,438.0,0.0
219,54,480.0,445.0,0.0
219,63,502.0,501.0,0.0
219,86,447.0,467.0,0.0
219,91,526.0,502.0,0.0
219,62,523.0,474.0,0.0
219,58,472.0,418.0,2.0
219,52,479.0,418.0,0.0
219,12,445.0,417.0,2.0
219,28,479.0,490.0,0.0
219,75,443.0,424.0,2.0
219,23,510.0,421.0,0.0
219,92,492.0,477.0,0.0
219,41,456.0,487.0,0.0
219,43,521.0,414.0,0.0
219,11,504.0,431.0,0.0
219,36,506.0,467.0,0.0
219,68,513.0,413.0,0.0
219,69,449.0,437.0,2.0
219,98,442.0,500.0,0.0
219,82,470.0,411.0,2.0
219,85,526.0,409.0,0.0
219,39,483.0,504.0,0.0
219,84,522.0,446.0,0.0
219,77,449.0,493.0,0.0
219,7,504.0,426.0,0.0
219,25,448.0,458.0,2.0
219,95,523.0,506.0,0.0
219,71,473.0,502.0,0.0
219,66,507.0,505.0,0.0
219,76,477.0,489.0,0.0
219,34,479.0,409.0,0.0
219,50,448.0,442.0,2.0
219,59,502.0,441.0,0.0
219,93,449.0,442.0,2.0
219,2,485.0,445.0,0.0
219,10,454.0,426.0,2.0
219,18,458.0,418.0,2.0
219,26,472.0,414.0,2.0
219,27,453.0,409.0,2.0
219,42,441.0,482.0,0.0
219,87,505.0,455.0,0.0
219,100,530.0,428.0,0.0
219,79,516.0,470.0,0.0
219,16,487.0,488.0,0.0
219,20,457.0,478.0,0.0
219,81,527.0,410.0,0.0
219,19,442.0,464.0,0.0
219,49,482.0,429.0,0.0
219,44,469.0,440.0,2.0
219,9,536.0,504.0,0.0
219,31,468.0,418.0,2.0
219,74,512.0,437.0,0.0
219,61,458.0,468.0,0.0
219,29,493.0,442.0,0.0
219,94,487.0,420.0,0.0
219,46,510.0,446.0,0.0
219,57,446.0,436.0,2.0
219,70,536.0,501.0,0.0
219,21,513.0,476.0,0.0
219,38,533.0,493.0,0.0
219,88,505.0,486.0,0.0
219,78,516.0,408.0,0.0
219,72,454.0,479.0,0.0
219,24,443.0,477.0,0.0
219,8,495.0,453.0,0.0
219,17,499.0,454.0,0.0
219,37,500.0,481.0,0.0
219,1,441.0,460.0,2.0
219,53,511.0,470.0,0.0
219,22,446.0,493.0,0.0
219,47,498.0,470.0,0.0
219,83,495.0,475.0,0.0
219,99,482.0,408.0,0.0
219,89,474.0,460.0,0.0
219,14,453.0,457.0,2.0
219,3,495.0,416.0,0.0
219,80,517.0,419.0,0.0
219,96,442.0,483.0,0.0
219,51,515.0,430.0,0.0
219,33,509.0,431.0,0.0
219,40,528.0,407.0,0.0
219,48,532.0,423.0,0.0
219,15,537.0,420.0,0.0
219,65,457.0,487.0,0.0
219,97,450.0,476.0,0.0
220,5,517.0,420.0,0.0
220,56,447.0,504.0,0.0
220,35,517.0,473.0,0.0
220,55,512.0,475.0,0.0
220,60,479.0,468.0,0.0
220,30,454.0,439.0,2.0
220,32,459.0,502.0,0.0
220,6,455.0,487.0,0.0
220,67,507.0,424.0,0.0
220,45,466.0,438.0,2.0
220,73,443.0,477.0,0.0
220,64,501.0,445.0,0.0
220,90,478.0,485.0,0.0
220,4,509.0,428.0,0.0
220,13,538.0,438.0,0.0
220,54,480.0,445.0,0.0
220,63,502.0,501.0,0.0
220,86,447.0,467.0,0.0
220,91,526.0,502.0,0.0
220,62,523.0,474.0,0.0
220,58,472.0,418.0,2.0
220,52,479.0,418.0,0.0
220,12,445.0,417.0,2.0
220,28,479.0,490.0,0.0
220,75,443.0,424.0,2.0
220,23,510.0,421.0,0.0
220,92,492.0,477.0,0.0
220,41,456.0,487.0,0.0
220,43,521.0,414.0,0.0
220,11,504.0,431.0,0.0
220,36,506.0,467.0,0.0
220,68,513.0,413.0,0.0
220,69,449.0,437.0,2.0
220,98,442.0,500.0,0.0
220,82,470.0,411.0,2.0
220,85,526.0,409.0,0.0
220,39,483.0,504.0,0.0
220,84,522.0,446.0,0.0
220,77,449.0,493.0,0.0
220,7,504.0,426.0,0.0
220,25,448.0,458.0,2.0
220,95,523.0,506.0,0.0
220,71,473.0,502.0,0.0
220,66,507.0,505.0,0.0
220,76,477.0,489.0,0.0
220,34,479.0,409.0,0.0
220,50,448.0,442.0,2.0
220,59,502.0,441.0,0.0
220,93,449.0,442.0,2.0
220,2,485.0,445.0,0.0
220,10,454.0,426.0,2.0
220,18,458.0,418.0,2.0
220,26,472.0,414.0,2.0
220,27,453.0,409.0,2.0
220,42,441.0,482.0,0.0
220,87,505.0,455.0,0.0
220,100,530.0,428.0,0.0
220,79,516.0,470.0,0.0
220,16,487.0,488.0,0.0
220,20,457.0,478.0,0.0
220,81,527.0,410.0,0.0
220,19,442.0,464.0,0.0
220,49,482.0,429.0,0.0
220,44,469.0,440.0,2.0
220,9,536.0,504.0,0.0
220,31,468.0,418.0,2.0
220,74,512.0,437.0,0.0
220,61,458.0,468.0,0.0
220,29,493.0,442.0,0.0
220,94,487.0,420.0,0.0
220,46,510.0,446.0,0.0
220,57,446.0,436.0,2.0
220,70,536.0,501.0,0.0
220,21,513.0,476.0,0.0
220,38,533.0,493.0,0.0
220,88,505.0,486.0,0.0
220,78,516.0,408.0,0.0
220,72,454.0,479.0,0.0
220,24,443.0,477.0,0.0
220,8,495.0,453.0,0.0
220,17,499.0,454.0,0.0
220,37,500.0,481.0,0.0
220,1,441.0,460.0,2.0
220,53,511.0,470.0,0.0
220,22,446.0,493.0,0.0
220,47,498.0,470.0,0.0
220,83,495.0,475.0,0.0
220,99,482.0,408.0,0.0
220,89,474.0,460.0,0.0
220,14,453.0,457.0,2.0
220,3,495.0,416.0,0.0
220,80,517.0,419.0,0.0
220,96,442.0,483.0,0.0
220,51,515.0,430.0,0.0
220,33,509.0,431.0,0.0
220,40,528.0,407.0,0.0
220,48,532.0,423.0,0.0
220,15,537.0,420.0,0.0
220,65,457.0,487.0,0.0
220,97,450.0,476.0,0.0
221,5,517.0,420.0,0.0
221,56,447.0,504.0,0.0
221,35,517.0,473.0,0.0
221,55,512.0,475.0,0.0
221,60,479.0,468.0,0.0
221,30,454.0,439.0,2.0
221,32,459.0,502.0,0.0
221,6,455.0,487.0,0.0
221,67,507.0,424.0,0.0
221,45,466.0,438.0,2.0
221,73,443.0,477.0,0.0
221,64,501.0,445.0,0.0
221,90,478.0,485.0,0.0
221,4,509.0,428.0,0.0
221,13,538.0,438.0,0.0
221,54,480.0,445.0,0.0
221,63,502.0,501.0,0.0
221,86,447.0,467.0,0.0
221,91,526.0,502.0,0.0
221,62,523.0,474.0,0.0
221,58,472.0,418.0,2.0
221,52,479.0,418.0,0.0
221,12,445.0,417.0,2.0
221,28,479.0,490.0,0.0
221,75,443.0,424.0,2.0
221,23,510.0,421.0,0.0
221,92,492.0,477.0,0.0
221,41,456.0,487.0,0.0
221,43,521.0,414.0,0.0
221,11,504.0,431.0,0.0
221,36,506.0,467.0,0.0
221,68,513.0,413.0,0.0
221,69,449.0,437.0,2.0
221,98,442.0,500.0,0.0
221,82,470.0,411.0,2.0
221,85,526.0,409.0,0.0
221,39,483.0,504.0,0.0
221,84,522.0,446.0,0.0
221,77,449.0,493.0,0.0
221,7,504.0,426.0,0.0
221,25,448.0,458.0,2.0
221,95,523.0,506.0,0.0
221,71,473.0,502.0,0.0
221,66,507.0,505.0,0.0
221,76,477.0,489.0,0.0
221,34,479.0,409.0,0.0
221,50,448.0,442.0,2.0
221,59,502.0,441.0,0.0
221,93,449.0,442.0,2.0
221,2,485.0,445.0,0.0
221,10,454.0,426.0,2.0
221,18,458.0,418.0,2.0
221,26,472.0,414.0,2.0
221,27,453.0,409.0,2.0
221,42,441.0,482.0,0.0
221,87,505.0,455.0,0.0
221,100,530.0,428.0,0.0
221,79,516.0,470.0,0.0
221,16,487.0,488.0,0.0
221,20,457.0,478.0,0.0
221,81,527.0,410.0,0.0
221,19,442.0,464.0,0.0
221,49,482.0,429.0,0.0
221,44,469.0,440.0,2.0
221,9,536.0,504.0,0.0
221,31,468.0,418.0,2.0
221,74,512.0,437.0,0.0
221,61,458.0,468.0,0.0
221,29,493.0,442.0,0.0
221,94,487.0,420.0,0.0
221,46,510.0,446.0,0.0
221,57,446.0,436.0,2.0
221,70,536.0,501.0,0.0
221,21,513.0,476.0,0.0
221,38,533.0,493.0,0.0
221,88,505.0,486.0,0.0
221,78,516.0,408.0,0.0
221,72,454.0,479.0,0.0
221,24,443.0,477.0,0.0
221,8,495.0,453.0,0.0
221,17,499.0,454.0,0.0
221,37,500.0,481.0,0.0
221,1,441.0,460.0,2.0
221,53,511.0,470.0,0.0
221,22,446.0,493.0,0.0
221,47,498.0,470.0,0.0
221,83,495.0,475.0,0.0
221,99,482.0,408.0,0.0
221,89,474.0,460.0,0.0
221,14,453.0,457.0,2.0
221,3,495.0,416.0,0.0
221,80,517.0,419.0,0.0
221,96,442.0,483.0,0.0
221,51,515.0,430.0,0.0
221,33,509.0,431.0,0.0
221,40,528.0,407.0,0.0
221,48,532.0,423.0,0.0
221,15,537.0,420.0,0.0
221,65,457.0,487.0,0.0
221,97,450.0,476.0,0.0
222,5,517.0,420.0,0.0
222,56,447.0,504.0,0.0
222,35,517.0,473.0,0.0
222,55,512.0,475.0,0.0
222,60,479.0,468.0,0.0
222,30,454.0,439.0,2.0
222,32,459.0,502.0,0.0
222,6,455.0,487.0,0.0
222,67,507.0,424.0,0.0
222,45,466.0,438.0,2.0
222,73,443.0,477.0,0.0
222,64,501.0,445.0,0.0
222,90,478.0,485.0,0.0
222,4,509.0,428.0,0.0
222,13,538.0,438.0,0.0
222,54,480.0,445.0,0.0
222,63,502.0,501.0,0.0
222,86,447.0,467.0,0.0
222,91,526.0,502.0,0.0
222,62,523.0,474.0,0.0
222,58,472.0,418.0,2.0
222,52,479.0,418.0,0.0
222,12,445.0,417.0,2.0
222,28,479.0,490.0,0.0
222,75,443.0,424.0,2.0
222,23,510.0,421.0,0.0
222,92,492.0,477.0,0.0
222,41,456.0,487.0,0.0
222,43,521.0,414.0,0.0
222,11,504.0,431.0,0.0
222,36,506.0,467.0,0.0
222,68,513.0,413.0,0.0
222,69,449.0,437.0,2.0
222,98,442.0,500.0,0.0
222,82,470.0,411.0,2.0
222,85,526.0,409.0,0.0
222,39,483.0,504.0,0.0
222,84,522.0,446.0,0.0
222,77,449.0,493.0,0.0
222,7,504.0,426.0,0.0
222,25,448.0,458.0,2.0
222,95,523.0,506.0,0.0
222,71,473.0,502.0,0.0
222,66,507.0,505.0,0.0
222,76,477.0,489.0,0.0
222,34,479.0,409.0,0.0
222,50,448.0,442.0,2.0
222,59,502.0,441.0,0.0
222,93,449.0,442.0,2.0
222,2,485.0,445.0,0.0
222,10,454.0,426.0,2.0
222,18,458.0,418.0,2.0
222,26,472.0,414.0,2.0
222,27,453.0,409.0,2.0
222,42,441.0,482.0,0.0
222,87,505.0,455.0,0.0
222,100,530.0,428.0,0.0
222,79,516.0,470.0,0.0
222,16,487.0,488.0,0.0
222,20,457.0,478.0,0.0
222,81,527.0,410.0,0.0
222,19,442.0,464.0,0.0
222,49,482.0,429.0,0.0
222,44,469.0,440.0,2.0
222,9,536.0,504.0,0.0
222,31,468.0,418.0,2.0
222,74,512.0,437.0,0.0
222,61,458.0,468.0,0.0
222,29,493.0,442.0,0.0
222,94,487.0,420.0,0.0
222,46,510.0,446.0,0.0
222,57,446.0,436.0,2.0
222,70,536.0,501.0,0.0
222,21,513.0,476.0,0.0
222,38,533.0,493.0,0.0
222,88,505.0,486.0,0.0
222,78,516.0,408.0,0.0
222,72,454.0,479.0,0.0
222,24,443.0,477.0,0.0
222,8,495.0,453.0,0.0
222,17,499.0,454.0,0.0
222,37,500.0,481.0,0.0
222,1,441.0,460.0,2.0
222,53,511.0,470.0,0.0
222,22,446.0,493.0,0.0
222,47,498.0,470.0,0.0
222,83,495.0,475.0,0.0
222,99,482.0,408.0,0.0
222,89,474.0,460.0,0.0
222,14,453.0,457.0,2.0
222,3,495.0,416.0,0.0
222,80,517.0,419.0,0.0
222,96,442.0,483.0,0.0
222,51,515.0,430.0,0.0
222,33,509.0,431.0,0.0
222,40,528.0,407.0,0.0
222,48,532.0,423.0,0.0
222,15,537.0,420.0,0.0
222,65,457.0,487.0,0.0
222,97,450.0,476.0,0.0
223,5,517.0,420.0,0.0
223,56,447.0,504.0,0.0
223,35,517.0,473.0,0.0
223,55,512.0,475.0,0.0
223,60,479.0,468.0,0.0
223,30,454.0,439.0,2.0
223,32,459.0,502.0,0.0
223,6,455.0,487.0,0.0
223,67,507.0,424.0,0.0
223,45,466.0,438.0,2.0
223,73,443.0,477.0,0.0
223,64,501.0,445.0,0.0
223,90,478.0,485.0,0.0
223,4,509.0,428.0,0.0
223,13,538.0,438.0,0.0
223,54,480.0,445.0,0.0
223,63,502.0,501.0,0.0
223,86,447.0,467.0,0.0
223,91,526.0,502.0,0.0
223,62,523.0,474.0,0.0
223,58,472.0,418.0,2.0
223,52,479.0,418.0,0.0
223,12,445.0,417.0,2.0
223,28,479.0,490.0,0.0
223,75,443.0,424.0,2.0
223,23,510.0,421.0,0.0
223,92,492.0,477.0,0.0
223,41,456.0,487.0,0.0
223,43,521.0,414.0,0.0
223,11,504.0,431.0,0.0
223,36,506.0,467.0,0.0
223,68,513.0,413.0,0.0
223,69,449.0,437.0,2.0
223,98,442.0,500.0,0.0
223,82,470.0,411.0,2.0
223,85,526.0,409.0,0.0
223,39,483.0,504.0,0.0
223,84,522.0,446.0,0.0
223,77,449.0,493.0,0.0
223,7,504.0,426.0,0.0
223,25,448.0,458.0,2.0
223,95,523.0,506.0,0.0
223,71,473.0,502.0,0.0
223,66,507.0,505.0,0.0
223,76,477.0,489.0,0.0
223,34,479.0,409.0,0.0
223,50,448.0,442.0,2.0
223,59,502.0,441.0,0.0
223,93,449.0,442.0,2.0
223,2,485.0,445.0,0.0
223,10,454.0,426.0,2.0
223,18,458.0,418.0,2.0
223,26,472.0,414.0,2.0
223,27,453.0,409.0,2.0
223,42,441.0,482.0,0.0
223,87,505.0,455.0,0.0
223,100,530.0,428.0,0.0
223,79,516.0,470.0,0.0
223,16,487.0,488.0,0.0
223,20,457.0,478.0,0.0
223,81,527.0,410.0,0.0
223,19,442.0,464.0,0.0
223,49,482.0,429.0,0.0
223,44,469.0,440.0,2.0
223,9,536.0,504.0,0.0
223,31,468.0,418.0,2.0
223,74,512.0,437.0,0.0
223,61,458.0,468.0,0.0
223,29,493.0,442.0,0.0
223,94,487.0,420.0,0.0
223,46,510.0,446.0,0.0
223,57,446.0,436.0,2.0
223,70,536.0,501.0,0.0
223,21,513.0,476.0,0.0
223,38,533.0,493.0,0.0
223,88,505.0,486.0,0.0
223,78,516.0,408.0,0.0
223,72,454.0,479.0,0.0
223,24,443.0,477.0,0.0
223,8,495.0,453.0,0.0
223,17,499.0,454.0,0.0
223,37,500.0,481.0,0.0
223,1,441.0,460.0,2.0
223,53,511.0,470.0,0.0
223,22,446.0,493.0,0.0
223,47,498.0,470.0,0.0
223,83,495.0,475.0,0.0
223,99,482.0,408.0,0.0
223,89,474.0,460.0,0.0
223,14,453.0,457.0,2.0
223,3,495.0,416.0,0.0
223,80,517.0,419.0,0.0
223,96,442.0,483.0,0.0
223,51,515.0,430.0,0.0
223,33,509.0,431.0,0.0
223,40,528.0,407.0,0.0
223,48,532.0,423.0,0.0
223,15,537.0,420.0,0.0
223,65,457.0,487.0,0.0
223,97,450.0,476.0,0.0
224,5,517.0,420.0,0.0
224,56,447.0,504.0,0.0
224,35,517.0,473.0,0.0
224,55,512.0,475.0,0.0
224,60,479.0,468.0,0.0
224,30,454.0,439.0,2.0
224,32,459.0,502.0,0.0
224,6,455.0,487.0,0.0
224,67,507.0,424.0,0.0
224,45,466.0,438.0,2.0
224,73,443.0,477.0,0.0
224,64,501.0,445.0,0.0
224,90,478.0,485.0,0.0
224,4,509.0,428.0,0.0
224,13,538.0,438.0,0.0
224,54,480.0,445.0,0.0
224,63,502.0,501.0,0.0
224,86,447.0,467.0,0.0
224,91,526.0,502.0,0.0
224,62,523.0,474.0,0.0
224,58,472.0,418.0,2.0
224,52,479.0,418.0,0.0
224,12,445.0,417.0,2.0
224,28,479.0,490.0,0.0
224,75,443.0,424.0,2.0
224,23,510.0,421.0,0.0
224,92,492.0,477.0,0.0
224,41,456.0,487.0,0.0
224,43,521.0,414.0,0.0
224,11,504.0,431.0,0.0
224,36,506.0,467.0,0.0
224,68,513.0,413.0,0.0
224,69,449.0,437.0,2.0
224,98,442.0,500.0,0.0
224,82,470.0,411.0,2.0
224,85,526.0,409.0,0.0
224,39,483.0,504.0,0.0
224,84,522.0,446.0,0.0
224,77,449.0,493.0,0.0
224,7,504.0,426.0,0.0
224,25,448.0,458.0,2.0
224,95,523.0,506.0,0.0
224,71,473.0,502.0,0.0
224,66,507.0,505.0,0.0
224,76,477.0,489.0,0.0
224,34,479.0,409.0,0.0
224,50,448.0,442.0,2.0
224,59,502.0,441.0,0.0
224,93,449.0,442.0,2.0
224,2,485.0,445.0,0.0
224,10,454.0,426.0,2.0
224,18,458.0,418.0,2.0
224,26,472.0,414.0,2.0
224,27,453.0,409.0,2.0
224,42,441.0,482.0,0.0
224,87,505.0,455.0,0.0
224,100,530.0,428.0,0.0
224,79,516.0,470.0,0.0
224,16,487.0,488.0,0.0
224,20,457.0,478.0,0.0
224,81,527.0,410.0,0.0
224,19,442.0,464.0,0.0
224,49,482.0,429.0,0.0
224,44,469.0,440.0,2.0
224,9,536.0,504.0,0.0
224,31,468.0,418.0,2.0
224,74,512.0,437.0,0.0
224,61,458.0,468.0,0.0
224,29,493.0,442.0,0.0
224,94,487.0,420.0,0.0
224,46,510.0,446.0,0.0
224,57,446.0,436.0,2.0
224,70,536.0,501.0,0.0
224,21,513.0,476.0,0.0
224,38,533.0,493.0,0.0
224,88,505.0,486.0,0.0
224,78,516.0,408.0,0.0
224,72,454.0,479.0,0.0
224,24,443.0,477.0,0.0
224,8,495.0,453.0,0.0
224,17,499.0,454.0,0.0
224,37,500.0,481.0,0.0
224,1,441.0,460.0,2.0
224,53,511.0,470.0,0.0
224,22,446.0,493.0,0.0
224,47,498.0,470.0,0.0
224,83,495.0,475.0,0.0
224,99,482.0,408.0,0.0
224,89,474.0,460.0,0.0
224,14,453.0,457.0,2.0
224,3,495.0,416.0,0.0
224,80,517.0,419.0,0.0
224,96,442.0,483.0,0.0
224,51,515.0,430.0,0.0
224,33,509.0,431.0,0.0
224,40,528.0,407.0,0.0
224,48,532.0,423.0,0.0
224,15,537.0,420.0,0.0
224,65,457.0,487.0,0.0
224,97,450.0,476.0,0.0
225,5,517.0,420.0,0.0
225,56,447.0,504.0,0.0
225,35,517.0,473.0,0.0
225,55,512.0,475.0,0.0
225,60,479.0,468.0,0.0
225,30,454.0,439.0,2.0
225,32,459.0,502.0,0.0
225,6,455.0,487.0,0.0
225,67,507.0,424.0,0.0
225,45,466.0,438.0,2.0
225,73,443.0,477.0,0.0
225,64,501.0,445.0,0.0
225,90,478.0,485.0,0.0
225,4,509.0,428.0,0.0
225,13,538.0,438.0,0.0
225,54,480.0,445.0,0.0
225,63,502.0,501.0,0.0
225,86,447.0,467.0,0.0
225,91,526.0,502.0,0.0
225,62,523.0,474.0,0.0
225,58,472.0,418.0,2.0
225,52,479.0,418.0,0.0
225,12,445.0,417.0,2.0
225,28,479.0,490.0,0.0
225,75,443.0,424.0,2.0
225,23,510.0,421.0,0.0
225,92,492.0,477.0,0.0
225,41,456.0,487.0,0.0
225,43,521.0,414.0,0.0
225,11,504.0,431.0,0.0
225,36,506.0,467.0,0.0
225,68,513.0,413.0,0.0
225,69,449.0,437.0,2.0
225,98,442.0,500.0,0.0
225,82,470.0,411.0,2.0
225,85,526.0,409.0,0.0
225,39,483.0,504.0,0.0
225,84,522.0,446.0,0.0
225,77,449.0,493.0,0.0
225,7,504.0,426.0,0.0
225,25,448.0,458.0,2.0
225,95,523.0,506.0,0.0
225,71,473.0,502.0,0.0
225,66,507.0,505.0,0.0
225,76,477.0,489.0,0.0
225,34,479.0,409.0,0.0
225,50,448.0,442.0,2.0
225,59,502.0,441.0,0.0
225,93,449.0,442.0,2.0
225,2,485.0,445.0,0.0
225,10,454.0,426.0,2.0
225,18,458.0,418.0,2.0
225,26,472.0,414.0,2.0
225,27,453.0,409.0,2.0
225,42,441.0,482.0,0.0
225,87,505.0,455.0,0.0
225,100,530.0,428.0,0.0
225,79,516.0,470.0,0.0
225,16,487.0,488.0,0.0
225,20,457.0,478.0,0.0
225,81,527.0,410.0,0.0
225,19,442.0,464.0,0.0
225,49,482.0,429.0,0.0
225,44,469.0,440.0,2.0
225,9,536.0,504.0,0.0
225,31,468.0,418.0,2.0
225,74,512.0,437.0,0.0
225,61,458.0,468.0,0.0
225,29,493.0,442.0,0.0
225,94,487.0,420.0,0.0
225,46,510.0,446.0,0.0
225,57,446.0,436.0,2.0
225,70,536.0,501.0,0.0
225,21,513.0,476.0,0.0
225,38,533.0,493.0,0.0
225,88,505.0,486.0,0.0
225,78,516.0,408.0,0.0
225,72,454.0,479.0,0.0
225,24,443.0,477.0,0.0
225,8,495.0,453.0,0.0
225,17,499.0,454.0,0.0
225,37,500.0,481.0,0.0
225,1,441.0,460.0,2.0
225,53,511.0,470.0,0.0
225,22,446.0,493.0,0.0
225,47,498.0,470.0,0.0
225,83,495.0,475.0,0.0
225,99,482.0,408.0,0.0
225,89,474.0,460.0,0.0
225,14,453.0,457.0,2.0
225,3,495.0,416.0,0.0
225,80,517.0,419.0,0.0
225,96,442.0,483.0,0.0
225,51,515.0,430.0,0.0
225,33,509.0,431.0,0.0
225,40,528.0,407.0,0.0
225,48,532.0,423.0,0.0
225,15,537.0,420.0,0.0
225,65,457.0,487.0,0.0
225,97,450.0,476.0,0.0
226,5,517.0,420.0,0.0
226,56,447.0,504.0,0.0
226,35,517.0,473.0,0.0
226,55,512.0,475.0,0.0
226,60,479.0,468.0,0.0
226,30,454.0,439.0,2.0
226,32,459.0,502.0,0.0
226,6,455.0,487.0,0.0
226,67,507.0,424.0,0.0
226,45,466.0,438.0,2.0
226,73,443.0,477.0,0.0
226,64,501.0,445.0,0.0
226,90,478.0,485.0,0.0
226,4,509.0,428.0,0.0
226,13,538.0,438.0,0.0
226,54,480.0,445.0,0.0
226,63,502.0,501.0,0.0
226,86,447.0,467.0,0.0
226,91,526.0,502.0,0.0
226,62,523.0,474.0,0.0
226,58,472.0,418.0,2.0
226,52,479.0,418.0,0.0
226,12,445.0,417.0,2.0
226,28,479.0,490.0,0.0
226,75,443.0,424.0,2.0
226,23,510.0,421.0,0.0
226,92,492.0,477.0,0.0
226,41,456.0,487.0,0.0
226,43,521.0,414.0,0.0
226,11,504.0,431.0,0.0
226,36,506.0,467.0,0.0
226,68,513.0,413.0,0.0
226,69,449.0,437.0,2.0
226,98,442.0,500.0,0.0
226,82,470.0,411.0,2.0
226,85,526.0,409.0,0.0
226,39,483.0,504.0,0.0
226,84,522.0,446.0,0.0
226,77,449.0,493.0,0.0
226,7,504.0,426.0,0.0
226,25,448.0,458.0,2.0
226,95,523.0,506.0,0.0
226,71,473.0,502.0,0.0
226,66,507.0,505.0,0.0
226,76,477.0,489.0,0.0
226,34,479.0,409.0,0.0
226,50,448.0,442.0,2.0
226,59,502.0,441.0,0.0
226,93,449.0,442.0,2.0
226,2,485.0,445.0,0.0
226,10,454.0,426.0,2.0
226,18,458.0,418.0,2.0
226,26,472.0,414.0,2.0
226,27,453.0,409.0,2.0
226,42,441.0,482.0,0.0
226,87,505.0,455.0,0.0
226,100,530.0,428.0,0.0
226,79,516.0,470.0,0.0
226,16,487.0,488.0,0.0
226,20,457.0,478.0,0.0
226,81,527.0,410.0,0.0
226,19,442.0,464.0,0.0
226,49,482.0,429.0,0.0
226,44,469.0,440.0,2.0
226,9,536.0,504.0,0.0
226,31,468.0,418.0,2.0
226,74,512.0,437.0,0.0
226,61,458.0,468.0,0.0
226,29,493.0,442.0,0.0
226,94,487.0,420.0,0.0
226,46,510.0,446.0,0.0
226,57,446.0,436.0,2.0
226,70,536.0,501.0,0.0
226,21,513.0,476.0,0.0
226,38,533.0,493.0,0.0
226,88,505.0,486.0,0.0
226,78,516.0,408.0,0.0
226,72,454.0,479.0,0.0
226,24,443.0,477.0,0.0
226,8,495.0,453.0,0.0
226,17,499.0,454.0,0.0
226,37,500.0,481.0,0.0
226,1,441.0,460.0,2.0
226,53,511.0,470.0,0.0
226,22,446.0,493.0,0.0
226,47,498.0,470.0,0.0
226,83,495.0,475.0,0.0
226,99,482.0,408.0,0.0
226,89,474.0,460.0,0.0
226,14,453.0,457.0,2.0
226,3,495.0,416.0,0.0
226,80,517.0,419.0,0.0
226,96,442.0,483.0,0.0
226,51,515.0,430.0,0.0
226,33,509.0,431.0,0.0
226,40,528.0,407.0,0.0
226,48,532.0,423.0,0.0
226,15,537.0,420.0,0.0
226,65,457.0,487.0,0.0
226,97,450.0,476.0,0.0
227,5,517.0,420.0,0.0
227,56,447.0,504.0,0.0
227,35,517.0,473.0,0.0
227,55,512.0,475.0,0.0
227,60,479.0,468.0,0.0
227,30,454.0,439.0,2.0
227,32,459.0,502.0,0.0
227,6,455.0,487.0,0.0
227,67,507.0,424.0,0.0
227,45,466.0,438.0,2.0
227,73,443.0,477.0,0.0
227,64,501.0,445.0,0.0
227,90,478.0,485.0,0.0
227,4,509.0,428.0,0.0
227,13,538.0,438.0,0.0
227,54,480.0,445.0,0.0
227,63,502.0,501.0,0.0
227,86,447.0,467.0,0.0
227,91,526.0,502.0,0.0
227,62,523.0,474.0,0.0
227,58,472.0,418.0,2.0
227,52,479.0,418.0,0.0
227,12,445.0,417.0,2.0
227,28,479.0,490.0,0.0
227,75,443.0,424.0,2.0
227,23,510.0,421.0,0.0
227,92,492.0,477.0,0.0
227,41,456.0,487.0,0.0
227,43,521.0,414.0,0.0
227,11,504.0,431.0,0.0
227,36,506.0,467.0,0.0
227,68,513.0,413.0,0.0
227,69,449.0,437.0,2.0
227,98,442.0,500.0,0.0
227,82,470.0,411.0,2.0
227,85,526.0,409.0,0.0
227,39,483.0,504.0,0.0
227,84,522.0,446.0,0.0
227,77,449.0,493.0,0.0
227,7,504.0,426.0,0.0
227,25,448.0,458.0,2.0
227,95,523.0,506.0,0.0
227,71,473.0,502.0,0.0
227,66,507.0,505.0,0.0
227,76,477.0,489.0,0.0
227,34,479.0,409.0,0.0
227,50,448.0,442.0,2.0
227,59,502.0,441.0,0.0
227,93,449.0,442.0,2.0
227,2,485.0,445.0,0.0
227,10,454.0,426.0,2.0
227,18,458.0,418.0,2.0
227,26,472.0,414.0,2.0
227,27,453.0,409.0,2.0
227,42,441.0,482.0,0.0
227,87,505.0,455.0,0.0
227,100,530.0,428.0,0.0
227,79,516.0,470.0,0.0
227,16,487.0,488.0,0.0
227,20,457.0,478.0,0.0
227,81,527.0,410.0,0.0
227,19,442.0,464.0,0.0
227,49,482.0,429.0,0.0
227,44,469.0,440.0,2.0
227,9,536.0,504.0,0.0
227,31,468.0,418.0,2.0
227,74,512.0,437.0,0.0
227,61,458.0,468.0,0.0
227,29,493.0,442.0,0.0
227,94,487.0,420.0,0.0
227,46,510.0,446.0,0.0
227,57,446.0,436.0,2.0
227,70,536.0,501.0,0.0
227,21,513.0,476.0,0.0
227,38,533.0,493.0,0.0
227,88,505.0,486.0,0.0
227,78,516.0,408.0,0.0
227,72,454.0,479.0,0.0
227,24,443.0,477.0,0.0
227,8,495.0,453.0,0.0
227,17,499.0,454.0,0.0
227,37,500.0,481.0,0.0
227,1,441.0,460.0,2.0
227,53,511.0,470.0,0.0
227,22,446.0,493.0,0.0
227,47,498.0,470.0,0.0
227,83,495.0,475.0,0.0
227,99,482.0,408.0,0.0
227,89,474.0,460.0,0.0
227,14,453.0,457.0,2.0
227,3,495.0,416.0,0.0
227,80,517.0,419.0,0.0
227,96,442.0,483.0,0.0
227,51,515.0,430.0,0.0
227,33,509.0,431.0,0.0
227,40,528.0,407.0,0.0
227,48,532.0,423.0,0.0
227,15,537.0,420.0,0.0
227,65,457.0,487.0,0.0
227,97,450.0,476.0,0.0
228,5,517.0,420.0,0.0
228,56,447.0,504.0,0.0
228,35,517.0,473.0,0.0
228,55,512.0,475.0,0.0
228,60,479.0,468.0,0.0
228,30,454.0,439.0,2.0
228,32,459.0,502.0,0.0
228,6,455.0,487.0,0.0
228,67,507.0,424.0,0.0
228,45,466.0,438.0,2.0
228,73,443.0,477.0,0.0
228,64,501.0,445.0,0.0
228,90,478.0,485.0,0.0
228,4,509.0,428.0,0.0
228,13,538.0,438.0,0.0
228,54,480.0,445.0,0.0
228,63,502.0,501.0,0.0
228,86,447.0,467.0,0.0
228,91,526.0,502.0,0.0
228,62,523.0,474.0,0.0
228,58,472.0,418.0,2.0
228,52,479.0,418.0,0.0
228,12,445.0,417.0,2.0
228,28,479.0,490.0,0.0
228,75,443.0,424.0,2.0
228,23,510.0,421.0,0.0
228,92,492.0,477.0,0.0
228,41,456.0,487.0,0.0
228,43,521.0,414.0,0.0
228,11,504.0,431.0,0.0
228,36,506.0,467.0,0.0
228,68,513.0,413.0,0.0
228,69,449.0,437.0,2.0
228,98,442.0,500.0,0.0
228,82,470.0,411.0,2.0
228,85,526.0,409.0,0.0
228,39,483.0,504.0,0.0
228,84,522.0,446.0,0.0
228,77,449.0,493.0,0.0
228,7,504.0,426.0,0.0
228,25,448.0,458.0,2.0
228,95,523.0,506.0,0.0
228,71,473.0,502.0,0.0
228,66,507.0,505.0,0.0
228,76,477.0,489.0,0.0
228,34,479.0,409.0,0.0
228,50,448.0,442.0,2.0
228,59,502.0,441.0,0.0
228,93,449.0,442.0,2.0
228,2,485.0,445.0,0.0
228,10,454.0,426.0,2.0
228,18,458.0,418.0,2.0
228,26,472.0,414.0,2.0
228,27,453.0,409.0,2.0
228,42,441.0,482.0,0.0
228,87,505.0,455.0,0.0
228,100,530.0,428.0,0.0
228,79,516.0,470.0,0.0
228,16,487.0,488.0,0.0
228,20,457.0,478.0,0.0
228,81,527.0,410.0,0.0
228,19,442.0,464.0,0.0
228,49,482.0,429.0,0.0
228,44,469.0,440.0,2.0
228,9,536.0,504.0,0.0
228,31,468.0,418.0,2.0
228,74,512.0,437.0,0.0
228,61,458.0,468.0,0.0
228,29,493.0,442.0,0.0
228,94,487.0,420.0,0.0
228,46,510.0,446.0,0.0
228,57,446.0,436.0,2.0
228,70,536.0,501.0,0.0
228,21,513.0,476.0,0.0
228,38,533.0,493.0,0.0
228,88,505.0,486.0,0.0
228,78,516.0,408.0,0.0
228,72,454.0,479.0,0.0
228,24,443.0,477.0,0.0
228,8,495.0,453.0,0.0
228,17,499.0,454.0,0.0
228,37,500.0,481.0,0.0
228,1,441.0,460.0,2.0
228,53,511.0,470.0,0.0
228,22,446.0,493.0,0.0
228,47,498.0,470.0,0.0
228,83,495.0,475.0,0.0
228,99,482.0,408.0,0.0
228,89,474.0,460.0,0.0
228,14,453.0,457.0,2.0
228,3,495.0,416.0,0.0
228,80,517.0,419.0,0.0
228,96,442.0,483.0,0.0
228,51,515.0,430.0,0.0
228,33,509.0,431.0,0.0
228,40,528.0,407.0,0.0
228,48,532.0,423.0,0.0
228,15,537.0,420.0,0.0
228,65,457.0,487.0,0.0
228,97,450.0,476.0,0.0
229,5,517.0,420.0,0.0
229,56,447.0,504.0,0.0
229,35,517.0,473.0,0.0
229,55,512.0,475.0,0.0
229,60,479.0,468.0,0.0
229,30,454.0,439.0,2.0
229,32,459.0,502.0,0.0
229,6,455.0,487.0,0.0
229,67,507.0,424.0,0.0
229,45,466.0,438.0,2.0
229,73,443.0,477.0,0.0
229,64,501.0,445.0,0.0
229,90,478.0,485.0,0.0
229,4,509.0,428.0,0.0
229,13,538.0,438.0,0.0
229,54,480.0,445.0,0.0
229,63,502.0,501.0,0.0
229,86,447.0,467.0,0.0
229,91,526.0,502.0,0.0
229,62,523.0,474.0,0.0
229,58,472.0,418.0,2.0
229,52,479.0,418.0,0.0
229,12,445.0,417.0,2.0
229,28,479.0,490.0,0.0
229,75,443.0,424.0,2.0
229,23,510.0,421.0,0.0
229,92,492.0,477.0,0.0
229,41,456.0,487.0,0.0
229,43,521.0,414.0,0.0
229,11,504.0,431.0,0.0
229,36,506.0,467.0,0.0
229,68,513.0,413.0,0.0
229,69,449.0,437.0,2.0
229,98,442.0,500.0,0.0
229,82,470.0,411.0,2.0
229,85,526.0,409.0,0.0
229,39,483.0,504.0,0.0
229,84,522.0,446.0,0.0
229,77,449.0,493.0,0.0
229,7,504.0,426.0,0.0
229,25,448.0,458.0,2.0
229,95,523.0,506.0,0.0
229,71,473.0,502.0,0.0
229,66,507.0,505.0,0.0
229,76,477.0,489.0,0.0
229,34,479.0,409.0,0.0
229,50,448.0,442.0,2.0
229,59,502.0,441.0,0.0
229,93,449.0,442.0,2.0
229,2,485.0,445.0,0.0
229,10,454.0,426.0,2.0
229,18,458.0,418.0,2.0
229,26,472.0,414.0,2.0
229,27,453.0,409.0,2.0
229,42,441.0,482.0,0.0
229,87,505.0,455.0,0.0
229,100,530.0,428.0,0.0
229,79,516.0,470.0,0.0
229,16,487.0,488.0,0.0
229,20,457.0,478.0,0.0
229,81,527.0,410.0,0.0
229,19,442.0,464.0,0.0
229,49,482.0,429.0,0.0
229,44,469.0,440.0,2.0
229,9,536.0,504.0,0.0
229,31,468.0,418.0,2.0
229,74,512.0,437.0,0.0
229,61,458.0,468.0,0.0
229,29,493.0,442.0,0.0
229,94,487.0,420.0,0.0
229,46,510.0,446.0,0.0
229,57,446.0,436.0,2.0
229,70,536.0,501.0,0.0
229,21,513.0,476.0,0.0
229,38,533.0,493.0,0.0
229,88,505.0,486.0,0.0
229,78,516.0,408.0,0.0
229,72,454.0,479.0,0.0
229,24,443.0,477.0,0.0
229,8,495.0,453.0,0.0
229,17,499.0,454.0,0.0
229,37,500.0,481.0,0.0
229,1,441.0,460.0,2.0
229,53,511.0,470.0,0.0
229,22,446.0,493.0,0.0
229,47,498.0,470.0,0.0
229,83,495.0,475.0,0.0
229,99,482.0,408.0,0.0
229,89,474.0,460.0,0.0
229,14,453.0,457.0,2.0
229,3,495.0,416.0,0.0
229,80,517.0,419.0,0.0
229,96,442.0,483.0,0.0
229,51,515.0,430.0,0.0
229,33,509.0,431.0,0.0
229,40,528.0,407.0,0.0
229,48,532.0,423.0,0.0
229,15,537.0,420.0,0.0
229,65,457.0,487.0,0.0
229,97,450.0,476.0,0.0
230,5,517.0,420.0,0.0
230,56,447.0,504.0,0.0
230,35,517.0,473.0,0.0
230,55,512.0,475.0,0.0
230,60,479.0,468.0,0.0
230,30,454.0,439.0,2.0
230,32,459.0,502.0,0.0
230,6,455.0,487.0,0.0
230,67,507.0,424.0,0.0
230,45,466.0,438.0,2.0
230,73,443.0,477.0,0.0
230,64,501.0,445.0,0.0
230,90,478.0,485.0,0.0
230,4,509.0,428.0,0.0
230,13,538.0,438.0,0.0
230,54,480.0,445.0,0.0
230,63,502.0,501.0,0.0
230,86,447.0,467.0,0.0
230,91,526.0,502.0,0.0
230,62,523.0,474.0,0.0
230,58,472.0,418.0,2.0
230,52,479.0,418.0,0.0
230,12,445.0,417.0,2.0
230,28,479.0,490.0,0.0
230,75,443.0,424.0,2.0
230,23,510.0,421.0,0.0
230,92,492.0,477.0,0.0
230,41,456.0,487.0,0.0
230,43,521.0,414.0,0.0
230,11,504.0,431.0,0.0
230,36,506.0,467.0,0.0
230,68,513.0,413.0,0.0
230,69,449.0,437.0,2.0
230,98,442.0,500.0,0.0
230,82,470.0,411.0,2.0
230,85,526.0,409.0,0.0
230,39,483.0,504.0,0.0
230,84,522.0,446.0,0.0
230,77,449.0,493.0,0.0
230,7,504.0,426.0,0.0
230,25,448.0,458.0,2.0
230,95,523.0,506.0,0.0
230,71,473.0,502.0,0.0
230,66,507.0,505.0,0.0
230,76,477.0,489.0,0.0
230,34,479.0,409.0,0.0
230,50,448.0,442.0,2.0
230,59,502.0,441.0,0.0
230,93,449.0,442.0,2.0
230,2,485.0,445.0,0.0
230,10,454.0,426.0,2.0
230,18,458.0,418.0,2.0
230,26,472.0,414.0,2.0
230,27,453.0,409.0,2.0
230,42,441.0,482.0,0.0
230,87,505.0,455.0,0.0
230,100,530.0,428.0,0.0
230,79,516.0,470.0,0.0
230,16,487.0,488.0,0.0
230,20,457.0,478.0,0.0
230,81,527.0,410.0,0.0
230,19,442.0,464.0,0.0
230,49,482.0,429.0,0.0
230,44,469.0,440.0,2.0
230,9,536.0,504.0,0.0
230,31,468.0,418.0,2.0
230,74,512.0,437.0,0.0
230,61,458.0,468.0,0.0
230,29,493.0,442.0,0.0
230,94,487.0,420.0,0.0
230,46,510.0,446.0,0.0
230,57,446.0,436.0,2.0
230,70,536.0,501.0,0.0
230,21,513.0,476.0,0.0
230,38,533.0,493.0,0.0
230,88,505.0,486.0,0.0
230,78,516.0,408.0,0.0
230,72,454.0,479.0,0.0
230,24,443.0,477.0,0.0
230,8,495.0,453.0,0.0
230,17,499.0,454.0,0.0
230,37,500.0,481.0,0.0
230,1,441.0,460.0,2.0
230,53,511.0,470.0,0.0
230,22,446.0,493.0,0.0
230,47,498.0,470.0,0.0
230,83,495.0,475.0,0.0
230,99,482.0,408.0,0.0
230,89,474.0,460.0,0.0
230,14,453.0,457.0,2.0
230,3,495.0,416.0,0.0
230,80,517.0,419.0,0.0
230,96,442.0,483.0,0.0
230,51,515.0,430.0,0.0
230,33,509.0,431.0,0.0
230,40,528.0,407.0,0.0
230,48,532.0,423.0,0.0
230,15,537.0,420.0,0.0
230,65,457.0,487.0,0.0
230,97,450.0,476.0,0.0
231,5,517.0,420.0,0.0
231,56,447.0,504.0,0.0
231,35,517.0,473.0,0.0
231,55,512.0,475.0,0.0
231,60,479.0,468.0,0.0
231,30,454.0,439.0,2.0
231,32,459.0,502.0,0.0
231,6,455.0,487.0,0.0
231,67,507.0,424.0,0.0
231,45,466.0,438.0,2.0
231,73,443.0,477.0,0.0
231,64,501.0,445.0,0.0
231,90,478.0,485.0,0.0
231,4,509.0,428.0,0.0
231,13,538.0,438.0,0.0
231,54,480.0,445.0,0.0
231,63,502.0,501.0,0.0
231,86,447.0,467.0,0.0
231,91,526.0,502.0,0.0
231,62,523.0,474.0,0.0
231,58,472.0,418.0,2.0
231,52,479.0,418.0,0.0
231,12,445.0,417.0,2.0
231,28,479.0,490.0,0.0
231,75,443.0,424.0,2.0
231,23,510.0,421.0,0.0
231,92,492.0,477.0,0.0
231,41,456.0,487.0,0.0
231,43,521.0,414.0,0.0
231,11,504.0,431.0,0.0
231,36,506.0,467.0,0.0
231,68,513.0,413.0,0.0
231,69,449.0,437.0,2.0
231,98,442.0,500.0,0.0
231,82,470.0,411.0,2.0
231,85,526.0,409.0,0.0
231,39,483.0,504.0,0.0
231,84,522.0,446.0,0.0
231,77,449.0,493.0,0.0
231,7,504.0,426.0,0.0
231,25,448.0,458.0,2.0
231,95,523.0,506.0,0.0
231,71,473.0,502.0,0.0
231,66,507.0,505.0,0.0
231,76,477.0,489.0,0.0
231,34,479.0,409.0,0.0
231,50,448.0,442.0,2.0
231,59,502.0,441.0,0.0
231,93,449.0,442.0,2.0
231,2,485.0,445.0,0.0
231,10,454.0,426.0,2.0
231,18,458.0,418.0,2.0
231,26,472.0,414.0,2.0
231,27,453.0,409.0,2.0
231,42,441.0,482.0,0.0
231,87,505.0,455.0,0.0
231,100,530.0,428.0,0.0
231,79,516.0,470.0,0.0
231,16,487.0,488.0,0.0
231,20,457.0,478.0,0.0
231,81,527.0,410.0,0.0
231,19,442.0,464.0,0.0
231,49,482.0,429.0,0.0
231,44,469.0,440.0,2.0
231,9,536.0,504.0,0.0
231,31,468.0,418.0,2.0
231,74,512.0,437.0,0.0
231,61,458.0,468.0,0.0
231,29,493.0,442.0,0.0
231,94,487.0,420.0,0.0
231,46,510.0,446.0,0.0
231,57,446.0,436.0,2.0
231,70,536.0,501.0,0.0
231,21,513.0,476.0,0.0
231,38,533.0,493.0,0.0
231,88,505.0,486.0,0.0
231,78,516.0,408.0,0.0
231,72,454.0,479.0,0.0
231,24,443.0,477.0,0.0
231,8,495.0,453.0,0.0
231,17,499.0,454.0,0.0
231,37,500.0,481.0,0.0
231,1,441.0,460.0,2.0
231,53,511.0,470.0,0.0
231,22,446.0,493.0,0.0
231,47,498.0,470.0,0.0
231,83,495.0,475.0,0.0
231,99,482.0,408.0,0.0
231,89,474.0,460.0,0.0
231,14,453.0,457.0,2.0
231,3,495.0,416.0,0.0
231,80,517.0,419.0,0.0
231,96,442.0,483.0,0.0
231,51,515.0,430.0,0.0
231,33,509.0,431.0,0.0
231,40,528.0,407.0,0.0
231,48,532.0,423.0,0.0
231,15,537.0,420.0,0.0
231,65,457.0,487.0,0.0
231,97,450.0,476.0,0.0
232,5,517.0,420.0,0.0
232,56,447.0,504.0,0.0
232,35,517.0,473.0,0.0
232,55,512.0,475.0,0.0
232,60,479.0,468.0,0.0
232,30,454.0,439.0,2.0
232,32,459.0,502.0,0.0
232,6,455.0,487.0,0.0
232,67,507.0,424.0,0.0
232,45,466.0,438.0,2.0
232,73,443.0,477.0,0.0
232,64,501.0,445.0,0.0
232,90,478.0,485.0,0.0
232,4,509.0,428.0,0.0
232,13,538.0,438.0,0.0
232,54,480.0,445.0,0.0
232,63,502.0,501.0,0.0
232,86,447.0,467.0,0.0
232,91,526.0,502.0,0.0
232,62,523.0,474.0,0.0
232,58,472.0,418.0,2.0
232,52,479.0,418.0,0.0
232,12,445.0,417.0,2.0
232,28,479.0,490.0,0.0
232,75,443.0,424.0,2.0
232,23,510.0,421.0,0.0
232,92,492.0,477.0,0.0
232,41,456.0,487.0,0.0
232,43,521.0,414.0,0.0
232,11,504.0,431.0,0.0
232,36,506.0,467.0,0.0
232,68,513.0,413.0,0.0
232,69,449.0,437.0,2.0
232,98,442.0,500.0,0.0
232,82,470.0,411.0,2.0
232,85,526.0,409.0,0.0
232,39,483.0,504.0,0.0
232,84,522.0,446.0,0.0
232,77,449.0,493.0,0.0
232,7,504.0,426.0,0.0
232,25,448.0,458.0,2.0
232,95,523.0,506.0,0.0
232,71,473.0,502.0,0.0
232,66,507.0,505.0,0.0
232,76,477.0,489.0,0.0
232,34,479.0,409.0,0.0
232,50,448.0,442.0,2.0
232,59,502.0,441.0,0.0
232,93,449.0,442.0,2.0
232,2,485.0,445.0,0.0
232,10,454.0,426.0,2.0
232,18,458.0,418.0,2.0
232,26,472.0,414.0,2.0
232,27,453.0,409.0,2.0
232,42,441.0,482.0,0.0
232,87,505.0,455.0,0.0
232,100,530.0,428.0,0.0
232,79,516.0,470.0,0.0
232,16,487.0,488.0,0.0
232,20,457.0,478.0,0.0
232,81,527.0,410.0,0.0
232,19,442.0,464.0,0.0
232,49,482.0,429.0,0.0
232,44,469.0,440.0,2.0
232,9,536.0,504.0,0.0
232,31,468.0,418.0,2.0
232,74,512.0,437.0,0.0
232,61,458.0,468.0,0.0
232,29,493.0,442.0,0.0
232,94,487.0,420.0,0.0
232,46,510.0,446.0,0.0
232,57,446.0,436.0,2.0
232,70,536.0,501.0,0.0
232,21,513.0,476.0,0.0
232,38,533.0,493.0,0.0
232,88,505.0,486.0,0.0
232,78,516.0,408.0,0.0
232,72,454.0,479.0,0.0
232,24,443.0,477.0,0.0
232,8,495.0,453.0,0.0
232,17,499.0,454.0,0.0
232,37,500.0,481.0,0.0
232,1,441.0,460.0,2.0
232,53,511.0,470.0,0.0
232,22,446.0,493.0,0.0
232,47,498.0,470.0,0.0
232,83,495.0,475.0,0.0
232,99,482.0,408.0,0.0
232,89,474.0,460.0,0.0
232,14,453.0,457.0,2.0
232,3,495.0,416.0,0.0
232,80,517.0,419.0,0.0
232,96,442.0,483.0,0.0
232,51,515.0,430.0,0.0
232,33,509.0,431.0,0.0
232,40,528.0,407.0,0.0
232,48,532.0,423.0,0.0
232,15,537.0,420.0,0.0
232,65,457.0,487.0,0.0
232,97,450.0,476.0,0.0
233,5,517.0,420.0,0.0
233,56,447.0,504.0,0.0
233,35,517.0,473.0,0.0
233,55,512.0,475.0,0.0
233,60,479.0,468.0,0.0
233,30,454.0,439.0,2.0
233,32,459.0,502.0,0.0
233,6,455.0,487.0,0.0
233,67,507.0,424.0,0.0
233,45,466.0,438.0,2.0
233,73,443.0,477.0,0.0
233,64,501.0,445.0,0.0
233,90,478.0,485.0,0.0
233,4,509.0,428.0,0.0
233,13,538.0,438.0,0.0
233,54,480.0,445.0,0.0
233,63,502.0,501.0,0.0
233,86,447.0,467.0,0.0
233,91,526.0,502.0,0.0
233,62,523.0,474.0,0.0
233,58,472.0,418.0,2.0
233,52,479.0,418.0,0.0
233,12,445.0,417.0,2.0
233,28,479.0,490.0,0.0
233,75,443.0,424.0,2.0
233,23,510.0,421.0,0.0
233,92,492.0,477.0,0.0
233,41,456.0,487.0,0.0
233,43,521.0,414.0,0.0
233,11,504.0,431.0,0.0
233,36,506.0,467.0,0.0
233,68,513.0,413.0,0.0
233,69,449.0,437.0,2.0
233,98,442.0,500.0,0.0
233,82,470.0,411.0,2.0
233,85,526.0,409.0,0.0
233,39,483.0,504.0,0.0
233,84,522.0,446.0,0.0
233,77,449.0,493.0,0.0
233,7,504.0,426.0,0.0
233,25,448.0,458.0,2.0
233,95,523.0,506.0,0.0
233,71,473.0,502.0,0.0
233,66,507.0,505.0,0.0
233,76,477.0,489.0,0.0
233,34,479.0,409.0,0.0
233,50,448.0,442.0,2.0
233,59,502.0,441.0,0.0
233,93,449.0,442.0,2.0
233,2,485.0,445.0,0.0
233,10,454.0,426.0,2.0
233,18,458.0,418.0,2.0
233,26,472.0,414.0,2.0
233,27,453.0,409.0,2.0
233,42,441.0,482.0,0.0
233,87,505.0,455.0,0.0
233,100,530.0,428.0,0.0
233,79,516.0,470.0,0.0
233,16,487.0,488.0,0.0
233,20,457.0,478.0,0.0
233,81,527.0,410.0,0.0
233,19,442.0,464.0,0.0
233,49,482.0,429.0,0.0
233,44,469.0,440.0,2.0
233,9,536.0,504.0,0.0
233,31,468.0,418.0,2.0
233,74,512.0,437.0,0.0
233,61,458.0,468.0,0.0
233,29,493.0,442.0,0.0
233,94,487.0,420.0,0.0
233,46,510.0,446.0,0.0
233,57,446.0,436.0,2.0
233,70,536.0,501.0,0.0
233,21,513.0,476.0,0.0
233,38,533.0,493.0,0.0
233,88,505.0,486.0,0.0
233,78,516.0,408.0,0.0
233,72,454.0,479.0,0.0
233,24,443.0,477.0,0.0
233,8,495.0,453.0,0.0
233,17,499.0,454.0,0.0
233,37,500.0,481.0,0.0
233,1,441.0,460.0,2.0
233,53,511.0,470.0,0.0
233,22,446.0,493.0,0.0
233,47,498.0,470.0,0.0
233,83,495.0,475.0,0.0
233,99,482.0,408.0,0.0
233,89,474.0,460.0,0.0
233,14,453.0,457.0,2.0
233,3,495.0,416.0,0.0
233,80,517.0,419.0,0.0
233,96,442.0,483.0,0.0
233,51,515.0,430.0,0.0
233,33,509.0,431.0,0.0
233,40,528.0,407.0,0.0
233,48,532.0,423.0,0.0
233,15,537.0,420.0,0.0
233,65,457.0,487.0,0.0
233,97,450.0,476.0,0.0
234,5,517.0,420.0,0.0
234,56,447.0,504.0,0.0
234,35,517.0,473.0,0.0
234,55,512.0,475.0,0.0
234,60,479.0,468.0,0.0
234,30,454.0,439.0,2.0
234,32,459.0,502.0,0.0
234,6,455.0,487.0,0.0
234,67,507.0,424.0,0.0
234,45,466.0,438.0,2.0
234,73,443.0,477.0,0.0
234,64,501.0,445.0,0.0
234,90,478.0,485.0,0.0
234,4,509.0,428.0,0.0
234,13,538.0,438.0,0.0
234,54,480.0,445.0,0.0
234,63,502.0,501.0,0.0
234,86,447.0,467.0,0.0
234,91,526.0,502.0,0.0
234,62,523.0,474.0,0.0
234,58,472.0,418.0,2.0
234,52,479.0,418.0,0.0
234,12,445.0,417.0,2.0
234,28,479.0,490.0,0.0
234,75,443.0,424.0,2.0
234,23,510.0,421.0,0.0
234,92,492.0,477.0,0.0
234,41,456.0,487.0,0.0
234,43,521.0,414.0,0.0
234,11,504.0,431.0,0.0
234,36,506.0,467.0,0.0
234,68,513.0,413.0,0.0
234,69,449.0,437.0,2.0
234,98,442.0,500.0,0.0
234,82,470.0,411.0,2.0
234,85,526.0,409.0,0.0
234,39,483.0,504.0,0.0
234,84,522.0,446.0,0.0
234,77,449.0,493.0,0.0
234,7,504.0,426.0,0.0
234,25,448.0,458.0,2.0
234,95,523.0,506.0,0.0
234,71,473.0,502.0,0.0
234,66,507.0,505.0,0.0
234,76,477.0,489.0,0.0
234,34,479.0,409.0,0.0
234,50,448.0,442.0,2.0
234,59,502.0,441.0,0.0
234,93,449.0,442.0,2.0
234,2,485.0,445.0,0.0
234,10,454.0,426.0,2.0
234,18,458.0,418.0,2.0
234,26,472.0,414.0,2.0
234,27,453.0,409.0,2.0
234,42,441.0,482.0,0.0
234,87,505.0,455.0,0.0
234,100,530.0,428.0,0.0
234,79,516.0,470.0,0.0
234,16,487.0,488.0,0.0
234,20,457.0,478.0,0.0
234,81,527.0,410.0,0.0
234,19,442.0,464.0,0.0
234,49,482.0,429.0,0.0
234,44,469.0,440.0,2.0
234,9,536.0,504.0,0.0
234,31,468.0,418.0,2.0
234,74,512.0,437.0,0.0
234,61,458.0,468.0,0.0
234,29,493.0,442.0,0.0
234,94,487.0,420.0,0.0
234,46,510.0,446.0,0.0
234,57,446.0,436.0,2.0
234,70,536.0,501.0,0.0
234,21,513.0,476.0,0.0
234,38,533.0,493.0,0.0
234,88,505.0,486.0,0.0
234,78,516.0,408.0,0.0
234,72,454.0,479.0,0.0
234,24,443.0,477.0,0.0
234,8,495.0,453.0,0.0
234,17,499.0,454.0,0.0
234,37,500.0,481.0,0.0
234,1,441.0,460.0,2.0
234,53,511.0,470.0,0.0
234,22,446.0,493.0,0.0
234,47,498.0,470.0,0.0
234,83,495.0,475.0,0.0
234,99,482.0,408.0,0.0
234,89,474.0,460.0,0.0
234,14,453.0,457.0,2.0
234,3,495.0,416.0,0.0
234,80,517.0,419.0,0.0
234,96,442.0,483.0,0.0
234,51,515.0,430.0,0.0
234,33,509.0,431.0,0.0
234,40,528.0,407.0,0.0
234,48,532.0,423.0,0.0
234,15,537.0,420.0,0.0
234,65,457.0,487.0,0.0
234,97,450.0,476.0,0.0
235,5,517.0,420.0,0.0
235,56,447.0,504.0,0.0
235,35,517.0,473.0,0.0
235,55,512.0,475.0,0.0
235,60,479.0,468.0,0.0
235,30,454.0,439.0,2.0
235,32,459.0,502.0,0.0
235,6,455.0,487.0,0.0
235,67,507.0,424.0,0.0
235,45,466.0,438.0,2.0
235,73,443.0,477.0,0.0
235,64,501.0,445.0,0.0
235,90,478.0,485.0,0.0
235,4,509.0,428.0,0.0
235,13,538.0,438.0,0.0
235,54,480.0,445.0,0.0
235,63,502.0,501.0,0.0
235,86,447.0,467.0,0.0
235,91,526.0,502.0,0.0
235,62,523.0,474.0,0.0
235,58,472.0,418.0,2.0
235,52,479.0,418.0,0.0
235,12,445.0,417.0,2.0
235,28,479.0,490.0,0.0
235,75,443.0,424.0,2.0
235,23,510.0,421.0,0.0
235,92,492.0,477.0,0.0
235,41,456.0,487.0,0.0
235,43,521.0,414.0,0.0
235,11,504.0,431.0,0.0
235,36,506.0,467.0,0.0
235,68,513.0,413.0,0.0
235,69,449.0,437.0,2.0
235,98,442.0,500.0,0.0
235,82,470.0,411.0,2.0
235,85,526.0,409.0,0.0
235,39,483.0,504.0,0.0
235,84,522.0,446.0,0.0
235,77,449.0,493.0,0.0
235,7,504.0,426.0,0.0
235,25,448.0,458.0,2.0
235,95,523.0,506.0,0.0
235,71,473.0,502.0,0.0
235,66,507.0,505.0,0.0
235,76,477.0,489.0,0.0
235,34,479.0,409.0,0.0
235,50,448.0,442.0,2.0
235,59,502.0,441.0,0.0
235,93,449.0,442.0,2.0
235,2,485.0,445.0,0.0
235,10,454.0,426.0,2.0
235,18,458.0,418.0,2.0
235,26,472.0,414.0,2.0
235,27,453.0,409.0,2.0
235,42,441.0,482.0,0.0
235,87,505.0,455.0,0.0
235,100,530.0,428.0,0.0
235,79,516.0,470.0,0.0
235,16,487.0,488.0,0.0
235,20,457.0,478.0,0.0
235,81,527.0,410.0,0.0
235,19,442.0,464.0,0.0
235,49,482.0,429.0,0.0
235,44,469.0,440.0,2.0
235,9,536.0,504.0,0.0
235,31,468.0,418.0,2.0
235,74,512.0,437.0,0.0
235,61,458.0,468.0,0.0
235,29,493.0,442.0,0.0
235,94,487.0,420.0,0.0
235,46,510.0,446.0,0.0
235,57,446.0,436.0,2.0
235,70,536.0,501.0,0.0
235,21,513.0,476.0,0.0
235,38,533.0,493.0,0.0
235,88,505.0,486.0,0.0
235,78,516.0,408.0,0.0
235,72,454.0,479.0,0.0
235,24,443.0,477.0,0.0
235,8,495.0,453.0,0.0
235,17,499.0,454.0,0.0
235,37,500.0,481.0,0.0
235,1,441.0,460.0,2.0
235,53,511.0,470.0,0.0
235,22,446.0,493.0,0.0
235,47,498.0,470.0,0.0
235,83,495.0,475.0,0.0
235,99,482.0,408.0,0.0
235,89,474.0,460.0,0.0
235,14,453.0,457.0,2.0
235,3,495.0,416.0,0.0
235,80,517.0,419.0,0.0
235,96,442.0,483.0,0.0
235,51,515.0,430.0,0.0
235,33,509.0,431.0,0.0
235,40,528.0,407.0,0.0
235,48,532.0,423.0,0.0
235,15,537.0,420.0,0.0
235,65,457.0,487.0,0.0
235,97,450.0,476.0,0.0
236,5,517.0,420.0,0.0
236,56,447.0,504.0,0.0
236,35,517.0,473.0,0.0
236,55,512.0,475.0,0.0
236,60,479.0,468.0,0.0
236,30,454.0,439.0,2.0
236,32,459.0,502.0,0.0
236,6,455.0,487.0,0.0
236,67,507.0,424.0,0.0
236,45,466.0,438.0,2.0
236,73,443.0,477.0,0.0
236,64,501.0,445.0,0.0
236,90,478.0,485.0,0.0
236,4,509.0,428.0,0.0
236,13,538.0,438.0,0.0
236,54,480.0,445.0,0.0
236,63,502.0,501.0,0.0
236,86,447.0,467.0,0.0
236,91,526.0,502.0,0.0
236,62,523.0,474.0,0.0
236,58,472.0,418.0,2.0
236,52,479.0,418.0,0.0
236,12,445.0,417.0,2.0
236,28,479.0,490.0,0.0
236,75,443.0,424.0,2.0
236,23,510.0,421.0,0.0
236,92,492.0,477.0,0.0
236,41,456.0,487.0,0.0
236,43,521.0,414.0,0.0
236,11,504.0,431.0,0.0
236,36,506.0,467.0,0.0
236,68,513.0,413.0,0.0
236,69,449.0,437.0,2.0
236,98,442.0,500.0,0.0
236,82,470.0,411.0,2.0
236,85,526.0,409.0,0.0
236,39,483.0,504.0,0.0
236,84,522.0,446.0,0.0
236,77,449.0,493.0,0.0
236,7,504.0,426.0,0.0
236,25,448.0,458.0,2.0
236,95,523.0,506.0,0.0
236,71,473.0,502.0,0.0
236,66,507.0,505.0,0.0
236,76,477.0,489.0,0.0
236,34,479.0,409.0,0.0
236,50,448.0,442.0,2.0
236,59,502.0,441.0,0.0
236,93,449.0,442.0,2.0
236,2,485.0,445.0,0.0
236,10,454.0,426.0,2.0
236,18,458.0,418.0,2.0
236,26,472.0,414.0,2.0
236,27,453.0,409.0,2.0
236,42,441.0,482.0,0.0
236,87,505.0,455.0,0.0
236,100,530.0,428.0,0.0
236,79,516.0,470.0,0.0
236,16,487.0,488.0,0.0
236,20,457.0,478.0,0.0
236,81,527.0,410.0,0.0
236,19,442.0,464.0,0.0
236,49,482.0,429.0,0.0
236,44,469.0,440.0,2.0
236,9,536.0,504.0,0.0
236,31,468.0,418.0,2.0
236,74,512.0,437.0,0.0
236,61,458.0,468.0,0.0
236,29,493.0,442.0,0.0
236,94,487.0,420.0,0.0
236,46,510.0,446.0,0.0
236,57,446.0,436.0,2.0
236,70,536.0,501.0,0.0
236,21,513.0,476.0,0.0
236,38,533.0,493.0,0.0
236,88,505.0,486.0,0.0
236,78,516.0,408.0,0.0
236,72,454.0,479.0,0.0
236,24,443.0,477.0,0.0
236,8,495.0,453.0,0.0
236,17,499.0,454.0,0.0
236,37,500.0,481.0,0.0
236,1,441.0,460.0,2.0
236,53,511.0,470.0,0.0
236,22,446.0,493.0,0.0
236,47,498.0,470.0,0.0
236,83,495.0,475.0,0.0
236,99,482.0,408.0,0.0
236,89,474.0,460.0,0.0
236,14,453.0,457.0,2.0
236,3,495.0,416.0,0.0
236,80,517.0,419.0,0.0
236,96,442.0,483.0,0.0
236,51,515.0,430.0,0.0
236,33,509.0,431.0,0.0
236,40,528.0,407.0,0.0
236,48,532.0,423.0,0.0
236,15,537.0,420.0,0.0
236,65,457.0,487.0,0.0
236,97,450.0,476.0,0.0
237,5,517.0,420.0,0.0
237,56,447.0,504.0,0.0
237,35,517.0,473.0,0.0
237,55,512.0,475.0,0.0
237,60,479.0,468.0,0.0
237,30,454.0,439.0,2.0
237,32,459.0,502.0,0.0
237,6,455.0,487.0,0.0
237,67,507.0,424.0,0.0
237,45,466.0,438.0,2.0
237,73,443.0,477.0,0.0
237,64,501.0,445.0,0.0
237,90,478.0,485.0,0.0
237,4,509.0,428.0,0.0
237,13,538.0,438.0,0.0
237,54,480.0,445.0,0.0
237,63,502.0,501.0,0.0
237,86,447.0,467.0,0.0
237,91,526.0,502.0,0.0
237,62,523.0,474.0,0.0
237,58,472.0,418.0,2.0
237,52,479.0,418.0,0.0
237,12,445.0,417.0,2.0
237,28,479.0,490.0,0.0
237,75,443.0,424.0,2.0
237,23,510.0,421.0,0.0
237,92,492.0,477.0,0.0
237,41,456.0,487.0,0.0
237,43,521.0,414.0,0.0
237,11,504.0,431.0,0.0
237,36,506.0,467.0,0.0
237,68,513.0,413.0,0.0
237,69,449.0,437.0,2.0
237,98,442.0,500.0,0.0
237,82,470.0,411.0,2.0
237,85,526.0,409.0,0.0
237,39,483.0,504.0,0.0
237,84,522.0,446.0,0.0
237,77,449.0,493.0,0.0
237,7,504.0,426.0,0.0
237,25,448.0,458.0,2.0
237,95,523.0,506.0,0.0
237,71,473.0,502.0,0.0
237,66,507.0,505.0,0.0
237,76,477.0,489.0,0.0
237,34,479.0,409.0,0.0
237,50,448.0,442.0,2.0
237,59,502.0,441.0,0.0
237,93,449.0,442.0,2.0
237,2,485.0,445.0,0.0
237,10,454.0,426.0,2.0
237,18,458.0,418.0,2.0
237,26,472.0,414.0,2.0
237,27,453.0,409.0,2.0
237,42,441.0,482.0,0.0
237,87,505.0,455.0,0.0
237,100,530.0,428.0,0.0
237,79,516.0,470.0,0.0
237,16,487.0,488.0,0.0
237,20,457.0,478.0,0.0
237,81,527.0,410.0,0.0
237,19,442.0,464.0,0.0
237,49,482.0,429.0,0.0
237,44,469.0,440.0,2.0
237,9,536.0,504.0,0.0
237,31,468.0,418.0,2.0
237,74,512.0,437.0,0.0
237,61,458.0,468.0,0.0
237,29,493.0,442.0,0.0
237,94,487.0,420.0,0.0
237,46,510.0,446.0,0.0
237,57,446.0,436.0,2.0
237,70,536.0,501.0,0.0
237,21,513.0,476.0,0.0
237,38,533.0,493.0,0.0
237,88,505.0,486.0,0.0
237,78,516.0,408.0,0.0
237,72,454.0,479.0,0.0
237,24,443.0,477.0,0.0
237,8,495.0,453.0,0.0
237,17,499.0,454.0,0.0
237,37,500.0,481.0,0.0
237,1,441.0,460.0,2.0
237,53,511.0,470.0,0.0
237,22,446.0,493.0,0.0
237,47,498.0,470.0,0.0
237,83,495.0,475.0,0.0
237,99,482.0,408.0,0.0
237,89,474.0,460.0,0.0
237,14,453.0,457.0,2.0
237,3,495.0,416.0,0.0
237,80,517.0,419.0,0.0
237,96,442.0,483.0,0.0
237,51,515.0,430.0,0.0
237,33,509.0,431.0,0.0
237,40,528.0,407.0,0.0
237,48,532.0,423.0,0.0
237,15,537.0,420.0,0.0
237,65,457.0,487.0,0.0
237,97,450.0,476.0,0.0
238,5,517.0,420.0,0.0
238,56,447.0,504.0,0.0
238,35,517.0,473.0,0.0
238,55,512.0,475.0,0.0
238,60,479.0,468.0,0.0
238,30,454.0,439.0,2.0
238,32,459.0,502.0,0.0
238,6,455.0,487.0,0.0
238,67,507.0,424.0,0.0
238,45,466.0,438.0,2.0
238,73,443.0,477.0,0.0
238,64,501.0,445.0,0.0
238,90,478.0,485.0,0.0
238,4,509.0,428.0,0.0
238,13,538.0,438.0,0.0
238,54,480.0,445.0,0.0
238,63,502.0,501.0,0.0
238,86,447.0,467.0,0.0
238,91,526.0,502.0,0.0
238,62,523.0,474.0,0.0
238,58,472.0,418.0,2.0
238,52,479.0,418.0,0.0
238,12,445.0,417.0,2.0
238,28,479.0,490.0,0.0
238,75,443.0,424.0,2.0
238,23,510.0,421.0,0.0
238,92,492.0,477.0,0.0
238,41,456.0,487.0,0.0
238,43,521.0,414.0,0.0
238,11,504.0,431.0,0.0
238,36,506.0,467.0,0.0
238,68,513.0,413.0,0.0
238,69,449.0,437.0,2.0
238,98,442.0,500.0,0.0
238,82,470.0,411.0,2.0
238,85,526.0,409.0,0.0
238,39,483.0,504.0,0.0
238,84,522.0,446.0,0.0
238,77,449.0,493.0,0.0
238,7,504.0,426.0,0.0
238,25,448.0,458.0,2.0
238,95,523.0,506.0,0.0
238,71,473.0,502.0,0.0
238,66,507.0,505.0,0.0
238,76,477.0,489.0,0.0
238,34,479.0,409.0,0.0
238,50,448.0,442.0,2.0
238,59,502.0,441.0,0.0
238,93,449.0,442.0,2.0
238,2,485.0,445.0,0.0
238,10,454.0,426.0,2.0
238,18,458.0,418.0,2.0
238,26,472.0,414.0,2.0
238,27,453.0,409.0,2.0
238,42,441.0,482.0,0.0
238,87,505.0,455.0,0.0
238,100,530.0,428.0,0.0
238,79,516.0,470.0,0.0
238,16,487.0,488.0,0.0
238,20,457.0,478.0,0.0
238,81,527.0,410.0,0.0
238,19,442.0,464.0,0.0
238,49,482.0,429.0,0.0
238,44,469.0,440.0,2.0
238,9,536.0,504.0,0.0
238,31,468.0,418.0,2.0
238,74,512.0,437.0,0.0
238,61,458.0,468.0,0.0
238,29,493.0,442.0,0.0
238,94,487.0,420.0,0.0
238,46,510.0,446.0,0.0
238,57,446.0,436.0,2.0
238,70,536.0,501.0,0.0
238,21,513.0,476.0,0.0
238,38,533.0,493.0,0.0
238,88,505.0,486.0,0.0
238,78,516.0,408.0,0.0
238,72,454.0,479.0,0.0
238,24,443.0,477.0,0.0
238,8,495.0,453.0,0.0
238,17,499.0,454.0,0.0
238,37,500.0,481.0,0.0
238,1,441.0,460.0,2.0
238,53,511.0,470.0,0.0
238,22,446.0,493.0,0.0
238,47,498.0,470.0,0.0
238,83,495.0,475.0,0.0
238,99,482.0,408.0,0.0
238,89,474.0,460.0,0.0
238,14,453.0,457.0,2.0
238,3,495.0,416.0,0.0
238,80,517.0,419.0,0.0
238,96,442.0,483.0,0.0
238,51,515.0,430.0,0.0
238,33,509.0,431.0,0.0
238,40,528.0,407.0,0.0
238,48,532.0,423.0,0.0
238,15,537.0,420.0,0.0
238,65,457.0,487.0,0.0
238,97,450.0,476.0,0.0
239,5,517.0,420.0,0.0
239,56,447.0,504.0,0.0
239,35,517.0,473.0,0.0
239,55,512.0,475.0,0.0
239,60,479.0,468.0,0.0
239,30,454.0,439.0,2.0
239,32,459.0,502.0,0.0
239,6,455.0,487.0,0.0
239,67,507.0,424.0,0.0
239,45,466.0,438.0,2.0
239,73,443.0,477.0,0.0
239,64,501.0,445.0,0.0
239,90,478.0,485.0,0.0
239,4,509.0,428.0,0.0
239,13,538.0,438.0,0.0
239,54,480.0,445.0,0.0
239,63,502.0,501.0,0.0
239,86,447.0,467.0,0.0
239,91,526.0,502.0,0.0
239,62,523.0,474.0,0.0
239,58,472.0,418.0,2.0
239,52,479.0,418.0,0.0
239,12,445.0,417.0,2.0
239,28,479.0,490.0,0.0
239,75,443.0,424.0,2.0
239,23,510.0,421.0,0.0
239,92,492.0,477.0,0.0
239,41,456.0,487.0,0.0
239,43,521.0,414.0,0.0
239,11,504.0,431.0,0.0
239,36,506.0,467.0,0.0
239,68,513.0,413.0,0.0
239,69,449.0,437.0,2.0
239,98,442.0,500.0,0.0
239,82,470.0,411.0,2.0
239,85,526.0,409.0,0.0
239,39,483.0,504.0,0.0
239,84,522.0,446.0,0.0
239,77,449.0,493.0,0.0
239,7,504.0,426.0,0.0
239,25,448.0,458.0,2.0
239,95,523.0,506.0,0.0
239,71,473.0,502.0,0.0
239,66,507.0,505.0,0.0
239,76,477.0,489.0,0.0
239,34,479.0,409.0,0.0
239,50,448.0,442.0,2.0
239,59,502.0,441.0,0.0
239,93,449.0,442.0,2.0
239,2,485.0,445.0,0.0
239,10,454.0,426.0,2.0
239,18,458.0,418.0,2.0
239,26,472.0,414.0,2.0
239,27,453.0,409.0,2.0
239,42,441.0,482.0,0.0
239,87,505.0,455.0,0.0
239,100,530.0,428.0,0.0
239,79,516.0,470.0,0.0
239,16,487.0,488.0,0.0
239,20,457.0,478.0,0.0
239,81,527.0,410.0,0.0
239,19,442.0,464.0,0.0
239,49,482.0,429.0,0.0
239,44,469.0,440.0,2.0
239,9,536.0,504.0,0.0
239,31,468.0,418.0,2.0
239,74,512.0,437.0,0.0
239,61,458.0,468.0,0.0
239,29,493.0,442.0,0.0
239,94,487.0,420.0,0.0
239,46,510.0,446.0,0.0
239,57,446.0,436.0,2.0
239,70,536.0,501.0,0.0
239,21,513.0,476.0,0.0
239,38,533.0,493.0,0.0
239,88,505.0,486.0,0.0
239,78,516.0,408.0,0.0
239,72,454.0,479.0,0.0
239,24,443.0,477.0,0.0
239,8,495.0,453.0,0.0
239,17,499.0,454.0,0.0
239,37,500.0,481.0,0.0
239,1,441.0,460.0,2.0
239,53,511.0,470.0,0.0
239,22,446.0,493.0,0.0
239,47,498.0,470.0,0.0
239,83,495.0,475.0,0.0
239,99,482.0,408.0,0.0
239,89,474.0,460.0,0.0
239,14,453.0,457.0,2.0
239,3,495.0,416.0,0.0
239,80,517.0,419.0,0.0
239,96,442.0,483.0,0.0
239,51,515.0,430.0,0.0
239,33,509.0,431.0,0.0
239,40,528.0,407.0,0.0
239,48,532.0,423.0,0.0
239,15,537.0,420.0,0.0
239,65,457.0,487.0,0.0
239,97,450.0,476.0,0.0
240,5,517.0,420.0,0.0
240,56,447.0,504.0,0.0
240,35,517.0,473.0,0.0
240,55,512.0,475.0,0.0
240,60,479.0,468.0,0.0
240,30,454.0,439.0,2.0
240,32,459.0,502.0,0.0
240,6,455.0,487.0,0.0
240,67,507.0,424.0,0.0
240,45,466.0,438.0,2.0
240,73,443.0,477.0,0.0
240,64,501.0,445.0,0.0
240,90,478.0,485.0,0.0
240,4,509.0,428.0,0.0
240,13,538.0,438.0,0.0
240,54,480.0,445.0,0.0
240,63,502.0,501.0,0.0
240,86,447.0,467.0,0.0
240,91,526.0,502.0,0.0
240,62,523.0,474.0,0.0
240,58,472.0,418.0,2.0
240,52,479.0,418.0,0.0
240,12,445.0,417.0,2.0
240,28,479.0,490.0,0.0
240,75,443.0,424.0,2.0
240,23,510.0,421.0,0.0
240,92,492.0,477.0,0.0
240,41,456.0,487.0,0.0
240,43,521.0,414.0,0.0
240,11,504.0,431.0,0.0
240,36,506.0,467.0,0.0
240,68,513.0,413.0,0.0
240,69,449.0,437.0,2.0
240,98,442.0,500.0,0.0
240,82,470.0,411.0,2.0
240,85,526.0,409.0,0.0
240,39,483.0,504.0,0.0
240,84,522.0,446.0,0.0
240,77,449.0,493.0,0.0
240,7,504.0,426.0,0.0
240,25,448.0,458.0,2.0
240,95,523.0,506.0,0.0
240,71,473.0,502.0,0.0
240,66,507.0,505.0,0.0
240,76,477.0,489.0,0.0
240,34,479.0,409.0,0.0
240,50,448.0,442.0,2.0
240,59,502.0,441.0,0.0
240,93,449.0,442.0,2.0
240,2,485.0,445.0,0.0
240,10,454.0,426.0,2.0
240,18,458.0,418.0,2.0
240,26,472.0,414.0,2.0
240,27,453.0,409.0,2.0
240,42,441.0,482.0,0.0
240,87,505.0,455.0,0.0
240,100,530.0,428.0,0.0
240,79,516.0,470.0,0.0
240,16,487.0,488.0,0.0
240,20,457.0,478.0,0.0
240,81,527.0,410.0,0.0
240,19,442.0,464.0,0.0
240,49,482.0,429.0,0.0
240,44,469.0,440.0,2.0
240,9,536.0,504.0,0.0
240,31,468.0,418.0,2.0
240,74,512.0,437.0,0.0
240,61,458.0,468.0,0.0
240,29,493.0,442.0,0.0
240,94,487.0,420.0,0.0
240,46,510.0,446.0,0.0
240,57,446.0,436.0,2.0
240,70,536.0,501.0,0.0
240,21,513.0,476.0,0.0
240,38,533.0,493.0,0.0
240,88,505.0,486.0,0.0
240,78,516.0,408.0,0.0
240,72,454.0,479.0,0.0
240,24,443.0,477.0,0.0
240,8,495.0,453.0,0.0
240,17,499.0,454.0,0.0
240,37,500.0,481.0,0.0
240,1,441.0,460.0,2.0
240,53,511.0,470.0,0.0
240,22,446.0,493.0,0.0
240,47,498.0,470.0,0.0
240,83,495.0,475.0,0.0
240,99,482.0,408.0,0.0
240,89,474.0,460.0,0.0
240,14,453.0,457.0,2.0
240,3,495.0,416.0,0.0
240,80,517.0,419.0,0.0
240,96,442.0,483.0,0.0
240,51,515.0,430.0,0.0
240,33,509.0,431.0,0.0
240,40,528.0,407.0,0.0
240,48,532.0,423.0,0.0
240,15,537.0,420.0,0.0
240,65,457.0,487.0,0.0
240,97,450.0,476.0,0.0
241,5,517.0,420.0,0.0
241,56,447.0,504.0,0.0
241,35,517.0,473.0,0.0
241,55,512.0,475.0,0.0
241,60,479.0,468.0,0.0
241,30,454.0,439.0,2.0
241,32,459.0,502.0,0.0
241,6,455.0,487.0,0.0
241,67,507.0,424.0,0.0
241,45,466.0,438.0,2.0
241,73,443.0,477.0,0.0
241,64,501.0,445.0,0.0
241,90,478.0,485.0,0.0
241,4,509.0,428.0,0.0
241,13,538.0,438.0,0.0
241,54,480.0,445.0,0.0
241,63,502.0,501.0,0.0
241,86,447.0,467.0,0.0
241,91,526.0,502.0,0.0
241,62,523.0,474.0,0.0
241,58,472.0,418.0,2.0
241,52,479.0,418.0,0.0
241,12,445.0,417.0,2.0
241,28,479.0,490.0,0.0
241,75,443.0,424.0,2.0
241,23,510.0,421.0,0.0
241,92,492.0,477.0,0.0
241,41,456.0,487.0,0.0
241,43,521.0,414.0,0.0
241,11,504.0,431.0,0.0
241,36,506.0,467.0,0.0
241,68,513.0,413.0,0.0
241,69,449.0,437.0,2.0
241,98,442.0,500.0,0.0
241,82,470.0,411.0,2.0
241,85,526.0,409.0,0.0
241,39,483.0,504.0,0.0
241,84,522.0,446.0,0.0
241,77,449.0,493.0,0.0
241,7,504.0,426.0,0.0
241,25,448.0,458.0,2.0
241,95,523.0,506.0,0.0
241,71,473.0,502.0,0.0
241,66,507.0,505.0,0.0
241,76,477.0,489.0,0.0
241,34,479.0,409.0,0.0
241,50,448.0,442.0,2.0
241,59,502.0,441.0,0.0
241,93,449.0,442.0,2.0
241,2,485.0,445.0,0.0
241,10,454.0,426.0,2.0
241,18,458.0,418.0,2.0
241,26,472.0,414.0,2.0
241,27,453.0,409.0,2.0
241,42,441.0,482.0,0.0
241,87,505.0,455.0,0.0
241,100,530.0,428.0,0.0
241,79,516.0,470.0,0.0
241,16,487.0,488.0,0.0
241,20,457.0,478.0,0.0
241,81,527.0,410.0,0.0
241,19,442.0,464.0,0.0
241,49,482.0,429.0,0.0
241,44,469.0,440.0,2.0
241,9,536.0,504.0,0.0
241,31,468.0,418.0,2.0
241,74,512.0,437.0,0.0
241,61,458.0,468.0,0.0
241,29,493.0,442.0,0.0
241,94,487.0,420.0,0.0
241,46,510.0,446.0,0.0
241,57,446.0,436.0,2.0
241,70,536.0,501.0,0.0
241,21,513.0,476.0,0.0
241,38,533.0,493.0,0.0
241,88,505.0,486.0,0.0
241,78,516.0,408.0,0.0
241,72,454.0,479.0,0.0
241,24,443.0,477.0,0.0
241,8,495.0,453.0,0.0
241,17,499.0,454.0,0.0
241,37,500.0,481.0,0.0
241,1,441.0,460.0,2.0
241,53,511.0,470.0,0.0
241,22,446.0,493.0,0.0
241,47,498.0,470.0,0.0
241,83,495.0,475.0,0.0
241,99,482.0,408.0,0.0
241,89,474.0,460.0,0.0
241,14,453.0,457.0,2.0
241,3,495.0,416.0,0.0
241,80,517.0,419.0,0.0
241,96,442.0,483.0,0.0
241,51,515.0,430.0,0.0
241,33,509.0,431.0,0.0
241,40,528.0,407.0,0.0
241,48,532.0,423.0,0.0
241,15,537.0,420.0,0.0
241,65,457.0,487.0,0.0
241,97,450.0,476.0,0.0
242,5,517.0,420.0,0.0
242,56,447.0,504.0,0.0
242,35,517.0,473.0,0.0
242,55,512.0,475.0,0.0
242,60,479.0,468.0,0.0
242,30,454.0,439.0,2.0
242,32,459.0,502.0,0.0
242,6,455.0,487.0,0.0
242,67,507.0,424.0,0.0
242,45,466.0,438.0,2.0
242,73,443.0,477.0,0.0
242,64,501.0,445.0,0.0
242,90,478.0,485.0,0.0
242,4,509.0,428.0,0.0
242,13,538.0,438.0,0.0
242,54,480.0,445.0,0.0
242,63,502.0,501.0,0.0
242,86,447.0,467.0,0.0
242,91,526.0,502.0,0.0
242,62,523.0,474.0,0.0
242,58,472.0,418.0,2.0
242,52,479.0,418.0,0.0
242,12,445.0,417.0,2.0
242,28,479.0,490.0,0.0
242,75,443.0,424.0,2.0
242,23,510.0,421.0,0.0
242,92,492.0,477.0,0.0
242,41,456.0,487.0,0.0
242,43,521.0,414.0,0.0
242,11,504.0,431.0,0.0
242,36,506.0,467.0,0.0
242,68,513.0,413.0,0.0
242,69,449.0,437.0,2.0
242,98,442.0,500.0,0.0
242,82,470.0,411.0,2.0
242,85,526.0,409.0,0.0
242,39,483.0,504.0,0.0
242,84,522.0,446.0,0.0
242,77,449.0,493.0,0.0
242,7,504.0,426.0,0.0
242,25,448.0,458.0,2.0
242,95,523.0,506.0,0.0
242,71,473.0,502.0,0.0
242,66,507.0,505.0,0.0
242,76,477.0,489.0,0.0
242,34,479.0,409.0,0.0
242,50,448.0,442.0,2.0
242,59,502.0,441.0,0.0
242,93,449.0,442.0,2.0
242,2,485.0,445.0,0.0
242,10,454.0,426.0,2.0
242,18,458.0,418.0,2.0
242,26,472.0,414.0,2.0
242,27,453.0,409.0,2.0
242,42,441.0,482.0,0.0
242,87,505.0,455.0,0.0
242,100,530.0,428.0,0.0
242,79,516.0,470.0,0.0
242,16,487.0,488.0,0.0
242,20,457.0,478.0,0.0
242,81,527.0,410.0,0.0
242,19,442.0,464.0,0.0
242,49,482.0,429.0,0.0
242,44,469.0,440.0,2.0
242,9,536.0,504.0,0.0
242,31,468.0,418.0,2.0
242,74,512.0,437.0,0.0
242,61,458.0,468.0,0.0
242,29,493.0,442.0,0.0
242,94,487.0,420.0,0.0
242,46,510.0,446.0,0.0
242,57,446.0,436.0,2.0
242,70,536.0,501.0,0.0
242,21,513.0,476.0,0.0
242,38,533.0,493.0,0.0
242,88,505.0,486.0,0.0
242,78,516.0,408.0,0.0
242,72,454.0,479.0,0.0
242,24,443.0,477.0,0.0
242,8,495.0,453.0,0.0
242,17,499.0,454.0,0.0
242,37,500.0,481.0,0.0
242,1,441.0,460.0,2.0
242,53,511.0,470.0,0.0
242,22,446.0,493.0,0.0
242,47,498.0,470.0,0.0
242,83,495.0,475.0,0.0
242,99,482.0,408.0,0.0
242,89,474.0,460.0,0.0
242,14,453.0,457.0,2.0
242,3,495.0,416.0,0.0
242,80,517.0,419.0,0.0
242,96,442.0,483.0,0.0
242,51,515.0,430.0,0.0
242,33,509.0,431.0,0.0
242,40,528.0,407.0,0.0
242,48,532.0,423.0,0.0
242,15,537.0,420.0,0.0
242,65,457.0,487.0,0.0
242,97,450.0,476.0,0.0
243,5,517.0,420.0,0.0
243,56,447.0,504.0,0.0
243,35,517.0,473.0,0.0
243,55,512.0,475.0,0.0
243,60,479.0,468.0,0.0
243,30,454.0,439.0,2.0
243,32,459.0,502.0,0.0
243,6,455.0,487.0,0.0
243,67,507.0,424.0,0.0
243,45,466.0,438.0,2.0
243,73,443.0,477.0,0.0
243,64,501.0,445.0,0.0
243,90,478.0,485.0,0.0
243,4,509.0,428.0,0.0
243,13,538.0,438.0,0.0
243,54,480.0,445.0,0.0
243,63,502.0,501.0,0.0
243,86,447.0,467.0,0.0
243,91,526.0,502.0,0.0
243,62,523.0,474.0,0.0
243,58,472.0,418.0,2.0
243,52,479.0,418.0,0.0
243,12,445.0,417.0,2.0
243,28,479.0,490.0,0.0
243,75,443.0,424.0,2.0
243,23,510.0,421.0,0.0
243,92,492.0,477.0,0.0
243,41,456.0,487.0,0.0
243,43,521.0,414.0,0.0
243,11,504.0,431.0,0.0
243,36,506.0,467.0,0.0
243,68,513.0,413.0,0.0
243,69,449.0,437.0,2.0
243,98,442.0,500.0,0.0
243,82,470.0,411.0,2.0
243,85,526.0,409.0,0.0
243,39,483.0,504.0,0.0
243,84,522.0,446.0,0.0
243,77,449.0,493.0,0.0
243,7,504.0,426.0,0.0
243,25,448.0,458.0,2.0
243,95,523.0,506.0,0.0
243,71,473.0,502.0,0.0
243,66,507.0,505.0,0.0
243,76,477.0,489.0,0.0
243,34,479.0,409.0,0.0
243,50,448.0,442.0,2.0
243,59,502.0,441.0,0.0
243,93,449.0,442.0,2.0
243,2,485.0,445.0,0.0
243,10,454.0,426.0,2.0
243,18,458.0,418.0,2.0
243,26,472.0,414.0,2.0
243,27,453.0,409.0,2.0
243,42,441.0,482.0,0.0
243,87,505.0,455.0,0.0
243,100,530.0,428.0,0.0
243,79,516.0,470.0,0.0
243,16,487.0,488.0,0.0
243,20,457.0,478.0,0.0
243,81,527.0,410.0,0.0
243,19,442.0,464.0,0.0
243,49,482.0,429.0,0.0
243,44,469.0,440.0,2.0
243,9,536.0,504.0,0.0
243,31,468.0,418.0,2.0
243,74,512.0,437.0,0.0
243,61,458.0,468.0,0.0
243,29,493.0,442.0,0.0
243,94,487.0,420.0,0.0
243,46,510.0,446.0,0.0
243,57,446.0,436.0,2.0
243,70,536.0,501.0,0.0
243,21,513.0,476.0,0.0
243,38,533.0,493.0,0.0
243,88,505.0,486.0,0.0
243,78,516.0,408.0,0.0
243,72,454.0,479.0,0.0
243,24,443.0,477.0,0.0
243,8,495.0,453.0,0.0
243,17,499.0,454.0,0.0
243,37,500.0,481.0,0.0
243,1,441.0,460.0,2.0
243,53,511.0,470.0,0.0
243,22,446.0,493.0,0.0
243,47,498.0,470.0,0.0
243,83,495.0,475.0,0.0
243,99,482.0,408.0,0.0
243,89,474.0,460.0,0.0
243,14,453.0,457.0,2.0
243,3,495.0,416.0,0.0
243,80,517.0,419.0,0.0
243,96,442.0,483.0,0.0
243,51,515.0,430.0,0.0
243,33,509.0,431.0,0.0
243,40,528.0,407.0,0.0
243,48,532.0,423.0,0.0
243,15,537.0,420.0,0.0
243,65,457.0,487.0,0.0
243,97,450.0,476.0,0.0
244,5,517.0,420.0,0.0
244,56,447.0,504.0,0.0
244,35,517.0,473.0,0.0
244,55,512.0,475.0,0.0
244,60,479.0,468.0,0.0
244,30,454.0,439.0,2.0
244,32,459.0,502.0,0.0
244,6,455.0,487.0,0.0
244,67,507.0,424.0,0.0
244,45,466.0,438.0,2.0
244,73,443.0,477.0,0.0
244,64,501.0,445.0,0.0
244,90,478.0,485.0,0.0
244,4,509.0,428.0,0.0
244,13,538.0,438.0,0.0
244,54,480.0,445.0,0.0
244,63,502.0,501.0,0.0
244,86,447.0,467.0,0.0
244,91,526.0,502.0,0.0
244,62,523.0,474.0,0.0
244,58,472.0,418.0,2.0
244,52,479.0,418.0,0.0
244,12,445.0,417.0,2.0
244,28,479.0,490.0,0.0
244,75,443.0,424.0,2.0
244,23,510.0,421.0,0.0
244,92,492.0,477.0,0.0
244,41,456.0,487.0,0.0
244,43,521.0,414.0,0.0
244,11,504.0,431.0,0.0
244,36,506.0,467.0,0.0
244,68,513.0,413.0,0.0
244,69,449.0,437.0,2.0
244,98,442.0,500.0,0.0
244,82,470.0,411.0,2.0
244,85,526.0,409.0,0.0
244,39,483.0,504.0,0.0
244,84,522.0,446.0,0.0
244,77,449.0,493.0,0.0
244,7,504.0,426.0,0.0
244,25,448.0,458.0,2.0
244,95,523.0,506.0,0.0
244,71,473.0,502.0,0.0
244,66,507.0,505.0,0.0
244,76,477.0,489.0,0.0
244,34,479.0,409.0,0.0
244,50,448.0,442.0,2.0
244,59,502.0,441.0,0.0
244,93,449.0,442.0,2.0
244,2,485.0,445.0,0.0
244,10,454.0,426.0,2.0
244,18,458.0,418.0,2.0
244,26,472.0,414.0,2.0
244,27,453.0,409.0,2.0
244,42,441.0,482.0,0.0
244,87,505.0,455.0,0.0
244,100,530.0,428.0,0.0
244,79,516.0,470.0,0.0
244,16,487.0,488.0,0.0
244,20,457.0,478.0,0.0
244,81,527.0,410.0,0.0
244,19,442.0,464.0,0.0
244,49,482.0,429.0,0.0
244,44,469.0,440.0,2.0
244,9,536.0,504.0,0.0
244,31,468.0,418.0,2.0
244,74,512.0,437.0,0.0
244,61,458.0,468.0,0.0
244,29,493.0,442.0,0.0
244,94,487.0,420.0,0.0
244,46,510.0,446.0,0.0
244,57,446.0,436.0,2.0
244,70,536.0,501.0,0.0
244,21,513.0,476.0,0.0
244,38,533.0,493.0,0.0
244,88,505.0,486.0,0.0
244,78,516.0,408.0,0.0
244,72,454.0,479.0,0.0
244,24,443.0,477.0,0.0
244,8,495.0,453.0,0.0
244,17,499.0,454.0,0.0
244,37,500.0,481.0,0.0
244,1,441.0,460.0,2.0
244,53,511.0,470.0,0.0
244,22,446.0,493.0,0.0
244,47,498.0,470.0,0.0
244,83,495.0,475.0,0.0
244,99,482.0,408.0,0.0
244,89,474.0,460.0,0.0
244,14,453.0,457.0,2.0
244,3,495.0,416.0,0.0
244,80,517.0,419.0,0.0
244,96,442.0,483.0,0.0
244,51,515.0,430.0,0.0
244,33,509.0,431.0,0.0
244,40,528.0,407.0,0.0
244,48,532.0,423.0,0.0
244,15,537.0,420.0,0.0
244,65,457.0,487.0,0.0
244,97,450.0,476.0,0.0
245,5,517.0,420.0,0.0
245,56,447.0,504.0,0.0
245,35,517.0,473.0,0.0
245,55,512.0,475.0,0.0
245,60,479.0,468.0,0.0
245,30,454.0,439.0,2.0
245,32,459.0,502.0,0.0
245,6,455.0,487.0,0.0
245,67,507.0,424.0,0.0
245,45,466.0,438.0,2.0
245,73,443.0,477.0,0.0
245,64,501.0,445.0,0.0
245,90,478.0,485.0,0.0
245,4,509.0,428.0,0.0
245,13,538.0,438.0,0.0
245,54,480.0,445.0,0.0
245,63,502.0,501.0,0.0
245,86,447.0,467.0,0.0
245,91,526.0,502.0,0.0
245,62,523.0,474.0,0.0
245,58,472.0,418.0,2.0
245,52,479.0,418.0,0.0
245,12,445.0,417.0,2.0
245,28,479.0,490.0,0.0
245,75,443.0,424.0,2.0
245,23,510.0,421.0,0.0
245,92,492.0,477.0,0.0
245,41,456.0,487.0,0.0
245,43,521.0,414.0,0.0
245,11,504.0,431.0,0.0
245,36,506.0,467.0,0.0
245,68,513.0,413.0,0.0
245,69,449.0,437.0,2.0
245,98,442.0,500.0,0.0
245,82,470.0,411.0,2.0
245,85,526.0,409.0,0.0
245,39,483.0,504.0,0.0
245,84,522.0,446.0,0.0
245,77,449.0,493.0,0.0
245,7,504.0,426.0,0.0
245,25,448.0,458.0,2.0
245,95,523.0,506.0,0.0
245,71,473.0,502.0,0.0
245,66,507.0,505.0,0.0
245,76,477.0,489.0,0.0
245,34,479.0,409.0,0.0
245,50,448.0,442.0,2.0
245,59,502.0,441.0,0.0
245,93,449.0,442.0,2.0
245,2,485.0,445.0,0.0
245,10,454.0,426.0,2.0
245,18,458.0,418.0,2.0
245,26,472.0,414.0,2.0
245,27,453.0,409.0,2.0
245,42,441.0,482.0,0.0
245,87,505.0,455.0,0.0
245,100,530.0,428.0,0.0
245,79,516.0,470.0,0.0
245,16,487.0,488.0,0.0
245,20,457.0,478.0,0.0
245,81,527.0,410.0,0.0
245,19,442.0,464.0,0.0
245,49,482.0,429.0,0.0
245,44,469.0,440.0,2.0
245,9,536.0,504.0,0.0
245,31,468.0,418.0,2.0
245,74,512.0,437.0,0.0
245,61,458.0,468.0,0.0
245,29,493.0,442.0,0.0
245,94,487.0,420.0,0.0
245,46,510.0,446.0,0.0
245,57,446.0,436.0,2.0
245,70,536.0,501.0,0.0
245,21,513.0,476.0,0.0
245,38,533.0,493.0,0.0
245,88,505.0,486.0,0.0
245,78,516.0,408.0,0.0
245,72,454.0,479.0,0.0
245,24,443.0,477.0,0.0
245,8,495.0,453.0,0.0
245,17,499.0,454.0,0.0
245,37,500.0,481.0,0.0
245,1,441.0,460.0,2.0
245,53,511.0,470.0,0.0
245,22,446.0,493.0,0.0
245,47,498.0,470.0,0.0
245,83,495.0,475.0,0.0
245,99,482.0,408.0,0.0
245,89,474.0,460.0,0.0
245,14,453.0,457.0,2.0
245,3,495.0,416.0,0.0
245,80,517.0,419.0,0.0
245,96,442.0,483.0,0.0
245,51,515.0,430.0,0.0
245,33,509.0,431.0,0.0
245,40,528.0,407.0,0.0
245,48,532.0,423.0,0.0
245,15,537.0,420.0,0.0
245,65,457.0,487.0,0.0
245,97,450.0,476.0,0.0
246,5,517.0,420.0,0.0
246,56,447.0,504.0,0.0
246,35,517.0,473.0,0.0
246,55,512.0,475.0,0.0
246,60,479.0,468.0,0.0
246,30,454.0,439.0,2.0
246,32,459.0,502.0,0.0
246,6,455.0,487.0,0.0
246,67,507.0,424.0,0.0
246,45,466.0,438.0,2.0
246,73,443.0,477.0,0.0
246,64,501.0,445.0,0.0
246,90,478.0,485.0,0.0
246,4,509.0,428.0,0.0
246,13,538.0,438.0,0.0
246,54,480.0,445.0,0.0
246,63,502.0,501.0,0.0
246,86,447.0,467.0,0.0
246,91,526.0,502.0,0.0
246,62,523.0,474.0,0.0
246,58,472.0,418.0,2.0
246,52,479.0,418.0,0.0
246,12,445.0,417.0,2.0
246,28,479.0,490.0,0.0
246,75,443.0,424.0,2.0
246,23,510.0,421.0,0.0
246,92,492.0,477.0,0.0
246,41,456.0,487.0,0.0
246,43,521.0,414.0,0.0
246,11,504.0,431.0,0.0
246,36,506.0,467.0,0.0
246,68,513.0,413.0,0.0
246,69,449.0,437.0,2.0
246,98,442.0,500.0,0.0
246,82,470.0,411.0,2.0
246,85,526.0,409.0,0.0
246,39,483.0,504.0,0.0
246,84,522.0,446.0,0.0
246,77,449.0,493.0,0.0
246,7,504.0,426.0,0.0
246,25,448.0,458.0,2.0
246,95,523.0,506.0,0.0
246,71,473.0,502.0,0.0
246,66,507.0,505.0,0.0
246,76,477.0,489.0,0.0
246,34,479.0,409.0,0.0
246,50,448.0,442.0,2.0
246,59,502.0,441.0,0.0
246,93,449.0,442.0,2.0
246,2,485.0,445.0,0.0
246,10,454.0,426.0,2.0
246,18,458.0,418.0,2.0
246,26,472.0,414.0,2.0
246,27,453.0,409.0,2.0
246,42,441.0,482.0,0.0
246,87,505.0,455.0,0.0
246,100,530.0,428.0,0.0
246,79,516.0,470.0,0.0
246,16,487.0,488.0,0.0
246,20,457.0,478.0,0.0
246,81,527.0,410.0,0.0
246,19,442.0,464.0,0.0
246,49,482.0,429.0,0.0
246,44,469.0,440.0,2.0
246,9,536.0,504.0,0.0
246,31,468.0,418.0,2.0
246,74,512.0,437.0,0.0
246,61,458.0,468.0,0.0
246,29,493.0,442.0,0.0
246,94,487.0,420.0,0.0
246,46,510.0,446.0,0.0
246,57,446.0,436.0,2.0
246,70,536.0,501.0,0.0
246,21,513.0,476.0,0.0
246,38,533.0,493.0,0.0
246,88,505.0,486.0,0.0
246,78,516.0,408.0,0.0
246,72,454.0,479.0,0.0
246,24,443.0,477.0,0.0
246,8,495.0,453.0,0.0
246,17,499.0,454.0,0.0
246,37,500.0,481.0,0.0
246,1,441.0,460.0,2.0
246,53,511.0,470.0,0.0
246,22,446.0,493.0,0.0
246,47,498.0,470.0,0.0
246,83,495.0,475.0,0.0
246,99,482.0,408.0,0.0
246,89,474.0,460.0,0.0
246,14,453.0,457.0,2.0
246,3,495.0,416.0,0.0
246,80,517.0,419.0,0.0
246,96,442.0,483.0,0.0
246,51,515.0,430.0,0.0
246,33,509.0,431.0,0.0
246,40,528.0,407.0,0.0
246,48,532.0,423.0,0.0
246,15,537.0,420.0,0.0
246,65,457.0,487.0,0.0
246,97,450.0,476.0,0.0
247,5,517.0,420.0,0.0
247,56,447.0,504.0,0.0
247,35,517.0,473.0,0.0
247,55,512.0,475.0,0.0
247,60,479.0,468.0,0.0
247,30,454.0,439.0,2.0
247,32,459.0,502.0,0.0
247,6,455.0,487.0,0.0
247,67,507.0,424.0,0.0
247,45,466.0,438.0,2.0
247,73,443.0,477.0,0.0
247,64,501.0,445.0,0.0
247,90,478.0,485.0,0.0
247,4,509.0,428.0,0.0
247,13,538.0,438.0,0.0
247,54,480.0,445.0,0.0
247,63,502.0,501.0,0.0
247,86,447.0,467.0,0.0
247,91,526.0,502.0,0.0
247,62,523.0,474.0,0.0
247,58,472.0,418.0,2.0
247,52,479.0,418.0,0.0
247,12,445.0,417.0,2.0
247,28,479.0,490.0,0.0
247,75,443.0,424.0,2.0
247,23,510.0,421.0,0.0
247,92,492.0,477.0,0.0
247,41,456.0,487.0,0.0
247,43,521.0,414.0,0.0
247,11,504.0,431.0,0.0
247,36,506.0,467.0,0.0
247,68,513.0,413.0,0.0
247,69,449.0,437.0,2.0
247,98,442.0,500.0,0.0
247,82,470.0,411.0,2.0
247,85,526.0,409.0,0.0
247,39,483.0,504.0,0.0
247,84,522.0,446.0,0.0
247,77,449.0,493.0,0.0
247,7,504.0,426.0,0.0
247,25,448.0,458.0,2.0
247,95,523.0,506.0,0.0
247,71,473.0,502.0,0.0
247,66,507.0,505.0,0.0
247,76,477.0,489.0,0.0
247,34,479.0,409.0,0.0
247,50,448.0,442.0,2.0
247,59,502.0,441.0,0.0
247,93,449.0,442.0,2.0
247,2,485.0,445.0,0.0
247,10,454.0,426.0,2.0
247,18,458.0,418.0,2.0
247,26,472.0,414.0,2.0
247,27,453.0,409.0,2.0
247,42,441.0,482.0,0.0
247,87,505.0,455.0,0.0
247,100,530.0,428.0,0.0
247,79,516.0,470.0,0.0
247,16,487.0,488.0,0.0
247,20,457.0,478.0,0.0
247,81,527.0,410.0,0.0
247,19,442.0,464.0,0.0
247,49,482.0,429.0,0.0
247,44,469.0,440.0,2.0
247,9,536.0,504.0,0.0
247,31,468.0,418.0,2.0
247,74,512.0,437.0,0.0
247,61,458.0,468.0,0.0
247,29,493.0,442.0,0.0
247,94,487.0,420.0,0.0
247,46,510.0,446.0,0.0
247,57,446.0,436.0,2.0
247,70,536.0,501.0,0.0
247,21,513.0,476.0,0.0
247,38,533.0,493.0,0.0
247,88,505.0,486.0,0.0
247,78,516.0,408.0,0.0
247,72,454.0,479.0,0.0
247,24,443.0,477.0,0.0
247,8,495.0,453.0,0.0
247,17,499.0,454.0,0.0
247,37,500.0,481.0,0.0
247,1,441.0,460.0,2.0
247,53,511.0,470.0,0.0
247,22,446.0,493.0,0.0
247,47,498.0,470.0,0.0
247,83,495.0,475.0,0.0
247,99,482.0,408.0,0.0
247,89,474.0,460.0,0.0
247,14,453.0,457.0,2.0
247,3,495.0,416.0,0.0
247,80,517.0,419.0,0.0
247,96,442.0,483.0,0.0
247,51,515.0,430.0,0.0
247,33,509.0,431.0,0.0
247,40,528.0,407.0,0.0
247,48,532.0,423.0,0.0
247,15,537.0,420.0,0.0
247,65,457.0,487.0,0.0
247,97,450.0,476.0,0.0
248,5,517.0,420.0,0.0
248,56,447.0,504.0,0.0
248,35,517.0,473.0,0.0
248,55,512.0,475.0,0.0
248,60,479.0,468.0,0.0
248,30,454.0,439.0,2.0
248,32,459.0,502.0,0.0
248,6,455.0,487.0,0.0
248,67,507.0,424.0,0.0
248,45,466.0,438.0,2.0
248,73,443.0,477.0,0.0
248,64,501.0,445.0,0.0
248,90,478.0,485.0,0.0
248,4,509.0,428.0,0.0
248,13,538.0,438.0,0.0
248,54,480.0,445.0,0.0
248,63,502.0,501.0,0.0
248,86,447.0,467.0,0.0
248,91,526.0,502.0,0.0
248,62,523.0,474.0,0.0
248,58,472.0,418.0,2.0
248,52,479.0,418.0,0.0
248,12,445.0,417.0,2.0
248,28,479.0,490.0,0.0
248,75,443.0,424.0,2.0
248,23,510.0,421.0,0.0
248,92,492.0,477.0,0.0
248,41,456.0,487.0,0.0
248,43,521.0,414.0,0.0
248,11,504.0,431.0,0.0
248,36,506.0,467.0,0.0
248,68,513.0,413.0,0.0
248,69,449.0,437.0,2.0
248,98,442.0,500.0,0.0
248,82,470.0,411.0,2.0
248,85,526.0,409.0,0.0
248,39,483.0,504.0,0.0
248,84,522.0,446.0,0.0
248,77,449.0,493.0,0.0
248,7,504.0,426.0,0.0
248,25,448.0,458.0,2.0
248,95,523.0,506.0,0.0
248,71,473.0,502.0,0.0
248,66,507.0,505.0,0.0
248,76,477.0,489.0,0.0
248,34,479.0,409.0,0.0
248,50,448.0,442.0,2.0
248,59,502.0,441.0,0.0
248,93,449.0,442.0,2.0
248,2,485.0,445.0,0.0
248,10,454.0,426.0,2.0
248,18,458.0,418.0,2.0
248,26,472.0,414.0,2.0
248,27,453.0,409.0,2.0
248,42,441.0,482.0,0.0
248,87,505.0,455.0,0.0
248,100,530.0,428.0,0.0
248,79,516.0,470.0,0.0
248,16,487.0,488.0,0.0
248,20,457.0,478.0,0.0
248,81,527.0,410.0,0.0
248,19,442.0,464.0,0.0
248,49,482.0,429.0,0.0
248,44,469.0,440.0,2.0
248,9,536.0,504.0,0.0
248,31,468.0,418.0,2.0
248,74,512.0,437.0,0.0
248,61,458.0,468.0,0.0
248,29,493.0,442.0,0.0
248,94,487.0,420.0,0.0
248,46,510.0,446.0,0.0
248,57,446.0,436.0,2.0
248,70,536.0,501.0,0.0
248,21,513.0,476.0,0.0
248,38,533.0,493.0,0.0
248,88,505.0,486.0,0.0
248,78,516.0,408.0,0.0
248,72,454.0,479.0,0.0
248,24,443.0,477.0,0.0
248,8,495.0,453.0,0.0
248,17,499.0,454.0,0.0
248,37,500.0,481.0,0.0
248,1,441.0,460.0,2.0
248,53,511.0,470.0,0.0
248,22,446.0,493.0,0.0
248,47,498.0,470.0,0.0
248,83,495.0,475.0,0.0
248,99,482.0,408.0,0.0
248,89,474.0,460.0,0.0
248,14,453.0,457.0,2.0
248,3,495.0,416.0,0.0
248,80,517.0,419.0,0.0
248,96,442.0,483.0,0.0
248,51,515.0,430.0,0.0
248,33,509.0,431.0,0.0
248,40,528.0,407.0,0.0
248,48,532.0,423.0,0.0
248,15,537.0,420.0,0.0
248,65,457.0,487.0,0.0
248,97,450.0,476.0,0.0
249,5,517.0,420.0,0.0
249,56,447.0,504.0,0.0
249,35,517.0,473.0,0.0
249,55,512.0,475.0,0.0
249,60,479.0,468.0,0.0
249,30,454.0,439.0,2.0
249,32,459.0,502.0,0.0
249,6,455.0,487.0,0.0
249,67,507.0,424.0,0.0
249,45,466.0,438.0,2.0
249,73,443.0,477.0,0.0
249,64,501.0,445.0,0.0
249,90,478.0,485.0,0.0
249,4,509.0,428.0,0.0
249,13,538.0,438.0,0.0
249,54,480.0,445.0,0.0
249,63,502.0,501.0,0.0
249,86,447.0,467.0,0.0
249,91,526.0,502.0,0.0
249,62,523.0,474.0,0.0
249,58,472.0,418.0,2.0
249,52,479.0,418.0,0.0
249,12,445.0,417.0,2.0
249,28,479.0,490.0,0.0
249,75,443.0,424.0,2.0
249,23,510.0,421.0,0.0
249,92,492.0,477.0,0.0
249,41,456.0,487.0,0.0
249,43,521.0,414.0,0.0
249,11,504.0,431.0,0.0
249,36,506.0,467.0,0.0
249,68,513.0,413.0,0.0
249,69,449.0,437.0,2.0
249,98,442.0,500.0,0.0
249,82,470.0,411.0,2.0
249,85,526.0,409.0,0.0
249,39,483.0,504.0,0.0
249,84,522.0,446.0,0.0
249,77,449.0,493.0,0.0
249,7,504.0,426.0,0.0
249,25,448.0,458.0,2.0
249,95,523.0,506.0,0.0
249,71,473.0,502.0,0.0
249,66,507.0,505.0,0.0
249,76,477.0,489.0,0.0
249,34,479.0,409.0,0.0
249,50,448.0,442.0,2.0
249,59,502.0,441.0,0.0
249,93,449.0,442.0,2.0
249,2,485.0,445.0,0.0
249,10,454.0,426.0,2.0
249,18,458.0,418.0,2.0
249,26,472.0,414.0,2.0
249,27,453.0,409.0,2.0
249,42,441.0,482.0,0.0
249,87,505.0,455.0,0.0
249,100,530.0,428.0,0.0
249,79,516.0,470.0,0.0
249,16,487.0,488.0,0.0
249,20,457.0,478.0,0.0
249,81,527.0,410.0,0.0
249,19,442.0,464.0,0.0
249,49,482.0,429.0,0.0
249,44,469.0,440.0,2.0
249,9,536.0,504.0,0.0
249,31,468.0,418.0,2.0
249,74,512.0,437.0,0.0
249,61,458.0,468.0,0.0
249,29,493.0,442.0,0.0
249,94,487.0,420.0,0.0
249,46,510.0,446.0,0.0
249,57,446.0,436.0,2.0
249,70,536.0,501.0,0.0
249,21,513.0,476.0,0.0
249,38,533.0,493.0,0.0
249,88,505.0,486.0,0.0
249,78,516.0,408.0,0.0
249,72,454.0,479.0,0.0
249,24,443.0,477.0,0.0
249,8,495.0,453.0,0.0
249,17,499.0,454.0,0.0
249,37,500.0,481.0,0.0
249,1,441.0,460.0,2.0
249,53,511.0,470.0,0.0
249,22,446.0,493.0,0.0
249,47,498.0,470.0,0.0
249,83,495.0,475.0,0.0
249,99,482.0,408.0,0.0
249,89,474.0,460.0,0.0
249,14,453.0,457.0,2.0
249,3,495.0,416.0,0.0
249,80,517.0,419.0,0.0
249,96,442.0,483.0,0.0
249,51,515.0,430.0,0.0
249,33,509.0,431.0,0.0
249,40,528.0,407.0,0.0
249,48,532.0,423.0,0.0
249,15,537.0,420.0,0.0
249,65,457.0,487.0,0.0
249,97,450.0,476.0,0.0
250,5,517.0,420.0,0.0
250,56,447.0,504.0,0.0
250,35,517.0,473.0,0.0
250,55,512.0,475.0,0.0
250,60,479.0,468.0,0.0
250,30,454.0,439.0,2.0
250,32,459.0,502.0,0.0
250,6,455.0,487.0,0.0
250,67,507.0,424.0,0.0
250,45,466.0,438.0,2.0
250,73,443.0,477.0,0.0
250,64,501.0,445.0,0.0
250,90,478.0,485.0,0.0
250,4,509.0,428.0,0.0
250,13,538.0,438.0,0.0
250,54,480.0,445.0,0.0
250,63,502.0,501.0,0.0
250,86,447.0,467.0,0.0
250,91,526.0,502.0,0.0
250,62,523.0,474.0,0.0
250,58,472.0,418.0,2.0
250,52,479.0,418.0,0.0
250,12,445.0,417.0,2.0
250,28,479.0,490.0,0.0
250,75,443.0,424.0,2.0
250,23,510.0,421.0,0.0
250,92,492.0,477.0,0.0
250,41,456.0,487.0,0.0
250,43,521.0,414.0,0.0
250,11,504.0,431.0,0.0
250,36,506.0,467.0,0.0
250,68,513.0,413.0,0.0
250,69,449.0,437.0,2.0
250,98,442.0,500.0,0.0
250,82,470.0,411.0,2.0
250,85,526.0,409.0,0.0
250,39,483.0,504.0,0.0
250,84,522.0,446.0,0.0
250,77,449.0,493.0,0.0
250,7,504.0,426.0,0.0
250,25,448.0,458.0,2.0
250,95,523.0,506.0,0.0
250,71,473.0,502.0,0.0
250,66,507.0,505.0,0.0
250,76,477.0,489.0,0.0
250,34,479.0,409.0,0.0
250,50,448.0,442.0,2.0
250,59,502.0,441.0,0.0
250,93,449.0,442.0,2.0
250,2,485.0,445.0,0.0
250,10,454.0,426.0,2.0
250,18,458.0,418.0,2.0
250,26,472.0,414.0,2.0
250,27,453.0,409.0,2.0
250,42,441.0,482.0,0.0
250,87,505.0,455.0,0.0
250,100,530.0,428.0,0.0
250,79,516.0,470.0,0.0
250,16,487.0,488.0,0.0
250,20,457.0,478.0,0.0
250,81,527.0,410.0,0.0
250,19,442.0,464.0,0.0
250,49,482.0,429.0,0.0
250,44,469.0,440.0,2.0
250,9,536.0,504.0,0.0
250,31,468.0,418.0,2.0
250,74,512.0,437.0,0.0
250,61,458.0,468.0,0.0
250,29,493.0,442.0,0.0
250,94,487.0,420.0,0.0
250,46,510.0,446.0,0.0
250,57,446.0,436.0,2.0
250,70,536.0,501.0,0.0
250,21,513.0,476.0,0.0
250,38,533.0,493.0,0.0
250,88,505.0,486.0,0.0
250,78,516.0,408.0,0.0
250,72,454.0,479.0,0.0
250,24,443.0,477.0,0.0
250,8,495.0,453.0,0.0
250,17,499.0,454.0,0.0
250,37,500.0,481.0,0.0
250,1,441.0,460.0,2.0
250,53,511.0,470.0,0.0
250,22,446.0,493.0,0.0
250,47,498.0,470.0,0.0
250,83,495.0,475.0,0.0
250,99,482.0,408.0,0.0
250,89,474.0,460.0,0.0
250,14,453.0,457.0,2.0
250,3,495.0,416.0,0.0
250,80,517.0,419.0,0.0
250,96,442.0,483.0,0.0
250,51,515.0,430.0,0.0
250,33,509.0,431.0,0.0
250,40,528.0,407.0,0.0
250,48,532.0,423.0,0.0
250,15,537.0,420.0,0.0
250,65,457.0,487.0,0.0
250,97,450.0,476.0,0.0
251,5,517.0,420.0,0.0
251,56,447.0,504.0,0.0
251,35,517.0,473.0,0.0
251,55,512.0,475.0,0.0
251,60,479.0,468.0,0.0
251,30,454.0,439.0,2.0
251,32,459.0,502.0,0.0
251,6,455.0,487.0,0.0
251,67,507.0,424.0,0.0
251,45,466.0,438.0,2.0
251,73,443.0,477.0,0.0
251,64,501.0,445.0,0.0
251,90,478.0,485.0,0.0
251,4,509.0,428.0,0.0
251,13,538.0,438.0,0.0
251,54,480.0,445.0,0.0
251,63,502.0,501.0,0.0
251,86,447.0,467.0,0.0
251,91,526.0,502.0,0.0
251,62,523.0,474.0,0.0
251,58,472.0,418.0,2.0
251,52,479.0,418.0,0.0
251,12,445.0,417.0,2.0
251,28,479.0,490.0,0.0
251,75,443.0,424.0,2.0
251,23,510.0,421.0,0.0
251,92,492.0,477.0,0.0
251,41,456.0,487.0,0.0
251,43,521.0,414.0,0.0
251,11,504.0,431.0,0.0
251,36,506.0,467.0,0.0
251,68,513.0,413.0,0.0
251,69,449.0,437.0,2.0
251,98,442.0,500.0,0.0
251,82,470.0,411.0,2.0
251,85,526.0,409.0,0.0
251,39,483.0,504.0,0.0
251,84,522.0,446.0,0.0
251,77,449.0,493.0,0.0
251,7,504.0,426.0,0.0
251,25,448.0,458.0,2.0
251,95,523.0,506.0,0.0
251,71,473.0,502.0,0.0
251,66,507.0,505.0,0.0
251,76,477.0,489.0,0.0
251,34,479.0,409.0,0.0
251,50,448.0,442.0,2.0
251,59,502.0,441.0,0.0
251,93,449.0,442.0,2.0
251,2,485.0,445.0,0.0
251,10,454.0,426.0,2.0
251,18,458.0,418.0,2.0
251,26,472.0,414.0,2.0
251,27,453.0,409.0,2.0
251,42,441.0,482.0,0.0
251,87,505.0,455.0,0.0
251,100,530.0,428.0,0.0
251,79,516.0,470.0,0.0
251,16,487.0,488.0,0.0
251,20,457.0,478.0,0.0
251,81,527.0,410.0,0.0
251,19,442.0,464.0,0.0
251,49,482.0,429.0,0.0
251,44,469.0,440.0,2.0
251,9,536.0,504.0,0.0
251,31,468.0,418.0,2.0
251,74,512.0,437.0,0.0
251,61,458.0,468.0,0.0
251,29,493.0,442.0,0.0
251,94,487.0,420.0,0.0
251,46,510.0,446.0,0.0
251,57,446.0,436.0,2.0
251,70,536.0,501.0,0.0
251,21,513.0,476.0,0.0
251,38,533.0,493.0,0.0
251,88,505.0,486.0,0.0
251,78,516.0,408.0,0.0
251,72,454.0,479.0,0.0
251,24,443.0,477.0,0.0
251,8,495.0,453.0,0.0
251,17,499.0,454.0,0.0
251,37,500.0,481.0,0.0
251,1,441.0,460.0,2.0
251,53,511.0,470.0,0.0
251,22,446.0,493.0,0.0
251,47,498.0,470.0,0.0
251,83,495.0,475.0,0.0
251,99,482.0,408.0,0.0
251,89,474.0,460.0,0.0
251,14,453.0,457.0,2.0
251,3,495.0,416.0,0.0
251,80,517.0,419.0,0.0
251,96,442.0,483.0,0.0
251,51,515.0,430.0,0.0
251,33,509.0,431.0,0.0
251,40,528.0,407.0,0.0
251,48,532.0,423.0,0.0
251,15,537.0,420.0,0.0
251,65,457.0,487.0,0.0
251,97,450.0,476.0,0.0
252,5,517.0,420.0,0.0
252,56,447.0,504.0,0.0
252,35,517.0,473.0,0.0
252,55,512.0,475.0,0.0
252,60,479.0,468.0,0.0
252,30,454.0,439.0,2.0
252,32,459.0,502.0,0.0
252,6,455.0,487.0,0.0
252,67,507.0,424.0,0.0
252,45,466.0,438.0,2.0
252,73,443.0,477.0,0.0
252,64,501.0,445.0,0.0
252,90,478.0,485.0,0.0
252,4,509.0,428.0,0.0
252,13,538.0,438.0,0.0
252,54,480.0,445.0,0.0
252,63,502.0,501.0,0.0
252,86,447.0,467.0,0.0
252,91,526.0,502.0,0.0
252,62,523.0,474.0,0.0
252,58,472.0,418.0,2.0
252,52,479.0,418.0,0.0
252,12,445.0,417.0,2.0
252,28,479.0,490.0,0.0
252,75,443.0,424.0,2.0
252,23,510.0,421.0,0.0
252,92,492.0,477.0,0.0
252,41,456.0,487.0,0.0
252,43,521.0,414.0,0.0
252,11,504.0,431.0,0.0
252,36,506.0,467.0,0.0
252,68,513.0,413.0,0.0
252,69,449.0,437.0,2.0
252,98,442.0,500.0,0.0
252,82,470.0,411.0,2.0
252,85,526.0,409.0,0.0
252,39,483.0,504.0,0.0
252,84,522.0,446.0,0.0
252,77,449.0,493.0,0.0
252,7,504.0,426.0,0.0
252,25,448.0,458.0,2.0
252,95,523.0,506.0,0.0
252,71,473.0,502.0,0.0
252,66,507.0,505.0,0.0
252,76,477.0,489.0,0.0
252,34,479.0,409.0,0.0
252,50,448.0,442.0,2.0
252,59,502.0,441.0,0.0
252,93,449.0,442.0,2.0
252,2,485.0,445.0,0.0
252,10,454.0,426.0,2.0
252,18,458.0,418.0,2.0
252,26,472.0,414.0,2.0
252,27,453.0,409.0,2.0
252,42,441.0,482.0,0.0
252,87,505.0,455.0,0.0
252,100,530.0,428.0,0.0
252,79,516.0,470.0,0.0
252,16,487.0,488.0,0.0
252,20,457.0,478.0,0.0
252,81,527.0,410.0,0.0
252,19,442.0,464.0,0.0
252,49,482.0,429.0,0.0
252,44,469.0,440.0,2.0
252,9,536.0,504.0,0.0
252,31,468.0,418.0,2.0
252,74,512.0,437.0,0.0
252,61,458.0,468.0,0.0
252,29,493.0,442.0,0.0
252,94,487.0,420.0,0.0
252,46,510.0,446.0,0.0
252,57,446.0,436.0,2.0
252,70,536.0,501.0,0.0
252,21,513.0,476.0,0.0
252,38,533.0,493.0,0.0
252,88,505.0,486.0,0.0
252,78,516.0,408.0,0.0
252,72,454.0,479.0,0.0
252,24,443.0,477.0,0.0
252,8,495.0,453.0,0.0
252,17,499.0,454.0,0.0
252,37,500.0,481.0,0.0
252,1,441.0,460.0,2.0
252,53,511.0,470.0,0.0
252,22,446.0,493.0,0.0
252,47,498.0,470.0,0.0
252,83,495.0,475.0,0.0
252,99,482.0,408.0,0.0
252,89,474.0,460.0,0.0
252,14,453.0,457.0,2.0
252,3,495.0,416.0,0.0
252,80,517.0,419.0,0.0
252,96,442.0,483.0,0.0
252,51,515.0,430.0,0.0
252,33,509.0,431.0,0.0
252,40,528.0,407.0,0.0
252,48,532.0,423.0,0.0
252,15,537.0,420.0,0.0
252,65,457.0,487.0,0.0
252,97,450.0,476.0,0.0
253,5,517.0,420.0,0.0
253,56,447.0,504.0,0.0
253,35,517.0,473.0,0.0
253,55,512.0,475.0,0.0
253,60,479.0,468.0,0.0
253,30,454.0,439.0,2.0
253,32,459.0,502.0,0.0
253,6,455.0,487.0,0.0
253,67,507.0,424.0,0.0
253,45,466.0,438.0,2.0
253,73,443.0,477.0,0.0
253,64,501.0,445.0,0.0
253,90,478.0,485.0,0.0
253,4,509.0,428.0,0.0
253,13,538.0,438.0,0.0
253,54,480.0,445.0,0.0
253,63,502.0,501.0,0.0
253,86,447.0,467.0,0.0
253,91,526.0,502.0,0.0
253,62,523.0,474.0,0.0
253,58,472.0,418.0,2.0
253,52,479.0,418.0,0.0
253,12,445.0,417.0,2.0
253,28,479.0,490.0,0.0
253,75,443.0,424.0,2.0
253,23,510.0,421.0,0.0
253,92,492.0,477.0,0.0
253,41,456.0,487.0,0.0
253,43,521.0,414.0,0.0
253,11,504.0,431.0,0.0
253,36,506.0,467.0,0.0
253,68,513.0,413.0,0.0
253,69,449.0,437.0,2.0
253,98,442.0,500.0,0.0
253,82,470.0,411.0,2.0
253,85,526.0,409.0,0.0
253,39,483.0,504.0,0.0
253,84,522.0,446.0,0.0
253,77,449.0,493.0,0.0
253,7,504.0,426.0,0.0
253,25,448.0,458.0,2.0
253,95,523.0,506.0,0.0
253,71,473.0,502.0,0.0
253,66,507.0,505.0,0.0
253,76,477.0,489.0,0.0
253,34,479.0,409.0,0.0
253,50,448.0,442.0,2.0
253,59,502.0,441.0,0.0
253,93,449.0,442.0,2.0
253,2,485.0,445.0,0.0
253,10,454.0,426.0,2.0
253,18,458.0,418.0,2.0
253,26,472.0,414.0,2.0
253,27,453.0,409.0,2.0
253,42,441.0,482.0,0.0
253,87,505.0,455.0,0.0
253,100,530.0,428.0,0.0
253,79,516.0,470.0,0.0
253,16,487.0,488.0,0.0
253,20,457.0,478.0,0.0
253,81,527.0,410.0,0.0
253,19,442.0,464.0,0.0
253,49,482.0,429.0,0.0
253,44,469.0,440.0,2.0
253,9,536.0,504.0,0.0
253,31,468.0,418.0,2.0
253,74,512.0,437.0,0.0
253,61,458.0,468.0,0.0
253,29,493.0,442.0,0.0
253,94,487.0,420.0,0.0
253,46,510.0,446.0,0.0
253,57,446.0,436.0,2.0
253,70,536.0,501.0,0.0
253,21,513.0,476.0,0.0
253,38,533.0,493.0,0.0
253,88,505.0,486.0,0.0
253,78,516.0,408.0,0.0
253,72,454.0,479.0,0.0
253,24,443.0,477.0,0.0
253,8,495.0,453.0,0.0
253,17,499.0,454.0,0.0
253,37,500.0,481.0,0.0
253,1,441.0,460.0,2.0
253,53,511.0,470.0,0.0
253,22,446.0,493.0,0.0
253,47,498.0,470.0,0.0
253,83,495.0,475.0,0.0
253,99,482.0,408.0,0.0
253,89,474.0,460.0,0.0
253,14,453.0,457.0,2.0
253,3,495.0,416.0,0.0
253,80,517.0,419.0,0.0
253,96,442.0,483.0,0.0
253,51,515.0,430.0,0.0
253,33,509.0,431.0,0.0
253,40,528.0,407.0,0.0
253,48,532.0,423.0,0.0
253,15,537.0,420.0,0.0
253,65,457.0,487.0,0.0
253,97,450.0,476.0,0.0
254,5,517.0,420.0,0.0
254,56,447.0,504.0,0.0
254,35,517.0,473.0,0.0
254,55,512.0,475.0,0.0
254,60,479.0,468.0,0.0
254,30,454.0,439.0,2.0
254,32,459.0,502.0,0.0
254,6,455.0,487.0,0.0
254,67,507.0,424.0,0.0
254,45,466.0,438.0,2.0
254,73,443.0,477.0,0.0
254,64,501.0,445.0,0.0
254,90,478.0,485.0,0.0
254,4,509.0,428.0,0.0
254,13,538.0,438.0,0.0
254,54,480.0,445.0,0.0
254,63,502.0,501.0,0.0
254,86,447.0,467.0,0.0
254,91,526.0,502.0,0.0
254,62,523.0,474.0,0.0
254,58,472.0,418.0,2.0
254,52,479.0,418.0,0.0
254,12,445.0,417.0,2.0
254,28,479.0,490.0,0.0
254,75,443.0,424.0,2.0
254,23,510.0,421.0,0.0
254,92,492.0,477.0,0.0
254,41,456.0,487.0,0.0
254,43,521.0,414.0,0.0
254,11,504.0,431.0,0.0
254,36,506.0,467.0,0.0
254,68,513.0,413.0,0.0
254,69,449.0,437.0,2.0
254,98,442.0,500.0,0.0
254,82,470.0,411.0,2.0
254,85,526.0,409.0,0.0
254,39,483.0,504.0,0.0
254,84,522.0,446.0,0.0
254,77,449.0,493.0,0.0
254,7,504.0,426.0,0.0
254,25,448.0,458.0,2.0
254,95,523.0,506.0,0.0
254,71,473.0,502.0,0.0
254,66,507.0,505.0,0.0
254,76,477.0,489.0,0.0
254,34,479.0,409.0,0.0
254,50,448.0,442.0,2.0
254,59,502.0,441.0,0.0
254,93,449.0,442.0,2.0
254,2,485.0,445.0,0.0
254,10,454.0,426.0,2.0
254,18,458.0,418.0,2.0
254,26,472.0,414.0,2.0
254,27,453.0,409.0,2.0
254,42,441.0,482.0,0.0
254,87,505.0,455.0,0.0
254,100,530.0,428.0,0.0
254,79,516.0,470.0,0.0
254,16,487.0,488.0,0.0
254,20,457.0,478.0,0.0
254,81,527.0,410.0,0.0
254,19,442.0,464.0,0.0
254,49,482.0,429.0,0.0
254,44,469.0,440.0,2.0
254,9,536.0,504.0,0.0
254,31,468.0,418.0,2.0
254,74,512.0,437.0,0.0
254,61,458.0,468.0,0.0
254,29,493.0,442.0,0.0
254,94,487.0,420.0,0.0
254,46,510.0,446.0,0.0
254,57,446.0,436.0,2.0
254,70,536.0,501.0,0.0
254,21,513.0,476.0,0.0
254,38,533.0,493.0,0.0
254,88,505.0,486.0,0.0
254,78,516.0,408.0,0.0
254,72,454.0,479.0,0.0
254,24,443.0,477.0,0.0
254,8,495.0,453.0,0.0
254,17,499.0,454.0,0.0
254,37,500.0,481.0,0.0
254,1,441.0,460.0,2.0
254,53,511.0,470.0,0.0
254,22,446.0,493.0,0.0
254,47,498.0,470.0,0.0
254,83,495.0,475.0,0.0
254,99,482.0,408.0,0.0
254,89,474.0,460.0,0.0
254,14,453.0,457.0,2.0
254,3,495.0,416.0,0.0
254,80,517.0,419.0,0.0
254,96,442.0,483.0,0.0
254,51,515.0,430.0,0.0
254,33,509.0,431.0,0.0
254,40,528.0,407.0,0.0
254,48,532.0,423.0,0.0
254,15,537.0,420.0,0.0
254,65,457.0,487.0,0.0
254,97,450.0,476.0,0.0
255,5,517.0,420.0,0.0
255,56,447.0,504.0,0.0
255,35,517.0,473.0,0.0
255,55,512.0,475.0,0.0
255,60,479.0,468.0,0.0
255,30,454.0,439.0,2.0
255,32,459.0,502.0,0.0
255,6,455.0,487.0,0.0
255,67,507.0,424.0,0.0
255,45,466.0,438.0,2.0
255,73,443.0,477.0,0.0
255,64,501.0,445.0,0.0
255,90,478.0,485.0,0.0
255,4,509.0,428.0,0.0
255,13,538.0,438.0,0.0
255,54,480.0,445.0,0.0
255,63,502.0,501.0,0.0
255,86,447.0,467.0,0.0
255,91,526.0,502.0,0.0
255,62,523.0,474.0,0.0
255,58,472.0,418.0,2.0
255,52,479.0,418.0,0.0
255,12,445.0,417.0,2.0
255,28,479.0,490.0,0.0
255,75,443.0,424.0,2.0
255,23,510.0,421.0,0.0
255,92,492.0,477.0,0.0
255,41,456.0,487.0,0.0
255,43,521.0,414.0,0.0
255,11,504.0,431.0,0.0
255,36,506.0,467.0,0.0
255,68,513.0,413.0,0.0
255,69,449.0,437.0,2.0
255,98,442.0,500.0,0.0
255,82,470.0,411.0,2.0
255,85,526.0,409.0,0.0
255,39,483.0,504.0,0.0
255,84,522.0,446.0,0.0
255,77,449.0,493.0,0.0
255,7,504.0,426.0,0.0
255,25,448.0,458.0,2.0
255,95,523.0,506.0,0.0
255,71,473.0,502.0,0.0
255,66,507.0,505.0,0.0
255,76,477.0,489.0,0.0
255,34,479.0,409.0,0.0
255,50,448.0,442.0,2.0
255,59,502.0,441.0,0.0
255,93,449.0,442.0,2.0
255,2,485.0,445.0,0.0
255,10,454.0,426.0,2.0
255,18,458.0,418.0,2.0
255,26,472.0,414.0,2.0
255,27,453.0,409.0,2.0
255,42,441.0,482.0,0.0
255,87,505.0,455.0,0.0
255,100,530.0,428.0,0.0
255,79,516.0,470.0,0.0
255,16,487.0,488.0,0.0
255,20,457.0,478.0,0.0
255,81,527.0,410.0,0.0
255,19,442.0,464.0,0.0
255,49,482.0,429.0,0.0
255,44,469.0,440.0,2.0
255,9,536.0,504.0,0.0
255,31,468.0,418.0,2.0
255,74,512.0,437.0,0.0
255,61,458.0,468.0,0.0
255,29,493.0,442.0,0.0
255,94,487.0,420.0,0.0
255,46,510.0,446.0,0.0
255,57,446.0,436.0,2.0
255,70,536.0,501.0,0.0
255,21,513.0,476.0,0.0
255,38,533.0,493.0,0.0
255,88,505.0,486.0,0.0
255,78,516.0,408.0,0.0
255,72,454.0,479.0,0.0
255,24,443.0,477.0,0.0
255,8,495.0,453.0,0.0
255,17,499.0,454.0,0.0
255,37,500.0,481.0,0.0
255,1,441.0,460.0,2.0
255,53,511.0,470.0,0.0
255,22,446.0,493.0,0.0
255,47,498.0,470.0,0.0
255,83,495.0,475.0,0.0
255,99,482.0,408.0,0.0
255,89,474.0,460.0,0.0
255,14,453.0,457.0,2.0
255,3,495.0,416.0,0.0
255,80,517.0,419.0,0.0
255,96,442.0,483.0,0.0
255,51,515.0,430.0,0.0
255,33,509.0,431.0,0.0
255,40,528.0,407.0,0.0
255,48,532.0,423.0,0.0
255,15,537.0,420.0,0.0
255,65,457.0,487.0,0.0
255,97,450.0,476.0,0.0
256,5,517.0,420.0,0.0
256,56,447.0,504.0,0.0
256,35,517.0,473.0,0.0
256,55,512.0,475.0,0.0
256,60,479.0,468.0,0.0
256,30,454.0,439.0,2.0
256,32,459.0,502.0,0.0
256,6,455.0,487.0,0.0
256,67,507.0,424.0,0.0
256,45,466.0,438.0,2.0
256,73,443.0,477.0,0.0
256,64,501.0,445.0,0.0
256,90,478.0,485.0,0.0
256,4,509.0,428.0,0.0
256,13,538.0,438.0,0.0
256,54,480.0,445.0,0.0
256,63,502.0,501.0,0.0
256,86,447.0,467.0,0.0
256,91,526.0,502.0,0.0
256,62,523.0,474.0,0.0
256,58,472.0,418.0,2.0
256,52,479.0,418.0,0.0
256,12,445.0,417.0,2.0
256,28,479.0,490.0,0.0
256,75,443.0,424.0,2.0
256,23,510.0,421.0,0.0
256,92,492.0,477.0,0.0
256,41,456.0,487.0,0.0
256,43,521.0,414.0,0.0
256,11,504.0,431.0,0.0
256,36,506.0,467.0,0.0
256,68,513.0,413.0,0.0
256,69,449.0,437.0,2.0
256,98,442.0,500.0,0.0
256,82,470.0,411.0,2.0
256,85,526.0,409.0,0.0
256,39,483.0,504.0,0.0
256,84,522.0,446.0,0.0
256,77,449.0,493.0,0.0
256,7,504.0,426.0,0.0
256,25,448.0,458.0,2.0
256,95,523.0,506.0,0.0
256,71,473.0,502.0,0.0
256,66,507.0,505.0,0.0
256,76,477.0,489.0,0.0
256,34,479.0,409.0,0.0
256,50,448.0,442.0,2.0
256,59,502.0,441.0,0.0
256,93,449.0,442.0,2.0
256,2,485.0,445.0,0.0
256,10,454.0,426.0,2.0
256,18,458.0,418.0,2.0
256,26,472.0,414.0,2.0
256,27,453.0,409.0,2.0
256,42,441.0,482.0,0.0
256,87,505.0,455.0,0.0
256,100,530.0,428.0,0.0
256,79,516.0,470.0,0.0
256,16,487.0,488.0,0.0
256,20,457.0,478.0,0.0
256,81,527.0,410.0,0.0
256,19,442.0,464.0,0.0
256,49,482.0,429.0,0.0
256,44,469.0,440.0,2.0
256,9,536.0,504.0,0.0
256,31,468.0,418.0,2.0
256,74,512.0,437.0,0.0
256,61,458.0,468.0,0.0
256,29,493.0,442.0,0.0
256,94,487.0,420.0,0.0
256,46,510.0,446.0,0.0
256,57,446.0,436.0,2.0
256,70,536.0,501.0,0.0
256,21,513.0,476.0,0.0
256,38,533.0,493.0,0.0
256,88,505.0,486.0,0.0
256,78,516.0,408.0,0.0
256,72,454.0,479.0,0.0
256,24,443.0,477.0,0.0
256,8,495.0,453.0,0.0
256,17,499.0,454.0,0.0
256,37,500.0,481.0,0.0
256,1,441.0,460.0,2.0
256,53,511.0,470.0,0.0
256,22,446.0,493.0,0.0
256,47,498.0,470.0,0.0
256,83,495.0,475.0,0.0
256,99,482.0,408.0,0.0
256,89,474.0,460.0,0.0
256,14,453.0,457.0,2.0
256,3,495.0,416.0,0.0
256,80,517.0,419.0,0.0
256,96,442.0,483.0,0.0
256,51,515.0,430.0,0.0
256,33,509.0,431.0,0.0
256,40,528.0,407.0,0.0
256,48,532.0,423.0,0.0
256,15,537.0,420.0,0.0
256,65,457.0,487.0,0.0
256,97,450.0,476.0,0.0
257,5,517.0,420.0,0.0
257,56,447.0,504.0,0.0
257,35,517.0,473.0,0.0
257,55,512.0,475.0,0.0
257,60,479.0,468.0,0.0
257,30,454.0,439.0,2.0
257,32,459.0,502.0,0.0
257,6,455.0,487.0,0.0
257,67,507.0,424.0,0.0
257,45,466.0,438.0,2.0
257,73,443.0,477.0,0.0
257,64,501.0,445.0,0.0
257,90,478.0,485.0,0.0
257,4,509.0,428.0,0.0
257,13,538.0,438.0,0.0
257,54,480.0,445.0,0.0
257,63,502.0,501.0,0.0
257,86,447.0,467.0,0.0
257,91,526.0,502.0,0.0
257,62,523.0,474.0,0.0
257,58,472.0,418.0,2.0
257,52,479.0,418.0,0.0
257,12,445.0,417.0,2.0
257,28,479.0,490.0,0.0
257,75,443.0,424.0,2.0
257,23,510.0,421.0,0.0
257,92,492.0,477.0,0.0
257,41,456.0,487.0,0.0
257,43,521.0,414.0,0.0
257,11,504.0,431.0,0.0
257,36,506.0,467.0,0.0
257,68,513.0,413.0,0.0
257,69,449.0,437.0,2.0
257,98,442.0,500.0,0.0
257,82,470.0,411.0,2.0
257,85,526.0,409.0,0.0
257,39,483.0,504.0,0.0
257,84,522.0,446.0,0.0
257,77,449.0,493.0,0.0
257,7,504.0,426.0,0.0
257,25,448.0,458.0,2.0
257,95,523.0,506.0,0.0
257,71,473.0,502.0,0.0
257,66,507.0,505.0,0.0
257,76,477.0,489.0,0.0
257,34,479.0,409.0,0.0
257,50,448.0,442.0,2.0
257,59,502.0,441.0,0.0
257,93,449.0,442.0,2.0
257,2,485.0,445.0,0.0
257,10,454.0,426.0,2.0
257,18,458.0,418.0,2.0
257,26,472.0,414.0,2.0
257,27,453.0,409.0,2.0
257,42,441.0,482.0,0.0
257,87,505.0,455.0,0.0
257,100,530.0,428.0,0.0
257,79,516.0,470.0,0.0
257,16,487.0,488.0,0.0
257,20,457.0,478.0,0.0
257,81,527.0,410.0,0.0
257,19,442.0,464.0,0.0
257,49,482.0,429.0,0.0
257,44,469.0,440.0,2.0
257,9,536.0,504.0,0.0
257,31,468.0,418.0,2.0
257,74,512.0,437.0,0.0
257,61,458.0,468.0,0.0
257,29,493.0,442.0,0.0
257,94,487.0,420.0,0.0
257,46,510.0,446.0,0.0
257,57,446.0,436.0,2.0
257,70,536.0,501.0,0.0
257,21,513.0,476.0,0.0
257,38,533.0,493.0,0.0
257,88,505.0,486.0,0.0
257,78,516.0,408.0,0.0
257,72,454.0,479.0,0.0
257,24,443.0,477.0,0.0
257,8,495.0,453.0,0.0
257,17,499.0,454.0,0.0
257,37,500.0,481.0,0.0
257,1,441.0,460.0,2.0
257,53,511.0,470.0,0.0
257,22,446.0,493.0,0.0
257,47,498.0,470.0,0.0
257,83,495.0,475.0,0.0
257,99,482.0,408.0,0.0
257,89,474.0,460.0,0.0
257,14,453.0,457.0,2.0
257,3,495.0,416.0,0.0
257,80,517.0,419.0,0.0
257,96,442.0,483.0,0.0
257,51,515.0,430.0,0.0
257,33,509.0,431.0,0.0
257,40,528.0,407.0,0.0
257,48,532.0,423.0,0.0
257,15,537.0,420.0,0.0
257,65,457.0,487.0,0.0
257,97,450.0,476.0,0.0
258,5,517.0,420.0,0.0
258,56,447.0,504.0,0.0
258,35,517.0,473.0,0.0
258,55,512.0,475.0,0.0
258,60,479.0,468.0,0.0
258,30,454.0,439.0,2.0
258,32,459.0,502.0,0.0
258,6,455.0,487.0,0.0
258,67,507.0,424.0,0.0
258,45,466.0,438.0,2.0
258,73,443.0,477.0,0.0
258,64,501.0,445.0,0.0
258,90,478.0,485.0,0.0
258,4,509.0,428.0,0.0
258,13,538.0,438.0,0.0
258,54,480.0,445.0,0.0
258,63,502.0,501.0,0.0
258,86,447.0,467.0,0.0
258,91,526.0,502.0,0.0
258,62,523.0,474.0,0.0
258,58,472.0,418.0,2.0
258,52,479.0,418.0,0.0
258,12,445.0,417.0,2.0
258,28,479.0,490.0,0.0
258,75,443.0,424.0,2.0
258,23,510.0,421.0,0.0
258,92,492.0,477.0,0.0
258,41,456.0,487.0,0.0
258,43,521.0,414.0,0.0
258,11,504.0,431.0,0.0
258,36,506.0,467.0,0.0
258,68,513.0,413.0,0.0
258,69,449.0,437.0,2.0
258,98,442.0,500.0,0.0
258,82,470.0,411.0,2.0
258,85,526.0,409.0,0.0
258,39,483.0,504.0,0.0
258,84,522.0,446.0,0.0
258,77,449.0,493.0,0.0
258,7,504.0,426.0,0.0
258,25,448.0,458.0,2.0
258,95,523.0,506.0,0.0
258,71,473.0,502.0,0.0
258,66,507.0,505.0,0.0
258,76,477.0,489.0,0.0
258,34,479.0,409.0,0.0
258,50,448.0,442.0,2.0
258,59,502.0,441.0,0.0
258,93,449.0,442.0,2.0
258,2,485.0,445.0,0.0
258,10,454.0,426.0,2.0
258,18,458.0,418.0,2.0
258,26,472.0,414.0,2.0
258,27,453.0,409.0,2.0
258,42,441.0,482.0,0.0
258,87,505.0,455.0,0.0
258,100,530.0,428.0,0.0
258,79,516.0,470.0,0.0
258,16,487.0,488.0,0.0
258,20,457.0,478.0,0.0
258,81,527.0,410.0,0.0
258,19,442.0,464.0,0.0
258,49,482.0,429.0,0.0
258,44,469.0,440.0,2.0
258,9,536.0,504.0,0.0
258,31,468.0,418.0,2.0
258,74,512.0,437.0,0.0
258,61,458.0,468.0,0.0
258,29,493.0,442.0,0.0
258,94,487.0,420.0,0.0
258,46,510.0,446.0,0.0
258,57,446.0,436.0,2.0
258,70,536.0,501.0,0.0
258,21,513.0,476.0,0.0
258,38,533.0,493.0,0.0
258,88,505.0,486.0,0.0
258,78,516.0,408.0,0.0
258,72,454.0,479.0,0.0
258,24,443.0,477.0,0.0
258,8,495.0,453.0,0.0
258,17,499.0,454.0,0.0
258,37,500.0,481.0,0.0
258,1,441.0,460.0,2.0
258,53,511.0,470.0,0.0
258,22,446.0,493.0,0.0
258,47,498.0,470.0,0.0
258,83,495.0,475.0,0.0
258,99,482.0,408.0,0.0
258,89,474.0,460.0,0.0
258,14,453.0,457.0,2.0
258,3,495.0,416.0,0.0
258,80,517.0,419.0,0.0
258,96,442.0,483.0,0.0
258,51,515.0,430.0,0.0
258,33,509.0,431.0,0.0
258,40,528.0,407.0,0.0
258,48,532.0,423.0,0.0
258,15,537.0,420.0,0.0
258,65,457.0,487.0,0.0
258,97,450.0,476.0,0.0
259,5,517.0,420.0,0.0
259,56,447.0,504.0,0.0
259,35,517.0,473.0,0.0
259,55,512.0,475.0,0.0
259,60,479.0,468.0,0.0
259,30,454.0,439.0,2.0
259,32,459.0,502.0,0.0
259,6,455.0,487.0,0.0
259,67,507.0,424.0,0.0
259,45,466.0,438.0,2.0
259,73,443.0,477.0,0.0
259,64,501.0,445.0,0.0
259,90,478.0,485.0,0.0
259,4,509.0,428.0,0.0
259,13,538.0,438.0,0.0
259,54,480.0,445.0,0.0
259,63,502.0,501.0,0.0
259,86,447.0,467.0,0.0
259,91,526.0,502.0,0.0
259,62,523.0,474.0,0.0
259,58,472.0,418.0,2.0
259,52,479.0,418.0,0.0
259,12,445.0,417.0,2.0
259,28,479.0,490.0,0.0
259,75,443.0,424.0,2.0
259,23,510.0,421.0,0.0
259,92,492.0,477.0,0.0
259,41,456.0,487.0,0.0
259,43,521.0,414.0,0.0
259,11,504.0,431.0,0.0
259,36,506.0,467.0,0.0
259,68,513.0,413.0,0.0
259,69,449.0,437.0,2.0
259,98,442.0,500.0,0.0
259,82,470.0,411.0,2.0
259,85,526.0,409.0,0.0
259,39,483.0,504.0,0.0
259,84,522.0,446.0,0.0
259,77,449.0,493.0,0.0
259,7,504.0,426.0,0.0
259,25,448.0,458.0,2.0
259,95,523.0,506.0,0.0
259,71,473.0,502.0,0.0
259,66,507.0,505.0,0.0
259,76,477.0,489.0,0.0
259,34,479.0,409.0,0.0
259,50,448.0,442.0,2.0
259,59,502.0,441.0,0.0
259,93,449.0,442.0,2.0
259,2,485.0,445.0,0.0
259,10,454.0,426.0,2.0
259,18,458.0,418.0,2.0
259,26,472.0,414.0,2.0
259,27,453.0,409.0,2.0
259,42,441.0,482.0,0.0
259,87,505.0,455.0,0.0
259,100,530.0,428.0,0.0
259,79,516.0,470.0,0.0
259,16,487.0,488.0,0.0
259,20,457.0,478.0,0.0
259,81,527.0,410.0,0.0
259,19,442.0,464.0,0.0
259,49,482.0,429.0,0.0
259,44,469.0,440.0,2.0
259,9,536.0,504.0,0.0
259,31,468.0,418.0,2.0
259,74,512.0,437.0,0.0
259,61,458.0,468.0,0.0
259,29,493.0,442.0,0.0
259,94,487.0,420.0,0.0
259,46,510.0,446.0,0.0
259,57,446.0,436.0,2.0
259,70,536.0,501.0,0.0
259,21,513.0,476.0,0.0
259,38,533.0,493.0,0.0
259,88,505.0,486.0,0.0
259,78,516.0,408.0,0.0
259,72,454.0,479.0,0.0
259,24,443.0,477.0,0.0
259,8,495.0,453.0,0.0
259,17,499.0,454.0,0.0
259,37,500.0,481.0,0.0
259,1,441.0,460.0,2.0
259,53,511.0,470.0,0.0
259,22,446.0,493.0,0.0
259,47,498.0,470.0,0.0
259,83,495.0,475.0,0.0
259,99,482.0,408.0,0.0
259,89,474.0,460.0,0.0
259,14,453.0,457.0,2.0
259,3,495.0,416.0,0.0
259,80,517.0,419.0,0.0
259,96,442.0,483.0,0.0
259,51,515.0,430.0,0.0
259,33,509.0,431.0,0.0
259,40,528.0,407.0,0.0
259,48,532.0,423.0,0.0
259,15,537.0,420.0,0.0
259,65,457.0,487.0,0.0
259,97,450.0,476.0,0.0
260,5,517.0,420.0,0.0
260,56,447.0,504.0,0.0
260,35,517.0,473.0,0.0
260,55,512.0,475.0,0.0
260,60,479.0,468.0,0.0
260,30,454.0,439.0,2.0
260,32,459.0,502.0,0.0
260,6,455.0,487.0,0.0
260,67,507.0,424.0,0.0
260,45,466.0,438.0,2.0
260,73,443.0,477.0,0.0
260,64,501.0,445.0,0.0
260,90,478.0,485.0,0.0
260,4,509.0,428.0,0.0
260,13,538.0,438.0,0.0
260,54,480.0,445.0,0.0
260,63,502.0,501.0,0.0
260,86,447.0,467.0,0.0
260,91,526.0,502.0,0.0
260,62,523.0,474.0,0.0
260,58,472.0,418.0,2.0
260,52,479.0,418.0,0.0
260,12,445.0,417.0,2.0
260,28,479.0,490.0,0.0
260,75,443.0,424.0,2.0
260,23,510.0,421.0,0.0
260,92,492.0,477.0,0.0
260,41,456.0,487.0,0.0
260,43,521.0,414.0,0.0
260,11,504.0,431.0,0.0
260,36,506.0,467.0,0.0
260,68,513.0,413.0,0.0
260,69,449.0,437.0,2.0
260,98,442.0,500.0,0.0
260,82,470.0,411.0,2.0
260,85,526.0,409.0,0.0
260,39,483.0,504.0,0.0
260,84,522.0,446.0,0.0
260,77,449.0,493.0,0.0
260,7,504.0,426.0,0.0
260,25,448.0,458.0,2.0
260,95,523.0,506.0,0.0
260,71,473.0,502.0,0.0
260,66,507.0,505.0,0.0
260,76,477.0,489.0,0.0
260,34,479.0,409.0,0.0
260,50,448.0,442.0,2.0
260,59,502.0,441.0,0.0
260,93,449.0,442.0,2.0
260,2,485.0,445.0,0.0
260,10,454.0,426.0,2.0
260,18,458.0,418.0,2.0
260,26,472.0,414.0,2.0
260,27,453.0,409.0,2.0
260,42,441.0,482.0,0.0
260,87,505.0,455.0,0.0
260,100,530.0,428.0,0.0
260,79,516.0,470.0,0.0
260,16,487.0,488.0,0.0
260,20,457.0,478.0,0.0
260,81,527.0,410.0,0.0
260,19,442.0,464.0,0.0
260,49,482.0,429.0,0.0
260,44,469.0,440.0,2.0
260,9,536.0,504.0,0.0
260,31,468.0,418.0,2.0
260,74,512.0,437.0,0.0
260,61,458.0,468.0,0.0
260,29,493.0,442.0,0.0
260,94,487.0,420.0,0.0
260,46,510.0,446.0,0.0
260,57,446.0,436.0,2.0
260,70,536.0,501.0,0.0
260,21,513.0,476.0,0.0
260,38,533.0,493.0,0.0
260,88,505.0,486.0,0.0
260,78,516.0,408.0,0.0
260,72,454.0,479.0,0.0
260,24,443.0,477.0,0.0
260,8,495.0,453.0,0.0
260,17,499.0,454.0,0.0
260,37,500.0,481.0,0.0
260,1,441.0,460.0,2.0
260,53,511.0,470.0,0.0
260,22,446.0,493.0,0.0
260,47,498.0,470.0,0.0
260,83,495.0,475.0,0.0
260,99,482.0,408.0,0.0
260,89,474.0,460.0,0.0
260,14,453.0,457.0,2.0
260,3,495.0,416.0,0.0
260,80,517.0,419.0,0.0
260,96,442.0,483.0,0.0
260,51,515.0,430.0,0.0
260,33,509.0,431.0,0.0
260,40,528.0,407.0,0.0
260,48,532.0,423.0,0.0
260,15,537.0,420.0,0.0
260,65,457.0,487.0,0.0
260,97,450.0,476.0,0.0
261,5,517.0,420.0,0.0
261,56,447.0,504.0,0.0
261,35,517.0,473.0,0.0
261,55,512.0,475.0,0.0
261,60,479.0,468.0,0.0
261,30,454.0,439.0,2.0
261,32,459.0,502.0,0.0
261,6,455.0,487.0,0.0
261,67,507.0,424.0,0.0
261,45,466.0,438.0,2.0
261,73,443.0,477.0,0.0
261,64,501.0,445.0,0.0
261,90,478.0,485.0,0.0
261,4,509.0,428.0,0.0
261,13,538.0,438.0,0.0
261,54,480.0,445.0,0.0
261,63,502.0,501.0,0.0
261,86,447.0,467.0,0.0
261,91,526.0,502.0,0.0
261,62,523.0,474.0,0.0
261,58,472.0,418.0,2.0
261,52,479.0,418.0,0.0
261,12,445.0,417.0,2.0
261,28,479.0,490.0,0.0
261,75,443.0,424.0,2.0
261,23,510.0,421.0,0.0
261,92,492.0,477.0,0.0
261,41,456.0,487.0,0.0
261,43,521.0,414.0,0.0
261,11,504.0,431.0,0.0
261,36,506.0,467.0,0.0
261,68,513.0,413.0,0.0
261,69,449.0,437.0,2.0
261,98,442.0,500.0,0.0
261,82,470.0,411.0,2.0
261,85,526.0,409.0,0.0
261,39,483.0,504.0,0.0
261,84,522.0,446.0,0.0
261,77,449.0,493.0,0.0
261,7,504.0,426.0,0.0
261,25,448.0,458.0,2.0
261,95,523.0,506.0,0.0
261,71,473.0,502.0,0.0
261,66,507.0,505.0,0.0
261,76,477.0,489.0,0.0
261,34,479.0,409.0,0.0
261,50,448.0,442.0,2.0
261,59,502.0,441.0,0.0
261,93,449.0,442.0,2.0
261,2,485.0,445.0,0.0
261,10,454.0,426.0,2.0
261,18,458.0,418.0,2.0
261,26,472.0,414.0,2.0
261,27,453.0,409.0,2.0
261,42,441.0,482.0,0.0
261,87,505.0,455.0,0.0
261,100,530.0,428.0,0.0
261,79,516.0,470.0,0.0
261,16,487.0,488.0,0.0
261,20,457.0,478.0,0.0
261,81,527.0,410.0,0.0
261,19,442.0,464.0,0.0
261,49,482.0,429.0,0.0
261,44,469.0,440.0,2.0
261,9,536.0,504.0,0.0
261,31,468.0,418.0,2.0
261,74,512.0,437.0,0.0
261,61,458.0,468.0,0.0
261,29,493.0,442.0,0.0
261,94,487.0,420.0,0.0
261,46,510.0,446.0,0.0
261,57,446.0,436.0,2.0
261,70,536.0,501.0,0.0
261,21,513.0,476.0,0.0
261,38,533.0,493.0,0.0
261,88,505.0,486.0,0.0
261,78,516.0,408.0,0.0
261,72,454.0,479.0,0.0
261,24,443.0,477.0,0.0
261,8,495.0,453.0,0.0
261,17,499.0,454.0,0.0
261,37,500.0,481.0,0.0
261,1,441.0,460.0,2.0
261,53,511.0,470.0,0.0
261,22,446.0,493.0,0.0
261,47,498.0,470.0,0.0
261,83,495.0,475.0,0.0
261,99,482.0,408.0,0.0
261,89,474.0,460.0,0.0
261,14,453.0,457.0,2.0
261,3,495.0,416.0,0.0
261,80,517.0,419.0,0.0
261,96,442.0,483.0,0.0
261,51,515.0,430.0,0.0
261,33,509.0,431.0,0.0
261,40,528.0,407.0,0.0
261,48,532.0,423.0,0.0
261,15,537.0,420.0,0.0
261,65,457.0,487.0,0.0
261,97,450.0,476.0,0.0
262,5,517.0,420.0,0.0
262,56,447.0,504.0,0.0
262,35,517.0,473.0,0.0
262,55,512.0,475.0,0.0
262,60,479.0,468.0,0.0
262,30,454.0,439.0,2.0
262,32,459.0,502.0,0.0
262,6,455.0,487.0,0.0
262,67,507.0,424.0,0.0
262,45,466.0,438.0,2.0
262,73,443.0,477.0,0.0
262,64,501.0,445.0,0.0
262,90,478.0,485.0,0.0
262,4,509.0,428.0,0.0
262,13,538.0,438.0,0.0
262,54,480.0,445.0,0.0
262,63,502.0,501.0,0.0
262,86,447.0,467.0,0.0
262,91,526.0,502.0,0.0
262,62,523.0,474.0,0.0
262,58,472.0,418.0,2.0
262,52,479.0,418.0,0.0
262,12,445.0,417.0,2.0
262,28,479.0,490.0,0.0
262,75,443.0,424.0,2.0
262,23,510.0,421.0,0.0
262,92,492.0,477.0,0.0
262,41,456.0,487.0,0.0
262,43,521.0,414.0,0.0
262,11,504.0,431.0,0.0
262,36,506.0,467.0,0.0
262,68,513.0,413.0,0.0
262,69,449.0,437.0,2.0
262,98,442.0,500.0,0.0
262,82,470.0,411.0,2.0
262,85,526.0,409.0,0.0
262,39,483.0,504.0,0.0
262,84,522.0,446.0,0.0
262,77,449.0,493.0,0.0
262,7,504.0,426.0,0.0
262,25,448.0,458.0,2.0
262,95,523.0,506.0,0.0
262,71,473.0,502.0,0.0
262,66,507.0,505.0,0.0
262,76,477.0,489.0,0.0
262,34,479.0,409.0,0.0
262,50,448.0,442.0,2.0
262,59,502.0,441.0,0.0
262,93,449.0,442.0,2.0
262,2,485.0,445.0,0.0
262,10,454.0,426.0,2.0
262,18,458.0,418.0,2.0
262,26,472.0,414.0,2.0
262,27,453.0,409.0,2.0
262,42,441.0,482.0,0.0
262,87,505.0,455.0,0.0
262,100,530.0,428.0,0.0
262,79,516.0,470.0,0.0
262,16,487.0,488.0,0.0
262,20,457.0,478.0,0.0
262,81,527.0,410.0,0.0
262,19,442.0,464.0,0.0
262,49,482.0,429.0,0.0
262,44,469.0,440.0,2.0
262,9,536.0,504.0,0.0
262,31,468.0,418.0,2.0
262,74,512.0,437.0,0.0
262,61,458.0,468.0,0.0
262,29,493.0,442.0,0.0
262,94,487.0,420.0,0.0
262,46,510.0,446.0,0.0
262,57,446.0,436.0,2.0
262,70,536.0,501.0,0.0
262,21,513.0,476.0,0.0
262,38,533.0,493.0,0.0
262,88,505.0,486.0,0.0
262,78,516.0,408.0,0.0
262,72,454.0,479.0,0.0
262,24,443.0,477.0,0.0
262,8,495.0,453.0,0.0
262,17,499.0,454.0,0.0
262,37,500.0,481.0,0.0
262,1,441.0,460.0,2.0
262,53,511.0,470.0,0.0
262,22,446.0,493.0,0.0
262,47,498.0,470.0,0.0
262,83,495.0,475.0,0.0
262,99,482.0,408.0,0.0
262,89,474.0,460.0,0.0
262,14,453.0,457.0,2.0
262,3,495.0,416.0,0.0
262,80,517.0,419.0,0.0
262,96,442.0,483.0,0.0
262,51,515.0,430.0,0.0
262,33,509.0,431.0,0.0
262,40,528.0,407.0,0.0
262,48,532.0,423.0,0.0
262,15,537.0,420.0,0.0
262,65,457.0,487.0,0.0
262,97,450.0,476.0,0.0
263,5,517.0,420.0,0.0
263,56,447.0,504.0,0.0
263,35,517.0,473.0,0.0
263,55,512.0,475.0,0.0
263,60,479.0,468.0,0.0
263,30,454.0,439.0,2.0
263,32,459.0,502.0,0.0
263,6,455.0,487.0,0.0
263,67,507.0,424.0,0.0
263,45,466.0,438.0,2.0
263,73,443.0,477.0,0.0
263,64,501.0,445.0,0.0
263,90,478.0,485.0,0.0
263,4,509.0,428.0,0.0
263,13,538.0,438.0,0.0
263,54,480.0,445.0,0.0
263,63,502.0,501.0,0.0
263,86,447.0,467.0,0.0
263,91,526.0,502.0,0.0
263,62,523.0,474.0,0.0
263,58,472.0,418.0,2.0
263,52,479.0,418.0,0.0
263,12,445.0,417.0,2.0
263,28,479.0,490.0,0.0
263,75,443.0,424.0,2.0
263,23,510.0,421.0,0.0
263,92,492.0,477.0,0.0
263,41,456.0,487.0,0.0
263,43,521.0,414.0,0.0
263,11,504.0,431.0,0.0
263,36,506.0,467.0,0.0
263,68,513.0,413.0,0.0
263,69,449.0,437.0,2.0
263,98,442.0,500.0,0.0
263,82,470.0,411.0,2.0
263,85,526.0,409.0,0.0
263,39,483.0,504.0,0.0
263,84,522.0,446.0,0.0
263,77,449.0,493.0,0.0
263,7,504.0,426.0,0.0
263,25,448.0,458.0,2.0
263,95,523.0,506.0,0.0
263,71,473.0,502.0,0.0
263,66,507.0,505.0,0.0
263,76,477.0,489.0,0.0
263,34,479.0,409.0,0.0
263,50,448.0,442.0,2.0
263,59,502.0,441.0,0.0
263,93,449.0,442.0,2.0
263,2,485.0,445.0,0.0
263,10,454.0,426.0,2.0
263,18,458.0,418.0,2.0
263,26,472.0,414.0,2.0
263,27,453.0,409.0,2.0
263,42,441.0,482.0,0.0
263,87,505.0,455.0,0.0
263,100,530.0,428.0,0.0
263,79,516.0,470.0,0.0
263,16,487.0,488.0,0.0
263,20,457.0,478.0,0.0
263,81,527.0,410.0,0.0
263,19,442.0,464.0,0.0
263,49,482.0,429.0,0.0
263,44,469.0,440.0,2.0
263,9,536.0,504.0,0.0
263,31,468.0,418.0,2.0
263,74,512.0,437.0,0.0
263,61,458.0,468.0,0.0
263,29,493.0,442.0,0.0
263,94,487.0,420.0,0.0
263,46,510.0,446.0,0.0
263,57,446.0,436.0,2.0
263,70,536.0,501.0,0.0
263,21,513.0,476.0,0.0
263,38,533.0,493.0,0.0
263,88,505.0,486.0,0.0
263,78,516.0,408.0,0.0
263,72,454.0,479.0,0.0
263,24,443.0,477.0,0.0
263,8,495.0,453.0,0.0
263,17,499.0,454.0,0.0
263,37,500.0,481.0,0.0
263,1,441.0,460.0,2.0
263,53,511.0,470.0,0.0
263,22,446.0,493.0,0.0
263,47,498.0,470.0,0.0
263,83,495.0,475.0,0.0
263,99,482.0,408.0,0.0
263,89,474.0,460.0,0.0
263,14,453.0,457.0,2.0
263,3,495.0,416.0,0.0
263,80,517.0,419.0,0.0
263,96,442.0,483.0,0.0
263,51,515.0,430.0,0.0
263,33,509.0,431.0,0.0
263,40,528.0,407.0,0.0
263,48,532.0,423.0,0.0
263,15,537.0,420.0,0.0
263,65,457.0,487.0,0.0
263,97,450.0,476.0,0.0
264,5,517.0,420.0,0.0
264,56,447.0,504.0,0.0
264,35,517.0,473.0,0.0
264,55,512.0,475.0,0.0
264,60,479.0,468.0,0.0
264,30,454.0,439.0,2.0
264,32,459.0,502.0,0.0
264,6,455.0,487.0,0.0
264,67,507.0,424.0,0.0
264,45,466.0,438.0,2.0
264,73,443.0,477.0,0.0
264,64,501.0,445.0,0.0
264,90,478.0,485.0,0.0
264,4,509.0,428.0,0.0
264,13,538.0,438.0,0.0
264,54,480.0,445.0,0.0
264,63,502.0,501.0,0.0
264,86,447.0,467.0,0.0
264,91,526.0,502.0,0.0
264,62,523.0,474.0,0.0
264,58,472.0,418.0,2.0
264,52,479.0,418.0,0.0
264,12,445.0,417.0,2.0
264,28,479.0,490.0,0.0
264,75,443.0,424.0,2.0
264,23,510.0,421.0,0.0
264,92,492.0,477.0,0.0
264,41,456.0,487.0,0.0
264,43,521.0,414.0,0.0
264,11,504.0,431.0,0.0
264,36,506.0,467.0,0.0
264,68,513.0,413.0,0.0
264,69,449.0,437.0,2.0
264,98,442.0,500.0,0.0
264,82,470.0,411.0,2.0
264,85,526.0,409.0,0.0
264,39,483.0,504.0,0.0
264,84,522.0,446.0,0.0
264,77,449.0,493.0,0.0
264,7,504.0,426.0,0.0
264,25,448.0,458.0,2.0
264,95,523.0,506.0,0.0
264,71,473.0,502.0,0.0
264,66,507.0,505.0,0.0
264,76,477.0,489.0,0.0
264,34,479.0,409.0,0.0
264,50,448.0,442.0,2.0
264,59,502.0,441.0,0.0
264,93,449.0,442.0,2.0
264,2,485.0,445.0,0.0
264,10,454.0,426.0,2.0
264,18,458.0,418.0,2.0
264,26,472.0,414.0,2.0
264,27,453.0,409.0,2.0
264,42,441.0,482.0,0.0
264,87,505.0,455.0,0.0
264,100,530.0,428.0,0.0
264,79,516.0,470.0,0.0
264,16,487.0,488.0,0.0
264,20,457.0,478.0,0.0
264,81,527.0,410.0,0.0
264,19,442.0,464.0,0.0
264,49,482.0,429.0,0.0
264,44,469.0,440.0,2.0
264,9,536.0,504.0,0.0
264,31,468.0,418.0,2.0
264,74,512.0,437.0,0.0
264,61,458.0,468.0,0.0
264,29,493.0,442.0,0.0
264,94,487.0,420.0,0.0
264,46,510.0,446.0,0.0
264,57,446.0,436.0,2.0
264,70,536.0,501.0,0.0
264,21,513.0,476.0,0.0
264,38,533.0,493.0,0.0
264,88,505.0,486.0,0.0
264,78,516.0,408.0,0.0
264,72,454.0,479.0,0.0
264,24,443.0,477.0,0.0
264,8,495.0,453.0,0.0
264,17,499.0,454.0,0.0
264,37,500.0,481.0,0.0
264,1,441.0,460.0,2.0
264,53,511.0,470.0,0.0
264,22,446.0,493.0,0.0
264,47,498.0,470.0,0.0
264,83,495.0,475.0,0.0
264,99,482.0,408.0,0.0
264,89,474.0,460.0,0.0
264,14,453.0,457.0,2.0
264,3,495.0,416.0,0.0
264,80,517.0,419.0,0.0
264,96,442.0,483.0,0.0
264,51,515.0,430.0,0.0
264,33,509.0,431.0,0.0
264,40,528.0,407.0,0.0
264,48,532.0,423.0,0.0
264,15,537.0,420.0,0.0
264,65,457.0,487.0,0.0
264,97,450.0,476.0,0.0
265,5,517.0,420.0,0.0
265,56,447.0,504.0,0.0
265,35,517.0,473.0,0.0
265,55,512.0,475.0,0.0
265,60,479.0,468.0,0.0
265,30,454.0,439.0,2.0
265,32,459.0,502.0,0.0
265,6,455.0,487.0,0.0
265,67,507.0,424.0,0.0
265,45,466.0,438.0,2.0
265,73,443.0,477.0,0.0
265,64,501.0,445.0,0.0
265,90,478.0,485.0,0.0
265,4,509.0,428.0,0.0
265,13,538.0,438.0,0.0
265,54,480.0,445.0,0.0
265,63,502.0,501.0,0.0
265,86,447.0,467.0,0.0
265,91,526.0,502.0,0.0
265,62,523.0,474.0,0.0
265,58,472.0,418.0,2.0
265,52,479.0,418.0,0.0
265,12,445.0,417.0,2.0
265,28,479.0,490.0,0.0
265,75,443.0,424.0,2.0
265,23,510.0,421.0,0.0
265,92,492.0,477.0,0.0
265,41,456.0,487.0,0.0
265,43,521.0,414.0,0.0
265,11,504.0,431.0,0.0
265,36,506.0,467.0,0.0
265,68,513.0,413.0,0.0
265,69,449.0,437.0,2.0
265,98,442.0,500.0,0.0
265,82,470.0,411.0,2.0
265,85,526.0,409.0,0.0
265,39,483.0,504.0,0.0
265,84,522.0,446.0,0.0
265,77,449.0,493.0,0.0
265,7,504.0,426.0,0.0
265,25,448.0,458.0,2.0
265,95,523.0,506.0,0.0
265,71,473.0,502.0,0.0
265,66,507.0,505.0,0.0
265,76,477.0,489.0,0.0
265,34,479.0,409.0,0.0
265,50,448.0,442.0,2.0
265,59,502.0,441.0,0.0
265,93,449.0,442.0,2.0
265,2,485.0,445.0,0.0
265,10,454.0,426.0,2.0
265,18,458.0,418.0,2.0
265,26,472.0,414.0,2.0
265,27,453.0,409.0,2.0
265,42,441.0,482.0,0.0
265,87,505.0,455.0,0.0
265,100,530.0,428.0,0.0
265,79,516.0,470.0,0.0
265,16,487.0,488.0,0.0
265,20,457.0,478.0,0.0
265,81,527.0,410.0,0.0
265,19,442.0,464.0,0.0
265,49,482.0,429.0,0.0
265,44,469.0,440.0,2.0
265,9,536.0,504.0,0.0
265,31,468.0,418.0,2.0
265,74,512.0,437.0,0.0
265,61,458.0,468.0,0.0
265,29,493.0,442.0,0.0
265,94,487.0,420.0,0.0
265,46,510.0,446.0,0.0
265,57,446.0,436.0,2.0
265,70,536.0,501.0,0.0
265,21,513.0,476.0,0.0
265,38,533.0,493.0,0.0
265,88,505.0,486.0,0.0
265,78,516.0,408.0,0.0
265,72,454.0,479.0,0.0
265,24,443.0,477.0,0.0
265,8,495.0,453.0,0.0
265,17,499.0,454.0,0.0
265,37,500.0,481.0,0.0
265,1,441.0,460.0,2.0
265,53,511.0,470.0,0.0
265,22,446.0,493.0,0.0
265,47,498.0,470.0,0.0
265,83,495.0,475.0,0.0
265,99,482.0,408.0,0.0
265,89,474.0,460.0,0.0
265,14,453.0,457.0,2.0
265,3,495.0,416.0,0.0
265,80,517.0,419.0,0.0
265,96,442.0,483.0,0.0
265,51,515.0,430.0,0.0
265,33,509.0,431.0,0.0
265,40,528.0,407.0,0.0
265,48,532.0,423.0,0.0
265,15,537.0,420.0,0.0
265,65,457.0,487.0,0.0
265,97,450.0,476.0,0.0
266,5,517.0,420.0,0.0
266,56,447.0,504.0,0.0
266,35,517.0,473.0,0.0
266,55,512.0,475.0,0.0
266,60,479.0,468.0,0.0
266,30,454.0,439.0,2.0
266,32,459.0,502.0,0.0
266,6,455.0,487.0,0.0
266,67,507.0,424.0,0.0
266,45,466.0,438.0,2.0
266,73,443.0,477.0,0.0
266,64,501.0,445.0,0.0
266,90,478.0,485.0,0.0
266,4,509.0,428.0,0.0
266,13,538.0,438.0,0.0
266,54,480.0,445.0,0.0
266,63,502.0,501.0,0.0
266,86,447.0,467.0,0.0
266,91,526.0,502.0,0.0
266,62,523.0,474.0,0.0
266,58,472.0,418.0,2.0
266,52,479.0,418.0,0.0
266,12,445.0,417.0,2.0
266,28,479.0,490.0,0.0
266,75,443.0,424.0,2.0
266,23,510.0,421.0,0.0
266,92,492.0,477.0,0.0
266,41,456.0,487.0,0.0
266,43,521.0,414.0,0.0
266,11,504.0,431.0,0.0
266,36,506.0,467.0,0.0
266,68,513.0,413.0,0.0
266,69,449.0,437.0,2.0
266,98,442.0,500.0,0.0
266,82,470.0,411.0,2.0
266,85,526.0,409.0,0.0
266,39,483.0,504.0,0.0
266,84,522.0,446.0,0.0
266,77,449.0,493.0,0.0
266,7,504.0,426.0,0.0
266,25,448.0,458.0,2.0
266,95,523.0,506.0,0.0
266,71,473.0,502.0,0.0
266,66,507.0,505.0,0.0
266,76,477.0,489.0,0.0
266,34,479.0,409.0,0.0
266,50,448.0,442.0,2.0
266,59,502.0,441.0,0.0
266,93,449.0,442.0,2.0
266,2,485.0,445.0,0.0
266,10,454.0,426.0,2.0
266,18,458.0,418.0,2.0
266,26,472.0,414.0,2.0
266,27,453.0,409.0,2.0
266,42,441.0,482.0,0.0
266,87,505.0,455.0,0.0
266,100,530.0,428.0,0.0
266,79,516.0,470.0,0.0
266,16,487.0,488.0,0.0
266,20,457.0,478.0,0.0
266,81,527.0,410.0,0.0
266,19,442.0,464.0,0.0
266,49,482.0,429.0,0.0
266,44,469.0,440.0,2.0
266,9,536.0,504.0,0.0
266,31,468.0,418.0,2.0
266,74,512.0,437.0,0.0
266,61,458.0,468.0,0.0
266,29,493.0,442.0,0.0
266,94,487.0,420.0,0.0
266,46,510.0,446.0,0.0
266,57,446.0,436.0,2.0
266,70,536.0,501.0,0.0
266,21,513.0,476.0,0.0
266,38,533.0,493.0,0.0
266,88,505.0,486.0,0.0
266,78,516.0,408.0,0.0
266,72,454.0,479.0,0.0
266,24,443.0,477.0,0.0
266,8,495.0,453.0,0.0
266,17,499.0,454.0,0.0
266,37,500.0,481.0,0.0
266,1,441.0,460.0,2.0
266,53,511.0,470.0,0.0
266,22,446.0,493.0,0.0
266,47,498.0,470.0,0.0
266,83,495.0,475.0,0.0
266,99,482.0,408.0,0.0
266,89,474.0,460.0,0.0
266,14,453.0,457.0,2.0
266,3,495.0,416.0,0.0
266,80,517.0,419.0,0.0
266,96,442.0,483.0,0.0
266,51,515.0,430.0,0.0
266,33,509.0,431.0,0.0
266,40,528.0,407.0,0.0
266,48,532.0,423.0,0.0
266,15,537.0,420.0,0.0
266,65,457.0,487.0,0.0
266,97,450.0,476.0,0.0
267,5,517.0,420.0,0.0
267,56,447.0,504.0,0.0
267,35,517.0,473.0,0.0
267,55,512.0,475.0,0.0
267,60,479.0,468.0,0.0
267,30,454.0,439.0,2.0
267,32,459.0,502.0,0.0
267,6,455.0,487.0,0.0
267,67,507.0,424.0,0.0
267,45,466.0,438.0,2.0
267,73,443.0,477.0,0.0
267,64,501.0,445.0,0.0
267,90,478.0,485.0,0.0
267,4,509.0,428.0,0.0
267,13,538.0,438.0,0.0
267,54,480.0,445.0,0.0
267,63,502.0,501.0,0.0
267,86,447.0,467.0,0.0
267,91,526.0,502.0,0.0
267,62,523.0,474.0,0.0
267,58,472.0,418.0,2.0
267,52,479.0,418.0,0.0
267,12,445.0,417.0,2.0
267,28,479.0,490.0,0.0
267,75,443.0,424.0,2.0
267,23,510.0,421.0,0.0
267,92,492.0,477.0,0.0
267,41,456.0,487.0,0.0
267,43,521.0,414.0,0.0
267,11,504.0,431.0,0.0
267,36,506.0,467.0,0.0
267,68,513.0,413.0,0.0
267,69,449.0,437.0,2.0
267,98,442.0,500.0,0.0
267,82,470.0,411.0,2.0
267,85,526.0,409.0,0.0
267,39,483.0,504.0,0.0
267,84,522.0,446.0,0.0
267,77,449.0,493.0,0.0
267,7,504.0,426.0,0.0
267,25,448.0,458.0,2.0
267,95,523.0,506.0,0.0
267,71,473.0,502.0,0.0
267,66,507.0,505.0,0.0
267,76,477.0,489.0,0.0
267,34,479.0,409.0,0.0
267,50,448.0,442.0,2.0
267,59,502.0,441.0,0.0
267,93,449.0,442.0,2.0
267,2,485.0,445.0,0.0
267,10,454.0,426.0,2.0
267,18,458.0,418.0,2.0
267,26,472.0,414.0,2.0
267,27,453.0,409.0,2.0
267,42,441.0,482.0,0.0
267,87,505.0,455.0,0.0
267,100,530.0,428.0,0.0
267,79,516.0,470.0,0.0
267,16,487.0,488.0,0.0
267,20,457.0,478.0,0.0
267,81,527.0,410.0,0.0
267,19,442.0,464.0,0.0
267,49,482.0,429.0,0.0
267,44,469.0,440.0,2.0
267,9,536.0,504.0,0.0
267,31,468.0,418.0,2.0
267,74,512.0,437.0,0.0
267,61,458.0,468.0,0.0
267,29,493.0,442.0,0.0
267,94,487.0,420.0,0.0
267,46,510.0,446.0,0.0
267,57,446.0,436.0,2.0
267,70,536.0,501.0,0.0
267,21,513.0,476.0,0.0
267,38,533.0,493.0,0.0
267,88,505.0,486.0,0.0
267,78,516.0,408.0,0.0
267,72,454.0,479.0,0.0
267,24,443.0,477.0,0.0
267,8,495.0,453.0,0.0
267,17,499.0,454.0,0.0
267,37,500.0,481.0,0.0
267,1,441.0,460.0,2.0
267,53,511.0,470.0,0.0
267,22,446.0,493.0,0.0
267,47,498.0,470.0,0.0
267,83,495.0,475.0,0.0
267,99,482.0,408.0,0.0
267,89,474.0,460.0,0.0
267,14,453.0,457.0,2.0
267,3,495.0,416.0,0.0
267,80,517.0,419.0,0.0
267,96,442.0,483.0,0.0
267,51,515.0,430.0,0.0
267,33,509.0,431.0,0.0
267,40,528.0,407.0,0.0
267,48,532.0,423.0,0.0
267,15,537.0,420.0,0.0
267,65,457.0,487.0,0.0
267,97,450.0,476.0,0.0
268,5,517.0,420.0,0.0
268,56,447.0,504.0,0.0
268,35,517.0,473.0,0.0
268,55,512.0,475.0,0.0
268,60,479.0,468.0,0.0
268,30,454.0,439.0,2.0
268,32,459.0,502.0,0.0
268,6,455.0,487.0,0.0
268,67,507.0,424.0,0.0
268,45,466.0,438.0,2.0
268,73,443.0,477.0,0.0
268,64,501.0,445.0,0.0
268,90,478.0,485.0,0.0
268,4,509.0,428.0,0.0
268,13,538.0,438.0,0.0
268,54,480.0,445.0,0.0
268,63,502.0,501.0,0.0
268,86,447.0,467.0,0.0
268,91,526.0,502.0,0.0
268,62,523.0,474.0,0.0
268,58,472.0,418.0,2.0
268,52,479.0,418.0,0.0
268,12,445.0,417.0,2.0
268,28,479.0,490.0,0.0
268,75,443.0,424.0,2.0
268,23,510.0,421.0,0.0
268,92,492.0,477.0,0.0
268,41,456.0,487.0,0.0
268,43,521.0,414.0,0.0
268,11,504.0,431.0,0.0
268,36,506.0,467.0,0.0
268,68,513.0,413.0,0.0
268,69,449.0,437.0,2.0
268,98,442.0,500.0,0.0
268,82,470.0,411.0,2.0
268,85,526.0,409.0,0.0
268,39,483.0,504.0,0.0
268,84,522.0,446.0,0.0
268,77,449.0,493.0,0.0
268,7,504.0,426.0,0.0
268,25,448.0,458.0,2.0
268,95,523.0,506.0,0.0
268,71,473.0,502.0,0.0
268,66,507.0,505.0,0.0
268,76,477.0,489.0,0.0
268,34,479.0,409.0,0.0
268,50,448.0,442.0,2.0
268,59,502.0,441.0,0.0
268,93,449.0,442.0,2.0
268,2,485.0,445.0,0.0
268,10,454.0,426.0,2.0
268,18,458.0,418.0,2.0
268,26,472.0,414.0,2.0
268,27,453.0,409.0,2.0
268,42,441.0,482.0,0.0
268,87,505.0,455.0,0.0
268,100,530.0,428.0,0.0
268,79,516.0,470.0,0.0
268,16,487.0,488.0,0.0
268,20,457.0,478.0,0.0
268,81,527.0,410.0,0.0
268,19,442.0,464.0,0.0
268,49,482.0,429.0,0.0
268,44,469.0,440.0,2.0
268,9,536.0,504.0,0.0
268,31,468.0,418.0,2.0
268,74,512.0,437.0,0.0
268,61,458.0,468.0,0.0
268,29,493.0,442.0,0.0
268,94,487.0,420.0,0.0
268,46,510.0,446.0,0.0
268,57,446.0,436.0,2.0
268,70,536.0,501.0,0.0
268,21,513.0,476.0,0.0
268,38,533.0,493.0,0.0
268,88,505.0,486.0,0.0
268,78,516.0,408.0,0.0
268,72,454.0,479.0,0.0
268,24,443.0,477.0,0.0
268,8,495.0,453.0,0.0
268,17,499.0,454.0,0.0
268,37,500.0,481.0,0.0
268,1,441.0,460.0,2.0
268,53,511.0,470.0,0.0
268,22,446.0,493.0,0.0
268,47,498.0,470.0,0.0
268,83,495.0,475.0,0.0
268,99,482.0,408.0,0.0
268,89,474.0,460.0,0.0
268,14,453.0,457.0,2.0
268,3,495.0,416.0,0.0
268,80,517.0,419.0,0.0
268,96,442.0,483.0,0.0
268,51,515.0,430.0,0.0
268,33,509.0,431.0,0.0
268,40,528.0,407.0,0.0
268,48,532.0,423.0,0.0
268,15,537.0,420.0,0.0
268,65,457.0,487.0,0.0
268,97,450.0,476.0,0.0
269,5,517.0,420.0,0.0
269,56,447.0,504.0,0.0
269,35,517.0,473.0,0.0
269,55,512.0,475.0,0.0
269,60,479.0,468.0,0.0
269,30,454.0,439.0,2.0
269,32,459.0,502.0,0.0
269,6,455.0,487.0,0.0
269,67,507.0,424.0,0.0
269,45,466.0,438.0,2.0
269,73,443.0,477.0,0.0
269,64,501.0,445.0,0.0
269,90,478.0,485.0,0.0
269,4,509.0,428.0,0.0
269,13,538.0,438.0,0.0
269,54,480.0,445.0,0.0
269,63,502.0,501.0,0.0
269,86,447.0,467.0,0.0
269,91,526.0,502.0,0.0
269,62,523.0,474.0,0.0
269,58,472.0,418.0,2.0
269,52,479.0,418.0,0.0
269,12,445.0,417.0,2.0
269,28,479.0,490.0,0.0
269,75,443.0,424.0,2.0
269,23,510.0,421.0,0.0
269,92,492.0,477.0,0.0
269,41,456.0,487.0,0.0
269,43,521.0,414.0,0.0
269,11,504.0,431.0,0.0
269,36,506.0,467.0,0.0
269,68,513.0,413.0,0.0
269,69,449.0,437.0,2.0
269,98,442.0,500.0,0.0
269,82,470.0,411.0,2.0
269,85,526.0,409.0,0.0
269,39,483.0,504.0,0.0
269,84,522.0,446.0,0.0
269,77,449.0,493.0,0.0
269,7,504.0,426.0,0.0
269,25,448.0,458.0,2.0
269,95,523.0,506.0,0.0
269,71,473.0,502.0,0.0
269,66,507.0,505.0,0.0
269,76,477.0,489.0,0.0
269,34,479.0,409.0,0.0
269,50,448.0,442.0,2.0
269,59,502.0,441.0,0.0
269,93,449.0,442.0,2.0
269,2,485.0,445.0,0.0
269,10,454.0,426.0,2.0
269,18,458.0,418.0,2.0
269,26,472.0,414.0,2.0
269,27,453.0,409.0,2.0
269,42,441.0,482.0,0.0
269,87,505.0,455.0,0.0
269,100,530.0,428.0,0.0
269,79,516.0,470.0,0.0
269,16,487.0,488.0,0.0
269,20,457.0,478.0,0.0
269,81,527.0,410.0,0.0
269,19,442.0,464.0,0.0
269,49,482.0,429.0,0.0
269,44,469.0,440.0,2.0
269,9,536.0,504.0,0.0
269,31,468.0,418.0,2.0
269,74,512.0,437.0,0.0
269,61,458.0,468.0,0.0
269,29,493.0,442.0,0.0
269,94,487.0,420.0,0.0
269,46,510.0,446.0,0.0
269,57,446.0,436.0,2.0
269,70,536.0,501.0,0.0
269,21,513.0,476.0,0.0
269,38,533.0,493.0,0.0
269,88,505.0,486.0,0.0
269,78,516.0,408.0,0.0
269,72,454.0,479.0,0.0
269,24,443.0,477.0,0.0
269,8,495.0,453.0,0.0
269,17,499.0,454.0,0.0
269,37,500.0,481.0,0.0
269,1,441.0,460.0,2.0
269,53,511.0,470.0,0.0
269,22,446.0,493.0,0.0
269,47,498.0,470.0,0.0
269,83,495.0,475.0,0.0
269,99,482.0,408.0,0.0
269,89,474.0,460.0,0.0
269,14,453.0,457.0,2.0
269,3,495.0,416.0,0.0
269,80,517.0,419.0,0.0
269,96,442.0,483.0,0.0
269,51,515.0,430.0,0.0
269,33,509.0,431.0,0.0
269,40,528.0,407.0,0.0
269,48,532.0,423.0,0.0
269,15,537.0,420.0,0.0
269,65,457.0,487.0,0.0
269,97,450.0,476.0,0.0
270,5,517.0,420.0,0.0
270,56,447.0,504.0,0.0
270,35,517.0,473.0,0.0
270,55,512.0,475.0,0.0
270,60,479.0,468.0,0.0
270,30,454.0,439.0,2.0
270,32,459.0,502.0,0.0
270,6,455.0,487.0,0.0
270,67,507.0,424.0,0.0
270,45,466.0,438.0,2.0
270,73,443.0,477.0,0.0
270,64,501.0,445.0,0.0
270,90,478.0,485.0,0.0
270,4,509.0,428.0,0.0
270,13,538.0,438.0,0.0
270,54,480.0,445.0,0.0
270,63,502.0,501.0,0.0
270,86,447.0,467.0,0.0
270,91,526.0,502.0,0.0
270,62,523.0,474.0,0.0
270,58,472.0,418.0,2.0
270,52,479.0,418.0,0.0
270,12,445.0,417.0,2.0
270,28,479.0,490.0,0.0
270,75,443.0,424.0,2.0
270,23,510.0,421.0,0.0
270,92,492.0,477.0,0.0
270,41,456.0,487.0,0.0
270,43,521.0,414.0,0.0
270,11,504.0,431.0,0.0
270,36,506.0,467.0,0.0
270,68,513.0,413.0,0.0
270,69,449.0,437.0,2.0
270,98,442.0,500.0,0.0
270,82,470.0,411.0,2.0
270,85,526.0,409.0,0.0
270,39,483.0,504.0,0.0
270,84,522.0,446.0,0.0
270,77,449.0,493.0,0.0
270,7,504.0,426.0,0.0
270,25,448.0,458.0,2.0
270,95,523.0,506.0,0.0
270,71,473.0,502.0,0.0
270,66,507.0,505.0,0.0
270,76,477.0,489.0,0.0
270,34,479.0,409.0,0.0
270,50,448.0,442.0,2.0
270,59,502.0,441.0,0.0
270,93,449.0,442.0,2.0
270,2,485.0,445.0,0.0
270,10,454.0,426.0,2.0
270,18,458.0,418.0,2.0
270,26,472.0,414.0,2.0
270,27,453.0,409.0,2.0
270,42,441.0,482.0,0.0
270,87,505.0,455.0,0.0
270,100,530.0,428.0,0.0
270,79,516.0,470.0,0.0
270,16,487.0,488.0,0.0
270,20,457.0,478.0,0.0
270,81,527.0,410.0,0.0
270,19,442.0,464.0,0.0
270,49,482.0,429.0,0.0
270,44,469.0,440.0,2.0
270,9,536.0,504.0,0.0
270,31,468.0,418.0,2.0
270,74,512.0,437.0,0.0
270,61,458.0,468.0,0.0
270,29,493.0,442.0,0.0
270,94,487.0,420.0,0.0
270,46,510.0,446.0,0.0
270,57,446.0,436.0,2.0
270,70,536.0,501.0,0.0
270,21,513.0,476.0,0.0
270,38,533.0,493.0,0.0
270,88,505.0,486.0,0.0
270,78,516.0,408.0,0.0
270,72,454.0,479.0,0.0
270,24,443.0,477.0,0.0
270,8,495.0,453.0,0.0
270,17,499.0,454.0,0.0
270,37,500.0,481.0,0.0
270,1,441.0,460.0,2.0
270,53,511.0,470.0,0.0
270,22,446.0,493.0,0.0
270,47,498.0,470.0,0.0
270,83,495.0,475.0,0.0
270,99,482.0,408.0,0.0
270,89,474.0,460.0,0.0
270,14,453.0,457.0,2.0
270,3,495.0,416.0,0.0
270,80,517.0,419.0,0.0
270,96,442.0,483.0,0.0
270,51,515.0,430.0,0.0
270,33,509.0,431.0,0.0
270,40,528.0,407.0,0.0
270,48,532.0,423.0,0.0
270,15,537.0,420.0,0.0
270,65,457.0,487.0,0.0
270,97,450.0,476.0,0.0
271,5,517.0,420.0,0.0
271,56,447.0,504.0,0.0
271,35,517.0,473.0,0.0
271,55,512.0,475.0,0.0
271,60,479.0,468.0,0.0
271,30,454.0,439.0,2.0
271,32,459.0,502.0,0.0
271,6,455.0,487.0,0.0
271,67,507.0,424.0,0.0
271,45,466.0,438.0,2.0
271,73,443.0,477.0,0.0
271,64,501.0,445.0,0.0
271,90,478.0,485.0,0.0
271,4,509.0,428.0,0.0
271,13,538.0,438.0,0.0
271,54,480.0,445.0,0.0
271,63,502.0,501.0,0.0
271,86,447.0,467.0,0.0
271,91,526.0,502.0,0.0
271,62,523.0,474.0,0.0
271,58,472.0,418.0,2.0
271,52,479.0,418.0,0.0
271,12,445.0,417.0,2.0
271,28,479.0,490.0,0.0
271,75,443.0,424.0,2.0
271,23,510.0,421.0,0.0
271,92,492.0,477.0,0.0
271,41,456.0,487.0,0.0
271,43,521.0,414.0,0.0
271,11,504.0,431.0,0.0
271,36,506.0,467.0,0.0
271,68,513.0,413.0,0.0
271,69,449.0,437.0,2.0
271,98,442.0,500.0,0.0
271,82,470.0,411.0,2.0
271,85,526.0,409.0,0.0
271,39,483.0,504.0,0.0
271,84,522.0,446.0,0.0
271,77,449.0,493.0,0.0
271,7,504.0,426.0,0.0
271,25,448.0,458.0,2.0
271,95,523.0,506.0,0.0
271,71,473.0,502.0,0.0
271,66,507.0,505.0,0.0
271,76,477.0,489.0,0.0
271,34,479.0,409.0,0.0
271,50,448.0,442.0,2.0
271,59,502.0,441.0,0.0
271,93,449.0,442.0,2.0
271,2,485.0,445.0,0.0
271,10,454.0,426.0,2.0
271,18,458.0,418.0,2.0
271,26,472.0,414.0,2.0
271,27,453.0,409.0,2.0
271,42,441.0,482.0,0.0
271,87,505.0,455.0,0.0
271,100,530.0,428.0,0.0
271,79,516.0,470.0,0.0
271,16,487.0,488.0,0.0
271,20,457.0,478.0,0.0
271,81,527.0,410.0,0.0
271,19,442.0,464.0,0.0
271,49,482.0,429.0,0.0
271,44,469.0,440.0,2.0
271,9,536.0,504.0,0.0
271,31,468.0,418.0,2.0
271,74,512.0,437.0,0.0
271,61,458.0,468.0,0.0
271,29,493.0,442.0,0.0
271,94,487.0,420.0,0.0
271,46,510.0,446.0,0.0
271,57,446.0,436.0,2.0
271,70,536.0,501.0,0.0
271,21,513.0,476.0,0.0
271,38,533.0,493.0,0.0
271,88,505.0,486.0,0.0
271,78,516.0,408.0,0.0
271,72,454.0,479.0,0.0
271,24,443.0,477.0,0.0
271,8,495.0,453.0,0.0
271,17,499.0,454.0,0.0
271,37,500.0,481.0,0.0
271,1,441.0,460.0,2.0
271,53,511.0,470.0,0.0
271,22,446.0,493.0,0.0
271,47,498.0,470.0,0.0
271,83,495.0,475.0,0.0
271,99,482.0,408.0,0.0
271,89,474.0,460.0,0.0
271,14,453.0,457.0,2.0
271,3,495.0,416.0,0.0
271,80,517.0,419.0,0.0
271,96,442.0,483.0,0.0
271,51,515.0,430.0,0.0
271,33,509.0,431.0,0.0
271,40,528.0,407.0,0.0
271,48,532.0,423.0,0.0
271,15,537.0,420.0,0.0
271,65,457.0,487.0,0.0
271,97,450.0,476.0,0.0
272,5,517.0,420.0,0.0
272,56,447.0,504.0,0.0
272,35,517.0,473.0,0.0
272,55,512.0,475.0,0.0
272,60,479.0,468.0,0.0
272,30,454.0,439.0,2.0
272,32,459.0,502.0,0.0
272,6,455.0,487.0,0.0
272,67,507.0,424.0,0.0
272,45,466.0,438.0,2.0
272,73,443.0,477.0,0.0
272,64,501.0,445.0,0.0
272,90,478.0,485.0,0.0
272,4,509.0,428.0,0.0
272,13,538.0,438.0,0.0
272,54,480.0,445.0,0.0
272,63,502.0,501.0,0.0
272,86,447.0,467.0,0.0
272,91,526.0,502.0,0.0
272,62,523.0,474.0,0.0
272,58,472.0,418.0,2.0
272,52,479.0,418.0,0.0
272,12,445.0,417.0,2.0
272,28,479.0,490.0,0.0
272,75,443.0,424.0,2.0
272,23,510.0,421.0,0.0
272,92,492.0,477.0,0.0
272,41,456.0,487.0,0.0
272,43,521.0,414.0,0.0
272,11,504.0,431.0,0.0
272,36,506.0,467.0,0.0
272,68,513.0,413.0,0.0
272,69,449.0,437.0,2.0
272,98,442.0,500.0,0.0
272,82,470.0,411.0,2.0
272,85,526.0,409.0,0.0
272,39,483.0,504.0,0.0
272,84,522.0,446.0,0.0
272,77,449.0,493.0,0.0
272,7,504.0,426.0,0.0
272,25,448.0,458.0,2.0
272,95,523.0,506.0,0.0
272,71,473.0,502.0,0.0
272,66,507.0,505.0,0.0
272,76,477.0,489.0,0.0
272,34,479.0,409.0,0.0
272,50,448.0,442.0,2.0
272,59,502.0,441.0,0.0
272,93,449.0,442.0,2.0
272,2,485.0,445.0,0.0
272,10,454.0,426.0,2.0
272,18,458.0,418.0,2.0
272,26,472.0,414.0,2.0
272,27,453.0,409.0,2.0
272,42,441.0,482.0,0.0
272,87,505.0,455.0,0.0
272,100,530.0,428.0,0.0
272,79,516.0,470.0,0.0
272,16,487.0,488.0,0.0
272,20,457.0,478.0,0.0
272,81,527.0,410.0,0.0
272,19,442.0,464.0,0.0
272,49,482.0,429.0,0.0
272,44,469.0,440.0,2.0
272,9,536.0,504.0,0.0
272,31,468.0,418.0,2.0
272,74,512.0,437.0,0.0
272,61,458.0,468.0,0.0
272,29,493.0,442.0,0.0
272,94,487.0,420.0,0.0
272,46,510.0,446.0,0.0
272,57,446.0,436.0,2.0
272,70,536.0,501.0,0.0
272,21,513.0,476.0,0.0
272,38,533.0,493.0,0.0
272,88,505.0,486.0,0.0
272,78,516.0,408.0,0.0
272,72,454.0,479.0,0.0
272,24,443.0,477.0,0.0
272,8,495.0,453.0,0.0
272,17,499.0,454.0,0.0
272,37,500.0,481.0,0.0
272,1,441.0,460.0,2.0
272,53,511.0,470.0,0.0
272,22,446.0,493.0,0.0
272,47,498.0,470.0,0.0
272,83,495.0,475.0,0.0
272,99,482.0,408.0,0.0
272,89,474.0,460.0,0.0
272,14,453.0,457.0,2.0
272,3,495.0,416.0,0.0
272,80,517.0,419.0,0.0
272,96,442.0,483.0,0.0
272,51,515.0,430.0,0.0
272,33,509.0,431.0,0.0
272,40,528.0,407.0,0.0
272,48,532.0,423.0,0.0
272,15,537.0,420.0,0.0
272,65,457.0,487.0,0.0
272,97,450.0,476.0,0.0
273,5,517.0,420.0,0.0
273,56,447.0,504.0,0.0
273,35,517.0,473.0,0.0
273,55,512.0,475.0,0.0
273,60,479.0,468.0,0.0
273,30,454.0,439.0,2.0
273,32,459.0,502.0,0.0
273,6,455.0,487.0,0.0
273,67,507.0,424.0,0.0
273,45,466.0,438.0,2.0
273,73,443.0,477.0,0.0
273,64,501.0,445.0,0.0
273,90,478.0,485.0,0.0
273,4,509.0,428.0,0.0
273,13,538.0,438.0,0.0
273,54,480.0,445.0,0.0
273,63,502.0,501.0,0.0
273,86,447.0,467.0,0.0
273,91,526.0,502.0,0.0
273,62,523.0,474.0,0.0
273,58,472.0,418.0,2.0
273,52,479.0,418.0,0.0
273,12,445.0,417.0,2.0
273,28,479.0,490.0,0.0
273,75,443.0,424.0,2.0
273,23,510.0,421.0,0.0
273,92,492.0,477.0,0.0
273,41,456.0,487.0,0.0
273,43,521.0,414.0,0.0
273,11,504.0,431.0,0.0
273,36,506.0,467.0,0.0
273,68,513.0,413.0,0.0
273,69,449.0,437.0,2.0
273,98,442.0,500.0,0.0
273,82,470.0,411.0,2.0
273,85,526.0,409.0,0.0
273,39,483.0,504.0,0.0
273,84,522.0,446.0,0.0
273,77,449.0,493.0,0.0
273,7,504.0,426.0,0.0
273,25,448.0,458.0,2.0
273,95,523.0,506.0,0.0
273,71,473.0,502.0,0.0
273,66,507.0,505.0,0.0
273,76,477.0,489.0,0.0
273,34,479.0,409.0,0.0
273,50,448.0,442.0,2.0
273,59,502.0,441.0,0.0
273,93,449.0,442.0,2.0
273,2,485.0,445.0,0.0
273,10,454.0,426.0,2.0
273,18,458.0,418.0,2.0
273,26,472.0,414.0,2.0
273,27,453.0,409.0,2.0
273,42,441.0,482.0,0.0
273,87,505.0,455.0,0.0
273,100,530.0,428.0,0.0
273,79,516.0,470.0,0.0
273,16,487.0,488.0,0.0
273,20,457.0,478.0,0.0
273,81,527.0,410.0,0.0
273,19,442.0,464.0,0.0
273,49,482.0,429.0,0.0
273,44,469.0,440.0,2.0
273,9,536.0,504.0,0.0
273,31,468.0,418.0,2.0
273,74,512.0,437.0,0.0
273,61,458.0,468.0,0.0
273,29,493.0,442.0,0.0
273,94,487.0,420.0,0.0
273,46,510.0,446.0,0.0
273,57,446.0,436.0,2.0
273,70,536.0,501.0,0.0
273,21,513.0,476.0,0.0
273,38,533.0,493.0,0.0
273,88,505.0,486.0,0.0
273,78,516.0,408.0,0.0
273,72,454.0,479.0,0.0
273,24,443.0,477.0,0.0
273,8,495.0,453.0,0.0
273,17,499.0,454.0,0.0
273,37,500.0,481.0,0.0
273,1,441.0,460.0,2.0
273,53,511.0,470.0,0.0
273,22,446.0,493.0,0.0
273,47,498.0,470.0,0.0
273,83,495.0,475.0,0.0
273,99,482.0,408.0,0.0
273,89,474.0,460.0,0.0
273,14,453.0,457.0,2.0
273,3,495.0,416.0,0.0
273,80,517.0,419.0,0.0
273,96,442.0,483.0,0.0
273,51,515.0,430.0,0.0
273,33,509.0,431.0,0.0
273,40,528.0,407.0,0.0
273,48,532.0,423.0,0.0
273,15,537.0,420.0,0.0
273,65,457.0,487.0,0.0
273,97,450.0,476.0,0.0
274,5,517.0,420.0,0.0
274,56,447.0,504.0,0.0
274,35,517.0,473.0,0.0
274,55,512.0,475.0,0.0
274,60,479.0,468.0,0.0
274,30,454.0,439.0,2.0
274,32,459.0,502.0,0.0
274,6,455.0,487.0,0.0
274,67,507.0,424.0,0.0
274,45,466.0,438.0,2.0
274,73,443.0,477.0,0.0
274,64,501.0,445.0,0.0
274,90,478.0,485.0,0.0
274,4,509.0,428.0,0.0
274,13,538.0,438.0,0.0
274,54,480.0,445.0,0.0
274,63,502.0,501.0,0.0
274,86,447.0,467.0,0.0
274,91,526.0,502.0,0.0
274,62,523.0,474.0,0.0
274,58,472.0,418.0,2.0
274,52,479.0,418.0,0.0
274,12,445.0,417.0,2.0
274,28,479.0,490.0,0.0
274,75,443.0,424.0,2.0
274,23,510.0,421.0,0.0
274,92,492.0,477.0,0.0
274,41,456.0,487.0,0.0
274,43,521.0,414.0,0.0
274,11,504.0,431.0,0.0
274,36,506.0,467.0,0.0
274,68,513.0,413.0,0.0
274,69,449.0,437.0,2.0
274,98,442.0,500.0,0.0
274,82,470.0,411.0,2.0
274,85,526.0,409.0,0.0
274,39,483.0,504.0,0.0
274,84,522.0,446.0,0.0
274,77,449.0,493.0,0.0
274,7,504.0,426.0,0.0
274,25,448.0,458.0,2.0
274,95,523.0,506.0,0.0
274,71,473.0,502.0,0.0
274,66,507.0,505.0,0.0
274,76,477.0,489.0,0.0
274,34,479.0,409.0,0.0
274,50,448.0,442.0,2.0
274,59,502.0,441.0,0.0
274,93,449.0,442.0,2.0
274,2,485.0,445.0,0.0
274,10,454.0,426.0,2.0
274,18,458.0,418.0,2.0
274,26,472.0,414.0,2.0
274,27,453.0,409.0,2.0
274,42,441.0,482.0,0.0
274,87,505.0,455.0,0.0
274,100,530.0,428.0,0.0
274,79,516.0,470.0,0.0
274,16,487.0,488.0,0.0
274,20,457.0,478.0,0.0
274,81,527.0,410.0,0.0
274,19,442.0,464.0,0.0
274,49,482.0,429.0,0.0
274,44,469.0,440.0,2.0
274,9,536.0,504.0,0.0
274,31,468.0,418.0,2.0
274,74,512.0,437.0,0.0
274,61,458.0,468.0,0.0
274,29,493.0,442.0,0.0
274,94,487.0,420.0,0.0
274,46,510.0,446.0,0.0
274,57,446.0,436.0,2.0
274,70,536.0,501.0,0.0
274,21,513.0,476.0,0.0
274,38,533.0,493.0,0.0
274,88,505.0,486.0,0.0
274,78,516.0,408.0,0.0
274,72,454.0,479.0,0.0
274,24,443.0,477.0,0.0
274,8,495.0,453.0,0.0
274,17,499.0,454.0,0.0
274,37,500.0,481.0,0.0
274,1,441.0,460.0,2.0
274,53,511.0,470.0,0.0
274,22,446.0,493.0,0.0
274,47,498.0,470.0,0.0
274,83,495.0,475.0,0.0
274,99,482.0,408.0,0.0
274,89,474.0,460.0,0.0
274,14,453.0,457.0,2.0
274,3,495.0,416.0,0.0
274,80,517.0,419.0,0.0
274,96,442.0,483.0,0.0
274,51,515.0,430.0,0.0
274,33,509.0,431.0,0.0
274,40,528.0,407.0,0.0
274,48,532.0,423.0,0.0
274,15,537.0,420.0,0.0
274,65,457.0,487.0,0.0
274,97,450.0,476.0,0.0
275,5,517.0,420.0,0.0
275,56,447.0,504.0,0.0
275,35,517.0,473.0,0.0
275,55,512.0,475.0,0.0
275,60,479.0,468.0,0.0
275,30,454.0,439.0,2.0
275,32,459.0,502.0,0.0
275,6,455.0,487.0,0.0
275,67,507.0,424.0,0.0
275,45,466.0,438.0,2.0
275,73,443.0,477.0,0.0
275,64,501.0,445.0,0.0
275,90,478.0,485.0,0.0
275,4,509.0,428.0,0.0
275,13,538.0,438.0,0.0
275,54,480.0,445.0,0.0
275,63,502.0,501.0,0.0
275,86,447.0,467.0,0.0
275,91,526.0,502.0,0.0
275,62,523.0,474.0,0.0
275,58,472.0,418.0,2.0
275,52,479.0,418.0,0.0
275,12,445.0,417.0,2.0
275,28,479.0,490.0,0.0
275,75,443.0,424.0,2.0
275,23,510.0,421.0,0.0
275,92,492.0,477.0,0.0
275,41,456.0,487.0,0.0
275,43,521.0,414.0,0.0
275,11,504.0,431.0,0.0
275,36,506.0,467.0,0.0
275,68,513.0,413.0,0.0
275,69,449.0,437.0,2.0
275,98,442.0,500.0,0.0
275,82,470.0,411.0,2.0
275,85,526.0,409.0,0.0
275,39,483.0,504.0,0.0
275,84,522.0,446.0,0.0
275,77,449.0,493.0,0.0
275,7,504.0,426.0,0.0
275,25,448.0,458.0,2.0
275,95,523.0,506.0,0.0
275,71,473.0,502.0,0.0
275,66,507.0,505.0,0.0
275,76,477.0,489.0,0.0
275,34,479.0,409.0,0.0
275,50,448.0,442.0,2.0
275,59,502.0,441.0,0.0
275,93,449.0,442.0,2.0
275,2,485.0,445.0,0.0
275,10,454.0,426.0,2.0
275,18,458.0,418.0,2.0
275,26,472.0,414.0,2.0
275,27,453.0,409.0,2.0
275,42,441.0,482.0,0.0
275,87,505.0,455.0,0.0
275,100,530.0,428.0,0.0
275,79,516.0,470.0,0.0
275,16,487.0,488.0,0.0
275,20,457.0,478.0,0.0
275,81,527.0,410.0,0.0
275,19,442.0,464.0,0.0
275,49,482.0,429.0,0.0
275,44,469.0,440.0,2.0
275,9,536.0,504.0,0.0
275,31,468.0,418.0,2.0
275,74,512.0,437.0,0.0
275,61,458.0,468.0,0.0
275,29,493.0,442.0,0.0
275,94,487.0,420.0,0.0
275,46,510.0,446.0,0.0
275,57,446.0,436.0,2.0
275,70,536.0,501.0,0.0
275,21,513.0,476.0,0.0
275,38,533.0,493.0,0.0
275,88,505.0,486.0,0.0
275,78,516.0,408.0,0.0
275,72,454.0,479.0,0.0
275,24,443.0,477.0,0.0
275,8,495.0,453.0,0.0
275,17,499.0,454.0,0.0
275,37,500.0,481.0,0.0
275,1,441.0,460.0,2.0
275,53,511.0,470.0,0.0
275,22,446.0,493.0,0.0
275,47,498.0,470.0,0.0
275,83,495.0,475.0,0.0
275,99,482.0,408.0,0.0
275,89,474.0,460.0,0.0
275,14,453.0,457.0,2.0
275,3,495.0,416.0,0.0
275,80,517.0,419.0,0.0
275,96,442.0,483.0,0.0
275,51,515.0,430.0,0.0
275,33,509.0,431.0,0.0
275,40,528.0,407.0,0.0
275,48,532.0,423.0,0.0
275,15,537.0,420.0,0.0
275,65,457.0,487.0,0.0
275,97,450.0,476.0,0.0
276,5,517.0,420.0,0.0
276,56,447.0,504.0,0.0
276,35,517.0,473.0,0.0
276,55,512.0,475.0,0.0
276,60,479.0,468.0,0.0
276,30,454.0,439.0,2.0
276,32,459.0,502.0,0.0
276,6,455.0,487.0,0.0
276,67,507.0,424.0,0.0
276,45,466.0,438.0,2.0
276,73,443.0,477.0,0.0
276,64,501.0,445.0,0.0
276,90,478.0,485.0,0.0
276,4,509.0,428.0,0.0
276,13,538.0,438.0,0.0
276,54,480.0,445.0,0.0
276,63,502.0,501.0,0.0
276,86,447.0,467.0,0.0
276,91,526.0,502.0,0.0
276,62,523.0,474.0,0.0
276,58,472.0,418.0,2.0
276,52,479.0,418.0,0.0
276,12,445.0,417.0,2.0
276,28,479.0,490.0,0.0
276,75,443.0,424.0,2.0
276,23,510.0,421.0,0.0
276,92,492.0,477.0,0.0
276,41,456.0,487.0,0.0
276,43,521.0,414.0,0.0
276,11,504.0,431.0,0.0
276,36,506.0,467.0,0.0
276,68,513.0,413.0,0.0
276,69,449.0,437.0,2.0
276,98,442.0,500.0,0.0
276,82,470.0,411.0,2.0
276,85,526.0,409.0,0.0
276,39,483.0,504.0,0.0
276,84,522.0,446.0,0.0
276,77,449.0,493.0,0.0
276,7,504.0,426.0,0.0
276,25,448.0,458.0,2.0
276,95,523.0,506.0,0.0
276,71,473.0,502.0,0.0
276,66,507.0,505.0,0.0
276,76,477.0,489.0,0.0
276,34,479.0,409.0,0.0
276,50,448.0,442.0,2.0
276,59,502.0,441.0,0.0
276,93,449.0,442.0,2.0
276,2,485.0,445.0,0.0
276,10,454.0,426.0,2.0
276,18,458.0,418.0,2.0
276,26,472.0,414.0,2.0
276,27,453.0,409.0,2.0
276,42,441.0,482.0,0.0
276,87,505.0,455.0,0.0
276,100,530.0,428.0,0.0
276,79,516.0,470.0,0.0
276,16,487.0,488.0,0.0
276,20,457.0,478.0,0.0
276,81,527.0,410.0,0.0
276,19,442.0,464.0,0.0
276,49,482.0,429.0,0.0
276,44,469.0,440.0,2.0
276,9,536.0,504.0,0.0
276,31,468.0,418.0,2.0
276,74,512.0,437.0,0.0
276,61,458.0,468.0,0.0
276,29,493.0,442.0,0.0
276,94,487.0,420.0,0.0
276,46,510.0,446.0,0.0
276,57,446.0,436.0,2.0
276,70,536.0,501.0,0.0
276,21,513.0,476.0,0.0
276,38,533.0,493.0,0.0
276,88,505.0,486.0,0.0
276,78,516.0,408.0,0.0
276,72,454.0,479.0,0.0
276,24,443.0,477.0,0.0
276,8,495.0,453.0,0.0
276,17,499.0,454.0,0.0
276,37,500.0,481.0,0.0
276,1,441.0,460.0,2.0
276,53,511.0,470.0,0.0
276,22,446.0,493.0,0.0
276,47,498.0,470.0,0.0
276,83,495.0,475.0,0.0
276,99,482.0,408.0,0.0
276,89,474.0,460.0,0.0
276,14,453.0,457.0,2.0
276,3,495.0,416.0,0.0
276,80,517.0,419.0,0.0
276,96,442.0,483.0,0.0
276,51,515.0,430.0,0.0
276,33,509.0,431.0,0.0
276,40,528.0,407.0,0.0
276,48,532.0,423.0,0.0
276,15,537.0,420.0,0.0
276,65,457.0,487.0,0.0
276,97,450.0,476.0,0.0
277,5,517.0,420.0,0.0
277,56,447.0,504.0,0.0
277,35,517.0,473.0,0.0
277,55,512.0,475.0,0.0
277,60,479.0,468.0,0.0
277,30,454.0,439.0,2.0
277,32,459.0,502.0,0.0
277,6,455.0,487.0,0.0
277,67,507.0,424.0,0.0
277,45,466.0,438.0,2.0
277,73,443.0,477.0,0.0
277,64,501.0,445.0,0.0
277,90,478.0,485.0,0.0
277,4,509.0,428.0,0.0
277,13,538.0,438.0,0.0
277,54,480.0,445.0,0.0
277,63,502.0,501.0,0.0
277,86,447.0,467.0,0.0
277,91,526.0,502.0,0.0
277,62,523.0,474.0,0.0
277,58,472.0,418.0,2.0
277,52,479.0,418.0,0.0
277,12,445.0,417.0,2.0
277,28,479.0,490.0,0.0
277,75,443.0,424.0,2.0
277,23,510.0,421.0,0.0
277,92,492.0,477.0,0.0
277,41,456.0,487.0,0.0
277,43,521.0,414.0,0.0
277,11,504.0,431.0,0.0
277,36,506.0,467.0,0.0
277,68,513.0,413.0,0.0
277,69,449.0,437.0,2.0
277,98,442.0,500.0,0.0
277,82,470.0,411.0,2.0
277,85,526.0,409.0,0.0
277,39,483.0,504.0,0.0
277,84,522.0,446.0,0.0
277,77,449.0,493.0,0.0
277,7,504.0,426.0,0.0
277,25,448.0,458.0,2.0
277,95,523.0,506.0,0.0
277,71,473.0,502.0,0.0
277,66,507.0,505.0,0.0
277,76,477.0,489.0,0.0
277,34,479.0,409.0,0.0
277,50,448.0,442.0,2.0
277,59,502.0,441.0,0.0
277,93,449.0,442.0,2.0
277,2,485.0,445.0,0.0
277,10,454.0,426.0,2.0
277,18,458.0,418.0,2.0
277,26,472.0,414.0,2.0
277,27,453.0,409.0,2.0
277,42,441.0,482.0,0.0
277,87,505.0,455.0,0.0
277,100,530.0,428.0,0.0
277,79,516.0,470.0,0.0
277,16,487.0,488.0,0.0
277,20,457.0,478.0,0.0
277,81,527.0,410.0,0.0
277,19,442.0,464.0,0.0
277,49,482.0,429.0,0.0
277,44,469.0,440.0,2.0
277,9,536.0,504.0,0.0
277,31,468.0,418.0,2.0
277,74,512.0,437.0,0.0
277,61,458.0,468.0,0.0
277,29,493.0,442.0,0.0
277,94,487.0,420.0,0.0
277,46,510.0,446.0,0.0
277,57,446.0,436.0,2.0
277,70,536.0,501.0,0.0
277,21,513.0,476.0,0.0
277,38,533.0,493.0,0.0
277,88,505.0,486.0,0.0
277,78,516.0,408.0,0.0
277,72,454.0,479.0,0.0
277,24,443.0,477.0,0.0
277,8,495.0,453.0,0.0
277,17,499.0,454.0,0.0
277,37,500.0,481.0,0.0
277,1,441.0,460.0,2.0
277,53,511.0,470.0,0.0
277,22,446.0,493.0,0.0
277,47,498.0,470.0,0.0
277,83,495.0,475.0,0.0
277,99,482.0,408.0,0.0
277,89,474.0,460.0,0.0
277,14,453.0,457.0,2.0
277,3,495.0,416.0,0.0
277,80,517.0,419.0,0.0
277,96,442.0,483.0,0.0
277,51,515.0,430.0,0.0
277,33,509.0,431.0,0.0
277,40,528.0,407.0,0.0
277,48,532.0,423.0,0.0
277,15,537.0,420.0,0.0
277,65,457.0,487.0,0.0
277,97,450.0,476.0,0.0
278,5,517.0,420.0,0.0
278,56,447.0,504.0,0.0
278,35,517.0,473.0,0.0
278,55,512.0,475.0,0.0
278,60,479.0,468.0,0.0
278,30,454.0,439.0,2.0
278,32,459.0,502.0,0.0
278,6,455.0,487.0,0.0
278,67,507.0,424.0,0.0
278,45,466.0,438.0,2.0
278,73,443.0,477.0,0.0
278,64,501.0,445.0,0.0
278,90,478.0,485.0,0.0
278,4,509.0,428.0,0.0
278,13,538.0,438.0,0.0
278,54,480.0,445.0,0.0
278,63,502.0,501.0,0.0
278,86,447.0,467.0,0.0
278,91,526.0,502.0,0.0
278,62,523.0,474.0,0.0
278,58,472.0,418.0,2.0
278,52,479.0,418.0,0.0
278,12,445.0,417.0,2.0
278,28,479.0,490.0,0.0
278,75,443.0,424.0,2.0
278,23,510.0,421.0,0.0
278,92,492.0,477.0,0.0
278,41,456.0,487.0,0.0
278,43,521.0,414.0,0.0
278,11,504.0,431.0,0.0
278,36,506.0,467.0,0.0
278,68,513.0,413.0,0.0
278,69,449.0,437.0,2.0
278,98,442.0,500.0,0.0
278,82,470.0,411.0,2.0
278,85,526.0,409.0,0.0
278,39,483.0,504.0,0.0
278,84,522.0,446.0,0.0
278,77,449.0,493.0,0.0
278,7,504.0,426.0,0.0
278,25,448.0,458.0,2.0
278,95,523.0,506.0,0.0
278,71,473.0,502.0,0.0
278,66,507.0,505.0,0.0
278,76,477.0,489.0,0.0
278,34,479.0,409.0,0.0
278,50,448.0,442.0,2.0
278,59,502.0,441.0,0.0
278,93,449.0,442.0,2.0
278,2,485.0,445.0,0.0
278,10,454.0,426.0,2.0
278,18,458.0,418.0,2.0
278,26,472.0,414.0,2.0
278,27,453.0,409.0,2.0
278,42,441.0,482.0,0.0
278,87,505.0,455.0,0.0
278,100,530.0,428.0,0.0
278,79,516.0,470.0,0.0
278,16,487.0,488.0,0.0
278,20,457.0,478.0,0.0
278,81,527.0,410.0,0.0
278,19,442.0,464.0,0.0
278,49,482.0,429.0,0.0
278,44,469.0,440.0,2.0
278,9,536.0,504.0,0.0
278,31,468.0,418.0,2.0
278,74,512.0,437.0,0.0
278,61,458.0,468.0,0.0
278,29,493.0,442.0,0.0
278,94,487.0,420.0,0.0
278,46,510.0,446.0,0.0
278,57,446.0,436.0,2.0
278,70,536.0,501.0,0.0
278,21,513.0,476.0,0.0
278,38,533.0,493.0,0.0
278,88,505.0,486.0,0.0
278,78,516.0,408.0,0.0
278,72,454.0,479.0,0.0
278,24,443.0,477.0,0.0
278,8,495.0,453.0,0.0
278,17,499.0,454.0,0.0
278,37,500.0,481.0,0.0
278,1,441.0,460.0,2.0
278,53,511.0,470.0,0.0
278,22,446.0,493.0,0.0
278,47,498.0,470.0,0.0
278,83,495.0,475.0,0.0
278,99,482.0,408.0,0.0
278,89,474.0,460.0,0.0
278,14,453.0,457.0,2.0
278,3,495.0,416.0,0.0
278,80,517.0,419.0,0.0
278,96,442.0,483.0,0.0
278,51,515.0,430.0,0.0
278,33,509.0,431.0,0.0
278,40,528.0,407.0,0.0
278,48,532.0,423.0,0.0
278,15,537.0,420.0,0.0
278,65,457.0,487.0,0.0
278,97,450.0,476.0,0.0
279,5,517.0,420.0,0.0
279,56,447.0,504.0,0.0
279,35,517.0,473.0,0.0
279,55,512.0,475.0,0.0
279,60,479.0,468.0,0.0
279,30,454.0,439.0,2.0
279,32,459.0,502.0,0.0
279,6,455.0,487.0,0.0
279,67,507.0,424.0,0.0
279,45,466.0,438.0,2.0
279,73,443.0,477.0,0.0
279,64,501.0,445.0,0.0
279,90,478.0,485.0,0.0
279,4,509.0,428.0,0.0
279,13,538.0,438.0,0.0
279,54,480.0,445.0,0.0
279,63,502.0,501.0,0.0
279,86,447.0,467.0,0.0
279,91,526.0,502.0,0.0
279,62,523.0,474.0,0.0
279,58,472.0,418.0,2.0
279,52,479.0,418.0,0.0
279,12,445.0,417.0,2.0
279,28,479.0,490.0,0.0
279,75,443.0,424.0,2.0
279,23,510.0,421.0,0.0
279,92,492.0,477.0,0.0
279,41,456.0,487.0,0.0
279,43,521.0,414.0,0.0
279,11,504.0,431.0,0.0
279,36,506.0,467.0,0.0
279,68,513.0,413.0,0.0
279,69,449.0,437.0,2.0
279,98,442.0,500.0,0.0
279,82,470.0,411.0,2.0
279,85,526.0,409.0,0.0
279,39,483.0,504.0,0.0
279,84,522.0,446.0,0.0
279,77,449.0,493.0,0.0
279,7,504.0,426.0,0.0
279,25,448.0,458.0,2.0
279,95,523.0,506.0,0.0
279,71,473.0,502.0,0.0
279,66,507.0,505.0,0.0
279,76,477.0,489.0,0.0
279,34,479.0,409.0,0.0
279,50,448.0,442.0,2.0
279,59,502.0,441.0,0.0
279,93,449.0,442.0,2.0
279,2,485.0,445.0,0.0
279,10,454.0,426.0,2.0
279,18,458.0,418.0,2.0
279,26,472.0,414.0,2.0
279,27,453.0,409.0,2.0
279,42,441.0,482.0,0.0
279,87,505.0,455.0,0.0
279,100,530.0,428.0,0.0
279,79,516.0,470.0,0.0
279,16,487.0,488.0,0.0
279,20,457.0,478.0,0.0
279,81,527.0,410.0,0.0
279,19,442.0,464.0,0.0
279,49,482.0,429.0,0.0
279,44,469.0,440.0,2.0
279,9,536.0,504.0,0.0
279,31,468.0,418.0,2.0
279,74,512.0,437.0,0.0
279,61,458.0,468.0,0.0
279,29,493.0,442.0,0.0
279,94,487.0,420.0,0.0
279,46,510.0,446.0,0.0
279,57,446.0,436.0,2.0
279,70,536.0,501.0,0.0
279,21,513.0,476.0,0.0
279,38,533.0,493.0,0.0
279,88,505.0,486.0,0.0
279,78,516.0,408.0,0.0
279,72,454.0,479.0,0.0
279,24,443.0,477.0,0.0
279,8,495.0,453.0,0.0
279,17,499.0,454.0,0.0
279,37,500.0,481.0,0.0
279,1,441.0,460.0,2.0
279,53,511.0,470.0,0.0
279,22,446.0,493.0,0.0
279,47,498.0,470.0,0.0
279,83,495.0,475.0,0.0
279,99,482.0,408.0,0.0
279,89,474.0,460.0,0.0
279,14,453.0,457.0,2.0
279,3,495.0,416.0,0.0
279,80,517.0,419.0,0.0
279,96,442.0,483.0,0.0
279,51,515.0,430.0,0.0
279,33,509.0,431.0,0.0
279,40,528.0,407.0,0.0
279,48,532.0,423.0,0.0
279,15,537.0,420.0,0.0
279,65,457.0,487.0,0.0
279,97,450.0,476.0,0.0
280,5,517.0,420.0,0.0
280,56,447.0,504.0,0.0
280,35,517.0,473.0,0.0
280,55,512.0,475.0,0.0
280,60,479.0,468.0,0.0
280,30,454.0,439.0,2.0
280,32,459.0,502.0,0.0
280,6,455.0,487.0,0.0
280,67,507.0,424.0,0.0
280,45,466.0,438.0,2.0
280,73,443.0,477.0,0.0
280,64,501.0,445.0,0.0
280,90,478.0,485.0,0.0
280,4,509.0,428.0,0.0
280,13,538.0,438.0,0.0
280,54,480.0,445.0,0.0
280,63,502.0,501.0,0.0
280,86,447.0,467.0,0.0
280,91,526.0,502.0,0.0
280,62,523.0,474.0,0.0
280,58,472.0,418.0,2.0
280,52,479.0,418.0,0.0
280,12,445.0,417.0,2.0
280,28,479.0,490.0,0.0
280,75,443.0,424.0,2.0
280,23,510.0,421.0,0.0
280,92,492.0,477.0,0.0
280,41,456.0,487.0,0.0
280,43,521.0,414.0,0.0
280,11,504.0,431.0,0.0
280,36,506.0,467.0,0.0
280,68,513.0,413.0,0.0
280,69,449.0,437.0,2.0
280,98,442.0,500.0,0.0
280,82,470.0,411.0,2.0
280,85,526.0,409.0,0.0
280,39,483.0,504.0,0.0
280,84,522.0,446.0,0.0
280,77,449.0,493.0,0.0
280,7,504.0,426.0,0.0
280,25,448.0,458.0,2.0
280,95,523.0,506.0,0.0
280,71,473.0,502.0,0.0
280,66,507.0,505.0,0.0
280,76,477.0,489.0,0.0
280,34,479.0,409.0,0.0
280,50,448.0,442.0,2.0
280,59,502.0,441.0,0.0
280,93,449.0,442.0,2.0
280,2,485.0,445.0,0.0
280,10,454.0,426.0,2.0
280,18,458.0,418.0,2.0
280,26,472.0,414.0,2.0
280,27,453.0,409.0,2.0
280,42,441.0,482.0,0.0
280,87,505.0,455.0,0.0
280,100,530.0,428.0,0.0
280,79,516.0,470.0,0.0
280,16,487.0,488.0,0.0
280,20,457.0,478.0,0.0
280,81,527.0,410.0,0.0
280,19,442.0,464.0,0.0
280,49,482.0,429.0,0.0
280,44,469.0,440.0,2.0
280,9,536.0,504.0,0.0
280,31,468.0,418.0,2.0
280,74,512.0,437.0,0.0
280,61,458.0,468.0,0.0
280,29,493.0,442.0,0.0
280,94,487.0,420.0,0.0
280,46,510.0,446.0,0.0
280,57,446.0,436.0,2.0
280,70,536.0,501.0,0.0
280,21,513.0,476.0,0.0
280,38,533.0,493.0,0.0
280,88,505.0,486.0,0.0
280,78,516.0,408.0,0.0
280,72,454.0,479.0,0.0
280,24,443.0,477.0,0.0
280,8,495.0,453.0,0.0
280,17,499.0,454.0,0.0
280,37,500.0,481.0,0.0
280,1,441.0,460.0,2.0
280,53,511.0,470.0,0.0
280,22,446.0,493.0,0.0
280,47,498.0,470.0,0.0
280,83,495.0,475.0,0.0
280,99,482.0,408.0,0.0
280,89,474.0,460.0,0.0
280,14,453.0,457.0,2.0
280,3,495.0,416.0,0.0
280,80,517.0,419.0,0.0
280,96,442.0,483.0,0.0
280,51,515.0,430.0,0.0
280,33,509.0,431.0,0.0
280,40,528.0,407.0,0.0
280,48,532.0,423.0,0.0
280,15,537.0,420.0,0.0
280,65,457.0,487.0,0.0
280,97,450.0,476.0,0.0
281,5,517.0,420.0,0.0
281,56,447.0,504.0,0.0
281,35,517.0,473.0,0.0
281,55,512.0,475.0,0.0
281,60,479.0,468.0,0.0
281,30,454.0,439.0,2.0
281,32,459.0,502.0,0.0
281,6,455.0,487.0,0.0
281,67,507.0,424.0,0.0
281,45,466.0,438.0,2.0
281,73,443.0,477.0,0.0
281,64,501.0,445.0,0.0
281,90,478.0,485.0,0.0
281,4,509.0,428.0,0.0
281,13,538.0,438.0,0.0
281,54,480.0,445.0,0.0
281,63,502.0,501.0,0.0
281,86,447.0,467.0,0.0
281,91,526.0,502.0,0.0
281,62,523.0,474.0,0.0
281,58,472.0,418.0,2.0
281,52,479.0,418.0,0.0
281,12,445.0,417.0,2.0
281,28,479.0,490.0,0.0
281,75,443.0,424.0,2.0
281,23,510.0,421.0,0.0
281,92,492.0,477.0,0.0
281,41,456.0,487.0,0.0
281,43,521.0,414.0,0.0
281,11,504.0,431.0,0.0
281,36,506.0,467.0,0.0
281,68,513.0,413.0,0.0
281,69,449.0,437.0,2.0
281,98,442.0,500.0,0.0
281,82,470.0,411.0,2.0
281,85,526.0,409.0,0.0
281,39,483.0,504.0,0.0
281,84,522.0,446.0,0.0
281,77,449.0,493.0,0.0
281,7,504.0,426.0,0.0
281,25,448.0,458.0,2.0
281,95,523.0,506.0,0.0
281,71,473.0,502.0,0.0
281,66,507.0,505.0,0.0
281,76,477.0,489.0,0.0
281,34,479.0,409.0,0.0
281,50,448.0,442.0,2.0
281,59,502.0,441.0,0.0
281,93,449.0,442.0,2.0
281,2,485.0,445.0,0.0
281,10,454.0,426.0,2.0
281,18,458.0,418.0,2.0
281,26,472.0,414.0,2.0
281,27,453.0,409.0,2.0
281,42,441.0,482.0,0.0
281,87,505.0,455.0,0.0
281,100,530.0,428.0,0.0
281,79,516.0,470.0,0.0
281,16,487.0,488.0,0.0
281,20,457.0,478.0,0.0
281,81,527.0,410.0,0.0
281,19,442.0,464.0,0.0
281,49,482.0,429.0,0.0
281,44,469.0,440.0,2.0
281,9,536.0,504.0,0.0
281,31,468.0,418.0,2.0
281,74,512.0,437.0,0.0
281,61,458.0,468.0,0.0
281,29,493.0,442.0,0.0
281,94,487.0,420.0,0.0
281,46,510.0,446.0,0.0
281,57,446.0,436.0,2.0
281,70,536.0,501.0,0.0
281,21,513.0,476.0,0.0
281,38,533.0,493.0,0.0
281,88,505.0,486.0,0.0
281,78,516.0,408.0,0.0
281,72,454.0,479.0,0.0
281,24,443.0,477.0,0.0
281,8,495.0,453.0,0.0
281,17,499.0,454.0,0.0
281,37,500.0,481.0,0.0
281,1,441.0,460.0,2.0
281,53,511.0,470.0,0.0
281,22,446.0,493.0,0.0
281,47,498.0,470.0,0.0
281,83,495.0,475.0,0.0
281,99,482.0,408.0,0.0
281,89,474.0,460.0,0.0
281,14,453.0,457.0,2.0
281,3,495.0,416.0,0.0
281,80,517.0,419.0,0.0
281,96,442.0,483.0,0.0
281,51,515.0,430.0,0.0
281,33,509.0,431.0,0.0
281,40,528.0,407.0,0.0
281,48,532.0,423.0,0.0
281,15,537.0,420.0,0.0
281,65,457.0,487.0,0.0
281,97,450.0,476.0,0.0
282,5,517.0,420.0,0.0
282,56,447.0,504.0,0.0
282,35,517.0,473.0,0.0
282,55,512.0,475.0,0.0
282,60,479.0,468.0,0.0
282,30,454.0,439.0,2.0
282,32,459.0,502.0,0.0
282,6,455.0,487.0,0.0
282,67,507.0,424.0,0.0
282,45,466.0,438.0,2.0
282,73,443.0,477.0,0.0
282,64,501.0,445.0,0.0
282,90,478.0,485.0,0.0
282,4,509.0,428.0,0.0
282,13,538.0,438.0,0.0
282,54,480.0,445.0,0.0
282,63,502.0,501.0,0.0
282,86,447.0,467.0,0.0
282,91,526.0,502.0,0.0
282,62,523.0,474.0,0.0
282,58,472.0,418.0,2.0
282,52,479.0,418.0,0.0
282,12,445.0,417.0,2.0
282,28,479.0,490.0,0.0
282,75,443.0,424.0,2.0
282,23,510.0,421.0,0.0
282,92,492.0,477.0,0.0
282,41,456.0,487.0,0.0
282,43,521.0,414.0,0.0
282,11,504.0,431.0,0.0
282,36,506.0,467.0,0.0
282,68,513.0,413.0,0.0
282,69,449.0,437.0,2.0
282,98,442.0,500.0,0.0
282,82,470.0,411.0,2.0
282,85,526.0,409.0,0.0
282,39,483.0,504.0,0.0
282,84,522.0,446.0,0.0
282,77,449.0,493.0,0.0
282,7,504.0,426.0,0.0
282,25,448.0,458.0,2.0
282,95,523.0,506.0,0.0
282,71,473.0,502.0,0.0
282,66,507.0,505.0,0.0
282,76,477.0,489.0,0.0
282,34,479.0,409.0,0.0
282,50,448.0,442.0,2.0
282,59,502.0,441.0,0.0
282,93,449.0,442.0,2.0
282,2,485.0,445.0,0.0
282,10,454.0,426.0,2.0
282,18,458.0,418.0,2.0
282,26,472.0,414.0,2.0
282,27,453.0,409.0,2.0
282,42,441.0,482.0,0.0
282,87,505.0,455.0,0.0
282,100,530.0,428.0,0.0
282,79,516.0,470.0,0.0
282,16,487.0,488.0,0.0
282,20,457.0,478.0,0.0
282,81,527.0,410.0,0.0
282,19,442.0,464.0,0.0
282,49,482.0,429.0,0.0
282,44,469.0,440.0,2.0
282,9,536.0,504.0,0.0
282,31,468.0,418.0,2.0
282,74,512.0,437.0,0.0
282,61,458.0,468.0,0.0
282,29,493.0,442.0,0.0
282,94,487.0,420.0,0.0
282,46,510.0,446.0,0.0
282,57,446.0,436.0,2.0
282,70,536.0,501.0,0.0
282,21,513.0,476.0,0.0
282,38,533.0,493.0,0.0
282,88,505.0,486.0,0.0
282,78,516.0,408.0,0.0
282,72,454.0,479.0,0.0
282,24,443.0,477.0,0.0
282,8,495.0,453.0,0.0
282,17,499.0,454.0,0.0
282,37,500.0,481.0,0.0
282,1,441.0,460.0,2.0
282,53,511.0,470.0,0.0
282,22,446.0,493.0,0.0
282,47,498.0,470.0,0.0
282,83,495.0,475.0,0.0
282,99,482.0,408.0,0.0
282,89,474.0,460.0,0.0
282,14,453.0,457.0,2.0
282,3,495.0,416.0,0.0
282,80,517.0,419.0,0.0
282,96,442.0,483.0,0.0
282,51,515.0,430.0,0.0
282,33,509.0,431.0,0.0
282,40,528.0,407.0,0.0
282,48,532.0,423.0,0.0
282,15,537.0,420.0,0.0
282,65,457.0,487.0,0.0
282,97,450.0,476.0,0.0
283,5,517.0,420.0,0.0
283,56,447.0,504.0,0.0
283,35,517.0,473.0,0.0
283,55,512.0,475.0,0.0
283,60,479.0,468.0,0.0
283,30,454.0,439.0,2.0
283,32,459.0,502.0,0.0
283,6,455.0,487.0,0.0
283,67,507.0,424.0,0.0
283,45,466.0,438.0,2.0
283,73,443.0,477.0,0.0
283,64,501.0,445.0,0.0
283,90,478.0,485.0,0.0
283,4,509.0,428.0,0.0
283,13,538.0,438.0,0.0
283,54,480.0,445.0,0.0
283,63,502.0,501.0,0.0
283,86,447.0,467.0,0.0
283,91,526.0,502.0,0.0
283,62,523.0,474.0,0.0
283,58,472.0,418.0,2.0
283,52,479.0,418.0,0.0
283,12,445.0,417.0,2.0
283,28,479.0,490.0,0.0
283,75,443.0,424.0,2.0
283,23,510.0,421.0,0.0
283,92,492.0,477.0,0.0
283,41,456.0,487.0,0.0
283,43,521.0,414.0,0.0
283,11,504.0,431.0,0.0
283,36,506.0,467.0,0.0
283,68,513.0,413.0,0.0
283,69,449.0,437.0,2.0
283,98,442.0,500.0,0.0
283,82,470.0,411.0,2.0
283,85,526.0,409.0,0.0
283,39,483.0,504.0,0.0
283,84,522.0,446.0,0.0
283,77,449.0,493.0,0.0
283,7,504.0,426.0,0.0
283,25,448.0,458.0,2.0
283,95,523.0,506.0,0.0
283,71,473.0,502.0,0.0
283,66,507.0,505.0,0.0
283,76,477.0,489.0,0.0
283,34,479.0,409.0,0.0
283,50,448.0,442.0,2.0
283,59,502.0,441.0,0.0
283,93,449.0,442.0,2.0
283,2,485.0,445.0,0.0
283,10,454.0,426.0,2.0
283,18,458.0,418.0,2.0
283,26,472.0,414.0,2.0
283,27,453.0,409.0,2.0
283,42,441.0,482.0,0.0
283,87,505.0,455.0,0.0
283,100,530.0,428.0,0.0
283,79,516.0,470.0,0.0
283,16,487.0,488.0,0.0
283,20,457.0,478.0,0.0
283,81,527.0,410.0,0.0
283,19,442.0,464.0,0.0
283,49,482.0,429.0,0.0
283,44,469.0,440.0,2.0
283,9,536.0,504.0,0.0
283,31,468.0,418.0,2.0
283,74,512.0,437.0,0.0
283,61,458.0,468.0,0.0
283,29,493.0,442.0,0.0
283,94,487.0,420.0,0.0
283,46,510.0,446.0,0.0
283,57,446.0,436.0,2.0
283,70,536.0,501.0,0.0
283,21,513.0,476.0,0.0
283,38,533.0,493.0,0.0
283,88,505.0,486.0,0.0
283,78,516.0,408.0,0.0
283,72,454.0,479.0,0.0
283,24,443.0,477.0,0.0
283,8,495.0,453.0,0.0
283,17,499.0,454.0,0.0
283,37,500.0,481.0,0.0
283,1,441.0,460.0,2.0
283,53,511.0,470.0,0.0
283,22,446.0,493.0,0.0
283,47,498.0,470.0,0.0
283,83,495.0,475.0,0.0
283,99,482.0,408.0,0.0
283,89,474.0,460.0,0.0
283,14,453.0,457.0,2.0
283,3,495.0,416.0,0.0
283,80,517.0,419.0,0.0
283,96,442.0,483.0,0.0
283,51,515.0,430.0,0.0
283,33,509.0,431.0,0.0
283,40,528.0,407.0,0.0
283,48,532.0,423.0,0.0
283,15,537.0,420.0,0.0
283,65,457.0,487.0,0.0
283,97,450.0,476.0,0.0
284,5,517.0,420.0,0.0
284,56,447.0,504.0,0.0
284,35,517.0,473.0,0.0
284,55,512.0,475.0,0.0
284,60,479.0,468.0,0.0
284,30,454.0,439.0,2.0
284,32,459.0,502.0,0.0
284,6,455.0,487.0,0.0
284,67,507.0,424.0,0.0
284,45,466.0,438.0,2.0
284,73,443.0,477.0,0.0
284,64,501.0,445.0,0.0
284,90,478.0,485.0,0.0
284,4,509.0,428.0,0.0
284,13,538.0,438.0,0.0
284,54,480.0,445.0,0.0
284,63,502.0,501.0,0.0
284,86,447.0,467.0,0.0
284,91,526.0,502.0,0.0
284,62,523.0,474.0,0.0
284,58,472.0,418.0,2.0
284,52,479.0,418.0,0.0
284,12,445.0,417.0,2.0
284,28,479.0,490.0,0.0
284,75,443.0,424.0,2.0
284,23,510.0,421.0,0.0
284,92,492.0,477.0,0.0
284,41,456.0,487.0,0.0
284,43,521.0,414.0,0.0
284,11,504.0,431.0,0.0
284,36,506.0,467.0,0.0
284,68,513.0,413.0,0.0
284,69,449.0,437.0,2.0
284,98,442.0,500.0,0.0
284,82,470.0,411.0,2.0
284,85,526.0,409.0,0.0
284,39,483.0,504.0,0.0
284,84,522.0,446.0,0.0
284,77,449.0,493.0,0.0
284,7,504.0,426.0,0.0
284,25,448.0,458.0,2.0
284,95,523.0,506.0,0.0
284,71,473.0,502.0,0.0
284,66,507.0,505.0,0.0
284,76,477.0,489.0,0.0
284,34,479.0,409.0,0.0
284,50,448.0,442.0,2.0
284,59,502.0,441.0,0.0
284,93,449.0,442.0,2.0
284,2,485.0,445.0,0.0
284,10,454.0,426.0,2.0
284,18,458.0,418.0,2.0
284,26,472.0,414.0,2.0
284,27,453.0,409.0,2.0
284,42,441.0,482.0,0.0
284,87,505.0,455.0,0.0
284,100,530.0,428.0,0.0
284,79,516.0,470.0,0.0
284,16,487.0,488.0,0.0
284,20,457.0,478.0,0.0
284,81,527.0,410.0,0.0
284,19,442.0,464.0,0.0
284,49,482.0,429.0,0.0
284,44,469.0,440.0,2.0
284,9,536.0,504.0,0.0
284,31,468.0,418.0,2.0
284,74,512.0,437.0,0.0
284,61,458.0,468.0,0.0
284,29,493.0,442.0,0.0
284,94,487.0,420.0,0.0
284,46,510.0,446.0,0.0
284,57,446.0,436.0,2.0
284,70,536.0,501.0,0.0
284,21,513.0,476.0,0.0
284,38,533.0,493.0,0.0
284,88,505.0,486.0,0.0
284,78,516.0,408.0,0.0
284,72,454.0,479.0,0.0
284,24,443.0,477.0,0.0
284,8,495.0,453.0,0.0
284,17,499.0,454.0,0.0
284,37,500.0,481.0,0.0
284,1,441.0,460.0,2.0
284,53,511.0,470.0,0.0
284,22,446.0,493.0,0.0
284,47,498.0,470.0,0.0
284,83,495.0,475.0,0.0
284,99,482.0,408.0,0.0
284,89,474.0,460.0,0.0
284,14,453.0,457.0,2.0
284,3,495.0,416.0,0.0
284,80,517.0,419.0,0.0
284,96,442.0,483.0,0.0
284,51,515.0,430.0,0.0
284,33,509.0,431.0,0.0
284,40,528.0,407.0,0.0
284,48,532.0,423.0,0.0
284,15,537.0,420.0,0.0
284,65,457.0,487.0,0.0
284,97,450.0,476.0,0.0
285,5,517.0,420.0,0.0
285,56,447.0,504.0,0.0
285,35,517.0,473.0,0.0
285,55,512.0,475.0,0.0
285,60,479.0,468.0,0.0
285,30,454.0,439.0,2.0
285,32,459.0,502.0,0.0
285,6,455.0,487.0,0.0
285,67,507.0,424.0,0.0
285,45,466.0,438.0,2.0
285,73,443.0,477.0,0.0
285,64,501.0,445.0,0.0
285,90,478.0,485.0,0.0
285,4,509.0,428.0,0.0
285,13,538.0,438.0,0.0
285,54,480.0,445.0,0.0
285,63,502.0,501.0,0.0
285,86,447.0,467.0,0.0
285,91,526.0,502.0,0.0
285,62,523.0,474.0,0.0
285,58,472.0,418.0,2.0
285,52,479.0,418.0,0.0
285,12,445.0,417.0,2.0
285,28,479.0,490.0,0.0
285,75,443.0,424.0,2.0
285,23,510.0,421.0,0.0
285,92,492.0,477.0,0.0
285,41,456.0,487.0,0.0
285,43,521.0,414.0,0.0
285,11,504.0,431.0,0.0
285,36,506.0,467.0,0.0
285,68,513.0,413.0,0.0
285,69,449.0,437.0,2.0
285,98,442.0,500.0,0.0
285,82,470.0,411.0,2.0
285,85,526.0,409.0,0.0
285,39,483.0,504.0,0.0
285,84,522.0,446.0,0.0
285,77,449.0,493.0,0.0
285,7,504.0,426.0,0.0
285,25,448.0,458.0,2.0
285,95,523.0,506.0,0.0
285,71,473.0,502.0,0.0
285,66,507.0,505.0,0.0
285,76,477.0,489.0,0.0
285,34,479.0,409.0,0.0
285,50,448.0,442.0,2.0
285,59,502.0,441.0,0.0
285,93,449.0,442.0,2.0
285,2,485.0,445.0,0.0
285,10,454.0,426.0,2.0
285,18,458.0,418.0,2.0
285,26,472.0,414.0,2.0
285,27,453.0,409.0,2.0
285,42,441.0,482.0,0.0
285,87,505.0,455.0,0.0
285,100,530.0,428.0,0.0
285,79,516.0,470.0,0.0
285,16,487.0,488.0,0.0
285,20,457.0,478.0,0.0
285,81,527.0,410.0,0.0
285,19,442.0,464.0,0.0
285,49,482.0,429.0,0.0
285,44,469.0,440.0,2.0
285,9,536.0,504.0,0.0
285,31,468.0,418.0,2.0
285,74,512.0,437.0,0.0
285,61,458.0,468.0,0.0
285,29,493.0,442.0,0.0
285,94,487.0,420.0,0.0
285,46,510.0,446.0,0.0
285,57,446.0,436.0,2.0
285,70,536.0,501.0,0.0
285,21,513.0,476.0,0.0
285,38,533.0,493.0,0.0
285,88,505.0,486.0,0.0
285,78,516.0,408.0,0.0
285,72,454.0,479.0,0.0
285,24,443.0,477.0,0.0
285,8,495.0,453.0,0.0
285,17,499.0,454.0,0.0
285,37,500.0,481.0,0.0
285,1,441.0,460.0,2.0
285,53,511.0,470.0,0.0
285,22,446.0,493.0,0.0
285,47,498.0,470.0,0.0
285,83,495.0,475.0,0.0
285,99,482.0,408.0,0.0
285,89,474.0,460.0,0.0
285,14,453.0,457.0,2.0
285,3,495.0,416.0,0.0
285,80,517.0,419.0,0.0
285,96,442.0,483.0,0.0
285,51,515.0,430.0,0.0
285,33,509.0,431.0,0.0
285,40,528.0,407.0,0.0
285,48,532.0,423.0,0.0
285,15,537.0,420.0,0.0
285,65,457.0,487.0,0.0
285,97,450.0,476.0,0.0
286,5,517.0,420.0,0.0
286,56,447.0,504.0,0.0
286,35,517.0,473.0,0.0
286,55,512.0,475.0,0.0
286,60,479.0,468.0,0.0
286,30,454.0,439.0,2.0
286,32,459.0,502.0,0.0
286,6,455.0,487.0,0.0
286,67,507.0,424.0,0.0
286,45,466.0,438.0,2.0
286,73,443.0,477.0,0.0
286,64,501.0,445.0,0.0
286,90,478.0,485.0,0.0
286,4,509.0,428.0,0.0
286,13,538.0,438.0,0.0
286,54,480.0,445.0,0.0
286,63,502.0,501.0,0.0
286,86,447.0,467.0,0.0
286,91,526.0,502.0,0.0
286,62,523.0,474.0,0.0
286,58,472.0,418.0,2.0
286,52,479.0,418.0,0.0
286,12,445.0,417.0,2.0
286,28,479.0,490.0,0.0
286,75,443.0,424.0,2.0
286,23,510.0,421.0,0.0
286,92,492.0,477.0,0.0
286,41,456.0,487.0,0.0
286,43,521.0,414.0,0.0
286,11,504.0,431.0,0.0
286,36,506.0,467.0,0.0
286,68,513.0,413.0,0.0
286,69,449.0,437.0,2.0
286,98,442.0,500.0,0.0
286,82,470.0,411.0,2.0
286,85,526.0,409.0,0.0
286,39,483.0,504.0,0.0
286,84,522.0,446.0,0.0
286,77,449.0,493.0,0.0
286,7,504.0,426.0,0.0
286,25,448.0,458.0,2.0
286,95,523.0,506.0,0.0
286,71,473.0,502.0,0.0
286,66,507.0,505.0,0.0
286,76,477.0,489.0,0.0
286,34,479.0,409.0,0.0
286,50,448.0,442.0,2.0
286,59,502.0,441.0,0.0
286,93,449.0,442.0,2.0
286,2,485.0,445.0,0.0
286,10,454.0,426.0,2.0
286,18,458.0,418.0,2.0
286,26,472.0,414.0,2.0
286,27,453.0,409.0,2.0
286,42,441.0,482.0,0.0
286,87,505.0,455.0,0.0
286,100,530.0,428.0,0.0
286,79,516.0,470.0,0.0
286,16,487.0,488.0,0.0
286,20,457.0,478.0,0.0
286,81,527.0,410.0,0.0
286,19,442.0,464.0,0.0
286,49,482.0,429.0,0.0
286,44,469.0,440.0,2.0
286,9,536.0,504.0,0.0
286,31,468.0,418.0,2.0
286,74,512.0,437.0,0.0
286,61,458.0,468.0,0.0
286,29,493.0,442.0,0.0
286,94,487.0,420.0,0.0
286,46,510.0,446.0,0.0
286,57,446.0,436.0,2.0
286,70,536.0,501.0,0.0
286,21,513.0,476.0,0.0
286,38,533.0,493.0,0.0
286,88,505.0,486.0,0.0
286,78,516.0,408.0,0.0
286,72,454.0,479.0,0.0
286,24,443.0,477.0,0.0
286,8,495.0,453.0,0.0
286,17,499.0,454.0,0.0
286,37,500.0,481.0,0.0
286,1,441.0,460.0,2.0
286,53,511.0,470.0,0.0
286,22,446.0,493.0,0.0
286,47,498.0,470.0,0.0
286,83,495.0,475.0,0.0
286,99,482.0,408.0,0.0
286,89,474.0,460.0,0.0
286,14,453.0,457.0,2.0
286,3,495.0,416.0,0.0
286,80,517.0,419.0,0.0
286,96,442.0,483.0,0.0
286,51,515.0,430.0,0.0
286,33,509.0,431.0,0.0
286,40,528.0,407.0,0.0
286,48,532.0,423.0,0.0
286,15,537.0,420.0,0.0
286,65,457.0,487.0,0.0
286,97,450.0,476.0,0.0
287,5,517.0,420.0,0.0
287,56,447.0,504.0,0.0
287,35,517.0,473.0,0.0
287,55,512.0,475.0,0.0
287,60,479.0,468.0,0.0
287,30,454.0,439.0,2.0
287,32,459.0,502.0,0.0
287,6,455.0,487.0,0.0
287,67,507.0,424.0,0.0
287,45,466.0,438.0,2.0
287,73,443.0,477.0,0.0
287,64,501.0,445.0,0.0
287,90,478.0,485.0,0.0
287,4,509.0,428.0,0.0
287,13,538.0,438.0,0.0
287,54,480.0,445.0,0.0
287,63,502.0,501.0,0.0
287,86,447.0,467.0,0.0
287,91,526.0,502.0,0.0
287,62,523.0,474.0,0.0
287,58,472.0,418.0,2.0
287,52,479.0,418.0,0.0
287,12,445.0,417.0,2.0
287,28,479.0,490.0,0.0
287,75,443.0,424.0,2.0
287,23,510.0,421.0,0.0
287,92,492.0,477.0,0.0
287,41,456.0,487.0,0.0
287,43,521.0,414.0,0.0
287,11,504.0,431.0,0.0
287,36,506.0,467.0,0.0
287,68,513.0,413.0,0.0
287,69,449.0,437.0,2.0
287,98,442.0,500.0,0.0
287,82,470.0,411.0,2.0
287,85,526.0,409.0,0.0
287,39,483.0,504.0,0.0
287,84,522.0,446.0,0.0
287,77,449.0,493.0,0.0
287,7,504.0,426.0,0.0
287,25,448.0,458.0,2.0
287,95,523.0,506.0,0.0
287,71,473.0,502.0,0.0
287,66,507.0,505.0,0.0
287,76,477.0,489.0,0.0
287,34,479.0,409.0,0.0
287,50,448.0,442.0,2.0
287,59,502.0,441.0,0.0
287,93,449.0,442.0,2.0
287,2,485.0,445.0,0.0
287,10,454.0,426.0,2.0
287,18,458.0,418.0,2.0
287,26,472.0,414.0,2.0
287,27,453.0,409.0,2.0
287,42,441.0,482.0,0.0
287,87,505.0,455.0,0.0
287,100,530.0,428.0,0.0
287,79,516.0,470.0,0.0
287,16,487.0,488.0,0.0
287,20,457.0,478.0,0.0
287,81,527.0,410.0,0.0
287,19,442.0,464.0,0.0
287,49,482.0,429.0,0.0
287,44,469.0,440.0,2.0
287,9,536.0,504.0,0.0
287,31,468.0,418.0,2.0
287,74,512.0,437.0,0.0
287,61,458.0,468.0,0.0
287,29,493.0,442.0,0.0
287,94,487.0,420.0,0.0
287,46,510.0,446.0,0.0
287,57,446.0,436.0,2.0
287,70,536.0,501.0,0.0
287,21,513.0,476.0,0.0
287,38,533.0,493.0,0.0
287,88,505.0,486.0,0.0
287,78,516.0,408.0,0.0
287,72,454.0,479.0,0.0
287,24,443.0,477.0,0.0
287,8,495.0,453.0,0.0
287,17,499.0,454.0,0.0
287,37,500.0,481.0,0.0
287,1,441.0,460.0,2.0
287,53,511.0,470.0,0.0
287,22,446.0,493.0,0.0
287,47,498.0,470.0,0.0
287,83,495.0,475.0,0.0
287,99,482.0,408.0,0.0
287,89,474.0,460.0,0.0
287,14,453.0,457.0,2.0
287,3,495.0,416.0,0.0
287,80,517.0,419.0,0.0
287,96,442.0,483.0,0.0
287,51,515.0,430.0,0.0
287,33,509.0,431.0,0.0
287,40,528.0,407.0,0.0
287,48,532.0,423.0,0.0
287,15,537.0,420.0,0.0
287,65,457.0,487.0,0.0
287,97,450.0,476.0,0.0
288,5,517.0,420.0,0.0
288,56,447.0,504.0,0.0
288,35,517.0,473.0,0.0
288,55,512.0,475.0,0.0
288,60,479.0,468.0,0.0
288,30,454.0,439.0,2.0
288,32,459.0,502.0,0.0
288,6,455.0,487.0,0.0
288,67,507.0,424.0,0.0
288,45,466.0,438.0,2.0
288,73,443.0,477.0,0.0
288,64,501.0,445.0,0.0
288,90,478.0,485.0,0.0
288,4,509.0,428.0,0.0
288,13,538.0,438.0,0.0
288,54,480.0,445.0,0.0
288,63,502.0,501.0,0.0
288,86,447.0,467.0,0.0
288,91,526.0,502.0,0.0
288,62,523.0,474.0,0.0
288,58,472.0,418.0,2.0
288,52,479.0,418.0,0.0
288,12,445.0,417.0,2.0
288,28,479.0,490.0,0.0
288,75,443.0,424.0,2.0
288,23,510.0,421.0,0.0
288,92,492.0,477.0,0.0
288,41,456.0,487.0,0.0
288,43,521.0,414.0,0.0
288,11,504.0,431.0,0.0
288,36,506.0,467.0,0.0
288,68,513.0,413.0,0.0
288,69,449.0,437.0,2.0
288,98,442.0,500.0,0.0
288,82,470.0,411.0,2.0
288,85,526.0,409.0,0.0
288,39,483.0,504.0,0.0
288,84,522.0,446.0,0.0
288,77,449.0,493.0,0.0
288,7,504.0,426.0,0.0
288,25,448.0,458.0,2.0
288,95,523.0,506.0,0.0
288,71,473.0,502.0,0.0
288,66,507.0,505.0,0.0
288,76,477.0,489.0,0.0
288,34,479.0,409.0,0.0
288,50,448.0,442.0,2.0
288,59,502.0,441.0,0.0
288,93,449.0,442.0,2.0
288,2,485.0,445.0,0.0
288,10,454.0,426.0,2.0
288,18,458.0,418.0,2.0
288,26,472.0,414.0,2.0
288,27,453.0,409.0,2.0
288,42,441.0,482.0,0.0
288,87,505.0,455.0,0.0
288,100,530.0,428.0,0.0
288,79,516.0,470.0,0.0
288,16,487.0,488.0,0.0
288,20,457.0,478.0,0.0
288,81,527.0,410.0,0.0
288,19,442.0,464.0,0.0
288,49,482.0,429.0,0.0
288,44,469.0,440.0,2.0
288,9,536.0,504.0,0.0
288,31,468.0,418.0,2.0
288,74,512.0,437.0,0.0
288,61,458.0,468.0,0.0
288,29,493.0,442.0,0.0
288,94,487.0,420.0,0.0
288,46,510.0,446.0,0.0
288,57,446.0,436.0,2.0
288,70,536.0,501.0,0.0
288,21,513.0,476.0,0.0
288,38,533.0,493.0,0.0
288,88,505.0,486.0,0.0
288,78,516.0,408.0,0.0
288,72,454.0,479.0,0.0
288,24,443.0,477.0,0.0
288,8,495.0,453.0,0.0
288,17,499.0,454.0,0.0
288,37,500.0,481.0,0.0
288,1,441.0,460.0,2.0
288,53,511.0,470.0,0.0
288,22,446.0,493.0,0.0
288,47,498.0,470.0,0.0
288,83,495.0,475.0,0.0
288,99,482.0,408.0,0.0
288,89,474.0,460.0,0.0
288,14,453.0,457.0,2.0
288,3,495.0,416.0,0.0
288,80,517.0,419.0,0.0
288,96,442.0,483.0,0.0
288,51,515.0,430.0,0.0
288,33,509.0,431.0,0.0
288,40,528.0,407.0,0.0
288,48,532.0,423.0,0.0
288,15,537.0,420.0,0.0
288,65,457.0,487.0,0.0
288,97,450.0,476.0,0.0
289,5,517.0,420.0,0.0
289,56,447.0,504.0,0.0
289,35,517.0,473.0,0.0
289,55,512.0,475.0,0.0
289,60,479.0,468.0,0.0
289,30,454.0,439.0,2.0
289,32,459.0,502.0,0.0
289,6,455.0,487.0,0.0
289,67,507.0,424.0,0.0
289,45,466.0,438.0,2.0
289,73,443.0,477.0,0.0
289,64,501.0,445.0,0.0
289,90,478.0,485.0,0.0
289,4,509.0,428.0,0.0
289,13,538.0,438.0,0.0
289,54,480.0,445.0,0.0
289,63,502.0,501.0,0.0
289,86,447.0,467.0,0.0
289,91,526.0,502.0,0.0
289,62,523.0,474.0,0.0
289,58,472.0,418.0,2.0
289,52,479.0,418.0,0.0
289,12,445.0,417.0,2.0
289,28,479.0,490.0,0.0
289,75,443.0,424.0,2.0
289,23,510.0,421.0,0.0
289,92,492.0,477.0,0.0
289,41,456.0,487.0,0.0
289,43,521.0,414.0,0.0
289,11,504.0,431.0,0.0
289,36,506.0,467.0,0.0
289,68,513.0,413.0,0.0
289,69,449.0,437.0,2.0
289,98,442.0,500.0,0.0
289,82,470.0,411.0,2.0
289,85,526.0,409.0,0.0
289,39,483.0,504.0,0.0
289,84,522.0,446.0,0.0
289,77,449.0,493.0,0.0
289,7,504.0,426.0,0.0
289,25,448.0,458.0,2.0
289,95,523.0,506.0,0.0
289,71,473.0,502.0,0.0
289,66,507.0,505.0,0.0
289,76,477.0,489.0,0.0
289,34,479.0,409.0,0.0
289,50,448.0,442.0,2.0
289,59,502.0,441.0,0.0
289,93,449.0,442.0,2.0
289,2,485.0,445.0,0.0
289,10,454.0,426.0,2.0
289,18,458.0,418.0,2.0
289,26,472.0,414.0,2.0
289,27,453.0,409.0,2.0
289,42,441.0,482.0,0.0
289,87,505.0,455.0,0.0
289,100,530.0,428.0,0.0
289,79,516.0,470.0,0.0
289,16,487.0,488.0,0.0
289,20,457.0,478.0,0.0
289,81,527.0,410.0,0.0
289,19,442.0,464.0,0.0
289,49,482.0,429.0,0.0
289,44,469.0,440.0,2.0
289,9,536.0,504.0,0.0
289,31,468.0,418.0,2.0
289,74,512.0,437.0,0.0
289,61,458.0,468.0,0.0
289,29,493.0,442.0,0.0
289,94,487.0,420.0,0.0
289,46,510.0,446.0,0.0
289,57,446.0,436.0,2.0
289,70,536.0,501.0,0.0
289,21,513.0,476.0,0.0
289,38,533.0,493.0,0.0
289,88,505.0,486.0,0.0
289,78,516.0,408.0,0.0
289,72,454.0,479.0,0.0
289,24,443.0,477.0,0.0
289,8,495.0,453.0,0.0
289,17,499.0,454.0,0.0
289,37,500.0,481.0,0.0
289,1,441.0,460.0,2.0
289,53,511.0,470.0,0.0
289,22,446.0,493.0,0.0
289,47,498.0,470.0,0.0
289,83,495.0,475.0,0.0
289,99,482.0,408.0,0.0
289,89,474.0,460.0,0.0
289,14,453.0,457.0,2.0
289,3,495.0,416.0,0.0
289,80,517.0,419.0,0.0
289,96,442.0,483.0,0.0
289,51,515.0,430.0,0.0
289,33,509.0,431.0,0.0
289,40,528.0,407.0,0.0
289,48,532.0,423.0,0.0
289,15,537.0,420.0,0.0
289,65,457.0,487.0,0.0
289,97,450.0,476.0,0.0
290,5,517.0,420.0,0.0
290,56,447.0,504.0,0.0
290,35,517.0,473.0,0.0
290,55,512.0,475.0,0.0
290,60,479.0,468.0,0.0
290,30,454.0,439.0,2.0
290,32,459.0,502.0,0.0
290,6,455.0,487.0,0.0
290,67,507.0,424.0,0.0
290,45,466.0,438.0,2.0
290,73,443.0,477.0,0.0
290,64,501.0,445.0,0.0
290,90,478.0,485.0,0.0
290,4,509.0,428.0,0.0
290,13,538.0,438.0,0.0
290,54,480.0,445.0,0.0
290,63,502.0,501.0,0.0
290,86,447.0,467.0,0.0
290,91,526.0,502.0,0.0
290,62,523.0,474.0,0.0
290,58,472.0,418.0,2.0
290,52,479.0,418.0,0.0
290,12,445.0,417.0,2.0
290,28,479.0,490.0,0.0
290,75,443.0,424.0,2.0
290,23,510.0,421.0,0.0
290,92,492.0,477.0,0.0
290,41,456.0,487.0,0.0
290,43,521.0,414.0,0.0
290,11,504.0,431.0,0.0
290,36,506.0,467.0,0.0
290,68,513.0,413.0,0.0
290,69,449.0,437.0,2.0
290,98,442.0,500.0,0.0
290,82,470.0,411.0,2.0
290,85,526.0,409.0,0.0
290,39,483.0,504.0,0.0
290,84,522.0,446.0,0.0
290,77,449.0,493.0,0.0
290,7,504.0,426.0,0.0
290,25,448.0,458.0,2.0
290,95,523.0,506.0,0.0
290,71,473.0,502.0,0.0
290,66,507.0,505.0,0.0
290,76,477.0,489.0,0.0
290,34,479.0,409.0,0.0
290,50,448.0,442.0,2.0
290,59,502.0,441.0,0.0
290,93,449.0,442.0,2.0
290,2,485.0,445.0,0.0
290,10,454.0,426.0,2.0
290,18,458.0,418.0,2.0
290,26,472.0,414.0,2.0
290,27,453.0,409.0,2.0
290,42,441.0,482.0,0.0
290,87,505.0,455.0,0.0
290,100,530.0,428.0,0.0
290,79,516.0,470.0,0.0
290,16,487.0,488.0,0.0
290,20,457.0,478.0,0.0
290,81,527.0,410.0,0.0
290,19,442.0,464.0,0.0
290,49,482.0,429.0,0.0
290,44,469.0,440.0,2.0
290,9,536.0,504.0,0.0
290,31,468.0,418.0,2.0
290,74,512.0,437.0,0.0
290,61,458.0,468.0,0.0
290,29,493.0,442.0,0.0
290,94,487.0,420.0,0.0
290,46,510.0,446.0,0.0
290,57,446.0,436.0,2.0
290,70,536.0,501.0,0.0
290,21,513.0,476.0,0.0
290,38,533.0,493.0,0.0
290,88,505.0,486.0,0.0
290,78,516.0,408.0,0.0
290,72,454.0,479.0,0.0
290,24,443.0,477.0,0.0
290,8,495.0,453.0,0.0
290,17,499.0,454.0,0.0
290,37,500.0,481.0,0.0
290,1,441.0,460.0,2.0
290,53,511.0,470.0,0.0
290,22,446.0,493.0,0.0
290,47,498.0,470.0,0.0
290,83,495.0,475.0,0.0
290,99,482.0,408.0,0.0
290,89,474.0,460.0,0.0
290,14,453.0,457.0,2.0
290,3,495.0,416.0,0.0
290,80,517.0,419.0,0.0
290,96,442.0,483.0,0.0
290,51,515.0,430.0,0.0
290,33,509.0,431.0,0.0
290,40,528.0,407.0,0.0
290,48,532.0,423.0,0.0
290,15,537.0,420.0,0.0
290,65,457.0,487.0,0.0
290,97,450.0,476.0,0.0
291,5,517.0,420.0,0.0
291,56,447.0,504.0,0.0
291,35,517.0,473.0,0.0
291,55,512.0,475.0,0.0
291,60,479.0,468.0,0.0
291,30,454.0,439.0,2.0
291,32,459.0,502.0,0.0
291,6,455.0,487.0,0.0
291,67,507.0,424.0,0.0
291,45,466.0,438.0,2.0
291,73,443.0,477.0,0.0
291,64,501.0,445.0,0.0
291,90,478.0,485.0,0.0
291,4,509.0,428.0,0.0
291,13,538.0,438.0,0.0
291,54,480.0,445.0,0.0
291,63,502.0,501.0,0.0
291,86,447.0,467.0,0.0
291,91,526.0,502.0,0.0
291,62,523.0,474.0,0.0
291,58,472.0,418.0,2.0
291,52,479.0,418.0,0.0
291,12,445.0,417.0,2.0
291,28,479.0,490.0,0.0
291,75,443.0,424.0,2.0
291,23,510.0,421.0,0.0
291,92,492.0,477.0,0.0
291,41,456.0,487.0,0.0
291,43,521.0,414.0,0.0
291,11,504.0,431.0,0.0
291,36,506.0,467.0,0.0
291,68,513.0,413.0,0.0
291,69,449.0,437.0,2.0
291,98,442.0,500.0,0.0
291,82,470.0,411.0,2.0
291,85,526.0,409.0,0.0
291,39,483.0,504.0,0.0
291,84,522.0,446.0,0.0
291,77,449.0,493.0,0.0
291,7,504.0,426.0,0.0
291,25,448.0,458.0,2.0
291,95,523.0,506.0,0.0
291,71,473.0,502.0,0.0
291,66,507.0,505.0,0.0
291,76,477.0,489.0,0.0
291,34,479.0,409.0,0.0
291,50,448.0,442.0,2.0
291,59,502.0,441.0,0.0
291,93,449.0,442.0,2.0
291,2,485.0,445.0,0.0
291,10,454.0,426.0,2.0
291,18,458.0,418.0,2.0
291,26,472.0,414.0,2.0
291,27,453.0,409.0,2.0
291,42,441.0,482.0,0.0
291,87,505.0,455.0,0.0
291,100,530.0,428.0,0.0
291,79,516.0,470.0,0.0
291,16,487.0,488.0,0.0
291,20,457.0,478.0,0.0
291,81,527.0,410.0,0.0
291,19,442.0,464.0,0.0
291,49,482.0,429.0,0.0
291,44,469.0,440.0,2.0
291,9,536.0,504.0,0.0
291,31,468.0,418.0,2.0
291,74,512.0,437.0,0.0
291,61,458.0,468.0,0.0
291,29,493.0,442.0,0.0
291,94,487.0,420.0,0.0
291,46,510.0,446.0,0.0
291,57,446.0,436.0,2.0
291,70,536.0,501.0,0.0
291,21,513.0,476.0,0.0
291,38,533.0,493.0,0.0
291,88,505.0,486.0,0.0
291,78,516.0,408.0,0.0
291,72,454.0,479.0,0.0
291,24,443.0,477.0,0.0
291,8,495.0,453.0,0.0
291,17,499.0,454.0,0.0
291,37,500.0,481.0,0.0
291,1,441.0,460.0,2.0
291,53,511.0,470.0,0.0
291,22,446.0,493.0,0.0
291,47,498.0,470.0,0.0
291,83,495.0,475.0,0.0
291,99,482.0,408.0,0.0
291,89,474.0,460.0,0.0
291,14,453.0,457.0,2.0
291,3,495.0,416.0,0.0
291,80,517.0,419.0,0.0
291,96,442.0,483.0,0.0
291,51,515.0,430.0,0.0
291,33,509.0,431.0,0.0
291,40,528.0,407.0,0.0
291,48,532.0,423.0,0.0
291,15,537.0,420.0,0.0
291,65,457.0,487.0,0.0
291,97,450.0,476.0,0.0
292,5,517.0,420.0,0.0
292,56,447.0,504.0,0.0
292,35,517.0,473.0,0.0
292,55,512.0,475.0,0.0
292,60,479.0,468.0,0.0
292,30,454.0,439.0,2.0
292,32,459.0,502.0,0.0
292,6,455.0,487.0,0.0
292,67,507.0,424.0,0.0
292,45,466.0,438.0,2.0
292,73,443.0,477.0,0.0
292,64,501.0,445.0,0.0
292,90,478.0,485.0,0.0
292,4,509.0,428.0,0.0
292,13,538.0,438.0,0.0
292,54,480.0,445.0,0.0
292,63,502.0,501.0,0.0
292,86,447.0,467.0,0.0
292,91,526.0,502.0,0.0
292,62,523.0,474.0,0.0
292,58,472.0,418.0,2.0
292,52,479.0,418.0,0.0
292,12,445.0,417.0,2.0
292,28,479.0,490.0,0.0
292,75,443.0,424.0,2.0
292,23,510.0,421.0,0.0
292,92,492.0,477.0,0.0
292,41,456.0,487.0,0.0
292,43,521.0,414.0,0.0
292,11,504.0,431.0,0.0
292,36,506.0,467.0,0.0
292,68,513.0,413.0,0.0
292,69,449.0,437.0,2.0
292,98,442.0,500.0,0.0
292,82,470.0,411.0,2.0
292,85,526.0,409.0,0.0
292,39,483.0,504.0,0.0
292,84,522.0,446.0,0.0
292,77,449.0,493.0,0.0
292,7,504.0,426.0,0.0
292,25,448.0,458.0,2.0
292,95,523.0,506.0,0.0
292,71,473.0,502.0,0.0
292,66,507.0,505.0,0.0
292,76,477.0,489.0,0.0
292,34,479.0,409.0,0.0
292,50,448.0,442.0,2.0
292,59,502.0,441.0,0.0
292,93,449.0,442.0,2.0
292,2,485.0,445.0,0.0
292,10,454.0,426.0,2.0
292,18,458.0,418.0,2.0
292,26,472.0,414.0,2.0
292,27,453.0,409.0,2.0
292,42,441.0,482.0,0.0
292,87,505.0,455.0,0.0
292,100,530.0,428.0,0.0
292,79,516.0,470.0,0.0
292,16,487.0,488.0,0.0
292,20,457.0,478.0,0.0
292,81,527.0,410.0,0.0
292,19,442.0,464.0,0.0
292,49,482.0,429.0,0.0
292,44,469.0,440.0,2.0
292,9,536.0,504.0,0.0
292,31,468.0,418.0,2.0
292,74,512.0,437.0,0.0
292,61,458.0,468.0,0.0
292,29,493.0,442.0,0.0
292,94,487.0,420.0,0.0
292,46,510.0,446.0,0.0
292,57,446.0,436.0,2.0
292,70,536.0,501.0,0.0
292,21,513.0,476.0,0.0
292,38,533.0,493.0,0.0
292,88,505.0,486.0,0.0
292,78,516.0,408.0,0.0
292,72,454.0,479.0,0.0
292,24,443.0,477.0,0.0
292,8,495.0,453.0,0.0
292,17,499.0,454.0,0.0
292,37,500.0,481.0,0.0
292,1,441.0,460.0,2.0
292,53,511.0,470.0,0.0
292,22,446.0,493.0,0.0
292,47,498.0,470.0,0.0
292,83,495.0,475.0,0.0
292,99,482.0,408.0,0.0
292,89,474.0,460.0,0.0
292,14,453.0,457.0,2.0
292,3,495.0,416.0,0.0
292,80,517.0,419.0,0.0
292,96,442.0,483.0,0.0
292,51,515.0,430.0,0.0
292,33,509.0,431.0,0.0
292,40,528.0,407.0,0.0
292,48,532.0,423.0,0.0
292,15,537.0,420.0,0.0
292,65,457.0,487.0,0.0
292,97,450.0,476.0,0.0
293,5,517.0,420.0,0.0
293,56,447.0,504.0,0.0
293,35,517.0,473.0,0.0
293,55,512.0,475.0,0.0
293,60,479.0,468.0,0.0
293,30,454.0,439.0,2.0
293,32,459.0,502.0,0.0
293,6,455.0,487.0,0.0
293,67,507.0,424.0,0.0
293,45,466.0,438.0,2.0
293,73,443.0,477.0,0.0
293,64,501.0,445.0,0.0
293,90,478.0,485.0,0.0
293,4,509.0,428.0,0.0
293,13,538.0,438.0,0.0
293,54,480.0,445.0,0.0
293,63,502.0,501.0,0.0
293,86,447.0,467.0,0.0
293,91,526.0,502.0,0.0
293,62,523.0,474.0,0.0
293,58,472.0,418.0,2.0
293,52,479.0,418.0,0.0
293,12,445.0,417.0,2.0
293,28,479.0,490.0,0.0
293,75,443.0,424.0,2.0
293,23,510.0,421.0,0.0
293,92,492.0,477.0,0.0
293,41,456.0,487.0,0.0
293,43,521.0,414.0,0.0
293,11,504.0,431.0,0.0
293,36,506.0,467.0,0.0
293,68,513.0,413.0,0.0
293,69,449.0,437.0,2.0
293,98,442.0,500.0,0.0
293,82,470.0,411.0,2.0
293,85,526.0,409.0,0.0
293,39,483.0,504.0,0.0
293,84,522.0,446.0,0.0
293,77,449.0,493.0,0.0
293,7,504.0,426.0,0.0
293,25,448.0,458.0,2.0
293,95,523.0,506.0,0.0
293,71,473.0,502.0,0.0
293,66,507.0,505.0,0.0
293,76,477.0,489.0,0.0
293,34,479.0,409.0,0.0
293,50,448.0,442.0,2.0
293,59,502.0,441.0,0.0
293,93,449.0,442.0,2.0
293,2,485.0,445.0,0.0
293,10,454.0,426.0,2.0
293,18,458.0,418.0,2.0
293,26,472.0,414.0,2.0
293,27,453.0,409.0,2.0
293,42,441.0,482.0,0.0
293,87,505.0,455.0,0.0
293,100,530.0,428.0,0.0
293,79,516.0,470.0,0.0
293,16,487.0,488.0,0.0
293,20,457.0,478.0,0.0
293,81,527.0,410.0,0.0
293,19,442.0,464.0,0.0
293,49,482.0,429.0,0.0
293,44,469.0,440.0,2.0
293,9,536.0,504.0,0.0
293,31,468.0,418.0,2.0
293,74,512.0,437.0,0.0
293,61,458.0,468.0,0.0
293,29,493.0,442.0,0.0
293,94,487.0,420.0,0.0
293,46,510.0,446.0,0.0
293,57,446.0,436.0,2.0
293,70,536.0,501.0,0.0
293,21,513.0,476.0,0.0
293,38,533.0,493.0,0.0
293,88,505.0,486.0,0.0
293,78,516.0,408.0,0.0
293,72,454.0,479.0,0.0
293,24,443.0,477.0,0.0
293,8,495.0,453.0,0.0
293,17,499.0,454.0,0.0
293,37,500.0,481.0,0.0
293,1,441.0,460.0,2.0
293,53,511.0,470.0,0.0
293,22,446.0,493.0,0.0
293,47,498.0,470.0,0.0
293,83,495.0,475.0,0.0
293,99,482.0,408.0,0.0
293,89,474.0,460.0,0.0
293,14,453.0,457.0,2.0
293,3,495.0,416.0,0.0
293,80,517.0,419.0,0.0
293,96,442.0,483.0,0.0
293,51,515.0,430.0,0.0
293,33,509.0,431.0,0.0
293,40,528.0,407.0,0.0
293,48,532.0,423.0,0.0
293,15,537.0,420.0,0.0
293,65,457.0,487.0,0.0
293,97,450.0,476.0,0.0
294,5,517.0,420.0,0.0
294,56,447.0,504.0,0.0
294,35,517.0,473.0,0.0
294,55,512.0,475.0,0.0
294,60,479.0,468.0,0.0
294,30,454.0,439.0,2.0
294,32,459.0,502.0,0.0
294,6,455.0,487.0,0.0
294,67,507.0,424.0,0.0
294,45,466.0,438.0,2.0
294,73,443.0,477.0,0.0
294,64,501.0,445.0,0.0
294,90,478.0,485.0,0.0
294,4,509.0,428.0,0.0
294,13,538.0,438.0,0.0
294,54,480.0,445.0,0.0
294,63,502.0,501.0,0.0
294,86,447.0,467.0,0.0
294,91,526.0,502.0,0.0
294,62,523.0,474.0,0.0
294,58,472.0,418.0,2.0
294,52,479.0,418.0,0.0
294,12,445.0,417.0,2.0
294,28,479.0,490.0,0.0
294,75,443.0,424.0,2.0
294,23,510.0,421.0,0.0
294,92,492.0,477.0,0.0
294,41,456.0,487.0,0.0
294,43,521.0,414.0,0.0
294,11,504.0,431.0,0.0
294,36,506.0,467.0,0.0
294,68,513.0,413.0,0.0
294,69,449.0,437.0,2.0
294,98,442.0,500.0,0.0
294,82,470.0,411.0,2.0
294,85,526.0,409.0,0.0
294,39,483.0,504.0,0.0
294,84,522.0,446.0,0.0
294,77,449.0,493.0,0.0
294,7,504.0,426.0,0.0
294,25,448.0,458.0,2.0
294,95,523.0,506.0,0.0
294,71,473.0,502.0,0.0
294,66,507.0,505.0,0.0
294,76,477.0,489.0,0.0
294,34,479.0,409.0,0.0
294,50,448.0,442.0,2.0
294,59,502.0,441.0,0.0
294,93,449.0,442.0,2.0
294,2,485.0,445.0,0.0
294,10,454.0,426.0,2.0
294,18,458.0,418.0,2.0
294,26,472.0,414.0,2.0
294,27,453.0,409.0,2.0
294,42,441.0,482.0,0.0
294,87,505.0,455.0,0.0
294,100,530.0,428.0,0.0
294,79,516.0,470.0,0.0
294,16,487.0,488.0,0.0
294,20,457.0,478.0,0.0
294,81,527.0,410.0,0.0
294,19,442.0,464.0,0.0
294,49,482.0,429.0,0.0
294,44,469.0,440.0,2.0
294,9,536.0,504.0,0.0
294,31,468.0,418.0,2.0
294,74,512.0,437.0,0.0
294,61,458.0,468.0,0.0
294,29,493.0,442.0,0.0
294,94,487.0,420.0,0.0
294,46,510.0,446.0,0.0
294,57,446.0,436.0,2.0
294,70,536.0,501.0,0.0
294,21,513.0,476.0,0.0
294,38,533.0,493.0,0.0
294,88,505.0,486.0,0.0
294,78,516.0,408.0,0.0
294,72,454.0,479.0,0.0
294,24,443.0,477.0,0.0
294,8,495.0,453.0,0.0
294,17,499.0,454.0,0.0
294,37,500.0,481.0,0.0
294,1,441.0,460.0,2.0
294,53,511.0,470.0,0.0
294,22,446.0,493.0,0.0
294,47,498.0,470.0,0.0
294,83,495.0,475.0,0.0
294,99,482.0,408.0,0.0
294,89,474.0,460.0,0.0
294,14,453.0,457.0,2.0
294,3,495.0,416.0,0.0
294,80,517.0,419.0,0.0
294,96,442.0,483.0,0.0
294,51,515.0,430.0,0.0
294,33,509.0,431.0,0.0
294,40,528.0,407.0,0.0
294,48,532.0,423.0,0.0
294,15,537.0,420.0,0.0
294,65,457.0,487.0,0.0
294,97,450.0,476.0,0.0
295,5,517.0,420.0,0.0
295,56,447.0,504.0,0.0
295,35,517.0,473.0,0.0
295,55,512.0,475.0,0.0
295,60,479.0,468.0,0.0
295,30,454.0,439.0,2.0
295,32,459.0,502.0,0.0
295,6,455.0,487.0,0.0
295,67,507.0,424.0,0.0
295,45,466.0,438.0,2.0
295,73,443.0,477.0,0.0
295,64,501.0,445.0,0.0
295,90,478.0,485.0,0.0
295,4,509.0,428.0,0.0
295,13,538.0,438.0,0.0
295,54,480.0,445.0,0.0
295,63,502.0,501.0,0.0
295,86,447.0,467.0,0.0
295,91,526.0,502.0,0.0
295,62,523.0,474.0,0.0
295,58,472.0,418.0,2.0
295,52,479.0,418.0,0.0
295,12,445.0,417.0,2.0
295,28,479.0,490.0,0.0
295,75,443.0,424.0,2.0
295,23,510.0,421.0,0.0
295,92,492.0,477.0,0.0
295,41,456.0,487.0,0.0
295,43,521.0,414.0,0.0
295,11,504.0,431.0,0.0
295,36,506.0,467.0,0.0
295,68,513.0,413.0,0.0
295,69,449.0,437.0,2.0
295,98,442.0,500.0,0.0
295,82,470.0,411.0,2.0
295,85,526.0,409.0,0.0
295,39,483.0,504.0,0.0
295,84,522.0,446.0,0.0
295,77,449.0,493.0,0.0
295,7,504.0,426.0,0.0
295,25,448.0,458.0,2.0
295,95,523.0,506.0,0.0
295,71,473.0,502.0,0.0
295,66,507.0,505.0,0.0
295,76,477.0,489.0,0.0
295,34,479.0,409.0,0.0
295,50,448.0,442.0,2.0
295,59,502.0,441.0,0.0
295,93,449.0,442.0,2.0
295,2,485.0,445.0,0.0
295,10,454.0,426.0,2.0
295,18,458.0,418.0,2.0
295,26,472.0,414.0,2.0
295,27,453.0,409.0,2.0
295,42,441.0,482.0,0.0
295,87,505.0,455.0,0.0
295,100,530.0,428.0,0.0
295,79,516.0,470.0,0.0
295,16,487.0,488.0,0.0
295,20,457.0,478.0,0.0
295,81,527.0,410.0,0.0
295,19,442.0,464.0,0.0
295,49,482.0,429.0,0.0
295,44,469.0,440.0,2.0
295,9,536.0,504.0,0.0
295,31,468.0,418.0,2.0
295,74,512.0,437.0,0.0
295,61,458.0,468.0,0.0
295,29,493.0,442.0,0.0
295,94,487.0,420.0,0.0
295,46,510.0,446.0,0.0
295,57,446.0,436.0,2.0
295,70,536.0,501.0,0.0
295,21,513.0,476.0,0.0
295,38,533.0,493.0,0.0
295,88,505.0,486.0,0.0
295,78,516.0,408.0,0.0
295,72,454.0,479.0,0.0
295,24,443.0,477.0,0.0
295,8,495.0,453.0,0.0
295,17,499.0,454.0,0.0
295,37,500.0,481.0,0.0
295,1,441.0,460.0,2.0
295,53,511.0,470.0,0.0
295,22,446.0,493.0,0.0
295,47,498.0,470.0,0.0
295,83,495.0,475.0,0.0
295,99,482.0,408.0,0.0
295,89,474.0,460.0,0.0
295,14,453.0,457.0,2.0
295,3,495.0,416.0,0.0
295,80,517.0,419.0,0.0
295,96,442.0,483.0,0.0
295,51,515.0,430.0,0.0
295,33,509.0,431.0,0.0
295,40,528.0,407.0,0.0
295,48,532.0,423.0,0.0
295,15,537.0,420.0,0.0
295,65,457.0,487.0,0.0
295,97,450.0,476.0,0.0
296,5,517.0,420.0,0.0
296,56,447.0,504.0,0.0
296,35,517.0,473.0,0.0
296,55,512.0,475.0,0.0
296,60,479.0,468.0,0.0
296,30,454.0,439.0,2.0
296,32,459.0,502.0,0.0
296,6,455.0,487.0,0.0
296,67,507.0,424.0,0.0
296,45,466.0,438.0,2.0
296,73,443.0,477.0,0.0
296,64,501.0,445.0,0.0
296,90,478.0,485.0,0.0
296,4,509.0,428.0,0.0
296,13,538.0,438.0,0.0
296,54,480.0,445.0,0.0
296,63,502.0,501.0,0.0
296,86,447.0,467.0,0.0
296,91,526.0,502.0,0.0
296,62,523.0,474.0,0.0
296,58,472.0,418.0,2.0
296,52,479.0,418.0,0.0
296,12,445.0,417.0,2.0
296,28,479.0,490.0,0.0
296,75,443.0,424.0,2.0
296,23,510.0,421.0,0.0
296,92,492.0,477.0,0.0
296,41,456.0,487.0,0.0
296,43,521.0,414.0,0.0
296,11,504.0,431.0,0.0
296,36,506.0,467.0,0.0
296,68,513.0,413.0,0.0
296,69,449.0,437.0,2.0
296,98,442.0,500.0,0.0
296,82,470.0,411.0,2.0
296,85,526.0,409.0,0.0
296,39,483.0,504.0,0.0
296,84,522.0,446.0,0.0
296,77,449.0,493.0,0.0
296,7,504.0,426.0,0.0
296,25,448.0,458.0,2.0
296,95,523.0,506.0,0.0
296,71,473.0,502.0,0.0
296,66,507.0,505.0,0.0
296,76,477.0,489.0,0.0
296,34,479.0,409.0,0.0
296,50,448.0,442.0,2.0
296,59,502.0,441.0,0.0
296,93,449.0,442.0,2.0
296,2,485.0,445.0,0.0
296,10,454.0,426.0,2.0
296,18,458.0,418.0,2.0
296,26,472.0,414.0,2.0
296,27,453.0,409.0,2.0
296,42,441.0,482.0,0.0
296,87,505.0,455.0,0.0
296,100,530.0,428.0,0.0
296,79,516.0,470.0,0.0
296,16,487.0,488.0,0.0
296,20,457.0,478.0,0.0
296,81,527.0,410.0,0.0
296,19,442.0,464.0,0.0
296,49,482.0,429.0,0.0
296,44,469.0,440.0,2.0
296,9,536.0,504.0,0.0
296,31,468.0,418.0,2.0
296,74,512.0,437.0,0.0
296,61,458.0,468.0,0.0
296,29,493.0,442.0,0.0
296,94,487.0,420.0,0.0
296,46,510.0,446.0,0.0
296,57,446.0,436.0,2.0
296,70,536.0,501.0,0.0
296,21,513.0,476.0,0.0
296,38,533.0,493.0,0.0
296,88,505.0,486.0,0.0
296,78,516.0,408.0,0.0
296,72,454.0,479.0,0.0
296,24,443.0,477.0,0.0
296,8,495.0,453.0,0.0
296,17,499.0,454.0,0.0
296,37,500.0,481.0,0.0
296,1,441.0,460.0,2.0
296,53,511.0,470.0,0.0
296,22,446.0,493.0,0.0
296,47,498.0,470.0,0.0
296,83,495.0,475.0,0.0
296,99,482.0,408.0,0.0
296,89,474.0,460.0,0.0
296,14,453.0,457.0,2.0
296,3,495.0,416.0,0.0
296,80,517.0,419.0,0.0
296,96,442.0,483.0,0.0
296,51,515.0,430.0,0.0
296,33,509.0,431.0,0.0
296,40,528.0,407.0,0.0
296,48,532.0,423.0,0.0
296,15,537.0,420.0,0.0
296,65,457.0,487.0,0.0
296,97,450.0,476.0,0.0
297,5,517.0,420.0,0.0
297,56,447.0,504.0,0.0
297,35,517.0,473.0,0.0
297,55,512.0,475.0,0.0
297,60,479.0,468.0,0.0
297,30,454.0,439.0,2.0
297,32,459.0,502.0,0.0
297,6,455.0,487.0,0.0
297,67,507.0,424.0,0.0
297,45,466.0,438.0,2.0
297,73,443.0,477.0,0.0
297,64,501.0,445.0,0.0
297,90,478.0,485.0,0.0
297,4,509.0,428.0,0.0
297,13,538.0,438.0,0.0
297,54,480.0,445.0,0.0
297,63,502.0,501.0,0.0
297,86,447.0,467.0,0.0
297,91,526.0,502.0,0.0
297,62,523.0,474.0,0.0
297,58,472.0,418.0,2.0
297,52,479.0,418.0,0.0
297,12,445.0,417.0,2.0
297,28,479.0,490.0,0.0
297,75,443.0,424.0,2.0
297,23,510.0,421.0,0.0
297,92,492.0,477.0,0.0
297,41,456.0,487.0,0.0
297,43,521.0,414.0,0.0
297,11,504.0,431.0,0.0
297,36,506.0,467.0,0.0
297,68,513.0,413.0,0.0
297,69,449.0,437.0,2.0
297,98,442.0,500.0,0.0
297,82,470.0,411.0,2.0
297,85,526.0,409.0,0.0
297,39,483.0,504.0,0.0
297,84,522.0,446.0,0.0
297,77,449.0,493.0,0.0
297,7,504.0,426.0,0.0
297,25,448.0,458.0,2.0
297,95,523.0,506.0,0.0
297,71,473.0,502.0,0.0
297,66,507.0,505.0,0.0
297,76,477.0,489.0,0.0
297,34,479.0,409.0,0.0
297,50,448.0,442.0,2.0
297,59,502.0,441.0,0.0
297,93,449.0,442.0,2.0
297,2,485.0,445.0,0.0
297,10,454.0,426.0,2.0
297,18,458.0,418.0,2.0
297,26,472.0,414.0,2.0
297,27,453.0,409.0,2.0
297,42,441.0,482.0,0.0
297,87,505.0,455.0,0.0
297,100,530.0,428.0,0.0
297,79,516.0,470.0,0.0
297,16,487.0,488.0,0.0
297,20,457.0,478.0,0.0
297,81,527.0,410.0,0.0
297,19,442.0,464.0,0.0
297,49,482.0,429.0,0.0
297,44,469.0,440.0,2.0
297,9,536.0,504.0,0.0
297,31,468.0,418.0,2.0
297,74,512.0,437.0,0.0
297,61,458.0,468.0,0.0
297,29,493.0,442.0,0.0
297,94,487.0,420.0,0.0
297,46,510.0,446.0,0.0
297,57,446.0,436.0,2.0
297,70,536.0,501.0,0.0
297,21,513.0,476.0,0.0
297,38,533.0,493.0,0.0
297,88,505.0,486.0,0.0
297,78,516.0,408.0,0.0
297,72,454.0,479.0,0.0
297,24,443.0,477.0,0.0
297,8,495.0,453.0,0.0
297,17,499.0,454.0,0.0
297,37,500.0,481.0,0.0
297,1,441.0,460.0,2.0
297,53,511.0,470.0,0.0
297,22,446.0,493.0,0.0
297,47,498.0,470.0,0.0
297,83,495.0,475.0,0.0
297,99,482.0,408.0,0.0
297,89,474.0,460.0,0.0
297,14,453.0,457.0,2.0
297,3,495.0,416.0,0.0
297,80,517.0,419.0,0.0
297,96,442.0,483.0,0.0
297,51,515.0,430.0,0.0
297,33,509.0,431.0,0.0
297,40,528.0,407.0,0.0
297,48,532.0,423.0,0.0
297,15,537.0,420.0,0.0
297,65,457.0,487.0,0.0
297,97,450.0,476.0,0.0
298,5,517.0,420.0,0.0
298,56,447.0,504.0,0.0
298,35,517.0,473.0,0.0
298,55,512.0,475.0,0.0
298,60,479.0,468.0,0.0
298,30,454.0,439.0,2.0
298,32,459.0,502.0,0.0
298,6,455.0,487.0,0.0
298,67,507.0,424.0,0.0
298,45,466.0,438.0,2.0
298,73,443.0,477.0,0.0
298,64,501.0,445.0,0.0
298,90,478.0,485.0,0.0
298,4,509.0,428.0,0.0
298,13,538.0,438.0,0.0
298,54,480.0,445.0,0.0
298,63,502.0,501.0,0.0
298,86,447.0,467.0,0.0
298,91,526.0,502.0,0.0
298,62,523.0,474.0,0.0
298,58,472.0,418.0,2.0
298,52,479.0,418.0,0.0
298,12,445.0,417.0,2.0
298,28,479.0,490.0,0.0
298,75,443.0,424.0,2.0
298,23,510.0,421.0,0.0
298,92,492.0,477.0,0.0
298,41,456.0,487.0,0.0
298,43,521.0,414.0,0.0
298,11,504.0,431.0,0.0
298,36,506.0,467.0,0.0
298,68,513.0,413.0,0.0
298,69,449.0,437.0,2.0
298,98,442.0,500.0,0.0
298,82,470.0,411.0,2.0
298,85,526.0,409.0,0.0
298,39,483.0,504.0,0.0
298,84,522.0,446.0,0.0
298,77,449.0,493.0,0.0
298,7,504.0,426.0,0.0
298,25,448.0,458.0,2.0
298,95,523.0,506.0,0.0
298,71,473.0,502.0,0.0
298,66,507.0,505.0,0.0
298,76,477.0,489.0,0.0
298,34,479.0,409.0,0.0
298,50,448.0,442.0,2.0
298,59,502.0,441.0,0.0
298,93,449.0,442.0,2.0
298,2,485.0,445.0,0.0
298,10,454.0,426.0,2.0
298,18,458.0,418.0,2.0
298,26,472.0,414.0,2.0
298,27,453.0,409.0,2.0
298,42,441.0,482.0,0.0
298,87,505.0,455.0,0.0
298,100,530.0,428.0,0.0
298,79,516.0,470.0,0.0
298,16,487.0,488.0,0.0
298,20,457.0,478.0,0.0
298,81,527.0,410.0,0.0
298,19,442.0,464.0,0.0
298,49,482.0,429.0,0.0
298,44,469.0,440.0,2.0
298,9,536.0,504.0,0.0
298,31,468.0,418.0,2.0
298,74,512.0,437.0,0.0
298,61,458.0,468.0,0.0
298,29,493.0,442.0,0.0
298,94,487.0,420.0,0.0
298,46,510.0,446.0,0.0
298,57,446.0,436.0,2.0
298,70,536.0,501.0,0.0
298,21,513.0,476.0,0.0
298,38,533.0,493.0,0.0
298,88,505.0,486.0,0.0
298,78,516.0,408.0,0.0
298,72,454.0,479.0,0.0
298,24,443.0,477.0,0.0
298,8,495.0,453.0,0.0
298,17,499.0,454.0,0.0
298,37,500.0,481.0,0.0
298,1,441.0,460.0,2.0
298,53,511.0,470.0,0.0
298,22,446.0,493.0,0.0
298,47,498.0,470.0,0.0
298,83,495.0,475.0,0.0
298,99,482.0,408.0,0.0
298,89,474.0,460.0,0.0
298,14,453.0,457.0,2.0
298,3,495.0,416.0,0.0
298,80,517.0,419.0,0.0
298,96,442.0,483.0,0.0
298,51,515.0,430.0,0.0
298,33,509.0,431.0,0.0
298,40,528.0,407.0,0.0
298,48,532.0,423.0,0.0
298,15,537.0,420.0,0.0
298,65,457.0,487.0,0.0
298,97,450.0,476.0,0.0
299,5,517.0,420.0,0.0
299,56,447.0,504.0,0.0
299,35,517.0,473.0,0.0
299,55,512.0,475.0,0.0
299,60,479.0,468.0,0.0
299,30,454.0,439.0,2.0
299,32,459.0,502.0,0.0
299,6,455.0,487.0,0.0
299,67,507.0,424.0,0.0
299,45,466.0,438.0,2.0
299,73,443.0,477.0,0.0
299,64,501.0,445.0,0.0
299,90,478.0,485.0,0.0
299,4,509.0,428.0,0.0
299,13,538.0,438.0,0.0
299,54,480.0,445.0,0.0
299,63,502.0,501.0,0.0
299,86,447.0,467.0,0.0
299,91,526.0,502.0,0.0
299,62,523.0,474.0,0.0
299,58,472.0,418.0,2.0
299,52,479.0,418.0,0.0
299,12,445.0,417.0,2.0
299,28,479.0,490.0,0.0
299,75,443.0,424.0,2.0
299,23,510.0,421.0,0.0
299,92,492.0,477.0,0.0
299,41,456.0,487.0,0.0
299,43,521.0,414.0,0.0
299,11,504.0,431.0,0.0
299,36,506.0,467.0,0.0
299,68,513.0,413.0,0.0
299,69,449.0,437.0,2.0
299,98,442.0,500.0,0.0
299,82,470.0,411.0,2.0
299,85,526.0,409.0,0.0
299,39,483.0,504.0,0.0
299,84,522.0,446.0,0.0
299,77,449.0,493.0,0.0
299,7,504.0,426.0,0.0
299,25,448.0,458.0,2.0
299,95,523.0,506.0,0.0
299,71,473.0,502.0,0.0
299,66,507.0,505.0,0.0
299,76,477.0,489.0,0.0
299,34,479.0,409.0,0.0
299,50,448.0,442.0,2.0
299,59,502.0,441.0,0.0
299,93,449.0,442.0,2.0
299,2,485.0,445.0,0.0
299,10,454.0,426.0,2.0
299,18,458.0,418.0,2.0
299,26,472.0,414.0,2.0
299,27,453.0,409.0,2.0
299,42,441.0,482.0,0.0
299,87,505.0,455.0,0.0
299,100,530.0,428.0,0.0
299,79,516.0,470.0,0.0
299,16,487.0,488.0,0.0
299,20,457.0,478.0,0.0
299,81,527.0,410.0,0.0
299,19,442.0,464.0,0.0
299,49,482.0,429.0,0.0
299,44,469.0,440.0,2.0
299,9,536.0,504.0,0.0
299,31,468.0,418.0,2.0
299,74,512.0,437.0,0.0
299,61,458.0,468.0,0.0
299,29,493.0,442.0,0.0
299,94,487.0,420.0,0.0
299,46,510.0,446.0,0.0
299,57,446.0,436.0,2.0
299,70,536.0,501.0,0.0
299,21,513.0,476.0,0.0
299,38,533.0,493.0,0.0
299,88,505.0,486.0,0.0
299,78,516.0,408.0,0.0
299,72,454.0,479.0,0.0
299,24,443.0,477.0,0.0
299,8,495.0,453.0,0.0
299,17,499.0,454.0,0.0
299,37,500.0,481.0,0.0
299,1,441.0,460.0,2.0
299,53,511.0,470.0,0.0
299,22,446.0,493.0,0.0
299,47,498.0,470.0,0.0
299,83,495.0,475.0,0.0
299,99,482.0,408.0,0.0
299,89,474.0,460.0,0.0
299,14,453.0,457.0,2.0
299,3,495.0,416.0,0.0
299,80,517.0,419.0,0.0
299,96,442.0,483.0,0.0
299,51,515.0,430.0,0.0
299,33,509.0,431.0,0.0
299,40,528.0,407.0,0.0
299,48,532.0,423.0,0.0
299,15,537.0,420.0,0.0
299,65,457.0,487.0,0.0
299,97,450.0,476.0,0.0
300,5,517.0,420.0,0.0
300,56,447.0,504.0,0.0
300,35,517.0,473.0,0.0
300,55,512.0,475.0,0.0
300,60,479.0,468.0,0.0
300,30,454.0,439.0,2.0
300,32,459.0,502.0,0.0
300,6,455.0,487.0,0.0
300,67,507.0,424.0,0.0
300,45,466.0,438.0,2.0
300,73,443.0,477.0,0.0
300,64,501.0,445.0,0.0
300,90,478.0,485.0,0.0
300,4,509.0,428.0,0.0
300,13,538.0,438.0,0.0
300,54,480.0,445.0,0.0
300,63,502.0,501.0,0.0
300,86,447.0,467.0,0.0
300,91,526.0,502.0,0.0
300,62,523.0,474.0,0.0
300,58,472.0,418.0,2.0
300,52,479.0,418.0,0.0
300,12,445.0,417.0,2.0
300,28,479.0,490.0,0.0
300,75,443.0,424.0,2.0
300,23,510.0,421.0,0.0
300,92,492.0,477.0,0.0
300,41,456.0,487.0,0.0
300,43,521.0,414.0,0.0
300,11,504.0,431.0,0.0
300,36,506.0,467.0,0.0
300,68,513.0,413.0,0.0
300,69,449.0,437.0,2.0
300,98,442.0,500.0,0.0
300,82,470.0,411.0,2.0
300,85,526.0,409.0,0.0
300,39,483.0,504.0,0.0
300,84,522.0,446.0,0.0
300,77,449.0,493.0,0.0
300,7,504.0,426.0,0.0
300,25,448.0,458.0,2.0
300,95,523.0,506.0,0.0
300,71,473.0,502.0,0.0
300,66,507.0,505.0,0.0
300,76,477.0,489.0,0.0
300,34,479.0,409.0,0.0
300,50,448.0,442.0,2.0
300,59,502.0,441.0,0.0
300,93,449.0,442.0,2.0
300,2,485.0,445.0,0.0
300,10,454.0,426.0,2.0
300,18,458.0,418.0,2.0
300,26,472.0,414.0,2.0
300,27,453.0,409.0,2.0
300,42,441.0,482.0,0.0
300,87,505.0,455.0,0.0
300,100,530.0,428.0,0.0
300,79,516.0,470.0,0.0
300,16,487.0,488.0,0.0
300,20,457.0,478.0,0.0
300,81,527.0,410.0,0.0
300,19,442.0,464.0,0.0
300,49,482.0,429.0,0.0
300,44,469.0,440.0,2.0
300,9,536.0,504.0,0.0
300,31,468.0,418.0,2.0
300,74,512.0,437.0,0.0
300,61,458.0,468.0,0.0
300,29,493.0,442.0,0.0
300,94,487.0,420.0,0.0
300,46,510.0,446.0,0.0
300,57,446.0,436.0,2.0
300,70,536.0,501.0,0.0
300,21,513.0,476.0,0.0
300,38,533.0,493.0,0.0
300,88,505.0,486.0,0.0
300,78,516.0,408.0,0.0
300,72,454.0,479.0,0.0
300,24,443.0,477.0,0.0
300,8,495.0,453.0,0.0
300,17,499.0,454.0,0.0
300,37,500.0,481.0,0.0
300,1,441.0,460.0,2.0
300,53,511.0,470.0,0.0
300,22,446.0,493.0,0.0
300,47,498.0,470.0,0.0
300,83,495.0,475.0,0.0
300,99,482.0,408.0,0.0
300,89,474.0,460.0,0.0
300,14,453.0,457.0,2.0
300,3,495.0,416.0,0.0
300,80,517.0,419.0,0.0
300,96,442.0,483.0,0.0
300,51,515.0,430.0,0.0
300,33,509.0,431.0,0.0
300,40,528.0,407.0,0.0
300,48,532.0,423.0,0.0
300,15,537.0,420.0,0.0
300,65,457.0,487.0,0.0
300,97,450.0,476.0,0.0
301,5,517.0,420.0,0.0
301,56,447.0,504.0,0.0
301,35,517.0,473.0,0.0
301,55,512.0,475.0,0.0
301,60,479.0,468.0,0.0
301,30,454.0,439.0,2.0
301,32,459.0,502.0,0.0
301,6,455.0,487.0,0.0
301,67,507.0,424.0,0.0
301,45,466.0,438.0,2.0
301,73,443.0,477.0,0.0
301,64,501.0,445.0,0.0
301,90,478.0,485.0,0.0
301,4,509.0,428.0,0.0
301,13,538.0,438.0,0.0
301,54,480.0,445.0,0.0
301,63,502.0,501.0,0.0
301,86,447.0,467.0,0.0
301,91,526.0,502.0,0.0
301,62,523.0,474.0,0.0
301,58,472.0,418.0,2.0
301,52,479.0,418.0,0.0
301,12,445.0,417.0,2.0
301,28,479.0,490.0,0.0
301,75,443.0,424.0,2.0
301,23,510.0,421.0,0.0
301,92,492.0,477.0,0.0
301,41,456.0,487.0,0.0
301,43,521.0,414.0,0.0
301,11,504.0,431.0,0.0
301,36,506.0,467.0,0.0
301,68,513.0,413.0,0.0
301,69,449.0,437.0,2.0
301,98,442.0,500.0,0.0
301,82,470.0,411.0,2.0
301,85,526.0,409.0,0.0
301,39,483.0,504.0,0.0
301,84,522.0,446.0,0.0
301,77,449.0,493.0,0.0
301,7,504.0,426.0,0.0
301,25,448.0,458.0,2.0
301,95,523.0,506.0,0.0
301,71,473.0,502.0,0.0
301,66,507.0,505.0,0.0
301,76,477.0,489.0,0.0
301,34,479.0,409.0,0.0
301,50,448.0,442.0,2.0
301,59,502.0,441.0,0.0
301,93,449.0,442.0,2.0
301,2,485.0,445.0,0.0
301,10,454.0,426.0,2.0
301,18,458.0,418.0,2.0
301,26,472.0,414.0,2.0
301,27,453.0,409.0,2.0
301,42,441.0,482.0,0.0
301,87,505.0,455.0,0.0
301,100,530.0,428.0,0.0
301,79,516.0,470.0,0.0
301,16,487.0,488.0,0.0
301,20,457.0,478.0,0.0
301,81,527.0,410.0,0.0
301,19,442.0,464.0,0.0
301,49,482.0,429.0,0.0
301,44,469.0,440.0,2.0
301,9,536.0,504.0,0.0
301,31,468.0,418.0,2.0
301,74,512.0,437.0,0.0
301,61,458.0,468.0,0.0
301,29,493.0,442.0,0.0
301,94,487.0,420.0,0.0
301,46,510.0,446.0,0.0
301,57,446.0,436.0,2.0
301,70,536.0,501.0,0.0
301,21,513.0,476.0,0.0
301,38,533.0,493.0,0.0
301,88,505.0,486.0,0.0
301,78,516.0,408.0,0.0
301,72,454.0,479.0,0.0
301,24,443.0,477.0,0.0
301,8,495.0,453.0,0.0
301,17,499.0,454.0,0.0
301,37,500.0,481.0,0.0
301,1,441.0,460.0,2.0
301,53,511.0,470.0,0.0
301,22,446.0,493.0,0.0
301,47,498.0,470.0,0.0
301,83,495.0,475.0,0.0
301,99,482.0,408.0,0.0
301,89,474.0,460.0,0.0
301,14,453.0,457.0,2.0
301,3,495.0,416.0,0.0
301,80,517.0,419.0,0.0
301,96,442.0,483.0,0.0
301,51,515.0,430.0,0.0
301,33,509.0,431.0,0.0
301,40,528.0,407.0,0.0
301,48,532.0,423.0,0.0
301,15,537.0,420.0,0.0
301,65,457.0,487.0,0.0
301,97,450.0,476.0,0.0
302,5,517.0,420.0,0.0
302,56,447.0,504.0,0.0
302,35,517.0,473.0,0.0
302,55,512.0,475.0,0.0
302,60,479.0,468.0,0.0
302,30,454.0,439.0,2.0
302,32,459.0,502.0,0.0
302,6,455.0,487.0,0.0
302,67,507.0,424.0,0.0
302,45,466.0,438.0,2.0
302,73,443.0,477.0,0.0
302,64,501.0,445.0,0.0
302,90,478.0,485.0,0.0
302,4,509.0,428.0,0.0
302,13,538.0,438.0,0.0
302,54,480.0,445.0,0.0
302,63,502.0,501.0,0.0
302,86,447.0,467.0,0.0
302,91,526.0,502.0,0.0
302,62,523.0,474.0,0.0
302,58,472.0,418.0,2.0
302,52,479.0,418.0,0.0
302,12,445.0,417.0,2.0
302,28,479.0,490.0,0.0
302,75,443.0,424.0,2.0
302,23,510.0,421.0,0.0
302,92,492.0,477.0,0.0
302,41,456.0,487.0,0.0
302,43,521.0,414.0,0.0
302,11,504.0,431.0,0.0
302,36,506.0,467.0,0.0
302,68,513.0,413.0,0.0
302,69,449.0,437.0,2.0
302,98,442.0,500.0,0.0
302,82,470.0,411.0,2.0
302,85,526.0,409.0,0.0
302,39,483.0,504.0,0.0
302,84,522.0,446.0,0.0
302,77,449.0,493.0,0.0
302,7,504.0,426.0,0.0
302,25,448.0,458.0,2.0
302,95,523.0,506.0,0.0
302,71,473.0,502.0,0.0
302,66,507.0,505.0,0.0
302,76,477.0,489.0,0.0
302,34,479.0,409.0,0.0
302,50,448.0,442.0,2.0
302,59,502.0,441.0,0.0
302,93,449.0,442.0,2.0
302,2,485.0,445.0,0.0
302,10,454.0,426.0,2.0
302,18,458.0,418.0,2.0
302,26,472.0,414.0,2.0
302,27,453.0,409.0,2.0
302,42,441.0,482.0,0.0
302,87,505.0,455.0,0.0
302,100,530.0,428.0,0.0
302,79,516.0,470.0,0.0
302,16,487.0,488.0,0.0
302,20,457.0,478.0,0.0
302,81,527.0,410.0,0.0
302,19,442.0,464.0,0.0
302,49,482.0,429.0,0.0
302,44,469.0,440.0,2.0
302,9,536.0,504.0,0.0
302,31,468.0,418.0,2.0
302,74,512.0,437.0,0.0
302,61,458.0,468.0,0.0
302,29,493.0,442.0,0.0
302,94,487.0,420.0,0.0
302,46,510.0,446.0,0.0
302,57,446.0,436.0,2.0
302,70,536.0,501.0,0.0
302,21,513.0,476.0,0.0
302,38,533.0,493.0,0.0
302,88,505.0,486.0,0.0
302,78,516.0,408.0,0.0
302,72,454.0,479.0,0.0
302,24,443.0,477.0,0.0
302,8,495.0,453.0,0.0
302,17,499.0,454.0,0.0
302,37,500.0,481.0,0.0
302,1,441.0,460.0,2.0
302,53,511.0,470.0,0.0
302,22,446.0,493.0,0.0
302,47,498.0,470.0,0.0
302,83,495.0,475.0,0.0
302,99,482.0,408.0,0.0
302,89,474.0,460.0,0.0
302,14,453.0,457.0,2.0
302,3,495.0,416.0,0.0
302,80,517.0,419.0,0.0
302,96,442.0,483.0,0.0
302,51,515.0,430.0,0.0
302,33,509.0,431.0,0.0
302,40,528.0,407.0,0.0
302,48,532.0,423.0,0.0
302,15,537.0,420.0,0.0
302,65,457.0,487.0,0.0
302,97,450.0,476.0,0.0
303,5,517.0,420.0,0.0
303,56,447.0,504.0,0.0
303,35,517.0,473.0,0.0
303,55,512.0,475.0,0.0
303,60,479.0,468.0,0.0
303,30,454.0,439.0,2.0
303,32,459.0,502.0,0.0
303,6,455.0,487.0,0.0
303,67,507.0,424.0,0.0
303,45,466.0,438.0,2.0
303,73,443.0,477.0,0.0
303,64,501.0,445.0,0.0
303,90,478.0,485.0,0.0
303,4,509.0,428.0,0.0
303,13,538.0,438.0,0.0
303,54,480.0,445.0,0.0
303,63,502.0,501.0,0.0
303,86,447.0,467.0,0.0
303,91,526.0,502.0,0.0
303,62,523.0,474.0,0.0
303,58,472.0,418.0,2.0
303,52,479.0,418.0,0.0
303,12,445.0,417.0,2.0
303,28,479.0,490.0,0.0
303,75,443.0,424.0,2.0
303,23,510.0,421.0,0.0
303,92,492.0,477.0,0.0
303,41,456.0,487.0,0.0
303,43,521.0,414.0,0.0
303,11,504.0,431.0,0.0
303,36,506.0,467.0,0.0
303,68,513.0,413.0,0.0
303,69,449.0,437.0,2.0
303,98,442.0,500.0,0.0
303,82,470.0,411.0,2.0
303,85,526.0,409.0,0.0
303,39,483.0,504.0,0.0
303,84,522.0,446.0,0.0
303,77,449.0,493.0,0.0
303,7,504.0,426.0,0.0
303,25,448.0,458.0,2.0
303,95,523.0,506.0,0.0
303,71,473.0,502.0,0.0
303,66,507.0,505.0,0.0
303,76,477.0,489.0,0.0
303,34,479.0,409.0,0.0
303,50,448.0,442.0,2.0
303,59,502.0,441.0,0.0
303,93,449.0,442.0,2.0
303,2,485.0,445.0,0.0
303,10,454.0,426.0,2.0
303,18,458.0,418.0,2.0
303,26,472.0,414.0,2.0
303,27,453.0,409.0,2.0
303,42,441.0,482.0,0.0
303,87,505.0,455.0,0.0
303,100,530.0,428.0,0.0
303,79,516.0,470.0,0.0
303,16,487.0,488.0,0.0
303,20,457.0,478.0,0.0
303,81,527.0,410.0,0.0
303,19,442.0,464.0,0.0
303,49,482.0,429.0,0.0
303,44,469.0,440.0,2.0
303,9,536.0,504.0,0.0
303,31,468.0,418.0,2.0
303,74,512.0,437.0,0.0
303,61,458.0,468.0,0.0
303,29,493.0,442.0,0.0
303,94,487.0,420.0,0.0
303,46,510.0,446.0,0.0
303,57,446.0,436.0,2.0
303,70,536.0,501.0,0.0
303,21,513.0,476.0,0.0
303,38,533.0,493.0,0.0
303,88,505.0,486.0,0.0
303,78,516.0,408.0,0.0
303,72,454.0,479.0,0.0
303,24,443.0,477.0,0.0
303,8,495.0,453.0,0.0
303,17,499.0,454.0,0.0
303,37,500.0,481.0,0.0
303,1,441.0,460.0,2.0
303,53,511.0,470.0,0.0
303,22,446.0,493.0,0.0
303,47,498.0,470.0,0.0
303,83,495.0,475.0,0.0
303,99,482.0,408.0,0.0
303,89,474.0,460.0,0.0
303,14,453.0,457.0,2.0
303,3,495.0,416.0,0.0
303,80,517.0,419.0,0.0
303,96,442.0,483.0,0.0
303,51,515.0,430.0,0.0
303,33,509.0,431.0,0.0
303,40,528.0,407.0,0.0
303,48,532.0,423.0,0.0
303,15,537.0,420.0,0.0
303,65,457.0,487.0,0.0
303,97,450.0,476.0,0.0
304,5,517.0,420.0,0.0
304,56,447.0,504.0,0.0
304,35,517.0,473.0,0.0
304,55,512.0,475.0,0.0
304,60,479.0,468.0,0.0
304,30,454.0,439.0,2.0
304,32,459.0,502.0,0.0
304,6,455.0,487.0,0.0
304,67,507.0,424.0,0.0
304,45,466.0,438.0,2.0
304,73,443.0,477.0,0.0
304,64,501.0,445.0,0.0
304,90,478.0,485.0,0.0
304,4,509.0,428.0,0.0
304,13,538.0,438.0,0.0
304,54,480.0,445.0,0.0
304,63,502.0,501.0,0.0
304,86,447.0,467.0,0.0
304,91,526.0,502.0,0.0
304,62,523.0,474.0,0.0
304,58,472.0,418.0,2.0
304,52,479.0,418.0,0.0
304,12,445.0,417.0,2.0
304,28,479.0,490.0,0.0
304,75,443.0,424.0,2.0
304,23,510.0,421.0,0.0
304,92,492.0,477.0,0.0
304,41,456.0,487.0,0.0
304,43,521.0,414.0,0.0
304,11,504.0,431.0,0.0
304,36,506.0,467.0,0.0
304,68,513.0,413.0,0.0
304,69,449.0,437.0,2.0
304,98,442.0,500.0,0.0
304,82,470.0,411.0,2.0
304,85,526.0,409.0,0.0
304,39,483.0,504.0,0.0
304,84,522.0,446.0,0.0
304,77,449.0,493.0,0.0
304,7,504.0,426.0,0.0
304,25,448.0,458.0,2.0
304,95,523.0,506.0,0.0
304,71,473.0,502.0,0.0
304,66,507.0,505.0,0.0
304,76,477.0,489.0,0.0
304,34,479.0,409.0,0.0
304,50,448.0,442.0,2.0
304,59,502.0,441.0,0.0
304,93,449.0,442.0,2.0
304,2,485.0,445.0,0.0
304,10,454.0,426.0,2.0
304,18,458.0,418.0,2.0
304,26,472.0,414.0,2.0
304,27,453.0,409.0,2.0
304,42,441.0,482.0,0.0
304,87,505.0,455.0,0.0
304,100,530.0,428.0,0.0
304,79,516.0,470.0,0.0
304,16,487.0,488.0,0.0
304,20,457.0,478.0,0.0
304,81,527.0,410.0,0.0
304,19,442.0,464.0,0.0
304,49,482.0,429.0,0.0
304,44,469.0,440.0,2.0
304,9,536.0,504.0,0.0
304,31,468.0,418.0,2.0
304,74,512.0,437.0,0.0
304,61,458.0,468.0,0.0
304,29,493.0,442.0,0.0
304,94,487.0,420.0,0.0
304,46,510.0,446.0,0.0
304,57,446.0,436.0,2.0
304,70,536.0,501.0,0.0
304,21,513.0,476.0,0.0
304,38,533.0,493.0,0.0
304,88,505.0,486.0,0.0
304,78,516.0,408.0,0.0
304,72,454.0,479.0,0.0
304,24,443.0,477.0,0.0
304,8,495.0,453.0,0.0
304,17,499.0,454.0,0.0
304,37,500.0,481.0,0.0
304,1,441.0,460.0,2.0
304,53,511.0,470.0,0.0
304,22,446.0,493.0,0.0
304,47,498.0,470.0,0.0
304,83,495.0,475.0,0.0
304,99,482.0,408.0,0.0
304,89,474.0,460.0,0.0
304,14,453.0,457.0,2.0
304,3,495.0,416.0,0.0
304,80,517.0,419.0,0.0
304,96,442.0,483.0,0.0
304,51,515.0,430.0,0.0
304,33,509.0,431.0,0.0
304,40,528.0,407.0,0.0
304,48,532.0,423.0,0.0
304,15,537.0,420.0,0.0
304,65,457.0,487.0,0.0
304,97,450.0,476.0,0.0
305,5,517.0,420.0,0.0
305,56,447.0,504.0,0.0
305,35,517.0,473.0,0.0
305,55,512.0,475.0,0.0
305,60,479.0,468.0,0.0
305,30,454.0,439.0,2.0
305,32,459.0,502.0,0.0
305,6,455.0,487.0,0.0
305,67,507.0,424.0,0.0
305,45,466.0,438.0,2.0
305,73,443.0,477.0,0.0
305,64,501.0,445.0,0.0
305,90,478.0,485.0,0.0
305,4,509.0,428.0,0.0
305,13,538.0,438.0,0.0
305,54,480.0,445.0,0.0
305,63,502.0,501.0,0.0
305,86,447.0,467.0,0.0
305,91,526.0,502.0,0.0
305,62,523.0,474.0,0.0
305,58,472.0,418.0,2.0
305,52,479.0,418.0,0.0
305,12,445.0,417.0,2.0
305,28,479.0,490.0,0.0
305,75,443.0,424.0,2.0
305,23,510.0,421.0,0.0
305,92,492.0,477.0,0.0
305,41,456.0,487.0,0.0
305,43,521.0,414.0,0.0
305,11,504.0,431.0,0.0
305,36,506.0,467.0,0.0
305,68,513.0,413.0,0.0
305,69,449.0,437.0,2.0
305,98,442.0,500.0,0.0
305,82,470.0,411.0,2.0
305,85,526.0,409.0,0.0
305,39,483.0,504.0,0.0
305,84,522.0,446.0,0.0
305,77,449.0,493.0,0.0
305,7,504.0,426.0,0.0
305,25,448.0,458.0,2.0
305,95,523.0,506.0,0.0
305,71,473.0,502.0,0.0
305,66,507.0,505.0,0.0
305,76,477.0,489.0,0.0
305,34,479.0,409.0,0.0
305,50,448.0,442.0,2.0
305,59,502.0,441.0,0.0
305,93,449.0,442.0,2.0
305,2,485.0,445.0,0.0
305,10,454.0,426.0,2.0
305,18,458.0,418.0,2.0
305,26,472.0,414.0,2.0
305,27,453.0,409.0,2.0
305,42,441.0,482.0,0.0
305,87,505.0,455.0,0.0
305,100,530.0,428.0,0.0
305,79,516.0,470.0,0.0
305,16,487.0,488.0,0.0
305,20,457.0,478.0,0.0
305,81,527.0,410.0,0.0
305,19,442.0,464.0,0.0
305,49,482.0,429.0,0.0
305,44,469.0,440.0,2.0
305,9,536.0,504.0,0.0
305,31,468.0,418.0,2.0
305,74,512.0,437.0,0.0
305,61,458.0,468.0,0.0
305,29,493.0,442.0,0.0
305,94,487.0,420.0,0.0
305,46,510.0,446.0,0.0
305,57,446.0,436.0,2.0
305,70,536.0,501.0,0.0
305,21,513.0,476.0,0.0
305,38,533.0,493.0,0.0
305,88,505.0,486.0,0.0
305,78,516.0,408.0,0.0
305,72,454.0,479.0,0.0
305,24,443.0,477.0,0.0
305,8,495.0,453.0,0.0
305,17,499.0,454.0,0.0
305,37,500.0,481.0,0.0
305,1,441.0,460.0,2.0
305,53,511.0,470.0,0.0
305,22,446.0,493.0,0.0
305,47,498.0,470.0,0.0
305,83,495.0,475.0,0.0
305,99,482.0,408.0,0.0
305,89,474.0,460.0,0.0
305,14,453.0,457.0,2.0
305,3,495.0,416.0,0.0
305,80,517.0,419.0,0.0
305,96,442.0,483.0,0.0
305,51,515.0,430.0,0.0
305,33,509.0,431.0,0.0
305,40,528.0,407.0,0.0
305,48,532.0,423.0,0.0
305,15,537.0,420.0,0.0
305,65,457.0,487.0,0.0
305,97,450.0,476.0,0.0
306,5,517.0,420.0,0.0
306,56,447.0,504.0,0.0
306,35,517.0,473.0,0.0
306,55,512.0,475.0,0.0
306,60,479.0,468.0,0.0
306,30,454.0,439.0,2.0
306,32,459.0,502.0,0.0
306,6,455.0,487.0,0.0
306,67,507.0,424.0,0.0
306,45,466.0,438.0,2.0
306,73,443.0,477.0,0.0
306,64,501.0,445.0,0.0
306,90,478.0,485.0,0.0
306,4,509.0,428.0,0.0
306,13,538.0,438.0,0.0
306,54,480.0,445.0,0.0
306,63,502.0,501.0,0.0
306,86,447.0,467.0,0.0
306,91,526.0,502.0,0.0
306,62,523.0,474.0,0.0
306,58,472.0,418.0,2.0
306,52,479.0,418.0,0.0
306,12,445.0,417.0,2.0
306,28,479.0,490.0,0.0
306,75,443.0,424.0,2.0
306,23,510.0,421.0,0.0
306,92,492.0,477.0,0.0
306,41,456.0,487.0,0.0
306,43,521.0,414.0,0.0
306,11,504.0,431.0,0.0
306,36,506.0,467.0,0.0
306,68,513.0,413.0,0.0
306,69,449.0,437.0,2.0
306,98,442.0,500.0,0.0
306,82,470.0,411.0,2.0
306,85,526.0,409.0,0.0
306,39,483.0,504.0,0.0
306,84,522.0,446.0,0.0
306,77,449.0,493.0,0.0
306,7,504.0,426.0,0.0
306,25,448.0,458.0,2.0
306,95,523.0,506.0,0.0
306,71,473.0,502.0,0.0
306,66,507.0,505.0,0.0
306,76,477.0,489.0,0.0
306,34,479.0,409.0,0.0
306,50,448.0,442.0,2.0
306,59,502.0,441.0,0.0
306,93,449.0,442.0,2.0
306,2,485.0,445.0,0.0
306,10,454.0,426.0,2.0
306,18,458.0,418.0,2.0
306,26,472.0,414.0,2.0
306,27,453.0,409.0,2.0
306,42,441.0,482.0,0.0
306,87,505.0,455.0,0.0
306,100,530.0,428.0,0.0
306,79,516.0,470.0,0.0
306,16,487.0,488.0,0.0
306,20,457.0,478.0,0.0
306,81,527.0,410.0,0.0
306,19,442.0,464.0,0.0
306,49,482.0,429.0,0.0
306,44,469.0,440.0,2.0
306,9,536.0,504.0,0.0
306,31,468.0,418.0,2.0
306,74,512.0,437.0,0.0
306,61,458.0,468.0,0.0
306,29,493.0,442.0,0.0
306,94,487.0,420.0,0.0
306,46,510.0,446.0,0.0
306,57,446.0,436.0,2.0
306,70,536.0,501.0,0.0
306,21,513.0,476.0,0.0
306,38,533.0,493.0,0.0
306,88,505.0,486.0,0.0
306,78,516.0,408.0,0.0
306,72,454.0,479.0,0.0
306,24,443.0,477.0,0.0
306,8,495.0,453.0,0.0
306,17,499.0,454.0,0.0
306,37,500.0,481.0,0.0
306,1,441.0,460.0,2.0
306,53,511.0,470.0,0.0
306,22,446.0,493.0,0.0
306,47,498.0,470.0,0.0
306,83,495.0,475.0,0.0
306,99,482.0,408.0,0.0
306,89,474.0,460.0,0.0
306,14,453.0,457.0,2.0
306,3,495.0,416.0,0.0
306,80,517.0,419.0,0.0
306,96,442.0,483.0,0.0
306,51,515.0,430.0,0.0
306,33,509.0,431.0,0.0
306,40,528.0,407.0,0.0
306,48,532.0,423.0,0.0
306,15,537.0,420.0,0.0
306,65,457.0,487.0,0.0
306,97,450.0,476.0,0.0
307,5,517.0,420.0,0.0
307,56,447.0,504.0,0.0
307,35,517.0,473.0,0.0
307,55,512.0,475.0,0.0
307,60,479.0,468.0,0.0
307,30,454.0,439.0,2.0
307,32,459.0,502.0,0.0
307,6,455.0,487.0,0.0
307,67,507.0,424.0,0.0
307,45,466.0,438.0,2.0
307,73,443.0,477.0,0.0
307,64,501.0,445.0,0.0
307,90,478.0,485.0,0.0
307,4,509.0,428.0,0.0
307,13,538.0,438.0,0.0
307,54,480.0,445.0,0.0
307,63,502.0,501.0,0.0
307,86,447.0,467.0,0.0
307,91,526.0,502.0,0.0
307,62,523.0,474.0,0.0
307,58,472.0,418.0,2.0
307,52,479.0,418.0,0.0
307,12,445.0,417.0,2.0
307,28,479.0,490.0,0.0
307,75,443.0,424.0,2.0
307,23,510.0,421.0,0.0
307,92,492.0,477.0,0.0
307,41,456.0,487.0,0.0
307,43,521.0,414.0,0.0
307,11,504.0,431.0,0.0
307,36,506.0,467.0,0.0
307,68,513.0,413.0,0.0
307,69,449.0,437.0,2.0
307,98,442.0,500.0,0.0
307,82,470.0,411.0,2.0
307,85,526.0,409.0,0.0
307,39,483.0,504.0,0.0
307,84,522.0,446.0,0.0
307,77,449.0,493.0,0.0
307,7,504.0,426.0,0.0
307,25,448.0,458.0,2.0
307,95,523.0,506.0,0.0
307,71,473.0,502.0,0.0
307,66,507.0,505.0,0.0
307,76,477.0,489.0,0.0
307,34,479.0,409.0,0.0
307,50,448.0,442.0,2.0
307,59,502.0,441.0,0.0
307,93,449.0,442.0,2.0
307,2,485.0,445.0,0.0
307,10,454.0,426.0,2.0
307,18,458.0,418.0,2.0
307,26,472.0,414.0,2.0
307,27,453.0,409.0,2.0
307,42,441.0,482.0,0.0
307,87,505.0,455.0,0.0
307,100,530.0,428.0,0.0
307,79,516.0,470.0,0.0
307,16,487.0,488.0,0.0
307,20,457.0,478.0,0.0
307,81,527.0,410.0,0.0
307,19,442.0,464.0,0.0
307,49,482.0,429.0,0.0
307,44,469.0,440.0,2.0
307,9,536.0,504.0,0.0
307,31,468.0,418.0,2.0
307,74,512.0,437.0,0.0
307,61,458.0,468.0,0.0
307,29,493.0,442.0,0.0
307,94,487.0,420.0,0.0
307,46,510.0,446.0,0.0
307,57,446.0,436.0,2.0
307,70,536.0,501.0,0.0
307,21,513.0,476.0,0.0
307,38,533.0,493.0,0.0
307,88,505.0,486.0,0.0
307,78,516.0,408.0,0.0
307,72,454.0,479.0,0.0
307,24,443.0,477.0,0.0
307,8,495.0,453.0,0.0
307,17,499.0,454.0,0.0
307,37,500.0,481.0,0.0
307,1,441.0,460.0,2.0
307,53,511.0,470.0,0.0
307,22,446.0,493.0,0.0
307,47,498.0,470.0,0.0
307,83,495.0,475.0,0.0
307,99,482.0,408.0,0.0
307,89,474.0,460.0,0.0
307,14,453.0,457.0,2.0
307,3,495.0,416.0,0.0
307,80,517.0,419.0,0.0
307,96,442.0,483.0,0.0
307,51,515.0,430.0,0.0
307,33,509.0,431.0,0.0
307,40,528.0,407.0,0.0
307,48,532.0,423.0,0.0
307,15,537.0,420.0,0.0
307,65,457.0,487.0,0.0
307,97,450.0,476.0,0.0
308,5,517.0,420.0,0.0
308,56,447.0,504.0,0.0
308,35,517.0,473.0,0.0
308,55,512.0,475.0,0.0
308,60,479.0,468.0,0.0
308,30,454.0,439.0,2.0
308,32,459.0,502.0,0.0
308,6,455.0,487.0,0.0
308,67,507.0,424.0,0.0
308,45,466.0,438.0,2.0
308,73,443.0,477.0,0.0
308,64,501.0,445.0,0.0
308,90,478.0,485.0,0.0
308,4,509.0,428.0,0.0
308,13,538.0,438.0,0.0
308,54,480.0,445.0,0.0
308,63,502.0,501.0,0.0
308,86,447.0,467.0,0.0
308,91,526.0,502.0,0.0
308,62,523.0,474.0,0.0
308,58,472.0,418.0,2.0
308,52,479.0,418.0,0.0
308,12,445.0,417.0,2.0
308,28,479.0,490.0,0.0
308,75,443.0,424.0,2.0
308,23,510.0,421.0,0.0
308,92,492.0,477.0,0.0
308,41,456.0,487.0,0.0
308,43,521.0,414.0,0.0
308,11,504.0,431.0,0.0
308,36,506.0,467.0,0.0
308,68,513.0,413.0,0.0
308,69,449.0,437.0,2.0
308,98,442.0,500.0,0.0
308,82,470.0,411.0,2.0
308,85,526.0,409.0,0.0
308,39,483.0,504.0,0.0
308,84,522.0,446.0,0.0
308,77,449.0,493.0,0.0
308,7,504.0,426.0,0.0
308,25,448.0,458.0,2.0
308,95,523.0,506.0,0.0
308,71,473.0,502.0,0.0
308,66,507.0,505.0,0.0
308,76,477.0,489.0,0.0
308,34,479.0,409.0,0.0
308,50,448.0,442.0,2.0
308,59,502.0,441.0,0.0
308,93,449.0,442.0,2.0
308,2,485.0,445.0,0.0
308,10,454.0,426.0,2.0
308,18,458.0,418.0,2.0
308,26,472.0,414.0,2.0
308,27,453.0,409.0,2.0
308,42,441.0,482.0,0.0
308,87,505.0,455.0,0.0
308,100,530.0,428.0,0.0
308,79,516.0,470.0,0.0
308,16,487.0,488.0,0.0
308,20,457.0,478.0,0.0
308,81,527.0,410.0,0.0
308,19,442.0,464.0,0.0
308,49,482.0,429.0,0.0
308,44,469.0,440.0,2.0
308,9,536.0,504.0,0.0
308,31,468.0,418.0,2.0
308,74,512.0,437.0,0.0
308,61,458.0,468.0,0.0
308,29,493.0,442.0,0.0
308,94,487.0,420.0,0.0
308,46,510.0,446.0,0.0
308,57,446.0,436.0,2.0
308,70,536.0,501.0,0.0
308,21,513.0,476.0,0.0
308,38,533.0,493.0,0.0
308,88,505.0,486.0,0.0
308,78,516.0,408.0,0.0
308,72,454.0,479.0,0.0
308,24,443.0,477.0,0.0
308,8,495.0,453.0,0.0
308,17,499.0,454.0,0.0
308,37,500.0,481.0,0.0
308,1,441.0,460.0,2.0
308,53,511.0,470.0,0.0
308,22,446.0,493.0,0.0
308,47,498.0,470.0,0.0
308,83,495.0,475.0,0.0
308,99,482.0,408.0,0.0
308,89,474.0,460.0,0.0
308,14,453.0,457.0,2.0
308,3,495.0,416.0,0.0
308,80,517.0,419.0,0.0
308,96,442.0,483.0,0.0
308,51,515.0,430.0,0.0
308,33,509.0,431.0,0.0
308,40,528.0,407.0,0.0
308,48,532.0,423.0,0.0
308,15,537.0,420.0,0.0
308,65,457.0,487.0,0.0
308,97,450.0,476.0,0.0
309,5,517.0,420.0,0.0
309,56,447.0,504.0,0.0
309,35,517.0,473.0,0.0
309,55,512.0,475.0,0.0
309,60,479.0,468.0,0.0
309,30,454.0,439.0,2.0
309,32,459.0,502.0,0.0
309,6,455.0,487.0,0.0
309,67,507.0,424.0,0.0
309,45,466.0,438.0,2.0
309,73,443.0,477.0,0.0
309,64,501.0,445.0,0.0
309,90,478.0,485.0,0.0
309,4,509.0,428.0,0.0
309,13,538.0,438.0,0.0
309,54,480.0,445.0,0.0
309,63,502.0,501.0,0.0
309,86,447.0,467.0,0.0
309,91,526.0,502.0,0.0
309,62,523.0,474.0,0.0
309,58,472.0,418.0,2.0
309,52,479.0,418.0,0.0
309,12,445.0,417.0,2.0
309,28,479.0,490.0,0.0
309,75,443.0,424.0,2.0
309,23,510.0,421.0,0.0
309,92,492.0,477.0,0.0
309,41,456.0,487.0,0.0
309,43,521.0,414.0,0.0
309,11,504.0,431.0,0.0
309,36,506.0,467.0,0.0
309,68,513.0,413.0,0.0
309,69,449.0,437.0,2.0
309,98,442.0,500.0,0.0
309,82,470.0,411.0,2.0
309,85,526.0,409.0,0.0
309,39,483.0,504.0,0.0
309,84,522.0,446.0,0.0
309,77,449.0,493.0,0.0
309,7,504.0,426.0,0.0
309,25,448.0,458.0,2.0
309,95,523.0,506.0,0.0
309,71,473.0,502.0,0.0
309,66,507.0,505.0,0.0
309,76,477.0,489.0,0.0
309,34,479.0,409.0,0.0
309,50,448.0,442.0,2.0
309,59,502.0,441.0,0.0
309,93,449.0,442.0,2.0
309,2,485.0,445.0,0.0
309,10,454.0,426.0,2.0
309,18,458.0,418.0,2.0
309,26,472.0,414.0,2.0
309,27,453.0,409.0,2.0
309,42,441.0,482.0,0.0
309,87,505.0,455.0,0.0
309,100,530.0,428.0,0.0
309,79,516.0,470.0,0.0
309,16,487.0,488.0,0.0
309,20,457.0,478.0,0.0
309,81,527.0,410.0,0.0
309,19,442.0,464.0,0.0
309,49,482.0,429.0,0.0
309,44,469.0,440.0,2.0
309,9,536.0,504.0,0.0
309,31,468.0,418.0,2.0
309,74,512.0,437.0,0.0
309,61,458.0,468.0,0.0
309,29,493.0,442.0,0.0
309,94,487.0,420.0,0.0
309,46,510.0,446.0,0.0
309,57,446.0,436.0,2.0
309,70,536.0,501.0,0.0
309,21,513.0,476.0,0.0
309,38,533.0,493.0,0.0
309,88,505.0,486.0,0.0
309,78,516.0,408.0,0.0
309,72,454.0,479.0,0.0
309,24,443.0,477.0,0.0
309,8,495.0,453.0,0.0
309,17,499.0,454.0,0.0
309,37,500.0,481.0,0.0
309,1,441.0,460.0,2.0
309,53,511.0,470.0,0.0
309,22,446.0,493.0,0.0
309,47,498.0,470.0,0.0
309,83,495.0,475.0,0.0
309,99,482.0,408.0,0.0
309,89,474.0,460.0,0.0
309,14,453.0,457.0,2.0
309,3,495.0,416.0,0.0
309,80,517.0,419.0,0.0
309,96,442.0,483.0,0.0
309,51,515.0,430.0,0.0
309,33,509.0,431.0,0.0
309,40,528.0,407.0,0.0
309,48,532.0,423.0,0.0
309,15,537.0,420.0,0.0
309,65,457.0,487.0,0.0
309,97,450.0,476.0,0.0
310,5,517.0,420.0,0.0
310,56,447.0,504.0,0.0
310,35,517.0,473.0,0.0
310,55,512.0,475.0,0.0
310,60,479.0,468.0,0.0
310,30,454.0,439.0,2.0
310,32,459.0,502.0,0.0
310,6,455.0,487.0,0.0
310,67,507.0,424.0,0.0
310,45,466.0,438.0,2.0
310,73,443.0,477.0,0.0
310,64,501.0,445.0,0.0
310,90,478.0,485.0,0.0
310,4,509.0,428.0,0.0
310,13,538.0,438.0,0.0
310,54,480.0,445.0,0.0
310,63,502.0,501.0,0.0
310,86,447.0,467.0,0.0
310,91,526.0,502.0,0.0
310,62,523.0,474.0,0.0
310,58,472.0,418.0,2.0
310,52,479.0,418.0,0.0
310,12,445.0,417.0,2.0
310,28,479.0,490.0,0.0
310,75,443.0,424.0,2.0
310,23,510.0,421.0,0.0
310,92,492.0,477.0,0.0
310,41,456.0,487.0,0.0
310,43,521.0,414.0,0.0
310,11,504.0,431.0,0.0
310,36,506.0,467.0,0.0
310,68,513.0,413.0,0.0
310,69,449.0,437.0,2.0
310,98,442.0,500.0,0.0
310,82,470.0,411.0,2.0
310,85,526.0,409.0,0.0
310,39,483.0,504.0,0.0
310,84,522.0,446.0,0.0
310,77,449.0,493.0,0.0
310,7,504.0,426.0,0.0
310,25,448.0,458.0,2.0
310,95,523.0,506.0,0.0
310,71,473.0,502.0,0.0
310,66,507.0,505.0,0.0
310,76,477.0,489.0,0.0
310,34,479.0,409.0,0.0
310,50,448.0,442.0,2.0
310,59,502.0,441.0,0.0
310,93,449.0,442.0,2.0
310,2,485.0,445.0,0.0
310,10,454.0,426.0,2.0
310,18,458.0,418.0,2.0
310,26,472.0,414.0,2.0
310,27,453.0,409.0,2.0
310,42,441.0,482.0,0.0
310,87,505.0,455.0,0.0
310,100,530.0,428.0,0.0
310,79,516.0,470.0,0.0
310,16,487.0,488.0,0.0
310,20,457.0,478.0,0.0
310,81,527.0,410.0,0.0
310,19,442.0,464.0,0.0
310,49,482.0,429.0,0.0
310,44,469.0,440.0,2.0
310,9,536.0,504.0,0.0
310,31,468.0,418.0,2.0
310,74,512.0,437.0,0.0
310,61,458.0,468.0,0.0
310,29,493.0,442.0,0.0
310,94,487.0,420.0,0.0
310,46,510.0,446.0,0.0
310,57,446.0,436.0,2.0
310,70,536.0,501.0,0.0
310,21,513.0,476.0,0.0
310,38,533.0,493.0,0.0
310,88,505.0,486.0,0.0
310,78,516.0,408.0,0.0
310,72,454.0,479.0,0.0
310,24,443.0,477.0,0.0
310,8,495.0,453.0,0.0
310,17,499.0,454.0,0.0
310,37,500.0,481.0,0.0
310,1,441.0,460.0,2.0
310,53,511.0,470.0,0.0
310,22,446.0,493.0,0.0
310,47,498.0,470.0,0.0
310,83,495.0,475.0,0.0
310,99,482.0,408.0,0.0
310,89,474.0,460.0,0.0
310,14,453.0,457.0,2.0
310,3,495.0,416.0,0.0
310,80,517.0,419.0,0.0
310,96,442.0,483.0,0.0
310,51,515.0,430.0,0.0
310,33,509.0,431.0,0.0
310,40,528.0,407.0,0.0
310,48,532.0,423.0,0.0
310,15,537.0,420.0,0.0
310,65,457.0,487.0,0.0
310,97,450.0,476.0,0.0
311,5,517.0,420.0,0.0
311,56,447.0,504.0,0.0
311,35,517.0,473.0,0.0
311,55,512.0,475.0,0.0
311,60,479.0,468.0,0.0
311,30,454.0,439.0,2.0
311,32,459.0,502.0,0.0
311,6,455.0,487.0,0.0
311,67,507.0,424.0,0.0
311,45,466.0,438.0,2.0
311,73,443.0,477.0,0.0
311,64,501.0,445.0,0.0
311,90,478.0,485.0,0.0
311,4,509.0,428.0,0.0
311,13,538.0,438.0,0.0
311,54,480.0,445.0,0.0
311,63,502.0,501.0,0.0
311,86,447.0,467.0,0.0
311,91,526.0,502.0,0.0
311,62,523.0,474.0,0.0
311,58,472.0,418.0,2.0
311,52,479.0,418.0,0.0
311,12,445.0,417.0,2.0
311,28,479.0,490.0,0.0
311,75,443.0,424.0,2.0
311,23,510.0,421.0,0.0
311,92,492.0,477.0,0.0
311,41,456.0,487.0,0.0
311,43,521.0,414.0,0.0
311,11,504.0,431.0,0.0
311,36,506.0,467.0,0.0
311,68,513.0,413.0,0.0
311,69,449.0,437.0,2.0
311,98,442.0,500.0,0.0
311,82,470.0,411.0,2.0
311,85,526.0,409.0,0.0
311,39,483.0,504.0,0.0
311,84,522.0,446.0,0.0
311,77,449.0,493.0,0.0
311,7,504.0,426.0,0.0
311,25,448.0,458.0,2.0
311,95,523.0,506.0,0.0
311,71,473.0,502.0,0.0
311,66,507.0,505.0,0.0
311,76,477.0,489.0,0.0
311,34,479.0,409.0,0.0
311,50,448.0,442.0,2.0
311,59,502.0,441.0,0.0
311,93,449.0,442.0,2.0
311,2,485.0,445.0,0.0
311,10,454.0,426.0,2.0
311,18,458.0,418.0,2.0
311,26,472.0,414.0,2.0
311,27,453.0,409.0,2.0
311,42,441.0,482.0,0.0
311,87,505.0,455.0,0.0
311,100,530.0,428.0,0.0
311,79,516.0,470.0,0.0
311,16,487.0,488.0,0.0
311,20,457.0,478.0,0.0
311,81,527.0,410.0,0.0
311,19,442.0,464.0,0.0
311,49,482.0,429.0,0.0
311,44,469.0,440.0,2.0
311,9,536.0,504.0,0.0
311,31,468.0,418.0,2.0
311,74,512.0,437.0,0.0
311,61,458.0,468.0,0.0
311,29,493.0,442.0,0.0
311,94,487.0,420.0,0.0
311,46,510.0,446.0,0.0
311,57,446.0,436.0,2.0
311,70,536.0,501.0,0.0
311,21,513.0,476.0,0.0
311,38,533.0,493.0,0.0
311,88,505.0,486.0,0.0
311,78,516.0,408.0,0.0
311,72,454.0,479.0,0.0
311,24,443.0,477.0,0.0
311,8,495.0,453.0,0.0
311,17,499.0,454.0,0.0
311,37,500.0,481.0,0.0
311,1,441.0,460.0,2.0
311,53,511.0,470.0,0.0
311,22,446.0,493.0,0.0
311,47,498.0,470.0,0.0
311,83,495.0,475.0,0.0
311,99,482.0,408.0,0.0
311,89,474.0,460.0,0.0
311,14,453.0,457.0,2.0
311,3,495.0,416.0,0.0
311,80,517.0,419.0,0.0
311,96,442.0,483.0,0.0
311,51,515.0,430.0,0.0
311,33,509.0,431.0,0.0
311,40,528.0,407.0,0.0
311,48,532.0,423.0,0.0
311,15,537.0,420.0,0.0
311,65,457.0,487.0,0.0
311,97,450.0,476.0,0.0
312,5,517.0,420.0,0.0
312,56,447.0,504.0,0.0
312,35,517.0,473.0,0.0
312,55,512.0,475.0,0.0
312,60,479.0,468.0,0.0
312,30,454.0,439.0,2.0
312,32,459.0,502.0,0.0
312,6,455.0,487.0,0.0
312,67,507.0,424.0,0.0
312,45,466.0,438.0,2.0
312,73,443.0,477.0,0.0
312,64,501.0,445.0,0.0
312,90,478.0,485.0,0.0
312,4,509.0,428.0,0.0
312,13,538.0,438.0,0.0
312,54,480.0,445.0,0.0
312,63,502.0,501.0,0.0
312,86,447.0,467.0,0.0
312,91,526.0,502.0,0.0
312,62,523.0,474.0,0.0
312,58,472.0,418.0,2.0
312,52,479.0,418.0,0.0
312,12,445.0,417.0,2.0
312,28,479.0,490.0,0.0
312,75,443.0,424.0,2.0
312,23,510.0,421.0,0.0
312,92,492.0,477.0,0.0
312,41,456.0,487.0,0.0
312,43,521.0,414.0,0.0
312,11,504.0,431.0,0.0
312,36,506.0,467.0,0.0
312,68,513.0,413.0,0.0
312,69,449.0,437.0,2.0
312,98,442.0,500.0,0.0
312,82,470.0,411.0,2.0
312,85,526.0,409.0,0.0
312,39,483.0,504.0,0.0
312,84,522.0,446.0,0.0
312,77,449.0,493.0,0.0
312,7,504.0,426.0,0.0
312,25,448.0,458.0,2.0
312,95,523.0,506.0,0.0
312,71,473.0,502.0,0.0
312,66,507.0,505.0,0.0
312,76,477.0,489.0,0.0
312,34,479.0,409.0,0.0
312,50,448.0,442.0,2.0
312,59,502.0,441.0,0.0
312,93,449.0,442.0,2.0
312,2,485.0,445.0,0.0
312,10,454.0,426.0,2.0
312,18,458.0,418.0,2.0
312,26,472.0,414.0,2.0
312,27,453.0,409.0,2.0
312,42,441.0,482.0,0.0
312,87,505.0,455.0,0.0
312,100,530.0,428.0,0.0
312,79,516.0,470.0,0.0
312,16,487.0,488.0,0.0
312,20,457.0,478.0,0.0
312,81,527.0,410.0,0.0
312,19,442.0,464.0,0.0
312,49,482.0,429.0,0.0
312,44,469.0,440.0,2.0
312,9,536.0,504.0,0.0
312,31,468.0,418.0,2.0
312,74,512.0,437.0,0.0
312,61,458.0,468.0,0.0
312,29,493.0,442.0,0.0
312,94,487.0,420.0,0.0
312,46,510.0,446.0,0.0
312,57,446.0,436.0,2.0
312,70,536.0,501.0,0.0
312,21,513.0,476.0,0.0
312,38,533.0,493.0,0.0
312,88,505.0,486.0,0.0
312,78,516.0,408.0,0.0
312,72,454.0,479.0,0.0
312,24,443.0,477.0,0.0
312,8,495.0,453.0,0.0
312,17,499.0,454.0,0.0
312,37,500.0,481.0,0.0
312,1,441.0,460.0,2.0
312,53,511.0,470.0,0.0
312,22,446.0,493.0,0.0
312,47,498.0,470.0,0.0
312,83,495.0,475.0,0.0
312,99,482.0,408.0,0.0
312,89,474.0,460.0,0.0
312,14,453.0,457.0,2.0
312,3,495.0,416.0,0.0
312,80,517.0,419.0,0.0
312,96,442.0,483.0,0.0
312,51,515.0,430.0,0.0
312,33,509.0,431.0,0.0
312,40,528.0,407.0,0.0
312,48,532.0,423.0,0.0
312,15,537.0,420.0,0.0
312,65,457.0,487.0,0.0
312,97,450.0,476.0,0.0
313,5,517.0,420.0,0.0
313,56,447.0,504.0,0.0
313,35,517.0,473.0,0.0
313,55,512.0,475.0,0.0
313,60,479.0,468.0,0.0
313,30,454.0,439.0,2.0
313,32,459.0,502.0,0.0
313,6,455.0,487.0,0.0
313,67,507.0,424.0,0.0
313,45,466.0,438.0,2.0
313,73,443.0,477.0,0.0
313,64,501.0,445.0,0.0
313,90,478.0,485.0,0.0
313,4,509.0,428.0,0.0
313,13,538.0,438.0,0.0
313,54,480.0,445.0,0.0
313,63,502.0,501.0,0.0
313,86,447.0,467.0,0.0
313,91,526.0,502.0,0.0
313,62,523.0,474.0,0.0
313,58,472.0,418.0,2.0
313,52,479.0,418.0,0.0
313,12,445.0,417.0,2.0
313,28,479.0,490.0,0.0
313,75,443.0,424.0,2.0
313,23,510.0,421.0,0.0
313,92,492.0,477.0,0.0
313,41,456.0,487.0,0.0
313,43,521.0,414.0,0.0
313,11,504.0,431.0,0.0
313,36,506.0,467.0,0.0
313,68,513.0,413.0,0.0
313,69,449.0,437.0,2.0
313,98,442.0,500.0,0.0
313,82,470.0,411.0,2.0
313,85,526.0,409.0,0.0
313,39,483.0,504.0,0.0
313,84,522.0,446.0,0.0
313,77,449.0,493.0,0.0
313,7,504.0,426.0,0.0
313,25,448.0,458.0,2.0
313,95,523.0,506.0,0.0
313,71,473.0,502.0,0.0
313,66,507.0,505.0,0.0
313,76,477.0,489.0,0.0
313,34,479.0,409.0,0.0
313,50,448.0,442.0,2.0
313,59,502.0,441.0,0.0
313,93,449.0,442.0,2.0
313,2,485.0,445.0,0.0
313,10,454.0,426.0,2.0
313,18,458.0,418.0,2.0
313,26,472.0,414.0,2.0
313,27,453.0,409.0,2.0
313,42,441.0,482.0,0.0
313,87,505.0,455.0,0.0
313,100,530.0,428.0,0.0
313,79,516.0,470.0,0.0
313,16,487.0,488.0,0.0
313,20,457.0,478.0,0.0
313,81,527.0,410.0,0.0
313,19,442.0,464.0,0.0
313,49,482.0,429.0,0.0
313,44,469.0,440.0,2.0
313,9,536.0,504.0,0.0
313,31,468.0,418.0,2.0
313,74,512.0,437.0,0.0
313,61,458.0,468.0,0.0
313,29,493.0,442.0,0.0
313,94,487.0,420.0,0.0
313,46,510.0,446.0,0.0
313,57,446.0,436.0,2.0
313,70,536.0,501.0,0.0
313,21,513.0,476.0,0.0
313,38,533.0,493.0,0.0
313,88,505.0,486.0,0.0
313,78,516.0,408.0,0.0
313,72,454.0,479.0,0.0
313,24,443.0,477.0,0.0
313,8,495.0,453.0,0.0
313,17,499.0,454.0,0.0
313,37,500.0,481.0,0.0
313,1,441.0,460.0,2.0
313,53,511.0,470.0,0.0
313,22,446.0,493.0,0.0
313,47,498.0,470.0,0.0
313,83,495.0,475.0,0.0
313,99,482.0,408.0,0.0
313,89,474.0,460.0,0.0
313,14,453.0,457.0,2.0
313,3,495.0,416.0,0.0
313,80,517.0,419.0,0.0
313,96,442.0,483.0,0.0
313,51,515.0,430.0,0.0
313,33,509.0,431.0,0.0
313,40,528.0,407.0,0.0
313,48,532.0,423.0,0.0
313,15,537.0,420.0,0.0
313,65,457.0,487.0,0.0
313,97,450.0,476.0,0.0
314,5,517.0,420.0,0.0
314,56,447.0,504.0,0.0
314,35,517.0,473.0,0.0
314,55,512.0,475.0,0.0
314,60,479.0,468.0,0.0
314,30,454.0,439.0,2.0
314,32,459.0,502.0,0.0
314,6,455.0,487.0,0.0
314,67,507.0,424.0,0.0
314,45,466.0,438.0,2.0
314,73,443.0,477.0,0.0
314,64,501.0,445.0,0.0
314,90,478.0,485.0,0.0
314,4,509.0,428.0,0.0
314,13,538.0,438.0,0.0
314,54,480.0,445.0,0.0
314,63,502.0,501.0,0.0
314,86,447.0,467.0,0.0
314,91,526.0,502.0,0.0
314,62,523.0,474.0,0.0
314,58,472.0,418.0,2.0
314,52,479.0,418.0,0.0
314,12,445.0,417.0,2.0
314,28,479.0,490.0,0.0
314,75,443.0,424.0,2.0
314,23,510.0,421.0,0.0
314,92,492.0,477.0,0.0
314,41,456.0,487.0,0.0
314,43,521.0,414.0,0.0
314,11,504.0,431.0,0.0
314,36,506.0,467.0,0.0
314,68,513.0,413.0,0.0
314,69,449.0,437.0,2.0
314,98,442.0,500.0,0.0
314,82,470.0,411.0,2.0
314,85,526.0,409.0,0.0
314,39,483.0,504.0,0.0
314,84,522.0,446.0,0.0
314,77,449.0,493.0,0.0
314,7,504.0,426.0,0.0
314,25,448.0,458.0,2.0
314,95,523.0,506.0,0.0
314,71,473.0,502.0,0.0
314,66,507.0,505.0,0.0
314,76,477.0,489.0,0.0
314,34,479.0,409.0,0.0
314,50,448.0,442.0,2.0
314,59,502.0,441.0,0.0
314,93,449.0,442.0,2.0
314,2,485.0,445.0,0.0
314,10,454.0,426.0,2.0
314,18,458.0,418.0,2.0
314,26,472.0,414.0,2.0
314,27,453.0,409.0,2.0
314,42,441.0,482.0,0.0
314,87,505.0,455.0,0.0
314,100,530.0,428.0,0.0
314,79,516.0,470.0,0.0
314,16,487.0,488.0,0.0
314,20,457.0,478.0,0.0
314,81,527.0,410.0,0.0
314,19,442.0,464.0,0.0
314,49,482.0,429.0,0.0
314,44,469.0,440.0,2.0
314,9,536.0,504.0,0.0
314,31,468.0,418.0,2.0
314,74,512.0,437.0,0.0
314,61,458.0,468.0,0.0
314,29,493.0,442.0,0.0
314,94,487.0,420.0,0.0
314,46,510.0,446.0,0.0
314,57,446.0,436.0,2.0
314,70,536.0,501.0,0.0
314,21,513.0,476.0,0.0
314,38,533.0,493.0,0.0
314,88,505.0,486.0,0.0
314,78,516.0,408.0,0.0
314,72,454.0,479.0,0.0
314,24,443.0,477.0,0.0
314,8,495.0,453.0,0.0
314,17,499.0,454.0,0.0
314,37,500.0,481.0,0.0
314,1,441.0,460.0,2.0
314,53,511.0,470.0,0.0
314,22,446.0,493.0,0.0
314,47,498.0,470.0,0.0
314,83,495.0,475.0,0.0
314,99,482.0,408.0,0.0
314,89,474.0,460.0,0.0
314,14,453.0,457.0,2.0
314,3,495.0,416.0,0.0
314,80,517.0,419.0,0.0
314,96,442.0,483.0,0.0
314,51,515.0,430.0,0.0
314,33,509.0,431.0,0.0
314,40,528.0,407.0,0.0
314,48,532.0,423.0,0.0
314,15,537.0,420.0,0.0
314,65,457.0,487.0,0.0
314,97,450.0,476.0,0.0
315,5,517.0,420.0,0.0
315,56,447.0,504.0,0.0
315,35,517.0,473.0,0.0
315,55,512.0,475.0,0.0
315,60,479.0,468.0,0.0
315,30,454.0,439.0,2.0
315,32,459.0,502.0,0.0
315,6,455.0,487.0,0.0
315,67,507.0,424.0,0.0
315,45,466.0,438.0,2.0
315,73,443.0,477.0,0.0
315,64,501.0,445.0,0.0
315,90,478.0,485.0,0.0
315,4,509.0,428.0,0.0
315,13,538.0,438.0,0.0
315,54,480.0,445.0,0.0
315,63,502.0,501.0,0.0
315,86,447.0,467.0,0.0
315,91,526.0,502.0,0.0
315,62,523.0,474.0,0.0
315,58,472.0,418.0,2.0
315,52,479.0,418.0,0.0
315,12,445.0,417.0,2.0
315,28,479.0,490.0,0.0
315,75,443.0,424.0,2.0
315,23,510.0,421.0,0.0
315,92,492.0,477.0,0.0
315,41,456.0,487.0,0.0
315,43,521.0,414.0,0.0
315,11,504.0,431.0,0.0
315,36,506.0,467.0,0.0
315,68,513.0,413.0,0.0
315,69,449.0,437.0,2.0
315,98,442.0,500.0,0.0
315,82,470.0,411.0,2.0
315,85,526.0,409.0,0.0
315,39,483.0,504.0,0.0
315,84,522.0,446.0,0.0
315,77,449.0,493.0,0.0
315,7,504.0,426.0,0.0
315,25,448.0,458.0,2.0
315,95,523.0,506.0,0.0
315,71,473.0,502.0,0.0
315,66,507.0,505.0,0.0
315,76,477.0,489.0,0.0
315,34,479.0,409.0,0.0
315,50,448.0,442.0,2.0
315,59,502.0,441.0,0.0
315,93,449.0,442.0,2.0
315,2,485.0,445.0,0.0
315,10,454.0,426.0,2.0
315,18,458.0,418.0,2.0
315,26,472.0,414.0,2.0
315,27,453.0,409.0,2.0
315,42,441.0,482.0,0.0
315,87,505.0,455.0,0.0
315,100,530.0,428.0,0.0
315,79,516.0,470.0,0.0
315,16,487.0,488.0,0.0
315,20,457.0,478.0,0.0
315,81,527.0,410.0,0.0
315,19,442.0,464.0,0.0
315,49,482.0,429.0,0.0
315,44,469.0,440.0,2.0
315,9,536.0,504.0,0.0
315,31,468.0,418.0,2.0
315,74,512.0,437.0,0.0
315,61,458.0,468.0,0.0
315,29,493.0,442.0,0.0
315,94,487.0,420.0,0.0
315,46,510.0,446.0,0.0
315,57,446.0,436.0,2.0
315,70,536.0,501.0,0.0
315,21,513.0,476.0,0.0
315,38,533.0,493.0,0.0
315,88,505.0,486.0,0.0
315,78,516.0,408.0,0.0
315,72,454.0,479.0,0.0
315,24,443.0,477.0,0.0
315,8,495.0,453.0,0.0
315,17,499.0,454.0,0.0
315,37,500.0,481.0,0.0
315,1,441.0,460.0,2.0
315,53,511.0,470.0,0.0
315,22,446.0,493.0,0.0
315,47,498.0,470.0,0.0
315,83,495.0,475.0,0.0
315,99,482.0,408.0,0.0
315,89,474.0,460.0,0.0
315,14,453.0,457.0,2.0
315,3,495.0,416.0,0.0
315,80,517.0,419.0,0.0
315,96,442.0,483.0,0.0
315,51,515.0,430.0,0.0
315,33,509.0,431.0,0.0
315,40,528.0,407.0,0.0
315,48,532.0,423.0,0.0
315,15,537.0,420.0,0.0
315,65,457.0,487.0,0.0
315,97,450.0,476.0,0.0
316,5,517.0,420.0,0.0
316,56,447.0,504.0,0.0
316,35,517.0,473.0,0.0
316,55,512.0,475.0,0.0
316,60,479.0,468.0,0.0
316,30,454.0,439.0,2.0
316,32,459.0,502.0,0.0
316,6,455.0,487.0,0.0
316,67,507.0,424.0,0.0
316,45,466.0,438.0,2.0
316,73,443.0,477.0,0.0
316,64,501.0,445.0,0.0
316,90,478.0,485.0,0.0
316,4,509.0,428.0,0.0
316,13,538.0,438.0,0.0
316,54,480.0,445.0,0.0
316,63,502.0,501.0,0.0
316,86,447.0,467.0,0.0
316,91,526.0,502.0,0.0
316,62,523.0,474.0,0.0
316,58,472.0,418.0,2.0
316,52,479.0,418.0,0.0
316,12,445.0,417.0,2.0
316,28,479.0,490.0,0.0
316,75,443.0,424.0,2.0
316,23,510.0,421.0,0.0
316,92,492.0,477.0,0.0
316,41,456.0,487.0,0.0
316,43,521.0,414.0,0.0
316,11,504.0,431.0,0.0
316,36,506.0,467.0,0.0
316,68,513.0,413.0,0.0
316,69,449.0,437.0,2.0
316,98,442.0,500.0,0.0
316,82,470.0,411.0,2.0
316,85,526.0,409.0,0.0
316,39,483.0,504.0,0.0
316,84,522.0,446.0,0.0
316,77,449.0,493.0,0.0
316,7,504.0,426.0,0.0
316,25,448.0,458.0,2.0
316,95,523.0,506.0,0.0
316,71,473.0,502.0,0.0
316,66,507.0,505.0,0.0
316,76,477.0,489.0,0.0
316,34,479.0,409.0,0.0
316,50,448.0,442.0,2.0
316,59,502.0,441.0,0.0
316,93,449.0,442.0,2.0
316,2,485.0,445.0,0.0
316,10,454.0,426.0,2.0
316,18,458.0,418.0,2.0
316,26,472.0,414.0,2.0
316,27,453.0,409.0,2.0
316,42,441.0,482.0,0.0
316,87,505.0,455.0,0.0
316,100,530.0,428.0,0.0
316,79,516.0,470.0,0.0
316,16,487.0,488.0,0.0
316,20,457.0,478.0,0.0
316,81,527.0,410.0,0.0
316,19,442.0,464.0,0.0
316,49,482.0,429.0,0.0
316,44,469.0,440.0,2.0
316,9,536.0,504.0,0.0
316,31,468.0,418.0,2.0
316,74,512.0,437.0,0.0
316,61,458.0,468.0,0.0
316,29,493.0,442.0,0.0
316,94,487.0,420.0,0.0
316,46,510.0,446.0,0.0
316,57,446.0,436.0,2.0
316,70,536.0,501.0,0.0
316,21,513.0,476.0,0.0
316,38,533.0,493.0,0.0
316,88,505.0,486.0,0.0
316,78,516.0,408.0,0.0
316,72,454.0,479.0,0.0
316,24,443.0,477.0,0.0
316,8,495.0,453.0,0.0
316,17,499.0,454.0,0.0
316,37,500.0,481.0,0.0
316,1,441.0,460.0,2.0
316,53,511.0,470.0,0.0
316,22,446.0,493.0,0.0
316,47,498.0,470.0,0.0
316,83,495.0,475.0,0.0
316,99,482.0,408.0,0.0
316,89,474.0,460.0,0.0
316,14,453.0,457.0,2.0
316,3,495.0,416.0,0.0
316,80,517.0,419.0,0.0
316,96,442.0,483.0,0.0
316,51,515.0,430.0,0.0
316,33,509.0,431.0,0.0
316,40,528.0,407.0,0.0
316,48,532.0,423.0,0.0
316,15,537.0,420.0,0.0
316,65,457.0,487.0,0.0
316,97,450.0,476.0,0.0
317,5,517.0,420.0,0.0
317,56,447.0,504.0,0.0
317,35,517.0,473.0,0.0
317,55,512.0,475.0,0.0
317,60,479.0,468.0,0.0
317,30,454.0,439.0,2.0
317,32,459.0,502.0,0.0
317,6,455.0,487.0,0.0
317,67,507.0,424.0,0.0
317,45,466.0,438.0,2.0
317,73,443.0,477.0,0.0
317,64,501.0,445.0,0.0
317,90,478.0,485.0,0.0
317,4,509.0,428.0,0.0
317,13,538.0,438.0,0.0
317,54,480.0,445.0,0.0
317,63,502.0,501.0,0.0
317,86,447.0,467.0,0.0
317,91,526.0,502.0,0.0
317,62,523.0,474.0,0.0
317,58,472.0,418.0,2.0
317,52,479.0,418.0,0.0
317,12,445.0,417.0,2.0
317,28,479.0,490.0,0.0
317,75,443.0,424.0,2.0
317,23,510.0,421.0,0.0
317,92,492.0,477.0,0.0
317,41,456.0,487.0,0.0
317,43,521.0,414.0,0.0
317,11,504.0,431.0,0.0
317,36,506.0,467.0,0.0
317,68,513.0,413.0,0.0
317,69,449.0,437.0,2.0
317,98,442.0,500.0,0.0
317,82,470.0,411.0,2.0
317,85,526.0,409.0,0.0
317,39,483.0,504.0,0.0
317,84,522.0,446.0,0.0
317,77,449.0,493.0,0.0
317,7,504.0,426.0,0.0
317,25,448.0,458.0,2.0
317,95,523.0,506.0,0.0
317,71,473.0,502.0,0.0
317,66,507.0,505.0,0.0
317,76,477.0,489.0,0.0
317,34,479.0,409.0,0.0
317,50,448.0,442.0,2.0
317,59,502.0,441.0,0.0
317,93,449.0,442.0,2.0
317,2,485.0,445.0,0.0
317,10,454.0,426.0,2.0
317,18,458.0,418.0,2.0
317,26,472.0,414.0,2.0
317,27,453.0,409.0,2.0
317,42,441.0,482.0,0.0
317,87,505.0,455.0,0.0
317,100,530.0,428.0,0.0
317,79,516.0,470.0,0.0
317,16,487.0,488.0,0.0
317,20,457.0,478.0,0.0
317,81,527.0,410.0,0.0
317,19,442.0,464.0,0.0
317,49,482.0,429.0,0.0
317,44,469.0,440.0,2.0
317,9,536.0,504.0,0.0
317,31,468.0,418.0,2.0
317,74,512.0,437.0,0.0
317,61,458.0,468.0,0.0
317,29,493.0,442.0,0.0
317,94,487.0,420.0,0.0
317,46,510.0,446.0,0.0
317,57,446.0,436.0,2.0
317,70,536.0,501.0,0.0
317,21,513.0,476.0,0.0
317,38,533.0,493.0,0.0
317,88,505.0,486.0,0.0
317,78,516.0,408.0,0.0
317,72,454.0,479.0,0.0
317,24,443.0,477.0,0.0
317,8,495.0,453.0,0.0
317,17,499.0,454.0,0.0
317,37,500.0,481.0,0.0
317,1,441.0,460.0,2.0
317,53,511.0,470.0,0.0
317,22,446.0,493.0,0.0
317,47,498.0,470.0,0.0
317,83,495.0,475.0,0.0
317,99,482.0,408.0,0.0
317,89,474.0,460.0,0.0
317,14,453.0,457.0,2.0
317,3,495.0,416.0,0.0
317,80,517.0,419.0,0.0
317,96,442.0,483.0,0.0
317,51,515.0,430.0,0.0
317,33,509.0,431.0,0.0
317,40,528.0,407.0,0.0
317,48,532.0,423.0,0.0
317,15,537.0,420.0,0.0
317,65,457.0,487.0,0.0
317,97,450.0,476.0,0.0
318,5,517.0,420.0,0.0
318,56,447.0,504.0,0.0
318,35,517.0,473.0,0.0
318,55,512.0,475.0,0.0
318,60,479.0,468.0,0.0
318,30,454.0,439.0,2.0
318,32,459.0,502.0,0.0
318,6,455.0,487.0,0.0
318,67,507.0,424.0,0.0
318,45,466.0,438.0,2.0
318,73,443.0,477.0,0.0
318,64,501.0,445.0,0.0
318,90,478.0,485.0,0.0
318,4,509.0,428.0,0.0
318,13,538.0,438.0,0.0
318,54,480.0,445.0,0.0
318,63,502.0,501.0,0.0
318,86,447.0,467.0,0.0
318,91,526.0,502.0,0.0
318,62,523.0,474.0,0.0
318,58,472.0,418.0,2.0
318,52,479.0,418.0,0.0
318,12,445.0,417.0,2.0
318,28,479.0,490.0,0.0
318,75,443.0,424.0,2.0
318,23,510.0,421.0,0.0
318,92,492.0,477.0,0.0
318,41,456.0,487.0,0.0
318,43,521.0,414.0,0.0
318,11,504.0,431.0,0.0
318,36,506.0,467.0,0.0
318,68,513.0,413.0,0.0
318,69,449.0,437.0,2.0
318,98,442.0,500.0,0.0
318,82,470.0,411.0,2.0
318,85,526.0,409.0,0.0
318,39,483.0,504.0,0.0
318,84,522.0,446.0,0.0
318,77,449.0,493.0,0.0
318,7,504.0,426.0,0.0
318,25,448.0,458.0,2.0
318,95,523.0,506.0,0.0
318,71,473.0,502.0,0.0
318,66,507.0,505.0,0.0
318,76,477.0,489.0,0.0
318,34,479.0,409.0,0.0
318,50,448.0,442.0,2.0
318,59,502.0,441.0,0.0
318,93,449.0,442.0,2.0
318,2,485.0,445.0,0.0
318,10,454.0,426.0,2.0
318,18,458.0,418.0,2.0
318,26,472.0,414.0,2.0
318,27,453.0,409.0,2.0
318,42,441.0,482.0,0.0
318,87,505.0,455.0,0.0
318,100,530.0,428.0,0.0
318,79,516.0,470.0,0.0
318,16,487.0,488.0,0.0
318,20,457.0,478.0,0.0
318,81,527.0,410.0,0.0
318,19,442.0,464.0,0.0
318,49,482.0,429.0,0.0
318,44,469.0,440.0,2.0
318,9,536.0,504.0,0.0
318,31,468.0,418.0,2.0
318,74,512.0,437.0,0.0
318,61,458.0,468.0,0.0
318,29,493.0,442.0,0.0
318,94,487.0,420.0,0.0
318,46,510.0,446.0,0.0
318,57,446.0,436.0,2.0
318,70,536.0,501.0,0.0
318,21,513.0,476.0,0.0
318,38,533.0,493.0,0.0
318,88,505.0,486.0,0.0
318,78,516.0,408.0,0.0
318,72,454.0,479.0,0.0
318,24,443.0,477.0,0.0
318,8,495.0,453.0,0.0
318,17,499.0,454.0,0.0
318,37,500.0,481.0,0.0
318,1,441.0,460.0,2.0
318,53,511.0,470.0,0.0
318,22,446.0,493.0,0.0
318,47,498.0,470.0,0.0
318,83,495.0,475.0,0.0
318,99,482.0,408.0,0.0
318,89,474.0,460.0,0.0
318,14,453.0,457.0,2.0
318,3,495.0,416.0,0.0
318,80,517.0,419.0,0.0
318,96,442.0,483.0,0.0
318,51,515.0,430.0,0.0
318,33,509.0,431.0,0.0
318,40,528.0,407.0,0.0
318,48,532.0,423.0,0.0
318,15,537.0,420.0,0.0
318,65,457.0,487.0,0.0
318,97,450.0,476.0,0.0
319,5,517.0,420.0,0.0
319,56,447.0,504.0,0.0
319,35,517.0,473.0,0.0
319,55,512.0,475.0,0.0
319,60,479.0,468.0,0.0
319,30,454.0,439.0,2.0
319,32,459.0,502.0,0.0
319,6,455.0,487.0,0.0
319,67,507.0,424.0,0.0
319,45,466.0,438.0,2.0
319,73,443.0,477.0,0.0
319,64,501.0,445.0,0.0
319,90,478.0,485.0,0.0
319,4,509.0,428.0,0.0
319,13,538.0,438.0,0.0
319,54,480.0,445.0,0.0
319,63,502.0,501.0,0.0
319,86,447.0,467.0,0.0
319,91,526.0,502.0,0.0
319,62,523.0,474.0,0.0
319,58,472.0,418.0,2.0
319,52,479.0,418.0,0.0
319,12,445.0,417.0,2.0
319,28,479.0,490.0,0.0
319,75,443.0,424.0,2.0
319,23,510.0,421.0,0.0
319,92,492.0,477.0,0.0
319,41,456.0,487.0,0.0
319,43,521.0,414.0,0.0
319,11,504.0,431.0,0.0
319,36,506.0,467.0,0.0
319,68,513.0,413.0,0.0
319,69,449.0,437.0,2.0
319,98,442.0,500.0,0.0
319,82,470.0,411.0,2.0
319,85,526.0,409.0,0.0
319,39,483.0,504.0,0.0
319,84,522.0,446.0,0.0
319,77,449.0,493.0,0.0
319,7,504.0,426.0,0.0
319,25,448.0,458.0,2.0
319,95,523.0,506.0,0.0
319,71,473.0,502.0,0.0
319,66,507.0,505.0,0.0
319,76,477.0,489.0,0.0
319,34,479.0,409.0,0.0
319,50,448.0,442.0,2.0
319,59,502.0,441.0,0.0
319,93,449.0,442.0,2.0
319,2,485.0,445.0,0.0
319,10,454.0,426.0,2.0
319,18,458.0,418.0,2.0
319,26,472.0,414.0,2.0
319,27,453.0,409.0,2.0
319,42,441.0,482.0,0.0
319,87,505.0,455.0,0.0
319,100,530.0,428.0,0.0
319,79,516.0,470.0,0.0
319,16,487.0,488.0,0.0
319,20,457.0,478.0,0.0
319,81,527.0,410.0,0.0
319,19,442.0,464.0,0.0
319,49,482.0,429.0,0.0
319,44,469.0,440.0,2.0
319,9,536.0,504.0,0.0
319,31,468.0,418.0,2.0
319,74,512.0,437.0,0.0
319,61,458.0,468.0,0.0
319,29,493.0,442.0,0.0
319,94,487.0,420.0,0.0
319,46,510.0,446.0,0.0
319,57,446.0,436.0,2.0
319,70,536.0,501.0,0.0
319,21,513.0,476.0,0.0
319,38,533.0,493.0,0.0
319,88,505.0,486.0,0.0
319,78,516.0,408.0,0.0
319,72,454.0,479.0,0.0
319,24,443.0,477.0,0.0
319,8,495.0,453.0,0.0
319,17,499.0,454.0,0.0
319,37,500.0,481.0,0.0
319,1,441.0,460.0,2.0
319,53,511.0,470.0,0.0
319,22,446.0,493.0,0.0
319,47,498.0,470.0,0.0
319,83,495.0,475.0,0.0
319,99,482.0,408.0,0.0
319,89,474.0,460.0,0.0
319,14,453.0,457.0,2.0
319,3,495.0,416.0,0.0
319,80,517.0,419.0,0.0
319,96,442.0,483.0,0.0
319,51,515.0,430.0,0.0
319,33,509.0,431.0,0.0
319,40,528.0,407.0,0.0
319,48,532.0,423.0,0.0
319,15,537.0,420.0,0.0
319,65,457.0,487.0,0.0
319,97,450.0,476.0,0.0
320,5,517.0,420.0,0.0
320,56,447.0,504.0,0.0
320,35,517.0,473.0,0.0
320,55,512.0,475.0,0.0
320,60,479.0,468.0,0.0
320,30,454.0,439.0,2.0
320,32,459.0,502.0,0.0
320,6,455.0,487.0,0.0
320,67,507.0,424.0,0.0
320,45,466.0,438.0,2.0
320,73,443.0,477.0,0.0
320,64,501.0,445.0,0.0
320,90,478.0,485.0,0.0
320,4,509.0,428.0,0.0
320,13,538.0,438.0,0.0
320,54,480.0,445.0,0.0
320,63,502.0,501.0,0.0
320,86,447.0,467.0,0.0
320,91,526.0,502.0,0.0
320,62,523.0,474.0,0.0
320,58,472.0,418.0,2.0
320,52,479.0,418.0,0.0
320,12,445.0,417.0,2.0
320,28,479.0,490.0,0.0
320,75,443.0,424.0,2.0
320,23,510.0,421.0,0.0
320,92,492.0,477.0,0.0
320,41,456.0,487.0,0.0
320,43,521.0,414.0,0.0
320,11,504.0,431.0,0.0
320,36,506.0,467.0,0.0
320,68,513.0,413.0,0.0
320,69,449.0,437.0,2.0
320,98,442.0,500.0,0.0
320,82,470.0,411.0,2.0
320,85,526.0,409.0,0.0
320,39,483.0,504.0,0.0
320,84,522.0,446.0,0.0
320,77,449.0,493.0,0.0
320,7,504.0,426.0,0.0
320,25,448.0,458.0,2.0
320,95,523.0,506.0,0.0
320,71,473.0,502.0,0.0
320,66,507.0,505.0,0.0
320,76,477.0,489.0,0.0
320,34,479.0,409.0,0.0
320,50,448.0,442.0,2.0
320,59,502.0,441.0,0.0
320,93,449.0,442.0,2.0
320,2,485.0,445.0,0.0
320,10,454.0,426.0,2.0
320,18,458.0,418.0,2.0
320,26,472.0,414.0,2.0
320,27,453.0,409.0,2.0
320,42,441.0,482.0,0.0
320,87,505.0,455.0,0.0
320,100,530.0,428.0,0.0
320,79,516.0,470.0,0.0
320,16,487.0,488.0,0.0
320,20,457.0,478.0,0.0
320,81,527.0,410.0,0.0
320,19,442.0,464.0,0.0
320,49,482.0,429.0,0.0
320,44,469.0,440.0,2.0
320,9,536.0,504.0,0.0
320,31,468.0,418.0,2.0
320,74,512.0,437.0,0.0
320,61,458.0,468.0,0.0
320,29,493.0,442.0,0.0
320,94,487.0,420.0,0.0
320,46,510.0,446.0,0.0
320,57,446.0,436.0,2.0
320,70,536.0,501.0,0.0
320,21,513.0,476.0,0.0
320,38,533.0,493.0,0.0
320,88,505.0,486.0,0.0
320,78,516.0,408.0,0.0
320,72,454.0,479.0,0.0
320,24,443.0,477.0,0.0
320,8,495.0,453.0,0.0
320,17,499.0,454.0,0.0
320,37,500.0,481.0,0.0
320,1,441.0,460.0,2.0
320,53,511.0,470.0,0.0
320,22,446.0,493.0,0.0
320,47,498.0,470.0,0.0
320,83,495.0,475.0,0.0
320,99,482.0,408.0,0.0
320,89,474.0,460.0,0.0
320,14,453.0,457.0,2.0
320,3,495.0,416.0,0.0
320,80,517.0,419.0,0.0
320,96,442.0,483.0,0.0
320,51,515.0,430.0,0.0
320,33,509.0,431.0,0.0
320,40,528.0,407.0,0.0
320,48,532.0,423.0,0.0
320,15,537.0,420.0,0.0
320,65,457.0,487.0,0.0
320,97,450.0,476.0,0.0
321,5,517.0,420.0,0.0
321,56,447.0,504.0,0.0
321,35,517.0,473.0,0.0
321,55,512.0,475.0,0.0
321,60,479.0,468.0,0.0
321,30,454.0,439.0,2.0
321,32,459.0,502.0,0.0
321,6,455.0,487.0,0.0
321,67,507.0,424.0,0.0
321,45,466.0,438.0,2.0
321,73,443.0,477.0,0.0
321,64,501.0,445.0,0.0
321,90,478.0,485.0,0.0
321,4,509.0,428.0,0.0
321,13,538.0,438.0,0.0
321,54,480.0,445.0,0.0
321,63,502.0,501.0,0.0
321,86,447.0,467.0,0.0
321,91,526.0,502.0,0.0
321,62,523.0,474.0,0.0
321,58,472.0,418.0,2.0
321,52,479.0,418.0,0.0
321,12,445.0,417.0,2.0
321,28,479.0,490.0,0.0
321,75,443.0,424.0,2.0
321,23,510.0,421.0,0.0
321,92,492.0,477.0,0.0
321,41,456.0,487.0,0.0
321,43,521.0,414.0,0.0
321,11,504.0,431.0,0.0
321,36,506.0,467.0,0.0
321,68,513.0,413.0,0.0
321,69,449.0,437.0,2.0
321,98,442.0,500.0,0.0
321,82,470.0,411.0,2.0
321,85,526.0,409.0,0.0
321,39,483.0,504.0,0.0
321,84,522.0,446.0,0.0
321,77,449.0,493.0,0.0
321,7,504.0,426.0,0.0
321,25,448.0,458.0,2.0
321,95,523.0,506.0,0.0
321,71,473.0,502.0,0.0
321,66,507.0,505.0,0.0
321,76,477.0,489.0,0.0
321,34,479.0,409.0,0.0
321,50,448.0,442.0,2.0
321,59,502.0,441.0,0.0
321,93,449.0,442.0,2.0
321,2,485.0,445.0,0.0
321,10,454.0,426.0,2.0
321,18,458.0,418.0,2.0
321,26,472.0,414.0,2.0
321,27,453.0,409.0,2.0
321,42,441.0,482.0,0.0
321,87,505.0,455.0,0.0
321,100,530.0,428.0,0.0
321,79,516.0,470.0,0.0
321,16,487.0,488.0,0.0
321,20,457.0,478.0,0.0
321,81,527.0,410.0,0.0
321,19,442.0,464.0,0.0
321,49,482.0,429.0,0.0
321,44,469.0,440.0,2.0
321,9,536.0,504.0,0.0
321,31,468.0,418.0,2.0
321,74,512.0,437.0,0.0
321,61,458.0,468.0,0.0
321,29,493.0,442.0,0.0
321,94,487.0,420.0,0.0
321,46,510.0,446.0,0.0
321,57,446.0,436.0,2.0
321,70,536.0,501.0,0.0
321,21,513.0,476.0,0.0
321,38,533.0,493.0,0.0
321,88,505.0,486.0,0.0
321,78,516.0,408.0,0.0
321,72,454.0,479.0,0.0
321,24,443.0,477.0,0.0
321,8,495.0,453.0,0.0
321,17,499.0,454.0,0.0
321,37,500.0,481.0,0.0
321,1,441.0,460.0,2.0
321,53,511.0,470.0,0.0
321,22,446.0,493.0,0.0
321,47,498.0,470.0,0.0
321,83,495.0,475.0,0.0
321,99,482.0,408.0,0.0
321,89,474.0,460.0,0.0
321,14,453.0,457.0,2.0
321,3,495.0,416.0,0.0
321,80,517.0,419.0,0.0
321,96,442.0,483.0,0.0
321,51,515.0,430.0,0.0
321,33,509.0,431.0,0.0
321,40,528.0,407.0,0.0
321,48,532.0,423.0,0.0
321,15,537.0,420.0,0.0
321,65,457.0,487.0,0.0
321,97,450.0,476.0,0.0
322,5,517.0,420.0,0.0
322,56,447.0,504.0,0.0
322,35,517.0,473.0,0.0
322,55,512.0,475.0,0.0
322,60,479.0,468.0,0.0
322,30,454.0,439.0,2.0
322,32,459.0,502.0,0.0
322,6,455.0,487.0,0.0
322,67,507.0,424.0,0.0
322,45,466.0,438.0,2.0
322,73,443.0,477.0,0.0
322,64,501.0,445.0,0.0
322,90,478.0,485.0,0.0
322,4,509.0,428.0,0.0
322,13,538.0,438.0,0.0
322,54,480.0,445.0,0.0
322,63,502.0,501.0,0.0
322,86,447.0,467.0,0.0
322,91,526.0,502.0,0.0
322,62,523.0,474.0,0.0
322,58,472.0,418.0,2.0
322,52,479.0,418.0,0.0
322,12,445.0,417.0,2.0
322,28,479.0,490.0,0.0
322,75,443.0,424.0,2.0
322,23,510.0,421.0,0.0
322,92,492.0,477.0,0.0
322,41,456.0,487.0,0.0
322,43,521.0,414.0,0.0
322,11,504.0,431.0,0.0
322,36,506.0,467.0,0.0
322,68,513.0,413.0,0.0
322,69,449.0,437.0,2.0
322,98,442.0,500.0,0.0
322,82,470.0,411.0,2.0
322,85,526.0,409.0,0.0
322,39,483.0,504.0,0.0
322,84,522.0,446.0,0.0
322,77,449.0,493.0,0.0
322,7,504.0,426.0,0.0
322,25,448.0,458.0,2.0
322,95,523.0,506.0,0.0
322,71,473.0,502.0,0.0
322,66,507.0,505.0,0.0
322,76,477.0,489.0,0.0
322,34,479.0,409.0,0.0
322,50,448.0,442.0,2.0
322,59,502.0,441.0,0.0
322,93,449.0,442.0,2.0
322,2,485.0,445.0,0.0
322,10,454.0,426.0,2.0
322,18,458.0,418.0,2.0
322,26,472.0,414.0,2.0
322,27,453.0,409.0,2.0
322,42,441.0,482.0,0.0
322,87,505.0,455.0,0.0
322,100,530.0,428.0,0.0
322,79,516.0,470.0,0.0
322,16,487.0,488.0,0.0
322,20,457.0,478.0,0.0
322,81,527.0,410.0,0.0
322,19,442.0,464.0,0.0
322,49,482.0,429.0,0.0
322,44,469.0,440.0,2.0
322,9,536.0,504.0,0.0
322,31,468.0,418.0,2.0
322,74,512.0,437.0,0.0
322,61,458.0,468.0,0.0
322,29,493.0,442.0,0.0
322,94,487.0,420.0,0.0
322,46,510.0,446.0,0.0
322,57,446.0,436.0,2.0
322,70,536.0,501.0,0.0
322,21,513.0,476.0,0.0
322,38,533.0,493.0,0.0
322,88,505.0,486.0,0.0
322,78,516.0,408.0,0.0
322,72,454.0,479.0,0.0
322,24,443.0,477.0,0.0
322,8,495.0,453.0,0.0
322,17,499.0,454.0,0.0
322,37,500.0,481.0,0.0
322,1,441.0,460.0,2.0
322,53,511.0,470.0,0.0
322,22,446.0,493.0,0.0
322,47,498.0,470.0,0.0
322,83,495.0,475.0,0.0
322,99,482.0,408.0,0.0
322,89,474.0,460.0,0.0
322,14,453.0,457.0,2.0
322,3,495.0,416.0,0.0
322,80,517.0,419.0,0.0
322,96,442.0,483.0,0.0
322,51,515.0,430.0,0.0
322,33,509.0,431.0,0.0
322,40,528.0,407.0,0.0
322,48,532.0,423.0,0.0
322,15,537.0,420.0,0.0
322,65,457.0,487.0,0.0
322,97,450.0,476.0,0.0
323,5,517.0,420.0,0.0
323,56,447.0,504.0,0.0
323,35,517.0,473.0,0.0
323,55,512.0,475.0,0.0
323,60,479.0,468.0,0.0
323,30,454.0,439.0,2.0
323,32,459.0,502.0,0.0
323,6,455.0,487.0,0.0
323,67,507.0,424.0,0.0
323,45,466.0,438.0,2.0
323,73,443.0,477.0,0.0
323,64,501.0,445.0,0.0
323,90,478.0,485.0,0.0
323,4,509.0,428.0,0.0
323,13,538.0,438.0,0.0
323,54,480.0,445.0,0.0
323,63,502.0,501.0,0.0
323,86,447.0,467.0,0.0
323,91,526.0,502.0,0.0
323,62,523.0,474.0,0.0
323,58,472.0,418.0,2.0
323,52,479.0,418.0,0.0
323,12,445.0,417.0,2.0
323,28,479.0,490.0,0.0
323,75,443.0,424.0,2.0
323,23,510.0,421.0,0.0
323,92,492.0,477.0,0.0
323,41,456.0,487.0,0.0
323,43,521.0,414.0,0.0
323,11,504.0,431.0,0.0
323,36,506.0,467.0,0.0
323,68,513.0,413.0,0.0
323,69,449.0,437.0,2.0
323,98,442.0,500.0,0.0
323,82,470.0,411.0,2.0
323,85,526.0,409.0,0.0
323,39,483.0,504.0,0.0
323,84,522.0,446.0,0.0
323,77,449.0,493.0,0.0
323,7,504.0,426.0,0.0
323,25,448.0,458.0,2.0
323,95,523.0,506.0,0.0
323,71,473.0,502.0,0.0
323,66,507.0,505.0,0.0
323,76,477.0,489.0,0.0
323,34,479.0,409.0,0.0
323,50,448.0,442.0,2.0
323,59,502.0,441.0,0.0
323,93,449.0,442.0,2.0
323,2,485.0,445.0,0.0
323,10,454.0,426.0,2.0
323,18,458.0,418.0,2.0
323,26,472.0,414.0,2.0
323,27,453.0,409.0,2.0
323,42,441.0,482.0,0.0
323,87,505.0,455.0,0.0
323,100,530.0,428.0,0.0
323,79,516.0,470.0,0.0
323,16,487.0,488.0,0.0
323,20,457.0,478.0,0.0
323,81,527.0,410.0,0.0
323,19,442.0,464.0,0.0
323,49,482.0,429.0,0.0
323,44,469.0,440.0,2.0
323,9,536.0,504.0,0.0
323,31,468.0,418.0,2.0
323,74,512.0,437.0,0.0
323,61,458.0,468.0,0.0
323,29,493.0,442.0,0.0
323,94,487.0,420.0,0.0
323,46,510.0,446.0,0.0
323,57,446.0,436.0,2.0
323,70,536.0,501.0,0.0
323,21,513.0,476.0,0.0
323,38,533.0,493.0,0.0
323,88,505.0,486.0,0.0
323,78,516.0,408.0,0.0
323,72,454.0,479.0,0.0
323,24,443.0,477.0,0.0
323,8,495.0,453.0,0.0
323,17,499.0,454.0,0.0
323,37,500.0,481.0,0.0
323,1,441.0,460.0,2.0
323,53,511.0,470.0,0.0
323,22,446.0,493.0,0.0
323,47,498.0,470.0,0.0
323,83,495.0,475.0,0.0
323,99,482.0,408.0,0.0
323,89,474.0,460.0,0.0
323,14,453.0,457.0,2.0
323,3,495.0,416.0,0.0
323,80,517.0,419.0,0.0
323,96,442.0,483.0,0.0
323,51,515.0,430.0,0.0
323,33,509.0,431.0,0.0
323,40,528.0,407.0,0.0
323,48,532.0,423.0,0.0
323,15,537.0,420.0,0.0
323,65,457.0,487.0,0.0
323,97,450.0,476.0,0.0
324,5,517.0,420.0,0.0
324,56,447.0,504.0,0.0
324,35,517.0,473.0,0.0
324,55,512.0,475.0,0.0
324,60,479.0,468.0,0.0
324,30,454.0,439.0,2.0
324,32,459.0,502.0,0.0
324,6,455.0,487.0,0.0
324,67,507.0,424.0,0.0
324,45,466.0,438.0,2.0
324,73,443.0,477.0,0.0
324,64,501.0,445.0,0.0
324,90,478.0,485.0,0.0
324,4,509.0,428.0,0.0
324,13,538.0,438.0,0.0
324,54,480.0,445.0,0.0
324,63,502.0,501.0,0.0
324,86,447.0,467.0,0.0
324,91,526.0,502.0,0.0
324,62,523.0,474.0,0.0
324,58,472.0,418.0,2.0
324,52,479.0,418.0,0.0
324,12,445.0,417.0,2.0
324,28,479.0,490.0,0.0
324,75,443.0,424.0,2.0
324,23,510.0,421.0,0.0
324,92,492.0,477.0,0.0
324,41,456.0,487.0,0.0
324,43,521.0,414.0,0.0
324,11,504.0,431.0,0.0
324,36,506.0,467.0,0.0
324,68,513.0,413.0,0.0
324,69,449.0,437.0,2.0
324,98,442.0,500.0,0.0
324,82,470.0,411.0,2.0
324,85,526.0,409.0,0.0
324,39,483.0,504.0,0.0
324,84,522.0,446.0,0.0
324,77,449.0,493.0,0.0
324,7,504.0,426.0,0.0
324,25,448.0,458.0,2.0
324,95,523.0,506.0,0.0
324,71,473.0,502.0,0.0
324,66,507.0,505.0,0.0
324,76,477.0,489.0,0.0
324,34,479.0,409.0,0.0
324,50,448.0,442.0,2.0
324,59,502.0,441.0,0.0
324,93,449.0,442.0,2.0
324,2,485.0,445.0,0.0
324,10,454.0,426.0,2.0
324,18,458.0,418.0,2.0
324,26,472.0,414.0,2.0
324,27,453.0,409.0,2.0
324,42,441.0,482.0,0.0
324,87,505.0,455.0,0.0
324,100,530.0,428.0,0.0
324,79,516.0,470.0,0.0
324,16,487.0,488.0,0.0
324,20,457.0,478.0,0.0
324,81,527.0,410.0,0.0
324,19,442.0,464.0,0.0
324,49,482.0,429.0,0.0
324,44,469.0,440.0,2.0
324,9,536.0,504.0,0.0
324,31,468.0,418.0,2.0
324,74,512.0,437.0,0.0
324,61,458.0,468.0,0.0
324,29,493.0,442.0,0.0
324,94,487.0,420.0,0.0
324,46,510.0,446.0,0.0
324,57,446.0,436.0,2.0
324,70,536.0,501.0,0.0
324,21,513.0,476.0,0.0
324,38,533.0,493.0,0.0
324,88,505.0,486.0,0.0
324,78,516.0,408.0,0.0
324,72,454.0,479.0,0.0
324,24,443.0,477.0,0.0
324,8,495.0,453.0,0.0
324,17,499.0,454.0,0.0
324,37,500.0,481.0,0.0
324,1,441.0,460.0,2.0
324,53,511.0,470.0,0.0
324,22,446.0,493.0,0.0
324,47,498.0,470.0,0.0
324,83,495.0,475.0,0.0
324,99,482.0,408.0,0.0
324,89,474.0,460.0,0.0
324,14,453.0,457.0,2.0
324,3,495.0,416.0,0.0
324,80,517.0,419.0,0.0
324,96,442.0,483.0,0.0
324,51,515.0,430.0,0.0
324,33,509.0,431.0,0.0
324,40,528.0,407.0,0.0
324,48,532.0,423.0,0.0
324,15,537.0,420.0,0.0
324,65,457.0,487.0,0.0
324,97,450.0,476.0,0.0
325,5,517.0,420.0,0.0
325,56,447.0,504.0,0.0
325,35,517.0,473.0,0.0
325,55,512.0,475.0,0.0
325,60,479.0,468.0,0.0
325,30,454.0,439.0,2.0
325,32,459.0,502.0,0.0
325,6,455.0,487.0,0.0
325,67,507.0,424.0,0.0
325,45,466.0,438.0,2.0
325,73,443.0,477.0,0.0
325,64,501.0,445.0,0.0
325,90,478.0,485.0,0.0
325,4,509.0,428.0,0.0
325,13,538.0,438.0,0.0
325,54,480.0,445.0,0.0
325,63,502.0,501.0,0.0
325,86,447.0,467.0,0.0
325,91,526.0,502.0,0.0
325,62,523.0,474.0,0.0
325,58,472.0,418.0,2.0
325,52,479.0,418.0,0.0
325,12,445.0,417.0,2.0
325,28,479.0,490.0,0.0
325,75,443.0,424.0,2.0
325,23,510.0,421.0,0.0
325,92,492.0,477.0,0.0
325,41,456.0,487.0,0.0
325,43,521.0,414.0,0.0
325,11,504.0,431.0,0.0
325,36,506.0,467.0,0.0
325,68,513.0,413.0,0.0
325,69,449.0,437.0,2.0
325,98,442.0,500.0,0.0
325,82,470.0,411.0,2.0
325,85,526.0,409.0,0.0
325,39,483.0,504.0,0.0
325,84,522.0,446.0,0.0
325,77,449.0,493.0,0.0
325,7,504.0,426.0,0.0
325,25,448.0,458.0,2.0
325,95,523.0,506.0,0.0
325,71,473.0,502.0,0.0
325,66,507.0,505.0,0.0
325,76,477.0,489.0,0.0
325,34,479.0,409.0,0.0
325,50,448.0,442.0,2.0
325,59,502.0,441.0,0.0
325,93,449.0,442.0,2.0
325,2,485.0,445.0,0.0
325,10,454.0,426.0,2.0
325,18,458.0,418.0,2.0
325,26,472.0,414.0,2.0
325,27,453.0,409.0,2.0
325,42,441.0,482.0,0.0
325,87,505.0,455.0,0.0
325,100,530.0,428.0,0.0
325,79,516.0,470.0,0.0
325,16,487.0,488.0,0.0
325,20,457.0,478.0,0.0
325,81,527.0,410.0,0.0
325,19,442.0,464.0,0.0
325,49,482.0,429.0,0.0
325,44,469.0,440.0,2.0
325,9,536.0,504.0,0.0
325,31,468.0,418.0,2.0
325,74,512.0,437.0,0.0
325,61,458.0,468.0,0.0
325,29,493.0,442.0,0.0
325,94,487.0,420.0,0.0
325,46,510.0,446.0,0.0
325,57,446.0,436.0,2.0
325,70,536.0,501.0,0.0
325,21,513.0,476.0,0.0
325,38,533.0,493.0,0.0
325,88,505.0,486.0,0.0
325,78,516.0,408.0,0.0
325,72,454.0,479.0,0.0
325,24,443.0,477.0,0.0
325,8,495.0,453.0,0.0
325,17,499.0,454.0,0.0
325,37,500.0,481.0,0.0
325,1,441.0,460.0,2.0
325,53,511.0,470.0,0.0
325,22,446.0,493.0,0.0
325,47,498.0,470.0,0.0
325,83,495.0,475.0,0.0
325,99,482.0,408.0,0.0
325,89,474.0,460.0,0.0
325,14,453.0,457.0,2.0
325,3,495.0,416.0,0.0
325,80,517.0,419.0,0.0
325,96,442.0,483.0,0.0
325,51,515.0,430.0,0.0
325,33,509.0,431.0,0.0
325,40,528.0,407.0,0.0
325,48,532.0,423.0,0.0
325,15,537.0,420.0,0.0
325,65,457.0,487.0,0.0
325,97,450.0,476.0,0.0
326,5,517.0,420.0,0.0
326,56,447.0,504.0,0.0
326,35,517.0,473.0,0.0
326,55,512.0,475.0,0.0
326,60,479.0,468.0,0.0
326,30,454.0,439.0,2.0
326,32,459.0,502.0,0.0
326,6,455.0,487.0,0.0
326,67,507.0,424.0,0.0
326,45,466.0,438.0,2.0
326,73,443.0,477.0,0.0
326,64,501.0,445.0,0.0
326,90,478.0,485.0,0.0
326,4,509.0,428.0,0.0
326,13,538.0,438.0,0.0
326,54,480.0,445.0,0.0
326,63,502.0,501.0,0.0
326,86,447.0,467.0,0.0
326,91,526.0,502.0,0.0
326,62,523.0,474.0,0.0
326,58,472.0,418.0,2.0
326,52,479.0,418.0,0.0
326,12,445.0,417.0,2.0
326,28,479.0,490.0,0.0
326,75,443.0,424.0,2.0
326,23,510.0,421.0,0.0
326,92,492.0,477.0,0.0
326,41,456.0,487.0,0.0
326,43,521.0,414.0,0.0
326,11,504.0,431.0,0.0
326,36,506.0,467.0,0.0
326,68,513.0,413.0,0.0
326,69,449.0,437.0,2.0
326,98,442.0,500.0,0.0
326,82,470.0,411.0,2.0
326,85,526.0,409.0,0.0
326,39,483.0,504.0,0.0
326,84,522.0,446.0,0.0
326,77,449.0,493.0,0.0
326,7,504.0,426.0,0.0
326,25,448.0,458.0,2.0
326,95,523.0,506.0,0.0
326,71,473.0,502.0,0.0
326,66,507.0,505.0,0.0
326,76,477.0,489.0,0.0
326,34,479.0,409.0,0.0
326,50,448.0,442.0,2.0
326,59,502.0,441.0,0.0
326,93,449.0,442.0,2.0
326,2,485.0,445.0,0.0
326,10,454.0,426.0,2.0
326,18,458.0,418.0,2.0
326,26,472.0,414.0,2.0
326,27,453.0,409.0,2.0
326,42,441.0,482.0,0.0
326,87,505.0,455.0,0.0
326,100,530.0,428.0,0.0
326,79,516.0,470.0,0.0
326,16,487.0,488.0,0.0
326,20,457.0,478.0,0.0
326,81,527.0,410.0,0.0
326,19,442.0,464.0,0.0
326,49,482.0,429.0,0.0
326,44,469.0,440.0,2.0
326,9,536.0,504.0,0.0
326,31,468.0,418.0,2.0
326,74,512.0,437.0,0.0
326,61,458.0,468.0,0.0
326,29,493.0,442.0,0.0
326,94,487.0,420.0,0.0
326,46,510.0,446.0,0.0
326,57,446.0,436.0,2.0
326,70,536.0,501.0,0.0
326,21,513.0,476.0,0.0
326,38,533.0,493.0,0.0
326,88,505.0,486.0,0.0
326,78,516.0,408.0,0.0
326,72,454.0,479.0,0.0
326,24,443.0,477.0,0.0
326,8,495.0,453.0,0.0
326,17,499.0,454.0,0.0
326,37,500.0,481.0,0.0
326,1,441.0,460.0,2.0
326,53,511.0,470.0,0.0
326,22,446.0,493.0,0.0
326,47,498.0,470.0,0.0
326,83,495.0,475.0,0.0
326,99,482.0,408.0,0.0
326,89,474.0,460.0,0.0
326,14,453.0,457.0,2.0
326,3,495.0,416.0,0.0
326,80,517.0,419.0,0.0
326,96,442.0,483.0,0.0
326,51,515.0,430.0,0.0
326,33,509.0,431.0,0.0
326,40,528.0,407.0,0.0
326,48,532.0,423.0,0.0
326,15,537.0,420.0,0.0
326,65,457.0,487.0,0.0
326,97,450.0,476.0,0.0
327,5,517.0,420.0,0.0
327,56,447.0,504.0,0.0
327,35,517.0,473.0,0.0
327,55,512.0,475.0,0.0
327,60,479.0,468.0,0.0
327,30,454.0,439.0,2.0
327,32,459.0,502.0,0.0
327,6,455.0,487.0,0.0
327,67,507.0,424.0,0.0
327,45,466.0,438.0,2.0
327,73,443.0,477.0,0.0
327,64,501.0,445.0,0.0
327,90,478.0,485.0,0.0
327,4,509.0,428.0,0.0
327,13,538.0,438.0,0.0
327,54,480.0,445.0,0.0
327,63,502.0,501.0,0.0
327,86,447.0,467.0,0.0
327,91,526.0,502.0,0.0
327,62,523.0,474.0,0.0
327,58,472.0,418.0,2.0
327,52,479.0,418.0,0.0
327,12,445.0,417.0,2.0
327,28,479.0,490.0,0.0
327,75,443.0,424.0,2.0
327,23,510.0,421.0,0.0
327,92,492.0,477.0,0.0
327,41,456.0,487.0,0.0
327,43,521.0,414.0,0.0
327,11,504.0,431.0,0.0
327,36,506.0,467.0,0.0
327,68,513.0,413.0,0.0
327,69,449.0,437.0,2.0
327,98,442.0,500.0,0.0
327,82,470.0,411.0,2.0
327,85,526.0,409.0,0.0
327,39,483.0,504.0,0.0
327,84,522.0,446.0,0.0
327,77,449.0,493.0,0.0
327,7,504.0,426.0,0.0
327,25,448.0,458.0,2.0
327,95,523.0,506.0,0.0
327,71,473.0,502.0,0.0
327,66,507.0,505.0,0.0
327,76,477.0,489.0,0.0
327,34,479.0,409.0,0.0
327,50,448.0,442.0,2.0
327,59,502.0,441.0,0.0
327,93,449.0,442.0,2.0
327,2,485.0,445.0,0.0
327,10,454.0,426.0,2.0
327,18,458.0,418.0,2.0
327,26,472.0,414.0,2.0
327,27,453.0,409.0,2.0
327,42,441.0,482.0,0.0
327,87,505.0,455.0,0.0
327,100,530.0,428.0,0.0
327,79,516.0,470.0,0.0
327,16,487.0,488.0,0.0
327,20,457.0,478.0,0.0
327,81,527.0,410.0,0.0
327,19,442.0,464.0,0.0
327,49,482.0,429.0,0.0
327,44,469.0,440.0,2.0
327,9,536.0,504.0,0.0
327,31,468.0,418.0,2.0
327,74,512.0,437.0,0.0
327,61,458.0,468.0,0.0
327,29,493.0,442.0,0.0
327,94,487.0,420.0,0.0
327,46,510.0,446.0,0.0
327,57,446.0,436.0,2.0
327,70,536.0,501.0,0.0
327,21,513.0,476.0,0.0
327,38,533.0,493.0,0.0
327,88,505.0,486.0,0.0
327,78,516.0,408.0,0.0
327,72,454.0,479.0,0.0
327,24,443.0,477.0,0.0
327,8,495.0,453.0,0.0
327,17,499.0,454.0,0.0
327,37,500.0,481.0,0.0
327,1,441.0,460.0,2.0
327,53,511.0,470.0,0.0
327,22,446.0,493.0,0.0
327,47,498.0,470.0,0.0
327,83,495.0,475.0,0.0
327,99,482.0,408.0,0.0
327,89,474.0,460.0,0.0
327,14,453.0,457.0,2.0
327,3,495.0,416.0,0.0
327,80,517.0,419.0,0.0
327,96,442.0,483.0,0.0
327,51,515.0,430.0,0.0
327,33,509.0,431.0,0.0
327,40,528.0,407.0,0.0
327,48,532.0,423.0,0.0
327,15,537.0,420.0,0.0
327,65,457.0,487.0,0.0
327,97,450.0,476.0,0.0
328,5,517.0,420.0,0.0
328,56,447.0,504.0,0.0
328,35,517.0,473.0,0.0
328,55,512.0,475.0,0.0
328,60,479.0,468.0,0.0
328,30,454.0,439.0,2.0
328,32,459.0,502.0,0.0
328,6,455.0,487.0,0.0
328,67,507.0,424.0,0.0
328,45,466.0,438.0,2.0
328,73,443.0,477.0,0.0
328,64,501.0,445.0,0.0
328,90,478.0,485.0,0.0
328,4,509.0,428.0,0.0
328,13,538.0,438.0,0.0
328,54,480.0,445.0,0.0
328,63,502.0,501.0,0.0
328,86,447.0,467.0,0.0
328,91,526.0,502.0,0.0
328,62,523.0,474.0,0.0
328,58,472.0,418.0,2.0
328,52,479.0,418.0,0.0
328,12,445.0,417.0,2.0
328,28,479.0,490.0,0.0
328,75,443.0,424.0,2.0
328,23,510.0,421.0,0.0
328,92,492.0,477.0,0.0
328,41,456.0,487.0,0.0
328,43,521.0,414.0,0.0
328,11,504.0,431.0,0.0
328,36,506.0,467.0,0.0
328,68,513.0,413.0,0.0
328,69,449.0,437.0,2.0
328,98,442.0,500.0,0.0
328,82,470.0,411.0,2.0
328,85,526.0,409.0,0.0
328,39,483.0,504.0,0.0
328,84,522.0,446.0,0.0
328,77,449.0,493.0,0.0
328,7,504.0,426.0,0.0
328,25,448.0,458.0,2.0
328,95,523.0,506.0,0.0
328,71,473.0,502.0,0.0
328,66,507.0,505.0,0.0
328,76,477.0,489.0,0.0
328,34,479.0,409.0,0.0
328,50,448.0,442.0,2.0
328,59,502.0,441.0,0.0
328,93,449.0,442.0,2.0
328,2,485.0,445.0,0.0
328,10,454.0,426.0,2.0
328,18,458.0,418.0,2.0
328,26,472.0,414.0,2.0
328,27,453.0,409.0,2.0
328,42,441.0,482.0,0.0
328,87,505.0,455.0,0.0
328,100,530.0,428.0,0.0
328,79,516.0,470.0,0.0
328,16,487.0,488.0,0.0
328,20,457.0,478.0,0.0
328,81,527.0,410.0,0.0
328,19,442.0,464.0,0.0
328,49,482.0,429.0,0.0
328,44,469.0,440.0,2.0
328,9,536.0,504.0,0.0
328,31,468.0,418.0,2.0
328,74,512.0,437.0,0.0
328,61,458.0,468.0,0.0
328,29,493.0,442.0,0.0
328,94,487.0,420.0,0.0
328,46,510.0,446.0,0.0
328,57,446.0,436.0,2.0
328,70,536.0,501.0,0.0
328,21,513.0,476.0,0.0
328,38,533.0,493.0,0.0
328,88,505.0,486.0,0.0
328,78,516.0,408.0,0.0
328,72,454.0,479.0,0.0
328,24,443.0,477.0,0.0
328,8,495.0,453.0,0.0
328,17,499.0,454.0,0.0
328,37,500.0,481.0,0.0
328,1,441.0,460.0,2.0
328,53,511.0,470.0,0.0
328,22,446.0,493.0,0.0
328,47,498.0,470.0,0.0
328,83,495.0,475.0,0.0
328,99,482.0,408.0,0.0
328,89,474.0,460.0,0.0
328,14,453.0,457.0,2.0
328,3,495.0,416.0,0.0
328,80,517.0,419.0,0.0
328,96,442.0,483.0,0.0
328,51,515.0,430.0,0.0
328,33,509.0,431.0,0.0
328,40,528.0,407.0,0.0
328,48,532.0,423.0,0.0
328,15,537.0,420.0,0.0
328,65,457.0,487.0,0.0
328,97,450.0,476.0,0.0
329,5,517.0,420.0,0.0
329,56,447.0,504.0,0.0
329,35,517.0,473.0,0.0
329,55,512.0,475.0,0.0
329,60,479.0,468.0,0.0
329,30,454.0,439.0,2.0
329,32,459.0,502.0,0.0
329,6,455.0,487.0,0.0
329,67,507.0,424.0,0.0
329,45,466.0,438.0,2.0
329,73,443.0,477.0,0.0
329,64,501.0,445.0,0.0
329,90,478.0,485.0,0.0
329,4,509.0,428.0,0.0
329,13,538.0,438.0,0.0
329,54,480.0,445.0,0.0
329,63,502.0,501.0,0.0
329,86,447.0,467.0,0.0
329,91,526.0,502.0,0.0
329,62,523.0,474.0,0.0
329,58,472.0,418.0,2.0
329,52,479.0,418.0,0.0
329,12,445.0,417.0,2.0
329,28,479.0,490.0,0.0
329,75,443.0,424.0,2.0
329,23,510.0,421.0,0.0
329,92,492.0,477.0,0.0
329,41,456.0,487.0,0.0
329,43,521.0,414.0,0.0
329,11,504.0,431.0,0.0
329,36,506.0,467.0,0.0
329,68,513.0,413.0,0.0
329,69,449.0,437.0,2.0
329,98,442.0,500.0,0.0
329,82,470.0,411.0,2.0
329,85,526.0,409.0,0.0
329,39,483.0,504.0,0.0
329,84,522.0,446.0,0.0
329,77,449.0,493.0,0.0
329,7,504.0,426.0,0.0
329,25,448.0,458.0,2.0
329,95,523.0,506.0,0.0
329,71,473.0,502.0,0.0
329,66,507.0,505.0,0.0
329,76,477.0,489.0,0.0
329,34,479.0,409.0,0.0
329,50,448.0,442.0,2.0
329,59,502.0,441.0,0.0
329,93,449.0,442.0,2.0
329,2,485.0,445.0,0.0
329,10,454.0,426.0,2.0
329,18,458.0,418.0,2.0
329,26,472.0,414.0,2.0
329,27,453.0,409.0,2.0
329,42,441.0,482.0,0.0
329,87,505.0,455.0,0.0
329,100,530.0,428.0,0.0
329,79,516.0,470.0,0.0
329,16,487.0,488.0,0.0
329,20,457.0,478.0,0.0
329,81,527.0,410.0,0.0
329,19,442.0,464.0,0.0
329,49,482.0,429.0,0.0
329,44,469.0,440.0,2.0
329,9,536.0,504.0,0.0
329,31,468.0,418.0,2.0
329,74,512.0,437.0,0.0
329,61,458.0,468.0,0.0
329,29,493.0,442.0,0.0
329,94,487.0,420.0,0.0
329,46,510.0,446.0,0.0
329,57,446.0,436.0,2.0
329,70,536.0,501.0,0.0
329,21,513.0,476.0,0.0
329,38,533.0,493.0,0.0
329,88,505.0,486.0,0.0
329,78,516.0,408.0,0.0
329,72,454.0,479.0,0.0
329,24,443.0,477.0,0.0
329,8,495.0,453.0,0.0
329,17,499.0,454.0,0.0
329,37,500.0,481.0,0.0
329,1,441.0,460.0,2.0
329,53,511.0,470.0,0.0
329,22,446.0,493.0,0.0
329,47,498.0,470.0,0.0
329,83,495.0,475.0,0.0
329,99,482.0,408.0,0.0
329,89,474.0,460.0,0.0
329,14,453.0,457.0,2.0
329,3,495.0,416.0,0.0
329,80,517.0,419.0,0.0
329,96,442.0,483.0,0.0
329,51,515.0,430.0,0.0
329,33,509.0,431.0,0.0
329,40,528.0,407.0,0.0
329,48,532.0,423.0,0.0
329,15,537.0,420.0,0.0
329,65,457.0,487.0,0.0
329,97,450.0,476.0,0.0
330,5,517.0,420.0,0.0
330,56,447.0,504.0,0.0
330,35,517.0,473.0,0.0
330,55,512.0,475.0,0.0
330,60,479.0,468.0,0.0
330,30,454.0,439.0,2.0
330,32,459.0,502.0,0.0
330,6,455.0,487.0,0.0
330,67,507.0,424.0,0.0
330,45,466.0,438.0,2.0
330,73,443.0,477.0,0.0
330,64,501.0,445.0,0.0
330,90,478.0,485.0,0.0
330,4,509.0,428.0,0.0
330,13,538.0,438.0,0.0
330,54,480.0,445.0,0.0
330,63,502.0,501.0,0.0
330,86,447.0,467.0,0.0
330,91,526.0,502.0,0.0
330,62,523.0,474.0,0.0
330,58,472.0,418.0,2.0
330,52,479.0,418.0,0.0
330,12,445.0,417.0,2.0
330,28,479.0,490.0,0.0
330,75,443.0,424.0,2.0
330,23,510.0,421.0,0.0
330,92,492.0,477.0,0.0
330,41,456.0,487.0,0.0
330,43,521.0,414.0,0.0
330,11,504.0,431.0,0.0
330,36,506.0,467.0,0.0
330,68,513.0,413.0,0.0
330,69,449.0,437.0,2.0
330,98,442.0,500.0,0.0
330,82,470.0,411.0,2.0
330,85,526.0,409.0,0.0
330,39,483.0,504.0,0.0
330,84,522.0,446.0,0.0
330,77,449.0,493.0,0.0
330,7,504.0,426.0,0.0
330,25,448.0,458.0,2.0
330,95,523.0,506.0,0.0
330,71,473.0,502.0,0.0
330,66,507.0,505.0,0.0
330,76,477.0,489.0,0.0
330,34,479.0,409.0,0.0
330,50,448.0,442.0,2.0
330,59,502.0,441.0,0.0
330,93,449.0,442.0,2.0
330,2,485.0,445.0,0.0
330,10,454.0,426.0,2.0
330,18,458.0,418.0,2.0
330,26,472.0,414.0,2.0
330,27,453.0,409.0,2.0
330,42,441.0,482.0,0.0
330,87,505.0,455.0,0.0
330,100,530.0,428.0,0.0
330,79,516.0,470.0,0.0
330,16,487.0,488.0,0.0
330,20,457.0,478.0,0.0
330,81,527.0,410.0,0.0
330,19,442.0,464.0,0.0
330,49,482.0,429.0,0.0
330,44,469.0,440.0,2.0
330,9,536.0,504.0,0.0
330,31,468.0,418.0,2.0
330,74,512.0,437.0,0.0
330,61,458.0,468.0,0.0
330,29,493.0,442.0,0.0
330,94,487.0,420.0,0.0
330,46,510.0,446.0,0.0
330,57,446.0,436.0,2.0
330,70,536.0,501.0,0.0
330,21,513.0,476.0,0.0
330,38,533.0,493.0,0.0
330,88,505.0,486.0,0.0
330,78,516.0,408.0,0.0
330,72,454.0,479.0,0.0
330,24,443.0,477.0,0.0
330,8,495.0,453.0,0.0
330,17,499.0,454.0,0.0
330,37,500.0,481.0,0.0
330,1,441.0,460.0,2.0
330,53,511.0,470.0,0.0
330,22,446.0,493.0,0.0
330,47,498.0,470.0,0.0
330,83,495.0,475.0,0.0
330,99,482.0,408.0,0.0
330,89,474.0,460.0,0.0
330,14,453.0,457.0,2.0
330,3,495.0,416.0,0.0
330,80,517.0,419.0,0.0
330,96,442.0,483.0,0.0
330,51,515.0,430.0,0.0
330,33,509.0,431.0,0.0
330,40,528.0,407.0,0.0
330,48,532.0,423.0,0.0
330,15,537.0,420.0,0.0
330,65,457.0,487.0,0.0
330,97,450.0,476.0,0.0
331,5,517.0,420.0,0.0
331,56,447.0,504.0,0.0
331,35,517.0,473.0,0.0
331,55,512.0,475.0,0.0
331,60,479.0,468.0,0.0
331,30,454.0,439.0,2.0
331,32,459.0,502.0,0.0
331,6,455.0,487.0,0.0
331,67,507.0,424.0,0.0
331,45,466.0,438.0,2.0
331,73,443.0,477.0,0.0
331,64,501.0,445.0,0.0
331,90,478.0,485.0,0.0
331,4,509.0,428.0,0.0
331,13,538.0,438.0,0.0
331,54,480.0,445.0,0.0
331,63,502.0,501.0,0.0
331,86,447.0,467.0,0.0
331,91,526.0,502.0,0.0
331,62,523.0,474.0,0.0
331,58,472.0,418.0,2.0
331,52,479.0,418.0,0.0
331,12,445.0,417.0,2.0
331,28,479.0,490.0,0.0
331,75,443.0,424.0,2.0
331,23,510.0,421.0,0.0
331,92,492.0,477.0,0.0
331,41,456.0,487.0,0.0
331,43,521.0,414.0,0.0
331,11,504.0,431.0,0.0
331,36,506.0,467.0,0.0
331,68,513.0,413.0,0.0
331,69,449.0,437.0,2.0
331,98,442.0,500.0,0.0
331,82,470.0,411.0,2.0
331,85,526.0,409.0,0.0
331,39,483.0,504.0,0.0
331,84,522.0,446.0,0.0
331,77,449.0,493.0,0.0
331,7,504.0,426.0,0.0
331,25,448.0,458.0,2.0
331,95,523.0,506.0,0.0
331,71,473.0,502.0,0.0
331,66,507.0,505.0,0.0
331,76,477.0,489.0,0.0
331,34,479.0,409.0,0.0
331,50,448.0,442.0,2.0
331,59,502.0,441.0,0.0
331,93,449.0,442.0,2.0
331,2,485.0,445.0,0.0
331,10,454.0,426.0,2.0
331,18,458.0,418.0,2.0
331,26,472.0,414.0,2.0
331,27,453.0,409.0,2.0
331,42,441.0,482.0,0.0
331,87,505.0,455.0,0.0
331,100,530.0,428.0,0.0
331,79,516.0,470.0,0.0
331,16,487.0,488.0,0.0
331,20,457.0,478.0,0.0
331,81,527.0,410.0,0.0
331,19,442.0,464.0,0.0
331,49,482.0,429.0,0.0
331,44,469.0,440.0,2.0
331,9,536.0,504.0,0.0
331,31,468.0,418.0,2.0
331,74,512.0,437.0,0.0
331,61,458.0,468.0,0.0
331,29,493.0,442.0,0.0
331,94,487.0,420.0,0.0
331,46,510.0,446.0,0.0
331,57,446.0,436.0,2.0
331,70,536.0,501.0,0.0
331,21,513.0,476.0,0.0
331,38,533.0,493.0,0.0
331,88,505.0,486.0,0.0
331,78,516.0,408.0,0.0
331,72,454.0,479.0,0.0
331,24,443.0,477.0,0.0
331,8,495.0,453.0,0.0
331,17,499.0,454.0,0.0
331,37,500.0,481.0,0.0
331,1,441.0,460.0,2.0
331,53,511.0,470.0,0.0
331,22,446.0,493.0,0.0
331,47,498.0,470.0,0.0
331,83,495.0,475.0,0.0
331,99,482.0,408.0,0.0
331,89,474.0,460.0,0.0
331,14,453.0,457.0,2.0
331,3,495.0,416.0,0.0
331,80,517.0,419.0,0.0
331,96,442.0,483.0,0.0
331,51,515.0,430.0,0.0
331,33,509.0,431.0,0.0
331,40,528.0,407.0,0.0
331,48,532.0,423.0,0.0
331,15,537.0,420.0,0.0
331,65,457.0,487.0,0.0
331,97,450.0,476.0,0.0
332,5,517.0,420.0,0.0
332,56,447.0,504.0,0.0
332,35,517.0,473.0,0.0
332,55,512.0,475.0,0.0
332,60,479.0,468.0,0.0
332,30,454.0,439.0,2.0
332,32,459.0,502.0,0.0
332,6,455.0,487.0,0.0
332,67,507.0,424.0,0.0
332,45,466.0,438.0,2.0
332,73,443.0,477.0,0.0
332,64,501.0,445.0,0.0
332,90,478.0,485.0,0.0
332,4,509.0,428.0,0.0
332,13,538.0,438.0,0.0
332,54,480.0,445.0,0.0
332,63,502.0,501.0,0.0
332,86,447.0,467.0,0.0
332,91,526.0,502.0,0.0
332,62,523.0,474.0,0.0
332,58,472.0,418.0,2.0
332,52,479.0,418.0,0.0
332,12,445.0,417.0,2.0
332,28,479.0,490.0,0.0
332,75,443.0,424.0,2.0
332,23,510.0,421.0,0.0
332,92,492.0,477.0,0.0
332,41,456.0,487.0,0.0
332,43,521.0,414.0,0.0
332,11,504.0,431.0,0.0
332,36,506.0,467.0,0.0
332,68,513.0,413.0,0.0
332,69,449.0,437.0,2.0
332,98,442.0,500.0,0.0
332,82,470.0,411.0,2.0
332,85,526.0,409.0,0.0
332,39,483.0,504.0,0.0
332,84,522.0,446.0,0.0
332,77,449.0,493.0,0.0
332,7,504.0,426.0,0.0
332,25,448.0,458.0,2.0
332,95,523.0,506.0,0.0
332,71,473.0,502.0,0.0
332,66,507.0,505.0,0.0
332,76,477.0,489.0,0.0
332,34,479.0,409.0,0.0
332,50,448.0,442.0,2.0
332,59,502.0,441.0,0.0
332,93,449.0,442.0,2.0
332,2,485.0,445.0,0.0
332,10,454.0,426.0,2.0
332,18,458.0,418.0,2.0
332,26,472.0,414.0,2.0
332,27,453.0,409.0,2.0
332,42,441.0,482.0,0.0
332,87,505.0,455.0,0.0
332,100,530.0,428.0,0.0
332,79,516.0,470.0,0.0
332,16,487.0,488.0,0.0
332,20,457.0,478.0,0.0
332,81,527.0,410.0,0.0
332,19,442.0,464.0,0.0
332,49,482.0,429.0,0.0
332,44,469.0,440.0,2.0
332,9,536.0,504.0,0.0
332,31,468.0,418.0,2.0
332,74,512.0,437.0,0.0
332,61,458.0,468.0,0.0
332,29,493.0,442.0,0.0
332,94,487.0,420.0,0.0
332,46,510.0,446.0,0.0
332,57,446.0,436.0,2.0
332,70,536.0,501.0,0.0
332,21,513.0,476.0,0.0
332,38,533.0,493.0,0.0
332,88,505.0,486.0,0.0
332,78,516.0,408.0,0.0
332,72,454.0,479.0,0.0
332,24,443.0,477.0,0.0
332,8,495.0,453.0,0.0
332,17,499.0,454.0,0.0
332,37,500.0,481.0,0.0
332,1,441.0,460.0,2.0
332,53,511.0,470.0,0.0
332,22,446.0,493.0,0.0
332,47,498.0,470.0,0.0
332,83,495.0,475.0,0.0
332,99,482.0,408.0,0.0
332,89,474.0,460.0,0.0
332,14,453.0,457.0,2.0
332,3,495.0,416.0,0.0
332,80,517.0,419.0,0.0
332,96,442.0,483.0,0.0
332,51,515.0,430.0,0.0
332,33,509.0,431.0,0.0
332,40,528.0,407.0,0.0
332,48,532.0,423.0,0.0
332,15,537.0,420.0,0.0
332,65,457.0,487.0,0.0
332,97,450.0,476.0,0.0
333,5,517.0,420.0,0.0
333,56,447.0,504.0,0.0
333,35,517.0,473.0,0.0
333,55,512.0,475.0,0.0
333,60,479.0,468.0,0.0
333,30,454.0,439.0,2.0
333,32,459.0,502.0,0.0
333,6,455.0,487.0,0.0
333,67,507.0,424.0,0.0
333,45,466.0,438.0,2.0
333,73,443.0,477.0,0.0
333,64,501.0,445.0,0.0
333,90,478.0,485.0,0.0
333,4,509.0,428.0,0.0
333,13,538.0,438.0,0.0
333,54,480.0,445.0,0.0
333,63,502.0,501.0,0.0
333,86,447.0,467.0,0.0
333,91,526.0,502.0,0.0
333,62,523.0,474.0,0.0
333,58,472.0,418.0,2.0
333,52,479.0,418.0,0.0
333,12,445.0,417.0,2.0
333,28,479.0,490.0,0.0
333,75,443.0,424.0,2.0
333,23,510.0,421.0,0.0
333,92,492.0,477.0,0.0
333,41,456.0,487.0,0.0
333,43,521.0,414.0,0.0
333,11,504.0,431.0,0.0
333,36,506.0,467.0,0.0
333,68,513.0,413.0,0.0
333,69,449.0,437.0,2.0
333,98,442.0,500.0,0.0
333,82,470.0,411.0,2.0
333,85,526.0,409.0,0.0
333,39,483.0,504.0,0.0
333,84,522.0,446.0,0.0
333,77,449.0,493.0,0.0
333,7,504.0,426.0,0.0
333,25,448.0,458.0,2.0
333,95,523.0,506.0,0.0
333,71,473.0,502.0,0.0
333,66,507.0,505.0,0.0
333,76,477.0,489.0,0.0
333,34,479.0,409.0,0.0
333,50,448.0,442.0,2.0
333,59,502.0,441.0,0.0
333,93,449.0,442.0,2.0
333,2,485.0,445.0,0.0
333,10,454.0,426.0,2.0
333,18,458.0,418.0,2.0
333,26,472.0,414.0,2.0
333,27,453.0,409.0,2.0
333,42,441.0,482.0,0.0
333,87,505.0,455.0,0.0
333,100,530.0,428.0,0.0
333,79,516.0,470.0,0.0
333,16,487.0,488.0,0.0
333,20,457.0,478.0,0.0
333,81,527.0,410.0,0.0
333,19,442.0,464.0,0.0
333,49,482.0,429.0,0.0
333,44,469.0,440.0,2.0
333,9,536.0,504.0,0.0
333,31,468.0,418.0,2.0
333,74,512.0,437.0,0.0
333,61,458.0,468.0,0.0
333,29,493.0,442.0,0.0
333,94,487.0,420.0,0.0
333,46,510.0,446.0,0.0
333,57,446.0,436.0,2.0
333,70,536.0,501.0,0.0
333,21,513.0,476.0,0.0
333,38,533.0,493.0,0.0
333,88,505.0,486.0,0.0
333,78,516.0,408.0,0.0
333,72,454.0,479.0,0.0
333,24,443.0,477.0,0.0
333,8,495.0,453.0,0.0
333,17,499.0,454.0,0.0
333,37,500.0,481.0,0.0
333,1,441.0,460.0,2.0
333,53,511.0,470.0,0.0
333,22,446.0,493.0,0.0
333,47,498.0,470.0,0.0
333,83,495.0,475.0,0.0
333,99,482.0,408.0,0.0
333,89,474.0,460.0,0.0
333,14,453.0,457.0,2.0
333,3,495.0,416.0,0.0
333,80,517.0,419.0,0.0
333,96,442.0,483.0,0.0
333,51,515.0,430.0,0.0
333,33,509.0,431.0,0.0
333,40,528.0,407.0,0.0
333,48,532.0,423.0,0.0
333,15,537.0,420.0,0.0
333,65,457.0,487.0,0.0
333,97,450.0,476.0,0.0
334,5,517.0,420.0,0.0
334,56,447.0,504.0,0.0
334,35,517.0,473.0,0.0
334,55,512.0,475.0,0.0
334,60,479.0,468.0,0.0
334,30,454.0,439.0,2.0
334,32,459.0,502.0,0.0
334,6,455.0,487.0,0.0
334,67,507.0,424.0,0.0
334,45,466.0,438.0,2.0
334,73,443.0,477.0,0.0
334,64,501.0,445.0,0.0
334,90,478.0,485.0,0.0
334,4,509.0,428.0,0.0
334,13,538.0,438.0,0.0
334,54,480.0,445.0,0.0
334,63,502.0,501.0,0.0
334,86,447.0,467.0,0.0
334,91,526.0,502.0,0.0
334,62,523.0,474.0,0.0
334,58,472.0,418.0,2.0
334,52,479.0,418.0,0.0
334,12,445.0,417.0,2.0
334,28,479.0,490.0,0.0
334,75,443.0,424.0,2.0
334,23,510.0,421.0,0.0
334,92,492.0,477.0,0.0
334,41,456.0,487.0,0.0
334,43,521.0,414.0,0.0
334,11,504.0,431.0,0.0
334,36,506.0,467.0,0.0
334,68,513.0,413.0,0.0
334,69,449.0,437.0,2.0
334,98,442.0,500.0,0.0
334,82,470.0,411.0,2.0
334,85,526.0,409.0,0.0
334,39,483.0,504.0,0.0
334,84,522.0,446.0,0.0
334,77,449.0,493.0,0.0
334,7,504.0,426.0,0.0
334,25,448.0,458.0,2.0
334,95,523.0,506.0,0.0
334,71,473.0,502.0,0.0
334,66,507.0,505.0,0.0
334,76,477.0,489.0,0.0
334,34,479.0,409.0,0.0
334,50,448.0,442.0,2.0
334,59,502.0,441.0,0.0
334,93,449.0,442.0,2.0
334,2,485.0,445.0,0.0
334,10,454.0,426.0,2.0
334,18,458.0,418.0,2.0
334,26,472.0,414.0,2.0
334,27,453.0,409.0,2.0
334,42,441.0,482.0,0.0
334,87,505.0,455.0,0.0
334,100,530.0,428.0,0.0
334,79,516.0,470.0,0.0
334,16,487.0,488.0,0.0
334,20,457.0,478.0,0.0
334,81,527.0,410.0,0.0
334,19,442.0,464.0,0.0
334,49,482.0,429.0,0.0
334,44,469.0,440.0,2.0
334,9,536.0,504.0,0.0
334,31,468.0,418.0,2.0
334,74,512.0,437.0,0.0
334,61,458.0,468.0,0.0
334,29,493.0,442.0,0.0
334,94,487.0,420.0,0.0
334,46,510.0,446.0,0.0
334,57,446.0,436.0,2.0
334,70,536.0,501.0,0.0
334,21,513.0,476.0,0.0
334,38,533.0,493.0,0.0
334,88,505.0,486.0,0.0
334,78,516.0,408.0,0.0
334,72,454.0,479.0,0.0
334,24,443.0,477.0,0.0
334,8,495.0,453.0,0.0
334,17,499.0,454.0,0.0
334,37,500.0,481.0,0.0
334,1,441.0,460.0,2.0
334,53,511.0,470.0,0.0
334,22,446.0,493.0,0.0
334,47,498.0,470.0,0.0
334,83,495.0,475.0,0.0
334,99,482.0,408.0,0.0
334,89,474.0,460.0,0.0
334,14,453.0,457.0,2.0
334,3,495.0,416.0,0.0
334,80,517.0,419.0,0.0
334,96,442.0,483.0,0.0
334,51,515.0,430.0,0.0
334,33,509.0,431.0,0.0
334,40,528.0,407.0,0.0
334,48,532.0,423.0,0.0
334,15,537.0,420.0,0.0
334,65,457.0,487.0,0.0
334,97,450.0,476.0,0.0
335,5,517.0,420.0,0.0
335,56,447.0,504.0,0.0
335,35,517.0,473.0,0.0
335,55,512.0,475.0,0.0
335,60,479.0,468.0,0.0
335,30,454.0,439.0,2.0
335,32,459.0,502.0,0.0
335,6,455.0,487.0,0.0
335,67,507.0,424.0,0.0
335,45,466.0,438.0,2.0
335,73,443.0,477.0,0.0
335,64,501.0,445.0,0.0
335,90,478.0,485.0,0.0
335,4,509.0,428.0,0.0
335,13,538.0,438.0,0.0
335,54,480.0,445.0,0.0
335,63,502.0,501.0,0.0
335,86,447.0,467.0,0.0
335,91,526.0,502.0,0.0
335,62,523.0,474.0,0.0
335,58,472.0,418.0,2.0
335,52,479.0,418.0,0.0
335,12,445.0,417.0,2.0
335,28,479.0,490.0,0.0
335,75,443.0,424.0,2.0
335,23,510.0,421.0,0.0
335,92,492.0,477.0,0.0
335,41,456.0,487.0,0.0
335,43,521.0,414.0,0.0
335,11,504.0,431.0,0.0
335,36,506.0,467.0,0.0
335,68,513.0,413.0,0.0
335,69,449.0,437.0,2.0
335,98,442.0,500.0,0.0
335,82,470.0,411.0,2.0
335,85,526.0,409.0,0.0
335,39,483.0,504.0,0.0
335,84,522.0,446.0,0.0
335,77,449.0,493.0,0.0
335,7,504.0,426.0,0.0
335,25,448.0,458.0,2.0
335,95,523.0,506.0,0.0
335,71,473.0,502.0,0.0
335,66,507.0,505.0,0.0
335,76,477.0,489.0,0.0
335,34,479.0,409.0,0.0
335,50,448.0,442.0,2.0
335,59,502.0,441.0,0.0
335,93,449.0,442.0,2.0
335,2,485.0,445.0,0.0
335,10,454.0,426.0,2.0
335,18,458.0,418.0,2.0
335,26,472.0,414.0,2.0
335,27,453.0,409.0,2.0
335,42,441.0,482.0,0.0
335,87,505.0,455.0,0.0
335,100,530.0,428.0,0.0
335,79,516.0,470.0,0.0
335,16,487.0,488.0,0.0
335,20,457.0,478.0,0.0
335,81,527.0,410.0,0.0
335,19,442.0,464.0,0.0
335,49,482.0,429.0,0.0
335,44,469.0,440.0,2.0
335,9,536.0,504.0,0.0
335,31,468.0,418.0,2.0
335,74,512.0,437.0,0.0
335,61,458.0,468.0,0.0
335,29,493.0,442.0,0.0
335,94,487.0,420.0,0.0
335,46,510.0,446.0,0.0
335,57,446.0,436.0,2.0
335,70,536.0,501.0,0.0
335,21,513.0,476.0,0.0
335,38,533.0,493.0,0.0
335,88,505.0,486.0,0.0
335,78,516.0,408.0,0.0
335,72,454.0,479.0,0.0
335,24,443.0,477.0,0.0
335,8,495.0,453.0,0.0
335,17,499.0,454.0,0.0
335,37,500.0,481.0,0.0
335,1,441.0,460.0,2.0
335,53,511.0,470.0,0.0
335,22,446.0,493.0,0.0
335,47,498.0,470.0,0.0
335,83,495.0,475.0,0.0
335,99,482.0,408.0,0.0
335,89,474.0,460.0,0.0
335,14,453.0,457.0,2.0
335,3,495.0,416.0,0.0
335,80,517.0,419.0,0.0
335,96,442.0,483.0,0.0
335,51,515.0,430.0,0.0
335,33,509.0,431.0,0.0
335,40,528.0,407.0,0.0
335,48,532.0,423.0,0.0
335,15,537.0,420.0,0.0
335,65,457.0,487.0,0.0
335,97,450.0,476.0,0.0
336,5,517.0,420.0,0.0
336,56,447.0,504.0,0.0
336,35,517.0,473.0,0.0
336,55,512.0,475.0,0.0
336,60,479.0,468.0,0.0
336,30,454.0,439.0,2.0
336,32,459.0,502.0,0.0
336,6,455.0,487.0,0.0
336,67,507.0,424.0,0.0
336,45,466.0,438.0,2.0
336,73,443.0,477.0,0.0
336,64,501.0,445.0,0.0
336,90,478.0,485.0,0.0
336,4,509.0,428.0,0.0
336,13,538.0,438.0,0.0
336,54,480.0,445.0,0.0
336,63,502.0,501.0,0.0
336,86,447.0,467.0,0.0
336,91,526.0,502.0,0.0
336,62,523.0,474.0,0.0
336,58,472.0,418.0,2.0
336,52,479.0,418.0,0.0
336,12,445.0,417.0,2.0
336,28,479.0,490.0,0.0
336,75,443.0,424.0,2.0
336,23,510.0,421.0,0.0
336,92,492.0,477.0,0.0
336,41,456.0,487.0,0.0
336,43,521.0,414.0,0.0
336,11,504.0,431.0,0.0
336,36,506.0,467.0,0.0
336,68,513.0,413.0,0.0
336,69,449.0,437.0,2.0
336,98,442.0,500.0,0.0
336,82,470.0,411.0,2.0
336,85,526.0,409.0,0.0
336,39,483.0,504.0,0.0
336,84,522.0,446.0,0.0
336,77,449.0,493.0,0.0
336,7,504.0,426.0,0.0
336,25,448.0,458.0,2.0
336,95,523.0,506.0,0.0
336,71,473.0,502.0,0.0
336,66,507.0,505.0,0.0
336,76,477.0,489.0,0.0
336,34,479.0,409.0,0.0
336,50,448.0,442.0,2.0
336,59,502.0,441.0,0.0
336,93,449.0,442.0,2.0
336,2,485.0,445.0,0.0
336,10,454.0,426.0,2.0
336,18,458.0,418.0,2.0
336,26,472.0,414.0,2.0
336,27,453.0,409.0,2.0
336,42,441.0,482.0,0.0
336,87,505.0,455.0,0.0
336,100,530.0,428.0,0.0
336,79,516.0,470.0,0.0
336,16,487.0,488.0,0.0
336,20,457.0,478.0,0.0
336,81,527.0,410.0,0.0
336,19,442.0,464.0,0.0
336,49,482.0,429.0,0.0
336,44,469.0,440.0,2.0
336,9,536.0,504.0,0.0
336,31,468.0,418.0,2.0
336,74,512.0,437.0,0.0
336,61,458.0,468.0,0.0
336,29,493.0,442.0,0.0
336,94,487.0,420.0,0.0
336,46,510.0,446.0,0.0
336,57,446.0,436.0,2.0
336,70,536.0,501.0,0.0
336,21,513.0,476.0,0.0
336,38,533.0,493.0,0.0
336,88,505.0,486.0,0.0
336,78,516.0,408.0,0.0
336,72,454.0,479.0,0.0
336,24,443.0,477.0,0.0
336,8,495.0,453.0,0.0
336,17,499.0,454.0,0.0
336,37,500.0,481.0,0.0
336,1,441.0,460.0,2.0
336,53,511.0,470.0,0.0
336,22,446.0,493.0,0.0
336,47,498.0,470.0,0.0
336,83,495.0,475.0,0.0
336,99,482.0,408.0,0.0
336,89,474.0,460.0,0.0
336,14,453.0,457.0,2.0
336,3,495.0,416.0,0.0
336,80,517.0,419.0,0.0
336,96,442.0,483.0,0.0
336,51,515.0,430.0,0.0
336,33,509.0,431.0,0.0
336,40,528.0,407.0,0.0
336,48,532.0,423.0,0.0
336,15,537.0,420.0,0.0
336,65,457.0,487.0,0.0
336,97,450.0,476.0,0.0
337,5,517.0,420.0,0.0
337,56,447.0,504.0,0.0
337,35,517.0,473.0,0.0
337,55,512.0,475.0,0.0
337,60,479.0,468.0,0.0
337,30,454.0,439.0,2.0
337,32,459.0,502.0,0.0
337,6,455.0,487.0,0.0
337,67,507.0,424.0,0.0
337,45,466.0,438.0,2.0
337,73,443.0,477.0,0.0
337,64,501.0,445.0,0.0
337,90,478.0,485.0,0.0
337,4,509.0,428.0,0.0
337,13,538.0,438.0,0.0
337,54,480.0,445.0,0.0
337,63,502.0,501.0,0.0
337,86,447.0,467.0,0.0
337,91,526.0,502.0,0.0
337,62,523.0,474.0,0.0
337,58,472.0,418.0,2.0
337,52,479.0,418.0,0.0
337,12,445.0,417.0,2.0
337,28,479.0,490.0,0.0
337,75,443.0,424.0,2.0
337,23,510.0,421.0,0.0
337,92,492.0,477.0,0.0
337,41,456.0,487.0,0.0
337,43,521.0,414.0,0.0
337,11,504.0,431.0,0.0
337,36,506.0,467.0,0.0
337,68,513.0,413.0,0.0
337,69,449.0,437.0,2.0
337,98,442.0,500.0,0.0
337,82,470.0,411.0,2.0
337,85,526.0,409.0,0.0
337,39,483.0,504.0,0.0
337,84,522.0,446.0,0.0
337,77,449.0,493.0,0.0
337,7,504.0,426.0,0.0
337,25,448.0,458.0,2.0
337,95,523.0,506.0,0.0
337,71,473.0,502.0,0.0
337,66,507.0,505.0,0.0
337,76,477.0,489.0,0.0
337,34,479.0,409.0,0.0
337,50,448.0,442.0,2.0
337,59,502.0,441.0,0.0
337,93,449.0,442.0,2.0
337,2,485.0,445.0,0.0
337,10,454.0,426.0,2.0
337,18,458.0,418.0,2.0
337,26,472.0,414.0,2.0
337,27,453.0,409.0,2.0
337,42,441.0,482.0,0.0
337,87,505.0,455.0,0.0
337,100,530.0,428.0,0.0
337,79,516.0,470.0,0.0
337,16,487.0,488.0,0.0
337,20,457.0,478.0,0.0
337,81,527.0,410.0,0.0
337,19,442.0,464.0,0.0
337,49,482.0,429.0,0.0
337,44,469.0,440.0,2.0
337,9,536.0,504.0,0.0
337,31,468.0,418.0,2.0
337,74,512.0,437.0,0.0
337,61,458.0,468.0,0.0
337,29,493.0,442.0,0.0
337,94,487.0,420.0,0.0
337,46,510.0,446.0,0.0
337,57,446.0,436.0,2.0
337,70,536.0,501.0,0.0
337,21,513.0,476.0,0.0
337,38,533.0,493.0,0.0
337,88,505.0,486.0,0.0
337,78,516.0,408.0,0.0
337,72,454.0,479.0,0.0
337,24,443.0,477.0,0.0
337,8,495.0,453.0,0.0
337,17,499.0,454.0,0.0
337,37,500.0,481.0,0.0
337,1,441.0,460.0,2.0
337,53,511.0,470.0,0.0
337,22,446.0,493.0,0.0
337,47,498.0,470.0,0.0
337,83,495.0,475.0,0.0
337,99,482.0,408.0,0.0
337,89,474.0,460.0,0.0
337,14,453.0,457.0,2.0
337,3,495.0,416.0,0.0
337,80,517.0,419.0,0.0
337,96,442.0,483.0,0.0
337,51,515.0,430.0,0.0
337,33,509.0,431.0,0.0
337,40,528.0,407.0,0.0
337,48,532.0,423.0,0.0
337,15,537.0,420.0,0.0
337,65,457.0,487.0,0.0
337,97,450.0,476.0,0.0
338,5,517.0,420.0,0.0
338,56,447.0,504.0,0.0
338,35,517.0,473.0,0.0
338,55,512.0,475.0,0.0
338,60,479.0,468.0,0.0
338,30,454.0,439.0,2.0
338,32,459.0,502.0,0.0
338,6,455.0,487.0,0.0
338,67,507.0,424.0,0.0
338,45,466.0,438.0,2.0
338,73,443.0,477.0,0.0
338,64,501.0,445.0,0.0
338,90,478.0,485.0,0.0
338,4,509.0,428.0,0.0
338,13,538.0,438.0,0.0
338,54,480.0,445.0,0.0
338,63,502.0,501.0,0.0
338,86,447.0,467.0,0.0
338,91,526.0,502.0,0.0
338,62,523.0,474.0,0.0
338,58,472.0,418.0,2.0
338,52,479.0,418.0,0.0
338,12,445.0,417.0,2.0
338,28,479.0,490.0,0.0
338,75,443.0,424.0,2.0
338,23,510.0,421.0,0.0
338,92,492.0,477.0,0.0
338,41,456.0,487.0,0.0
338,43,521.0,414.0,0.0
338,11,504.0,431.0,0.0
338,36,506.0,467.0,0.0
338,68,513.0,413.0,0.0
338,69,449.0,437.0,2.0
338,98,442.0,500.0,0.0
338,82,470.0,411.0,2.0
338,85,526.0,409.0,0.0
338,39,483.0,504.0,0.0
338,84,522.0,446.0,0.0
338,77,449.0,493.0,0.0
338,7,504.0,426.0,0.0
338,25,448.0,458.0,2.0
338,95,523.0,506.0,0.0
338,71,473.0,502.0,0.0
338,66,507.0,505.0,0.0
338,76,477.0,489.0,0.0
338,34,479.0,409.0,0.0
338,50,448.0,442.0,2.0
338,59,502.0,441.0,0.0
338,93,449.0,442.0,2.0
338,2,485.0,445.0,0.0
338,10,454.0,426.0,2.0
338,18,458.0,418.0,2.0
338,26,472.0,414.0,2.0
338,27,453.0,409.0,2.0
338,42,441.0,482.0,0.0
338,87,505.0,455.0,0.0
338,100,530.0,428.0,0.0
338,79,516.0,470.0,0.0
338,16,487.0,488.0,0.0
338,20,457.0,478.0,0.0
338,81,527.0,410.0,0.0
338,19,442.0,464.0,0.0
338,49,482.0,429.0,0.0
338,44,469.0,440.0,2.0
338,9,536.0,504.0,0.0
338,31,468.0,418.0,2.0
338,74,512.0,437.0,0.0
338,61,458.0,468.0,0.0
338,29,493.0,442.0,0.0
338,94,487.0,420.0,0.0
338,46,510.0,446.0,0.0
338,57,446.0,436.0,2.0
338,70,536.0,501.0,0.0
338,21,513.0,476.0,0.0
338,38,533.0,493.0,0.0
338,88,505.0,486.0,0.0
338,78,516.0,408.0,0.0
338,72,454.0,479.0,0.0
338,24,443.0,477.0,0.0
338,8,495.0,453.0,0.0
338,17,499.0,454.0,0.0
338,37,500.0,481.0,0.0
338,1,441.0,460.0,2.0
338,53,511.0,470.0,0.0
338,22,446.0,493.0,0.0
338,47,498.0,470.0,0.0
338,83,495.0,475.0,0.0
338,99,482.0,408.0,0.0
338,89,474.0,460.0,0.0
338,14,453.0,457.0,2.0
338,3,495.0,416.0,0.0
338,80,517.0,419.0,0.0
338,96,442.0,483.0,0.0
338,51,515.0,430.0,0.0
338,33,509.0,431.0,0.0
338,40,528.0,407.0,0.0
338,48,532.0,423.0,0.0
338,15,537.0,420.0,0.0
338,65,457.0,487.0,0.0
338,97,450.0,476.0,0.0
339,5,517.0,420.0,0.0
339,56,447.0,504.0,0.0
339,35,517.0,473.0,0.0
339,55,512.0,475.0,0.0
339,60,479.0,468.0,0.0
339,30,454.0,439.0,2.0
339,32,459.0,502.0,0.0
339,6,455.0,487.0,0.0
339,67,507.0,424.0,0.0
339,45,466.0,438.0,2.0
339,73,443.0,477.0,0.0
339,64,501.0,445.0,0.0
339,90,478.0,485.0,0.0
339,4,509.0,428.0,0.0
339,13,538.0,438.0,0.0
339,54,480.0,445.0,0.0
339,63,502.0,501.0,0.0
339,86,447.0,467.0,0.0
339,91,526.0,502.0,0.0
339,62,523.0,474.0,0.0
339,58,472.0,418.0,2.0
339,52,479.0,418.0,0.0
339,12,445.0,417.0,2.0
339,28,479.0,490.0,0.0
339,75,443.0,424.0,2.0
339,23,510.0,421.0,0.0
339,92,492.0,477.0,0.0
339,41,456.0,487.0,0.0
339,43,521.0,414.0,0.0
339,11,504.0,431.0,0.0
339,36,506.0,467.0,0.0
339,68,513.0,413.0,0.0
339,69,449.0,437.0,2.0
339,98,442.0,500.0,0.0
339,82,470.0,411.0,2.0
339,85,526.0,409.0,0.0
339,39,483.0,504.0,0.0
339,84,522.0,446.0,0.0
339,77,449.0,493.0,0.0
339,7,504.0,426.0,0.0
339,25,448.0,458.0,2.0
339,95,523.0,506.0,0.0
339,71,473.0,502.0,0.0
339,66,507.0,505.0,0.0
339,76,477.0,489.0,0.0
339,34,479.0,409.0,0.0
339,50,448.0,442.0,2.0
339,59,502.0,441.0,0.0
339,93,449.0,442.0,2.0
339,2,485.0,445.0,0.0
339,10,454.0,426.0,2.0
339,18,458.0,418.0,2.0
339,26,472.0,414.0,2.0
339,27,453.0,409.0,2.0
339,42,441.0,482.0,0.0
339,87,505.0,455.0,0.0
339,100,530.0,428.0,0.0
339,79,516.0,470.0,0.0
339,16,487.0,488.0,0.0
339,20,457.0,478.0,0.0
339,81,527.0,410.0,0.0
339,19,442.0,464.0,0.0
339,49,482.0,429.0,0.0
339,44,469.0,440.0,2.0
339,9,536.0,504.0,0.0
339,31,468.0,418.0,2.0
339,74,512.0,437.0,0.0
339,61,458.0,468.0,0.0
339,29,493.0,442.0,0.0
339,94,487.0,420.0,0.0
339,46,510.0,446.0,0.0
339,57,446.0,436.0,2.0
339,70,536.0,501.0,0.0
339,21,513.0,476.0,0.0
339,38,533.0,493.0,0.0
339,88,505.0,486.0,0.0
339,78,516.0,408.0,0.0
339,72,454.0,479.0,0.0
339,24,443.0,477.0,0.0
339,8,495.0,453.0,0.0
339,17,499.0,454.0,0.0
339,37,500.0,481.0,0.0
339,1,441.0,460.0,2.0
339,53,511.0,470.0,0.0
339,22,446.0,493.0,0.0
339,47,498.0,470.0,0.0
339,83,495.0,475.0,0.0
339,99,482.0,408.0,0.0
339,89,474.0,460.0,0.0
339,14,453.0,457.0,2.0
339,3,495.0,416.0,0.0
339,80,517.0,419.0,0.0
339,96,442.0,483.0,0.0
339,51,515.0,430.0,0.0
339,33,509.0,431.0,0.0
339,40,528.0,407.0,0.0
339,48,532.0,423.0,0.0
339,15,537.0,420.0,0.0
339,65,457.0,487.0,0.0
339,97,450.0,476.0,0.0
340,5,517.0,420.0,0.0
340,56,447.0,504.0,0.0
340,35,517.0,473.0,0.0
340,55,512.0,475.0,0.0
340,60,479.0,468.0,0.0
340,30,454.0,439.0,2.0
340,32,459.0,502.0,0.0
340,6,455.0,487.0,0.0
340,67,507.0,424.0,0.0
340,45,466.0,438.0,2.0
340,73,443.0,477.0,0.0
340,64,501.0,445.0,0.0
340,90,478.0,485.0,0.0
340,4,509.0,428.0,0.0
340,13,538.0,438.0,0.0
340,54,480.0,445.0,0.0
340,63,502.0,501.0,0.0
340,86,447.0,467.0,0.0
340,91,526.0,502.0,0.0
340,62,523.0,474.0,0.0
340,58,472.0,418.0,2.0
340,52,479.0,418.0,0.0
340,12,445.0,417.0,2.0
340,28,479.0,490.0,0.0
340,75,443.0,424.0,2.0
340,23,510.0,421.0,0.0
340,92,492.0,477.0,0.0
340,41,456.0,487.0,0.0
340,43,521.0,414.0,0.0
340,11,504.0,431.0,0.0
340,36,506.0,467.0,0.0
340,68,513.0,413.0,0.0
340,69,449.0,437.0,2.0
340,98,442.0,500.0,0.0
340,82,470.0,411.0,2.0
340,85,526.0,409.0,0.0
340,39,483.0,504.0,0.0
340,84,522.0,446.0,0.0
340,77,449.0,493.0,0.0
340,7,504.0,426.0,0.0
340,25,448.0,458.0,2.0
340,95,523.0,506.0,0.0
340,71,473.0,502.0,0.0
340,66,507.0,505.0,0.0
340,76,477.0,489.0,0.0
340,34,479.0,409.0,0.0
340,50,448.0,442.0,2.0
340,59,502.0,441.0,0.0
340,93,449.0,442.0,2.0
340,2,485.0,445.0,0.0
340,10,454.0,426.0,2.0
340,18,458.0,418.0,2.0
340,26,472.0,414.0,2.0
340,27,453.0,409.0,2.0
340,42,441.0,482.0,0.0
340,87,505.0,455.0,0.0
340,100,530.0,428.0,0.0
340,79,516.0,470.0,0.0
340,16,487.0,488.0,0.0
340,20,457.0,478.0,0.0
340,81,527.0,410.0,0.0
340,19,442.0,464.0,0.0
340,49,482.0,429.0,0.0
340,44,469.0,440.0,2.0
340,9,536.0,504.0,0.0
340,31,468.0,418.0,2.0
340,74,512.0,437.0,0.0
340,61,458.0,468.0,0.0
340,29,493.0,442.0,0.0
340,94,487.0,420.0,0.0
340,46,510.0,446.0,0.0
340,57,446.0,436.0,2.0
340,70,536.0,501.0,0.0
340,21,513.0,476.0,0.0
340,38,533.0,493.0,0.0
340,88,505.0,486.0,0.0
340,78,516.0,408.0,0.0
340,72,454.0,479.0,0.0
340,24,443.0,477.0,0.0
340,8,495.0,453.0,0.0
340,17,499.0,454.0,0.0
340,37,500.0,481.0,0.0
340,1,441.0,460.0,2.0
340,53,511.0,470.0,0.0
340,22,446.0,493.0,0.0
340,47,498.0,470.0,0.0
340,83,495.0,475.0,0.0
340,99,482.0,408.0,0.0
340,89,474.0,460.0,0.0
340,14,453.0,457.0,2.0
340,3,495.0,416.0,0.0
340,80,517.0,419.0,0.0
340,96,442.0,483.0,0.0
340,51,515.0,430.0,0.0
340,33,509.0,431.0,0.0
340,40,528.0,407.0,0.0
340,48,532.0,423.0,0.0
340,15,537.0,420.0,0.0
340,65,457.0,487.0,0.0
340,97,450.0,476.0,0.0
341,5,517.0,420.0,0.0
341,56,447.0,504.0,0.0
341,35,517.0,473.0,0.0
341,55,512.0,475.0,0.0
341,60,479.0,468.0,0.0
341,30,454.0,439.0,2.0
341,32,459.0,502.0,0.0
341,6,455.0,487.0,0.0
341,67,507.0,424.0,0.0
341,45,466.0,438.0,2.0
341,73,443.0,477.0,0.0
341,64,501.0,445.0,0.0
341,90,478.0,485.0,0.0
341,4,509.0,428.0,0.0
341,13,538.0,438.0,0.0
341,54,480.0,445.0,0.0
341,63,502.0,501.0,0.0
341,86,447.0,467.0,0.0
341,91,526.0,502.0,0.0
341,62,523.0,474.0,0.0
341,58,472.0,418.0,2.0
341,52,479.0,418.0,0.0
341,12,445.0,417.0,2.0
341,28,479.0,490.0,0.0
341,75,443.0,424.0,2.0
341,23,510.0,421.0,0.0
341,92,492.0,477.0,0.0
341,41,456.0,487.0,0.0
341,43,521.0,414.0,0.0
341,11,504.0,431.0,0.0
341,36,506.0,467.0,0.0
341,68,513.0,413.0,0.0
341,69,449.0,437.0,2.0
341,98,442.0,500.0,0.0
341,82,470.0,411.0,2.0
341,85,526.0,409.0,0.0
341,39,483.0,504.0,0.0
341,84,522.0,446.0,0.0
341,77,449.0,493.0,0.0
341,7,504.0,426.0,0.0
341,25,448.0,458.0,2.0
341,95,523.0,506.0,0.0
341,71,473.0,502.0,0.0
341,66,507.0,505.0,0.0
341,76,477.0,489.0,0.0
341,34,479.0,409.0,0.0
341,50,448.0,442.0,2.0
341,59,502.0,441.0,0.0
341,93,449.0,442.0,2.0
341,2,485.0,445.0,0.0
341,10,454.0,426.0,2.0
341,18,458.0,418.0,2.0
341,26,472.0,414.0,2.0
341,27,453.0,409.0,2.0
341,42,441.0,482.0,0.0
341,87,505.0,455.0,0.0
341,100,530.0,428.0,0.0
341,79,516.0,470.0,0.0
341,16,487.0,488.0,0.0
341,20,457.0,478.0,0.0
341,81,527.0,410.0,0.0
341,19,442.0,464.0,0.0
341,49,482.0,429.0,0.0
341,44,469.0,440.0,2.0
341,9,536.0,504.0,0.0
341,31,468.0,418.0,2.0
341,74,512.0,437.0,0.0
341,61,458.0,468.0,0.0
341,29,493.0,442.0,0.0
341,94,487.0,420.0,0.0
341,46,510.0,446.0,0.0
341,57,446.0,436.0,2.0
341,70,536.0,501.0,0.0
341,21,513.0,476.0,0.0
341,38,533.0,493.0,0.0
341,88,505.0,486.0,0.0
341,78,516.0,408.0,0.0
341,72,454.0,479.0,0.0
341,24,443.0,477.0,0.0
341,8,495.0,453.0,0.0
341,17,499.0,454.0,0.0
341,37,500.0,481.0,0.0
341,1,441.0,460.0,2.0
341,53,511.0,470.0,0.0
341,22,446.0,493.0,0.0
341,47,498.0,470.0,0.0
341,83,495.0,475.0,0.0
341,99,482.0,408.0,0.0
341,89,474.0,460.0,0.0
341,14,453.0,457.0,2.0
341,3,495.0,416.0,0.0
341,80,517.0,419.0,0.0
341,96,442.0,483.0,0.0
341,51,515.0,430.0,0.0
341,33,509.0,431.0,0.0
341,40,528.0,407.0,0.0
341,48,532.0,423.0,0.0
341,15,537.0,420.0,0.0
341,65,457.0,487.0,0.0
341,97,450.0,476.0,0.0
342,5,517.0,420.0,0.0
342,56,447.0,504.0,0.0
342,35,517.0,473.0,0.0
342,55,512.0,475.0,0.0
342,60,479.0,468.0,0.0
342,30,454.0,439.0,2.0
342,32,459.0,502.0,0.0
342,6,455.0,487.0,0.0
342,67,507.0,424.0,0.0
342,45,466.0,438.0,2.0
342,73,443.0,477.0,0.0
342,64,501.0,445.0,0.0
342,90,478.0,485.0,0.0
342,4,509.0,428.0,0.0
342,13,538.0,438.0,0.0
342,54,480.0,445.0,0.0
342,63,502.0,501.0,0.0
342,86,447.0,467.0,0.0
342,91,526.0,502.0,0.0
342,62,523.0,474.0,0.0
342,58,472.0,418.0,2.0
342,52,479.0,418.0,0.0
342,12,445.0,417.0,2.0
342,28,479.0,490.0,0.0
342,75,443.0,424.0,2.0
342,23,510.0,421.0,0.0
342,92,492.0,477.0,0.0
342,41,456.0,487.0,0.0
342,43,521.0,414.0,0.0
342,11,504.0,431.0,0.0
342,36,506.0,467.0,0.0
342,68,513.0,413.0,0.0
342,69,449.0,437.0,2.0
342,98,442.0,500.0,0.0
342,82,470.0,411.0,2.0
342,85,526.0,409.0,0.0
342,39,483.0,504.0,0.0
342,84,522.0,446.0,0.0
342,77,449.0,493.0,0.0
342,7,504.0,426.0,0.0
342,25,448.0,458.0,2.0
342,95,523.0,506.0,0.0
342,71,473.0,502.0,0.0
342,66,507.0,505.0,0.0
342,76,477.0,489.0,0.0
342,34,479.0,409.0,0.0
342,50,448.0,442.0,2.0
342,59,502.0,441.0,0.0
342,93,449.0,442.0,2.0
342,2,485.0,445.0,0.0
342,10,454.0,426.0,2.0
342,18,458.0,418.0,2.0
342,26,472.0,414.0,2.0
342,27,453.0,409.0,2.0
342,42,441.0,482.0,0.0
342,87,505.0,455.0,0.0
342,100,530.0,428.0,0.0
342,79,516.0,470.0,0.0
342,16,487.0,488.0,0.0
342,20,457.0,478.0,0.0
342,81,527.0,410.0,0.0
342,19,442.0,464.0,0.0
342,49,482.0,429.0,0.0
342,44,469.0,440.0,2.0
342,9,536.0,504.0,0.0
342,31,468.0,418.0,2.0
342,74,512.0,437.0,0.0
342,61,458.0,468.0,0.0
342,29,493.0,442.0,0.0
342,94,487.0,420.0,0.0
342,46,510.0,446.0,0.0
342,57,446.0,436.0,2.0
342,70,536.0,501.0,0.0
342,21,513.0,476.0,0.0
342,38,533.0,493.0,0.0
342,88,505.0,486.0,0.0
342,78,516.0,408.0,0.0
342,72,454.0,479.0,0.0
342,24,443.0,477.0,0.0
342,8,495.0,453.0,0.0
342,17,499.0,454.0,0.0
342,37,500.0,481.0,0.0
342,1,441.0,460.0,2.0
342,53,511.0,470.0,0.0
342,22,446.0,493.0,0.0
342,47,498.0,470.0,0.0
342,83,495.0,475.0,0.0
342,99,482.0,408.0,0.0
342,89,474.0,460.0,0.0
342,14,453.0,457.0,2.0
342,3,495.0,416.0,0.0
342,80,517.0,419.0,0.0
342,96,442.0,483.0,0.0
342,51,515.0,430.0,0.0
342,33,509.0,431.0,0.0
342,40,528.0,407.0,0.0
342,48,532.0,423.0,0.0
342,15,537.0,420.0,0.0
342,65,457.0,487.0,0.0
342,97,450.0,476.0,0.0
343,5,517.0,420.0,0.0
343,56,447.0,504.0,0.0
343,35,517.0,473.0,0.0
343,55,512.0,475.0,0.0
343,60,479.0,468.0,0.0
343,30,454.0,439.0,2.0
343,32,459.0,502.0,0.0
343,6,455.0,487.0,0.0
343,67,507.0,424.0,0.0
343,45,466.0,438.0,2.0
343,73,443.0,477.0,0.0
343,64,501.0,445.0,0.0
343,90,478.0,485.0,0.0
343,4,509.0,428.0,0.0
343,13,538.0,438.0,0.0
343,54,480.0,445.0,0.0
343,63,502.0,501.0,0.0
343,86,447.0,467.0,0.0
343,91,526.0,502.0,0.0
343,62,523.0,474.0,0.0
343,58,472.0,418.0,2.0
343,52,479.0,418.0,0.0
343,12,445.0,417.0,2.0
343,28,479.0,490.0,0.0
343,75,443.0,424.0,2.0
343,23,510.0,421.0,0.0
343,92,492.0,477.0,0.0
343,41,456.0,487.0,0.0
343,43,521.0,414.0,0.0
343,11,504.0,431.0,0.0
343,36,506.0,467.0,0.0
343,68,513.0,413.0,0.0
343,69,449.0,437.0,2.0
343,98,442.0,500.0,0.0
343,82,470.0,411.0,2.0
343,85,526.0,409.0,0.0
343,39,483.0,504.0,0.0
343,84,522.0,446.0,0.0
343,77,449.0,493.0,0.0
343,7,504.0,426.0,0.0
343,25,448.0,458.0,2.0
343,95,523.0,506.0,0.0
343,71,473.0,502.0,0.0
343,66,507.0,505.0,0.0
343,76,477.0,489.0,0.0
343,34,479.0,409.0,0.0
343,50,448.0,442.0,2.0
343,59,502.0,441.0,0.0
343,93,449.0,442.0,2.0
343,2,485.0,445.0,0.0
343,10,454.0,426.0,2.0
343,18,458.0,418.0,2.0
343,26,472.0,414.0,2.0
343,27,453.0,409.0,2.0
343,42,441.0,482.0,0.0
343,87,505.0,455.0,0.0
343,100,530.0,428.0,0.0
343,79,516.0,470.0,0.0
343,16,487.0,488.0,0.0
343,20,457.0,478.0,0.0
343,81,527.0,410.0,0.0
343,19,442.0,464.0,0.0
343,49,482.0,429.0,0.0
343,44,469.0,440.0,2.0
343,9,536.0,504.0,0.0
343,31,468.0,418.0,2.0
343,74,512.0,437.0,0.0
343,61,458.0,468.0,0.0
343,29,493.0,442.0,0.0
343,94,487.0,420.0,0.0
343,46,510.0,446.0,0.0
343,57,446.0,436.0,2.0
343,70,536.0,501.0,0.0
343,21,513.0,476.0,0.0
343,38,533.0,493.0,0.0
343,88,505.0,486.0,0.0
343,78,516.0,408.0,0.0
343,72,454.0,479.0,0.0
343,24,443.0,477.0,0.0
343,8,495.0,453.0,0.0
343,17,499.0,454.0,0.0
343,37,500.0,481.0,0.0
343,1,441.0,460.0,2.0
343,53,511.0,470.0,0.0
343,22,446.0,493.0,0.0
343,47,498.0,470.0,0.0
343,83,495.0,475.0,0.0
343,99,482.0,408.0,0.0
343,89,474.0,460.0,0.0
343,14,453.0,457.0,2.0
343,3,495.0,416.0,0.0
343,80,517.0,419.0,0.0
343,96,442.0,483.0,0.0
343,51,515.0,430.0,0.0
343,33,509.0,431.0,0.0
343,40,528.0,407.0,0.0
343,48,532.0,423.0,0.0
343,15,537.0,420.0,0.0
343,65,457.0,487.0,0.0
343,97,450.0,476.0,0.0
344,5,517.0,420.0,0.0
344,56,447.0,504.0,0.0
344,35,517.0,473.0,0.0
344,55,512.0,475.0,0.0
344,60,479.0,468.0,0.0
344,30,454.0,439.0,2.0
344,32,459.0,502.0,0.0
344,6,455.0,487.0,0.0
344,67,507.0,424.0,0.0
344,45,466.0,438.0,2.0
344,73,443.0,477.0,0.0
344,64,501.0,445.0,0.0
344,90,478.0,485.0,0.0
344,4,509.0,428.0,0.0
344,13,538.0,438.0,0.0
344,54,480.0,445.0,0.0
344,63,502.0,501.0,0.0
344,86,447.0,467.0,0.0
344,91,526.0,502.0,0.0
344,62,523.0,474.0,0.0
344,58,472.0,418.0,2.0
344,52,479.0,418.0,0.0
344,12,445.0,417.0,2.0
344,28,479.0,490.0,0.0
344,75,443.0,424.0,2.0
344,23,510.0,421.0,0.0
344,92,492.0,477.0,0.0
344,41,456.0,487.0,0.0
344,43,521.0,414.0,0.0
344,11,504.0,431.0,0.0
344,36,506.0,467.0,0.0
344,68,513.0,413.0,0.0
344,69,449.0,437.0,2.0
344,98,442.0,500.0,0.0
344,82,470.0,411.0,2.0
344,85,526.0,409.0,0.0
344,39,483.0,504.0,0.0
344,84,522.0,446.0,0.0
344,77,449.0,493.0,0.0
344,7,504.0,426.0,0.0
344,25,448.0,458.0,2.0
344,95,523.0,506.0,0.0
344,71,473.0,502.0,0.0
344,66,507.0,505.0,0.0
344,76,477.0,489.0,0.0
344,34,479.0,409.0,0.0
344,50,448.0,442.0,2.0
344,59,502.0,441.0,0.0
344,93,449.0,442.0,2.0
344,2,485.0,445.0,0.0
344,10,454.0,426.0,2.0
344,18,458.0,418.0,2.0
344,26,472.0,414.0,2.0
344,27,453.0,409.0,2.0
344,42,441.0,482.0,0.0
344,87,505.0,455.0,0.0
344,100,530.0,428.0,0.0
344,79,516.0,470.0,0.0
344,16,487.0,488.0,0.0
344,20,457.0,478.0,0.0
344,81,527.0,410.0,0.0
344,19,442.0,464.0,0.0
344,49,482.0,429.0,0.0
344,44,469.0,440.0,2.0
344,9,536.0,504.0,0.0
344,31,468.0,418.0,2.0
344,74,512.0,437.0,0.0
344,61,458.0,468.0,0.0
344,29,493.0,442.0,0.0
344,94,487.0,420.0,0.0
344,46,510.0,446.0,0.0
344,57,446.0,436.0,2.0
344,70,536.0,501.0,0.0
344,21,513.0,476.0,0.0
344,38,533.0,493.0,0.0
344,88,505.0,486.0,0.0
344,78,516.0,408.0,0.0
344,72,454.0,479.0,0.0
344,24,443.0,477.0,0.0
344,8,495.0,453.0,0.0
344,17,499.0,454.0,0.0
344,37,500.0,481.0,0.0
344,1,441.0,460.0,2.0
344,53,511.0,470.0,0.0
344,22,446.0,493.0,0.0
344,47,498.0,470.0,0.0
344,83,495.0,475.0,0.0
344,99,482.0,408.0,0.0
344,89,474.0,460.0,0.0
344,14,453.0,457.0,2.0
344,3,495.0,416.0,0.0
344,80,517.0,419.0,0.0
344,96,442.0,483.0,0.0
344,51,515.0,430.0,0.0
344,33,509.0,431.0,0.0
344,40,528.0,407.0,0.0
344,48,532.0,423.0,0.0
344,15,537.0,420.0,0.0
344,65,457.0,487.0,0.0
344,97,450.0,476.0,0.0
345,5,517.0,420.0,0.0
345,56,447.0,504.0,0.0
345,35,517.0,473.0,0.0
345,55,512.0,475.0,0.0
345,60,479.0,468.0,0.0
345,30,454.0,439.0,2.0
345,32,459.0,502.0,0.0
345,6,455.0,487.0,0.0
345,67,507.0,424.0,0.0
345,45,466.0,438.0,2.0
345,73,443.0,477.0,0.0
345,64,501.0,445.0,0.0
345,90,478.0,485.0,0.0
345,4,509.0,428.0,0.0
345,13,538.0,438.0,0.0
345,54,480.0,445.0,0.0
345,63,502.0,501.0,0.0
345,86,447.0,467.0,0.0
345,91,526.0,502.0,0.0
345,62,523.0,474.0,0.0
345,58,472.0,418.0,2.0
345,52,479.0,418.0,0.0
345,12,445.0,417.0,2.0
345,28,479.0,490.0,0.0
345,75,443.0,424.0,2.0
345,23,510.0,421.0,0.0
345,92,492.0,477.0,0.0
345,41,456.0,487.0,0.0
345,43,521.0,414.0,0.0
345,11,504.0,431.0,0.0
345,36,506.0,467.0,0.0
345,68,513.0,413.0,0.0
345,69,449.0,437.0,2.0
345,98,442.0,500.0,0.0
345,82,470.0,411.0,2.0
345,85,526.0,409.0,0.0
345,39,483.0,504.0,0.0
345,84,522.0,446.0,0.0
345,77,449.0,493.0,0.0
345,7,504.0,426.0,0.0
345,25,448.0,458.0,2.0
345,95,523.0,506.0,0.0
345,71,473.0,502.0,0.0
345,66,507.0,505.0,0.0
345,76,477.0,489.0,0.0
345,34,479.0,409.0,0.0
345,50,448.0,442.0,2.0
345,59,502.0,441.0,0.0
345,93,449.0,442.0,2.0
345,2,485.0,445.0,0.0
345,10,454.0,426.0,2.0
345,18,458.0,418.0,2.0
345,26,472.0,414.0,2.0
345,27,453.0,409.0,2.0
345,42,441.0,482.0,0.0
345,87,505.0,455.0,0.0
345,100,530.0,428.0,0.0
345,79,516.0,470.0,0.0
345,16,487.0,488.0,0.0
345,20,457.0,478.0,0.0
345,81,527.0,410.0,0.0
345,19,442.0,464.0,0.0
345,49,482.0,429.0,0.0
345,44,469.0,440.0,2.0
345,9,536.0,504.0,0.0
345,31,468.0,418.0,2.0
345,74,512.0,437.0,0.0
345,61,458.0,468.0,0.0
345,29,493.0,442.0,0.0
345,94,487.0,420.0,0.0
345,46,510.0,446.0,0.0
345,57,446.0,436.0,2.0
345,70,536.0,501.0,0.0
345,21,513.0,476.0,0.0
345,38,533.0,493.0,0.0
345,88,505.0,486.0,0.0
345,78,516.0,408.0,0.0
345,72,454.0,479.0,0.0
345,24,443.0,477.0,0.0
345,8,495.0,453.0,0.0
345,17,499.0,454.0,0.0
345,37,500.0,481.0,0.0
345,1,441.0,460.0,2.0
345,53,511.0,470.0,0.0
345,22,446.0,493.0,0.0
345,47,498.0,470.0,0.0
345,83,495.0,475.0,0.0
345,99,482.0,408.0,0.0
345,89,474.0,460.0,0.0
345,14,453.0,457.0,2.0
345,3,495.0,416.0,0.0
345,80,517.0,419.0,0.0
345,96,442.0,483.0,0.0
345,51,515.0,430.0,0.0
345,33,509.0,431.0,0.0
345,40,528.0,407.0,0.0
345,48,532.0,423.0,0.0
345,15,537.0,420.0,0.0
345,65,457.0,487.0,0.0
345,97,450.0,476.0,0.0
346,5,517.0,420.0,0.0
346,56,447.0,504.0,0.0
346,35,517.0,473.0,0.0
346,55,512.0,475.0,0.0
346,60,479.0,468.0,0.0
346,30,454.0,439.0,2.0
346,32,459.0,502.0,0.0
346,6,455.0,487.0,0.0
346,67,507.0,424.0,0.0
346,45,466.0,438.0,2.0
346,73,443.0,477.0,0.0
346,64,501.0,445.0,0.0
346,90,478.0,485.0,0.0
346,4,509.0,428.0,0.0
346,13,538.0,438.0,0.0
346,54,480.0,445.0,0.0
346,63,502.0,501.0,0.0
346,86,447.0,467.0,0.0
346,91,526.0,502.0,0.0
346,62,523.0,474.0,0.0
346,58,472.0,418.0,2.0
346,52,479.0,418.0,0.0
346,12,445.0,417.0,2.0
346,28,479.0,490.0,0.0
346,75,443.0,424.0,2.0
346,23,510.0,421.0,0.0
346,92,492.0,477.0,0.0
346,41,456.0,487.0,0.0
346,43,521.0,414.0,0.0
346,11,504.0,431.0,0.0
346,36,506.0,467.0,0.0
346,68,513.0,413.0,0.0
346,69,449.0,437.0,2.0
346,98,442.0,500.0,0.0
346,82,470.0,411.0,2.0
346,85,526.0,409.0,0.0
346,39,483.0,504.0,0.0
346,84,522.0,446.0,0.0
346,77,449.0,493.0,0.0
346,7,504.0,426.0,0.0
346,25,448.0,458.0,2.0
346,95,523.0,506.0,0.0
346,71,473.0,502.0,0.0
346,66,507.0,505.0,0.0
346,76,477.0,489.0,0.0
346,34,479.0,409.0,0.0
346,50,448.0,442.0,2.0
346,59,502.0,441.0,0.0
346,93,449.0,442.0,2.0
346,2,485.0,445.0,0.0
346,10,454.0,426.0,2.0
346,18,458.0,418.0,2.0
346,26,472.0,414.0,2.0
346,27,453.0,409.0,2.0
346,42,441.0,482.0,0.0
346,87,505.0,455.0,0.0
346,100,530.0,428.0,0.0
346,79,516.0,470.0,0.0
346,16,487.0,488.0,0.0
346,20,457.0,478.0,0.0
346,81,527.0,410.0,0.0
346,19,442.0,464.0,0.0
346,49,482.0,429.0,0.0
346,44,469.0,440.0,2.0
346,9,536.0,504.0,0.0
346,31,468.0,418.0,2.0
346,74,512.0,437.0,0.0
346,61,458.0,468.0,0.0
346,29,493.0,442.0,0.0
346,94,487.0,420.0,0.0
346,46,510.0,446.0,0.0
346,57,446.0,436.0,2.0
346,70,536.0,501.0,0.0
346,21,513.0,476.0,0.0
346,38,533.0,493.0,0.0
346,88,505.0,486.0,0.0
346,78,516.0,408.0,0.0
346,72,454.0,479.0,0.0
346,24,443.0,477.0,0.0
346,8,495.0,453.0,0.0
346,17,499.0,454.0,0.0
346,37,500.0,481.0,0.0
346,1,441.0,460.0,2.0
346,53,511.0,470.0,0.0
346,22,446.0,493.0,0.0
346,47,498.0,470.0,0.0
346,83,495.0,475.0,0.0
346,99,482.0,408.0,0.0
346,89,474.0,460.0,0.0
346,14,453.0,457.0,2.0
346,3,495.0,416.0,0.0
346,80,517.0,419.0,0.0
346,96,442.0,483.0,0.0
346,51,515.0,430.0,0.0
346,33,509.0,431.0,0.0
346,40,528.0,407.0,0.0
346,48,532.0,423.0,0.0
346,15,537.0,420.0,0.0
346,65,457.0,487.0,0.0
346,97,450.0,476.0,0.0
347,5,517.0,420.0,0.0
347,56,447.0,504.0,0.0
347,35,517.0,473.0,0.0
347,55,512.0,475.0,0.0
347,60,479.0,468.0,0.0
347,30,454.0,439.0,2.0
347,32,459.0,502.0,0.0
347,6,455.0,487.0,0.0
347,67,507.0,424.0,0.0
347,45,466.0,438.0,2.0
347,73,443.0,477.0,0.0
347,64,501.0,445.0,0.0
347,90,478.0,485.0,0.0
347,4,509.0,428.0,0.0
347,13,538.0,438.0,0.0
347,54,480.0,445.0,0.0
347,63,502.0,501.0,0.0
347,86,447.0,467.0,0.0
347,91,526.0,502.0,0.0
347,62,523.0,474.0,0.0
347,58,472.0,418.0,2.0
347,52,479.0,418.0,0.0
347,12,445.0,417.0,2.0
347,28,479.0,490.0,0.0
347,75,443.0,424.0,2.0
347,23,510.0,421.0,0.0
347,92,492.0,477.0,0.0
347,41,456.0,487.0,0.0
347,43,521.0,414.0,0.0
347,11,504.0,431.0,0.0
347,36,506.0,467.0,0.0
347,68,513.0,413.0,0.0
347,69,449.0,437.0,2.0
347,98,442.0,500.0,0.0
347,82,470.0,411.0,2.0
347,85,526.0,409.0,0.0
347,39,483.0,504.0,0.0
347,84,522.0,446.0,0.0
347,77,449.0,493.0,0.0
347,7,504.0,426.0,0.0
347,25,448.0,458.0,2.0
347,95,523.0,506.0,0.0
347,71,473.0,502.0,0.0
347,66,507.0,505.0,0.0
347,76,477.0,489.0,0.0
347,34,479.0,409.0,0.0
347,50,448.0,442.0,2.0
347,59,502.0,441.0,0.0
347,93,449.0,442.0,2.0
347,2,485.0,445.0,0.0
347,10,454.0,426.0,2.0
347,18,458.0,418.0,2.0
347,26,472.0,414.0,2.0
347,27,453.0,409.0,2.0
347,42,441.0,482.0,0.0
347,87,505.0,455.0,0.0
347,100,530.0,428.0,0.0
347,79,516.0,470.0,0.0
347,16,487.0,488.0,0.0
347,20,457.0,478.0,0.0
347,81,527.0,410.0,0.0
347,19,442.0,464.0,0.0
347,49,482.0,429.0,0.0
347,44,469.0,440.0,2.0
347,9,536.0,504.0,0.0
347,31,468.0,418.0,2.0
347,74,512.0,437.0,0.0
347,61,458.0,468.0,0.0
347,29,493.0,442.0,0.0
347,94,487.0,420.0,0.0
347,46,510.0,446.0,0.0
347,57,446.0,436.0,2.0
347,70,536.0,501.0,0.0
347,21,513.0,476.0,0.0
347,38,533.0,493.0,0.0
347,88,505.0,486.0,0.0
347,78,516.0,408.0,0.0
347,72,454.0,479.0,0.0
347,24,443.0,477.0,0.0
347,8,495.0,453.0,0.0
347,17,499.0,454.0,0.0
347,37,500.0,481.0,0.0
347,1,441.0,460.0,2.0
347,53,511.0,470.0,0.0
347,22,446.0,493.0,0.0
347,47,498.0,470.0,0.0
347,83,495.0,475.0,0.0
347,99,482.0,408.0,0.0
347,89,474.0,460.0,0.0
347,14,453.0,457.0,2.0
347,3,495.0,416.0,0.0
347,80,517.0,419.0,0.0
347,96,442.0,483.0,0.0
347,51,515.0,430.0,0.0
347,33,509.0,431.0,0.0
347,40,528.0,407.0,0.0
347,48,532.0,423.0,0.0
347,15,537.0,420.0,0.0
347,65,457.0,487.0,0.0
347,97,450.0,476.0,0.0
348,5,517.0,420.0,0.0
348,56,447.0,504.0,0.0
348,35,517.0,473.0,0.0
348,55,512.0,475.0,0.0
348,60,479.0,468.0,0.0
348,30,454.0,439.0,2.0
348,32,459.0,502.0,0.0
348,6,455.0,487.0,0.0
348,67,507.0,424.0,0.0
348,45,466.0,438.0,2.0
348,73,443.0,477.0,0.0
348,64,501.0,445.0,0.0
348,90,478.0,485.0,0.0
348,4,509.0,428.0,0.0
348,13,538.0,438.0,0.0
348,54,480.0,445.0,0.0
348,63,502.0,501.0,0.0
348,86,447.0,467.0,0.0
348,91,526.0,502.0,0.0
348,62,523.0,474.0,0.0
348,58,472.0,418.0,2.0
348,52,479.0,418.0,0.0
348,12,445.0,417.0,2.0
348,28,479.0,490.0,0.0
348,75,443.0,424.0,2.0
348,23,510.0,421.0,0.0
348,92,492.0,477.0,0.0
348,41,456.0,487.0,0.0
348,43,521.0,414.0,0.0
348,11,504.0,431.0,0.0
348,36,506.0,467.0,0.0
348,68,513.0,413.0,0.0
348,69,449.0,437.0,2.0
348,98,442.0,500.0,0.0
348,82,470.0,411.0,2.0
348,85,526.0,409.0,0.0
348,39,483.0,504.0,0.0
348,84,522.0,446.0,0.0
348,77,449.0,493.0,0.0
348,7,504.0,426.0,0.0
348,25,448.0,458.0,2.0
348,95,523.0,506.0,0.0
348,71,473.0,502.0,0.0
348,66,507.0,505.0,0.0
348,76,477.0,489.0,0.0
348,34,479.0,409.0,0.0
348,50,448.0,442.0,2.0
348,59,502.0,441.0,0.0
348,93,449.0,442.0,2.0
348,2,485.0,445.0,0.0
348,10,454.0,426.0,2.0
348,18,458.0,418.0,2.0
348,26,472.0,414.0,2.0
348,27,453.0,409.0,2.0
348,42,441.0,482.0,0.0
348,87,505.0,455.0,0.0
348,100,530.0,428.0,0.0
348,79,516.0,470.0,0.0
348,16,487.0,488.0,0.0
348,20,457.0,478.0,0.0
348,81,527.0,410.0,0.0
348,19,442.0,464.0,0.0
348,49,482.0,429.0,0.0
348,44,469.0,440.0,2.0
348,9,536.0,504.0,0.0
348,31,468.0,418.0,2.0
348,74,512.0,437.0,0.0
348,61,458.0,468.0,0.0
348,29,493.0,442.0,0.0
348,94,487.0,420.0,0.0
348,46,510.0,446.0,0.0
348,57,446.0,436.0,2.0
348,70,536.0,501.0,0.0
348,21,513.0,476.0,0.0
348,38,533.0,493.0,0.0
348,88,505.0,486.0,0.0
348,78,516.0,408.0,0.0
348,72,454.0,479.0,0.0
348,24,443.0,477.0,0.0
348,8,495.0,453.0,0.0
348,17,499.0,454.0,0.0
348,37,500.0,481.0,0.0
348,1,441.0,460.0,2.0
348,53,511.0,470.0,0.0
348,22,446.0,493.0,0.0
348,47,498.0,470.0,0.0
348,83,495.0,475.0,0.0
348,99,482.0,408.0,0.0
348,89,474.0,460.0,0.0
348,14,453.0,457.0,2.0
348,3,495.0,416.0,0.0
348,80,517.0,419.0,0.0
348,96,442.0,483.0,0.0
348,51,515.0,430.0,0.0
348,33,509.0,431.0,0.0
348,40,528.0,407.0,0.0
348,48,532.0,423.0,0.0
348,15,537.0,420.0,0.0
348,65,457.0,487.0,0.0
348,97,450.0,476.0,0.0
349,5,517.0,420.0,0.0
349,56,447.0,504.0,0.0
349,35,517.0,473.0,0.0
349,55,512.0,475.0,0.0
349,60,479.0,468.0,0.0
349,30,454.0,439.0,2.0
349,32,459.0,502.0,0.0
349,6,455.0,487.0,0.0
349,67,507.0,424.0,0.0
349,45,466.0,438.0,2.0
349,73,443.0,477.0,0.0
349,64,501.0,445.0,0.0
349,90,478.0,485.0,0.0
349,4,509.0,428.0,0.0
349,13,538.0,438.0,0.0
349,54,480.0,445.0,0.0
349,63,502.0,501.0,0.0
349,86,447.0,467.0,0.0
349,91,526.0,502.0,0.0
349,62,523.0,474.0,0.0
349,58,472.0,418.0,2.0
349,52,479.0,418.0,0.0
349,12,445.0,417.0,2.0
349,28,479.0,490.0,0.0
349,75,443.0,424.0,2.0
349,23,510.0,421.0,0.0
349,92,492.0,477.0,0.0
349,41,456.0,487.0,0.0
349,43,521.0,414.0,0.0
349,11,504.0,431.0,0.0
349,36,506.0,467.0,0.0
349,68,513.0,413.0,0.0
349,69,449.0,437.0,2.0
349,98,442.0,500.0,0.0
349,82,470.0,411.0,2.0
349,85,526.0,409.0,0.0
349,39,483.0,504.0,0.0
349,84,522.0,446.0,0.0
349,77,449.0,493.0,0.0
349,7,504.0,426.0,0.0
349,25,448.0,458.0,2.0
349,95,523.0,506.0,0.0
349,71,473.0,502.0,0.0
349,66,507.0,505.0,0.0
349,76,477.0,489.0,0.0
349,34,479.0,409.0,0.0
349,50,448.0,442.0,2.0
349,59,502.0,441.0,0.0
349,93,449.0,442.0,2.0
349,2,485.0,445.0,0.0
349,10,454.0,426.0,2.0
349,18,458.0,418.0,2.0
349,26,472.0,414.0,2.0
349,27,453.0,409.0,2.0
349,42,441.0,482.0,0.0
349,87,505.0,455.0,0.0
349,100,530.0,428.0,0.0
349,79,516.0,470.0,0.0
349,16,487.0,488.0,0.0
349,20,457.0,478.0,0.0
349,81,527.0,410.0,0.0
349,19,442.0,464.0,0.0
349,49,482.0,429.0,0.0
349,44,469.0,440.0,2.0
349,9,536.0,504.0,0.0
349,31,468.0,418.0,2.0
349,74,512.0,437.0,0.0
349,61,458.0,468.0,0.0
349,29,493.0,442.0,0.0
349,94,487.0,420.0,0.0
349,46,510.0,446.0,0.0
349,57,446.0,436.0,2.0
349,70,536.0,501.0,0.0
349,21,513.0,476.0,0.0
349,38,533.0,493.0,0.0
349,88,505.0,486.0,0.0
349,78,516.0,408.0,0.0
349,72,454.0,479.0,0.0
349,24,443.0,477.0,0.0
349,8,495.0,453.0,0.0
349,17,499.0,454.0,0.0
349,37,500.0,481.0,0.0
349,1,441.0,460.0,2.0
349,53,511.0,470.0,0.0
349,22,446.0,493.0,0.0
349,47,498.0,470.0,0.0
349,83,495.0,475.0,0.0
349,99,482.0,408.0,0.0
349,89,474.0,460.0,0.0
349,14,453.0,457.0,2.0
349,3,495.0,416.0,0.0
349,80,517.0,419.0,0.0
349,96,442.0,483.0,0.0
349,51,515.0,430.0,0.0
349,33,509.0,431.0,0.0
349,40,528.0,407.0,0.0
349,48,532.0,423.0,0.0
349,15,537.0,420.0,0.0
349,65,457.0,487.0,0.0
349,97,450.0,476.0,0.0
350,5,517.0,420.0,0.0
350,56,447.0,504.0,0.0
350,35,517.0,473.0,0.0
350,55,512.0,475.0,0.0
350,60,479.0,468.0,0.0
350,30,454.0,439.0,2.0
350,32,459.0,502.0,0.0
350,6,455.0,487.0,0.0
350,67,507.0,424.0,0.0
350,45,466.0,438.0,2.0
350,73,443.0,477.0,0.0
350,64,501.0,445.0,0.0
350,90,478.0,485.0,0.0
350,4,509.0,428.0,0.0
350,13,538.0,438.0,0.0
350,54,480.0,445.0,0.0
350,63,502.0,501.0,0.0
350,86,447.0,467.0,0.0
350,91,526.0,502.0,0.0
350,62,523.0,474.0,0.0
350,58,472.0,418.0,2.0
350,52,479.0,418.0,0.0
350,12,445.0,417.0,2.0
350,28,479.0,490.0,0.0
350,75,443.0,424.0,2.0
350,23,510.0,421.0,0.0
350,92,492.0,477.0,0.0
350,41,456.0,487.0,0.0
350,43,521.0,414.0,0.0
350,11,504.0,431.0,0.0
350,36,506.0,467.0,0.0
350,68,513.0,413.0,0.0
350,69,449.0,437.0,2.0
350,98,442.0,500.0,0.0
350,82,470.0,411.0,2.0
350,85,526.0,409.0,0.0
350,39,483.0,504.0,0.0
350,84,522.0,446.0,0.0
350,77,449.0,493.0,0.0
350,7,504.0,426.0,0.0
350,25,448.0,458.0,2.0
350,95,523.0,506.0,0.0
350,71,473.0,502.0,0.0
350,66,507.0,505.0,0.0
350,76,477.0,489.0,0.0
350,34,479.0,409.0,0.0
350,50,448.0,442.0,2.0
350,59,502.0,441.0,0.0
350,93,449.0,442.0,2.0
350,2,485.0,445.0,0.0
350,10,454.0,426.0,2.0
350,18,458.0,418.0,2.0
350,26,472.0,414.0,2.0
350,27,453.0,409.0,2.0
350,42,441.0,482.0,0.0
350,87,505.0,455.0,0.0
350,100,530.0,428.0,0.0
350,79,516.0,470.0,0.0
350,16,487.0,488.0,0.0
350,20,457.0,478.0,0.0
350,81,527.0,410.0,0.0
350,19,442.0,464.0,0.0
350,49,482.0,429.0,0.0
350,44,469.0,440.0,2.0
350,9,536.0,504.0,0.0
350,31,468.0,418.0,2.0
350,74,512.0,437.0,0.0
350,61,458.0,468.0,0.0
350,29,493.0,442.0,0.0
350,94,487.0,420.0,0.0
350,46,510.0,446.0,0.0
350,57,446.0,436.0,2.0
350,70,536.0,501.0,0.0
350,21,513.0,476.0,0.0
350,38,533.0,493.0,0.0
350,88,505.0,486.0,0.0
350,78,516.0,408.0,0.0
350,72,454.0,479.0,0.0
350,24,443.0,477.0,0.0
350,8,495.0,453.0,0.0
350,17,499.0,454.0,0.0
350,37,500.0,481.0,0.0
350,1,441.0,460.0,2.0
350,53,511.0,470.0,0.0
350,22,446.0,493.0,0.0
350,47,498.0,470.0,0.0
350,83,495.0,475.0,0.0
350,99,482.0,408.0,0.0
350,89,474.0,460.0,0.0
350,14,453.0,457.0,2.0
350,3,495.0,416.0,0.0
350,80,517.0,419.0,0.0
350,96,442.0,483.0,0.0
350,51,515.0,430.0,0.0
350,33,509.0,431.0,0.0
350,40,528.0,407.0,0.0
350,48,532.0,423.0,0.0
350,15,537.0,420.0,0.0
350,65,457.0,487.0,0.0
350,97,450.0,476.0,0.0
351,5,517.0,420.0,0.0
351,56,447.0,504.0,0.0
351,35,517.0,473.0,0.0
351,55,512.0,475.0,0.0
351,60,479.0,468.0,0.0
351,30,454.0,439.0,2.0
351,32,459.0,502.0,0.0
351,6,455.0,487.0,0.0
351,67,507.0,424.0,0.0
351,45,466.0,438.0,2.0
351,73,443.0,477.0,0.0
351,64,501.0,445.0,0.0
351,90,478.0,485.0,0.0
351,4,509.0,428.0,0.0
351,13,538.0,438.0,0.0
351,54,480.0,445.0,0.0
351,63,502.0,501.0,0.0
351,86,447.0,467.0,0.0
351,91,526.0,502.0,0.0
351,62,523.0,474.0,0.0
351,58,472.0,418.0,2.0
351,52,479.0,418.0,0.0
351,12,445.0,417.0,2.0
351,28,479.0,490.0,0.0
351,75,443.0,424.0,2.0
351,23,510.0,421.0,0.0
351,92,492.0,477.0,0.0
351,41,456.0,487.0,0.0
351,43,521.0,414.0,0.0
351,11,504.0,431.0,0.0
351,36,506.0,467.0,0.0
351,68,513.0,413.0,0.0
351,69,449.0,437.0,2.0
351,98,442.0,500.0,0.0
351,82,470.0,411.0,2.0
351,85,526.0,409.0,0.0
351,39,483.0,504.0,0.0
351,84,522.0,446.0,0.0
351,77,449.0,493.0,0.0
351,7,504.0,426.0,0.0
351,25,448.0,458.0,2.0
351,95,523.0,506.0,0.0
351,71,473.0,502.0,0.0
351,66,507.0,505.0,0.0
351,76,477.0,489.0,0.0
351,34,479.0,409.0,0.0
351,50,448.0,442.0,2.0
351,59,502.0,441.0,0.0
351,93,449.0,442.0,2.0
351,2,485.0,445.0,0.0
351,10,454.0,426.0,2.0
351,18,458.0,418.0,2.0
351,26,472.0,414.0,2.0
351,27,453.0,409.0,2.0
351,42,441.0,482.0,0.0
351,87,505.0,455.0,0.0
351,100,530.0,428.0,0.0
351,79,516.0,470.0,0.0
351,16,487.0,488.0,0.0
351,20,457.0,478.0,0.0
351,81,527.0,410.0,0.0
351,19,442.0,464.0,0.0
351,49,482.0,429.0,0.0
351,44,469.0,440.0,2.0
351,9,536.0,504.0,0.0
351,31,468.0,418.0,2.0
351,74,512.0,437.0,0.0
351,61,458.0,468.0,0.0
351,29,493.0,442.0,0.0
351,94,487.0,420.0,0.0
351,46,510.0,446.0,0.0
351,57,446.0,436.0,2.0
351,70,536.0,501.0,0.0
351,21,513.0,476.0,0.0
351,38,533.0,493.0,0.0
351,88,505.0,486.0,0.0
351,78,516.0,408.0,0.0
351,72,454.0,479.0,0.0
351,24,443.0,477.0,0.0
351,8,495.0,453.0,0.0
351,17,499.0,454.0,0.0
351,37,500.0,481.0,0.0
351,1,441.0,460.0,2.0
351,53,511.0,470.0,0.0
351,22,446.0,493.0,0.0
351,47,498.0,470.0,0.0
351,83,495.0,475.0,0.0
351,99,482.0,408.0,0.0
351,89,474.0,460.0,0.0
351,14,453.0,457.0,2.0
351,3,495.0,416.0,0.0
351,80,517.0,419.0,0.0
351,96,442.0,483.0,0.0
351,51,515.0,430.0,0.0
351,33,509.0,431.0,0.0
351,40,528.0,407.0,0.0
351,48,532.0,423.0,0.0
351,15,537.0,420.0,0.0
351,65,457.0,487.0,0.0
351,97,450.0,476.0,0.0
352,5,517.0,420.0,0.0
352,56,447.0,504.0,0.0
352,35,517.0,473.0,0.0
352,55,512.0,475.0,0.0
352,60,479.0,468.0,0.0
352,30,454.0,439.0,2.0
352,32,459.0,502.0,0.0
352,6,455.0,487.0,0.0
352,67,507.0,424.0,0.0
352,45,466.0,438.0,2.0
352,73,443.0,477.0,0.0
352,64,501.0,445.0,0.0
352,90,478.0,485.0,0.0
352,4,509.0,428.0,0.0
352,13,538.0,438.0,0.0
352,54,480.0,445.0,0.0
352,63,502.0,501.0,0.0
352,86,447.0,467.0,0.0
352,91,526.0,502.0,0.0
352,62,523.0,474.0,0.0
352,58,472.0,418.0,2.0
352,52,479.0,418.0,0.0
352,12,445.0,417.0,2.0
352,28,479.0,490.0,0.0
352,75,443.0,424.0,2.0
352,23,510.0,421.0,0.0
352,92,492.0,477.0,0.0
352,41,456.0,487.0,0.0
352,43,521.0,414.0,0.0
352,11,504.0,431.0,0.0
352,36,506.0,467.0,0.0
352,68,513.0,413.0,0.0
352,69,449.0,437.0,2.0
352,98,442.0,500.0,0.0
352,82,470.0,411.0,2.0
352,85,526.0,409.0,0.0
352,39,483.0,504.0,0.0
352,84,522.0,446.0,0.0
352,77,449.0,493.0,0.0
352,7,504.0,426.0,0.0
352,25,448.0,458.0,2.0
352,95,523.0,506.0,0.0
352,71,473.0,502.0,0.0
352,66,507.0,505.0,0.0
352,76,477.0,489.0,0.0
352,34,479.0,409.0,0.0
352,50,448.0,442.0,2.0
352,59,502.0,441.0,0.0
352,93,449.0,442.0,2.0
352,2,485.0,445.0,0.0
352,10,454.0,426.0,2.0
352,18,458.0,418.0,2.0
352,26,472.0,414.0,2.0
352,27,453.0,409.0,2.0
352,42,441.0,482.0,0.0
352,87,505.0,455.0,0.0
352,100,530.0,428.0,0.0
352,79,516.0,470.0,0.0
352,16,487.0,488.0,0.0
352,20,457.0,478.0,0.0
352,81,527.0,410.0,0.0
352,19,442.0,464.0,0.0
352,49,482.0,429.0,0.0
352,44,469.0,440.0,2.0
352,9,536.0,504.0,0.0
352,31,468.0,418.0,2.0
352,74,512.0,437.0,0.0
352,61,458.0,468.0,0.0
352,29,493.0,442.0,0.0
352,94,487.0,420.0,0.0
352,46,510.0,446.0,0.0
352,57,446.0,436.0,2.0
352,70,536.0,501.0,0.0
352,21,513.0,476.0,0.0
352,38,533.0,493.0,0.0
352,88,505.0,486.0,0.0
352,78,516.0,408.0,0.0
352,72,454.0,479.0,0.0
352,24,443.0,477.0,0.0
352,8,495.0,453.0,0.0
352,17,499.0,454.0,0.0
352,37,500.0,481.0,0.0
352,1,441.0,460.0,2.0
352,53,511.0,470.0,0.0
352,22,446.0,493.0,0.0
352,47,498.0,470.0,0.0
352,83,495.0,475.0,0.0
352,99,482.0,408.0,0.0
352,89,474.0,460.0,0.0
352,14,453.0,457.0,2.0
352,3,495.0,416.0,0.0
352,80,517.0,419.0,0.0
352,96,442.0,483.0,0.0
352,51,515.0,430.0,0.0
352,33,509.0,431.0,0.0
352,40,528.0,407.0,0.0
352,48,532.0,423.0,0.0
352,15,537.0,420.0,0.0
352,65,457.0,487.0,0.0
352,97,450.0,476.0,0.0
353,5,517.0,420.0,0.0
353,56,447.0,504.0,0.0
353,35,517.0,473.0,0.0
353,55,512.0,475.0,0.0
353,60,479.0,468.0,0.0
353,30,454.0,439.0,2.0
353,32,459.0,502.0,0.0
353,6,455.0,487.0,0.0
353,67,507.0,424.0,0.0
353,45,466.0,438.0,2.0
353,73,443.0,477.0,0.0
353,64,501.0,445.0,0.0
353,90,478.0,485.0,0.0
353,4,509.0,428.0,0.0
353,13,538.0,438.0,0.0
353,54,480.0,445.0,0.0
353,63,502.0,501.0,0.0
353,86,447.0,467.0,0.0
353,91,526.0,502.0,0.0
353,62,523.0,474.0,0.0
353,58,472.0,418.0,2.0
353,52,479.0,418.0,0.0
353,12,445.0,417.0,2.0
353,28,479.0,490.0,0.0
353,75,443.0,424.0,2.0
353,23,510.0,421.0,0.0
353,92,492.0,477.0,0.0
353,41,456.0,487.0,0.0
353,43,521.0,414.0,0.0
353,11,504.0,431.0,0.0
353,36,506.0,467.0,0.0
353,68,513.0,413.0,0.0
353,69,449.0,437.0,2.0
353,98,442.0,500.0,0.0
353,82,470.0,411.0,2.0
353,85,526.0,409.0,0.0
353,39,483.0,504.0,0.0
353,84,522.0,446.0,0.0
353,77,449.0,493.0,0.0
353,7,504.0,426.0,0.0
353,25,448.0,458.0,2.0
353,95,523.0,506.0,0.0
353,71,473.0,502.0,0.0
353,66,507.0,505.0,0.0
353,76,477.0,489.0,0.0
353,34,479.0,409.0,0.0
353,50,448.0,442.0,2.0
353,59,502.0,441.0,0.0
353,93,449.0,442.0,2.0
353,2,485.0,445.0,0.0
353,10,454.0,426.0,2.0
353,18,458.0,418.0,2.0
353,26,472.0,414.0,2.0
353,27,453.0,409.0,2.0
353,42,441.0,482.0,0.0
353,87,505.0,455.0,0.0
353,100,530.0,428.0,0.0
353,79,516.0,470.0,0.0
353,16,487.0,488.0,0.0
353,20,457.0,478.0,0.0
353,81,527.0,410.0,0.0
353,19,442.0,464.0,0.0
353,49,482.0,429.0,0.0
353,44,469.0,440.0,2.0
353,9,536.0,504.0,0.0
353,31,468.0,418.0,2.0
353,74,512.0,437.0,0.0
353,61,458.0,468.0,0.0
353,29,493.0,442.0,0.0
353,94,487.0,420.0,0.0
353,46,510.0,446.0,0.0
353,57,446.0,436.0,2.0
353,70,536.0,501.0,0.0
353,21,513.0,476.0,0.0
353,38,533.0,493.0,0.0
353,88,505.0,486.0,0.0
353,78,516.0,408.0,0.0
353,72,454.0,479.0,0.0
353,24,443.0,477.0,0.0
353,8,495.0,453.0,0.0
353,17,499.0,454.0,0.0
353,37,500.0,481.0,0.0
353,1,441.0,460.0,2.0
353,53,511.0,470.0,0.0
353,22,446.0,493.0,0.0
353,47,498.0,470.0,0.0
353,83,495.0,475.0,0.0
353,99,482.0,408.0,0.0
353,89,474.0,460.0,0.0
353,14,453.0,457.0,2.0
353,3,495.0,416.0,0.0
353,80,517.0,419.0,0.0
353,96,442.0,483.0,0.0
353,51,515.0,430.0,0.0
353,33,509.0,431.0,0.0
353,40,528.0,407.0,0.0
353,48,532.0,423.0,0.0
353,15,537.0,420.0,0.0
353,65,457.0,487.0,0.0
353,97,450.0,476.0,0.0
354,5,517.0,420.0,0.0
354,56,447.0,504.0,0.0
354,35,517.0,473.0,0.0
354,55,512.0,475.0,0.0
354,60,479.0,468.0,0.0
354,30,454.0,439.0,2.0
354,32,459.0,502.0,0.0
354,6,455.0,487.0,0.0
354,67,507.0,424.0,0.0
354,45,466.0,438.0,2.0
354,73,443.0,477.0,0.0
354,64,501.0,445.0,0.0
354,90,478.0,485.0,0.0
354,4,509.0,428.0,0.0
354,13,538.0,438.0,0.0
354,54,480.0,445.0,0.0
354,63,502.0,501.0,0.0
354,86,447.0,467.0,0.0
354,91,526.0,502.0,0.0
354,62,523.0,474.0,0.0
354,58,472.0,418.0,2.0
354,52,479.0,418.0,0.0
354,12,445.0,417.0,2.0
354,28,479.0,490.0,0.0
354,75,443.0,424.0,2.0
354,23,510.0,421.0,0.0
354,92,492.0,477.0,0.0
354,41,456.0,487.0,0.0
354,43,521.0,414.0,0.0
354,11,504.0,431.0,0.0
354,36,506.0,467.0,0.0
354,68,513.0,413.0,0.0
354,69,449.0,437.0,2.0
354,98,442.0,500.0,0.0
354,82,470.0,411.0,2.0
354,85,526.0,409.0,0.0
354,39,483.0,504.0,0.0
354,84,522.0,446.0,0.0
354,77,449.0,493.0,0.0
354,7,504.0,426.0,0.0
354,25,448.0,458.0,2.0
354,95,523.0,506.0,0.0
354,71,473.0,502.0,0.0
354,66,507.0,505.0,0.0
354,76,477.0,489.0,0.0
354,34,479.0,409.0,0.0
354,50,448.0,442.0,2.0
354,59,502.0,441.0,0.0
354,93,449.0,442.0,2.0
354,2,485.0,445.0,0.0
354,10,454.0,426.0,2.0
354,18,458.0,418.0,2.0
354,26,472.0,414.0,2.0
354,27,453.0,409.0,2.0
354,42,441.0,482.0,0.0
354,87,505.0,455.0,0.0
354,100,530.0,428.0,0.0
354,79,516.0,470.0,0.0
354,16,487.0,488.0,0.0
354,20,457.0,478.0,0.0
354,81,527.0,410.0,0.0
354,19,442.0,464.0,0.0
354,49,482.0,429.0,0.0
354,44,469.0,440.0,2.0
354,9,536.0,504.0,0.0
354,31,468.0,418.0,2.0
354,74,512.0,437.0,0.0
354,61,458.0,468.0,0.0
354,29,493.0,442.0,0.0
354,94,487.0,420.0,0.0
354,46,510.0,446.0,0.0
354,57,446.0,436.0,2.0
354,70,536.0,501.0,0.0
354,21,513.0,476.0,0.0
354,38,533.0,493.0,0.0
354,88,505.0,486.0,0.0
354,78,516.0,408.0,0.0
354,72,454.0,479.0,0.0
354,24,443.0,477.0,0.0
354,8,495.0,453.0,0.0
354,17,499.0,454.0,0.0
354,37,500.0,481.0,0.0
354,1,441.0,460.0,2.0
354,53,511.0,470.0,0.0
354,22,446.0,493.0,0.0
354,47,498.0,470.0,0.0
354,83,495.0,475.0,0.0
354,99,482.0,408.0,0.0
354,89,474.0,460.0,0.0
354,14,453.0,457.0,2.0
354,3,495.0,416.0,0.0
354,80,517.0,419.0,0.0
354,96,442.0,483.0,0.0
354,51,515.0,430.0,0.0
354,33,509.0,431.0,0.0
354,40,528.0,407.0,0.0
354,48,532.0,423.0,0.0
354,15,537.0,420.0,0.0
354,65,457.0,487.0,0.0
354,97,450.0,476.0,0.0
355,5,517.0,420.0,0.0
355,56,447.0,504.0,0.0
355,35,517.0,473.0,0.0
355,55,512.0,475.0,0.0
355,60,479.0,468.0,0.0
355,30,454.0,439.0,2.0
355,32,459.0,502.0,0.0
355,6,455.0,487.0,0.0
355,67,507.0,424.0,0.0
355,45,466.0,438.0,2.0
355,73,443.0,477.0,0.0
355,64,501.0,445.0,0.0
355,90,478.0,485.0,0.0
355,4,509.0,428.0,0.0
355,13,538.0,438.0,0.0
355,54,480.0,445.0,0.0
355,63,502.0,501.0,0.0
355,86,447.0,467.0,0.0
355,91,526.0,502.0,0.0
355,62,523.0,474.0,0.0
355,58,472.0,418.0,2.0
355,52,479.0,418.0,0.0
355,12,445.0,417.0,2.0
355,28,479.0,490.0,0.0
355,75,443.0,424.0,2.0
355,23,510.0,421.0,0.0
355,92,492.0,477.0,0.0
355,41,456.0,487.0,0.0
355,43,521.0,414.0,0.0
355,11,504.0,431.0,0.0
355,36,506.0,467.0,0.0
355,68,513.0,413.0,0.0
355,69,449.0,437.0,2.0
355,98,442.0,500.0,0.0
355,82,470.0,411.0,2.0
355,85,526.0,409.0,0.0
355,39,483.0,504.0,0.0
355,84,522.0,446.0,0.0
355,77,449.0,493.0,0.0
355,7,504.0,426.0,0.0
355,25,448.0,458.0,2.0
355,95,523.0,506.0,0.0
355,71,473.0,502.0,0.0
355,66,507.0,505.0,0.0
355,76,477.0,489.0,0.0
355,34,479.0,409.0,0.0
355,50,448.0,442.0,2.0
355,59,502.0,441.0,0.0
355,93,449.0,442.0,2.0
355,2,485.0,445.0,0.0
355,10,454.0,426.0,2.0
355,18,458.0,418.0,2.0
355,26,472.0,414.0,2.0
355,27,453.0,409.0,2.0
355,42,441.0,482.0,0.0
355,87,505.0,455.0,0.0
355,100,530.0,428.0,0.0
355,79,516.0,470.0,0.0
355,16,487.0,488.0,0.0
355,20,457.0,478.0,0.0
355,81,527.0,410.0,0.0
355,19,442.0,464.0,0.0
355,49,482.0,429.0,0.0
355,44,469.0,440.0,2.0
355,9,536.0,504.0,0.0
355,31,468.0,418.0,2.0
355,74,512.0,437.0,0.0
355,61,458.0,468.0,0.0
355,29,493.0,442.0,0.0
355,94,487.0,420.0,0.0
355,46,510.0,446.0,0.0
355,57,446.0,436.0,2.0
355,70,536.0,501.0,0.0
355,21,513.0,476.0,0.0
355,38,533.0,493.0,0.0
355,88,505.0,486.0,0.0
355,78,516.0,408.0,0.0
355,72,454.0,479.0,0.0
355,24,443.0,477.0,0.0
355,8,495.0,453.0,0.0
355,17,499.0,454.0,0.0
355,37,500.0,481.0,0.0
355,1,441.0,460.0,2.0
355,53,511.0,470.0,0.0
355,22,446.0,493.0,0.0
355,47,498.0,470.0,0.0
355,83,495.0,475.0,0.0
355,99,482.0,408.0,0.0
355,89,474.0,460.0,0.0
355,14,453.0,457.0,2.0
355,3,495.0,416.0,0.0
355,80,517.0,419.0,0.0
355,96,442.0,483.0,0.0
355,51,515.0,430.0,0.0
355,33,509.0,431.0,0.0
355,40,528.0,407.0,0.0
355,48,532.0,423.0,0.0
355,15,537.0,420.0,0.0
355,65,457.0,487.0,0.0
355,97,450.0,476.0,0.0
356,5,517.0,420.0,0.0
356,56,447.0,504.0,0.0
356,35,517.0,473.0,0.0
356,55,512.0,475.0,0.0
356,60,479.0,468.0,0.0
356,30,454.0,439.0,2.0
356,32,459.0,502.0,0.0
356,6,455.0,487.0,0.0
356,67,507.0,424.0,0.0
356,45,466.0,438.0,2.0
356,73,443.0,477.0,0.0
356,64,501.0,445.0,0.0
356,90,478.0,485.0,0.0
356,4,509.0,428.0,0.0
356,13,538.0,438.0,0.0
356,54,480.0,445.0,0.0
356,63,502.0,501.0,0.0
356,86,447.0,467.0,0.0
356,91,526.0,502.0,0.0
356,62,523.0,474.0,0.0
356,58,472.0,418.0,2.0
356,52,479.0,418.0,0.0
356,12,445.0,417.0,2.0
356,28,479.0,490.0,0.0
356,75,443.0,424.0,2.0
356,23,510.0,421.0,0.0
356,92,492.0,477.0,0.0
356,41,456.0,487.0,0.0
356,43,521.0,414.0,0.0
356,11,504.0,431.0,0.0
356,36,506.0,467.0,0.0
356,68,513.0,413.0,0.0
356,69,449.0,437.0,2.0
356,98,442.0,500.0,0.0
356,82,470.0,411.0,2.0
356,85,526.0,409.0,0.0
356,39,483.0,504.0,0.0
356,84,522.0,446.0,0.0
356,77,449.0,493.0,0.0
356,7,504.0,426.0,0.0
356,25,448.0,458.0,2.0
356,95,523.0,506.0,0.0
356,71,473.0,502.0,0.0
356,66,507.0,505.0,0.0
356,76,477.0,489.0,0.0
356,34,479.0,409.0,0.0
356,50,448.0,442.0,2.0
356,59,502.0,441.0,0.0
356,93,449.0,442.0,2.0
356,2,485.0,445.0,0.0
356,10,454.0,426.0,2.0
356,18,458.0,418.0,2.0
356,26,472.0,414.0,2.0
356,27,453.0,409.0,2.0
356,42,441.0,482.0,0.0
356,87,505.0,455.0,0.0
356,100,530.0,428.0,0.0
356,79,516.0,470.0,0.0
356,16,487.0,488.0,0.0
356,20,457.0,478.0,0.0
356,81,527.0,410.0,0.0
356,19,442.0,464.0,0.0
356,49,482.0,429.0,0.0
356,44,469.0,440.0,2.0
356,9,536.0,504.0,0.0
356,31,468.0,418.0,2.0
356,74,512.0,437.0,0.0
356,61,458.0,468.0,0.0
356,29,493.0,442.0,0.0
356,94,487.0,420.0,0.0
356,46,510.0,446.0,0.0
356,57,446.0,436.0,2.0
356,70,536.0,501.0,0.0
356,21,513.0,476.0,0.0
356,38,533.0,493.0,0.0
356,88,505.0,486.0,0.0
356,78,516.0,408.0,0.0
356,72,454.0,479.0,0.0
356,24,443.0,477.0,0.0
356,8,495.0,453.0,0.0
356,17,499.0,454.0,0.0
356,37,500.0,481.0,0.0
356,1,441.0,460.0,2.0
356,53,511.0,470.0,0.0
356,22,446.0,493.0,0.0
356,47,498.0,470.0,0.0
356,83,495.0,475.0,0.0
356,99,482.0,408.0,0.0
356,89,474.0,460.0,0.0
356,14,453.0,457.0,2.0
356,3,495.0,416.0,0.0
356,80,517.0,419.0,0.0
356,96,442.0,483.0,0.0
356,51,515.0,430.0,0.0
356,33,509.0,431.0,0.0
356,40,528.0,407.0,0.0
356,48,532.0,423.0,0.0
356,15,537.0,420.0,0.0
356,65,457.0,487.0,0.0
356,97,450.0,476.0,0.0
357,5,517.0,420.0,0.0
357,56,447.0,504.0,0.0
357,35,517.0,473.0,0.0
357,55,512.0,475.0,0.0
357,60,479.0,468.0,0.0
357,30,454.0,439.0,2.0
357,32,459.0,502.0,0.0
357,6,455.0,487.0,0.0
357,67,507.0,424.0,0.0
357,45,466.0,438.0,2.0
357,73,443.0,477.0,0.0
357,64,501.0,445.0,0.0
357,90,478.0,485.0,0.0
357,4,509.0,428.0,0.0
357,13,538.0,438.0,0.0
357,54,480.0,445.0,0.0
357,63,502.0,501.0,0.0
357,86,447.0,467.0,0.0
357,91,526.0,502.0,0.0
357,62,523.0,474.0,0.0
357,58,472.0,418.0,2.0
357,52,479.0,418.0,0.0
357,12,445.0,417.0,2.0
357,28,479.0,490.0,0.0
357,75,443.0,424.0,2.0
357,23,510.0,421.0,0.0
357,92,492.0,477.0,0.0
357,41,456.0,487.0,0.0
357,43,521.0,414.0,0.0
357,11,504.0,431.0,0.0
357,36,506.0,467.0,0.0
357,68,513.0,413.0,0.0
357,69,449.0,437.0,2.0
357,98,442.0,500.0,0.0
357,82,470.0,411.0,2.0
357,85,526.0,409.0,0.0
357,39,483.0,504.0,0.0
357,84,522.0,446.0,0.0
357,77,449.0,493.0,0.0
357,7,504.0,426.0,0.0
357,25,448.0,458.0,2.0
357,95,523.0,506.0,0.0
357,71,473.0,502.0,0.0
357,66,507.0,505.0,0.0
357,76,477.0,489.0,0.0
357,34,479.0,409.0,0.0
357,50,448.0,442.0,2.0
357,59,502.0,441.0,0.0
357,93,449.0,442.0,2.0
357,2,485.0,445.0,0.0
357,10,454.0,426.0,2.0
357,18,458.0,418.0,2.0
357,26,472.0,414.0,2.0
357,27,453.0,409.0,2.0
357,42,441.0,482.0,0.0
357,87,505.0,455.0,0.0
357,100,530.0,428.0,0.0
357,79,516.0,470.0,0.0
357,16,487.0,488.0,0.0
357,20,457.0,478.0,0.0
357,81,527.0,410.0,0.0
357,19,442.0,464.0,0.0
357,49,482.0,429.0,0.0
357,44,469.0,440.0,2.0
357,9,536.0,504.0,0.0
357,31,468.0,418.0,2.0
357,74,512.0,437.0,0.0
357,61,458.0,468.0,0.0
357,29,493.0,442.0,0.0
357,94,487.0,420.0,0.0
357,46,510.0,446.0,0.0
357,57,446.0,436.0,2.0
357,70,536.0,501.0,0.0
357,21,513.0,476.0,0.0
357,38,533.0,493.0,0.0
357,88,505.0,486.0,0.0
357,78,516.0,408.0,0.0
357,72,454.0,479.0,0.0
357,24,443.0,477.0,0.0
357,8,495.0,453.0,0.0
357,17,499.0,454.0,0.0
357,37,500.0,481.0,0.0
357,1,441.0,460.0,2.0
357,53,511.0,470.0,0.0
357,22,446.0,493.0,0.0
357,47,498.0,470.0,0.0
357,83,495.0,475.0,0.0
357,99,482.0,408.0,0.0
357,89,474.0,460.0,0.0
357,14,453.0,457.0,2.0
357,3,495.0,416.0,0.0
357,80,517.0,419.0,0.0
357,96,442.0,483.0,0.0
357,51,515.0,430.0,0.0
357,33,509.0,431.0,0.0
357,40,528.0,407.0,0.0
357,48,532.0,423.0,0.0
357,15,537.0,420.0,0.0
357,65,457.0,487.0,0.0
357,97,450.0,476.0,0.0
358,5,517.0,420.0,0.0
358,56,447.0,504.0,0.0
358,35,517.0,473.0,0.0
358,55,512.0,475.0,0.0
358,60,479.0,468.0,0.0
358,30,454.0,439.0,2.0
358,32,459.0,502.0,0.0
358,6,455.0,487.0,0.0
358,67,507.0,424.0,0.0
358,45,466.0,438.0,2.0
358,73,443.0,477.0,0.0
358,64,501.0,445.0,0.0
358,90,478.0,485.0,0.0
358,4,509.0,428.0,0.0
358,13,538.0,438.0,0.0
358,54,480.0,445.0,0.0
358,63,502.0,501.0,0.0
358,86,447.0,467.0,0.0
358,91,526.0,502.0,0.0
358,62,523.0,474.0,0.0
358,58,472.0,418.0,2.0
358,52,479.0,418.0,0.0
358,12,445.0,417.0,2.0
358,28,479.0,490.0,0.0
358,75,443.0,424.0,2.0
358,23,510.0,421.0,0.0
358,92,492.0,477.0,0.0
358,41,456.0,487.0,0.0
358,43,521.0,414.0,0.0
358,11,504.0,431.0,0.0
358,36,506.0,467.0,0.0
358,68,513.0,413.0,0.0
358,69,449.0,437.0,2.0
358,98,442.0,500.0,0.0
358,82,470.0,411.0,2.0
358,85,526.0,409.0,0.0
358,39,483.0,504.0,0.0
358,84,522.0,446.0,0.0
358,77,449.0,493.0,0.0
358,7,504.0,426.0,0.0
358,25,448.0,458.0,2.0
358,95,523.0,506.0,0.0
358,71,473.0,502.0,0.0
358,66,507.0,505.0,0.0
358,76,477.0,489.0,0.0
358,34,479.0,409.0,0.0
358,50,448.0,442.0,2.0
358,59,502.0,441.0,0.0
358,93,449.0,442.0,2.0
358,2,485.0,445.0,0.0
358,10,454.0,426.0,2.0
358,18,458.0,418.0,2.0
358,26,472.0,414.0,2.0
358,27,453.0,409.0,2.0
358,42,441.0,482.0,0.0
358,87,505.0,455.0,0.0
358,100,530.0,428.0,0.0
358,79,516.0,470.0,0.0
358,16,487.0,488.0,0.0
358,20,457.0,478.0,0.0
358,81,527.0,410.0,0.0
358,19,442.0,464.0,0.0
358,49,482.0,429.0,0.0
358,44,469.0,440.0,2.0
358,9,536.0,504.0,0.0
358,31,468.0,418.0,2.0
358,74,512.0,437.0,0.0
358,61,458.0,468.0,0.0
358,29,493.0,442.0,0.0
358,94,487.0,420.0,0.0
358,46,510.0,446.0,0.0
358,57,446.0,436.0,2.0
358,70,536.0,501.0,0.0
358,21,513.0,476.0,0.0
358,38,533.0,493.0,0.0
358,88,505.0,486.0,0.0
358,78,516.0,408.0,0.0
358,72,454.0,479.0,0.0
358,24,443.0,477.0,0.0
358,8,495.0,453.0,0.0
358,17,499.0,454.0,0.0
358,37,500.0,481.0,0.0
358,1,441.0,460.0,2.0
358,53,511.0,470.0,0.0
358,22,446.0,493.0,0.0
358,47,498.0,470.0,0.0
358,83,495.0,475.0,0.0
358,99,482.0,408.0,0.0
358,89,474.0,460.0,0.0
358,14,453.0,457.0,2.0
358,3,495.0,416.0,0.0
358,80,517.0,419.0,0.0
358,96,442.0,483.0,0.0
358,51,515.0,430.0,0.0
358,33,509.0,431.0,0.0
358,40,528.0,407.0,0.0
358,48,532.0,423.0,0.0
358,15,537.0,420.0,0.0
358,65,457.0,487.0,0.0
358,97,450.0,476.0,0.0
359,5,517.0,420.0,0.0
359,56,447.0,504.0,0.0
359,35,517.0,473.0,0.0
359,55,512.0,475.0,0.0
359,60,479.0,468.0,0.0
359,30,454.0,439.0,2.0
359,32,459.0,502.0,0.0
359,6,455.0,487.0,0.0
359,67,507.0,424.0,0.0
359,45,466.0,438.0,2.0
359,73,443.0,477.0,0.0
359,64,501.0,445.0,0.0
359,90,478.0,485.0,0.0
359,4,509.0,428.0,0.0
359,13,538.0,438.0,0.0
359,54,480.0,445.0,0.0
359,63,502.0,501.0,0.0
359,86,447.0,467.0,0.0
359,91,526.0,502.0,0.0
359,62,523.0,474.0,0.0
359,58,472.0,418.0,2.0
359,52,479.0,418.0,0.0
359,12,445.0,417.0,2.0
359,28,479.0,490.0,0.0
359,75,443.0,424.0,2.0
359,23,510.0,421.0,0.0
359,92,492.0,477.0,0.0
359,41,456.0,487.0,0.0
359,43,521.0,414.0,0.0
359,11,504.0,431.0,0.0
359,36,506.0,467.0,0.0
359,68,513.0,413.0,0.0
359,69,449.0,437.0,2.0
359,98,442.0,500.0,0.0
359,82,470.0,411.0,2.0
359,85,526.0,409.0,0.0
359,39,483.0,504.0,0.0
359,84,522.0,446.0,0.0
359,77,449.0,493.0,0.0
359,7,504.0,426.0,0.0
359,25,448.0,458.0,2.0
359,95,523.0,506.0,0.0
359,71,473.0,502.0,0.0
359,66,507.0,505.0,0.0
359,76,477.0,489.0,0.0
359,34,479.0,409.0,0.0
359,50,448.0,442.0,2.0
359,59,502.0,441.0,0.0
359,93,449.0,442.0,2.0
359,2,485.0,445.0,0.0
359,10,454.0,426.0,2.0
359,18,458.0,418.0,2.0
359,26,472.0,414.0,2.0
359,27,453.0,409.0,2.0
359,42,441.0,482.0,0.0
359,87,505.0,455.0,0.0
359,100,530.0,428.0,0.0
359,79,516.0,470.0,0.0
359,16,487.0,488.0,0.0
359,20,457.0,478.0,0.0
359,81,527.0,410.0,0.0
359,19,442.0,464.0,0.0
359,49,482.0,429.0,0.0
359,44,469.0,440.0,2.0
359,9,536.0,504.0,0.0
359,31,468.0,418.0,2.0
359,74,512.0,437.0,0.0
359,61,458.0,468.0,0.0
359,29,493.0,442.0,0.0
359,94,487.0,420.0,0.0
359,46,510.0,446.0,0.0
359,57,446.0,436.0,2.0
359,70,536.0,501.0,0.0
359,21,513.0,476.0,0.0
359,38,533.0,493.0,0.0
359,88,505.0,486.0,0.0
359,78,516.0,408.0,0.0
359,72,454.0,479.0,0.0
359,24,443.0,477.0,0.0
359,8,495.0,453.0,0.0
359,17,499.0,454.0,0.0
359,37,500.0,481.0,0.0
359,1,441.0,460.0,2.0
359,53,511.0,470.0,0.0
359,22,446.0,493.0,0.0
359,47,498.0,470.0,0.0
359,83,495.0,475.0,0.0
359,99,482.0,408.0,0.0
359,89,474.0,460.0,0.0
359,14,453.0,457.0,2.0
359,3,495.0,416.0,0.0
359,80,517.0,419.0,0.0
359,96,442.0,483.0,0.0
359,51,515.0,430.0,0.0
359,33,509.0,431.0,0.0
359,40,528.0,407.0,0.0
359,48,532.0,423.0,0.0
359,15,537.0,420.0,0.0
359,65,457.0,487.0,0.0
359,97,450.0,476.0,0.0
360,5,517.0,420.0,0.0
360,56,447.0,504.0,0.0
360,35,517.0,473.0,0.0
360,55,512.0,475.0,0.0
360,60,479.0,468.0,0.0
360,30,454.0,439.0,2.0
360,32,459.0,502.0,0.0
360,6,455.0,487.0,0.0
360,67,507.0,424.0,0.0
360,45,466.0,438.0,2.0
360,73,443.0,477.0,0.0
360,64,501.0,445.0,0.0
360,90,478.0,485.0,0.0
360,4,509.0,428.0,0.0
360,13,538.0,438.0,0.0
360,54,480.0,445.0,0.0
360,63,502.0,501.0,0.0
360,86,447.0,467.0,0.0
360,91,526.0,502.0,0.0
360,62,523.0,474.0,0.0
360,58,472.0,418.0,2.0
360,52,479.0,418.0,0.0
360,12,445.0,417.0,2.0
360,28,479.0,490.0,0.0
360,75,443.0,424.0,2.0
360,23,510.0,421.0,0.0
360,92,492.0,477.0,0.0
360,41,456.0,487.0,0.0
360,43,521.0,414.0,0.0
360,11,504.0,431.0,0.0
360,36,506.0,467.0,0.0
360,68,513.0,413.0,0.0
360,69,449.0,437.0,2.0
360,98,442.0,500.0,0.0
360,82,470.0,411.0,2.0
360,85,526.0,409.0,0.0
360,39,483.0,504.0,0.0
360,84,522.0,446.0,0.0
360,77,449.0,493.0,0.0
360,7,504.0,426.0,0.0
360,25,448.0,458.0,2.0
360,95,523.0,506.0,0.0
360,71,473.0,502.0,0.0
360,66,507.0,505.0,0.0
360,76,477.0,489.0,0.0
360,34,479.0,409.0,0.0
360,50,448.0,442.0,2.0
360,59,502.0,441.0,0.0
360,93,449.0,442.0,2.0
360,2,485.0,445.0,0.0
360,10,454.0,426.0,2.0
360,18,458.0,418.0,2.0
360,26,472.0,414.0,2.0
360,27,453.0,409.0,2.0
360,42,441.0,482.0,0.0
360,87,505.0,455.0,0.0
360,100,530.0,428.0,0.0
360,79,516.0,470.0,0.0
360,16,487.0,488.0,0.0
360,20,457.0,478.0,0.0
360,81,527.0,410.0,0.0
360,19,442.0,464.0,0.0
360,49,482.0,429.0,0.0
360,44,469.0,440.0,2.0
360,9,536.0,504.0,0.0
360,31,468.0,418.0,2.0
360,74,512.0,437.0,0.0
360,61,458.0,468.0,0.0
360,29,493.0,442.0,0.0
360,94,487.0,420.0,0.0
360,46,510.0,446.0,0.0
360,57,446.0,436.0,2.0
360,70,536.0,501.0,0.0
360,21,513.0,476.0,0.0
360,38,533.0,493.0,0.0
360,88,505.0,486.0,0.0
360,78,516.0,408.0,0.0
360,72,454.0,479.0,0.0
360,24,443.0,477.0,0.0
360,8,495.0,453.0,0.0
360,17,499.0,454.0,0.0
360,37,500.0,481.0,0.0
360,1,441.0,460.0,2.0
360,53,511.0,470.0,0.0
360,22,446.0,493.0,0.0
360,47,498.0,470.0,0.0
360,83,495.0,475.0,0.0
360,99,482.0,408.0,0.0
360,89,474.0,460.0,0.0
360,14,453.0,457.0,2.0
360,3,495.0,416.0,0.0
360,80,517.0,419.0,0.0
360,96,442.0,483.0,0.0
360,51,515.0,430.0,0.0
360,33,509.0,431.0,0.0
360,40,528.0,407.0,0.0
360,48,532.0,423.0,0.0
360,15,537.0,420.0,0.0
360,65,457.0,487.0,0.0
360,97,450.0,476.0,0.0
361,5,517.0,420.0,0.0
361,56,447.0,504.0,0.0
361,35,517.0,473.0,0.0
361,55,512.0,475.0,0.0
361,60,479.0,468.0,0.0
361,30,454.0,439.0,2.0
361,32,459.0,502.0,0.0
361,6,455.0,487.0,0.0
361,67,507.0,424.0,0.0
361,45,466.0,438.0,2.0
361,73,443.0,477.0,0.0
361,64,501.0,445.0,0.0
361,90,478.0,485.0,0.0
361,4,509.0,428.0,0.0
361,13,538.0,438.0,0.0
361,54,480.0,445.0,0.0
361,63,502.0,501.0,0.0
361,86,447.0,467.0,0.0
361,91,526.0,502.0,0.0
361,62,523.0,474.0,0.0
361,58,472.0,418.0,2.0
361,52,479.0,418.0,0.0
361,12,445.0,417.0,2.0
361,28,479.0,490.0,0.0
361,75,443.0,424.0,2.0
361,23,510.0,421.0,0.0
361,92,492.0,477.0,0.0
361,41,456.0,487.0,0.0
361,43,521.0,414.0,0.0
361,11,504.0,431.0,0.0
361,36,506.0,467.0,0.0
361,68,513.0,413.0,0.0
361,69,449.0,437.0,2.0
361,98,442.0,500.0,0.0
361,82,470.0,411.0,2.0
361,85,526.0,409.0,0.0
361,39,483.0,504.0,0.0
361,84,522.0,446.0,0.0
361,77,449.0,493.0,0.0
361,7,504.0,426.0,0.0
361,25,448.0,458.0,2.0
361,95,523.0,506.0,0.0
361,71,473.0,502.0,0.0
361,66,507.0,505.0,0.0
361,76,477.0,489.0,0.0
361,34,479.0,409.0,0.0
361,50,448.0,442.0,2.0
361,59,502.0,441.0,0.0
361,93,449.0,442.0,2.0
361,2,485.0,445.0,0.0
361,10,454.0,426.0,2.0
361,18,458.0,418.0,2.0
361,26,472.0,414.0,2.0
361,27,453.0,409.0,2.0
361,42,441.0,482.0,0.0
361,87,505.0,455.0,0.0
361,100,530.0,428.0,0.0
361,79,516.0,470.0,0.0
361,16,487.0,488.0,0.0
361,20,457.0,478.0,0.0
361,81,527.0,410.0,0.0
361,19,442.0,464.0,0.0
361,49,482.0,429.0,0.0
361,44,469.0,440.0,2.0
361,9,536.0,504.0,0.0
361,31,468.0,418.0,2.0
361,74,512.0,437.0,0.0
361,61,458.0,468.0,0.0
361,29,493.0,442.0,0.0
361,94,487.0,420.0,0.0
361,46,510.0,446.0,0.0
361,57,446.0,436.0,2.0
361,70,536.0,501.0,0.0
361,21,513.0,476.0,0.0
361,38,533.0,493.0,0.0
361,88,505.0,486.0,0.0
361,78,516.0,408.0,0.0
361,72,454.0,479.0,0.0
361,24,443.0,477.0,0.0
361,8,495.0,453.0,0.0
361,17,499.0,454.0,0.0
361,37,500.0,481.0,0.0
361,1,441.0,460.0,2.0
361,53,511.0,470.0,0.0
361,22,446.0,493.0,0.0
361,47,498.0,470.0,0.0
361,83,495.0,475.0,0.0
361,99,482.0,408.0,0.0
361,89,474.0,460.0,0.0
361,14,453.0,457.0,2.0
361,3,495.0,416.0,0.0
361,80,517.0,419.0,0.0
361,96,442.0,483.0,0.0
361,51,515.0,430.0,0.0
361,33,509.0,431.0,0.0
361,40,528.0,407.0,0.0
361,48,532.0,423.0,0.0
361,15,537.0,420.0,0.0
361,65,457.0,487.0,0.0
361,97,450.0,476.0,0.0
362,5,517.0,420.0,0.0
362,56,447.0,504.0,0.0
362,35,517.0,473.0,0.0
362,55,512.0,475.0,0.0
362,60,479.0,468.0,0.0
362,30,454.0,439.0,2.0
362,32,459.0,502.0,0.0
362,6,455.0,487.0,0.0
362,67,507.0,424.0,0.0
362,45,466.0,438.0,2.0
362,73,443.0,477.0,0.0
362,64,501.0,445.0,0.0
362,90,478.0,485.0,0.0
362,4,509.0,428.0,0.0
362,13,538.0,438.0,0.0
362,54,480.0,445.0,0.0
362,63,502.0,501.0,0.0
362,86,447.0,467.0,0.0
362,91,526.0,502.0,0.0
362,62,523.0,474.0,0.0
362,58,472.0,418.0,2.0
362,52,479.0,418.0,0.0
362,12,445.0,417.0,2.0
362,28,479.0,490.0,0.0
362,75,443.0,424.0,2.0
362,23,510.0,421.0,0.0
362,92,492.0,477.0,0.0
362,41,456.0,487.0,0.0
362,43,521.0,414.0,0.0
362,11,504.0,431.0,0.0
362,36,506.0,467.0,0.0
362,68,513.0,413.0,0.0
362,69,449.0,437.0,2.0
362,98,442.0,500.0,0.0
362,82,470.0,411.0,2.0
362,85,526.0,409.0,0.0
362,39,483.0,504.0,0.0
362,84,522.0,446.0,0.0
362,77,449.0,493.0,0.0
362,7,504.0,426.0,0.0
362,25,448.0,458.0,2.0
362,95,523.0,506.0,0.0
362,71,473.0,502.0,0.0
362,66,507.0,505.0,0.0
362,76,477.0,489.0,0.0
362,34,479.0,409.0,0.0
362,50,448.0,442.0,2.0
362,59,502.0,441.0,0.0
362,93,449.0,442.0,2.0
362,2,485.0,445.0,0.0
362,10,454.0,426.0,2.0
362,18,458.0,418.0,2.0
362,26,472.0,414.0,2.0
362,27,453.0,409.0,2.0
362,42,441.0,482.0,0.0
362,87,505.0,455.0,0.0
362,100,530.0,428.0,0.0
362,79,516.0,470.0,0.0
362,16,487.0,488.0,0.0
362,20,457.0,478.0,0.0
362,81,527.0,410.0,0.0
362,19,442.0,464.0,0.0
362,49,482.0,429.0,0.0
362,44,469.0,440.0,2.0
362,9,536.0,504.0,0.0
362,31,468.0,418.0,2.0
362,74,512.0,437.0,0.0
362,61,458.0,468.0,0.0
362,29,493.0,442.0,0.0
362,94,487.0,420.0,0.0
362,46,510.0,446.0,0.0
362,57,446.0,436.0,2.0
362,70,536.0,501.0,0.0
362,21,513.0,476.0,0.0
362,38,533.0,493.0,0.0
362,88,505.0,486.0,0.0
362,78,516.0,408.0,0.0
362,72,454.0,479.0,0.0
362,24,443.0,477.0,0.0
362,8,495.0,453.0,0.0
362,17,499.0,454.0,0.0
362,37,500.0,481.0,0.0
362,1,441.0,460.0,2.0
362,53,511.0,470.0,0.0
362,22,446.0,493.0,0.0
362,47,498.0,470.0,0.0
362,83,495.0,475.0,0.0
362,99,482.0,408.0,0.0
362,89,474.0,460.0,0.0
362,14,453.0,457.0,2.0
362,3,495.0,416.0,0.0
362,80,517.0,419.0,0.0
362,96,442.0,483.0,0.0
362,51,515.0,430.0,0.0
362,33,509.0,431.0,0.0
362,40,528.0,407.0,0.0
362,48,532.0,423.0,0.0
362,15,537.0,420.0,0.0
362,65,457.0,487.0,0.0
362,97,450.0,476.0,0.0
363,5,517.0,420.0,0.0
363,56,447.0,504.0,0.0
363,35,517.0,473.0,0.0
363,55,512.0,475.0,0.0
363,60,479.0,468.0,0.0
363,30,454.0,439.0,2.0
363,32,459.0,502.0,0.0
363,6,455.0,487.0,0.0
363,67,507.0,424.0,0.0
363,45,466.0,438.0,2.0
363,73,443.0,477.0,0.0
363,64,501.0,445.0,0.0
363,90,478.0,485.0,0.0
363,4,509.0,428.0,0.0
363,13,538.0,438.0,0.0
363,54,480.0,445.0,0.0
363,63,502.0,501.0,0.0
363,86,447.0,467.0,0.0
363,91,526.0,502.0,0.0
363,62,523.0,474.0,0.0
363,58,472.0,418.0,2.0
363,52,479.0,418.0,0.0
363,12,445.0,417.0,2.0
363,28,479.0,490.0,0.0
363,75,443.0,424.0,2.0
363,23,510.0,421.0,0.0
363,92,492.0,477.0,0.0
363,41,456.0,487.0,0.0
363,43,521.0,414.0,0.0
363,11,504.0,431.0,0.0
363,36,506.0,467.0,0.0
363,68,513.0,413.0,0.0
363,69,449.0,437.0,2.0
363,98,442.0,500.0,0.0
363,82,470.0,411.0,2.0
363,85,526.0,409.0,0.0
363,39,483.0,504.0,0.0
363,84,522.0,446.0,0.0
363,77,449.0,493.0,0.0
363,7,504.0,426.0,0.0
363,25,448.0,458.0,2.0
363,95,523.0,506.0,0.0
363,71,473.0,502.0,0.0
363,66,507.0,505.0,0.0
363,76,477.0,489.0,0.0
363,34,479.0,409.0,0.0
363,50,448.0,442.0,2.0
363,59,502.0,441.0,0.0
363,93,449.0,442.0,2.0
363,2,485.0,445.0,0.0
363,10,454.0,426.0,2.0
363,18,458.0,418.0,2.0
363,26,472.0,414.0,2.0
363,27,453.0,409.0,2.0
363,42,441.0,482.0,0.0
363,87,505.0,455.0,0.0
363,100,530.0,428.0,0.0
363,79,516.0,470.0,0.0
363,16,487.0,488.0,0.0
363,20,457.0,478.0,0.0
363,81,527.0,410.0,0.0
363,19,442.0,464.0,0.0
363,49,482.0,429.0,0.0
363,44,469.0,440.0,2.0
363,9,536.0,504.0,0.0
363,31,468.0,418.0,2.0
363,74,512.0,437.0,0.0
363,61,458.0,468.0,0.0
363,29,493.0,442.0,0.0
363,94,487.0,420.0,0.0
363,46,510.0,446.0,0.0
363,57,446.0,436.0,2.0
363,70,536.0,501.0,0.0
363,21,513.0,476.0,0.0
363,38,533.0,493.0,0.0
363,88,505.0,486.0,0.0
363,78,516.0,408.0,0.0
363,72,454.0,479.0,0.0
363,24,443.0,477.0,0.0
363,8,495.0,453.0,0.0
363,17,499.0,454.0,0.0
363,37,500.0,481.0,0.0
363,1,441.0,460.0,2.0
363,53,511.0,470.0,0.0
363,22,446.0,493.0,0.0
363,47,498.0,470.0,0.0
363,83,495.0,475.0,0.0
363,99,482.0,408.0,0.0
363,89,474.0,460.0,0.0
363,14,453.0,457.0,2.0
363,3,495.0,416.0,0.0
363,80,517.0,419.0,0.0
363,96,442.0,483.0,0.0
363,51,515.0,430.0,0.0
363,33,509.0,431.0,0.0
363,40,528.0,407.0,0.0
363,48,532.0,423.0,0.0
363,15,537.0,420.0,0.0
363,65,457.0,487.0,0.0
363,97,450.0,476.0,0.0
364,5,517.0,420.0,0.0
364,56,447.0,504.0,0.0
364,35,517.0,473.0,0.0
364,55,512.0,475.0,0.0
364,60,479.0,468.0,0.0
364,30,454.0,439.0,2.0
364,32,459.0,502.0,0.0
364,6,455.0,487.0,0.0
364,67,507.0,424.0,0.0
364,45,466.0,438.0,2.0
364,73,443.0,477.0,0.0
364,64,501.0,445.0,0.0
364,90,478.0,485.0,0.0
364,4,509.0,428.0,0.0
364,13,538.0,438.0,0.0
364,54,480.0,445.0,0.0
364,63,502.0,501.0,0.0
364,86,447.0,467.0,0.0
364,91,526.0,502.0,0.0
364,62,523.0,474.0,0.0
364,58,472.0,418.0,2.0
364,52,479.0,418.0,0.0
364,12,445.0,417.0,2.0
364,28,479.0,490.0,0.0
364,75,443.0,424.0,2.0
364,23,510.0,421.0,0.0
364,92,492.0,477.0,0.0
364,41,456.0,487.0,0.0
364,43,521.0,414.0,0.0
364,11,504.0,431.0,0.0
364,36,506.0,467.0,0.0
364,68,513.0,413.0,0.0
364,69,449.0,437.0,2.0
364,98,442.0,500.0,0.0
364,82,470.0,411.0,2.0
364,85,526.0,409.0,0.0
364,39,483.0,504.0,0.0
364,84,522.0,446.0,0.0
364,77,449.0,493.0,0.0
364,7,504.0,426.0,0.0
364,25,448.0,458.0,2.0
364,95,523.0,506.0,0.0
364,71,473.0,502.0,0.0
364,66,507.0,505.0,0.0
364,76,477.0,489.0,0.0
364,34,479.0,409.0,0.0
364,50,448.0,442.0,2.0
364,59,502.0,441.0,0.0
364,93,449.0,442.0,2.0
364,2,485.0,445.0,0.0
364,10,454.0,426.0,2.0
364,18,458.0,418.0,2.0
364,26,472.0,414.0,2.0
364,27,453.0,409.0,2.0
364,42,441.0,482.0,0.0
364,87,505.0,455.0,0.0
364,100,530.0,428.0,0.0
364,79,516.0,470.0,0.0
364,16,487.0,488.0,0.0
364,20,457.0,478.0,0.0
364,81,527.0,410.0,0.0
364,19,442.0,464.0,0.0
364,49,482.0,429.0,0.0
364,44,469.0,440.0,2.0
364,9,536.0,504.0,0.0
364,31,468.0,418.0,2.0
364,74,512.0,437.0,0.0
364,61,458.0,468.0,0.0
364,29,493.0,442.0,0.0
364,94,487.0,420.0,0.0
364,46,510.0,446.0,0.0
364,57,446.0,436.0,2.0
364,70,536.0,501.0,0.0
364,21,513.0,476.0,0.0
364,38,533.0,493.0,0.0
364,88,505.0,486.0,0.0
364,78,516.0,408.0,0.0
364,72,454.0,479.0,0.0
364,24,443.0,477.0,0.0
364,8,495.0,453.0,0.0
364,17,499.0,454.0,0.0
364,37,500.0,481.0,0.0
364,1,441.0,460.0,2.0
364,53,511.0,470.0,0.0
364,22,446.0,493.0,0.0
364,47,498.0,470.0,0.0
364,83,495.0,475.0,0.0
364,99,482.0,408.0,0.0
364,89,474.0,460.0,0.0
364,14,453.0,457.0,2.0
364,3,495.0,416.0,0.0
364,80,517.0,419.0,0.0
364,96,442.0,483.0,0.0
364,51,515.0,430.0,0.0
364,33,509.0,431.0,0.0
364,40,528.0,407.0,0.0
364,48,532.0,423.0,0.0
364,15,537.0,420.0,0.0
364,65,457.0,487.0,0.0
364,97,450.0,476.0,0.0
365,5,517.0,420.0,0.0
365,56,447.0,504.0,0.0
365,35,517.0,473.0,0.0
365,55,512.0,475.0,0.0
365,60,479.0,468.0,0.0
365,30,454.0,439.0,2.0
365,32,459.0,502.0,0.0
365,6,455.0,487.0,0.0
365,67,507.0,424.0,0.0
365,45,466.0,438.0,2.0
365,73,443.0,477.0,0.0
365,64,501.0,445.0,0.0
365,90,478.0,485.0,0.0
365,4,509.0,428.0,0.0
365,13,538.0,438.0,0.0
365,54,480.0,445.0,0.0
365,63,502.0,501.0,0.0
365,86,447.0,467.0,0.0
365,91,526.0,502.0,0.0
365,62,523.0,474.0,0.0
365,58,472.0,418.0,2.0
365,52,479.0,418.0,0.0
365,12,445.0,417.0,2.0
365,28,479.0,490.0,0.0
365,75,443.0,424.0,2.0
365,23,510.0,421.0,0.0
365,92,492.0,477.0,0.0
365,41,456.0,487.0,0.0
365,43,521.0,414.0,0.0
365,11,504.0,431.0,0.0
365,36,506.0,467.0,0.0
365,68,513.0,413.0,0.0
365,69,449.0,437.0,2.0
365,98,442.0,500.0,0.0
365,82,470.0,411.0,2.0
365,85,526.0,409.0,0.0
365,39,483.0,504.0,0.0
365,84,522.0,446.0,0.0
365,77,449.0,493.0,0.0
365,7,504.0,426.0,0.0
365,25,448.0,458.0,2.0
365,95,523.0,506.0,0.0
365,71,473.0,502.0,0.0
365,66,507.0,505.0,0.0
365,76,477.0,489.0,0.0
365,34,479.0,409.0,0.0
365,50,448.0,442.0,2.0
365,59,502.0,441.0,0.0
365,93,449.0,442.0,2.0
365,2,485.0,445.0,0.0
365,10,454.0,426.0,2.0
365,18,458.0,418.0,2.0
365,26,472.0,414.0,2.0
365,27,453.0,409.0,2.0
365,42,441.0,482.0,0.0
365,87,505.0,455.0,0.0
365,100,530.0,428.0,0.0
365,79,516.0,470.0,0.0
365,16,487.0,488.0,0.0
365,20,457.0,478.0,0.0
365,81,527.0,410.0,0.0
365,19,442.0,464.0,0.0
365,49,482.0,429.0,0.0
365,44,469.0,440.0,2.0
365,9,536.0,504.0,0.0
365,31,468.0,418.0,2.0
365,74,512.0,437.0,0.0
365,61,458.0,468.0,0.0
365,29,493.0,442.0,0.0
365,94,487.0,420.0,0.0
365,46,510.0,446.0,0.0
365,57,446.0,436.0,2.0
365,70,536.0,501.0,0.0
365,21,513.0,476.0,0.0
365,38,533.0,493.0,0.0
365,88,505.0,486.0,0.0
365,78,516.0,408.0,0.0
365,72,454.0,479.0,0.0
365,24,443.0,477.0,0.0
365,8,495.0,453.0,0.0
365,17,499.0,454.0,0.0
365,37,500.0,481.0,0.0
365,1,441.0,460.0,2.0
365,53,511.0,470.0,0.0
365,22,446.0,493.0,0.0
365,47,498.0,470.0,0.0
365,83,495.0,475.0,0.0
365,99,482.0,408.0,0.0
365,89,474.0,460.0,0.0
365,14,453.0,457.0,2.0
365,3,495.0,416.0,0.0
365,80,517.0,419.0,0.0
365,96,442.0,483.0,0.0
365,51,515.0,430.0,0.0
365,33,509.0,431.0,0.0
365,40,528.0,407.0,0.0
365,48,532.0,423.0,0.0
365,15,537.0,420.0,0.0
365,65,457.0,487.0,0.0
365,97,450.0,476.0,0.0
366,5,517.0,420.0,0.0
366,56,447.0,504.0,0.0
366,35,517.0,473.0,0.0
366,55,512.0,475.0,0.0
366,60,479.0,468.0,0.0
366,30,454.0,439.0,2.0
366,32,459.0,502.0,0.0
366,6,455.0,487.0,0.0
366,67,507.0,424.0,0.0
366,45,466.0,438.0,2.0
366,73,443.0,477.0,0.0
366,64,501.0,445.0,0.0
366,90,478.0,485.0,0.0
366,4,509.0,428.0,0.0
366,13,538.0,438.0,0.0
366,54,480.0,445.0,0.0
366,63,502.0,501.0,0.0
366,86,447.0,467.0,0.0
366,91,526.0,502.0,0.0
366,62,523.0,474.0,0.0
366,58,472.0,418.0,2.0
366,52,479.0,418.0,0.0
366,12,445.0,417.0,2.0
366,28,479.0,490.0,0.0
366,75,443.0,424.0,2.0
366,23,510.0,421.0,0.0
366,92,492.0,477.0,0.0
366,41,456.0,487.0,0.0
366,43,521.0,414.0,0.0
366,11,504.0,431.0,0.0
366,36,506.0,467.0,0.0
366,68,513.0,413.0,0.0
366,69,449.0,437.0,2.0
366,98,442.0,500.0,0.0
366,82,470.0,411.0,2.0
366,85,526.0,409.0,0.0
366,39,483.0,504.0,0.0
366,84,522.0,446.0,0.0
366,77,449.0,493.0,0.0
366,7,504.0,426.0,0.0
366,25,448.0,458.0,2.0
366,95,523.0,506.0,0.0
366,71,473.0,502.0,0.0
366,66,507.0,505.0,0.0
366,76,477.0,489.0,0.0
366,34,479.0,409.0,0.0
366,50,448.0,442.0,2.0
366,59,502.0,441.0,0.0
366,93,449.0,442.0,2.0
366,2,485.0,445.0,0.0
366,10,454.0,426.0,2.0
366,18,458.0,418.0,2.0
366,26,472.0,414.0,2.0
366,27,453.0,409.0,2.0
366,42,441.0,482.0,0.0
366,87,505.0,455.0,0.0
366,100,530.0,428.0,0.0
366,79,516.0,470.0,0.0
366,16,487.0,488.0,0.0
366,20,457.0,478.0,0.0
366,81,527.0,410.0,0.0
366,19,442.0,464.0,0.0
366,49,482.0,429.0,0.0
366,44,469.0,440.0,2.0
366,9,536.0,504.0,0.0
366,31,468.0,418.0,2.0
366,74,512.0,437.0,0.0
366,61,458.0,468.0,0.0
366,29,493.0,442.0,0.0
366,94,487.0,420.0,0.0
366,46,510.0,446.0,0.0
366,57,446.0,436.0,2.0
366,70,536.0,501.0,0.0
366,21,513.0,476.0,0.0
366,38,533.0,493.0,0.0
366,88,505.0,486.0,0.0
366,78,516.0,408.0,0.0
366,72,454.0,479.0,0.0
366,24,443.0,477.0,0.0
366,8,495.0,453.0,0.0
366,17,499.0,454.0,0.0
366,37,500.0,481.0,0.0
366,1,441.0,460.0,2.0
366,53,511.0,470.0,0.0
366,22,446.0,493.0,0.0
366,47,498.0,470.0,0.0
366,83,495.0,475.0,0.0
366,99,482.0,408.0,0.0
366,89,474.0,460.0,0.0
366,14,453.0,457.0,2.0
366,3,495.0,416.0,0.0
366,80,517.0,419.0,0.0
366,96,442.0,483.0,0.0
366,51,515.0,430.0,0.0
366,33,509.0,431.0,0.0
366,40,528.0,407.0,0.0
366,48,532.0,423.0,0.0
366,15,537.0,420.0,0.0
366,65,457.0,487.0,0.0
366,97,450.0,476.0,0.0
367,5,517.0,420.0,0.0
367,56,447.0,504.0,0.0
367,35,517.0,473.0,0.0
367,55,512.0,475.0,0.0
367,60,479.0,468.0,0.0
367,30,454.0,439.0,2.0
367,32,459.0,502.0,0.0
367,6,455.0,487.0,0.0
367,67,507.0,424.0,0.0
367,45,466.0,438.0,2.0
367,73,443.0,477.0,0.0
367,64,501.0,445.0,0.0
367,90,478.0,485.0,0.0
367,4,509.0,428.0,0.0
367,13,538.0,438.0,0.0
367,54,480.0,445.0,0.0
367,63,502.0,501.0,0.0
367,86,447.0,467.0,0.0
367,91,526.0,502.0,0.0
367,62,523.0,474.0,0.0
367,58,472.0,418.0,2.0
367,52,479.0,418.0,0.0
367,12,445.0,417.0,2.0
367,28,479.0,490.0,0.0
367,75,443.0,424.0,2.0
367,23,510.0,421.0,0.0
367,92,492.0,477.0,0.0
367,41,456.0,487.0,0.0
367,43,521.0,414.0,0.0
367,11,504.0,431.0,0.0
367,36,506.0,467.0,0.0
367,68,513.0,413.0,0.0
367,69,449.0,437.0,2.0
367,98,442.0,500.0,0.0
367,82,470.0,411.0,2.0
367,85,526.0,409.0,0.0
367,39,483.0,504.0,0.0
367,84,522.0,446.0,0.0
367,77,449.0,493.0,0.0
367,7,504.0,426.0,0.0
367,25,448.0,458.0,2.0
367,95,523.0,506.0,0.0
367,71,473.0,502.0,0.0
367,66,507.0,505.0,0.0
367,76,477.0,489.0,0.0
367,34,479.0,409.0,0.0
367,50,448.0,442.0,2.0
367,59,502.0,441.0,0.0
367,93,449.0,442.0,2.0
367,2,485.0,445.0,0.0
367,10,454.0,426.0,2.0
367,18,458.0,418.0,2.0
367,26,472.0,414.0,2.0
367,27,453.0,409.0,2.0
367,42,441.0,482.0,0.0
367,87,505.0,455.0,0.0
367,100,530.0,428.0,0.0
367,79,516.0,470.0,0.0
367,16,487.0,488.0,0.0
367,20,457.0,478.0,0.0
367,81,527.0,410.0,0.0
367,19,442.0,464.0,0.0
367,49,482.0,429.0,0.0
367,44,469.0,440.0,2.0
367,9,536.0,504.0,0.0
367,31,468.0,418.0,2.0
367,74,512.0,437.0,0.0
367,61,458.0,468.0,0.0
367,29,493.0,442.0,0.0
367,94,487.0,420.0,0.0
367,46,510.0,446.0,0.0
367,57,446.0,436.0,2.0
367,70,536.0,501.0,0.0
367,21,513.0,476.0,0.0
367,38,533.0,493.0,0.0
367,88,505.0,486.0,0.0
367,78,516.0,408.0,0.0
367,72,454.0,479.0,0.0
367,24,443.0,477.0,0.0
367,8,495.0,453.0,0.0
367,17,499.0,454.0,0.0
367,37,500.0,481.0,0.0
367,1,441.0,460.0,2.0
367,53,511.0,470.0,0.0
367,22,446.0,493.0,0.0
367,47,498.0,470.0,0.0
367,83,495.0,475.0,0.0
367,99,482.0,408.0,0.0
367,89,474.0,460.0,0.0
367,14,453.0,457.0,2.0
367,3,495.0,416.0,0.0
367,80,517.0,419.0,0.0
367,96,442.0,483.0,0.0
367,51,515.0,430.0,0.0
367,33,509.0,431.0,0.0
367,40,528.0,407.0,0.0
367,48,532.0,423.0,0.0
367,15,537.0,420.0,0.0
367,65,457.0,487.0,0.0
367,97,450.0,476.0,0.0
368,5,517.0,420.0,0.0
368,56,447.0,504.0,0.0
368,35,517.0,473.0,0.0
368,55,512.0,475.0,0.0
368,60,479.0,468.0,0.0
368,30,454.0,439.0,2.0
368,32,459.0,502.0,0.0
368,6,455.0,487.0,0.0
368,67,507.0,424.0,0.0
368,45,466.0,438.0,2.0
368,73,443.0,477.0,0.0
368,64,501.0,445.0,0.0
368,90,478.0,485.0,0.0
368,4,509.0,428.0,0.0
368,13,538.0,438.0,0.0
368,54,480.0,445.0,0.0
368,63,502.0,501.0,0.0
368,86,447.0,467.0,0.0
368,91,526.0,502.0,0.0
368,62,523.0,474.0,0.0
368,58,472.0,418.0,2.0
368,52,479.0,418.0,0.0
368,12,445.0,417.0,2.0
368,28,479.0,490.0,0.0
368,75,443.0,424.0,2.0
368,23,510.0,421.0,0.0
368,92,492.0,477.0,0.0
368,41,456.0,487.0,0.0
368,43,521.0,414.0,0.0
368,11,504.0,431.0,0.0
368,36,506.0,467.0,0.0
368,68,513.0,413.0,0.0
368,69,449.0,437.0,2.0
368,98,442.0,500.0,0.0
368,82,470.0,411.0,2.0
368,85,526.0,409.0,0.0
368,39,483.0,504.0,0.0
368,84,522.0,446.0,0.0
368,77,449.0,493.0,0.0
368,7,504.0,426.0,0.0
368,25,448.0,458.0,2.0
368,95,523.0,506.0,0.0
368,71,473.0,502.0,0.0
368,66,507.0,505.0,0.0
368,76,477.0,489.0,0.0
368,34,479.0,409.0,0.0
368,50,448.0,442.0,2.0
368,59,502.0,441.0,0.0
368,93,449.0,442.0,2.0
368,2,485.0,445.0,0.0
368,10,454.0,426.0,2.0
368,18,458.0,418.0,2.0
368,26,472.0,414.0,2.0
368,27,453.0,409.0,2.0
368,42,441.0,482.0,0.0
368,87,505.0,455.0,0.0
368,100,530.0,428.0,0.0
368,79,516.0,470.0,0.0
368,16,487.0,488.0,0.0
368,20,457.0,478.0,0.0
368,81,527.0,410.0,0.0
368,19,442.0,464.0,0.0
368,49,482.0,429.0,0.0
368,44,469.0,440.0,2.0
368,9,536.0,504.0,0.0
368,31,468.0,418.0,2.0
368,74,512.0,437.0,0.0
368,61,458.0,468.0,0.0
368,29,493.0,442.0,0.0
368,94,487.0,420.0,0.0
368,46,510.0,446.0,0.0
368,57,446.0,436.0,2.0
368,70,536.0,501.0,0.0
368,21,513.0,476.0,0.0
368,38,533.0,493.0,0.0
368,88,505.0,486.0,0.0
368,78,516.0,408.0,0.0
368,72,454.0,479.0,0.0
368,24,443.0,477.0,0.0
368,8,495.0,453.0,0.0
368,17,499.0,454.0,0.0
368,37,500.0,481.0,0.0
368,1,441.0,460.0,2.0
368,53,511.0,470.0,0.0
368,22,446.0,493.0,0.0
368,47,498.0,470.0,0.0
368,83,495.0,475.0,0.0
368,99,482.0,408.0,0.0
368,89,474.0,460.0,0.0
368,14,453.0,457.0,2.0
368,3,495.0,416.0,0.0
368,80,517.0,419.0,0.0
368,96,442.0,483.0,0.0
368,51,515.0,430.0,0.0
368,33,509.0,431.0,0.0
368,40,528.0,407.0,0.0
368,48,532.0,423.0,0.0
368,15,537.0,420.0,0.0
368,65,457.0,487.0,0.0
368,97,450.0,476.0,0.0
369,5,517.0,420.0,0.0
369,56,447.0,504.0,0.0
369,35,517.0,473.0,0.0
369,55,512.0,475.0,0.0
369,60,479.0,468.0,0.0
369,30,454.0,439.0,2.0
369,32,459.0,502.0,0.0
369,6,455.0,487.0,0.0
369,67,507.0,424.0,0.0
369,45,466.0,438.0,2.0
369,73,443.0,477.0,0.0
369,64,501.0,445.0,0.0
369,90,478.0,485.0,0.0
369,4,509.0,428.0,0.0
369,13,538.0,438.0,0.0
369,54,480.0,445.0,0.0
369,63,502.0,501.0,0.0
369,86,447.0,467.0,0.0
369,91,526.0,502.0,0.0
369,62,523.0,474.0,0.0
369,58,472.0,418.0,2.0
369,52,479.0,418.0,0.0
369,12,445.0,417.0,2.0
369,28,479.0,490.0,0.0
369,75,443.0,424.0,2.0
369,23,510.0,421.0,0.0
369,92,492.0,477.0,0.0
369,41,456.0,487.0,0.0
369,43,521.0,414.0,0.0
369,11,504.0,431.0,0.0
369,36,506.0,467.0,0.0
369,68,513.0,413.0,0.0
369,69,449.0,437.0,2.0
369,98,442.0,500.0,0.0
369,82,470.0,411.0,2.0
369,85,526.0,409.0,0.0
369,39,483.0,504.0,0.0
369,84,522.0,446.0,0.0
369,77,449.0,493.0,0.0
369,7,504.0,426.0,0.0
369,25,448.0,458.0,2.0
369,95,523.0,506.0,0.0
369,71,473.0,502.0,0.0
369,66,507.0,505.0,0.0
369,76,477.0,489.0,0.0
369,34,479.0,409.0,0.0
369,50,448.0,442.0,2.0
369,59,502.0,441.0,0.0
369,93,449.0,442.0,2.0
369,2,485.0,445.0,0.0
369,10,454.0,426.0,2.0
369,18,458.0,418.0,2.0
369,26,472.0,414.0,2.0
369,27,453.0,409.0,2.0
369,42,441.0,482.0,0.0
369,87,505.0,455.0,0.0
369,100,530.0,428.0,0.0
369,79,516.0,470.0,0.0
369,16,487.0,488.0,0.0
369,20,457.0,478.0,0.0
369,81,527.0,410.0,0.0
369,19,442.0,464.0,0.0
369,49,482.0,429.0,0.0
369,44,469.0,440.0,2.0
369,9,536.0,504.0,0.0
369,31,468.0,418.0,2.0
369,74,512.0,437.0,0.0
369,61,458.0,468.0,0.0
369,29,493.0,442.0,0.0
369,94,487.0,420.0,0.0
369,46,510.0,446.0,0.0
369,57,446.0,436.0,2.0
369,70,536.0,501.0,0.0
369,21,513.0,476.0,0.0
369,38,533.0,493.0,0.0
369,88,505.0,486.0,0.0
369,78,516.0,408.0,0.0
369,72,454.0,479.0,0.0
369,24,443.0,477.0,0.0
369,8,495.0,453.0,0.0
369,17,499.0,454.0,0.0
369,37,500.0,481.0,0.0
369,1,441.0,460.0,2.0
369,53,511.0,470.0,0.0
369,22,446.0,493.0,0.0
369,47,498.0,470.0,0.0
369,83,495.0,475.0,0.0
369,99,482.0,408.0,0.0
369,89,474.0,460.0,0.0
369,14,453.0,457.0,2.0
369,3,495.0,416.0,0.0
369,80,517.0,419.0,0.0
369,96,442.0,483.0,0.0
369,51,515.0,430.0,0.0
369,33,509.0,431.0,0.0
369,40,528.0,407.0,0.0
369,48,532.0,423.0,0.0
369,15,537.0,420.0,0.0
369,65,457.0,487.0,0.0
369,97,450.0,476.0,0.0
370,5,517.0,420.0,0.0
370,56,447.0,504.0,0.0
370,35,517.0,473.0,0.0
370,55,512.0,475.0,0.0
370,60,479.0,468.0,0.0
370,30,454.0,439.0,2.0
370,32,459.0,502.0,0.0
370,6,455.0,487.0,0.0
370,67,507.0,424.0,0.0
370,45,466.0,438.0,2.0
370,73,443.0,477.0,0.0
370,64,501.0,445.0,0.0
370,90,478.0,485.0,0.0
370,4,509.0,428.0,0.0
370,13,538.0,438.0,0.0
370,54,480.0,445.0,0.0
370,63,502.0,501.0,0.0
370,86,447.0,467.0,0.0
370,91,526.0,502.0,0.0
370,62,523.0,474.0,0.0
370,58,472.0,418.0,2.0
370,52,479.0,418.0,0.0
370,12,445.0,417.0,2.0
370,28,479.0,490.0,0.0
370,75,443.0,424.0,2.0
370,23,510.0,421.0,0.0
370,92,492.0,477.0,0.0
370,41,456.0,487.0,0.0
370,43,521.0,414.0,0.0
370,11,504.0,431.0,0.0
370,36,506.0,467.0,0.0
370,68,513.0,413.0,0.0
370,69,449.0,437.0,2.0
370,98,442.0,500.0,0.0
370,82,470.0,411.0,2.0
370,85,526.0,409.0,0.0
370,39,483.0,504.0,0.0
370,84,522.0,446.0,0.0
370,77,449.0,493.0,0.0
370,7,504.0,426.0,0.0
370,25,448.0,458.0,2.0
370,95,523.0,506.0,0.0
370,71,473.0,502.0,0.0
370,66,507.0,505.0,0.0
370,76,477.0,489.0,0.0
370,34,479.0,409.0,0.0
370,50,448.0,442.0,2.0
370,59,502.0,441.0,0.0
370,93,449.0,442.0,2.0
370,2,485.0,445.0,0.0
370,10,454.0,426.0,2.0
370,18,458.0,418.0,2.0
370,26,472.0,414.0,2.0
370,27,453.0,409.0,2.0
370,42,441.0,482.0,0.0
370,87,505.0,455.0,0.0
370,100,530.0,428.0,0.0
370,79,516.0,470.0,0.0
370,16,487.0,488.0,0.0
370,20,457.0,478.0,0.0
370,81,527.0,410.0,0.0
370,19,442.0,464.0,0.0
370,49,482.0,429.0,0.0
370,44,469.0,440.0,2.0
370,9,536.0,504.0,0.0
370,31,468.0,418.0,2.0
370,74,512.0,437.0,0.0
370,61,458.0,468.0,0.0
370,29,493.0,442.0,0.0
370,94,487.0,420.0,0.0
370,46,510.0,446.0,0.0
370,57,446.0,436.0,2.0
370,70,536.0,501.0,0.0
370,21,513.0,476.0,0.0
370,38,533.0,493.0,0.0
370,88,505.0,486.0,0.0
370,78,516.0,408.0,0.0
370,72,454.0,479.0,0.0
370,24,443.0,477.0,0.0
370,8,495.0,453.0,0.0
370,17,499.0,454.0,0.0
370,37,500.0,481.0,0.0
370,1,441.0,460.0,2.0
370,53,511.0,470.0,0.0
370,22,446.0,493.0,0.0
370,47,498.0,470.0,0.0
370,83,495.0,475.0,0.0
370,99,482.0,408.0,0.0
370,89,474.0,460.0,0.0
370,14,453.0,457.0,2.0
370,3,495.0,416.0,0.0
370,80,517.0,419.0,0.0
370,96,442.0,483.0,0.0
370,51,515.0,430.0,0.0
370,33,509.0,431.0,0.0
370,40,528.0,407.0,0.0
370,48,532.0,423.0,0.0
370,15,537.0,420.0,0.0
370,65,457.0,487.0,0.0
370,97,450.0,476.0,0.0
371,5,517.0,420.0,0.0
371,56,447.0,504.0,0.0
371,35,517.0,473.0,0.0
371,55,512.0,475.0,0.0
371,60,479.0,468.0,0.0
371,30,454.0,439.0,2.0
371,32,459.0,502.0,0.0
371,6,455.0,487.0,0.0
371,67,507.0,424.0,0.0
371,45,466.0,438.0,2.0
371,73,443.0,477.0,0.0
371,64,501.0,445.0,0.0
371,90,478.0,485.0,0.0
371,4,509.0,428.0,0.0
371,13,538.0,438.0,0.0
371,54,480.0,445.0,0.0
371,63,502.0,501.0,0.0
371,86,447.0,467.0,0.0
371,91,526.0,502.0,0.0
371,62,523.0,474.0,0.0
371,58,472.0,418.0,2.0
371,52,479.0,418.0,0.0
371,12,445.0,417.0,2.0
371,28,479.0,490.0,0.0
371,75,443.0,424.0,2.0
371,23,510.0,421.0,0.0
371,92,492.0,477.0,0.0
371,41,456.0,487.0,0.0
371,43,521.0,414.0,0.0
371,11,504.0,431.0,0.0
371,36,506.0,467.0,0.0
371,68,513.0,413.0,0.0
371,69,449.0,437.0,2.0
371,98,442.0,500.0,0.0
371,82,470.0,411.0,2.0
371,85,526.0,409.0,0.0
371,39,483.0,504.0,0.0
371,84,522.0,446.0,0.0
371,77,449.0,493.0,0.0
371,7,504.0,426.0,0.0
371,25,448.0,458.0,2.0
371,95,523.0,506.0,0.0
371,71,473.0,502.0,0.0
371,66,507.0,505.0,0.0
371,76,477.0,489.0,0.0
371,34,479.0,409.0,0.0
371,50,448.0,442.0,2.0
371,59,502.0,441.0,0.0
371,93,449.0,442.0,2.0
371,2,485.0,445.0,0.0
371,10,454.0,426.0,2.0
371,18,458.0,418.0,2.0
371,26,472.0,414.0,2.0
371,27,453.0,409.0,2.0
371,42,441.0,482.0,0.0
371,87,505.0,455.0,0.0
371,100,530.0,428.0,0.0
371,79,516.0,470.0,0.0
371,16,487.0,488.0,0.0
371,20,457.0,478.0,0.0
371,81,527.0,410.0,0.0
371,19,442.0,464.0,0.0
371,49,482.0,429.0,0.0
371,44,469.0,440.0,2.0
371,9,536.0,504.0,0.0
371,31,468.0,418.0,2.0
371,74,512.0,437.0,0.0
371,61,458.0,468.0,0.0
371,29,493.0,442.0,0.0
371,94,487.0,420.0,0.0
371,46,510.0,446.0,0.0
371,57,446.0,436.0,2.0
371,70,536.0,501.0,0.0
371,21,513.0,476.0,0.0
371,38,533.0,493.0,0.0
371,88,505.0,486.0,0.0
371,78,516.0,408.0,0.0
371,72,454.0,479.0,0.0
371,24,443.0,477.0,0.0
371,8,495.0,453.0,0.0
371,17,499.0,454.0,0.0
371,37,500.0,481.0,0.0
371,1,441.0,460.0,2.0
371,53,511.0,470.0,0.0
371,22,446.0,493.0,0.0
371,47,498.0,470.0,0.0
371,83,495.0,475.0,0.0
371,99,482.0,408.0,0.0
371,89,474.0,460.0,0.0
371,14,453.0,457.0,2.0
371,3,495.0,416.0,0.0
371,80,517.0,419.0,0.0
371,96,442.0,483.0,0.0
371,51,515.0,430.0,0.0
371,33,509.0,431.0,0.0
371,40,528.0,407.0,0.0
371,48,532.0,423.0,0.0
371,15,537.0,420.0,0.0
371,65,457.0,487.0,0.0
371,97,450.0,476.0,0.0
372,5,517.0,420.0,0.0
372,56,447.0,504.0,0.0
372,35,517.0,473.0,0.0
372,55,512.0,475.0,0.0
372,60,479.0,468.0,0.0
372,30,454.0,439.0,2.0
372,32,459.0,502.0,0.0
372,6,455.0,487.0,0.0
372,67,507.0,424.0,0.0
372,45,466.0,438.0,2.0
372,73,443.0,477.0,0.0
372,64,501.0,445.0,0.0
372,90,478.0,485.0,0.0
372,4,509.0,428.0,0.0
372,13,538.0,438.0,0.0
372,54,480.0,445.0,0.0
372,63,502.0,501.0,0.0
372,86,447.0,467.0,0.0
372,91,526.0,502.0,0.0
372,62,523.0,474.0,0.0
372,58,472.0,418.0,2.0
372,52,479.0,418.0,0.0
372,12,445.0,417.0,2.0
372,28,479.0,490.0,0.0
372,75,443.0,424.0,2.0
372,23,510.0,421.0,0.0
372,92,492.0,477.0,0.0
372,41,456.0,487.0,0.0
372,43,521.0,414.0,0.0
372,11,504.0,431.0,0.0
372,36,506.0,467.0,0.0
372,68,513.0,413.0,0.0
372,69,449.0,437.0,2.0
372,98,442.0,500.0,0.0
372,82,470.0,411.0,2.0
372,85,526.0,409.0,0.0
372,39,483.0,504.0,0.0
372,84,522.0,446.0,0.0
372,77,449.0,493.0,0.0
372,7,504.0,426.0,0.0
372,25,448.0,458.0,2.0
372,95,523.0,506.0,0.0
372,71,473.0,502.0,0.0
372,66,507.0,505.0,0.0
372,76,477.0,489.0,0.0
372,34,479.0,409.0,0.0
372,50,448.0,442.0,2.0
372,59,502.0,441.0,0.0
372,93,449.0,442.0,2.0
372,2,485.0,445.0,0.0
372,10,454.0,426.0,2.0
372,18,458.0,418.0,2.0
372,26,472.0,414.0,2.0
372,27,453.0,409.0,2.0
372,42,441.0,482.0,0.0
372,87,505.0,455.0,0.0
372,100,530.0,428.0,0.0
372,79,516.0,470.0,0.0
372,16,487.0,488.0,0.0
372,20,457.0,478.0,0.0
372,81,527.0,410.0,0.0
372,19,442.0,464.0,0.0
372,49,482.0,429.0,0.0
372,44,469.0,440.0,2.0
372,9,536.0,504.0,0.0
372,31,468.0,418.0,2.0
372,74,512.0,437.0,0.0
372,61,458.0,468.0,0.0
372,29,493.0,442.0,0.0
372,94,487.0,420.0,0.0
372,46,510.0,446.0,0.0
372,57,446.0,436.0,2.0
372,70,536.0,501.0,0.0
372,21,513.0,476.0,0.0
372,38,533.0,493.0,0.0
372,88,505.0,486.0,0.0
372,78,516.0,408.0,0.0
372,72,454.0,479.0,0.0
372,24,443.0,477.0,0.0
372,8,495.0,453.0,0.0
372,17,499.0,454.0,0.0
372,37,500.0,481.0,0.0
372,1,441.0,460.0,2.0
372,53,511.0,470.0,0.0
372,22,446.0,493.0,0.0
372,47,498.0,470.0,0.0
372,83,495.0,475.0,0.0
372,99,482.0,408.0,0.0
372,89,474.0,460.0,0.0
372,14,453.0,457.0,2.0
372,3,495.0,416.0,0.0
372,80,517.0,419.0,0.0
372,96,442.0,483.0,0.0
372,51,515.0,430.0,0.0
372,33,509.0,431.0,0.0
372,40,528.0,407.0,0.0
372,48,532.0,423.0,0.0
372,15,537.0,420.0,0.0
372,65,457.0,487.0,0.0
372,97,450.0,476.0,0.0
373,5,517.0,420.0,0.0
373,56,447.0,504.0,0.0
373,35,517.0,473.0,0.0
373,55,512.0,475.0,0.0
373,60,479.0,468.0,0.0
373,30,454.0,439.0,2.0
373,32,459.0,502.0,0.0
373,6,455.0,487.0,0.0
373,67,507.0,424.0,0.0
373,45,466.0,438.0,2.0
373,73,443.0,477.0,0.0
373,64,501.0,445.0,0.0
373,90,478.0,485.0,0.0
373,4,509.0,428.0,0.0
373,13,538.0,438.0,0.0
373,54,480.0,445.0,0.0
373,63,502.0,501.0,0.0
373,86,447.0,467.0,0.0
373,91,526.0,502.0,0.0
373,62,523.0,474.0,0.0
373,58,472.0,418.0,2.0
373,52,479.0,418.0,0.0
373,12,445.0,417.0,2.0
373,28,479.0,490.0,0.0
373,75,443.0,424.0,2.0
373,23,510.0,421.0,0.0
373,92,492.0,477.0,0.0
373,41,456.0,487.0,0.0
373,43,521.0,414.0,0.0
373,11,504.0,431.0,0.0
373,36,506.0,467.0,0.0
373,68,513.0,413.0,0.0
373,69,449.0,437.0,2.0
373,98,442.0,500.0,0.0
373,82,470.0,411.0,2.0
373,85,526.0,409.0,0.0
373,39,483.0,504.0,0.0
373,84,522.0,446.0,0.0
373,77,449.0,493.0,0.0
373,7,504.0,426.0,0.0
373,25,448.0,458.0,2.0
373,95,523.0,506.0,0.0
373,71,473.0,502.0,0.0
373,66,507.0,505.0,0.0
373,76,477.0,489.0,0.0
373,34,479.0,409.0,0.0
373,50,448.0,442.0,2.0
373,59,502.0,441.0,0.0
373,93,449.0,442.0,2.0
373,2,485.0,445.0,0.0
373,10,454.0,426.0,2.0
373,18,458.0,418.0,2.0
373,26,472.0,414.0,2.0
373,27,453.0,409.0,2.0
373,42,441.0,482.0,0.0
373,87,505.0,455.0,0.0
373,100,530.0,428.0,0.0
373,79,516.0,470.0,0.0
373,16,487.0,488.0,0.0
373,20,457.0,478.0,0.0
373,81,527.0,410.0,0.0
373,19,442.0,464.0,0.0
373,49,482.0,429.0,0.0
373,44,469.0,440.0,2.0
373,9,536.0,504.0,0.0
373,31,468.0,418.0,2.0
373,74,512.0,437.0,0.0
373,61,458.0,468.0,0.0
373,29,493.0,442.0,0.0
373,94,487.0,420.0,0.0
373,46,510.0,446.0,0.0
373,57,446.0,436.0,2.0
373,70,536.0,501.0,0.0
373,21,513.0,476.0,0.0
373,38,533.0,493.0,0.0
373,88,505.0,486.0,0.0
373,78,516.0,408.0,0.0
373,72,454.0,479.0,0.0
373,24,443.0,477.0,0.0
373,8,495.0,453.0,0.0
373,17,499.0,454.0,0.0
373,37,500.0,481.0,0.0
373,1,441.0,460.0,2.0
373,53,511.0,470.0,0.0
373,22,446.0,493.0,0.0
373,47,498.0,470.0,0.0
373,83,495.0,475.0,0.0
373,99,482.0,408.0,0.0
373,89,474.0,460.0,0.0
373,14,453.0,457.0,2.0
373,3,495.0,416.0,0.0
373,80,517.0,419.0,0.0
373,96,442.0,483.0,0.0
373,51,515.0,430.0,0.0
373,33,509.0,431.0,0.0
373,40,528.0,407.0,0.0
373,48,532.0,423.0,0.0
373,15,537.0,420.0,0.0
373,65,457.0,487.0,0.0
373,97,450.0,476.0,0.0
374,5,517.0,420.0,0.0
374,56,447.0,504.0,0.0
374,35,517.0,473.0,0.0
374,55,512.0,475.0,0.0
374,60,479.0,468.0,0.0
374,30,454.0,439.0,2.0
374,32,459.0,502.0,0.0
374,6,455.0,487.0,0.0
374,67,507.0,424.0,0.0
374,45,466.0,438.0,2.0
374,73,443.0,477.0,0.0
374,64,501.0,445.0,0.0
374,90,478.0,485.0,0.0
374,4,509.0,428.0,0.0
374,13,538.0,438.0,0.0
374,54,480.0,445.0,0.0
374,63,502.0,501.0,0.0
374,86,447.0,467.0,0.0
374,91,526.0,502.0,0.0
374,62,523.0,474.0,0.0
374,58,472.0,418.0,2.0
374,52,479.0,418.0,0.0
374,12,445.0,417.0,2.0
374,28,479.0,490.0,0.0
374,75,443.0,424.0,2.0
374,23,510.0,421.0,0.0
374,92,492.0,477.0,0.0
374,41,456.0,487.0,0.0
374,43,521.0,414.0,0.0
374,11,504.0,431.0,0.0
374,36,506.0,467.0,0.0
374,68,513.0,413.0,0.0
374,69,449.0,437.0,2.0
374,98,442.0,500.0,0.0
374,82,470.0,411.0,2.0
374,85,526.0,409.0,0.0
374,39,483.0,504.0,0.0
374,84,522.0,446.0,0.0
374,77,449.0,493.0,0.0
374,7,504.0,426.0,0.0
374,25,448.0,458.0,2.0
374,95,523.0,506.0,0.0
374,71,473.0,502.0,0.0
374,66,507.0,505.0,0.0
374,76,477.0,489.0,0.0
374,34,479.0,409.0,0.0
374,50,448.0,442.0,2.0
374,59,502.0,441.0,0.0
374,93,449.0,442.0,2.0
374,2,485.0,445.0,0.0
374,10,454.0,426.0,2.0
374,18,458.0,418.0,2.0
374,26,472.0,414.0,2.0
374,27,453.0,409.0,2.0
374,42,441.0,482.0,0.0
374,87,505.0,455.0,0.0
374,100,530.0,428.0,0.0
374,79,516.0,470.0,0.0
374,16,487.0,488.0,0.0
374,20,457.0,478.0,0.0
374,81,527.0,410.0,0.0
374,19,442.0,464.0,0.0
374,49,482.0,429.0,0.0
374,44,469.0,440.0,2.0
374,9,536.0,504.0,0.0
374,31,468.0,418.0,2.0
374,74,512.0,437.0,0.0
374,61,458.0,468.0,0.0
374,29,493.0,442.0,0.0
374,94,487.0,420.0,0.0
374,46,510.0,446.0,0.0
374,57,446.0,436.0,2.0
374,70,536.0,501.0,0.0
374,21,513.0,476.0,0.0
374,38,533.0,493.0,0.0
374,88,505.0,486.0,0.0
374,78,516.0,408.0,0.0
374,72,454.0,479.0,0.0
374,24,443.0,477.0,0.0
374,8,495.0,453.0,0.0
374,17,499.0,454.0,0.0
374,37,500.0,481.0,0.0
374,1,441.0,460.0,2.0
374,53,511.0,470.0,0.0
374,22,446.0,493.0,0.0
374,47,498.0,470.0,0.0
374,83,495.0,475.0,0.0
374,99,482.0,408.0,0.0
374,89,474.0,460.0,0.0
374,14,453.0,457.0,2.0
374,3,495.0,416.0,0.0
374,80,517.0,419.0,0.0
374,96,442.0,483.0,0.0
374,51,515.0,430.0,0.0
374,33,509.0,431.0,0.0
374,40,528.0,407.0,0.0
374,48,532.0,423.0,0.0
374,15,537.0,420.0,0.0
374,65,457.0,487.0,0.0
374,97,450.0,476.0,0.0
375,5,517.0,420.0,0.0
375,56,447.0,504.0,0.0
375,35,517.0,473.0,0.0
375,55,512.0,475.0,0.0
375,60,479.0,468.0,0.0
375,30,454.0,439.0,2.0
375,32,459.0,502.0,0.0
375,6,455.0,487.0,0.0
375,67,507.0,424.0,0.0
375,45,466.0,438.0,2.0
375,73,443.0,477.0,0.0
375,64,501.0,445.0,0.0
375,90,478.0,485.0,0.0
375,4,509.0,428.0,0.0
375,13,538.0,438.0,0.0
375,54,480.0,445.0,0.0
375,63,502.0,501.0,0.0
375,86,447.0,467.0,0.0
375,91,526.0,502.0,0.0
375,62,523.0,474.0,0.0
375,58,472.0,418.0,2.0
375,52,479.0,418.0,0.0
375,12,445.0,417.0,2.0
375,28,479.0,490.0,0.0
375,75,443.0,424.0,2.0
375,23,510.0,421.0,0.0
375,92,492.0,477.0,0.0
375,41,456.0,487.0,0.0
375,43,521.0,414.0,0.0
375,11,504.0,431.0,0.0
375,36,506.0,467.0,0.0
375,68,513.0,413.0,0.0
375,69,449.0,437.0,2.0
375,98,442.0,500.0,0.0
375,82,470.0,411.0,2.0
375,85,526.0,409.0,0.0
375,39,483.0,504.0,0.0
375,84,522.0,446.0,0.0
375,77,449.0,493.0,0.0
375,7,504.0,426.0,0.0
375,25,448.0,458.0,2.0
375,95,523.0,506.0,0.0
375,71,473.0,502.0,0.0
375,66,507.0,505.0,0.0
375,76,477.0,489.0,0.0
375,34,479.0,409.0,0.0
375,50,448.0,442.0,2.0
375,59,502.0,441.0,0.0
375,93,449.0,442.0,2.0
375,2,485.0,445.0,0.0
375,10,454.0,426.0,2.0
375,18,458.0,418.0,2.0
375,26,472.0,414.0,2.0
375,27,453.0,409.0,2.0
375,42,441.0,482.0,0.0
375,87,505.0,455.0,0.0
375,100,530.0,428.0,0.0
375,79,516.0,470.0,0.0
375,16,487.0,488.0,0.0
375,20,457.0,478.0,0.0
375,81,527.0,410.0,0.0
375,19,442.0,464.0,0.0
375,49,482.0,429.0,0.0
375,44,469.0,440.0,2.0
375,9,536.0,504.0,0.0
375,31,468.0,418.0,2.0
375,74,512.0,437.0,0.0
375,61,458.0,468.0,0.0
375,29,493.0,442.0,0.0
375,94,487.0,420.0,0.0
375,46,510.0,446.0,0.0
375,57,446.0,436.0,2.0
375,70,536.0,501.0,0.0
375,21,513.0,476.0,0.0
375,38,533.0,493.0,0.0
375,88,505.0,486.0,0.0
375,78,516.0,408.0,0.0
375,72,454.0,479.0,0.0
375,24,443.0,477.0,0.0
375,8,495.0,453.0,0.0
375,17,499.0,454.0,0.0
375,37,500.0,481.0,0.0
375,1,441.0,460.0,2.0
375,53,511.0,470.0,0.0
375,22,446.0,493.0,0.0
375,47,498.0,470.0,0.0
375,83,495.0,475.0,0.0
375,99,482.0,408.0,0.0
375,89,474.0,460.0,0.0
375,14,453.0,457.0,2.0
375,3,495.0,416.0,0.0
375,80,517.0,419.0,0.0
375,96,442.0,483.0,0.0
375,51,515.0,430.0,0.0
375,33,509.0,431.0,0.0
375,40,528.0,407.0,0.0
375,48,532.0,423.0,0.0
375,15,537.0,420.0,0.0
375,65,457.0,487.0,0.0
375,97,450.0,476.0,0.0
376,5,517.0,420.0,0.0
376,56,447.0,504.0,0.0
376,35,517.0,473.0,0.0
376,55,512.0,475.0,0.0
376,60,479.0,468.0,0.0
376,30,454.0,439.0,2.0
376,32,459.0,502.0,0.0
376,6,455.0,487.0,0.0
376,67,507.0,424.0,0.0
376,45,466.0,438.0,2.0
376,73,443.0,477.0,0.0
376,64,501.0,445.0,0.0
376,90,478.0,485.0,0.0
376,4,509.0,428.0,0.0
376,13,538.0,438.0,0.0
376,54,480.0,445.0,0.0
376,63,502.0,501.0,0.0
376,86,447.0,467.0,0.0
376,91,526.0,502.0,0.0
376,62,523.0,474.0,0.0
376,58,472.0,418.0,2.0
376,52,479.0,418.0,0.0
376,12,445.0,417.0,2.0
376,28,479.0,490.0,0.0
376,75,443.0,424.0,2.0
376,23,510.0,421.0,0.0
376,92,492.0,477.0,0.0
376,41,456.0,487.0,0.0
376,43,521.0,414.0,0.0
376,11,504.0,431.0,0.0
376,36,506.0,467.0,0.0
376,68,513.0,413.0,0.0
376,69,449.0,437.0,2.0
376,98,442.0,500.0,0.0
376,82,470.0,411.0,2.0
376,85,526.0,409.0,0.0
376,39,483.0,504.0,0.0
376,84,522.0,446.0,0.0
376,77,449.0,493.0,0.0
376,7,504.0,426.0,0.0
376,25,448.0,458.0,2.0
376,95,523.0,506.0,0.0
376,71,473.0,502.0,0.0
376,66,507.0,505.0,0.0
376,76,477.0,489.0,0.0
376,34,479.0,409.0,0.0
376,50,448.0,442.0,2.0
376,59,502.0,441.0,0.0
376,93,449.0,442.0,2.0
376,2,485.0,445.0,0.0
376,10,454.0,426.0,2.0
376,18,458.0,418.0,2.0
376,26,472.0,414.0,2.0
376,27,453.0,409.0,2.0
376,42,441.0,482.0,0.0
376,87,505.0,455.0,0.0
376,100,530.0,428.0,0.0
376,79,516.0,470.0,0.0
376,16,487.0,488.0,0.0
376,20,457.0,478.0,0.0
376,81,527.0,410.0,0.0
376,19,442.0,464.0,0.0
376,49,482.0,429.0,0.0
376,44,469.0,440.0,2.0
376,9,536.0,504.0,0.0
376,31,468.0,418.0,2.0
376,74,512.0,437.0,0.0
376,61,458.0,468.0,0.0
376,29,493.0,442.0,0.0
376,94,487.0,420.0,0.0
376,46,510.0,446.0,0.0
376,57,446.0,436.0,2.0
376,70,536.0,501.0,0.0
376,21,513.0,476.0,0.0
376,38,533.0,493.0,0.0
376,88,505.0,486.0,0.0
376,78,516.0,408.0,0.0
376,72,454.0,479.0,0.0
376,24,443.0,477.0,0.0
376,8,495.0,453.0,0.0
376,17,499.0,454.0,0.0
376,37,500.0,481.0,0.0
376,1,441.0,460.0,2.0
376,53,511.0,470.0,0.0
376,22,446.0,493.0,0.0
376,47,498.0,470.0,0.0
376,83,495.0,475.0,0.0
376,99,482.0,408.0,0.0
376,89,474.0,460.0,0.0
376,14,453.0,457.0,2.0
376,3,495.0,416.0,0.0
376,80,517.0,419.0,0.0
376,96,442.0,483.0,0.0
376,51,515.0,430.0,0.0
376,33,509.0,431.0,0.0
376,40,528.0,407.0,0.0
376,48,532.0,423.0,0.0
376,15,537.0,420.0,0.0
376,65,457.0,487.0,0.0
376,97,450.0,476.0,0.0
377,5,517.0,420.0,0.0
377,56,447.0,504.0,0.0
377,35,517.0,473.0,0.0
377,55,512.0,475.0,0.0
377,60,479.0,468.0,0.0
377,30,454.0,439.0,2.0
377,32,459.0,502.0,0.0
377,6,455.0,487.0,0.0
377,67,507.0,424.0,0.0
377,45,466.0,438.0,2.0
377,73,443.0,477.0,0.0
377,64,501.0,445.0,0.0
377,90,478.0,485.0,0.0
377,4,509.0,428.0,0.0
377,13,538.0,438.0,0.0
377,54,480.0,445.0,0.0
377,63,502.0,501.0,0.0
377,86,447.0,467.0,0.0
377,91,526.0,502.0,0.0
377,62,523.0,474.0,0.0
377,58,472.0,418.0,2.0
377,52,479.0,418.0,0.0
377,12,445.0,417.0,2.0
377,28,479.0,490.0,0.0
377,75,443.0,424.0,2.0
377,23,510.0,421.0,0.0
377,92,492.0,477.0,0.0
377,41,456.0,487.0,0.0
377,43,521.0,414.0,0.0
377,11,504.0,431.0,0.0
377,36,506.0,467.0,0.0
377,68,513.0,413.0,0.0
377,69,449.0,437.0,2.0
377,98,442.0,500.0,0.0
377,82,470.0,411.0,2.0
377,85,526.0,409.0,0.0
377,39,483.0,504.0,0.0
377,84,522.0,446.0,0.0
377,77,449.0,493.0,0.0
377,7,504.0,426.0,0.0
377,25,448.0,458.0,2.0
377,95,523.0,506.0,0.0
377,71,473.0,502.0,0.0
377,66,507.0,505.0,0.0
377,76,477.0,489.0,0.0
377,34,479.0,409.0,0.0
377,50,448.0,442.0,2.0
377,59,502.0,441.0,0.0
377,93,449.0,442.0,2.0
377,2,485.0,445.0,0.0
377,10,454.0,426.0,2.0
377,18,458.0,418.0,2.0
377,26,472.0,414.0,2.0
377,27,453.0,409.0,2.0
377,42,441.0,482.0,0.0
377,87,505.0,455.0,0.0
377,100,530.0,428.0,0.0
377,79,516.0,470.0,0.0
377,16,487.0,488.0,0.0
377,20,457.0,478.0,0.0
377,81,527.0,410.0,0.0
377,19,442.0,464.0,0.0
377,49,482.0,429.0,0.0
377,44,469.0,440.0,2.0
377,9,536.0,504.0,0.0
377,31,468.0,418.0,2.0
377,74,512.0,437.0,0.0
377,61,458.0,468.0,0.0
377,29,493.0,442.0,0.0
377,94,487.0,420.0,0.0
377,46,510.0,446.0,0.0
377,57,446.0,436.0,2.0
377,70,536.0,501.0,0.0
377,21,513.0,476.0,0.0
377,38,533.0,493.0,0.0
377,88,505.0,486.0,0.0
377,78,516.0,408.0,0.0
377,72,454.0,479.0,0.0
377,24,443.0,477.0,0.0
377,8,495.0,453.0,0.0
377,17,499.0,454.0,0.0
377,37,500.0,481.0,0.0
377,1,441.0,460.0,2.0
377,53,511.0,470.0,0.0
377,22,446.0,493.0,0.0
377,47,498.0,470.0,0.0
377,83,495.0,475.0,0.0
377,99,482.0,408.0,0.0
377,89,474.0,460.0,0.0
377,14,453.0,457.0,2.0
377,3,495.0,416.0,0.0
377,80,517.0,419.0,0.0
377,96,442.0,483.0,0.0
377,51,515.0,430.0,0.0
377,33,509.0,431.0,0.0
377,40,528.0,407.0,0.0
377,48,532.0,423.0,0.0
377,15,537.0,420.0,0.0
377,65,457.0,487.0,0.0
377,97,450.0,476.0,0.0
378,5,517.0,420.0,0.0
378,56,447.0,504.0,0.0
378,35,517.0,473.0,0.0
378,55,512.0,475.0,0.0
378,60,479.0,468.0,0.0
378,30,454.0,439.0,2.0
378,32,459.0,502.0,0.0
378,6,455.0,487.0,0.0
378,67,507.0,424.0,0.0
378,45,466.0,438.0,2.0
378,73,443.0,477.0,0.0
378,64,501.0,445.0,0.0
378,90,478.0,485.0,0.0
378,4,509.0,428.0,0.0
378,13,538.0,438.0,0.0
378,54,480.0,445.0,0.0
378,63,502.0,501.0,0.0
378,86,447.0,467.0,0.0
378,91,526.0,502.0,0.0
378,62,523.0,474.0,0.0
378,58,472.0,418.0,2.0
378,52,479.0,418.0,0.0
378,12,445.0,417.0,2.0
378,28,479.0,490.0,0.0
378,75,443.0,424.0,2.0
378,23,510.0,421.0,0.0
378,92,492.0,477.0,0.0
378,41,456.0,487.0,0.0
378,43,521.0,414.0,0.0
378,11,504.0,431.0,0.0
378,36,506.0,467.0,0.0
378,68,513.0,413.0,0.0
378,69,449.0,437.0,2.0
378,98,442.0,500.0,0.0
378,82,470.0,411.0,2.0
378,85,526.0,409.0,0.0
378,39,483.0,504.0,0.0
378,84,522.0,446.0,0.0
378,77,449.0,493.0,0.0
378,7,504.0,426.0,0.0
378,25,448.0,458.0,2.0
378,95,523.0,506.0,0.0
378,71,473.0,502.0,0.0
378,66,507.0,505.0,0.0
378,76,477.0,489.0,0.0
378,34,479.0,409.0,0.0
378,50,448.0,442.0,2.0
378,59,502.0,441.0,0.0
378,93,449.0,442.0,2.0
378,2,485.0,445.0,0.0
378,10,454.0,426.0,2.0
378,18,458.0,418.0,2.0
378,26,472.0,414.0,2.0
378,27,453.0,409.0,2.0
378,42,441.0,482.0,0.0
378,87,505.0,455.0,0.0
378,100,530.0,428.0,0.0
378,79,516.0,470.0,0.0
378,16,487.0,488.0,0.0
378,20,457.0,478.0,0.0
378,81,527.0,410.0,0.0
378,19,442.0,464.0,0.0
378,49,482.0,429.0,0.0
378,44,469.0,440.0,2.0
378,9,536.0,504.0,0.0
378,31,468.0,418.0,2.0
378,74,512.0,437.0,0.0
378,61,458.0,468.0,0.0
378,29,493.0,442.0,0.0
378,94,487.0,420.0,0.0
378,46,510.0,446.0,0.0
378,57,446.0,436.0,2.0
378,70,536.0,501.0,0.0
378,21,513.0,476.0,0.0
378,38,533.0,493.0,0.0
378,88,505.0,486.0,0.0
378,78,516.0,408.0,0.0
378,72,454.0,479.0,0.0
378,24,443.0,477.0,0.0
378,8,495.0,453.0,0.0
378,17,499.0,454.0,0.0
378,37,500.0,481.0,0.0
378,1,441.0,460.0,2.0
378,53,511.0,470.0,0.0
378,22,446.0,493.0,0.0
378,47,498.0,470.0,0.0
378,83,495.0,475.0,0.0
378,99,482.0,408.0,0.0
378,89,474.0,460.0,0.0
378,14,453.0,457.0,2.0
378,3,495.0,416.0,0.0
378,80,517.0,419.0,0.0
378,96,442.0,483.0,0.0
378,51,515.0,430.0,0.0
378,33,509.0,431.0,0.0
378,40,528.0,407.0,0.0
378,48,532.0,423.0,0.0
378,15,537.0,420.0,0.0
378,65,457.0,487.0,0.0
378,97,450.0,476.0,0.0
379,5,517.0,420.0,0.0
379,56,447.0,504.0,0.0
379,35,517.0,473.0,0.0
379,55,512.0,475.0,0.0
379,60,479.0,468.0,0.0
379,30,454.0,439.0,2.0
379,32,459.0,502.0,0.0
379,6,455.0,487.0,0.0
379,67,507.0,424.0,0.0
379,45,466.0,438.0,2.0
379,73,443.0,477.0,0.0
379,64,501.0,445.0,0.0
379,90,478.0,485.0,0.0
379,4,509.0,428.0,0.0
379,13,538.0,438.0,0.0
379,54,480.0,445.0,0.0
379,63,502.0,501.0,0.0
379,86,447.0,467.0,0.0
379,91,526.0,502.0,0.0
379,62,523.0,474.0,0.0
379,58,472.0,418.0,2.0
379,52,479.0,418.0,0.0
379,12,445.0,417.0,2.0
379,28,479.0,490.0,0.0
379,75,443.0,424.0,2.0
379,23,510.0,421.0,0.0
379,92,492.0,477.0,0.0
379,41,456.0,487.0,0.0
379,43,521.0,414.0,0.0
379,11,504.0,431.0,0.0
379,36,506.0,467.0,0.0
379,68,513.0,413.0,0.0
379,69,449.0,437.0,2.0
379,98,442.0,500.0,0.0
379,82,470.0,411.0,2.0
379,85,526.0,409.0,0.0
379,39,483.0,504.0,0.0
379,84,522.0,446.0,0.0
379,77,449.0,493.0,0.0
379,7,504.0,426.0,0.0
379,25,448.0,458.0,2.0
379,95,523.0,506.0,0.0
379,71,473.0,502.0,0.0
379,66,507.0,505.0,0.0
379,76,477.0,489.0,0.0
379,34,479.0,409.0,0.0
379,50,448.0,442.0,2.0
379,59,502.0,441.0,0.0
379,93,449.0,442.0,2.0
379,2,485.0,445.0,0.0
379,10,454.0,426.0,2.0
379,18,458.0,418.0,2.0
379,26,472.0,414.0,2.0
379,27,453.0,409.0,2.0
379,42,441.0,482.0,0.0
379,87,505.0,455.0,0.0
379,100,530.0,428.0,0.0
379,79,516.0,470.0,0.0
379,16,487.0,488.0,0.0
379,20,457.0,478.0,0.0
379,81,527.0,410.0,0.0
379,19,442.0,464.0,0.0
379,49,482.0,429.0,0.0
379,44,469.0,440.0,2.0
379,9,536.0,504.0,0.0
379,31,468.0,418.0,2.0
379,74,512.0,437.0,0.0
379,61,458.0,468.0,0.0
379,29,493.0,442.0,0.0
379,94,487.0,420.0,0.0
379,46,510.0,446.0,0.0
379,57,446.0,436.0,2.0
379,70,536.0,501.0,0.0
379,21,513.0,476.0,0.0
379,38,533.0,493.0,0.0
379,88,505.0,486.0,0.0
379,78,516.0,408.0,0.0
379,72,454.0,479.0,0.0
379,24,443.0,477.0,0.0
379,8,495.0,453.0,0.0
379,17,499.0,454.0,0.0
379,37,500.0,481.0,0.0
379,1,441.0,460.0,2.0
379,53,511.0,470.0,0.0
379,22,446.0,493.0,0.0
379,47,498.0,470.0,0.0
379,83,495.0,475.0,0.0
379,99,482.0,408.0,0.0
379,89,474.0,460.0,0.0
379,14,453.0,457.0,2.0
379,3,495.0,416.0,0.0
379,80,517.0,419.0,0.0
379,96,442.0,483.0,0.0
379,51,515.0,430.0,0.0
379,33,509.0,431.0,0.0
379,40,528.0,407.0,0.0
379,48,532.0,423.0,0.0
379,15,537.0,420.0,0.0
379,65,457.0,487.0,0.0
379,97,450.0,476.0,0.0
380,5,517.0,420.0,0.0
380,56,447.0,504.0,0.0
380,35,517.0,473.0,0.0
380,55,512.0,475.0,0.0
380,60,479.0,468.0,0.0
380,30,454.0,439.0,2.0
380,32,459.0,502.0,0.0
380,6,455.0,487.0,0.0
380,67,507.0,424.0,0.0
380,45,466.0,438.0,2.0
380,73,443.0,477.0,0.0
380,64,501.0,445.0,0.0
380,90,478.0,485.0,0.0
380,4,509.0,428.0,0.0
380,13,538.0,438.0,0.0
380,54,480.0,445.0,0.0
380,63,502.0,501.0,0.0
380,86,447.0,467.0,0.0
380,91,526.0,502.0,0.0
380,62,523.0,474.0,0.0
380,58,472.0,418.0,2.0
380,52,479.0,418.0,0.0
380,12,445.0,417.0,2.0
380,28,479.0,490.0,0.0
380,75,443.0,424.0,2.0
380,23,510.0,421.0,0.0
380,92,492.0,477.0,0.0
380,41,456.0,487.0,0.0
380,43,521.0,414.0,0.0
380,11,504.0,431.0,0.0
380,36,506.0,467.0,0.0
380,68,513.0,413.0,0.0
380,69,449.0,437.0,2.0
380,98,442.0,500.0,0.0
380,82,470.0,411.0,2.0
380,85,526.0,409.0,0.0
380,39,483.0,504.0,0.0
380,84,522.0,446.0,0.0
380,77,449.0,493.0,0.0
380,7,504.0,426.0,0.0
380,25,448.0,458.0,2.0
380,95,523.0,506.0,0.0
380,71,473.0,502.0,0.0
380,66,507.0,505.0,0.0
380,76,477.0,489.0,0.0
380,34,479.0,409.0,0.0
380,50,448.0,442.0,2.0
380,59,502.0,441.0,0.0
380,93,449.0,442.0,2.0
380,2,485.0,445.0,0.0
380,10,454.0,426.0,2.0
380,18,458.0,418.0,2.0
380,26,472.0,414.0,2.0
380,27,453.0,409.0,2.0
380,42,441.0,482.0,0.0
380,87,505.0,455.0,0.0
380,100,530.0,428.0,0.0
380,79,516.0,470.0,0.0
380,16,487.0,488.0,0.0
380,20,457.0,478.0,0.0
380,81,527.0,410.0,0.0
380,19,442.0,464.0,0.0
380,49,482.0,429.0,0.0
380,44,469.0,440.0,2.0
380,9,536.0,504.0,0.0
380,31,468.0,418.0,2.0
380,74,512.0,437.0,0.0
380,61,458.0,468.0,0.0
380,29,493.0,442.0,0.0
380,94,487.0,420.0,0.0
380,46,510.0,446.0,0.0
380,57,446.0,436.0,2.0
380,70,536.0,501.0,0.0
380,21,513.0,476.0,0.0
380,38,533.0,493.0,0.0
380,88,505.0,486.0,0.0
380,78,516.0,408.0,0.0
380,72,454.0,479.0,0.0
380,24,443.0,477.0,0.0
380,8,495.0,453.0,0.0
380,17,499.0,454.0,0.0
380,37,500.0,481.0,0.0
380,1,441.0,460.0,2.0
380,53,511.0,470.0,0.0
380,22,446.0,493.0,0.0
380,47,498.0,470.0,0.0
380,83,495.0,475.0,0.0
380,99,482.0,408.0,0.0
380,89,474.0,460.0,0.0
380,14,453.0,457.0,2.0
380,3,495.0,416.0,0.0
380,80,517.0,419.0,0.0
380,96,442.0,483.0,0.0
380,51,515.0,430.0,0.0
380,33,509.0,431.0,0.0
380,40,528.0,407.0,0.0
380,48,532.0,423.0,0.0
380,15,537.0,420.0,0.0
380,65,457.0,487.0,0.0
380,97,450.0,476.0,0.0
381,5,517.0,420.0,0.0
381,56,447.0,504.0,0.0
381,35,517.0,473.0,0.0
381,55,512.0,475.0,0.0
381,60,479.0,468.0,0.0
381,30,454.0,439.0,2.0
381,32,459.0,502.0,0.0
381,6,455.0,487.0,0.0
381,67,507.0,424.0,0.0
381,45,466.0,438.0,2.0
381,73,443.0,477.0,0.0
381,64,501.0,445.0,0.0
381,90,478.0,485.0,0.0
381,4,509.0,428.0,0.0
381,13,538.0,438.0,0.0
381,54,480.0,445.0,0.0
381,63,502.0,501.0,0.0
381,86,447.0,467.0,0.0
381,91,526.0,502.0,0.0
381,62,523.0,474.0,0.0
381,58,472.0,418.0,2.0
381,52,479.0,418.0,0.0
381,12,445.0,417.0,2.0
381,28,479.0,490.0,0.0
381,75,443.0,424.0,2.0
381,23,510.0,421.0,0.0
381,92,492.0,477.0,0.0
381,41,456.0,487.0,0.0
381,43,521.0,414.0,0.0
381,11,504.0,431.0,0.0
381,36,506.0,467.0,0.0
381,68,513.0,413.0,0.0
381,69,449.0,437.0,2.0
381,98,442.0,500.0,0.0
381,82,470.0,411.0,2.0
381,85,526.0,409.0,0.0
381,39,483.0,504.0,0.0
381,84,522.0,446.0,0.0
381,77,449.0,493.0,0.0
381,7,504.0,426.0,0.0
381,25,448.0,458.0,2.0
381,95,523.0,506.0,0.0
381,71,473.0,502.0,0.0
381,66,507.0,505.0,0.0
381,76,477.0,489.0,0.0
381,34,479.0,409.0,0.0
381,50,448.0,442.0,2.0
381,59,502.0,441.0,0.0
381,93,449.0,442.0,2.0
381,2,485.0,445.0,0.0
381,10,454.0,426.0,2.0
381,18,458.0,418.0,2.0
381,26,472.0,414.0,2.0
381,27,453.0,409.0,2.0
381,42,441.0,482.0,0.0
381,87,505.0,455.0,0.0
381,100,530.0,428.0,0.0
381,79,516.0,470.0,0.0
381,16,487.0,488.0,0.0
381,20,457.0,478.0,0.0
381,81,527.0,410.0,0.0
381,19,442.0,464.0,0.0
381,49,482.0,429.0,0.0
381,44,469.0,440.0,2.0
381,9,536.0,504.0,0.0
381,31,468.0,418.0,2.0
381,74,512.0,437.0,0.0
381,61,458.0,468.0,0.0
381,29,493.0,442.0,0.0
381,94,487.0,420.0,0.0
381,46,510.0,446.0,0.0
381,57,446.0,436.0,2.0
381,70,536.0,501.0,0.0
381,21,513.0,476.0,0.0
381,38,533.0,493.0,0.0
381,88,505.0,486.0,0.0
381,78,516.0,408.0,0.0
381,72,454.0,479.0,0.0
381,24,443.0,477.0,0.0
381,8,495.0,453.0,0.0
381,17,499.0,454.0,0.0
381,37,500.0,481.0,0.0
381,1,441.0,460.0,2.0
381,53,511.0,470.0,0.0
381,22,446.0,493.0,0.0
381,47,498.0,470.0,0.0
381,83,495.0,475.0,0.0
381,99,482.0,408.0,0.0
381,89,474.0,460.0,0.0
381,14,453.0,457.0,2.0
381,3,495.0,416.0,0.0
381,80,517.0,419.0,0.0
381,96,442.0,483.0,0.0
381,51,515.0,430.0,0.0
381,33,509.0,431.0,0.0
381,40,528.0,407.0,0.0
381,48,532.0,423.0,0.0
381,15,537.0,420.0,0.0
381,65,457.0,487.0,0.0
381,97,450.0,476.0,0.0
382,5,517.0,420.0,0.0
382,56,447.0,504.0,0.0
382,35,517.0,473.0,0.0
382,55,512.0,475.0,0.0
382,60,479.0,468.0,0.0
382,30,454.0,439.0,2.0
382,32,459.0,502.0,0.0
382,6,455.0,487.0,0.0
382,67,507.0,424.0,0.0
382,45,466.0,438.0,2.0
382,73,443.0,477.0,0.0
382,64,501.0,445.0,0.0
382,90,478.0,485.0,0.0
382,4,509.0,428.0,0.0
382,13,538.0,438.0,0.0
382,54,480.0,445.0,0.0
382,63,502.0,501.0,0.0
382,86,447.0,467.0,0.0
382,91,526.0,502.0,0.0
382,62,523.0,474.0,0.0
382,58,472.0,418.0,2.0
382,52,479.0,418.0,0.0
382,12,445.0,417.0,2.0
382,28,479.0,490.0,0.0
382,75,443.0,424.0,2.0
382,23,510.0,421.0,0.0
382,92,492.0,477.0,0.0
382,41,456.0,487.0,0.0
382,43,521.0,414.0,0.0
382,11,504.0,431.0,0.0
382,36,506.0,467.0,0.0
382,68,513.0,413.0,0.0
382,69,449.0,437.0,2.0
382,98,442.0,500.0,0.0
382,82,470.0,411.0,2.0
382,85,526.0,409.0,0.0
382,39,483.0,504.0,0.0
382,84,522.0,446.0,0.0
382,77,449.0,493.0,0.0
382,7,504.0,426.0,0.0
382,25,448.0,458.0,2.0
382,95,523.0,506.0,0.0
382,71,473.0,502.0,0.0
382,66,507.0,505.0,0.0
382,76,477.0,489.0,0.0
382,34,479.0,409.0,0.0
382,50,448.0,442.0,2.0
382,59,502.0,441.0,0.0
382,93,449.0,442.0,2.0
382,2,485.0,445.0,0.0
382,10,454.0,426.0,2.0
382,18,458.0,418.0,2.0
382,26,472.0,414.0,2.0
382,27,453.0,409.0,2.0
382,42,441.0,482.0,0.0
382,87,505.0,455.0,0.0
382,100,530.0,428.0,0.0
382,79,516.0,470.0,0.0
382,16,487.0,488.0,0.0
382,20,457.0,478.0,0.0
382,81,527.0,410.0,0.0
382,19,442.0,464.0,0.0
382,49,482.0,429.0,0.0
382,44,469.0,440.0,2.0
382,9,536.0,504.0,0.0
382,31,468.0,418.0,2.0
382,74,512.0,437.0,0.0
382,61,458.0,468.0,0.0
382,29,493.0,442.0,0.0
382,94,487.0,420.0,0.0
382,46,510.0,446.0,0.0
382,57,446.0,436.0,2.0
382,70,536.0,501.0,0.0
382,21,513.0,476.0,0.0
382,38,533.0,493.0,0.0
382,88,505.0,486.0,0.0
382,78,516.0,408.0,0.0
382,72,454.0,479.0,0.0
382,24,443.0,477.0,0.0
382,8,495.0,453.0,0.0
382,17,499.0,454.0,0.0
382,37,500.0,481.0,0.0
382,1,441.0,460.0,2.0
382,53,511.0,470.0,0.0
382,22,446.0,493.0,0.0
382,47,498.0,470.0,0.0
382,83,495.0,475.0,0.0
382,99,482.0,408.0,0.0
382,89,474.0,460.0,0.0
382,14,453.0,457.0,2.0
382,3,495.0,416.0,0.0
382,80,517.0,419.0,0.0
382,96,442.0,483.0,0.0
382,51,515.0,430.0,0.0
382,33,509.0,431.0,0.0
382,40,528.0,407.0,0.0
382,48,532.0,423.0,0.0
382,15,537.0,420.0,0.0
382,65,457.0,487.0,0.0
382,97,450.0,476.0,0.0
383,5,517.0,420.0,0.0
383,56,447.0,504.0,0.0
383,35,517.0,473.0,0.0
383,55,512.0,475.0,0.0
383,60,479.0,468.0,0.0
383,30,454.0,439.0,2.0
383,32,459.0,502.0,0.0
383,6,455.0,487.0,0.0
383,67,507.0,424.0,0.0
383,45,466.0,438.0,2.0
383,73,443.0,477.0,0.0
383,64,501.0,445.0,0.0
383,90,478.0,485.0,0.0
383,4,509.0,428.0,0.0
383,13,538.0,438.0,0.0
383,54,480.0,445.0,0.0
383,63,502.0,501.0,0.0
383,86,447.0,467.0,0.0
383,91,526.0,502.0,0.0
383,62,523.0,474.0,0.0
383,58,472.0,418.0,2.0
383,52,479.0,418.0,0.0
383,12,445.0,417.0,2.0
383,28,479.0,490.0,0.0
383,75,443.0,424.0,2.0
383,23,510.0,421.0,0.0
383,92,492.0,477.0,0.0
383,41,456.0,487.0,0.0
383,43,521.0,414.0,0.0
383,11,504.0,431.0,0.0
383,36,506.0,467.0,0.0
383,68,513.0,413.0,0.0
383,69,449.0,437.0,2.0
383,98,442.0,500.0,0.0
383,82,470.0,411.0,2.0
383,85,526.0,409.0,0.0
383,39,483.0,504.0,0.0
383,84,522.0,446.0,0.0
383,77,449.0,493.0,0.0
383,7,504.0,426.0,0.0
383,25,448.0,458.0,2.0
383,95,523.0,506.0,0.0
383,71,473.0,502.0,0.0
383,66,507.0,505.0,0.0
383,76,477.0,489.0,0.0
383,34,479.0,409.0,0.0
383,50,448.0,442.0,2.0
383,59,502.0,441.0,0.0
383,93,449.0,442.0,2.0
383,2,485.0,445.0,0.0
383,10,454.0,426.0,2.0
383,18,458.0,418.0,2.0
383,26,472.0,414.0,2.0
383,27,453.0,409.0,2.0
383,42,441.0,482.0,0.0
383,87,505.0,455.0,0.0
383,100,530.0,428.0,0.0
383,79,516.0,470.0,0.0
383,16,487.0,488.0,0.0
383,20,457.0,478.0,0.0
383,81,527.0,410.0,0.0
383,19,442.0,464.0,0.0
383,49,482.0,429.0,0.0
383,44,469.0,440.0,2.0
383,9,536.0,504.0,0.0
383,31,468.0,418.0,2.0
383,74,512.0,437.0,0.0
383,61,458.0,468.0,0.0
383,29,493.0,442.0,0.0
383,94,487.0,420.0,0.0
383,46,510.0,446.0,0.0
383,57,446.0,436.0,2.0
383,70,536.0,501.0,0.0
383,21,513.0,476.0,0.0
383,38,533.0,493.0,0.0
383,88,505.0,486.0,0.0
383,78,516.0,408.0,0.0
383,72,454.0,479.0,0.0
383,24,443.0,477.0,0.0
383,8,495.0,453.0,0.0
383,17,499.0,454.0,0.0
383,37,500.0,481.0,0.0
383,1,441.0,460.0,2.0
383,53,511.0,470.0,0.0
383,22,446.0,493.0,0.0
383,47,498.0,470.0,0.0
383,83,495.0,475.0,0.0
383,99,482.0,408.0,0.0
383,89,474.0,460.0,0.0
383,14,453.0,457.0,2.0
383,3,495.0,416.0,0.0
383,80,517.0,419.0,0.0
383,96,442.0,483.0,0.0
383,51,515.0,430.0,0.0
383,33,509.0,431.0,0.0
383,40,528.0,407.0,0.0
383,48,532.0,423.0,0.0
383,15,537.0,420.0,0.0
383,65,457.0,487.0,0.0
383,97,450.0,476.0,0.0
384,5,517.0,420.0,0.0
384,56,447.0,504.0,0.0
384,35,517.0,473.0,0.0
384,55,512.0,475.0,0.0
384,60,479.0,468.0,0.0
384,30,454.0,439.0,2.0
384,32,459.0,502.0,0.0
384,6,455.0,487.0,0.0
384,67,507.0,424.0,0.0
384,45,466.0,438.0,2.0
384,73,443.0,477.0,0.0
384,64,501.0,445.0,0.0
384,90,478.0,485.0,0.0
384,4,509.0,428.0,0.0
384,13,538.0,438.0,0.0
384,54,480.0,445.0,0.0
384,63,502.0,501.0,0.0
384,86,447.0,467.0,0.0
384,91,526.0,502.0,0.0
384,62,523.0,474.0,0.0
384,58,472.0,418.0,2.0
384,52,479.0,418.0,0.0
384,12,445.0,417.0,2.0
384,28,479.0,490.0,0.0
384,75,443.0,424.0,2.0
384,23,510.0,421.0,0.0
384,92,492.0,477.0,0.0
384,41,456.0,487.0,0.0
384,43,521.0,414.0,0.0
384,11,504.0,431.0,0.0
384,36,506.0,467.0,0.0
384,68,513.0,413.0,0.0
384,69,449.0,437.0,2.0
384,98,442.0,500.0,0.0
384,82,470.0,411.0,2.0
384,85,526.0,409.0,0.0
384,39,483.0,504.0,0.0
384,84,522.0,446.0,0.0
384,77,449.0,493.0,0.0
384,7,504.0,426.0,0.0
384,25,448.0,458.0,2.0
384,95,523.0,506.0,0.0
384,71,473.0,502.0,0.0
384,66,507.0,505.0,0.0
384,76,477.0,489.0,0.0
384,34,479.0,409.0,0.0
384,50,448.0,442.0,2.0
384,59,502.0,441.0,0.0
384,93,449.0,442.0,2.0
384,2,485.0,445.0,0.0
384,10,454.0,426.0,2.0
384,18,458.0,418.0,2.0
384,26,472.0,414.0,2.0
384,27,453.0,409.0,2.0
384,42,441.0,482.0,0.0
384,87,505.0,455.0,0.0
384,100,530.0,428.0,0.0
384,79,516.0,470.0,0.0
384,16,487.0,488.0,0.0
384,20,457.0,478.0,0.0
384,81,527.0,410.0,0.0
384,19,442.0,464.0,0.0
384,49,482.0,429.0,0.0
384,44,469.0,440.0,2.0
384,9,536.0,504.0,0.0
384,31,468.0,418.0,2.0
384,74,512.0,437.0,0.0
384,61,458.0,468.0,0.0
384,29,493.0,442.0,0.0
384,94,487.0,420.0,0.0
384,46,510.0,446.0,0.0
384,57,446.0,436.0,2.0
384,70,536.0,501.0,0.0
384,21,513.0,476.0,0.0
384,38,533.0,493.0,0.0
384,88,505.0,486.0,0.0
384,78,516.0,408.0,0.0
384,72,454.0,479.0,0.0
384,24,443.0,477.0,0.0
384,8,495.0,453.0,0.0
384,17,499.0,454.0,0.0
384,37,500.0,481.0,0.0
384,1,441.0,460.0,2.0
384,53,511.0,470.0,0.0
384,22,446.0,493.0,0.0
384,47,498.0,470.0,0.0
384,83,495.0,475.0,0.0
384,99,482.0,408.0,0.0
384,89,474.0,460.0,0.0
384,14,453.0,457.0,2.0
384,3,495.0,416.0,0.0
384,80,517.0,419.0,0.0
384,96,442.0,483.0,0.0
384,51,515.0,430.0,0.0
384,33,509.0,431.0,0.0
384,40,528.0,407.0,0.0
384,48,532.0,423.0,0.0
384,15,537.0,420.0,0.0
384,65,457.0,487.0,0.0
384,97,450.0,476.0,0.0
385,5,517.0,420.0,0.0
385,56,447.0,504.0,0.0
385,35,517.0,473.0,0.0
385,55,512.0,475.0,0.0
385,60,479.0,468.0,0.0
385,30,454.0,439.0,2.0
385,32,459.0,502.0,0.0
385,6,455.0,487.0,0.0
385,67,507.0,424.0,0.0
385,45,466.0,438.0,2.0
385,73,443.0,477.0,0.0
385,64,501.0,445.0,0.0
385,90,478.0,485.0,0.0
385,4,509.0,428.0,0.0
385,13,538.0,438.0,0.0
385,54,480.0,445.0,0.0
385,63,502.0,501.0,0.0
385,86,447.0,467.0,0.0
385,91,526.0,502.0,0.0
385,62,523.0,474.0,0.0
385,58,472.0,418.0,2.0
385,52,479.0,418.0,0.0
385,12,445.0,417.0,2.0
385,28,479.0,490.0,0.0
385,75,443.0,424.0,2.0
385,23,510.0,421.0,0.0
385,92,492.0,477.0,0.0
385,41,456.0,487.0,0.0
385,43,521.0,414.0,0.0
385,11,504.0,431.0,0.0
385,36,506.0,467.0,0.0
385,68,513.0,413.0,0.0
385,69,449.0,437.0,2.0
385,98,442.0,500.0,0.0
385,82,470.0,411.0,2.0
385,85,526.0,409.0,0.0
385,39,483.0,504.0,0.0
385,84,522.0,446.0,0.0
385,77,449.0,493.0,0.0
385,7,504.0,426.0,0.0
385,25,448.0,458.0,2.0
385,95,523.0,506.0,0.0
385,71,473.0,502.0,0.0
385,66,507.0,505.0,0.0
385,76,477.0,489.0,0.0
385,34,479.0,409.0,0.0
385,50,448.0,442.0,2.0
385,59,502.0,441.0,0.0
385,93,449.0,442.0,2.0
385,2,485.0,445.0,0.0
385,10,454.0,426.0,2.0
385,18,458.0,418.0,2.0
385,26,472.0,414.0,2.0
385,27,453.0,409.0,2.0
385,42,441.0,482.0,0.0
385,87,505.0,455.0,0.0
385,100,530.0,428.0,0.0
385,79,516.0,470.0,0.0
385,16,487.0,488.0,0.0
385,20,457.0,478.0,0.0
385,81,527.0,410.0,0.0
385,19,442.0,464.0,0.0
385,49,482.0,429.0,0.0
385,44,469.0,440.0,2.0
385,9,536.0,504.0,0.0
385,31,468.0,418.0,2.0
385,74,512.0,437.0,0.0
385,61,458.0,468.0,0.0
385,29,493.0,442.0,0.0
385,94,487.0,420.0,0.0
385,46,510.0,446.0,0.0
385,57,446.0,436.0,2.0
385,70,536.0,501.0,0.0
385,21,513.0,476.0,0.0
385,38,533.0,493.0,0.0
385,88,505.0,486.0,0.0
385,78,516.0,408.0,0.0
385,72,454.0,479.0,0.0
385,24,443.0,477.0,0.0
385,8,495.0,453.0,0.0
385,17,499.0,454.0,0.0
385,37,500.0,481.0,0.0
385,1,441.0,460.0,2.0
385,53,511.0,470.0,0.0
385,22,446.0,493.0,0.0
385,47,498.0,470.0,0.0
385,83,495.0,475.0,0.0
385,99,482.0,408.0,0.0
385,89,474.0,460.0,0.0
385,14,453.0,457.0,2.0
385,3,495.0,416.0,0.0
385,80,517.0,419.0,0.0
385,96,442.0,483.0,0.0
385,51,515.0,430.0,0.0
385,33,509.0,431.0,0.0
385,40,528.0,407.0,0.0
385,48,532.0,423.0,0.0
385,15,537.0,420.0,0.0
385,65,457.0,487.0,0.0
385,97,450.0,476.0,0.0
386,5,517.0,420.0,0.0
386,56,447.0,504.0,0.0
386,35,517.0,473.0,0.0
386,55,512.0,475.0,0.0
386,60,479.0,468.0,0.0
386,30,454.0,439.0,2.0
386,32,459.0,502.0,0.0
386,6,455.0,487.0,0.0
386,67,507.0,424.0,0.0
386,45,466.0,438.0,2.0
386,73,443.0,477.0,0.0
386,64,501.0,445.0,0.0
386,90,478.0,485.0,0.0
386,4,509.0,428.0,0.0
386,13,538.0,438.0,0.0
386,54,480.0,445.0,0.0
386,63,502.0,501.0,0.0
386,86,447.0,467.0,0.0
386,91,526.0,502.0,0.0
386,62,523.0,474.0,0.0
386,58,472.0,418.0,2.0
386,52,479.0,418.0,0.0
386,12,445.0,417.0,2.0
386,28,479.0,490.0,0.0
386,75,443.0,424.0,2.0
386,23,510.0,421.0,0.0
386,92,492.0,477.0,0.0
386,41,456.0,487.0,0.0
386,43,521.0,414.0,0.0
386,11,504.0,431.0,0.0
386,36,506.0,467.0,0.0
386,68,513.0,413.0,0.0
386,69,449.0,437.0,2.0
386,98,442.0,500.0,0.0
386,82,470.0,411.0,2.0
386,85,526.0,409.0,0.0
386,39,483.0,504.0,0.0
386,84,522.0,446.0,0.0
386,77,449.0,493.0,0.0
386,7,504.0,426.0,0.0
386,25,448.0,458.0,2.0
386,95,523.0,506.0,0.0
386,71,473.0,502.0,0.0
386,66,507.0,505.0,0.0
386,76,477.0,489.0,0.0
386,34,479.0,409.0,0.0
386,50,448.0,442.0,2.0
386,59,502.0,441.0,0.0
386,93,449.0,442.0,2.0
386,2,485.0,445.0,0.0
386,10,454.0,426.0,2.0
386,18,458.0,418.0,2.0
386,26,472.0,414.0,2.0
386,27,453.0,409.0,2.0
386,42,441.0,482.0,0.0
386,87,505.0,455.0,0.0
386,100,530.0,428.0,0.0
386,79,516.0,470.0,0.0
386,16,487.0,488.0,0.0
386,20,457.0,478.0,0.0
386,81,527.0,410.0,0.0
386,19,442.0,464.0,0.0
386,49,482.0,429.0,0.0
386,44,469.0,440.0,2.0
386,9,536.0,504.0,0.0
386,31,468.0,418.0,2.0
386,74,512.0,437.0,0.0
386,61,458.0,468.0,0.0
386,29,493.0,442.0,0.0
386,94,487.0,420.0,0.0
386,46,510.0,446.0,0.0
386,57,446.0,436.0,2.0
386,70,536.0,501.0,0.0
386,21,513.0,476.0,0.0
386,38,533.0,493.0,0.0
386,88,505.0,486.0,0.0
386,78,516.0,408.0,0.0
386,72,454.0,479.0,0.0
386,24,443.0,477.0,0.0
386,8,495.0,453.0,0.0
386,17,499.0,454.0,0.0
386,37,500.0,481.0,0.0
386,1,441.0,460.0,2.0
386,53,511.0,470.0,0.0
386,22,446.0,493.0,0.0
386,47,498.0,470.0,0.0
386,83,495.0,475.0,0.0
386,99,482.0,408.0,0.0
386,89,474.0,460.0,0.0
386,14,453.0,457.0,2.0
386,3,495.0,416.0,0.0
386,80,517.0,419.0,0.0
386,96,442.0,483.0,0.0
386,51,515.0,430.0,0.0
386,33,509.0,431.0,0.0
386,40,528.0,407.0,0.0
386,48,532.0,423.0,0.0
386,15,537.0,420.0,0.0
386,65,457.0,487.0,0.0
386,97,450.0,476.0,0.0
387,5,517.0,420.0,0.0
387,56,447.0,504.0,0.0
387,35,517.0,473.0,0.0
387,55,512.0,475.0,0.0
387,60,479.0,468.0,0.0
387,30,454.0,439.0,2.0
387,32,459.0,502.0,0.0
387,6,455.0,487.0,0.0
387,67,507.0,424.0,0.0
387,45,466.0,438.0,2.0
387,73,443.0,477.0,0.0
387,64,501.0,445.0,0.0
387,90,478.0,485.0,0.0
387,4,509.0,428.0,0.0
387,13,538.0,438.0,0.0
387,54,480.0,445.0,0.0
387,63,502.0,501.0,0.0
387,86,447.0,467.0,0.0
387,91,526.0,502.0,0.0
387,62,523.0,474.0,0.0
387,58,472.0,418.0,2.0
387,52,479.0,418.0,0.0
387,12,445.0,417.0,2.0
387,28,479.0,490.0,0.0
387,75,443.0,424.0,2.0
387,23,510.0,421.0,0.0
387,92,492.0,477.0,0.0
387,41,456.0,487.0,0.0
387,43,521.0,414.0,0.0
387,11,504.0,431.0,0.0
387,36,506.0,467.0,0.0
387,68,513.0,413.0,0.0
387,69,449.0,437.0,2.0
387,98,442.0,500.0,0.0
387,82,470.0,411.0,2.0
387,85,526.0,409.0,0.0
387,39,483.0,504.0,0.0
387,84,522.0,446.0,0.0
387,77,449.0,493.0,0.0
387,7,504.0,426.0,0.0
387,25,448.0,458.0,2.0
387,95,523.0,506.0,0.0
387,71,473.0,502.0,0.0
387,66,507.0,505.0,0.0
387,76,477.0,489.0,0.0
387,34,479.0,409.0,0.0
387,50,448.0,442.0,2.0
387,59,502.0,441.0,0.0
387,93,449.0,442.0,2.0
387,2,485.0,445.0,0.0
387,10,454.0,426.0,2.0
387,18,458.0,418.0,2.0
387,26,472.0,414.0,2.0
387,27,453.0,409.0,2.0
387,42,441.0,482.0,0.0
387,87,505.0,455.0,0.0
387,100,530.0,428.0,0.0
387,79,516.0,470.0,0.0
387,16,487.0,488.0,0.0
387,20,457.0,478.0,0.0
387,81,527.0,410.0,0.0
387,19,442.0,464.0,0.0
387,49,482.0,429.0,0.0
387,44,469.0,440.0,2.0
387,9,536.0,504.0,0.0
387,31,468.0,418.0,2.0
387,74,512.0,437.0,0.0
387,61,458.0,468.0,0.0
387,29,493.0,442.0,0.0
387,94,487.0,420.0,0.0
387,46,510.0,446.0,0.0
387,57,446.0,436.0,2.0
387,70,536.0,501.0,0.0
387,21,513.0,476.0,0.0
387,38,533.0,493.0,0.0
387,88,505.0,486.0,0.0
387,78,516.0,408.0,0.0
387,72,454.0,479.0,0.0
387,24,443.0,477.0,0.0
387,8,495.0,453.0,0.0
387,17,499.0,454.0,0.0
387,37,500.0,481.0,0.0
387,1,441.0,460.0,2.0
387,53,511.0,470.0,0.0
387,22,446.0,493.0,0.0
387,47,498.0,470.0,0.0
387,83,495.0,475.0,0.0
387,99,482.0,408.0,0.0
387,89,474.0,460.0,0.0
387,14,453.0,457.0,2.0
387,3,495.0,416.0,0.0
387,80,517.0,419.0,0.0
387,96,442.0,483.0,0.0
387,51,515.0,430.0,0.0
387,33,509.0,431.0,0.0
387,40,528.0,407.0,0.0
387,48,532.0,423.0,0.0
387,15,537.0,420.0,0.0
387,65,457.0,487.0,0.0
387,97,450.0,476.0,0.0
388,5,517.0,420.0,0.0
388,56,447.0,504.0,0.0
388,35,517.0,473.0,0.0
388,55,512.0,475.0,0.0
388,60,479.0,468.0,0.0
388,30,454.0,439.0,2.0
388,32,459.0,502.0,0.0
388,6,455.0,487.0,0.0
388,67,507.0,424.0,0.0
388,45,466.0,438.0,2.0
388,73,443.0,477.0,0.0
388,64,501.0,445.0,0.0
388,90,478.0,485.0,0.0
388,4,509.0,428.0,0.0
388,13,538.0,438.0,0.0
388,54,480.0,445.0,0.0
388,63,502.0,501.0,0.0
388,86,447.0,467.0,0.0
388,91,526.0,502.0,0.0
388,62,523.0,474.0,0.0
388,58,472.0,418.0,2.0
388,52,479.0,418.0,0.0
388,12,445.0,417.0,2.0
388,28,479.0,490.0,0.0
388,75,443.0,424.0,2.0
388,23,510.0,421.0,0.0
388,92,492.0,477.0,0.0
388,41,456.0,487.0,0.0
388,43,521.0,414.0,0.0
388,11,504.0,431.0,0.0
388,36,506.0,467.0,0.0
388,68,513.0,413.0,0.0
388,69,449.0,437.0,2.0
388,98,442.0,500.0,0.0
388,82,470.0,411.0,2.0
388,85,526.0,409.0,0.0
388,39,483.0,504.0,0.0
388,84,522.0,446.0,0.0
388,77,449.0,493.0,0.0
388,7,504.0,426.0,0.0
388,25,448.0,458.0,2.0
388,95,523.0,506.0,0.0
388,71,473.0,502.0,0.0
388,66,507.0,505.0,0.0
388,76,477.0,489.0,0.0
388,34,479.0,409.0,0.0
388,50,448.0,442.0,2.0
388,59,502.0,441.0,0.0
388,93,449.0,442.0,2.0
388,2,485.0,445.0,0.0
388,10,454.0,426.0,2.0
388,18,458.0,418.0,2.0
388,26,472.0,414.0,2.0
388,27,453.0,409.0,2.0
388,42,441.0,482.0,0.0
388,87,505.0,455.0,0.0
388,100,530.0,428.0,0.0
388,79,516.0,470.0,0.0
388,16,487.0,488.0,0.0
388,20,457.0,478.0,0.0
388,81,527.0,410.0,0.0
388,19,442.0,464.0,0.0
388,49,482.0,429.0,0.0
388,44,469.0,440.0,2.0
388,9,536.0,504.0,0.0
388,31,468.0,418.0,2.0
388,74,512.0,437.0,0.0
388,61,458.0,468.0,0.0
388,29,493.0,442.0,0.0
388,94,487.0,420.0,0.0
388,46,510.0,446.0,0.0
388,57,446.0,436.0,2.0
388,70,536.0,501.0,0.0
388,21,513.0,476.0,0.0
388,38,533.0,493.0,0.0
388,88,505.0,486.0,0.0
388,78,516.0,408.0,0.0
388,72,454.0,479.0,0.0
388,24,443.0,477.0,0.0
388,8,495.0,453.0,0.0
388,17,499.0,454.0,0.0
388,37,500.0,481.0,0.0
388,1,441.0,460.0,2.0
388,53,511.0,470.0,0.0
388,22,446.0,493.0,0.0
388,47,498.0,470.0,0.0
388,83,495.0,475.0,0.0
388,99,482.0,408.0,0.0
388,89,474.0,460.0,0.0
388,14,453.0,457.0,2.0
388,3,495.0,416.0,0.0
388,80,517.0,419.0,0.0
388,96,442.0,483.0,0.0
388,51,515.0,430.0,0.0
388,33,509.0,431.0,0.0
388,40,528.0,407.0,0.0
388,48,532.0,423.0,0.0
388,15,537.0,420.0,0.0
388,65,457.0,487.0,0.0
388,97,450.0,476.0,0.0
389,5,517.0,420.0,0.0
389,56,447.0,504.0,0.0
389,35,517.0,473.0,0.0
389,55,512.0,475.0,0.0
389,60,479.0,468.0,0.0
389,30,454.0,439.0,2.0
389,32,459.0,502.0,0.0
389,6,455.0,487.0,0.0
389,67,507.0,424.0,0.0
389,45,466.0,438.0,2.0
389,73,443.0,477.0,0.0
389,64,501.0,445.0,0.0
389,90,478.0,485.0,0.0
389,4,509.0,428.0,0.0
389,13,538.0,438.0,0.0
389,54,480.0,445.0,0.0
389,63,502.0,501.0,0.0
389,86,447.0,467.0,0.0
389,91,526.0,502.0,0.0
389,62,523.0,474.0,0.0
389,58,472.0,418.0,2.0
389,52,479.0,418.0,0.0
389,12,445.0,417.0,2.0
389,28,479.0,490.0,0.0
389,75,443.0,424.0,2.0
389,23,510.0,421.0,0.0
389,92,492.0,477.0,0.0
389,41,456.0,487.0,0.0
389,43,521.0,414.0,0.0
389,11,504.0,431.0,0.0
389,36,506.0,467.0,0.0
389,68,513.0,413.0,0.0
389,69,449.0,437.0,2.0
389,98,442.0,500.0,0.0
389,82,470.0,411.0,2.0
389,85,526.0,409.0,0.0
389,39,483.0,504.0,0.0
389,84,522.0,446.0,0.0
389,77,449.0,493.0,0.0
389,7,504.0,426.0,0.0
389,25,448.0,458.0,2.0
389,95,523.0,506.0,0.0
389,71,473.0,502.0,0.0
389,66,507.0,505.0,0.0
389,76,477.0,489.0,0.0
389,34,479.0,409.0,0.0
389,50,448.0,442.0,2.0
389,59,502.0,441.0,0.0
389,93,449.0,442.0,2.0
389,2,485.0,445.0,0.0
389,10,454.0,426.0,2.0
389,18,458.0,418.0,2.0
389,26,472.0,414.0,2.0
389,27,453.0,409.0,2.0
389,42,441.0,482.0,0.0
389,87,505.0,455.0,0.0
389,100,530.0,428.0,0.0
389,79,516.0,470.0,0.0
389,16,487.0,488.0,0.0
389,20,457.0,478.0,0.0
389,81,527.0,410.0,0.0
389,19,442.0,464.0,0.0
389,49,482.0,429.0,0.0
389,44,469.0,440.0,2.0
389,9,536.0,504.0,0.0
389,31,468.0,418.0,2.0
389,74,512.0,437.0,0.0
389,61,458.0,468.0,0.0
389,29,493.0,442.0,0.0
389,94,487.0,420.0,0.0
389,46,510.0,446.0,0.0
389,57,446.0,436.0,2.0
389,70,536.0,501.0,0.0
389,21,513.0,476.0,0.0
389,38,533.0,493.0,0.0
389,88,505.0,486.0,0.0
389,78,516.0,408.0,0.0
389,72,454.0,479.0,0.0
389,24,443.0,477.0,0.0
389,8,495.0,453.0,0.0
389,17,499.0,454.0,0.0
389,37,500.0,481.0,0.0
389,1,441.0,460.0,2.0
389,53,511.0,470.0,0.0
389,22,446.0,493.0,0.0
389,47,498.0,470.0,0.0
389,83,495.0,475.0,0.0
389,99,482.0,408.0,0.0
389,89,474.0,460.0,0.0
389,14,453.0,457.0,2.0
389,3,495.0,416.0,0.0
389,80,517.0,419.0,0.0
389,96,442.0,483.0,0.0
389,51,515.0,430.0,0.0
389,33,509.0,431.0,0.0
389,40,528.0,407.0,0.0
389,48,532.0,423.0,0.0
389,15,537.0,420.0,0.0
389,65,457.0,487.0,0.0
389,97,450.0,476.0,0.0
390,5,517.0,420.0,0.0
390,56,447.0,504.0,0.0
390,35,517.0,473.0,0.0
390,55,512.0,475.0,0.0
390,60,479.0,468.0,0.0
390,30,454.0,439.0,2.0
390,32,459.0,502.0,0.0
390,6,455.0,487.0,0.0
390,67,507.0,424.0,0.0
390,45,466.0,438.0,2.0
390,73,443.0,477.0,0.0
390,64,501.0,445.0,0.0
390,90,478.0,485.0,0.0
390,4,509.0,428.0,0.0
390,13,538.0,438.0,0.0
390,54,480.0,445.0,0.0
390,63,502.0,501.0,0.0
390,86,447.0,467.0,0.0
390,91,526.0,502.0,0.0
390,62,523.0,474.0,0.0
390,58,472.0,418.0,2.0
390,52,479.0,418.0,0.0
390,12,445.0,417.0,2.0
390,28,479.0,490.0,0.0
390,75,443.0,424.0,2.0
390,23,510.0,421.0,0.0
390,92,492.0,477.0,0.0
390,41,456.0,487.0,0.0
390,43,521.0,414.0,0.0
390,11,504.0,431.0,0.0
390,36,506.0,467.0,0.0
390,68,513.0,413.0,0.0
390,69,449.0,437.0,2.0
390,98,442.0,500.0,0.0
390,82,470.0,411.0,2.0
390,85,526.0,409.0,0.0
390,39,483.0,504.0,0.0
390,84,522.0,446.0,0.0
390,77,449.0,493.0,0.0
390,7,504.0,426.0,0.0
390,25,448.0,458.0,2.0
390,95,523.0,506.0,0.0
390,71,473.0,502.0,0.0
390,66,507.0,505.0,0.0
390,76,477.0,489.0,0.0
390,34,479.0,409.0,0.0
390,50,448.0,442.0,2.0
390,59,502.0,441.0,0.0
390,93,449.0,442.0,2.0
390,2,485.0,445.0,0.0
390,10,454.0,426.0,2.0
390,18,458.0,418.0,2.0
390,26,472.0,414.0,2.0
390,27,453.0,409.0,2.0
390,42,441.0,482.0,0.0
390,87,505.0,455.0,0.0
390,100,530.0,428.0,0.0
390,79,516.0,470.0,0.0
390,16,487.0,488.0,0.0
390,20,457.0,478.0,0.0
390,81,527.0,410.0,0.0
390,19,442.0,464.0,0.0
390,49,482.0,429.0,0.0
390,44,469.0,440.0,2.0
390,9,536.0,504.0,0.0
390,31,468.0,418.0,2.0
390,74,512.0,437.0,0.0
390,61,458.0,468.0,0.0
390,29,493.0,442.0,0.0
390,94,487.0,420.0,0.0
390,46,510.0,446.0,0.0
390,57,446.0,436.0,2.0
390,70,536.0,501.0,0.0
390,21,513.0,476.0,0.0
390,38,533.0,493.0,0.0
390,88,505.0,486.0,0.0
390,78,516.0,408.0,0.0
390,72,454.0,479.0,0.0
390,24,443.0,477.0,0.0
390,8,495.0,453.0,0.0
390,17,499.0,454.0,0.0
390,37,500.0,481.0,0.0
390,1,441.0,460.0,2.0
390,53,511.0,470.0,0.0
390,22,446.0,493.0,0.0
390,47,498.0,470.0,0.0
390,83,495.0,475.0,0.0
390,99,482.0,408.0,0.0
390,89,474.0,460.0,0.0
390,14,453.0,457.0,2.0
390,3,495.0,416.0,0.0
390,80,517.0,419.0,0.0
390,96,442.0,483.0,0.0
390,51,515.0,430.0,0.0
390,33,509.0,431.0,0.0
390,40,528.0,407.0,0.0
390,48,532.0,423.0,0.0
390,15,537.0,420.0,0.0
390,65,457.0,487.0,0.0
390,97,450.0,476.0,0.0
391,5,517.0,420.0,0.0
391,56,447.0,504.0,0.0
391,35,517.0,473.0,0.0
391,55,512.0,475.0,0.0
391,60,479.0,468.0,0.0
391,30,454.0,439.0,2.0
391,32,459.0,502.0,0.0
391,6,455.0,487.0,0.0
391,67,507.0,424.0,0.0
391,45,466.0,438.0,2.0
391,73,443.0,477.0,0.0
391,64,501.0,445.0,0.0
391,90,478.0,485.0,0.0
391,4,509.0,428.0,0.0
391,13,538.0,438.0,0.0
391,54,480.0,445.0,0.0
391,63,502.0,501.0,0.0
391,86,447.0,467.0,0.0
391,91,526.0,502.0,0.0
391,62,523.0,474.0,0.0
391,58,472.0,418.0,2.0
391,52,479.0,418.0,0.0
391,12,445.0,417.0,2.0
391,28,479.0,490.0,0.0
391,75,443.0,424.0,2.0
391,23,510.0,421.0,0.0
391,92,492.0,477.0,0.0
391,41,456.0,487.0,0.0
391,43,521.0,414.0,0.0
391,11,504.0,431.0,0.0
391,36,506.0,467.0,0.0
391,68,513.0,413.0,0.0
391,69,449.0,437.0,2.0
391,98,442.0,500.0,0.0
391,82,470.0,411.0,2.0
391,85,526.0,409.0,0.0
391,39,483.0,504.0,0.0
391,84,522.0,446.0,0.0
391,77,449.0,493.0,0.0
391,7,504.0,426.0,0.0
391,25,448.0,458.0,2.0
391,95,523.0,506.0,0.0
391,71,473.0,502.0,0.0
391,66,507.0,505.0,0.0
391,76,477.0,489.0,0.0
391,34,479.0,409.0,0.0
391,50,448.0,442.0,2.0
391,59,502.0,441.0,0.0
391,93,449.0,442.0,2.0
391,2,485.0,445.0,0.0
391,10,454.0,426.0,2.0
391,18,458.0,418.0,2.0
391,26,472.0,414.0,2.0
391,27,453.0,409.0,2.0
391,42,441.0,482.0,0.0
391,87,505.0,455.0,0.0
391,100,530.0,428.0,0.0
391,79,516.0,470.0,0.0
391,16,487.0,488.0,0.0
391,20,457.0,478.0,0.0
391,81,527.0,410.0,0.0
391,19,442.0,464.0,0.0
391,49,482.0,429.0,0.0
391,44,469.0,440.0,2.0
391,9,536.0,504.0,0.0
391,31,468.0,418.0,2.0
391,74,512.0,437.0,0.0
391,61,458.0,468.0,0.0
391,29,493.0,442.0,0.0
391,94,487.0,420.0,0.0
391,46,510.0,446.0,0.0
391,57,446.0,436.0,2.0
391,70,536.0,501.0,0.0
391,21,513.0,476.0,0.0
391,38,533.0,493.0,0.0
391,88,505.0,486.0,0.0
391,78,516.0,408.0,0.0
391,72,454.0,479.0,0.0
391,24,443.0,477.0,0.0
391,8,495.0,453.0,0.0
391,17,499.0,454.0,0.0
391,37,500.0,481.0,0.0
391,1,441.0,460.0,2.0
391,53,511.0,470.0,0.0
391,22,446.0,493.0,0.0
391,47,498.0,470.0,0.0
391,83,495.0,475.0,0.0
391,99,482.0,408.0,0.0
391,89,474.0,460.0,0.0
391,14,453.0,457.0,2.0
391,3,495.0,416.0,0.0
391,80,517.0,419.0,0.0
391,96,442.0,483.0,0.0
391,51,515.0,430.0,0.0
391,33,509.0,431.0,0.0
391,40,528.0,407.0,0.0
391,48,532.0,423.0,0.0
391,15,537.0,420.0,0.0
391,65,457.0,487.0,0.0
391,97,450.0,476.0,0.0
392,5,517.0,420.0,0.0
392,56,447.0,504.0,0.0
392,35,517.0,473.0,0.0
392,55,512.0,475.0,0.0
392,60,479.0,468.0,0.0
392,30,454.0,439.0,2.0
392,32,459.0,502.0,0.0
392,6,455.0,487.0,0.0
392,67,507.0,424.0,0.0
392,45,466.0,438.0,2.0
392,73,443.0,477.0,0.0
392,64,501.0,445.0,0.0
392,90,478.0,485.0,0.0
392,4,509.0,428.0,0.0
392,13,538.0,438.0,0.0
392,54,480.0,445.0,0.0
392,63,502.0,501.0,0.0
392,86,447.0,467.0,0.0
392,91,526.0,502.0,0.0
392,62,523.0,474.0,0.0
392,58,472.0,418.0,2.0
392,52,479.0,418.0,0.0
392,12,445.0,417.0,2.0
392,28,479.0,490.0,0.0
392,75,443.0,424.0,2.0
392,23,510.0,421.0,0.0
392,92,492.0,477.0,0.0
392,41,456.0,487.0,0.0
392,43,521.0,414.0,0.0
392,11,504.0,431.0,0.0
392,36,506.0,467.0,0.0
392,68,513.0,413.0,0.0
392,69,449.0,437.0,2.0
392,98,442.0,500.0,0.0
392,82,470.0,411.0,2.0
392,85,526.0,409.0,0.0
392,39,483.0,504.0,0.0
392,84,522.0,446.0,0.0
392,77,449.0,493.0,0.0
392,7,504.0,426.0,0.0
392,25,448.0,458.0,2.0
392,95,523.0,506.0,0.0
392,71,473.0,502.0,0.0
392,66,507.0,505.0,0.0
392,76,477.0,489.0,0.0
392,34,479.0,409.0,0.0
392,50,448.0,442.0,2.0
392,59,502.0,441.0,0.0
392,93,449.0,442.0,2.0
392,2,485.0,445.0,0.0
392,10,454.0,426.0,2.0
392,18,458.0,418.0,2.0
392,26,472.0,414.0,2.0
392,27,453.0,409.0,2.0
392,42,441.0,482.0,0.0
392,87,505.0,455.0,0.0
392,100,530.0,428.0,0.0
392,79,516.0,470.0,0.0
392,16,487.0,488.0,0.0
392,20,457.0,478.0,0.0
392,81,527.0,410.0,0.0
392,19,442.0,464.0,0.0
392,49,482.0,429.0,0.0
392,44,469.0,440.0,2.0
392,9,536.0,504.0,0.0
392,31,468.0,418.0,2.0
392,74,512.0,437.0,0.0
392,61,458.0,468.0,0.0
392,29,493.0,442.0,0.0
392,94,487.0,420.0,0.0
392,46,510.0,446.0,0.0
392,57,446.0,436.0,2.0
392,70,536.0,501.0,0.0
392,21,513.0,476.0,0.0
392,38,533.0,493.0,0.0
392,88,505.0,486.0,0.0
392,78,516.0,408.0,0.0
392,72,454.0,479.0,0.0
392,24,443.0,477.0,0.0
392,8,495.0,453.0,0.0
392,17,499.0,454.0,0.0
392,37,500.0,481.0,0.0
392,1,441.0,460.0,2.0
392,53,511.0,470.0,0.0
392,22,446.0,493.0,0.0
392,47,498.0,470.0,0.0
392,83,495.0,475.0,0.0
392,99,482.0,408.0,0.0
392,89,474.0,460.0,0.0
392,14,453.0,457.0,2.0
392,3,495.0,416.0,0.0
392,80,517.0,419.0,0.0
392,96,442.0,483.0,0.0
392,51,515.0,430.0,0.0
392,33,509.0,431.0,0.0
392,40,528.0,407.0,0.0
392,48,532.0,423.0,0.0
392,15,537.0,420.0,0.0
392,65,457.0,487.0,0.0
392,97,450.0,476.0,0.0
393,5,517.0,420.0,0.0
393,56,447.0,504.0,0.0
393,35,517.0,473.0,0.0
393,55,512.0,475.0,0.0
393,60,479.0,468.0,0.0
393,30,454.0,439.0,2.0
393,32,459.0,502.0,0.0
393,6,455.0,487.0,0.0
393,67,507.0,424.0,0.0
393,45,466.0,438.0,2.0
393,73,443.0,477.0,0.0
393,64,501.0,445.0,0.0
393,90,478.0,485.0,0.0
393,4,509.0,428.0,0.0
393,13,538.0,438.0,0.0
393,54,480.0,445.0,0.0
393,63,502.0,501.0,0.0
393,86,447.0,467.0,0.0
393,91,526.0,502.0,0.0
393,62,523.0,474.0,0.0
393,58,472.0,418.0,2.0
393,52,479.0,418.0,0.0
393,12,445.0,417.0,2.0
393,28,479.0,490.0,0.0
393,75,443.0,424.0,2.0
393,23,510.0,421.0,0.0
393,92,492.0,477.0,0.0
393,41,456.0,487.0,0.0
393,43,521.0,414.0,0.0
393,11,504.0,431.0,0.0
393,36,506.0,467.0,0.0
393,68,513.0,413.0,0.0
393,69,449.0,437.0,2.0
393,98,442.0,500.0,0.0
393,82,470.0,411.0,2.0
393,85,526.0,409.0,0.0
393,39,483.0,504.0,0.0
393,84,522.0,446.0,0.0
393,77,449.0,493.0,0.0
393,7,504.0,426.0,0.0
393,25,448.0,458.0,2.0
393,95,523.0,506.0,0.0
393,71,473.0,502.0,0.0
393,66,507.0,505.0,0.0
393,76,477.0,489.0,0.0
393,34,479.0,409.0,0.0
393,50,448.0,442.0,2.0
393,59,502.0,441.0,0.0
393,93,449.0,442.0,2.0
393,2,485.0,445.0,0.0
393,10,454.0,426.0,2.0
393,18,458.0,418.0,2.0
393,26,472.0,414.0,2.0
393,27,453.0,409.0,2.0
393,42,441.0,482.0,0.0
393,87,505.0,455.0,0.0
393,100,530.0,428.0,0.0
393,79,516.0,470.0,0.0
393,16,487.0,488.0,0.0
393,20,457.0,478.0,0.0
393,81,527.0,410.0,0.0
393,19,442.0,464.0,0.0
393,49,482.0,429.0,0.0
393,44,469.0,440.0,2.0
393,9,536.0,504.0,0.0
393,31,468.0,418.0,2.0
393,74,512.0,437.0,0.0
393,61,458.0,468.0,0.0
393,29,493.0,442.0,0.0
393,94,487.0,420.0,0.0
393,46,510.0,446.0,0.0
393,57,446.0,436.0,2.0
393,70,536.0,501.0,0.0
393,21,513.0,476.0,0.0
393,38,533.0,493.0,0.0
393,88,505.0,486.0,0.0
393,78,516.0,408.0,0.0
393,72,454.0,479.0,0.0
393,24,443.0,477.0,0.0
393,8,495.0,453.0,0.0
393,17,499.0,454.0,0.0
393,37,500.0,481.0,0.0
393,1,441.0,460.0,2.0
393,53,511.0,470.0,0.0
393,22,446.0,493.0,0.0
393,47,498.0,470.0,0.0
393,83,495.0,475.0,0.0
393,99,482.0,408.0,0.0
393,89,474.0,460.0,0.0
393,14,453.0,457.0,2.0
393,3,495.0,416.0,0.0
393,80,517.0,419.0,0.0
393,96,442.0,483.0,0.0
393,51,515.0,430.0,0.0
393,33,509.0,431.0,0.0
393,40,528.0,407.0,0.0
393,48,532.0,423.0,0.0
393,15,537.0,420.0,0.0
393,65,457.0,487.0,0.0
393,97,450.0,476.0,0.0
394,5,517.0,420.0,0.0
394,56,447.0,504.0,0.0
394,35,517.0,473.0,0.0
394,55,512.0,475.0,0.0
394,60,479.0,468.0,0.0
394,30,454.0,439.0,2.0
394,32,459.0,502.0,0.0
394,6,455.0,487.0,0.0
394,67,507.0,424.0,0.0
394,45,466.0,438.0,2.0
394,73,443.0,477.0,0.0
394,64,501.0,445.0,0.0
394,90,478.0,485.0,0.0
394,4,509.0,428.0,0.0
394,13,538.0,438.0,0.0
394,54,480.0,445.0,0.0
394,63,502.0,501.0,0.0
394,86,447.0,467.0,0.0
394,91,526.0,502.0,0.0
394,62,523.0,474.0,0.0
394,58,472.0,418.0,2.0
394,52,479.0,418.0,0.0
394,12,445.0,417.0,2.0
394,28,479.0,490.0,0.0
394,75,443.0,424.0,2.0
394,23,510.0,421.0,0.0
394,92,492.0,477.0,0.0
394,41,456.0,487.0,0.0
394,43,521.0,414.0,0.0
394,11,504.0,431.0,0.0
394,36,506.0,467.0,0.0
394,68,513.0,413.0,0.0
394,69,449.0,437.0,2.0
394,98,442.0,500.0,0.0
394,82,470.0,411.0,2.0
394,85,526.0,409.0,0.0
394,39,483.0,504.0,0.0
394,84,522.0,446.0,0.0
394,77,449.0,493.0,0.0
394,7,504.0,426.0,0.0
394,25,448.0,458.0,2.0
394,95,523.0,506.0,0.0
394,71,473.0,502.0,0.0
394,66,507.0,505.0,0.0
394,76,477.0,489.0,0.0
394,34,479.0,409.0,0.0
394,50,448.0,442.0,2.0
394,59,502.0,441.0,0.0
394,93,449.0,442.0,2.0
394,2,485.0,445.0,0.0
394,10,454.0,426.0,2.0
394,18,458.0,418.0,2.0
394,26,472.0,414.0,2.0
394,27,453.0,409.0,2.0
394,42,441.0,482.0,0.0
394,87,505.0,455.0,0.0
394,100,530.0,428.0,0.0
394,79,516.0,470.0,0.0
394,16,487.0,488.0,0.0
394,20,457.0,478.0,0.0
394,81,527.0,410.0,0.0
394,19,442.0,464.0,0.0
394,49,482.0,429.0,0.0
394,44,469.0,440.0,2.0
394,9,536.0,504.0,0.0
394,31,468.0,418.0,2.0
394,74,512.0,437.0,0.0
394,61,458.0,468.0,0.0
394,29,493.0,442.0,0.0
394,94,487.0,420.0,0.0
394,46,510.0,446.0,0.0
394,57,446.0,436.0,2.0
394,70,536.0,501.0,0.0
394,21,513.0,476.0,0.0
394,38,533.0,493.0,0.0
394,88,505.0,486.0,0.0
394,78,516.0,408.0,0.0
394,72,454.0,479.0,0.0
394,24,443.0,477.0,0.0
394,8,495.0,453.0,0.0
394,17,499.0,454.0,0.0
394,37,500.0,481.0,0.0
394,1,441.0,460.0,2.0
394,53,511.0,470.0,0.0
394,22,446.0,493.0,0.0
394,47,498.0,470.0,0.0
394,83,495.0,475.0,0.0
394,99,482.0,408.0,0.0
394,89,474.0,460.0,0.0
394,14,453.0,457.0,2.0
394,3,495.0,416.0,0.0
394,80,517.0,419.0,0.0
394,96,442.0,483.0,0.0
394,51,515.0,430.0,0.0
394,33,509.0,431.0,0.0
394,40,528.0,407.0,0.0
394,48,532.0,423.0,0.0
394,15,537.0,420.0,0.0
394,65,457.0,487.0,0.0
394,97,450.0,476.0,0.0
395,5,517.0,420.0,0.0
395,56,447.0,504.0,0.0
395,35,517.0,473.0,0.0
395,55,512.0,475.0,0.0
395,60,479.0,468.0,0.0
395,30,454.0,439.0,2.0
395,32,459.0,502.0,0.0
395,6,455.0,487.0,0.0
395,67,507.0,424.0,0.0
395,45,466.0,438.0,2.0
395,73,443.0,477.0,0.0
395,64,501.0,445.0,0.0
395,90,478.0,485.0,0.0
395,4,509.0,428.0,0.0
395,13,538.0,438.0,0.0
395,54,480.0,445.0,0.0
395,63,502.0,501.0,0.0
395,86,447.0,467.0,0.0
395,91,526.0,502.0,0.0
395,62,523.0,474.0,0.0
395,58,472.0,418.0,2.0
395,52,479.0,418.0,0.0
395,12,445.0,417.0,2.0
395,28,479.0,490.0,0.0
395,75,443.0,424.0,2.0
395,23,510.0,421.0,0.0
395,92,492.0,477.0,0.0
395,41,456.0,487.0,0.0
395,43,521.0,414.0,0.0
395,11,504.0,431.0,0.0
395,36,506.0,467.0,0.0
395,68,513.0,413.0,0.0
395,69,449.0,437.0,2.0
395,98,442.0,500.0,0.0
395,82,470.0,411.0,2.0
395,85,526.0,409.0,0.0
395,39,483.0,504.0,0.0
395,84,522.0,446.0,0.0
395,77,449.0,493.0,0.0
395,7,504.0,426.0,0.0
395,25,448.0,458.0,2.0
395,95,523.0,506.0,0.0
395,71,473.0,502.0,0.0
395,66,507.0,505.0,0.0
395,76,477.0,489.0,0.0
395,34,479.0,409.0,0.0
395,50,448.0,442.0,2.0
395,59,502.0,441.0,0.0
395,93,449.0,442.0,2.0
395,2,485.0,445.0,0.0
395,10,454.0,426.0,2.0
395,18,458.0,418.0,2.0
395,26,472.0,414.0,2.0
395,27,453.0,409.0,2.0
395,42,441.0,482.0,0.0
395,87,505.0,455.0,0.0
395,100,530.0,428.0,0.0
395,79,516.0,470.0,0.0
395,16,487.0,488.0,0.0
395,20,457.0,478.0,0.0
395,81,527.0,410.0,0.0
395,19,442.0,464.0,0.0
395,49,482.0,429.0,0.0
395,44,469.0,440.0,2.0
395,9,536.0,504.0,0.0
395,31,468.0,418.0,2.0
395,74,512.0,437.0,0.0
395,61,458.0,468.0,0.0
395,29,493.0,442.0,0.0
395,94,487.0,420.0,0.0
395,46,510.0,446.0,0.0
395,57,446.0,436.0,2.0
395,70,536.0,501.0,0.0
395,21,513.0,476.0,0.0
395,38,533.0,493.0,0.0
395,88,505.0,486.0,0.0
395,78,516.0,408.0,0.0
395,72,454.0,479.0,0.0
395,24,443.0,477.0,0.0
395,8,495.0,453.0,0.0
395,17,499.0,454.0,0.0
395,37,500.0,481.0,0.0
395,1,441.0,460.0,2.0
395,53,511.0,470.0,0.0
395,22,446.0,493.0,0.0
395,47,498.0,470.0,0.0
395,83,495.0,475.0,0.0
395,99,482.0,408.0,0.0
395,89,474.0,460.0,0.0
395,14,453.0,457.0,2.0
395,3,495.0,416.0,0.0
395,80,517.0,419.0,0.0
395,96,442.0,483.0,0.0
395,51,515.0,430.0,0.0
395,33,509.0,431.0,0.0
395,40,528.0,407.0,0.0
395,48,532.0,423.0,0.0
395,15,537.0,420.0,0.0
395,65,457.0,487.0,0.0
395,97,450.0,476.0,0.0
396,5,517.0,420.0,0.0
396,56,447.0,504.0,0.0
396,35,517.0,473.0,0.0
396,55,512.0,475.0,0.0
396,60,479.0,468.0,0.0
396,30,454.0,439.0,2.0
396,32,459.0,502.0,0.0
396,6,455.0,487.0,0.0
396,67,507.0,424.0,0.0
396,45,466.0,438.0,2.0
396,73,443.0,477.0,0.0
396,64,501.0,445.0,0.0
396,90,478.0,485.0,0.0
396,4,509.0,428.0,0.0
396,13,538.0,438.0,0.0
396,54,480.0,445.0,0.0
396,63,502.0,501.0,0.0
396,86,447.0,467.0,0.0
396,91,526.0,502.0,0.0
396,62,523.0,474.0,0.0
396,58,472.0,418.0,2.0
396,52,479.0,418.0,0.0
396,12,445.0,417.0,2.0
396,28,479.0,490.0,0.0
396,75,443.0,424.0,2.0
396,23,510.0,421.0,0.0
396,92,492.0,477.0,0.0
396,41,456.0,487.0,0.0
396,43,521.0,414.0,0.0
396,11,504.0,431.0,0.0
396,36,506.0,467.0,0.0
396,68,513.0,413.0,0.0
396,69,449.0,437.0,2.0
396,98,442.0,500.0,0.0
396,82,470.0,411.0,2.0
396,85,526.0,409.0,0.0
396,39,483.0,504.0,0.0
396,84,522.0,446.0,0.0
396,77,449.0,493.0,0.0
396,7,504.0,426.0,0.0
396,25,448.0,458.0,2.0
396,95,523.0,506.0,0.0
396,71,473.0,502.0,0.0
396,66,507.0,505.0,0.0
396,76,477.0,489.0,0.0
396,34,479.0,409.0,0.0
396,50,448.0,442.0,2.0
396,59,502.0,441.0,0.0
396,93,449.0,442.0,2.0
396,2,485.0,445.0,0.0
396,10,454.0,426.0,2.0
396,18,458.0,418.0,2.0
396,26,472.0,414.0,2.0
396,27,453.0,409.0,2.0
396,42,441.0,482.0,0.0
396,87,505.0,455.0,0.0
396,100,530.0,428.0,0.0
396,79,516.0,470.0,0.0
396,16,487.0,488.0,0.0
396,20,457.0,478.0,0.0
396,81,527.0,410.0,0.0
396,19,442.0,464.0,0.0
396,49,482.0,429.0,0.0
396,44,469.0,440.0,2.0
396,9,536.0,504.0,0.0
396,31,468.0,418.0,2.0
396,74,512.0,437.0,0.0
396,61,458.0,468.0,0.0
396,29,493.0,442.0,0.0
396,94,487.0,420.0,0.0
396,46,510.0,446.0,0.0
396,57,446.0,436.0,2.0
396,70,536.0,501.0,0.0
396,21,513.0,476.0,0.0
396,38,533.0,493.0,0.0
396,88,505.0,486.0,0.0
396,78,516.0,408.0,0.0
396,72,454.0,479.0,0.0
396,24,443.0,477.0,0.0
396,8,495.0,453.0,0.0
396,17,499.0,454.0,0.0
396,37,500.0,481.0,0.0
396,1,441.0,460.0,2.0
396,53,511.0,470.0,0.0
396,22,446.0,493.0,0.0
396,47,498.0,470.0,0.0
396,83,495.0,475.0,0.0
396,99,482.0,408.0,0.0
396,89,474.0,460.0,0.0
396,14,453.0,457.0,2.0
396,3,495.0,416.0,0.0
396,80,517.0,419.0,0.0
396,96,442.0,483.0,0.0
396,51,515.0,430.0,0.0
396,33,509.0,431.0,0.0
396,40,528.0,407.0,0.0
396,48,532.0,423.0,0.0
396,15,537.0,420.0,0.0
396,65,457.0,487.0,0.0
396,97,450.0,476.0,0.0
397,5,517.0,420.0,0.0
397,56,447.0,504.0,0.0
397,35,517.0,473.0,0.0
397,55,512.0,475.0,0.0
397,60,479.0,468.0,0.0
397,30,454.0,439.0,2.0
397,32,459.0,502.0,0.0
397,6,455.0,487.0,0.0
397,67,507.0,424.0,0.0
397,45,466.0,438.0,2.0
397,73,443.0,477.0,0.0
397,64,501.0,445.0,0.0
397,90,478.0,485.0,0.0
397,4,509.0,428.0,0.0
397,13,538.0,438.0,0.0
397,54,480.0,445.0,0.0
397,63,502.0,501.0,0.0
397,86,447.0,467.0,0.0
397,91,526.0,502.0,0.0
397,62,523.0,474.0,0.0
397,58,472.0,418.0,2.0
397,52,479.0,418.0,0.0
397,12,445.0,417.0,2.0
397,28,479.0,490.0,0.0
397,75,443.0,424.0,2.0
397,23,510.0,421.0,0.0
397,92,492.0,477.0,0.0
397,41,456.0,487.0,0.0
397,43,521.0,414.0,0.0
397,11,504.0,431.0,0.0
397,36,506.0,467.0,0.0
397,68,513.0,413.0,0.0
397,69,449.0,437.0,2.0
397,98,442.0,500.0,0.0
397,82,470.0,411.0,2.0
397,85,526.0,409.0,0.0
397,39,483.0,504.0,0.0
397,84,522.0,446.0,0.0
397,77,449.0,493.0,0.0
397,7,504.0,426.0,0.0
397,25,448.0,458.0,2.0
397,95,523.0,506.0,0.0
397,71,473.0,502.0,0.0
397,66,507.0,505.0,0.0
397,76,477.0,489.0,0.0
397,34,479.0,409.0,0.0
397,50,448.0,442.0,2.0
397,59,502.0,441.0,0.0
397,93,449.0,442.0,2.0
397,2,485.0,445.0,0.0
397,10,454.0,426.0,2.0
397,18,458.0,418.0,2.0
397,26,472.0,414.0,2.0
397,27,453.0,409.0,2.0
397,42,441.0,482.0,0.0
397,87,505.0,455.0,0.0
397,100,530.0,428.0,0.0
397,79,516.0,470.0,0.0
397,16,487.0,488.0,0.0
397,20,457.0,478.0,0.0
397,81,527.0,410.0,0.0
397,19,442.0,464.0,0.0
397,49,482.0,429.0,0.0
397,44,469.0,440.0,2.0
397,9,536.0,504.0,0.0
397,31,468.0,418.0,2.0
397,74,512.0,437.0,0.0
397,61,458.0,468.0,0.0
397,29,493.0,442.0,0.0
397,94,487.0,420.0,0.0
397,46,510.0,446.0,0.0
397,57,446.0,436.0,2.0
397,70,536.0,501.0,0.0
397,21,513.0,476.0,0.0
397,38,533.0,493.0,0.0
397,88,505.0,486.0,0.0
397,78,516.0,408.0,0.0
397,72,454.0,479.0,0.0
397,24,443.0,477.0,0.0
397,8,495.0,453.0,0.0
397,17,499.0,454.0,0.0
397,37,500.0,481.0,0.0
397,1,441.0,460.0,2.0
397,53,511.0,470.0,0.0
397,22,446.0,493.0,0.0
397,47,498.0,470.0,0.0
397,83,495.0,475.0,0.0
397,99,482.0,408.0,0.0
397,89,474.0,460.0,0.0
397,14,453.0,457.0,2.0
397,3,495.0,416.0,0.0
397,80,517.0,419.0,0.0
397,96,442.0,483.0,0.0
397,51,515.0,430.0,0.0
397,33,509.0,431.0,0.0
397,40,528.0,407.0,0.0
397,48,532.0,423.0,0.0
397,15,537.0,420.0,0.0
397,65,457.0,487.0,0.0
397,97,450.0,476.0,0.0
398,5,517.0,420.0,0.0
398,56,447.0,504.0,0.0
398,35,517.0,473.0,0.0
398,55,512.0,475.0,0.0
398,60,479.0,468.0,0.0
398,30,454.0,439.0,2.0
398,32,459.0,502.0,0.0
398,6,455.0,487.0,0.0
398,67,507.0,424.0,0.0
398,45,466.0,438.0,2.0
398,73,443.0,477.0,0.0
398,64,501.0,445.0,0.0
398,90,478.0,485.0,0.0
398,4,509.0,428.0,0.0
398,13,538.0,438.0,0.0
398,54,480.0,445.0,0.0
398,63,502.0,501.0,0.0
398,86,447.0,467.0,0.0
398,91,526.0,502.0,0.0
398,62,523.0,474.0,0.0
398,58,472.0,418.0,2.0
398,52,479.0,418.0,0.0
398,12,445.0,417.0,2.0
398,28,479.0,490.0,0.0
398,75,443.0,424.0,2.0
398,23,510.0,421.0,0.0
398,92,492.0,477.0,0.0
398,41,456.0,487.0,0.0
398,43,521.0,414.0,0.0
398,11,504.0,431.0,0.0
398,36,506.0,467.0,0.0
398,68,513.0,413.0,0.0
398,69,449.0,437.0,2.0
398,98,442.0,500.0,0.0
398,82,470.0,411.0,2.0
398,85,526.0,409.0,0.0
398,39,483.0,504.0,0.0
398,84,522.0,446.0,0.0
398,77,449.0,493.0,0.0
398,7,504.0,426.0,0.0
398,25,448.0,458.0,2.0
398,95,523.0,506.0,0.0
398,71,473.0,502.0,0.0
398,66,507.0,505.0,0.0
398,76,477.0,489.0,0.0
398,34,479.0,409.0,0.0
398,50,448.0,442.0,2.0
398,59,502.0,441.0,0.0
398,93,449.0,442.0,2.0
398,2,485.0,445.0,0.0
398,10,454.0,426.0,2.0
398,18,458.0,418.0,2.0
398,26,472.0,414.0,2.0
398,27,453.0,409.0,2.0
398,42,441.0,482.0,0.0
398,87,505.0,455.0,0.0
398,100,530.0,428.0,0.0
398,79,516.0,470.0,0.0
398,16,487.0,488.0,0.0
398,20,457.0,478.0,0.0
398,81,527.0,410.0,0.0
398,19,442.0,464.0,0.0
398,49,482.0,429.0,0.0
398,44,469.0,440.0,2.0
398,9,536.0,504.0,0.0
398,31,468.0,418.0,2.0
398,74,512.0,437.0,0.0
398,61,458.0,468.0,0.0
398,29,493.0,442.0,0.0
398,94,487.0,420.0,0.0
398,46,510.0,446.0,0.0
398,57,446.0,436.0,2.0
398,70,536.0,501.0,0.0
398,21,513.0,476.0,0.0
398,38,533.0,493.0,0.0
398,88,505.0,486.0,0.0
398,78,516.0,408.0,0.0
398,72,454.0,479.0,0.0
398,24,443.0,477.0,0.0
398,8,495.0,453.0,0.0
398,17,499.0,454.0,0.0
398,37,500.0,481.0,0.0
398,1,441.0,460.0,2.0
398,53,511.0,470.0,0.0
398,22,446.0,493.0,0.0
398,47,498.0,470.0,0.0
398,83,495.0,475.0,0.0
398,99,482.0,408.0,0.0
398,89,474.0,460.0,0.0
398,14,453.0,457.0,2.0
398,3,495.0,416.0,0.0
398,80,517.0,419.0,0.0
398,96,442.0,483.0,0.0
398,51,515.0,430.0,0.0
398,33,509.0,431.0,0.0
398,40,528.0,407.0,0.0
398,48,532.0,423.0,0.0
398,15,537.0,420.0,0.0
398,65,457.0,487.0,0.0
398,97,450.0,476.0,0.0
399,5,517.0,420.0,0.0
399,56,447.0,504.0,0.0
399,35,517.0,473.0,0.0
399,55,512.0,475.0,0.0
399,60,479.0,468.0,0.0
399,30,454.0,439.0,2.0
399,32,459.0,502.0,0.0
399,6,455.0,487.0,0.0
399,67,507.0,424.0,0.0
399,45,466.0,438.0,2.0
399,73,443.0,477.0,0.0
399,64,501.0,445.0,0.0
399,90,478.0,485.0,0.0
399,4,509.0,428.0,0.0
399,13,538.0,438.0,0.0
399,54,480.0,445.0,0.0
399,63,502.0,501.0,0.0
399,86,447.0,467.0,0.0
399,91,526.0,502.0,0.0
399,62,523.0,474.0,0.0
399,58,472.0,418.0,2.0
399,52,479.0,418.0,0.0
399,12,445.0,417.0,2.0
399,28,479.0,490.0,0.0
399,75,443.0,424.0,2.0
399,23,510.0,421.0,0.0
399,92,492.0,477.0,0.0
399,41,456.0,487.0,0.0
399,43,521.0,414.0,0.0
399,11,504.0,431.0,0.0
399,36,506.0,467.0,0.0
399,68,513.0,413.0,0.0
399,69,449.0,437.0,2.0
399,98,442.0,500.0,0.0
399,82,470.0,411.0,2.0
399,85,526.0,409.0,0.0
399,39,483.0,504.0,0.0
399,84,522.0,446.0,0.0
399,77,449.0,493.0,0.0
399,7,504.0,426.0,0.0
399,25,448.0,458.0,2.0
399,95,523.0,506.0,0.0
399,71,473.0,502.0,0.0
399,66,507.0,505.0,0.0
399,76,477.0,489.0,0.0
399,34,479.0,409.0,0.0
399,50,448.0,442.0,2.0
399,59,502.0,441.0,0.0
399,93,449.0,442.0,2.0
399,2,485.0,445.0,0.0
399,10,454.0,426.0,2.0
399,18,458.0,418.0,2.0
399,26,472.0,414.0,2.0
399,27,453.0,409.0,2.0
399,42,441.0,482.0,0.0
399,87,505.0,455.0,0.0
399,100,530.0,428.0,0.0
399,79,516.0,470.0,0.0
399,16,487.0,488.0,0.0
399,20,457.0,478.0,0.0
399,81,527.0,410.0,0.0
399,19,442.0,464.0,0.0
399,49,482.0,429.0,0.0
399,44,469.0,440.0,2.0
399,9,536.0,504.0,0.0
399,31,468.0,418.0,2.0
399,74,512.0,437.0,0.0
399,61,458.0,468.0,0.0
399,29,493.0,442.0,0.0
399,94,487.0,420.0,0.0
399,46,510.0,446.0,0.0
399,57,446.0,436.0,2.0
399,70,536.0,501.0,0.0
399,21,513.0,476.0,0.0
399,38,533.0,493.0,0.0
399,88,505.0,486.0,0.0
399,78,516.0,408.0,0.0
399,72,454.0,479.0,0.0
399,24,443.0,477.0,0.0
399,8,495.0,453.0,0.0
399,17,499.0,454.0,0.0
399,37,500.0,481.0,0.0
399,1,441.0,460.0,2.0
399,53,511.0,470.0,0.0
399,22,446.0,493.0,0.0
399,47,498.0,470.0,0.0
399,83,495.0,475.0,0.0
399,99,482.0,408.0,0.0
399,89,474.0,460.0,0.0
399,14,453.0,457.0,2.0
399,3,495.0,416.0,0.0
399,80,517.0,419.0,0.0
399,96,442.0,483.0,0.0
399,51,515.0,430.0,0.0
399,33,509.0,431.0,0.0
399,40,528.0,407.0,0.0
399,48,532.0,423.0,0.0
399,15,537.0,420.0,0.0
399,65,457.0,487.0,0.0
399,97,450.0,476.0,0.0
400,5,517.0,420.0,0.0
400,56,447.0,504.0,0.0
400,35,517.0,473.0,0.0
400,55,512.0,475.0,0.0
400,60,479.0,468.0,0.0
400,30,454.0,439.0,2.0
400,32,459.0,502.0,0.0
400,6,455.0,487.0,0.0
400,67,507.0,424.0,0.0
400,45,466.0,438.0,2.0
400,73,443.0,477.0,0.0
400,64,501.0,445.0,0.0
400,90,478.0,485.0,0.0
400,4,509.0,428.0,0.0
400,13,538.0,438.0,0.0
400,54,480.0,445.0,0.0
400,63,502.0,501.0,0.0
400,86,447.0,467.0,0.0
400,91,526.0,502.0,0.0
400,62,523.0,474.0,0.0
400,58,472.0,418.0,2.0
400,52,479.0,418.0,0.0
400,12,445.0,417.0,2.0
400,28,479.0,490.0,0.0
400,75,443.0,424.0,2.0
400,23,510.0,421.0,0.0
400,92,492.0,477.0,0.0
400,41,456.0,487.0,0.0
400,43,521.0,414.0,0.0
400,11,504.0,431.0,0.0
400,36,506.0,467.0,0.0
400,68,513.0,413.0,0.0
400,69,449.0,437.0,2.0
400,98,442.0,500.0,0.0
400,82,470.0,411.0,2.0
400,85,526.0,409.0,0.0
400,39,483.0,504.0,0.0
400,84,522.0,446.0,0.0
400,77,449.0,493.0,0.0
400,7,504.0,426.0,0.0
400,25,448.0,458.0,2.0
400,95,523.0,506.0,0.0
400,71,473.0,502.0,0.0
400,66,507.0,505.0,0.0
400,76,477.0,489.0,0.0
400,34,479.0,409.0,0.0
400,50,448.0,442.0,2.0
400,59,502.0,441.0,0.0
400,93,449.0,442.0,2.0
400,2,485.0,445.0,0.0
400,10,454.0,426.0,2.0
400,18,458.0,418.0,2.0
400,26,472.0,414.0,2.0
400,27,453.0,409.0,2.0
400,42,441.0,482.0,0.0
400,87,505.0,455.0,0.0
400,100,530.0,428.0,0.0
400,79,516.0,470.0,0.0
400,16,487.0,488.0,0.0
400,20,457.0,478.0,0.0
400,81,527.0,410.0,0.0
400,19,442.0,464.0,0.0
400,49,482.0,429.0,0.0
400,44,469.0,440.0,2.0
400,9,536.0,504.0,0.0
400,31,468.0,418.0,2.0
400,74,512.0,437.0,0.0
400,61,458.0,468.0,0.0
400,29,493.0,442.0,0.0
400,94,487.0,420.0,0.0
400,46,510.0,446.0,0.0
400,57,446.0,436.0,2.0
400,70,536.0,501.0,0.0
400,21,513.0,476.0,0.0
400,38,533.0,493.0,0.0
400,88,505.0,486.0,0.0
400,78,516.0,408.0,0.0
400,72,454.0,479.0,0.0
400,24,443.0,477.0,0.0
400,8,495.0,453.0,0.0
400,17,499.0,454.0,0.0
400,37,500.0,481.0,0.0
400,1,441.0,460.0,2.0
400,53,511.0,470.0,0.0
400,22,446.0,493.0,0.0
400,47,498.0,470.0,0.0
400,83,495.0,475.0,0.0
400,99,482.0,408.0,0.0
400,89,474.0,460.0,0.0
400,14,453.0,457.0,2.0
400,3,495.0,416.0,0.0
400,80,517.0,419.0,0.0
400,96,442.0,483.0,0.0
400,51,515.0,430.0,0.0
400,33,509.0,431.0,0.0
400,40,528.0,407.0,0.0
400,48,532.0,423.0,0.0
400,15,537.0,420.0,0.0
400,65,457.0,487.0,0.0
400,97,450.0,476.0,0.0
