step,toxicload
1,0.0
1,0.0
1,0.0
1,0.0
1,0.0
1,0.015
1,0.0
1,0.0
1,0.0
1,0.015
1,0.0
1,0.0
1,0.0
1,0.0
1,0.0
1,0.01
1,0.0
1,0.0
1,0.0
1,0.0
1,0.0
1,0.0
1,0.0
1,0.0
1,0.0
1,0.0
1,0.0
1,0.0
1,0.0
1,0.0
1,0.0
1,0.0
1,0.015
1,0.0
1,0.0
1,0.0
1,0.0
1,0.0
1,0.0
1,0.0
1,0.01
1,0.0
1,0.0
1,0.0
1,0.0
1,0.0
1,0.015
1,0.0
1,0.015
1,0.01
1,0.01
1,0.0
1,0.0
1,0.0
1,0.0
1,0.0
1,0.0
1,0.0
1,0.0
1,0.0
1,0.0
1,0.0
1,0.0
1,0.015
1,0.0
1,0.0
1,0.0
1,0.0
1,0.0
1,0.0
1,0.0
1,0.015
1,0.0
1,0.0
1,0.0
1,0.0
1,0.0
1,0.0
1,0.0
1,0.0
1,0.0
1,0.0
1,0.0
1,0.0
1,0.0
1,0.0
1,0.0
1,0.0
1,0.0
1,0.01
1,0.0
1,0.0
1,0.0
1,0.0
1,0.0
1,0.0
1,0.0
1,0.0
1,0.0
1,0.0
2,0.0
2,0.0
2,0.0
2,0.0
2,0.0
2,0.03
2,0.0
2,0.0
2,0.0
2,0.03
2,0.0
2,0.0
2,0.0
2,0.0
2,0.0
2,0.02
2,0.0
2,0.0
2,0.0
2,0.0
2,0.0
2,0.0
2,0.0
2,0.0
2,0.0
2,0.0
2,0.0
2,0.0
2,0.0
2,0.0
2,0.0
2,0.0
2,0.03
2,0.0
2,0.0
2,0.0
2,0.0
2,0.0
2,0.0
2,0.0
2,0.02
2,0.0
2,0.0
2,0.0
2,0.0
2,0.0
2,0.03
2,0.0
2,0.03
2,0.02
2,0.02
2,0.0
2,0.0
2,0.0
2,0.0
2,0.0
2,0.0
2,0.0
2,0.0
2,0.0
2,0.0
2,0.0
2,0.0
2,0.03
2,0.0
2,0.0
2,0.0
2,0.0
2,0.0
2,0.0
2,0.0
2,0.03
2,0.0
2,0.0
2,0.0
2,0.0
2,0.0
2,0.0
2,0.0
2,0.0
2,0.0
2,0.0
2,0.0
2,0.0
2,0.0
2,0.0
2,0.0
2,0.0
2,0.0
2,0.02
2,0.0
2,0.0
2,0.0
2,0.0
2,0.0
2,0.0
2,0.0
2,0.0
2,0.0
2,0.0
3,0.0
3,0.0
3,0.0
3,0.0
3,0.0
3,0.045
3,0.0
3,0.0
3,0.0
3,0.045
3,0.0
3,0.0
3,0.0
3,0.0
3,0.0
3,0.03
3,0.0
3,0.0
3,0.0
3,0.0
3,0.0
3,0.0
3,0.0
3,0.0
3,0.0
3,0.0
3,0.0
3,0.0
3,0.0
3,0.0
3,0.0
3,0.0
3,0.045
3,0.0
3,0.0
3,0.0
3,0.0
3,0.0
3,0.0
3,0.0
3,0.03
3,0.0
3,0.0
3,0.0
3,0.0
3,0.0
3,0.045
3,0.0
3,0.045
3,0.03
3,0.03
3,0.0
3,0.0
3,0.0
3,0.0
3,0.0
3,0.0
3,0.0
3,0.0
3,0.0
3,0.0
3,0.0
3,0.0
3,0.045
3,0.0
3,0.0
3,0.0
3,0.0
3,0.0
3,0.0
3,0.0
3,0.045
3,0.0
3,0.0
3,0.0
3,0.0
3,0.0
3,0.0
3,0.0
3,0.0
3,0.0
3,0.0
3,0.0
3,0.0
3,0.0
3,0.0
3,0.0
3,0.0
3,0.0
3,0.03
3,0.0
3,0.0
3,0.0
3,0.0
3,0.0
3,0.0
3,0.0
3,0.0
3,0.0
3,0.0
4,0.0
4,0.0
4,0.0
4,0.0
4,0.0
4,0.06
4,0.0
4,0.0
4,0.0
4,0.06
4,0.0
4,0.0
4,0.0
4,0.0
4,0.0
4,0.04
4,0.0
4,0.0
4,0.0
4,0.0
4,0.0
4,0.0
4,0.0
4,0.0
4,0.0
4,0.0
4,0.0
4,0.0
4,0.0
4,0.0
4,0.0
4,0.0
4,0.06
4,0.0
4,0.0
4,0.0
4,0.0
4,0.0
4,0.0
4,0.0
4,0.04
4,0.0
4,0.0
4,0.0
4,0.0
4,0.0
4,0.06
4,0.0
4,0.06
4,0.04
4,0.04
4,0.0
4,0.0
4,0.0
4,0.0
4,0.0
4,0.0
4,0.0
4,0.0
4,0.0
4,0.0
4,0.0
4,0.0
4,0.06
4,0.0
4,0.0
4,0.0
4,0.0
4,0.0
4,0.0
4,0.0
4,0.06
4,0.0
4,0.0
4,0.0
4,0.0
4,0.0
4,0.0
4,0.0
4,0.0
4,0.0
4,0.0
4,0.0
4,0.0
4,0.0
4,0.0
4,0.0
4,0.0
4,0.0
4,0.04
4,0.0
4,0.0
4,0.0
4,0.0
4,0.0
4,0.0
4,0.0
4,0.0
4,0.0
4,0.0
5,0.0
5,0.0
5,0.0
5,0.0
5,0.0
5,0.07500000000000001
5,0.0
5,0.0
5,0.0
5,0.07500000000000001
5,0.0
5,0.0
5,0.0
5,0.0
5,0.0
5,0.05
5,0.0
5,0.0
5,0.0
5,0.0
5,0.0
5,0.0
5,0.0
5,0.0
5,0.0
5,0.0
5,0.0
5,0.0
5,0.0
5,0.0
5,0.0
5,0.0
5,0.07500000000000001
5,0.0
5,0.0
5,0.0
5,0.0
5,0.0
5,0.0
5,0.0
5,0.05
5,0.0
5,0.0
5,0.0
5,0.0
5,0.0
5,0.07500000000000001
5,0.0
5,0.07500000000000001
5,0.05
5,0.05
5,0.0
5,0.0
5,0.0
5,0.0
5,0.0
5,0.0
5,0.0
5,0.0
5,0.0
5,0.0
5,0.0
5,0.0
5,0.07500000000000001
5,0.0
5,0.0
5,0.0
5,0.0
5,0.0
5,0.0
5,0.0
5,0.07500000000000001
5,0.0
5,0.0
5,0.0
5,0.0
5,0.0
5,0.0
5,0.0
5,0.0
5,0.0
5,0.0
5,0.0
5,0.0
5,0.0
5,0.0
5,0.0
5,0.0
5,0.0
5,0.05
5,0.0
5,0.0
5,0.0
5,0.0
5,0.0
5,0.0
5,0.0
5,0.0
5,0.0
5,0.0
6,0.0
6,0.0
6,0.0
6,0.0
6,0.0
6,0.09000000000000001
6,0.0
6,0.0
6,0.0
6,0.09000000000000001
6,0.0
6,0.0
6,0.0
6,0.0
6,0.0
6,0.060000000000000005
6,0.0
6,0.0
6,0.0
6,0.0
6,0.0
6,0.0
6,0.0
6,0.0
6,0.0
6,0.0
6,0.0
6,0.0
6,0.0
6,0.0
6,0.0
6,0.0
6,0.09000000000000001
6,0.0
6,0.0
6,0.0
6,0.0
6,0.0
6,0.0
6,0.0
6,0.060000000000000005
6,0.0
6,0.0
6,0.0
6,0.0
6,0.0
6,0.09000000000000001
6,0.0
6,0.09000000000000001
6,0.060000000000000005
6,0.060000000000000005
6,0.0
6,0.0
6,0.0
6,0.0
6,0.0
6,0.0
6,0.0
6,0.0
6,0.0
6,0.0
6,0.0
6,0.0
6,0.09000000000000001
6,0.0
6,0.0
6,0.0
6,0.0
6,0.0
6,0.0
6,0.0
6,0.09000000000000001
6,0.0
6,0.0
6,0.0
6,0.0
6,0.0
6,0.0
6,0.0
6,0.0
6,0.0
6,0.0
6,0.0
6,0.0
6,0.0
6,0.0
6,0.0
6,0.0
6,0.0
6,0.060000000000000005
6,0.0
6,0.0
6,0.0
6,0.0
6,0.0
6,0.0
6,0.0
6,0.0
6,0.0
6,0.0
7,0.0
7,0.0
7,0.0
7,0.0
7,0.0
7,0.10500000000000001
7,0.0
7,0.0
7,0.0
7,0.10500000000000001
7,0.0
7,0.0
7,0.0
7,0.0
7,0.0
7,0.07
7,0.0
7,0.0
7,0.0
7,0.0
7,0.0
7,0.0
7,0.0
7,0.0
7,0.0
7,0.0
7,0.0
7,0.0
7,0.0
7,0.0
7,0.0
7,0.0
7,0.10500000000000001
7,0.0
7,0.0
7,0.0
7,0.0
7,0.0
7,0.0
7,0.0
7,0.07
7,0.0
7,0.0
7,0.0
7,0.0
7,0.0
7,0.10500000000000001
7,0.0
7,0.10500000000000001
7,0.07
7,0.07
7,0.0
7,0.0
7,0.0
7,0.0
7,0.0
7,0.0
7,0.0
7,0.0
7,0.0
7,0.0
7,0.0
7,0.0
7,0.10500000000000001
7,0.0
7,0.0
7,0.0
7,0.0
7,0.0
7,0.0
7,0.0
7,0.10500000000000001
7,0.0
7,0.0
7,0.0
7,0.0
7,0.0
7,0.0
7,0.0
7,0.0
7,0.0
7,0.0
7,0.0
7,0.0
7,0.0
7,0.0
7,0.0
7,0.0
7,0.0
7,0.07
7,0.0
7,0.0
7,0.0
7,0.0
7,0.0
7,0.0
7,0.0
7,0.0
7,0.0
7,0.0
8,0.0
8,0.0
8,0.0
8,0.0
8,0.0
8,0.12
8,0.0
8,0.0
8,0.0
8,0.12
8,0.0
8,0.0
8,0.0
8,0.0
8,0.0
8,0.08
8,0.0
8,0.0
8,0.0
8,0.0
8,0.0
8,0.0
8,0.0
8,0.0
8,0.0
8,0.0
8,0.0
8,0.0
8,0.0
8,0.0
8,0.0
8,0.0
8,0.12
8,0.0
8,0.0
8,0.0
8,0.0
8,0.0
8,0.0
8,0.0
8,0.08
8,0.0
8,0.0
8,0.0
8,0.0
8,0.0
8,0.12
8,0.0
8,0.12
8,0.08
8,0.08
8,0.0
8,0.0
8,0.0
8,0.0
8,0.0
8,0.0
8,0.0
8,0.0
8,0.0
8,0.0
8,0.0
8,0.0
8,0.12
8,0.0
8,0.0
8,0.0
8,0.0
8,0.0
8,0.0
8,0.0
8,0.12
8,0.0
8,0.0
8,0.0
8,0.0
8,0.0
8,0.0
8,0.0
8,0.0
8,0.0
8,0.0
8,0.0
8,0.0
8,0.0
8,0.0
8,0.0
8,0.0
8,0.0
8,0.08
8,0.0
8,0.0
8,0.0
8,0.0
8,0.0
8,0.0
8,0.0
8,0.0
8,0.0
8,0.0
9,0.0
9,0.0
9,0.0
9,0.0
9,0.0
9,0.135
9,0.0
9,0.0
9,0.0
9,0.135
9,0.0
9,0.0
9,0.0
9,0.0
9,0.0
9,0.09
9,0.0
9,0.0
9,0.0
9,0.0
9,0.0
9,0.0
9,0.0
9,0.0
9,0.0
9,0.0
9,0.0
9,0.0
9,0.0
9,0.0
9,0.0
9,0.0
9,0.135
9,0.0
9,0.0
9,0.0
9,0.0
9,0.0
9,0.0
9,0.0
9,0.09
9,0.0
9,0.0
9,0.0
9,0.0
9,0.0
9,0.135
9,0.0
9,0.135
9,0.09
9,0.09
9,0.0
9,0.0
9,0.0
9,0.0
9,0.0
9,0.0
9,0.0
9,0.0
9,0.0
9,0.0
9,0.0
9,0.0
9,0.135
9,0.0
9,0.0
9,0.0
9,0.0
9,0.0
9,0.0
9,0.0
9,0.135
9,0.0
9,0.0
9,0.0
9,0.0
9,0.0
9,0.0
9,0.0
9,0.0
9,0.0
9,0.0
9,0.0
9,0.0
9,0.0
9,0.0
9,0.0
9,0.0
9,0.0
9,0.09
9,0.0
9,0.0
9,0.0
9,0.0
9,0.0
9,0.0
9,0.0
9,0.0
9,0.0
9,0.0
10,0.0
10,0.0
10,0.0
10,0.0
10,0.0
10,0.15
10,0.0
10,0.0
10,0.0
10,0.15
10,0.0
10,0.0
10,0.0
10,0.0
10,0.0
10,0.09999999999999999
10,0.0
10,0.0
10,0.0
10,0.0
10,0.0
10,0.0
10,0.0
10,0.0
10,0.0
10,0.0
10,0.0
10,0.0
10,0.0
10,0.0
10,0.0
10,0.0
10,0.15
10,0.0
10,0.0
10,0.0
10,0.0
10,0.0
10,0.0
10,0.0
10,0.09999999999999999
10,0.0
10,0.0
10,0.0
10,0.0
10,0.0
10,0.15
10,0.0
10,0.15
10,0.09999999999999999
10,0.09999999999999999
10,0.0
10,0.0
10,0.0
10,0.0
10,0.0
10,0.0
10,0.0
10,0.0
10,0.0
10,0.0
10,0.0
10,0.0
10,0.15
10,0.0
10,0.0
10,0.0
10,0.0
10,0.0
10,0.0
10,0.0
10,0.15
10,0.0
10,0.0
10,0.0
10,0.0
10,0.0
10,0.0
10,0.0
10,0.0
10,0.0
10,0.0
10,0.01
10,0.0
10,0.0
10,0.0
10,0.0
10,0.0
10,0.0
10,0.09999999999999999
10,0.0
10,0.0
10,0.0
10,0.0
10,0.0
10,0.0
10,0.0
10,0.0
10,0.0
10,0.0
11,0.0
11,0.0
11,0.0
11,0.0
11,0.0
11,0.16499999999999998
11,0.0
11,0.0
11,0.0
11,0.16499999999999998
11,0.0
11,0.0
11,0.0
11,0.0
11,0.0
11,0.10999999999999999
11,0.0
11,0.0
11,0.0
11,0.0
11,0.0
11,0.0
11,0.0
11,0.0
11,0.0
11,0.0
11,0.0
11,0.0
11,0.0
11,0.0
11,0.0
11,0.0
11,0.16499999999999998
11,0.0
11,0.0
11,0.0
11,0.0
11,0.0
11,0.0
11,0.0
11,0.10999999999999999
11,0.0
11,0.0
11,0.0
11,0.0
11,0.0
11,0.16499999999999998
11,0.0
11,0.16499999999999998
11,0.10999999999999999
11,0.10999999999999999
11,0.0
11,0.0
11,0.0
11,0.0
11,0.0
11,0.0
11,0.0
11,0.0
11,0.0
11,0.0
11,0.0
11,0.0
11,0.16499999999999998
11,0.0
11,0.0
11,0.0
11,0.0
11,0.0
11,0.0
11,0.0
11,0.16499999999999998
11,0.0
11,0.0
11,0.0
11,0.0
11,0.0
11,0.0
11,0.0
11,0.0
11,0.0
11,0.0
11,0.02
11,0.0
11,0.0
11,0.0
11,0.0
11,0.0
11,0.0
11,0.10999999999999999
11,0.0
11,0.0
11,0.0
11,0.0
11,0.0
11,0.0
11,0.0
11,0.0
11,0.0
11,0.0
12,0.0
12,0.0
12,0.0
12,0.0
12,0.0
12,0.17999999999999997
12,0.0
12,0.0
12,0.0
12,0.17999999999999997
12,0.0
12,0.0
12,0.0
12,0.0
12,0.0
12,0.11999999999999998
12,0.0
12,0.0
12,0.0
12,0.0
12,0.0
12,0.0
12,0.0
12,0.0
12,0.0
12,0.0
12,0.0
12,0.0
12,0.0
12,0.0
12,0.0
12,0.0
12,0.17999999999999997
12,0.0
12,0.0
12,0.0
12,0.0
12,0.0
12,0.0
12,0.0
12,0.11999999999999998
12,0.0
12,0.0
12,0.0
12,0.0
12,0.0
12,0.17999999999999997
12,0.0
12,0.17999999999999997
12,0.11999999999999998
12,0.11999999999999998
12,0.0
12,0.0
12,0.0
12,0.0
12,0.0
12,0.0
12,0.0
12,0.0
12,0.0
12,0.0
12,0.0
12,0.0
12,0.17999999999999997
12,0.0
12,0.0
12,0.0
12,0.0
12,0.0
12,0.0
12,0.0
12,0.17999999999999997
12,0.0
12,0.0
12,0.0
12,0.0
12,0.0
12,0.0
12,0.0
12,0.0
12,0.0
12,0.0
12,0.03
12,0.0
12,0.0
12,0.0
12,0.0
12,0.0
12,0.0
12,0.11999999999999998
12,0.0
12,0.0
12,0.0
12,0.0
12,0.0
12,0.0
12,0.0
12,0.0
12,0.0
12,0.0
13,0.0
13,0.0
13,0.0
13,0.0
13,0.0
13,0.19499999999999995
13,0.0
13,0.0
13,0.0
13,0.19499999999999995
13,0.0
13,0.0
13,0.0
13,0.0
13,0.0
13,0.12999999999999998
13,0.0
13,0.0
13,0.0
13,0.0
13,0.0
13,0.0
13,0.0
13,0.0
13,0.0
13,0.0
13,0.0
13,0.0
13,0.0
13,0.0
13,0.0
13,0.0
13,0.19499999999999995
13,0.0
13,0.0
13,0.0
13,0.0
13,0.0
13,0.0
13,0.0
13,0.12999999999999998
13,0.0
13,0.0
13,0.0
13,0.0
13,0.0
13,0.19499999999999995
13,0.0
13,0.19499999999999995
13,0.12999999999999998
13,0.12999999999999998
13,0.0
13,0.0
13,0.0
13,0.0
13,0.0
13,0.0
13,0.0
13,0.0
13,0.0
13,0.0
13,0.0
13,0.0
13,0.19499999999999995
13,0.0
13,0.0
13,0.0
13,0.0
13,0.0
13,0.0
13,0.0
13,0.19499999999999995
13,0.0
13,0.0
13,0.0
13,0.0
13,0.0
13,0.0
13,0.0
13,0.0
13,0.0
13,0.0
13,0.04
13,0.0
13,0.0
13,0.0
13,0.0
13,0.0
13,0.0
13,0.12999999999999998
13,0.0
13,0.0
13,0.0
13,0.0
13,0.0
13,0.0
13,0.0
13,0.0
13,0.0
13,0.0
14,0.0
14,0.0
14,0.0
14,0.0
14,0.0
14,0.20999999999999996
14,0.0
14,0.0
14,0.0
14,0.20999999999999996
14,0.0
14,0.0
14,0.0
14,0.0
14,0.0
14,0.13999999999999999
14,0.0
14,0.0
14,0.0
14,0.0
14,0.0
14,0.0
14,0.0
14,0.0
14,0.0
14,0.0
14,0.0
14,0.0
14,0.0
14,0.0
14,0.0
14,0.0
14,0.20999999999999996
14,0.0
14,0.0
14,0.0
14,0.0
14,0.0
14,0.0
14,0.0
14,0.13999999999999999
14,0.0
14,0.0
14,0.0
14,0.0
14,0.0
14,0.20999999999999996
14,0.0
14,0.20999999999999996
14,0.13999999999999999
14,0.13999999999999999
14,0.0
14,0.0
14,0.0
14,0.0
14,0.0
14,0.0
14,0.0
14,0.0
14,0.0
14,0.0
14,0.0
14,0.0
14,0.20999999999999996
14,0.0
14,0.0
14,0.0
14,0.0
14,0.0
14,0.0
14,0.0
14,0.20999999999999996
14,0.0
14,0.0
14,0.0
14,0.0
14,0.0
14,0.0
14,0.0
14,0.0
14,0.0
14,0.0
14,0.05
14,0.0
14,0.0
14,0.0
14,0.0
14,0.0
14,0.0
14,0.13999999999999999
14,0.0
14,0.0
14,0.0
14,0.0
14,0.0
14,0.0
14,0.0
14,0.0
14,0.0
14,0.0
15,0.0
15,0.0
15,0.0
15,0.0
15,0.0
15,0.22499999999999998
15,0.0
15,0.0
15,0.0
15,0.22499999999999998
15,0.0
15,0.0
15,0.0
15,0.0
15,0.0
15,0.15
15,0.0
15,0.0
15,0.0
15,0.0
15,0.0
15,0.0
15,0.0
15,0.0
15,0.0
15,0.0
15,0.0
15,0.0
15,0.0
15,0.0
15,0.0
15,0.0
15,0.22499999999999998
15,0.0
15,0.0
15,0.0
15,0.0
15,0.0
15,0.0
15,0.0
15,0.15
15,0.0
15,0.0
15,0.0
15,0.0
15,0.0
15,0.22499999999999998
15,0.0
15,0.22499999999999998
15,0.15
15,0.15
15,0.0
15,0.0
15,0.0
15,0.0
15,0.0
15,0.0
15,0.0
15,0.0
15,0.0
15,0.0
15,0.0
15,0.0
15,0.22499999999999998
15,0.0
15,0.0
15,0.0
15,0.0
15,0.0
15,0.0
15,0.0
15,0.22499999999999998
15,0.0
15,0.0
15,0.0
15,0.0
15,0.0
15,0.0
15,0.0
15,0.0
15,0.0
15,0.0
15,0.060000000000000005
15,0.0
15,0.0
15,0.0
15,0.0
15,0.0
15,0.0
15,0.15
15,0.0
15,0.0
15,0.0
15,0.0
15,0.0
15,0.0
15,0.0
15,0.0
15,0.0
15,0.0
16,0.0
16,0.0
16,0.0
16,0.0
16,0.0
16,0.24
16,0.0
16,0.0
16,0.0
16,0.24
16,0.0
16,0.0
16,0.0
16,0.0
16,0.0
16,0.165
16,0.0
16,0.0
16,0.0
16,0.0
16,0.0
16,0.0
16,0.0
16,0.0
16,0.0
16,0.0
16,0.0
16,0.0
16,0.0
16,0.0
16,0.0
16,0.0
16,0.24
16,0.0
16,0.0
16,0.0
16,0.0
16,0.0
16,0.0
16,0.0
16,0.16
16,0.0
16,0.0
16,0.0
16,0.0
16,0.0
16,0.24
16,0.0
16,0.24
16,0.16
16,0.16
16,0.0
16,0.0
16,0.0
16,0.0
16,0.0
16,0.0
16,0.0
16,0.0
16,0.0
16,0.0
16,0.0
16,0.0
16,0.24
16,0.0
16,0.0
16,0.0
16,0.0
16,0.0
16,0.0
16,0.0
16,0.235
16,0.0
16,0.0
16,0.0
16,0.0
16,0.0
16,0.0
16,0.0
16,0.0
16,0.0
16,0.0
16,0.07
16,0.0
16,0.0
16,0.0
16,0.0
16,0.0
16,0.0
16,0.16
16,0.0
16,0.0
16,0.0
16,0.0
16,0.0
16,0.0
16,0.0
16,0.0
16,0.0
16,0.0
17,0.0
17,0.0
17,0.0
17,0.0
17,0.0
17,0.255
17,0.0
17,0.0
17,0.0
17,0.255
17,0.0
17,0.0
17,0.0
17,0.0
17,0.0
17,0.18000000000000002
17,0.0
17,0.0
17,0.0
17,0.0
17,0.0
17,0.0
17,0.0
17,0.0
17,0.0
17,0.0
17,0.0
17,0.0
17,0.0
17,0.0
17,0.0
17,0.0
17,0.255
17,0.0
17,0.0
17,0.0
17,0.0
17,0.0
17,0.0
17,0.0
17,0.17
17,0.0
17,0.0
17,0.0
17,0.0
17,0.0
17,0.255
17,0.0
17,0.255
17,0.17
17,0.17
17,0.0
17,0.0
17,0.0
17,0.0
17,0.0
17,0.0
17,0.0
17,0.0
17,0.0
17,0.0
17,0.0
17,0.0
17,0.255
17,0.0
17,0.0
17,0.0
17,0.0
17,0.0
17,0.0
17,0.0
17,0.245
17,0.0
17,0.0
17,0.0
17,0.0
17,0.0
17,0.0
17,0.0
17,0.0
17,0.0
17,0.0
17,0.08
17,0.0
17,0.0
17,0.0
17,0.0
17,0.0
17,0.0
17,0.17
17,0.0
17,0.0
17,0.0
17,0.0
17,0.0
17,0.0
17,0.0
17,0.0
17,0.0
17,0.0
18,0.0
18,0.0
18,0.0
18,0.0
18,0.0
18,0.27
18,0.0
18,0.0
18,0.0
18,0.27
18,0.0
18,0.0
18,0.0
18,0.0
18,0.0
18,0.19000000000000003
18,0.0
18,0.0
18,0.0
18,0.0
18,0.0
18,0.0
18,0.0
18,0.0
18,0.0
18,0.0
18,0.0
18,0.0
18,0.0
18,0.0
18,0.0
18,0.0
18,0.265
18,0.0
18,0.0
18,0.0
18,0.0
18,0.0
18,0.0
18,0.0
18,0.18000000000000002
18,0.0
18,0.0
18,0.0
18,0.0
18,0.0
18,0.27
18,0.0
18,0.27
18,0.18000000000000002
18,0.18000000000000002
18,0.0
18,0.0
18,0.0
18,0.0
18,0.0
18,0.0
18,0.0
18,0.0
18,0.0
18,0.0
18,0.0
18,0.0
18,0.27
18,0.0
18,0.0
18,0.0
18,0.0
18,0.0
18,0.0
18,0.0
18,0.255
18,0.0
18,0.0
18,0.0
18,0.0
18,0.0
18,0.0
18,0.0
18,0.0
18,0.0
18,0.0
18,0.09
18,0.0
18,0.0
18,0.0
18,0.0
18,0.0
18,0.0
18,0.18000000000000002
18,0.0
18,0.0
18,0.0
18,0.0
18,0.0
18,0.0
18,0.0
18,0.0
18,0.0
18,0.0
19,0.0
19,0.0
19,0.0
19,0.0
19,0.0
19,0.28500000000000003
19,0.0
19,0.0
19,0.0
19,0.28500000000000003
19,0.0
19,0.0
19,0.0
19,0.0
19,0.0
19,0.20000000000000004
19,0.0
19,0.0
19,0.0
19,0.0
19,0.0
19,0.0
19,0.0
19,0.0
19,0.0
19,0.0
19,0.0
19,0.0
19,0.0
19,0.0
19,0.0
19,0.0
19,0.275
19,0.0
19,0.0
19,0.0
19,0.0
19,0.0
19,0.0
19,0.0
19,0.19000000000000003
19,0.0
19,0.0
19,0.0
19,0.0
19,0.0
19,0.28500000000000003
19,0.0
19,0.28500000000000003
19,0.19000000000000003
19,0.19000000000000003
19,0.0
19,0.0
19,0.0
19,0.0
19,0.0
19,0.0
19,0.0
19,0.0
19,0.0
19,0.0
19,0.0
19,0.0
19,0.28500000000000003
19,0.0
19,0.0
19,0.0
19,0.0
19,0.0
19,0.0
19,0.0
19,0.265
19,0.0
19,0.0
19,0.0
19,0.0
19,0.0
19,0.0
19,0.0
19,0.0
19,0.0
19,0.0
19,0.09999999999999999
19,0.0
19,0.0
19,0.0
19,0.0
19,0.0
19,0.0
19,0.19000000000000003
19,0.0
19,0.0
19,0.0
19,0.0
19,0.0
19,0.0
19,0.0
19,0.0
19,0.0
19,0.0
20,0.0
20,0.0
20,0.0
20,0.0
20,0.0
20,0.30000000000000004
20,0.0
20,0.0
20,0.0
20,0.30000000000000004
20,0.0
20,0.0
20,0.0
20,0.0
20,0.0
20,0.21000000000000005
20,0.0
20,0.0
20,0.0
20,0.0
20,0.0
20,0.0
20,0.0
20,0.0
20,0.0
20,0.0
20,0.0
20,0.0
20,0.0
20,0.0
20,0.0
20,0.0
20,0.28500000000000003
20,0.0
20,0.0
20,0.0
20,0.0
20,0.0
20,0.0
20,0.0
20,0.20000000000000004
20,0.0
20,0.0
20,0.0
20,0.0
20,0.0
20,0.30000000000000004
20,0.0
20,0.30000000000000004
20,0.20000000000000004
20,0.20000000000000004
20,0.0
20,0.0
20,0.0
20,0.0
20,0.0
20,0.0
20,0.0
20,0.0
20,0.0
20,0.0
20,0.0
20,0.0
20,0.30000000000000004
20,0.0
20,0.0
20,0.0
20,0.0
20,0.0
20,0.0
20,0.0
20,0.275
20,0.0
20,0.0
20,0.0
20,0.0
20,0.0
20,0.0
20,0.0
20,0.0
20,0.0
20,0.0
20,0.10999999999999999
20,0.0
20,0.0
20,0.0
20,0.0
20,0.0
20,0.0
20,0.20000000000000004
20,0.0
20,0.0
20,0.0
20,0.0
20,0.0
20,0.0
20,0.0
20,0.0
20,0.0
20,0.0
21,0.0
21,0.0
21,0.0
21,0.0
21,0.0
21,0.31500000000000006
21,0.0
21,0.0
21,0.0
21,0.31500000000000006
21,0.0
21,0.0
21,0.0
21,0.0
21,0.0
21,0.22000000000000006
21,0.0
21,0.0
21,0.0
21,0.0
21,0.0
21,0.0
21,0.0
21,0.0
21,0.0
21,0.0
21,0.0
21,0.0
21,0.0
21,0.0
21,0.0
21,0.0
21,0.29500000000000004
21,0.0
21,0.0
21,0.0
21,0.0
21,0.0
21,0.0
21,0.0
21,0.21000000000000005
21,0.0
21,0.0
21,0.0
21,0.0
21,0.0
21,0.31500000000000006
21,0.0
21,0.31500000000000006
21,0.21000000000000005
21,0.21000000000000005
21,0.0
21,0.0
21,0.0
21,0.0
21,0.0
21,0.0
21,0.0
21,0.0
21,0.0
21,0.0
21,0.0
21,0.0
21,0.31500000000000006
21,0.0
21,0.0
21,0.0
21,0.0
21,0.0
21,0.0
21,0.0
21,0.28500000000000003
21,0.0
21,0.0
21,0.0
21,0.0
21,0.0
21,0.0
21,0.0
21,0.0
21,0.0
21,0.0
21,0.11999999999999998
21,0.0
21,0.0
21,0.0
21,0.0
21,0.0
21,0.0
21,0.21000000000000005
21,0.0
21,0.0
21,0.0
21,0.0
21,0.0
21,0.0
21,0.0
21,0.0
21,0.0
21,0.0
22,0.0
22,0.0
22,0.0
22,0.0
22,0.0
22,0.33000000000000007
22,0.0
22,0.0
22,0.0
22,0.33000000000000007
22,0.0
22,0.0
22,0.0
22,0.0
22,0.0
22,0.23000000000000007
22,0.0
22,0.0
22,0.0
22,0.0
22,0.0
22,0.0
22,0.0
22,0.0
22,0.0
22,0.0
22,0.0
22,0.0
22,0.0
22,0.0
22,0.0
22,0.0
22,0.30500000000000005
22,0.0
22,0.0
22,0.0
22,0.0
22,0.0
22,0.0
22,0.0
22,0.22000000000000006
22,0.0
22,0.0
22,0.0
22,0.0
22,0.0
22,0.33000000000000007
22,0.0
22,0.33000000000000007
22,0.22000000000000006
22,0.22000000000000006
22,0.0
22,0.0
22,0.0
22,0.0
22,0.0
22,0.0
22,0.0
22,0.0
22,0.0
22,0.0
22,0.0
22,0.0
22,0.33000000000000007
22,0.0
22,0.0
22,0.0
22,0.0
22,0.0
22,0.0
22,0.0
22,0.29500000000000004
22,0.0
22,0.0
22,0.0
22,0.0
22,0.0
22,0.0
22,0.0
22,0.0
22,0.0
22,0.0
22,0.12999999999999998
22,0.0
22,0.0
22,0.0
22,0.0
22,0.0
22,0.0
22,0.22000000000000006
22,0.0
22,0.0
22,0.0
22,0.0
22,0.0
22,0.0
22,0.0
22,0.0
22,0.0
22,0.0
23,0.0
23,0.0
23,0.0
23,0.0
23,0.0
23,0.3450000000000001
23,0.0
23,0.0
23,0.0
23,0.3450000000000001
23,0.0
23,0.0
23,0.0
23,0.0
23,0.0
23,0.24000000000000007
23,0.0
23,0.0
23,0.0
23,0.0
23,0.0
23,0.0
23,0.0
23,0.0
23,0.0
23,0.0
23,0.0
23,0.0
23,0.0
23,0.0
23,0.0
23,0.0
23,0.31500000000000006
23,0.0
23,0.0
23,0.0
23,0.0
23,0.0
23,0.0
23,0.0
23,0.23000000000000007
23,0.0
23,0.0
23,0.0
23,0.0
23,0.0
23,0.3450000000000001
23,0.0
23,0.3450000000000001
23,0.23000000000000007
23,0.23000000000000007
23,0.0
23,0.0
23,0.0
23,0.0
23,0.0
23,0.0
23,0.0
23,0.0
23,0.0
23,0.0
23,0.0
23,0.0
23,0.3450000000000001
23,0.0
23,0.0
23,0.0
23,0.0
23,0.0
23,0.0
23,0.0
23,0.30500000000000005
23,0.0
23,0.0
23,0.0
23,0.0
23,0.0
23,0.0
23,0.0
23,0.0
23,0.0
23,0.0
23,0.13999999999999999
23,0.0
23,0.0
23,0.0
23,0.0
23,0.0
23,0.0
23,0.23000000000000007
23,0.0
23,0.0
23,0.0
23,0.0
23,0.0
23,0.0
23,0.0
23,0.0
23,0.0
23,0.0
24,0.0
24,0.0
24,0.0
24,0.0
24,0.0
24,0.3600000000000001
24,0.0
24,0.0
24,0.0
24,0.3600000000000001
24,0.0
24,0.0
24,0.0
24,0.0
24,0.0
24,0.25000000000000006
24,0.0
24,0.0
24,0.0
24,0.0
24,0.0
24,0.0
24,0.0
24,0.0
24,0.0
24,0.0
24,0.0
24,0.0
24,0.0
24,0.0
24,0.0
24,0.0
24,0.32500000000000007
24,0.0
24,0.0
24,0.0
24,0.0
24,0.0
24,0.0
24,0.0
24,0.24000000000000007
24,0.0
24,0.0
24,0.0
24,0.0
24,0.0
24,0.3600000000000001
24,0.0
24,0.3600000000000001
24,0.24000000000000007
24,0.24000000000000007
24,0.0
24,0.0
24,0.0
24,0.0
24,0.0
24,0.0
24,0.0
24,0.0
24,0.0
24,0.0
24,0.0
24,0.0
24,0.3600000000000001
24,0.0
24,0.0
24,0.0
24,0.0
24,0.0
24,0.0
24,0.0
24,0.31500000000000006
24,0.0
24,0.0
24,0.0
24,0.0
24,0.0
24,0.0
24,0.0
24,0.0
24,0.0
24,0.0
24,0.15
24,0.0
24,0.0
24,0.0
24,0.0
24,0.0
24,0.0
24,0.24000000000000007
24,0.0
24,0.0
24,0.0
24,0.0
24,0.0
24,0.0
24,0.0
24,0.0
24,0.0
24,0.0
25,0.0
25,0.0
25,0.0
25,0.0
25,0.0
25,0.3750000000000001
25,0.0
25,0.0
25,0.0
25,0.3750000000000001
25,0.0
25,0.0
25,0.0
25,0.0
25,0.0
25,0.26000000000000006
25,0.0
25,0.0
25,0.0
25,0.0
25,0.0
25,0.0
25,0.0
25,0.0
25,0.0
25,0.0
25,0.0
25,0.0
25,0.0
25,0.0
25,0.0
25,0.0
25,0.3350000000000001
25,0.0
25,0.0
25,0.0
25,0.0
25,0.0
25,0.0
25,0.0
25,0.25000000000000006
25,0.0
25,0.0
25,0.0
25,0.0
25,0.0
25,0.3750000000000001
25,0.0
25,0.3750000000000001
25,0.25000000000000006
25,0.25000000000000006
25,0.0
25,0.0
25,0.0
25,0.0
25,0.0
25,0.0
25,0.0
25,0.0
25,0.0
25,0.0
25,0.0
25,0.0
25,0.3750000000000001
25,0.0
25,0.0
25,0.0
25,0.0
25,0.0
25,0.0
25,0.0
25,0.32500000000000007
25,0.0
25,0.0
25,0.0
25,0.0
25,0.0
25,0.0
25,0.0
25,0.0
25,0.0
25,0.0
25,0.16
25,0.0
25,0.0
25,0.0
25,0.0
25,0.0
25,0.0
25,0.25000000000000006
25,0.0
25,0.0
25,0.0
25,0.0
25,0.0
25,0.0
25,0.0
25,0.0
25,0.0
25,0.0
26,0.0
26,0.0
26,0.0
26,0.0
26,0.0
26,0.3900000000000001
26,0.0
26,0.0
26,0.0
26,0.3900000000000001
26,0.0
26,0.0
26,0.0
26,0.0
26,0.0
26,0.2700000000000001
26,0.0
26,0.0
26,0.0
26,0.0
26,0.0
26,0.0
26,0.0
26,0.0
26,0.0
26,0.0
26,0.0
26,0.0
26,0.0
26,0.0
26,0.0
26,0.0
26,0.3450000000000001
26,0.0
26,0.0
26,0.0
26,0.0
26,0.0
26,0.0
26,0.0
26,0.26000000000000006
26,0.0
26,0.0
26,0.0
26,0.0
26,0.0
26,0.3900000000000001
26,0.0
26,0.3900000000000001
26,0.26000000000000006
26,0.26000000000000006
26,0.0
26,0.0
26,0.0
26,0.0
26,0.0
26,0.0
26,0.0
26,0.0
26,0.0
26,0.0
26,0.0
26,0.0
26,0.3900000000000001
26,0.0
26,0.0
26,0.0
26,0.0
26,0.0
26,0.0
26,0.0
26,0.3350000000000001
26,0.0
26,0.0
26,0.0
26,0.0
26,0.0
26,0.0
26,0.0
26,0.0
26,0.0
26,0.0
26,0.17
26,0.0
26,0.0
26,0.0
26,0.0
26,0.0
26,0.0
26,0.26000000000000006
26,0.0
26,0.0
26,0.0
26,0.0
26,0.0
26,0.0
26,0.0
26,0.0
26,0.0
26,0.0
27,0.0
27,0.0
27,0.0
27,0.0
27,0.0
27,0.40500000000000014
27,0.0
27,0.0
27,0.0
27,0.40500000000000014
27,0.0
27,0.0
27,0.0
27,0.0
27,0.0
27,0.2800000000000001
27,0.0
27,0.0
27,0.0
27,0.0
27,0.0
27,0.0
27,0.0
27,0.0
27,0.0
27,0.0
27,0.0
27,0.0
27,0.0
27,0.0
27,0.0
27,0.0
27,0.3550000000000001
27,0.0
27,0.0
27,0.0
27,0.0
27,0.0
27,0.0
27,0.0
27,0.2700000000000001
27,0.0
27,0.0
27,0.0
27,0.0
27,0.0
27,0.40500000000000014
27,0.0
27,0.40500000000000014
27,0.2700000000000001
27,0.2700000000000001
27,0.0
27,0.0
27,0.0
27,0.0
27,0.0
27,0.0
27,0.0
27,0.0
27,0.0
27,0.0
27,0.0
27,0.0
27,0.40500000000000014
27,0.0
27,0.0
27,0.0
27,0.0
27,0.0
27,0.0
27,0.0
27,0.3450000000000001
27,0.0
27,0.0
27,0.0
27,0.0
27,0.0
27,0.0
27,0.0
27,0.0
27,0.0
27,0.0
27,0.18000000000000002
27,0.0
27,0.0
27,0.0
27,0.0
27,0.0
27,0.0
27,0.2700000000000001
27,0.0
27,0.0
27,0.0
27,0.0
27,0.0
27,0.0
27,0.0
27,0.0
27,0.0
27,0.0
28,0.0
28,0.0
28,0.0
28,0.0
28,0.0
28,0.42000000000000015
28,0.0
28,0.0
28,0.0
28,0.42000000000000015
28,0.0
28,0.0
28,0.0
28,0.0
28,0.0
28,0.2900000000000001
28,0.0
28,0.0
28,0.0
28,0.0
28,0.0
28,0.0
28,0.0
28,0.0
28,0.0
28,0.0
28,0.0
28,0.0
28,0.0
28,0.0
28,0.0
28,0.0
28,0.3650000000000001
28,0.0
28,0.0
28,0.0
28,0.0
28,0.0
28,0.0
28,0.0
28,0.2800000000000001
28,0.0
28,0.0
28,0.0
28,0.0
28,0.0
28,0.41500000000000015
28,0.0
28,0.42000000000000015
28,0.2800000000000001
28,0.2800000000000001
28,0.0
28,0.0
28,0.0
28,0.0
28,0.0
28,0.0
28,0.0
28,0.0
28,0.0
28,0.0
28,0.0
28,0.0
28,0.42000000000000015
28,0.0
28,0.0
28,0.0
28,0.0
28,0.0
28,0.0
28,0.0
28,0.3550000000000001
28,0.0
28,0.0
28,0.0
28,0.0
28,0.0
28,0.0
28,0.0
28,0.0
28,0.0
28,0.0
28,0.19000000000000003
28,0.0
28,0.0
28,0.0
28,0.0
28,0.0
28,0.0
28,0.2800000000000001
28,0.0
28,0.0
28,0.0
28,0.0
28,0.0
28,0.0
28,0.0
28,0.0
28,0.0
28,0.0
29,0.0
29,0.0
29,0.0
29,0.0
29,0.0
29,0.43500000000000016
29,0.0
29,0.0
29,0.0
29,0.43500000000000016
29,0.0
29,0.0
29,0.0
29,0.0
29,0.0
29,0.3050000000000001
29,0.0
29,0.0
29,0.0
29,0.0
29,0.0
29,0.0
29,0.0
29,0.0
29,0.0
29,0.0
29,0.0
29,0.0
29,0.0
29,0.0
29,0.0
29,0.0
29,0.3750000000000001
29,0.0
29,0.0
29,0.0
29,0.0
29,0.0
29,0.0
29,0.0
29,0.2900000000000001
29,0.0
29,0.0
29,0.0
29,0.0
29,0.0
29,0.42500000000000016
29,0.0
29,0.43500000000000016
29,0.2900000000000001
29,0.2900000000000001
29,0.0
29,0.0
29,0.0
29,0.0
29,0.0
29,0.0
29,0.0
29,0.0
29,0.0
29,0.0
29,0.0
29,0.0
29,0.43500000000000016
29,0.0
29,0.0
29,0.0
29,0.0
29,0.0
29,0.0
29,0.0
29,0.3650000000000001
29,0.0
29,0.0
29,0.0
29,0.0
29,0.0
29,0.0
29,0.0
29,0.0
29,0.0
29,0.0
29,0.20000000000000004
29,0.0
29,0.0
29,0.0
29,0.0
29,0.0
29,0.0
29,0.2900000000000001
29,0.0
29,0.0
29,0.0
29,0.0
29,0.0
29,0.0
29,0.0
29,0.0
29,0.0
29,0.0
30,0.0
30,0.0
30,0.0
30,0.0
30,0.0
30,0.4500000000000002
30,0.0
30,0.0
30,0.0
30,0.4500000000000002
30,0.0
30,0.0
30,0.0
30,0.0
30,0.0
30,0.3200000000000001
30,0.0
30,0.0
30,0.0
30,0.0
30,0.0
30,0.0
30,0.0
30,0.0
30,0.0
30,0.0
30,0.0
30,0.0
30,0.0
30,0.0
30,0.0
30,0.0
30,0.3850000000000001
30,0.0
30,0.0
30,0.0
30,0.0
30,0.0
30,0.0
30,0.0
30,0.3000000000000001
30,0.0
30,0.0
30,0.0
30,0.0
30,0.0
30,0.43500000000000016
30,0.0
30,0.4500000000000002
30,0.3000000000000001
30,0.3000000000000001
30,0.0
30,0.0
30,0.0
30,0.0
30,0.0
30,0.0
30,0.0
30,0.0
30,0.0
30,0.0
30,0.0
30,0.0
30,0.4500000000000002
30,0.0
30,0.0
30,0.0
30,0.0
30,0.0
30,0.0
30,0.0
30,0.3750000000000001
30,0.0
30,0.0
30,0.0
30,0.0
30,0.0
30,0.0
30,0.0
30,0.0
30,0.0
30,0.0
30,0.21000000000000005
30,0.0
30,0.0
30,0.0
30,0.0
30,0.0
30,0.0
30,0.3000000000000001
30,0.0
30,0.0
30,0.0
30,0.0
30,0.0
30,0.0
30,0.0
30,0.0
30,0.0
30,0.0
31,0.0
31,0.0
31,0.0
31,0.0
31,0.0
31,0.4650000000000002
31,0.0
31,0.0
31,0.0
31,0.4650000000000002
31,0.0
31,0.0
31,0.0
31,0.0
31,0.0
31,0.33500000000000013
31,0.0
31,0.0
31,0.0
31,0.0
31,0.0
31,0.0
31,0.0
31,0.0
31,0.0
31,0.0
31,0.0
31,0.0
31,0.0
31,0.0
31,0.0
31,0.0
31,0.39500000000000013
31,0.0
31,0.0
31,0.0
31,0.0
31,0.0
31,0.0
31,0.0
31,0.3100000000000001
31,0.0
31,0.0
31,0.0
31,0.0
31,0.0
31,0.4450000000000002
31,0.0
31,0.4600000000000002
31,0.3100000000000001
31,0.3100000000000001
31,0.0
31,0.0
31,0.0
31,0.0
31,0.0
31,0.0
31,0.0
31,0.0
31,0.0
31,0.0
31,0.0
31,0.0
31,0.4650000000000002
31,0.0
31,0.0
31,0.0
31,0.0
31,0.0
31,0.0
31,0.0
31,0.3850000000000001
31,0.0
31,0.0
31,0.0
31,0.0
31,0.0
31,0.0
31,0.0
31,0.0
31,0.0
31,0.0
31,0.22000000000000006
31,0.0
31,0.0
31,0.0
31,0.0
31,0.0
31,0.0
31,0.3100000000000001
31,0.0
31,0.0
31,0.0
31,0.0
31,0.0
31,0.0
31,0.0
31,0.0
31,0.0
31,0.0
32,0.0
32,0.0
32,0.0
32,0.0
32,0.0
32,0.4800000000000002
32,0.0
32,0.0
32,0.0
32,0.4800000000000002
32,0.0
32,0.0
32,0.0
32,0.0
32,0.0
32,0.35000000000000014
32,0.0
32,0.0
32,0.0
32,0.0
32,0.0
32,0.0
32,0.0
32,0.0
32,0.0
32,0.0
32,0.0
32,0.0
32,0.0
32,0.0
32,0.0
32,0.0
32,0.40500000000000014
32,0.0
32,0.0
32,0.0
32,0.0
32,0.0
32,0.0
32,0.0
32,0.3200000000000001
32,0.0
32,0.0
32,0.0
32,0.0
32,0.0
32,0.4550000000000002
32,0.0
32,0.4750000000000002
32,0.3200000000000001
32,0.3200000000000001
32,0.0
32,0.0
32,0.0
32,0.0
32,0.0
32,0.0
32,0.0
32,0.0
32,0.0
32,0.0
32,0.0
32,0.0
32,0.4800000000000002
32,0.0
32,0.0
32,0.0
32,0.0
32,0.0
32,0.0
32,0.0
32,0.39500000000000013
32,0.0
32,0.0
32,0.0
32,0.0
32,0.0
32,0.0
32,0.0
32,0.0
32,0.0
32,0.0
32,0.23000000000000007
32,0.0
32,0.0
32,0.0
32,0.0
32,0.0
32,0.0
32,0.3200000000000001
32,0.0
32,0.0
32,0.0
32,0.0
32,0.0
32,0.0
32,0.0
32,0.0
32,0.0
32,0.0
33,0.0
33,0.0
33,0.0
33,0.0
33,0.0
33,0.4950000000000002
33,0.0
33,0.0
33,0.0
33,0.4950000000000002
33,0.0
33,0.0
33,0.0
33,0.0
33,0.0
33,0.3650000000000001
33,0.0
33,0.0
33,0.0
33,0.0
33,0.0
33,0.0
33,0.0
33,0.0
33,0.0
33,0.0
33,0.0
33,0.0
33,0.0
33,0.0
33,0.0
33,0.0
33,0.41500000000000015
33,0.0
33,0.0
33,0.0
33,0.0
33,0.0
33,0.0
33,0.0
33,0.3300000000000001
33,0.0
33,0.0
33,0.0
33,0.0
33,0.0
33,0.4650000000000002
33,0.0
33,0.4850000000000002
33,0.3300000000000001
33,0.3300000000000001
33,0.0
33,0.0
33,0.0
33,0.0
33,0.0
33,0.0
33,0.0
33,0.0
33,0.0
33,0.0
33,0.0
33,0.0
33,0.4950000000000002
33,0.0
33,0.0
33,0.0
33,0.0
33,0.0
33,0.0
33,0.0
33,0.40500000000000014
33,0.0
33,0.0
33,0.0
33,0.0
33,0.0
33,0.0
33,0.0
33,0.0
33,0.0
33,0.0
33,0.24000000000000007
33,0.0
33,0.0
33,0.0
33,0.0
33,0.0
33,0.0
33,0.3300000000000001
33,0.0
33,0.0
33,0.0
33,0.0
33,0.0
33,0.0
33,0.0
33,0.0
33,0.0
33,0.0
34,0.0
34,0.0
34,0.0
34,0.0
34,0.0
34,0.5100000000000002
34,0.0
34,0.0
34,0.0
34,0.5100000000000002
34,0.0
34,0.0
34,0.0
34,0.0
34,0.0
34,0.3800000000000001
34,0.0
34,0.0
34,0.0
34,0.0
34,0.0
34,0.0
34,0.0
34,0.0
34,0.0
34,0.0
34,0.0
34,0.0
34,0.0
34,0.0
34,0.0
34,0.0
34,0.42500000000000016
34,0.0
34,0.0
34,0.0
34,0.0
34,0.0
34,0.0
34,0.0
34,0.34000000000000014
34,0.0
34,0.0
34,0.0
34,0.0
34,0.0
34,0.4750000000000002
34,0.0
34,0.5000000000000002
34,0.34000000000000014
34,0.34000000000000014
34,0.0
34,0.0
34,0.0
34,0.0
34,0.0
34,0.0
34,0.0
34,0.0
34,0.0
34,0.0
34,0.0
34,0.0
34,0.5100000000000002
34,0.0
34,0.0
34,0.0
34,0.0
34,0.0
34,0.0
34,0.0
34,0.41500000000000015
34,0.0
34,0.0
34,0.0
34,0.0
34,0.0
34,0.0
34,0.0
34,0.0
34,0.0
34,0.0
34,0.25000000000000006
34,0.0
34,0.0
34,0.0
34,0.0
34,0.0
34,0.0
34,0.34000000000000014
34,0.0
34,0.0
34,0.0
34,0.0
34,0.0
34,0.0
34,0.0
34,0.0
34,0.0
34,0.0
35,0.0
35,0.0
35,0.0
35,0.0
35,0.0
35,0.5250000000000002
35,0.0
35,0.0
35,0.0
35,0.5250000000000002
35,0.0
35,0.0
35,0.0
35,0.0
35,0.0
35,0.39500000000000013
35,0.0
35,0.0
35,0.0
35,0.0
35,0.0
35,0.0
35,0.0
35,0.0
35,0.0
35,0.0
35,0.0
35,0.0
35,0.0
35,0.0
35,0.0
35,0.0
35,0.43500000000000016
35,0.0
35,0.0
35,0.0
35,0.0
35,0.0
35,0.0
35,0.0
35,0.35000000000000014
35,0.0
35,0.0
35,0.0
35,0.0
35,0.0
35,0.4850000000000002
35,0.0
35,0.5100000000000002
35,0.35000000000000014
35,0.35000000000000014
35,0.0
35,0.0
35,0.0
35,0.0
35,0.0
35,0.0
35,0.0
35,0.0
35,0.0
35,0.0
35,0.0
35,0.0
35,0.5250000000000002
35,0.0
35,0.0
35,0.0
35,0.0
35,0.0
35,0.0
35,0.0
35,0.42500000000000016
35,0.0
35,0.0
35,0.0
35,0.0
35,0.0
35,0.0
35,0.0
35,0.0
35,0.0
35,0.0
35,0.26000000000000006
35,0.0
35,0.0
35,0.0
35,0.0
35,0.0
35,0.0
35,0.35000000000000014
35,0.0
35,0.0
35,0.0
35,0.0
35,0.0
35,0.0
35,0.0
35,0.0
35,0.0
35,0.0
36,0.0
36,0.0
36,0.0
36,0.0
36,0.0
36,0.5400000000000003
36,0.0
36,0.0
36,0.0
36,0.5400000000000003
36,0.0
36,0.0
36,0.0
36,0.0
36,0.0
36,0.41000000000000014
36,0.0
36,0.0
36,0.0
36,0.0
36,0.0
36,0.0
36,0.0
36,0.0
36,0.0
36,0.0
36,0.0
36,0.0
36,0.0
36,0.0
36,0.0
36,0.0
36,0.4450000000000002
36,0.0
36,0.0
36,0.0
36,0.0
36,0.0
36,0.0
36,0.0
36,0.36000000000000015
36,0.0
36,0.0
36,0.0
36,0.0
36,0.0
36,0.4950000000000002
36,0.0
36,0.5250000000000002
36,0.36000000000000015
36,0.36000000000000015
36,0.0
36,0.0
36,0.0
36,0.0
36,0.0
36,0.0
36,0.0
36,0.0
36,0.0
36,0.0
36,0.0
36,0.0
36,0.5400000000000003
36,0.0
36,0.0
36,0.0
36,0.0
36,0.0
36,0.0
36,0.0
36,0.43500000000000016
36,0.0
36,0.0
36,0.0
36,0.0
36,0.0
36,0.0
36,0.0
36,0.0
36,0.0
36,0.0
36,0.2700000000000001
36,0.0
36,0.0
36,0.0
36,0.0
36,0.0
36,0.0
36,0.36000000000000015
36,0.0
36,0.0
36,0.0
36,0.0
36,0.0
36,0.0
36,0.0
36,0.0
36,0.0
36,0.0
37,0.0
37,0.0
37,0.0
37,0.0
37,0.0
37,0.5550000000000003
37,0.0
37,0.0
37,0.0
37,0.5550000000000003
37,0.0
37,0.0
37,0.0
37,0.0
37,0.0
37,0.42500000000000016
37,0.0
37,0.0
37,0.0
37,0.0
37,0.0
37,0.0
37,0.0
37,0.0
37,0.0
37,0.0
37,0.0
37,0.0
37,0.0
37,0.0
37,0.0
37,0.0
37,0.4550000000000002
37,0.0
37,0.0
37,0.0
37,0.0
37,0.0
37,0.0
37,0.0
37,0.37000000000000016
37,0.0
37,0.0
37,0.0
37,0.0
37,0.0
37,0.5050000000000002
37,0.0
37,0.5350000000000003
37,0.37000000000000016
37,0.37000000000000016
37,0.0
37,0.0
37,0.0
37,0.0
37,0.0
37,0.0
37,0.0
37,0.0
37,0.0
37,0.0
37,0.0
37,0.0
37,0.5550000000000003
37,0.0
37,0.0
37,0.0
37,0.0
37,0.0
37,0.0
37,0.0
37,0.4450000000000002
37,0.0
37,0.0
37,0.0
37,0.0
37,0.0
37,0.0
37,0.0
37,0.0
37,0.0
37,0.0
37,0.2800000000000001
37,0.0
37,0.0
37,0.0
37,0.0
37,0.0
37,0.0
37,0.37000000000000016
37,0.0
37,0.0
37,0.0
37,0.0
37,0.0
37,0.0
37,0.0
37,0.0
37,0.0
37,0.0
38,0.0
38,0.0
38,0.0
38,0.0
38,0.0
38,0.5700000000000003
38,0.0
38,0.0
38,0.0
38,0.5700000000000003
38,0.0
38,0.0
38,0.0
38,0.0
38,0.0
38,0.44000000000000017
38,0.0
38,0.0
38,0.0
38,0.0
38,0.0
38,0.0
38,0.0
38,0.0
38,0.0
38,0.0
38,0.0
38,0.0
38,0.0
38,0.0
38,0.0
38,0.0
38,0.4650000000000002
38,0.0
38,0.0
38,0.0
38,0.0
38,0.0
38,0.0
38,0.0
38,0.38000000000000017
38,0.0
38,0.0
38,0.0
38,0.0
38,0.0
38,0.5150000000000002
38,0.0
38,0.5450000000000003
38,0.3850000000000002
38,0.38000000000000017
38,0.0
38,0.0
38,0.0
38,0.0
38,0.0
38,0.0
38,0.0
38,0.0
38,0.0
38,0.0
38,0.0
38,0.0
38,0.5700000000000003
38,0.0
38,0.0
38,0.0
38,0.0
38,0.0
38,0.0
38,0.0
38,0.4550000000000002
38,0.0
38,0.0
38,0.0
38,0.0
38,0.0
38,0.0
38,0.0
38,0.0
38,0.0
38,0.0
38,0.2900000000000001
38,0.0
38,0.0
38,0.0
38,0.0
38,0.0
38,0.0
38,0.38000000000000017
38,0.0
38,0.0
38,0.0
38,0.0
38,0.0
38,0.0
38,0.0
38,0.0
38,0.0
38,0.0
39,0.0
39,0.0
39,0.0
39,0.0
39,0.0
39,0.5800000000000003
39,0.0
39,0.0
39,0.0
39,0.5850000000000003
39,0.0
39,0.0
39,0.0
39,0.0
39,0.0
39,0.4550000000000002
39,0.0
39,0.0
39,0.0
39,0.0
39,0.0
39,0.0
39,0.0
39,0.0
39,0.0
39,0.0
39,0.0
39,0.0
39,0.0
39,0.0
39,0.0
39,0.0
39,0.4750000000000002
39,0.0
39,0.0
39,0.0
39,0.0
39,0.0
39,0.0
39,0.0
39,0.3900000000000002
39,0.0
39,0.0
39,0.0
39,0.0
39,0.0
39,0.5250000000000002
39,0.0
39,0.5550000000000003
39,0.4000000000000002
39,0.3900000000000002
39,0.0
39,0.0
39,0.0
39,0.0
39,0.0
39,0.0
39,0.0
39,0.0
39,0.0
39,0.0
39,0.0
39,0.0
39,0.5850000000000003
39,0.0
39,0.0
39,0.0
39,0.0
39,0.0
39,0.0
39,0.0
39,0.4650000000000002
39,0.0
39,0.0
39,0.0
39,0.0
39,0.0
39,0.0
39,0.0
39,0.0
39,0.0
39,0.0
39,0.3000000000000001
39,0.0
39,0.0
39,0.0
39,0.0
39,0.0
39,0.0
39,0.3900000000000002
39,0.0
39,0.0
39,0.0
39,0.0
39,0.0
39,0.0
39,0.0
39,0.0
39,0.0
39,0.0
40,0.0
40,0.0
40,0.0
40,0.0
40,0.0
40,0.5900000000000003
40,0.0
40,0.0
40,0.0
40,0.6000000000000003
40,0.0
40,0.0
40,0.0
40,0.0
40,0.0
40,0.4700000000000002
40,0.0
40,0.0
40,0.0
40,0.0
40,0.0
40,0.0
40,0.0
40,0.0
40,0.0
40,0.0
40,0.0
40,0.0
40,0.0
40,0.0
40,0.0
40,0.0
40,0.4850000000000002
40,0.0
40,0.0
40,0.0
40,0.0
40,0.0
40,0.0
40,0.0
40,0.4000000000000002
40,0.0
40,0.0
40,0.0
40,0.0
40,0.0
40,0.5350000000000003
40,0.0
40,0.5650000000000003
40,0.4100000000000002
40,0.4000000000000002
40,0.0
40,0.0
40,0.0
40,0.0
40,0.0
40,0.0
40,0.0
40,0.0
40,0.0
40,0.0
40,0.0
40,0.0
40,0.6000000000000003
40,0.0
40,0.0
40,0.0
40,0.0
40,0.0
40,0.0
40,0.0
40,0.4750000000000002
40,0.0
40,0.0
40,0.0
40,0.0
40,0.0
40,0.0
40,0.0
40,0.0
40,0.0
40,0.0
40,0.3100000000000001
40,0.0
40,0.0
40,0.0
40,0.0
40,0.0
40,0.0
40,0.4000000000000002
40,0.0
40,0.0
40,0.0
40,0.0
40,0.0
40,0.0
40,0.0
40,0.0
40,0.0
40,0.0
41,0.0
41,0.0
41,0.0
41,0.0
41,0.0
41,0.6000000000000003
41,0.0
41,0.0
41,0.0
41,0.6150000000000003
41,0.0
41,0.0
41,0.0
41,0.0
41,0.0
41,0.4850000000000002
41,0.0
41,0.0
41,0.0
41,0.0
41,0.0
41,0.0
41,0.0
41,0.0
41,0.0
41,0.0
41,0.0
41,0.0
41,0.0
41,0.0
41,0.0
41,0.0
41,0.4950000000000002
41,0.0
41,0.0
41,0.0
41,0.0
41,0.0
41,0.0
41,0.0
41,0.4100000000000002
41,0.0
41,0.0
41,0.0
41,0.0
41,0.0
41,0.5450000000000003
41,0.0
41,0.5750000000000003
41,0.4200000000000002
41,0.4100000000000002
41,0.01
41,0.0
41,0.0
41,0.0
41,0.0
41,0.0
41,0.0
41,0.0
41,0.0
41,0.0
41,0.0
41,0.0
41,0.6150000000000003
41,0.0
41,0.0
41,0.0
41,0.0
41,0.0
41,0.0
41,0.0
41,0.4850000000000002
41,0.0
41,0.0
41,0.0
41,0.0
41,0.0
41,0.0
41,0.0
41,0.0
41,0.0
41,0.0
41,0.3200000000000001
41,0.0
41,0.0
41,0.0
41,0.0
41,0.0
41,0.0
41,0.4100000000000002
41,0.0
41,0.0
41,0.0
41,0.0
41,0.0
41,0.0
41,0.0
41,0.0
41,0.0
41,0.0
42,0.0
42,0.0
42,0.0
42,0.0
42,0.0
42,0.6100000000000003
42,0.0
42,0.0
42,0.0
42,0.6300000000000003
42,0.0
42,0.0
42,0.0
42,0.0
42,0.0
42,0.5000000000000002
42,0.0
42,0.0
42,0.0
42,0.0
42,0.0
42,0.0
42,0.0
42,0.0
42,0.0
42,0.0
42,0.0
42,0.0
42,0.0
42,0.0
42,0.0
42,0.0
42,0.5050000000000002
42,0.0
42,0.0
42,0.0
42,0.0
42,0.0
42,0.0
42,0.0
42,0.4200000000000002
42,0.0
42,0.0
42,0.0
42,0.0
42,0.0
42,0.5550000000000003
42,0.0
42,0.5850000000000003
42,0.4300000000000002
42,0.4200000000000002
42,0.01
42,0.0
42,0.0
42,0.0
42,0.0
42,0.0
42,0.0
42,0.0
42,0.0
42,0.0
42,0.0
42,0.0
42,0.6300000000000003
42,0.0
42,0.0
42,0.0
42,0.0
42,0.0
42,0.0
42,0.0
42,0.4950000000000002
42,0.0
42,0.0
42,0.0
42,0.0
42,0.0
42,0.0
42,0.0
42,0.0
42,0.0
42,0.0
42,0.3300000000000001
42,0.0
42,0.0
42,0.0
42,0.0
42,0.0
42,0.0
42,0.4200000000000002
42,0.0
42,0.0
42,0.0
42,0.0
42,0.0
42,0.0
42,0.0
42,0.0
42,0.0
42,0.0
43,0.0
43,0.0
43,0.0
43,0.0
43,0.0
43,0.6200000000000003
43,0.0
43,0.0
43,0.0
43,0.6450000000000004
43,0.0
43,0.0
43,0.0
43,0.0
43,0.0
43,0.5150000000000002
43,0.0
43,0.0
43,0.0
43,0.0
43,0.0
43,0.0
43,0.0
43,0.0
43,0.0
43,0.0
43,0.0
43,0.0
43,0.0
43,0.0
43,0.0
43,0.0
43,0.5150000000000002
43,0.0
43,0.0
43,0.0
43,0.0
43,0.0
43,0.0
43,0.0
43,0.4300000000000002
43,0.0
43,0.0
43,0.0
43,0.0
43,0.0
43,0.5650000000000003
43,0.0
43,0.5950000000000003
43,0.4400000000000002
43,0.4200000000000002
43,0.01
43,0.0
43,0.0
43,0.0
43,0.0
43,0.0
43,0.0
43,0.0
43,0.0
43,0.0
43,0.0
43,0.0
43,0.6450000000000004
43,0.0
43,0.0
43,0.0
43,0.0
43,0.0
43,0.0
43,0.0
43,0.5050000000000002
43,0.0
43,0.0
43,0.0
43,0.0
43,0.0
43,0.0
43,0.0
43,0.0
43,0.0
43,0.0
43,0.34000000000000014
43,0.0
43,0.0
43,0.0
43,0.0
43,0.0
43,0.0
43,0.4300000000000002
43,0.0
43,0.0
43,0.0
43,0.0
43,0.0
43,0.0
43,0.0
43,0.0
43,0.0
43,0.0
44,0.0
44,0.0
44,0.0
44,0.0
44,0.0
44,0.6300000000000003
44,0.0
44,0.0
44,0.0
44,0.6600000000000004
44,0.0
44,0.0
44,0.0
44,0.0
44,0.0
44,0.5300000000000002
44,0.0
44,0.0
44,0.0
44,0.0
44,0.0
44,0.0
44,0.0
44,0.0
44,0.0
44,0.0
44,0.0
44,0.0
44,0.0
44,0.0
44,0.0
44,0.0
44,0.5250000000000002
44,0.0
44,0.0
44,0.0
44,0.0
44,0.0
44,0.0
44,0.0
44,0.4400000000000002
44,0.0
44,0.0
44,0.0
44,0.0
44,0.0
44,0.5750000000000003
44,0.0
44,0.6050000000000003
44,0.45000000000000023
44,0.4200000000000002
44,0.02
44,0.0
44,0.0
44,0.0
44,0.0
44,0.0
44,0.0
44,0.0
44,0.0
44,0.0
44,0.0
44,0.0
44,0.6600000000000004
44,0.0
44,0.0
44,0.0
44,0.0
44,0.0
44,0.0
44,0.0
44,0.5150000000000002
44,0.0
44,0.0
44,0.0
44,0.0
44,0.0
44,0.0
44,0.0
44,0.0
44,0.0
44,0.0
44,0.35000000000000014
44,0.0
44,0.0
44,0.0
44,0.0
44,0.0
44,0.0
44,0.4400000000000002
44,0.0
44,0.0
44,0.0
44,0.0
44,0.0
44,0.0
44,0.0
44,0.0
44,0.0
44,0.0
45,0.0
45,0.0
45,0.0
45,0.0
45,0.0
45,0.6400000000000003
45,0.0
45,0.0
45,0.0
45,0.6750000000000004
45,0.0
45,0.0
45,0.0
45,0.0
45,0.0
45,0.5450000000000003
45,0.0
45,0.0
45,0.0
45,0.0
45,0.0
45,0.0
45,0.0
45,0.0
45,0.0
45,0.0
45,0.0
45,0.0
45,0.0
45,0.0
45,0.0
45,0.0
45,0.5350000000000003
45,0.0
45,0.0
45,0.0
45,0.0
45,0.0
45,0.0
45,0.0
45,0.45000000000000023
45,0.0
45,0.0
45,0.0
45,0.0
45,0.0
45,0.5850000000000003
45,0.0
45,0.6150000000000003
45,0.46000000000000024
45,0.4200000000000002
45,0.03
45,0.0
45,0.0
45,0.0
45,0.0
45,0.0
45,0.0
45,0.0
45,0.0
45,0.0
45,0.0
45,0.0
45,0.6750000000000004
45,0.0
45,0.0
45,0.0
45,0.0
45,0.0
45,0.0
45,0.0
45,0.5150000000000002
45,0.0
45,0.0
45,0.0
45,0.0
45,0.0
45,0.0
45,0.0
45,0.0
45,0.0
45,0.0
45,0.36000000000000015
45,0.0
45,0.0
45,0.0
45,0.0
45,0.0
45,0.0
45,0.45000000000000023
45,0.0
45,0.0
45,0.0
45,0.0
45,0.0
45,0.0
45,0.0
45,0.0
45,0.0
45,0.0
46,0.0
46,0.0
46,0.0
46,0.0
46,0.0
46,0.6500000000000004
46,0.0
46,0.0
46,0.0
46,0.6900000000000004
46,0.0
46,0.0
46,0.0
46,0.0
46,0.0
46,0.5600000000000003
46,0.0
46,0.0
46,0.0
46,0.0
46,0.0
46,0.0
46,0.0
46,0.0
46,0.0
46,0.0
46,0.0
46,0.0
46,0.0
46,0.0
46,0.0
46,0.0
46,0.5450000000000003
46,0.0
46,0.0
46,0.0
46,0.0
46,0.0
46,0.0
46,0.0
46,0.46000000000000024
46,0.0
46,0.0
46,0.0
46,0.0
46,0.0
46,0.5950000000000003
46,0.0
46,0.6250000000000003
46,0.47000000000000025
46,0.4200000000000002
46,0.04
46,0.0
46,0.0
46,0.0
46,0.0
46,0.0
46,0.0
46,0.0
46,0.0
46,0.0
46,0.0
46,0.0
46,0.6900000000000004
46,0.0
46,0.0
46,0.0
46,0.0
46,0.0
46,0.0
46,0.0
46,0.5150000000000002
46,0.0
46,0.0
46,0.0
46,0.0
46,0.0
46,0.0
46,0.0
46,0.0
46,0.0
46,0.0
46,0.37000000000000016
46,0.0
46,0.0
46,0.0
46,0.0
46,0.0
46,0.0
46,0.46000000000000024
46,0.0
46,0.0
46,0.0
46,0.0
46,0.0
46,0.0
46,0.0
46,0.0
46,0.0
46,0.0
47,0.0
47,0.0
47,0.0
47,0.0
47,0.0
47,0.6600000000000004
47,0.0
47,0.0
47,0.0
47,0.7050000000000004
47,0.0
47,0.0
47,0.0
47,0.0
47,0.0
47,0.5750000000000003
47,0.0
47,0.0
47,0.0
47,0.0
47,0.0
47,0.0
47,0.0
47,0.0
47,0.0
47,0.0
47,0.0
47,0.0
47,0.0
47,0.0
47,0.0
47,0.0
47,0.5450000000000003
47,0.0
47,0.0
47,0.0
47,0.0
47,0.0
47,0.0
47,0.0
47,0.47000000000000025
47,0.0
47,0.0
47,0.0
47,0.0
47,0.0
47,0.6050000000000003
47,0.0
47,0.6350000000000003
47,0.48000000000000026
47,0.4200000000000002
47,0.05
47,0.0
47,0.0
47,0.0
47,0.0
47,0.0
47,0.0
47,0.0
47,0.0
47,0.0
47,0.0
47,0.0
47,0.7050000000000004
47,0.0
47,0.0
47,0.0
47,0.0
47,0.0
47,0.0
47,0.0
47,0.5150000000000002
47,0.0
47,0.0
47,0.0
47,0.0
47,0.0
47,0.0
47,0.0
47,0.0
47,0.0
47,0.0
47,0.38000000000000017
47,0.0
47,0.0
47,0.0
47,0.0
47,0.0
47,0.0
47,0.47000000000000025
47,0.0
47,0.0
47,0.0
47,0.0
47,0.0
47,0.0
47,0.0
47,0.0
47,0.0
47,0.0
48,0.0
48,0.0
48,0.0
48,0.0
48,0.0
48,0.6700000000000004
48,0.0
48,0.0
48,0.0
48,0.7200000000000004
48,0.0
48,0.0
48,0.0
48,0.0
48,0.0
48,0.5900000000000003
48,0.0
48,0.0
48,0.0
48,0.0
48,0.0
48,0.0
48,0.0
48,0.0
48,0.0
48,0.0
48,0.0
48,0.0
48,0.0
48,0.0
48,0.0
48,0.0
48,0.5450000000000003
48,0.0
48,0.0
48,0.0
48,0.0
48,0.0
48,0.0
48,0.0
48,0.48000000000000026
48,0.0
48,0.0
48,0.0
48,0.0
48,0.0
48,0.6150000000000003
48,0.0
48,0.6450000000000004
48,0.49000000000000027
48,0.4200000000000002
48,0.05
48,0.0
48,0.0
48,0.0
48,0.0
48,0.0
48,0.0
48,0.0
48,0.0
48,0.0
48,0.0
48,0.0
48,0.7200000000000004
48,0.0
48,0.0
48,0.0
48,0.0
48,0.0
48,0.0
48,0.0
48,0.5150000000000002
48,0.0
48,0.0
48,0.0
48,0.0
48,0.0
48,0.0
48,0.0
48,0.0
48,0.0
48,0.0
48,0.3900000000000002
48,0.0
48,0.0
48,0.0
48,0.0
48,0.0
48,0.0
48,0.48000000000000026
48,0.0
48,0.0
48,0.0
48,0.0
48,0.0
48,0.0
48,0.0
48,0.0
48,0.0
48,0.0
49,0.0
49,0.0
49,0.0
49,0.0
49,0.0
49,0.6800000000000004
49,0.0
49,0.0
49,0.0
49,0.7350000000000004
49,0.0
49,0.0
49,0.0
49,0.0
49,0.0
49,0.6050000000000003
49,0.0
49,0.0
49,0.0
49,0.0
49,0.0
49,0.0
49,0.0
49,0.0
49,0.0
49,0.0
49,0.0
49,0.0
49,0.0
49,0.0
49,0.0
49,0.0
49,0.5450000000000003
49,0.0
49,0.0
49,0.0
49,0.0
49,0.0
49,0.0
49,0.0
49,0.49000000000000027
49,0.0
49,0.0
49,0.0
49,0.0
49,0.0
49,0.6250000000000003
49,0.0
49,0.6550000000000004
49,0.5000000000000002
49,0.4200000000000002
49,0.05500000000000001
49,0.0
49,0.0
49,0.0
49,0.0
49,0.0
49,0.0
49,0.0
49,0.0
49,0.0
49,0.0
49,0.0
49,0.7350000000000004
49,0.0
49,0.0
49,0.0
49,0.0
49,0.0
49,0.0
49,0.0
49,0.5150000000000002
49,0.0
49,0.0
49,0.0
49,0.0
49,0.0
49,0.0
49,0.0
49,0.0
49,0.0
49,0.0
49,0.4000000000000002
49,0.0
49,0.0
49,0.0
49,0.0
49,0.0
49,0.0
49,0.49000000000000027
49,0.0
49,0.0
49,0.0
49,0.0
49,0.0
49,0.0
49,0.0
49,0.0
49,0.0
49,0.0
50,0.0
50,0.0
50,0.0
50,0.0
50,0.0
50,0.6900000000000003
50,0.0
50,0.0
50,0.0
50,0.7500000000000003
50,0.0
50,0.0
50,0.0
50,0.0
50,0.0
50,0.6200000000000002
50,0.0
50,0.0
50,0.0
50,0.0
50,0.0
50,0.0
50,0.0
50,0.0
50,0.0
50,0.0
50,0.0
50,0.0
50,0.0
50,0.0
50,0.0
50,0.0
50,0.5450000000000003
50,0.0
50,0.0
50,0.0
50,0.0
50,0.0
50,0.0
50,0.0
50,0.5000000000000002
50,0.0
50,0.0
50,0.0
50,0.0
50,0.0
50,0.6350000000000002
50,0.0
50,0.6650000000000003
50,0.5150000000000002
50,0.4200000000000002
50,0.065
50,0.0
50,0.0
50,0.0
50,0.0
50,0.0
50,0.0
50,0.0
50,0.0
50,0.0
50,0.0
50,0.0
50,0.7500000000000003
50,0.0
50,0.0
50,0.0
50,0.0
50,0.0
50,0.0
50,0.0
50,0.5150000000000002
50,0.0
50,0.0
50,0.0
50,0.0
50,0.0
50,0.0
50,0.0
50,0.0
50,0.0
50,0.0
50,0.4100000000000002
50,0.0
50,0.0
50,0.0
50,0.0
50,0.0
50,0.0
50,0.5000000000000002
50,0.0
50,0.0
50,0.0
50,0.0
50,0.0
50,0.0
50,0.0
50,0.0
50,0.0
50,0.0
51,0.0
51,0.0
51,0.0
51,0.0
51,0.0
51,0.7000000000000003
51,0.0
51,0.0
51,0.0
51,0.7650000000000003
51,0.0
51,0.0
51,0.0
51,0.0
51,0.0
51,0.6350000000000002
51,0.0
51,0.0
51,0.0
51,0.0
51,0.0
51,0.0
51,0.0
51,0.0
51,0.0
51,0.0
51,0.0
51,0.0
51,0.0
51,0.0
51,0.0
51,0.0
51,0.5450000000000003
51,0.0
51,0.0
51,0.0
51,0.0
51,0.0
51,0.0
51,0.0
51,0.5100000000000002
51,0.0
51,0.0
51,0.0
51,0.0
51,0.0
51,0.6450000000000002
51,0.0
51,0.6750000000000003
51,0.5300000000000002
51,0.4200000000000002
51,0.065
51,0.0
51,0.0
51,0.0
51,0.0
51,0.0
51,0.0
51,0.0
51,0.0
51,0.0
51,0.0
51,0.0
51,0.7650000000000003
51,0.0
51,0.0
51,0.0
51,0.0
51,0.0
51,0.0
51,0.0
51,0.5150000000000002
51,0.0
51,0.0
51,0.0
51,0.0
51,0.0
51,0.0
51,0.0
51,0.0
51,0.0
51,0.0
51,0.4200000000000002
51,0.0
51,0.0
51,0.0
51,0.0
51,0.0
51,0.0
51,0.5100000000000002
51,0.0
51,0.0
51,0.0
51,0.0
51,0.0
51,0.0
51,0.0
51,0.0
51,0.0
51,0.0
52,0.0
52,0.0
52,0.0
52,0.0
52,0.0
52,0.7100000000000003
52,0.0
52,0.0
52,0.0
52,0.7800000000000004
52,0.0
52,0.0
52,0.0
52,0.0
52,0.0
52,0.6500000000000002
52,0.0
52,0.0
52,0.0
52,0.0
52,0.0
52,0.0
52,0.0
52,0.0
52,0.0
52,0.0
52,0.0
52,0.0
52,0.0
52,0.0
52,0.0
52,0.0
52,0.5450000000000003
52,0.0
52,0.0
52,0.0
52,0.0
52,0.0
52,0.0
52,0.0
52,0.5200000000000002
52,0.0
52,0.0
52,0.0
52,0.0
52,0.0
52,0.6550000000000002
52,0.0
52,0.6850000000000003
52,0.5450000000000003
52,0.4200000000000002
52,0.065
52,0.0
52,0.0
52,0.0
52,0.0
52,0.0
52,0.0
52,0.0
52,0.0
52,0.0
52,0.0
52,0.0
52,0.7800000000000004
52,0.0
52,0.0
52,0.0
52,0.0
52,0.0
52,0.0
52,0.0
52,0.5150000000000002
52,0.0
52,0.0
52,0.0
52,0.0
52,0.0
52,0.0
52,0.0
52,0.0
52,0.0
52,0.0
52,0.4300000000000002
52,0.0
52,0.0
52,0.0
52,0.0
52,0.0
52,0.0
52,0.5200000000000002
52,0.0
52,0.0
52,0.0
52,0.0
52,0.0
52,0.0
52,0.0
52,0.0
52,0.0
52,0.0
53,0.0
53,0.0
53,0.0
53,0.0
53,0.0
53,0.7200000000000003
53,0.0
53,0.0
53,0.0
53,0.7950000000000004
53,0.0
53,0.0
53,0.0
53,0.0
53,0.0
53,0.6650000000000003
53,0.0
53,0.0
53,0.0
53,0.0
53,0.0
53,0.0
53,0.0
53,0.0
53,0.0
53,0.0
53,0.0
53,0.0
53,0.0
53,0.0
53,0.0
53,0.0
53,0.5450000000000003
53,0.0
53,0.0
53,0.0
53,0.0
53,0.0
53,0.0
53,0.0
53,0.5300000000000002
53,0.0
53,0.0
53,0.0
53,0.0
53,0.0
53,0.6650000000000003
53,0.0
53,0.6950000000000003
53,0.5600000000000003
53,0.4200000000000002
53,0.065
53,0.0
53,0.0
53,0.0
53,0.0
53,0.0
53,0.0
53,0.0
53,0.0
53,0.0
53,0.0
53,0.0
53,0.7950000000000004
53,0.0
53,0.0
53,0.0
53,0.0
53,0.0
53,0.0
53,0.0
53,0.5150000000000002
53,0.0
53,0.0
53,0.0
53,0.0
53,0.0
53,0.0
53,0.0
53,0.0
53,0.0
53,0.0
53,0.4300000000000002
53,0.0
53,0.0
53,0.0
53,0.0
53,0.0
53,0.0
53,0.5300000000000002
53,0.0
53,0.0
53,0.0
53,0.0
53,0.0
53,0.0
53,0.0
53,0.0
53,0.0
53,0.0
54,0.0
54,0.0
54,0.0
54,0.0
54,0.0
54,0.7300000000000003
54,0.0
54,0.0
54,0.0
54,0.8100000000000004
54,0.0
54,0.0
54,0.0
54,0.0
54,0.0
54,0.6800000000000003
54,0.0
54,0.0
54,0.0
54,0.0
54,0.0
54,0.0
54,0.0
54,0.0
54,0.0
54,0.0
54,0.0
54,0.0
54,0.0
54,0.0
54,0.0
54,0.0
54,0.5450000000000003
54,0.0
54,0.0
54,0.0
54,0.0
54,0.0
54,0.0
54,0.0
54,0.5400000000000003
54,0.0
54,0.0
54,0.0
54,0.0
54,0.0
54,0.6750000000000003
54,0.0
54,0.7050000000000003
54,0.5750000000000003
54,0.4200000000000002
54,0.065
54,0.0
54,0.0
54,0.0
54,0.0
54,0.0
54,0.0
54,0.0
54,0.0
54,0.0
54,0.0
54,0.0
54,0.8100000000000004
54,0.0
54,0.0
54,0.0
54,0.0
54,0.0
54,0.0
54,0.0
54,0.5150000000000002
54,0.0
54,0.0
54,0.0
54,0.0
54,0.0
54,0.0
54,0.0
54,0.0
54,0.0
54,0.0
54,0.4400000000000002
54,0.0
54,0.0
54,0.0
54,0.0
54,0.0
54,0.0
54,0.5400000000000003
54,0.0
54,0.0
54,0.0
54,0.0
54,0.0
54,0.0
54,0.0
54,0.0
54,0.0
54,0.0
55,0.0
55,0.0
55,0.0
55,0.0
55,0.0
55,0.7400000000000003
55,0.0
55,0.0
55,0.0
55,0.8250000000000004
55,0.0
55,0.0
55,0.0
55,0.0
55,0.0
55,0.6950000000000003
55,0.0
55,0.01
55,0.0
55,0.0
55,0.0
55,0.0
55,0.0
55,0.0
55,0.0
55,0.0
55,0.0
55,0.0
55,0.0
55,0.0
55,0.0
55,0.0
55,0.5450000000000003
55,0.0
55,0.0
55,0.0
55,0.0
55,0.0
55,0.0
55,0.0
55,0.5500000000000003
55,0.0
55,0.0
55,0.0
55,0.0
55,0.0
55,0.6850000000000003
55,0.0
55,0.7150000000000003
55,0.5900000000000003
55,0.4200000000000002
55,0.065
55,0.0
55,0.0
55,0.0
55,0.0
55,0.0
55,0.0
55,0.0
55,0.0
55,0.0
55,0.0
55,0.0
55,0.8250000000000004
55,0.0
55,0.0
55,0.0
55,0.0
55,0.0
55,0.0
55,0.0
55,0.5150000000000002
55,0.0
55,0.0
55,0.0
55,0.0
55,0.0
55,0.0
55,0.0
55,0.0
55,0.0
55,0.0
55,0.45000000000000023
55,0.0
55,0.0
55,0.0
55,0.0
55,0.0
55,0.0
55,0.5500000000000003
55,0.0
55,0.0
55,0.0
55,0.0
55,0.0
55,0.0
55,0.0
55,0.0
55,0.0
55,0.0
56,0.0
56,0.0
56,0.0
56,0.0
56,0.0
56,0.7500000000000003
56,0.0
56,0.0
56,0.0
56,0.8350000000000004
56,0.0
56,0.0
56,0.0
56,0.0
56,0.0
56,0.7100000000000003
56,0.0
56,0.02
56,0.0
56,0.0
56,0.0
56,0.0
56,0.0
56,0.0
56,0.0
56,0.0
56,0.0
56,0.0
56,0.0
56,0.0
56,0.0
56,0.0
56,0.5450000000000003
56,0.0
56,0.0
56,0.0
56,0.0
56,0.0
56,0.0
56,0.0
56,0.5600000000000003
56,0.0
56,0.0
56,0.0
56,0.0
56,0.0
56,0.6950000000000003
56,0.0
56,0.7250000000000003
56,0.6050000000000003
56,0.4200000000000002
56,0.065
56,0.0
56,0.0
56,0.0
56,0.0
56,0.0
56,0.0
56,0.0
56,0.0
56,0.0
56,0.0
56,0.0
56,0.8400000000000004
56,0.0
56,0.0
56,0.0
56,0.0
56,0.0
56,0.0
56,0.0
56,0.5150000000000002
56,0.0
56,0.0
56,0.0
56,0.0
56,0.0
56,0.0
56,0.0
56,0.0
56,0.0
56,0.0
56,0.46000000000000024
56,0.0
56,0.0
56,0.0
56,0.0
56,0.0
56,0.0
56,0.5600000000000003
56,0.0
56,0.0
56,0.0
56,0.0
56,0.0
56,0.0
56,0.0
56,0.0
56,0.0
56,0.0
57,0.0
57,0.0
57,0.0
57,0.0
57,0.0
57,0.7600000000000003
57,0.0
57,0.0
57,0.0
57,0.8450000000000004
57,0.0
57,0.0
57,0.0
57,0.0
57,0.0
57,0.7250000000000003
57,0.0
57,0.03
57,0.0
57,0.0
57,0.0
57,0.0
57,0.0
57,0.0
57,0.0
57,0.0
57,0.0
57,0.0
57,0.0
57,0.0
57,0.0
57,0.0
57,0.5450000000000003
57,0.0
57,0.0
57,0.0
57,0.0
57,0.0
57,0.0
57,0.0
57,0.5700000000000003
57,0.0
57,0.0
57,0.0
57,0.0
57,0.0
57,0.7050000000000003
57,0.0
57,0.7350000000000003
57,0.6200000000000003
57,0.4200000000000002
57,0.065
57,0.0
57,0.0
57,0.0
57,0.0
57,0.0
57,0.0
57,0.0
57,0.0
57,0.0
57,0.0
57,0.0
57,0.8550000000000004
57,0.0
57,0.0
57,0.0
57,0.0
57,0.0
57,0.0
57,0.0
57,0.5150000000000002
57,0.0
57,0.0
57,0.0
57,0.0
57,0.0
57,0.0
57,0.0
57,0.0
57,0.0
57,0.0
57,0.47000000000000025
57,0.0
57,0.0
57,0.0
57,0.0
57,0.0
57,0.0
57,0.5700000000000003
57,0.0
57,0.0
57,0.0
57,0.0
57,0.0
57,0.0
57,0.0
57,0.0
57,0.0
57,0.0
58,0.0
58,0.0
58,0.0
58,0.0
58,0.0
58,0.7600000000000003
58,0.0
58,0.0
58,0.0
58,0.8550000000000004
58,0.0
58,0.0
58,0.0
58,0.0
58,0.0
58,0.7400000000000003
58,0.0
58,0.04
58,0.0
58,0.0
58,0.0
58,0.0
58,0.0
58,0.0
58,0.0
58,0.0
58,0.0
58,0.0
58,0.0
58,0.0
58,0.0
58,0.0
58,0.5450000000000003
58,0.0
58,0.0
58,0.0
58,0.0
58,0.0
58,0.0
58,0.0
58,0.5800000000000003
58,0.0
58,0.0
58,0.0
58,0.0
58,0.0
58,0.7150000000000003
58,0.0
58,0.7450000000000003
58,0.6350000000000002
58,0.4200000000000002
58,0.065
58,0.0
58,0.0
58,0.0
58,0.0
58,0.0
58,0.0
58,0.0
58,0.0
58,0.0
58,0.0
58,0.0
58,0.8700000000000004
58,0.0
58,0.0
58,0.0
58,0.0
58,0.0
58,0.0
58,0.0
58,0.5150000000000002
58,0.0
58,0.0
58,0.0
58,0.0
58,0.0
58,0.0
58,0.0
58,0.0
58,0.0
58,0.0
58,0.48000000000000026
58,0.0
58,0.0
58,0.0
58,0.0
58,0.0
58,0.0
58,0.5800000000000003
58,0.0
58,0.0
58,0.0
58,0.0
58,0.0
58,0.0
58,0.0
58,0.0
58,0.0
58,0.0
59,0.0
59,0.0
59,0.0
59,0.0
59,0.0
59,0.7600000000000003
59,0.0
59,0.0
59,0.0
59,0.8650000000000004
59,0.0
59,0.0
59,0.0
59,0.0
59,0.0
59,0.7550000000000003
59,0.0
59,0.05
59,0.0
59,0.0
59,0.0
59,0.0
59,0.0
59,0.0
59,0.0
59,0.0
59,0.0
59,0.0
59,0.0
59,0.0
59,0.0
59,0.0
59,0.5450000000000003
59,0.0
59,0.0
59,0.0
59,0.0
59,0.0
59,0.0
59,0.0
59,0.5900000000000003
59,0.0
59,0.0
59,0.0
59,0.0
59,0.0
59,0.7250000000000003
59,0.0
59,0.7550000000000003
59,0.6500000000000002
59,0.4200000000000002
59,0.065
59,0.0
59,0.0
59,0.0
59,0.0
59,0.0
59,0.0
59,0.0
59,0.0
59,0.0
59,0.0
59,0.0
59,0.8850000000000005
59,0.0
59,0.0
59,0.0
59,0.0
59,0.0
59,0.0
59,0.0
59,0.5150000000000002
59,0.0
59,0.0
59,0.0
59,0.0
59,0.0
59,0.0
59,0.0
59,0.0
59,0.0
59,0.0
59,0.49000000000000027
59,0.0
59,0.0
59,0.0
59,0.0
59,0.0
59,0.0
59,0.5900000000000003
59,0.0
59,0.0
59,0.0
59,0.0
59,0.0
59,0.0
59,0.0
59,0.0
59,0.0
59,0.0
60,0.0
60,0.0
60,0.0
60,0.0
60,0.0
60,0.7600000000000003
60,0.0
60,0.0
60,0.0
60,0.8750000000000004
60,0.0
60,0.0
60,0.0
60,0.0
60,0.0
60,0.7700000000000004
60,0.0
60,0.060000000000000005
60,0.0
60,0.0
60,0.0
60,0.0
60,0.0
60,0.0
60,0.0
60,0.0
60,0.0
60,0.0
60,0.0
60,0.0
60,0.0
60,0.0
60,0.5450000000000003
60,0.0
60,0.0
60,0.0
60,0.0
60,0.0
60,0.0
60,0.0
60,0.6000000000000003
60,0.0
60,0.0
60,0.0
60,0.0
60,0.0
60,0.7350000000000003
60,0.0
60,0.7650000000000003
60,0.6650000000000003
60,0.4200000000000002
60,0.065
60,0.0
60,0.0
60,0.0
60,0.0
60,0.0
60,0.0
60,0.0
60,0.0
60,0.0
60,0.0
60,0.01
60,0.9000000000000005
60,0.0
60,0.0
60,0.0
60,0.0
60,0.0
60,0.0
60,0.0
60,0.5150000000000002
60,0.0
60,0.0
60,0.0
60,0.0
60,0.0
60,0.0
60,0.0
60,0.0
60,0.0
60,0.0
60,0.5000000000000002
60,0.0
60,0.0
60,0.0
60,0.0
60,0.0
60,0.0
60,0.6000000000000003
60,0.0
60,0.0
60,0.0
60,0.0
60,0.0
60,0.0
60,0.0
60,0.0
60,0.0
60,0.0
61,0.0
61,0.0
61,0.0
61,0.0
61,0.0
61,0.7600000000000003
61,0.0
61,0.0
61,0.0
61,0.8850000000000005
61,0.0
61,0.0
61,0.0
61,0.0
61,0.0
61,0.7850000000000004
61,0.0
61,0.07
61,0.0
61,0.0
61,0.0
61,0.0
61,0.0
61,0.0
61,0.0
61,0.0
61,0.0
61,0.0
61,0.0
61,0.0
61,0.0
61,0.0
61,0.5450000000000003
61,0.0
61,0.0
61,0.0
61,0.0
61,0.0
61,0.0
61,0.0
61,0.6100000000000003
61,0.0
61,0.0
61,0.0
61,0.0
61,0.0
61,0.7450000000000003
61,0.0
61,0.7750000000000004
61,0.6800000000000003
61,0.4200000000000002
61,0.065
61,0.0
61,0.0
61,0.0
61,0.0
61,0.0
61,0.0
61,0.0
61,0.0
61,0.0
61,0.0
61,0.02
61,0.9150000000000005
61,0.0
61,0.0
61,0.0
61,0.0
61,0.0
61,0.0
61,0.0
61,0.5150000000000002
61,0.0
61,0.0
61,0.0
61,0.0
61,0.0
61,0.0
61,0.0
61,0.0
61,0.0
61,0.0
61,0.5100000000000002
61,0.0
61,0.0
61,0.0
61,0.0
61,0.0
61,0.0
61,0.6100000000000003
61,0.0
61,0.0
61,0.0
61,0.0
61,0.0
61,0.0
61,0.0
61,0.0
61,0.0
61,0.0
62,0.0
62,0.0
62,0.0
62,0.0
62,0.0
62,0.7600000000000003
62,0.0
62,0.0
62,0.0
62,0.8950000000000005
62,0.0
62,0.0
62,0.0
62,0.0
62,0.0
62,0.8000000000000004
62,0.0
62,0.08
62,0.0
62,0.0
62,0.0
62,0.0
62,0.0
62,0.0
62,0.0
62,0.0
62,0.0
62,0.0
62,0.0
62,0.0
62,0.0
62,0.0
62,0.5450000000000003
62,0.0
62,0.0
62,0.0
62,0.0
62,0.0
62,0.0
62,0.0
62,0.6200000000000003
62,0.0
62,0.0
62,0.0
62,0.0
62,0.0
62,0.7550000000000003
62,0.0
62,0.7850000000000004
62,0.6950000000000003
62,0.4200000000000002
62,0.065
62,0.0
62,0.0
62,0.0
62,0.0
62,0.0
62,0.0
62,0.0
62,0.0
62,0.0
62,0.0
62,0.03
62,0.9300000000000005
62,0.0
62,0.0
62,0.0
62,0.0
62,0.0
62,0.0
62,0.0
62,0.5150000000000002
62,0.0
62,0.0
62,0.0
62,0.0
62,0.0
62,0.0
62,0.0
62,0.0
62,0.0
62,0.0
62,0.5200000000000002
62,0.0
62,0.0
62,0.0
62,0.0
62,0.0
62,0.0
62,0.6200000000000003
62,0.0
62,0.0
62,0.0
62,0.0
62,0.0
62,0.0
62,0.0
62,0.0
62,0.0
62,0.0
63,0.0
63,0.0
63,0.0
63,0.0
63,0.0
63,0.7600000000000003
63,0.0
63,0.0
63,0.0
63,0.9050000000000005
63,0.0
63,0.0
63,0.0
63,0.0
63,0.0
63,0.8150000000000004
63,0.0
63,0.09
63,0.0
63,0.0
63,0.0
63,0.0
63,0.0
63,0.0
63,0.0
63,0.0
63,0.0
63,0.0
63,0.0
63,0.0
63,0.0
63,0.0
63,0.5450000000000003
63,0.0
63,0.0
63,0.0
63,0.0
63,0.0
63,0.0
63,0.0
63,0.6300000000000003
63,0.0
63,0.0
63,0.0
63,0.0
63,0.0
63,0.7650000000000003
63,0.0
63,0.7950000000000004
63,0.7100000000000003
63,0.4200000000000002
63,0.065
63,0.0
63,0.0
63,0.0
63,0.0
63,0.0
63,0.0
63,0.0
63,0.0
63,0.0
63,0.0
63,0.04
63,0.9450000000000005
63,0.0
63,0.0
63,0.0
63,0.0
63,0.0
63,0.0
63,0.0
63,0.5150000000000002
63,0.0
63,0.0
63,0.0
63,0.0
63,0.0
63,0.0
63,0.0
63,0.0
63,0.0
63,0.0
63,0.5300000000000002
63,0.0
63,0.0
63,0.0
63,0.0
63,0.0
63,0.0
63,0.6300000000000003
63,0.0
63,0.0
63,0.0
63,0.0
63,0.0
63,0.0
63,0.0
63,0.0
63,0.0
63,0.0
64,0.0
64,0.0
64,0.0
64,0.0
64,0.0
64,0.7600000000000003
64,0.0
64,0.0
64,0.0
64,0.9150000000000005
64,0.0
64,0.0
64,0.0
64,0.0
64,0.0
64,0.8300000000000004
64,0.0
64,0.09999999999999999
64,0.0
64,0.0
64,0.0
64,0.0
64,0.0
64,0.0
64,0.0
64,0.0
64,0.0
64,0.0
64,0.0
64,0.0
64,0.0
64,0.0
64,0.5450000000000003
64,0.0
64,0.0
64,0.0
64,0.0
64,0.0
64,0.0
64,0.0
64,0.6400000000000003
64,0.0
64,0.0
64,0.0
64,0.0
64,0.0
64,0.7750000000000004
64,0.0
64,0.8050000000000004
64,0.7250000000000003
64,0.4200000000000002
64,0.065
64,0.0
64,0.0
64,0.0
64,0.0
64,0.0
64,0.0
64,0.0
64,0.0
64,0.0
64,0.0
64,0.05
64,0.9600000000000005
64,0.0
64,0.0
64,0.0
64,0.0
64,0.0
64,0.0
64,0.0
64,0.5150000000000002
64,0.0
64,0.0
64,0.0
64,0.0
64,0.0
64,0.0
64,0.0
64,0.0
64,0.0
64,0.0
64,0.5400000000000003
64,0.0
64,0.0
64,0.0
64,0.0
64,0.0
64,0.0
64,0.6400000000000003
64,0.0
64,0.0
64,0.0
64,0.0
64,0.0
64,0.0
64,0.0
64,0.0
64,0.0
64,0.0
65,0.0
65,0.0
65,0.0
65,0.0
65,0.0
65,0.7600000000000003
65,0.0
65,0.0
65,0.0
65,0.9250000000000005
65,0.0
65,0.0
65,0.0
65,0.0
65,0.0
65,0.8450000000000004
65,0.0
65,0.10999999999999999
65,0.0
65,0.0
65,0.0
65,0.0
65,0.0
65,0.0
65,0.0
65,0.0
65,0.0
65,0.0
65,0.0
65,0.0
65,0.0
65,0.0
65,0.5450000000000003
65,0.0
65,0.0
65,0.0
65,0.0
65,0.0
65,0.0
65,0.0
65,0.6500000000000004
65,0.0
65,0.0
65,0.0
65,0.0
65,0.0
65,0.7750000000000004
65,0.0
65,0.8150000000000004
65,0.7400000000000003
65,0.4200000000000002
65,0.065
65,0.0
65,0.0
65,0.0
65,0.0
65,0.0
65,0.0
65,0.0
65,0.0
65,0.0
65,0.0
65,0.060000000000000005
65,0.9750000000000005
65,0.0
65,0.0
65,0.0
65,0.0
65,0.0
65,0.0
65,0.0
65,0.5150000000000002
65,0.0
65,0.0
65,0.0
65,0.0
65,0.0
65,0.0
65,0.0
65,0.0
65,0.0
65,0.0
65,0.5500000000000003
65,0.0
65,0.0
65,0.0
65,0.0
65,0.0
65,0.0
65,0.6500000000000004
65,0.0
65,0.0
65,0.0
65,0.0
65,0.0
65,0.0
65,0.0
65,0.0
65,0.0
65,0.0
66,0.0
66,0.0
66,0.0
66,0.0
66,0.0
66,0.7600000000000003
66,0.0
66,0.0
66,0.0
66,0.9350000000000005
66,0.0
66,0.0
66,0.0
66,0.0
66,0.0
66,0.8600000000000004
66,0.0
66,0.11999999999999998
66,0.0
66,0.0
66,0.0
66,0.0
66,0.0
66,0.0
66,0.0
66,0.0
66,0.0
66,0.0
66,0.0
66,0.0
66,0.0
66,0.0
66,0.5450000000000003
66,0.0
66,0.0
66,0.0
66,0.0
66,0.0
66,0.0
66,0.0
66,0.6600000000000004
66,0.0
66,0.0
66,0.0
66,0.0
66,0.0
66,0.7750000000000004
66,0.0
66,0.8250000000000004
66,0.7550000000000003
66,0.4200000000000002
66,0.065
66,0.0
66,0.0
66,0.0
66,0.0
66,0.0
66,0.0
66,0.0
66,0.0
66,0.0
66,0.0
66,0.07
66,0.9900000000000005
66,0.0
66,0.0
66,0.0
66,0.0
66,0.0
66,0.0
66,0.0
66,0.5150000000000002
66,0.0
66,0.0
66,0.0
66,0.0
66,0.0
66,0.0
66,0.0
66,0.0
66,0.0
66,0.0
66,0.5600000000000003
66,0.0
66,0.0
66,0.0
66,0.0
66,0.0
66,0.0
66,0.6600000000000004
66,0.0
66,0.0
66,0.0
66,0.0
66,0.0
66,0.0
66,0.0
66,0.0
66,0.0
66,0.0
67,0.0
67,0.0
67,0.0
67,0.0
67,0.0
67,0.7600000000000003
67,0.0
67,0.0
67,0.0
67,0.9450000000000005
67,0.0
67,0.0
67,0.0
67,0.0
67,0.0
67,0.8750000000000004
67,0.0
67,0.12999999999999998
67,0.0
67,0.0
67,0.0
67,0.0
67,0.0
67,0.0
67,0.0
67,0.0
67,0.0
67,0.0
67,0.0
67,0.0
67,0.0
67,0.0
67,0.5450000000000003
67,0.0
67,0.0
67,0.0
67,0.0
67,0.0
67,0.0
67,0.0
67,0.6600000000000004
67,0.0
67,0.0
67,0.0
67,0.0
67,0.0
67,0.7750000000000004
67,0.0
67,0.8350000000000004
67,0.7700000000000004
67,0.4200000000000002
67,0.065
67,0.0
67,0.0
67,0.0
67,0.0
67,0.0
67,0.0
67,0.0
67,0.0
67,0.0
67,0.0
67,0.08
67,1.0050000000000006
67,0.0
67,0.0
67,0.0
67,0.0
67,0.0
67,0.0
67,0.0
67,0.5150000000000002
67,0.0
67,0.0
67,0.0
67,0.0
67,0.0
67,0.0
67,0.0
67,0.0
67,0.0
67,0.0
67,0.5700000000000003
67,0.0
67,0.0
67,0.0
67,0.0
67,0.0
67,0.0
67,0.6700000000000004
67,0.0
67,0.0
67,0.0
67,0.0
67,0.0
67,0.0
67,0.0
67,0.0
67,0.0
67,0.0
68,0.0
68,0.0
68,0.0
68,0.0
68,0.0
68,0.7600000000000003
68,0.0
68,0.0
68,0.0
68,0.9550000000000005
68,0.0
68,0.0
68,0.0
68,0.0
68,0.0
68,0.8900000000000005
68,0.0
68,0.13999999999999999
68,0.0
68,0.0
68,0.0
68,0.0
68,0.0
68,0.0
68,0.0
68,0.0
68,0.0
68,0.0
68,0.0
68,0.0
68,0.0
68,0.0
68,0.5450000000000003
68,0.0
68,0.0
68,0.0
68,0.0
68,0.0
68,0.0
68,0.0
68,0.6700000000000004
68,0.0
68,0.0
68,0.0
68,0.0
68,0.0
68,0.7750000000000004
68,0.0
68,0.8450000000000004
68,0.7850000000000004
68,0.4200000000000002
68,0.065
68,0.0
68,0.0
68,0.0
68,0.0
68,0.0
68,0.0
68,0.0
68,0.0
68,0.0
68,0.0
68,0.09
68,1.0200000000000005
68,0.0
68,0.0
68,0.0
68,0.0
68,0.0
68,0.0
68,0.0
68,0.5150000000000002
68,0.0
68,0.0
68,0.0
68,0.0
68,0.0
68,0.0
68,0.0
68,0.0
68,0.0
68,0.0
68,0.5800000000000003
68,0.0
68,0.0
68,0.0
68,0.0
68,0.0
68,0.0
68,0.6800000000000004
68,0.0
68,0.0
68,0.0
68,0.0
68,0.0
68,0.0
68,0.0
68,0.0
68,0.0
68,0.0
69,0.0
69,0.0
69,0.0
69,0.0
69,0.0
69,0.7600000000000003
69,0.0
69,0.0
69,0.0
69,0.9650000000000005
69,0.0
69,0.0
69,0.0
69,0.0
69,0.0
69,0.9050000000000005
69,0.0
69,0.15
69,0.0
69,0.0
69,0.0
69,0.0
69,0.0
69,0.0
69,0.0
69,0.0
69,0.0
69,0.0
69,0.0
69,0.0
69,0.0
69,0.0
69,0.5450000000000003
69,0.0
69,0.0
69,0.0
69,0.0
69,0.0
69,0.0
69,0.0
69,0.6800000000000004
69,0.0
69,0.0
69,0.0
69,0.0
69,0.0
69,0.7750000000000004
69,0.0
69,0.8550000000000004
69,0.8000000000000004
69,0.4200000000000002
69,0.065
69,0.0
69,0.0
69,0.0
69,0.0
69,0.0
69,0.0
69,0.0
69,0.0
69,0.0
69,0.0
69,0.09999999999999999
69,1.0350000000000006
69,0.0
69,0.01
69,0.0
69,0.0
69,0.0
69,0.0
69,0.0
69,0.5150000000000002
69,0.0
69,0.0
69,0.0
69,0.0
69,0.0
69,0.0
69,0.0
69,0.0
69,0.0
69,0.0
69,0.5900000000000003
69,0.0
69,0.0
69,0.0
69,0.0
69,0.0
69,0.0
69,0.6900000000000004
69,0.0
69,0.0
69,0.0
69,0.0
69,0.0
69,0.0
69,0.0
69,0.0
69,0.0
69,0.0
70,0.0
70,0.0
70,0.0
70,0.0
70,0.0
70,0.7600000000000003
70,0.0
70,0.0
70,0.0
70,0.9750000000000005
70,0.0
70,0.0
70,0.0
70,0.0
70,0.0
70,0.9200000000000005
70,0.0
70,0.16
70,0.0
70,0.0
70,0.0
70,0.0
70,0.0
70,0.0
70,0.0
70,0.0
70,0.0
70,0.0
70,0.0
70,0.0
70,0.0
70,0.0
70,0.5450000000000003
70,0.0
70,0.0
70,0.0
70,0.0
70,0.0
70,0.0
70,0.0
70,0.6900000000000004
70,0.0
70,0.0
70,0.0
70,0.0
70,0.0
70,0.7750000000000004
70,0.0
70,0.8650000000000004
70,0.8150000000000004
70,0.4200000000000002
70,0.065
70,0.0
70,0.0
70,0.0
70,0.0
70,0.0
70,0.0
70,0.0
70,0.0
70,0.0
70,0.0
70,0.10999999999999999
70,1.0500000000000007
70,0.0
70,0.01
70,0.0
70,0.0
70,0.0
70,0.0
70,0.0
70,0.5150000000000002
70,0.0
70,0.0
70,0.0
70,0.0
70,0.0
70,0.0
70,0.0
70,0.0
70,0.0
70,0.0
70,0.6000000000000003
70,0.0
70,0.0
70,0.0
70,0.0
70,0.0
70,0.0
70,0.7000000000000004
70,0.0
70,0.0
70,0.0
70,0.0
70,0.0
70,0.0
70,0.0
70,0.0
70,0.0
70,0.0
71,0.0
71,0.0
71,0.0
71,0.0
71,0.0
71,0.7600000000000003
71,0.0
71,0.0
71,0.0
71,0.9850000000000005
71,0.0
71,0.0
71,0.0
71,0.0
71,0.0
71,0.9350000000000005
71,0.0
71,0.17
71,0.0
71,0.0
71,0.0
71,0.0
71,0.0
71,0.0
71,0.0
71,0.0
71,0.0
71,0.0
71,0.0
71,0.0
71,0.0
71,0.0
71,0.5450000000000003
71,0.0
71,0.0
71,0.0
71,0.0
71,0.0
71,0.0
71,0.0
71,0.7000000000000004
71,0.0
71,0.0
71,0.0
71,0.0
71,0.0
71,0.7750000000000004
71,0.0
71,0.8750000000000004
71,0.8300000000000004
71,0.4200000000000002
71,0.065
71,0.0
71,0.0
71,0.0
71,0.0
71,0.0
71,0.0
71,0.0
71,0.0
71,0.0
71,0.0
71,0.11999999999999998
71,1.0650000000000006
71,0.0
71,0.01
71,0.0
71,0.0
71,0.0
71,0.0
71,0.0
71,0.5150000000000002
71,0.0
71,0.0
71,0.0
71,0.0
71,0.0
71,0.0
71,0.0
71,0.0
71,0.0
71,0.0
71,0.6100000000000003
71,0.0
71,0.0
71,0.0
71,0.0
71,0.0
71,0.0
71,0.7100000000000004
71,0.0
71,0.0
71,0.0
71,0.0
71,0.0
71,0.0
71,0.0
71,0.0
71,0.0
71,0.0
72,0.0
72,0.0
72,0.0
72,0.0
72,0.0
72,0.7600000000000003
72,0.0
72,0.0
72,0.0
72,0.9950000000000006
72,0.0
72,0.0
72,0.0
72,0.0
72,0.0
72,0.9500000000000005
72,0.0
72,0.18000000000000002
72,0.0
72,0.0
72,0.0
72,0.0
72,0.0
72,0.0
72,0.0
72,0.0
72,0.0
72,0.0
72,0.0
72,0.0
72,0.0
72,0.0
72,0.5450000000000003
72,0.0
72,0.01
72,0.0
72,0.0
72,0.0
72,0.0
72,0.0
72,0.7100000000000004
72,0.0
72,0.0
72,0.0
72,0.0
72,0.0
72,0.7750000000000004
72,0.0
72,0.8850000000000005
72,0.8450000000000004
72,0.4200000000000002
72,0.065
72,0.0
72,0.0
72,0.0
72,0.0
72,0.0
72,0.0
72,0.0
72,0.0
72,0.0
72,0.0
72,0.12999999999999998
72,1.0800000000000005
72,0.0
72,0.02
72,0.0
72,0.0
72,0.0
72,0.0
72,0.0
72,0.5150000000000002
72,0.0
72,0.0
72,0.0
72,0.0
72,0.0
72,0.0
72,0.0
72,0.0
72,0.0
72,0.0
72,0.6200000000000003
72,0.0
72,0.0
72,0.0
72,0.0
72,0.0
72,0.0
72,0.7200000000000004
72,0.0
72,0.0
72,0.0
72,0.0
72,0.0
72,0.0
72,0.0
72,0.0
72,0.0
72,0.0
73,0.0
73,0.0
73,0.0
73,0.0
73,0.0
73,0.7600000000000003
73,0.0
73,0.0
73,0.0
73,1.0050000000000006
73,0.0
73,0.0
73,0.0
73,0.0
73,0.0
73,0.9650000000000005
73,0.0
73,0.19000000000000003
73,0.0
73,0.0
73,0.0
73,0.0
73,0.0
73,0.0
73,0.0
73,0.0
73,0.0
73,0.0
73,0.0
73,0.0
73,0.0
73,0.0
73,0.5450000000000003
73,0.0
73,0.01
73,0.0
73,0.0
73,0.0
73,0.0
73,0.0
73,0.7200000000000004
73,0.0
73,0.0
73,0.0
73,0.0
73,0.0
73,0.7750000000000004
73,0.0
73,0.8850000000000005
73,0.8600000000000004
73,0.4200000000000002
73,0.065
73,0.0
73,0.0
73,0.0
73,0.0
73,0.0
73,0.0
73,0.0
73,0.0
73,0.0
73,0.0
73,0.13999999999999999
73,1.0950000000000006
73,0.0
73,0.02
73,0.0
73,0.0
73,0.0
73,0.0
73,0.0
73,0.5150000000000002
73,0.0
73,0.0
73,0.0
73,0.0
73,0.0
73,0.0
73,0.0
73,0.0
73,0.0
73,0.0
73,0.6300000000000003
73,0.0
73,0.0
73,0.0
73,0.0
73,0.0
73,0.0
73,0.7300000000000004
73,0.0
73,0.0
73,0.0
73,0.0
73,0.0
73,0.0
73,0.0
73,0.0
73,0.0
73,0.0
74,0.0
74,0.0
74,0.0
74,0.0
74,0.0
74,0.7600000000000003
74,0.0
74,0.0
74,0.0
74,1.0150000000000006
74,0.0
74,0.0
74,0.0
74,0.0
74,0.0
74,0.9800000000000005
74,0.0
74,0.20000000000000004
74,0.0
74,0.0
74,0.0
74,0.0
74,0.0
74,0.0
74,0.0
74,0.0
74,0.0
74,0.0
74,0.0
74,0.0
74,0.0
74,0.0
74,0.5450000000000003
74,0.0
74,0.01
74,0.0
74,0.0
74,0.0
74,0.0
74,0.0
74,0.7300000000000004
74,0.0
74,0.0
74,0.0
74,0.0
74,0.0
74,0.7750000000000004
74,0.0
74,0.8850000000000005
74,0.8750000000000004
74,0.4200000000000002
74,0.065
74,0.0
74,0.0
74,0.0
74,0.0
74,0.0
74,0.0
74,0.0
74,0.0
74,0.0
74,0.0
74,0.15
74,1.1100000000000008
74,0.0
74,0.03
74,0.0
74,0.0
74,0.0
74,0.0
74,0.0
74,0.5150000000000002
74,0.0
74,0.0
74,0.0
74,0.0
74,0.0
74,0.0
74,0.0
74,0.0
74,0.0
74,0.0
74,0.6400000000000003
74,0.0
74,0.0
74,0.0
74,0.0
74,0.0
74,0.0
74,0.7400000000000004
74,0.0
74,0.0
74,0.0
74,0.0
74,0.0
74,0.0
74,0.0
74,0.0
74,0.0
74,0.0
75,0.0
75,0.0
75,0.0
75,0.0
75,0.0
75,0.7600000000000003
75,0.0
75,0.0
75,0.0
75,1.0250000000000006
75,0.0
75,0.0
75,0.0
75,0.0
75,0.0
75,0.9950000000000006
75,0.0
75,0.21000000000000005
75,0.0
75,0.0
75,0.0
75,0.0
75,0.0
75,0.0
75,0.0
75,0.0
75,0.0
75,0.0
75,0.0
75,0.0
75,0.0
75,0.0
75,0.5450000000000003
75,0.0
75,0.02
75,0.0
75,0.0
75,0.0
75,0.0
75,0.0
75,0.7400000000000004
75,0.0
75,0.0
75,0.0
75,0.0
75,0.0
75,0.7750000000000004
75,0.0
75,0.8850000000000005
75,0.8900000000000005
75,0.4200000000000002
75,0.065
75,0.0
75,0.0
75,0.0
75,0.0
75,0.0
75,0.0
75,0.0
75,0.0
75,0.0
75,0.0
75,0.16
75,1.1250000000000007
75,0.0
75,0.04
75,0.0
75,0.0
75,0.0
75,0.0
75,0.0
75,0.5150000000000002
75,0.0
75,0.0
75,0.0
75,0.0
75,0.0
75,0.0
75,0.0
75,0.0
75,0.0
75,0.0
75,0.6500000000000004
75,0.0
75,0.0
75,0.0
75,0.0
75,0.0
75,0.0
75,0.7500000000000004
75,0.0
75,0.0
75,0.0
75,0.0
75,0.0
75,0.0
75,0.0
75,0.0
75,0.0
75,0.0
76,0.0
76,0.0
76,0.0
76,0.0
76,0.0
76,0.7600000000000003
76,0.0
76,0.0
76,0.0
76,1.0350000000000006
76,0.0
76,0.0
76,0.0
76,0.0
76,0.0
76,1.0100000000000007
76,0.0
76,0.22000000000000006
76,0.0
76,0.0
76,0.0
76,0.0
76,0.0
76,0.0
76,0.0
76,0.0
76,0.0
76,0.0
76,0.0
76,0.0
76,0.0
76,0.0
76,0.5450000000000003
76,0.0
76,0.02
76,0.0
76,0.0
76,0.0
76,0.0
76,0.0
76,0.7500000000000004
76,0.0
76,0.0
76,0.0
76,0.0
76,0.0
76,0.7750000000000004
76,0.0
76,0.8850000000000005
76,0.9050000000000005
76,0.4200000000000002
76,0.065
76,0.0
76,0.0
76,0.0
76,0.0
76,0.0
76,0.0
76,0.0
76,0.0
76,0.0
76,0.0
76,0.17
76,1.1400000000000006
76,0.0
76,0.04
76,0.0
76,0.0
76,0.0
76,0.0
76,0.0
76,0.5150000000000002
76,0.0
76,0.0
76,0.0
76,0.0
76,0.0
76,0.0
76,0.0
76,0.0
76,0.0
76,0.0
76,0.6600000000000004
76,0.0
76,0.0
76,0.0
76,0.0
76,0.0
76,0.0
76,0.7600000000000005
76,0.0
76,0.0
76,0.0
76,0.0
76,0.0
76,0.0
76,0.0
76,0.0
76,0.0
76,0.0
77,0.0
77,0.0
77,0.0
77,0.0
77,0.0
77,0.7600000000000003
77,0.0
77,0.0
77,0.0
77,1.0450000000000006
77,0.0
77,0.0
77,0.0
77,0.0
77,0.0
77,1.0250000000000006
77,0.0
77,0.23000000000000007
77,0.0
77,0.0
77,0.0
77,0.0
77,0.0
77,0.0
77,0.0
77,0.0
77,0.0
77,0.0
77,0.0
77,0.0
77,0.0
77,0.0
77,0.5450000000000003
77,0.0
77,0.03
77,0.0
77,0.0
77,0.0
77,0.0
77,0.0
77,0.7600000000000005
77,0.0
77,0.0
77,0.0
77,0.0
77,0.0
77,0.7750000000000004
77,0.0
77,0.8850000000000005
77,0.9200000000000005
77,0.4200000000000002
77,0.065
77,0.0
77,0.0
77,0.0
77,0.0
77,0.0
77,0.0
77,0.0
77,0.0
77,0.0
77,0.0
77,0.18000000000000002
77,1.1550000000000007
77,0.0
77,0.045
77,0.0
77,0.0
77,0.0
77,0.0
77,0.0
77,0.5150000000000002
77,0.0
77,0.0
77,0.0
77,0.0
77,0.0
77,0.0
77,0.0
77,0.0
77,0.0
77,0.0
77,0.6700000000000004
77,0.0
77,0.0
77,0.0
77,0.0
77,0.0
77,0.0
77,0.7700000000000005
77,0.0
77,0.0
77,0.0
77,0.0
77,0.0
77,0.0
77,0.0
77,0.0
77,0.0
77,0.0
78,0.0
78,0.0
78,0.0
78,0.0
78,0.0
78,0.7600000000000003
78,0.0
78,0.0
78,0.0
78,1.0550000000000006
78,0.0
78,0.0
78,0.0
78,0.0
78,0.0
78,1.0400000000000005
78,0.0
78,0.24000000000000007
78,0.0
78,0.0
78,0.0
78,0.0
78,0.0
78,0.0
78,0.0
78,0.0
78,0.0
78,0.0
78,0.0
78,0.0
78,0.0
78,0.0
78,0.5450000000000003
78,0.0
78,0.04
78,0.0
78,0.0
78,0.0
78,0.0
78,0.0
78,0.7700000000000005
78,0.0
78,0.0
78,0.0
78,0.0
78,0.0
78,0.7750000000000004
78,0.0
78,0.8850000000000005
78,0.9350000000000005
78,0.4200000000000002
78,0.065
78,0.0
78,0.0
78,0.0
78,0.0
78,0.0
78,0.0
78,0.0
78,0.0
78,0.0
78,0.0
78,0.19000000000000003
78,1.1700000000000008
78,0.0
78,0.05500000000000001
78,0.0
78,0.0
78,0.0
78,0.0
78,0.0
78,0.5150000000000002
78,0.0
78,0.0
78,0.0
78,0.0
78,0.0
78,0.0
78,0.0
78,0.0
78,0.0
78,0.0
78,0.6800000000000004
78,0.0
78,0.0
78,0.0
78,0.0
78,0.0
78,0.0
78,0.7800000000000005
78,0.0
78,0.0
78,0.0
78,0.0
78,0.0
78,0.0
78,0.0
78,0.0
78,0.0
78,0.0
79,0.0
79,0.0
79,0.0
79,0.0
79,0.0
79,0.7600000000000003
79,0.0
79,0.0
79,0.0
79,1.0650000000000006
79,0.0
79,0.0
79,0.0
79,0.0
79,0.0
79,1.0550000000000006
79,0.0
79,0.25000000000000006
79,0.0
79,0.0
79,0.0
79,0.0
79,0.0
79,0.0
79,0.0
79,0.0
79,0.0
79,0.0
79,0.0
79,0.0
79,0.0
79,0.0
79,0.5450000000000003
79,0.0
79,0.04
79,0.0
79,0.0
79,0.0
79,0.0
79,0.0
79,0.7800000000000005
79,0.0
79,0.0
79,0.0
79,0.0
79,0.0
79,0.7750000000000004
79,0.0
79,0.8850000000000005
79,0.9500000000000005
79,0.4200000000000002
79,0.065
79,0.0
79,0.0
79,0.0
79,0.0
79,0.0
79,0.0
79,0.0
79,0.0
79,0.0
79,0.0
79,0.20000000000000004
79,1.1850000000000007
79,0.0
79,0.05500000000000001
79,0.0
79,0.0
79,0.0
79,0.0
79,0.0
79,0.5150000000000002
79,0.0
79,0.0
79,0.0
79,0.0
79,0.0
79,0.0
79,0.0
79,0.0
79,0.0
79,0.0
79,0.6800000000000004
79,0.0
79,0.0
79,0.0
79,0.0
79,0.0
79,0.0
79,0.7900000000000005
79,0.0
79,0.0
79,0.0
79,0.0
79,0.0
79,0.0
79,0.0
79,0.0
79,0.0
79,0.0
80,0.0
80,0.0
80,0.0
80,0.0
80,0.0
80,0.7600000000000003
80,0.0
80,0.0
80,0.0
80,1.0750000000000006
80,0.0
80,0.0
80,0.0
80,0.0
80,0.0
80,1.0700000000000007
80,0.0
80,0.26000000000000006
80,0.0
80,0.0
80,0.0
80,0.0
80,0.0
80,0.0
80,0.0
80,0.0
80,0.0
80,0.0
80,0.0
80,0.0
80,0.0
80,0.0
80,0.5450000000000003
80,0.0
80,0.045
80,0.0
80,0.0
80,0.0
80,0.0
80,0.0
80,0.7900000000000005
80,0.0
80,0.0
80,0.0
80,0.0
80,0.0
80,0.7750000000000004
80,0.0
80,0.8850000000000005
80,0.9650000000000005
80,0.4200000000000002
80,0.065
80,0.0
80,0.0
80,0.0
80,0.0
80,0.0
80,0.0
80,0.0
80,0.0
80,0.0
80,0.0
80,0.21000000000000005
80,1.2000000000000006
80,0.0
80,0.05500000000000001
80,0.0
80,0.0
80,0.0
80,0.0
80,0.0
80,0.5150000000000002
80,0.0
80,0.0
80,0.0
80,0.0
80,0.0
80,0.0
80,0.0
80,0.0
80,0.0
80,0.0
80,0.6800000000000004
80,0.0
80,0.0
80,0.0
80,0.0
80,0.0
80,0.0
80,0.8000000000000005
80,0.0
80,0.0
80,0.0
80,0.0
80,0.0
80,0.0
80,0.0
80,0.0
80,0.0
80,0.0
81,0.0
81,0.0
81,0.0
81,0.0
81,0.0
81,0.7600000000000003
81,0.0
81,0.0
81,0.0
81,1.0850000000000006
81,0.0
81,0.0
81,0.0
81,0.0
81,0.0
81,1.0850000000000006
81,0.0
81,0.2700000000000001
81,0.0
81,0.0
81,0.0
81,0.0
81,0.0
81,0.0
81,0.0
81,0.0
81,0.0
81,0.0
81,0.0
81,0.0
81,0.0
81,0.0
81,0.5450000000000003
81,0.0
81,0.05500000000000001
81,0.0
81,0.0
81,0.0
81,0.0
81,0.0
81,0.8000000000000005
81,0.0
81,0.0
81,0.0
81,0.0
81,0.0
81,0.7750000000000004
81,0.0
81,0.8850000000000005
81,0.9800000000000005
81,0.4200000000000002
81,0.065
81,0.0
81,0.0
81,0.0
81,0.0
81,0.0
81,0.0
81,0.0
81,0.0
81,0.0
81,0.0
81,0.22000000000000006
81,1.2150000000000007
81,0.0
81,0.05500000000000001
81,0.0
81,0.0
81,0.0
81,0.0
81,0.0
81,0.5150000000000002
81,0.0
81,0.0
81,0.0
81,0.0
81,0.0
81,0.0
81,0.0
81,0.0
81,0.0
81,0.0
81,0.6800000000000004
81,0.0
81,0.0
81,0.0
81,0.0
81,0.0
81,0.0
81,0.8100000000000005
81,0.0
81,0.0
81,0.0
81,0.0
81,0.0
81,0.0
81,0.0
81,0.0
81,0.0
81,0.0
82,0.0
82,0.0
82,0.0
82,0.0
82,0.0
82,0.7600000000000003
82,0.0
82,0.0
82,0.0
82,1.0950000000000006
82,0.0
82,0.0
82,0.0
82,0.0
82,0.0
82,1.1000000000000005
82,0.0
82,0.2800000000000001
82,0.0
82,0.0
82,0.0
82,0.0
82,0.0
82,0.0
82,0.0
82,0.0
82,0.0
82,0.0
82,0.0
82,0.0
82,0.0
82,0.0
82,0.5450000000000003
82,0.0
82,0.05500000000000001
82,0.0
82,0.0
82,0.0
82,0.0
82,0.0
82,0.8100000000000005
82,0.0
82,0.0
82,0.0
82,0.0
82,0.0
82,0.7750000000000004
82,0.0
82,0.8850000000000005
82,0.9950000000000006
82,0.4200000000000002
82,0.065
82,0.0
82,0.0
82,0.0
82,0.0
82,0.0
82,0.0
82,0.0
82,0.0
82,0.0
82,0.0
82,0.22000000000000006
82,1.2250000000000008
82,0.0
82,0.05500000000000001
82,0.0
82,0.0
82,0.0
82,0.0
82,0.0
82,0.5150000000000002
82,0.0
82,0.0
82,0.0
82,0.0
82,0.0
82,0.0
82,0.0
82,0.0
82,0.0
82,0.0
82,0.6800000000000004
82,0.0
82,0.0
82,0.0
82,0.0
82,0.0
82,0.0
82,0.8200000000000005
82,0.0
82,0.0
82,0.0
82,0.0
82,0.0
82,0.0
82,0.0
82,0.0
82,0.0
82,0.0
83,0.0
83,0.0
83,0.0
83,0.0
83,0.0
83,0.7600000000000003
83,0.0
83,0.0
83,0.0
83,1.1050000000000006
83,0.0
83,0.0
83,0.0
83,0.0
83,0.0
83,1.1150000000000007
83,0.0
83,0.2900000000000001
83,0.0
83,0.0
83,0.0
83,0.0
83,0.0
83,0.0
83,0.0
83,0.0
83,0.0
83,0.0
83,0.0
83,0.0
83,0.0
83,0.0
83,0.5450000000000003
83,0.0
83,0.05500000000000001
83,0.0
83,0.0
83,0.0
83,0.0
83,0.0
83,0.8200000000000005
83,0.0
83,0.0
83,0.0
83,0.0
83,0.0
83,0.7750000000000004
83,0.0
83,0.8850000000000005
83,1.0100000000000007
83,0.4200000000000002
83,0.065
83,0.0
83,0.0
83,0.0
83,0.0
83,0.0
83,0.0
83,0.0
83,0.0
83,0.0
83,0.0
83,0.22000000000000006
83,1.2350000000000008
83,0.0
83,0.05500000000000001
83,0.0
83,0.0
83,0.0
83,0.0
83,0.0
83,0.5150000000000002
83,0.0
83,0.0
83,0.0
83,0.0
83,0.0
83,0.0
83,0.0
83,0.0
83,0.0
83,0.0
83,0.6800000000000004
83,0.0
83,0.0
83,0.0
83,0.0
83,0.0
83,0.0
83,0.8200000000000005
83,0.0
83,0.0
83,0.0
83,0.0
83,0.0
83,0.0
83,0.0
83,0.0
83,0.0
83,0.0
84,0.0
84,0.0
84,0.0
84,0.0
84,0.0
84,0.7600000000000003
84,0.0
84,0.0
84,0.0
84,1.1150000000000007
84,0.0
84,0.0
84,0.0
84,0.0
84,0.0
84,1.1300000000000008
84,0.0
84,0.3000000000000001
84,0.0
84,0.0
84,0.0
84,0.0
84,0.0
84,0.0
84,0.0
84,0.0
84,0.0
84,0.0
84,0.0
84,0.0
84,0.0
84,0.0
84,0.5450000000000003
84,0.0
84,0.05500000000000001
84,0.0
84,0.0
84,0.0
84,0.0
84,0.0
84,0.8300000000000005
84,0.0
84,0.0
84,0.0
84,0.0
84,0.0
84,0.7750000000000004
84,0.0
84,0.8850000000000005
84,1.0250000000000006
84,0.4200000000000002
84,0.065
84,0.0
84,0.0
84,0.0
84,0.0
84,0.0
84,0.0
84,0.0
84,0.0
84,0.0
84,0.0
84,0.22000000000000006
84,1.2450000000000008
84,0.0
84,0.05500000000000001
84,0.0
84,0.0
84,0.0
84,0.0
84,0.0
84,0.5150000000000002
84,0.0
84,0.0
84,0.0
84,0.0
84,0.0
84,0.0
84,0.0
84,0.0
84,0.0
84,0.0
84,0.6800000000000004
84,0.0
84,0.0
84,0.0
84,0.0
84,0.0
84,0.0
84,0.8200000000000005
84,0.0
84,0.0
84,0.0
84,0.0
84,0.0
84,0.0
84,0.0
84,0.0
84,0.0
84,0.0
85,0.0
85,0.0
85,0.0
85,0.0
85,0.0
85,0.7600000000000003
85,0.0
85,0.0
85,0.0
85,1.1250000000000007
85,0.0
85,0.0
85,0.0
85,0.0
85,0.0
85,1.1450000000000007
85,0.0
85,0.3100000000000001
85,0.0
85,0.0
85,0.0
85,0.0
85,0.0
85,0.0
85,0.0
85,0.0
85,0.0
85,0.0
85,0.0
85,0.0
85,0.0
85,0.0
85,0.5450000000000003
85,0.0
85,0.05500000000000001
85,0.0
85,0.0
85,0.0
85,0.0
85,0.0
85,0.8400000000000005
85,0.0
85,0.0
85,0.0
85,0.0
85,0.0
85,0.7750000000000004
85,0.0
85,0.8850000000000005
85,1.0400000000000007
85,0.4200000000000002
85,0.065
85,0.0
85,0.0
85,0.0
85,0.0
85,0.0
85,0.0
85,0.0
85,0.0
85,0.0
85,0.0
85,0.23000000000000007
85,1.2550000000000008
85,0.0
85,0.05500000000000001
85,0.0
85,0.0
85,0.0
85,0.0
85,0.0
85,0.5150000000000002
85,0.0
85,0.0
85,0.0
85,0.0
85,0.0
85,0.0
85,0.0
85,0.0
85,0.0
85,0.0
85,0.6800000000000004
85,0.0
85,0.0
85,0.0
85,0.0
85,0.0
85,0.0
85,0.8300000000000005
85,0.0
85,0.0
85,0.0
85,0.0
85,0.0
85,0.0
85,0.0
85,0.0
85,0.0
85,0.0
86,0.0
86,0.0
86,0.0
86,0.0
86,0.0
86,0.7600000000000003
86,0.0
86,0.0
86,0.0
86,1.1350000000000007
86,0.0
86,0.0
86,0.0
86,0.0
86,0.0
86,1.1600000000000006
86,0.0
86,0.3200000000000001
86,0.0
86,0.0
86,0.0
86,0.0
86,0.0
86,0.0
86,0.0
86,0.0
86,0.0
86,0.0
86,0.0
86,0.0
86,0.0
86,0.0
86,0.5450000000000003
86,0.0
86,0.05500000000000001
86,0.0
86,0.0
86,0.0
86,0.0
86,0.0
86,0.8500000000000005
86,0.0
86,0.0
86,0.0
86,0.0
86,0.0
86,0.7750000000000004
86,0.0
86,0.8850000000000005
86,1.0550000000000006
86,0.4200000000000002
86,0.065
86,0.0
86,0.0
86,0.0
86,0.0
86,0.0
86,0.0
86,0.0
86,0.0
86,0.0
86,0.0
86,0.23000000000000007
86,1.2650000000000008
86,0.0
86,0.05500000000000001
86,0.0
86,0.0
86,0.0
86,0.0
86,0.0
86,0.5150000000000002
86,0.0
86,0.0
86,0.0
86,0.0
86,0.0
86,0.0
86,0.0
86,0.0
86,0.0
86,0.0
86,0.6800000000000004
86,0.0
86,0.0
86,0.0
86,0.0
86,0.0
86,0.0
86,0.8400000000000005
86,0.0
86,0.0
86,0.0
86,0.0
86,0.0
86,0.0
86,0.0
86,0.0
86,0.0
86,0.01
87,0.0
87,0.0
87,0.0
87,0.0
87,0.0
87,0.7600000000000003
87,0.0
87,0.0
87,0.0
87,1.1450000000000007
87,0.0
87,0.0
87,0.0
87,0.0
87,0.0
87,1.1750000000000007
87,0.0
87,0.3300000000000001
87,0.0
87,0.0
87,0.0
87,0.0
87,0.0
87,0.0
87,0.0
87,0.0
87,0.0
87,0.0
87,0.0
87,0.0
87,0.0
87,0.0
87,0.5450000000000003
87,0.0
87,0.05500000000000001
87,0.0
87,0.0
87,0.0
87,0.0
87,0.0
87,0.8600000000000005
87,0.0
87,0.0
87,0.0
87,0.0
87,0.0
87,0.7750000000000004
87,0.0
87,0.8850000000000005
87,1.0700000000000007
87,0.4200000000000002
87,0.065
87,0.0
87,0.0
87,0.0
87,0.0
87,0.0
87,0.0
87,0.0
87,0.0
87,0.0
87,0.0
87,0.24000000000000007
87,1.2750000000000008
87,0.0
87,0.05500000000000001
87,0.0
87,0.0
87,0.0
87,0.0
87,0.0
87,0.5150000000000002
87,0.0
87,0.0
87,0.0
87,0.0
87,0.0
87,0.0
87,0.0
87,0.0
87,0.0
87,0.0
87,0.6800000000000004
87,0.0
87,0.0
87,0.0
87,0.0
87,0.0
87,0.0
87,0.8500000000000005
87,0.0
87,0.0
87,0.0
87,0.0
87,0.0
87,0.0
87,0.0
87,0.0
87,0.0
87,0.02
88,0.0
88,0.0
88,0.0
88,0.0
88,0.0
88,0.7600000000000003
88,0.0
88,0.0
88,0.0
88,1.1550000000000007
88,0.0
88,0.0
88,0.0
88,0.0
88,0.0
88,1.1900000000000008
88,0.0
88,0.34000000000000014
88,0.0
88,0.0
88,0.0
88,0.0
88,0.0
88,0.0
88,0.0
88,0.0
88,0.0
88,0.0
88,0.0
88,0.0
88,0.0
88,0.0
88,0.5450000000000003
88,0.0
88,0.05500000000000001
88,0.0
88,0.0
88,0.0
88,0.0
88,0.0
88,0.8700000000000006
88,0.0
88,0.0
88,0.0
88,0.0
88,0.0
88,0.7750000000000004
88,0.0
88,0.8850000000000005
88,1.0850000000000006
88,0.4200000000000002
88,0.065
88,0.0
88,0.0
88,0.0
88,0.0
88,0.0
88,0.0
88,0.0
88,0.0
88,0.0
88,0.0
88,0.24000000000000007
88,1.2850000000000008
88,0.0
88,0.05500000000000001
88,0.0
88,0.0
88,0.0
88,0.0
88,0.0
88,0.5150000000000002
88,0.0
88,0.0
88,0.0
88,0.0
88,0.0
88,0.0
88,0.0
88,0.0
88,0.0
88,0.0
88,0.6800000000000004
88,0.0
88,0.0
88,0.0
88,0.0
88,0.0
88,0.0
88,0.8600000000000005
88,0.0
88,0.0
88,0.0
88,0.0
88,0.0
88,0.0
88,0.0
88,0.0
88,0.0
88,0.03
89,0.0
89,0.0
89,0.0
89,0.0
89,0.0
89,0.7600000000000003
89,0.0
89,0.0
89,0.0
89,1.1650000000000007
89,0.0
89,0.0
89,0.0
89,0.0
89,0.0
89,1.2050000000000007
89,0.0
89,0.35000000000000014
89,0.0
89,0.0
89,0.0
89,0.0
89,0.0
89,0.0
89,0.0
89,0.0
89,0.0
89,0.0
89,0.0
89,0.0
89,0.0
89,0.0
89,0.5450000000000003
89,0.0
89,0.05500000000000001
89,0.0
89,0.0
89,0.0
89,0.0
89,0.0
89,0.8800000000000006
89,0.0
89,0.0
89,0.0
89,0.0
89,0.0
89,0.7750000000000004
89,0.0
89,0.8850000000000005
89,1.1000000000000008
89,0.4200000000000002
89,0.065
89,0.0
89,0.0
89,0.0
89,0.0
89,0.0
89,0.0
89,0.0
89,0.0
89,0.0
89,0.0
89,0.24000000000000007
89,1.2950000000000008
89,0.0
89,0.05500000000000001
89,0.0
89,0.0
89,0.0
89,0.0
89,0.0
89,0.5150000000000002
89,0.0
89,0.0
89,0.0
89,0.0
89,0.0
89,0.0
89,0.0
89,0.0
89,0.0
89,0.0
89,0.6800000000000004
89,0.0
89,0.0
89,0.0
89,0.0
89,0.0
89,0.0
89,0.8700000000000006
89,0.0
89,0.0
89,0.0
89,0.0
89,0.0
89,0.0
89,0.0
89,0.0
89,0.0
89,0.04
90,0.0
90,0.0
90,0.0
90,0.0
90,0.0
90,0.7600000000000003
90,0.0
90,0.0
90,0.0
90,1.1750000000000007
90,0.0
90,0.0
90,0.0
90,0.0
90,0.0
90,1.2200000000000006
90,0.0
90,0.36000000000000015
90,0.0
90,0.0
90,0.0
90,0.0
90,0.0
90,0.0
90,0.0
90,0.0
90,0.0
90,0.0
90,0.0
90,0.0
90,0.0
90,0.0
90,0.5450000000000003
90,0.0
90,0.05500000000000001
90,0.0
90,0.0
90,0.0
90,0.0
90,0.0
90,0.8800000000000006
90,0.0
90,0.0
90,0.0
90,0.0
90,0.0
90,0.7750000000000004
90,0.0
90,0.8850000000000005
90,1.1150000000000007
90,0.4200000000000002
90,0.065
90,0.0
90,0.0
90,0.0
90,0.0
90,0.0
90,0.0
90,0.0
90,0.0
90,0.0
90,0.0
90,0.24000000000000007
90,1.3050000000000008
90,0.0
90,0.05500000000000001
90,0.0
90,0.0
90,0.0
90,0.0
90,0.0
90,0.5150000000000002
90,0.0
90,0.0
90,0.0
90,0.0
90,0.0
90,0.0
90,0.0
90,0.0
90,0.0
90,0.0
90,0.6800000000000004
90,0.0
90,0.0
90,0.0
90,0.0
90,0.0
90,0.0
90,0.8800000000000006
90,0.0
90,0.0
90,0.0
90,0.0
90,0.0
90,0.0
90,0.0
90,0.0
90,0.0
90,0.05
91,0.0
91,0.0
91,0.0
91,0.0
91,0.0
91,0.7600000000000003
91,0.0
91,0.0
91,0.0
91,1.1850000000000007
91,0.0
91,0.0
91,0.0
91,0.0
91,0.0
91,1.2350000000000008
91,0.0
91,0.37000000000000016
91,0.0
91,0.0
91,0.0
91,0.0
91,0.0
91,0.0
91,0.0
91,0.0
91,0.0
91,0.0
91,0.0
91,0.0
91,0.0
91,0.0
91,0.5450000000000003
91,0.0
91,0.05500000000000001
91,0.0
91,0.0
91,0.0
91,0.0
91,0.0
91,0.8800000000000006
91,0.0
91,0.0
91,0.0
91,0.0
91,0.0
91,0.7750000000000004
91,0.0
91,0.8850000000000005
91,1.1300000000000008
91,0.4200000000000002
91,0.065
91,0.0
91,0.0
91,0.0
91,0.0
91,0.0
91,0.0
91,0.0
91,0.0
91,0.0
91,0.0
91,0.24000000000000007
91,1.3150000000000008
91,0.0
91,0.05500000000000001
91,0.0
91,0.0
91,0.0
91,0.0
91,0.0
91,0.5150000000000002
91,0.0
91,0.0
91,0.0
91,0.0
91,0.0
91,0.0
91,0.0
91,0.0
91,0.0
91,0.0
91,0.6800000000000004
91,0.0
91,0.0
91,0.0
91,0.0
91,0.0
91,0.0
91,0.8900000000000006
91,0.0
91,0.0
91,0.0
91,0.0
91,0.0
91,0.0
91,0.0
91,0.0
91,0.0
91,0.060000000000000005
92,0.0
92,0.0
92,0.0
92,0.0
92,0.0
92,0.7600000000000003
92,0.0
92,0.0
92,0.0
92,1.1950000000000007
92,0.0
92,0.0
92,0.0
92,0.0
92,0.0
92,1.2500000000000009
92,0.0
92,0.38000000000000017
92,0.0
92,0.0
92,0.0
92,0.0
92,0.0
92,0.0
92,0.0
92,0.0
92,0.0
92,0.0
92,0.0
92,0.0
92,0.0
92,0.0
92,0.5450000000000003
92,0.0
92,0.05500000000000001
92,0.0
92,0.0
92,0.0
92,0.0
92,0.0
92,0.8800000000000006
92,0.0
92,0.0
92,0.0
92,0.0
92,0.0
92,0.7750000000000004
92,0.0
92,0.8850000000000005
92,1.1450000000000007
92,0.4200000000000002
92,0.065
92,0.0
92,0.0
92,0.0
92,0.0
92,0.0
92,0.0
92,0.0
92,0.0
92,0.0
92,0.0
92,0.24000000000000007
92,1.3250000000000008
92,0.0
92,0.05500000000000001
92,0.0
92,0.0
92,0.0
92,0.0
92,0.0
92,0.5150000000000002
92,0.0
92,0.0
92,0.0
92,0.0
92,0.0
92,0.0
92,0.0
92,0.0
92,0.0
92,0.0
92,0.6800000000000004
92,0.0
92,0.0
92,0.0
92,0.0
92,0.0
92,0.0
92,0.9000000000000006
92,0.0
92,0.0
92,0.0
92,0.0
92,0.0
92,0.0
92,0.0
92,0.0
92,0.0
92,0.07
93,0.0
93,0.0
93,0.0
93,0.0
93,0.0
93,0.7600000000000003
93,0.0
93,0.0
93,0.0
93,1.2050000000000007
93,0.0
93,0.0
93,0.0
93,0.0
93,0.0
93,1.2650000000000008
93,0.0
93,0.3900000000000002
93,0.0
93,0.0
93,0.0
93,0.0
93,0.0
93,0.0
93,0.0
93,0.0
93,0.0
93,0.0
93,0.0
93,0.0
93,0.0
93,0.0
93,0.5450000000000003
93,0.0
93,0.05500000000000001
93,0.0
93,0.0
93,0.0
93,0.0
93,0.0
93,0.8800000000000006
93,0.0
93,0.0
93,0.0
93,0.0
93,0.0
93,0.7750000000000004
93,0.0
93,0.8850000000000005
93,1.1600000000000008
93,0.4200000000000002
93,0.065
93,0.0
93,0.0
93,0.0
93,0.0
93,0.0
93,0.0
93,0.0
93,0.0
93,0.0
93,0.0
93,0.24000000000000007
93,1.3350000000000009
93,0.0
93,0.05500000000000001
93,0.0
93,0.0
93,0.0
93,0.0
93,0.0
93,0.5150000000000002
93,0.0
93,0.0
93,0.0
93,0.0
93,0.0
93,0.0
93,0.0
93,0.0
93,0.0
93,0.0
93,0.6800000000000004
93,0.0
93,0.0
93,0.0
93,0.0
93,0.0
93,0.0
93,0.9100000000000006
93,0.0
93,0.0
93,0.0
93,0.0
93,0.0
93,0.0
93,0.0
93,0.0
93,0.0
93,0.08
94,0.0
94,0.0
94,0.0
94,0.0
94,0.0
94,0.7600000000000003
94,0.0
94,0.0
94,0.0
94,1.2150000000000007
94,0.0
94,0.0
94,0.0
94,0.0
94,0.0
94,1.2800000000000007
94,0.0
94,0.4000000000000002
94,0.0
94,0.0
94,0.0
94,0.0
94,0.0
94,0.0
94,0.0
94,0.0
94,0.0
94,0.0
94,0.0
94,0.0
94,0.0
94,0.0
94,0.5450000000000003
94,0.0
94,0.05500000000000001
94,0.0
94,0.0
94,0.0
94,0.0
94,0.0
94,0.8800000000000006
94,0.0
94,0.0
94,0.0
94,0.0
94,0.0
94,0.7750000000000004
94,0.0
94,0.8850000000000005
94,1.1750000000000007
94,0.4200000000000002
94,0.065
94,0.0
94,0.0
94,0.0
94,0.0
94,0.0
94,0.0
94,0.0
94,0.0
94,0.0
94,0.0
94,0.24000000000000007
94,1.3450000000000009
94,0.0
94,0.05500000000000001
94,0.0
94,0.0
94,0.0
94,0.0
94,0.0
94,0.5150000000000002
94,0.0
94,0.0
94,0.0
94,0.0
94,0.0
94,0.0
94,0.0
94,0.0
94,0.0
94,0.0
94,0.6800000000000004
94,0.0
94,0.0
94,0.0
94,0.0
94,0.0
94,0.0
94,0.9200000000000006
94,0.0
94,0.0
94,0.0
94,0.0
94,0.0
94,0.0
94,0.0
94,0.0
94,0.0
94,0.09
95,0.0
95,0.0
95,0.0
95,0.0
95,0.0
95,0.7600000000000003
95,0.0
95,0.0
95,0.0
95,1.2250000000000008
95,0.0
95,0.0
95,0.0
95,0.0
95,0.0
95,1.2950000000000008
95,0.0
95,0.4100000000000002
95,0.0
95,0.0
95,0.0
95,0.0
95,0.0
95,0.0
95,0.0
95,0.0
95,0.0
95,0.0
95,0.0
95,0.0
95,0.0
95,0.0
95,0.5450000000000003
95,0.0
95,0.05500000000000001
95,0.0
95,0.0
95,0.0
95,0.0
95,0.0
95,0.8800000000000006
95,0.0
95,0.0
95,0.0
95,0.0
95,0.0
95,0.7750000000000004
95,0.0
95,0.8850000000000005
95,1.1900000000000008
95,0.4200000000000002
95,0.065
95,0.0
95,0.0
95,0.0
95,0.0
95,0.0
95,0.0
95,0.0
95,0.0
95,0.0
95,0.0
95,0.24000000000000007
95,1.3550000000000009
95,0.0
95,0.05500000000000001
95,0.0
95,0.0
95,0.0
95,0.0
95,0.0
95,0.5150000000000002
95,0.0
95,0.0
95,0.0
95,0.0
95,0.0
95,0.0
95,0.0
95,0.0
95,0.0
95,0.0
95,0.6800000000000004
95,0.0
95,0.0
95,0.0
95,0.0
95,0.0
95,0.0
95,0.9300000000000006
95,0.0
95,0.0
95,0.0
95,0.0
95,0.0
95,0.0
95,0.0
95,0.0
95,0.0
95,0.09999999999999999
96,0.0
96,0.0
96,0.0
96,0.0
96,0.0
96,0.7600000000000003
96,0.0
96,0.0
96,0.0
96,1.2350000000000008
96,0.0
96,0.0
96,0.0
96,0.0
96,0.0
96,1.310000000000001
96,0.0
96,0.4200000000000002
96,0.0
96,0.0
96,0.0
96,0.0
96,0.0
96,0.0
96,0.0
96,0.0
96,0.0
96,0.0
96,0.0
96,0.0
96,0.0
96,0.0
96,0.5450000000000003
96,0.0
96,0.05500000000000001
96,0.0
96,0.0
96,0.0
96,0.0
96,0.0
96,0.8800000000000006
96,0.0
96,0.0
96,0.0
96,0.0
96,0.0
96,0.7750000000000004
96,0.0
96,0.8850000000000005
96,1.2050000000000007
96,0.4200000000000002
96,0.065
96,0.0
96,0.0
96,0.0
96,0.0
96,0.0
96,0.0
96,0.0
96,0.0
96,0.0
96,0.0
96,0.24000000000000007
96,1.3650000000000009
96,0.0
96,0.05500000000000001
96,0.0
96,0.0
96,0.0
96,0.0
96,0.0
96,0.5150000000000002
96,0.0
96,0.0
96,0.0
96,0.0
96,0.0
96,0.0
96,0.0
96,0.0
96,0.0
96,0.0
96,0.6800000000000004
96,0.0
96,0.0
96,0.0
96,0.0
96,0.0
96,0.0
96,0.9400000000000006
96,0.0
96,0.0
96,0.0
96,0.0
96,0.0
96,0.0
96,0.0
96,0.0
96,0.0
96,0.10999999999999999
97,0.0
97,0.0
97,0.0
97,0.0
97,0.0
97,0.7600000000000003
97,0.0
97,0.0
97,0.0
97,1.2450000000000008
97,0.0
97,0.0
97,0.0
97,0.0
97,0.0
97,1.3250000000000008
97,0.0
97,0.4300000000000002
97,0.0
97,0.0
97,0.0
97,0.0
97,0.0
97,0.0
97,0.0
97,0.0
97,0.0
97,0.0
97,0.0
97,0.0
97,0.0
97,0.0
97,0.5450000000000003
97,0.0
97,0.05500000000000001
97,0.0
97,0.0
97,0.0
97,0.0
97,0.0
97,0.8800000000000006
97,0.0
97,0.0
97,0.0
97,0.0
97,0.0
97,0.7750000000000004
97,0.0
97,0.8850000000000005
97,1.2200000000000006
97,0.4200000000000002
97,0.065
97,0.0
97,0.0
97,0.0
97,0.0
97,0.0
97,0.0
97,0.0
97,0.0
97,0.0
97,0.0
97,0.24000000000000007
97,1.3750000000000009
97,0.0
97,0.05500000000000001
97,0.0
97,0.0
97,0.0
97,0.0
97,0.0
97,0.5150000000000002
97,0.0
97,0.0
97,0.0
97,0.0
97,0.0
97,0.0
97,0.0
97,0.0
97,0.0
97,0.0
97,0.6800000000000004
97,0.0
97,0.0
97,0.0
97,0.0
97,0.0
97,0.0
97,0.9500000000000006
97,0.0
97,0.0
97,0.0
97,0.0
97,0.0
97,0.0
97,0.0
97,0.0
97,0.0
97,0.11999999999999998
98,0.0
98,0.0
98,0.0
98,0.0
98,0.0
98,0.7600000000000003
98,0.0
98,0.0
98,0.0
98,1.2550000000000008
98,0.0
98,0.0
98,0.0
98,0.0
98,0.0
98,1.3400000000000007
98,0.0
98,0.4300000000000002
98,0.0
98,0.0
98,0.0
98,0.0
98,0.0
98,0.0
98,0.0
98,0.0
98,0.0
98,0.0
98,0.0
98,0.0
98,0.0
98,0.0
98,0.5450000000000003
98,0.0
98,0.05500000000000001
98,0.0
98,0.0
98,0.0
98,0.0
98,0.0
98,0.8800000000000006
98,0.0
98,0.0
98,0.0
98,0.0
98,0.0
98,0.7750000000000004
98,0.0
98,0.8850000000000005
98,1.2350000000000008
98,0.4200000000000002
98,0.065
98,0.0
98,0.0
98,0.0
98,0.0
98,0.0
98,0.0
98,0.0
98,0.0
98,0.0
98,0.0
98,0.24000000000000007
98,1.385000000000001
98,0.0
98,0.05500000000000001
98,0.0
98,0.0
98,0.0
98,0.0
98,0.0
98,0.5150000000000002
98,0.0
98,0.0
98,0.0
98,0.0
98,0.0
98,0.0
98,0.0
98,0.0
98,0.0
98,0.0
98,0.6800000000000004
98,0.0
98,0.0
98,0.0
98,0.0
98,0.0
98,0.0
98,0.9600000000000006
98,0.0
98,0.0
98,0.0
98,0.0
98,0.0
98,0.0
98,0.0
98,0.0
98,0.0
98,0.12999999999999998
99,0.0
99,0.0
99,0.0
99,0.0
99,0.0
99,0.7600000000000003
99,0.0
99,0.0
99,0.0
99,1.2650000000000008
99,0.0
99,0.0
99,0.0
99,0.0
99,0.0
99,1.3550000000000009
99,0.0
99,0.4300000000000002
99,0.0
99,0.0
99,0.0
99,0.0
99,0.0
99,0.0
99,0.0
99,0.0
99,0.0
99,0.0
99,0.0
99,0.0
99,0.0
99,0.0
99,0.5450000000000003
99,0.0
99,0.05500000000000001
99,0.0
99,0.0
99,0.0
99,0.0
99,0.0
99,0.8800000000000006
99,0.0
99,0.0
99,0.0
99,0.0
99,0.0
99,0.7750000000000004
99,0.0
99,0.8850000000000005
99,1.2500000000000009
99,0.4200000000000002
99,0.065
99,0.0
99,0.0
99,0.0
99,0.0
99,0.0
99,0.0
99,0.0
99,0.0
99,0.0
99,0.0
99,0.24000000000000007
99,1.395000000000001
99,0.0
99,0.05500000000000001
99,0.0
99,0.0
99,0.0
99,0.0
99,0.0
99,0.5150000000000002
99,0.0
99,0.0
99,0.0
99,0.0
99,0.0
99,0.0
99,0.0
99,0.0
99,0.0
99,0.0
99,0.6800000000000004
99,0.0
99,0.0
99,0.0
99,0.0
99,0.0
99,0.0
99,0.9700000000000006
99,0.0
99,0.0
99,0.0
99,0.0
99,0.0
99,0.0
99,0.0
99,0.0
99,0.0
99,0.13999999999999999
100,0.0
100,0.0
100,0.0
100,0.0
100,0.0
100,0.7600000000000003
100,0.0
100,0.0
100,0.0
100,1.2750000000000008
100,0.0
100,0.0
100,0.0
100,0.0
100,0.0
100,1.370000000000001
100,0.0
100,0.4400000000000002
100,0.0
100,0.0
100,0.0
100,0.0
100,0.0
100,0.0
100,0.0
100,0.0
100,0.0
100,0.0
100,0.0
100,0.0
100,0.0
100,0.0
100,0.5450000000000003
100,0.0
100,0.05500000000000001
100,0.0
100,0.0
100,0.0
100,0.0
100,0.0
100,0.8800000000000006
100,0.0
100,0.0
100,0.0
100,0.0
100,0.0
100,0.7750000000000004
100,0.0
100,0.8850000000000005
100,1.2650000000000008
100,0.4200000000000002
100,0.065
100,0.0
100,0.0
100,0.0
100,0.0
100,0.0
100,0.0
100,0.0
100,0.0
100,0.0
100,0.0
100,0.24000000000000007
100,1.405000000000001
100,0.0
100,0.05500000000000001
100,0.0
100,0.01
100,0.0
100,0.0
100,0.0
100,0.5150000000000002
100,0.0
100,0.0
100,0.0
100,0.0
100,0.0
100,0.0
100,0.0
100,0.0
100,0.0
100,0.0
100,0.6800000000000004
100,0.0
100,0.0
100,0.0
100,0.0
100,0.0
100,0.0
100,0.9800000000000006
100,0.0
100,0.0
100,0.0
100,0.0
100,0.0
100,0.0
100,0.0
100,0.0
100,0.0
100,0.15
101,0.0
101,0.0
101,0.0
101,0.0
101,0.0
101,0.7600000000000003
101,0.0
101,0.0
101,0.0
101,1.2850000000000008
101,0.0
101,0.0
101,0.0
101,0.0
101,0.0
101,1.385000000000001
101,0.0
101,0.45000000000000023
101,0.0
101,0.0
101,0.0
101,0.0
101,0.0
101,0.0
101,0.0
101,0.0
101,0.0
101,0.0
101,0.0
101,0.0
101,0.0
101,0.0
101,0.5450000000000003
101,0.0
101,0.05500000000000001
101,0.0
101,0.0
101,0.0
101,0.0
101,0.0
101,0.8800000000000006
101,0.0
101,0.0
101,0.0
101,0.0
101,0.0
101,0.7750000000000004
101,0.0
101,0.8850000000000005
101,1.2800000000000007
101,0.4200000000000002
101,0.065
101,0.0
101,0.0
101,0.0
101,0.0
101,0.0
101,0.0
101,0.0
101,0.0
101,0.0
101,0.0
101,0.24000000000000007
101,1.415000000000001
101,0.0
101,0.05500000000000001
101,0.0
101,0.02
101,0.0
101,0.0
101,0.0
101,0.5150000000000002
101,0.0
101,0.0
101,0.0
101,0.0
101,0.0
101,0.0
101,0.0
101,0.0
101,0.0
101,0.0
101,0.6800000000000004
101,0.0
101,0.0
101,0.0
101,0.0
101,0.0
101,0.0
101,0.9900000000000007
101,0.0
101,0.0
101,0.0
101,0.0
101,0.0
101,0.0
101,0.0
101,0.0
101,0.0
101,0.16
102,0.0
102,0.0
102,0.0
102,0.0
102,0.0
102,0.7600000000000003
102,0.0
102,0.0
102,0.0
102,1.2950000000000008
102,0.0
102,0.0
102,0.0
102,0.0
102,0.0
102,1.4000000000000008
102,0.0
102,0.46000000000000024
102,0.0
102,0.0
102,0.0
102,0.0
102,0.0
102,0.0
102,0.0
102,0.0
102,0.0
102,0.0
102,0.0
102,0.0
102,0.0
102,0.0
102,0.5450000000000003
102,0.0
102,0.05500000000000001
102,0.0
102,0.0
102,0.0
102,0.0
102,0.0
102,0.8800000000000006
102,0.0
102,0.0
102,0.0
102,0.0
102,0.0
102,0.7750000000000004
102,0.0
102,0.8850000000000005
102,1.2950000000000008
102,0.4200000000000002
102,0.065
102,0.0
102,0.0
102,0.0
102,0.0
102,0.0
102,0.0
102,0.0
102,0.0
102,0.0
102,0.0
102,0.24000000000000007
102,1.425000000000001
102,0.0
102,0.05500000000000001
102,0.0
102,0.03
102,0.0
102,0.0
102,0.0
102,0.5150000000000002
102,0.0
102,0.0
102,0.0
102,0.0
102,0.0
102,0.0
102,0.0
102,0.0
102,0.0
102,0.0
102,0.6800000000000004
102,0.0
102,0.0
102,0.0
102,0.0
102,0.0
102,0.0
102,1.0000000000000007
102,0.0
102,0.0
102,0.0
102,0.0
102,0.0
102,0.0
102,0.0
102,0.0
102,0.0
102,0.17
103,0.0
103,0.0
103,0.0
103,0.0
103,0.0
103,0.7600000000000003
103,0.0
103,0.0
103,0.0
103,1.3050000000000008
103,0.0
103,0.0
103,0.0
103,0.0
103,0.0
103,1.415000000000001
103,0.0
103,0.47000000000000025
103,0.0
103,0.0
103,0.0
103,0.0
103,0.0
103,0.0
103,0.0
103,0.0
103,0.0
103,0.0
103,0.0
103,0.0
103,0.0
103,0.0
103,0.5450000000000003
103,0.0
103,0.05500000000000001
103,0.0
103,0.0
103,0.0
103,0.0
103,0.0
103,0.8800000000000006
103,0.0
103,0.0
103,0.0
103,0.0
103,0.0
103,0.7750000000000004
103,0.0
103,0.8850000000000005
103,1.310000000000001
103,0.4200000000000002
103,0.065
103,0.0
103,0.0
103,0.0
103,0.0
103,0.0
103,0.0
103,0.0
103,0.0
103,0.0
103,0.0
103,0.24000000000000007
103,1.435000000000001
103,0.0
103,0.05500000000000001
103,0.0
103,0.04
103,0.0
103,0.0
103,0.0
103,0.5150000000000002
103,0.0
103,0.0
103,0.0
103,0.0
103,0.0
103,0.0
103,0.0
103,0.0
103,0.0
103,0.0
103,0.6800000000000004
103,0.0
103,0.0
103,0.0
103,0.0
103,0.0
103,0.0
103,1.0100000000000007
103,0.0
103,0.0
103,0.0
103,0.0
103,0.0
103,0.0
103,0.0
103,0.0
103,0.0
103,0.18000000000000002
104,0.0
104,0.0
104,0.0
104,0.0
104,0.0
104,0.7600000000000003
104,0.0
104,0.0
104,0.0
104,1.3150000000000008
104,0.0
104,0.0
104,0.0
104,0.0
104,0.0
104,1.430000000000001
104,0.0
104,0.48000000000000026
104,0.0
104,0.0
104,0.0
104,0.0
104,0.0
104,0.0
104,0.0
104,0.0
104,0.0
104,0.0
104,0.0
104,0.0
104,0.0
104,0.0
104,0.5450000000000003
104,0.0
104,0.05500000000000001
104,0.0
104,0.0
104,0.0
104,0.0
104,0.0
104,0.8800000000000006
104,0.0
104,0.0
104,0.0
104,0.0
104,0.0
104,0.7750000000000004
104,0.0
104,0.8850000000000005
104,1.3250000000000008
104,0.4200000000000002
104,0.065
104,0.0
104,0.0
104,0.0
104,0.0
104,0.0
104,0.0
104,0.0
104,0.0
104,0.0
104,0.0
104,0.24000000000000007
104,1.445000000000001
104,0.0
104,0.05500000000000001
104,0.0
104,0.05
104,0.0
104,0.0
104,0.0
104,0.5150000000000002
104,0.0
104,0.0
104,0.0
104,0.0
104,0.0
104,0.0
104,0.0
104,0.0
104,0.0
104,0.0
104,0.6800000000000004
104,0.0
104,0.0
104,0.0
104,0.0
104,0.0
104,0.0
104,1.0200000000000007
104,0.0
104,0.0
104,0.0
104,0.0
104,0.0
104,0.0
104,0.0
104,0.0
104,0.0
104,0.19000000000000003
105,0.0
105,0.0
105,0.0
105,0.0
105,0.0
105,0.7600000000000003
105,0.0
105,0.0
105,0.0
105,1.3150000000000008
105,0.0
105,0.0
105,0.0
105,0.0
105,0.0
105,1.445000000000001
105,0.0
105,0.49000000000000027
105,0.0
105,0.0
105,0.0
105,0.0
105,0.0
105,0.0
105,0.0
105,0.0
105,0.0
105,0.0
105,0.0
105,0.0
105,0.0
105,0.0
105,0.5450000000000003
105,0.0
105,0.05500000000000001
105,0.0
105,0.0
105,0.0
105,0.0
105,0.0
105,0.8800000000000006
105,0.0
105,0.0
105,0.0
105,0.0
105,0.0
105,0.7750000000000004
105,0.0
105,0.8850000000000005
105,1.3400000000000007
105,0.4200000000000002
105,0.065
105,0.0
105,0.0
105,0.0
105,0.0
105,0.0
105,0.0
105,0.0
105,0.0
105,0.0
105,0.0
105,0.24000000000000007
105,1.445000000000001
105,0.0
105,0.05500000000000001
105,0.0
105,0.060000000000000005
105,0.0
105,0.0
105,0.0
105,0.5150000000000002
105,0.0
105,0.0
105,0.0
105,0.0
105,0.0
105,0.0
105,0.0
105,0.0
105,0.0
105,0.0
105,0.6800000000000004
105,0.0
105,0.0
105,0.0
105,0.0
105,0.0
105,0.0
105,1.0200000000000007
105,0.0
105,0.0
105,0.0
105,0.0
105,0.0
105,0.0
105,0.0
105,0.0
105,0.0
105,0.20000000000000004
106,0.0
106,0.0
106,0.0
106,0.0
106,0.0
106,0.7600000000000003
106,0.0
106,0.0
106,0.0
106,1.3150000000000008
106,0.0
106,0.0
106,0.0
106,0.0
106,0.0
106,1.4600000000000009
106,0.0
106,0.5000000000000002
106,0.0
106,0.0
106,0.0
106,0.0
106,0.0
106,0.0
106,0.0
106,0.0
106,0.0
106,0.0
106,0.0
106,0.0
106,0.0
106,0.0
106,0.5450000000000003
106,0.0
106,0.05500000000000001
106,0.0
106,0.0
106,0.0
106,0.0
106,0.0
106,0.8800000000000006
106,0.0
106,0.0
106,0.0
106,0.0
106,0.0
106,0.7750000000000004
106,0.0
106,0.8850000000000005
106,1.3550000000000009
106,0.4200000000000002
106,0.065
106,0.0
106,0.0
106,0.0
106,0.0
106,0.0
106,0.0
106,0.0
106,0.0
106,0.0
106,0.0
106,0.24000000000000007
106,1.445000000000001
106,0.0
106,0.05500000000000001
106,0.0
106,0.07
106,0.0
106,0.0
106,0.0
106,0.5150000000000002
106,0.0
106,0.0
106,0.0
106,0.0
106,0.0
106,0.0
106,0.0
106,0.0
106,0.0
106,0.0
106,0.6800000000000004
106,0.0
106,0.0
106,0.0
106,0.0
106,0.0
106,0.0
106,1.0200000000000007
106,0.0
106,0.0
106,0.0
106,0.0
106,0.0
106,0.0
106,0.0
106,0.0
106,0.0
106,0.21000000000000005
107,0.0
107,0.0
107,0.0
107,0.0
107,0.0
107,0.7600000000000003
107,0.0
107,0.0
107,0.0
107,1.3150000000000008
107,0.0
107,0.0
107,0.0
107,0.0
107,0.0
107,1.475000000000001
107,0.0
107,0.5100000000000002
107,0.0
107,0.0
107,0.0
107,0.0
107,0.0
107,0.0
107,0.0
107,0.0
107,0.0
107,0.0
107,0.0
107,0.0
107,0.0
107,0.0
107,0.5450000000000003
107,0.0
107,0.05500000000000001
107,0.0
107,0.0
107,0.0
107,0.0
107,0.0
107,0.8800000000000006
107,0.0
107,0.0
107,0.0
107,0.0
107,0.0
107,0.7750000000000004
107,0.0
107,0.8850000000000005
107,1.370000000000001
107,0.4200000000000002
107,0.065
107,0.0
107,0.0
107,0.0
107,0.0
107,0.0
107,0.0
107,0.0
107,0.0
107,0.0
107,0.0
107,0.24000000000000007
107,1.445000000000001
107,0.0
107,0.05500000000000001
107,0.0
107,0.08
107,0.0
107,0.0
107,0.0
107,0.5150000000000002
107,0.0
107,0.0
107,0.0
107,0.0
107,0.0
107,0.0
107,0.0
107,0.0
107,0.0
107,0.0
107,0.6800000000000004
107,0.0
107,0.0
107,0.0
107,0.0
107,0.0
107,0.0
107,1.0200000000000007
107,0.0
107,0.0
107,0.0
107,0.0
107,0.0
107,0.0
107,0.0
107,0.0
107,0.0
107,0.22000000000000006
108,0.0
108,0.0
108,0.0
108,0.0
108,0.0
108,0.7600000000000003
108,0.0
108,0.0
108,0.0
108,1.3150000000000008
108,0.0
108,0.0
108,0.0
108,0.0
108,0.0
108,1.490000000000001
108,0.0
108,0.5200000000000002
108,0.0
108,0.0
108,0.0
108,0.0
108,0.0
108,0.0
108,0.0
108,0.0
108,0.0
108,0.0
108,0.0
108,0.0
108,0.0
108,0.0
108,0.5450000000000003
108,0.0
108,0.05500000000000001
108,0.0
108,0.0
108,0.0
108,0.0
108,0.0
108,0.8800000000000006
108,0.0
108,0.0
108,0.0
108,0.0
108,0.0
108,0.7750000000000004
108,0.0
108,0.8850000000000005
108,1.385000000000001
108,0.4200000000000002
108,0.065
108,0.0
108,0.0
108,0.0
108,0.0
108,0.0
108,0.0
108,0.0
108,0.0
108,0.0
108,0.0
108,0.24000000000000007
108,1.445000000000001
108,0.0
108,0.05500000000000001
108,0.0
108,0.09
108,0.0
108,0.0
108,0.0
108,0.5150000000000002
108,0.0
108,0.0
108,0.0
108,0.0
108,0.0
108,0.0
108,0.0
108,0.0
108,0.0
108,0.0
108,0.6800000000000004
108,0.0
108,0.0
108,0.0
108,0.0
108,0.0
108,0.0
108,1.0200000000000007
108,0.0
108,0.0
108,0.0
108,0.0
108,0.0
108,0.0
108,0.0
108,0.0
108,0.0
108,0.23000000000000007
109,0.0
109,0.0
109,0.0
109,0.0
109,0.0
109,0.7600000000000003
109,0.0
109,0.0
109,0.0
109,1.3150000000000008
109,0.0
109,0.0
109,0.0
109,0.0
109,0.0
109,1.505000000000001
109,0.0
109,0.5300000000000002
109,0.0
109,0.0
109,0.0
109,0.0
109,0.0
109,0.0
109,0.0
109,0.0
109,0.0
109,0.0
109,0.0
109,0.0
109,0.0
109,0.0
109,0.5450000000000003
109,0.0
109,0.05500000000000001
109,0.0
109,0.0
109,0.0
109,0.0
109,0.0
109,0.8800000000000006
109,0.0
109,0.0
109,0.0
109,0.0
109,0.0
109,0.7750000000000004
109,0.0
109,0.8850000000000005
109,1.4000000000000008
109,0.4200000000000002
109,0.065
109,0.0
109,0.0
109,0.0
109,0.0
109,0.0
109,0.0
109,0.0
109,0.0
109,0.0
109,0.0
109,0.24000000000000007
109,1.445000000000001
109,0.0
109,0.05500000000000001
109,0.0
109,0.09999999999999999
109,0.0
109,0.0
109,0.0
109,0.5150000000000002
109,0.0
109,0.0
109,0.0
109,0.0
109,0.0
109,0.0
109,0.0
109,0.0
109,0.0
109,0.0
109,0.6800000000000004
109,0.0
109,0.0
109,0.0
109,0.0
109,0.0
109,0.0
109,1.0200000000000007
109,0.0
109,0.0
109,0.0
109,0.0
109,0.0
109,0.0
109,0.0
109,0.0
109,0.0
109,0.24000000000000007
110,0.0
110,0.0
110,0.0
110,0.0
110,0.0
110,0.7600000000000003
110,0.0
110,0.0
110,0.0
110,1.3150000000000008
110,0.0
110,0.0
110,0.0
110,0.0
110,0.0
110,1.520000000000001
110,0.0
110,0.5400000000000003
110,0.0
110,0.0
110,0.0
110,0.0
110,0.0
110,0.0
110,0.0
110,0.0
110,0.0
110,0.0
110,0.0
110,0.0
110,0.0
110,0.0
110,0.5450000000000003
110,0.0
110,0.05500000000000001
110,0.0
110,0.0
110,0.0
110,0.0
110,0.0
110,0.8800000000000006
110,0.0
110,0.0
110,0.0
110,0.0
110,0.0
110,0.7750000000000004
110,0.0
110,0.8850000000000005
110,1.415000000000001
110,0.4200000000000002
110,0.065
110,0.0
110,0.0
110,0.0
110,0.0
110,0.0
110,0.0
110,0.0
110,0.0
110,0.0
110,0.0
110,0.24000000000000007
110,1.445000000000001
110,0.0
110,0.05500000000000001
110,0.0
110,0.10999999999999999
110,0.0
110,0.0
110,0.0
110,0.5150000000000002
110,0.0
110,0.0
110,0.0
110,0.0
110,0.0
110,0.0
110,0.0
110,0.0
110,0.0
110,0.0
110,0.6800000000000004
110,0.0
110,0.0
110,0.0
110,0.0
110,0.0
110,0.0
110,1.0200000000000007
110,0.0
110,0.0
110,0.0
110,0.0
110,0.0
110,0.0
110,0.0
110,0.0
110,0.0
110,0.25000000000000006
111,0.0
111,0.0
111,0.0
111,0.0
111,0.0
111,0.7600000000000003
111,0.0
111,0.0
111,0.0
111,1.3150000000000008
111,0.0
111,0.0
111,0.0
111,0.0
111,0.0
111,1.535000000000001
111,0.0
111,0.5500000000000003
111,0.0
111,0.0
111,0.0
111,0.0
111,0.0
111,0.0
111,0.0
111,0.0
111,0.0
111,0.0
111,0.0
111,0.0
111,0.0
111,0.0
111,0.5450000000000003
111,0.0
111,0.05500000000000001
111,0.0
111,0.0
111,0.0
111,0.0
111,0.0
111,0.8800000000000006
111,0.0
111,0.0
111,0.0
111,0.0
111,0.0
111,0.7750000000000004
111,0.0
111,0.8850000000000005
111,1.430000000000001
111,0.4200000000000002
111,0.065
111,0.0
111,0.0
111,0.0
111,0.0
111,0.0
111,0.0
111,0.0
111,0.0
111,0.0
111,0.0
111,0.24000000000000007
111,1.445000000000001
111,0.0
111,0.05500000000000001
111,0.0
111,0.11999999999999998
111,0.0
111,0.0
111,0.0
111,0.5150000000000002
111,0.0
111,0.0
111,0.0
111,0.0
111,0.0
111,0.01
111,0.0
111,0.0
111,0.0
111,0.0
111,0.6800000000000004
111,0.0
111,0.0
111,0.0
111,0.0
111,0.0
111,0.0
111,1.0200000000000007
111,0.0
111,0.0
111,0.0
111,0.0
111,0.0
111,0.0
111,0.0
111,0.0
111,0.0
111,0.26000000000000006
112,0.0
112,0.0
112,0.0
112,0.0
112,0.0
112,0.7600000000000003
112,0.0
112,0.0
112,0.0
112,1.3150000000000008
112,0.0
112,0.0
112,0.0
112,0.0
112,0.0
112,1.5500000000000012
112,0.0
112,0.5600000000000003
112,0.0
112,0.0
112,0.0
112,0.0
112,0.0
112,0.0
112,0.0
112,0.0
112,0.0
112,0.0
112,0.0
112,0.0
112,0.0
112,0.0
112,0.5450000000000003
112,0.0
112,0.05500000000000001
112,0.0
112,0.0
112,0.0
112,0.0
112,0.0
112,0.8800000000000006
112,0.0
112,0.0
112,0.0
112,0.0
112,0.0
112,0.7750000000000004
112,0.0
112,0.8850000000000005
112,1.445000000000001
112,0.4200000000000002
112,0.065
112,0.0
112,0.0
112,0.0
112,0.0
112,0.0
112,0.0
112,0.0
112,0.0
112,0.0
112,0.0
112,0.24000000000000007
112,1.445000000000001
112,0.0
112,0.05500000000000001
112,0.0
112,0.12999999999999998
112,0.0
112,0.0
112,0.0
112,0.5150000000000002
112,0.0
112,0.0
112,0.0
112,0.0
112,0.0
112,0.02
112,0.0
112,0.0
112,0.0
112,0.0
112,0.6800000000000004
112,0.0
112,0.0
112,0.0
112,0.0
112,0.0
112,0.0
112,1.0200000000000007
112,0.0
112,0.0
112,0.0
112,0.0
112,0.0
112,0.0
112,0.0
112,0.0
112,0.0
112,0.2700000000000001
113,0.0
113,0.0
113,0.0
113,0.0
113,0.0
113,0.7600000000000003
113,0.0
113,0.0
113,0.0
113,1.3150000000000008
113,0.0
113,0.0
113,0.0
113,0.0
113,0.0
113,1.565000000000001
113,0.0
113,0.5700000000000003
113,0.0
113,0.0
113,0.0
113,0.0
113,0.0
113,0.0
113,0.0
113,0.0
113,0.0
113,0.0
113,0.0
113,0.0
113,0.0
113,0.0
113,0.5450000000000003
113,0.0
113,0.05500000000000001
113,0.0
113,0.0
113,0.0
113,0.0
113,0.0
113,0.8800000000000006
113,0.0
113,0.0
113,0.0
113,0.0
113,0.0
113,0.7750000000000004
113,0.0
113,0.8850000000000005
113,1.4600000000000009
113,0.4200000000000002
113,0.065
113,0.0
113,0.0
113,0.0
113,0.0
113,0.0
113,0.0
113,0.0
113,0.0
113,0.0
113,0.0
113,0.24000000000000007
113,1.445000000000001
113,0.0
113,0.05500000000000001
113,0.0
113,0.13999999999999999
113,0.0
113,0.0
113,0.0
113,0.5150000000000002
113,0.0
113,0.0
113,0.0
113,0.0
113,0.0
113,0.03
113,0.0
113,0.0
113,0.0
113,0.0
113,0.6800000000000004
113,0.0
113,0.0
113,0.0
113,0.0
113,0.0
113,0.0
113,1.0200000000000007
113,0.0
113,0.0
113,0.0
113,0.0
113,0.0
113,0.0
113,0.0
113,0.0
113,0.0
113,0.2800000000000001
114,0.0
114,0.0
114,0.0
114,0.0
114,0.0
114,0.7600000000000003
114,0.0
114,0.0
114,0.0
114,1.3150000000000008
114,0.0
114,0.0
114,0.0
114,0.0
114,0.0
114,1.580000000000001
114,0.0
114,0.5800000000000003
114,0.0
114,0.0
114,0.0
114,0.0
114,0.0
114,0.0
114,0.0
114,0.0
114,0.0
114,0.0
114,0.0
114,0.0
114,0.0
114,0.0
114,0.5450000000000003
114,0.0
114,0.05500000000000001
114,0.0
114,0.0
114,0.0
114,0.0
114,0.0
114,0.8800000000000006
114,0.0
114,0.0
114,0.0
114,0.0
114,0.0
114,0.7750000000000004
114,0.0
114,0.8850000000000005
114,1.475000000000001
114,0.4200000000000002
114,0.065
114,0.0
114,0.0
114,0.0
114,0.0
114,0.0
114,0.0
114,0.0
114,0.0
114,0.0
114,0.0
114,0.24000000000000007
114,1.445000000000001
114,0.0
114,0.05500000000000001
114,0.0
114,0.15
114,0.0
114,0.0
114,0.0
114,0.5150000000000002
114,0.0
114,0.0
114,0.0
114,0.0
114,0.0
114,0.04
114,0.0
114,0.0
114,0.0
114,0.0
114,0.6800000000000004
114,0.0
114,0.0
114,0.0
114,0.0
114,0.0
114,0.0
114,1.0200000000000007
114,0.0
114,0.0
114,0.0
114,0.0
114,0.0
114,0.0
114,0.0
114,0.0
114,0.0
114,0.2900000000000001
115,0.0
115,0.0
115,0.0
115,0.0
115,0.0
115,0.7600000000000003
115,0.0
115,0.0
115,0.0
115,1.3150000000000008
115,0.0
115,0.0
115,0.0
115,0.0
115,0.0
115,1.595000000000001
115,0.0
115,0.5900000000000003
115,0.0
115,0.0
115,0.0
115,0.0
115,0.0
115,0.0
115,0.0
115,0.0
115,0.0
115,0.0
115,0.0
115,0.0
115,0.0
115,0.0
115,0.5450000000000003
115,0.0
115,0.05500000000000001
115,0.0
115,0.0
115,0.0
115,0.0
115,0.0
115,0.8800000000000006
115,0.0
115,0.0
115,0.0
115,0.0
115,0.0
115,0.7750000000000004
115,0.0
115,0.8850000000000005
115,1.490000000000001
115,0.4200000000000002
115,0.065
115,0.0
115,0.0
115,0.0
115,0.0
115,0.0
115,0.0
115,0.0
115,0.0
115,0.0
115,0.0
115,0.24000000000000007
115,1.445000000000001
115,0.0
115,0.05500000000000001
115,0.0
115,0.16
115,0.0
115,0.0
115,0.0
115,0.5150000000000002
115,0.0
115,0.0
115,0.0
115,0.0
115,0.0
115,0.05
115,0.0
115,0.0
115,0.0
115,0.0
115,0.6800000000000004
115,0.0
115,0.0
115,0.0
115,0.0
115,0.0
115,0.0
115,1.0200000000000007
115,0.0
115,0.0
115,0.0
115,0.0
115,0.0
115,0.0
115,0.0
115,0.0
115,0.0
115,0.3000000000000001
116,0.0
116,0.0
116,0.0
116,0.0
116,0.0
116,0.7600000000000003
116,0.0
116,0.0
116,0.0
116,1.3150000000000008
116,0.0
116,0.0
116,0.0
116,0.0
116,0.0
116,1.6100000000000012
116,0.0
116,0.6000000000000003
116,0.0
116,0.0
116,0.0
116,0.0
116,0.0
116,0.0
116,0.0
116,0.0
116,0.0
116,0.0
116,0.0
116,0.0
116,0.0
116,0.0
116,0.5450000000000003
116,0.0
116,0.05500000000000001
116,0.0
116,0.0
116,0.0
116,0.0
116,0.0
116,0.8800000000000006
116,0.0
116,0.0
116,0.0
116,0.0
116,0.0
116,0.7750000000000004
116,0.0
116,0.8850000000000005
116,1.505000000000001
116,0.4200000000000002
116,0.065
116,0.0
116,0.0
116,0.0
116,0.0
116,0.0
116,0.0
116,0.0
116,0.0
116,0.0
116,0.0
116,0.24000000000000007
116,1.445000000000001
116,0.0
116,0.05500000000000001
116,0.0
116,0.17
116,0.0
116,0.0
116,0.0
116,0.5150000000000002
116,0.0
116,0.0
116,0.0
116,0.0
116,0.0
116,0.060000000000000005
116,0.0
116,0.0
116,0.0
116,0.0
116,0.6800000000000004
116,0.0
116,0.0
116,0.0
116,0.0
116,0.0
116,0.0
116,1.0200000000000007
116,0.0
116,0.0
116,0.0
116,0.0
116,0.0
116,0.0
116,0.0
116,0.0
116,0.0
116,0.3100000000000001
117,0.0
117,0.0
117,0.0
117,0.0
117,0.0
117,0.7600000000000003
117,0.0
117,0.0
117,0.0
117,1.3150000000000008
117,0.0
117,0.0
117,0.0
117,0.0
117,0.0
117,1.625000000000001
117,0.0
117,0.6100000000000003
117,0.0
117,0.0
117,0.0
117,0.0
117,0.0
117,0.0
117,0.0
117,0.0
117,0.0
117,0.0
117,0.0
117,0.0
117,0.0
117,0.0
117,0.5450000000000003
117,0.0
117,0.05500000000000001
117,0.0
117,0.0
117,0.0
117,0.0
117,0.0
117,0.8800000000000006
117,0.0
117,0.0
117,0.0
117,0.0
117,0.0
117,0.7750000000000004
117,0.0
117,0.8850000000000005
117,1.520000000000001
117,0.4200000000000002
117,0.065
117,0.0
117,0.0
117,0.0
117,0.0
117,0.0
117,0.0
117,0.0
117,0.0
117,0.0
117,0.0
117,0.24000000000000007
117,1.445000000000001
117,0.0
117,0.05500000000000001
117,0.0
117,0.18000000000000002
117,0.0
117,0.0
117,0.0
117,0.5150000000000002
117,0.0
117,0.0
117,0.0
117,0.0
117,0.0
117,0.07
117,0.0
117,0.0
117,0.0
117,0.0
117,0.6800000000000004
117,0.0
117,0.0
117,0.0
117,0.0
117,0.0
117,0.0
117,1.0200000000000007
117,0.0
117,0.0
117,0.0
117,0.0
117,0.0
117,0.0
117,0.0
117,0.0
117,0.0
117,0.3200000000000001
118,0.0
118,0.0
118,0.0
118,0.0
118,0.0
118,0.7600000000000003
118,0.0
118,0.0
118,0.0
118,1.3150000000000008
118,0.0
118,0.0
118,0.0
118,0.0
118,0.0
118,1.640000000000001
118,0.0
118,0.6200000000000003
118,0.0
118,0.0
118,0.0
118,0.0
118,0.0
118,0.0
118,0.0
118,0.0
118,0.0
118,0.0
118,0.0
118,0.0
118,0.0
118,0.0
118,0.5450000000000003
118,0.0
118,0.05500000000000001
118,0.0
118,0.0
118,0.0
118,0.0
118,0.0
118,0.8800000000000006
118,0.0
118,0.0
118,0.0
118,0.0
118,0.0
118,0.7750000000000004
118,0.0
118,0.8850000000000005
118,1.535000000000001
118,0.4200000000000002
118,0.065
118,0.0
118,0.0
118,0.0
118,0.0
118,0.0
118,0.0
118,0.0
118,0.0
118,0.0
118,0.0
118,0.24000000000000007
118,1.445000000000001
118,0.0
118,0.05500000000000001
118,0.0
118,0.19000000000000003
118,0.0
118,0.0
118,0.0
118,0.5150000000000002
118,0.0
118,0.0
118,0.0
118,0.0
118,0.0
118,0.08
118,0.0
118,0.0
118,0.0
118,0.0
118,0.6800000000000004
118,0.0
118,0.0
118,0.0
118,0.0
118,0.0
118,0.0
118,1.0200000000000007
118,0.0
118,0.0
118,0.0
118,0.0
118,0.0
118,0.0
118,0.0
118,0.0
118,0.0
118,0.3300000000000001
119,0.0
119,0.0
119,0.0
119,0.0
119,0.0
119,0.7600000000000003
119,0.0
119,0.0
119,0.0
119,1.3150000000000008
119,0.0
119,0.0
119,0.0
119,0.0
119,0.0
119,1.6550000000000011
119,0.0
119,0.6300000000000003
119,0.0
119,0.0
119,0.0
119,0.0
119,0.0
119,0.0
119,0.0
119,0.0
119,0.0
119,0.0
119,0.0
119,0.0
119,0.0
119,0.0
119,0.5450000000000003
119,0.0
119,0.05500000000000001
119,0.0
119,0.0
119,0.0
119,0.0
119,0.0
119,0.8800000000000006
119,0.0
119,0.0
119,0.0
119,0.0
119,0.0
119,0.7750000000000004
119,0.0
119,0.8850000000000005
119,1.5500000000000012
119,0.4200000000000002
119,0.065
119,0.0
119,0.0
119,0.0
119,0.0
119,0.0
119,0.0
119,0.0
119,0.0
119,0.0
119,0.0
119,0.24000000000000007
119,1.445000000000001
119,0.0
119,0.05500000000000001
119,0.0
119,0.20000000000000004
119,0.0
119,0.0
119,0.0
119,0.5150000000000002
119,0.0
119,0.0
119,0.0
119,0.0
119,0.0
119,0.09
119,0.0
119,0.0
119,0.0
119,0.0
119,0.6800000000000004
119,0.0
119,0.0
119,0.0
119,0.0
119,0.0
119,0.0
119,1.0200000000000007
119,0.0
119,0.0
119,0.0
119,0.0
119,0.0
119,0.0
119,0.0
119,0.0
119,0.0
119,0.34000000000000014
120,0.0
120,0.0
120,0.0
120,0.0
120,0.0
120,0.7600000000000003
120,0.0
120,0.0
120,0.0
120,1.3150000000000008
120,0.0
120,0.0
120,0.0
120,0.0
120,0.0
120,1.6700000000000013
120,0.0
120,0.6400000000000003
120,0.0
120,0.0
120,0.0
120,0.0
120,0.0
120,0.0
120,0.0
120,0.0
120,0.0
120,0.0
120,0.0
120,0.0
120,0.0
120,0.0
120,0.5450000000000003
120,0.0
120,0.05500000000000001
120,0.0
120,0.0
120,0.0
120,0.0
120,0.0
120,0.8800000000000006
120,0.0
120,0.0
120,0.0
120,0.0
120,0.0
120,0.7750000000000004
120,0.0
120,0.8850000000000005
120,1.565000000000001
120,0.4200000000000002
120,0.065
120,0.0
120,0.0
120,0.0
120,0.0
120,0.0
120,0.0
120,0.0
120,0.0
120,0.0
120,0.0
120,0.24000000000000007
120,1.445000000000001
120,0.0
120,0.05500000000000001
120,0.0
120,0.21000000000000005
120,0.0
120,0.0
120,0.0
120,0.5150000000000002
120,0.0
120,0.0
120,0.0
120,0.0
120,0.0
120,0.09999999999999999
120,0.0
120,0.0
120,0.0
120,0.0
120,0.6800000000000004
120,0.0
120,0.0
120,0.0
120,0.0
120,0.0
120,0.0
120,1.0200000000000007
120,0.0
120,0.0
120,0.0
120,0.0
120,0.0
120,0.0
120,0.0
120,0.0
120,0.0
120,0.35000000000000014
121,0.0
121,0.0
121,0.0
121,0.0
121,0.0
121,0.7600000000000003
121,0.0
121,0.0
121,0.0
121,1.3150000000000008
121,0.0
121,0.0
121,0.0
121,0.0
121,0.0
121,1.6850000000000012
121,0.0
121,0.6500000000000004
121,0.0
121,0.0
121,0.0
121,0.0
121,0.0
121,0.0
121,0.0
121,0.0
121,0.0
121,0.0
121,0.0
121,0.0
121,0.0
121,0.0
121,0.5450000000000003
121,0.0
121,0.05500000000000001
121,0.0
121,0.0
121,0.0
121,0.0
121,0.0
121,0.8800000000000006
121,0.0
121,0.0
121,0.0
121,0.0
121,0.0
121,0.7750000000000004
121,0.0
121,0.8850000000000005
121,1.580000000000001
121,0.4200000000000002
121,0.065
121,0.0
121,0.0
121,0.0
121,0.0
121,0.0
121,0.0
121,0.0
121,0.0
121,0.0
121,0.0
121,0.24000000000000007
121,1.445000000000001
121,0.0
121,0.05500000000000001
121,0.0
121,0.22000000000000006
121,0.0
121,0.0
121,0.0
121,0.5150000000000002
121,0.0
121,0.0
121,0.0
121,0.0
121,0.0
121,0.10999999999999999
121,0.0
121,0.0
121,0.0
121,0.0
121,0.6800000000000004
121,0.0
121,0.0
121,0.0
121,0.0
121,0.0
121,0.0
121,1.0200000000000007
121,0.0
121,0.0
121,0.0
121,0.0
121,0.0
121,0.0
121,0.0
121,0.0
121,0.0
121,0.36000000000000015
122,0.0
122,0.0
122,0.0
122,0.0
122,0.0
122,0.7600000000000003
122,0.0
122,0.0
122,0.0
122,1.3150000000000008
122,0.0
122,0.0
122,0.0
122,0.0
122,0.0
122,1.700000000000001
122,0.0
122,0.6600000000000004
122,0.0
122,0.0
122,0.0
122,0.0
122,0.0
122,0.0
122,0.0
122,0.0
122,0.0
122,0.0
122,0.0
122,0.0
122,0.0
122,0.0
122,0.5450000000000003
122,0.0
122,0.05500000000000001
122,0.0
122,0.0
122,0.0
122,0.0
122,0.0
122,0.8800000000000006
122,0.0
122,0.0
122,0.0
122,0.0
122,0.0
122,0.7750000000000004
122,0.0
122,0.8850000000000005
122,1.595000000000001
122,0.4200000000000002
122,0.065
122,0.0
122,0.0
122,0.0
122,0.0
122,0.0
122,0.0
122,0.0
122,0.0
122,0.0
122,0.0
122,0.24000000000000007
122,1.445000000000001
122,0.0
122,0.05500000000000001
122,0.0
122,0.23000000000000007
122,0.0
122,0.0
122,0.0
122,0.5150000000000002
122,0.0
122,0.0
122,0.0
122,0.0
122,0.0
122,0.11999999999999998
122,0.0
122,0.0
122,0.0
122,0.0
122,0.6800000000000004
122,0.0
122,0.0
122,0.0
122,0.0
122,0.0
122,0.0
122,1.0200000000000007
122,0.0
122,0.0
122,0.0
122,0.0
122,0.0
122,0.0
122,0.0
122,0.0
122,0.0
122,0.37000000000000016
123,0.0
123,0.0
123,0.0
123,0.0
123,0.0
123,0.7600000000000003
123,0.0
123,0.0
123,0.0
123,1.3150000000000008
123,0.0
123,0.0
123,0.0
123,0.0
123,0.0
123,1.7150000000000012
123,0.0
123,0.6600000000000004
123,0.0
123,0.0
123,0.0
123,0.0
123,0.0
123,0.0
123,0.0
123,0.0
123,0.0
123,0.0
123,0.0
123,0.0
123,0.0
123,0.0
123,0.5450000000000003
123,0.0
123,0.05500000000000001
123,0.0
123,0.0
123,0.0
123,0.0
123,0.0
123,0.8800000000000006
123,0.0
123,0.0
123,0.0
123,0.0
123,0.0
123,0.7750000000000004
123,0.0
123,0.8850000000000005
123,1.6100000000000012
123,0.4200000000000002
123,0.065
123,0.0
123,0.0
123,0.0
123,0.0
123,0.0
123,0.0
123,0.0
123,0.0
123,0.0
123,0.0
123,0.24000000000000007
123,1.445000000000001
123,0.0
123,0.05500000000000001
123,0.0
123,0.24000000000000007
123,0.0
123,0.0
123,0.0
123,0.5150000000000002
123,0.0
123,0.0
123,0.0
123,0.0
123,0.0
123,0.12999999999999998
123,0.0
123,0.0
123,0.0
123,0.0
123,0.6800000000000004
123,0.0
123,0.0
123,0.0
123,0.0
123,0.0
123,0.0
123,1.0200000000000007
123,0.0
123,0.0
123,0.0
123,0.0
123,0.0
123,0.0
123,0.0
123,0.0
123,0.0
123,0.38000000000000017
124,0.0
124,0.0
124,0.0
124,0.0
124,0.0
124,0.7600000000000003
124,0.0
124,0.0
124,0.0
124,1.3150000000000008
124,0.0
124,0.0
124,0.0
124,0.0
124,0.0
124,1.7300000000000013
124,0.0
124,0.6600000000000004
124,0.0
124,0.0
124,0.0
124,0.0
124,0.0
124,0.0
124,0.0
124,0.0
124,0.0
124,0.0
124,0.0
124,0.0
124,0.0
124,0.0
124,0.5450000000000003
124,0.0
124,0.05500000000000001
124,0.0
124,0.0
124,0.0
124,0.0
124,0.0
124,0.8800000000000006
124,0.0
124,0.0
124,0.0
124,0.0
124,0.0
124,0.7750000000000004
124,0.0
124,0.8850000000000005
124,1.625000000000001
124,0.4200000000000002
124,0.065
124,0.0
124,0.0
124,0.0
124,0.0
124,0.0
124,0.0
124,0.0
124,0.0
124,0.0
124,0.0
124,0.24000000000000007
124,1.445000000000001
124,0.0
124,0.05500000000000001
124,0.0
124,0.25000000000000006
124,0.0
124,0.0
124,0.0
124,0.5150000000000002
124,0.0
124,0.0
124,0.0
124,0.0
124,0.0
124,0.13999999999999999
124,0.0
124,0.0
124,0.0
124,0.0
124,0.6800000000000004
124,0.0
124,0.0
124,0.0
124,0.0
124,0.0
124,0.0
124,1.0200000000000007
124,0.0
124,0.0
124,0.0
124,0.0
124,0.0
124,0.0
124,0.0
124,0.0
124,0.0
124,0.3900000000000002
125,0.0
125,0.0
125,0.0
125,0.0
125,0.0
125,0.7600000000000003
125,0.0
125,0.0
125,0.0
125,1.3150000000000008
125,0.0
125,0.0
125,0.0
125,0.0
125,0.0
125,1.7450000000000012
125,0.0
125,0.6600000000000004
125,0.0
125,0.0
125,0.0
125,0.0
125,0.0
125,0.0
125,0.0
125,0.0
125,0.0
125,0.0
125,0.0
125,0.0
125,0.0
125,0.0
125,0.5450000000000003
125,0.0
125,0.05500000000000001
125,0.0
125,0.0
125,0.0
125,0.0
125,0.0
125,0.8800000000000006
125,0.0
125,0.0
125,0.0
125,0.0
125,0.0
125,0.7750000000000004
125,0.0
125,0.8850000000000005
125,1.640000000000001
125,0.4200000000000002
125,0.065
125,0.0
125,0.0
125,0.0
125,0.0
125,0.0
125,0.0
125,0.0
125,0.0
125,0.0
125,0.0
125,0.24000000000000007
125,1.445000000000001
125,0.0
125,0.05500000000000001
125,0.0
125,0.26000000000000006
125,0.0
125,0.0
125,0.0
125,0.5150000000000002
125,0.0
125,0.0
125,0.0
125,0.0
125,0.0
125,0.15
125,0.0
125,0.0
125,0.0
125,0.0
125,0.6800000000000004
125,0.0
125,0.0
125,0.0
125,0.0
125,0.0
125,0.0
125,1.0200000000000007
125,0.0
125,0.0
125,0.0
125,0.0
125,0.0
125,0.0
125,0.0
125,0.0
125,0.0
125,0.4000000000000002
126,0.0
126,0.0
126,0.0
126,0.0
126,0.0
126,0.7600000000000003
126,0.0
126,0.0
126,0.0
126,1.3150000000000008
126,0.0
126,0.0
126,0.0
126,0.0
126,0.0
126,1.7600000000000011
126,0.0
126,0.6600000000000004
126,0.0
126,0.0
126,0.0
126,0.0
126,0.0
126,0.0
126,0.0
126,0.0
126,0.0
126,0.0
126,0.0
126,0.0
126,0.0
126,0.0
126,0.5450000000000003
126,0.0
126,0.05500000000000001
126,0.0
126,0.0
126,0.0
126,0.0
126,0.0
126,0.8800000000000006
126,0.0
126,0.0
126,0.0
126,0.0
126,0.0
126,0.7750000000000004
126,0.0
126,0.8850000000000005
126,1.6550000000000011
126,0.4200000000000002
126,0.065
126,0.0
126,0.0
126,0.0
126,0.0
126,0.0
126,0.0
126,0.0
126,0.0
126,0.0
126,0.0
126,0.24000000000000007
126,1.445000000000001
126,0.0
126,0.05500000000000001
126,0.0
126,0.2700000000000001
126,0.0
126,0.0
126,0.0
126,0.5150000000000002
126,0.0
126,0.0
126,0.0
126,0.0
126,0.0
126,0.16
126,0.0
126,0.0
126,0.0
126,0.0
126,0.6800000000000004
126,0.0
126,0.0
126,0.0
126,0.0
126,0.0
126,0.0
126,1.0200000000000007
126,0.0
126,0.0
126,0.0
126,0.0
126,0.0
126,0.0
126,0.0
126,0.0
126,0.0
126,0.4100000000000002
127,0.0
127,0.0
127,0.0
127,0.0
127,0.0
127,0.7600000000000003
127,0.0
127,0.0
127,0.0
127,1.3150000000000008
127,0.0
127,0.0
127,0.0
127,0.0
127,0.0
127,1.7750000000000012
127,0.0
127,0.6600000000000004
127,0.0
127,0.0
127,0.0
127,0.0
127,0.0
127,0.0
127,0.0
127,0.0
127,0.0
127,0.0
127,0.0
127,0.0
127,0.0
127,0.0
127,0.5450000000000003
127,0.0
127,0.05500000000000001
127,0.0
127,0.0
127,0.0
127,0.0
127,0.0
127,0.8800000000000006
127,0.0
127,0.0
127,0.0
127,0.0
127,0.0
127,0.7750000000000004
127,0.0
127,0.8850000000000005
127,1.6700000000000013
127,0.4200000000000002
127,0.065
127,0.0
127,0.0
127,0.0
127,0.0
127,0.0
127,0.0
127,0.0
127,0.0
127,0.0
127,0.0
127,0.24000000000000007
127,1.445000000000001
127,0.0
127,0.05500000000000001
127,0.0
127,0.2800000000000001
127,0.0
127,0.0
127,0.0
127,0.5150000000000002
127,0.0
127,0.0
127,0.0
127,0.0
127,0.0
127,0.17
127,0.0
127,0.0
127,0.0
127,0.0
127,0.6800000000000004
127,0.0
127,0.0
127,0.0
127,0.0
127,0.0
127,0.0
127,1.0200000000000007
127,0.0
127,0.0
127,0.0
127,0.0
127,0.0
127,0.0
127,0.0
127,0.0
127,0.0
127,0.4200000000000002
128,0.0
128,0.0
128,0.0
128,0.0
128,0.0
128,0.7600000000000003
128,0.0
128,0.0
128,0.0
128,1.3150000000000008
128,0.0
128,0.0
128,0.0
128,0.0
128,0.0
128,1.7900000000000014
128,0.0
128,0.6600000000000004
128,0.0
128,0.0
128,0.0
128,0.0
128,0.0
128,0.0
128,0.0
128,0.0
128,0.0
128,0.0
128,0.0
128,0.0
128,0.0
128,0.0
128,0.5450000000000003
128,0.0
128,0.05500000000000001
128,0.0
128,0.0
128,0.0
128,0.0
128,0.0
128,0.8800000000000006
128,0.0
128,0.0
128,0.0
128,0.0
128,0.0
128,0.7750000000000004
128,0.0
128,0.8850000000000005
128,1.6850000000000012
128,0.4200000000000002
128,0.065
128,0.0
128,0.0
128,0.0
128,0.0
128,0.0
128,0.0
128,0.0
128,0.0
128,0.0
128,0.0
128,0.24000000000000007
128,1.445000000000001
128,0.0
128,0.05500000000000001
128,0.0
128,0.2900000000000001
128,0.0
128,0.0
128,0.0
128,0.5150000000000002
128,0.0
128,0.0
128,0.0
128,0.0
128,0.0
128,0.18000000000000002
128,0.0
128,0.0
128,0.0
128,0.0
128,0.6800000000000004
128,0.0
128,0.0
128,0.0
128,0.0
128,0.0
128,0.0
128,1.0200000000000007
128,0.0
128,0.0
128,0.0
128,0.0
128,0.0
128,0.0
128,0.0
128,0.0
128,0.0
128,0.4300000000000002
129,0.0
129,0.0
129,0.0
129,0.0
129,0.0
129,0.7600000000000003
129,0.0
129,0.0
129,0.0
129,1.3150000000000008
129,0.0
129,0.0
129,0.0
129,0.0
129,0.0
129,1.8050000000000013
129,0.0
129,0.6600000000000004
129,0.0
129,0.0
129,0.0
129,0.0
129,0.0
129,0.0
129,0.0
129,0.0
129,0.0
129,0.0
129,0.0
129,0.0
129,0.0
129,0.0
129,0.5450000000000003
129,0.0
129,0.05500000000000001
129,0.0
129,0.0
129,0.0
129,0.0
129,0.0
129,0.8800000000000006
129,0.0
129,0.0
129,0.0
129,0.0
129,0.0
129,0.7750000000000004
129,0.0
129,0.8850000000000005
129,1.700000000000001
129,0.4200000000000002
129,0.065
129,0.0
129,0.0
129,0.0
129,0.0
129,0.0
129,0.0
129,0.0
129,0.0
129,0.0
129,0.0
129,0.24000000000000007
129,1.445000000000001
129,0.0
129,0.05500000000000001
129,0.0
129,0.3000000000000001
129,0.0
129,0.0
129,0.0
129,0.5150000000000002
129,0.0
129,0.0
129,0.0
129,0.0
129,0.0
129,0.19000000000000003
129,0.0
129,0.0
129,0.0
129,0.0
129,0.6800000000000004
129,0.0
129,0.0
129,0.0
129,0.0
129,0.0
129,0.0
129,1.0200000000000007
129,0.0
129,0.0
129,0.0
129,0.0
129,0.0
129,0.0
129,0.0
129,0.0
129,0.0
129,0.4300000000000002
130,0.0
130,0.0
130,0.0
130,0.0
130,0.0
130,0.7600000000000003
130,0.0
130,0.0
130,0.0
130,1.3150000000000008
130,0.0
130,0.0
130,0.0
130,0.0
130,0.0
130,1.8200000000000012
130,0.0
130,0.6600000000000004
130,0.0
130,0.0
130,0.0
130,0.0
130,0.0
130,0.0
130,0.0
130,0.0
130,0.0
130,0.0
130,0.0
130,0.0
130,0.0
130,0.0
130,0.5450000000000003
130,0.0
130,0.05500000000000001
130,0.0
130,0.0
130,0.0
130,0.0
130,0.0
130,0.8800000000000006
130,0.0
130,0.0
130,0.0
130,0.0
130,0.0
130,0.7750000000000004
130,0.0
130,0.8850000000000005
130,1.7150000000000012
130,0.4200000000000002
130,0.065
130,0.0
130,0.0
130,0.0
130,0.0
130,0.0
130,0.0
130,0.0
130,0.0
130,0.0
130,0.0
130,0.24000000000000007
130,1.445000000000001
130,0.0
130,0.05500000000000001
130,0.0
130,0.3100000000000001
130,0.0
130,0.0
130,0.0
130,0.5150000000000002
130,0.0
130,0.0
130,0.0
130,0.0
130,0.0
130,0.20000000000000004
130,0.0
130,0.0
130,0.0
130,0.0
130,0.6800000000000004
130,0.0
130,0.0
130,0.0
130,0.0
130,0.0
130,0.0
130,1.0200000000000007
130,0.0
130,0.0
130,0.0
130,0.0
130,0.0
130,0.0
130,0.0
130,0.0
130,0.0
130,0.4400000000000002
131,0.0
131,0.0
131,0.0
131,0.0
131,0.0
131,0.7600000000000003
131,0.0
131,0.0
131,0.0
131,1.3150000000000008
131,0.0
131,0.0
131,0.0
131,0.0
131,0.0
131,1.8350000000000013
131,0.0
131,0.6600000000000004
131,0.0
131,0.0
131,0.0
131,0.0
131,0.0
131,0.0
131,0.0
131,0.0
131,0.0
131,0.0
131,0.0
131,0.0
131,0.0
131,0.0
131,0.5450000000000003
131,0.0
131,0.05500000000000001
131,0.0
131,0.0
131,0.0
131,0.0
131,0.0
131,0.8800000000000006
131,0.0
131,0.0
131,0.0
131,0.0
131,0.0
131,0.7750000000000004
131,0.0
131,0.8850000000000005
131,1.7300000000000013
131,0.4200000000000002
131,0.065
131,0.0
131,0.0
131,0.0
131,0.0
131,0.0
131,0.0
131,0.0
131,0.0
131,0.0
131,0.0
131,0.24000000000000007
131,1.445000000000001
131,0.0
131,0.05500000000000001
131,0.0
131,0.3200000000000001
131,0.0
131,0.0
131,0.0
131,0.5150000000000002
131,0.0
131,0.0
131,0.0
131,0.0
131,0.0
131,0.21000000000000005
131,0.0
131,0.0
131,0.0
131,0.0
131,0.6800000000000004
131,0.0
131,0.0
131,0.0
131,0.0
131,0.0
131,0.0
131,1.0200000000000007
131,0.0
131,0.0
131,0.0
131,0.0
131,0.0
131,0.0
131,0.0
131,0.0
131,0.0
131,0.45000000000000023
132,0.0
132,0.0
132,0.0
132,0.0
132,0.0
132,0.7600000000000003
132,0.0
132,0.0
132,0.0
132,1.3150000000000008
132,0.0
132,0.0
132,0.0
132,0.0
132,0.0
132,1.8500000000000014
132,0.0
132,0.6600000000000004
132,0.0
132,0.0
132,0.0
132,0.0
132,0.0
132,0.0
132,0.0
132,0.0
132,0.0
132,0.0
132,0.0
132,0.0
132,0.0
132,0.0
132,0.5450000000000003
132,0.0
132,0.05500000000000001
132,0.0
132,0.0
132,0.0
132,0.0
132,0.0
132,0.8800000000000006
132,0.0
132,0.0
132,0.0
132,0.0
132,0.0
132,0.7750000000000004
132,0.0
132,0.8850000000000005
132,1.7450000000000012
132,0.4200000000000002
132,0.065
132,0.0
132,0.0
132,0.0
132,0.0
132,0.0
132,0.0
132,0.0
132,0.0
132,0.0
132,0.0
132,0.24000000000000007
132,1.445000000000001
132,0.0
132,0.05500000000000001
132,0.0
132,0.3300000000000001
132,0.0
132,0.0
132,0.0
132,0.5150000000000002
132,0.0
132,0.0
132,0.0
132,0.0
132,0.0
132,0.22000000000000006
132,0.0
132,0.0
132,0.0
132,0.0
132,0.6800000000000004
132,0.0
132,0.0
132,0.0
132,0.0
132,0.0
132,0.0
132,1.0200000000000007
132,0.0
132,0.0
132,0.0
132,0.0
132,0.0
132,0.0
132,0.0
132,0.0
132,0.0
132,0.46000000000000024
133,0.0
133,0.0
133,0.0
133,0.0
133,0.0
133,0.7600000000000003
133,0.0
133,0.0
133,0.0
133,1.3150000000000008
133,0.0
133,0.0
133,0.0
133,0.0
133,0.0
133,1.8650000000000013
133,0.0
133,0.6600000000000004
133,0.0
133,0.0
133,0.0
133,0.0
133,0.0
133,0.0
133,0.0
133,0.0
133,0.0
133,0.0
133,0.0
133,0.0
133,0.0
133,0.0
133,0.5450000000000003
133,0.0
133,0.05500000000000001
133,0.0
133,0.0
133,0.0
133,0.0
133,0.0
133,0.8800000000000006
133,0.0
133,0.0
133,0.0
133,0.0
133,0.0
133,0.7750000000000004
133,0.0
133,0.8850000000000005
133,1.7600000000000011
133,0.4200000000000002
133,0.065
133,0.0
133,0.0
133,0.0
133,0.0
133,0.0
133,0.0
133,0.0
133,0.0
133,0.0
133,0.0
133,0.24000000000000007
133,1.445000000000001
133,0.0
133,0.05500000000000001
133,0.0
133,0.34000000000000014
133,0.0
133,0.0
133,0.0
133,0.5150000000000002
133,0.0
133,0.0
133,0.0
133,0.0
133,0.0
133,0.23000000000000007
133,0.0
133,0.0
133,0.0
133,0.0
133,0.6800000000000004
133,0.0
133,0.0
133,0.0
133,0.0
133,0.0
133,0.0
133,1.0200000000000007
133,0.0
133,0.0
133,0.0
133,0.0
133,0.0
133,0.0
133,0.0
133,0.0
133,0.0
133,0.47000000000000025
134,0.0
134,0.0
134,0.0
134,0.0
134,0.0
134,0.7600000000000003
134,0.0
134,0.0
134,0.0
134,1.3150000000000008
134,0.0
134,0.0
134,0.0
134,0.0
134,0.0
134,1.8800000000000012
134,0.0
134,0.6600000000000004
134,0.0
134,0.0
134,0.0
134,0.0
134,0.0
134,0.0
134,0.0
134,0.0
134,0.0
134,0.0
134,0.0
134,0.0
134,0.0
134,0.0
134,0.5450000000000003
134,0.0
134,0.05500000000000001
134,0.0
134,0.0
134,0.0
134,0.0
134,0.0
134,0.8800000000000006
134,0.0
134,0.0
134,0.0
134,0.0
134,0.0
134,0.7750000000000004
134,0.0
134,0.8850000000000005
134,1.7750000000000012
134,0.4200000000000002
134,0.065
134,0.0
134,0.0
134,0.0
134,0.0
134,0.0
134,0.0
134,0.0
134,0.0
134,0.0
134,0.0
134,0.24000000000000007
134,1.445000000000001
134,0.0
134,0.05500000000000001
134,0.0
134,0.35000000000000014
134,0.0
134,0.0
134,0.0
134,0.5150000000000002
134,0.0
134,0.0
134,0.0
134,0.0
134,0.0
134,0.24000000000000007
134,0.0
134,0.0
134,0.0
134,0.0
134,0.6800000000000004
134,0.0
134,0.0
134,0.0
134,0.0
134,0.0
134,0.0
134,1.0200000000000007
134,0.0
134,0.0
134,0.0
134,0.0
134,0.0
134,0.0
134,0.0
134,0.0
134,0.0
134,0.48000000000000026
135,0.0
135,0.0
135,0.0
135,0.0
135,0.0
135,0.7600000000000003
135,0.0
135,0.0
135,0.0
135,1.3150000000000008
135,0.0
135,0.0
135,0.0
135,0.0
135,0.0
135,1.8950000000000014
135,0.0
135,0.6600000000000004
135,0.0
135,0.0
135,0.0
135,0.0
135,0.0
135,0.0
135,0.0
135,0.0
135,0.0
135,0.0
135,0.0
135,0.0
135,0.0
135,0.0
135,0.5450000000000003
135,0.0
135,0.05500000000000001
135,0.0
135,0.0
135,0.0
135,0.0
135,0.0
135,0.8800000000000006
135,0.0
135,0.0
135,0.0
135,0.0
135,0.0
135,0.7750000000000004
135,0.0
135,0.8850000000000005
135,1.7900000000000014
135,0.4200000000000002
135,0.065
135,0.0
135,0.0
135,0.0
135,0.0
135,0.0
135,0.0
135,0.0
135,0.0
135,0.0
135,0.0
135,0.24000000000000007
135,1.445000000000001
135,0.0
135,0.05500000000000001
135,0.0
135,0.36000000000000015
135,0.0
135,0.0
135,0.0
135,0.5150000000000002
135,0.0
135,0.0
135,0.0
135,0.0
135,0.0
135,0.25000000000000006
135,0.0
135,0.0
135,0.0
135,0.0
135,0.6800000000000004
135,0.0
135,0.0
135,0.0
135,0.0
135,0.0
135,0.0
135,1.0200000000000007
135,0.0
135,0.0
135,0.0
135,0.0
135,0.0
135,0.0
135,0.0
135,0.0
135,0.0
135,0.49000000000000027
136,0.0
136,0.0
136,0.0
136,0.0
136,0.0
136,0.7600000000000003
136,0.0
136,0.0
136,0.0
136,1.3150000000000008
136,0.0
136,0.0
136,0.0
136,0.0
136,0.0
136,1.9050000000000014
136,0.0
136,0.6600000000000004
136,0.0
136,0.0
136,0.0
136,0.0
136,0.0
136,0.0
136,0.0
136,0.0
136,0.0
136,0.0
136,0.0
136,0.0
136,0.0
136,0.0
136,0.5450000000000003
136,0.0
136,0.05500000000000001
136,0.0
136,0.0
136,0.0
136,0.0
136,0.0
136,0.8800000000000006
136,0.0
136,0.0
136,0.0
136,0.0
136,0.0
136,0.7750000000000004
136,0.0
136,0.8850000000000005
136,1.8050000000000013
136,0.4200000000000002
136,0.065
136,0.0
136,0.0
136,0.0
136,0.0
136,0.0
136,0.0
136,0.0
136,0.0
136,0.0
136,0.0
136,0.24000000000000007
136,1.445000000000001
136,0.0
136,0.05500000000000001
136,0.0
136,0.37000000000000016
136,0.0
136,0.0
136,0.0
136,0.5150000000000002
136,0.0
136,0.0
136,0.0
136,0.0
136,0.0
136,0.26000000000000006
136,0.0
136,0.0
136,0.0
136,0.0
136,0.6800000000000004
136,0.0
136,0.0
136,0.0
136,0.0
136,0.0
136,0.0
136,1.0200000000000007
136,0.0
136,0.0
136,0.0
136,0.0
136,0.0
136,0.0
136,0.0
136,0.0
136,0.0
136,0.5000000000000002
137,0.0
137,0.0
137,0.0
137,0.0
137,0.0
137,0.7600000000000003
137,0.0
137,0.0
137,0.0
137,1.3150000000000008
137,0.0
137,0.0
137,0.0
137,0.0
137,0.0
137,1.9150000000000014
137,0.0
137,0.6600000000000004
137,0.0
137,0.0
137,0.0
137,0.0
137,0.0
137,0.0
137,0.0
137,0.0
137,0.0
137,0.0
137,0.0
137,0.0
137,0.0
137,0.0
137,0.5450000000000003
137,0.0
137,0.05500000000000001
137,0.0
137,0.0
137,0.0
137,0.0
137,0.0
137,0.8800000000000006
137,0.0
137,0.0
137,0.0
137,0.0
137,0.0
137,0.7750000000000004
137,0.0
137,0.8850000000000005
137,1.8200000000000012
137,0.4200000000000002
137,0.065
137,0.0
137,0.0
137,0.0
137,0.0
137,0.0
137,0.0
137,0.0
137,0.0
137,0.0
137,0.0
137,0.24000000000000007
137,1.445000000000001
137,0.0
137,0.05500000000000001
137,0.0
137,0.38000000000000017
137,0.0
137,0.0
137,0.0
137,0.5150000000000002
137,0.0
137,0.0
137,0.0
137,0.0
137,0.0
137,0.2700000000000001
137,0.0
137,0.0
137,0.0
137,0.0
137,0.6800000000000004
137,0.0
137,0.0
137,0.0
137,0.0
137,0.0
137,0.0
137,1.0200000000000007
137,0.0
137,0.0
137,0.0
137,0.0
137,0.0
137,0.0
137,0.0
137,0.0
137,0.0
137,0.5100000000000002
138,0.0
138,0.0
138,0.0
138,0.0
138,0.0
138,0.7600000000000003
138,0.0
138,0.01
138,0.0
138,1.3150000000000008
138,0.0
138,0.0
138,0.0
138,0.0
138,0.0
138,1.9250000000000014
138,0.0
138,0.6600000000000004
138,0.0
138,0.0
138,0.0
138,0.0
138,0.0
138,0.0
138,0.0
138,0.0
138,0.0
138,0.0
138,0.0
138,0.0
138,0.0
138,0.0
138,0.5450000000000003
138,0.0
138,0.05500000000000001
138,0.0
138,0.0
138,0.0
138,0.0
138,0.0
138,0.8800000000000006
138,0.0
138,0.0
138,0.0
138,0.0
138,0.0
138,0.7750000000000004
138,0.0
138,0.8850000000000005
138,1.8350000000000013
138,0.4200000000000002
138,0.065
138,0.0
138,0.0
138,0.0
138,0.0
138,0.0
138,0.0
138,0.0
138,0.0
138,0.0
138,0.0
138,0.24000000000000007
138,1.445000000000001
138,0.0
138,0.05500000000000001
138,0.0
138,0.3900000000000002
138,0.0
138,0.0
138,0.0
138,0.5150000000000002
138,0.0
138,0.0
138,0.0
138,0.0
138,0.0
138,0.2800000000000001
138,0.0
138,0.0
138,0.0
138,0.0
138,0.6800000000000004
138,0.0
138,0.0
138,0.0
138,0.0
138,0.0
138,0.0
138,1.0200000000000007
138,0.0
138,0.0
138,0.0
138,0.0
138,0.0
138,0.0
138,0.0
138,0.0
138,0.0
138,0.5200000000000002
139,0.0
139,0.0
139,0.0
139,0.0
139,0.0
139,0.7600000000000003
139,0.0
139,0.02
139,0.0
139,1.3150000000000008
139,0.0
139,0.0
139,0.0
139,0.0
139,0.0
139,1.9350000000000014
139,0.0
139,0.6600000000000004
139,0.0
139,0.0
139,0.0
139,0.0
139,0.0
139,0.0
139,0.0
139,0.0
139,0.0
139,0.0
139,0.0
139,0.0
139,0.0
139,0.0
139,0.5450000000000003
139,0.0
139,0.05500000000000001
139,0.0
139,0.0
139,0.0
139,0.0
139,0.0
139,0.8800000000000006
139,0.0
139,0.0
139,0.0
139,0.0
139,0.0
139,0.7750000000000004
139,0.0
139,0.8850000000000005
139,1.8500000000000014
139,0.4200000000000002
139,0.065
139,0.0
139,0.0
139,0.0
139,0.0
139,0.0
139,0.0
139,0.0
139,0.01
139,0.0
139,0.0
139,0.24000000000000007
139,1.445000000000001
139,0.0
139,0.05500000000000001
139,0.0
139,0.4000000000000002
139,0.0
139,0.0
139,0.0
139,0.5150000000000002
139,0.0
139,0.0
139,0.0
139,0.0
139,0.0
139,0.2900000000000001
139,0.0
139,0.0
139,0.0
139,0.0
139,0.6800000000000004
139,0.0
139,0.0
139,0.0
139,0.0
139,0.0
139,0.0
139,1.0200000000000007
139,0.0
139,0.0
139,0.0
139,0.0
139,0.0
139,0.0
139,0.0
139,0.0
139,0.0
139,0.5300000000000002
140,0.0
140,0.0
140,0.0
140,0.0
140,0.0
140,0.7600000000000003
140,0.0
140,0.03
140,0.0
140,1.3150000000000008
140,0.0
140,0.0
140,0.0
140,0.0
140,0.0
140,1.9450000000000014
140,0.0
140,0.6600000000000004
140,0.0
140,0.0
140,0.0
140,0.0
140,0.0
140,0.0
140,0.0
140,0.0
140,0.0
140,0.0
140,0.0
140,0.0
140,0.0
140,0.0
140,0.5450000000000003
140,0.0
140,0.05500000000000001
140,0.0
140,0.0
140,0.0
140,0.0
140,0.0
140,0.8800000000000006
140,0.0
140,0.0
140,0.0
140,0.0
140,0.0
140,0.7750000000000004
140,0.0
140,0.8850000000000005
140,1.8650000000000013
140,0.4200000000000002
140,0.065
140,0.0
140,0.0
140,0.0
140,0.0
140,0.0
140,0.0
140,0.0
140,0.02
140,0.0
140,0.0
140,0.24000000000000007
140,1.445000000000001
140,0.0
140,0.05500000000000001
140,0.0
140,0.4100000000000002
140,0.0
140,0.0
140,0.0
140,0.5150000000000002
140,0.0
140,0.0
140,0.0
140,0.0
140,0.0
140,0.3000000000000001
140,0.0
140,0.0
140,0.0
140,0.0
140,0.6800000000000004
140,0.0
140,0.0
140,0.0
140,0.0
140,0.0
140,0.0
140,1.0200000000000007
140,0.0
140,0.0
140,0.0
140,0.0
140,0.0
140,0.0
140,0.0
140,0.0
140,0.0
140,0.5400000000000003
141,0.0
141,0.0
141,0.0
141,0.0
141,0.0
141,0.7600000000000003
141,0.0
141,0.04
141,0.0
141,1.3150000000000008
141,0.0
141,0.0
141,0.0
141,0.0
141,0.0
141,1.9550000000000014
141,0.0
141,0.6600000000000004
141,0.0
141,0.0
141,0.0
141,0.0
141,0.0
141,0.0
141,0.0
141,0.0
141,0.0
141,0.0
141,0.0
141,0.0
141,0.0
141,0.0
141,0.5450000000000003
141,0.0
141,0.05500000000000001
141,0.0
141,0.0
141,0.0
141,0.0
141,0.0
141,0.8800000000000006
141,0.0
141,0.0
141,0.0
141,0.0
141,0.0
141,0.7750000000000004
141,0.0
141,0.8850000000000005
141,1.8800000000000012
141,0.4200000000000002
141,0.065
141,0.0
141,0.0
141,0.0
141,0.0
141,0.0
141,0.0
141,0.0
141,0.03
141,0.0
141,0.0
141,0.24000000000000007
141,1.445000000000001
141,0.0
141,0.05500000000000001
141,0.0
141,0.4200000000000002
141,0.0
141,0.0
141,0.0
141,0.5150000000000002
141,0.0
141,0.0
141,0.0
141,0.0
141,0.0
141,0.3100000000000001
141,0.0
141,0.0
141,0.0
141,0.0
141,0.6800000000000004
141,0.0
141,0.0
141,0.0
141,0.0
141,0.0
141,0.0
141,1.0200000000000007
141,0.0
141,0.0
141,0.0
141,0.0
141,0.0
141,0.0
141,0.0
141,0.0
141,0.0
141,0.5500000000000003
142,0.0
142,0.0
142,0.0
142,0.0
142,0.0
142,0.7600000000000003
142,0.0
142,0.05
142,0.0
142,1.3150000000000008
142,0.0
142,0.0
142,0.0
142,0.0
142,0.0
142,1.9650000000000014
142,0.0
142,0.6600000000000004
142,0.0
142,0.0
142,0.0
142,0.0
142,0.0
142,0.0
142,0.0
142,0.0
142,0.0
142,0.0
142,0.0
142,0.0
142,0.0
142,0.0
142,0.5450000000000003
142,0.0
142,0.05500000000000001
142,0.0
142,0.0
142,0.0
142,0.0
142,0.0
142,0.8800000000000006
142,0.0
142,0.0
142,0.0
142,0.0
142,0.0
142,0.7750000000000004
142,0.0
142,0.8850000000000005
142,1.8950000000000014
142,0.4200000000000002
142,0.065
142,0.0
142,0.0
142,0.0
142,0.0
142,0.0
142,0.0
142,0.0
142,0.04
142,0.0
142,0.0
142,0.24000000000000007
142,1.445000000000001
142,0.0
142,0.05500000000000001
142,0.0
142,0.4300000000000002
142,0.0
142,0.0
142,0.0
142,0.5150000000000002
142,0.0
142,0.0
142,0.0
142,0.0
142,0.0
142,0.3200000000000001
142,0.0
142,0.0
142,0.0
142,0.0
142,0.6800000000000004
142,0.0
142,0.0
142,0.0
142,0.0
142,0.0
142,0.0
142,1.0200000000000007
142,0.0
142,0.0
142,0.0
142,0.0
142,0.0
142,0.0
142,0.0
142,0.0
142,0.0
142,0.5600000000000003
143,0.0
143,0.0
143,0.0
143,0.0
143,0.0
143,0.7600000000000003
143,0.0
143,0.060000000000000005
143,0.0
143,1.3150000000000008
143,0.0
143,0.0
143,0.0
143,0.0
143,0.0
143,1.9750000000000014
143,0.0
143,0.6600000000000004
143,0.0
143,0.0
143,0.0
143,0.0
143,0.0
143,0.0
143,0.0
143,0.0
143,0.0
143,0.0
143,0.0
143,0.0
143,0.0
143,0.0
143,0.5450000000000003
143,0.0
143,0.05500000000000001
143,0.0
143,0.0
143,0.0
143,0.0
143,0.0
143,0.8800000000000006
143,0.0
143,0.0
143,0.0
143,0.0
143,0.0
143,0.7750000000000004
143,0.0
143,0.8850000000000005
143,1.9100000000000015
143,0.4200000000000002
143,0.065
143,0.0
143,0.0
143,0.0
143,0.0
143,0.0
143,0.0
143,0.0
143,0.05
143,0.0
143,0.0
143,0.24000000000000007
143,1.445000000000001
143,0.0
143,0.05500000000000001
143,0.0
143,0.4300000000000002
143,0.0
143,0.0
143,0.0
143,0.5150000000000002
143,0.0
143,0.0
143,0.0
143,0.0
143,0.0
143,0.3300000000000001
143,0.0
143,0.0
143,0.0
143,0.0
143,0.6800000000000004
143,0.0
143,0.0
143,0.0
143,0.0
143,0.0
143,0.0
143,1.0200000000000007
143,0.0
143,0.0
143,0.0
143,0.0
143,0.0
143,0.0
143,0.0
143,0.0
143,0.0
143,0.5700000000000003
144,0.0
144,0.0
144,0.0
144,0.0
144,0.0
144,0.7600000000000003
144,0.0
144,0.07
144,0.0
144,1.3150000000000008
144,0.0
144,0.0
144,0.0
144,0.0
144,0.0
144,1.9850000000000014
144,0.0
144,0.6600000000000004
144,0.0
144,0.0
144,0.0
144,0.0
144,0.0
144,0.0
144,0.0
144,0.0
144,0.0
144,0.0
144,0.0
144,0.0
144,0.0
144,0.0
144,0.5450000000000003
144,0.0
144,0.05500000000000001
144,0.0
144,0.0
144,0.0
144,0.0
144,0.0
144,0.8800000000000006
144,0.0
144,0.0
144,0.0
144,0.0
144,0.0
144,0.7750000000000004
144,0.0
144,0.8850000000000005
144,1.9250000000000014
144,0.4200000000000002
144,0.065
144,0.0
144,0.0
144,0.0
144,0.0
144,0.0
144,0.0
144,0.0
144,0.060000000000000005
144,0.0
144,0.0
144,0.24000000000000007
144,1.445000000000001
144,0.0
144,0.05500000000000001
144,0.0
144,0.4400000000000002
144,0.0
144,0.0
144,0.0
144,0.5150000000000002
144,0.0
144,0.0
144,0.0
144,0.0
144,0.0
144,0.34000000000000014
144,0.0
144,0.0
144,0.0
144,0.0
144,0.6800000000000004
144,0.0
144,0.0
144,0.0
144,0.0
144,0.0
144,0.0
144,1.0200000000000007
144,0.0
144,0.0
144,0.0
144,0.0
144,0.0
144,0.0
144,0.0
144,0.0
144,0.0
144,0.5800000000000003
145,0.0
145,0.0
145,0.0
145,0.0
145,0.0
145,0.7600000000000003
145,0.0
145,0.08
145,0.0
145,1.3150000000000008
145,0.0
145,0.0
145,0.0
145,0.0
145,0.0
145,1.9950000000000014
145,0.0
145,0.6600000000000004
145,0.0
145,0.0
145,0.0
145,0.0
145,0.0
145,0.0
145,0.0
145,0.0
145,0.0
145,0.01
145,0.0
145,0.0
145,0.0
145,0.0
145,0.5450000000000003
145,0.0
145,0.05500000000000001
145,0.0
145,0.0
145,0.0
145,0.0
145,0.0
145,0.8800000000000006
145,0.0
145,0.0
145,0.0
145,0.0
145,0.0
145,0.7750000000000004
145,0.0
145,0.8850000000000005
145,1.9400000000000013
145,0.4200000000000002
145,0.065
145,0.0
145,0.0
145,0.0
145,0.0
145,0.0
145,0.0
145,0.0
145,0.07
145,0.0
145,0.0
145,0.24000000000000007
145,1.445000000000001
145,0.0
145,0.05500000000000001
145,0.0
145,0.45000000000000023
145,0.0
145,0.0
145,0.0
145,0.5150000000000002
145,0.0
145,0.0
145,0.0
145,0.0
145,0.0
145,0.35000000000000014
145,0.0
145,0.0
145,0.0
145,0.0
145,0.6800000000000004
145,0.0
145,0.0
145,0.0
145,0.0
145,0.0
145,0.0
145,1.0200000000000007
145,0.0
145,0.0
145,0.0
145,0.0
145,0.0
145,0.0
145,0.0
145,0.0
145,0.0
145,0.5900000000000003
146,0.0
146,0.0
146,0.0
146,0.0
146,0.0
146,0.7600000000000003
146,0.0
146,0.09
146,0.0
146,1.3150000000000008
146,0.0
146,0.0
146,0.0
146,0.0
146,0.0
146,2.0050000000000017
146,0.0
146,0.6600000000000004
146,0.0
146,0.0
146,0.0
146,0.0
146,0.0
146,0.0
146,0.0
146,0.0
146,0.0
146,0.02
146,0.0
146,0.0
146,0.0
146,0.0
146,0.5450000000000003
146,0.0
146,0.05500000000000001
146,0.0
146,0.0
146,0.0
146,0.0
146,0.0
146,0.8800000000000006
146,0.0
146,0.0
146,0.0
146,0.0
146,0.0
146,0.7750000000000004
146,0.0
146,0.8850000000000005
146,1.9550000000000014
146,0.4200000000000002
146,0.065
146,0.0
146,0.0
146,0.0
146,0.0
146,0.0
146,0.0
146,0.0
146,0.08
146,0.0
146,0.0
146,0.24000000000000007
146,1.445000000000001
146,0.0
146,0.05500000000000001
146,0.0
146,0.46000000000000024
146,0.0
146,0.0
146,0.0
146,0.5150000000000002
146,0.0
146,0.0
146,0.0
146,0.0
146,0.0
146,0.36000000000000015
146,0.0
146,0.0
146,0.0
146,0.0
146,0.6800000000000004
146,0.0
146,0.0
146,0.0
146,0.0
146,0.0
146,0.0
146,1.0200000000000007
146,0.0
146,0.0
146,0.0
146,0.0
146,0.0
146,0.0
146,0.0
146,0.0
146,0.0
146,0.6000000000000003
147,0.0
147,0.0
147,0.0
147,0.0
147,0.0
147,0.7600000000000003
147,0.0
147,0.09999999999999999
147,0.0
147,1.3150000000000008
147,0.0
147,0.0
147,0.0
147,0.0
147,0.0
147,2.0150000000000015
147,0.0
147,0.6600000000000004
147,0.0
147,0.0
147,0.0
147,0.0
147,0.0
147,0.0
147,0.0
147,0.0
147,0.0
147,0.03
147,0.0
147,0.0
147,0.0
147,0.0
147,0.5450000000000003
147,0.0
147,0.05500000000000001
147,0.0
147,0.0
147,0.0
147,0.0
147,0.0
147,0.8800000000000006
147,0.0
147,0.0
147,0.0
147,0.0
147,0.0
147,0.7750000000000004
147,0.0
147,0.8850000000000005
147,1.9700000000000015
147,0.4200000000000002
147,0.065
147,0.0
147,0.0
147,0.0
147,0.0
147,0.0
147,0.0
147,0.0
147,0.09
147,0.0
147,0.0
147,0.24000000000000007
147,1.445000000000001
147,0.0
147,0.05500000000000001
147,0.0
147,0.47000000000000025
147,0.0
147,0.0
147,0.0
147,0.5150000000000002
147,0.0
147,0.0
147,0.0
147,0.0
147,0.0
147,0.37000000000000016
147,0.0
147,0.0
147,0.0
147,0.0
147,0.6800000000000004
147,0.0
147,0.0
147,0.0
147,0.0
147,0.0
147,0.0
147,1.0200000000000007
147,0.0
147,0.0
147,0.0
147,0.0
147,0.0
147,0.0
147,0.0
147,0.0
147,0.0
147,0.6100000000000003
148,0.0
148,0.0
148,0.0
148,0.0
148,0.0
148,0.7600000000000003
148,0.0
148,0.10999999999999999
148,0.0
148,1.3150000000000008
148,0.0
148,0.0
148,0.0
148,0.0
148,0.0
148,2.0250000000000012
148,0.0
148,0.6600000000000004
148,0.0
148,0.0
148,0.0
148,0.0
148,0.0
148,0.0
148,0.0
148,0.0
148,0.0
148,0.04
148,0.0
148,0.0
148,0.0
148,0.0
148,0.5450000000000003
148,0.0
148,0.05500000000000001
148,0.0
148,0.0
148,0.0
148,0.0
148,0.0
148,0.8800000000000006
148,0.0
148,0.0
148,0.0
148,0.0
148,0.0
148,0.7750000000000004
148,0.0
148,0.8850000000000005
148,1.9850000000000014
148,0.4200000000000002
148,0.065
148,0.0
148,0.0
148,0.0
148,0.0
148,0.0
148,0.0
148,0.0
148,0.09999999999999999
148,0.0
148,0.0
148,0.24000000000000007
148,1.445000000000001
148,0.0
148,0.05500000000000001
148,0.0
148,0.48000000000000026
148,0.0
148,0.0
148,0.0
148,0.5150000000000002
148,0.0
148,0.0
148,0.0
148,0.0
148,0.0
148,0.38000000000000017
148,0.0
148,0.0
148,0.0
148,0.0
148,0.6800000000000004
148,0.0
148,0.0
148,0.0
148,0.0
148,0.0
148,0.0
148,1.0200000000000007
148,0.0
148,0.0
148,0.0
148,0.0
148,0.0
148,0.0
148,0.0
148,0.0
148,0.0
148,0.6200000000000003
149,0.0
149,0.0
149,0.0
149,0.0
149,0.0
149,0.7600000000000003
149,0.0
149,0.11999999999999998
149,0.0
149,1.3150000000000008
149,0.0
149,0.0
149,0.0
149,0.0
149,0.0
149,2.0350000000000015
149,0.0
149,0.6600000000000004
149,0.0
149,0.0
149,0.0
149,0.0
149,0.0
149,0.0
149,0.0
149,0.0
149,0.0
149,0.05
149,0.0
149,0.0
149,0.0
149,0.0
149,0.5450000000000003
149,0.0
149,0.05500000000000001
149,0.0
149,0.0
149,0.0
149,0.0
149,0.0
149,0.8800000000000006
149,0.0
149,0.0
149,0.0
149,0.0
149,0.0
149,0.7750000000000004
149,0.0
149,0.8850000000000005
149,2.0000000000000013
149,0.4200000000000002
149,0.065
149,0.0
149,0.0
149,0.0
149,0.0
149,0.0
149,0.0
149,0.0
149,0.10999999999999999
149,0.0
149,0.0
149,0.24000000000000007
149,1.445000000000001
149,0.0
149,0.05500000000000001
149,0.0
149,0.49000000000000027
149,0.0
149,0.0
149,0.0
149,0.5150000000000002
149,0.0
149,0.0
149,0.0
149,0.0
149,0.0
149,0.3900000000000002
149,0.0
149,0.0
149,0.0
149,0.0
149,0.6800000000000004
149,0.0
149,0.0
149,0.0
149,0.0
149,0.0
149,0.0
149,1.0200000000000007
149,0.0
149,0.0
149,0.0
149,0.0
149,0.0
149,0.0
149,0.0
149,0.0
149,0.0
149,0.6300000000000003
150,0.0
150,0.0
150,0.0
150,0.0
150,0.0
150,0.7600000000000003
150,0.0
150,0.12999999999999998
150,0.0
150,1.3150000000000008
150,0.0
150,0.0
150,0.0
150,0.0
150,0.0
150,2.0450000000000017
150,0.0
150,0.6600000000000004
150,0.0
150,0.0
150,0.0
150,0.0
150,0.0
150,0.0
150,0.0
150,0.0
150,0.0
150,0.060000000000000005
150,0.0
150,0.0
150,0.0
150,0.0
150,0.5450000000000003
150,0.0
150,0.05500000000000001
150,0.0
150,0.0
150,0.0
150,0.0
150,0.0
150,0.8800000000000006
150,0.0
150,0.0
150,0.0
150,0.0
150,0.0
150,0.7750000000000004
150,0.0
150,0.8850000000000005
150,2.0150000000000015
150,0.4200000000000002
150,0.065
150,0.0
150,0.0
150,0.0
150,0.0
150,0.0
150,0.0
150,0.0
150,0.11999999999999998
150,0.0
150,0.0
150,0.24000000000000007
150,1.445000000000001
150,0.0
150,0.05500000000000001
150,0.0
150,0.5000000000000002
150,0.0
150,0.0
150,0.0
150,0.5150000000000002
150,0.0
150,0.0
150,0.0
150,0.0
150,0.0
150,0.4000000000000002
150,0.0
150,0.0
150,0.0
150,0.0
150,0.6800000000000004
150,0.0
150,0.0
150,0.0
150,0.0
150,0.0
150,0.0
150,1.0200000000000007
150,0.0
150,0.0
150,0.0
150,0.0
150,0.0
150,0.0
150,0.0
150,0.0
150,0.0
150,0.6400000000000003
151,0.0
151,0.0
151,0.0
151,0.0
151,0.0
151,0.7600000000000003
151,0.0
151,0.13999999999999999
151,0.0
151,1.3150000000000008
151,0.0
151,0.0
151,0.0
151,0.0
151,0.0
151,2.0550000000000015
151,0.0
151,0.6600000000000004
151,0.0
151,0.0
151,0.0
151,0.0
151,0.0
151,0.0
151,0.0
151,0.0
151,0.0
151,0.07
151,0.0
151,0.0
151,0.0
151,0.0
151,0.5450000000000003
151,0.0
151,0.05500000000000001
151,0.0
151,0.0
151,0.0
151,0.0
151,0.0
151,0.8800000000000006
151,0.0
151,0.0
151,0.0
151,0.0
151,0.0
151,0.7750000000000004
151,0.0
151,0.8850000000000005
151,2.0300000000000016
151,0.4200000000000002
151,0.065
151,0.0
151,0.0
151,0.0
151,0.0
151,0.0
151,0.0
151,0.0
151,0.12999999999999998
151,0.0
151,0.0
151,0.24000000000000007
151,1.445000000000001
151,0.0
151,0.05500000000000001
151,0.0
151,0.5100000000000002
151,0.0
151,0.0
151,0.0
151,0.5150000000000002
151,0.0
151,0.0
151,0.0
151,0.0
151,0.0
151,0.4100000000000002
151,0.0
151,0.0
151,0.0
151,0.0
151,0.6800000000000004
151,0.0
151,0.0
151,0.0
151,0.0
151,0.0
151,0.0
151,1.0200000000000007
151,0.0
151,0.0
151,0.0
151,0.0
151,0.0
151,0.0
151,0.0
151,0.0
151,0.0
151,0.6500000000000004
152,0.0
152,0.0
152,0.0
152,0.0
152,0.0
152,0.7600000000000003
152,0.0
152,0.15
152,0.0
152,1.3150000000000008
152,0.0
152,0.0
152,0.0
152,0.0
152,0.0
152,2.0650000000000013
152,0.0
152,0.6600000000000004
152,0.0
152,0.0
152,0.0
152,0.0
152,0.0
152,0.0
152,0.0
152,0.0
152,0.0
152,0.08
152,0.0
152,0.0
152,0.0
152,0.0
152,0.5450000000000003
152,0.0
152,0.05500000000000001
152,0.0
152,0.0
152,0.0
152,0.0
152,0.0
152,0.8800000000000006
152,0.0
152,0.0
152,0.0
152,0.0
152,0.0
152,0.7750000000000004
152,0.0
152,0.8850000000000005
152,2.0450000000000017
152,0.4200000000000002
152,0.065
152,0.0
152,0.0
152,0.0
152,0.0
152,0.0
152,0.0
152,0.0
152,0.13999999999999999
152,0.0
152,0.0
152,0.24000000000000007
152,1.445000000000001
152,0.0
152,0.05500000000000001
152,0.0
152,0.5200000000000002
152,0.0
152,0.0
152,0.0
152,0.5150000000000002
152,0.0
152,0.0
152,0.0
152,0.0
152,0.0
152,0.4200000000000002
152,0.0
152,0.0
152,0.0
152,0.0
152,0.6800000000000004
152,0.0
152,0.0
152,0.0
152,0.0
152,0.0
152,0.0
152,1.0200000000000007
152,0.0
152,0.0
152,0.0
152,0.0
152,0.0
152,0.0
152,0.0
152,0.0
152,0.0
152,0.6600000000000004
153,0.0
153,0.0
153,0.0
153,0.0
153,0.0
153,0.7600000000000003
153,0.0
153,0.16
153,0.0
153,1.3150000000000008
153,0.0
153,0.0
153,0.0
153,0.0
153,0.0
153,2.0750000000000015
153,0.0
153,0.6600000000000004
153,0.0
153,0.0
153,0.0
153,0.0
153,0.0
153,0.0
153,0.0
153,0.0
153,0.0
153,0.09
153,0.0
153,0.0
153,0.0
153,0.0
153,0.5450000000000003
153,0.0
153,0.05500000000000001
153,0.0
153,0.0
153,0.0
153,0.0
153,0.0
153,0.8800000000000006
153,0.0
153,0.0
153,0.0
153,0.0
153,0.0
153,0.7750000000000004
153,0.0
153,0.8850000000000005
153,2.0600000000000014
153,0.4200000000000002
153,0.065
153,0.0
153,0.0
153,0.0
153,0.0
153,0.0
153,0.0
153,0.0
153,0.15
153,0.0
153,0.0
153,0.24000000000000007
153,1.445000000000001
153,0.0
153,0.05500000000000001
153,0.0
153,0.5300000000000002
153,0.0
153,0.0
153,0.0
153,0.5150000000000002
153,0.0
153,0.0
153,0.0
153,0.0
153,0.0
153,0.4300000000000002
153,0.0
153,0.0
153,0.0
153,0.0
153,0.6800000000000004
153,0.0
153,0.0
153,0.0
153,0.0
153,0.0
153,0.0
153,1.0200000000000007
153,0.0
153,0.0
153,0.0
153,0.0
153,0.0
153,0.0
153,0.0
153,0.0
153,0.0
153,0.6700000000000004
154,0.0
154,0.0
154,0.0
154,0.0
154,0.0
154,0.7600000000000003
154,0.0
154,0.17
154,0.0
154,1.3150000000000008
154,0.0
154,0.0
154,0.0
154,0.0
154,0.0
154,2.0850000000000017
154,0.0
154,0.6600000000000004
154,0.0
154,0.0
154,0.0
154,0.0
154,0.0
154,0.0
154,0.0
154,0.0
154,0.0
154,0.09999999999999999
154,0.0
154,0.0
154,0.0
154,0.0
154,0.5450000000000003
154,0.0
154,0.05500000000000001
154,0.0
154,0.0
154,0.0
154,0.0
154,0.0
154,0.8800000000000006
154,0.0
154,0.0
154,0.0
154,0.0
154,0.0
154,0.7750000000000004
154,0.0
154,0.8850000000000005
154,2.0750000000000015
154,0.4200000000000002
154,0.065
154,0.0
154,0.0
154,0.0
154,0.0
154,0.0
154,0.0
154,0.0
154,0.16
154,0.0
154,0.0
154,0.24000000000000007
154,1.445000000000001
154,0.0
154,0.05500000000000001
154,0.0
154,0.5400000000000003
154,0.0
154,0.0
154,0.0
154,0.5150000000000002
154,0.0
154,0.0
154,0.0
154,0.0
154,0.0
154,0.4300000000000002
154,0.0
154,0.0
154,0.0
154,0.0
154,0.6800000000000004
154,0.0
154,0.0
154,0.0
154,0.0
154,0.0
154,0.0
154,1.0200000000000007
154,0.0
154,0.0
154,0.0
154,0.0
154,0.0
154,0.0
154,0.0
154,0.0
154,0.0
154,0.6800000000000004
155,0.0
155,0.0
155,0.0
155,0.0
155,0.0
155,0.7600000000000003
155,0.0
155,0.18000000000000002
155,0.0
155,1.3150000000000008
155,0.0
155,0.0
155,0.0
155,0.0
155,0.0
155,2.0950000000000015
155,0.0
155,0.6600000000000004
155,0.0
155,0.0
155,0.0
155,0.0
155,0.0
155,0.0
155,0.0
155,0.0
155,0.0
155,0.10999999999999999
155,0.0
155,0.0
155,0.0
155,0.0
155,0.5450000000000003
155,0.0
155,0.05500000000000001
155,0.0
155,0.0
155,0.0
155,0.0
155,0.0
155,0.8800000000000006
155,0.0
155,0.0
155,0.0
155,0.0
155,0.0
155,0.7750000000000004
155,0.0
155,0.8850000000000005
155,2.0900000000000016
155,0.4200000000000002
155,0.065
155,0.0
155,0.0
155,0.0
155,0.0
155,0.0
155,0.0
155,0.0
155,0.17
155,0.0
155,0.0
155,0.24000000000000007
155,1.445000000000001
155,0.0
155,0.05500000000000001
155,0.0
155,0.5500000000000003
155,0.0
155,0.0
155,0.0
155,0.5150000000000002
155,0.0
155,0.0
155,0.0
155,0.0
155,0.0
155,0.4400000000000002
155,0.0
155,0.0
155,0.0
155,0.0
155,0.6800000000000004
155,0.0
155,0.0
155,0.0
155,0.0
155,0.0
155,0.0
155,1.0200000000000007
155,0.0
155,0.0
155,0.0
155,0.0
155,0.0
155,0.0
155,0.0
155,0.0
155,0.0
155,0.6800000000000004
156,0.0
156,0.0
156,0.0
156,0.0
156,0.0
156,0.7600000000000003
156,0.0
156,0.19000000000000003
156,0.0
156,1.3150000000000008
156,0.0
156,0.0
156,0.0
156,0.0
156,0.0
156,2.1050000000000013
156,0.0
156,0.6600000000000004
156,0.0
156,0.0
156,0.0
156,0.0
156,0.0
156,0.0
156,0.0
156,0.0
156,0.0
156,0.11999999999999998
156,0.0
156,0.0
156,0.0
156,0.0
156,0.5450000000000003
156,0.0
156,0.05500000000000001
156,0.0
156,0.0
156,0.0
156,0.0
156,0.0
156,0.8800000000000006
156,0.0
156,0.0
156,0.0
156,0.0
156,0.0
156,0.7750000000000004
156,0.0
156,0.8850000000000005
156,2.1050000000000013
156,0.4200000000000002
156,0.065
156,0.0
156,0.0
156,0.0
156,0.0
156,0.0
156,0.0
156,0.0
156,0.18000000000000002
156,0.0
156,0.0
156,0.24000000000000007
156,1.445000000000001
156,0.0
156,0.05500000000000001
156,0.0
156,0.5600000000000003
156,0.0
156,0.0
156,0.0
156,0.5150000000000002
156,0.0
156,0.0
156,0.0
156,0.0
156,0.0
156,0.45000000000000023
156,0.0
156,0.0
156,0.0
156,0.0
156,0.6800000000000004
156,0.0
156,0.0
156,0.0
156,0.0
156,0.0
156,0.0
156,1.0200000000000007
156,0.0
156,0.0
156,0.0
156,0.0
156,0.0
156,0.0
156,0.0
156,0.0
156,0.0
156,0.6800000000000004
157,0.0
157,0.0
157,0.0
157,0.0
157,0.0
157,0.7600000000000003
157,0.0
157,0.20000000000000004
157,0.0
157,1.3150000000000008
157,0.0
157,0.0
157,0.0
157,0.0
157,0.0
157,2.1150000000000015
157,0.0
157,0.6600000000000004
157,0.0
157,0.0
157,0.0
157,0.0
157,0.0
157,0.0
157,0.0
157,0.0
157,0.0
157,0.12999999999999998
157,0.0
157,0.0
157,0.0
157,0.0
157,0.5450000000000003
157,0.0
157,0.05500000000000001
157,0.0
157,0.0
157,0.0
157,0.0
157,0.0
157,0.8800000000000006
157,0.0
157,0.0
157,0.0
157,0.0
157,0.0
157,0.7750000000000004
157,0.0
157,0.8850000000000005
157,2.1200000000000014
157,0.4200000000000002
157,0.065
157,0.0
157,0.0
157,0.0
157,0.0
157,0.0
157,0.0
157,0.0
157,0.19000000000000003
157,0.0
157,0.0
157,0.24000000000000007
157,1.445000000000001
157,0.0
157,0.05500000000000001
157,0.0
157,0.5700000000000003
157,0.0
157,0.0
157,0.0
157,0.5150000000000002
157,0.0
157,0.0
157,0.0
157,0.0
157,0.0
157,0.46000000000000024
157,0.0
157,0.0
157,0.0
157,0.0
157,0.6800000000000004
157,0.0
157,0.0
157,0.0
157,0.0
157,0.0
157,0.0
157,1.0200000000000007
157,0.0
157,0.0
157,0.0
157,0.0
157,0.0
157,0.0
157,0.0
157,0.0
157,0.0
157,0.6800000000000004
158,0.0
158,0.0
158,0.0
158,0.0
158,0.0
158,0.7600000000000003
158,0.0
158,0.21000000000000005
158,0.0
158,1.3150000000000008
158,0.0
158,0.0
158,0.0
158,0.0
158,0.0
158,2.1250000000000018
158,0.0
158,0.6600000000000004
158,0.0
158,0.0
158,0.0
158,0.0
158,0.0
158,0.0
158,0.0
158,0.0
158,0.0
158,0.13999999999999999
158,0.0
158,0.0
158,0.0
158,0.0
158,0.5450000000000003
158,0.0
158,0.05500000000000001
158,0.0
158,0.0
158,0.0
158,0.0
158,0.0
158,0.8800000000000006
158,0.0
158,0.0
158,0.0
158,0.0
158,0.0
158,0.7750000000000004
158,0.0
158,0.8850000000000005
158,2.1350000000000016
158,0.4200000000000002
158,0.065
158,0.0
158,0.0
158,0.0
158,0.0
158,0.0
158,0.0
158,0.0
158,0.20000000000000004
158,0.0
158,0.0
158,0.24000000000000007
158,1.445000000000001
158,0.0
158,0.05500000000000001
158,0.0
158,0.5800000000000003
158,0.0
158,0.0
158,0.0
158,0.5150000000000002
158,0.0
158,0.0
158,0.0
158,0.0
158,0.0
158,0.47000000000000025
158,0.0
158,0.0
158,0.0
158,0.0
158,0.6800000000000004
158,0.0
158,0.0
158,0.0
158,0.0
158,0.0
158,0.0
158,1.0200000000000007
158,0.0
158,0.0
158,0.0
158,0.0
158,0.0
158,0.0
158,0.0
158,0.0
158,0.0
158,0.6800000000000004
159,0.0
159,0.0
159,0.0
159,0.0
159,0.0
159,0.7600000000000003
159,0.0
159,0.22000000000000006
159,0.0
159,1.3150000000000008
159,0.0
159,0.0
159,0.0
159,0.0
159,0.0
159,2.1350000000000016
159,0.0
159,0.6600000000000004
159,0.0
159,0.0
159,0.0
159,0.0
159,0.0
159,0.0
159,0.0
159,0.0
159,0.0
159,0.15
159,0.0
159,0.0
159,0.0
159,0.0
159,0.5450000000000003
159,0.0
159,0.05500000000000001
159,0.0
159,0.0
159,0.0
159,0.0
159,0.0
159,0.8800000000000006
159,0.0
159,0.0
159,0.0
159,0.0
159,0.0
159,0.7750000000000004
159,0.0
159,0.8850000000000005
159,2.1500000000000017
159,0.4200000000000002
159,0.065
159,0.0
159,0.0
159,0.0
159,0.0
159,0.0
159,0.0
159,0.0
159,0.21000000000000005
159,0.0
159,0.0
159,0.24000000000000007
159,1.445000000000001
159,0.0
159,0.05500000000000001
159,0.0
159,0.5900000000000003
159,0.0
159,0.0
159,0.0
159,0.5150000000000002
159,0.0
159,0.0
159,0.0
159,0.0
159,0.0
159,0.48000000000000026
159,0.0
159,0.0
159,0.0
159,0.0
159,0.6800000000000004
159,0.0
159,0.0
159,0.0
159,0.0
159,0.0
159,0.0
159,1.0200000000000007
159,0.0
159,0.0
159,0.0
159,0.0
159,0.0
159,0.0
159,0.0
159,0.0
159,0.0
159,0.6800000000000004
160,0.0
160,0.0
160,0.0
160,0.0
160,0.0
160,0.7600000000000003
160,0.0
160,0.23000000000000007
160,0.0
160,1.3150000000000008
160,0.0
160,0.0
160,0.0
160,0.0
160,0.0
160,2.1450000000000014
160,0.0
160,0.6600000000000004
160,0.0
160,0.0
160,0.0
160,0.0
160,0.0
160,0.0
160,0.0
160,0.0
160,0.0
160,0.16
160,0.0
160,0.0
160,0.0
160,0.0
160,0.5450000000000003
160,0.0
160,0.05500000000000001
160,0.0
160,0.0
160,0.0
160,0.0
160,0.0
160,0.8800000000000006
160,0.0
160,0.0
160,0.0
160,0.0
160,0.0
160,0.7750000000000004
160,0.0
160,0.8850000000000005
160,2.165000000000002
160,0.4200000000000002
160,0.065
160,0.0
160,0.0
160,0.0
160,0.0
160,0.0
160,0.0
160,0.0
160,0.22000000000000006
160,0.0
160,0.0
160,0.24000000000000007
160,1.445000000000001
160,0.0
160,0.05500000000000001
160,0.0
160,0.6000000000000003
160,0.0
160,0.0
160,0.0
160,0.5150000000000002
160,0.0
160,0.0
160,0.0
160,0.0
160,0.0
160,0.49000000000000027
160,0.0
160,0.0
160,0.0
160,0.0
160,0.6800000000000004
160,0.0
160,0.0
160,0.0
160,0.0
160,0.0
160,0.0
160,1.0200000000000007
160,0.0
160,0.0
160,0.0
160,0.0
160,0.0
160,0.0
160,0.0
160,0.0
160,0.0
160,0.6800000000000004
161,0.0
161,0.0
161,0.0
161,0.0
161,0.0
161,0.7600000000000003
161,0.0
161,0.24000000000000007
161,0.0
161,1.3150000000000008
161,0.0
161,0.0
161,0.0
161,0.0
161,0.0
161,2.1550000000000016
161,0.0
161,0.6600000000000004
161,0.0
161,0.0
161,0.0
161,0.0
161,0.0
161,0.0
161,0.0
161,0.0
161,0.0
161,0.17
161,0.0
161,0.0
161,0.0
161,0.0
161,0.5450000000000003
161,0.0
161,0.05500000000000001
161,0.0
161,0.0
161,0.0
161,0.0
161,0.0
161,0.8800000000000006
161,0.0
161,0.0
161,0.0
161,0.0
161,0.0
161,0.7750000000000004
161,0.0
161,0.8850000000000005
161,2.1800000000000015
161,0.4200000000000002
161,0.065
161,0.0
161,0.0
161,0.0
161,0.0
161,0.0
161,0.0
161,0.0
161,0.23000000000000007
161,0.0
161,0.0
161,0.24000000000000007
161,1.445000000000001
161,0.0
161,0.05500000000000001
161,0.0
161,0.6100000000000003
161,0.0
161,0.0
161,0.0
161,0.5150000000000002
161,0.0
161,0.0
161,0.0
161,0.0
161,0.0
161,0.5000000000000002
161,0.0
161,0.0
161,0.0
161,0.0
161,0.6800000000000004
161,0.0
161,0.0
161,0.0
161,0.0
161,0.0
161,0.0
161,1.0200000000000007
161,0.0
161,0.0
161,0.0
161,0.0
161,0.0
161,0.0
161,0.0
161,0.0
161,0.0
161,0.6800000000000004
162,0.0
162,0.0
162,0.0
162,0.0
162,0.0
162,0.7600000000000003
162,0.0
162,0.25000000000000006
162,0.0
162,1.3150000000000008
162,0.0
162,0.0
162,0.0
162,0.0
162,0.0
162,2.165000000000002
162,0.0
162,0.6600000000000004
162,0.0
162,0.0
162,0.0
162,0.0
162,0.0
162,0.0
162,0.0
162,0.0
162,0.0
162,0.18000000000000002
162,0.0
162,0.0
162,0.0
162,0.0
162,0.5450000000000003
162,0.0
162,0.05500000000000001
162,0.0
162,0.0
162,0.0
162,0.0
162,0.0
162,0.8800000000000006
162,0.0
162,0.0
162,0.0
162,0.0
162,0.0
162,0.7750000000000004
162,0.0
162,0.8850000000000005
162,2.1950000000000016
162,0.4200000000000002
162,0.065
162,0.0
162,0.0
162,0.0
162,0.0
162,0.0
162,0.0
162,0.0
162,0.24000000000000007
162,0.0
162,0.0
162,0.24000000000000007
162,1.445000000000001
162,0.0
162,0.05500000000000001
162,0.0
162,0.6200000000000003
162,0.0
162,0.0
162,0.0
162,0.5150000000000002
162,0.0
162,0.0
162,0.0
162,0.0
162,0.0
162,0.5100000000000002
162,0.0
162,0.0
162,0.0
162,0.0
162,0.6800000000000004
162,0.0
162,0.0
162,0.0
162,0.0
162,0.0
162,0.0
162,1.0200000000000007
162,0.0
162,0.0
162,0.0
162,0.0
162,0.0
162,0.0
162,0.0
162,0.0
162,0.0
162,0.6800000000000004
163,0.0
163,0.0
163,0.0
163,0.0
163,0.0
163,0.7600000000000003
163,0.0
163,0.26000000000000006
163,0.0
163,1.3150000000000008
163,0.0
163,0.0
163,0.0
163,0.0
163,0.0
163,2.1750000000000016
163,0.0
163,0.6600000000000004
163,0.0
163,0.0
163,0.0
163,0.0
163,0.0
163,0.0
163,0.0
163,0.0
163,0.0
163,0.19000000000000003
163,0.0
163,0.0
163,0.0
163,0.0
163,0.5450000000000003
163,0.0
163,0.05500000000000001
163,0.0
163,0.0
163,0.0
163,0.0
163,0.0
163,0.8800000000000006
163,0.0
163,0.0
163,0.0
163,0.0
163,0.0
163,0.7750000000000004
163,0.0
163,0.8850000000000005
163,2.2100000000000017
163,0.4200000000000002
163,0.065
163,0.0
163,0.0
163,0.0
163,0.0
163,0.0
163,0.0
163,0.0
163,0.25000000000000006
163,0.0
163,0.0
163,0.24000000000000007
163,1.445000000000001
163,0.0
163,0.05500000000000001
163,0.0
163,0.6300000000000003
163,0.0
163,0.0
163,0.0
163,0.5150000000000002
163,0.0
163,0.0
163,0.0
163,0.0
163,0.0
163,0.5200000000000002
163,0.0
163,0.0
163,0.0
163,0.0
163,0.6800000000000004
163,0.0
163,0.0
163,0.0
163,0.0
163,0.0
163,0.0
163,1.0200000000000007
163,0.0
163,0.0
163,0.0
163,0.0
163,0.0
163,0.0
163,0.0
163,0.0
163,0.0
163,0.6800000000000004
164,0.0
164,0.0
164,0.0
164,0.0
164,0.0
164,0.7600000000000003
164,0.0
164,0.2700000000000001
164,0.0
164,1.3150000000000008
164,0.0
164,0.0
164,0.0
164,0.0
164,0.0
164,2.1850000000000014
164,0.0
164,0.6600000000000004
164,0.0
164,0.0
164,0.0
164,0.0
164,0.0
164,0.0
164,0.0
164,0.0
164,0.0
164,0.20000000000000004
164,0.0
164,0.0
164,0.0
164,0.0
164,0.5450000000000003
164,0.0
164,0.05500000000000001
164,0.0
164,0.0
164,0.0
164,0.0
164,0.0
164,0.8800000000000006
164,0.0
164,0.0
164,0.0
164,0.0
164,0.0
164,0.7750000000000004
164,0.0
164,0.8850000000000005
164,2.2250000000000014
164,0.4200000000000002
164,0.065
164,0.0
164,0.0
164,0.0
164,0.0
164,0.0
164,0.0
164,0.0
164,0.26000000000000006
164,0.0
164,0.0
164,0.24000000000000007
164,1.445000000000001
164,0.0
164,0.05500000000000001
164,0.0
164,0.6400000000000003
164,0.0
164,0.0
164,0.0
164,0.5150000000000002
164,0.0
164,0.0
164,0.0
164,0.0
164,0.0
164,0.5300000000000002
164,0.0
164,0.0
164,0.0
164,0.0
164,0.6800000000000004
164,0.0
164,0.0
164,0.0
164,0.0
164,0.0
164,0.0
164,1.0200000000000007
164,0.0
164,0.0
164,0.0
164,0.0
164,0.0
164,0.0
164,0.0
164,0.0
164,0.0
164,0.6800000000000004
165,0.0
165,0.0
165,0.0
165,0.0
165,0.0
165,0.7600000000000003
165,0.0
165,0.2800000000000001
165,0.0
165,1.3150000000000008
165,0.0
165,0.0
165,0.0
165,0.0
165,0.0
165,2.1950000000000016
165,0.0
165,0.6600000000000004
165,0.0
165,0.0
165,0.0
165,0.0
165,0.0
165,0.0
165,0.0
165,0.0
165,0.0
165,0.21000000000000005
165,0.0
165,0.0
165,0.0
165,0.0
165,0.5450000000000003
165,0.0
165,0.05500000000000001
165,0.0
165,0.0
165,0.0
165,0.0
165,0.0
165,0.8800000000000006
165,0.0
165,0.0
165,0.0
165,0.0
165,0.0
165,0.7750000000000004
165,0.0
165,0.8850000000000005
165,2.2400000000000015
165,0.4200000000000002
165,0.065
165,0.0
165,0.0
165,0.0
165,0.0
165,0.0
165,0.0
165,0.0
165,0.2700000000000001
165,0.0
165,0.0
165,0.24000000000000007
165,1.445000000000001
165,0.0
165,0.05500000000000001
165,0.0
165,0.6500000000000004
165,0.0
165,0.0
165,0.0
165,0.5150000000000002
165,0.0
165,0.0
165,0.0
165,0.0
165,0.0
165,0.5400000000000003
165,0.0
165,0.0
165,0.0
165,0.0
165,0.6800000000000004
165,0.0
165,0.0
165,0.0
165,0.0
165,0.0
165,0.0
165,1.0200000000000007
165,0.0
165,0.0
165,0.0
165,0.0
165,0.0
165,0.0
165,0.0
165,0.0
165,0.0
165,0.6800000000000004
166,0.0
166,0.0
166,0.0
166,0.0
166,0.0
166,0.7600000000000003
166,0.0
166,0.2900000000000001
166,0.0
166,1.3150000000000008
166,0.0
166,0.0
166,0.0
166,0.0
166,0.0
166,2.205000000000002
166,0.0
166,0.6600000000000004
166,0.0
166,0.0
166,0.0
166,0.0
166,0.0
166,0.0
166,0.0
166,0.0
166,0.0
166,0.22000000000000006
166,0.0
166,0.0
166,0.0
166,0.0
166,0.5450000000000003
166,0.0
166,0.05500000000000001
166,0.0
166,0.0
166,0.0
166,0.0
166,0.0
166,0.8800000000000006
166,0.0
166,0.0
166,0.0
166,0.0
166,0.0
166,0.7750000000000004
166,0.0
166,0.8850000000000005
166,2.2550000000000017
166,0.4200000000000002
166,0.065
166,0.0
166,0.0
166,0.0
166,0.0
166,0.0
166,0.0
166,0.0
166,0.2800000000000001
166,0.0
166,0.0
166,0.24000000000000007
166,1.445000000000001
166,0.0
166,0.05500000000000001
166,0.0
166,0.6600000000000004
166,0.0
166,0.0
166,0.0
166,0.5150000000000002
166,0.0
166,0.0
166,0.0
166,0.0
166,0.0
166,0.5500000000000003
166,0.0
166,0.0
166,0.0
166,0.0
166,0.6800000000000004
166,0.0
166,0.0
166,0.0
166,0.0
166,0.0
166,0.0
166,1.0200000000000007
166,0.0
166,0.0
166,0.0
166,0.0
166,0.0
166,0.0
166,0.0
166,0.0
166,0.0
166,0.6800000000000004
167,0.0
167,0.0
167,0.0
167,0.0
167,0.0
167,0.7600000000000003
167,0.0
167,0.3000000000000001
167,0.0
167,1.3150000000000008
167,0.0
167,0.0
167,0.0
167,0.0
167,0.0
167,2.2150000000000016
167,0.0
167,0.6600000000000004
167,0.0
167,0.0
167,0.0
167,0.0
167,0.0
167,0.0
167,0.0
167,0.0
167,0.0
167,0.23000000000000007
167,0.0
167,0.0
167,0.0
167,0.0
167,0.5450000000000003
167,0.0
167,0.05500000000000001
167,0.0
167,0.0
167,0.0
167,0.0
167,0.0
167,0.8800000000000006
167,0.0
167,0.0
167,0.0
167,0.0
167,0.0
167,0.7750000000000004
167,0.0
167,0.8850000000000005
167,2.270000000000002
167,0.4200000000000002
167,0.065
167,0.0
167,0.0
167,0.0
167,0.0
167,0.0
167,0.0
167,0.0
167,0.2900000000000001
167,0.0
167,0.0
167,0.24000000000000007
167,1.445000000000001
167,0.0
167,0.05500000000000001
167,0.0
167,0.6700000000000004
167,0.0
167,0.0
167,0.0
167,0.5150000000000002
167,0.0
167,0.0
167,0.0
167,0.0
167,0.0
167,0.5600000000000003
167,0.0
167,0.0
167,0.0
167,0.0
167,0.6800000000000004
167,0.0
167,0.0
167,0.0
167,0.0
167,0.0
167,0.0
167,1.0200000000000007
167,0.0
167,0.0
167,0.0
167,0.0
167,0.0
167,0.0
167,0.0
167,0.0
167,0.0
167,0.6800000000000004
168,0.0
168,0.0
168,0.0
168,0.0
168,0.0
168,0.7600000000000003
168,0.0
168,0.3100000000000001
168,0.0
168,1.3150000000000008
168,0.0
168,0.0
168,0.0
168,0.0
168,0.0
168,2.2250000000000014
168,0.0
168,0.6600000000000004
168,0.0
168,0.0
168,0.0
168,0.0
168,0.0
168,0.0
168,0.0
168,0.0
168,0.0
168,0.24000000000000007
168,0.0
168,0.0
168,0.0
168,0.0
168,0.5450000000000003
168,0.0
168,0.05500000000000001
168,0.0
168,0.0
168,0.0
168,0.0
168,0.0
168,0.8800000000000006
168,0.0
168,0.0
168,0.0
168,0.0
168,0.0
168,0.7750000000000004
168,0.0
168,0.8850000000000005
168,2.285000000000002
168,0.4200000000000002
168,0.065
168,0.0
168,0.0
168,0.0
168,0.0
168,0.0
168,0.0
168,0.0
168,0.3000000000000001
168,0.0
168,0.0
168,0.24000000000000007
168,1.445000000000001
168,0.0
168,0.05500000000000001
168,0.0
168,0.6700000000000004
168,0.0
168,0.0
168,0.0
168,0.5150000000000002
168,0.0
168,0.0
168,0.0
168,0.0
168,0.0
168,0.5700000000000003
168,0.0
168,0.0
168,0.0
168,0.0
168,0.6800000000000004
168,0.0
168,0.0
168,0.0
168,0.0
168,0.0
168,0.0
168,1.0200000000000007
168,0.0
168,0.0
168,0.0
168,0.0
168,0.0
168,0.0
168,0.0
168,0.0
168,0.0
168,0.6800000000000004
169,0.0
169,0.0
169,0.0
169,0.0
169,0.0
169,0.7600000000000003
169,0.0
169,0.3200000000000001
169,0.0
169,1.3150000000000008
169,0.0
169,0.0
169,0.0
169,0.0
169,0.0
169,2.2350000000000017
169,0.0
169,0.6600000000000004
169,0.0
169,0.0
169,0.0
169,0.0
169,0.0
169,0.0
169,0.0
169,0.0
169,0.0
169,0.25000000000000006
169,0.0
169,0.0
169,0.0
169,0.0
169,0.5450000000000003
169,0.0
169,0.05500000000000001
169,0.0
169,0.0
169,0.0
169,0.0
169,0.0
169,0.8800000000000006
169,0.0
169,0.0
169,0.0
169,0.0
169,0.0
169,0.7750000000000004
169,0.0
169,0.8850000000000005
169,2.3000000000000016
169,0.4200000000000002
169,0.065
169,0.0
169,0.0
169,0.0
169,0.0
169,0.0
169,0.0
169,0.0
169,0.3100000000000001
169,0.0
169,0.0
169,0.24000000000000007
169,1.445000000000001
169,0.0
169,0.05500000000000001
169,0.0
169,0.6700000000000004
169,0.0
169,0.0
169,0.0
169,0.5150000000000002
169,0.0
169,0.0
169,0.0
169,0.0
169,0.0
169,0.5800000000000003
169,0.0
169,0.0
169,0.0
169,0.0
169,0.6800000000000004
169,0.0
169,0.0
169,0.0
169,0.0
169,0.0
169,0.0
169,1.0200000000000007
169,0.0
169,0.0
169,0.0
169,0.0
169,0.0
169,0.0
169,0.0
169,0.0
169,0.0
169,0.6800000000000004
170,0.0
170,0.0
170,0.0
170,0.0
170,0.0
170,0.7600000000000003
170,0.0
170,0.3300000000000001
170,0.0
170,1.3150000000000008
170,0.0
170,0.0
170,0.0
170,0.0
170,0.0
170,2.245000000000002
170,0.0
170,0.6600000000000004
170,0.0
170,0.0
170,0.0
170,0.0
170,0.0
170,0.0
170,0.0
170,0.0
170,0.0
170,0.26000000000000006
170,0.0
170,0.0
170,0.0
170,0.0
170,0.5450000000000003
170,0.0
170,0.05500000000000001
170,0.0
170,0.0
170,0.0
170,0.0
170,0.0
170,0.8800000000000006
170,0.0
170,0.0
170,0.0
170,0.0
170,0.0
170,0.7750000000000004
170,0.0
170,0.8850000000000005
170,2.3150000000000017
170,0.4200000000000002
170,0.065
170,0.0
170,0.0
170,0.0
170,0.0
170,0.0
170,0.0
170,0.0
170,0.3200000000000001
170,0.0
170,0.0
170,0.24000000000000007
170,1.445000000000001
170,0.0
170,0.05500000000000001
170,0.0
170,0.6700000000000004
170,0.0
170,0.0
170,0.0
170,0.5150000000000002
170,0.0
170,0.0
170,0.0
170,0.0
170,0.0
170,0.5900000000000003
170,0.0
170,0.0
170,0.0
170,0.0
170,0.6800000000000004
170,0.0
170,0.0
170,0.0
170,0.0
170,0.0
170,0.0
170,1.0200000000000007
170,0.0
170,0.0
170,0.0
170,0.0
170,0.0
170,0.0
170,0.0
170,0.0
170,0.0
170,0.6800000000000004
171,0.0
171,0.0
171,0.0
171,0.0
171,0.0
171,0.7600000000000003
171,0.0
171,0.34000000000000014
171,0.0
171,1.3150000000000008
171,0.0
171,0.0
171,0.0
171,0.0
171,0.0
171,2.2550000000000017
171,0.0
171,0.6600000000000004
171,0.0
171,0.0
171,0.0
171,0.0
171,0.0
171,0.0
171,0.0
171,0.0
171,0.0
171,0.2700000000000001
171,0.0
171,0.0
171,0.0
171,0.0
171,0.5450000000000003
171,0.0
171,0.05500000000000001
171,0.0
171,0.0
171,0.0
171,0.0
171,0.0
171,0.8800000000000006
171,0.0
171,0.0
171,0.0
171,0.0
171,0.0
171,0.7750000000000004
171,0.0
171,0.8850000000000005
171,2.330000000000002
171,0.4200000000000002
171,0.065
171,0.0
171,0.0
171,0.0
171,0.0
171,0.0
171,0.0
171,0.0
171,0.3300000000000001
171,0.0
171,0.0
171,0.25000000000000006
171,1.445000000000001
171,0.0
171,0.05500000000000001
171,0.0
171,0.6700000000000004
171,0.0
171,0.0
171,0.0
171,0.5150000000000002
171,0.0
171,0.0
171,0.0
171,0.0
171,0.0
171,0.6000000000000003
171,0.0
171,0.0
171,0.0
171,0.0
171,0.6800000000000004
171,0.0
171,0.0
171,0.0
171,0.0
171,0.0
171,0.0
171,1.0200000000000007
171,0.0
171,0.0
171,0.0
171,0.0
171,0.0
171,0.0
171,0.0
171,0.0
171,0.0
171,0.6800000000000004
172,0.0
172,0.0
172,0.0
172,0.0
172,0.0
172,0.7600000000000003
172,0.0
172,0.35000000000000014
172,0.0
172,1.3150000000000008
172,0.0
172,0.0
172,0.0
172,0.0
172,0.0
172,2.2650000000000015
172,0.0
172,0.6600000000000004
172,0.0
172,0.0
172,0.0
172,0.0
172,0.0
172,0.0
172,0.0
172,0.0
172,0.0
172,0.2800000000000001
172,0.0
172,0.0
172,0.0
172,0.0
172,0.5450000000000003
172,0.0
172,0.05500000000000001
172,0.0
172,0.0
172,0.0
172,0.0
172,0.0
172,0.8800000000000006
172,0.0
172,0.0
172,0.0
172,0.0
172,0.0
172,0.7750000000000004
172,0.0
172,0.8850000000000005
172,2.3450000000000015
172,0.4200000000000002
172,0.065
172,0.0
172,0.0
172,0.0
172,0.0
172,0.0
172,0.0
172,0.0
172,0.34000000000000014
172,0.0
172,0.0
172,0.25000000000000006
172,1.445000000000001
172,0.0
172,0.05500000000000001
172,0.0
172,0.6700000000000004
172,0.0
172,0.0
172,0.0
172,0.5150000000000002
172,0.0
172,0.0
172,0.0
172,0.0
172,0.0
172,0.6100000000000003
172,0.0
172,0.0
172,0.0
172,0.0
172,0.6800000000000004
172,0.0
172,0.0
172,0.0
172,0.0
172,0.0
172,0.01
172,1.0200000000000007
172,0.0
172,0.0
172,0.0
172,0.0
172,0.0
172,0.0
172,0.0
172,0.0
172,0.0
172,0.6800000000000004
173,0.0
173,0.0
173,0.0
173,0.0
173,0.0
173,0.7600000000000003
173,0.0
173,0.36000000000000015
173,0.0
173,1.3150000000000008
173,0.0
173,0.0
173,0.0
173,0.0
173,0.0
173,2.2750000000000017
173,0.0
173,0.6600000000000004
173,0.0
173,0.0
173,0.0
173,0.0
173,0.0
173,0.0
173,0.0
173,0.0
173,0.0
173,0.2900000000000001
173,0.0
173,0.0
173,0.0
173,0.0
173,0.5450000000000003
173,0.0
173,0.05500000000000001
173,0.0
173,0.0
173,0.0
173,0.0
173,0.0
173,0.8800000000000006
173,0.0
173,0.0
173,0.0
173,0.0
173,0.0
173,0.7750000000000004
173,0.0
173,0.8850000000000005
173,2.3550000000000018
173,0.4200000000000002
173,0.065
173,0.0
173,0.0
173,0.0
173,0.0
173,0.0
173,0.0
173,0.0
173,0.35000000000000014
173,0.0
173,0.0
173,0.25000000000000006
173,1.445000000000001
173,0.0
173,0.05500000000000001
173,0.0
173,0.6700000000000004
173,0.0
173,0.0
173,0.0
173,0.5150000000000002
173,0.0
173,0.0
173,0.0
173,0.0
173,0.0
173,0.6200000000000003
173,0.0
173,0.0
173,0.0
173,0.0
173,0.6800000000000004
173,0.0
173,0.0
173,0.0
173,0.0
173,0.0
173,0.02
173,1.0200000000000007
173,0.0
173,0.0
173,0.0
173,0.0
173,0.0
173,0.0
173,0.0
173,0.0
173,0.0
173,0.6800000000000004
174,0.0
174,0.0
174,0.0
174,0.0
174,0.0
174,0.7600000000000003
174,0.0
174,0.37000000000000016
174,0.0
174,1.3150000000000008
174,0.0
174,0.0
174,0.0
174,0.0
174,0.0
174,2.285000000000002
174,0.0
174,0.6600000000000004
174,0.0
174,0.0
174,0.0
174,0.0
174,0.0
174,0.0
174,0.0
174,0.0
174,0.0
174,0.3000000000000001
174,0.0
174,0.0
174,0.0
174,0.0
174,0.5450000000000003
174,0.0
174,0.05500000000000001
174,0.0
174,0.0
174,0.0
174,0.0
174,0.0
174,0.8800000000000006
174,0.0
174,0.0
174,0.0
174,0.0
174,0.0
174,0.7750000000000004
174,0.0
174,0.8850000000000005
174,2.365000000000002
174,0.4200000000000002
174,0.065
174,0.0
174,0.0
174,0.0
174,0.0
174,0.0
174,0.0
174,0.0
174,0.36000000000000015
174,0.0
174,0.0
174,0.25000000000000006
174,1.445000000000001
174,0.0
174,0.05500000000000001
174,0.0
174,0.6700000000000004
174,0.0
174,0.0
174,0.0
174,0.5150000000000002
174,0.0
174,0.0
174,0.0
174,0.0
174,0.0
174,0.6300000000000003
174,0.0
174,0.0
174,0.0
174,0.0
174,0.6800000000000004
174,0.0
174,0.0
174,0.0
174,0.0
174,0.0
174,0.03
174,1.0200000000000007
174,0.0
174,0.0
174,0.0
174,0.0
174,0.0
174,0.0
174,0.0
174,0.0
174,0.0
174,0.6800000000000004
175,0.0
175,0.0
175,0.0
175,0.0
175,0.0
175,0.7600000000000003
175,0.0
175,0.38000000000000017
175,0.0
175,1.3150000000000008
175,0.0
175,0.0
175,0.0
175,0.0
175,0.0
175,2.2950000000000017
175,0.0
175,0.6600000000000004
175,0.0
175,0.0
175,0.0
175,0.0
175,0.0
175,0.0
175,0.0
175,0.0
175,0.0
175,0.3100000000000001
175,0.0
175,0.0
175,0.0
175,0.0
175,0.5450000000000003
175,0.0
175,0.05500000000000001
175,0.0
175,0.0
175,0.0
175,0.0
175,0.0
175,0.8800000000000006
175,0.0
175,0.0
175,0.0
175,0.0
175,0.0
175,0.7750000000000004
175,0.0
175,0.8850000000000005
175,2.3750000000000018
175,0.4200000000000002
175,0.065
175,0.0
175,0.0
175,0.0
175,0.0
175,0.0
175,0.0
175,0.0
175,0.37000000000000016
175,0.0
175,0.0
175,0.26000000000000006
175,1.445000000000001
175,0.0
175,0.05500000000000001
175,0.0
175,0.6700000000000004
175,0.0
175,0.0
175,0.0
175,0.5150000000000002
175,0.0
175,0.0
175,0.0
175,0.0
175,0.0
175,0.6400000000000003
175,0.0
175,0.0
175,0.0
175,0.0
175,0.6800000000000004
175,0.0
175,0.0
175,0.0
175,0.0
175,0.0
175,0.04
175,1.0200000000000007
175,0.0
175,0.0
175,0.0
175,0.0
175,0.0
175,0.0
175,0.0
175,0.0
175,0.0
175,0.6800000000000004
176,0.0
176,0.0
176,0.0
176,0.0
176,0.0
176,0.7600000000000003
176,0.0
176,0.3900000000000002
176,0.0
176,1.3150000000000008
176,0.0
176,0.0
176,0.0
176,0.0
176,0.0
176,2.3050000000000015
176,0.0
176,0.6600000000000004
176,0.0
176,0.0
176,0.0
176,0.0
176,0.0
176,0.0
176,0.0
176,0.0
176,0.0
176,0.3200000000000001
176,0.0
176,0.0
176,0.0
176,0.0
176,0.5450000000000003
176,0.0
176,0.05500000000000001
176,0.0
176,0.0
176,0.0
176,0.0
176,0.0
176,0.8800000000000006
176,0.0
176,0.0
176,0.0
176,0.0
176,0.0
176,0.7750000000000004
176,0.0
176,0.8850000000000005
176,2.3850000000000016
176,0.4200000000000002
176,0.065
176,0.0
176,0.0
176,0.0
176,0.0
176,0.0
176,0.0
176,0.0
176,0.38000000000000017
176,0.0
176,0.0
176,0.2700000000000001
176,1.445000000000001
176,0.0
176,0.05500000000000001
176,0.0
176,0.6700000000000004
176,0.0
176,0.0
176,0.0
176,0.5150000000000002
176,0.0
176,0.0
176,0.0
176,0.0
176,0.0
176,0.6500000000000004
176,0.0
176,0.0
176,0.0
176,0.0
176,0.6800000000000004
176,0.0
176,0.0
176,0.0
176,0.0
176,0.0
176,0.05
176,1.0200000000000007
176,0.0
176,0.0
176,0.0
176,0.0
176,0.0
176,0.0
176,0.0
176,0.0
176,0.0
176,0.6800000000000004
177,0.0
177,0.0
177,0.0
177,0.0
177,0.0
177,0.7600000000000003
177,0.0
177,0.4000000000000002
177,0.0
177,1.3150000000000008
177,0.0
177,0.0
177,0.0
177,0.0
177,0.0
177,2.3150000000000017
177,0.0
177,0.6600000000000004
177,0.0
177,0.0
177,0.0
177,0.0
177,0.0
177,0.0
177,0.0
177,0.0
177,0.0
177,0.3300000000000001
177,0.0
177,0.0
177,0.0
177,0.0
177,0.5450000000000003
177,0.0
177,0.05500000000000001
177,0.0
177,0.0
177,0.0
177,0.0
177,0.0
177,0.8800000000000006
177,0.0
177,0.0
177,0.0
177,0.0
177,0.0
177,0.7750000000000004
177,0.0
177,0.8850000000000005
177,2.395000000000002
177,0.4200000000000002
177,0.065
177,0.0
177,0.0
177,0.0
177,0.0
177,0.0
177,0.0
177,0.0
177,0.3900000000000002
177,0.0
177,0.0
177,0.2700000000000001
177,1.445000000000001
177,0.0
177,0.05500000000000001
177,0.0
177,0.6700000000000004
177,0.0
177,0.0
177,0.0
177,0.5150000000000002
177,0.0
177,0.0
177,0.0
177,0.0
177,0.0
177,0.6600000000000004
177,0.0
177,0.0
177,0.0
177,0.0
177,0.6800000000000004
177,0.0
177,0.0
177,0.0
177,0.0
177,0.0
177,0.060000000000000005
177,1.0200000000000007
177,0.0
177,0.0
177,0.0
177,0.0
177,0.0
177,0.0
177,0.0
177,0.0
177,0.0
177,0.6800000000000004
178,0.0
178,0.0
178,0.0
178,0.0
178,0.0
178,0.7600000000000003
178,0.0
178,0.4100000000000002
178,0.0
178,1.3150000000000008
178,0.0
178,0.0
178,0.0
178,0.0
178,0.0
178,2.325000000000002
178,0.0
178,0.6600000000000004
178,0.0
178,0.0
178,0.0
178,0.0
178,0.0
178,0.0
178,0.0
178,0.0
178,0.0
178,0.34000000000000014
178,0.0
178,0.0
178,0.0
178,0.0
178,0.5450000000000003
178,0.0
178,0.05500000000000001
178,0.0
178,0.0
178,0.0
178,0.0
178,0.0
178,0.8800000000000006
178,0.0
178,0.0
178,0.0
178,0.0
178,0.0
178,0.7750000000000004
178,0.0
178,0.8850000000000005
178,2.405000000000002
178,0.4200000000000002
178,0.065
178,0.0
178,0.0
178,0.0
178,0.0
178,0.0
178,0.0
178,0.0
178,0.4000000000000002
178,0.0
178,0.0
178,0.2750000000000001
178,1.445000000000001
178,0.0
178,0.05500000000000001
178,0.0
178,0.6700000000000004
178,0.0
178,0.0
178,0.0
178,0.5150000000000002
178,0.0
178,0.0
178,0.0
178,0.0
178,0.0
178,0.6700000000000004
178,0.0
178,0.0
178,0.0
178,0.0
178,0.6800000000000004
178,0.0
178,0.0
178,0.0
178,0.0
178,0.0
178,0.07
178,1.0200000000000007
178,0.0
178,0.0
178,0.0
178,0.0
178,0.0
178,0.0
178,0.0
178,0.0
178,0.0
178,0.6800000000000004
179,0.0
179,0.0
179,0.0
179,0.0
179,0.0
179,0.7600000000000003
179,0.0
179,0.4200000000000002
179,0.0
179,1.3150000000000008
179,0.0
179,0.0
179,0.0
179,0.0
179,0.0
179,2.3350000000000017
179,0.0
179,0.6600000000000004
179,0.0
179,0.0
179,0.0
179,0.0
179,0.0
179,0.0
179,0.0
179,0.0
179,0.0
179,0.35000000000000014
179,0.0
179,0.0
179,0.0
179,0.0
179,0.5450000000000003
179,0.0
179,0.05500000000000001
179,0.0
179,0.0
179,0.0
179,0.0
179,0.0
179,0.8800000000000006
179,0.0
179,0.0
179,0.0
179,0.0
179,0.0
179,0.7750000000000004
179,0.0
179,0.8850000000000005
179,2.415000000000002
179,0.4200000000000002
179,0.065
179,0.0
179,0.0
179,0.0
179,0.0
179,0.0
179,0.0
179,0.0
179,0.4100000000000002
179,0.0
179,0.0
179,0.2850000000000001
179,1.445000000000001
179,0.0
179,0.05500000000000001
179,0.0
179,0.6700000000000004
179,0.0
179,0.0
179,0.0
179,0.5150000000000002
179,0.0
179,0.0
179,0.0
179,0.0
179,0.0
179,0.6700000000000004
179,0.0
179,0.0
179,0.0
179,0.0
179,0.6800000000000004
179,0.0
179,0.0
179,0.0
179,0.0
179,0.0
179,0.08
179,1.0200000000000007
179,0.0
179,0.0
179,0.0
179,0.0
179,0.0
179,0.0
179,0.0
179,0.0
179,0.0
179,0.6800000000000004
180,0.0
180,0.0
180,0.0
180,0.0
180,0.0
180,0.7600000000000003
180,0.0
180,0.4200000000000002
180,0.0
180,1.3150000000000008
180,0.0
180,0.0
180,0.0
180,0.0
180,0.0
180,2.3450000000000015
180,0.0
180,0.6600000000000004
180,0.0
180,0.0
180,0.0
180,0.0
180,0.0
180,0.0
180,0.0
180,0.0
180,0.0
180,0.36000000000000015
180,0.0
180,0.0
180,0.0
180,0.0
180,0.5450000000000003
180,0.0
180,0.05500000000000001
180,0.0
180,0.0
180,0.0
180,0.0
180,0.0
180,0.8800000000000006
180,0.0
180,0.0
180,0.0
180,0.0
180,0.0
180,0.7750000000000004
180,0.0
180,0.8850000000000005
180,2.4250000000000016
180,0.4200000000000002
180,0.065
180,0.0
180,0.0
180,0.0
180,0.0
180,0.0
180,0.0
180,0.0
180,0.4200000000000002
180,0.0
180,0.0
180,0.2850000000000001
180,1.445000000000001
180,0.0
180,0.05500000000000001
180,0.0
180,0.6700000000000004
180,0.0
180,0.0
180,0.0
180,0.5150000000000002
180,0.0
180,0.0
180,0.0
180,0.0
180,0.0
180,0.6700000000000004
180,0.0
180,0.0
180,0.0
180,0.0
180,0.6800000000000004
180,0.0
180,0.0
180,0.0
180,0.0
180,0.0
180,0.09
180,1.0200000000000007
180,0.0
180,0.0
180,0.0
180,0.0
180,0.0
180,0.0
180,0.0
180,0.0
180,0.0
180,0.6800000000000004
181,0.0
181,0.0
181,0.0
181,0.0
181,0.0
181,0.7600000000000003
181,0.0
181,0.4200000000000002
181,0.0
181,1.3150000000000008
181,0.0
181,0.0
181,0.0
181,0.0
181,0.0
181,2.3550000000000018
181,0.0
181,0.6600000000000004
181,0.0
181,0.0
181,0.0
181,0.0
181,0.0
181,0.0
181,0.0
181,0.0
181,0.0
181,0.37000000000000016
181,0.0
181,0.0
181,0.0
181,0.0
181,0.5450000000000003
181,0.0
181,0.05500000000000001
181,0.0
181,0.0
181,0.0
181,0.0
181,0.0
181,0.8800000000000006
181,0.0
181,0.0
181,0.0
181,0.0
181,0.0
181,0.7750000000000004
181,0.0
181,0.8850000000000005
181,2.435000000000002
181,0.4200000000000002
181,0.065
181,0.0
181,0.0
181,0.0
181,0.0
181,0.0
181,0.0
181,0.0
181,0.4300000000000002
181,0.0
181,0.0
181,0.2850000000000001
181,1.445000000000001
181,0.0
181,0.05500000000000001
181,0.0
181,0.6700000000000004
181,0.0
181,0.0
181,0.0
181,0.5150000000000002
181,0.0
181,0.0
181,0.0
181,0.0
181,0.0
181,0.6700000000000004
181,0.0
181,0.0
181,0.0
181,0.0
181,0.6800000000000004
181,0.0
181,0.0
181,0.0
181,0.0
181,0.0
181,0.09999999999999999
181,1.0200000000000007
181,0.0
181,0.0
181,0.0
181,0.0
181,0.0
181,0.0
181,0.0
181,0.0
181,0.0
181,0.6800000000000004
182,0.0
182,0.0
182,0.0
182,0.0
182,0.0
182,0.7600000000000003
182,0.0
182,0.4300000000000002
182,0.0
182,1.3150000000000008
182,0.0
182,0.0
182,0.0
182,0.0
182,0.0
182,2.365000000000002
182,0.0
182,0.6600000000000004
182,0.0
182,0.0
182,0.0
182,0.0
182,0.0
182,0.0
182,0.0
182,0.0
182,0.0
182,0.38000000000000017
182,0.0
182,0.0
182,0.0
182,0.0
182,0.5450000000000003
182,0.0
182,0.05500000000000001
182,0.0
182,0.0
182,0.0
182,0.0
182,0.0
182,0.8800000000000006
182,0.0
182,0.0
182,0.0
182,0.0
182,0.0
182,0.7750000000000004
182,0.0
182,0.8850000000000005
182,2.445000000000002
182,0.4200000000000002
182,0.065
182,0.0
182,0.0
182,0.0
182,0.0
182,0.0
182,0.0
182,0.0
182,0.4300000000000002
182,0.0
182,0.0
182,0.2850000000000001
182,1.445000000000001
182,0.0
182,0.05500000000000001
182,0.0
182,0.6700000000000004
182,0.0
182,0.0
182,0.0
182,0.5150000000000002
182,0.0
182,0.0
182,0.0
182,0.0
182,0.0
182,0.6700000000000004
182,0.0
182,0.0
182,0.0
182,0.0
182,0.6800000000000004
182,0.0
182,0.0
182,0.0
182,0.0
182,0.0
182,0.10999999999999999
182,1.0200000000000007
182,0.0
182,0.0
182,0.0
182,0.0
182,0.0
182,0.0
182,0.0
182,0.0
182,0.0
182,0.6800000000000004
183,0.0
183,0.0
183,0.0
183,0.0
183,0.0
183,0.7600000000000003
183,0.0
183,0.4400000000000002
183,0.0
183,1.3150000000000008
183,0.0
183,0.0
183,0.0
183,0.0
183,0.0
183,2.3750000000000018
183,0.0
183,0.6600000000000004
183,0.0
183,0.0
183,0.0
183,0.0
183,0.0
183,0.0
183,0.0
183,0.0
183,0.0
183,0.3900000000000002
183,0.0
183,0.0
183,0.0
183,0.0
183,0.5450000000000003
183,0.0
183,0.05500000000000001
183,0.0
183,0.0
183,0.0
183,0.0
183,0.0
183,0.8800000000000006
183,0.0
183,0.0
183,0.0
183,0.0
183,0.0
183,0.7750000000000004
183,0.0
183,0.8850000000000005
183,2.455000000000002
183,0.4200000000000002
183,0.065
183,0.0
183,0.0
183,0.0
183,0.0
183,0.0
183,0.0
183,0.0
183,0.4400000000000002
183,0.0
183,0.0
183,0.2850000000000001
183,1.445000000000001
183,0.0
183,0.05500000000000001
183,0.0
183,0.6700000000000004
183,0.0
183,0.0
183,0.0
183,0.5150000000000002
183,0.0
183,0.0
183,0.0
183,0.0
183,0.0
183,0.6700000000000004
183,0.0
183,0.0
183,0.0
183,0.0
183,0.6800000000000004
183,0.0
183,0.0
183,0.0
183,0.0
183,0.0
183,0.11999999999999998
183,1.0200000000000007
183,0.0
183,0.0
183,0.0
183,0.0
183,0.0
183,0.0
183,0.0
183,0.0
183,0.0
183,0.6800000000000004
184,0.0
184,0.0
184,0.0
184,0.0
184,0.0
184,0.7600000000000003
184,0.0
184,0.45000000000000023
184,0.0
184,1.3150000000000008
184,0.0
184,0.0
184,0.0
184,0.0
184,0.0
184,2.3850000000000016
184,0.0
184,0.6600000000000004
184,0.0
184,0.0
184,0.0
184,0.0
184,0.0
184,0.0
184,0.0
184,0.0
184,0.0
184,0.4000000000000002
184,0.0
184,0.0
184,0.0
184,0.0
184,0.5450000000000003
184,0.0
184,0.05500000000000001
184,0.0
184,0.0
184,0.0
184,0.0
184,0.0
184,0.8800000000000006
184,0.0
184,0.0
184,0.0
184,0.0
184,0.0
184,0.7750000000000004
184,0.0
184,0.8850000000000005
184,2.4650000000000016
184,0.4200000000000002
184,0.065
184,0.0
184,0.0
184,0.0
184,0.0
184,0.0
184,0.0
184,0.0
184,0.45000000000000023
184,0.0
184,0.0
184,0.2850000000000001
184,1.445000000000001
184,0.0
184,0.05500000000000001
184,0.0
184,0.6700000000000004
184,0.0
184,0.0
184,0.0
184,0.5150000000000002
184,0.0
184,0.0
184,0.0
184,0.0
184,0.0
184,0.6700000000000004
184,0.0
184,0.0
184,0.0
184,0.0
184,0.6800000000000004
184,0.0
184,0.0
184,0.0
184,0.0
184,0.0
184,0.12999999999999998
184,1.0200000000000007
184,0.0
184,0.0
184,0.0
184,0.0
184,0.0
184,0.0
184,0.0
184,0.0
184,0.0
184,0.6800000000000004
185,0.0
185,0.0
185,0.0
185,0.0
185,0.0
185,0.7600000000000003
185,0.0
185,0.46000000000000024
185,0.0
185,1.3150000000000008
185,0.0
185,0.0
185,0.0
185,0.0
185,0.0
185,2.395000000000002
185,0.0
185,0.6600000000000004
185,0.0
185,0.0
185,0.0
185,0.0
185,0.0
185,0.0
185,0.0
185,0.0
185,0.0
185,0.4100000000000002
185,0.0
185,0.0
185,0.0
185,0.0
185,0.5450000000000003
185,0.0
185,0.05500000000000001
185,0.0
185,0.0
185,0.0
185,0.0
185,0.0
185,0.8800000000000006
185,0.0
185,0.0
185,0.0
185,0.0
185,0.0
185,0.7750000000000004
185,0.0
185,0.8850000000000005
185,2.475000000000002
185,0.4200000000000002
185,0.065
185,0.0
185,0.0
185,0.0
185,0.0
185,0.0
185,0.0
185,0.0
185,0.46000000000000024
185,0.0
185,0.0
185,0.2850000000000001
185,1.445000000000001
185,0.0
185,0.05500000000000001
185,0.0
185,0.6700000000000004
185,0.0
185,0.0
185,0.0
185,0.5150000000000002
185,0.0
185,0.0
185,0.0
185,0.0
185,0.0
185,0.6700000000000004
185,0.0
185,0.0
185,0.0
185,0.0
185,0.6800000000000004
185,0.0
185,0.0
185,0.0
185,0.0
185,0.0
185,0.13999999999999999
185,1.0200000000000007
185,0.0
185,0.0
185,0.0
185,0.0
185,0.0
185,0.0
185,0.0
185,0.0
185,0.0
185,0.6800000000000004
186,0.0
186,0.0
186,0.0
186,0.0
186,0.0
186,0.7600000000000003
186,0.0
186,0.47000000000000025
186,0.0
186,1.3150000000000008
186,0.0
186,0.0
186,0.0
186,0.0
186,0.0
186,2.405000000000002
186,0.0
186,0.6600000000000004
186,0.0
186,0.0
186,0.0
186,0.0
186,0.0
186,0.0
186,0.0
186,0.0
186,0.0
186,0.4200000000000002
186,0.0
186,0.0
186,0.0
186,0.0
186,0.5450000000000003
186,0.0
186,0.05500000000000001
186,0.0
186,0.0
186,0.0
186,0.0
186,0.0
186,0.8800000000000006
186,0.0
186,0.0
186,0.0
186,0.0
186,0.0
186,0.7750000000000004
186,0.0
186,0.8850000000000005
186,2.485000000000002
186,0.4200000000000002
186,0.065
186,0.0
186,0.0
186,0.0
186,0.0
186,0.0
186,0.0
186,0.0
186,0.47000000000000025
186,0.0
186,0.0
186,0.2850000000000001
186,1.445000000000001
186,0.0
186,0.05500000000000001
186,0.0
186,0.6700000000000004
186,0.0
186,0.0
186,0.0
186,0.5150000000000002
186,0.0
186,0.0
186,0.0
186,0.0
186,0.0
186,0.6700000000000004
186,0.0
186,0.0
186,0.0
186,0.0
186,0.6800000000000004
186,0.0
186,0.0
186,0.0
186,0.0
186,0.0
186,0.15
186,1.0200000000000007
186,0.0
186,0.0
186,0.0
186,0.0
186,0.0
186,0.0
186,0.0
186,0.0
186,0.0
186,0.6800000000000004
187,0.0
187,0.0
187,0.0
187,0.0
187,0.0
187,0.7600000000000003
187,0.0
187,0.48000000000000026
187,0.0
187,1.3150000000000008
187,0.0
187,0.0
187,0.0
187,0.0
187,0.0
187,2.415000000000002
187,0.0
187,0.6600000000000004
187,0.0
187,0.0
187,0.0
187,0.0
187,0.0
187,0.0
187,0.0
187,0.0
187,0.0
187,0.4300000000000002
187,0.0
187,0.0
187,0.0
187,0.0
187,0.5450000000000003
187,0.0
187,0.05500000000000001
187,0.0
187,0.0
187,0.0
187,0.0
187,0.0
187,0.8800000000000006
187,0.0
187,0.0
187,0.0
187,0.0
187,0.0
187,0.7750000000000004
187,0.0
187,0.8850000000000005
187,2.495000000000002
187,0.4200000000000002
187,0.065
187,0.0
187,0.0
187,0.0
187,0.0
187,0.0
187,0.0
187,0.0
187,0.48000000000000026
187,0.0
187,0.0
187,0.2850000000000001
187,1.445000000000001
187,0.0
187,0.05500000000000001
187,0.0
187,0.6700000000000004
187,0.0
187,0.0
187,0.0
187,0.5150000000000002
187,0.0
187,0.0
187,0.0
187,0.0
187,0.0
187,0.6700000000000004
187,0.0
187,0.0
187,0.0
187,0.0
187,0.6800000000000004
187,0.0
187,0.0
187,0.0
187,0.0
187,0.0
187,0.16
187,1.0200000000000007
187,0.0
187,0.0
187,0.0
187,0.0
187,0.0
187,0.0
187,0.0
187,0.0
187,0.0
187,0.6800000000000004
188,0.0
188,0.0
188,0.0
188,0.0
188,0.0
188,0.7600000000000003
188,0.0
188,0.49000000000000027
188,0.0
188,1.3150000000000008
188,0.0
188,0.0
188,0.0
188,0.0
188,0.0
188,2.4250000000000016
188,0.0
188,0.6600000000000004
188,0.0
188,0.0
188,0.0
188,0.0
188,0.0
188,0.0
188,0.0
188,0.0
188,0.0
188,0.4300000000000002
188,0.0
188,0.0
188,0.0
188,0.0
188,0.5450000000000003
188,0.0
188,0.05500000000000001
188,0.0
188,0.0
188,0.0
188,0.0
188,0.0
188,0.8800000000000006
188,0.0
188,0.0
188,0.0
188,0.0
188,0.0
188,0.7750000000000004
188,0.0
188,0.8850000000000005
188,2.5050000000000017
188,0.4200000000000002
188,0.065
188,0.0
188,0.0
188,0.0
188,0.0
188,0.0
188,0.0
188,0.0
188,0.49000000000000027
188,0.0
188,0.0
188,0.2850000000000001
188,1.445000000000001
188,0.0
188,0.05500000000000001
188,0.0
188,0.6700000000000004
188,0.0
188,0.0
188,0.0
188,0.5150000000000002
188,0.0
188,0.0
188,0.0
188,0.0
188,0.0
188,0.6700000000000004
188,0.0
188,0.0
188,0.0
188,0.0
188,0.6800000000000004
188,0.0
188,0.0
188,0.0
188,0.0
188,0.0
188,0.17
188,1.0200000000000007
188,0.0
188,0.0
188,0.0
188,0.0
188,0.0
188,0.0
188,0.0
188,0.0
188,0.0
188,0.6800000000000004
189,0.0
189,0.0
189,0.0
189,0.0
189,0.0
189,0.7600000000000003
189,0.0
189,0.5000000000000002
189,0.0
189,1.3150000000000008
189,0.0
189,0.0
189,0.0
189,0.0
189,0.0
189,2.435000000000002
189,0.0
189,0.6600000000000004
189,0.0
189,0.0
189,0.0
189,0.0
189,0.0
189,0.0
189,0.0
189,0.0
189,0.0
189,0.4400000000000002
189,0.0
189,0.0
189,0.0
189,0.0
189,0.5450000000000003
189,0.0
189,0.05500000000000001
189,0.0
189,0.0
189,0.0
189,0.0
189,0.0
189,0.8800000000000006
189,0.0
189,0.0
189,0.0
189,0.0
189,0.0
189,0.7750000000000004
189,0.0
189,0.8850000000000005
189,2.515000000000002
189,0.4200000000000002
189,0.065
189,0.0
189,0.0
189,0.0
189,0.0
189,0.0
189,0.0
189,0.0
189,0.5000000000000002
189,0.0
189,0.0
189,0.2850000000000001
189,1.445000000000001
189,0.0
189,0.05500000000000001
189,0.0
189,0.6700000000000004
189,0.0
189,0.0
189,0.0
189,0.5150000000000002
189,0.0
189,0.0
189,0.0
189,0.0
189,0.0
189,0.6700000000000004
189,0.0
189,0.0
189,0.0
189,0.0
189,0.6800000000000004
189,0.0
189,0.0
189,0.0
189,0.0
189,0.0
189,0.18000000000000002
189,1.0200000000000007
189,0.0
189,0.0
189,0.0
189,0.0
189,0.0
189,0.0
189,0.0
189,0.0
189,0.0
189,0.6800000000000004
190,0.0
190,0.0
190,0.0
190,0.0
190,0.0
190,0.7600000000000003
190,0.0
190,0.5100000000000002
190,0.0
190,1.3150000000000008
190,0.0
190,0.0
190,0.0
190,0.0
190,0.0
190,2.445000000000002
190,0.0
190,0.6600000000000004
190,0.0
190,0.0
190,0.0
190,0.0
190,0.0
190,0.0
190,0.0
190,0.0
190,0.0
190,0.45000000000000023
190,0.0
190,0.0
190,0.0
190,0.0
190,0.5450000000000003
190,0.0
190,0.05500000000000001
190,0.0
190,0.0
190,0.0
190,0.0
190,0.0
190,0.8800000000000006
190,0.0
190,0.0
190,0.0
190,0.0
190,0.0
190,0.7750000000000004
190,0.0
190,0.8850000000000005
190,2.525000000000002
190,0.4200000000000002
190,0.065
190,0.0
190,0.0
190,0.0
190,0.0
190,0.0
190,0.0
190,0.0
190,0.5100000000000002
190,0.0
190,0.0
190,0.2850000000000001
190,1.445000000000001
190,0.0
190,0.05500000000000001
190,0.0
190,0.6700000000000004
190,0.0
190,0.0
190,0.0
190,0.5150000000000002
190,0.0
190,0.0
190,0.0
190,0.0
190,0.0
190,0.6700000000000004
190,0.0
190,0.0
190,0.0
190,0.0
190,0.6800000000000004
190,0.0
190,0.0
190,0.0
190,0.0
190,0.0
190,0.19000000000000003
190,1.0200000000000007
190,0.0
190,0.0
190,0.0
190,0.0
190,0.0
190,0.0
190,0.0
190,0.0
190,0.0
190,0.6800000000000004
191,0.0
191,0.0
191,0.0
191,0.0
191,0.0
191,0.7600000000000003
191,0.0
191,0.5200000000000002
191,0.0
191,1.3150000000000008
191,0.0
191,0.0
191,0.0
191,0.0
191,0.0
191,2.455000000000002
191,0.0
191,0.6600000000000004
191,0.0
191,0.0
191,0.0
191,0.0
191,0.0
191,0.0
191,0.0
191,0.0
191,0.0
191,0.46000000000000024
191,0.0
191,0.0
191,0.0
191,0.0
191,0.5450000000000003
191,0.0
191,0.05500000000000001
191,0.0
191,0.0
191,0.0
191,0.0
191,0.0
191,0.8800000000000006
191,0.0
191,0.0
191,0.0
191,0.0
191,0.0
191,0.7750000000000004
191,0.0
191,0.8850000000000005
191,2.535000000000002
191,0.4200000000000002
191,0.065
191,0.0
191,0.0
191,0.0
191,0.0
191,0.0
191,0.0
191,0.0
191,0.5200000000000002
191,0.0
191,0.0
191,0.2850000000000001
191,1.445000000000001
191,0.0
191,0.05500000000000001
191,0.0
191,0.6700000000000004
191,0.0
191,0.0
191,0.0
191,0.5150000000000002
191,0.0
191,0.0
191,0.0
191,0.0
191,0.0
191,0.6700000000000004
191,0.0
191,0.0
191,0.0
191,0.0
191,0.6800000000000004
191,0.0
191,0.0
191,0.0
191,0.0
191,0.0
191,0.20000000000000004
191,1.0200000000000007
191,0.0
191,0.0
191,0.0
191,0.0
191,0.0
191,0.0
191,0.0
191,0.0
191,0.0
191,0.6800000000000004
192,0.0
192,0.0
192,0.0
192,0.0
192,0.0
192,0.7600000000000003
192,0.0
192,0.5300000000000002
192,0.0
192,1.3150000000000008
192,0.0
192,0.0
192,0.0
192,0.0
192,0.0
192,2.4650000000000016
192,0.0
192,0.6600000000000004
192,0.0
192,0.0
192,0.0
192,0.0
192,0.0
192,0.0
192,0.0
192,0.0
192,0.0
192,0.47000000000000025
192,0.0
192,0.0
192,0.0
192,0.0
192,0.5450000000000003
192,0.0
192,0.05500000000000001
192,0.0
192,0.0
192,0.0
192,0.0
192,0.0
192,0.8800000000000006
192,0.0
192,0.0
192,0.0
192,0.0
192,0.0
192,0.7750000000000004
192,0.0
192,0.8850000000000005
192,2.5450000000000017
192,0.4200000000000002
192,0.065
192,0.0
192,0.0
192,0.0
192,0.0
192,0.0
192,0.0
192,0.0
192,0.5300000000000002
192,0.0
192,0.0
192,0.2850000000000001
192,1.445000000000001
192,0.0
192,0.05500000000000001
192,0.0
192,0.6700000000000004
192,0.0
192,0.0
192,0.0
192,0.5150000000000002
192,0.0
192,0.0
192,0.0
192,0.0
192,0.0
192,0.6700000000000004
192,0.0
192,0.0
192,0.0
192,0.0
192,0.6800000000000004
192,0.0
192,0.0
192,0.0
192,0.0
192,0.0
192,0.21000000000000005
192,1.0200000000000007
192,0.0
192,0.0
192,0.0
192,0.0
192,0.0
192,0.0
192,0.0
192,0.0
192,0.0
192,0.6800000000000004
193,0.0
193,0.0
193,0.0
193,0.0
193,0.0
193,0.7600000000000003
193,0.0
193,0.5400000000000003
193,0.0
193,1.3150000000000008
193,0.0
193,0.0
193,0.0
193,0.0
193,0.0
193,2.475000000000002
193,0.0
193,0.6600000000000004
193,0.0
193,0.0
193,0.0
193,0.0
193,0.0
193,0.0
193,0.0
193,0.0
193,0.0
193,0.48000000000000026
193,0.0
193,0.0
193,0.0
193,0.0
193,0.5450000000000003
193,0.0
193,0.05500000000000001
193,0.0
193,0.0
193,0.0
193,0.0
193,0.0
193,0.8800000000000006
193,0.0
193,0.0
193,0.0
193,0.0
193,0.0
193,0.7750000000000004
193,0.0
193,0.8850000000000005
193,2.555000000000002
193,0.4200000000000002
193,0.065
193,0.0
193,0.0
193,0.0
193,0.0
193,0.0
193,0.0
193,0.0
193,0.5400000000000003
193,0.0
193,0.0
193,0.2850000000000001
193,1.445000000000001
193,0.0
193,0.05500000000000001
193,0.0
193,0.6700000000000004
193,0.0
193,0.0
193,0.0
193,0.5150000000000002
193,0.0
193,0.0
193,0.0
193,0.0
193,0.0
193,0.6700000000000004
193,0.0
193,0.0
193,0.0
193,0.0
193,0.6800000000000004
193,0.0
193,0.0
193,0.0
193,0.0
193,0.0
193,0.22000000000000006
193,1.0200000000000007
193,0.0
193,0.0
193,0.0
193,0.0
193,0.0
193,0.0
193,0.0
193,0.0
193,0.0
193,0.6800000000000004
194,0.0
194,0.0
194,0.0
194,0.0
194,0.0
194,0.7600000000000003
194,0.0
194,0.5500000000000003
194,0.0
194,1.3150000000000008
194,0.0
194,0.0
194,0.0
194,0.0
194,0.0
194,2.485000000000002
194,0.0
194,0.6600000000000004
194,0.0
194,0.0
194,0.0
194,0.0
194,0.0
194,0.0
194,0.0
194,0.0
194,0.0
194,0.49000000000000027
194,0.0
194,0.0
194,0.0
194,0.0
194,0.5450000000000003
194,0.0
194,0.05500000000000001
194,0.0
194,0.0
194,0.0
194,0.0
194,0.0
194,0.8800000000000006
194,0.0
194,0.0
194,0.0
194,0.0
194,0.0
194,0.7750000000000004
194,0.0
194,0.8850000000000005
194,2.565000000000002
194,0.4200000000000002
194,0.065
194,0.0
194,0.0
194,0.0
194,0.0
194,0.0
194,0.0
194,0.0
194,0.5500000000000003
194,0.0
194,0.0
194,0.2850000000000001
194,1.445000000000001
194,0.0
194,0.05500000000000001
194,0.0
194,0.6700000000000004
194,0.0
194,0.0
194,0.0
194,0.5150000000000002
194,0.0
194,0.0
194,0.0
194,0.0
194,0.0
194,0.6700000000000004
194,0.0
194,0.0
194,0.0
194,0.0
194,0.6800000000000004
194,0.0
194,0.0
194,0.0
194,0.0
194,0.0
194,0.23000000000000007
194,1.0200000000000007
194,0.0
194,0.0
194,0.0
194,0.0
194,0.0
194,0.0
194,0.0
194,0.0
194,0.0
194,0.6800000000000004
195,0.0
195,0.0
195,0.0
195,0.0
195,0.0
195,0.7600000000000003
195,0.0
195,0.5600000000000003
195,0.0
195,1.3150000000000008
195,0.0
195,0.0
195,0.0
195,0.0
195,0.0
195,2.495000000000002
195,0.0
195,0.6600000000000004
195,0.0
195,0.0
195,0.0
195,0.0
195,0.0
195,0.0
195,0.0
195,0.0
195,0.0
195,0.5000000000000002
195,0.0
195,0.0
195,0.0
195,0.0
195,0.5450000000000003
195,0.0
195,0.05500000000000001
195,0.0
195,0.0
195,0.0
195,0.0
195,0.0
195,0.8800000000000006
195,0.0
195,0.0
195,0.0
195,0.0
195,0.0
195,0.7750000000000004
195,0.0
195,0.8850000000000005
195,2.575000000000002
195,0.4200000000000002
195,0.065
195,0.0
195,0.0
195,0.0
195,0.0
195,0.0
195,0.0
195,0.0
195,0.5600000000000003
195,0.0
195,0.0
195,0.2850000000000001
195,1.445000000000001
195,0.0
195,0.05500000000000001
195,0.0
195,0.6700000000000004
195,0.0
195,0.0
195,0.0
195,0.5150000000000002
195,0.0
195,0.0
195,0.0
195,0.0
195,0.0
195,0.6700000000000004
195,0.0
195,0.0
195,0.0
195,0.0
195,0.6800000000000004
195,0.0
195,0.0
195,0.0
195,0.0
195,0.0
195,0.24000000000000007
195,1.0200000000000007
195,0.0
195,0.0
195,0.0
195,0.0
195,0.0
195,0.0
195,0.0
195,0.0
195,0.0
195,0.6800000000000004
196,0.0
196,0.0
196,0.0
196,0.0
196,0.0
196,0.7600000000000003
196,0.0
196,0.5700000000000003
196,0.0
196,1.3150000000000008
196,0.0
196,0.0
196,0.0
196,0.0
196,0.0
196,2.5050000000000017
196,0.0
196,0.6600000000000004
196,0.0
196,0.0
196,0.0
196,0.0
196,0.0
196,0.0
196,0.0
196,0.0
196,0.0
196,0.5100000000000002
196,0.0
196,0.0
196,0.0
196,0.0
196,0.5450000000000003
196,0.0
196,0.05500000000000001
196,0.0
196,0.0
196,0.0
196,0.0
196,0.0
196,0.8800000000000006
196,0.0
196,0.0
196,0.0
196,0.0
196,0.0
196,0.7750000000000004
196,0.0
196,0.8850000000000005
196,2.5850000000000017
196,0.4200000000000002
196,0.065
196,0.0
196,0.0
196,0.0
196,0.0
196,0.0
196,0.0
196,0.0
196,0.5700000000000003
196,0.0
196,0.0
196,0.2850000000000001
196,1.445000000000001
196,0.0
196,0.05500000000000001
196,0.0
196,0.6700000000000004
196,0.0
196,0.0
196,0.0
196,0.5150000000000002
196,0.0
196,0.0
196,0.0
196,0.0
196,0.0
196,0.6700000000000004
196,0.0
196,0.0
196,0.0
196,0.0
196,0.6800000000000004
196,0.0
196,0.0
196,0.0
196,0.0
196,0.0
196,0.25000000000000006
196,1.0200000000000007
196,0.0
196,0.0
196,0.0
196,0.0
196,0.0
196,0.0
196,0.0
196,0.0
196,0.0
196,0.6800000000000004
197,0.0
197,0.0
197,0.0
197,0.0
197,0.0
197,0.7600000000000003
197,0.0
197,0.5800000000000003
197,0.0
197,1.3150000000000008
197,0.0
197,0.0
197,0.0
197,0.0
197,0.0
197,2.515000000000002
197,0.0
197,0.6600000000000004
197,0.0
197,0.0
197,0.0
197,0.0
197,0.0
197,0.0
197,0.0
197,0.0
197,0.0
197,0.5200000000000002
197,0.0
197,0.0
197,0.0
197,0.0
197,0.5450000000000003
197,0.0
197,0.05500000000000001
197,0.0
197,0.0
197,0.0
197,0.0
197,0.0
197,0.8800000000000006
197,0.0
197,0.0
197,0.0
197,0.0
197,0.0
197,0.7750000000000004
197,0.0
197,0.8850000000000005
197,2.595000000000002
197,0.4200000000000002
197,0.065
197,0.0
197,0.0
197,0.0
197,0.0
197,0.0
197,0.0
197,0.0
197,0.5800000000000003
197,0.0
197,0.0
197,0.2850000000000001
197,1.445000000000001
197,0.0
197,0.05500000000000001
197,0.0
197,0.6700000000000004
197,0.0
197,0.0
197,0.0
197,0.5150000000000002
197,0.0
197,0.0
197,0.0
197,0.0
197,0.0
197,0.6700000000000004
197,0.0
197,0.0
197,0.0
197,0.0
197,0.6800000000000004
197,0.0
197,0.0
197,0.0
197,0.0
197,0.0
197,0.26000000000000006
197,1.0200000000000007
197,0.0
197,0.0
197,0.0
197,0.0
197,0.0
197,0.0
197,0.0
197,0.0
197,0.0
197,0.6800000000000004
198,0.0
198,0.0
198,0.0
198,0.0
198,0.0
198,0.7600000000000003
198,0.0
198,0.5900000000000003
198,0.0
198,1.3150000000000008
198,0.0
198,0.0
198,0.0
198,0.0
198,0.0
198,2.525000000000002
198,0.0
198,0.6600000000000004
198,0.0
198,0.0
198,0.0
198,0.0
198,0.0
198,0.0
198,0.0
198,0.0
198,0.0
198,0.5300000000000002
198,0.0
198,0.0
198,0.0
198,0.0
198,0.5450000000000003
198,0.0
198,0.05500000000000001
198,0.0
198,0.0
198,0.0
198,0.0
198,0.0
198,0.8800000000000006
198,0.0
198,0.0
198,0.0
198,0.0
198,0.0
198,0.7750000000000004
198,0.0
198,0.8850000000000005
198,2.605000000000002
198,0.4200000000000002
198,0.065
198,0.0
198,0.0
198,0.0
198,0.0
198,0.0
198,0.0
198,0.0
198,0.5900000000000003
198,0.0
198,0.0
198,0.2850000000000001
198,1.445000000000001
198,0.0
198,0.05500000000000001
198,0.0
198,0.6700000000000004
198,0.0
198,0.0
198,0.0
198,0.5150000000000002
198,0.0
198,0.0
198,0.0
198,0.0
198,0.0
198,0.6700000000000004
198,0.0
198,0.0
198,0.0
198,0.0
198,0.6800000000000004
198,0.0
198,0.0
198,0.0
198,0.0
198,0.0
198,0.2700000000000001
198,1.0200000000000007
198,0.0
198,0.0
198,0.0
198,0.0
198,0.0
198,0.0
198,0.0
198,0.0
198,0.0
198,0.6800000000000004
199,0.0
199,0.0
199,0.0
199,0.0
199,0.0
199,0.7600000000000003
199,0.0
199,0.6000000000000003
199,0.0
199,1.3150000000000008
199,0.0
199,0.0
199,0.0
199,0.0
199,0.0
199,2.535000000000002
199,0.0
199,0.6600000000000004
199,0.0
199,0.0
199,0.0
199,0.0
199,0.0
199,0.0
199,0.0
199,0.0
199,0.0
199,0.5400000000000003
199,0.0
199,0.0
199,0.0
199,0.0
199,0.5450000000000003
199,0.0
199,0.05500000000000001
199,0.0
199,0.0
199,0.0
199,0.0
199,0.0
199,0.8800000000000006
199,0.0
199,0.0
199,0.0
199,0.0
199,0.0
199,0.7750000000000004
199,0.0
199,0.8850000000000005
199,2.615000000000002
199,0.4200000000000002
199,0.065
199,0.0
199,0.0
199,0.0
199,0.0
199,0.0
199,0.0
199,0.0
199,0.6000000000000003
199,0.0
199,0.0
199,0.2850000000000001
199,1.445000000000001
199,0.0
199,0.05500000000000001
199,0.0
199,0.6700000000000004
199,0.0
199,0.0
199,0.0
199,0.5150000000000002
199,0.0
199,0.0
199,0.0
199,0.0
199,0.0
199,0.6700000000000004
199,0.0
199,0.0
199,0.0
199,0.0
199,0.6800000000000004
199,0.0
199,0.0
199,0.0
199,0.0
199,0.0
199,0.2800000000000001
199,1.0200000000000007
199,0.0
199,0.0
199,0.0
199,0.0
199,0.0
199,0.0
199,0.0
199,0.0
199,0.0
199,0.6800000000000004
200,0.0
200,0.0
200,0.0
200,0.0
200,0.0
200,0.7600000000000003
200,0.0
200,0.6100000000000003
200,0.0
200,1.3150000000000008
200,0.0
200,0.0
200,0.0
200,0.0
200,0.0
200,2.5450000000000004
200,0.0
200,0.6600000000000004
200,0.0
200,0.0
200,0.0
200,0.0
200,0.0
200,0.0
200,0.0
200,0.0
200,0.0
200,0.5500000000000003
200,0.0
200,0.0
200,0.0
200,0.0
200,0.5450000000000003
200,0.0
200,0.05500000000000001
200,0.0
200,0.0
200,0.0
200,0.0
200,0.0
200,0.8800000000000006
200,0.0
200,0.0
200,0.0
200,0.0
200,0.0
200,0.7750000000000004
200,0.0
200,0.8850000000000005
200,2.6250000000000004
200,0.4200000000000002
200,0.065
200,0.0
200,0.0
200,0.0
200,0.0
200,0.0
200,0.0
200,0.0
200,0.6100000000000003
200,0.0
200,0.0
200,0.2850000000000001
200,1.445000000000001
200,0.0
200,0.05500000000000001
200,0.0
200,0.6700000000000004
200,0.0
200,0.0
200,0.0
200,0.5150000000000002
200,0.0
200,0.0
200,0.0
200,0.0
200,0.0
200,0.6700000000000004
200,0.0
200,0.0
200,0.0
200,0.0
200,0.6800000000000004
200,0.0
200,0.0
200,0.0
200,0.0
200,0.0
200,0.2900000000000001
200,1.0200000000000007
200,0.0
200,0.0
200,0.0
200,0.0
200,0.0
200,0.0
200,0.0
200,0.0
200,0.0
200,0.6800000000000004
201,0.0
201,0.0
201,0.0
201,0.0
201,0.0
201,0.7600000000000003
201,0.0
201,0.6200000000000003
201,0.0
201,1.3150000000000008
201,0.0
201,0.0
201,0.0
201,0.0
201,0.0
201,2.5450000000000004
201,0.0
201,0.6600000000000004
201,0.0
201,0.0
201,0.0
201,0.0
201,0.0
201,0.0
201,0.0
201,0.0
201,0.0
201,0.5600000000000003
201,0.0
201,0.0
201,0.0
201,0.0
201,0.5450000000000003
201,0.0
201,0.05500000000000001
201,0.0
201,0.0
201,0.0
201,0.0
201,0.0
201,0.8800000000000006
201,0.0
201,0.0
201,0.0
201,0.0
201,0.0
201,0.7750000000000004
201,0.0
201,0.8850000000000005
201,2.6250000000000004
201,0.4200000000000002
201,0.065
201,0.0
201,0.0
201,0.0
201,0.0
201,0.0
201,0.0
201,0.0
201,0.6200000000000003
201,0.0
201,0.0
201,0.2850000000000001
201,1.445000000000001
201,0.0
201,0.05500000000000001
201,0.0
201,0.6700000000000004
201,0.0
201,0.0
201,0.0
201,0.5150000000000002
201,0.0
201,0.0
201,0.0
201,0.0
201,0.0
201,0.6700000000000004
201,0.0
201,0.0
201,0.0
201,0.0
201,0.6800000000000004
201,0.0
201,0.0
201,0.0
201,0.0
201,0.0
201,0.3000000000000001
201,1.0200000000000007
201,0.0
201,0.0
201,0.0
201,0.0
201,0.0
201,0.0
201,0.0
201,0.0
201,0.0
201,0.6800000000000004
202,0.0
202,0.0
202,0.0
202,0.0
202,0.0
202,0.7600000000000003
202,0.0
202,0.6300000000000003
202,0.0
202,1.3150000000000008
202,0.0
202,0.0
202,0.0
202,0.0
202,0.0
202,2.5450000000000004
202,0.0
202,0.6600000000000004
202,0.0
202,0.0
202,0.0
202,0.0
202,0.0
202,0.0
202,0.0
202,0.0
202,0.0
202,0.5700000000000003
202,0.0
202,0.0
202,0.0
202,0.0
202,0.5450000000000003
202,0.0
202,0.05500000000000001
202,0.0
202,0.0
202,0.0
202,0.0
202,0.0
202,0.8800000000000006
202,0.0
202,0.0
202,0.0
202,0.0
202,0.0
202,0.7750000000000004
202,0.0
202,0.8850000000000005
202,2.6250000000000004
202,0.4200000000000002
202,0.065
202,0.0
202,0.0
202,0.0
202,0.0
202,0.0
202,0.0
202,0.0
202,0.6300000000000003
202,0.0
202,0.0
202,0.2850000000000001
202,1.445000000000001
202,0.0
202,0.05500000000000001
202,0.0
202,0.6700000000000004
202,0.0
202,0.0
202,0.0
202,0.5150000000000002
202,0.0
202,0.0
202,0.0
202,0.0
202,0.0
202,0.6700000000000004
202,0.0
202,0.0
202,0.0
202,0.0
202,0.6800000000000004
202,0.0
202,0.0
202,0.0
202,0.0
202,0.0
202,0.3100000000000001
202,1.0200000000000007
202,0.0
202,0.0
202,0.0
202,0.0
202,0.0
202,0.0
202,0.0
202,0.0
202,0.0
202,0.6800000000000004
203,0.0
203,0.0
203,0.0
203,0.0
203,0.0
203,0.7600000000000003
203,0.0
203,0.6400000000000003
203,0.0
203,1.3150000000000008
203,0.0
203,0.0
203,0.0
203,0.0
203,0.0
203,2.5450000000000004
203,0.0
203,0.6600000000000004
203,0.0
203,0.0
203,0.0
203,0.0
203,0.0
203,0.0
203,0.0
203,0.0
203,0.0
203,0.5800000000000003
203,0.0
203,0.0
203,0.0
203,0.0
203,0.5450000000000003
203,0.0
203,0.05500000000000001
203,0.0
203,0.0
203,0.0
203,0.0
203,0.0
203,0.8800000000000006
203,0.0
203,0.0
203,0.0
203,0.0
203,0.0
203,0.7750000000000004
203,0.0
203,0.8850000000000005
203,2.6250000000000004
203,0.4200000000000002
203,0.065
203,0.0
203,0.0
203,0.0
203,0.0
203,0.0
203,0.0
203,0.0
203,0.6400000000000003
203,0.0
203,0.0
203,0.2850000000000001
203,1.445000000000001
203,0.0
203,0.05500000000000001
203,0.0
203,0.6700000000000004
203,0.0
203,0.0
203,0.0
203,0.5150000000000002
203,0.0
203,0.0
203,0.0
203,0.0
203,0.0
203,0.6700000000000004
203,0.0
203,0.0
203,0.0
203,0.0
203,0.6800000000000004
203,0.0
203,0.0
203,0.0
203,0.0
203,0.0
203,0.3200000000000001
203,1.0200000000000007
203,0.0
203,0.0
203,0.0
203,0.0
203,0.0
203,0.0
203,0.0
203,0.0
203,0.0
203,0.6800000000000004
204,0.0
204,0.0
204,0.0
204,0.0
204,0.0
204,0.7600000000000003
204,0.0
204,0.6500000000000004
204,0.0
204,1.3150000000000008
204,0.0
204,0.0
204,0.0
204,0.0
204,0.0
204,2.5450000000000004
204,0.0
204,0.6600000000000004
204,0.0
204,0.0
204,0.0
204,0.0
204,0.0
204,0.0
204,0.0
204,0.0
204,0.0
204,0.5900000000000003
204,0.0
204,0.0
204,0.0
204,0.0
204,0.5450000000000003
204,0.0
204,0.05500000000000001
204,0.0
204,0.0
204,0.0
204,0.0
204,0.0
204,0.8800000000000006
204,0.0
204,0.0
204,0.0
204,0.0
204,0.0
204,0.7750000000000004
204,0.0
204,0.8850000000000005
204,2.6250000000000004
204,0.4200000000000002
204,0.065
204,0.0
204,0.0
204,0.0
204,0.0
204,0.0
204,0.0
204,0.0
204,0.6500000000000004
204,0.0
204,0.0
204,0.2850000000000001
204,1.445000000000001
204,0.0
204,0.05500000000000001
204,0.0
204,0.6700000000000004
204,0.0
204,0.0
204,0.0
204,0.5150000000000002
204,0.0
204,0.0
204,0.0
204,0.0
204,0.0
204,0.6700000000000004
204,0.0
204,0.0
204,0.0
204,0.0
204,0.6800000000000004
204,0.0
204,0.0
204,0.0
204,0.0
204,0.0
204,0.3300000000000001
204,1.0200000000000007
204,0.0
204,0.0
204,0.0
204,0.0
204,0.0
204,0.0
204,0.0
204,0.0
204,0.0
204,0.6800000000000004
205,0.0
205,0.0
205,0.0
205,0.0
205,0.0
205,0.7600000000000003
205,0.0
205,0.6600000000000004
205,0.0
205,1.3150000000000008
205,0.0
205,0.0
205,0.0
205,0.0
205,0.0
205,2.5450000000000004
205,0.0
205,0.6600000000000004
205,0.0
205,0.0
205,0.0
205,0.0
205,0.0
205,0.0
205,0.0
205,0.0
205,0.0
205,0.6000000000000003
205,0.0
205,0.0
205,0.0
205,0.0
205,0.5450000000000003
205,0.0
205,0.05500000000000001
205,0.0
205,0.0
205,0.0
205,0.0
205,0.0
205,0.8800000000000006
205,0.0
205,0.0
205,0.0
205,0.0
205,0.0
205,0.7750000000000004
205,0.0
205,0.8850000000000005
205,2.6250000000000004
205,0.4200000000000002
205,0.065
205,0.0
205,0.0
205,0.0
205,0.0
205,0.0
205,0.0
205,0.0
205,0.6600000000000004
205,0.0
205,0.0
205,0.2850000000000001
205,1.445000000000001
205,0.0
205,0.05500000000000001
205,0.0
205,0.6700000000000004
205,0.0
205,0.0
205,0.0
205,0.5150000000000002
205,0.0
205,0.0
205,0.0
205,0.0
205,0.0
205,0.6700000000000004
205,0.0
205,0.0
205,0.0
205,0.0
205,0.6800000000000004
205,0.0
205,0.0
205,0.0
205,0.0
205,0.0
205,0.34000000000000014
205,1.0200000000000007
205,0.0
205,0.0
205,0.0
205,0.0
205,0.0
205,0.0
205,0.0
205,0.0
205,0.0
205,0.6800000000000004
206,0.0
206,0.0
206,0.0
206,0.0
206,0.0
206,0.7600000000000003
206,0.0
206,0.6700000000000004
206,0.0
206,1.3150000000000008
206,0.0
206,0.0
206,0.0
206,0.0
206,0.0
206,2.5450000000000004
206,0.0
206,0.6600000000000004
206,0.0
206,0.0
206,0.0
206,0.0
206,0.0
206,0.0
206,0.0
206,0.0
206,0.0
206,0.6100000000000003
206,0.0
206,0.0
206,0.0
206,0.0
206,0.5450000000000003
206,0.0
206,0.05500000000000001
206,0.0
206,0.0
206,0.0
206,0.0
206,0.0
206,0.8800000000000006
206,0.0
206,0.0
206,0.0
206,0.0
206,0.0
206,0.7750000000000004
206,0.0
206,0.8850000000000005
206,2.6250000000000004
206,0.4200000000000002
206,0.065
206,0.0
206,0.0
206,0.0
206,0.0
206,0.0
206,0.0
206,0.0
206,0.6700000000000004
206,0.0
206,0.0
206,0.2850000000000001
206,1.445000000000001
206,0.0
206,0.05500000000000001
206,0.0
206,0.6700000000000004
206,0.0
206,0.0
206,0.0
206,0.5150000000000002
206,0.0
206,0.0
206,0.0
206,0.0
206,0.0
206,0.6700000000000004
206,0.0
206,0.0
206,0.0
206,0.0
206,0.6800000000000004
206,0.0
206,0.0
206,0.0
206,0.0
206,0.0
206,0.35000000000000014
206,1.0200000000000007
206,0.0
206,0.0
206,0.0
206,0.0
206,0.0
206,0.0
206,0.0
206,0.0
206,0.0
206,0.6800000000000004
207,0.0
207,0.0
207,0.0
207,0.0
207,0.0
207,0.7600000000000003
207,0.0
207,0.6700000000000004
207,0.0
207,1.3150000000000008
207,0.0
207,0.0
207,0.0
207,0.0
207,0.0
207,2.5450000000000004
207,0.0
207,0.6600000000000004
207,0.0
207,0.0
207,0.0
207,0.0
207,0.0
207,0.0
207,0.0
207,0.0
207,0.0
207,0.6200000000000003
207,0.0
207,0.0
207,0.0
207,0.0
207,0.5450000000000003
207,0.0
207,0.05500000000000001
207,0.0
207,0.0
207,0.0
207,0.0
207,0.0
207,0.8800000000000006
207,0.0
207,0.0
207,0.0
207,0.0
207,0.0
207,0.7750000000000004
207,0.0
207,0.8850000000000005
207,2.6250000000000004
207,0.4200000000000002
207,0.065
207,0.0
207,0.0
207,0.0
207,0.0
207,0.0
207,0.0
207,0.0
207,0.6700000000000004
207,0.0
207,0.0
207,0.2850000000000001
207,1.445000000000001
207,0.0
207,0.05500000000000001
207,0.0
207,0.6700000000000004
207,0.0
207,0.0
207,0.0
207,0.5150000000000002
207,0.0
207,0.0
207,0.0
207,0.0
207,0.0
207,0.6700000000000004
207,0.0
207,0.0
207,0.0
207,0.0
207,0.6800000000000004
207,0.0
207,0.0
207,0.0
207,0.0
207,0.0
207,0.36000000000000015
207,1.0200000000000007
207,0.0
207,0.0
207,0.0
207,0.0
207,0.0
207,0.0
207,0.0
207,0.0
207,0.0
207,0.6800000000000004
208,0.0
208,0.0
208,0.0
208,0.0
208,0.0
208,0.7600000000000003
208,0.0
208,0.6700000000000004
208,0.0
208,1.3150000000000008
208,0.0
208,0.0
208,0.0
208,0.0
208,0.0
208,2.5450000000000004
208,0.0
208,0.6600000000000004
208,0.0
208,0.0
208,0.0
208,0.0
208,0.0
208,0.0
208,0.0
208,0.0
208,0.0
208,0.6300000000000003
208,0.0
208,0.0
208,0.0
208,0.0
208,0.5450000000000003
208,0.0
208,0.05500000000000001
208,0.0
208,0.0
208,0.0
208,0.0
208,0.0
208,0.8800000000000006
208,0.0
208,0.0
208,0.0
208,0.0
208,0.0
208,0.7750000000000004
208,0.0
208,0.8850000000000005
208,2.6250000000000004
208,0.4200000000000002
208,0.065
208,0.0
208,0.0
208,0.0
208,0.0
208,0.0
208,0.0
208,0.0
208,0.6700000000000004
208,0.0
208,0.0
208,0.2850000000000001
208,1.445000000000001
208,0.0
208,0.05500000000000001
208,0.0
208,0.6700000000000004
208,0.0
208,0.0
208,0.0
208,0.5150000000000002
208,0.0
208,0.0
208,0.0
208,0.0
208,0.0
208,0.6700000000000004
208,0.0
208,0.0
208,0.0
208,0.0
208,0.6800000000000004
208,0.0
208,0.0
208,0.0
208,0.0
208,0.0
208,0.37000000000000016
208,1.0200000000000007
208,0.0
208,0.0
208,0.0
208,0.0
208,0.0
208,0.0
208,0.0
208,0.0
208,0.0
208,0.6800000000000004
209,0.0
209,0.0
209,0.0
209,0.0
209,0.0
209,0.7600000000000003
209,0.0
209,0.6700000000000004
209,0.0
209,1.3150000000000008
209,0.0
209,0.0
209,0.0
209,0.0
209,0.0
209,2.5450000000000004
209,0.0
209,0.6600000000000004
209,0.0
209,0.0
209,0.0
209,0.0
209,0.0
209,0.0
209,0.0
209,0.0
209,0.0
209,0.6400000000000003
209,0.0
209,0.0
209,0.0
209,0.0
209,0.5450000000000003
209,0.0
209,0.05500000000000001
209,0.0
209,0.0
209,0.0
209,0.0
209,0.0
209,0.8800000000000006
209,0.0
209,0.0
209,0.0
209,0.0
209,0.0
209,0.7750000000000004
209,0.0
209,0.8850000000000005
209,2.6250000000000004
209,0.4200000000000002
209,0.065
209,0.0
209,0.0
209,0.0
209,0.0
209,0.0
209,0.0
209,0.0
209,0.6700000000000004
209,0.0
209,0.0
209,0.2850000000000001
209,1.445000000000001
209,0.0
209,0.05500000000000001
209,0.0
209,0.6700000000000004
209,0.0
209,0.0
209,0.0
209,0.5150000000000002
209,0.0
209,0.0
209,0.0
209,0.0
209,0.0
209,0.6700000000000004
209,0.0
209,0.0
209,0.0
209,0.0
209,0.6800000000000004
209,0.0
209,0.0
209,0.0
209,0.0
209,0.0
209,0.38000000000000017
209,1.0200000000000007
209,0.0
209,0.0
209,0.0
209,0.0
209,0.0
209,0.0
209,0.0
209,0.0
209,0.0
209,0.6800000000000004
210,0.0
210,0.0
210,0.0
210,0.0
210,0.0
210,0.7600000000000003
210,0.0
210,0.6700000000000004
210,0.0
210,1.3150000000000008
210,0.0
210,0.0
210,0.0
210,0.0
210,0.0
210,2.5450000000000004
210,0.0
210,0.6600000000000004
210,0.0
210,0.0
210,0.0
210,0.0
210,0.0
210,0.0
210,0.0
210,0.0
210,0.0
210,0.6500000000000004
210,0.0
210,0.0
210,0.0
210,0.0
210,0.5450000000000003
210,0.0
210,0.05500000000000001
210,0.0
210,0.0
210,0.0
210,0.0
210,0.0
210,0.8800000000000006
210,0.0
210,0.0
210,0.0
210,0.0
210,0.0
210,0.7750000000000004
210,0.0
210,0.8850000000000005
210,2.6250000000000004
210,0.4200000000000002
210,0.065
210,0.0
210,0.0
210,0.0
210,0.0
210,0.0
210,0.0
210,0.0
210,0.6700000000000004
210,0.0
210,0.0
210,0.2850000000000001
210,1.445000000000001
210,0.0
210,0.05500000000000001
210,0.0
210,0.6700000000000004
210,0.0
210,0.0
210,0.0
210,0.5150000000000002
210,0.0
210,0.0
210,0.0
210,0.0
210,0.0
210,0.6700000000000004
210,0.0
210,0.0
210,0.0
210,0.0
210,0.6800000000000004
210,0.0
210,0.0
210,0.0
210,0.0
210,0.0
210,0.3900000000000002
210,1.0200000000000007
210,0.0
210,0.0
210,0.0
210,0.0
210,0.0
210,0.0
210,0.0
210,0.0
210,0.0
210,0.6800000000000004
211,0.0
211,0.0
211,0.0
211,0.0
211,0.0
211,0.7600000000000003
211,0.0
211,0.6700000000000004
211,0.0
211,1.3150000000000008
211,0.0
211,0.0
211,0.0
211,0.0
211,0.0
211,2.5450000000000004
211,0.0
211,0.6600000000000004
211,0.0
211,0.0
211,0.0
211,0.0
211,0.0
211,0.0
211,0.0
211,0.0
211,0.0
211,0.6600000000000004
211,0.0
211,0.0
211,0.0
211,0.0
211,0.5450000000000003
211,0.0
211,0.05500000000000001
211,0.0
211,0.0
211,0.0
211,0.0
211,0.0
211,0.8800000000000006
211,0.0
211,0.0
211,0.0
211,0.0
211,0.0
211,0.7750000000000004
211,0.0
211,0.8850000000000005
211,2.6250000000000004
211,0.4200000000000002
211,0.065
211,0.0
211,0.0
211,0.0
211,0.0
211,0.0
211,0.0
211,0.0
211,0.6700000000000004
211,0.0
211,0.0
211,0.2850000000000001
211,1.445000000000001
211,0.0
211,0.05500000000000001
211,0.0
211,0.6700000000000004
211,0.0
211,0.0
211,0.0
211,0.5150000000000002
211,0.0
211,0.0
211,0.0
211,0.0
211,0.0
211,0.6700000000000004
211,0.0
211,0.0
211,0.0
211,0.0
211,0.6800000000000004
211,0.0
211,0.0
211,0.0
211,0.0
211,0.0
211,0.4000000000000002
211,1.0200000000000007
211,0.0
211,0.0
211,0.0
211,0.0
211,0.0
211,0.0
211,0.0
211,0.0
211,0.0
211,0.6800000000000004
212,0.0
212,0.0
212,0.0
212,0.0
212,0.0
212,0.7600000000000003
212,0.0
212,0.6700000000000004
212,0.0
212,1.3150000000000008
212,0.0
212,0.0
212,0.0
212,0.0
212,0.0
212,2.5450000000000004
212,0.0
212,0.6600000000000004
212,0.0
212,0.0
212,0.0
212,0.0
212,0.0
212,0.0
212,0.0
212,0.0
212,0.0
212,0.6700000000000004
212,0.0
212,0.0
212,0.0
212,0.0
212,0.5450000000000003
212,0.0
212,0.05500000000000001
212,0.0
212,0.0
212,0.0
212,0.0
212,0.0
212,0.8800000000000006
212,0.0
212,0.0
212,0.0
212,0.0
212,0.0
212,0.7750000000000004
212,0.0
212,0.8850000000000005
212,2.6250000000000004
212,0.4200000000000002
212,0.065
212,0.0
212,0.0
212,0.0
212,0.0
212,0.0
212,0.0
212,0.0
212,0.6700000000000004
212,0.0
212,0.0
212,0.2850000000000001
212,1.445000000000001
212,0.0
212,0.05500000000000001
212,0.0
212,0.6700000000000004
212,0.0
212,0.0
212,0.0
212,0.5150000000000002
212,0.0
212,0.0
212,0.0
212,0.0
212,0.0
212,0.6700000000000004
212,0.0
212,0.0
212,0.0
212,0.0
212,0.6800000000000004
212,0.0
212,0.0
212,0.0
212,0.0
212,0.0
212,0.4100000000000002
212,1.0200000000000007
212,0.0
212,0.0
212,0.0
212,0.0
212,0.0
212,0.0
212,0.0
212,0.0
212,0.0
212,0.6800000000000004
213,0.0
213,0.0
213,0.0
213,0.0
213,0.0
213,0.7600000000000003
213,0.0
213,0.6700000000000004
213,0.0
213,1.3150000000000008
213,0.0
213,0.0
213,0.0
213,0.0
213,0.0
213,2.5450000000000004
213,0.0
213,0.6600000000000004
213,0.0
213,0.0
213,0.0
213,0.0
213,0.0
213,0.0
213,0.0
213,0.0
213,0.0
213,0.6700000000000004
213,0.0
213,0.0
213,0.0
213,0.0
213,0.5450000000000003
213,0.0
213,0.05500000000000001
213,0.0
213,0.0
213,0.0
213,0.0
213,0.0
213,0.8800000000000006
213,0.0
213,0.0
213,0.0
213,0.0
213,0.0
213,0.7750000000000004
213,0.0
213,0.8850000000000005
213,2.6250000000000004
213,0.4200000000000002
213,0.065
213,0.0
213,0.0
213,0.0
213,0.0
213,0.0
213,0.0
213,0.0
213,0.6700000000000004
213,0.0
213,0.0
213,0.2850000000000001
213,1.445000000000001
213,0.0
213,0.05500000000000001
213,0.0
213,0.6700000000000004
213,0.0
213,0.0
213,0.0
213,0.5150000000000002
213,0.0
213,0.0
213,0.0
213,0.0
213,0.0
213,0.6700000000000004
213,0.0
213,0.0
213,0.0
213,0.0
213,0.6800000000000004
213,0.0
213,0.0
213,0.0
213,0.0
213,0.0
213,0.4200000000000002
213,1.0200000000000007
213,0.0
213,0.0
213,0.0
213,0.0
213,0.0
213,0.0
213,0.0
213,0.0
213,0.0
213,0.6800000000000004
214,0.0
214,0.0
214,0.0
214,0.0
214,0.0
214,0.7600000000000003
214,0.0
214,0.6700000000000004
214,0.0
214,1.3150000000000008
214,0.0
214,0.0
214,0.0
214,0.0
214,0.0
214,2.5450000000000004
214,0.0
214,0.6600000000000004
214,0.0
214,0.0
214,0.0
214,0.0
214,0.0
214,0.0
214,0.0
214,0.0
214,0.0
214,0.6700000000000004
214,0.0
214,0.0
214,0.0
214,0.0
214,0.5450000000000003
214,0.0
214,0.05500000000000001
214,0.0
214,0.0
214,0.0
214,0.0
214,0.0
214,0.8800000000000006
214,0.0
214,0.0
214,0.0
214,0.0
214,0.0
214,0.7750000000000004
214,0.0
214,0.8850000000000005
214,2.6250000000000004
214,0.4200000000000002
214,0.065
214,0.0
214,0.0
214,0.0
214,0.0
214,0.0
214,0.0
214,0.0
214,0.6700000000000004
214,0.0
214,0.0
214,0.2850000000000001
214,1.445000000000001
214,0.0
214,0.05500000000000001
214,0.0
214,0.6700000000000004
214,0.0
214,0.0
214,0.0
214,0.5150000000000002
214,0.0
214,0.0
214,0.0
214,0.0
214,0.0
214,0.6700000000000004
214,0.0
214,0.0
214,0.0
214,0.0
214,0.6800000000000004
214,0.0
214,0.0
214,0.0
214,0.0
214,0.0
214,0.4200000000000002
214,1.0200000000000007
214,0.0
214,0.0
214,0.0
214,0.0
214,0.0
214,0.0
214,0.0
214,0.0
214,0.0
214,0.6800000000000004
215,0.0
215,0.0
215,0.0
215,0.0
215,0.0
215,0.7600000000000003
215,0.0
215,0.6700000000000004
215,0.0
215,1.3150000000000008
215,0.0
215,0.0
215,0.0
215,0.0
215,0.0
215,2.5450000000000004
215,0.0
215,0.6600000000000004
215,0.0
215,0.0
215,0.0
215,0.0
215,0.0
215,0.0
215,0.0
215,0.0
215,0.0
215,0.6700000000000004
215,0.0
215,0.0
215,0.0
215,0.0
215,0.5450000000000003
215,0.0
215,0.05500000000000001
215,0.0
215,0.0
215,0.0
215,0.0
215,0.0
215,0.8800000000000006
215,0.0
215,0.0
215,0.0
215,0.0
215,0.0
215,0.7750000000000004
215,0.0
215,0.8850000000000005
215,2.6250000000000004
215,0.4200000000000002
215,0.065
215,0.0
215,0.0
215,0.0
215,0.0
215,0.0
215,0.0
215,0.0
215,0.6700000000000004
215,0.0
215,0.0
215,0.2850000000000001
215,1.445000000000001
215,0.0
215,0.05500000000000001
215,0.0
215,0.6700000000000004
215,0.0
215,0.0
215,0.0
215,0.5150000000000002
215,0.0
215,0.0
215,0.0
215,0.0
215,0.0
215,0.6700000000000004
215,0.0
215,0.0
215,0.0
215,0.0
215,0.6800000000000004
215,0.0
215,0.0
215,0.0
215,0.0
215,0.0
215,0.4300000000000002
215,1.0200000000000007
215,0.0
215,0.0
215,0.0
215,0.0
215,0.0
215,0.0
215,0.0
215,0.0
215,0.0
215,0.6800000000000004
216,0.0
216,0.0
216,0.0
216,0.0
216,0.0
216,0.7600000000000003
216,0.0
216,0.6700000000000004
216,0.0
216,1.3150000000000008
216,0.0
216,0.0
216,0.0
216,0.0
216,0.0
216,2.5450000000000004
216,0.0
216,0.6600000000000004
216,0.0
216,0.0
216,0.0
216,0.0
216,0.0
216,0.0
216,0.0
216,0.0
216,0.0
216,0.6700000000000004
216,0.0
216,0.0
216,0.0
216,0.0
216,0.5450000000000003
216,0.0
216,0.05500000000000001
216,0.0
216,0.0
216,0.0
216,0.0
216,0.0
216,0.8800000000000006
216,0.0
216,0.0
216,0.0
216,0.0
216,0.0
216,0.7750000000000004
216,0.0
216,0.8850000000000005
216,2.6250000000000004
216,0.4200000000000002
216,0.065
216,0.0
216,0.0
216,0.0
216,0.0
216,0.0
216,0.0
216,0.0
216,0.6700000000000004
216,0.0
216,0.0
216,0.2850000000000001
216,1.445000000000001
216,0.0
216,0.05500000000000001
216,0.0
216,0.6700000000000004
216,0.0
216,0.0
216,0.0
216,0.5150000000000002
216,0.0
216,0.0
216,0.0
216,0.0
216,0.0
216,0.6700000000000004
216,0.0
216,0.0
216,0.0
216,0.0
216,0.6800000000000004
216,0.0
216,0.0
216,0.0
216,0.0
216,0.0
216,0.4400000000000002
216,1.0200000000000007
216,0.0
216,0.0
216,0.0
216,0.0
216,0.0
216,0.0
216,0.0
216,0.0
216,0.0
216,0.6800000000000004
217,0.0
217,0.0
217,0.0
217,0.0
217,0.0
217,0.7600000000000003
217,0.0
217,0.6700000000000004
217,0.0
217,1.3150000000000008
217,0.0
217,0.0
217,0.0
217,0.0
217,0.0
217,2.5450000000000004
217,0.0
217,0.6600000000000004
217,0.0
217,0.0
217,0.0
217,0.0
217,0.0
217,0.0
217,0.0
217,0.0
217,0.0
217,0.6700000000000004
217,0.0
217,0.0
217,0.0
217,0.0
217,0.5450000000000003
217,0.0
217,0.05500000000000001
217,0.0
217,0.0
217,0.0
217,0.0
217,0.0
217,0.8800000000000006
217,0.0
217,0.0
217,0.0
217,0.0
217,0.0
217,0.7750000000000004
217,0.0
217,0.8850000000000005
217,2.6250000000000004
217,0.4200000000000002
217,0.065
217,0.0
217,0.0
217,0.0
217,0.0
217,0.0
217,0.0
217,0.0
217,0.6700000000000004
217,0.0
217,0.0
217,0.2850000000000001
217,1.445000000000001
217,0.0
217,0.05500000000000001
217,0.0
217,0.6700000000000004
217,0.0
217,0.0
217,0.0
217,0.5150000000000002
217,0.0
217,0.0
217,0.0
217,0.0
217,0.0
217,0.6700000000000004
217,0.0
217,0.0
217,0.0
217,0.0
217,0.6800000000000004
217,0.0
217,0.0
217,0.0
217,0.0
217,0.0
217,0.45000000000000023
217,1.0200000000000007
217,0.0
217,0.0
217,0.0
217,0.0
217,0.0
217,0.0
217,0.0
217,0.0
217,0.0
217,0.6800000000000004
218,0.0
218,0.0
218,0.0
218,0.0
218,0.0
218,0.7600000000000003
218,0.0
218,0.6700000000000004
218,0.0
218,1.3150000000000008
218,0.0
218,0.0
218,0.0
218,0.0
218,0.0
218,2.5450000000000004
218,0.0
218,0.6600000000000004
218,0.0
218,0.0
218,0.0
218,0.0
218,0.0
218,0.0
218,0.0
218,0.0
218,0.0
218,0.6700000000000004
218,0.0
218,0.0
218,0.0
218,0.0
218,0.5450000000000003
218,0.0
218,0.05500000000000001
218,0.0
218,0.0
218,0.0
218,0.0
218,0.0
218,0.8800000000000006
218,0.0
218,0.0
218,0.0
218,0.0
218,0.0
218,0.7750000000000004
218,0.0
218,0.8850000000000005
218,2.6250000000000004
218,0.4200000000000002
218,0.065
218,0.0
218,0.0
218,0.0
218,0.0
218,0.0
218,0.0
218,0.0
218,0.6700000000000004
218,0.0
218,0.0
218,0.2850000000000001
218,1.445000000000001
218,0.0
218,0.05500000000000001
218,0.0
218,0.6700000000000004
218,0.0
218,0.0
218,0.0
218,0.5150000000000002
218,0.0
218,0.0
218,0.0
218,0.0
218,0.0
218,0.6700000000000004
218,0.0
218,0.0
218,0.0
218,0.0
218,0.6800000000000004
218,0.0
218,0.0
218,0.0
218,0.0
218,0.0
218,0.46000000000000024
218,1.0200000000000007
218,0.0
218,0.0
218,0.0
218,0.0
218,0.0
218,0.0
218,0.0
218,0.0
218,0.0
218,0.6800000000000004
219,0.0
219,0.0
219,0.0
219,0.0
219,0.0
219,0.7600000000000003
219,0.0
219,0.6700000000000004
219,0.0
219,1.3150000000000008
219,0.0
219,0.0
219,0.0
219,0.0
219,0.0
219,2.5450000000000004
219,0.0
219,0.6600000000000004
219,0.0
219,0.0
219,0.0
219,0.0
219,0.0
219,0.0
219,0.0
219,0.0
219,0.0
219,0.6700000000000004
219,0.0
219,0.0
219,0.0
219,0.0
219,0.5450000000000003
219,0.0
219,0.05500000000000001
219,0.0
219,0.0
219,0.0
219,0.0
219,0.0
219,0.8800000000000006
219,0.0
219,0.0
219,0.0
219,0.0
219,0.0
219,0.7750000000000004
219,0.0
219,0.8850000000000005
219,2.6250000000000004
219,0.4200000000000002
219,0.065
219,0.0
219,0.0
219,0.0
219,0.0
219,0.0
219,0.0
219,0.0
219,0.6700000000000004
219,0.0
219,0.0
219,0.2850000000000001
219,1.445000000000001
219,0.0
219,0.05500000000000001
219,0.0
219,0.6700000000000004
219,0.0
219,0.0
219,0.0
219,0.5150000000000002
219,0.0
219,0.0
219,0.0
219,0.0
219,0.0
219,0.6700000000000004
219,0.0
219,0.0
219,0.0
219,0.0
219,0.6800000000000004
219,0.0
219,0.0
219,0.0
219,0.0
219,0.0
219,0.47000000000000025
219,1.0200000000000007
219,0.0
219,0.0
219,0.0
219,0.0
219,0.0
219,0.0
219,0.0
219,0.0
219,0.0
219,0.6800000000000004
220,0.0
220,0.0
220,0.0
220,0.0
220,0.0
220,0.7600000000000003
220,0.0
220,0.6700000000000004
220,0.0
220,1.3150000000000008
220,0.0
220,0.0
220,0.0
220,0.0
220,0.0
220,2.5450000000000004
220,0.0
220,0.6600000000000004
220,0.0
220,0.0
220,0.0
220,0.0
220,0.0
220,0.0
220,0.0
220,0.0
220,0.0
220,0.6700000000000004
220,0.0
220,0.0
220,0.0
220,0.0
220,0.5450000000000003
220,0.0
220,0.05500000000000001
220,0.0
220,0.0
220,0.0
220,0.0
220,0.0
220,0.8800000000000006
220,0.0
220,0.0
220,0.0
220,0.0
220,0.0
220,0.7750000000000004
220,0.0
220,0.8850000000000005
220,2.6250000000000004
220,0.4200000000000002
220,0.065
220,0.0
220,0.0
220,0.0
220,0.0
220,0.0
220,0.0
220,0.0
220,0.6700000000000004
220,0.0
220,0.0
220,0.2850000000000001
220,1.445000000000001
220,0.0
220,0.05500000000000001
220,0.0
220,0.6700000000000004
220,0.0
220,0.0
220,0.0
220,0.5150000000000002
220,0.0
220,0.0
220,0.0
220,0.0
220,0.0
220,0.6700000000000004
220,0.0
220,0.0
220,0.0
220,0.0
220,0.6800000000000004
220,0.0
220,0.0
220,0.0
220,0.0
220,0.0
220,0.48000000000000026
220,1.0200000000000007
220,0.0
220,0.0
220,0.0
220,0.0
220,0.0
220,0.0
220,0.0
220,0.0
220,0.0
220,0.6800000000000004
221,0.0
221,0.0
221,0.0
221,0.0
221,0.0
221,0.7600000000000003
221,0.0
221,0.6700000000000004
221,0.0
221,1.3150000000000008
221,0.0
221,0.0
221,0.0
221,0.0
221,0.0
221,2.5450000000000004
221,0.0
221,0.6600000000000004
221,0.0
221,0.0
221,0.0
221,0.0
221,0.0
221,0.0
221,0.0
221,0.0
221,0.0
221,0.6700000000000004
221,0.0
221,0.0
221,0.0
221,0.0
221,0.5450000000000003
221,0.0
221,0.05500000000000001
221,0.0
221,0.0
221,0.0
221,0.0
221,0.0
221,0.8800000000000006
221,0.0
221,0.0
221,0.0
221,0.0
221,0.0
221,0.7750000000000004
221,0.0
221,0.8850000000000005
221,2.6250000000000004
221,0.4200000000000002
221,0.065
221,0.0
221,0.0
221,0.0
221,0.0
221,0.0
221,0.0
221,0.0
221,0.6700000000000004
221,0.0
221,0.0
221,0.2850000000000001
221,1.445000000000001
221,0.0
221,0.05500000000000001
221,0.0
221,0.6700000000000004
221,0.0
221,0.0
221,0.0
221,0.5150000000000002
221,0.0
221,0.0
221,0.0
221,0.0
221,0.0
221,0.6700000000000004
221,0.0
221,0.0
221,0.0
221,0.0
221,0.6800000000000004
221,0.0
221,0.0
221,0.0
221,0.0
221,0.0
221,0.49000000000000027
221,1.0200000000000007
221,0.0
221,0.0
221,0.0
221,0.0
221,0.0
221,0.0
221,0.0
221,0.0
221,0.0
221,0.6800000000000004
222,0.0
222,0.0
222,0.0
222,0.0
222,0.0
222,0.7600000000000003
222,0.0
222,0.6700000000000004
222,0.0
222,1.3150000000000008
222,0.0
222,0.0
222,0.0
222,0.0
222,0.0
222,2.5450000000000004
222,0.0
222,0.6600000000000004
222,0.0
222,0.0
222,0.0
222,0.0
222,0.0
222,0.0
222,0.0
222,0.0
222,0.0
222,0.6700000000000004
222,0.0
222,0.0
222,0.0
222,0.0
222,0.5450000000000003
222,0.0
222,0.05500000000000001
222,0.0
222,0.0
222,0.0
222,0.0
222,0.0
222,0.8800000000000006
222,0.0
222,0.0
222,0.0
222,0.0
222,0.0
222,0.7750000000000004
222,0.0
222,0.8850000000000005
222,2.6250000000000004
222,0.4200000000000002
222,0.065
222,0.0
222,0.0
222,0.0
222,0.0
222,0.0
222,0.0
222,0.0
222,0.6700000000000004
222,0.0
222,0.0
222,0.2850000000000001
222,1.445000000000001
222,0.0
222,0.05500000000000001
222,0.0
222,0.6700000000000004
222,0.0
222,0.0
222,0.0
222,0.5150000000000002
222,0.0
222,0.0
222,0.0
222,0.0
222,0.0
222,0.6700000000000004
222,0.0
222,0.0
222,0.0
222,0.0
222,0.6800000000000004
222,0.0
222,0.0
222,0.0
222,0.0
222,0.0
222,0.5000000000000002
222,1.0200000000000007
222,0.0
222,0.0
222,0.0
222,0.0
222,0.0
222,0.0
222,0.0
222,0.0
222,0.0
222,0.6800000000000004
223,0.0
223,0.0
223,0.0
223,0.0
223,0.0
223,0.7600000000000003
223,0.0
223,0.6700000000000004
223,0.0
223,1.3150000000000008
223,0.0
223,0.0
223,0.0
223,0.0
223,0.0
223,2.5450000000000004
223,0.0
223,0.6600000000000004
223,0.0
223,0.0
223,0.0
223,0.0
223,0.0
223,0.0
223,0.0
223,0.0
223,0.0
223,0.6700000000000004
223,0.0
223,0.0
223,0.0
223,0.0
223,0.5450000000000003
223,0.0
223,0.05500000000000001
223,0.0
223,0.0
223,0.0
223,0.0
223,0.0
223,0.8800000000000006
223,0.0
223,0.0
223,0.0
223,0.0
223,0.0
223,0.7750000000000004
223,0.0
223,0.8850000000000005
223,2.6250000000000004
223,0.4200000000000002
223,0.065
223,0.0
223,0.0
223,0.0
223,0.0
223,0.0
223,0.0
223,0.0
223,0.6700000000000004
223,0.0
223,0.0
223,0.2850000000000001
223,1.445000000000001
223,0.0
223,0.05500000000000001
223,0.0
223,0.6700000000000004
223,0.0
223,0.0
223,0.0
223,0.5150000000000002
223,0.0
223,0.0
223,0.0
223,0.0
223,0.0
223,0.6700000000000004
223,0.0
223,0.0
223,0.0
223,0.0
223,0.6800000000000004
223,0.0
223,0.0
223,0.0
223,0.0
223,0.0
223,0.5100000000000002
223,1.0200000000000007
223,0.0
223,0.0
223,0.0
223,0.0
223,0.0
223,0.0
223,0.0
223,0.0
223,0.0
223,0.6800000000000004
224,0.0
224,0.0
224,0.0
224,0.0
224,0.0
224,0.7600000000000003
224,0.0
224,0.6700000000000004
224,0.0
224,1.3150000000000008
224,0.0
224,0.0
224,0.0
224,0.0
224,0.0
224,2.5450000000000004
224,0.0
224,0.6600000000000004
224,0.0
224,0.0
224,0.0
224,0.0
224,0.0
224,0.0
224,0.0
224,0.0
224,0.0
224,0.6700000000000004
224,0.0
224,0.0
224,0.0
224,0.0
224,0.5450000000000003
224,0.0
224,0.05500000000000001
224,0.0
224,0.0
224,0.0
224,0.0
224,0.0
224,0.8800000000000006
224,0.0
224,0.0
224,0.0
224,0.0
224,0.0
224,0.7750000000000004
224,0.0
224,0.8850000000000005
224,2.6250000000000004
224,0.4200000000000002
224,0.065
224,0.0
224,0.0
224,0.0
224,0.0
224,0.0
224,0.0
224,0.0
224,0.6700000000000004
224,0.0
224,0.0
224,0.2850000000000001
224,1.445000000000001
224,0.0
224,0.05500000000000001
224,0.0
224,0.6700000000000004
224,0.0
224,0.0
224,0.0
224,0.5150000000000002
224,0.0
224,0.0
224,0.0
224,0.0
224,0.0
224,0.6700000000000004
224,0.0
224,0.0
224,0.0
224,0.0
224,0.6800000000000004
224,0.0
224,0.0
224,0.0
224,0.0
224,0.0
224,0.5200000000000002
224,1.0200000000000007
224,0.0
224,0.0
224,0.0
224,0.0
224,0.0
224,0.0
224,0.0
224,0.0
224,0.0
224,0.6800000000000004
225,0.0
225,0.0
225,0.0
225,0.0
225,0.0
225,0.7600000000000003
225,0.0
225,0.6700000000000004
225,0.0
225,1.3150000000000008
225,0.0
225,0.0
225,0.0
225,0.0
225,0.0
225,2.5450000000000004
225,0.0
225,0.6600000000000004
225,0.0
225,0.0
225,0.0
225,0.0
225,0.0
225,0.0
225,0.0
225,0.0
225,0.0
225,0.6700000000000004
225,0.0
225,0.0
225,0.0
225,0.0
225,0.5450000000000003
225,0.0
225,0.05500000000000001
225,0.0
225,0.0
225,0.0
225,0.0
225,0.0
225,0.8800000000000006
225,0.0
225,0.0
225,0.0
225,0.0
225,0.0
225,0.7750000000000004
225,0.0
225,0.8850000000000005
225,2.6250000000000004
225,0.4200000000000002
225,0.065
225,0.0
225,0.0
225,0.0
225,0.0
225,0.0
225,0.0
225,0.0
225,0.6700000000000004
225,0.0
225,0.0
225,0.2850000000000001
225,1.445000000000001
225,0.0
225,0.05500000000000001
225,0.0
225,0.6700000000000004
225,0.0
225,0.0
225,0.0
225,0.5150000000000002
225,0.0
225,0.0
225,0.0
225,0.0
225,0.0
225,0.6700000000000004
225,0.0
225,0.0
225,0.0
225,0.0
225,0.6800000000000004
225,0.0
225,0.0
225,0.0
225,0.0
225,0.0
225,0.5300000000000002
225,1.0200000000000007
225,0.0
225,0.0
225,0.0
225,0.0
225,0.0
225,0.0
225,0.0
225,0.0
225,0.0
225,0.6800000000000004
226,0.0
226,0.0
226,0.0
226,0.0
226,0.0
226,0.7600000000000003
226,0.0
226,0.6700000000000004
226,0.0
226,1.3150000000000008
226,0.0
226,0.0
226,0.0
226,0.0
226,0.0
226,2.5450000000000004
226,0.0
226,0.6600000000000004
226,0.0
226,0.0
226,0.0
226,0.0
226,0.0
226,0.0
226,0.0
226,0.0
226,0.0
226,0.6700000000000004
226,0.0
226,0.0
226,0.0
226,0.0
226,0.5450000000000003
226,0.0
226,0.05500000000000001
226,0.0
226,0.0
226,0.0
226,0.0
226,0.0
226,0.8800000000000006
226,0.0
226,0.0
226,0.0
226,0.0
226,0.0
226,0.7750000000000004
226,0.0
226,0.8850000000000005
226,2.6250000000000004
226,0.4200000000000002
226,0.065
226,0.0
226,0.0
226,0.0
226,0.0
226,0.0
226,0.0
226,0.0
226,0.6700000000000004
226,0.0
226,0.0
226,0.2850000000000001
226,1.445000000000001
226,0.0
226,0.05500000000000001
226,0.0
226,0.6700000000000004
226,0.0
226,0.0
226,0.0
226,0.5150000000000002
226,0.0
226,0.0
226,0.0
226,0.0
226,0.0
226,0.6700000000000004
226,0.0
226,0.0
226,0.0
226,0.0
226,0.6800000000000004
226,0.0
226,0.0
226,0.0
226,0.0
226,0.0
226,0.5400000000000003
226,1.0200000000000007
226,0.0
226,0.0
226,0.0
226,0.0
226,0.0
226,0.0
226,0.0
226,0.0
226,0.0
226,0.6800000000000004
227,0.0
227,0.0
227,0.0
227,0.0
227,0.0
227,0.7600000000000003
227,0.0
227,0.6700000000000004
227,0.0
227,1.3150000000000008
227,0.0
227,0.0
227,0.0
227,0.0
227,0.0
227,2.5450000000000004
227,0.0
227,0.6600000000000004
227,0.0
227,0.0
227,0.0
227,0.0
227,0.0
227,0.0
227,0.0
227,0.0
227,0.0
227,0.6700000000000004
227,0.0
227,0.0
227,0.0
227,0.0
227,0.5450000000000003
227,0.0
227,0.05500000000000001
227,0.0
227,0.0
227,0.0
227,0.0
227,0.0
227,0.8800000000000006
227,0.0
227,0.0
227,0.0
227,0.0
227,0.0
227,0.7750000000000004
227,0.0
227,0.8850000000000005
227,2.6250000000000004
227,0.4200000000000002
227,0.065
227,0.0
227,0.0
227,0.0
227,0.0
227,0.0
227,0.0
227,0.0
227,0.6700000000000004
227,0.0
227,0.0
227,0.2850000000000001
227,1.445000000000001
227,0.0
227,0.05500000000000001
227,0.0
227,0.6700000000000004
227,0.0
227,0.0
227,0.0
227,0.5150000000000002
227,0.0
227,0.0
227,0.0
227,0.0
227,0.0
227,0.6700000000000004
227,0.0
227,0.0
227,0.0
227,0.0
227,0.6800000000000004
227,0.0
227,0.0
227,0.0
227,0.0
227,0.0
227,0.5500000000000003
227,1.0200000000000007
227,0.0
227,0.0
227,0.0
227,0.0
227,0.0
227,0.0
227,0.0
227,0.0
227,0.0
227,0.6800000000000004
228,0.0
228,0.0
228,0.0
228,0.0
228,0.0
228,0.7600000000000003
228,0.0
228,0.6700000000000004
228,0.0
228,1.3150000000000008
228,0.0
228,0.0
228,0.0
228,0.0
228,0.0
228,2.5450000000000004
228,0.0
228,0.6600000000000004
228,0.0
228,0.0
228,0.0
228,0.0
228,0.0
228,0.0
228,0.0
228,0.0
228,0.0
228,0.6700000000000004
228,0.0
228,0.0
228,0.0
228,0.0
228,0.5450000000000003
228,0.0
228,0.05500000000000001
228,0.0
228,0.0
228,0.0
228,0.0
228,0.0
228,0.8800000000000006
228,0.0
228,0.0
228,0.0
228,0.0
228,0.0
228,0.7750000000000004
228,0.0
228,0.8850000000000005
228,2.6250000000000004
228,0.4200000000000002
228,0.065
228,0.0
228,0.0
228,0.0
228,0.0
228,0.0
228,0.0
228,0.0
228,0.6700000000000004
228,0.0
228,0.0
228,0.2850000000000001
228,1.445000000000001
228,0.0
228,0.05500000000000001
228,0.0
228,0.6700000000000004
228,0.0
228,0.0
228,0.0
228,0.5150000000000002
228,0.0
228,0.0
228,0.0
228,0.0
228,0.0
228,0.6700000000000004
228,0.0
228,0.0
228,0.0
228,0.0
228,0.6800000000000004
228,0.0
228,0.0
228,0.0
228,0.0
228,0.0
228,0.5600000000000003
228,1.0200000000000007
228,0.0
228,0.0
228,0.0
228,0.0
228,0.0
228,0.0
228,0.0
228,0.0
228,0.0
228,0.6800000000000004
229,0.0
229,0.0
229,0.0
229,0.0
229,0.0
229,0.7600000000000003
229,0.0
229,0.6700000000000004
229,0.0
229,1.3150000000000008
229,0.0
229,0.0
229,0.0
229,0.0
229,0.0
229,2.5450000000000004
229,0.0
229,0.6600000000000004
229,0.0
229,0.0
229,0.0
229,0.0
229,0.0
229,0.0
229,0.0
229,0.0
229,0.0
229,0.6700000000000004
229,0.0
229,0.0
229,0.0
229,0.0
229,0.5450000000000003
229,0.0
229,0.05500000000000001
229,0.0
229,0.0
229,0.0
229,0.0
229,0.0
229,0.8800000000000006
229,0.0
229,0.0
229,0.0
229,0.0
229,0.0
229,0.7750000000000004
229,0.0
229,0.8850000000000005
229,2.6250000000000004
229,0.4200000000000002
229,0.065
229,0.0
229,0.0
229,0.0
229,0.0
229,0.0
229,0.0
229,0.0
229,0.6700000000000004
229,0.0
229,0.0
229,0.2850000000000001
229,1.445000000000001
229,0.0
229,0.05500000000000001
229,0.0
229,0.6700000000000004
229,0.0
229,0.0
229,0.0
229,0.5150000000000002
229,0.0
229,0.0
229,0.0
229,0.0
229,0.0
229,0.6700000000000004
229,0.0
229,0.0
229,0.0
229,0.0
229,0.6800000000000004
229,0.0
229,0.0
229,0.0
229,0.0
229,0.0
229,0.5700000000000003
229,1.0200000000000007
229,0.0
229,0.0
229,0.0
229,0.0
229,0.0
229,0.0
229,0.0
229,0.0
229,0.0
229,0.6800000000000004
230,0.0
230,0.0
230,0.0
230,0.0
230,0.0
230,0.7600000000000003
230,0.0
230,0.6700000000000004
230,0.0
230,1.3150000000000008
230,0.0
230,0.0
230,0.0
230,0.0
230,0.0
230,2.5450000000000004
230,0.0
230,0.6600000000000004
230,0.0
230,0.0
230,0.0
230,0.0
230,0.0
230,0.0
230,0.0
230,0.0
230,0.0
230,0.6700000000000004
230,0.0
230,0.0
230,0.0
230,0.0
230,0.5450000000000003
230,0.0
230,0.05500000000000001
230,0.0
230,0.0
230,0.0
230,0.0
230,0.0
230,0.8800000000000006
230,0.0
230,0.0
230,0.0
230,0.0
230,0.0
230,0.7750000000000004
230,0.0
230,0.8850000000000005
230,2.6250000000000004
230,0.4200000000000002
230,0.065
230,0.0
230,0.0
230,0.0
230,0.0
230,0.0
230,0.0
230,0.0
230,0.6700000000000004
230,0.0
230,0.0
230,0.2850000000000001
230,1.445000000000001
230,0.0
230,0.05500000000000001
230,0.0
230,0.6700000000000004
230,0.0
230,0.0
230,0.0
230,0.5150000000000002
230,0.0
230,0.0
230,0.0
230,0.0
230,0.0
230,0.6700000000000004
230,0.0
230,0.0
230,0.0
230,0.0
230,0.6800000000000004
230,0.0
230,0.0
230,0.0
230,0.0
230,0.0
230,0.5800000000000003
230,1.0200000000000007
230,0.0
230,0.0
230,0.0
230,0.0
230,0.0
230,0.0
230,0.0
230,0.0
230,0.0
230,0.6800000000000004
231,0.0
231,0.0
231,0.0
231,0.0
231,0.0
231,0.7600000000000003
231,0.0
231,0.6700000000000004
231,0.0
231,1.3150000000000008
231,0.0
231,0.0
231,0.0
231,0.0
231,0.0
231,2.5450000000000004
231,0.0
231,0.6600000000000004
231,0.0
231,0.0
231,0.0
231,0.0
231,0.0
231,0.0
231,0.0
231,0.0
231,0.0
231,0.6700000000000004
231,0.0
231,0.0
231,0.0
231,0.0
231,0.5450000000000003
231,0.0
231,0.05500000000000001
231,0.0
231,0.0
231,0.0
231,0.0
231,0.0
231,0.8800000000000006
231,0.0
231,0.0
231,0.0
231,0.0
231,0.0
231,0.7750000000000004
231,0.0
231,0.8850000000000005
231,2.6250000000000004
231,0.4200000000000002
231,0.065
231,0.0
231,0.0
231,0.0
231,0.0
231,0.0
231,0.0
231,0.0
231,0.6700000000000004
231,0.0
231,0.0
231,0.2850000000000001
231,1.445000000000001
231,0.0
231,0.05500000000000001
231,0.0
231,0.6700000000000004
231,0.0
231,0.0
231,0.0
231,0.5150000000000002
231,0.0
231,0.0
231,0.0
231,0.0
231,0.0
231,0.6700000000000004
231,0.0
231,0.0
231,0.0
231,0.0
231,0.6800000000000004
231,0.0
231,0.0
231,0.0
231,0.0
231,0.0
231,0.5900000000000003
231,1.0200000000000007
231,0.0
231,0.0
231,0.0
231,0.0
231,0.0
231,0.0
231,0.0
231,0.0
231,0.0
231,0.6800000000000004
232,0.0
232,0.0
232,0.0
232,0.0
232,0.0
232,0.7600000000000003
232,0.0
232,0.6700000000000004
232,0.0
232,1.3150000000000008
232,0.0
232,0.0
232,0.0
232,0.0
232,0.0
232,2.5450000000000004
232,0.0
232,0.6600000000000004
232,0.0
232,0.0
232,0.0
232,0.0
232,0.0
232,0.0
232,0.0
232,0.0
232,0.0
232,0.6700000000000004
232,0.0
232,0.0
232,0.0
232,0.0
232,0.5450000000000003
232,0.0
232,0.05500000000000001
232,0.0
232,0.0
232,0.0
232,0.0
232,0.0
232,0.8800000000000006
232,0.0
232,0.0
232,0.0
232,0.0
232,0.0
232,0.7750000000000004
232,0.0
232,0.8850000000000005
232,2.6250000000000004
232,0.4200000000000002
232,0.065
232,0.0
232,0.0
232,0.0
232,0.0
232,0.0
232,0.0
232,0.0
232,0.6700000000000004
232,0.0
232,0.0
232,0.2850000000000001
232,1.445000000000001
232,0.0
232,0.05500000000000001
232,0.0
232,0.6700000000000004
232,0.0
232,0.0
232,0.0
232,0.5150000000000002
232,0.0
232,0.0
232,0.0
232,0.0
232,0.0
232,0.6700000000000004
232,0.0
232,0.0
232,0.0
232,0.0
232,0.6800000000000004
232,0.0
232,0.0
232,0.0
232,0.0
232,0.0
232,0.6000000000000003
232,1.0200000000000007
232,0.0
232,0.0
232,0.0
232,0.0
232,0.0
232,0.0
232,0.0
232,0.0
232,0.0
232,0.6800000000000004
233,0.0
233,0.0
233,0.0
233,0.0
233,0.0
233,0.7600000000000003
233,0.0
233,0.6700000000000004
233,0.0
233,1.3150000000000008
233,0.0
233,0.0
233,0.0
233,0.0
233,0.0
233,2.5450000000000004
233,0.0
233,0.6600000000000004
233,0.0
233,0.0
233,0.0
233,0.0
233,0.0
233,0.0
233,0.0
233,0.0
233,0.0
233,0.6700000000000004
233,0.0
233,0.0
233,0.0
233,0.0
233,0.5450000000000003
233,0.0
233,0.05500000000000001
233,0.0
233,0.0
233,0.0
233,0.0
233,0.0
233,0.8800000000000006
233,0.0
233,0.0
233,0.0
233,0.0
233,0.0
233,0.7750000000000004
233,0.0
233,0.8850000000000005
233,2.6250000000000004
233,0.4200000000000002
233,0.065
233,0.0
233,0.0
233,0.0
233,0.0
233,0.0
233,0.0
233,0.0
233,0.6700000000000004
233,0.0
233,0.0
233,0.2850000000000001
233,1.445000000000001
233,0.0
233,0.05500000000000001
233,0.0
233,0.6700000000000004
233,0.0
233,0.0
233,0.0
233,0.5150000000000002
233,0.0
233,0.0
233,0.0
233,0.0
233,0.0
233,0.6700000000000004
233,0.0
233,0.0
233,0.0
233,0.0
233,0.6800000000000004
233,0.0
233,0.0
233,0.0
233,0.0
233,0.0
233,0.6100000000000003
233,1.0200000000000007
233,0.0
233,0.0
233,0.0
233,0.0
233,0.0
233,0.0
233,0.0
233,0.0
233,0.0
233,0.6800000000000004
234,0.0
234,0.0
234,0.0
234,0.0
234,0.0
234,0.7600000000000003
234,0.0
234,0.6700000000000004
234,0.0
234,1.3150000000000008
234,0.0
234,0.0
234,0.0
234,0.0
234,0.0
234,2.5450000000000004
234,0.0
234,0.6600000000000004
234,0.0
234,0.0
234,0.0
234,0.0
234,0.0
234,0.0
234,0.0
234,0.0
234,0.0
234,0.6700000000000004
234,0.0
234,0.0
234,0.0
234,0.0
234,0.5450000000000003
234,0.0
234,0.05500000000000001
234,0.0
234,0.0
234,0.0
234,0.0
234,0.0
234,0.8800000000000006
234,0.0
234,0.0
234,0.0
234,0.0
234,0.0
234,0.7750000000000004
234,0.0
234,0.8850000000000005
234,2.6250000000000004
234,0.4200000000000002
234,0.065
234,0.0
234,0.0
234,0.0
234,0.0
234,0.0
234,0.0
234,0.0
234,0.6700000000000004
234,0.0
234,0.0
234,0.2850000000000001
234,1.445000000000001
234,0.0
234,0.05500000000000001
234,0.0
234,0.6700000000000004
234,0.0
234,0.0
234,0.0
234,0.5150000000000002
234,0.0
234,0.0
234,0.0
234,0.0
234,0.0
234,0.6700000000000004
234,0.0
234,0.0
234,0.0
234,0.0
234,0.6800000000000004
234,0.0
234,0.0
234,0.0
234,0.0
234,0.0
234,0.6200000000000003
234,1.0200000000000007
234,0.0
234,0.0
234,0.0
234,0.0
234,0.0
234,0.0
234,0.0
234,0.0
234,0.0
234,0.6800000000000004
235,0.0
235,0.0
235,0.0
235,0.0
235,0.0
235,0.7600000000000003
235,0.0
235,0.6700000000000004
235,0.0
235,1.3150000000000008
235,0.0
235,0.0
235,0.0
235,0.0
235,0.0
235,2.5450000000000004
235,0.0
235,0.6600000000000004
235,0.0
235,0.0
235,0.0
235,0.0
235,0.0
235,0.0
235,0.0
235,0.0
235,0.0
235,0.6700000000000004
235,0.0
235,0.0
235,0.0
235,0.0
235,0.5450000000000003
235,0.0
235,0.05500000000000001
235,0.0
235,0.0
235,0.0
235,0.0
235,0.0
235,0.8800000000000006
235,0.0
235,0.0
235,0.0
235,0.0
235,0.0
235,0.7750000000000004
235,0.0
235,0.8850000000000005
235,2.6250000000000004
235,0.4200000000000002
235,0.065
235,0.0
235,0.0
235,0.0
235,0.0
235,0.0
235,0.0
235,0.0
235,0.6700000000000004
235,0.0
235,0.0
235,0.2850000000000001
235,1.445000000000001
235,0.0
235,0.05500000000000001
235,0.0
235,0.6700000000000004
235,0.0
235,0.0
235,0.0
235,0.5150000000000002
235,0.0
235,0.0
235,0.0
235,0.0
235,0.0
235,0.6700000000000004
235,0.0
235,0.0
235,0.0
235,0.0
235,0.6800000000000004
235,0.0
235,0.0
235,0.0
235,0.0
235,0.0
235,0.6300000000000003
235,1.0200000000000007
235,0.0
235,0.0
235,0.0
235,0.0
235,0.0
235,0.0
235,0.0
235,0.0
235,0.0
235,0.6800000000000004
236,0.0
236,0.0
236,0.0
236,0.0
236,0.0
236,0.7600000000000003
236,0.0
236,0.6700000000000004
236,0.0
236,1.3150000000000008
236,0.0
236,0.0
236,0.0
236,0.0
236,0.0
236,2.5450000000000004
236,0.0
236,0.6600000000000004
236,0.0
236,0.0
236,0.0
236,0.0
236,0.0
236,0.0
236,0.0
236,0.0
236,0.0
236,0.6700000000000004
236,0.0
236,0.0
236,0.0
236,0.0
236,0.5450000000000003
236,0.0
236,0.05500000000000001
236,0.0
236,0.0
236,0.0
236,0.0
236,0.0
236,0.8800000000000006
236,0.0
236,0.0
236,0.0
236,0.0
236,0.0
236,0.7750000000000004
236,0.0
236,0.8850000000000005
236,2.6250000000000004
236,0.4200000000000002
236,0.065
236,0.0
236,0.0
236,0.0
236,0.0
236,0.0
236,0.0
236,0.0
236,0.6700000000000004
236,0.0
236,0.0
236,0.2850000000000001
236,1.445000000000001
236,0.0
236,0.05500000000000001
236,0.0
236,0.6700000000000004
236,0.0
236,0.0
236,0.0
236,0.5150000000000002
236,0.0
236,0.0
236,0.0
236,0.0
236,0.0
236,0.6700000000000004
236,0.0
236,0.0
236,0.0
236,0.0
236,0.6800000000000004
236,0.0
236,0.0
236,0.0
236,0.0
236,0.0
236,0.6400000000000003
236,1.0200000000000007
236,0.0
236,0.0
236,0.0
236,0.0
236,0.0
236,0.0
236,0.0
236,0.0
236,0.0
236,0.6800000000000004
237,0.0
237,0.0
237,0.0
237,0.0
237,0.0
237,0.7600000000000003
237,0.0
237,0.6700000000000004
237,0.0
237,1.3150000000000008
237,0.0
237,0.0
237,0.0
237,0.0
237,0.0
237,2.5450000000000004
237,0.0
237,0.6600000000000004
237,0.0
237,0.0
237,0.0
237,0.0
237,0.0
237,0.0
237,0.0
237,0.0
237,0.0
237,0.6700000000000004
237,0.0
237,0.0
237,0.0
237,0.0
237,0.5450000000000003
237,0.0
237,0.05500000000000001
237,0.0
237,0.0
237,0.0
237,0.0
237,0.0
237,0.8800000000000006
237,0.0
237,0.0
237,0.0
237,0.0
237,0.0
237,0.7750000000000004
237,0.0
237,0.8850000000000005
237,2.6250000000000004
237,0.4200000000000002
237,0.065
237,0.0
237,0.0
237,0.0
237,0.0
237,0.0
237,0.0
237,0.0
237,0.6700000000000004
237,0.0
237,0.0
237,0.2850000000000001
237,1.445000000000001
237,0.0
237,0.05500000000000001
237,0.0
237,0.6700000000000004
237,0.0
237,0.0
237,0.0
237,0.5150000000000002
237,0.0
237,0.0
237,0.0
237,0.0
237,0.0
237,0.6700000000000004
237,0.0
237,0.0
237,0.0
237,0.0
237,0.6800000000000004
237,0.0
237,0.0
237,0.0
237,0.0
237,0.0
237,0.6500000000000004
237,1.0200000000000007
237,0.0
237,0.0
237,0.0
237,0.0
237,0.0
237,0.0
237,0.0
237,0.0
237,0.0
237,0.6800000000000004
238,0.0
238,0.0
238,0.0
238,0.0
238,0.0
238,0.7600000000000003
238,0.0
238,0.6700000000000004
238,0.0
238,1.3150000000000008
238,0.0
238,0.0
238,0.0
238,0.0
238,0.0
238,2.5450000000000004
238,0.0
238,0.6600000000000004
238,0.0
238,0.0
238,0.0
238,0.0
238,0.0
238,0.0
238,0.0
238,0.0
238,0.0
238,0.6700000000000004
238,0.0
238,0.0
238,0.0
238,0.0
238,0.5450000000000003
238,0.0
238,0.05500000000000001
238,0.0
238,0.0
238,0.0
238,0.0
238,0.0
238,0.8800000000000006
238,0.0
238,0.0
238,0.0
238,0.0
238,0.0
238,0.7750000000000004
238,0.0
238,0.8850000000000005
238,2.6250000000000004
238,0.4200000000000002
238,0.065
238,0.0
238,0.0
238,0.0
238,0.0
238,0.0
238,0.0
238,0.0
238,0.6700000000000004
238,0.0
238,0.0
238,0.2850000000000001
238,1.445000000000001
238,0.0
238,0.05500000000000001
238,0.0
238,0.6700000000000004
238,0.0
238,0.0
238,0.0
238,0.5150000000000002
238,0.0
238,0.0
238,0.0
238,0.0
238,0.0
238,0.6700000000000004
238,0.0
238,0.0
238,0.0
238,0.0
238,0.6800000000000004
238,0.0
238,0.0
238,0.0
238,0.0
238,0.0
238,0.6600000000000004
238,1.0200000000000007
238,0.0
238,0.0
238,0.0
238,0.0
238,0.0
238,0.0
238,0.0
238,0.0
238,0.0
238,0.6800000000000004
239,0.0
239,0.0
239,0.0
239,0.0
239,0.0
239,0.7600000000000003
239,0.0
239,0.6700000000000004
239,0.0
239,1.3150000000000008
239,0.0
239,0.0
239,0.0
239,0.0
239,0.0
239,2.5450000000000004
239,0.0
239,0.6600000000000004
239,0.0
239,0.0
239,0.0
239,0.0
239,0.0
239,0.0
239,0.0
239,0.0
239,0.0
239,0.6700000000000004
239,0.0
239,0.0
239,0.0
239,0.0
239,0.5450000000000003
239,0.0
239,0.05500000000000001
239,0.0
239,0.0
239,0.0
239,0.0
239,0.0
239,0.8800000000000006
239,0.0
239,0.0
239,0.0
239,0.0
239,0.0
239,0.7750000000000004
239,0.0
239,0.8850000000000005
239,2.6250000000000004
239,0.4200000000000002
239,0.065
239,0.0
239,0.0
239,0.0
239,0.0
239,0.0
239,0.0
239,0.0
239,0.6700000000000004
239,0.0
239,0.0
239,0.2850000000000001
239,1.445000000000001
239,0.0
239,0.05500000000000001
239,0.0
239,0.6700000000000004
239,0.0
239,0.0
239,0.0
239,0.5150000000000002
239,0.0
239,0.0
239,0.0
239,0.0
239,0.0
239,0.6700000000000004
239,0.0
239,0.0
239,0.0
239,0.0
239,0.6800000000000004
239,0.0
239,0.0
239,0.0
239,0.0
239,0.0
239,0.6600000000000004
239,1.0200000000000007
239,0.0
239,0.0
239,0.0
239,0.0
239,0.0
239,0.0
239,0.0
239,0.0
239,0.0
239,0.6800000000000004
240,0.0
240,0.0
240,0.0
240,0.0
240,0.0
240,0.7600000000000003
240,0.0
240,0.6700000000000004
240,0.0
240,1.3150000000000008
240,0.0
240,0.0
240,0.0
240,0.0
240,0.0
240,2.5450000000000004
240,0.0
240,0.6600000000000004
240,0.0
240,0.0
240,0.0
240,0.0
240,0.0
240,0.0
240,0.0
240,0.0
240,0.0
240,0.6700000000000004
240,0.0
240,0.0
240,0.0
240,0.0
240,0.5450000000000003
240,0.0
240,0.05500000000000001
240,0.0
240,0.0
240,0.0
240,0.0
240,0.0
240,0.8800000000000006
240,0.0
240,0.0
240,0.0
240,0.0
240,0.0
240,0.7750000000000004
240,0.0
240,0.8850000000000005
240,2.6250000000000004
240,0.4200000000000002
240,0.065
240,0.0
240,0.0
240,0.0
240,0.0
240,0.0
240,0.0
240,0.0
240,0.6700000000000004
240,0.0
240,0.0
240,0.2850000000000001
240,1.445000000000001
240,0.0
240,0.05500000000000001
240,0.0
240,0.6700000000000004
240,0.0
240,0.0
240,0.0
240,0.5150000000000002
240,0.0
240,0.0
240,0.0
240,0.0
240,0.0
240,0.6700000000000004
240,0.0
240,0.0
240,0.0
240,0.0
240,0.6800000000000004
240,0.0
240,0.0
240,0.0
240,0.0
240,0.0
240,0.6600000000000004
240,1.0200000000000007
240,0.0
240,0.0
240,0.0
240,0.0
240,0.0
240,0.0
240,0.0
240,0.0
240,0.0
240,0.6800000000000004
241,0.0
241,0.0
241,0.0
241,0.0
241,0.0
241,0.7600000000000003
241,0.0
241,0.6700000000000004
241,0.0
241,1.3150000000000008
241,0.0
241,0.0
241,0.0
241,0.0
241,0.0
241,2.5450000000000004
241,0.0
241,0.6600000000000004
241,0.0
241,0.0
241,0.0
241,0.0
241,0.0
241,0.0
241,0.0
241,0.0
241,0.0
241,0.6700000000000004
241,0.0
241,0.0
241,0.0
241,0.0
241,0.5450000000000003
241,0.0
241,0.05500000000000001
241,0.0
241,0.0
241,0.0
241,0.0
241,0.0
241,0.8800000000000006
241,0.0
241,0.0
241,0.0
241,0.0
241,0.0
241,0.7750000000000004
241,0.0
241,0.8850000000000005
241,2.6250000000000004
241,0.4200000000000002
241,0.065
241,0.0
241,0.0
241,0.0
241,0.0
241,0.0
241,0.0
241,0.0
241,0.6700000000000004
241,0.0
241,0.0
241,0.2850000000000001
241,1.445000000000001
241,0.0
241,0.05500000000000001
241,0.0
241,0.6700000000000004
241,0.0
241,0.0
241,0.0
241,0.5150000000000002
241,0.0
241,0.0
241,0.0
241,0.0
241,0.0
241,0.6700000000000004
241,0.0
241,0.0
241,0.0
241,0.0
241,0.6800000000000004
241,0.0
241,0.0
241,0.0
241,0.0
241,0.0
241,0.6600000000000004
241,1.0200000000000007
241,0.0
241,0.0
241,0.0
241,0.0
241,0.0
241,0.0
241,0.0
241,0.0
241,0.0
241,0.6800000000000004
242,0.0
242,0.0
242,0.0
242,0.0
242,0.0
242,0.7600000000000003
242,0.0
242,0.6700000000000004
242,0.0
242,1.3150000000000008
242,0.0
242,0.0
242,0.0
242,0.0
242,0.0
242,2.5450000000000004
242,0.0
242,0.6600000000000004
242,0.0
242,0.0
242,0.0
242,0.0
242,0.0
242,0.0
242,0.0
242,0.0
242,0.0
242,0.6700000000000004
242,0.0
242,0.0
242,0.0
242,0.0
242,0.5450000000000003
242,0.0
242,0.05500000000000001
242,0.0
242,0.0
242,0.0
242,0.0
242,0.0
242,0.8800000000000006
242,0.0
242,0.0
242,0.0
242,0.0
242,0.0
242,0.7750000000000004
242,0.0
242,0.8850000000000005
242,2.6250000000000004
242,0.4200000000000002
242,0.065
242,0.0
242,0.0
242,0.0
242,0.0
242,0.0
242,0.0
242,0.0
242,0.6700000000000004
242,0.0
242,0.0
242,0.2850000000000001
242,1.445000000000001
242,0.0
242,0.05500000000000001
242,0.0
242,0.6700000000000004
242,0.0
242,0.0
242,0.0
242,0.5150000000000002
242,0.0
242,0.0
242,0.0
242,0.0
242,0.0
242,0.6700000000000004
242,0.0
242,0.0
242,0.0
242,0.0
242,0.6800000000000004
242,0.0
242,0.0
242,0.0
242,0.0
242,0.0
242,0.6600000000000004
242,1.0200000000000007
242,0.0
242,0.0
242,0.0
242,0.0
242,0.0
242,0.0
242,0.0
242,0.0
242,0.0
242,0.6800000000000004
243,0.0
243,0.0
243,0.0
243,0.0
243,0.0
243,0.7600000000000003
243,0.0
243,0.6700000000000004
243,0.0
243,1.3150000000000008
243,0.0
243,0.0
243,0.0
243,0.0
243,0.0
243,2.5450000000000004
243,0.0
243,0.6600000000000004
243,0.0
243,0.0
243,0.0
243,0.0
243,0.0
243,0.0
243,0.0
243,0.0
243,0.0
243,0.6700000000000004
243,0.0
243,0.0
243,0.0
243,0.0
243,0.5450000000000003
243,0.0
243,0.05500000000000001
243,0.0
243,0.0
243,0.0
243,0.0
243,0.0
243,0.8800000000000006
243,0.0
243,0.0
243,0.0
243,0.0
243,0.0
243,0.7750000000000004
243,0.0
243,0.8850000000000005
243,2.6250000000000004
243,0.4200000000000002
243,0.065
243,0.0
243,0.0
243,0.0
243,0.0
243,0.0
243,0.0
243,0.0
243,0.6700000000000004
243,0.0
243,0.0
243,0.2850000000000001
243,1.445000000000001
243,0.0
243,0.05500000000000001
243,0.0
243,0.6700000000000004
243,0.0
243,0.0
243,0.0
243,0.5150000000000002
243,0.0
243,0.0
243,0.0
243,0.0
243,0.0
243,0.6700000000000004
243,0.0
243,0.0
243,0.0
243,0.0
243,0.6800000000000004
243,0.0
243,0.0
243,0.0
243,0.0
243,0.0
243,0.6600000000000004
243,1.0200000000000007
243,0.0
243,0.0
243,0.0
243,0.0
243,0.0
243,0.0
243,0.0
243,0.0
243,0.0
243,0.6800000000000004
244,0.0
244,0.0
244,0.0
244,0.0
244,0.0
244,0.7600000000000003
244,0.0
244,0.6700000000000004
244,0.0
244,1.3150000000000008
244,0.0
244,0.0
244,0.0
244,0.0
244,0.0
244,2.5450000000000004
244,0.0
244,0.6600000000000004
244,0.0
244,0.0
244,0.0
244,0.0
244,0.0
244,0.0
244,0.0
244,0.0
244,0.0
244,0.6700000000000004
244,0.0
244,0.0
244,0.0
244,0.0
244,0.5450000000000003
244,0.0
244,0.05500000000000001
244,0.0
244,0.0
244,0.0
244,0.0
244,0.0
244,0.8800000000000006
244,0.0
244,0.0
244,0.0
244,0.0
244,0.0
244,0.7750000000000004
244,0.0
244,0.8850000000000005
244,2.6250000000000004
244,0.4200000000000002
244,0.065
244,0.0
244,0.0
244,0.0
244,0.0
244,0.0
244,0.0
244,0.0
244,0.6700000000000004
244,0.0
244,0.0
244,0.2850000000000001
244,1.445000000000001
244,0.0
244,0.05500000000000001
244,0.0
244,0.6700000000000004
244,0.0
244,0.0
244,0.0
244,0.5150000000000002
244,0.0
244,0.0
244,0.0
244,0.0
244,0.0
244,0.6700000000000004
244,0.0
244,0.0
244,0.0
244,0.0
244,0.6800000000000004
244,0.0
244,0.0
244,0.0
244,0.0
244,0.0
244,0.6600000000000004
244,1.0200000000000007
244,0.0
244,0.0
244,0.0
244,0.0
244,0.0
244,0.0
244,0.0
244,0.0
244,0.0
244,0.6800000000000004
245,0.0
245,0.0
245,0.0
245,0.0
245,0.0
245,0.7600000000000003
245,0.0
245,0.6700000000000004
245,0.0
245,1.3150000000000008
245,0.0
245,0.0
245,0.0
245,0.0
245,0.0
245,2.5450000000000004
245,0.0
245,0.6600000000000004
245,0.0
245,0.0
245,0.0
245,0.0
245,0.0
245,0.0
245,0.0
245,0.0
245,0.0
245,0.6700000000000004
245,0.0
245,0.0
245,0.0
245,0.0
245,0.5450000000000003
245,0.0
245,0.05500000000000001
245,0.0
245,0.0
245,0.0
245,0.0
245,0.0
245,0.8800000000000006
245,0.0
245,0.0
245,0.0
245,0.0
245,0.0
245,0.7750000000000004
245,0.0
245,0.8850000000000005
245,2.6250000000000004
245,0.4200000000000002
245,0.065
245,0.0
245,0.0
245,0.0
245,0.0
245,0.0
245,0.0
245,0.0
245,0.6700000000000004
245,0.0
245,0.0
245,0.2850000000000001
245,1.445000000000001
245,0.0
245,0.05500000000000001
245,0.0
245,0.6700000000000004
245,0.0
245,0.0
245,0.0
245,0.5150000000000002
245,0.0
245,0.0
245,0.0
245,0.0
245,0.0
245,0.6700000000000004
245,0.0
245,0.0
245,0.0
245,0.0
245,0.6800000000000004
245,0.0
245,0.0
245,0.0
245,0.0
245,0.0
245,0.6600000000000004
245,1.0200000000000007
245,0.0
245,0.0
245,0.0
245,0.0
245,0.0
245,0.0
245,0.0
245,0.0
245,0.0
245,0.6800000000000004
246,0.0
246,0.0
246,0.0
246,0.0
246,0.0
246,0.7600000000000003
246,0.0
246,0.6700000000000004
246,0.0
246,1.3150000000000008
246,0.0
246,0.0
246,0.0
246,0.0
246,0.0
246,2.5450000000000004
246,0.0
246,0.6600000000000004
246,0.0
246,0.0
246,0.0
246,0.0
246,0.0
246,0.0
246,0.0
246,0.0
246,0.0
246,0.6700000000000004
246,0.0
246,0.0
246,0.0
246,0.0
246,0.5450000000000003
246,0.0
246,0.05500000000000001
246,0.0
246,0.0
246,0.0
246,0.0
246,0.0
246,0.8800000000000006
246,0.0
246,0.0
246,0.0
246,0.0
246,0.0
246,0.7750000000000004
246,0.0
246,0.8850000000000005
246,2.6250000000000004
246,0.4200000000000002
246,0.065
246,0.0
246,0.0
246,0.0
246,0.0
246,0.0
246,0.0
246,0.0
246,0.6700000000000004
246,0.0
246,0.0
246,0.2850000000000001
246,1.445000000000001
246,0.0
246,0.05500000000000001
246,0.0
246,0.6700000000000004
246,0.0
246,0.0
246,0.0
246,0.5150000000000002
246,0.0
246,0.0
246,0.0
246,0.0
246,0.0
246,0.6700000000000004
246,0.0
246,0.0
246,0.0
246,0.0
246,0.6800000000000004
246,0.0
246,0.0
246,0.0
246,0.0
246,0.0
246,0.6600000000000004
246,1.0200000000000007
246,0.0
246,0.0
246,0.0
246,0.0
246,0.0
246,0.0
246,0.0
246,0.0
246,0.0
246,0.6800000000000004
247,0.0
247,0.0
247,0.0
247,0.0
247,0.0
247,0.7600000000000003
247,0.0
247,0.6700000000000004
247,0.0
247,1.3150000000000008
247,0.0
247,0.0
247,0.0
247,0.0
247,0.0
247,2.5450000000000004
247,0.0
247,0.6600000000000004
247,0.0
247,0.0
247,0.0
247,0.0
247,0.0
247,0.0
247,0.0
247,0.0
247,0.0
247,0.6700000000000004
247,0.0
247,0.0
247,0.0
247,0.0
247,0.5450000000000003
247,0.0
247,0.05500000000000001
247,0.0
247,0.0
247,0.0
247,0.0
247,0.0
247,0.8800000000000006
247,0.0
247,0.0
247,0.0
247,0.0
247,0.0
247,0.7750000000000004
247,0.0
247,0.8850000000000005
247,2.6250000000000004
247,0.4200000000000002
247,0.065
247,0.0
247,0.0
247,0.0
247,0.0
247,0.0
247,0.0
247,0.0
247,0.6700000000000004
247,0.0
247,0.0
247,0.2850000000000001
247,1.445000000000001
247,0.0
247,0.05500000000000001
247,0.0
247,0.6700000000000004
247,0.0
247,0.0
247,0.0
247,0.5150000000000002
247,0.0
247,0.0
247,0.0
247,0.0
247,0.0
247,0.6700000000000004
247,0.0
247,0.0
247,0.0
247,0.0
247,0.6800000000000004
247,0.0
247,0.0
247,0.0
247,0.0
247,0.0
247,0.6600000000000004
247,1.0200000000000007
247,0.0
247,0.0
247,0.0
247,0.0
247,0.0
247,0.0
247,0.0
247,0.0
247,0.0
247,0.6800000000000004
248,0.0
248,0.0
248,0.0
248,0.0
248,0.0
248,0.7600000000000003
248,0.0
248,0.6700000000000004
248,0.0
248,1.3150000000000008
248,0.0
248,0.0
248,0.0
248,0.0
248,0.0
248,2.5450000000000004
248,0.0
248,0.6600000000000004
248,0.0
248,0.0
248,0.0
248,0.0
248,0.0
248,0.0
248,0.0
248,0.0
248,0.0
248,0.6700000000000004
248,0.0
248,0.0
248,0.0
248,0.0
248,0.5450000000000003
248,0.0
248,0.05500000000000001
248,0.0
248,0.0
248,0.0
248,0.0
248,0.0
248,0.8800000000000006
248,0.0
248,0.0
248,0.0
248,0.0
248,0.0
248,0.7750000000000004
248,0.0
248,0.8850000000000005
248,2.6250000000000004
248,0.4200000000000002
248,0.065
248,0.0
248,0.0
248,0.0
248,0.0
248,0.0
248,0.0
248,0.0
248,0.6700000000000004
248,0.0
248,0.0
248,0.2850000000000001
248,1.445000000000001
248,0.0
248,0.05500000000000001
248,0.0
248,0.6700000000000004
248,0.0
248,0.0
248,0.0
248,0.5150000000000002
248,0.0
248,0.0
248,0.0
248,0.0
248,0.0
248,0.6700000000000004
248,0.0
248,0.0
248,0.0
248,0.0
248,0.6800000000000004
248,0.0
248,0.0
248,0.0
248,0.0
248,0.0
248,0.6600000000000004
248,1.0200000000000007
248,0.0
248,0.0
248,0.0
248,0.0
248,0.0
248,0.0
248,0.0
248,0.0
248,0.0
248,0.6800000000000004
249,0.0
249,0.0
249,0.0
249,0.0
249,0.0
249,0.7600000000000003
249,0.0
249,0.6700000000000004
249,0.0
249,1.3150000000000008
249,0.0
249,0.0
249,0.0
249,0.0
249,0.0
249,2.5450000000000004
249,0.0
249,0.6600000000000004
249,0.0
249,0.0
249,0.0
249,0.0
249,0.0
249,0.0
249,0.0
249,0.0
249,0.0
249,0.6700000000000004
249,0.0
249,0.0
249,0.0
249,0.0
249,0.5450000000000003
249,0.0
249,0.05500000000000001
249,0.0
249,0.0
249,0.0
249,0.0
249,0.0
249,0.8800000000000006
249,0.0
249,0.0
249,0.0
249,0.0
249,0.0
249,0.7750000000000004
249,0.0
249,0.8850000000000005
249,2.6250000000000004
249,0.4200000000000002
249,0.065
249,0.0
249,0.0
249,0.0
249,0.0
249,0.0
249,0.0
249,0.0
249,0.6700000000000004
249,0.0
249,0.0
249,0.2850000000000001
249,1.445000000000001
249,0.0
249,0.05500000000000001
249,0.0
249,0.6700000000000004
249,0.0
249,0.0
249,0.0
249,0.5150000000000002
249,0.0
249,0.0
249,0.0
249,0.0
249,0.0
249,0.6700000000000004
249,0.0
249,0.0
249,0.0
249,0.0
249,0.6800000000000004
249,0.0
249,0.0
249,0.0
249,0.0
249,0.0
249,0.6600000000000004
249,1.0200000000000007
249,0.0
249,0.0
249,0.0
249,0.0
249,0.0
249,0.0
249,0.0
249,0.0
249,0.0
249,0.6800000000000004
250,0.0
250,0.0
250,0.0
250,0.0
250,0.0
250,0.7600000000000003
250,0.0
250,0.6700000000000004
250,0.0
250,1.3150000000000008
250,0.0
250,0.0
250,0.0
250,0.0
250,0.0
250,2.5450000000000004
250,0.0
250,0.6600000000000004
250,0.0
250,0.0
250,0.0
250,0.0
250,0.0
250,0.0
250,0.0
250,0.0
250,0.0
250,0.6700000000000004
250,0.0
250,0.0
250,0.0
250,0.0
250,0.5450000000000003
250,0.0
250,0.05500000000000001
250,0.0
250,0.0
250,0.0
250,0.0
250,0.0
250,0.8800000000000006
250,0.0
250,0.0
250,0.0
250,0.0
250,0.0
250,0.7750000000000004
250,0.0
250,0.8850000000000005
250,2.6250000000000004
250,0.4200000000000002
250,0.065
250,0.0
250,0.0
250,0.0
250,0.0
250,0.0
250,0.0
250,0.0
250,0.6700000000000004
250,0.0
250,0.0
250,0.2850000000000001
250,1.445000000000001
250,0.0
250,0.05500000000000001
250,0.0
250,0.6700000000000004
250,0.0
250,0.0
250,0.0
250,0.5150000000000002
250,0.0
250,0.0
250,0.0
250,0.0
250,0.0
250,0.6700000000000004
250,0.0
250,0.0
250,0.0
250,0.0
250,0.6800000000000004
250,0.0
250,0.0
250,0.0
250,0.0
250,0.0
250,0.6600000000000004
250,1.0200000000000007
250,0.0
250,0.0
250,0.0
250,0.0
250,0.0
250,0.0
250,0.0
250,0.0
250,0.0
250,0.6800000000000004
251,0.0
251,0.0
251,0.0
251,0.0
251,0.0
251,0.7600000000000003
251,0.0
251,0.6700000000000004
251,0.0
251,1.3150000000000008
251,0.0
251,0.0
251,0.0
251,0.0
251,0.0
251,2.5450000000000004
251,0.0
251,0.6600000000000004
251,0.0
251,0.0
251,0.0
251,0.0
251,0.0
251,0.0
251,0.0
251,0.0
251,0.0
251,0.6700000000000004
251,0.0
251,0.0
251,0.0
251,0.0
251,0.5450000000000003
251,0.0
251,0.05500000000000001
251,0.0
251,0.0
251,0.0
251,0.0
251,0.0
251,0.8800000000000006
251,0.0
251,0.0
251,0.0
251,0.0
251,0.0
251,0.7750000000000004
251,0.0
251,0.8850000000000005
251,2.6250000000000004
251,0.4200000000000002
251,0.065
251,0.0
251,0.0
251,0.0
251,0.0
251,0.0
251,0.0
251,0.0
251,0.6700000000000004
251,0.0
251,0.0
251,0.2850000000000001
251,1.445000000000001
251,0.0
251,0.05500000000000001
251,0.0
251,0.6700000000000004
251,0.0
251,0.0
251,0.0
251,0.5150000000000002
251,0.0
251,0.0
251,0.0
251,0.0
251,0.0
251,0.6700000000000004
251,0.0
251,0.0
251,0.0
251,0.0
251,0.6800000000000004
251,0.0
251,0.0
251,0.0
251,0.0
251,0.0
251,0.6600000000000004
251,1.0200000000000007
251,0.0
251,0.0
251,0.0
251,0.0
251,0.0
251,0.0
251,0.0
251,0.0
251,0.0
251,0.6800000000000004
252,0.0
252,0.0
252,0.0
252,0.0
252,0.0
252,0.7600000000000003
252,0.0
252,0.6700000000000004
252,0.0
252,1.3150000000000008
252,0.0
252,0.0
252,0.0
252,0.0
252,0.0
252,2.5450000000000004
252,0.0
252,0.6600000000000004
252,0.0
252,0.0
252,0.0
252,0.0
252,0.0
252,0.0
252,0.0
252,0.0
252,0.0
252,0.6700000000000004
252,0.0
252,0.0
252,0.0
252,0.0
252,0.5450000000000003
252,0.0
252,0.05500000000000001
252,0.0
252,0.0
252,0.0
252,0.0
252,0.0
252,0.8800000000000006
252,0.0
252,0.0
252,0.0
252,0.0
252,0.0
252,0.7750000000000004
252,0.0
252,0.8850000000000005
252,2.6250000000000004
252,0.4200000000000002
252,0.065
252,0.0
252,0.0
252,0.0
252,0.0
252,0.0
252,0.0
252,0.0
252,0.6700000000000004
252,0.0
252,0.0
252,0.2850000000000001
252,1.445000000000001
252,0.0
252,0.05500000000000001
252,0.0
252,0.6700000000000004
252,0.0
252,0.0
252,0.0
252,0.5150000000000002
252,0.0
252,0.0
252,0.0
252,0.0
252,0.0
252,0.6700000000000004
252,0.0
252,0.0
252,0.0
252,0.0
252,0.6800000000000004
252,0.0
252,0.0
252,0.0
252,0.0
252,0.0
252,0.6600000000000004
252,1.0200000000000007
252,0.0
252,0.0
252,0.0
252,0.0
252,0.0
252,0.0
252,0.0
252,0.0
252,0.0
252,0.6800000000000004
253,0.0
253,0.0
253,0.0
253,0.0
253,0.0
253,0.7600000000000003
253,0.0
253,0.6700000000000004
253,0.0
253,1.3150000000000008
253,0.0
253,0.0
253,0.0
253,0.0
253,0.0
253,2.5450000000000004
253,0.0
253,0.6600000000000004
253,0.0
253,0.0
253,0.0
253,0.0
253,0.0
253,0.0
253,0.0
253,0.0
253,0.0
253,0.6700000000000004
253,0.0
253,0.0
253,0.0
253,0.0
253,0.5450000000000003
253,0.0
253,0.05500000000000001
253,0.0
253,0.0
253,0.0
253,0.0
253,0.0
253,0.8800000000000006
253,0.0
253,0.0
253,0.0
253,0.0
253,0.0
253,0.7750000000000004
253,0.0
253,0.8850000000000005
253,2.6250000000000004
253,0.4200000000000002
253,0.065
253,0.0
253,0.0
253,0.0
253,0.0
253,0.0
253,0.0
253,0.0
253,0.6700000000000004
253,0.0
253,0.0
253,0.2850000000000001
253,1.445000000000001
253,0.0
253,0.05500000000000001
253,0.0
253,0.6700000000000004
253,0.0
253,0.0
253,0.0
253,0.5150000000000002
253,0.0
253,0.0
253,0.0
253,0.0
253,0.0
253,0.6700000000000004
253,0.0
253,0.0
253,0.0
253,0.0
253,0.6800000000000004
253,0.0
253,0.0
253,0.0
253,0.0
253,0.0
253,0.6600000000000004
253,1.0200000000000007
253,0.0
253,0.0
253,0.0
253,0.0
253,0.0
253,0.0
253,0.0
253,0.0
253,0.0
253,0.6800000000000004
254,0.0
254,0.0
254,0.0
254,0.0
254,0.0
254,0.7600000000000003
254,0.0
254,0.6700000000000004
254,0.0
254,1.3150000000000008
254,0.0
254,0.0
254,0.0
254,0.0
254,0.0
254,2.5450000000000004
254,0.0
254,0.6600000000000004
254,0.0
254,0.0
254,0.0
254,0.0
254,0.0
254,0.0
254,0.0
254,0.0
254,0.0
254,0.6700000000000004
254,0.0
254,0.0
254,0.0
254,0.0
254,0.5450000000000003
254,0.0
254,0.05500000000000001
254,0.0
254,0.0
254,0.0
254,0.0
254,0.0
254,0.8800000000000006
254,0.0
254,0.0
254,0.0
254,0.0
254,0.0
254,0.7750000000000004
254,0.0
254,0.8850000000000005
254,2.6250000000000004
254,0.4200000000000002
254,0.065
254,0.0
254,0.0
254,0.0
254,0.0
254,0.0
254,0.0
254,0.0
254,0.6700000000000004
254,0.0
254,0.0
254,0.2850000000000001
254,1.445000000000001
254,0.0
254,0.05500000000000001
254,0.0
254,0.6700000000000004
254,0.0
254,0.0
254,0.0
254,0.5150000000000002
254,0.0
254,0.0
254,0.0
254,0.0
254,0.0
254,0.6700000000000004
254,0.0
254,0.0
254,0.0
254,0.0
254,0.6800000000000004
254,0.0
254,0.0
254,0.0
254,0.0
254,0.0
254,0.6600000000000004
254,1.0200000000000007
254,0.0
254,0.0
254,0.0
254,0.0
254,0.0
254,0.0
254,0.0
254,0.0
254,0.0
254,0.6800000000000004
255,0.0
255,0.0
255,0.0
255,0.0
255,0.0
255,0.7600000000000003
255,0.0
255,0.6700000000000004
255,0.0
255,1.3150000000000008
255,0.0
255,0.0
255,0.0
255,0.0
255,0.0
255,2.5450000000000004
255,0.0
255,0.6600000000000004
255,0.0
255,0.0
255,0.0
255,0.0
255,0.0
255,0.0
255,0.0
255,0.0
255,0.0
255,0.6700000000000004
255,0.0
255,0.0
255,0.0
255,0.0
255,0.5450000000000003
255,0.0
255,0.05500000000000001
255,0.0
255,0.0
255,0.0
255,0.0
255,0.0
255,0.8800000000000006
255,0.0
255,0.0
255,0.0
255,0.0
255,0.0
255,0.7750000000000004
255,0.0
255,0.8850000000000005
255,2.6250000000000004
255,0.4200000000000002
255,0.065
255,0.0
255,0.0
255,0.0
255,0.0
255,0.0
255,0.0
255,0.0
255,0.6700000000000004
255,0.0
255,0.0
255,0.2850000000000001
255,1.445000000000001
255,0.0
255,0.05500000000000001
255,0.0
255,0.6700000000000004
255,0.0
255,0.0
255,0.0
255,0.5150000000000002
255,0.0
255,0.0
255,0.0
255,0.0
255,0.0
255,0.6700000000000004
255,0.0
255,0.0
255,0.0
255,0.0
255,0.6800000000000004
255,0.0
255,0.0
255,0.0
255,0.0
255,0.0
255,0.6600000000000004
255,1.0200000000000007
255,0.0
255,0.0
255,0.0
255,0.0
255,0.0
255,0.0
255,0.0
255,0.0
255,0.0
255,0.6800000000000004
256,0.0
256,0.0
256,0.0
256,0.0
256,0.0
256,0.7600000000000003
256,0.0
256,0.6700000000000004
256,0.0
256,1.3150000000000008
256,0.0
256,0.0
256,0.0
256,0.0
256,0.0
256,2.5450000000000004
256,0.0
256,0.6600000000000004
256,0.0
256,0.0
256,0.0
256,0.0
256,0.0
256,0.0
256,0.0
256,0.0
256,0.0
256,0.6700000000000004
256,0.0
256,0.0
256,0.0
256,0.0
256,0.5450000000000003
256,0.0
256,0.05500000000000001
256,0.0
256,0.0
256,0.0
256,0.0
256,0.0
256,0.8800000000000006
256,0.0
256,0.0
256,0.0
256,0.0
256,0.0
256,0.7750000000000004
256,0.0
256,0.8850000000000005
256,2.6250000000000004
256,0.4200000000000002
256,0.065
256,0.0
256,0.0
256,0.0
256,0.0
256,0.0
256,0.0
256,0.0
256,0.6700000000000004
256,0.0
256,0.0
256,0.2850000000000001
256,1.445000000000001
256,0.0
256,0.05500000000000001
256,0.0
256,0.6700000000000004
256,0.0
256,0.0
256,0.0
256,0.5150000000000002
256,0.0
256,0.0
256,0.0
256,0.0
256,0.0
256,0.6700000000000004
256,0.0
256,0.0
256,0.0
256,0.0
256,0.6800000000000004
256,0.0
256,0.0
256,0.0
256,0.0
256,0.0
256,0.6600000000000004
256,1.0200000000000007
256,0.0
256,0.0
256,0.0
256,0.0
256,0.0
256,0.0
256,0.0
256,0.0
256,0.0
256,0.6800000000000004
257,0.0
257,0.0
257,0.0
257,0.0
257,0.0
257,0.7600000000000003
257,0.0
257,0.6700000000000004
257,0.0
257,1.3150000000000008
257,0.0
257,0.0
257,0.0
257,0.0
257,0.0
257,2.5450000000000004
257,0.0
257,0.6600000000000004
257,0.0
257,0.0
257,0.0
257,0.0
257,0.0
257,0.0
257,0.0
257,0.0
257,0.0
257,0.6700000000000004
257,0.0
257,0.0
257,0.0
257,0.0
257,0.5450000000000003
257,0.0
257,0.05500000000000001
257,0.0
257,0.0
257,0.0
257,0.0
257,0.0
257,0.8800000000000006
257,0.0
257,0.0
257,0.0
257,0.0
257,0.0
257,0.7750000000000004
257,0.0
257,0.8850000000000005
257,2.6250000000000004
257,0.4200000000000002
257,0.065
257,0.0
257,0.0
257,0.0
257,0.0
257,0.0
257,0.0
257,0.0
257,0.6700000000000004
257,0.0
257,0.0
257,0.2850000000000001
257,1.445000000000001
257,0.0
257,0.05500000000000001
257,0.0
257,0.6700000000000004
257,0.0
257,0.0
257,0.0
257,0.5150000000000002
257,0.0
257,0.0
257,0.0
257,0.0
257,0.0
257,0.6700000000000004
257,0.0
257,0.0
257,0.0
257,0.0
257,0.6800000000000004
257,0.0
257,0.0
257,0.0
257,0.0
257,0.0
257,0.6600000000000004
257,1.0200000000000007
257,0.0
257,0.0
257,0.0
257,0.0
257,0.0
257,0.0
257,0.0
257,0.0
257,0.0
257,0.6800000000000004
258,0.0
258,0.0
258,0.0
258,0.0
258,0.0
258,0.7600000000000003
258,0.0
258,0.6700000000000004
258,0.0
258,1.3150000000000008
258,0.0
258,0.0
258,0.0
258,0.0
258,0.0
258,2.5450000000000004
258,0.0
258,0.6600000000000004
258,0.0
258,0.0
258,0.0
258,0.0
258,0.0
258,0.0
258,0.0
258,0.0
258,0.0
258,0.6700000000000004
258,0.0
258,0.0
258,0.0
258,0.0
258,0.5450000000000003
258,0.0
258,0.05500000000000001
258,0.0
258,0.0
258,0.0
258,0.0
258,0.0
258,0.8800000000000006
258,0.0
258,0.0
258,0.0
258,0.0
258,0.0
258,0.7750000000000004
258,0.0
258,0.8850000000000005
258,2.6250000000000004
258,0.4200000000000002
258,0.065
258,0.0
258,0.0
258,0.0
258,0.0
258,0.0
258,0.0
258,0.0
258,0.6700000000000004
258,0.0
258,0.0
258,0.2850000000000001
258,1.445000000000001
258,0.0
258,0.05500000000000001
258,0.0
258,0.6700000000000004
258,0.0
258,0.0
258,0.0
258,0.5150000000000002
258,0.0
258,0.0
258,0.0
258,0.0
258,0.0
258,0.6700000000000004
258,0.0
258,0.0
258,0.0
258,0.0
258,0.6800000000000004
258,0.0
258,0.0
258,0.0
258,0.0
258,0.0
258,0.6600000000000004
258,1.0200000000000007
258,0.0
258,0.0
258,0.0
258,0.0
258,0.0
258,0.0
258,0.0
258,0.0
258,0.0
258,0.6800000000000004
259,0.0
259,0.0
259,0.0
259,0.0
259,0.0
259,0.7600000000000003
259,0.0
259,0.6700000000000004
259,0.0
259,1.3150000000000008
259,0.0
259,0.0
259,0.0
259,0.0
259,0.0
259,2.5450000000000004
259,0.0
259,0.6600000000000004
259,0.0
259,0.0
259,0.0
259,0.0
259,0.0
259,0.0
259,0.0
259,0.0
259,0.0
259,0.6700000000000004
259,0.0
259,0.0
259,0.0
259,0.0
259,0.5450000000000003
259,0.0
259,0.05500000000000001
259,0.0
259,0.0
259,0.0
259,0.0
259,0.0
259,0.8800000000000006
259,0.0
259,0.0
259,0.0
259,0.0
259,0.0
259,0.7750000000000004
259,0.0
259,0.8850000000000005
259,2.6250000000000004
259,0.4200000000000002
259,0.065
259,0.0
259,0.0
259,0.0
259,0.0
259,0.0
259,0.0
259,0.0
259,0.6700000000000004
259,0.0
259,0.0
259,0.2850000000000001
259,1.445000000000001
259,0.0
259,0.05500000000000001
259,0.0
259,0.6700000000000004
259,0.0
259,0.0
259,0.0
259,0.5150000000000002
259,0.0
259,0.0
259,0.0
259,0.0
259,0.0
259,0.6700000000000004
259,0.0
259,0.0
259,0.0
259,0.0
259,0.6800000000000004
259,0.0
259,0.0
259,0.0
259,0.0
259,0.0
259,0.6600000000000004
259,1.0200000000000007
259,0.0
259,0.0
259,0.0
259,0.0
259,0.0
259,0.0
259,0.0
259,0.0
259,0.0
259,0.6800000000000004
260,0.0
260,0.0
260,0.0
260,0.0
260,0.0
260,0.7600000000000003
260,0.0
260,0.6700000000000004
260,0.0
260,1.3150000000000008
260,0.0
260,0.0
260,0.0
260,0.0
260,0.0
260,2.5450000000000004
260,0.0
260,0.6600000000000004
260,0.0
260,0.0
260,0.0
260,0.0
260,0.0
260,0.0
260,0.0
260,0.0
260,0.0
260,0.6700000000000004
260,0.0
260,0.0
260,0.0
260,0.0
260,0.5450000000000003
260,0.0
260,0.05500000000000001
260,0.0
260,0.0
260,0.0
260,0.0
260,0.0
260,0.8800000000000006
260,0.0
260,0.0
260,0.0
260,0.0
260,0.0
260,0.7750000000000004
260,0.0
260,0.8850000000000005
260,2.6250000000000004
260,0.4200000000000002
260,0.065
260,0.0
260,0.0
260,0.0
260,0.0
260,0.0
260,0.0
260,0.0
260,0.6700000000000004
260,0.0
260,0.0
260,0.2850000000000001
260,1.445000000000001
260,0.0
260,0.05500000000000001
260,0.0
260,0.6700000000000004
260,0.0
260,0.0
260,0.0
260,0.5150000000000002
260,0.0
260,0.0
260,0.0
260,0.0
260,0.0
260,0.6700000000000004
260,0.0
260,0.0
260,0.0
260,0.0
260,0.6800000000000004
260,0.0
260,0.0
260,0.0
260,0.0
260,0.0
260,0.6600000000000004
260,1.0200000000000007
260,0.0
260,0.0
260,0.0
260,0.0
260,0.0
260,0.0
260,0.0
260,0.0
260,0.0
260,0.6800000000000004
261,0.0
261,0.0
261,0.0
261,0.0
261,0.0
261,0.7600000000000003
261,0.0
261,0.6700000000000004
261,0.0
261,1.3150000000000008
261,0.0
261,0.0
261,0.0
261,0.0
261,0.0
261,2.5450000000000004
261,0.0
261,0.6600000000000004
261,0.0
261,0.0
261,0.0
261,0.0
261,0.0
261,0.0
261,0.0
261,0.0
261,0.0
261,0.6700000000000004
261,0.0
261,0.0
261,0.0
261,0.0
261,0.5450000000000003
261,0.0
261,0.05500000000000001
261,0.0
261,0.0
261,0.0
261,0.0
261,0.0
261,0.8800000000000006
261,0.0
261,0.0
261,0.0
261,0.0
261,0.0
261,0.7750000000000004
261,0.0
261,0.8850000000000005
261,2.6250000000000004
261,0.4200000000000002
261,0.065
261,0.0
261,0.0
261,0.0
261,0.0
261,0.0
261,0.0
261,0.0
261,0.6700000000000004
261,0.0
261,0.0
261,0.2850000000000001
261,1.445000000000001
261,0.0
261,0.05500000000000001
261,0.0
261,0.6700000000000004
261,0.0
261,0.0
261,0.0
261,0.5150000000000002
261,0.0
261,0.0
261,0.0
261,0.0
261,0.0
261,0.6700000000000004
261,0.0
261,0.0
261,0.0
261,0.0
261,0.6800000000000004
261,0.0
261,0.0
261,0.0
261,0.0
261,0.0
261,0.6600000000000004
261,1.0200000000000007
261,0.0
261,0.0
261,0.0
261,0.0
261,0.0
261,0.0
261,0.0
261,0.0
261,0.0
261,0.6800000000000004
262,0.0
262,0.0
262,0.0
262,0.0
262,0.0
262,0.7600000000000003
262,0.0
262,0.6700000000000004
262,0.0
262,1.3150000000000008
262,0.0
262,0.0
262,0.0
262,0.0
262,0.0
262,2.5450000000000004
262,0.0
262,0.6600000000000004
262,0.0
262,0.0
262,0.0
262,0.0
262,0.0
262,0.0
262,0.0
262,0.0
262,0.0
262,0.6700000000000004
262,0.0
262,0.0
262,0.0
262,0.0
262,0.5450000000000003
262,0.0
262,0.05500000000000001
262,0.0
262,0.0
262,0.0
262,0.0
262,0.0
262,0.8800000000000006
262,0.0
262,0.0
262,0.0
262,0.0
262,0.0
262,0.7750000000000004
262,0.0
262,0.8850000000000005
262,2.6250000000000004
262,0.4200000000000002
262,0.065
262,0.0
262,0.0
262,0.0
262,0.0
262,0.0
262,0.0
262,0.0
262,0.6700000000000004
262,0.0
262,0.0
262,0.2850000000000001
262,1.445000000000001
262,0.0
262,0.05500000000000001
262,0.0
262,0.6700000000000004
262,0.0
262,0.0
262,0.0
262,0.5150000000000002
262,0.0
262,0.0
262,0.0
262,0.0
262,0.0
262,0.6700000000000004
262,0.0
262,0.0
262,0.0
262,0.0
262,0.6800000000000004
262,0.0
262,0.0
262,0.0
262,0.0
262,0.0
262,0.6600000000000004
262,1.0200000000000007
262,0.0
262,0.0
262,0.0
262,0.0
262,0.0
262,0.0
262,0.0
262,0.0
262,0.0
262,0.6800000000000004
263,0.0
263,0.0
263,0.0
263,0.0
263,0.0
263,0.7600000000000003
263,0.0
263,0.6700000000000004
263,0.0
263,1.3150000000000008
263,0.0
263,0.0
263,0.0
263,0.0
263,0.0
263,2.5450000000000004
263,0.0
263,0.6600000000000004
263,0.0
263,0.0
263,0.0
263,0.0
263,0.0
263,0.0
263,0.0
263,0.0
263,0.0
263,0.6700000000000004
263,0.0
263,0.0
263,0.0
263,0.0
263,0.5450000000000003
263,0.0
263,0.05500000000000001
263,0.0
263,0.0
263,0.0
263,0.0
263,0.0
263,0.8800000000000006
263,0.0
263,0.0
263,0.0
263,0.0
263,0.0
263,0.7750000000000004
263,0.0
263,0.8850000000000005
263,2.6250000000000004
263,0.4200000000000002
263,0.065
263,0.0
263,0.0
263,0.0
263,0.0
263,0.0
263,0.0
263,0.0
263,0.6700000000000004
263,0.0
263,0.0
263,0.2850000000000001
263,1.445000000000001
263,0.0
263,0.05500000000000001
263,0.0
263,0.6700000000000004
263,0.0
263,0.0
263,0.0
263,0.5150000000000002
263,0.0
263,0.0
263,0.0
263,0.0
263,0.0
263,0.6700000000000004
263,0.0
263,0.0
263,0.0
263,0.0
263,0.6800000000000004
263,0.0
263,0.0
263,0.0
263,0.0
263,0.0
263,0.6600000000000004
263,1.0200000000000007
263,0.0
263,0.0
263,0.0
263,0.0
263,0.0
263,0.0
263,0.0
263,0.0
263,0.0
263,0.6800000000000004
264,0.0
264,0.0
264,0.0
264,0.0
264,0.0
264,0.7600000000000003
264,0.0
264,0.6700000000000004
264,0.0
264,1.3150000000000008
264,0.0
264,0.0
264,0.0
264,0.0
264,0.0
264,2.5450000000000004
264,0.0
264,0.6600000000000004
264,0.0
264,0.0
264,0.0
264,0.0
264,0.0
264,0.0
264,0.0
264,0.0
264,0.0
264,0.6700000000000004
264,0.0
264,0.0
264,0.0
264,0.0
264,0.5450000000000003
264,0.0
264,0.05500000000000001
264,0.0
264,0.0
264,0.0
264,0.0
264,0.0
264,0.8800000000000006
264,0.0
264,0.0
264,0.0
264,0.0
264,0.0
264,0.7750000000000004
264,0.0
264,0.8850000000000005
264,2.6250000000000004
264,0.4200000000000002
264,0.065
264,0.0
264,0.0
264,0.0
264,0.0
264,0.0
264,0.0
264,0.0
264,0.6700000000000004
264,0.0
264,0.0
264,0.2850000000000001
264,1.445000000000001
264,0.0
264,0.05500000000000001
264,0.0
264,0.6700000000000004
264,0.0
264,0.0
264,0.0
264,0.5150000000000002
264,0.0
264,0.0
264,0.0
264,0.0
264,0.0
264,0.6700000000000004
264,0.0
264,0.0
264,0.0
264,0.0
264,0.6800000000000004
264,0.0
264,0.0
264,0.0
264,0.0
264,0.0
264,0.6600000000000004
264,1.0200000000000007
264,0.0
264,0.0
264,0.0
264,0.0
264,0.0
264,0.0
264,0.0
264,0.0
264,0.0
264,0.6800000000000004
265,0.0
265,0.0
265,0.0
265,0.0
265,0.0
265,0.7600000000000003
265,0.0
265,0.6700000000000004
265,0.0
265,1.3150000000000008
265,0.0
265,0.0
265,0.0
265,0.0
265,0.0
265,2.5450000000000004
265,0.0
265,0.6600000000000004
265,0.0
265,0.0
265,0.0
265,0.0
265,0.0
265,0.0
265,0.0
265,0.0
265,0.0
265,0.6700000000000004
265,0.0
265,0.0
265,0.0
265,0.0
265,0.5450000000000003
265,0.0
265,0.05500000000000001
265,0.0
265,0.0
265,0.0
265,0.0
265,0.0
265,0.8800000000000006
265,0.0
265,0.0
265,0.0
265,0.0
265,0.0
265,0.7750000000000004
265,0.0
265,0.8850000000000005
265,2.6250000000000004
265,0.4200000000000002
265,0.065
265,0.0
265,0.0
265,0.0
265,0.0
265,0.0
265,0.0
265,0.0
265,0.6700000000000004
265,0.0
265,0.0
265,0.2850000000000001
265,1.445000000000001
265,0.0
265,0.05500000000000001
265,0.0
265,0.6700000000000004
265,0.0
265,0.0
265,0.0
265,0.5150000000000002
265,0.0
265,0.0
265,0.0
265,0.0
265,0.0
265,0.6700000000000004
265,0.0
265,0.0
265,0.0
265,0.0
265,0.6800000000000004
265,0.0
265,0.0
265,0.0
265,0.0
265,0.0
265,0.6600000000000004
265,1.0200000000000007
265,0.0
265,0.0
265,0.0
265,0.0
265,0.0
265,0.0
265,0.0
265,0.0
265,0.0
265,0.6800000000000004
266,0.0
266,0.0
266,0.0
266,0.0
266,0.0
266,0.7600000000000003
266,0.0
266,0.6700000000000004
266,0.0
266,1.3150000000000008
266,0.0
266,0.0
266,0.0
266,0.0
266,0.0
266,2.5450000000000004
266,0.0
266,0.6600000000000004
266,0.0
266,0.0
266,0.0
266,0.0
266,0.0
266,0.0
266,0.0
266,0.0
266,0.0
266,0.6700000000000004
266,0.0
266,0.0
266,0.0
266,0.0
266,0.5450000000000003
266,0.0
266,0.05500000000000001
266,0.0
266,0.0
266,0.0
266,0.0
266,0.0
266,0.8800000000000006
266,0.0
266,0.0
266,0.0
266,0.0
266,0.0
266,0.7750000000000004
266,0.0
266,0.8850000000000005
266,2.6250000000000004
266,0.4200000000000002
266,0.065
266,0.0
266,0.0
266,0.0
266,0.0
266,0.0
266,0.0
266,0.0
266,0.6700000000000004
266,0.0
266,0.0
266,0.2850000000000001
266,1.445000000000001
266,0.0
266,0.05500000000000001
266,0.0
266,0.6700000000000004
266,0.0
266,0.0
266,0.0
266,0.5150000000000002
266,0.0
266,0.0
266,0.0
266,0.0
266,0.0
266,0.6700000000000004
266,0.0
266,0.0
266,0.0
266,0.0
266,0.6800000000000004
266,0.0
266,0.0
266,0.0
266,0.0
266,0.0
266,0.6600000000000004
266,1.0200000000000007
266,0.0
266,0.0
266,0.0
266,0.0
266,0.0
266,0.0
266,0.0
266,0.0
266,0.0
266,0.6800000000000004
267,0.0
267,0.0
267,0.0
267,0.0
267,0.0
267,0.7600000000000003
267,0.0
267,0.6700000000000004
267,0.0
267,1.3150000000000008
267,0.0
267,0.0
267,0.0
267,0.0
267,0.0
267,2.5450000000000004
267,0.0
267,0.6600000000000004
267,0.0
267,0.0
267,0.0
267,0.0
267,0.0
267,0.0
267,0.0
267,0.0
267,0.0
267,0.6700000000000004
267,0.0
267,0.0
267,0.0
267,0.0
267,0.5450000000000003
267,0.0
267,0.05500000000000001
267,0.0
267,0.0
267,0.0
267,0.0
267,0.0
267,0.8800000000000006
267,0.0
267,0.0
267,0.0
267,0.0
267,0.0
267,0.7750000000000004
267,0.0
267,0.8850000000000005
267,2.6250000000000004
267,0.4200000000000002
267,0.065
267,0.0
267,0.0
267,0.0
267,0.0
267,0.0
267,0.0
267,0.0
267,0.6700000000000004
267,0.0
267,0.0
267,0.2850000000000001
267,1.445000000000001
267,0.0
267,0.05500000000000001
267,0.0
267,0.6700000000000004
267,0.0
267,0.0
267,0.0
267,0.5150000000000002
267,0.0
267,0.0
267,0.0
267,0.0
267,0.0
267,0.6700000000000004
267,0.0
267,0.0
267,0.0
267,0.0
267,0.6800000000000004
267,0.0
267,0.0
267,0.0
267,0.0
267,0.0
267,0.6600000000000004
267,1.0200000000000007
267,0.0
267,0.0
267,0.0
267,0.0
267,0.0
267,0.0
267,0.0
267,0.0
267,0.0
267,0.6800000000000004
268,0.0
268,0.0
268,0.0
268,0.0
268,0.0
268,0.7600000000000003
268,0.0
268,0.6700000000000004
268,0.0
268,1.3150000000000008
268,0.0
268,0.0
268,0.0
268,0.0
268,0.0
268,2.5450000000000004
268,0.0
268,0.6600000000000004
268,0.0
268,0.0
268,0.0
268,0.0
268,0.0
268,0.0
268,0.0
268,0.0
268,0.0
268,0.6700000000000004
268,0.0
268,0.0
268,0.0
268,0.0
268,0.5450000000000003
268,0.0
268,0.05500000000000001
268,0.0
268,0.0
268,0.0
268,0.0
268,0.0
268,0.8800000000000006
268,0.0
268,0.0
268,0.0
268,0.0
268,0.0
268,0.7750000000000004
268,0.0
268,0.8850000000000005
268,2.6250000000000004
268,0.4200000000000002
268,0.065
268,0.0
268,0.0
268,0.0
268,0.0
268,0.0
268,0.0
268,0.0
268,0.6700000000000004
268,0.0
268,0.0
268,0.2850000000000001
268,1.445000000000001
268,0.0
268,0.05500000000000001
268,0.0
268,0.6700000000000004
268,0.0
268,0.0
268,0.0
268,0.5150000000000002
268,0.0
268,0.0
268,0.0
268,0.0
268,0.0
268,0.6700000000000004
268,0.0
268,0.0
268,0.0
268,0.0
268,0.6800000000000004
268,0.0
268,0.0
268,0.0
268,0.0
268,0.0
268,0.6600000000000004
268,1.0200000000000007
268,0.0
268,0.0
268,0.0
268,0.0
268,0.0
268,0.0
268,0.0
268,0.0
268,0.0
268,0.6800000000000004
269,0.0
269,0.0
269,0.0
269,0.0
269,0.0
269,0.7600000000000003
269,0.0
269,0.6700000000000004
269,0.0
269,1.3150000000000008
269,0.0
269,0.0
269,0.0
269,0.0
269,0.0
269,2.5450000000000004
269,0.0
269,0.6600000000000004
269,0.0
269,0.0
269,0.0
269,0.0
269,0.0
269,0.0
269,0.0
269,0.0
269,0.0
269,0.6700000000000004
269,0.0
269,0.0
269,0.0
269,0.0
269,0.5450000000000003
269,0.0
269,0.05500000000000001
269,0.0
269,0.0
269,0.0
269,0.0
269,0.0
269,0.8800000000000006
269,0.0
269,0.0
269,0.0
269,0.0
269,0.0
269,0.7750000000000004
269,0.0
269,0.8850000000000005
269,2.6250000000000004
269,0.4200000000000002
269,0.065
269,0.0
269,0.0
269,0.0
269,0.0
269,0.0
269,0.0
269,0.0
269,0.6700000000000004
269,0.0
269,0.0
269,0.2850000000000001
269,1.445000000000001
269,0.0
269,0.05500000000000001
269,0.0
269,0.6700000000000004
269,0.0
269,0.0
269,0.0
269,0.5150000000000002
269,0.0
269,0.0
269,0.0
269,0.0
269,0.0
269,0.6700000000000004
269,0.0
269,0.0
269,0.0
269,0.0
269,0.6800000000000004
269,0.0
269,0.0
269,0.0
269,0.0
269,0.0
269,0.6600000000000004
269,1.0200000000000007
269,0.0
269,0.0
269,0.0
269,0.0
269,0.0
269,0.0
269,0.0
269,0.0
269,0.0
269,0.6800000000000004
270,0.0
270,0.0
270,0.0
270,0.0
270,0.0
270,0.7600000000000003
270,0.0
270,0.6700000000000004
270,0.0
270,1.3150000000000008
270,0.0
270,0.0
270,0.0
270,0.0
270,0.0
270,2.5450000000000004
270,0.0
270,0.6600000000000004
270,0.0
270,0.0
270,0.0
270,0.0
270,0.0
270,0.0
270,0.0
270,0.0
270,0.0
270,0.6700000000000004
270,0.0
270,0.0
270,0.0
270,0.0
270,0.5450000000000003
270,0.0
270,0.05500000000000001
270,0.0
270,0.0
270,0.0
270,0.0
270,0.0
270,0.8800000000000006
270,0.0
270,0.0
270,0.0
270,0.0
270,0.0
270,0.7750000000000004
270,0.0
270,0.8850000000000005
270,2.6250000000000004
270,0.4200000000000002
270,0.065
270,0.0
270,0.0
270,0.0
270,0.0
270,0.0
270,0.0
270,0.0
270,0.6700000000000004
270,0.0
270,0.0
270,0.2850000000000001
270,1.445000000000001
270,0.0
270,0.05500000000000001
270,0.0
270,0.6700000000000004
270,0.0
270,0.0
270,0.0
270,0.5150000000000002
270,0.0
270,0.0
270,0.0
270,0.0
270,0.0
270,0.6700000000000004
270,0.0
270,0.0
270,0.0
270,0.0
270,0.6800000000000004
270,0.0
270,0.0
270,0.0
270,0.0
270,0.0
270,0.6600000000000004
270,1.0200000000000007
270,0.0
270,0.0
270,0.0
270,0.0
270,0.0
270,0.0
270,0.0
270,0.0
270,0.0
270,0.6800000000000004
271,0.0
271,0.0
271,0.0
271,0.0
271,0.0
271,0.7600000000000003
271,0.0
271,0.6700000000000004
271,0.0
271,1.3150000000000008
271,0.0
271,0.0
271,0.0
271,0.0
271,0.0
271,2.5450000000000004
271,0.0
271,0.6600000000000004
271,0.0
271,0.0
271,0.0
271,0.0
271,0.0
271,0.0
271,0.0
271,0.0
271,0.0
271,0.6700000000000004
271,0.0
271,0.0
271,0.0
271,0.0
271,0.5450000000000003
271,0.0
271,0.05500000000000001
271,0.0
271,0.0
271,0.0
271,0.0
271,0.0
271,0.8800000000000006
271,0.0
271,0.0
271,0.0
271,0.0
271,0.0
271,0.7750000000000004
271,0.0
271,0.8850000000000005
271,2.6250000000000004
271,0.4200000000000002
271,0.065
271,0.0
271,0.0
271,0.0
271,0.0
271,0.0
271,0.0
271,0.0
271,0.6700000000000004
271,0.0
271,0.0
271,0.2850000000000001
271,1.445000000000001
271,0.0
271,0.05500000000000001
271,0.0
271,0.6700000000000004
271,0.0
271,0.0
271,0.0
271,0.5150000000000002
271,0.0
271,0.0
271,0.0
271,0.0
271,0.0
271,0.6700000000000004
271,0.0
271,0.0
271,0.0
271,0.0
271,0.6800000000000004
271,0.0
271,0.0
271,0.0
271,0.0
271,0.0
271,0.6600000000000004
271,1.0200000000000007
271,0.0
271,0.0
271,0.0
271,0.0
271,0.0
271,0.0
271,0.0
271,0.0
271,0.0
271,0.6800000000000004
272,0.0
272,0.0
272,0.0
272,0.0
272,0.0
272,0.7600000000000003
272,0.0
272,0.6700000000000004
272,0.0
272,1.3150000000000008
272,0.0
272,0.0
272,0.0
272,0.0
272,0.0
272,2.5450000000000004
272,0.0
272,0.6600000000000004
272,0.0
272,0.0
272,0.0
272,0.0
272,0.0
272,0.0
272,0.0
272,0.0
272,0.0
272,0.6700000000000004
272,0.0
272,0.0
272,0.0
272,0.0
272,0.5450000000000003
272,0.0
272,0.05500000000000001
272,0.0
272,0.0
272,0.0
272,0.0
272,0.0
272,0.8800000000000006
272,0.0
272,0.0
272,0.0
272,0.0
272,0.0
272,0.7750000000000004
272,0.0
272,0.8850000000000005
272,2.6250000000000004
272,0.4200000000000002
272,0.065
272,0.0
272,0.0
272,0.0
272,0.0
272,0.0
272,0.0
272,0.0
272,0.6700000000000004
272,0.0
272,0.0
272,0.2850000000000001
272,1.445000000000001
272,0.0
272,0.05500000000000001
272,0.0
272,0.6700000000000004
272,0.0
272,0.0
272,0.0
272,0.5150000000000002
272,0.0
272,0.0
272,0.0
272,0.0
272,0.0
272,0.6700000000000004
272,0.0
272,0.0
272,0.0
272,0.0
272,0.6800000000000004
272,0.0
272,0.0
272,0.0
272,0.0
272,0.0
272,0.6600000000000004
272,1.0200000000000007
272,0.0
272,0.0
272,0.0
272,0.0
272,0.0
272,0.0
272,0.0
272,0.0
272,0.0
272,0.6800000000000004
273,0.0
273,0.0
273,0.0
273,0.0
273,0.0
273,0.7600000000000003
273,0.0
273,0.6700000000000004
273,0.0
273,1.3150000000000008
273,0.0
273,0.0
273,0.0
273,0.0
273,0.0
273,2.5450000000000004
273,0.0
273,0.6600000000000004
273,0.0
273,0.0
273,0.0
273,0.0
273,0.0
273,0.0
273,0.0
273,0.0
273,0.0
273,0.6700000000000004
273,0.0
273,0.0
273,0.0
273,0.0
273,0.5450000000000003
273,0.0
273,0.05500000000000001
273,0.0
273,0.0
273,0.0
273,0.0
273,0.0
273,0.8800000000000006
273,0.0
273,0.0
273,0.0
273,0.0
273,0.0
273,0.7750000000000004
273,0.0
273,0.8850000000000005
273,2.6250000000000004
273,0.4200000000000002
273,0.065
273,0.0
273,0.0
273,0.0
273,0.0
273,0.0
273,0.0
273,0.0
273,0.6700000000000004
273,0.0
273,0.0
273,0.2850000000000001
273,1.445000000000001
273,0.0
273,0.05500000000000001
273,0.0
273,0.6700000000000004
273,0.0
273,0.0
273,0.0
273,0.5150000000000002
273,0.0
273,0.0
273,0.0
273,0.0
273,0.0
273,0.6700000000000004
273,0.0
273,0.0
273,0.0
273,0.0
273,0.6800000000000004
273,0.0
273,0.0
273,0.0
273,0.0
273,0.0
273,0.6600000000000004
273,1.0200000000000007
273,0.0
273,0.0
273,0.0
273,0.0
273,0.0
273,0.0
273,0.0
273,0.0
273,0.0
273,0.6800000000000004
274,0.0
274,0.0
274,0.0
274,0.0
274,0.0
274,0.7600000000000003
274,0.0
274,0.6700000000000004
274,0.0
274,1.3150000000000008
274,0.0
274,0.0
274,0.0
274,0.0
274,0.0
274,2.5450000000000004
274,0.0
274,0.6600000000000004
274,0.0
274,0.0
274,0.0
274,0.0
274,0.0
274,0.0
274,0.0
274,0.0
274,0.0
274,0.6700000000000004
274,0.0
274,0.0
274,0.0
274,0.0
274,0.5450000000000003
274,0.0
274,0.05500000000000001
274,0.0
274,0.0
274,0.0
274,0.0
274,0.0
274,0.8800000000000006
274,0.0
274,0.0
274,0.0
274,0.0
274,0.0
274,0.7750000000000004
274,0.0
274,0.8850000000000005
274,2.6250000000000004
274,0.4200000000000002
274,0.065
274,0.0
274,0.0
274,0.0
274,0.0
274,0.0
274,0.0
274,0.0
274,0.6700000000000004
274,0.0
274,0.0
274,0.2850000000000001
274,1.445000000000001
274,0.0
274,0.05500000000000001
274,0.0
274,0.6700000000000004
274,0.0
274,0.0
274,0.0
274,0.5150000000000002
274,0.0
274,0.0
274,0.0
274,0.0
274,0.0
274,0.6700000000000004
274,0.0
274,0.0
274,0.0
274,0.0
274,0.6800000000000004
274,0.0
274,0.0
274,0.0
274,0.0
274,0.0
274,0.6600000000000004
274,1.0200000000000007
274,0.0
274,0.0
274,0.0
274,0.0
274,0.0
274,0.0
274,0.0
274,0.0
274,0.0
274,0.6800000000000004
275,0.0
275,0.0
275,0.0
275,0.0
275,0.0
275,0.7600000000000003
275,0.0
275,0.6700000000000004
275,0.0
275,1.3150000000000008
275,0.0
275,0.0
275,0.0
275,0.0
275,0.0
275,2.5450000000000004
275,0.0
275,0.6600000000000004
275,0.0
275,0.0
275,0.0
275,0.0
275,0.0
275,0.0
275,0.0
275,0.0
275,0.0
275,0.6700000000000004
275,0.0
275,0.0
275,0.0
275,0.0
275,0.5450000000000003
275,0.0
275,0.05500000000000001
275,0.0
275,0.0
275,0.0
275,0.0
275,0.0
275,0.8800000000000006
275,0.0
275,0.0
275,0.0
275,0.0
275,0.0
275,0.7750000000000004
275,0.0
275,0.8850000000000005
275,2.6250000000000004
275,0.4200000000000002
275,0.065
275,0.0
275,0.0
275,0.0
275,0.0
275,0.0
275,0.0
275,0.0
275,0.6700000000000004
275,0.0
275,0.0
275,0.2850000000000001
275,1.445000000000001
275,0.0
275,0.05500000000000001
275,0.0
275,0.6700000000000004
275,0.0
275,0.0
275,0.0
275,0.5150000000000002
275,0.0
275,0.0
275,0.0
275,0.0
275,0.0
275,0.6700000000000004
275,0.0
275,0.0
275,0.0
275,0.0
275,0.6800000000000004
275,0.0
275,0.0
275,0.0
275,0.0
275,0.0
275,0.6600000000000004
275,1.0200000000000007
275,0.0
275,0.0
275,0.0
275,0.0
275,0.0
275,0.0
275,0.0
275,0.0
275,0.0
275,0.6800000000000004
276,0.0
276,0.0
276,0.0
276,0.0
276,0.0
276,0.7600000000000003
276,0.0
276,0.6700000000000004
276,0.0
276,1.3150000000000008
276,0.0
276,0.0
276,0.0
276,0.0
276,0.0
276,2.5450000000000004
276,0.0
276,0.6600000000000004
276,0.0
276,0.0
276,0.0
276,0.0
276,0.0
276,0.0
276,0.0
276,0.0
276,0.0
276,0.6700000000000004
276,0.0
276,0.0
276,0.0
276,0.0
276,0.5450000000000003
276,0.0
276,0.05500000000000001
276,0.0
276,0.0
276,0.0
276,0.0
276,0.0
276,0.8800000000000006
276,0.0
276,0.0
276,0.0
276,0.0
276,0.0
276,0.7750000000000004
276,0.0
276,0.8850000000000005
276,2.6250000000000004
276,0.4200000000000002
276,0.065
276,0.0
276,0.0
276,0.0
276,0.0
276,0.0
276,0.0
276,0.0
276,0.6700000000000004
276,0.0
276,0.0
276,0.2850000000000001
276,1.445000000000001
276,0.0
276,0.05500000000000001
276,0.0
276,0.6700000000000004
276,0.0
276,0.0
276,0.0
276,0.5150000000000002
276,0.0
276,0.0
276,0.0
276,0.0
276,0.0
276,0.6700000000000004
276,0.0
276,0.0
276,0.0
276,0.0
276,0.6800000000000004
276,0.0
276,0.0
276,0.0
276,0.0
276,0.0
276,0.6600000000000004
276,1.0200000000000007
276,0.0
276,0.0
276,0.0
276,0.0
276,0.0
276,0.0
276,0.0
276,0.0
276,0.0
276,0.6800000000000004
277,0.0
277,0.0
277,0.0
277,0.0
277,0.0
277,0.7600000000000003
277,0.0
277,0.6700000000000004
277,0.0
277,1.3150000000000008
277,0.0
277,0.0
277,0.0
277,0.0
277,0.0
277,2.5450000000000004
277,0.0
277,0.6600000000000004
277,0.0
277,0.0
277,0.0
277,0.0
277,0.0
277,0.0
277,0.0
277,0.0
277,0.0
277,0.6700000000000004
277,0.0
277,0.0
277,0.0
277,0.0
277,0.5450000000000003
277,0.0
277,0.05500000000000001
277,0.0
277,0.0
277,0.0
277,0.0
277,0.0
277,0.8800000000000006
277,0.0
277,0.0
277,0.0
277,0.0
277,0.0
277,0.7750000000000004
277,0.0
277,0.8850000000000005
277,2.6250000000000004
277,0.4200000000000002
277,0.065
277,0.0
277,0.0
277,0.0
277,0.0
277,0.0
277,0.0
277,0.0
277,0.6700000000000004
277,0.0
277,0.0
277,0.2850000000000001
277,1.445000000000001
277,0.0
277,0.05500000000000001
277,0.0
277,0.6700000000000004
277,0.0
277,0.0
277,0.0
277,0.5150000000000002
277,0.0
277,0.0
277,0.0
277,0.0
277,0.0
277,0.6700000000000004
277,0.0
277,0.0
277,0.0
277,0.0
277,0.6800000000000004
277,0.0
277,0.0
277,0.0
277,0.0
277,0.0
277,0.6600000000000004
277,1.0200000000000007
277,0.0
277,0.0
277,0.0
277,0.0
277,0.0
277,0.0
277,0.0
277,0.0
277,0.0
277,0.6800000000000004
278,0.0
278,0.0
278,0.0
278,0.0
278,0.0
278,0.7600000000000003
278,0.0
278,0.6700000000000004
278,0.0
278,1.3150000000000008
278,0.0
278,0.0
278,0.0
278,0.0
278,0.0
278,2.5450000000000004
278,0.0
278,0.6600000000000004
278,0.0
278,0.0
278,0.0
278,0.0
278,0.0
278,0.0
278,0.0
278,0.0
278,0.0
278,0.6700000000000004
278,0.0
278,0.0
278,0.0
278,0.0
278,0.5450000000000003
278,0.0
278,0.05500000000000001
278,0.0
278,0.0
278,0.0
278,0.0
278,0.0
278,0.8800000000000006
278,0.0
278,0.0
278,0.0
278,0.0
278,0.0
278,0.7750000000000004
278,0.0
278,0.8850000000000005
278,2.6250000000000004
278,0.4200000000000002
278,0.065
278,0.0
278,0.0
278,0.0
278,0.0
278,0.0
278,0.0
278,0.0
278,0.6700000000000004
278,0.0
278,0.0
278,0.2850000000000001
278,1.445000000000001
278,0.0
278,0.05500000000000001
278,0.0
278,0.6700000000000004
278,0.0
278,0.0
278,0.0
278,0.5150000000000002
278,0.0
278,0.0
278,0.0
278,0.0
278,0.0
278,0.6700000000000004
278,0.0
278,0.0
278,0.0
278,0.0
278,0.6800000000000004
278,0.0
278,0.0
278,0.0
278,0.0
278,0.0
278,0.6600000000000004
278,1.0200000000000007
278,0.0
278,0.0
278,0.0
278,0.0
278,0.0
278,0.0
278,0.0
278,0.0
278,0.0
278,0.6800000000000004
279,0.0
279,0.0
279,0.0
279,0.0
279,0.0
279,0.7600000000000003
279,0.0
279,0.6700000000000004
279,0.0
279,1.3150000000000008
279,0.0
279,0.0
279,0.0
279,0.0
279,0.0
279,2.5450000000000004
279,0.0
279,0.6600000000000004
279,0.0
279,0.0
279,0.0
279,0.0
279,0.0
279,0.0
279,0.0
279,0.0
279,0.0
279,0.6700000000000004
279,0.0
279,0.0
279,0.0
279,0.0
279,0.5450000000000003
279,0.0
279,0.05500000000000001
279,0.0
279,0.0
279,0.0
279,0.0
279,0.0
279,0.8800000000000006
279,0.0
279,0.0
279,0.0
279,0.0
279,0.0
279,0.7750000000000004
279,0.0
279,0.8850000000000005
279,2.6250000000000004
279,0.4200000000000002
279,0.065
279,0.0
279,0.0
279,0.0
279,0.0
279,0.0
279,0.0
279,0.0
279,0.6700000000000004
279,0.0
279,0.0
279,0.2850000000000001
279,1.445000000000001
279,0.0
279,0.05500000000000001
279,0.0
279,0.6700000000000004
279,0.0
279,0.0
279,0.0
279,0.5150000000000002
279,0.0
279,0.0
279,0.0
279,0.0
279,0.0
279,0.6700000000000004
279,0.0
279,0.0
279,0.0
279,0.0
279,0.6800000000000004
279,0.0
279,0.0
279,0.0
279,0.0
279,0.0
279,0.6600000000000004
279,1.0200000000000007
279,0.0
279,0.0
279,0.0
279,0.0
279,0.0
279,0.0
279,0.0
279,0.0
279,0.0
279,0.6800000000000004
280,0.0
280,0.0
280,0.0
280,0.0
280,0.0
280,0.7600000000000003
280,0.0
280,0.6700000000000004
280,0.0
280,1.3150000000000008
280,0.0
280,0.0
280,0.0
280,0.0
280,0.0
280,2.5450000000000004
280,0.0
280,0.6600000000000004
280,0.0
280,0.0
280,0.0
280,0.0
280,0.0
280,0.0
280,0.0
280,0.0
280,0.0
280,0.6700000000000004
280,0.0
280,0.0
280,0.0
280,0.0
280,0.5450000000000003
280,0.0
280,0.05500000000000001
280,0.0
280,0.0
280,0.0
280,0.0
280,0.0
280,0.8800000000000006
280,0.0
280,0.0
280,0.0
280,0.0
280,0.0
280,0.7750000000000004
280,0.0
280,0.8850000000000005
280,2.6250000000000004
280,0.4200000000000002
280,0.065
280,0.0
280,0.0
280,0.0
280,0.0
280,0.0
280,0.0
280,0.0
280,0.6700000000000004
280,0.0
280,0.0
280,0.2850000000000001
280,1.445000000000001
280,0.0
280,0.05500000000000001
280,0.0
280,0.6700000000000004
280,0.0
280,0.0
280,0.0
280,0.5150000000000002
280,0.0
280,0.0
280,0.0
280,0.0
280,0.0
280,0.6700000000000004
280,0.0
280,0.0
280,0.0
280,0.0
280,0.6800000000000004
280,0.0
280,0.0
280,0.0
280,0.0
280,0.0
280,0.6600000000000004
280,1.0200000000000007
280,0.0
280,0.0
280,0.0
280,0.0
280,0.0
280,0.0
280,0.0
280,0.0
280,0.0
280,0.6800000000000004
281,0.0
281,0.0
281,0.0
281,0.0
281,0.0
281,0.7600000000000003
281,0.0
281,0.6700000000000004
281,0.0
281,1.3150000000000008
281,0.0
281,0.0
281,0.0
281,0.0
281,0.0
281,2.5450000000000004
281,0.0
281,0.6600000000000004
281,0.0
281,0.0
281,0.0
281,0.0
281,0.0
281,0.0
281,0.0
281,0.0
281,0.0
281,0.6700000000000004
281,0.0
281,0.0
281,0.0
281,0.0
281,0.5450000000000003
281,0.0
281,0.05500000000000001
281,0.0
281,0.0
281,0.0
281,0.0
281,0.0
281,0.8800000000000006
281,0.0
281,0.0
281,0.0
281,0.0
281,0.0
281,0.7750000000000004
281,0.0
281,0.8850000000000005
281,2.6250000000000004
281,0.4200000000000002
281,0.065
281,0.0
281,0.0
281,0.0
281,0.0
281,0.0
281,0.0
281,0.0
281,0.6700000000000004
281,0.0
281,0.0
281,0.2850000000000001
281,1.445000000000001
281,0.0
281,0.05500000000000001
281,0.0
281,0.6700000000000004
281,0.0
281,0.0
281,0.0
281,0.5150000000000002
281,0.0
281,0.0
281,0.0
281,0.0
281,0.0
281,0.6700000000000004
281,0.0
281,0.0
281,0.0
281,0.0
281,0.6800000000000004
281,0.0
281,0.0
281,0.0
281,0.0
281,0.0
281,0.6600000000000004
281,1.0200000000000007
281,0.0
281,0.0
281,0.0
281,0.0
281,0.0
281,0.0
281,0.0
281,0.0
281,0.0
281,0.6800000000000004
282,0.0
282,0.0
282,0.0
282,0.0
282,0.0
282,0.7600000000000003
282,0.0
282,0.6700000000000004
282,0.0
282,1.3150000000000008
282,0.0
282,0.0
282,0.0
282,0.0
282,0.0
282,2.5450000000000004
282,0.0
282,0.6600000000000004
282,0.0
282,0.0
282,0.0
282,0.0
282,0.0
282,0.0
282,0.0
282,0.0
282,0.0
282,0.6700000000000004
282,0.0
282,0.0
282,0.0
282,0.0
282,0.5450000000000003
282,0.0
282,0.05500000000000001
282,0.0
282,0.0
282,0.0
282,0.0
282,0.0
282,0.8800000000000006
282,0.0
282,0.0
282,0.0
282,0.0
282,0.0
282,0.7750000000000004
282,0.0
282,0.8850000000000005
282,2.6250000000000004
282,0.4200000000000002
282,0.065
282,0.0
282,0.0
282,0.0
282,0.0
282,0.0
282,0.0
282,0.0
282,0.6700000000000004
282,0.0
282,0.0
282,0.2850000000000001
282,1.445000000000001
282,0.0
282,0.05500000000000001
282,0.0
282,0.6700000000000004
282,0.0
282,0.0
282,0.0
282,0.5150000000000002
282,0.0
282,0.0
282,0.0
282,0.0
282,0.0
282,0.6700000000000004
282,0.0
282,0.0
282,0.0
282,0.0
282,0.6800000000000004
282,0.0
282,0.0
282,0.0
282,0.0
282,0.0
282,0.6600000000000004
282,1.0200000000000007
282,0.0
282,0.0
282,0.0
282,0.0
282,0.0
282,0.0
282,0.0
282,0.0
282,0.0
282,0.6800000000000004
283,0.0
283,0.0
283,0.0
283,0.0
283,0.0
283,0.7600000000000003
283,0.0
283,0.6700000000000004
283,0.0
283,1.3150000000000008
283,0.0
283,0.0
283,0.0
283,0.0
283,0.0
283,2.5450000000000004
283,0.0
283,0.6600000000000004
283,0.0
283,0.0
283,0.0
283,0.0
283,0.0
283,0.0
283,0.0
283,0.0
283,0.0
283,0.6700000000000004
283,0.0
283,0.0
283,0.0
283,0.0
283,0.5450000000000003
283,0.0
283,0.05500000000000001
283,0.0
283,0.0
283,0.0
283,0.0
283,0.0
283,0.8800000000000006
283,0.0
283,0.0
283,0.0
283,0.0
283,0.0
283,0.7750000000000004
283,0.0
283,0.8850000000000005
283,2.6250000000000004
283,0.4200000000000002
283,0.065
283,0.0
283,0.0
283,0.0
283,0.0
283,0.0
283,0.0
283,0.0
283,0.6700000000000004
283,0.0
283,0.0
283,0.2850000000000001
283,1.445000000000001
283,0.0
283,0.05500000000000001
283,0.0
283,0.6700000000000004
283,0.0
283,0.0
283,0.0
283,0.5150000000000002
283,0.0
283,0.0
283,0.0
283,0.0
283,0.0
283,0.6700000000000004
283,0.0
283,0.0
283,0.0
283,0.0
283,0.6800000000000004
283,0.0
283,0.0
283,0.0
283,0.0
283,0.0
283,0.6600000000000004
283,1.0200000000000007
283,0.0
283,0.0
283,0.0
283,0.0
283,0.0
283,0.0
283,0.0
283,0.0
283,0.0
283,0.6800000000000004
284,0.0
284,0.0
284,0.0
284,0.0
284,0.0
284,0.7600000000000003
284,0.0
284,0.6700000000000004
284,0.0
284,1.3150000000000008
284,0.0
284,0.0
284,0.0
284,0.0
284,0.0
284,2.5450000000000004
284,0.0
284,0.6600000000000004
284,0.0
284,0.0
284,0.0
284,0.0
284,0.0
284,0.0
284,0.0
284,0.0
284,0.0
284,0.6700000000000004
284,0.0
284,0.0
284,0.0
284,0.0
284,0.5450000000000003
284,0.0
284,0.05500000000000001
284,0.0
284,0.0
284,0.0
284,0.0
284,0.0
284,0.8800000000000006
284,0.0
284,0.0
284,0.0
284,0.0
284,0.0
284,0.7750000000000004
284,0.0
284,0.8850000000000005
284,2.6250000000000004
284,0.4200000000000002
284,0.065
284,0.0
284,0.0
284,0.0
284,0.0
284,0.0
284,0.0
284,0.0
284,0.6700000000000004
284,0.0
284,0.0
284,0.2850000000000001
284,1.445000000000001
284,0.0
284,0.05500000000000001
284,0.0
284,0.6700000000000004
284,0.0
284,0.0
284,0.0
284,0.5150000000000002
284,0.0
284,0.0
284,0.0
284,0.0
284,0.0
284,0.6700000000000004
284,0.0
284,0.0
284,0.0
284,0.0
284,0.6800000000000004
284,0.0
284,0.0
284,0.0
284,0.0
284,0.0
284,0.6600000000000004
284,1.0200000000000007
284,0.0
284,0.0
284,0.0
284,0.0
284,0.0
284,0.0
284,0.0
284,0.0
284,0.0
284,0.6800000000000004
285,0.0
285,0.0
285,0.0
285,0.0
285,0.0
285,0.7600000000000003
285,0.0
285,0.6700000000000004
285,0.0
285,1.3150000000000008
285,0.0
285,0.0
285,0.0
285,0.0
285,0.0
285,2.5450000000000004
285,0.0
285,0.6600000000000004
285,0.0
285,0.0
285,0.0
285,0.0
285,0.0
285,0.0
285,0.0
285,0.0
285,0.0
285,0.6700000000000004
285,0.0
285,0.0
285,0.0
285,0.0
285,0.5450000000000003
285,0.0
285,0.05500000000000001
285,0.0
285,0.0
285,0.0
285,0.0
285,0.0
285,0.8800000000000006
285,0.0
285,0.0
285,0.0
285,0.0
285,0.0
285,0.7750000000000004
285,0.0
285,0.8850000000000005
285,2.6250000000000004
285,0.4200000000000002
285,0.065
285,0.0
285,0.0
285,0.0
285,0.0
285,0.0
285,0.0
285,0.0
285,0.6700000000000004
285,0.0
285,0.0
285,0.2850000000000001
285,1.445000000000001
285,0.0
285,0.05500000000000001
285,0.0
285,0.6700000000000004
285,0.0
285,0.0
285,0.0
285,0.5150000000000002
285,0.0
285,0.0
285,0.0
285,0.0
285,0.0
285,0.6700000000000004
285,0.0
285,0.0
285,0.0
285,0.0
285,0.6800000000000004
285,0.0
285,0.0
285,0.0
285,0.0
285,0.0
285,0.6600000000000004
285,1.0200000000000007
285,0.0
285,0.0
285,0.0
285,0.0
285,0.0
285,0.0
285,0.0
285,0.0
285,0.0
285,0.6800000000000004
286,0.0
286,0.0
286,0.0
286,0.0
286,0.0
286,0.7600000000000003
286,0.0
286,0.6700000000000004
286,0.0
286,1.3150000000000008
286,0.0
286,0.0
286,0.0
286,0.0
286,0.0
286,2.5450000000000004
286,0.0
286,0.6600000000000004
286,0.0
286,0.0
286,0.0
286,0.0
286,0.0
286,0.0
286,0.0
286,0.0
286,0.0
286,0.6700000000000004
286,0.0
286,0.0
286,0.0
286,0.0
286,0.5450000000000003
286,0.0
286,0.05500000000000001
286,0.0
286,0.0
286,0.0
286,0.0
286,0.0
286,0.8800000000000006
286,0.0
286,0.0
286,0.0
286,0.0
286,0.0
286,0.7750000000000004
286,0.0
286,0.8850000000000005
286,2.6250000000000004
286,0.4200000000000002
286,0.065
286,0.0
286,0.0
286,0.0
286,0.0
286,0.0
286,0.0
286,0.0
286,0.6700000000000004
286,0.0
286,0.0
286,0.2850000000000001
286,1.445000000000001
286,0.0
286,0.05500000000000001
286,0.0
286,0.6700000000000004
286,0.0
286,0.0
286,0.0
286,0.5150000000000002
286,0.0
286,0.0
286,0.0
286,0.0
286,0.0
286,0.6700000000000004
286,0.0
286,0.0
286,0.0
286,0.0
286,0.6800000000000004
286,0.0
286,0.0
286,0.0
286,0.0
286,0.0
286,0.6600000000000004
286,1.0200000000000007
286,0.0
286,0.0
286,0.0
286,0.0
286,0.0
286,0.0
286,0.0
286,0.0
286,0.0
286,0.6800000000000004
287,0.0
287,0.0
287,0.0
287,0.0
287,0.0
287,0.7600000000000003
287,0.0
287,0.6700000000000004
287,0.0
287,1.3150000000000008
287,0.0
287,0.0
287,0.0
287,0.0
287,0.0
287,2.5450000000000004
287,0.0
287,0.6600000000000004
287,0.0
287,0.0
287,0.0
287,0.0
287,0.0
287,0.0
287,0.0
287,0.0
287,0.0
287,0.6700000000000004
287,0.0
287,0.0
287,0.0
287,0.0
287,0.5450000000000003
287,0.0
287,0.05500000000000001
287,0.0
287,0.0
287,0.0
287,0.0
287,0.0
287,0.8800000000000006
287,0.0
287,0.0
287,0.0
287,0.0
287,0.0
287,0.7750000000000004
287,0.0
287,0.8850000000000005
287,2.6250000000000004
287,0.4200000000000002
287,0.065
287,0.0
287,0.0
287,0.0
287,0.0
287,0.0
287,0.0
287,0.0
287,0.6700000000000004
287,0.0
287,0.0
287,0.2850000000000001
287,1.445000000000001
287,0.0
287,0.05500000000000001
287,0.0
287,0.6700000000000004
287,0.0
287,0.0
287,0.0
287,0.5150000000000002
287,0.0
287,0.0
287,0.0
287,0.0
287,0.0
287,0.6700000000000004
287,0.0
287,0.0
287,0.0
287,0.0
287,0.6800000000000004
287,0.0
287,0.0
287,0.0
287,0.0
287,0.0
287,0.6600000000000004
287,1.0200000000000007
287,0.0
287,0.0
287,0.0
287,0.0
287,0.0
287,0.0
287,0.0
287,0.0
287,0.0
287,0.6800000000000004
288,0.0
288,0.0
288,0.0
288,0.0
288,0.0
288,0.7600000000000003
288,0.0
288,0.6700000000000004
288,0.0
288,1.3150000000000008
288,0.0
288,0.0
288,0.0
288,0.0
288,0.0
288,2.5450000000000004
288,0.0
288,0.6600000000000004
288,0.0
288,0.0
288,0.0
288,0.0
288,0.0
288,0.0
288,0.0
288,0.0
288,0.0
288,0.6700000000000004
288,0.0
288,0.0
288,0.0
288,0.0
288,0.5450000000000003
288,0.0
288,0.05500000000000001
288,0.0
288,0.0
288,0.0
288,0.0
288,0.0
288,0.8800000000000006
288,0.0
288,0.0
288,0.0
288,0.0
288,0.0
288,0.7750000000000004
288,0.0
288,0.8850000000000005
288,2.6250000000000004
288,0.4200000000000002
288,0.065
288,0.0
288,0.0
288,0.0
288,0.0
288,0.0
288,0.0
288,0.0
288,0.6700000000000004
288,0.0
288,0.0
288,0.2850000000000001
288,1.445000000000001
288,0.0
288,0.05500000000000001
288,0.0
288,0.6700000000000004
288,0.0
288,0.0
288,0.0
288,0.5150000000000002
288,0.0
288,0.0
288,0.0
288,0.0
288,0.0
288,0.6700000000000004
288,0.0
288,0.0
288,0.0
288,0.0
288,0.6800000000000004
288,0.0
288,0.0
288,0.0
288,0.0
288,0.0
288,0.6600000000000004
288,1.0200000000000007
288,0.0
288,0.0
288,0.0
288,0.0
288,0.0
288,0.0
288,0.0
288,0.0
288,0.0
288,0.6800000000000004
289,0.0
289,0.0
289,0.0
289,0.0
289,0.0
289,0.7600000000000003
289,0.0
289,0.6700000000000004
289,0.0
289,1.3150000000000008
289,0.0
289,0.0
289,0.0
289,0.0
289,0.0
289,2.5450000000000004
289,0.0
289,0.6600000000000004
289,0.0
289,0.0
289,0.0
289,0.0
289,0.0
289,0.0
289,0.0
289,0.0
289,0.0
289,0.6700000000000004
289,0.0
289,0.0
289,0.0
289,0.0
289,0.5450000000000003
289,0.0
289,0.05500000000000001
289,0.0
289,0.0
289,0.0
289,0.0
289,0.0
289,0.8800000000000006
289,0.0
289,0.0
289,0.0
289,0.0
289,0.0
289,0.7750000000000004
289,0.0
289,0.8850000000000005
289,2.6250000000000004
289,0.4200000000000002
289,0.065
289,0.0
289,0.0
289,0.0
289,0.0
289,0.0
289,0.0
289,0.0
289,0.6700000000000004
289,0.0
289,0.0
289,0.2850000000000001
289,1.445000000000001
289,0.0
289,0.05500000000000001
289,0.0
289,0.6700000000000004
289,0.0
289,0.0
289,0.0
289,0.5150000000000002
289,0.0
289,0.0
289,0.0
289,0.0
289,0.0
289,0.6700000000000004
289,0.0
289,0.0
289,0.0
289,0.0
289,0.6800000000000004
289,0.0
289,0.0
289,0.0
289,0.0
289,0.0
289,0.6600000000000004
289,1.0200000000000007
289,0.0
289,0.0
289,0.0
289,0.0
289,0.0
289,0.0
289,0.0
289,0.0
289,0.0
289,0.6800000000000004
290,0.0
290,0.0
290,0.0
290,0.0
290,0.0
290,0.7600000000000003
290,0.0
290,0.6700000000000004
290,0.0
290,1.3150000000000008
290,0.0
290,0.0
290,0.0
290,0.0
290,0.0
290,2.5450000000000004
290,0.0
290,0.6600000000000004
290,0.0
290,0.0
290,0.0
290,0.0
290,0.0
290,0.0
290,0.0
290,0.0
290,0.0
290,0.6700000000000004
290,0.0
290,0.0
290,0.0
290,0.0
290,0.5450000000000003
290,0.0
290,0.05500000000000001
290,0.0
290,0.0
290,0.0
290,0.0
290,0.0
290,0.8800000000000006
290,0.0
290,0.0
290,0.0
290,0.0
290,0.0
290,0.7750000000000004
290,0.0
290,0.8850000000000005
290,2.6250000000000004
290,0.4200000000000002
290,0.065
290,0.0
290,0.0
290,0.0
290,0.0
290,0.0
290,0.0
290,0.0
290,0.6700000000000004
290,0.0
290,0.0
290,0.2850000000000001
290,1.445000000000001
290,0.0
290,0.05500000000000001
290,0.0
290,0.6700000000000004
290,0.0
290,0.0
290,0.0
290,0.5150000000000002
290,0.0
290,0.0
290,0.0
290,0.0
290,0.0
290,0.6700000000000004
290,0.0
290,0.0
290,0.0
290,0.0
290,0.6800000000000004
290,0.0
290,0.0
290,0.0
290,0.0
290,0.0
290,0.6600000000000004
290,1.0200000000000007
290,0.0
290,0.0
290,0.0
290,0.0
290,0.0
290,0.0
290,0.0
290,0.0
290,0.0
290,0.6800000000000004
291,0.0
291,0.0
291,0.0
291,0.0
291,0.0
291,0.7600000000000003
291,0.0
291,0.6700000000000004
291,0.0
291,1.3150000000000008
291,0.0
291,0.0
291,0.0
291,0.0
291,0.0
291,2.5450000000000004
291,0.0
291,0.6600000000000004
291,0.0
291,0.0
291,0.0
291,0.0
291,0.0
291,0.0
291,0.0
291,0.0
291,0.0
291,0.6700000000000004
291,0.0
291,0.0
291,0.0
291,0.0
291,0.5450000000000003
291,0.0
291,0.05500000000000001
291,0.0
291,0.0
291,0.0
291,0.0
291,0.0
291,0.8800000000000006
291,0.0
291,0.0
291,0.0
291,0.0
291,0.0
291,0.7750000000000004
291,0.0
291,0.8850000000000005
291,2.6250000000000004
291,0.4200000000000002
291,0.065
291,0.0
291,0.0
291,0.0
291,0.0
291,0.0
291,0.0
291,0.0
291,0.6700000000000004
291,0.0
291,0.0
291,0.2850000000000001
291,1.445000000000001
291,0.0
291,0.05500000000000001
291,0.0
291,0.6700000000000004
291,0.0
291,0.0
291,0.0
291,0.5150000000000002
291,0.0
291,0.0
291,0.0
291,0.0
291,0.0
291,0.6700000000000004
291,0.0
291,0.0
291,0.0
291,0.0
291,0.6800000000000004
291,0.0
291,0.0
291,0.0
291,0.0
291,0.0
291,0.6600000000000004
291,1.0200000000000007
291,0.0
291,0.0
291,0.0
291,0.0
291,0.0
291,0.0
291,0.0
291,0.0
291,0.0
291,0.6800000000000004
292,0.0
292,0.0
292,0.0
292,0.0
292,0.0
292,0.7600000000000003
292,0.0
292,0.6700000000000004
292,0.0
292,1.3150000000000008
292,0.0
292,0.0
292,0.0
292,0.0
292,0.0
292,2.5450000000000004
292,0.0
292,0.6600000000000004
292,0.0
292,0.0
292,0.0
292,0.0
292,0.0
292,0.0
292,0.0
292,0.0
292,0.0
292,0.6700000000000004
292,0.0
292,0.0
292,0.0
292,0.0
292,0.5450000000000003
292,0.0
292,0.05500000000000001
292,0.0
292,0.0
292,0.0
292,0.0
292,0.0
292,0.8800000000000006
292,0.0
292,0.0
292,0.0
292,0.0
292,0.0
292,0.7750000000000004
292,0.0
292,0.8850000000000005
292,2.6250000000000004
292,0.4200000000000002
292,0.065
292,0.0
292,0.0
292,0.0
292,0.0
292,0.0
292,0.0
292,0.0
292,0.6700000000000004
292,0.0
292,0.0
292,0.2850000000000001
292,1.445000000000001
292,0.0
292,0.05500000000000001
292,0.0
292,0.6700000000000004
292,0.0
292,0.0
292,0.0
292,0.5150000000000002
292,0.0
292,0.0
292,0.0
292,0.0
292,0.0
292,0.6700000000000004
292,0.0
292,0.0
292,0.0
292,0.0
292,0.6800000000000004
292,0.0
292,0.0
292,0.0
292,0.0
292,0.0
292,0.6600000000000004
292,1.0200000000000007
292,0.0
292,0.0
292,0.0
292,0.0
292,0.0
292,0.0
292,0.0
292,0.0
292,0.0
292,0.6800000000000004
293,0.0
293,0.0
293,0.0
293,0.0
293,0.0
293,0.7600000000000003
293,0.0
293,0.6700000000000004
293,0.0
293,1.3150000000000008
293,0.0
293,0.0
293,0.0
293,0.0
293,0.0
293,2.5450000000000004
293,0.0
293,0.6600000000000004
293,0.0
293,0.0
293,0.0
293,0.0
293,0.0
293,0.0
293,0.0
293,0.0
293,0.0
293,0.6700000000000004
293,0.0
293,0.0
293,0.0
293,0.0
293,0.5450000000000003
293,0.0
293,0.05500000000000001
293,0.0
293,0.0
293,0.0
293,0.0
293,0.0
293,0.8800000000000006
293,0.0
293,0.0
293,0.0
293,0.0
293,0.0
293,0.7750000000000004
293,0.0
293,0.8850000000000005
293,2.6250000000000004
293,0.4200000000000002
293,0.065
293,0.0
293,0.0
293,0.0
293,0.0
293,0.0
293,0.0
293,0.0
293,0.6700000000000004
293,0.0
293,0.0
293,0.2850000000000001
293,1.445000000000001
293,0.0
293,0.05500000000000001
293,0.0
293,0.6700000000000004
293,0.0
293,0.0
293,0.0
293,0.5150000000000002
293,0.0
293,0.0
293,0.0
293,0.0
293,0.0
293,0.6700000000000004
293,0.0
293,0.0
293,0.0
293,0.0
293,0.6800000000000004
293,0.0
293,0.0
293,0.0
293,0.0
293,0.0
293,0.6600000000000004
293,1.0200000000000007
293,0.0
293,0.0
293,0.0
293,0.0
293,0.0
293,0.0
293,0.0
293,0.0
293,0.0
293,0.6800000000000004
294,0.0
294,0.0
294,0.0
294,0.0
294,0.0
294,0.7600000000000003
294,0.0
294,0.6700000000000004
294,0.0
294,1.3150000000000008
294,0.0
294,0.0
294,0.0
294,0.0
294,0.0
294,2.5450000000000004
294,0.0
294,0.6600000000000004
294,0.0
294,0.0
294,0.0
294,0.0
294,0.0
294,0.0
294,0.0
294,0.0
294,0.0
294,0.6700000000000004
294,0.0
294,0.0
294,0.0
294,0.0
294,0.5450000000000003
294,0.0
294,0.05500000000000001
294,0.0
294,0.0
294,0.0
294,0.0
294,0.0
294,0.8800000000000006
294,0.0
294,0.0
294,0.0
294,0.0
294,0.0
294,0.7750000000000004
294,0.0
294,0.8850000000000005
294,2.6250000000000004
294,0.4200000000000002
294,0.065
294,0.0
294,0.0
294,0.0
294,0.0
294,0.0
294,0.0
294,0.0
294,0.6700000000000004
294,0.0
294,0.0
294,0.2850000000000001
294,1.445000000000001
294,0.0
294,0.05500000000000001
294,0.0
294,0.6700000000000004
294,0.0
294,0.0
294,0.0
294,0.5150000000000002
294,0.0
294,0.0
294,0.0
294,0.0
294,0.0
294,0.6700000000000004
294,0.0
294,0.0
294,0.0
294,0.0
294,0.6800000000000004
294,0.0
294,0.0
294,0.0
294,0.0
294,0.0
294,0.6600000000000004
294,1.0200000000000007
294,0.0
294,0.0
294,0.0
294,0.0
294,0.0
294,0.0
294,0.0
294,0.0
294,0.0
294,0.6800000000000004
295,0.0
295,0.0
295,0.0
295,0.0
295,0.0
295,0.7600000000000003
295,0.0
295,0.6700000000000004
295,0.0
295,1.3150000000000008
295,0.0
295,0.0
295,0.0
295,0.0
295,0.0
295,2.5450000000000004
295,0.0
295,0.6600000000000004
295,0.0
295,0.0
295,0.0
295,0.0
295,0.0
295,0.0
295,0.0
295,0.0
295,0.0
295,0.6700000000000004
295,0.0
295,0.0
295,0.0
295,0.0
295,0.5450000000000003
295,0.0
295,0.05500000000000001
295,0.0
295,0.0
295,0.0
295,0.0
295,0.0
295,0.8800000000000006
295,0.0
295,0.0
295,0.0
295,0.0
295,0.0
295,0.7750000000000004
295,0.0
295,0.8850000000000005
295,2.6250000000000004
295,0.4200000000000002
295,0.065
295,0.0
295,0.0
295,0.0
295,0.0
295,0.0
295,0.0
295,0.0
295,0.6700000000000004
295,0.0
295,0.0
295,0.2850000000000001
295,1.445000000000001
295,0.0
295,0.05500000000000001
295,0.0
295,0.6700000000000004
295,0.0
295,0.0
295,0.0
295,0.5150000000000002
295,0.0
295,0.0
295,0.0
295,0.0
295,0.0
295,0.6700000000000004
295,0.0
295,0.0
295,0.0
295,0.0
295,0.6800000000000004
295,0.0
295,0.0
295,0.0
295,0.0
295,0.0
295,0.6600000000000004
295,1.0200000000000007
295,0.0
295,0.0
295,0.0
295,0.0
295,0.0
295,0.0
295,0.0
295,0.0
295,0.0
295,0.6800000000000004
296,0.0
296,0.0
296,0.0
296,0.0
296,0.0
296,0.7600000000000003
296,0.0
296,0.6700000000000004
296,0.0
296,1.3150000000000008
296,0.0
296,0.0
296,0.0
296,0.0
296,0.0
296,2.5450000000000004
296,0.0
296,0.6600000000000004
296,0.0
296,0.0
296,0.0
296,0.0
296,0.0
296,0.0
296,0.0
296,0.0
296,0.0
296,0.6700000000000004
296,0.0
296,0.0
296,0.0
296,0.0
296,0.5450000000000003
296,0.0
296,0.05500000000000001
296,0.0
296,0.0
296,0.0
296,0.0
296,0.0
296,0.8800000000000006
296,0.0
296,0.0
296,0.0
296,0.0
296,0.0
296,0.7750000000000004
296,0.0
296,0.8850000000000005
296,2.6250000000000004
296,0.4200000000000002
296,0.065
296,0.0
296,0.0
296,0.0
296,0.0
296,0.0
296,0.0
296,0.0
296,0.6700000000000004
296,0.0
296,0.0
296,0.2850000000000001
296,1.445000000000001
296,0.0
296,0.05500000000000001
296,0.0
296,0.6700000000000004
296,0.0
296,0.0
296,0.0
296,0.5150000000000002
296,0.0
296,0.0
296,0.0
296,0.0
296,0.0
296,0.6700000000000004
296,0.0
296,0.0
296,0.0
296,0.0
296,0.6800000000000004
296,0.0
296,0.0
296,0.0
296,0.0
296,0.0
296,0.6600000000000004
296,1.0200000000000007
296,0.0
296,0.0
296,0.0
296,0.0
296,0.0
296,0.0
296,0.0
296,0.0
296,0.0
296,0.6800000000000004
297,0.0
297,0.0
297,0.0
297,0.0
297,0.0
297,0.7600000000000003
297,0.0
297,0.6700000000000004
297,0.0
297,1.3150000000000008
297,0.0
297,0.0
297,0.0
297,0.0
297,0.0
297,2.5450000000000004
297,0.0
297,0.6600000000000004
297,0.0
297,0.0
297,0.0
297,0.0
297,0.0
297,0.0
297,0.0
297,0.0
297,0.0
297,0.6700000000000004
297,0.0
297,0.0
297,0.0
297,0.0
297,0.5450000000000003
297,0.0
297,0.05500000000000001
297,0.0
297,0.0
297,0.0
297,0.0
297,0.0
297,0.8800000000000006
297,0.0
297,0.0
297,0.0
297,0.0
297,0.0
297,0.7750000000000004
297,0.0
297,0.8850000000000005
297,2.6250000000000004
297,0.4200000000000002
297,0.065
297,0.0
297,0.0
297,0.0
297,0.0
297,0.0
297,0.0
297,0.0
297,0.6700000000000004
297,0.0
297,0.0
297,0.2850000000000001
297,1.445000000000001
297,0.0
297,0.05500000000000001
297,0.0
297,0.6700000000000004
297,0.0
297,0.0
297,0.0
297,0.5150000000000002
297,0.0
297,0.0
297,0.0
297,0.0
297,0.0
297,0.6700000000000004
297,0.0
297,0.0
297,0.0
297,0.0
297,0.6800000000000004
297,0.0
297,0.0
297,0.0
297,0.0
297,0.0
297,0.6600000000000004
297,1.0200000000000007
297,0.0
297,0.0
297,0.0
297,0.0
297,0.0
297,0.0
297,0.0
297,0.0
297,0.0
297,0.6800000000000004
298,0.0
298,0.0
298,0.0
298,0.0
298,0.0
298,0.7600000000000003
298,0.0
298,0.6700000000000004
298,0.0
298,1.3150000000000008
298,0.0
298,0.0
298,0.0
298,0.0
298,0.0
298,2.5450000000000004
298,0.0
298,0.6600000000000004
298,0.0
298,0.0
298,0.0
298,0.0
298,0.0
298,0.0
298,0.0
298,0.0
298,0.0
298,0.6700000000000004
298,0.0
298,0.0
298,0.0
298,0.0
298,0.5450000000000003
298,0.0
298,0.05500000000000001
298,0.0
298,0.0
298,0.0
298,0.0
298,0.0
298,0.8800000000000006
298,0.0
298,0.0
298,0.0
298,0.0
298,0.0
298,0.7750000000000004
298,0.0
298,0.8850000000000005
298,2.6250000000000004
298,0.4200000000000002
298,0.065
298,0.0
298,0.0
298,0.0
298,0.0
298,0.0
298,0.0
298,0.0
298,0.6700000000000004
298,0.0
298,0.0
298,0.2850000000000001
298,1.445000000000001
298,0.0
298,0.05500000000000001
298,0.0
298,0.6700000000000004
298,0.0
298,0.0
298,0.0
298,0.5150000000000002
298,0.0
298,0.0
298,0.0
298,0.0
298,0.0
298,0.6700000000000004
298,0.0
298,0.0
298,0.0
298,0.0
298,0.6800000000000004
298,0.0
298,0.0
298,0.0
298,0.0
298,0.0
298,0.6600000000000004
298,1.0200000000000007
298,0.0
298,0.0
298,0.0
298,0.0
298,0.0
298,0.0
298,0.0
298,0.0
298,0.0
298,0.6800000000000004
299,0.0
299,0.0
299,0.0
299,0.0
299,0.0
299,0.7600000000000003
299,0.0
299,0.6700000000000004
299,0.0
299,1.3150000000000008
299,0.0
299,0.0
299,0.0
299,0.0
299,0.0
299,2.5450000000000004
299,0.0
299,0.6600000000000004
299,0.0
299,0.0
299,0.0
299,0.0
299,0.0
299,0.0
299,0.0
299,0.0
299,0.0
299,0.6700000000000004
299,0.0
299,0.0
299,0.0
299,0.0
299,0.5450000000000003
299,0.0
299,0.05500000000000001
299,0.0
299,0.0
299,0.0
299,0.0
299,0.0
299,0.8800000000000006
299,0.0
299,0.0
299,0.0
299,0.0
299,0.0
299,0.7750000000000004
299,0.0
299,0.8850000000000005
299,2.6250000000000004
299,0.4200000000000002
299,0.065
299,0.0
299,0.0
299,0.0
299,0.0
299,0.0
299,0.0
299,0.0
299,0.6700000000000004
299,0.0
299,0.0
299,0.2850000000000001
299,1.445000000000001
299,0.0
299,0.05500000000000001
299,0.0
299,0.6700000000000004
299,0.0
299,0.0
299,0.0
299,0.5150000000000002
299,0.0
299,0.0
299,0.0
299,0.0
299,0.0
299,0.6700000000000004
299,0.0
299,0.0
299,0.0
299,0.0
299,0.6800000000000004
299,0.0
299,0.0
299,0.0
299,0.0
299,0.0
299,0.6600000000000004
299,1.0200000000000007
299,0.0
299,0.0
299,0.0
299,0.0
299,0.0
299,0.0
299,0.0
299,0.0
299,0.0
299,0.6800000000000004
300,0.0
300,0.0
300,0.0
300,0.0
300,0.0
300,0.7600000000000003
300,0.0
300,0.6700000000000004
300,0.0
300,1.3150000000000008
300,0.0
300,0.0
300,0.0
300,0.0
300,0.0
300,2.5450000000000004
300,0.0
300,0.6600000000000004
300,0.0
300,0.0
300,0.0
300,0.0
300,0.0
300,0.0
300,0.0
300,0.0
300,0.0
300,0.6700000000000004
300,0.0
300,0.0
300,0.0
300,0.0
300,0.5450000000000003
300,0.0
300,0.05500000000000001
300,0.0
300,0.0
300,0.0
300,0.0
300,0.0
300,0.8800000000000006
300,0.0
300,0.0
300,0.0
300,0.0
300,0.0
300,0.7750000000000004
300,0.0
300,0.8850000000000005
300,2.6250000000000004
300,0.4200000000000002
300,0.065
300,0.0
300,0.0
300,0.0
300,0.0
300,0.0
300,0.0
300,0.0
300,0.6700000000000004
300,0.0
300,0.0
300,0.2850000000000001
300,1.445000000000001
300,0.0
300,0.05500000000000001
300,0.0
300,0.6700000000000004
300,0.0
300,0.0
300,0.0
300,0.5150000000000002
300,0.0
300,0.0
300,0.0
300,0.0
300,0.0
300,0.6700000000000004
300,0.0
300,0.0
300,0.0
300,0.0
300,0.6800000000000004
300,0.0
300,0.0
300,0.0
300,0.0
300,0.0
300,0.6600000000000004
300,1.0200000000000007
300,0.0
300,0.0
300,0.0
300,0.0
300,0.0
300,0.0
300,0.0
300,0.0
300,0.0
300,0.6800000000000004
