step,agent_id,x,y,toxicload
1,5,576.5730925158773,311.2807224523682,0.0
1,4,539.9545941546019,347.95459415460186,0.0
1,2,429.04540584539814,433.04540584539814,0.0
1,3,474.95459415460186,290.9545941546018,0.0
1,1,230.0454058453982,505.04540584539814,0.0
2,5,575.7088456795462,312.29115432045376,0.0
2,4,540.9091883092037,348.9091883092037,0.0
2,2,428.0908116907963,432.0908116907963,0.0
2,3,475.90918830920367,291.90918830920367,0.0
2,1,229.09081169079633,504.09081169079633,0.0
3,5,574.7542515249444,313.2457484750556,0.0
3,4,541.8637824638056,349.8637824638056,0.0
3,2,427.1362175361944,431.1362175361944,0.0
3,3,476.1362175361944,292.86378246380553,0.0
3,1,228.49999999999997,502.98553390593275,0.0
4,5,573.7996573703425,314.2003426296575,0.0
4,4,542.8183766184075,350.81837661840746,0.0
4,2,426.18162338159254,430.18162338159254,0.0
4,3,475.1816233815926,293.8183766184074,0.0
4,1,229.1112698372208,501.8887301627792,0.0
5,5,572.8450632157407,315.15493678425935,0.0
5,4,543.7729707730093,351.7729707730093,0.0
5,2,425.2270292269907,429.2270292269907,0.0
5,3,474.11396103067887,294.5,0.0
5,1,228.93413600817735,500.9341360081774,0.0
6,5,571.8904690611388,316.1095309388612,0.0
6,4,544.7275649276112,352.7275649276112,0.0
6,2,424.17817459305184,428.5,0.0
6,3,472.76396103067884,294.5,0.0
6,1,227.9795418535755,499.97954185357554,0.0
7,5,570.9358749065369,317.0641250934631,0.0
7,4,545.682159082213,353.31784091778695,0.0
7,2,423.02494769897356,428.97505230102644,0.0
7,3,471.7320544801601,295.2679455198398,0.0
7,1,227.97505230102632,499.0249476989737,0.0
8,5,569.9812807519351,318.01871924806494,0.0
8,4,546.693398282202,352.5,0.0
8,2,422.0703535443717,429.0703535443717,0.0
8,3,471.4845671067448,296.51543289325514,0.0
8,1,228.49999999999997,497.8923881554251,0.0
9,5,568.8306337666957,318.5,0.0
9,4,547.8842406102301,352.11575938976983,0.0
9,2,420.95660171779804,428.5,0.0
9,3,470.529972952143,297.47002704785706,0.0
9,1,228.49999999999997,496.5423881554251,0.0
10,5,567.7791992239179,319.2208007760821,0.0
10,4,548.838834764832,351.161165235168,0.0
10,2,419.8682720163546,427.8682720163546,0.0
10,3,469.19238815542496,297.5,0.0
10,1,228.2824855787278,495.2824855787278,0.0
11,5,566.824605069316,318.824605069316,0.0
11,4,549.5,350.0850288425442,0.0
11,2,418.9136778617527,428.0863221382473,0.0
11,3,468.0349982053124,297.96500179468757,0.0
11,1,227.32789142412597,494.32789142412594,0.0
12,5,565.6090608914418,318.5,0.0
12,4,549.5,348.7350288425442,0.0
12,2,418.5,429.2649711574558,0.0
12,3,467.0804040507105,298.91959594928943,0.0
12,1,226.37329726952413,493.3732972695241,0.0
13,5,564.622523541299,317.6225235412989,0.0
13,4,550.2884036662645,347.7115963337356,0.0
13,2,417.7115963337356,430.2884036662644,0.0
13,3,465.9708152801711,299.5,0.0
13,1,225.41870311492227,492.41870311492227,0.0
14,5,563.6679293866971,316.6679293866971,0.0
14,4,549.7570021791337,346.75700217913374,0.0
14,2,416.75700217913374,429.75700217913374,0.0
14,3,464.8783225226934,300.1216774773066,0.0
14,1,224.5,491.44924240491747,0.0
15,5,562.7133352320952,315.71333523209523,0.0
15,4,550.1975919754682,345.80240802453187,0.0
15,2,415.5134559672904,429.5,0.0
15,3,463.6850288425442,300.5,0.0
15,1,224.21662158690512,490.21662158690515,0.0
16,5,563.2412589225066,314.75874107749337,0.0
16,4,551.15218613007,344.84781386993,0.0
16,2,414.5549206511166,430.4450793488834,0.0
16,3,462.3350288425442,300.5,0.0
16,1,223.73797256769672,489.2620274323033,0.0
17,5,563.5,313.51591514093417,0.0
17,4,551.5,343.64188309203644,0.0
17,2,413.60032649651475,431.39967350348525,0.0
17,3,461.1358604024475,300.8641395975525,0.0
17,1,224.30743327770145,488.3074332777014,0.0
18,5,562.5566595494763,312.55665954947625,0.0
18,4,550.6457323419129,342.64573234191283,0.0
18,2,412.6457323419129,432.3542676580871,0.0
18,3,460.18126624784566,301.18126624784566,0.0
18,1,223.35283912309959,487.3528391230996,0.0
19,5,561.6020653948744,311.60206539487444,0.0
19,4,551.308861812689,341.691138187311,0.0
19,2,411.691138187311,433.308861812689,0.0
19,3,459.2266720932438,300.7733279067562,0.0
19,1,222.60175503150225,486.39824496849775,0.0
20,5,560.6474712402726,310.6474712402726,0.0
20,4,551.5563491861043,340.4436508138957,0.0
20,2,410.4436508138957,433.4436508138957,0.0
20,3,458.2720779386419,301.727922061358,0.0
20,1,223.4436508138959,485.4436508138959,0.0
21,5,560.5,309.35855582805345,0.0
21,4,552.4890566592939,339.48905665929385,0.0
21,2,409.48905665929385,432.51094334070615,0.0
21,3,457.3174837840401,302.6825162159599,0.0
21,1,222.5,484.484523779156,0.0
22,5,560.847503506558,308.152496493442,0.0
22,4,551.534462504692,338.534462504692,0.0
22,2,408.534462504692,433.465537495308,0.0
22,3,456.3060966544096,303.5,0.0
22,1,222.24156928587877,483.24156928587877,0.0
23,5,561.1979023388401,307.19790233884015,0.0
23,4,552.4201316499099,337.5798683500901,0.0
23,2,407.5798683500901,434.4201316499099,0.0
23,3,455.115402256023,303.884597743977,0.0
23,1,221.28697513127693,482.2869751312769,0.0
24,5,560.2433081842382,306.2433081842383,0.0
24,4,551.6252741954883,336.62527419548826,0.0
24,2,406.62527419548826,433.62527419548826,0.0
24,3,454.0203102167827,304.5,0.0
24,1,220.33238097667507,481.3323809766751,0.0
25,5,559.2887140296364,305.2887140296364,0.0
25,4,552.3293199591136,335.6706800408864,0.0
25,2,405.37778682207295,433.62221317792705,0.0
25,3,452.9133207280059,305.0866792719941,0.0
25,1,219.5,480.3271644662753,0.0
26,5,558.3341198750345,304.33411987503456,0.0
26,4,553.2839141137155,334.71608588628453,0.0
26,2,404.3913780286479,434.5,0.0
26,3,451.73452377915584,305.5,0.0
26,1,219.13029944865798,479.130299448658,0.0
27,5,557.3795257204326,303.3795257204327,0.0
27,4,552.7614917316827,333.76149173168267,0.0
27,2,403.1757052940558,434.8242947059442,0.0
27,3,450.71123919998877,306.28876080001123,0.0
27,1,218.17570529405614,478.1757052940561,0.0
28,5,556.5,302.3938372022918,0.0
28,4,551.8068975770808,332.8068975770808,0.0
28,2,402.2211111394539,435.7788888605461,0.0
28,3,449.46375182657346,306.53624817342654,0.0
28,1,217.77888886054572,477.2211111394543,0.0
29,5,556.1774441924155,301.1774441924155,0.0
29,4,550.8523034224789,331.85230342247894,0.0
29,2,401.26651698485205,436.73348301514795,0.0
29,3,448.5091576719716,307.4908423280284,0.0
29,1,218.73348301514756,476.26651698485244,0.0
30,5,555.7771499621864,300.22285003781366,0.0
30,4,549.8977092678771,330.8977092678771,0.0
30,2,400.3119228302502,437.3119228302502,0.0
30,3,447.162950903902,307.5,0.0
30,1,219.3119228302506,475.3119228302506,0.0
31,5,556.2682558832117,299.2682558832118,0.0
31,4,549.5,329.7124458405132,0.0
31,2,399.3573286756483,436.6426713243517,0.0
31,3,445.812950903902,307.5,0.0
31,1,218.35732867564874,474.3573286756488,0.0
32,5,555.6863382713901,298.31366172860993,0.0
32,4,549.4027345210465,328.4027345210465,0.0
32,2,398.3624458405132,437.5,0.0
32,3,444.7666955517257,308.2333044482743,0.0
32,1,217.4027345210469,473.4027345210469,0.0
33,5,556.359067574008,297.35906757400807,0.0
33,4,548.5,327.42665940288634,0.0
33,2,397.1552471476312,437.1552471476312,0.0
33,3,443.5271644662751,308.5,0.0
33,1,216.5,472.4266594028869,0.0
34,5,555.5,296.3649050141571,0.0
34,4,548.2006529930294,326.2006529930294,0.0
34,2,396.20065299302934,436.20065299302934,0.0
34,3,442.5646140237086,309.4353859762914,0.0
34,1,216.20065299302976,471.2006529930298,0.0
35,5,555.156986045991,295.1569860459909,0.0
35,4,547.2460588384275,325.24605883842753,0.0
35,2,395.7539411615725,435.2460588384275,0.0
35,3,441.61001986910674,308.61001986910674,0.0
35,1,215.75394116157207,470.2460588384279,0.0
36,5,554.5,294.0791185765302,0.0
36,4,546.7085353161743,324.29146468382567,0.0
36,2,396.2914646838256,434.2914646838256,0.0
36,3,440.6554257145049,309.3445742854951,0.0
36,1,216.2914646838261,469.29146468382606,0.0
37,5,553.9549045179738,292.9549045179738,0.0
37,4,547.6631294707762,323.3368705292238,0.0
37,2,395.5,433.2693000900055,0.0
37,3,439.40793834108956,309.59206165891044,0.0
37,1,215.33687052922423,468.33687052922426,0.0
38,5,553.5,291.7933321389033,0.0
38,4,548.3822763746219,322.38227637462194,0.0
38,2,395.5,431.9193000900055,0.0
38,3,438.4533441864877,310.5466558135123,0.0
38,1,214.3822763746224,467.3822763746224,0.0
39,5,552.7528229899566,290.7528229899566,0.0
39,4,547.3977272147517,321.5,0.0
39,2,394.8418957823932,430.8418957823932,0.0
39,3,437.49875003188583,311.50124996811417,0.0
39,1,213.5,466.39772721475236,0.0
40,5,553.2017711646453,289.79822883535473,0.0
40,4,546.0477272147517,321.5,0.0
40,2,394.5,429.6335136523786,0.0
40,3,436.54415587728397,312.45584412271603,0.0
40,1,213.18019484660527,465.1801948466053,0.0
41,5,552.8436346807529,288.84363468075287,0.0
41,4,544.9327074731896,320.9327074731895,0.0
41,2,393.63981425437606,428.63981425437606,0.0
41,3,435.29666850386866,312.70333149613134,0.0
41,1,212.22560069200344,464.2256006920034,0.0
42,5,551.889040526151,287.889040526151,0.0
42,4,545.0218866814123,319.9781133185877,0.0
42,2,393.39232688096075,427.39232688096075,0.0
42,3,434.3420743492668,313.3420743492668,0.0
42,1,211.27100653740158,463.2710065374016,0.0
43,5,550.9344463715491,286.93444637154914,0.0
43,4,545.0235191639858,319.02351916398584,0.0
43,2,392.4377327263589,426.4377327263589,0.0
43,3,433.38748019466493,312.61251980533507,0.0
43,1,210.68358761720026,462.31641238279974,0.0
44,5,550.5,285.76439995076856,0.0
44,4,544.068925009384,318.068925009384,0.0
44,2,391.5,425.47615433949784,0.0
44,3,432.43288604006307,313.56711395993693,0.0
44,1,211.3618182281979,461.3618182281979,0.0
45,5,550.4394716247185,284.4394716247185,0.0
45,4,543.1143308547821,317.1143308547821,0.0
45,2,391.23565119834177,424.23565119834177,0.0
45,3,431.46930009000573,314.5,0.0
45,1,210.40722407359604,460.40722407359607,0.0
46,5,549.4848774701167,283.48487747011666,0.0
46,4,542.8402632998198,316.15973670018025,0.0
46,2,390.2810570437399,423.2810570437399,0.0
46,3,430.23080451204595,314.76919548795405,0.0
46,1,209.5473700810058,459.4526299189942,0.0
47,5,548.5302833155148,282.5302833155148,0.0
47,4,543.5,315.0830085889902,0.0
47,2,389.5,422.254581464244,0.0
47,3,429.2762103574441,315.7237896425559,0.0
47,1,210.49803576439237,458.49803576439234,0.0
48,5,548.7172040579005,281.2827959420995,0.0
48,4,542.9576551721632,313.95765517216313,0.0
48,2,389.07897551572273,421.07897551572273,0.0
48,3,428.2477272147519,316.5,0.0
48,1,209.5434416097905,457.54344160979053,0.0
49,5,549.5,280.2570406378877,0.0
49,4,542.0030610175613,313.0030610175613,0.0
49,2,388.12438136112087,420.12438136112087,0.0
49,3,427.07412882942697,316.92587117057303,0.0
49,1,209.5,456.21143571373705,0.0
50,5,549.0807144140823,279.08071441408237,0.0
50,4,541.0484668629595,312.04846686295946,0.0
50,2,387.5,419.0330085889901,0.0
50,3,426.1195346748251,317.8804653251749,0.0
50,1,209.0484668629599,455.0484668629599,0.0
51,5,547.9712542002608,278.5,0.0
51,4,540.9061272916424,311.0938727083576,0.0
51,2,388.07770016689625,417.92229983310375,0.0
51,3,425.0261543394981,318.5,0.0
51,1,208.09387270835808,454.09387270835805,0.0
52,5,546.8786328860652,277.8786328860652,0.0
52,4,541.5,309.98986283848257,0.0
52,2,388.5,416.74722215136325,0.0
52,3,423.917453146808,319.082546853192,0.0
52,1,207.1392785537562,453.13927855375624,0.0
53,5,547.0759612685366,276.9240387314634,0.0
53,4,540.8917911803404,308.8917911803405,0.0
53,2,388.4273250862732,415.4273250862732,0.0
53,3,422.9628589922061,318.9628589922061,0.0
53,1,206.81531560084562,452.1846843991544,0.0
54,5,546.9694445768615,275.9694445768615,0.0
54,4,539.7040764008556,308.5,0.0
54,2,387.4727309316713,414.4727309316713,0.0
54,3,422.00826483760426,318.00826483760426,0.0
54,1,207.23009024455254,451.2300902445525,0.0
55,5,546.0148504222597,275.01485042225966,0.0
55,4,538.6897096523232,307.6897096523233,0.0
55,2,386.51813677706946,413.51813677706946,0.0
55,3,421.0536706830024,317.9463293169976,0.0
55,1,206.27549608995068,450.2754960899507,0.0
56,5,545.0602562676578,274.0602562676578,0.0
56,4,538.5577777210921,306.442222278908,0.0
56,2,385.5635426224676,412.5635426224676,0.0
56,3,420.09907652840053,318.90092347159947,0.0
56,1,205.32090193534884,449.32090193534884,0.0
57,5,544.1056621130559,273.1056621130559,0.0
57,4,539.4876281243061,305.4876281243061,0.0
57,2,386.39105153213427,411.60894846786573,0.0
57,3,419.5,320.0027778486366,0.0
57,1,204.633692219253,448.366307780747,0.0
58,5,543.1510679584541,272.84893204154594,0.0
58,4,538.5330339697042,304.53303396970426,0.0
58,2,385.65435431326387,410.65435431326387,0.0
58,3,418.8969950003834,321.1030049996166,0.0
58,1,205.41171362614514,447.4117136261452,0.0
59,5,542.1964738038522,273.1964738038522,0.0
59,4,537.5784398151023,303.5784398151024,0.0
59,2,384.699760158662,409.699760158662,0.0
59,3,417.94240084578155,320.94240084578155,0.0
59,1,204.5,446.43935777509483,0.0
60,5,541.2418796492503,272.75812035074966,0.0
60,4,537.330952441687,302.3309524416871,0.0
60,2,385.25483399593986,408.74516600406014,0.0
60,3,416.7756492761096,320.5,0.0
60,1,204.79036790187197,445.209632098128,0.0
61,5,540.2872854946485,273.7127145053515,0.0
61,4,536.3763582870852,301.3763582870852,0.0
61,2,384.7905718494583,407.7905718494583,0.0
61,3,415.74031931776443,321.25968068223557,0.0
61,1,205.25503794352616,444.2550379435262,0.0
62,5,539.3326913400466,274.3326913400466,0.0
62,4,535.5782358675167,300.42176413248336,0.0
62,2,383.5609306503477,407.5,0.0
62,3,414.78572516316257,322.21427483683743,0.0
62,1,204.30044378892433,443.3004437889243,0.0
63,5,538.3276033863646,273.5,0.0
63,4,536.4671699778814,299.4671699778815,0.0
63,2,382.5884903214411,406.5884903214411,0.0
63,3,413.8311310085607,323.1688689914393,0.0
63,1,203.3458496343225,442.34584963432246,0.0
64,5,537.1306098120294,273.1306098120295,0.0
64,4,535.5125758232796,298.51257582327963,0.0
64,2,381.63389616683924,405.63389616683924,0.0
64,3,412.87653685395884,322.87653685395884,0.0
64,1,202.5,441.34621202458715,0.0
65,5,536.1760156574276,272.1760156574276,0.0
65,4,535.2650884498643,297.2650884498643,0.0
65,2,382.3206979877626,404.6793020122374,0.0
65,3,411.6825035256019,322.5,0.0
65,1,202.5,439.9962120245871,0.0
66,5,535.1060305111107,271.5,0.0
66,4,534.5,296.2319984622131,0.0
66,2,381.7247078576355,403.7247078576355,0.0
66,3,410.6744553259417,323.3255446740583,0.0
66,1,201.89628073289003,438.89628073289003,0.0
67,5,533.7560305111107,271.5,0.0
67,4,534.0630069218472,295.06300692184715,0.0
67,2,382.22988629696636,402.77011370303364,0.0
67,3,409.4269679525264,323.5730320474736,0.0
67,1,201.5,437.71042558696024,0.0
68,5,532.4060305111107,271.5,0.0
68,4,533.1084127672453,294.10841276724534,0.0
68,2,382.5,401.531998462213,0.0
68,3,408.47237379792455,324.52762620207545,0.0
68,1,200.69419920487292,436.6941992048729,0.0
69,5,531.0560305111106,271.5,0.0
69,4,532.1538186126435,293.1538186126435,0.0
69,2,381.5680321750165,400.5680321750165,0.0
69,3,407.5177796433227,325.4822203566773,0.0
69,1,200.44671183145763,435.4467118314576,0.0
70,5,529.7060305111106,271.5,0.0
70,4,531.5,292.07463914933237,0.0
70,2,380.61343802041466,399.61343802041466,0.0
70,3,406.5631854887208,324.5631854887208,0.0
70,1,199.5,434.48885271170644,0.0
71,5,528.3981981981224,271.6018018018776,0.0
71,4,530.9517370846263,290.95173708462636,0.0
71,2,379.36595064699935,399.36595064699935,0.0
71,3,405.3156981153055,324.6843018846945,0.0
71,1,199.2446303034405,433.2446303034405,0.0
72,5,527.4436040435205,272.5563959564795,0.0
72,4,530.5,289.78885271170543,0.0
72,2,378.5886435076025,398.4113564923975,0.0
72,3,404.36110396070364,325.63889603929636,0.0
72,1,198.29003614883865,432.2900361488386,0.0
73,5,526.4890098889186,273.51099011108136,0.0
73,4,529.7496555566092,288.7496555566092,0.0
73,2,379.4567623377956,397.4567623377956,0.0
73,3,403.4065098061018,326.5934901938982,0.0
73,1,197.3354419942368,431.3354419942368,0.0
74,5,525.5344157343168,274.4655842656832,0.0
74,4,530.2049385979926,287.7950614020074,0.0
74,2,378.50216818319376,396.50216818319376,0.0
74,3,402.43199846221336,327.5,0.0
74,1,196.61915216036505,430.38084783963495,0.0
75,5,524.2869283609015,274.28692836090147,0.0
75,4,531.1595327525945,286.8404672474055,0.0
75,2,378.25468080977845,395.25468080977845,0.0
75,3,401.20442827808466,327.79557172191534,0.0
75,1,197.57374631496688,429.4262536850331,0.0
76,5,523.2628847606029,273.5,0.0
76,4,531.5,285.6314933988247,0.0
76,2,377.5,394.2172798364514,0.0
76,3,400.1462120245865,328.5,0.0
76,1,198.47165953043125,428.4716595304313,0.0
77,5,522.0848468328843,273.91515316711565,0.0
77,4,530.6383857193883,284.6383857193884,0.0
77,2,377.5,392.86727983645136,0.0
77,3,399.00234675006755,328.99765324993245,0.0
77,1,197.51706537582942,427.5170653758294,0.0
78,5,521.1302526782824,274.8697473217175,0.0
78,4,529.6837915647865,283.68379156478653,0.0
78,2,377.5,391.51727983645134,0.0
78,3,397.8604255869596,329.5,0.0
78,1,197.26957800241414,426.2695780024141,0.0
79,5,520.041311885349,275.5,0.0
79,4,528.7291974101846,282.72919741018467,0.0
79,2,376.5576245349307,390.5576245349307,0.0
79,3,396.8002652220504,330.1997347779496,0.0
79,1,196.5,425.23834764831804,0.0
80,5,518.9281711502654,276.07182884973463,0.0
80,4,527.7746032555827,281.7746032555828,0.0
80,2,375.60303038032885,389.60303038032885,0.0
80,3,395.84567106744856,331.15432893255144,0.0
80,1,196.067496474397,424.067496474397,0.0
81,5,517.7555254477222,276.5,0.0
81,4,527.5,280.53834764831697,0.0
81,2,376.351563774273,388.648436225727,0.0
81,3,394.8910769128467,332.1089230871533,0.0
81,1,195.11290231979515,423.1129023197951,0.0
82,5,516.7260896222483,275.72608962224825,0.0
82,4,526.5725217275657,279.57252172756563,0.0
82,2,375.6938420711251,387.6938420711251,0.0
82,3,393.93648275824484,331.93648275824484,0.0
82,1,194.8416918348067,422.1583081651933,0.0
83,5,515.7714954676464,276.22850453235355,0.0
83,4,525.6179275729638,278.6179275729638,0.0
83,2,375.4463546977098,386.4463546977098,0.0
83,3,392.981888603643,332.018111396357,0.0
83,1,195.20371401059145,421.20371401059145,0.0
84,5,514.5339525724685,276.5,0.0
84,4,524.663333418362,277.66333341836196,0.0
84,2,374.50823945689206,385.49176054310794,0.0
84,3,392.0272944490411,332.9727055509589,0.0
84,1,194.1452018978104,420.5,0.0
85,5,513.5694139396294,277.4305860603707,0.0
85,4,525.2912607362399,276.7087392637601,0.0
85,2,375.4628336114939,384.5371663885061,0.0
85,3,390.89570696119796,333.5,0.0
85,1,193.00163248257434,420.00163248257434,0.0
86,5,512.6148197850275,276.6148197850275,0.0
86,4,524.7541451091582,275.75414510915823,0.0
86,2,374.5825722339042,383.5825722339042,0.0
86,3,389.82521292102393,334.17478707897607,0.0
86,1,192.5,418.8594154601835,0.0
87,5,511.66022563042566,277.33977436957434,0.0
87,4,523.7995509545564,274.79955095455637,0.0
87,2,373.62797807930235,382.62797807930235,0.0
87,3,388.87061876642207,333.87061876642207,0.0
87,1,191.79955095455722,417.7995509545572,0.0
88,5,510.7056314758238,278.2943685241762,0.0
88,4,522.8449567999545,273.8449567999545,0.0
88,2,372.6733839247005,381.6733839247005,0.0
88,3,387.9160246118202,334.0839753881798,0.0
88,1,191.5,416.57362902255664,0.0
89,5,510.4581441024085,279.5418558975915,0.0
89,4,521.8903626453526,274.10963735464736,0.0
89,2,371.7187897700986,380.7187897700986,0.0
89,3,386.73834764831713,334.5,0.0
89,1,192.4025305734599,415.5974694265401,0.0
90,5,509.5035499478066,280.4964500521933,0.0
90,4,520.7020561473015,274.5,0.0
90,2,371.4713023966833,379.4713023966833,0.0
90,3,385.7139430838031,333.7139430838031,0.0
90,1,191.64287527193827,414.64287527193824,0.0
91,5,508.5489557932048,281.45104420679525,0.0
91,4,519.6882811173355,275.31171888266454,0.0
91,2,370.51670824208145,378.51670824208145,0.0
91,3,384.7593489292012,334.2406510707988,0.0
91,1,190.39538789852296,414.395387898523,0.0
92,5,507.3014684197895,281.3014684197895,0.0
92,4,518.7336869627336,276.2663130372664,0.0
92,2,370.26922086866614,377.26922086866614,0.0
92,3,383.51677477306333,334.5,0.0
92,1,189.55920625607888,413.4407937439211,0.0
93,5,506.34687426518764,280.65312573481236,0.0
93,4,517.4861995893183,276.4861995893183,0.0
93,2,369.5,376.23784258492805,0.0
93,3,382.5572674011841,335.4427325988159,0.0
93,1,190.48619958931928,412.48619958931926,0.0
94,5,505.3922801105858,281.3922801105858,0.0
94,4,516.5316054347164,275.5316054347164,0.0
94,2,369.5,374.887842584928,0.0
94,3,381.3097800277688,335.6902199722312,0.0
94,1,189.53160543471742,411.53160543471745,0.0
95,5,504.4376859559839,280.56231404401603,0.0
95,4,515.5770112801146,276.42298871988544,0.0
95,2,368.8196519672337,373.8196519672337,0.0
95,3,380.35518587316693,336.64481412683307,0.0
95,1,188.57701128011558,410.5770112801156,0.0
96,5,503.4830918013821,281.51690819861795,0.0
96,4,514.3295239066993,276.67047609330075,0.0
96,2,367.86505781263185,372.86505781263185,0.0
96,3,379.40059171856507,337.59940828143493,0.0
96,1,188.5,409.25891039679516,0.0
97,5,502.52849764678024,282.47150235321976,0.0
97,4,513.3749297520974,277.3749297520974,0.0
97,2,366.91046365803,371.91046365803,0.0
97,3,378.4459975639632,338.5540024360368,0.0
97,1,188.917963466715,408.08203653328496,0.0
98,5,501.5739034921784,281.5739034921784,0.0
98,4,512.4203355974955,276.5796644025045,0.0
98,2,367.0441304965719,370.9558695034281,0.0
98,3,377.49140340936134,339.50859659063866,0.0
98,1,189.12744237868313,407.12744237868316,0.0
99,5,500.6193093375765,282.38069066242343,0.0
99,4,511.46574144289366,277.53425855710634,0.0
99,2,367.5,369.79469683442034,0.0
99,3,376.5368092547595,340.4631907452405,0.0
99,1,188.1728482240813,406.1728482240813,0.0
100,5,499.6647151829747,283.3352848170253,0.0
100,4,510.5111472882918,278.4888527117082,0.0
100,2,366.753787975411,368.753787975411,0.0
100,3,375.5822151001576,339.5822151001576,0.0
100,1,187.21825406947946,405.2182540694794,0.0
101,5,499.41722780955945,284.5827721904406,0.0
101,4,510.2636599148765,279.7363400851235,0.0
101,2,365.79919382080914,367.79919382080914,0.0
101,3,374.3347277267423,339.6652722732577,0.0
101,1,186.2636599148776,404.2636599148776,0.0
102,5,498.4626336549576,285.4626336549576,0.0
102,4,509.3090657602746,280.6909342397253,0.0
102,2,364.8445996662073,366.8445996662073,0.0
102,3,373.38013357214044,340.61986642785956,0.0
102,1,185.5,403.2299782086606,0.0
103,5,497.5080395003557,284.5080395003557,0.0
103,4,508.2941917710321,281.5,0.0
103,2,364.5,365.63733752153956,0.0
103,3,372.4255394175386,341.5744605824614,0.0
103,1,185.06157838686048,402.0615783868605,0.0
104,5,496.55344534575386,285.44655465424614,0.0
104,4,507.1069842322575,281.1069842322575,0.0
104,2,363.64251813819016,364.64251813819016,0.0
104,3,371.4709452629367,342.5290547370633,0.0
104,1,184.89301576774136,401.10698423225864,0.0
105,5,495.30595797233855,285.6940420276614,0.0
105,4,506.15239007765564,280.84760992234436,0.0
105,2,364.3120760164117,363.6879239835883,0.0
105,3,370.51635110833485,343.48364889166515,0.0
105,1,185.1523900776568,400.1523900776568,0.0
106,5,494.28979669518395,286.5,0.0
106,4,505.1977959230538,281.19779592305383,0.0
106,2,365.2666701710136,362.7333298289864,0.0
106,3,369.561756953733,342.561756953733,0.0
106,1,184.80220407694506,399.19779592305497,0.0
107,5,493.1038764443215,286.8961235556785,0.0
107,4,504.24320176845197,280.75679823154803,0.0
107,2,364.77873567438456,361.77873567438456,0.0
107,3,368.6071627991311,341.6071627991311,0.0
107,1,185.2432017684531,398.2432017684531,0.0
108,5,492.1492822897196,287.1492822897196,0.0
108,4,503.28860761385016,281.7113923861499,0.0
108,2,363.8241415197827,360.8241415197827,0.0
108,3,367.65256864452925,342.34743135547075,0.0
108,1,184.5,397.20104602052606,0.0
109,5,491.19468813511776,286.8053118648822,0.0
109,4,502.3340134592483,282.3340134592483,0.0
109,2,362.86954736518084,359.86954736518084,0.0
109,3,366.36576464628615,342.5,0.0
109,1,184.5,395.85104602052604,0.0
110,5,490.24009398051595,287.75990601948405,0.0
110,4,501.37941930464643,281.62058069535357,0.0
110,2,363.085046789421,358.914953210579,0.0
110,3,365.1575938976987,342.8424061023013,0.0
110,1,183.79363286702068,394.7936328670207,0.0
111,5,489.28549982591414,288.2854998259141,0.0
111,4,500.42482515004457,282.5751748499554,0.0
111,2,362.9603590559771,357.9603590559771,0.0
111,3,364.07997820865927,343.5,0.0
111,1,182.83903871241884,393.8390387124188,0.0
112,5,488.3309056713123,287.6690943286877,0.0
112,4,499.50000000000006,283.54209972998325,0.0
112,2,361.8010460205241,357.5,0.0
112,3,362.95551236968157,344.04448763031843,0.0
112,1,181.88444455781698,392.884444557817,0.0
113,5,487.32507806942255,288.5,0.0
113,4,499.22274362202745,284.77725637797255,0.0
113,2,360.75827752796,356.75827752796,0.0
113,3,362.0009182150797,344.9990817849203,0.0
113,1,180.92985040321514,391.92985040321514,0.0
114,5,486.12882414329516,288.87117585670484,0.0
114,4,498.2681494674256,285.2681494674256,0.0
114,2,361.1963166266419,355.8036833733581,0.0
114,3,361.5,346.14159466659453,0.0
114,1,180.5,390.7579002700184,0.0
115,5,485.03929163179566,289.5,0.0
115,4,497.3135553128237,284.6864446871763,0.0
115,2,361.5,354.5794731452703,0.0
115,3,360.7988366870626,347.2011633129374,0.0
115,1,180.43487565638458,389.4348756563846,0.0
116,5,483.92674261527804,290.073257384722,0.0
116,4,496.300540957136,285.5,0.0
116,2,360.601601845341,353.601601845341,0.0
116,3,359.57261889577853,347.5,0.0
116,1,179.48028150178274,388.4802815017827,0.0
117,5,482.9721484606762,291.0278515393238,0.0
117,4,495.1114737848066,285.8885262151934,0.0
117,2,359.3541144719257,353.3541144719257,0.0
117,3,358.30386194023197,347.30386194023197,0.0
117,1,178.52568734718088,387.5256873471809,0.0
118,5,482.0175543060743,291.0175543060744,0.0
118,4,494.01475451950915,286.5,0.0
118,2,358.39952031732383,352.39952031732383,0.0
118,3,357.3492677856301,346.6507322143699,0.0
118,1,179.42890680742096,386.57109319257904,0.0
119,5,481.0629601514725,290.9370398485275,0.0
119,4,492.9093922567895,287.0906077432105,0.0
119,2,357.5,351.4221138323895,0.0
119,3,356.3510460205247,347.5,0.0
119,1,179.32360581916376,385.32360581916373,0.0
120,5,479.94614588128803,291.5,0.0
120,4,491.9547981021876,286.9547981021876,0.0
120,2,357.5,350.0721138323895,0.0
120,3,355.147186257613,347.852813742387,0.0
120,1,178.5,384.31475451951076,0.0
121,5,478.8608786234554,292.1391213765446,0.0
121,4,491.00020394758576,286.9997960524142,0.0
121,2,357.5,348.7221138323895,0.0
121,3,354.5,348.9347404171022,0.0
121,1,178.1215242911466,383.1215242911466,0.0
122,5,479.0937155311465,293.0937155311465,0.0
122,4,490.04560979298395,287.95439020701605,0.0
122,2,356.7024640424761,347.7024640424761,0.0
122,3,353.94510472959587,350.05489527040413,0.0
122,1,177.5,382.0289680818839,0.0
123,5,478.95169031425166,294.04830968574834,0.0
123,4,489.09101563838215,288.0910156383821,0.0
123,2,355.4549766690608,347.5450233309392,0.0
123,3,352.7794731452709,350.5,0.0
123,1,176.9194427631295,380.9194427631295,0.0
124,5,477.78878656840726,294.5,0.0
124,4,488.1364214837803,287.8635785162197,0.0
124,2,354.5003825144589,348.4996174855411,0.0
124,3,351.4501299827653,350.4501299827653,0.0
124,1,176.5,379.743181644257,0.0
125,5,476.7496087862345,293.74960878623455,0.0
125,4,487.0500358937477,288.5,0.0
125,2,354.2528951410436,349.7471048589564,0.0
125,3,350.49553582816344,349.50446417183656,0.0
125,1,175.71736123511238,378.7173612351124,0.0
126,5,475.5030001307803,293.5,0.0
126,4,485.93433995576316,289.06566004423684,0.0
126,2,353.2147545195087,350.5,0.0
126,3,349.5409416735616,350.4590583264384,0.0
126,1,175.4698738616971,377.46987386169707,0.0
127,5,474.5475272582174,294.4524727417826,0.0
127,4,484.7642494561208,289.5,0.0
127,2,351.86475451950866,350.5,0.0
127,3,348.5863475189597,351.4136524810403,0.0
127,1,174.51527970709523,376.51527970709526,0.0
128,5,473.21721369315344,294.5,0.0
128,4,483.73225842774605,290.26774157225395,0.0
128,2,350.8033262396112,349.8033262396112,0.0
128,3,347.63175336435785,352.36824663564215,0.0
128,1,173.5606855524934,375.5606855524934,0.0
129,5,472.0525525113868,294.9474474886132,0.0
129,4,482.7776642731442,291.2223357268558,0.0
129,2,349.8487320850093,350.1512679149907,0.0
129,3,346.677159209756,351.677159209756,0.0
129,1,172.60609139789156,374.60609139789153,0.0
130,5,471.49999999999994,296.06857274447344,0.0
130,4,481.8230701185423,290.8230701185424,0.0
130,2,348.89413793040745,351.10586206959255,0.0
130,3,345.7225650551541,352.2774349448459,0.0
130,1,173.3485027567103,373.6514972432897,0.0
131,5,470.8504709833697,297.14952901663037,0.0
131,4,480.8684759639405,291.1315240360595,0.0
131,2,347.9395437758056,352.0604562241944,0.0
131,3,344.76797090055226,353.23202909944774,0.0
131,1,172.69690308868786,372.69690308868786,0.0
132,5,469.6456408178996,297.5,0.0
132,4,479.6711037056132,291.5,0.0
132,2,346.9849496212037,351.9849496212037,0.0
132,3,343.8133767459504,354.1866232540496,0.0
132,1,173.25769106591397,371.742308934086,0.0
133,5,468.35549623653907,297.64450376346093,0.0
133,4,478.6663944359234,292.3336055640766,0.0
133,2,346.03035546660186,351.96964453339814,0.0
133,3,342.85878259134853,355.14121740865147,0.0
133,1,172.78771477948416,370.7877147794842,0.0
134,5,467.4009020819372,298.59909791806274,0.0
134,4,479.28819971867847,293.28819971867847,0.0
134,2,345.075761312,352.924238688,0.0
134,3,341.90418843674667,354.90418843674667,0.0
134,1,172.5,369.55689014324173,0.0
135,5,466.42406794264576,299.5,0.0
135,4,478.75720612671967,294.24279387328033,0.0
135,2,344.12116715739813,353.87883284260187,0.0
135,3,340.9495942821448,355.0504057178552,0.0
135,1,171.58563325146707,368.5856332514671,0.0
136,5,465.1988205539201,299.80117944607997,0.0
136,4,477.5137443927324,294.5,0.0
136,2,343.16657300279627,354.83342699720373,0.0
136,3,339.99500012754294,356.00499987245706,0.0
136,1,171.3381458780518,367.33814587805176,0.0
137,5,464.1382815050188,300.5,0.0
137,4,476.5551245987025,293.55512459870255,0.0
137,2,342.2119788481944,355.2119788481944,0.0
137,3,339.0404059729411,356.0404059729411,0.0
137,1,170.38355172344993,366.38355172344995,0.0
138,5,462.7882815050188,300.5,0.0
138,4,475.30763722528724,293.6923627747128,0.0
138,2,341.25738469359254,354.74261530640746,0.0
138,3,338.0858118183392,355.9141881816608,0.0
138,1,169.4289575688481,365.4289575688481,0.0
139,5,461.45635843367415,300.54364156632585,0.0
139,4,474.29217151747855,294.5,0.0
139,2,340.3027905389907,355.6972094610093,0.0
139,3,337.13121766373735,356.86878233626265,0.0
139,1,168.52563658575374,364.4743634142462,0.0
140,5,460.5017642790723,301.4982357209277,0.0
140,4,472.9421715174785,294.5,0.0
140,2,339.3481963843888,356.3481963843888,0.0
140,3,336.04267658086684,357.5,0.0
140,1,169.4802307403556,363.5197692596444,0.0
141,5,459.5471701244704,300.5471701244704,0.0
141,4,471.85806832385475,295.1419316761452,0.0
141,2,338.39360222978695,355.60639777021305,0.0
141,3,334.9291361357202,358.0708638642798,0.0
141,1,168.56517510504256,362.56517510504256,0.0
142,5,458.59257596986856,301.40742403013144,0.0
142,4,471.49999999999994,296.34361492014835,0.0
142,2,337.4390080751851,356.5609919248149,0.0
142,3,333.7568901432399,358.5,0.0
142,1,167.61058095044072,361.6105809504407,0.0
143,5,457.6379818152667,302.36201818473324,0.0
143,4,470.65598679583763,297.34401320416237,0.0
143,2,336.4779579551046,357.5,0.0
143,3,332.72705460770305,359.27294539229695,0.0
143,1,168.34401320416114,360.6559867958389,0.0
144,5,456.6833876606649,303.3166123393351,0.0
144,4,469.3705986422247,297.5,0.0
144,2,335.23692654716797,357.76307345283203,0.0
144,3,331.7724604531012,360.2275395468988,0.0
144,1,167.70139264123702,359.701392641237,0.0
145,5,455.4359002872496,303.5640997127504,0.0
145,4,468.16101204900707,297.83898795099293,0.0
145,2,334.19217151747773,358.5,0.0
145,3,330.8178662984993,361.1821337015007,0.0
145,1,167.45390526782174,358.4539052678217,0.0
146,5,454.47356287925726,304.5,0.0
146,4,467.2064178944052,298.79358210559474,0.0
146,2,333.03484501915085,358.96515498084915,0.0
146,3,329.5995308303591,361.5,0.0
146,1,166.5,357.49902576697264,0.0
147,5,453.23381875923246,304.76618124076754,0.0
147,4,466.1490257669709,299.5,0.0
147,2,332.080250864549,359.919749135451,0.0
147,3,328.6157847704822,362.3842152295178,0.0
147,1,166.2518237398046,356.2518237398046,0.0
148,5,452.1877764416303,305.5,0.0
148,4,465.0043363663881,299.9956636336119,0.0
148,2,331.1256567099471,360.8743432900529,0.0
148,3,327.66119061588034,361.66119061588034,0.0
148,1,165.29722958520276,355.29722958520273,0.0
149,5,451.0317372312153,305.9682627687847,0.0
149,4,463.863239329344,300.5,0.0
149,2,330.03481220459696,361.5,0.0
149,3,326.7065964612785,362.2934035387215,0.0
149,1,164.5,354.2774528917188,0.0
150,5,449.9019900040034,306.5,0.0
150,4,462.513239329344,300.5,0.0
150,2,328.92357518193,362.07642481807,0.0
150,3,325.7520023066766,363.2479976933234,0.0
150,1,164.9048519428144,353.0951480571856,0.0
151,5,448.82965570319817,307.17034429680183,0.0
151,4,461.2618742461422,300.73812575385784,0.0
151,2,327.96898102732814,361.96898102732814,0.0
151,3,324.5063850798514,363.5,0.0
151,1,165.14055390258378,352.14055390258375,0.0
152,5,447.6162035663765,307.5,0.0
152,4,460.30728009154035,301.30728009154035,0.0
152,2,327.0143868727263,361.9856131272737,0.0
152,3,323.5499207786595,362.5499207786595,0.0
152,1,164.05588001646498,351.5,0.0
153,5,446.2662035663765,307.5,0.0
153,4,459.3526859369385,300.6473140630615,0.0
153,2,326.0597927181244,362.9402072818756,0.0
153,3,322.59532662405763,363.40467337594237,0.0
153,1,162.93847237456663,350.93847237456663,0.0
154,5,445.0871935829523,307.9128064170477,0.0
154,4,458.3980917823366,301.6019082176634,0.0
154,2,324.9416664540893,363.5,0.0
154,3,321.28481220459753,363.5,0.0
154,1,162.5,349.77009357883804,0.0
155,5,443.9804171287496,308.5,0.0
155,4,457.44349762773476,302.5565023722652,0.0
155,2,323.8577111901073,362.8577111901073,0.0
155,3,320.100351877227,363.899648122773,0.0
155,1,163.26360915345052,348.7363908465495,0.0
156,5,442.8851120549352,309.1148879450648,0.0
156,4,456.4843071412094,303.5,0.0
156,2,322.90311703550543,363.09688296449457,0.0
156,3,319.5,365.0009742330294,0.0
156,1,163.4889034731342,347.4889034731342,0.0
157,5,441.9305179003333,308.9305179003333,0.0
157,4,455.2414160997177,303.7585839002823,0.0
157,2,321.7200935788354,363.5,0.0
157,3,318.8982703492099,366.1017296507901,0.0
157,1,162.53430931853237,346.53430931853234,0.0
158,5,440.97592374573145,309.02407625426855,0.0
158,4,454.1985207035825,304.5,0.0
158,2,320.40814228867487,363.59185771132513,0.0
158,3,317.94367619460803,365.94367619460803,0.0
158,1,161.5797151639305,345.57971516393053,0.0
159,5,439.8230578158688,309.5,0.0
159,4,453.0393345717006,304.9606654282994,0.0
159,2,319.5,364.56569285879146,0.0
159,3,316.98908204000617,366.01091795999383,0.0
159,1,160.33222779051522,345.3322277905152,0.0
160,5,438.77384221771433,310.22615778228567,0.0
160,4,451.91273426595563,305.5,0.0
160,2,319.20606076065775,365.79393923934225,0.0
160,3,316.0344878854043,366.0344878854043,0.0
160,1,159.5,344.3269478283304,0.0
161,5,437.81924806311247,311.18075193688753,0.0
161,4,450.83725304368346,306.16274695631654,0.0
161,2,318.2514666060559,366.2514666060559,0.0
161,3,314.9058800164629,365.5,0.0
161,1,159.86985373750193,343.13014626249804,0.0
162,5,436.8646539085106,312.1353460914894,0.0
162,4,449.62694782832875,306.5,0.0
162,2,317.296872451454,365.703127548546,0.0
162,3,313.8324063573872,364.8324063573872,0.0
162,1,160.8244478921038,342.17555210789624,0.0
163,5,435.66569850298805,312.5,0.0
163,4,448.63517151566634,307.36482848433366,0.0
163,2,316.34227829685216,366.34227829685216,0.0
163,3,312.8778122027853,363.8778122027853,0.0
163,1,161.22095795329437,341.2209579532944,0.0
164,5,434.6625723804935,313.3374276195065,0.0
164,4,447.34116139070187,307.5,0.0
164,2,315.34116139070085,365.5,0.0
164,3,313.07678195181654,362.92321804818346,0.0
164,1,160.5,340.1695885154497,0.0
165,5,433.7079782258916,312.7079782258916,0.0
165,4,445.99116139070185,307.5,0.0
165,2,314.14019676883504,365.14019676883504,0.0
165,3,313.5,361.74852070358213,0.0
165,1,160.01887642527726,339.01887642527726,0.0
166,5,432.75338407128976,313.24661592871024,0.0
166,4,444.89270939542047,308.10729060457953,0.0
166,2,313.1856026142332,364.1856026142332,0.0
166,3,312.72113652016634,360.72113652016634,0.0
166,1,159.06428227067542,338.0642822706754,0.0
167,5,431.7987899166879,314.2012100833121,0.0
167,4,443.70537495307497,308.5,0.0
167,2,312.7689915403687,363.2310084596313,0.0
167,3,311.7665423655645,359.7665423655645,0.0
167,1,158.10968811607356,337.1096881160736,0.0
168,5,430.57255275248036,314.5,0.0
168,4,442.69062786740335,309.30937213259665,0.0
168,2,313.5,362.1838020778201,0.0
168,3,311.5,358.5269478283283,0.0
168,1,157.15509396147172,336.1550939614717,0.0
169,5,429.5967083886708,315.4032916113292,0.0
169,4,441.7360337128015,308.7360337128015,0.0
169,2,313.0289269316142,361.0289269316142,0.0
169,3,310.56446083754736,357.56446083754736,0.0
169,1,156.20049980686989,335.20049980686986,0.0
170,5,428.6421142340689,316.3578857659311,0.0
170,4,440.7814395581996,309.2185604418004,0.0
170,2,312.07433277701233,360.07433277701233,0.0
170,3,309.6098666829455,356.6098666829455,0.0
170,1,155.5,334.1406563273151,0.0
171,5,427.3946268606536,316.6053731393464,0.0
171,4,439.5480156401942,309.5,0.0
171,2,311.5,358.9622292025662,0.0
171,3,309.3623793095302,355.3623793095302,0.0
171,1,155.5,332.7906563273151,0.0
172,5,426.44003270605174,317.55996729394826,0.0
172,4,438.5793580301825,310.4206419698175,0.0
172,2,310.8722512489952,357.8722512489952,0.0
172,3,308.4077851549283,354.4077851549283,0.0
172,1,156.24906909456254,331.75093090543743,0.0
173,5,425.4794070019727,318.5,0.0
173,4,437.62476387558064,311.37523612441936,0.0
173,2,309.91765709439335,356.91765709439335,0.0
173,3,307.54680899967354,353.45319100032646,0.0
173,1,156.5,330.50486988968817,0.0
174,5,424.2379511780346,318.7620488219654,0.0
174,4,436.6701697209788,312.3298302790212,0.0
174,2,309.5,355.7406563273124,0.0
174,3,308.5,352.49801564019367,0.0
174,1,155.54884937742028,329.5488493774203,0.0
175,5,423.28335702343276,319.28335702343276,0.0
175,4,435.42268234756347,312.57731765243653,0.0
175,2,308.71557556637623,354.71557556637623,0.0
175,3,308.25110947230934,351.25110947230934,0.0
175,1,154.59425522281845,328.59425522281845,0.0
176,5,422.3287628688309,318.3287628688309,0.0
176,4,434.4680881929616,313.4680881929616,0.0
176,2,307.76098141177437,353.76098141177437,0.0
176,3,307.2965153177075,350.2965153177075,0.0
176,1,154.34676784940316,327.34676784940314,0.0
177,5,421.37416871422903,317.62583128577097,0.0
177,4,433.51349403835974,312.51349403835974,0.0
177,2,308.1936127428275,352.8063872571725,0.0
177,3,306.3419211631056,349.3419211631056,0.0
177,1,153.3921736948013,326.39217369480133,0.0
178,5,420.41957455962716,318.58042544037284,0.0
178,4,432.5588998837579,313.4411001162421,0.0
178,2,308.5,351.58329701443165,0.0
178,3,305.61267299149625,348.38732700850375,0.0
178,1,152.43757954019947,325.43757954019947,0.0
179,5,419.5,319.549525186162,0.0
179,4,431.604305729156,314.395694270844,0.0
179,2,307.6043057291554,350.6043057291554,0.0
179,3,306.4327328539019,347.4327328539019,0.0
179,1,151.51701461440237,324.4829853855976,0.0
180,5,419.21749303161005,320.78250696838995,0.0
180,4,430.3568183557407,314.6431816442593,0.0
180,2,306.6497115745535,349.6497115745535,0.0
180,3,305.5,346.469083452059,0.0
180,1,152.47160876900423,323.5283912309958,0.0
181,5,418.2628988770082,321.2628988770082,0.0
181,4,429.40222420113884,315.59777579886116,0.0
181,2,305.69511741995166,348.69511741995166,0.0
181,3,305.23065132588476,345.23065132588476,0.0
181,1,153.42620292360607,322.57379707639393,0.0
182,5,417.22890193858416,320.5,0.0
182,4,428.4259377015518,316.5,0.0
182,2,306.26323567114997,347.73676432885003,0.01
182,3,304.2760571712829,344.2760571712829,0.0
182,1,152.6192029217921,321.61920292179207,0.0
183,5,416.06081734899107,320.93918265100893,0.0
183,4,427.2001426731217,316.7998573268783,0.0
183,2,305.77463749956195,346.77463749956195,0.02
183,3,303.32146301668104,343.32146301668104,0.0
183,1,151.66460876719023,320.66460876719026,0.0
184,5,415.1062231943892,321.8937768056108,0.0
184,4,426.24554851851985,317.75445148148015,0.0
184,2,305.5,345.52506695452666,0.025
184,3,302.3668688620792,342.3668688620792,0.0
184,1,150.7100146125884,319.7100146125884,0.0
185,5,414.15162903978734,322.84837096021266,0.0
185,4,425.20436482629793,318.5,0.0
185,2,304.5537057463105,344.5537057463105,0.025
185,3,301.5,341.3759377015513,0.0
185,1,149.75542045798656,318.75542045798653,0.0
186,5,413.1970348851855,323.1970348851855,0.0
186,4,424.04346699050274,318.95653300949726,0.0
186,2,303.58968647909154,343.58968647909154,0.025
186,3,301.5,340.0259377015513,0.0
186,1,149.5,317.5112190757921,0.0
187,5,412.13575618807647,322.5,0.0
187,4,423.0888728359009,319.0888728359009,0.0
187,2,302.62566721187255,342.62566721187255,0.025
187,3,300.91729996064674,338.91729996064674,0.0
187,1,148.5533389299694,316.5533389299694,0.0
188,5,410.99495335716836,323.00504664283164,0.0
188,4,422.134278681299,318.134278681299,0.0
188,2,301.66164794465357,341.66164794465357,0.025
188,3,300.5,337.74015126392436,0.0
188,1,148.30585155655413,315.3058515565541,0.0
189,5,409.8499697504496,323.5,0.0
189,4,421.17968452669714,317.82031547330286,0.0
189,2,301.5,340.36527559356875,0.025
189,3,299.71521843262957,336.71521843262957,0.0
189,1,147.2896462005383,314.5,0.0
190,5,408.79287182915124,324.20712817084876,0.0
190,4,420.2250903720953,318.7749096279047,0.0
190,2,301.1478229725887,339.1478229725887,0.025
190,3,299.53226894078574,335.46773105921426,0.0
190,1,146.10377002853699,314.103770028537,0.0
191,5,407.8382776745494,325.1617223254506,0.0
191,4,419.5,319.8245673618367,0.0
191,2,300.5,338.0528309117617,0.025
191,3,300.4868630953876,334.5131369046124,0.0
191,1,145.0038597629114,313.5,0.0
192,5,406.8836835199475,324.8836835199475,0.0
192,4,419.0230088440781,320.9769911559219,0.0
192,2,299.9268912193373,336.9268912193373,0.025
192,3,300.5,333.1685783886704,0.0
192,1,143.90168850051984,312.90168850051987,0.0
193,5,405.6926104375688,324.5,0.0
193,4,418.06841468947624,321.93158531052376,0.0
193,2,299.5,335.7403862299547,0.025
193,3,300.0181621577818,332.0181621577818,0.0
193,1,143.5,311.7180733252845,0.0
194,5,404.6816019919304,325.3183980080696,0.0
194,4,416.9538597629094,322.5,0.0
194,2,300.29404053391414,334.70595946608586,0.025
194,3,299.5,330.8827919510435,0.0
194,1,144.30039302749728,310.6996069725027,0.0
195,5,403.72700783732853,326.27299216267147,0.0
195,4,415.8663331614591,321.8663331614591,0.0
195,2,300.5,333.42794154814766,0.025
195,3,298.81608062976466,329.81608062976466,0.0
195,1,144.4521195990874,309.45211959908744,0.0
196,5,402.77241368272666,327.22758631727334,0.0
196,4,414.91173900685726,322.08826099314274,0.0
196,2,300.192134494021,332.192134494021,0.025
196,3,297.5970055134166,329.5,0.0
196,1,143.49752544448558,308.4975254444856,0.0
197,5,401.53525112468805,327.5,0.0
197,4,413.9571448522554,323.0428551477446,0.0
197,2,299.5,331.11549686634066,0.025
197,3,296.61399910174754,328.61399910174754,0.0
197,1,142.54293128988374,307.5429312898837,0.0
198,5,400.57033215470955,328.42966784529045,0.0
198,4,413.00255069765353,323.00255069765353,0.0
198,2,298.97120274076957,329.97120274076957,0.025
198,3,295.6594049471457,327.6594049471457,0.0
198,1,141.58833713528188,306.5883371352819,0.0
199,5,399.32284478129424,328.67715521870576,0.0
199,4,411.8607140124017,322.5,0.0
199,2,297.8030521845336,329.5,0.025
199,3,296.2951892074562,326.7048107925438,0.0
199,1,140.63374298068004,305.63374298068004,0.0
200,5,398.31367824943425,329.5,0.0
200,4,410.8004691696364,323.1995308303636,0.0
200,2,296.75027098751815,328.75027098751815,0.025
200,3,295.75021663794195,325.75021663794195,0.0
200,1,139.6791488260782,304.6791488260782,0.0
201,5,397.1207632532771,329.8792367467229,0.0
201,4,409.5749275747748,323.5,0.0
201,2,295.78625172029916,327.78625172029916,0.025
201,3,295.5,324.5038597629089,0.0
201,1,139.4316614526629,303.4316614526629,0.0
202,5,396.16616909867525,330.83383090132475,0.0
202,4,408.5983876416193,324.4016123583807,0.0
202,2,296.1777675469198,326.8222324530802,0.025
202,3,294.54813510992483,323.54813510992483,0.0
202,1,138.52293270193894,302.47706729806106,0.0
203,5,395.2115749440734,331.7884250559266,0.0
203,4,407.64379348701743,325.35620651298257,0.0
203,2,295.8582131858612,325.8582131858612,0.025
203,3,294.3006477365095,322.3006477365095,0.0
203,1,139.47752685654078,301.5224731434592,0.0
204,5,394.2569807894715,332.2569807894715,0.0
204,4,406.68919933241557,324.68919933241557,0.0
204,2,295.5,324.6432608235757,0.025
204,3,293.34605358190765,321.34605358190765,0.0
204,1,139.5,300.1817818242692,0.0
205,5,393.30238663486966,331.69761336513034,0.0
205,4,405.7346051778137,325.2653948221863,0.0
205,2,294.63728143260977,323.63728143260977,0.025
205,3,292.5,320.34650045002815,0.0
205,1,139.02749839662863,299.02749839662863,0.0
206,5,392.3477924802678,332.6522075197322,0.0
206,4,404.4871178043984,325.5128821956016,0.0
206,2,294.38036894657733,322.38036894657733,0.025
206,3,292.85602794610946,319.14397205389054,0.0
206,1,138.5,297.89599538664226,0.0
207,5,391.34895962367267,333.5,0.0
207,4,403.53252364979653,326.46747635020347,0.0
207,2,293.41634967935835,321.41634967935835,0.025
207,3,293.1893778992887,318.1893778992887,0.0
207,1,139.17458313138852,296.8254168686115,0.0
208,5,390.1457109522507,333.8542890477493,0.0
208,4,402.57792949519467,327.42207050480533,0.0
208,2,292.5,320.43258502233476,0.025
208,3,292.2347837446868,317.2347837446868,0.0
208,1,140.12917728599035,295.87082271400965,0.0
209,5,389.1911167976488,334.1911167976488,0.0
209,4,401.33044212177936,327.66955787822064,0.0
209,2,292.8045820738931,319.1954179261069,0.025
209,3,291.28018959008494,316.28018959008494,0.0
209,1,141.0837714405922,294.9162285594078,0.0
210,5,388.23652264304695,333.76347735695305,0.0
210,4,400.3244225113863,328.5,0.0
210,2,293.23139865888794,318.23139865888794,0.025
210,3,290.5,315.25335469952046,0.0
210,1,140.96163440480595,293.961634404806,0.0
211,5,387.1916003107919,334.5,0.0
211,4,399.12836059376224,328.87163940623776,0.0
211,2,292.26737939166895,317.26737939166895,0.025
211,3,290.0781080620678,314.0781080620678,0.0
211,1,140.5,292.8028496361346,0.0
212,5,386.03444111502984,334.03444111502984,0.0
212,4,398.0386360737594,329.5,0.0
212,2,291.30336012444997,316.30336012444997,0.025
212,3,289.12351390746596,313.12351390746596,0.0
212,1,139.75955287678883,291.75955287678886,0.0
213,5,385.079846960428,333.920153039572,0.0
213,4,396.9262790657451,330.0737209342549,0.0
213,2,290.5,315.2727936613768,0.025
213,3,288.8310802471359,312.1689197528641,0.0
213,1,138.804958722187,290.804958722187,0.0
214,5,383.97002743553804,334.5,0.0
214,4,395.97168491114326,331.02831508885674,0.0
214,2,290.08242837119855,314.08242837119855,0.025
214,3,289.21432559826223,311.21432559826223,0.0
214,1,139.14963543241484,289.85036456758513,0.0
215,5,382.87776543241085,335.12223456758915,0.0
215,4,395.0170907565414,331.9829092434586,0.0
215,2,289.11840910397956,313.11840910397956,0.025
215,3,288.25973144366037,310.25973144366037,0.0
215,1,140.1042295870167,288.8957704129833,0.0
216,5,381.68424099791116,335.5,0.0
216,4,394.06249660193953,332.06249660193953,0.0
216,2,288.8456101632394,312.1543898367606,0.025
216,3,287.3051372890585,309.3051372890585,0.0
216,1,139.94117625838146,287.94117625838146,0.0
217,5,380.67568390439374,336.32431609560626,0.0
217,4,393.10790244733766,331.89209755266234,0.0
217,2,289.1903705695416,311.1903705695416,0.025
217,3,286.64945686554336,308.35054313445664,0.0
217,1,138.98658210377963,286.9865821037796,0.0
218,5,379.7210897497919,337.2789102502081,0.0
218,4,392.1533082927358,332.8466917072642,0.0
218,2,288.2263513023226,310.2263513023226,0.025
218,3,287.5,307.3528496361319,0.0
218,1,138.5,285.83813101037316,0.0
219,5,378.76649559519,338.23350440481,0.0
219,4,391.07391744799776,333.5,0.0
219,2,287.2623320351036,309.2623320351036,0.025
219,3,287.1484616064395,306.1484616064395,0.0
219,1,137.78450057576248,284.7845005757625,0.0
220,5,377.81190144058814,339.18809855941186,0.0
220,4,389.9512267647186,334.0487732352814,0.0
220,2,286.7016872321154,308.2983127678846,0.025
220,3,286.19386745183766,305.19386745183766,0.0
220,1,137.5,283.5523445727463,0.0
221,5,376.8573072859863,340.1426927140137,0.0
221,4,388.99663261011676,333.99663261011676,0.0
221,2,287.5,307.26565562126797,0.025
221,3,285.2392732972358,304.2392732972358,0.0
221,1,137.5,282.20234457274626,0.0
222,5,375.9027131313844,339.9027131313844,0.0
222,4,388.0420384555149,333.9579615444851,0.0
222,2,287.0773810146332,306.0773810146332,0.025
222,3,284.28467914263393,303.28467914263393,0.0
222,1,137.0420384555166,281.0420384555166,0.0
223,5,374.7195223721496,339.5,0.0
223,4,386.91655813511693,334.5,0.0
223,2,286.1133617474142,305.1133617474142,0.025
223,3,283.33008498803207,302.66991501196793,0.0
223,1,136.08744430091477,280.08744430091474,0.0
224,5,373.7006316033673,340.2993683966327,0.0
224,4,385.8399569274978,333.8399569274978,0.0
224,2,285.14934248019523,304.14934248019523,0.025
224,3,282.5,303.67608255200275,0.0
224,1,134.98077169749243,279.5,0.0
225,5,372.74603744876543,341.25396255123457,0.0
225,4,384.8853627728959,334.1146372271041,0.0
225,2,284.18532321297624,303.18532321297624,0.025
225,3,282.12800346001495,304.87199653998505,0.0
225,1,133.88536277289762,278.8853627728976,0.0
226,5,371.79144329416357,342.20855670583643,0.0
226,4,383.93076861829405,335.06923138170595,0.0
226,2,283.22130394575726,302.77869605424274,0.025
226,3,281.1734093054131,305.1734093054131,0.0
226,1,133.5,277.6949852598655,0.0
227,5,370.8368491395617,343.1631508604383,0.0
227,4,382.9761744636922,336.0238255363078,0.0
227,2,282.5,303.8432512994069,0.025
227,3,280.2188151508112,304.7811848491888,0.0
227,1,134.31671875511952,276.6832812448805,0.0
228,5,369.88225498495984,342.88225498495984,0.0
228,4,382.0215803090903,336.0215803090903,0.0
228,2,282.00037219250584,304.99962780749416,0.025
228,3,279.26422099620936,305.26422099620936,0.0
228,1,133.72868709027864,275.72868709027864,0.0
229,5,368.927660830358,341.927660830358,0.0
229,4,381.06698615448846,335.93301384551154,0.0
229,2,281.03635292528685,305.03635292528685,0.025
229,3,278.3096268416075,304.6903731583925,0.0
229,1,132.7740929356768,274.7740929356768,0.0
230,5,367.9730666757561,342.0269333242439,0.0
230,4,380.1123919998866,336.8876080001134,0.0
230,2,280.07233365806786,304.92766634193214,0.025
230,3,277.35503268700563,305.64496731299437,0.0
230,1,131.81949878107494,273.81949878107497,0.0
231,5,366.81901730876103,342.5,0.0
231,4,379.15779784528473,337.84220215471527,0.0
231,2,279.1083143908489,305.1083143908489,0.025
231,3,276.40043853240377,306.59956146759623,0.0
231,1,130.8649046264731,272.8649046264731,0.0
232,5,365.4780919289255,342.5219080710745,0.0
232,4,378.20320369068287,338.79679630931713,0.0
232,2,278.1442951236299,304.8557048763701,0.025
232,3,275.4458443778019,307.4458443778019,0.0
232,1,130.5,271.66605307173097,0.0
233,5,364.52349777432363,343.47650222567637,0.0
233,4,377.248609536081,339.751390463919,0.0
233,2,277.1802758564109,305.8197241435891,0.025
233,3,274.49125022320004,306.50874977679996,0.0
233,1,130.5,270.31605307173095,0.0
234,5,363.2760104009083,343.7239895990917,0.0
234,4,376.29401538147914,340.29401538147914,0.0
234,2,276.2162565891919,306.7837434108081,0.025
234,3,273.5366560685982,307.4633439314018,0.0
234,1,130.12244250622723,269.12244250622723,0.0
235,5,362.32141624630646,344.67858375369354,0.0
235,4,375.27290732122066,339.5,0.0
235,2,275.2522373219729,307.2522373219729,0.025
235,3,272.20183950935484,307.5,0.0
235,1,129.1678483516254,268.16784835162537,0.0
236,5,361.5,345.6883420041198,0.0
236,4,374.091933853462,339.908066146538,0.0
236,2,274.28821805475394,306.71178194524606,0.025
236,3,271.0416813217676,307.9583186782324,0.0
236,1,128.5,267.09448019647715,0.0
237,5,361.11933471828934,346.88066528171066,0.0
237,4,373.13733969886016,340.86266030113984,0.0
237,2,273.2513795410503,307.5,0.025
237,3,270.08708716716575,308.91291283283425,0.0
237,1,127.96576682360826,265.96576682360825,0.0
238,5,360.0258715582533,347.5,0.0
238,4,372.1827455442583,341.8172544557417,0.0
238,2,271.88805041896023,307.5,0.025
238,3,269.1324930125639,309.8675069874361,0.0
238,1,127.01117266900641,265.01117266900644,0.0
239,5,358.6758715582533,347.5,0.0
239,4,371.22815138965643,342.77184861034357,0.0
239,2,270.8103738154701,308.1896261845299,0.025
239,3,268.177898857962,310.822101142038,0.0
239,1,126.05657851440459,264.0565785144046,0.0
240,5,357.6697658168569,346.6697658168569,0.0
240,4,370.27355723505457,343.27355723505457,0.0
240,2,269.8463545482511,309.1536454517489,0.025
240,3,267.1086937588471,311.5,0.0
240,1,125.10198435980276,263.1019843598027,0.0
241,5,356.71517166225505,347.28482833774495,0.0
241,4,369.3189630804527,342.3189630804527,0.0
241,2,268.8823352810321,310.1176647189679,0.025
241,3,265.97581732994485,310.97581732994485,0.0
241,1,124.50000000000001,262.0013344459695,0.0
242,5,355.46392535233997,347.53607464766003,0.01
242,4,368.3606099893511,341.6393900106489,0.01
242,2,267.9183160138131,311.0816839861869,0.025
242,3,265.021223175343,310.978776824657,0.0
242,1,123.89990283178561,260.8999028317856,0.0
243,5,354.5017985230519,348.4982014769481,0.02
243,4,367.3564335081518,342.5,0.02
243,2,266.7282590580023,311.5,0.025
243,3,263.88712088359324,311.5,0.0
243,1,123.49999999999999,259.71554800834264,0.0
244,5,354.2429898767921,349.7570101232079,0.03
244,4,365.9904228105517,342.5,0.03
244,2,265.6973842605617,310.6973842605617,0.025
244,3,262.81914164732586,312.18085835267414,0.0
244,1,122.69782130376848,258.6978213037685,0.0
245,5,353.17935667804164,350.5,0.04
245,4,364.87706235089865,343.12293764910135,0.04
245,2,264.7333649933427,311.2666350066573,0.025
245,3,261.864547492724,313.135452507276,0.0
245,1,121.74322714916664,257.7432271491666,0.0
246,5,351.80256682979063,350.5,0.05
246,4,363.6564568422501,343.5,0.05
246,2,263.4764525073103,311.5235474926897,0.025
246,3,260.90995333812214,312.90995333812214,0.0
246,1,120.7886329945648,256.7886329945648,0.0
247,5,350.7365760890562,349.7365760890562,0.060000000000000005
247,4,362.6332607260672,344.3667392739328,0.060000000000000005
247,2,262.5124332400913,312.4875667599087,0.025
247,3,259.9553591835203,313.0446408164797,0.0
247,1,119.83403883996296,255.83403883996297,0.0
248,5,349.7553564955052,350.2446435044948,0.07
248,4,361.6520411325162,345.3479588674838,0.07
248,2,261.5484139728723,313.4515860271277,0.025
248,3,259.0007650289184,313.9992349710816,0.0
248,1,118.87944468536114,256.12055531463886,0.0
249,5,348.7702731215962,351.2297268784038,0.08
249,4,361.3740645397937,346.6259354602063,0.08
249,2,260.5843947056533,312.5843947056533,0.025
249,3,258.5,315.1418113045414,0.0
249,1,117.9248505307593,255.9248505307593,0.0
250,5,347.78131075279526,352.21868924720474,0.09
250,4,360.3375099319308,347.5,0.09
250,2,259.62037543843434,313.37962456156566,0.025
250,3,257.7986835009013,316.2013164990987,0.0
250,1,117.49999999999999,254.75082938258123,0.0
251,5,346.78845411465795,351.78845411465795,0.09999999999999999
251,4,358.93339860878484,347.5,0.09999999999999999
251,2,258.65635617121535,314.34364382878465,0.025
251,3,256.5724022578317,316.5,0.0
251,1,116.72276900274217,253.72276900274218,0.0
252,5,345.791687872593,352.208312127407,0.10999999999999999
252,4,357.8096928531636,346.8096928531636,0.10999999999999999
252,2,258.3994436851829,315.6005563148171,0.025
252,3,255.59660197288417,317.4033980271158,0.0
252,1,115.76817484814033,252.76817484814035,0.0
253,5,344.79099663162566,353.20900336837434,0.11999999999999998
253,4,356.80900161219625,347.19099838780375,0.11999999999999998
253,2,257.40867633608644,316.5,0.025
253,3,254.6420078182823,318.35799218171763,0.0
253,1,114.8135806935385,251.8135806935385,0.0
254,5,343.7863649361599,354.2136350638401,0.12999999999999998
254,4,355.5162305018455,347.5,0.12999999999999998
254,2,256.1785119319315,316.8214880680685,0.025
254,3,253.39452044486703,318.60547955513294,0.0
254,1,113.85898653893666,250.85898653893668,0.0
255,5,342.7777772697396,355.2222227302604,0.13999999999999999
255,4,354.50288903149675,348.49711096850325,0.13999999999999999
255,2,255.2144926647125,317.7855073352875,0.025
255,3,252.4399262902652,319.4399262902652,0.0
255,1,112.90439238433481,249.90439238433484,0.0
256,5,341.76521805480917,354.76521805480917,0.15
256,4,354.19743659775287,349.80256340224713,0.15
256,2,254.14711609456245,318.5,0.025
256,3,251.47925650732407,318.5,0.0
256,1,112.5,248.7218971944467,0.0
257,5,340.7486716524726,355.2513283475274,0.16
257,4,353.0487105864715,350.5,0.16
257,2,252.9935609114611,319.0064390885389,0.025
257,3,250.23784476224807,318.7621552377519,0.0
257,1,111.70231085631771,247.7023108563177,0.0
258,5,339.7281223622522,356.2718776377478,0.17
258,4,351.6054359391715,350.5,0.17
258,2,252.0295416442421,319.0295416442421,0.025
258,3,249.28325060764624,319.7167493923538,0.0
258,1,110.74771670171587,246.74771670171586,0.0
259,5,338.70355442184587,355.70355442184587,0.18000000000000002
259,4,350.5499865271626,349.5499865271626,0.18000000000000002
259,2,250.88555585303848,318.5,0.025
259,3,248.32865645304437,320.6713435469556,0.0
259,1,109.79312254711404,245.79312254711402,0.0
260,5,337.67898648143955,356.32101351856045,0.18000000000000002
260,4,349.5213841122007,350.4786158877993,0.19000000000000003
260,2,249.8086098909907,319.1913901090093,0.025
260,3,247.37406229844254,321.37406229844254,0.0
260,1,108.8385283925122,244.8385283925122,0.0
261,5,336.65441854103324,357.34558145896676,0.18000000000000002
261,4,348.48873133600125,351.51126866399875,0.20000000000000004
261,2,248.84459062377172,320.1554093762283,0.025
261,3,246.4194681438407,320.5805318561593,0.0
261,1,107.88393423791035,243.88393423791035,0.0
262,5,335.3369573818135,357.6630426181865,0.18000000000000002
262,4,347.4520122493249,352.4520122493249,0.21000000000000005
262,2,247.8805713565527,321.1194286434473,0.025
262,3,245.45032431918952,321.5,0.0
262,1,106.92934008330852,242.92934008330852,0.0
263,5,334.23467860359364,358.5,0.18000000000000002
263,4,346.41121084012843,351.58878915987157,0.22000000000000006
263,2,246.91655208933372,320.9165520893337,0.025
263,3,244.10032431918953,321.5,0.0
263,1,106.5,241.7571785686853,0.0
264,5,332.9949282821874,359.0050717178126,0.18000000000000002
264,4,345.3663110333174,352.6336889666826,0.23000000000000007
264,2,245.95253282211473,321.04746717788527,0.025
264,3,242.96989924240827,322.0301007575917,0.0
264,1,105.72725855529139,240.7272585552914,0.0
265,5,331.96632586722546,360.03367413277454,0.19000000000000003
265,4,344.3172966904981,353.6827033095019,0.24000000000000007
265,2,244.77664893236357,321.5,0.025
265,3,242.01530508780644,322.01530508780644,0.0
265,1,104.77266440068955,239.77266440068956,0.0
266,5,330.93367309102604,361.06632690897396,0.20000000000000004
266,4,343.264151609728,354.735848390272,0.25000000000000006
266,2,243.43870785004987,321.56129214995013,0.025
266,3,241.0607109332046,321.93928906679537,0.0
266,1,103.81807024608771,238.81807024608773,0.0
267,5,329.6471641742165,361.5,0.21000000000000005
267,4,342.2068595252657,355.2068595252657,0.26000000000000006
267,2,242.47468858283085,322.4746885828309,0.025
267,3,239.94296500630884,322.5,0.0
267,1,103.5,237.5998192558046,0.0
268,5,328.5632593763397,362.4367406236603,0.22000000000000006
268,4,341.14540410731973,354.85459589268027,0.2700000000000001
268,2,241.51066931561186,321.5106693156119,0.025
268,3,238.8586294051875,323.14137059481254,0.0
268,1,104.38401128192942,236.61598871807058,0.0
269,5,327.5183595695287,361.5183595695287,0.23000000000000007
269,4,340.07976896179616,355.92023103820384,0.2800000000000001
269,2,240.54665004839288,322.4533499516071,0.025
269,3,237.65717856868193,323.5,0.0
269,1,103.66139456346875,235.66139456346875,0.0
270,5,326.4693452267094,362.5306547732906,0.24000000000000007
270,4,339.00993763004556,356.00993763004556,0.2900000000000001
270,2,239.28973756236044,322.7102624376395,0.025
270,3,236.65654787717034,324.34345212282966,0.0
270,1,102.70680040886691,234.7068004088669,0.0
271,5,325.38148910986246,363.5,0.25000000000000006
271,4,337.9358935886087,356.0641064113913,0.3000000000000001
271,2,238.32571829514148,323.6742817048585,0.025
271,3,235.37139213105502,324.5,0.0
271,1,101.75220625426508,233.75220625426508,0.0
272,5,324.06601484266355,363.06601484266355,0.26000000000000006
272,4,336.8618495471718,357.1381504528282,0.3000000000000001
272,2,237.3044128895986,324.5,0.025
272,3,234.16157313033975,324.8384268696602,0.0
272,1,101.5,232.506673505297,0.0
273,5,323.00455942471757,362.99544057528243,0.2700000000000001
273,4,335.4949122869215,357.5050877130785,0.3000000000000001
273,2,235.94108376750853,324.5,0.025
273,3,233.0856056934281,325.5,0.0
273,1,100.55012472624794,231.55012472624796,0.0
274,5,321.70651910611787,363.5,0.2800000000000001
274,4,334.38809079954996,358.5,0.3000000000000001
274,2,234.57775464541845,324.5,0.025
274,3,231.95949160232263,326.0405083976774,0.0
274,1,99.59553057164611,230.59553057164612,0.0
275,5,320.28330650981644,363.71669349018356,0.2900000000000001
275,4,333.0539309852343,358.9460690147657,0.3000000000000001
275,2,233.59096156982514,325.40903843017486,0.025
275,3,231.0048974477208,326.9951025522792,0.0
275,1,98.64093641704427,229.6409364170443,0.0
276,5,319.5,364.9111649603085,0.3000000000000001
276,4,331.9798869437974,360.0201130562026,0.3000000000000001
276,2,232.3340490837927,325.66595091620735,0.025
276,3,230.05030329311896,327.94969670688107,0.0
276,1,97.68634226244244,228.68634226244245,0.0
277,5,318.8380959099188,366.1619040900812,0.3100000000000001
277,4,330.9016136041501,361.0983863958499,0.3100000000000001
277,2,231.3700298165737,326.62997018342634,0.025
277,3,228.9282463805474,328.5,0.0
277,1,96.7317481078406,227.73174810784062,0.0
278,5,317.7555766182158,365.7555766182158,0.3200000000000001
278,4,329.53705394196567,361.5,0.3200000000000001
278,2,230.4060105493547,327.5939894506453,0.025
278,3,227.8482217651018,329.1517782348982,0.0
278,1,95.77715395323877,226.77715395323878,0.0
279,5,316.6687946550333,366.3312053449667,0.3300000000000001
279,4,328.43941913045114,362.43941913045114,0.3300000000000001
279,2,229.41796328446043,328.5,0.025
279,3,226.89362761049998,330.10637238950005,0.0
279,1,94.82255979863693,225.82255979863695,0.0
280,5,315.577733235111,365.577733235111,0.34000000000000014
280,4,327.34835771052883,361.65164228947117,0.34000000000000014
280,2,228.18507879610326,328.81492120389674,0.025
280,3,225.9390334558981,331.06096654410186,0.0
280,1,95.1320343559649,224.8679656440351,0.0
281,5,314.1894822882792,365.1894822882792,0.35000000000000014
281,4,326.25299998251046,362.74700001748954,0.35000000000000014
281,2,227.22105952888427,329.77894047111573,0.025
281,3,224.77088706766665,331.5,0.0
281,1,96.08662851056674,223.91337148943327,0.0
282,5,313.08981133445246,364.08981133445246,0.36000000000000015
282,4,325.00973321068346,363.5,0.36000000000000015
282,2,226.25704026166528,330.7429597383347,0.025
282,3,223.44405870906755,331.4440587090675,0.0
282,1,96.5,222.7345955666549,0.0
283,5,313.0141898295124,362.9858101704876,0.37000000000000016
283,4,323.75643464590536,362.75643464590536,0.37000000000000016
283,2,225.20728748321946,331.5,0.025
283,3,222.48510063003974,330.5,0.0
283,1,97.28871003858387,221.71128996141613,0.0
284,5,313.5,361.6195979569304,0.38000000000000017
284,4,322.6480862205928,363.3519137794072,0.38000000000000017
284,2,223.84395836112938,331.5,0.025
284,3,221.2419771810504,330.7580228189496,0.0
284,1,96.75669580681429,220.7566958068143,0.0
285,5,312.4718557213487,360.4718557213487,0.3900000000000002
285,4,321.1358120016875,363.5,0.3900000000000002
285,2,222.7791960223814,330.7791960223814,0.025
285,3,220.19931419241283,331.5,0.0
285,1,97.19789834778754,219.80210165221246,0.0
286,5,311.5,359.2946015326272,0.4000000000000002
286,4,319.8324926074797,364.1675073925203,0.4000000000000002
286,2,221.53151367932236,330.5,0.025
286,3,219.03989565303326,331.9601043469667,0.0
286,1,96.84750749761062,218.84750749761062,0.0
287,5,310.94037494269514,357.94037494269514,0.4100000000000002
287,4,319.4181061992995,365.5818938007005,0.4100000000000002
287,2,220.55826426912998,331.44173573087,0.025
287,3,217.91352775478592,332.5,0.0
287,1,95.89291334300879,217.8929133430088,0.0
288,5,309.81446561306245,356.81446561306245,0.4200000000000002
288,4,318.2921968696668,366.2921968696668,0.4200000000000002
288,2,219.30135178309754,331.6986482169024,0.025
288,3,216.83781412501614,333.1621858749839,0.0
288,1,95.5,216.70566337852037,0.0
289,5,309.39122953477096,355.39122953477096,0.4300000000000002
289,4,317.16185401018873,365.83814598981127,0.4300000000000002
289,2,218.26995343779836,332.5,0.025
289,3,215.88321997041427,334.1167800295857,0.0
289,1,95.3979385961782,215.3979385961782,0.0
290,5,308.2564356873927,354.2564356873927,0.4400000000000002
290,4,316.02706016281047,366.02706016281047,0.4400000000000002
290,2,217.08042002984612,332.91957997015385,0.025
290,3,214.6919548795321,334.5,0.0
290,1,94.44334444157636,214.44334444157636,0.0
291,5,307.8828266746858,353.1171733253142,0.45000000000000023
291,4,314.63421534688047,365.5,0.45000000000000023
291,2,216.11640076262714,333.88359923737283,0.025
291,3,213.68113844239716,335.3188615576029,0.0
291,1,93.51124971302548,213.48875028697452,0.0
292,5,308.5,351.75531028510727,0.46000000000000024
292,4,313.4511561093238,364.4511561093238,0.46000000000000024
292,2,215.00839319627437,334.5,0.025
292,3,213.43365106898185,336.5663489310181,0.0
292,1,94.46584386762731,212.5341561323727,0.0
293,5,307.53227938569165,350.53227938569165,0.47000000000000025
293,4,312.6970961388906,363.3029038611094,0.47000000000000025
293,2,213.89546900937572,335.10453099062426,0.025
293,3,212.47905691438,337.52094308562,0.0
293,1,93.57956197777085,211.57956197777085,0.0
294,5,306.3795056271936,349.3795056271936,0.48000000000000026
294,4,313.5,362.00520924604695,0.48000000000000026
294,2,213.5,336.3040514855327,0.025
294,3,211.52446275977817,338.47553724022185,0.0
294,1,92.62496782316902,210.62496782316902,0.0
295,5,305.77780744608646,348.22219255391354,0.49000000000000027
295,4,312.6999238105179,360.6999238105179,0.49000000000000027
295,2,212.6745372561243,337.32546274387573,0.025
295,3,210.27697538636286,338.2769753863629,0.0
295,1,93.32962633143282,209.67037366856718,0.0
296,5,306.0603222912438,347.0603222912438,0.5000000000000002
296,4,311.5380535478481,359.5380535478481,0.5000000000000002
296,2,211.71051798890528,338.2894820110947,0.025
296,3,209.32238123176103,337.677618768239,0.0
296,1,92.71577951396534,208.71577951396534,0.0
297,5,305.5,345.6428124832975,0.5100000000000002
297,4,311.07871493198206,358.07871493198206,0.5100000000000002
297,2,210.45360550287285,338.45360550287285,0.025
297,3,208.31302269139755,338.5,0.0
297,1,93.23881464063649,207.7611853593635,0.0
298,5,304.4299451282867,344.4299451282867,0.5200000000000002
298,4,309.907676384891,356.907676384891,0.5200000000000002
298,2,209.48958623565386,337.51041376434614,0.025
298,3,207.1202997037439,338.1202997037439,0.0
298,1,94.19340879523833,206.80659120476167,0.0
299,5,303.25429534456055,343.25429534456055,0.5300000000000002
299,4,309.4391333823514,355.4391333823514,0.5300000000000002
299,2,208.52556696843487,338.4744330315651,0.025
299,3,206.02723625377064,337.5,0.0
299,1,95.14800294984016,205.85199705015984,0.0
300,5,302.07401616638265,342.07401616638265,0.5400000000000003
300,4,308.2588542041735,354.2588542041735,0.5400000000000003
300,2,207.26865448240244,338.26865448240244,0.025
300,3,204.91821817572676,338.0817818242732,0.0
300,1,96.102597104442,204.897402895558,0.0
301,5,301.5,340.6360418937869,0.5500000000000003
301,4,307.92607259777355,353.07392740222645,0.5500000000000003
301,2,206.22371247170233,337.5,0.025
301,3,203.74144981614376,338.5,0.0
301,1,97.05719125904383,203.94280874095617,0.0
302,5,301.1137101999931,339.1137101999931,0.5600000000000003
302,4,308.5,351.62600870351156,0.5650000000000003
302,2,205.04772272915102,337.952277270849,0.025
302,3,202.71613664770965,339.2838633522903,0.0
302,1,98.01178541364567,202.98821458635433,0.0
303,5,300.5,337.67895452242544,0.5700000000000003
303,4,307.392475522342,350.392475522342,0.5750000000000003
303,2,203.9112677898953,338.5,0.025
303,3,201.7615424931078,340.2384575068922,0.0
303,1,98.9663795682475,202.0336204317525,0.0
304,5,299.5,336.397554635324,0.5800000000000003
304,4,306.1911374424203,349.1911374424203,0.5850000000000003
304,2,202.8267909758996,339.1732090241004,0.025
304,3,200.80694833850598,339.80694833850595,0.0
304,1,99.92097372284934,201.07902627715066,0.0
305,5,300.06903406096393,334.93096593903607,0.5900000000000003
305,4,306.0149311855939,347.9850688144061,0.5950000000000003
305,2,201.8627717086806,340.1372282913194,0.025
305,3,199.8523541839041,340.14764581609586,0.0
305,1,100.12443212254882,200.12443212254882,0.0
306,5,300.5,333.4004843900597,0.6000000000000003
306,4,305.774251010666,346.774251010666,0.6050000000000003
306,2,200.89875244146162,339.8987524414616,0.025
306,3,198.89776002930228,341.1022399706977,0.0
306,1,100.0,200.0,0.0
307,5,299.92353921868755,331.92353921868755,0.6100000000000003
307,4,305.2657721114026,345.2657721114026,0.6150000000000003
307,2,199.93473317424264,340.06526682575736,0.025
307,3,197.94316587470044,342.0568341252996,0.0
307,1,100.0,200.0,0.0
308,5,299.4126693451993,330.4126693451993,0.6200000000000003
308,4,304.04539977961946,344.04539977961946,0.6250000000000003
308,2,198.97071390702365,341.02928609297635,0.025
308,3,196.7767311903823,342.5,0.0
308,1,100.0,200.0,0.0
309,5,298.06144760016934,329.5,0.6300000000000003
309,4,302.82022194795013,342.82022194795013,0.6350000000000003
309,2,198.00669463980466,341.99330536019534,0.025
309,3,195.7410843466833,343.2589156533167,0.0
309,1,100.0,200.0,0.0
310,5,296.6694157323584,328.6694157323584,0.6400000000000003
310,4,301.59021969362124,341.59021969362124,0.6450000000000004
310,2,196.85324530950345,342.5,0.025
310,3,194.493596973268,343.506403026732,0.0
310,1,100.0,200.0,0.0
311,5,295.56300585261414,327.43699414738586,0.6500000000000004
311,4,301.5,339.8812544143152,0.6550000000000004
311,2,195.78576288655324,343.21423711344676,0.025
311,3,193.53900281866615,344.4609971813338,0.0
311,1,100.0,200.0,0.0
312,5,296.19971961579034,326.19971961579034,0.6600000000000004
312,4,300.52987941540647,338.52987941540647,0.6650000000000004
312,2,194.54080062769643,343.5,0.025
312,3,193.29151544525087,345.70848455474913,0.0
312,1,100.0,200.0,0.0
313,5,295.5,324.7328924195524,0.6700000000000004
313,4,299.9923963910482,336.9923963910482,0.6750000000000004
313,2,193.56483113330182,344.4351688666982,0.025
313,3,192.33692129064903,346.663078709351,0.0
313,1,100.0,200.0,0.0
314,5,294.5,323.3835281714916,0.6800000000000004
314,4,299.5499874951315,335.4500125048685,0.6850000000000004
314,2,193.3079186472694,345.6920813527306,0.025
314,3,191.33358543987464,347.5,0.0
314,1,100.0,200.0,0.0
315,5,293.8728004310403,321.8728004310403,0.6900000000000004
315,4,300.5,334.06951576381186,0.6950000000000004
315,2,192.3438993800504,346.6561006199496,0.025
315,3,189.98358543987464,347.5,0.0
315,1,100.0,200.0,0.0
316,5,292.615922262925,320.615922262925,0.7000000000000004
316,4,300.35046487792005,332.35046487792005,0.7050000000000004
316,2,191.33012482645546,347.5,0.025
316,3,188.8873523892166,346.8873523892166,0.0
316,1,100.0,200.0,0.0
317,5,292.93879837411083,319.06120162588917,0.7100000000000004
317,4,299.5,330.9147355394034,0.7150000000000004
317,2,189.96679570436538,347.5,0.025
317,3,187.69779900224773,346.5,0.0
317,1,100.0,200.0,0.0
318,5,292.79440546873633,317.79440546873633,0.7200000000000004
318,4,298.5239744534143,329.5239744534143,0.7250000000000004
318,2,188.86605514076652,346.86605514076655,0.025
318,3,186.68527086119946,347.31472913880054,0.0
318,1,100.0,200.0,0.0
319,5,291.5226210070879,316.5226210070879,0.7300000000000004
319,4,296.95679525955325,328.95679525955325,0.7350000000000004
319,2,187.65435102255836,346.5,0.025
319,3,185.73067670659762,348.2693232934024,0.0
319,1,100.0,200.0,0.0
320,5,290.5,315.1405473565975,0.7400000000000004
320,4,295.6774914871101,327.6774914871101,0.7450000000000004
320,2,186.6451233875151,347.3548766124849,0.025
320,3,184.77608255199576,349.2239174480042,0.0
320,1,100.0,200.0,0.0
321,5,289.6711153037068,313.6711153037068,0.7500000000000004
321,4,296.39315015852713,326.39315015852713,0.7550000000000004
321,2,185.6811041202961,348.31889587970386,0.025
321,3,183.82148839739392,350.1785116026061,0.0
321,1,100.0,200.0,0.0
322,5,288.61575223677715,312.38424776322285,0.7600000000000005
322,4,295.5,324.9396199084958,0.7650000000000005
322,2,184.71708485307713,349.28291514692285,0.025
322,3,182.86689424279209,351.13310575720794,0.0
322,1,100.0,200.0,0.0
323,5,289.0923128825033,311.0923128825033,0.7700000000000005
323,4,294.5163821898216,323.5163821898216,0.7750000000000005
323,2,183.75306558585814,350.24693441414183,0.025
323,3,181.66886681411316,351.5,0.0
323,1,100.0,200.0,0.0
324,5,287.79529070771736,309.79529070771736,0.7800000000000005
324,4,293.9239156419606,321.9239156419606,0.7850000000000005
324,2,182.78904631863915,351.2109536813608,0.025
324,3,180.66481271477494,350.66481271477494,0.0
324,1,100.0,200.0,0.0
325,5,286.50683879353846,308.49316120646154,0.7900000000000005
325,4,292.6192249406799,320.6192249406799,0.7950000000000005
325,2,181.54544410188345,351.5,0.025
325,3,179.38308037648625,350.5,0.0
325,1,100.0,200.0,0.0
326,5,287.5,307.0558015551442,0.8000000000000005
326,4,292.98349650249077,319.01650349750923,0.8050000000000005
326,2,180.56811456538773,350.5681145653877,0.025
326,3,178.03308037648625,350.5,0.0
326,1,100.0,200.0,0.0
327,5,286.58060648139053,305.58060648139053,0.8100000000000005
327,4,292.7015175198835,317.7015175198835,0.8150000000000005
327,2,179.2329994200764,350.5,0.025
327,3,176.68308037648626,350.5,0.0
327,1,100.0,200.0,0.0
328,5,285.26303401592673,304.26303401592673,0.8200000000000005
328,4,291.38135347913624,316.38135347913624,0.8250000000000005
328,2,177.86967029798632,350.5,0.025
328,3,175.67486322111378,349.67486322111375,0.0
328,1,100.0,200.0,0.0
329,5,283.940273302444,302.940273302444,0.8300000000000005
329,4,290.5,314.8720764297928,0.8350000000000005
329,2,176.50634117589624,350.5,0.025
329,3,175.5,348.3972939388593,0.0
329,1,100.0,200.0,0.0
330,5,282.612303911009,303.387696088991,0.8400000000000005
330,4,289.4325163498626,313.4325163498626,0.8450000000000005
330,2,175.54046462125794,349.5404646212579,0.025
330,3,175.17988847428316,347.1798884742832,0.0
330,1,100.0,200.0,0.0
331,5,281.98621211242755,305.01378788757245,0.8500000000000005
331,4,288.9033045406912,312.0966954593088,0.8550000000000005
331,2,175.5,348.1938964940892,0.025
331,3,174.77470568031868,346.2252943196813,0.0
331,1,100.0,200.0,0.0
332,5,280.6477637531812,304.6477637531812,0.8600000000000005
332,4,288.75561446331807,310.75561446331807,0.8650000000000005
332,2,175.02663964919304,347.02663964919304,0.025
332,3,175.2707001650795,345.27070016507946,0.0
332,1,100.0,200.0,0.0
333,5,279.3040449422289,305.3040449422289,0.8700000000000006
333,4,287.40925264900187,309.40925264900187,0.8750000000000006
333,2,174.93737961802594,346.06262038197406,0.025
333,3,174.31610601047763,344.31610601047765,0.0
333,1,100.0,200.0,0.0
334,5,277.9550349259413,305.0449650740587,0.8800000000000006
334,4,286.9424107780901,308.0575892219099,0.8850000000000006
334,2,175.09860111475507,345.09860111475507,0.025
334,3,173.6384881441242,343.3615118558758,0.0
334,1,100.0,200.0,0.0
335,5,276.60071286896664,306.39928713103336,0.8900000000000006
335,4,287.40771008689535,306.40771008689535,0.8950000000000006
335,2,174.13458184753608,344.1345818475361,0.025
335,3,174.40691770127395,342.4069177012739,0.0
335,1,100.0,200.0,0.0
336,5,275.2410578539094,307.2410578539094,0.9000000000000006
336,4,286.0453807230464,305.0453807230464,0.9050000000000006
336,2,173.8294374196829,343.1705625803171,0.025
336,3,173.4523235466721,341.4523235466721,0.0
336,1,100.0,200.0,0.0
337,5,273.8760488810068,307.1239511189932,0.9100000000000006
337,4,284.67768687048164,303.67768687048164,0.9150000000000006
337,2,174.2065433130981,342.2065433130981,0.025
337,3,172.49772939207026,340.49772939207026,0.0
337,1,100.0,200.0,0.0
338,5,272.09379777050515,307.5,0.9200000000000006
338,4,283.30460740527917,302.69539259472083,0.9250000000000006
338,2,173.24252404587912,341.2425240458791,0.025
338,3,171.54313523746842,339.5431352374684,0.0
338,1,100.0,200.0,0.0
339,5,270.54409821120447,308.45590178879553,0.9300000000000006
339,4,282.5,304.31158729477943,0.9350000000000006
339,2,172.27850477866014,340.27850477866014,0.025
339,3,171.2956478640531,338.29564786405314,0.0
339,1,100.0,200.0,0.0
340,5,269.16290053764516,309.83709946235484,0.9400000000000006
340,4,281.24931350623035,305.24931350623035,0.9450000000000006
340,2,171.5,339.2376428942634,0.025
340,3,170.5,337.2752160002171,0.0
340,1,100.0,200.0,0.0
341,5,267.7762640770123,311.2237359229877,0.9500000000000006
341,4,279.8599496261403,305.1400503738597,0.9550000000000006
341,2,171.05757302540871,338.0575730254087,0.025
341,3,170.09356633603596,336.09356633603596,0.0
341,1,100.0,200.0,0.0
342,5,266.09127419400335,311.09127419400335,0.9600000000000006
342,4,278.4651148026392,304.5348851973608,0.9650000000000006
342,2,170.5,336.92519821245634,0.025
342,3,169.13897218143413,335.1389721814341,0.0
342,1,100.0,200.0,0.0
343,5,264.69369582542384,311.30630417457616,0.9700000000000006
343,4,277.064787492615,305.935212507385,0.9750000000000006
343,2,169.8366412721573,335.8366412721573,0.025
343,3,168.81562197316774,334.1843780268323,0.0
343,1,100.0,200.0,0.0
344,5,263.0032242380309,311.9967757619691,0.9700000000000006
344,4,275.6589460681245,307.3410539318755,0.9850000000000007
344,2,168.8726220049383,334.8726220049383,0.025
344,3,169.5,333.11785668733637,0.0
344,1,100.0,200.0,0.0
345,5,261.6056458694514,313.3943541305486,0.9700000000000006
345,4,274.24756881605964,306.75243118394036,0.9950000000000007
345,2,169.09139726228068,333.9086027377193,0.025
345,3,168.98229649881517,331.9822964988152,0.0
345,1,100.0,200.0,0.0
346,5,260.2080675008719,312.7919324991281,0.9700000000000006
346,4,272.5030997823684,307.5,1.0050000000000006
346,2,169.5,332.7145224112154,0.025
346,3,168.02770234421334,331.0277023442133,0.0
346,1,100.0,200.0,0.0
347,5,258.8104891322924,314.1895108677076,0.9700000000000006
347,4,270.7692769218967,308.2307230781033,1.0150000000000006
347,2,168.6876709844679,331.6876709844679,0.025
347,3,167.07310818961147,330.0731081896115,0.0
347,1,100.0,200.0,0.0
348,5,258.12001754489944,315.87998245510056,0.9700000000000006
348,4,269.34159499088685,309.65840500911315,1.0250000000000006
348,2,167.7236517172489,330.7236517172489,0.025
348,3,165.96049737445566,329.5,0.0
348,1,100.0,200.0,0.0
349,5,256.4295459575065,316.5704540424935,0.9700000000000006
349,4,267.9261330594625,311.0738669405375,1.0350000000000006
349,2,166.75963245002993,329.7596324500299,0.025
349,3,164.87102666159436,328.8710266615943,0.0
349,1,100.0,200.0,0.0
350,5,255.03196758892696,317.968032411073,0.9700000000000006
350,4,266.2298804069947,311.2298804069947,1.0450000000000006
350,2,165.5038466099744,329.5,0.025
350,3,164.5,327.6747109368287,0.0
350,1,100.0,200.0,0.0
351,5,253.34149600153398,318.658503998466,0.9700000000000006
351,4,264.8385082074761,311.1614917925239,1.0550000000000006
351,2,164.5387006967785,328.5387006967785,0.025
351,3,164.37605191476374,326.37605191476376,0.0
351,1,100.0,200.0,0.0
352,5,251.94391763295448,318.9439176329545,0.9700000000000006
352,4,263.154242789144,311.845757210856,1.0550000000000006
352,2,164.5,327.1914019281674,0.025
352,3,163.4214577601619,325.4214577601619,0.0
352,1,100.0,200.0,0.0
353,5,250.2534460455615,318.74655395443847,0.9700000000000006
353,4,261.7628705896254,313.2371294103746,1.0550000000000006
353,2,164.02487572471364,326.02487572471364,0.025
353,3,162.46686360556006,324.46686360556004,0.0
353,1,100.0,200.0,0.0
354,5,248.855867676982,320.144132323018,0.9700000000000006
354,4,260.37149839010675,312.62850160989325,1.0550000000000006
354,2,163.06085645749465,325.06085645749465,0.025
354,3,161.5122694509582,323.51226945095823,0.0
354,1,100.0,200.0,0.0
355,5,247.45828930840244,321.45828930840247,0.9700000000000006
355,4,258.9801261905881,314.0198738094119,1.0550000000000006
355,2,162.09683719027566,324.09683719027566,0.025
355,3,160.26478207754292,323.2647820775429,0.0
355,1,100.0,200.0,0.0
356,5,246.06071093982294,320.9392890601771,0.9700000000000006
356,4,258.29586077225605,315.70413922774395,1.0550000000000006
356,2,160.98072612692644,323.5,0.025
356,3,159.31018792294108,322.31018792294105,0.0
356,1,100.0,200.0,0.0
357,5,244.3164907323441,321.5,0.9700000000000006
357,4,256.6578196630171,316.5,1.0550000000000006
357,2,159.87590543702424,322.87590543702424,0.025
357,3,158.35559376833922,321.35559376833925,0.0
357,1,100.0,200.0,0.0
358,5,242.67976776503696,322.32023223496304,0.9700000000000006
358,4,255.22022315440535,317.77977684559465,1.0550000000000006
358,2,158.91188616980526,321.91188616980526,0.025
358,3,157.40099961373738,320.4009996137374,0.0
358,1,100.0,200.0,0.0
359,5,241.28218939645743,321.71781060354255,0.9700000000000006
359,4,253.55085191802706,318.5,1.0550000000000006
359,2,157.94786690258627,320.94786690258627,0.025
359,3,156.44640545913555,319.4464054591355,0.0
359,1,100.0,200.0,0.0
360,5,239.6297085694901,322.5,0.9700000000000006
360,4,252.14458553655467,319.14458553655464,1.0550000000000006
360,2,156.98384763536728,319.9838476353673,0.025
360,3,155.4884194358134,318.5,0.0
360,1,100.0,200.0,0.0
361,5,238.06744784853876,323.5,0.9700000000000006
361,4,250.4603201182226,318.5396798817774,1.0550000000000006
361,2,156.0198283681483,319.0198283681483,0.025
361,3,154.2443239311184,318.2443239311184,0.0
361,1,100.0,200.0,0.0
362,5,236.49740430041564,324.5,0.9800000000000006
362,4,249.08082206403975,319.9191779359603,1.0650000000000006
362,2,154.87181920625153,318.5,0.025
362,3,153.28972977651657,317.28972977651654,0.0
362,1,100.0,200.0,0.0
363,5,234.50533371605556,324.5,0.9900000000000007
363,4,247.71308718024855,321.2869128197514,1.0750000000000006
363,2,153.79889661489688,317.7988966148969,0.025
363,3,152.26684656055957,316.5,0.0
363,1,100.0,200.0,0.0
364,5,232.85654727842865,325.5,1.0000000000000007
364,4,246.3570065470411,320.6429934529589,1.0850000000000006
364,2,152.8348773476779,316.8348773476779,0.025
364,3,151.08764824849942,316.0876482484994,0.0
364,1,100.0,200.0,0.0
365,5,231.30587969343262,326.6941203065674,1.0100000000000007
365,4,244.81053304848595,321.5,1.0950000000000006
365,2,151.61025896472754,316.5,0.025
365,3,150.5,314.98106012293266,0.0
365,1,100.0,200.0,0.0
366,5,229.8720429820874,328.1279570179126,1.0200000000000007
366,4,243.09359585386557,321.90640414613443,1.1050000000000006
366,2,150.61394559442647,315.61394559442647,0.025
366,3,149.88556672048227,313.8855667204823,0.0
366,1,100.0,200.0,0.0
367,5,228.15759266221167,328.8424073377883,1.0300000000000007
367,4,241.77184416869585,321.77184416869585,1.1150000000000007
367,2,150.35703310839403,314.35703310839403,0.025
367,3,148.69527368530578,313.5,0.0
367,1,100.0,200.0,0.0
368,5,226.74819652599976,330.25180347400027,1.0400000000000007
368,4,240.44531307606317,322.5,1.1250000000000007
368,2,149.34869872320354,313.5,0.025
368,3,147.3905919736517,313.60940802634826,0.0
368,1,100.0,200.0,0.0
369,5,225.28906294779742,331.5,1.0500000000000007
369,4,238.86906219186716,323.13093780813284,1.1350000000000007
369,2,147.98536960111346,313.5,0.025
369,3,146.43599781904987,314.4359978190499,0.0
369,1,100.0,200.0,0.0
370,5,223.3796374180882,331.3796374180882,1.0600000000000007
370,4,237.58072795819484,324.4192720418052,1.1450000000000007
370,2,146.87918886911015,314.1208111308899,0.025
370,3,145.47370081005198,313.5,0.0
370,1,100.0,200.0,0.0
371,5,221.80142756091456,330.5,1.0700000000000007
371,4,235.80766518561512,324.5,1.1550000000000007
371,2,145.91516960189114,313.91516960189114,0.025
371,3,144.23391629103276,313.23391629103276,0.0
371,1,100.0,200.0,0.0
372,5,220.28963177650996,331.5,1.0800000000000007
372,4,234.15812003762562,324.8418799623744,1.1650000000000007
372,2,144.7238093595894,313.5,0.025
372,3,143.5,312.1879143724251,0.0
372,1,100.0,200.0,0.0
373,5,218.70806025767308,332.2919397423269,1.0900000000000007
373,4,232.65477958560075,325.5,1.1750000000000007
373,2,143.69423784863972,312.6942378486397,0.025
373,3,143.96816523698436,311.03183476301564,0.0
373,1,100.0,200.0,0.0
374,5,217.076367913803,332.92363208619696,1.1000000000000008
374,4,231.36433116018264,326.63566883981736,1.1850000000000007
374,2,143.56267463739272,311.4373253626073,0.025
374,3,144.5,309.9021279347982,0.0
374,1,100.0,200.0,0.0
375,5,215.74895936486166,334.25104063513834,1.1100000000000008
375,4,230.12979357938917,327.8702064206108,1.1950000000000007
375,2,144.5,310.4622491180654,0.025
375,3,143.82975323499852,308.8297532349985,0.0
375,1,100.0,200.0,0.0
376,5,214.13994601421305,334.8600539857869,1.1200000000000008
376,4,228.65959625062553,328.5,1.2050000000000007
376,2,144.21639360935583,309.21639360935586,0.025
376,3,142.87515908039668,307.87515908039666,0.0
376,1,100.0,200.0,0.0
377,5,213.5,336.4404322812641,1.1300000000000008
377,4,227.39920494746812,329.6007950525319,1.2150000000000007
377,2,143.25237434213685,308.2523743421369,0.025
377,3,141.92056492579482,306.92056492579485,0.0
377,1,100.0,200.0,0.0
378,5,212.248278179987,337.751721820013,1.1400000000000008
378,4,226.19587516548648,330.8041248345135,1.2250000000000008
378,2,142.28835507491786,307.2883550749179,0.025
378,3,140.96597077119299,305.965970771193,0.0
378,1,100.0,200.0,0.0
379,5,210.74400140799324,338.5,1.1500000000000008
379,4,224.7968224234919,331.5,1.2350000000000008
379,2,141.32433580769887,306.3243358076989,0.025
379,3,140.01137661659115,305.0113766165911,0.0
379,1,100.0,200.0,0.0
380,5,209.40058261053076,337.59941738946924,1.1600000000000008
380,4,223.23404559023936,331.23404559023936,1.2450000000000008
380,2,140.3603165404799,305.3603165404799,0.025
380,3,139.5,303.87319574666367,0.0
380,1,100.0,200.0,0.0
381,5,207.99008281473118,338.5,1.1700000000000008
381,4,221.87939854831575,330.5,1.2550000000000008
381,2,139.5,304.35334219739053,0.025
381,3,138.809295088574,302.809295088574,0.0
381,1,100.0,200.0,0.0
382,5,206.5961043517121,337.59610435171214,1.1800000000000008
382,4,220.60538753985517,331.3946124601448,1.2650000000000008
382,2,139.1393847872285,303.1393847872285,0.025
382,3,139.14529906602783,301.85470093397214,0.0
382,1,100.0,200.0,0.0
383,5,205.06339618558755,337.9366038144125,1.1900000000000008
383,4,219.15951725629247,331.8404827437075,1.2750000000000008
383,2,138.8246344799905,302.1753655200095,0.025
383,3,139.5,300.6516228714098,0.0
383,1,100.0,200.0,0.0
384,5,203.5582948977404,338.5,1.2000000000000008
384,4,217.8160487671259,332.5,1.2850000000000008
384,2,139.5,301.0917819558665,0.025
384,3,139.35972618714158,299.3597261871416,0.0
384,1,100.0,200.0,0.0
385,5,202.32238375697543,339.67761624302454,1.2100000000000009
385,4,216.5900934415131,333.4099065584869,1.2950000000000008
385,2,139.5,299.72845283377643,0.025
385,3,138.5,298.36583643378293,0.0
385,1,100.0,200.0,0.0
386,5,201.11390611476858,340.11390611476855,1.2200000000000009
386,4,215.45246634182067,334.5,1.3050000000000008
386,2,138.6975212807256,298.6975212807256,0.025
386,3,138.84235534087554,297.15764465912446,0.0
386,1,100.0,200.0,0.0
387,5,199.9157032240733,340.0842967759267,1.2300000000000009
387,4,214.05939865806914,334.94060134193086,1.3150000000000008
387,2,138.55939120530684,297.44060879469316,0.025
387,3,139.79694949547738,296.2030505045226,0.0
387,1,100.0,200.0,0.0
388,5,198.72769188760827,341.2723081123917,1.2400000000000009
388,4,213.5,336.27097665318536,1.3250000000000008
388,2,139.52341047252582,296.4765895274742,0.025
388,3,140.75154365007924,295.2484563499208,0.0
388,1,100.0,200.0,0.0
389,5,197.54979024461636,342.45020975538364,1.2500000000000009
389,4,212.56684606285776,337.43315393714227,1.3350000000000009
389,2,140.4874297397448,295.5125702602552,0.025
389,3,141.29386219531892,294.2938621953189,0.0
389,1,100.0,200.0,0.0
390,5,196.0890245201018,342.9109754798982,1.260000000000001
390,4,211.47332951429354,338.5,1.3450000000000009
390,2,141.4514490069638,294.5485509930362,0.025
390,3,140.5,293.2726906832753,0.0
390,1,100.0,200.0,0.0
391,5,194.69545654773577,343.5,1.270000000000001
391,4,210.11186633221433,338.11186633221433,1.3550000000000009
391,2,140.58453172581721,293.5845317258172,0.025
391,3,140.0917806673018,292.0917806673018,0.0
391,1,100.0,200.0,0.0
392,5,193.5,344.513918951173,1.280000000000001
392,4,209.0447395861705,337.95526041382954,1.3650000000000009
392,2,140.32761923978478,292.3276192397848,0.025
392,3,139.13718651269997,291.13718651269994,0.0
392,1,100.0,200.0,0.0
393,5,193.0590087529485,345.9409912470515,1.290000000000001
393,4,207.7742257521148,338.5,1.3750000000000009
393,2,139.3635999725658,291.3635999725658,0.025
393,3,138.8174076419019,290.18259235809813,0.0
393,1,100.0,200.0,0.0
394,5,191.93047226333252,347.0695277366675,1.300000000000001
394,4,206.6450881030313,337.6450881030313,1.385000000000001
394,2,138.6004192946532,290.3995807053468,0.025
394,3,139.77200179650373,289.22799820349627,0.0
394,1,100.0,200.0,0.0
395,5,190.52642801726952,347.5,1.310000000000001
395,4,205.31243117388684,337.68756882611314,1.395000000000001
395,2,139.56443856187218,289.4355614381278,0.025
395,3,140.27340404889443,288.2734040488944,0.0
395,1,100.0,200.0,0.0
396,5,189.11647412666912,347.1164741266691,1.320000000000001
396,4,204.19121758356405,338.5,1.405000000000001
396,2,140.47154217090883,288.47154217090883,0.025
396,3,139.31880989429257,287.3188098942926,0.0
396,1,100.0,200.0,0.0
397,5,187.8164445879635,346.5,1.330000000000001
397,4,202.96691795981548,339.0330820401845,1.415000000000001
397,2,139.50752290368985,287.50752290368985,0.025
397,3,138.5,286.30797205751384,0.0
397,1,100.0,200.0,0.0
398,5,186.63336745468197,347.36663254531805,1.340000000000001
398,4,201.95393504854047,340.0460649514595,1.425000000000001
398,2,138.54350363647086,286.54350363647086,0.025
398,3,138.11672836627545,285.1167283662754,0.0
398,1,100.0,200.0,0.0
399,5,185.5523328315427,348.44766716845726,1.350000000000001
399,4,200.94975392187925,339.9497539218793,1.435000000000001
399,2,138.28659115043843,285.2865911504384,0.025
399,3,137.5,284.02218561988695,0.0
399,1,100.0,200.0,0.0
400,5,184.48058718097403,349.51941281902594,1.360000000000001
400,4,199.95431345583458,340.0456865441654,1.445000000000001
400,2,137.5,284.2490787509026,0.025
400,3,137.5,282.67218561988693,0.0
400,1,100.0,200.0,0.0
401,5,183.41806245128382,350.5819375487162,1.370000000000001
401,4,198.9675533695089,341.0324466304911,1.455000000000001
401,2,137.5,282.8857496288125,0.025
401,3,137.37426624602958,281.37426624602955,0.0
401,1,100.0,200.0,0.0
402,5,182.30864499823207,351.5,1.380000000000001
402,4,197.9894142077801,342.0105857922199,1.465000000000001
402,2,137.5,281.5224205067224,0.025
402,3,136.4196720914277,280.41967209142774,0.0
402,1,100.0,200.0,0.0
403,5,181.02751525679554,351.02751525679554,1.390000000000001
403,4,196.82094743209007,342.5,1.475000000000001
403,2,136.55183442512208,280.5518344251221,0.025
403,3,135.45061274463313,279.5,0.0
403,1,100.0,200.0,0.0
404,5,179.78193981170475,350.5,1.400000000000001
404,4,195.7658716470273,343.23412835297273,1.485000000000001
404,2,135.5878151579031,279.5878151579031,0.025
404,3,134.2175905634106,279.2175905634106,0.0
404,1,100.0,200.0,0.0
405,5,178.3305294855191,350.5,1.410000000000001
405,4,194.52878393725638,343.5,1.495000000000001
405,2,134.33090267187066,279.33090267187066,0.025
405,3,133.5,278.16482630700625,0.0
405,1,100.0,200.0,0.0
406,5,176.89169871699053,350.5,1.420000000000001
406,4,193.5761192377807,344.4238807622193,1.505000000000001
406,2,133.5,278.3117447054815,0.025
406,3,133.98449096460652,277.0155090353935,0.0
406,1,100.0,200.0,0.0
407,5,175.7683984938813,349.7683984938813,1.430000000000001
407,4,193.34732740091985,345.6526725990801,1.515000000000001
407,2,133.89002908138076,277.10997091861924,0.025
407,3,134.06091488079164,276.06091488079164,0.0
407,1,100.0,200.0,0.0
408,5,175.5,348.4656375323539,1.440000000000001
408,4,192.41970940530894,346.58029059469106,1.525000000000001
408,2,134.14595165140025,276.14595165140025,0.025
408,3,133.1063207261898,275.1063207261898,0.0
408,1,100.0,200.0,0.0
409,5,175.1917160542113,347.1917160542113,1.450000000000001
409,4,191.50031791003258,347.4996820899674,1.535000000000001
409,2,133.18193238418127,275.18193238418127,0.025
409,3,132.15172657158794,274.151726571588,0.0
409,1,100.0,200.0,0.0
410,5,174.79072618887292,346.2092738111271,1.460000000000001
410,4,190.21179215310218,347.5,1.545000000000001
410,2,132.21791311696228,274.2179131169623,0.025
410,3,131.1971324169861,273.1971324169861,0.0
410,1,100.0,200.0,0.0
411,5,175.23542306946004,345.23542306946,1.470000000000001
411,4,189.10021499530413,347.10021499530416,1.555000000000001
411,2,131.2538938497433,273.2538938497433,0.025
411,3,130.5,272.1358941188717,0.0
411,1,100.0,200.0,0.0
412,5,174.27010558129516,344.2701055812952,1.480000000000001
412,4,188.0830689534048,346.5,1.565000000000001
412,2,130.5,272.20283778480655,0.025
412,3,130.5,270.7858941188717,0.0
412,1,100.0,200.0,0.0
413,5,173.6867361167898,343.3132638832102,1.490000000000001
413,4,187.0252791517467,346.9747208482533,1.575000000000001
413,2,130.5,270.83950866271647,0.025
413,3,130.45467029674023,269.45467029674023,0.0
413,1,100.0,200.0,0.0
414,5,174.36484128053286,342.36484128053286,1.500000000000001
414,4,186.14623245892057,347.85376754107943,1.585000000000001
414,2,130.48315639164596,269.48315639164593,0.025
414,3,129.5000761421384,268.50007614213837,0.0
414,1,100.0,200.0,0.0
415,5,173.4247818320169,341.4247818320169,1.5100000000000011
415,4,185.2751018303674,348.7248981696326,1.595000000000001
415,2,129.51913712442695,268.51913712442695,0.025
415,3,128.54548198753653,267.54548198753656,0.0
415,1,100.0,200.0,0.0
416,5,172.49303033492242,340.4930303349224,1.5200000000000011
416,4,184.4118377903624,349.58816220963763,1.605000000000001
416,2,128.55511785720796,267.55511785720796,0.025
416,3,128.29799461412125,266.29799461412125,0.0
416,1,100.0,200.0,0.0
417,5,171.56127883782796,339.56127883782796,1.5200000000000011
417,4,183.55639147779195,350.4436085222081,1.615000000000001
417,2,128.29820537117553,266.2982053711755,0.025
417,3,127.34340045951942,265.3434004595194,0.0
417,1,100.0,200.0,0.0
418,5,171.33663412192004,338.33663412192004,1.5200000000000011
418,4,182.70871463477187,351.29128536522813,1.625000000000001
418,2,127.33418610395654,265.33418610395654,0.025
418,3,126.38880630491757,264.3888063049176,0.0
418,1,100.0,200.0,0.0
419,5,170.5,337.365483718011,1.5200000000000011
419,4,181.60729125890174,351.5,1.6350000000000011
419,2,126.37016683673755,264.37016683673755,0.025
419,3,125.43421215031574,263.4342121503157,0.0
419,1,100.0,200.0,0.0
420,5,170.18023790891763,336.18023790891766,1.5200000000000011
420,4,180.74358605683545,350.74358605683545,1.6450000000000011
420,2,125.40614756951857,263.40614756951857,0.025
420,3,124.50000000000001,262.47117549311025,0.0
420,1,100.0,200.0,0.0
421,5,169.2484864118232,335.2484864118232,1.5200000000000011
421,4,179.67824850089735,350.5,1.6550000000000011
421,2,124.50000000000001,262.4181570602345,0.025
421,3,124.23213062229863,261.2321306222986,0.0
421,1,100.0,200.0,0.0
422,5,168.67501161261148,334.32498838738854,1.5300000000000011
422,4,178.52807455594038,350.5,1.6700000000000013
422,2,124.18521581626713,261.18521581626715,0.025
422,3,123.49999999999999,260.18538905548337,0.0
422,1,100.0,200.0,0.0
423,5,169.5,333.37228246748265,1.5400000000000011
423,4,177.39381725951208,350.5,1.6850000000000012
423,2,123.49999999999999,260.1057123784275,0.025
423,3,123.03004909428148,259.0300490942815,0.0
423,1,100.0,200.0,0.0
424,5,169.209645157998,332.209645157998,1.5500000000000012
424,4,176.33743087471143,350.33743087471146,1.6950000000000012
424,2,122.96428406301571,258.9642840630157,0.025
424,3,122.07545493967964,258.0754549396796,0.0
424,1,100.0,200.0,0.0
425,5,168.3105877086966,331.3105877086966,1.5600000000000012
425,4,175.55024134937358,349.5502413493736,1.7050000000000012
425,2,122.00026479579672,258.00026479579674,0.025
425,3,121.1208607850778,257.1208607850778,0.0
425,1,100.0,200.0,0.0
426,5,167.41957277922273,330.41957277922273,1.5700000000000012
426,4,175.5,348.4682072811759,1.7150000000000012
426,2,121.03624552857774,257.03624552857775,0.025
426,3,120.16626663047596,256.16626663047595,0.0
426,1,100.0,200.0,0.0
427,5,166.53654930561433,329.53654930561436,1.5800000000000012
427,4,175.41211471006176,347.41211471006176,1.7250000000000012
427,2,120.07222626135875,256.07222626135876,0.025
427,3,119.21167247587411,255.7883275241259,0.0
427,1,100.0,200.0,0.0
428,5,165.36857364944245,329.36857364944245,1.5900000000000012
428,4,174.646878940201,346.646878940201,1.7350000000000012
428,2,119.10820699413978,255.89179300586022,0.025
428,3,118.25707832127227,256.2570783212723,0.0
428,1,100.0,200.0,0.0
429,5,164.50138246094568,328.50138246094565,1.6000000000000012
429,4,175.11112318865455,345.8888768113455,1.7450000000000012
429,2,118.14418772692079,256.1441877269208,0.025
429,3,117.49999999999999,255.2206704297219,0.0
429,1,100.0,200.0,0.0
430,5,164.5,327.28665193363236,1.6100000000000012
430,4,175.13806698817808,345.1380669881781,1.7550000000000012
430,2,117.49999999999999,255.04768989803563,0.025
430,3,117.05499679325513,254.05499679325516,0.0
430,1,100.0,200.0,0.0
431,5,164.20469133388028,326.2046913338803,1.6200000000000012
431,4,174.39440860510513,344.3944086051051,1.7650000000000012
431,2,116.92325597366936,253.92325597366937,0.025
431,3,116.10040263865329,253.10040263865332,0.0
431,1,100.0,200.0,0.0
432,5,163.36088131439473,325.36088131439476,1.6300000000000012
432,4,173.65786125829467,343.65786125829464,1.7750000000000012
432,2,115.95923670645037,252.95923670645038,0.025
432,3,115.14580848405147,252.14580848405146,0.0
432,1,100.0,200.0,0.0
433,5,162.52476948447597,324.52476948447594,1.6400000000000012
433,4,174.07161500210594,342.92838499789406,1.7850000000000013
433,2,114.99521743923138,251.9952174392314,0.025
433,3,114.19121432944962,251.19121432944962,0.0
433,1,100.0,200.0,0.0
434,5,161.69630904632984,323.6963090463299,1.6500000000000012
434,4,174.2059403204212,342.2059403204212,1.7950000000000013
434,2,114.0311981720124,251.0311981720124,0.025
434,3,113.23662017484777,250.2366201748478,0.0
434,1,100.0,200.0,0.0
435,5,160.61675824795205,323.5,1.6600000000000013
435,4,173.49048816132498,341.490488161325,1.8050000000000013
435,2,113.0671789047934,250.06717890479342,0.025
435,3,112.5,249.1917382415874,0.0
435,1,100.0,200.0,0.0
436,5,159.7692647528632,322.7692647528632,1.6700000000000013
436,4,172.78198988771013,340.78198988771015,1.8150000000000013
436,2,112.5,248.9387829773607,0.025
436,3,112.03453864683065,248.03453864683067,0.0
436,1,100.0,200.0,0.0
437,5,158.96348330793856,321.9634833079386,1.6800000000000013
437,4,172.08040729122186,340.08040729122183,1.8250000000000013
437,2,111.84624715154197,247.84624715154197,0.025
437,3,111.07994449222883,247.0799444922288,0.0
437,1,100.0,200.0,0.0
438,5,158.16517161829444,321.16517161829444,1.6900000000000013
438,4,171.5,339.3383590400278,1.8350000000000013
438,2,110.882227884323,246.88222788432296,0.025
438,3,110.125350337627,246.12535033762697,0.0
438,1,100.0,200.0,0.0
439,5,157.37428561432168,320.3742856143217,1.7000000000000013
439,4,171.40494515848795,338.404945158488,1.8450000000000013
439,2,109.918208617104,245.91820861710397,0.025
439,3,109.17075618302515,245.17075618302513,0.0
439,1,100.0,200.0,0.0
440,5,156.59078174336125,319.5907817433613,1.7100000000000013
440,4,170.72388448516358,337.7238844851636,1.8550000000000013
440,2,108.954189349885,244.95418934988498,0.025
440,3,108.2161620284233,244.2161620284233,0.0
440,1,100.0,200.0,0.0
441,5,155.81461696066117,318.81461696066117,1.7200000000000013
441,4,170.5,336.86302514983373,1.8650000000000013
441,2,107.990170082666,243.990170082666,0.025
441,3,107.26156787382146,243.26156787382146,0.0
441,1,100.0,200.0,0.0
442,5,154.85759167986689,318.5,1.7300000000000013
442,4,170.08913458910732,336.0891345891073,1.8750000000000013
442,2,107.02615081544701,243.026150815447,0.025
442,3,106.5,242.22701961582595,0.0
442,1,100.0,200.0,0.0
443,5,153.99124174895994,317.99124174895996,1.7400000000000013
443,4,169.42826659599476,335.4282665959948,1.8850000000000013
443,2,106.5,241.88076049696875,0.025
443,3,106.05948634580433,241.05948634580432,0.0
443,1,100.0,200.0,0.0
444,5,153.2368409103167,317.2368409103167,1.7500000000000013
444,4,168.77405814260086,334.7740581426009,1.8950000000000014
444,2,105.80521906219558,240.80521906219556,0.025
444,3,105.10489219120248,240.10489219120248,0.0
444,1,100.0,200.0,0.0
445,5,152.4853089887903,316.5,1.7600000000000013
445,4,168.87352582144567,334.1264741785543,1.9050000000000014
445,2,104.84119979497657,239.84119979497657,0.025
445,3,104.15029803660065,239.15029803660065,0.0
445,1,100.0,200.0,0.0
446,5,151.4566208245209,316.45662082452094,1.7700000000000014
446,4,169.5,333.4794656480741,1.9150000000000014
446,2,103.87718052775759,238.8771805277576,0.025
446,3,103.5,238.06966030294524,0.0
446,1,100.0,200.0,0.0
447,5,150.7236139865725,315.7236139865725,1.7800000000000014
447,4,169.5,332.58223387065084,1.9250000000000014
447,2,103.5,237.67008469572775,0.025
447,3,104.05178349141647,236.94821650858353,0.0
447,1,100.0,200.0,0.0
448,5,150.5,314.7895817358849,1.7900000000000014
448,4,168.93023097101434,331.93023097101434,1.9350000000000014
448,2,104.34375122549385,236.65624877450617,0.025
448,3,103.99362235398169,235.9936223539817,0.0
448,1,100.0,200.0,0.0
449,5,149.98582164678922,313.98582164678925,1.8000000000000014
449,4,168.30880171577516,331.30880171577513,1.9450000000000014
449,2,103.69222950728717,235.69222950728718,0.025
449,3,103.03902819937986,235.03902819937986,0.0
449,1,100.0,200.0,0.0
450,5,149.18017734637814,313.5,1.8100000000000014
450,4,167.6938270904278,330.69382709042776,1.9550000000000014
450,2,102.72821024006818,234.7282102400682,0.025
450,3,102.08443404477802,234.08443404477802,0.0
450,1,100.0,200.0,0.0
451,5,148.18310631831605,313.5,1.8200000000000014
451,4,167.08527416304383,330.08527416304383,1.9650000000000014
451,2,101.76419097284919,233.7641909728492,0.025
451,3,101.5,232.97651455243764,0.0
451,1,100.0,200.0,0.0
452,5,147.28489015465632,313.7151098453437,1.8300000000000014
452,4,166.47611440815166,329.5,1.9750000000000014
452,2,101.5,232.5102933347698,0.025
452,3,100.88235251676089,231.88235251676088,0.0
452,1,100.0,200.0,0.0
453,5,146.59361034478493,314.4063896552151,1.8400000000000014
453,4,165.63351607531936,329.5,1.9850000000000014
453,2,100.54325921959777,231.54325921959776,0.025
453,3,99.92775836215904,230.92775836215904,0.0
453,1,100.0,200.0,0.0
454,5,145.909152503216,313.909152503216,1.8500000000000014
454,4,165.00492801532937,329.00492801532937,1.9950000000000014
454,2,99.57923995237877,230.57923995237877,0.025
454,3,98.9731642075572,229.9731642075572,0.0
454,1,100.0,200.0,0.0
455,5,145.11065945670757,313.5,1.8500000000000014
455,4,164.5,328.38932247545114,2.0050000000000017
455,2,98.61522068515978,229.61522068515978,0.025
455,3,98.01857005295537,229.01857005295537,0.0
455,1,100.0,200.0,0.0
456,5,144.2473436012647,313.2473436012647,1.8500000000000014
456,4,164.5,327.57342464326075,2.015
456,2,97.6512014179408,228.6512014179408,0.025
456,3,97.06397589835353,228.06397589835353,0.0
456,1,100.0,200.0,0.0
457,5,143.56288575969577,312.56288575969575,1.8500000000000014
457,4,164.5,326.75752681107036,2.015
457,2,96.68718215072181,227.6871821507218,0.025
457,3,96.1093817437517,227.1093817437517,0.0
457,1,100.0,200.0,0.0
458,5,143.5,311.6209643318225,1.8500000000000014
458,4,164.10517206454796,326.10517206454796,2.015
458,2,95.72316288350282,226.72316288350282,0.025
458,3,95.15478758914986,226.15478758914986,0.0
458,1,100.0,200.0,0.0
459,5,144.09892314225553,310.9010768577445,1.8500000000000014
459,4,163.52824517465072,325.5282451746507,2.015
459,2,94.75914361628384,225.75914361628384,0.025
459,3,94.79980656545197,225.20019343454803,0.0
459,1,100.0,200.0,0.0
460,5,144.5,310.0992387693569,1.8500000000000014
460,4,162.95131828475346,324.9513182847535,2.015
460,2,95.20487565093515,224.79512434906485,0.025
460,3,95.75440072005381,224.2455992799462,0.0
460,1,100.0,200.0,0.0
461,5,144.2392679557932,309.2392679557932,1.8500000000000014
461,4,162.37439139485622,324.3743913948562,2.015
461,2,96.16889491815414,223.83110508184586,0.025
461,3,96.5,223.2044366137955,0.0
461,1,100.0,200.0,0.0
462,5,143.55481011422427,308.55481011422427,1.8500000000000014
462,4,161.79746450495898,323.79746450495895,2.015
462,2,96.5,222.604924175227,0.025
462,3,96.95648224807094,222.04351775192904,0.0
462,1,100.0,200.0,0.0
463,5,142.87035227265534,307.87035227265534,1.8500000000000014
463,4,161.10478050504716,323.5,2.015
463,2,97.38982667140556,221.61017332859444,0.025
463,3,97.08892359732721,221.0889235973272,0.0
463,1,100.0,200.0,0.0
464,5,142.1858944310864,307.1858944310864,1.8500000000000014
464,4,160.35071750635103,323.35071750635103,2.015
464,2,96.64615406137546,220.64615406137546,0.025
464,3,96.86567055727463,220.13432944272537,0.0
464,1,100.0,200.0,0.0
465,5,141.50143658951748,306.5014365895175,1.8500000000000014
465,4,159.7737906164538,322.77379061645377,2.015
465,2,97.31786520584353,219.68213479415647,0.025
465,3,97.17973528812354,219.17973528812354,0.0
465,1,100.0,200.0,0.0
466,5,140.81697874794855,305.81697874794855,1.8500000000000014
466,4,159.19686372655653,322.19686372655656,2.015
466,2,96.71811552693748,218.71811552693748,0.025
466,3,96.2251411335217,218.2251411335217,0.0
466,1,100.0,200.0,0.0
467,5,140.13252090637963,305.1325209063796,1.8500000000000014
467,4,158.6199368366593,321.6199368366593,2.015
467,2,95.7540962597185,217.7540962597185,0.025
467,3,95.5,217.175504425661,0.0
467,1,100.0,200.0,0.0
468,5,139.5,304.4265500818672,1.8500000000000014
468,4,158.04300994676206,321.043009946762,2.015
468,2,95.5,216.4960172545521,0.025
468,3,95.5,215.825504425661,0.0
468,1,100.0,200.0,0.0
469,5,139.47071200442835,303.4707120044283,1.8500000000000014
469,4,157.4660830568648,320.4660830568648,2.015
469,2,95.24027128765361,215.2402712876536,0.025
469,3,94.77557223208929,214.77557223208927,0.0
469,1,100.0,200.0,0.0
470,5,138.78625416285942,302.7862541628594,1.8500000000000014
470,4,156.88915616696755,319.88915616696755,2.015
470,2,94.27625202043461,214.2762520204346,0.025
470,3,93.82097807748744,213.82097807748744,0.0
470,1,100.0,200.0,0.0
471,5,138.8982036787095,302.10179632129046,1.8500000000000014
471,4,156.31222927707032,319.3122292770703,2.015
471,2,93.68776724678438,213.31223275321562,0.025
471,3,94.1336160771144,212.8663839228856,0.0
471,1,100.0,200.0,0.0
472,5,139.5,301.38309895693584,1.8500000000000014
472,4,155.73530238717305,318.7353023871731,2.015
472,2,94.34821348599664,212.34821348599664,0.025
472,3,93.91178976828377,211.91178976828377,0.0
472,1,100.0,200.0,0.0
473,5,139.5,300.41512939451644,1.8500000000000014
473,4,155.0168699950085,318.5,2.015
473,2,93.38419421877765,211.38419421877765,0.025
473,3,92.95719561368193,210.95719561368193,0.0
473,1,100.0,200.0,0.0
474,5,139.4626363589568,299.4626363589568,1.8500000000000014
474,4,154.28855538856513,318.2885553885651,2.015
474,2,92.57982504844134,210.42017495155866,0.025
474,3,92.9973985409199,210.0026014590801,0.0
474,1,100.0,200.0,0.0
475,5,138.77817851738786,298.77817851738786,1.8500000000000014
475,4,153.71162849866786,317.7116284986679,2.015
475,2,93.45615568433968,209.45615568433968,0.025
475,3,93.04800730447826,209.04800730447826,0.0
475,1,100.0,200.0,0.0
476,5,138.5,297.92543426963135,1.8500000000000014
476,4,153.13470160877063,317.1347016087706,2.015
476,2,92.50786358287931,208.4921364171207,0.025
476,3,92.90658685012357,208.09341314987643,0.0
476,1,100.0,200.0,0.0
477,5,138.88363038456345,297.11636961543655,1.8500000000000014
477,4,152.5577747188734,316.55777471887336,2.015
477,2,93.4718828500983,207.5281171499017,0.025
477,3,93.86118100472541,207.1388189952746,0.0
477,1,100.0,200.0,0.0
478,5,139.56808822613237,296.4319117738676,1.8500000000000014
478,4,151.7658079588026,316.5,2.015
478,2,94.43590211731728,206.56409788268272,0.025
478,3,94.81577515932725,206.18422484067275,0.0
478,1,100.0,200.0,0.0
479,5,140.2525460677013,295.7474539322987,1.8500000000000014
479,4,151.11102772026544,316.11102772026544,2.015
479,2,95.39992138453627,205.60007861546373,0.025
479,3,95.77036931392908,205.22963068607092,0.0
479,1,100.0,200.0,0.0
480,5,140.93700390927023,295.06299609072977,1.8500000000000014
480,4,150.5341008303682,315.5341008303682,2.015
480,2,96.36394065175526,204.63605934824474,0.025
480,3,96.72496346853092,204.27503653146908,0.0
480,1,100.0,200.0,0.0
481,5,141.37853824916084,294.37853824916084,1.8500000000000014
481,4,150.5,314.73232802460444,2.015
481,2,97.32795991897424,203.67204008102576,0.025
481,3,97.67955762313275,203.32044237686725,0.0
481,1,100.0,200.0,0.0
482,5,140.70086559960632,293.70086559960635,1.8600000000000014
482,4,150.0904731643866,314.0904731643866,2.02
482,2,98.29197918619323,202.70802081380677,0.025
482,3,98.63415177773459,202.3658482222654,0.0
482,1,100.0,200.0,0.0
483,5,140.5,292.83523726211985,1.8700000000000014
483,4,149.51977722815786,313.51977722815786,2.025
483,2,99.25599845341222,201.74400154658778,0.025
483,3,99.58874593233642,201.41125406766358,0.0
483,1,100.0,200.0,0.0
484,5,140.0728375181978,292.0728375181978,1.8800000000000014
484,4,148.7252729359226,313.5,2.03
484,2,100.2200177206312,200.7799822793688,0.025
484,3,100.45665991306174,200.45665991306174,0.0
484,1,100.0,200.0,0.0
485,5,139.4153036994072,291.41530369940716,1.8900000000000015
485,4,147.9269554935549,313.5,2.035
485,2,100.0,200.0,0.025
485,3,100.0,200.0,0.0
485,1,100.0,200.0,0.0
486,5,138.76441184890865,290.76441184890865,1.9000000000000015
486,4,147.24049616109934,313.7595038389006,2.04
486,2,100.0,200.0,0.025
486,3,100.0,200.0,0.0
486,1,100.0,200.0,0.0
487,5,138.87987289943365,290.1201271005664,1.9100000000000015
487,4,146.68217034970326,314.31782965029674,2.045
487,2,100.0,200.0,0.025
487,3,100.0,200.0,0.0
487,1,100.0,200.0,0.0
488,5,139.51758504761582,289.48241495238415,1.9200000000000015
488,4,146.12691816638042,314.1269181663804,2.05
488,2,100.0,200.0,0.025
488,3,100.0,200.0,0.0
488,1,100.0,200.0,0.0
489,5,140.14875873916938,288.8512412608306,1.9300000000000015
489,4,145.57473212360068,313.5747321236007,2.055
489,2,100.0,200.0,0.025
489,3,100.0,200.0,0.0
489,1,100.0,200.0,0.0
490,5,140.2265722352814,288.2265722352814,1.9400000000000015
490,4,144.8291038321277,313.5,2.06
490,2,100.0,200.0,0.025
490,3,100.0,200.0,0.0
490,1,100.0,200.0,0.0
491,5,139.60837443257594,287.60837443257594,1.9500000000000015
491,4,144.18663547242926,313.18663547242926,2.065
491,2,100.0,200.0,0.025
491,3,100.0,200.0,0.0
491,1,100.0,200.0,0.0
492,5,138.99661475168537,286.9966147516854,1.9600000000000015
492,4,143.6436032886919,312.6436032886919,2.07
492,2,100.0,200.0,0.025
492,3,100.0,200.0,0.0
492,1,100.0,200.0,0.0
493,5,138.5,286.3462190232028,1.9700000000000015
493,4,143.5,311.9394165720246,2.075
493,2,100.0,200.0,0.025
493,3,100.0,200.0,0.0
493,1,100.0,200.0,0.0
494,5,138.49938581184426,285.49938581184426,1.9800000000000015
494,4,143.7262519506806,311.2737480493194,2.08
494,2,100.0,200.0,0.025
494,3,100.0,200.0,0.0
494,1,100.0,200.0,0.0
495,5,137.90674523382378,284.90674523382376,1.9900000000000015
495,4,144.260196368797,310.739803631203,2.085
495,2,100.0,200.0,0.025
495,3,100.0,200.0,0.0
495,1,100.0,200.0,0.0
496,5,137.5,284.2460266075009,2.0
496,4,144.5,310.08828558499215,2.09
496,2,100.0,200.0,0.025
496,3,100.0,200.0,0.0
496,1,100.0,200.0,0.0
497,5,137.5,283.4168285888976,2.0
497,4,144.38805856893615,309.3880585689362,2.095
497,2,100.0,200.0,0.025
497,3,100.0,200.0,0.0
497,1,100.0,200.0,0.0
498,5,137.5,282.5876305702943,2.0
498,4,143.86313677060747,308.86313677060747,2.1
498,2,100.0,200.0,0.025
498,3,100.0,200.0,0.0
498,1,100.0,200.0,0.0
499,5,137.5,281.75843255169104,2.0
499,4,143.34120819621148,308.3412081962115,2.105
499,2,100.0,200.0,0.025
499,3,100.0,200.0,0.0
499,1,100.0,200.0,0.0
500,5,137.09640786787924,281.09640786787924,2.0
500,4,142.82226574437988,307.8222657443799,2.11
500,2,100.0,200.0,0.025
500,3,100.0,200.0,0.0
500,1,100.0,200.0,0.0
501,5,136.5100763259784,280.5100763259784,2.0
501,4,142.30630234736034,307.3063023473603,2.115
501,2,100.0,200.0,0.025
501,3,100.0,200.0,0.0
501,1,100.0,200.0,0.0
502,5,135.92374478407754,279.92374478407754,2.0
502,4,141.7933109707784,306.7933109707784,2.12
502,2,100.0,200.0,0.025
502,3,100.0,200.0,0.0
502,1,100.0,200.0,0.0
503,5,135.27006760202403,279.5,2.0
503,4,141.28328461340158,306.2832846134016,2.125
503,2,100.0,200.0,0.025
503,3,100.0,200.0,0.0
503,1,100.0,200.0,0.0
504,5,134.4581884814624,279.4581884814624,2.0
504,4,140.7762163069057,305.7762163069057,2.13
504,2,100.0,200.0,0.025
504,3,100.0,200.0,0.0
504,1,100.0,200.0,0.0
505,5,133.87185693956155,278.87185693956155,2.0
505,4,140.2720991156434,305.2720991156434,2.1350000000000002
505,2,100.0,200.0,0.025
505,3,100.0,200.0,0.0
505,1,100.0,200.0,0.0
506,5,133.5,278.1966871085872,2.0
506,4,139.7709261364149,304.7709261364149,2.14
506,2,100.0,200.0,0.025
506,3,100.0,200.0,0.0
506,1,100.0,200.0,0.0
507,5,133.5936993630536,277.4063006369464,2.0
507,4,139.5,304.17853581975567,2.145
507,2,100.0,200.0,0.025
507,3,100.0,200.0,0.0
507,1,100.0,200.0,0.0
508,5,134.18003090495444,276.81996909504556,2.0
508,4,139.48449214332305,303.48449214332305,2.15
508,2,100.0,200.0,0.025
508,3,100.0,200.0,0.0
508,1,100.0,200.0,0.0
509,5,134.23363755314472,276.2336375531447,2.0
509,4,138.9921107020771,302.9921107020771,2.1550000000000002
509,2,100.0,200.0,0.025
509,3,100.0,200.0,0.0
509,1,100.0,200.0,0.0
510,5,133.64730601124387,275.64730601124387,2.0
510,4,138.50027073916883,302.49972926083115,2.1550000000000002
510,2,100.0,200.0,0.025
510,3,100.0,200.0,0.0
510,1,100.0,200.0,0.0
511,5,133.06097446934302,275.060974469343,2.0
511,4,138.99265218041478,302.0073478195852,2.1550000000000002
511,2,100.0,200.0,0.025
511,3,100.0,200.0,0.0
511,1,100.0,200.0,0.0
512,5,132.47464292744218,274.4746429274422,2.0
512,4,139.48503362166073,301.5149663783393,2.1550000000000002
512,2,100.0,200.0,0.025
512,3,100.0,200.0,0.0
512,1,100.0,200.0,0.0
513,5,131.88831138554133,273.88831138554133,2.0
513,4,139.5,300.8248331431562,2.1550000000000002
513,2,100.0,200.0,0.025
513,3,100.0,200.0,0.0
513,1,100.0,200.0,0.0
514,5,131.30197984364048,273.3019798436405,2.0
514,4,139.5,300.12850063108533,2.1550000000000002
514,2,100.0,200.0,0.025
514,3,100.0,200.0,0.0
514,1,100.0,200.0,0.0
515,5,130.71564830173963,272.71564830173963,2.0
515,4,139.4520356169745,299.4520356169745,2.1550000000000002
515,2,100.0,200.0,0.025
515,3,100.0,200.0,0.0
515,1,100.0,200.0,0.0
516,5,130.5,271.97577473441964,2.0
516,4,138.95965417572856,298.9596541757286,2.1550000000000002
516,2,100.0,200.0,0.025
516,3,100.0,200.0,0.0
516,1,100.0,200.0,0.0
517,5,130.5,271.14657671581637,2.0
517,4,138.5,298.45371665724593,2.1550000000000002
517,2,100.0,200.0,0.025
517,3,100.0,200.0,0.0
517,1,100.0,200.0,0.0
518,5,130.5,270.3173786972131,2.0
518,4,138.5,297.7573841451751,2.1550000000000002
518,2,100.0,200.0,0.025
518,3,100.0,200.0,0.0
518,1,100.0,200.0,0.0
519,5,130.49164247769596,269.49164247769596,2.0
519,4,138.81038336682275,297.18961663317725,2.1550000000000002
519,2,100.0,200.0,0.025
519,3,100.0,200.0,0.0
519,1,100.0,200.0,0.0
520,5,129.90531093579511,268.9053109357951,2.0
520,4,139.3027648080687,296.6972351919313,2.1550000000000002
520,2,100.0,200.0,0.025
520,3,100.0,200.0,0.0
520,1,100.0,200.0,0.0
521,5,129.31897939389427,268.31897939389427,2.0
521,4,139.79514624931463,296.20485375068534,2.1550000000000002
521,2,100.0,200.0,0.025
521,3,100.0,200.0,0.0
521,1,100.0,200.0,0.0
522,5,128.73264785199342,267.7326478519934,2.0
522,4,140.28752769056058,295.7124723094394,2.1550000000000002
522,2,100.0,200.0,0.025
522,3,100.0,200.0,0.0
522,1,100.0,200.0,0.0
523,5,128.5,266.9998157289428,2.0
523,4,140.77990913180653,295.2200908681935,2.1550000000000002
523,2,100.0,200.0,0.025
523,3,100.0,200.0,0.0
523,1,100.0,200.0,0.0
524,5,128.2670915493783,266.2670915493783,2.0
524,4,141.2722905730525,294.7277094269475,2.1550000000000002
524,2,100.0,200.0,0.025
524,3,100.0,200.0,0.0
524,1,100.0,200.0,0.0
525,5,127.68076000747746,265.68076000747743,2.0
525,4,141.23532798570156,294.2353279857016,2.1550000000000002
525,2,100.0,200.0,0.025
525,3,100.0,200.0,0.0
525,1,100.0,200.0,0.0
526,5,127.0944284655766,265.0944284655766,2.0
526,4,140.7429465444556,293.7429465444556,2.1550000000000002
526,2,100.0,200.0,0.025
526,3,100.0,200.0,0.0
526,1,100.0,200.0,0.0
527,5,126.50809692367575,264.50809692367574,2.0
527,4,140.5,293.14724578602994,2.1550000000000002
527,2,100.0,200.0,0.025
527,3,100.0,200.0,0.0
527,1,100.0,200.0,0.0
528,5,125.9217653817749,263.9217653817749,2.0
528,4,140.46529044315025,292.46529044315025,2.1550000000000002
528,2,100.0,200.0,0.025
528,3,100.0,200.0,0.0
528,1,100.0,200.0,0.0
529,5,125.33543383987406,263.33543383987404,2.0
529,4,139.9729090019043,291.9729090019043,2.1550000000000002
529,2,100.0,200.0,0.025
529,3,100.0,200.0,0.0
529,1,100.0,200.0,0.0
530,5,124.74910229797321,262.7491022979732,2.0
530,4,139.48052756065837,291.48052756065835,2.1550000000000002
530,2,100.0,200.0,0.025
530,3,100.0,200.0,0.0
530,1,100.0,200.0,0.0
531,5,124.50000000000001,262.0230858296087,2.0
531,4,138.98814611941242,290.9881461194124,2.1550000000000002
531,2,100.0,200.0,0.025
531,3,100.0,200.0,0.0
531,1,100.0,200.0,0.0
532,5,124.28354599535808,261.28354599535805,2.0
532,4,138.50423532183353,290.4957646781665,2.1550000000000002
532,2,100.0,200.0,0.025
532,3,100.0,200.0,0.0
532,1,100.0,200.0,0.0
533,5,123.69721445345722,260.6972144534572,2.0
533,4,138.9966167630795,290.0033832369205,2.1550000000000002
533,2,100.0,200.0,0.025
533,3,100.0,200.0,0.0
533,1,100.0,200.0,0.0
534,5,123.49999999999999,259.9497053361719,2.0
534,4,139.48899820432544,289.5110017956746,2.1550000000000002
534,2,100.0,200.0,0.025
534,3,100.0,200.0,0.0
534,1,100.0,200.0,0.0
535,5,123.23165815084208,259.2316581508421,2.0
535,4,139.98137964557137,289.0186203544286,2.1550000000000002
535,2,100.0,200.0,0.025
535,3,100.0,200.0,0.0
535,1,100.0,200.0,0.0
536,5,122.64532660894126,258.6453266089413,2.0
536,4,140.47376108681732,288.5262389131827,2.1550000000000002
536,2,100.0,200.0,0.025
536,3,100.0,200.0,0.0
536,1,100.0,200.0,0.0
537,5,122.05899506704043,258.0589950670404,2.0
537,4,140.03385747193673,288.03385747193676,2.1550000000000002
537,2,100.0,200.0,0.025
537,3,100.0,200.0,0.0
537,1,100.0,200.0,0.0
538,5,121.47266352513958,257.4726635251396,2.0
538,4,139.5414760306908,287.5414760306908,2.1550000000000002
538,2,100.0,200.0,0.025
538,3,100.0,200.0,0.0
538,1,100.0,200.0,0.0
539,5,120.88633198323873,256.88633198323873,2.0
539,4,139.04909458944485,287.04909458944485,2.1550000000000002
539,2,100.0,200.0,0.025
539,3,100.0,200.0,0.0
539,1,100.0,200.0,0.0
540,5,120.30000044133789,256.3000004413379,2.0
540,4,138.5567131481989,286.5567131481989,2.1550000000000002
540,2,100.0,200.0,0.025
540,3,100.0,200.0,0.0
540,1,100.0,200.0,0.0
541,5,119.71366889943704,255.71366889943704,2.0
541,4,138.5,285.8838719912769,2.1550000000000002
541,2,100.0,200.0,0.025
541,3,100.0,200.0,0.0
541,1,100.0,200.0,0.0
542,5,119.13048005597422,255.8695199440258,2.005
542,4,138.28197396609133,285.2819739660913,2.16
542,2,100.0,200.0,0.035
542,3,100.0,200.0,0.01
542,1,100.0,200.0,0.01
543,5,118.55042608354793,256.4495739164521,2.01
543,4,137.79541961891306,284.79541961891306,2.165
543,2,100.0,200.0,0.045
543,3,100.0,200.0,0.02
543,1,100.0,200.0,0.02
544,5,117.97349919365068,255.97349919365067,2.015
544,4,137.5,284.2338007899012,2.17
544,2,100.0,200.0,0.05500000000000001
544,3,100.0,200.0,0.03
544,1,100.0,200.0,0.03
545,5,117.49999999999999,255.35373114924312,2.015
545,4,137.5,283.55391181278355,2.1750000000000003
545,2,100.0,200.0,0.065
545,3,100.0,200.0,0.04
545,1,100.0,200.0,0.04
546,5,117.49999999999999,254.5378333170527,2.015
546,4,137.5,282.87811009348934,2.18
546,2,100.0,200.0,0.07500000000000001
546,3,100.0,200.0,0.05
546,1,100.0,200.0,0.05
547,5,116.9498253051455,253.9498253051455,2.015
547,4,137.5,282.20638626830396,2.185
547,2,100.0,200.0,0.08499999999999999
547,3,100.0,200.0,0.060000000000000005
547,1,100.0,200.0,0.060000000000000005
548,5,116.37289841524826,253.37289841524827,2.015
548,4,137.5,281.53873101631854,2.19
548,2,100.0,200.0,0.095
548,3,100.0,200.0,0.07
548,1,100.0,200.0,0.07
549,5,115.79597152535102,252.79597152535104,2.015
549,4,137.05815376298992,281.05815376298995,2.1950000000000003
549,2,100.0,200.0,0.10499999999999998
549,3,100.0,200.0,0.08
549,1,100.0,200.0,0.08
550,5,115.21904463545378,252.2190446354538,2.015
550,4,136.59178438562031,280.5917843856203,2.2
550,2,100.0,200.0,0.11499999999999999
550,3,100.0,200.0,0.09
550,1,100.0,200.0,0.09
551,5,114.64211774555655,251.64211774555656,2.015
551,4,136.12827233086378,280.12827233086375,2.205
551,2,100.0,200.0,0.12499999999999997
551,3,100.0,200.0,0.09999999999999999
551,1,100.0,200.0,0.09999999999999999
552,5,114.06519085565931,251.06519085565932,2.015
552,4,135.66761112686285,279.6676111268629,2.21
552,2,100.0,200.0,0.13499999999999998
552,3,100.0,200.0,0.10999999999999999
552,1,100.0,200.0,0.10999999999999999
553,5,113.48826396576206,250.4882639657621,2.015
553,4,135.08958720703893,279.5,2.2150000000000003
553,2,100.0,200.0,0.145
553,3,100.0,200.0,0.11999999999999998
553,1,100.0,200.0,0.11999999999999998
554,5,112.91133707586482,249.91133707586485,2.015
554,4,134.46192231094372,279.46192231094375,2.22
554,2,100.0,200.0,0.155
554,3,100.0,200.0,0.12999999999999998
554,1,100.0,200.0,0.12999999999999998
555,5,112.5,249.26582063920455,2.015
555,4,134.00977511959124,279.00977511959127,2.225
555,2,100.0,200.0,0.165
555,3,100.0,200.0,0.13999999999999999
555,1,100.0,200.0,0.13999999999999999
556,5,112.46459007725689,248.46459007725693,2.015
556,4,133.56045318210855,278.5604531821086,2.23
556,2,100.0,200.0,0.17500000000000002
556,3,100.0,200.0,0.15
556,1,100.0,200.0,0.15
557,5,111.88766318735966,247.88766318735966,2.015
557,4,133.5,277.9540430959832,2.2350000000000003
557,2,100.0,200.0,0.18500000000000003
557,3,100.0,200.0,0.16
557,1,100.0,200.0,0.16
558,5,111.31073629746244,247.3107362974624,2.015
558,4,133.6226334320275,277.3773665679725,2.24
558,2,100.0,200.0,0.19500000000000003
558,3,100.0,200.0,0.17
558,1,100.0,200.0,0.17
559,5,110.73380940756519,246.73380940756516,2.015
559,4,134.06351746034076,276.93648253965927,2.245
559,2,100.0,200.0,0.20500000000000004
559,3,100.0,200.0,0.18000000000000002
559,1,100.0,200.0,0.18000000000000002
560,5,110.15688251766795,246.15688251766792,2.015
560,4,134.49839862389246,276.49839862389246,2.25
560,2,100.0,200.0,0.21500000000000005
560,3,100.0,200.0,0.19000000000000003
560,1,100.0,200.0,0.19000000000000003
561,5,109.57995562777072,245.5799556277707,2.015
561,4,134.06310860510084,276.06310860510087,2.255
561,2,100.0,200.0,0.22500000000000006
561,3,100.0,200.0,0.20000000000000004
561,1,100.0,200.0,0.20000000000000004
562,5,109.00302873787346,245.00302873787345,2.015
562,4,133.6306062952462,275.6306062952462,2.2600000000000002
562,2,100.0,200.0,0.23500000000000007
562,3,100.0,200.0,0.21000000000000005
562,1,100.0,200.0,0.21000000000000005
563,5,108.42610184797621,244.4261018479762,2.015
563,4,133.20088553364076,275.20088553364076,2.265
563,2,100.0,200.0,0.24500000000000005
563,3,100.0,200.0,0.22000000000000006
563,1,100.0,200.0,0.22000000000000006
564,5,107.84917495807898,243.84917495807898,2.015
564,4,132.77394018676634,274.7739401867663,2.27
564,2,100.0,200.0,0.25500000000000006
564,3,100.0,200.0,0.23000000000000007
564,1,100.0,200.0,0.23000000000000007
565,5,107.27224806818174,243.27224806818174,2.015
565,4,132.34976414809492,274.3497641480949,2.2750000000000004
565,2,100.0,200.0,0.26500000000000007
565,3,100.0,200.0,0.24000000000000007
565,1,100.0,200.0,0.24000000000000007
566,5,106.6953211782845,242.6953211782845,2.015
566,4,131.92835133791095,273.92835133791095,2.2800000000000002
566,2,100.0,200.0,0.2750000000000001
566,3,100.0,200.0,0.25000000000000006
566,1,100.0,200.0,0.25000000000000006
567,5,106.5,241.96032802715823,2.015
567,4,131.50969570313518,273.50969570313515,2.285
567,2,100.0,200.0,0.2850000000000001
567,3,100.0,200.0,0.26000000000000006
567,1,100.0,200.0,0.26000000000000006
568,5,106.24857417967657,241.24857417967655,2.015
568,4,131.09379121714983,273.0937912171498,2.29
568,2,100.0,200.0,0.2950000000000001
568,3,100.0,200.0,0.2700000000000001
568,1,100.0,200.0,0.2700000000000001
569,5,105.67164728977932,240.67164728977932,2.015
569,4,130.68063187962568,272.6806318796257,2.295
569,2,100.0,200.0,0.3050000000000001
569,3,100.0,200.0,0.2800000000000001
569,1,100.0,200.0,0.2800000000000001
570,5,105.09472039988208,240.09472039988208,2.015
570,4,130.5,272.1750302927881,2.3000000000000003
570,2,100.0,200.0,0.3150000000000001
570,3,100.0,200.0,0.2900000000000001
570,1,100.0,200.0,0.2900000000000001
571,5,104.51779350998484,239.51779350998484,2.015
571,4,130.5,271.59847389686666,2.305
571,2,100.0,200.0,0.3250000000000001
571,3,100.0,200.0,0.3000000000000001
571,1,100.0,200.0,0.3000000000000001
572,5,103.9408666200876,238.9408666200876,2.015
572,4,130.5,271.02577449053666,2.31
572,2,100.0,200.0,0.33500000000000013
572,3,100.0,200.0,0.3100000000000001
572,1,100.0,200.0,0.3100000000000001
573,5,103.5,238.30758172113508,2.015
573,4,130.5,270.45692373435463,2.3150000000000004
573,2,100.0,200.0,0.34500000000000014
573,3,100.0,200.0,0.3200000000000001
573,1,100.0,200.0,0.3200000000000001
574,5,103.50588037852033,237.49411962147968,2.015
574,4,130.5,269.8919133248619,2.3200000000000003
574,2,100.0,200.0,0.35500000000000015
574,3,100.0,200.0,0.3300000000000001
574,1,100.0,200.0,0.3300000000000001
575,5,104.08280726841757,236.91719273158245,2.015
575,4,130.38031156668865,269.38031156668865,2.325
575,2,100.0,200.0,0.36500000000000016
575,3,100.0,200.0,0.34000000000000014
575,1,100.0,200.0,0.34000000000000014
576,5,104.3402658416852,236.3402658416852,2.015
576,4,129.98620243173127,268.9862024317313,2.33
576,2,100.0,200.0,0.37500000000000017
576,3,100.0,200.0,0.35000000000000014
576,1,100.0,200.0,0.35000000000000014
577,5,103.76333895178796,235.76333895178797,2.015
577,4,129.59479136869777,268.59479136869777,2.335
577,2,100.0,200.0,0.3850000000000002
577,3,100.0,200.0,0.36000000000000015
577,1,100.0,200.0,0.36000000000000015
578,5,103.18641206189072,235.18641206189074,2.015
578,4,129.20607260630686,268.20607260630686,2.3400000000000003
578,2,100.0,200.0,0.3950000000000002
578,3,100.0,200.0,0.37000000000000016
578,1,100.0,200.0,0.37000000000000016
579,5,102.60948517199348,234.6094851719935,2.015
579,4,128.82004039791462,267.8200403979146,2.345
579,2,100.0,200.0,0.4050000000000002
579,3,100.0,200.0,0.38000000000000017
579,1,100.0,200.0,0.38000000000000017
580,5,102.03255828209625,234.03255828209626,2.015
580,4,128.5,267.4104647553559,2.35
580,2,100.0,200.0,0.4150000000000002
580,3,100.0,200.0,0.3900000000000002
580,1,100.0,200.0,0.3900000000000002
581,5,101.5,233.43725331310424,2.015
581,4,128.5,266.87210725024966,2.3550000000000004
581,2,100.0,200.0,0.4250000000000002
581,3,100.0,200.0,0.4000000000000002
581,1,100.0,200.0,0.4000000000000002
582,5,101.5,232.62135548091382,2.015
582,4,128.38511277773992,266.38511277773995,2.3600000000000003
582,2,100.0,200.0,0.4350000000000002
582,3,100.0,200.0,0.4100000000000002
582,1,100.0,200.0,0.4100000000000002
583,5,101.00888439359107,232.00888439359107,2.015
583,4,128.009769806167,266.009769806167,2.365
583,2,100.0,200.0,0.44500000000000023
583,3,100.0,200.0,0.4200000000000002
583,1,100.0,200.0,0.4200000000000002
584,5,100.43195750369384,231.43195750369384,2.015
584,4,127.63708501946911,265.6370850194691,2.37
584,2,100.0,200.0,0.45500000000000024
584,3,100.0,200.0,0.4300000000000002
584,1,100.0,200.0,0.4300000000000002
585,5,99.8550306137966,230.8550306137966,2.015
585,4,127.26705281556653,265.2670528155665,2.375
585,2,100.0,200.0,0.46500000000000025
585,3,100.0,200.0,0.4400000000000002
585,1,100.0,200.0,0.4400000000000002
586,5,99.27810372389936,230.27810372389936,2.015
586,4,126.8996676159424,264.8996676159424,2.3800000000000003
586,2,100.0,200.0,0.47500000000000026
586,3,100.0,200.0,0.45000000000000023
586,1,100.0,200.0,0.45000000000000023
587,5,98.70117683400213,229.70117683400213,2.015
587,4,126.5349238654945,264.5349238654945,2.3850000000000002
587,2,100.0,200.0,0.48500000000000026
587,3,100.0,200.0,0.46000000000000024
587,1,100.0,200.0,0.46000000000000024
588,5,98.12424994410489,229.1242499441049,2.015
588,4,126.17281603238801,264.172816032388,2.39
588,2,100.0,200.0,0.4950000000000002
588,3,100.0,200.0,0.47000000000000025
588,1,100.0,200.0,0.47000000000000025
589,5,97.54732305420765,228.54732305420765,2.015
589,4,125.81333860790978,263.81333860790977,2.3950000000000005
589,2,100.0,200.0,0.5050000000000002
589,3,100.0,200.0,0.48000000000000026
589,1,100.0,200.0,0.48000000000000026
590,5,96.97039616431042,227.97039616431042,2.015
590,4,125.45648610632352,263.4564861063235,2.4000000000000004
590,2,100.0,200.0,0.5150000000000002
590,3,100.0,200.0,0.49000000000000027
590,1,100.0,200.0,0.49000000000000027
591,5,96.39346927441318,227.39346927441318,2.015
591,4,125.10225306472645,263.1022530647264,2.4050000000000002
591,2,100.0,200.0,0.5250000000000002
591,3,100.0,200.0,0.5000000000000002
591,1,100.0,200.0,0.5000000000000002
592,5,95.81654238451594,226.81654238451594,2.015
592,4,124.750634042907,262.750634042907,2.41
592,2,100.0,200.0,0.5350000000000003
592,3,100.0,200.0,0.5100000000000002
592,1,100.0,200.0,0.5100000000000002
593,5,95.2396154946187,226.2396154946187,2.015
593,4,124.50000000000001,262.3608747937175,2.415
593,2,100.0,200.0,0.5450000000000003
593,3,100.0,200.0,0.5200000000000002
593,1,100.0,200.0,0.5200000000000002
594,5,94.66268860472147,225.66268860472147,2.015
594,4,124.50000000000001,261.87098101521764,2.4200000000000004
594,2,100.0,200.0,0.5550000000000003
594,3,100.0,200.0,0.5300000000000002
594,1,100.0,200.0,0.5300000000000002
595,5,94.91423828517577,225.08576171482423,2.015
595,4,124.4185138125986,261.4185138125986,2.4250000000000003
595,2,100.0,200.0,0.5650000000000003
595,3,100.0,200.0,0.5400000000000003
595,1,100.0,200.0,0.5400000000000003
596,5,95.49116517507301,224.508834824927,2.015
596,4,124.07729691668446,261.0772969166844,2.43
596,2,100.0,200.0,0.5750000000000003
596,3,100.0,200.0,0.5500000000000003
596,1,100.0,200.0,0.5500000000000003
597,5,96.06809206497024,223.93190793502976,2.015
597,4,123.73866717496078,260.73866717496077,2.4350000000000005
597,2,100.0,200.0,0.5850000000000003
597,3,100.0,200.0,0.5600000000000003
597,1,100.0,200.0,0.5600000000000003
598,5,96.5,223.29491222722524,2.015
598,4,123.49999999999999,260.3622828656859,2.4400000000000004
598,2,100.0,200.0,0.5950000000000003
598,3,100.0,200.0,0.5700000000000003
598,1,100.0,200.0,0.5700000000000003
599,5,96.51483906357818,222.48516093642183,2.015
599,4,123.49999999999999,259.8906831844957,2.4450000000000003
599,2,100.0,200.0,0.6050000000000003
599,3,100.0,200.0,0.5800000000000003
599,1,100.0,200.0,0.5800000000000003
600,5,97.09176595347542,221.9082340465246,2.015
600,4,123.44535469475781,259.44535469475784,2.45
600,2,100.0,200.0,0.6150000000000003
600,3,100.0,200.0,0.5900000000000003
600,1,100.0,200.0,0.5900000000000003
