step,agent_id,x,y,toxicload
1,5,576.5730925158773,311.2807224523682,0.0
1,4,539.9545941546019,347.95459415460186,0.0
1,6,292.2807224523682,635.5730925158773,0.0
1,7,517.2807224523682,337.57309251587725,0.0
1,2,431.28576559489017,433.57141146836994,0.01
1,10,291.28576559489017,341.57141146836994,0.01
1,9,659.9545941546019,718.9545941546019,0.0
1,8,476.95459415460186,473.95459415460186,0.0
1,3,474.95459415460186,290.9545941546018,0.0
1,1,231.42690748412272,507.2807224523682,0.0
2,5,575.7088456795462,312.29115432045376,0.0
2,4,540.9091883092037,348.9091883092037,0.0
2,6,293.29115432045376,634.7088456795462,0.0
2,7,518.2911543204538,336.7088456795462,0.0
2,2,432.30244593163985,432.69755406836015,0.02
2,10,292.30244593163985,340.69755406836015,0.02
2,9,660.9091883092037,719.9091883092037,0.0
2,8,477.9091883092037,474.9091883092037,0.0
2,3,475.90918830920367,291.90918830920367,0.0
2,1,232.29115432045378,508.2911543204538,0.0
3,5,574.7542515249444,313.2457484750556,0.0
3,4,541.8637824638056,349.8637824638056,0.0
3,6,293.53864169386907,633.4613583061309,0.0
3,7,519.2457484750556,335.7542515249444,0.0
3,2,433.2683613590862,431.7316386409138,0.03
3,10,293.2683613590862,339.7316386409138,0.03
3,9,661.8637824638056,720.8637824638056,0.0
3,8,478.8637824638056,475.8637824638056,0.0
3,3,476.49999999999994,293.0144660940673,0.0
3,1,233.24574847505562,509.2457484750557,0.0
4,5,573.7996573703425,314.2003426296575,0.0
4,4,542.8183766184075,350.81837661840746,0.0
4,6,294.49323584847093,632.5067641515291,0.0
4,7,520.2003426296575,334.7996573703425,0.0
4,2,434.23808030317724,430.76191969682276,0.04
4,10,294.23808030317724,338.76191969682276,0.04
4,9,662.8183766184075,721.8183766184075,0.0
4,8,479.81837661840746,476.8183766184074,0.0
4,3,477.1112698372208,294.11126983722085,0.0
4,1,232.79965737034252,510.20034262965754,0.0
5,5,572.8450632157407,315.15493678425935,0.0
5,4,543.7729707730093,351.7729707730093,0.0
5,6,295.4478300030728,633.4478300030728,0.0
5,7,521.1549367842593,333.84506321574065,0.0
5,2,435.2116177411443,429.7883822588557,0.05
5,10,295.2116177411443,337.7883822588557,0.05
5,9,663.7729707730093,722.7729707730093,0.0
5,8,480.2270292269908,477.7729707730092,0.0
5,3,478.3002525316942,294.5,0.0
5,1,232.50000000000003,511.4262204827966,0.0
6,5,571.8904690611388,316.1095309388612,0.0
6,4,544.7275649276112,352.7275649276112,0.0
6,6,296.40242415767466,632.5975758423253,0.0
6,7,522.1095309388612,332.8904690611388,0.0
6,2,436.1889887091952,428.8110112908048,0.060000000000000005
6,10,296.1889887091952,336.8110112908048,0.060000000000000005
6,9,664.7275649276112,723.7275649276112,0.0
6,8,479.27243507238893,478.72756492761107,0.0
6,3,479.31335136523796,293.68664863476204,0.0
6,1,232.69531737648813,512.6953173764881,0.0
7,5,570.9358749065369,317.0641250934631,0.0
7,4,545.682159082213,353.31784091778695,0.0
7,6,297.3570183122765,633.3570183122765,0.0
7,7,523.0641250934631,331.9358749065369,0.0
7,2,437.1702083027462,427.8297916972538,0.07
7,10,297.1702083027462,335.8297916972538,0.07
7,9,665.682159082213,724.682159082213,0.0
7,8,478.31784091778707,479.68215908221293,0.0
7,3,478.7320544801602,292.7320544801602,0.0
7,1,233.64991153108994,513.35008846891,0.0
8,5,569.9812807519351,318.01871924806494,0.0
8,4,546.693398282202,352.5,0.0
8,6,298.3116124668784,632.6883875331216,0.0
8,7,524.0187192480649,330.98128075193506,0.0
8,2,438.1552916766552,426.8447083233448,0.08
8,10,298.1552916766552,334.8447083233448,0.08
8,9,666.6367532368149,725.6367532368149,0.0
8,8,477.3632467631852,480.63675323681474,0.0
8,3,479.2225396744417,291.7774603255583,0.0
8,1,234.6045056856918,512.6045056856918,0.0
9,5,568.8306337666957,318.5,0.0
9,4,547.8842406102301,352.11575938976983,0.0
9,6,298.5590998402937,631.4409001597063,0.0
9,7,524.9733134026668,330.0266865973332,0.0
9,2,439.14425404545614,425.85574595454386,0.09
9,10,299.14425404545614,333.85574595454386,0.09
9,9,667.5913473914168,726.5913473914168,0.0
9,8,476.4086526085834,481.4086526085834,0.0
9,3,480.457611844575,291.5,0.0
9,1,235.49999999999997,513.5835797956775,0.0
10,5,567.7791992239179,319.2208007760821,0.0
10,4,548.838834764832,351.161165235168,0.0
10,6,299.51369399489556,630.5136939948956,0.0
10,7,525.9279075572687,329.07209244273133,0.0
10,2,440.40101056947066,425.5,0.09999999999999999
10,10,300.13711068359345,332.86288931640655,0.09999999999999999
10,9,668.5459415460186,727.5459415460186,0.0
10,8,475.43502884254434,480.5,0.0
10,3,481.4246212024588,290.57537879754113,0.0
10,1,235.80658721370898,514.806587213709,0.0
11,5,566.5448473290687,319.5,0.0
11,4,549.5,350.0850288425442,0.0
11,6,300.4682881494974,631.4682881494974,0.0
11,7,526.8825017118705,328.11749828812947,0.0
11,2,441.4267701444719,424.5732298555281,0.10999999999999999
11,10,301.1338769256584,331.8661230743416,0.10999999999999999
11,9,669.5005357006205,728.5005357006205,0.0
11,8,474.2065710805663,480.7934289194337,0.0
11,3,482.3792153570607,291.3792153570607,0.0
11,1,236.5,515.8693662333044,0.0
12,5,565.5771176959007,320.42288230409923,0.0
12,4,550.0409162928491,348.9590837071509,0.0
12,6,301.4228823040993,630.5771176959007,0.0
12,7,527.8370958664724,327.1629041335276,0.0
12,2,442.72035460425275,424.27964539574725,0.11999999999999998
12,10,302.13456816662574,330.86543183337426,0.11999999999999998
12,9,670.4551298552224,729.4551298552224,0.0
12,8,473.2519769259644,481.7480230740356,0.0
12,3,483.33380951166254,292.33380951166254,0.0
12,1,237.00866874172615,517.0086687417262,0.0
13,5,566.3774764587012,321.3774764587011,0.0
13,4,550.5,347.7992424049173,0.0
13,6,302.6703696775146,630.3296303224854,0.0
13,7,528.7916900210743,326.20830997892574,0.0
13,2,443.8181786764101,423.5,0.12999999999999998
13,10,303.1391998620915,329.8608001379085,0.12999999999999998
13,9,669.5902759901758,730.4097240098242,0.0
13,8,472.29738277136255,482.7026172286374,0.0
13,3,484.2884036662644,291.71159633373566,0.0
13,1,237.50000000000003,518.1551526709313,0.0
14,5,567.332070613303,322.33207061330296,0.0
14,4,549.7570021791338,346.7570021791338,0.0
14,6,303.62496383211646,629.3750361678835,0.0
14,7,529.7462841756761,325.2537158243239,0.0
14,2,445.0264671849523,424.0264671849523,0.13999999999999999
14,10,304.1477875285118,328.8522124714882,0.13999999999999999
14,9,668.6356818355739,731.3643181644261,0.0
14,8,471.34278861676074,483.65721138323926,0.0
14,3,485.2429978208662,290.7570021791338,0.0
14,1,237.50000000000003,519.5051526709314,0.0
15,5,566.7133352320951,323.2866647679048,0.0
15,4,550.1975919754681,345.8024080245319,0.0
15,6,304.5795579867183,628.4204420132817,0.0
15,7,530.700878330278,324.299121669722,0.0
15,2,446.26229844519133,424.5,0.15
15,10,305.16034674344223,327.83965325655777,0.15
15,9,667.681087680972,732.318912319028,0.0
15,8,470.38819446215894,484.6118055378411,0.0
15,3,486.197591975468,289.8024080245319,0.0
15,1,237.50000000000003,520.8551526709314,0.0
16,5,566.5341521413202,324.53415214132013,0.0
16,4,551.1521861300699,344.84781386993006,0.0
16,6,305.5482984214391,627.5,0.0
16,7,531.6554724848799,323.34452751512015,0.0
16,2,447.3484660210328,425.3484660210328,0.16
16,10,306.1768931457788,326.8231068542212,0.16
16,9,666.7264935263702,733.2735064736298,0.0
16,8,469.43360030755707,485.43360030755707,0.0
16,3,487.1521861300699,290.1521861300699,0.0
16,1,237.50000000000003,522.2051526709314,0.0
17,5,567.488746295922,325.488746295922,0.0
17,4,551.5,343.64188309203655,0.0
17,6,306.8982984214391,627.5,0.0
17,7,532.6100666394817,322.3899333605183,0.0
17,2,448.3690153112532,424.6309846887468,0.17
17,10,307.1974424359992,325.8025575640008,0.17
17,9,665.4790061529549,733.5209938470451,0.0
17,8,468.4790061529552,484.5209938470448,0.0
17,3,488.10678028467174,289.89321971532826,0.0
17,1,238.2461056088027,523.2461056088027,0.0
18,5,567.7362336693374,326.7362336693373,0.0
18,4,552.3542676580871,342.64573234191295,0.0
18,6,308.24829842143913,627.5,0.0
18,7,533.5646607940836,321.4353392059164,0.0
18,2,449.3935832516595,423.6064167483405,0.18000000000000002
18,10,308.22201037640554,324.77798962359446,0.18000000000000002
18,9,664.524411998353,734.475588001647,0.0
18,8,467.52441199835334,485.4755880016466,0.0
18,3,489.0613744392736,288.93862556072645,0.0
18,1,237.79930023659546,524.2006997634046,0.0
19,5,568.6908278239392,327.6908278239392,0.0
19,4,551.691138187311,341.6911381873111,0.0
19,6,309.27661426156607,628.2766142615661,0.0
19,7,534.5192549486854,320.48074505131456,0.0
19,2,450.42218566662143,422.57781433337857,0.19000000000000003
19,10,309.2506127913675,323.7493872086325,0.19000000000000003
19,9,663.5698178437511,735.4301821562489,0.0
19,8,466.2769246249381,485.7230753750619,0.0
19,3,490.0159685938754,287.9840314061246,0.0
19,1,238.15529391800644,525.1552939180065,0.0
20,5,569.5,328.70565773431986,0.0
20,4,551.5563491861043,340.4436508138958,0.0
20,6,310.23120841616793,627.768791583832,0.0
20,7,535.4738491032873,319.5261508967127,0.0
20,2,451.45483844282086,423.45483844282086,0.20000000000000004
20,10,310.2832655675669,322.7167344324331,0.20000000000000004
20,9,662.6152236891493,734.6152236891493,0.0
20,8,465.3223304703363,486.6776695296638,0.0
20,3,490.9705627484772,287.0294372515227,0.0
20,1,238.5,526.3625119838123,0.0
21,5,569.8929093519563,329.89290935195635,0.0
21,4,552.4890566592939,339.4890566592939,0.0
21,6,311.1858025707698,626.8141974292301,0.0
21,7,536.4284432578892,318.57155674211083,0.0
21,2,452.7844507483107,423.2155492516893,0.21000000000000005
21,10,311.3199846542432,321.6800153457568,0.21000000000000005
21,9,661.6606295345474,735.3393704654526,0.0
21,8,464.31295090390216,487.5,0.0
21,3,491.9251569030791,286.9251569030791,0.0
21,1,238.65026866483706,527.6502686648371,0.0
22,5,570.1524964934418,330.84750350655816,0.0
22,4,551.534462504692,338.53446250469204,0.0
22,6,312.14039672537166,627.1403967253717,0.0
22,7,537.383037412491,317.61696258750897,0.0
22,2,453.8252521575072,422.1747478424928,0.22000000000000006
22,10,312.3607860634397,320.6392139365603,0.22000000000000006
22,9,660.7060353799455,736.2939646200545,0.0
22,8,463.1202489423191,487.1202489423191,0.0
22,3,492.87975105768095,287.12024894231905,0.0
22,1,239.6482984214392,528.5,0.0
23,5,569.80209766116,331.80209766116,0.0
23,4,552.4201316499099,337.5798683500902,0.0
23,6,313.0949908799735,626.9050091200264,0.0
23,7,538.3376315670929,316.6623684329071,0.0
23,2,454.8701519643182,421.8701519643182,0.23000000000000007
23,10,313.40568587025075,319.59431412974925,0.23000000000000007
23,9,659.7514412253437,737.2485587746563,0.0
23,8,462.0271644662752,486.5,0.0
23,3,493.97283553372483,286.5,0.0
23,1,240.8523501928542,528.8523501928543,0.0
24,5,570.8630170472006,332.5,0.0
24,4,553.3747258045117,336.6252741954883,0.0
24,6,314.2772306095738,626.5,0.0
24,7,539.2922257216948,315.70777427830524,0.0
24,2,455.9191663071375,422.0808336928625,0.24000000000000007
24,10,314.45470021307005,318.54529978692995,0.24000000000000007
24,9,658.7968470707418,738.2031529292582,0.0
24,8,460.91816741430193,487.08183258569807,0.0
24,3,495.08183258569807,285.91816741430193,0.0
24,1,241.80694434745607,529.8069443474561,0.0
25,5,572.0041791891772,333.0041791891772,0.0
25,4,554.3293199591136,335.67068004088645,0.0
25,6,315.2970724079907,625.7029275920094,0.0
25,7,540.2468198762966,314.7531801237034,0.0
25,2,456.9723113879076,421.0276886120924,0.25000000000000006
25,10,315.50371455588936,317.49628544411064,0.24000000000000007
25,9,657.84225291614,737.84225291614,0.0
25,8,460.5,488.2586219713517,0.0
25,3,496.0364267402999,286.03642674029993,0.0
25,1,242.76153850205793,530.761538502058,0.0
26,5,572.5,334.14880348482757,0.0
26,4,553.7160858862845,334.7160858862846,0.0
26,6,316.2516665625925,624.7483334374075,0.0
26,7,541.2014140308985,313.7985859691015,0.0
26,2,458.0296034723699,419.9703965276301,0.26000000000000006
26,10,316.55272889870866,316.44727110129134,0.24000000000000007
26,9,656.8876587615381,738.1123412384619,0.0
26,8,459.7160858862848,489.2839141137152,0.0
26,3,497.19440840897863,286.5,0.0
26,1,243.5,531.80565773432,0.0
27,5,572.5,335.4988034848276,0.0
27,4,552.7614917316827,333.7614917316827,0.0
27,6,316.5,623.5011965151724,0.0
27,7,541.5,312.57226432703766,0.0
27,2,459.0910588903159,420.0910588903159,0.2700000000000001
27,10,317.60174324152797,315.39825675847203,0.24000000000000007
27,9,655.9330646069362,739.0669353930638,0.0
27,8,458.76149173168295,488.76149173168295,0.0
27,3,498.23850826831705,285.76149173168295,0.0
27,1,243.5,533.15565773432,0.0
28,5,573.4537480906097,336.4537480906096,0.0
28,4,551.8068975770808,332.80689757708086,0.0
28,6,317.4537480906096,622.5462519093903,0.0
28,7,540.5965044410843,311.5965044410844,0.0
28,2,460.15669403583945,419.84330596416055,0.2800000000000001
28,10,318.6507575843473,314.3492424156527,0.24000000000000007
28,9,654.762445840513,739.5,0.0
28,8,457.8068975770811,489.19310242291886,0.0
28,3,499.1931024229189,284.80689757708114,0.0
28,1,244.2111074034904,534.2111074034904,0.0
29,5,574.4083422452115,337.4083422452115,0.0
29,4,550.8523034224789,331.852303422479,0.0
29,6,318.78458992245453,622.5,0.0
29,7,541.3580897135175,310.6419102864825,0.0
29,2,461.2265253675901,418.77347463240994,0.2900000000000001
29,10,319.6997719271666,313.3002280728334,0.24000000000000007
29,9,653.7309830789192,740.2690169210808,0.0
29,8,456.5840187157675,489.5,0.0
29,3,499.50000000000006,283.58401871576757,0.0
29,1,245.16570155809222,535.1657015580922,0.0
30,5,574.5,338.72037636008145,0.0
30,4,549.8977092678771,330.89770926787713,0.0
30,6,319.94872283744024,622.0512771625598,0.0
30,7,541.3944229130672,309.3944229130672,0.0
30,2,462.30056940902693,419.300569409027,0.3000000000000001
30,10,320.7487862699859,312.2512137300141,0.24000000000000007
30,9,652.4766594028862,740.5,0.0
30,8,455.60481604906397,490.39518395093603,0.0
30,3,500.39518395093603,282.60481604906397,0.0
30,1,246.12029571269406,536.1202957126941,0.0
31,5,574.903316992042,339.9033169920421,0.0
31,4,549.5,329.7124458405133,0.0
31,6,321.0703763600814,621.5,0.0
31,7,540.4149050141568,308.5,0.0
31,2,463.3746134504638,418.6253865495362,0.3000000000000001
31,10,321.2021993871948,311.2021993871948,0.24000000000000007
31,9,651.2360083320885,740.7639916679115,0.0
31,8,454.6502218944621,491.34977810553784,0.0
31,3,501.34977810553784,283.3497781055379,0.0
31,1,246.5,537.3130170472008,0.0
32,5,575.8579111466439,340.8579111466439,0.0
32,4,549.4027345210466,328.4027345210465,0.0
32,6,322.15080436545736,620.8491956345426,0.0
32,7,539.19234138505,308.19234138505004,0.0
32,2,464.74155071071414,418.25844928928586,0.3000000000000001
32,10,320.1531850443755,310.1531850443755,0.24000000000000007
32,9,650.2814141774867,741.7185858225133,0.0
32,8,453.6956277398603,492.3043722601397,0.0
32,3,502.3043722601397,282.6956277398603,0.0
32,1,246.38472954047532,538.6152704595247,0.0
33,5,576.5,341.94194923533524,0.0
33,4,548.5,327.4266594028864,0.0
33,6,323.3561627977083,620.5,0.0
33,7,538.5,307.1291185765299,0.0
33,2,465.9463183787057,417.5,0.3000000000000001
33,10,319.5,308.9402128377561,0.24000000000000007
33,9,649.3268200228848,742.6731799771152,0.0
33,8,452.7410335852585,491.74103358525844,0.0
33,3,503.25896641474156,281.7410335852585,0.0
33,1,245.5,539.5988034848277,0.0
34,5,577.0599926746611,343.05999267466103,0.0
34,4,548.7993470069706,326.2006529930294,0.0
34,6,324.3528858934745,619.6471141065256,0.0
34,7,539.0097401429671,305.99025985703287,0.0
34,2,467.1825320124013,416.81746798759866,0.3000000000000001
34,10,320.2377368600766,307.7622631399234,0.24000000000000007
34,9,648.372225868283,743.627774131717,0.0
34,8,451.7864394306567,492.2135605693433,0.0
34,3,504.2135605693434,282.2135605693434,0.0
34,1,245.81735198754183,540.8173519875419,0.0
35,5,578.014586829263,344.0145868292629,0.0
35,4,549.5,325.14087296525946,0.0
35,6,325.60037326688973,619.3996267331103,0.0
35,7,539.0356657024311,305.03566570243106,0.0
35,2,468.5494692726516,416.4505307273484,0.3000000000000001
35,10,319.7132487971041,306.7132487971041,0.24000000000000007
35,9,647.4176317136811,744.5823682863189,0.0
35,8,450.8318452760548,493.1681547239451,0.0
35,3,505.1681547239452,281.83184527605476,0.0
35,1,246.5,541.8845899224547,0.0
36,5,578.0308190161352,344.96918098386476,0.0
36,4,548.9985714650122,323.9985714650123,0.0
36,6,326.57773567296204,618.5,0.0
36,7,538.0810715478292,304.0810715478292,0.0
36,2,469.6235133140885,415.3764866859115,0.3000000000000001
36,10,318.6642344542848,305.6642344542848,0.24000000000000007
36,9,646.4630375590792,745.5369624409208,0.0
36,8,449.877251121453,494.122748878547,0.0
36,3,506.12274887854704,280.87725112145296,0.0
36,1,246.5,543.2345899224547,0.0
37,5,577.9237751384667,345.9237751384666,0.0
37,4,548.5,322.8550865276325,0.0
37,6,327.80245479490685,618.1975452050932,0.0
37,7,537.5,302.9717592636492,0.0
37,2,470.69755735552536,414.6975573555253,0.3000000000000001
37,10,317.6152201114655,304.6152201114655,0.24000000000000007
37,9,645.5084434044774,746.4915565955226,0.0
37,8,448.9226569668512,493.92265696685115,0.0
37,3,507.0773430331489,281.0773430331489,0.0
37,1,247.26692088897428,544.2669208889744,0.0
38,5,578.8783692930685,346.8783692930685,0.0
38,4,547.7964899369952,321.7964899369951,0.0
38,6,328.75704894950866,617.7570489495087,0.0
38,7,536.878990019812,301.8789900198121,0.0
38,2,471.7716013969622,415.22839860303776,0.3000000000000001
38,10,317.7266874501673,303.2733125498327,0.24000000000000007
38,9,644.5538492498755,745.5538492498755,0.0
38,8,447.74772721475244,493.49999999999994,0.0
38,3,508.2522727852477,281.5,0.0
38,1,247.5144082623896,545.5144082623897,0.0
39,5,579.5,347.9708814234699,0.0
39,4,546.5693000900056,321.5,0.0
39,6,329.7116431041105,618.7116431041105,0.0
39,7,535.9243958652102,300.9243958652102,0.0
39,2,472.84564543839906,414.15435456160094,0.3000000000000001
39,10,318.2242982070134,302.2242982070134,0.24000000000000007
39,9,643.5992550952736,746.4007449047264,0.0
39,8,446.7205754388341,494.2794245611659,0.0
39,3,509.279424561166,280.7205754388339,0.0
39,1,248.4690024169915,546.4690024169914,0.0
40,5,578.9195491789144,349.08045082108566,0.0
40,4,545.3015151901645,321.30151519016454,0.0
40,6,330.6662372587124,619.3337627412876,0.0
40,7,536.0301982893917,299.96980171060835,0.0
40,2,473.91968947983594,413.08031052016406,0.3000000000000001
40,10,317.1752838641941,301.1752838641941,0.24000000000000007
40,9,642.6446609406718,747.3553390593282,0.0
40,8,445.7659812842322,495.2340187157677,0.0
40,3,510.2340187157679,279.7659812842321,0.0
40,1,249.42359657159332,547.4235965715933,0.0
41,5,579.0350449756875,350.03504497568747,0.0
41,4,544.6530789644373,320.3469210355627,0.0
41,6,331.62083141331425,618.3791685866858,0.0
41,7,536.0152075560064,299.0152075560065,0.0
41,2,474.9937335212728,412.00626647872724,0.3000000000000001
41,10,316.1262695213748,300.1262695213748,0.24000000000000007
41,9,641.3971735672565,747.6028264327435,0.0
41,8,444.81138712963036,494.81138712963036,0.0
41,3,510.5,278.5261543394985,0.0
41,1,250.37819072619516,548.3781907261952,0.0
42,5,579.0103608697107,350.98963913028933,0.0
42,4,545.3923268809608,319.3923268809608,0.0
42,6,332.5754255679161,617.4245744320839,0.0
42,7,535.5,297.87861351314143,0.0
42,2,476.30295872959516,411.5,0.3000000000000001
42,10,315.0772551785555,299.0772551785555,0.24000000000000007
42,9,640.4425794126546,748.5574205873454,0.0
42,8,443.8567929750285,495.14320702497145,0.0
42,3,511.436100243785,277.563899756215,0.0
42,1,251.33278488079702,549.332784880797,0.0
43,5,578.9442332848912,351.9442332848912,0.0
43,4,544.437732726359,318.43773272635895,0.0
43,6,333.54245429872356,616.5,0.0
43,7,534.8131260279894,296.8131260279893,0.0
43,2,477.43471482296,412.43471482296,0.3000000000000001
43,10,314.9717591642638,298.0282408357362,0.24000000000000007
43,9,639.4879852580527,749.5120147419473,0.0
43,8,442.9021988204267,496.0978011795733,0.0
43,3,512.3906943983868,278.39069439838687,0.0
43,1,251.50000000000003,550.6135221105893,0.0
44,5,579.8988274394931,352.89882743949306,0.0
44,4,543.4831385717571,317.4831385717571,0.0
44,6,334.77750709593323,616.7775070959333,0.0
44,7,534.5,295.59282707551455,0.0
44,2,478.80165208321034,412.19834791678966,0.3000000000000001
44,10,314.9792264929169,296.9792264929169,0.24000000000000007
44,9,638.5333911034509,750.4666088965491,0.0
44,8,441.9476046658249,495.9476046658248,0.0
44,3,513.3452885529887,277.6547114470113,0.0
44,1,251.82775962762764,551.8277596276276,0.0
45,5,580.8534215940949,353.8534215940949,0.0
45,4,542.5285444171552,316.5285444171552,0.0
45,6,335.7321012505351,617.2678987494648,0.0
45,7,533.6110444999722,294.6110444999722,0.0
45,2,480.03131455480707,411.5,0.3000000000000001
45,10,314.5,295.6941982949926,0.24000000000000007
45,9,637.1972221513628,750.5,0.0
45,8,440.9930105112231,496.0069894887769,0.0
45,3,514.2998827075905,276.70011729240946,0.0
45,1,252.21764621777052,552.7823537822295,0.0
46,5,581.5,354.9356000492315,0.0
46,4,543.4260497374466,315.57395026255335,0.0
46,6,336.7640271739774,616.5,0.0
46,7,532.6564503453703,293.65645034537033,0.0
46,2,481.2426333848975,410.7573666151025,0.3000000000000001
46,10,315.41169541153516,294.58830458846484,0.24000000000000007
46,9,636.0384163566202,750.9615836433798,0.0
46,8,440.03841635662127,496.9615836433788,0.0
46,3,515.5473700810059,276.45262991899415,0.0
46,1,251.73694793683137,553.7369479368314,0.0
47,5,581.5,356.2856000492315,0.0
47,4,543.326462889138,314.32646288913804,0.0
47,6,337.9341827785522,616.0658172214478,0.0
47,7,531.7018561907685,292.70185619076847,0.0
47,2,482.31667742633437,409.68332257366563,0.3000000000000001
47,10,314.53929024564553,293.53929024564553,0.24000000000000007
47,9,635.0838222020184,751.0838222020184,0.0
47,8,439.0838222020194,497.9161777979806,0.0
47,3,516.5019642356077,275.5019642356077,0.0
47,1,252.6915420914332,554.6915420914332,0.0
48,5,582.3029904955274,357.30299049552735,0.0
48,4,542.3718687345362,313.3718687345362,0.0
48,6,338.8887769331541,615.1112230668459,0.0
48,7,531.4543688173532,291.45436881735316,0.0
48,2,483.7596703800189,409.5,0.3000000000000001
48,10,313.5097240971738,292.4902759028262,0.24000000000000007
48,9,634.1292280474165,750.8707719525835,0.0
48,8,438.1292280474176,498.87077195258246,0.0
48,3,517.4565583902096,276.4565583902096,0.0
48,1,253.5,555.7066678610971,0.0
49,5,581.7424153498707,358.2575846501292,0.0
49,4,541.4172745799343,312.4172745799343,0.0
49,6,339.9856000492312,614.5,0.0
49,7,530.5,290.4996813250068,0.0
49,2,485.05055194683496,408.94944805316504,0.3000000000000001
49,10,314.5,291.41693130152913,0.24000000000000007
49,9,633.039862838482,751.5,0.0
49,8,437.1746338928158,499.1746338928158,0.0
49,3,518.7885642862631,276.5,0.0
49,1,253.89362361945038,556.8936236194504,0.0
50,5,582.2121788047311,359.2121788047311,0.0
50,4,540.5373195746675,311.46268042533245,0.0
50,6,341.33560004923123,614.5,0.0
50,7,530.252287289336,289.25228728933604,0.0
50,2,486.12459598827184,407.87540401172816,0.3000000000000001
50,10,314.90064600162583,290.09935399837417,0.24000000000000007
50,9,631.9271465193995,752.0728534806005,0.0
50,8,436.1040764008566,498.5,0.0
50,3,519.9515331370402,276.04846686295986,0.0
50,1,254.49999999999997,557.992454298724,0.0
51,5,582.5,360.4429593621123,0.0
51,4,541.4919137292694,310.5080862707306,0.0
51,6,342.3383458345865,613.6616541654134,0.0
51,7,529.7023068652659,288.2976931347342,0.0
51,2,487.48802620523077,407.5,0.3000000000000001
51,10,315.94966034444514,289.05033965555486,0.24000000000000007
51,9,630.9725523647976,753.0274476352024,0.0
51,8,434.7540764008566,498.5,0.0
51,3,520.9061272916421,275.093872708358,0.0
51,1,255.09570514746753,559.0957051474676,0.0
52,5,583.4142603327482,361.4142603327482,0.0
52,4,541.2605988973153,309.2605988973153,0.0
52,6,343.29293998918837,612.7070600108116,0.0
52,7,530.6569010198677,287.3430989801323,0.0
52,2,488.565577289959,406.434422710041,0.3000000000000001
52,10,316.99867468726444,288.00132531273556,0.24000000000000007
52,9,630.0179582101957,753.9820417898043,0.0
52,8,433.72506499138336,499.2749350086167,0.0
52,3,521.8607214462439,274.1392785537561,0.0
52,1,254.9497006979306,560.0502993020693,0.0
53,5,583.6617477061635,362.6617477061635,0.0
53,4,540.2256492761093,308.5,0.0
53,6,344.24753414379023,613.2475341437903,0.0
53,7,531.5,286.342322012126,0.0
53,2,489.69745438045663,405.5,0.3000000000000001
53,10,318.04768903008375,286.95231096991625,0.24000000000000007
53,9,629.0633640555939,754.9366359444061,0.0
53,8,432.47757761796805,499.522422382032,0.0
53,3,522.8153156008458,273.81531560084574,0.0
53,1,255.00489345667117,561.0048934566712,0.0
54,5,584.6163418607654,363.6163418607654,0.0
54,4,539.0585173692981,308.05851736929816,0.0
54,6,345.2021282983921,612.7978717016078,0.0
54,7,531.1410174521151,285.14101745211514,0.0
54,2,491.0065585916462,404.99344140835376,0.3000000000000001
54,10,319.09670337290305,285.90329662709695,0.24000000000000007
54,9,628.108769900992,755.891230099008,0.0
54,8,431.5229834633662,500.4770165366338,0.0
54,3,523.8817100367708,274.5,0.0
54,1,255.95948761127303,561.9594876112731,0.0
55,5,585.5,364.600318674993,0.0
55,4,538.5,306.9398628384824,0.0
55,6,345.5,611.571254200261,0.0
55,7,530.1864232975132,284.1864232975133,0.0
55,2,492.3210961180556,404.5,0.3000000000000001
55,10,320.14571771572236,286.14571771572236,0.24000000000000007
55,9,627.1541757463901,756.1541757463901,0.0
55,8,430.5683893087644,501.4316106912357,0.0
55,3,525.2317100367708,274.5,0.0
55,1,256.5,563.0856000492316,0.0
56,5,585.8184233887824,365.8184233887825,0.0
56,4,539.143564158719,305.85643584128104,0.0
56,6,346.40420982640927,610.5957901735908,0.0
56,7,529.2318291429114,283.2318291429114,0.0
56,2,493.4475398933334,403.5524601066666,0.3000000000000001
56,10,321.19473205854166,285.80526794145834,0.24000000000000007
56,9,626.1995815917883,755.8004184082117,0.0
56,8,429.6137951541626,500.6137951541626,0.0
56,3,526.2648845022782,273.73511549772184,0.0
56,1,257.1615691392902,564.1615691392901,0.0
57,5,586.7730175433843,366.7730175433843,0.0
57,4,538.9018416866792,304.9018416866792,0.0
57,6,347.71453223736586,610.5,0.0
57,7,528.2772349883095,282.27723498830954,0.0
57,2,494.52158393477026,402.5215839347702,0.3000000000000001
57,10,322.24374640136097,284.75625359863903,0.24000000000000007
57,9,625.1393577750936,756.5,0.0
57,8,428.65920099956077,501.3407990004393,0.0
57,3,527.21947865688,272.78052134312,0.0
57,1,258.116163293892,565.116163293892,0.0
58,5,587.5,367.8218915502468,0.0
58,4,537.9472475320773,303.9472475320773,0.0
58,6,349.0645322373659,610.5,0.0
58,7,527.5,281.24917626161823,0.0
58,2,495.5956279762071,403.59562797620714,0.3000000000000001
58,10,323.5856539629937,284.4143460370063,0.24000000000000007
58,9,623.9975000637712,757.0024999362288,0.0
58,8,427.7046068449589,502.2953931550411,0.0
58,3,528.1740728114819,273.1740728114819,0.0
58,1,257.92924255150615,566.0707574484939,0.0
59,5,587.0249009285985,368.9750990714015,0.0
59,4,537.5,302.7825035256016,0.0
59,6,350.4145322373659,610.5,0.0
59,7,527.0751534602924,280.0751534602924,0.0
59,2,496.73995246850734,404.5,0.3000000000000001
59,10,324.6904497445026,283.5,0.24000000000000007
59,9,623.0429059091693,757.9570940908307,0.0
59,8,426.75001269035704,503.24998730964296,0.0
59,3,529.1286669660838,272.87133303391624,0.0
59,1,258.0253516030957,567.0253516030957,0.0
60,5,586.9296932260033,369.92969322600334,0.0
60,4,536.7451660040601,301.7451660040602,0.0
60,6,351.3941593200704,609.6058406799295,0.0
60,7,526.8794406943094,279.12055930569056,0.0
60,2,498.0366092778943,403.9633907221057,0.3000000000000001
60,10,325.9765758674458,283.0234241325542,0.24000000000000007
60,9,621.9177848998398,758.5,0.0
60,8,425.7954185357552,504.20458146424477,0.0
60,3,530.0832611206856,273.0832611206856,0.0
60,1,258.9799457576976,567.9799457576976,0.0
61,5,587.5,371.04346442550064,0.0
61,4,535.7905718494583,300.79057184945833,0.0
61,6,352.34875347467226,608.6512465253277,0.0
61,7,527.1659651510887,278.1659651510887,0.0
61,2,499.36359420610626,403.5,0.3000000000000001
61,10,327.2432968036074,282.5,0.24000000000000007
61,9,620.8408243811523,759.1591756188477,0.0
61,8,424.84082438115337,505.15917561884663,0.0
61,3,531.2606422249055,273.5,0.0
61,1,259.93453991229944,568.9345399122994,0.0
62,5,588.1317747540204,372.13177475402046,0.0
62,4,536.1640223051436,299.83597769485647,0.0
62,6,353.3033476292741,609.3033476292742,0.0
62,7,526.2113709964868,277.21137099648683,0.0
62,2,500.47759057958143,402.5224094204185,0.3000000000000001
62,10,328.36749777189783,281.63250222810217,0.24000000000000007
62,9,619.631998462213,759.5,0.0
62,8,423.88623022655156,504.8862302265515,0.0
62,3,532.5782358675162,273.42176413248376,0.0
62,1,260.1108659330987,569.8891340669013,0.0
63,5,588.5,373.3292508631275,0.0
63,4,535.8813835402545,298.8813835402546,0.0
63,6,354.257941783876,608.742058216124,0.0
63,7,525.256776841885,276.25677684188497,0.0
63,2,501.84452783983176,402.15547216016824,0.3000000000000001
63,10,329.41651211471714,282.41651211471714,0.24000000000000007
63,9,618.6387428531352,758.6387428531352,0.0
63,8,422.6962120245876,504.49999999999994,0.0
63,3,533.5464286625324,272.5,0.0
63,1,259.84372822150317,570.8437282215032,0.0
64,5,589.3338562820376,374.3338562820376,0.0
64,4,535.5,297.68935777509387,0.0
64,6,355.5054291572913,608.4945708427086,0.0
64,7,524.6978173127169,275.3021826872831,0.0
64,2,503.0919500313181,401.5,0.3000000000000001
64,10,330.46552645753644,281.53447354246356,0.24000000000000007
64,9,617.6841486985334,759.3158513014666,0.0
64,8,421.68414869853444,505.31585130146556,0.0
64,3,534.7803173955334,272.7803173955334,0.0
64,1,260.5,571.9218915502471,0.0
65,5,590.2884504366394,375.28845043663944,0.0
65,4,534.6793020122375,296.67930201223743,0.0
65,6,356.46002331189317,607.5399766881068,0.0
65,7,525.6524114673188,274.34758853268124,0.0
65,2,504.2855091415189,400.71449085848104,0.3000000000000001
65,10,331.8074340191692,281.1925659808308,0.24000000000000007
65,9,616.7295545439315,760.2704454560685,0.0
65,8,420.7295545439326,506.27044545606736,0.0
65,3,535.7349115501353,273.7349115501353,0.0
65,1,260.5,573.2718915502471,0.0
66,5,590.5,376.5508237383814,0.0
66,4,534.4318146388222,295.4318146388222,0.0
66,6,357.41461746649503,606.5853825335049,0.0
66,7,526.6070056219206,273.3929943780794,0.0
66,2,505.3595531829558,399.6404468170442,0.3000000000000001
66,10,333.0040941078098,280.5,0.24000000000000007
66,9,615.4820671705162,760.5179328294838,0.0
66,8,419.7749603893308,507.2250396106692,0.0
66,3,536.7680015377863,274.5,0.0
66,1,261.2932971229356,574.2932971229357,0.0
67,5,590.7834251834701,377.78342518347,0.0
67,4,533.4772204842203,294.4772204842203,0.0
67,6,358.3692116210969,605.630788378903,0.0
67,7,527.5615997765225,272.5615997765225,0.0
67,2,506.7264904432061,399.2735095567939,0.3000000000000001
67,10,334.19835592362125,279.80164407637875,0.24000000000000007
67,9,614.5274730159143,761.4725269840857,0.0
67,8,418.82036623472897,508.1796337652711,0.0
67,3,537.9369930781525,274.0630069218476,0.0
67,1,262.24789127753746,575.2478912775375,0.0
68,5,591.8366101760083,378.5,0.0
68,4,532.5226263296184,293.52262632961845,0.0
68,6,359.32380577569876,604.6761942243012,0.0
68,7,528.5161939311243,273.48380606887565,0.0
68,2,507.9250199441429,398.5,0.3000000000000001
68,10,335.24737026644056,278.75262973355944,0.24000000000000007
68,9,613.5728788613125,762.4271211386875,0.0
68,8,417.86577208012716,507.86577208012716,0.0
68,3,538.8915872327543,273.89158723275426,0.0
68,1,262.5,576.493464425501,0.0
69,5,592.9855067114871,378.9855067114872,0.0
69,4,531.5680321750166,292.5680321750166,0.0
69,6,360.2783999303006,603.7216000696993,0.0
69,7,529.4707880857262,272.5292119142738,0.0
69,2,509.16747174489325,397.8325282551067,0.3000000000000001
69,10,336.29638460925986,277.70361539074014,0.24000000000000007
69,9,612.3253914878972,762.6746085121028,0.0
69,8,416.91117792552535,508.0888220744747,0.0
69,3,539.9895744130401,274.5,0.0
69,1,263.44997280555464,577.4499728055546,0.0
70,5,593.940100866089,379.940100866089,0.0
70,4,531.3205448016013,291.3205448016013,0.0
70,6,361.52588730371593,603.474112696284,0.0
70,7,530.4253822403281,273.4253822403281,0.0
70,2,510.5344090051436,397.4655909948564,0.3000000000000001
70,10,337.34539895207917,276.65460104792083,0.24000000000000007
70,9,611.3172798364515,763.5,0.0
70,8,415.9565837709235,509.0434162290765,0.0
70,3,541.0936687607714,275.0936687607714,0.0
70,1,264.40456696015644,578.4045669601564,0.0
71,5,594.1053049793092,380.89469502069085,0.0
71,4,530.5,290.31042558695924,0.0
71,6,362.4804814583178,602.5195185416821,0.0
71,7,531.7444745522781,273.5,0.0
71,2,511.60845304658045,396.60845304658045,0.3000000000000001
71,10,338.39441329489847,277.39441329489847,0.24000000000000007
71,9,610.12330995988,763.87669004012,0.0
71,8,414.79570696119947,509.5,0.0
71,3,542.0482629153732,274.95173708462676,0.0
71,1,264.65205433357175,579.6520543335718,0.0
72,5,593.5,381.99396948888904,0.0
72,4,530.1184632735841,289.11846327358415,0.0
72,6,363.43507561291966,603.4350756129197,0.0
72,7,532.9203569871587,273.0796430128413,0.0
72,2,512.6824970880173,397.3175029119827,0.3000000000000001
72,10,339.7363208565312,277.2636791434688,0.24000000000000007
72,9,609.1687158052781,764.8312841947219,0.0
72,8,413.44570696119945,509.5,0.0
72,3,543.0028570699751,275.0028570699751,0.0
72,1,265.3933515118264,580.6066484881736,0.0
73,5,594.096776548708,383.09677654870796,0.0
73,4,529.8361308810178,288.1638691189823,0.0
73,6,364.3896697675215,602.6103302324784,0.0
73,7,534.0302609899051,272.5,0.0
73,2,513.8628039445806,396.5,0.3000000000000001
73,10,340.7853351993505,276.2146648006495,0.24000000000000007
73,9,608.2141216506762,765.2141216506762,0.0
73,8,412.0957069611994,509.5,0.0
73,3,544.1469337259209,275.5,0.0
73,1,264.5612426427755,581.5612426427755,0.0
74,5,595.0513707033099,384.05137070330983,0.0
74,4,530.7907250356196,287.2092749643804,0.0
74,6,365.63715714093684,602.3628428590631,0.0
74,7,535.1224385151759,273.1224385151759,0.0
74,2,515.1234783897045,395.8765216102955,0.3000000000000001
74,10,341.9728416571098,275.5,0.24000000000000007
74,9,607.2595274960744,764.7404725039256,0.0
74,8,410.9666342772623,510.0333657227377,0.0
74,3,545.4969337259209,275.5,0.0
74,1,265.5,582.5223966136356,0.0
75,5,596.0059648579117,385.0059648579117,0.0
75,4,531.5,286.15306627407847,0.0
75,6,366.6297559265161,601.5,0.0
75,7,536.0770326697777,274.07703266977774,0.0
75,2,516.1975224311414,394.80247756885865,0.3000000000000001
75,10,343.1762571038026,274.8237428961974,0.24000000000000007
75,9,606.3049333414725,765.6950666585275,0.0
75,8,410.0120401226605,510.98795987733956,0.0
75,3,546.745319190221,275.74531919022104,0.0
75,1,265.7633241707926,583.7633241707927,0.0
76,5,596.9605590125136,385.96055901251356,0.0
76,4,531.0071934363633,285.00719343636325,0.0
76,6,367.97975592651613,601.5,0.0
76,7,537.2518338651589,274.5,0.0
76,2,517.2715664725782,395.27156647257823,0.3000000000000001
76,10,344.52568871621463,274.5,0.24000000000000007
76,9,605.2883476483167,766.5,0.0
76,8,408.8741340859456,511.5,0.0
76,3,547.3000866551771,276.6999133448229,0.0
76,1,266.5,584.8081830512625,0.0
77,5,597.0848468328845,386.9151531671154,0.0
77,4,530.0525992817614,284.05259928176145,0.0
77,6,369.08672604236926,602.0867260423693,0.0
77,7,538.2791141977948,273.72088580220515,0.0
77,2,518.3456105140151,394.6543894859849,0.3000000000000001
77,10,345.8600722270681,274.1399277729319,0.24000000000000007
77,9,604.1028518134553,766.8971481865447,0.0
77,8,407.8099585946433,512.1900414053566,0.0
77,3,546.6545074994248,277.65450749942477,0.0
77,1,266.9654056988098,585.9654056988098,0.0
78,5,596.8697473217173,387.8697473217173,0.0
78,4,529.0980051271596,283.0980051271596,0.0
78,6,370.0413201969711,601.9586798030289,0.0
78,7,539.2337083523967,274.23370835239666,0.0
78,2,519.7125477742654,394.28745222573457,0.3000000000000001
78,10,347.07853577531944,273.5,0.24000000000000007
78,9,603.1482576588535,767.8517423411465,0.0
78,8,406.8553644400415,513.1446355599585,0.0
78,3,547.6542930388017,278.5,0.0
78,1,267.08000014658836,586.9199998534117,0.0
79,5,597.8243414763192,388.82434147631915,0.0
79,4,528.1434109725577,282.1434109725577,0.0
79,6,370.995914351573,601.004085648427,0.0
79,7,540.4734067404127,274.5,0.0
79,2,520.7865918157023,393.2134081842977,0.3000000000000001
79,10,348.25099413152014,272.74900586847986,0.24000000000000007
79,9,602.1936635042516,768.8063364957484,0.0
79,8,405.90077028543965,514.0992297145604,0.0
79,3,548.8565890274418,278.8565890274419,0.0
79,1,266.5,588.0297559265164,0.0
80,5,598.2210643690789,389.778935630921,0.0
80,4,527.5,281.0599205235708,0.0
80,6,371.95050850617486,600.0494914938251,0.0
80,7,541.4357898804137,275.4357898804138,0.0
80,2,521.8606358571392,392.1393641428608,0.3000000000000001
80,10,349.30000847433945,271.69999152566055,0.24000000000000007
80,9,601.1309883354359,769.5,0.0
80,8,406.0538238691622,515.0538238691622,0.0
80,3,549.5,279.9400794764286,0.0
80,1,267.12208138142876,589.1220813814288,0.0
81,5,597.5,390.83026098990456,0.0
81,4,526.9413294445405,279.9413294445406,0.0
81,6,372.9051026607767,599.0948973392233,0.0
81,7,542.3903840350156,274.6096159649844,0.0
81,2,522.9346798985761,391.06532010142394,0.3000000000000001
81,10,350.34902281715875,272.34902281715875,0.24000000000000007
81,9,599.9915819762344,770.0084180237656,0.0
81,8,405.9915819762359,516.0084180237641,0.0
81,3,548.941329444541,281.058670555459,0.0
81,1,268.0766755360306,590.0766755360306,0.0
82,5,597.9810171589382,391.9810171589382,0.0
82,4,525.9867352899387,278.98673528993874,0.0
82,6,373.8596968153786,598.1403031846214,0.0
82,7,543.3449781896174,275.34497818961745,0.0
82,2,524.2194442954701,390.5,0.3000000000000001
82,10,351.39803715997806,271.60196284002194,0.24000000000000007
82,9,599.0369878216326,770.0369878216326,0.0
82,8,405.03698782163406,516.963012178366,0.0
82,3,548.5,282.22586591405553,0.0
82,1,269.0312696906325,591.0312696906325,0.0
83,5,598.9356113135401,392.93561131354005,0.0
83,4,525.0321411353368,278.0321411353369,0.0
83,6,374.9444745522777,597.5,0.0
83,7,544.6307660532933,275.5,0.0
83,2,525.3756612002633,391.3756612002632,0.3000000000000001
83,10,352.7399447216108,271.2600552783892,0.24000000000000007
83,9,598.0823936670307,769.9176063329693,0.0
83,8,404.5,518.090584539816,0.0
83,3,549.2607520834762,283.2607520834761,0.0
83,1,269.5,592.1871152393971,0.0
84,5,599.109794531858,393.8902054681419,0.0
84,4,524.922453019265,277.077546980735,0.0
84,6,376.29447455227773,597.5,0.0
84,7,545.9807660532933,275.5,0.0
84,2,526.4497052417001,390.5502947582999,0.3000000000000001
84,10,353.9086498278877,270.5,0.24000000000000007
84,9,597.5,771.0263709774449,0.0
84,8,405.16509370638306,519.1650937063831,0.0
84,3,550.215346238078,284.215346238078,0.0
84,1,268.7666487813504,593.2333512186497,0.0
85,5,598.8447996227438,394.8447996227438,0.0
85,4,525.1229528261331,276.12295282613314,0.0
85,6,377.60215893562446,597.3978410643755,0.0
85,7,547.0874403098633,276.0874403098633,0.0
85,2,527.8166425019505,390.1833574980496,0.3000000000000001
85,10,355.13086662606287,269.86913337393713,0.24000000000000007
85,9,597.5,772.3763709774449,0.0
85,8,406.1196878609849,520.119687860985,0.0
85,3,550.5,285.4474387893094,0.0
85,1,268.5,594.4729016770241,0.0
86,5,599.5,395.9234067404123,0.0
86,4,524.8316413284688,275.1683586715313,0.0
86,6,378.5567530902263,596.4432469097736,0.0
86,7,546.9579655355349,277.04203446446513,0.0
86,2,528.5,388.947485791705,0.3000000000000001
86,10,356.46149688699256,269.5,0.24000000000000007
86,9,596.6328247655983,773.3671752344017,0.0
86,8,407.0742820155868,521.0742820155868,0.0
86,3,550.7103209849085,286.7103209849086,0.0
86,1,269.4354327466668,595.4354327466668,0.0
87,5,600.0468811507609,397.0468811507609,0.0
87,4,525.7862354830706,274.2137645169294,0.0
87,6,379.5113472448282,595.4886527551718,0.0
87,7,546.996628619067,277.996628619067,0.0
87,2,529.2576238036377,387.7423761963624,0.3000000000000001
87,10,357.81468174932843,269.18531825067157,0.24000000000000007
87,9,595.6782306109965,772.6782306109965,0.0
87,8,406.97112382981135,522.0288761701887,0.0
87,3,551.6649151395104,287.6649151395104,0.0
87,1,269.5,596.758688114651,0.0
88,5,601.0014753053628,398.00147530536276,0.0
88,4,526.7408296376725,273.25917036232755,0.0
88,6,380.46594139943005,594.5340586005699,0.0
88,7,548.1381253661741,278.5,0.0
88,2,530.624561063888,387.37543893611206,0.3000000000000001
88,10,358.86369609214773,268.13630390785227,0.24000000000000007
88,9,594.7236364563946,773.2763635436054,0.0
88,8,406.9834703247905,522.9834703247906,0.0
88,3,552.6195092941123,288.6195092941123,0.0
88,1,269.9304074934974,597.9304074934973,0.0
89,5,601.0439305400354,398.9560694599646,0.0
89,4,527.6954237922744,272.6954237922743,0.0
89,6,381.4205355540319,595.420535554032,0.0
89,7,549.1987101470842,279.19871014708417,0.0
89,2,531.7808700335069,386.5,0.3000000000000001
89,10,360.0836606944633,267.5,0.24000000000000007
89,9,593.7690423017928,774.2309576982072,0.0
89,8,407.5,524.1195167279507,0.0
89,3,553.4258965512859,289.57410344871414,0.0
89,1,270.8850016480992,598.8850016480992,0.0
90,5,600.9106636145665,399.9106636145665,0.0
90,4,528.6500179468762,273.3499820531238,0.0
90,6,382.3751297086338,596.3751297086338,0.0
90,7,549.5,280.42391180380105,0.0
90,2,533.0655423655751,385.9344576344249,0.3000000000000001
90,10,361.2546179965998,268.2546179965998,0.24000000000000007
90,9,592.8144481471909,775.1855518528091,0.0
90,8,407.5,525.4695167279507,0.0
90,3,552.528697603316,290.528697603316,0.0
90,1,271.83959580270107,599.8395958027011,0.0
91,5,601.5,401.01655249092,0.0
91,4,529.6046121014781,272.60461210147804,0.0
91,6,383.32972386323564,595.6702761367643,0.0
91,7,548.5992083248987,281.4007916751013,0.0
91,2,534.139586407012,386.13958640701196,0.3000000000000001
91,10,362.3036323394191,267.6963676605809,0.24000000000000007
91,9,591.859853992589,776.140146007411,0.0
91,8,408.433039226223,526.4330392262231,0.0
91,3,553.4832917579179,291.48329175791787,0.0
91,1,272.79418995730293,600.7941899573029,0.0
92,5,601.5,402.36655249092,0.0
92,4,530.5837302903255,273.5,0.0
92,6,384.57721123665095,595.422788763349,0.0
92,7,548.6482790485167,282.6482790485166,0.0
92,2,535.2136304484488,385.78636955155116,0.3000000000000001
92,10,362.64553990105185,266.35446009894815,0.24000000000000007
92,9,590.6589103967935,776.5,0.0
92,8,409.38763338082487,527.3876333808249,0.0
92,3,553.7307791313332,292.7307791313332,0.0
92,1,273.7487841119048,601.7487841119048,0.0
93,5,602.360232515999,403.3602325159989,0.0
93,4,531.9337302903256,273.5,0.0
93,6,385.5318053912528,594.4681946087471,0.0
93,7,549.6028732031185,283.60287320311846,0.0
93,2,536.5805677086992,385.41943229130084,0.3000000000000001
93,10,363.69455424387115,265.30544575612885,0.24000000000000007
93,9,589.657772464572,777.342227535428,0.0
93,8,409.6351207542402,528.6351207542402,0.0
93,3,554.5,293.762157415071,0.0
93,1,274.29662173349334,602.7033782665067,0.0
94,5,602.6077198894143,404.6077198894142,0.0
94,4,533.0541810029105,272.9458189970895,0.0
94,6,386.4863995458547,593.5136004541453,0.0
94,7,550.5,284.5812711166818,0.0
94,2,537.7186540339446,384.5,0.3000000000000001
94,10,364.74356858669046,264.25643141330954,0.24000000000000007
94,9,588.7031783099701,776.7031783099701,0.0
94,8,410.58971490884204,529.5897149088421,0.0
94,3,554.9328606593504,294.9328606593503,0.0
94,1,273.6579724211085,603.6579724211085,0.0
95,5,603.5623140440161,405.5623140440161,0.0
95,4,534.2195167279525,272.5,0.0
95,6,387.44099370045654,594.4409937004566,0.0
95,7,550.5,285.93127111668184,0.0
95,2,539.0215490103864,383.97845098961363,0.3000000000000001
95,10,365.79258292950976,263.79258292950976,0.24000000000000007
95,9,587.7485841553682,775.7485841553682,0.0
95,8,411.5,530.5626624784584,0.0
95,3,555.5,296.04794385269787,0.0
95,1,274.6125665757104,604.6125665757104,0.0
96,5,604.516908198618,406.51690819861795,0.0
96,4,535.2562625309276,273.25626253092764,0.0
96,6,388.3955878550584,593.6044121449415,0.0
96,7,551.0524421045509,287.0524421045509,0.0
96,2,539.5,382.6577042284564,0.3000000000000001
96,10,366.84159727232907,264.15840272767093,0.24000000000000007
96,9,586.7939900007664,776.2060099992336,0.0
96,8,411.79179643685916,531.7917964368592,0.0
96,3,556.1349421873674,297.1349421873674,0.0
96,1,275.5,605.5949796156665,0.0
97,5,605.4715023532199,407.4715023532198,0.0
97,4,536.2108566855295,274.2108566855295,0.0
97,6,389.3501820096603,592.6498179903397,0.0
97,7,552.0070362591528,288.00703625915276,0.0
97,2,538.5374696879264,381.53746968792643,0.3000000000000001
97,10,367.8906116151484,263.1093883848516,0.24000000000000007
97,9,586.5,777.4342353537141,0.0
97,8,412.5,532.8484489160853,0.0
97,3,555.9104636580307,298.0895363419693,0.0
97,1,275.5,606.9449796156665,0.0
98,5,604.5739034921783,408.4260965078217,0.0
98,4,537.4410896032064,274.5,0.0
98,6,390.5976693830756,592.4023306169244,0.0
98,7,552.9616304137546,288.9616304137546,0.0
98,2,538.8294675723239,380.1705324276761,0.3000000000000001
98,10,369.12172499212915,262.5,0.24000000000000007
98,9,585.5919084727492,778.4080915272508,0.0
98,8,412.5,534.1984489160853,0.0
98,3,556.0441304965711,299.04413049657114,0.0
98,1,276.0621354771429,608.0621354771429,0.0
99,5,604.673583881237,409.673583881237,0.0
99,4,538.4129382135467,273.5870617864533,0.0
99,6,391.55226353767745,591.4477364623225,0.0
99,7,553.0837754316435,289.9162245683565,0.0
99,2,539.5,378.9293484032445,0.3000000000000001
99,10,370.28153351960043,261.71846648039957,0.24000000000000007
99,9,584.6373143181473,779.3626856818527,0.0
99,8,413.24136533829164,535.2413653382916,0.0
99,3,556.001275348827,299.998724651173,0.0
99,1,276.5,609.2307660532935,0.0
100,5,605.6281780358389,410.62817803583886,0.0
100,4,539.3675323681485,274.36753236814855,0.0
100,6,392.5068576922793,590.4931423077206,0.0
100,7,552.8708187229583,290.87081872295835,0.0
100,2,540.2704488740111,377.7295511259889,0.3000000000000001
100,10,371.6234410812332,261.6234410812332,0.24000000000000007
100,9,583.6827201635455,780.3172798364545,0.0
100,8,413.5,536.4842353537123,0.0
100,3,555.9533188057749,300.95331880577487,0.0
100,1,275.73578299483995,610.26421700516,0.0
101,5,606.5827721904408,411.5827721904407,0.0
101,4,540.6150197415639,274.61501974156386,0.0
101,6,393.4614518468812,589.5385481531188,0.0
101,7,553.5,291.96020330481645,0.0
101,2,540.5,376.3057066656455,0.3000000000000001
101,10,372.6724554240525,262.3275445759475,0.24000000000000007
101,9,582.4352327901302,780.5647672098698,0.0
101,8,414.44344686630876,537.4434468663088,0.0
101,3,556.5,302.0768760408325,0.0
101,1,276.2188111597619,611.2188111597619,0.0
102,5,607.4626336549574,412.5373663450426,0.0
102,4,541.5696138961657,275.4303861038343,0.0
102,6,394.7089392202965,589.7089392202965,0.0
102,7,554.0729002509754,293.07290025097547,0.0
102,2,541.0043233945117,374.99567660548826,0.3000000000000001
102,10,373.5,261.1867944520343,0.24000000000000007
102,9,581.4806386355283,781.5193613644717,0.0
102,8,414.6909342397241,538.6909342397241,0.0
102,3,557.1554003337919,303.155400333792,0.0
102,1,277.1734053143638,612.1734053143638,0.0
103,5,606.5080395003555,413.49196049964445,0.0
103,4,542.5242080507676,274.5242080507676,0.0
103,6,395.7312711166819,590.5,0.0
103,7,554.5,294.2459897424433,0.0
103,2,542.0783674359486,373.9216325640514,0.3000000000000001
103,10,374.06337732850454,259.93662267149546,0.24000000000000007
103,9,580.5260444809264,782.4739555190736,0.0
103,8,415.70580822896613,539.5,0.0
103,3,558.1099944883938,304.1099944883938,0.0
103,1,278.12799946896564,613.1279994689656,0.0
104,5,607.4465546542464,414.4465546542463,0.0
104,4,543.4788022053694,275.47880220536945,0.0
104,6,396.91102074831366,590.0889792516864,0.0
104,7,555.2749817789926,295.2749817789926,0.0
104,2,542.5,372.57735084043355,0.3000000000000001
104,10,373.88760832867615,258.88760832867615,0.24000000000000007
104,9,579.5714503263246,781.5714503263246,0.0
104,8,416.89301576774125,539.8930157677412,0.0
104,3,559.0645886429957,305.06458864299566,0.0
104,1,279.0825936235675,614.0825936235675,0.0
105,5,608.4011488088482,415.4011488088482,0.0
105,4,544.8200217913411,275.5,0.0
105,6,397.86561490291547,589.1343850970845,0.0
105,7,555.5224691524079,296.5224691524079,0.0
105,2,541.5,371.4726367528206,0.3000000000000001
105,10,372.83859398585685,257.83859398585685,0.24000000000000007
105,9,578.3239629529093,781.6760370470907,0.0
105,8,417.5,540.991594666593,0.0
105,3,560.0191827975975,306.0191827975975,0.0
105,1,278.96281222183063,615.0371877781694,0.0
106,5,609.3557429634501,416.35574296345004,0.0
106,4,546.1700217913411,275.5,0.0
106,6,398.5,588.0471560080643,0.0
106,7,556.4770633070098,297.47706330700976,0.0
106,2,541.5,369.9537091028346,0.3000000000000001
106,10,373.21042035696246,256.78957964303754,0.24000000000000007
106,9,577.3152595828973,782.5,0.0
106,8,418.0950972957583,542.0950972957584,0.0
106,3,560.9737769521994,306.9737769521994,0.0
106,1,278.5,616.1954846790551,0.0
107,5,609.6032303368654,417.60323033686535,0.0
107,4,547.2212643256154,276.2212643256154,0.0
107,6,399.0676964309326,586.9323035690675,0.0
107,7,555.5683425383884,298.4316574616116,0.0
107,2,542.2532232581365,368.7467767418635,0.3000000000000001
107,10,373.5,255.42599714783188,0.24000000000000007
107,9,575.9652595828973,782.5,0.0
107,8,417.95030854963983,543.0496914503602,0.0
107,3,561.0716288931987,307.92837110680125,0.0
107,1,279.2392693061865,617.2392693061865,0.0
108,5,610.5,418.5817761800703,0.0
108,4,546.8241415197828,277.17585848021724,0.0
108,6,400.0222905855344,587.0222905855344,0.0
108,7,556.3862516162135,299.3862516162135,0.0
108,2,542.6201605183868,367.3798394816132,0.3000000000000001
108,10,373.89423548022796,254.105764519772,0.24000000000000007
108,9,574.8743940514769,783.1256059485231,0.0
108,8,418.00428560496204,544.0042856049621,0.0
108,3,560.5,309.041594666594,0.0
108,1,280.481271116682,617.5,0.0
109,5,610.1946881351175,419.8053118648825,0.0
109,4,547.1304526348191,278.1304526348191,0.0
109,6,400.97688474013626,587.0231152598637,0.0
109,7,555.6591542291847,300.34084577081535,0.0
109,2,543.6942045598237,366.3057954401763,0.3000000000000001
109,10,374.05675017695273,253.0567501769527,0.24000000000000007
109,9,573.919799896875,784.080200103125,0.0
109,8,418.9588797595639,544.958879759564,0.0
109,3,560.5,310.391594666594,0.0
109,1,281.44135083420366,618.4413508342036,0.0
110,5,609.7599060194843,420.75990601948433,0.0
110,4,548.3273811042219,278.5,0.0
110,6,401.9314788947381,586.9314788947381,0.0
110,7,556.2954399254172,301.2954399254172,0.0
110,2,544.5,365.12063919000974,0.3000000000000001
110,10,373.0077358341334,252.0077358341334,0.24000000000000007
110,9,572.9652057422732,785.0347942577268,0.0
110,8,419.5,546.0847404171008,0.0
110,3,561.3779400082337,311.3779400082337,0.0
110,1,280.60405501119453,619.3959449888055,0.0
111,5,610.5,421.8033490553241,0.0
111,4,549.3325341628362,279.3325341628362,0.0
111,6,402.88607304934,587.11392695066,0.0
111,7,556.5429272988325,302.5429272988325,0.0
111,2,545.1351858615109,363.8648141384891,0.3000000000000001
111,10,371.95872149131407,250.95872149131412,0.24000000000000007
111,9,571.8079002700165,785.5,0.0
111,8,419.5,547.4347404171008,0.0
111,3,562.3325341628356,312.33253416283554,0.0
111,1,281.35053914340733,620.3505391434073,0.0
112,5,610.0380124524985,422.9619875475015,0.0
112,4,549.4199784637485,280.5800215362515,0.0
112,6,403.98177618007026,586.5,0.0
112,7,557.4975214534344,303.4975214534344,0.0
112,2,544.7907700970522,362.79077009705225,0.3000000000000001
112,10,371.5,249.66519984362944,0.24000000000000007
112,9,570.763124214256,786.236875785744,0.0
112,8,418.5915513390036,548.4084486609964,0.0
112,3,563.2871283174375,313.2871283174374,0.0
112,1,281.40197348317736,621.5980265168226,0.0
113,5,609.0834182978966,423.9165817021034,0.0
113,4,548.5,281.5489539794757,0.0
113,6,405.0881545773571,585.9118454226428,0.0
113,7,558.4521156080363,304.45211560803625,0.0
113,2,545.2832739443846,361.71672605561537,0.3000000000000001
113,10,372.432200413138,248.56779958686204,0.24000000000000007
113,9,569.8085300596541,787.1914699403459,0.0
113,8,419.36304281559825,549.3630428155983,0.0
113,3,563.4653843091472,314.5346156908527,0.0
113,1,280.5526206714245,622.5526206714245,0.0
114,5,608.1288241432948,424.87117585670524,0.0
114,4,548.7821030642687,282.7821030642686,0.0
114,6,406.2675626176972,585.5,0.0
114,7,559.4067097626381,305.4067097626381,0.0
114,2,546.650211204635,361.34978879536504,0.3000000000000001
114,10,371.5187852440427,247.5187852440427,0.24000000000000007
114,9,568.8539359050523,788.1460640949477,0.0
114,8,420.3176369702001,550.3176369702002,0.0
114,3,562.5107901545454,315.4892098454546,0.0
114,1,281.50721482602637,623.5072148260264,0.0
115,5,607.1742299886929,425.8257700113071,0.0
115,4,549.7366972188705,283.73669721887046,0.0
115,6,407.2902361053743,584.7097638946258,0.0
115,7,560.36130391724,306.36130391724,0.0
115,2,547.2757447539282,360.27574475392817,0.3000000000000001
115,10,370.4697709012234,246.46977090122337,0.24000000000000007
115,9,567.8993417504504,789.1006582495496,0.0
115,8,421.272231124802,551.272231124802,0.0
115,3,563.4438040000565,316.44380400005645,0.0
115,1,282.46180898062823,624.4618089806282,0.0
116,5,606.219635834091,426.78036416590896,0.0
116,4,550.5,284.77052685472955,0.0
116,6,408.53772347878953,584.4622765212105,0.0
116,7,561.3158980718418,307.31589807184184,0.0
116,2,546.7982992875087,359.2017007124913,0.3000000000000001
116,10,369.5792434415959,245.42075655840407,0.24000000000000007
116,9,566.7147545195088,789.5,0.0
116,8,421.5197184982173,552.5197184982173,0.0
116,3,564.3983981546584,317.3983981546583,0.0
116,1,282.70929635404354,625.7092963540435,0.0
117,5,605.2650416794892,427.7349583205108,0.0
117,4,550.5,286.1205268547296,0.0
117,6,409.4923176333914,583.5076823666086,0.0
117,7,560.7295077735563,308.2704922264437,0.0
117,2,547.1276566710544,358.1276566710544,0.3000000000000001
117,10,370.5,244.31861610180005,0.24000000000000007
117,9,565.6972602224333,790.3027397775667,0.0
117,8,422.47431265281915,553.4743126528192,0.0
117,3,565.3529923092602,318.3529923092602,0.0
117,1,283.5,626.7317761800705,0.0
118,5,604.2319323189142,428.5,0.0
118,4,551.1862661203029,287.18626612030295,0.0
118,6,410.44691178799326,584.4469117879933,0.0
118,7,560.5,309.5254269939666,0.0
118,2,546.5,356.86871292673305,0.3000000000000001
118,10,370.029834653952,243.029834653952,0.24000000000000007
118,9,564.449772849018,790.550227150982,0.0
118,8,422.5,554.8136726052355,0.0
118,3,564.6924135361379,319.30758646386204,0.0
118,1,283.91137788206066,627.9113778820606,0.0
119,5,603.062960151472,428.062960151472,0.0
119,4,552.1408602749048,288.14086027490475,0.0
119,6,411.4015059425951,583.5984940574049,0.0
119,7,560.7654669732743,310.7654669732743,0.0
119,2,547.3133246306328,355.6866753693672,0.3000000000000001
119,10,368.9808203111327,241.98082031113267,0.24000000000000007
119,9,563.4951786944162,791.5048213055838,0.0
119,8,422.9692873996498,555.9692873996498,0.0
119,3,565.262180618464,320.2621806184639,0.0
119,1,284.5,629.0175626176974,0.0
120,5,602.1083659968701,427.89163400312987,0.0
120,4,553.0954544295066,289.0954544295066,0.0
120,6,412.64899331601043,583.3510066839896,0.0
120,7,561.7200611278762,311.72006112787614,0.0
120,2,546.6126313279303,354.61263132793033,0.3000000000000001
120,10,369.06819403168663,240.93180596831337,0.24000000000000007
120,9,562.5405845398143,792.4594154601857,0.0
120,8,423.07611844574836,556.9238815542517,0.0
120,3,566.2167747730658,321.21677477306577,0.0
120,1,284.5,630.3675626176974,0.0
121,5,601.1537718422683,428.84622815773173,0.0
121,4,552.9499514158915,290.0500485841085,0.0
121,6,413.6035874706123,582.3964125293877,0.0
121,7,562.674655282478,312.674655282478,0.0
121,2,547.4614127135065,353.53858728649345,0.3000000000000001
121,10,368.88279162549406,239.88279162549406,0.24000000000000007
121,9,561.293097166399,792.706902833601,0.0
121,8,422.8784757088535,557.8784757088536,0.0
121,3,567.1713689276677,322.17136892766763,0.0
121,1,284.65384000230654,631.6538400023065,0.0
122,5,600.1991776876664,429.8008223123336,0.0
122,4,553.0046427387103,291.00464273871034,0.0
122,6,414.5,581.4177187565413,0.0
122,7,563.5,313.68278630684745,0.0
122,2,547.8283499737569,352.1716500262431,0.3000000000000001
122,10,367.83377728267476,238.83377728267476,0.24000000000000007
122,9,560.2716087690011,793.5,0.0
122,8,423.83306986345536,558.8330698634554,0.0
122,3,566.8740369177305,323.1259630822695,0.0
122,1,285.6084341569084,632.6084341569084,0.0
123,5,599.2445835330645,430.75541646693546,0.0
123,4,553.5,292.1494590428642,0.0
123,6,414.8056689986294,580.1943310013705,0.0
123,7,563.1232631895049,314.8767368104952,0.0
123,2,548.9023940151937,351.09760598480625,0.3000000000000001
123,10,366.78476293985545,237.78476293985545,0.24000000000000007
123,9,559.0910156383818,793.9089843616182,0.0
123,8,424.7876640180572,559.7876640180573,0.0
123,3,566.5,324.32103191811734,0.0
123,1,286.56302831151027,633.5630283115103,0.0
124,5,598.2030001307795,431.5,0.0
124,4,554.2067242667275,293.20672426672746,0.0
124,6,415.7602631532313,579.2397368467687,0.0
124,7,562.831330965097,315.831330965097,0.0
124,2,549.5,349.8262148386823,0.3000000000000001
124,10,365.73574859703615,236.73574859703615,0.24000000000000007
124,9,557.9858223313742,794.5,0.0
124,8,425.7422581726591,560.7422581726591,0.0
124,3,567.3280446102866,325.32804461028667,0.0
124,1,287.5,634.5249219305782,0.0
125,5,597.0425020050474,431.95749799495263,0.0
125,4,554.5,294.4352454804911,0.0
125,6,416.71485730783314,578.7148573078332,0.0
125,7,563.7859251196988,316.78592511969885,0.0
125,2,550.343375316881,348.65662468311905,0.3000000000000001
125,10,365.5,235.34986855249997,0.24000000000000007
125,9,556.8889341103646,795.1110658896354,0.0
125,8,426.69685232726096,561.696852327261,0.0
125,3,567.5755319837019,326.5755319837019,0.0
125,1,287.2348901604726,635.7651098395274,0.0
126,5,596.0879078504455,432.9120921495545,0.0
126,4,555.4088057947446,295.40880579474464,0.0
126,6,417.669451462435,579.3305485375649,0.0
126,7,564.7405192743007,317.7405192743007,0.0
126,2,550.2896874228687,347.2896874228687,0.3000000000000001
126,10,365.0519334737706,234.05193347377062,0.24000000000000007
126,9,555.7000358937472,795.5,0.0
126,8,427.5,562.7141776686241,0.0
126,3,568.5301261383038,327.5301261383038,0.0
126,1,286.71970399412925,636.7197039941293,0.0
127,5,594.9814272555257,433.5,0.0
127,4,555.6562931681599,296.6562931681599,0.0
127,6,418.6754269939665,578.5,0.0
127,7,565.3048865710974,318.6951134289026,0.0
127,2,549.7843566185682,346.21564338143185,0.3000000000000001
127,10,364.9970808690487,233.00291913095128,0.24000000000000007
127,9,554.6868525823476,794.6868525823476,0.0
127,8,427.5,564.0641776686241,0.0
127,3,569.4847202929056,328.48472029290565,0.0
127,1,287.6742981487311,637.6742981487312,0.0
128,5,593.8858263224283,432.8858263224284,0.0
128,4,556.3891126772382,297.61088732276176,0.0
128,6,420.0254269939665,578.5,0.0
128,7,564.6497075835044,319.64970758350444,0.0
128,2,550.858400660005,345.14159933999497,0.3000000000000001
128,10,364.953904788132,231.95390478813198,0.24000000000000007
128,9,553.7322584277457,795.2677415722543,0.0
128,8,427.5,565.4141776686241,0.0
128,3,569.732207666321,329.73220766632096,0.0
128,1,288.628892303333,638.628892303333,0.0
129,5,592.6956408178987,432.5,0.0
129,4,555.5654814773636,298.5654814773636,0.0
129,6,421.1190203638675,577.8809796361326,0.0
129,7,565.6043017381063,320.6043017381063,0.0
129,2,551.5,343.88843083824446,0.3000000000000001
129,10,365.0951095546873,230.90489044531267,0.24000000000000007
129,9,552.7776642731438,796.2223357268562,0.0
129,8,428.3939086021087,566.3939086021087,0.0
129,3,570.3131981790772,330.6868018209228,0.0
129,1,289.58348645793484,639.5834864579349,0.0
130,5,591.6837447944113,433.3162552055888,0.0
130,4,556.4799243680345,299.5200756319655,0.0
130,6,422.3112134315934,577.5,0.0
130,7,566.5588958927082,321.55889589270816,0.0
130,2,550.7006180383078,342.70061803830777,0.3000000000000001
130,10,364.85587610249337,229.85587610249337,0.24000000000000007
130,9,551.5426765808664,796.5,0.0
130,8,428.641395975524,567.641395975524,0.0
130,3,569.6413959755247,331.6413959755247,0.0
130,1,290.5,640.5538541187129,0.0
131,5,590.7291506398094,434.2708493601906,0.0
131,4,555.5253302134327,300.47466978656735,0.0
131,6,423.3211018918846,576.6788981081154,0.0
131,7,567.48650995269,322.51349004731003,0.0
131,2,551.3734260031291,341.6265739968709,0.3000000000000001
131,10,364.5,228.51975449993162,0.24000000000000007
131,9,550.1926765808664,796.5,0.0
131,8,429.40400986987413,568.5959901301259,0.0
131,3,570.6357505438789,332.5,0.0
131,1,290.785567985952,641.7855679859521,0.0
132,5,589.7745564852075,435.22544351479246,0.0
132,4,556.4292639411692,301.4292639411692,0.0
132,6,424.5685892652999,576.4314107347001,0.0
132,7,566.5319157980881,323.4680842019119,0.0
132,2,551.7403632633794,340.25963673662056,0.3000000000000001
132,10,363.4649541980413,227.46495419804128,0.24000000000000007
132,9,549.0352021528979,796.9647978471021,0.0
132,8,428.5,569.5715369815049,0.0
132,3,571.8434775035419,332.8434775035418,0.0
132,1,291.5,642.8396405563399,0.0
133,5,588.8199623306057,436.1800376693943,0.0
133,4,556.6767513145845,302.6767513145845,0.0
133,6,425.53278630684724,575.5,0.0
133,7,566.7155715753272,324.7155715753272,0.0
133,2,552.1855926951837,339.1855926951837,0.3000000000000001
133,10,362.415939855222,226.41593985522198,0.24000000000000007
133,9,548.5,798.0931098567605,0.0
133,8,428.79807165814304,570.798071658143,0.0
133,3,572.5,333.9215369815058,0.0
133,1,291.9876495139692,643.9876495139691,0.0
134,5,587.602495067391,436.5,0.0
134,4,557.6313454691864,303.6313454691864,0.0
134,6,426.77067079331704,575.2293292066829,0.0
134,7,567.5,325.74065068311677,0.0
134,2,551.8884513462532,338.1115486537468,0.3000000000000001
134,10,361.3669255124027,225.36692551240267,0.24000000000000007
134,9,547.8331206248807,799.1668793751193,0.0
134,8,429.7526658127449,571.7526658127449,0.0
134,3,572.5,335.27153698150585,0.0
134,1,292.942243668571,644.942243668571,0.0
135,5,586.6178808025885,437.38211919741144,0.0
135,4,558.5859396237882,304.58593962378825,0.0
135,6,427.7252649479189,574.274735052081,0.0
135,7,567.9176531033444,326.9176531033443,0.0
135,2,552.0375046123099,337.03750461230993,0.3000000000000001
135,10,360.5,224.24248750646817,0.24000000000000007
135,9,546.8785264702789,800.1214735297211,0.0
135,8,430.7072599673468,572.2927400326532,0.0
135,3,573.2930464049742,336.2930464049743,0.0
135,1,293.5,646.0612134315936,0.0
136,5,585.6632866479866,438.3367133520133,0.0
136,4,559.5405337783901,305.5405337783901,0.0
136,6,428.67985910252077,573.3201408974792,0.0
136,7,568.8722472579462,327.8722472579462,0.0
136,2,552.036539429127,335.96346057087305,0.3000000000000001
136,10,359.97600360795064,222.97600360795062,0.24000000000000007
136,9,545.923932315677,801.076067684323,0.0
136,8,431.66185412194864,571.6618541219486,0.0
136,3,574.2476405595761,337.2476405595761,0.0
136,1,293.5,647.4112134315936,0.0
137,5,584.4157992745713,438.4157992745714,0.0
137,4,560.495127932992,306.495127932992,0.0
137,6,429.69014561972807,572.5,0.0
137,7,569.5,328.9622235583706,0.0
137,2,553.1105834705638,334.8894165294362,0.3000000000000001
137,10,360.07301073486866,221.9269892651313,0.24000000000000007
137,9,544.9693381610751,800.9693381610751,0.0
137,8,432.66468273201264,572.5,0.0
137,3,574.5,338.49310985675965,0.0
137,1,293.31529421118313,648.6847057888168,0.0
138,5,583.4451357545103,437.5,0.0
138,4,561.4497220875938,307.44972208759384,0.0
138,6,430.88194063053794,572.1180593694621,0.0
138,7,570.0743287859633,330.07432878596336,0.0
138,2,552.8153724879993,333.8153724879993,0.3000000000000001
138,10,359.87797492231203,220.877974922312,0.24000000000000007
138,9,544.0147440064733,800.9852559935267,0.0
138,8,433.86393564996575,572.8639356499657,0.0
138,3,574.7426153064067,339.74261530640666,0.0
138,1,292.6392999434187,649.6392999434187,0.0
139,5,582.2137177465543,437.7862822534458,0.0
139,4,560.5956837578043,308.4043162421957,0.0
139,6,431.83653478513975,571.8365347851397,0.0
139,7,569.9710770594348,331.02892294056517,0.0
139,2,551.7413284465624,332.7413284465624,0.3000000000000001
139,10,358.82896057949273,219.8289605794927,0.24000000000000007
139,9,543.0601498518714,801.9398501481286,0.0
139,8,434.81852980456756,573.1814701954324,0.0
139,3,575.6972094610086,340.6972094610085,0.0
139,1,293.59389409802054,650.5938940980205,0.0
140,5,581.1593493168833,438.5,0.0
140,4,560.5,309.71468273201435,0.0
140,6,432.91171849498187,572.5,0.0
140,7,569.983517095167,331.98351709516703,0.0
140,2,550.6672844051255,331.66728440512554,0.3000000000000001
140,10,358.5,218.48169020226575,0.24000000000000007
140,9,541.9421715174778,802.5,0.0
140,8,435.8862556072664,572.5,0.0
140,3,576.5,341.7146827320135,0.0
140,1,294.5,651.5685727444743,0.0
141,5,580.0116362185371,438.9883637814629,0.0
141,4,560.8992909890263,310.89929098902627,0.0
141,6,434.03861631315687,573.0386163131569,0.0
141,7,571.1195828712514,332.5,0.0
141,2,549.5932403636887,330.59324036368866,0.3000000000000001
141,10,358.14514545622717,217.1451454562272,0.24000000000000007
141,9,540.8580683238542,803.1419316761458,0.0
141,8,437.0206113325847,571.9793886674154,0.0
141,3,576.8992909890256,342.8992909890257,0.0
141,1,294.5,652.9185727444743,0.0
142,5,578.8735628792564,439.5,0.0
142,4,561.8538851436282,311.85388514362813,0.0
142,6,434.99321046775873,573.0067895322412,0.0
142,7,572.1855986231842,333.1855986231842,0.0
142,2,549.5,329.1129341369031,0.3000000000000001
142,10,357.09613111340786,216.90386888659214,0.24000000000000007
142,9,539.9034741692524,802.9034741692524,0.0
142,8,437.9752054871865,571.0247945128135,0.0
142,3,577.8538851436275,343.8538851436275,0.0
142,1,295.04346299945297,654.0434629994529,0.0
143,5,577.8095546905199,440.1904453094801,0.0
143,4,562.80847929823,312.80847929823,0.0
143,6,436.1332913702357,572.5,0.0
143,7,572.5,334.40536930887833,0.0
143,2,548.859365843188,327.8593658431881,0.3000000000000001
143,10,356.5,218.140473605205,0.24000000000000007
143,9,538.9488800146505,803.0511199853495,0.0
143,8,438.92979964178835,570.9297996417883,0.0
143,3,578.1915207017706,344.8084792982294,0.0
143,1,296.2043591821012,654.5,0.0
144,5,576.854960535918,441.14503946408195,0.0
144,4,563.5,313.8720420448951,0.0
144,6,437.1952919957759,571.8047080042242,0.0
144,7,572.6805733700148,335.68057337001477,0.0
144,2,548.4924285829377,326.49242858293775,0.3000000000000001
144,10,356.41231599014236,219.58768400985767,0.24000000000000007
144,9,537.9942858600486,804.0057141399514,0.0
144,8,439.5,572.0436149201471,0.0
144,3,577.7630734528312,345.76307345283124,0.0
144,1,297.2455445274701,655.2455445274701,0.0
145,5,575.6519900040025,441.5,0.0
145,4,562.9894391737529,315.0105608262472,0.0
145,6,438.1498861503777,570.8501138496223,0.0
145,7,573.6351675246167,336.63516752461663,0.0
145,2,547.4183845415008,325.41838454150087,0.3000000000000001
145,10,355.36330164732306,220.63669835267697,0.24000000000000007
145,9,537.0396917054468,804.9603082945532,0.0
145,8,439.5,573.3936149201471,0.0
145,3,578.7176676074331,346.7176676074331,0.0
145,1,297.5,656.4901456197282,0.0
146,5,574.6528790079009,440.65287900790094,0.0
146,4,562.965154980849,315.965154980849,0.0
146,6,439.1044803049796,571.1044803049796,0.0
146,7,574.5,337.6269421841322,0.0
146,2,546.6556594999361,324.344340500064,0.3000000000000001
146,10,354.2373625873243,221.5,0.24000000000000007
146,9,535.9132393293431,805.5,0.0
146,8,440.3793685432208,574.3793685432208,0.0
146,3,579.5,347.7436149201481,0.0
146,1,296.55237394451274,657.4476260554873,0.0
147,5,573.698284853299,441.30171514670093,0.0
147,4,563.9197491354508,316.91974913545084,0.0
147,6,439.5,572.2906506831165,0.0
147,7,574.5,338.9769421841322,0.0
147,2,547.7297035413729,323.2702964586271,0.3000000000000001
147,10,352.97237974287094,222.02762025712903,0.24000000000000007
147,9,534.8376101774297,806.1623898225703,0.0
147,8,441.33396269782264,575.3339626978227,0.0
147,3,579.0802508645497,348.9197491354502,0.0
147,1,296.6951134289026,658.6951134289026,0.0
148,5,572.7436906986972,442.2563093013028,0.0
148,4,564.8743432900527,317.8743432900527,0.0
148,6,439.5994550518102,573.5994550518102,0.0
148,7,575.0847364260491,340.0847364260491,0.0
148,2,548.1962524171902,322.19625241719024,0.3000000000000001
148,10,351.68451552821944,222.5,0.24000000000000007
148,9,533.8830160228279,807.1169839771721,0.0
148,8,442.2885568524245,576.2885568524246,0.0
148,3,578.8743432900521,349.8743432900521,0.0
148,1,297.5,659.711718494982,0.0
149,5,572.4962033252818,443.5037966747181,0.0
149,4,565.1710625553454,318.82893744465457,0.0
149,6,440.55404920641206,574.5540492064121,0.0
149,7,576.0393305806509,341.0393305806509,0.0
149,2,546.9657219612394,321.5,0.3000000000000001
149,10,350.5814578384189,221.58145783841886,0.24000000000000007
149,9,532.928421868226,806.928421868226,0.0
149,8,443.24315100702637,577.2431510070264,0.0
149,3,579.171062555346,350.82893744465395,0.0
149,1,297.8971949569197,660.8971949569197,0.0
150,5,571.54160917068,444.45839082931997,0.0
150,4,564.7835315992564,319.78353159925643,0.0
150,6,441.5086433610139,575.5086433610139,0.0
150,7,576.5,342.198515059386,0.0
150,2,545.4623778966895,321.4623778966896,0.3000000000000001
150,10,349.1316684691146,221.5,0.24000000000000007
150,9,531.7558800164625,806.5,0.0
150,8,444.19774516162823,578.1977451616283,0.0
150,3,578.7835315992559,351.7835315992558,0.0
150,1,298.85178911152155,661.8517891115216,0.0
151,5,570.5870150160781,445.41298498392183,0.0
151,4,565.7381257538583,320.7381257538583,0.0
151,6,442.4632375156158,576.4632375156158,0.0
151,7,577.2414121086681,343.24141210866804,0.0
151,2,544.6116661447473,320.3883338552527,0.3000000000000001
151,10,347.6481381583756,221.5,0.24000000000000007
151,9,530.7263403402089,807.2736596597911,0.0
151,8,444.5,579.4225471082818,0.0
151,3,579.7381257538577,352.7381257538577,0.0
151,1,299.8063832661234,662.8063832661235,0.0
152,5,569.3395276426628,445.66047235733714,0.0
152,4,566.6927199084602,321.69271990846016,0.0
152,6,443.41783167021765,577.4178316702177,0.0
152,7,578.19600626327,344.1960062632699,0.0
152,2,545.3142898138158,319.31428981381583,0.3000000000000001
152,10,346.5557351535206,222.44426484647943,0.24000000000000007
152,9,530.5,808.5299064211644,0.0
152,8,443.6001733103546,580.3998266896455,0.0
152,3,580.6927199084596,353.69271990845954,0.0
152,1,300.5,663.8690778078628,0.0
153,5,568.3849334880609,446.615066511939,0.0
153,4,567.352685936938,322.647314063062,0.0
153,6,444.3724258248195,578.3724258248195,0.0
153,7,577.8493995821282,345.1506004178718,0.0
153,2,544.2402457723789,318.24024577237896,0.3000000000000001
153,10,345.50672081070127,223.49327918929873,0.24000000000000007
153,9,530.2313655933784,809.7686344066216,0.0
153,8,444.3544208442473,581.3544208442473,0.0
153,3,581.5,354.70833354590974,0.0
153,1,301.00846479414054,665.0084647941405,0.0
154,5,567.5,447.59851505938605,0.0
154,4,566.5,323.6441199835375,0.0
154,6,444.3800868017652,579.6199131982348,0.0
154,7,578.1051945724737,346.10519457247364,0.0
154,2,543.166201730942,317.1662017309421,0.3000000000000001
154,10,345.1648132490685,224.83518675093148,0.24000000000000007
154,9,529.2767714387766,810.2767714387766,0.0
154,8,443.69098500115086,582.3090149988492,0.0
154,3,581.5,356.05833354590976,0.0
154,1,301.5,666.1548642454896,0.0
155,5,567.8171480399561,448.8171480399562,0.0
155,4,566.8493955910792,324.84939559107914,0.0
155,6,443.5745073528367,580.5745073528367,0.0
155,7,579.0597887270756,347.0597887270755,0.0
155,2,542.9078423104949,316.0921576895052,0.3000000000000001
155,10,343.95665760253905,225.5,0.24000000000000007
155,9,528.3221772841747,809.3221772841747,0.0
155,8,444.263609153451,583.2636091534511,0.0
155,3,582.142288809892,357.142288809892,0.0
155,1,302.21054632215765,667.2105463221576,0.0
156,5,568.771742194558,449.771742194558,0.0
156,4,567.5,325.92990642116445,0.0
156,6,444.47089849256145,581.5291015074386,0.0
156,7,579.5,348.2274472475207,0.0
156,2,543.5,314.8185097855757,0.3000000000000001
156,10,342.77389134461646,226.22610865538357,0.24000000000000007
156,9,527.3675831295728,808.6324168704272,0.0
156,8,444.5110965268663,584.5110965268664,0.0
156,3,581.9031170355062,358.09688296449383,0.0
156,1,303.16514047675946,668.1651404767595,0.0
157,5,569.2736636508401,450.72633634915985,0.0
157,4,568.0514771190963,327.0514771190963,0.0
157,6,443.5163043379596,582.4836956620404,0.0
157,7,578.7381297449074,349.2618702550927,0.0
157,2,542.6511763878179,313.651176387818,0.3000000000000001
157,10,341.72487700179715,227.27512299820287,0.24000000000000007
157,9,526.412988974971,809.587011025029,0.0
157,8,445.4656906814682,585.4656906814682,0.0
157,3,582.0514771190957,359.0514771190957,0.0
157,1,303.5,669.3764371207434,0.0
158,5,568.6809305037617,451.6809305037617,0.0
158,4,569.0060712736981,328.0060712736981,0.0
158,6,444.4382898166423,583.4382898166423,0.0
158,7,579.2164644096945,350.2164644096945,0.0
158,2,541.5771323463811,312.5771323463811,0.3000000000000001
158,10,340.3829694401644,227.38296944016437,0.24000000000000007
158,9,525.4583948203691,810.5416051796309,0.0
158,8,445.7131780548835,586.7131780548835,0.0
158,3,582.5,360.2156928587905,0.0
158,1,303.66011522359,670.66011522359,0.0
159,5,569.6355246583636,452.6355246583636,0.0
159,4,569.5,329.15147929641824,0.0
159,6,444.6857771900576,584.6857771900576,0.0
159,7,578.8289414357037,351.17105856429635,0.0
159,2,540.5030883049442,311.50308830494424,0.3000000000000001
159,10,339.2651770467025,226.5,0.24000000000000007
159,9,524.5038006657672,811.4961993342328,0.0
159,8,446.66777220948535,587.6677722094854,0.0
159,3,583.2535586471129,361.2535586471128,0.0
159,1,304.5,671.6622235583703,0.0
160,5,570.5901188129654,453.59011881296544,0.0
160,4,570.2081528017153,330.2081528017153,0.0
160,6,445.5,585.698515059386,0.0
160,7,579.1256527188982,352.1256527188982,0.0
160,2,541.5,310.3996534351239,0.3000000000000001
160,10,337.9920475357123,227.00795246428768,0.24000000000000007
160,9,523.5492065111654,812.4507934888346,0.0
160,8,447.3776336359128,588.6223663640873,0.0
160,3,583.5010460205282,362.5010460205281,0.0
160,1,304.86219675160714,672.8621967516071,0.0
161,5,571.5447129675673,454.5447129675673,0.0
161,4,569.8372530436828,331.16274695631716,0.0
161,6,445.88785871807477,586.8878587180748,0.0
161,7,580.0802468735001,353.0802468735001,0.0
161,2,541.062107003257,309.06210700325704,0.3000000000000001
161,10,336.943033192893,228.05696680710702,0.24000000000000007
161,9,522.5946123565635,813.4053876434365,0.0
161,8,446.5769605186891,589.5769605186891,0.0
161,3,584.45564017513,363.45564017513,0.0
161,1,305.183209093791,673.816790906209,0.0
162,5,572.4993071221692,455.49930712216917,0.0
162,4,570.117341110919,332.117341110919,0.0
162,6,446.84245287267663,587.8424528726766,0.0
162,7,581.0348410281019,354.03484102810194,0.0
162,2,539.776011697525,308.5,0.3000000000000001
162,10,335.8940188500737,229.10598114992632,0.24000000000000007
162,9,521.3471249831482,813.6528750168518,0.0
162,8,447.5446250469243,590.5,0.0
162,3,585.4102343297319,364.41023432973185,0.0
162,1,304.77138506081087,674.7713850608109,0.0
163,5,572.7467944955845,456.7467944955845,0.0
163,4,571.3088386092991,332.5,0.0
163,6,447.2029529727215,588.7970470272785,0.0
163,7,581.5,355.19216587328225,0.0
163,2,538.6211257015699,307.62112570156984,0.3000000000000001
163,10,334.8450045072544,230.15499549274563,0.24000000000000007
163,9,520.3480156401932,814.5,0.0
163,8,448.77904204670625,590.7790420467062,0.0
163,3,585.6577217031472,365.65772170314716,0.0
163,1,305.5,675.8195828712511,0.0
164,5,573.5,457.7848065604015,0.0
164,4,572.3194226389362,333.31942263893615,0.0
164,6,446.75164118188036,589.7516411818804,0.0
164,7,581.5298157749326,356.52981577493256,0.0
164,2,538.7458115586804,306.25418844131957,0.3000000000000001
164,10,333.5043797425,230.5,0.24000000000000007
164,9,519.145043455131,814.854956544869,0.0
164,8,449.5,591.8304114845512,0.0
164,3,586.6123158577491,366.612315857749,0.0
164,1,305.5,677.1695828712511,0.0
165,5,573.0511239763985,458.9488760236016,0.0
165,4,572.5,334.594625046926,0.0
165,6,447.7916608098937,590.5,0.0
165,7,582.4844099295344,357.4844099295344,0.0
165,2,539.1801443998827,305.1801443998827,0.3000000000000001
165,10,332.4540826028023,231.45408260280232,0.24000000000000007
165,9,518.1904493005292,815.1904493005292,0.0
165,8,449.01887642527663,592.9811235747234,0.0
165,3,587.5,367.59462504692516,0.0
165,1,306.2209539622433,678.2209539622434,0.0
166,5,572.5,460.07059299802836,0.0
166,4,572.8143973857668,335.81439738576677,0.0
166,6,448.9537227098975,590.9537227098975,0.0
166,7,581.5609959158637,358.4390040841363,0.0
166,2,538.1061003584458,304.1061003584458,0.3000000000000001
166,10,331.405068259983,230.594931740017,0.24000000000000007
166,9,517.2358551459273,814.7641448540727,0.0
166,8,448.93571772932523,593.9357177293252,0.0
166,3,587.1856026142339,368.81439738576614,0.0
166,1,305.82445188315484,679.1755481168452,0.0
167,5,573.1509575516187,461.1509575516187,0.0
167,4,573.7689915403687,336.76899154036863,0.0
167,6,449.5,592.0774472475206,0.0
167,7,582.3935982387382,359.39359823873815,0.0
167,2,537.5,302.83822769708723,0.3000000000000001
167,10,330.3560539171637,231.6439460828363,0.24000000000000007
167,9,516.2812609913254,815.7187390086746,0.0
167,8,449.8903118839271,594.8903118839271,0.0
167,3,586.768991540368,369.768991540368,0.0
167,1,306.130142271447,680.1301422714471,0.0
168,5,574.1055517062206,462.1055517062206,0.0
168,4,574.5,337.81619792217987,0.0
168,6,448.8441957620854,593.1558042379146,0.0
168,7,582.6410856121535,360.64108561215346,0.0
168,2,536.6651190567586,301.6651190567586,0.3000000000000001
168,10,329.3070395743444,232.6929604256556,0.24000000000000007
168,9,515.3266668367236,816.6733331632764,0.0
168,8,450.5,595.987770797432,0.0
168,3,587.5,370.81619792217896,0.0
168,1,307.0847364260489,681.084736426049,0.0
169,5,575.0601458608224,463.06014586082244,0.0
169,4,574.5,339.1661979221799,0.0
169,6,449.11039839251646,594.1103983925165,0.0
169,7,583.5,361.63531162379,0.0
169,2,535.5910750153217,300.59107501532174,0.3000000000000001
169,10,328.1577960006707,233.5,0.24000000000000007
169,9,514.5,817.6809165479415,0.0
169,8,451.0923934119442,597.0923934119442,0.0
169,3,587.9710730683852,371.9710730683851,0.0
169,1,308.26272862175887,681.5,0.0
170,5,574.9852599845757,464.0147400154243,0.0
170,4,575.2185604418011,340.21856044180106,0.0
170,6,450.0649925471183,595.0649925471183,0.0
170,7,583.8431671401705,362.8431671401706,0.0
170,2,536.4829690261151,299.51703097388486,0.3000000000000001
170,10,326.91611766989234,234.08388233010766,0.24000000000000007
170,9,514.1245853087064,818.8754146912936,0.0
170,8,452.046987566546,598.046987566546,0.0
170,3,588.5,373.1019843598059,0.0
170,1,309.28681795406607,682.286817954066,0.0
171,5,574.9693341700262,464.9693341700262,0.0
171,4,576.1731545964029,341.1731545964029,0.0
171,6,450.5,596.2348065604014,0.0
171,7,584.7977612947724,363.7977612947724,0.0
171,2,535.5,298.41937134663544,0.3000000000000001
171,10,325.86710332707304,235.13289667292696,0.24000000000000007
171,9,513.1699911541045,819.1699911541045,0.0
171,8,451.9984182788521,599.0015817211479,0.0
171,3,589.1731545964022,374.1731545964023,0.0
171,1,308.7585878913321,683.2414121086679,0.0
172,5,575.5,466.099525186163,0.0
172,4,576.5,342.3877707974337,0.0
172,6,451.26707407513544,597.2670740751355,0.0
172,7,585.5,364.85688449904376,0.0
172,2,535.0760496721977,297.07604967219766,0.3000000000000001
172,10,324.5356321932,235.5,0.24000000000000007
172,9,512.2153969995027,818.7846030004973,0.0
172,8,451.95617587574975,599.9561758757498,0.0
172,3,590.1277487510041,375.1277487510041,0.0
172,1,308.5,684.4843014970127,0.0
173,5,575.5,467.44952518616304,0.0
173,4,577.3752361244201,343.37523612442004,0.0
173,6,452.2216682297373,598.2216682297374,0.0
173,7,585.9998428227894,365.9998428227895,0.0
173,2,534.5,295.79572960903647,0.3000000000000001
173,10,323.46631544483415,234.5,0.24000000000000007
173,9,511.2608028449008,819.7391971550992,0.0
173,8,452.5,601.0809165479396,0.0
173,3,591.082342905606,376.08234290560597,0.0
173,1,309.443493636685,685.443493636685,0.0
174,5,576.4189030714585,468.4189030714586,0.0
174,4,578.329830279022,344.3298302790219,0.0
174,6,451.82373761566083,599.1762623843392,0.0
174,7,586.9544369773913,366.9544369773913,0.0
174,2,533.6350683705105,294.63506837051045,0.3000000000000001
174,10,322.13427386098823,234.8657261390118,0.24000000000000007
174,9,510.30620869029894,820.693791309701,0.0
174,8,453.15825740376687,602.1582574037669,0.0
174,3,590.9630629397922,377.03693706020783,0.0
174,1,309.6909810101003,686.6909810101004,0.0
175,5,576.3336095551261,469.66639044487385,0.0
175,4,577.7155755663762,345.28442443362377,0.0
175,6,452.13085653894103,600.1308565389411,0.0
175,7,587.5,368.07845737429756,0.0
175,2,532.5610243290736,293.5610243290736,0.3000000000000001
175,10,321.0852595181689,235.9147404818311,0.24000000000000007
175,9,509.3516145356971,821.3516145356971,0.0
175,8,452.88714844163127,603.1128515583688,0.0
175,3,590.9915312148097,377.9915312148097,0.0
175,1,310.64557516470217,687.6455751647022,0.0
176,5,575.3289019385832,470.5,0.0
176,4,578.2390185882257,346.23901858822563,0.0
176,6,452.5,601.3279523109092,0.0
176,7,586.8434814945915,369.1565185054085,0.0
176,2,531.5,292.4815873461976,0.3000000000000001
176,10,320.0362451753496,236.9637548246504,0.24000000000000007
176,9,508.3970203810953,820.6029796189048,0.0
176,8,453.0674457129706,604.0674457129707,0.0
176,3,592.1309165479405,378.5,0.0
176,1,311.5,688.6416608098934,0.0
177,5,574.131528027109,470.86847197289103,0.0
177,4,579.1936127428276,347.1936127428275,0.0
177,6,453.3329380669582,602.3329380669583,0.0
177,7,587.1111126600103,370.11111266001035,0.0
177,2,531.1200430273864,291.1200430273864,0.3000000000000001
177,10,318.9872308325303,238.0127691674697,0.24000000000000007
177,9,507.4424262264934,821.5575737735066,0.0
177,8,454.02203986757246,605.0220398675725,0.0
177,3,593.1936127428269,379.1936127428268,0.0
177,1,311.84765669271934,689.8476566927193,0.0
178,5,573.5,471.9568844990438,0.0
178,4,579.5,348.4167029855684,0.0
178,6,452.71246777843993,603.2875322215601,0.0
178,7,587.5,371.3000302495514,0.0
178,2,530.9540010140505,290.0459989859495,0.3000000000000001
178,10,317.70551814063174,238.5,0.24000000000000007
178,9,506.48783207189155,822.5121679281085,0.0
178,8,454.0233659778257,605.9766340221744,0.0
178,3,594.1482068974287,380.1482068974287,0.0
178,1,312.80225084732115,690.8022508473211,0.0
179,5,572.9294464990918,473.07055350090815,0.0
179,4,578.6043057291554,349.3956942708447,0.0
179,6,453.24212637616193,604.242126376162,0.0
179,7,588.3131941880274,372.31319418802747,0.0
179,2,531.5,288.7532315209857,0.3000000000000001
179,10,316.59630892807826,239.40369107192177,0.24000000000000007
179,9,505.5332379172897,823.4667620827104,0.0
179,8,453.9312281767762,606.9312281767762,0.0
179,3,593.8971989479694,381.10280105203054,0.0
179,1,313.243154998077,691.756845001923,0.0
180,5,571.7573290633293,473.5,0.0
180,4,579.3502884254465,350.3502884254465,0.0
180,6,454.1967205307638,605.1967205307639,0.0
180,7,588.5606815614427,373.5606815614427,0.0
180,2,530.6050176842623,287.6050176842623,0.3000000000000001
180,10,315.54729458525895,238.54729458525892,0.24000000000000007
180,9,504.57864376268776,822.5786437626879,0.0
180,8,454.5,608.0456351737013,0.0
180,3,593.5,382.28827586082133,0.0
180,1,312.7114391565249,692.7114391565249,0.0
181,5,570.7273649710746,474.2726350289253,0.0
181,4,578.6951174199517,351.30488258004834,0.0
181,6,453.84868531463434,606.1513146853657,0.0
181,7,589.5152757160446,374.5152757160446,0.0
181,2,531.4690263571746,286.5309736428254,0.3000000000000001
181,10,314.49828024243965,239.50171975756038,0.24000000000000007
181,9,503.624049608086,823.375950391914,0.0
181,8,455.13330970479336,609.1333097047933,0.0
181,3,594.3048825800477,383.3048825800477,0.0
181,1,313.33396668887326,693.6660333111267,0.0
182,5,570.4798775976593,475.52012240234063,0.0
182,4,579.2594767346502,352.2594767346502,0.0
182,6,454.1059088399675,607.1059088399676,0.0
182,7,590.4698698706464,375.46986987064645,0.0
182,2,531.1640363825751,285.1640363825751,0.3000000000000001
182,10,313.44926589962034,240.55073410037969,0.24000000000000007
182,9,502.6694554534842,824.3305445465159,0.0
182,8,455.5,610.3314216113281,0.0
182,3,595.2594767346495,384.2594767346495,0.0
182,1,312.6206274657286,694.6206274657286,0.0
183,5,569.5252834430574,476.4747165569425,0.0
183,4,580.2140708892521,353.21407088925207,0.0
183,6,454.5,608.2926709366708,0.0
183,7,590.5,376.80738956243215,0.0
183,2,530.0899923411382,284.0899923411382,0.3000000000000001
183,10,312.3589343988024,241.5,0.24000000000000007
183,9,501.71486129888234,825.2851387011177,0.0
183,8,456.3353912328104,611.3353912328105,0.0
183,3,596.2140708892514,385.2140708892514,0.0
183,1,313.57522162033047,695.5752216203305,0.0
184,5,570.4293107115444,477.42931071154436,0.0
184,4,581.1686650438539,354.16866504385393,0.0
184,6,455.3079903679847,609.3079903679846,0.0
184,7,590.9648446174771,377.964844617477,0.0
184,2,529.0159482997013,283.01594829970134,0.3000000000000001
184,10,311.05834399516823,241.94165600483177,0.24000000000000007
184,9,500.45385976290845,825.5,0.0
184,8,457.58287860622573,611.5828786062258,0.0
184,3,597.1686650438533,386.16866504385325,0.0
184,1,314.54216587328193,696.5,0.0
185,5,570.6767980849597,478.67679808495967,0.0
185,4,581.5,355.3814216113299,0.0
185,6,455.55547774139995,610.5554777414,0.0
185,7,592.0931760000591,378.5,0.0
185,2,527.9419042582645,281.94190425826446,0.3000000000000001
185,10,310.0093296523489,242.99067034765108,0.24000000000000007
185,9,499.2198865520517,825.7801134479483,0.0
185,8,458.5,612.552994486582,0.0
185,3,596.8767408015449,387.1232591984551,0.0
185,1,315.7773031483476,696.7773031483476,0.0
186,5,571.5,479.6858166871785,0.0
186,4,581.6636397906846,356.6636397906845,0.0
186,6,456.51424381192453,611.5,0.0
186,7,593.1669261454941,379.1669261454942,0.0
186,2,527.5,280.606019345322,0.3000000000000001
186,10,308.73677059133166,243.5,0.24000000000000007
186,9,498.1680733252815,826.5,0.0
186,8,458.2150398657571,613.7849601342429,0.0
186,3,597.077853353057,388.077853353057,0.0
186,1,316.26810269705055,697.7318973029495,0.0
187,5,571.8788796129768,480.87887961297685,0.0
187,4,582.3817660547136,357.61823394528636,0.0
187,6,457.7575592694171,611.7575592694171,0.0
187,7,594.121520300096,380.121520300096,0.0
187,2,526.5009229565773,279.5009229565773,0.3000000000000001
187,10,307.61840774789687,242.61840774789687,0.24000000000000007
187,9,496.8180733252815,826.5,0.0
187,8,457.49999999999994,614.8387809242088,0.0
187,3,598.0324475076588,389.03244750765884,0.0
187,1,315.6864914575513,698.6864914575514,0.0
188,5,572.8334737675787,481.83347376757865,0.0
188,4,581.5728280998883,358.5728280998882,0.0
188,6,458.5,612.8000302495515,0.0
188,7,593.9238855453021,381.07611445469786,0.0
188,2,525.4268789151404,278.42687891514043,0.3000000000000001
188,10,306.2765001862641,242.72349981373588,0.24000000000000007
188,9,495.4774244318058,826.5225755681942,0.0
188,8,457.9870416622599,615.9870416622599,0.0
188,3,598.0129583377393,389.9870416622607,0.0
188,1,316.5,699.6995251861628,0.0
189,5,573.7880679221805,482.7880679221805,0.0
189,4,582.5,359.53878092421076,0.0
189,6,458.04035920256575,613.9596407974342,0.0
189,7,593.5,382.2505353129398,0.0
189,2,524.6471651262965,277.35283487370356,0.3000000000000001
189,10,305.2274858434448,243.7725141565552,0.24000000000000007
189,9,494.522830277204,827.477169722796,0.0
189,8,459.1245673618356,616.5,0.0
189,3,597.5,391.12456736183674,0.0
189,1,316.1114270144315,700.8885729855684,0.0
190,5,574.2573379232176,483.7426620767824,0.0
190,4,582.7749096279053,360.7749096279054,0.0
190,6,457.49999999999994,615.0858166871783,0.0
190,7,594.278195982715,383.278195982715,0.0
190,2,525.2787908322666,276.2787908322667,0.3000000000000001
190,10,304.5,244.9547099645049,0.24000000000000007
190,9,493.5682361226021,828.4317638773979,0.0
190,8,460.18912319027703,617.1891231902771,0.0
190,3,598.1891231902779,392.1891231902778,0.0
190,1,315.5,701.9853116237896,0.0
191,5,573.3027437686158,484.69725623138424,0.0
191,4,583.5,361.82456736183764,0.0
191,6,458.16172232545125,616.1617223254513,0.0
191,7,595.2327901373169,384.23279013731684,0.0
191,2,524.7952532091703,275.2047467908298,0.3000000000000001
191,10,303.8365639389927,246.16343606100727,0.24000000000000007
191,9,492.61364196800025,829.3863580319997,0.0
191,8,461.1437173448789,618.1437173448788,0.0
191,3,599.1437173448797,393.1437173448797,0.0
191,1,314.90934548641445,703.0906545135856,0.0
192,5,572.6518503859861,485.6518503859861,0.0
192,4,583.9769911559225,362.9769911559225,0.0
192,6,459.3716031248051,616.5,0.0
192,7,596.1873842919188,385.1873842919187,0.0
192,2,525.8692972506071,274.1307027493929,0.3000000000000001
192,10,302.7875495961734,245.78754959617336,0.24000000000000007
192,9,491.6590478133984,830.3409521866016,0.0
192,8,462.0983114994807,619.0983114994807,0.0
192,3,598.9016885005184,394.09831149948155,0.0
192,1,313.9547513318126,704.0452486681875,0.0
193,5,573.5,486.65053531294006,0.0
193,4,584.9315853105244,363.9315853105244,0.0
193,6,460.36380385346837,617.3638038534684,0.0
193,7,597.1419784465206,386.14197844652057,0.0
193,2,526.943341292044,273.05665870795605,0.3000000000000001
193,10,301.7385352533541,244.73853525335406,0.24000000000000007
193,9,490.7044536587965,831.2955463412035,0.0
193,8,462.49999999999994,620.2819266747164,0.0
193,3,599.0529056540835,395.0529056540834,0.0
193,1,313.0001571772107,704.0001571772107,0.0
194,5,573.8539319140033,487.8539319140032,0.0
194,4,585.5,365.0461402370915,0.0
194,6,461.31839800807023,618.3183980080702,0.0
194,7,596.9034273988775,387.09657260112243,0.0
194,2,528.0173853334809,273.01738533348083,0.3000000000000001
194,10,300.6895209105347,245.31047908946522,0.24000000000000007
194,9,489.7498595041947,830.7498595041947,0.0
194,8,461.6996069725021,621.300393027498,0.0
194,3,599.5,396.2177131123445,0.0
194,1,312.04556302260886,703.9544369773912,0.0
195,5,574.8085260686051,488.8085260686051,0.0
195,4,586.1336668385416,366.1336668385415,0.0
195,6,462.27299216267204,619.272992162672,0.0
195,7,597.0511667557244,388.0511667557243,0.0
195,2,529.0914293749178,272.9085706250823,0.3000000000000001
195,10,299.6405065677154,246.35949343228455,0.24000000000000007
195,9,488.79526534959285,831.2047346504072,0.0
195,8,461.5478804009133,622.5478804009133,0.0
195,3,600.2549871821005,397.2549871821006,0.0
195,1,311.090968868007,704.9090311319931,0.0
196,5,575.763120223207,489.76312022320695,0.0
196,4,587.0882609931434,367.08826099314336,0.0
196,6,462.4795204639126,620.5204795360874,0.0
196,7,598.0057609103262,389.00576091032616,0.0
196,2,530.1654734163546,273.1654734163546,0.3000000000000001
196,10,298.5914922248961,247.40850777510386,0.24000000000000007
196,9,487.840671194991,832.1593288050091,0.0
196,8,462.49999999999994,623.5034995499703,0.0
196,3,601.2095813367024,398.2095813367024,0.0
196,1,310.13637471340513,705.8636252865949,0.0
197,5,576.2822856221911,490.7177143778088,0.0
197,4,587.5,368.26771311234535,0.0
197,6,461.5249263093108,621.4750736906892,0.0
197,7,598.0396449350719,389.960355064928,0.0
197,2,531.5458356184204,273.5,0.3000000000000001
197,10,297.24958466326336,247.75041533673664,0.24000000000000007
197,9,486.63178182426606,832.5,0.0
197,8,462.74996192893036,624.7499619289304,0.0
197,3,600.8358245086957,399.16417549130426,0.0
197,1,309.18178055880327,706.8182194411968,0.0
198,5,575.6723085324107,491.6723085324107,0.0
198,4,586.7096574788395,369.29034252116054,0.0
198,6,461.7225610641046,622.7225610641045,0.0
198,7,597.5,391.0868268139553,0.0
198,2,532.8993479368553,273.10065206314476,0.3000000000000001
198,10,296.07654248619497,248.50000000000003,0.24000000000000007
198,9,485.6385896669738,833.3614103330261,0.0
198,8,463.7045560835322,625.7045560835322,0.0
198,3,601.1187696459061,400.1187696459061,0.0
198,1,308.2271864042014,707.2271864042013,0.0
199,5,576.6269026870126,492.62690268701255,0.0
199,4,587.2449366757623,370.24493667576235,0.0
199,6,462.49999999999994,623.7505353129397,0.0
199,7,598.1624365929453,392.1624365929452,0.0
199,2,534.1694773560193,272.5,0.3000000000000001
199,10,294.8586627588113,249.14133724118872,0.24000000000000007
199,9,484.39110229355856,833.6088977064416,0.0
199,8,464.6591502381341,626.6591502381341,0.0
199,3,601.5,401.31085886285217,0.0
199,1,307.27259224959954,706.7274077504005,0.0
200,5,577.5,493.61525393870164,0.0
200,4,587.5,371.48928598759915,0.0
200,6,462.92464259212164,624.9246425921217,0.0
200,7,599.1170307475471,393.11703074754706,0.0
200,2,535.3403292385424,273.34032923854244,0.3000000000000001
200,10,293.809648415992,250.19035158400803,0.24000000000000007
200,9,483.4102089490122,834.5,0.0
200,8,465.50000000000006,627.660858862851,0.0
200,3,601.6137443927367,402.61374439273675,0.0
200,1,306.3179980949977,707.6820019050024,0.0
201,5,577.8289842150297,494.82898421502966,0.0
201,4,588.4470182037795,372.44701820377946,0.0
201,6,463.8792367467235,625.8792367467236,0.0
201,7,598.928375097851,394.0716249021489,0.0
201,2,536.4143732799793,274.41437327997926,0.3000000000000001
201,10,292.7606340731727,251.23936592682733,0.24000000000000007
201,9,482.1890207655414,834.8109792344586,0.0
201,8,465.8612317661512,628.8612317661513,0.0
201,3,602.5,403.5966453004791,0.0
201,1,305.3634039403958,708.3634039403958,0.0
202,5,578.5,495.9010403763285,0.0
202,4,588.6945055771948,373.6945055771948,0.0
202,6,464.83383090132537,626.8338309013253,0.0
202,7,599.0262190567508,395.0262190567508,0.0
202,2,537.7813105402296,274.2186894597704,0.3000000000000001
202,10,291.41872651153994,251.41872651153992,0.24000000000000007
202,9,481.1244225113853,835.5,0.0
202,8,466.81582592075307,629.8158259207531,0.0
202,3,602.8158259207539,404.81582592075387,0.0
202,1,304.3710375623141,707.5,0.0
203,5,578.5,497.25104037632855,0.0
203,4,589.6490997317967,374.64909973179664,0.0
203,6,465.50000000000006,627.9078946258204,0.0
203,7,599.5,396.17997256446307,0.0
203,2,538.8553545816665,273.85535458166646,0.3000000000000001
203,10,290.3157451819925,250.50000000000003,0.24000000000000007
203,9,479.98693923752427,836.0130607624758,0.0
203,8,467.49999999999994,630.882431738105,0.0
203,3,603.7704200753558,405.77042007535573,0.0
203,1,303.16132241237864,707.8386775876213,0.0
204,5,579.278553116462,498.2785531164621,0.0
204,4,590.5,375.6466453004799,0.0
204,6,466.0359124293425,629.0359124293425,0.0
204,7,600.2283005847679,397.2283005847679,0.0
204,2,540.107261356457,274.5,0.3000000000000001
204,10,289.02780460708783,250.9721953929122,0.24000000000000007
204,9,479.0323450829224,836.9676549170777,0.0
204,8,466.9820925512297,632.0179074487703,0.0
204,3,604.7250142299577,406.7250142299576,0.0
204,1,302.20672825777683,708.2067282577768,0.0
205,5,580.2331472710639,499.2331472710639,0.0
205,4,590.5,376.99664530047994,0.0
205,6,466.9905065839443,629.9905065839444,0.0
205,7,601.1828947393698,398.1828947393698,0.0
205,2,541.2963358833535,275.2963358833536,0.3000000000000001
205,10,287.76289812288763,251.5,0.24000000000000007
205,9,478.07775092832054,837.9222490716795,0.0
205,8,466.49999999999994,633.1682181757319,0.0
205,3,605.3203916154405,407.67960838455946,0.0
205,1,301.1494646870603,707.5,0.0
206,5,580.5,500.4726132515823,0.0
206,4,591.0986686332291,378.09866863322907,0.0
206,6,467.49999999999994,631.1294675010743,0.0
206,7,600.8625111060284,399.13748889397164,0.0
206,2,542.3703799247904,274.6296200752096,0.3000000000000001
206,10,286.6368827026358,252.36311729736425,0.24000000000000007
206,9,477.1231567737187,838.1231567737187,0.0
206,8,467.21998897678736,634.2199889767875,0.0
206,3,604.5,408.68979105098686,0.0
206,1,300.0046467297597,707.0046467297597,0.0
207,5,581.435228799081,501.4352287990811,0.0
207,4,592.2824317381068,378.5,0.0
207,6,466.8074118880385,632.1925881119614,0.0
207,7,601.0920830485735,400.0920830485735,0.0
207,2,543.4444239662273,275.4444239662273,0.3000000000000001
207,10,285.294975141003,252.705024858997,0.24000000000000007
207,9,476.16856261911687,837.8314373808831,0.0
207,8,466.82541686861066,635.1745831313893,0.0
207,3,604.8816899125766,409.88168991257663,0.0
207,1,299.5,705.8636782494334,0.0
208,5,582.6827161724963,501.6827161724963,0.0
208,4,593.3007501612461,379.3007501612462,0.0
208,6,466.49999999999994,633.4152539387012,0.0
208,7,601.5,401.27311831497076,0.0
208,2,544.9403312692817,275.5,0.3000000000000001
208,10,284.2459607981837,253.7540392018163,0.24000000000000007
208,9,475.21396846451506,838.213968464515,0.0
208,8,466.49999999999994,636.3897910509858,0.0
208,3,605.8362840671784,410.83628406717844,0.0
208,1,298.8025652017426,704.8025652017426,0.0
209,5,583.5,502.6941861268361,0.0
209,4,594.255344315848,380.255344315848,0.0
209,6,467.39466963997853,634.3946696399786,0.0
209,7,601.5870577954041,402.58705779540406,0.0
209,2,546.4592589192678,275.5,0.3000000000000001
209,10,283.1969464553644,254.80305354463562,0.24000000000000007
209,9,474.2593743099132,837.7406256900869,0.0
209,8,467.3766646594064,637.3766646594064,0.0
209,3,606.7908782217803,411.7908782217803,0.0
209,1,297.84797104714073,703.8479710471407,0.0
210,5,583.1152022994866,503.88479770051345,0.0
210,4,593.7900615295501,381.20993847044986,0.0
210,6,466.6507362054195,635.3492637945805,0.0
210,7,602.5,403.5589047525977,0.0
210,2,547.4547642530217,276.5452357469782,0.3000000000000001
210,10,282.0021008186852,255.5,0.24000000000000007
210,9,473.30478015531133,838.3047801553113,0.0
210,8,468.3312588140082,638.3312588140083,0.0
210,3,607.2545276236178,412.74547237638217,0.0
210,1,296.89337689253887,702.8933768925389,0.0
211,5,582.5,504.97997256446297,0.0
211,4,593.5,382.4397910509875,0.0
211,6,466.5967511679957,636.5967511679958,0.0
211,7,602.7891393234213,404.78913932342124,0.0
211,2,546.6192797884152,277.6192797884151,0.3000000000000001
211,10,280.8060245509123,256.1939754490877,0.24000000000000007
211,9,472.35018600070947,837.3501860007095,0.0
211,8,468.5787461874235,639.5787461874236,0.0
211,3,606.700066530984,413.70006653098403,0.0
211,1,297.061217262063,701.938782737937,0.0
212,5,581.9131207714694,506.08687922853056,0.0
212,4,594.4120199984669,383.412019998467,0.0
212,6,467.55134532259757,637.5513453225976,0.0
212,7,603.7437334780232,405.7437334780231,0.0
212,2,547.7734011821066,278.5,0.3000000000000001
212,10,279.46411698927955,256.53588301072045,0.24000000000000007
212,9,471.39559184610766,836.6044081538923,0.0
212,8,469.5333403420254,640.5333403420254,0.0
212,3,607.6546606855859,414.6546606855859,0.0
212,1,296.98418858333514,700.9841885833351,0.0
213,5,580.9585266168675,507.0414733831324,0.0
213,4,595.3666141530688,384.3666141530688,0.0
213,6,468.5,638.5083996892089,0.0
213,7,604.698327632625,406.69832763262497,0.0
213,2,549.0602610901022,279.0602610901023,0.3000000000000001
213,10,278.41510264646024,257.58489735353976,0.24000000000000007
213,9,470.50000000000006,837.5834418648839,0.0
213,8,470.4879344966273,641.4879344966272,0.0
213,3,608.6092548401878,415.60925484018776,0.0
213,1,296.9704055712667,700.0295944287333,0.0
214,5,580.0039324622658,507.9960675377343,0.0
214,4,596.3212083076706,385.32120830767064,0.0
214,6,468.75342685061474,639.7534268506148,0.0
214,7,605.3470782127731,407.65292178722683,0.0
214,2,549.5,280.3970429197055,0.3000000000000001
214,10,277.36608830364094,258.63391169635906,0.24000000000000007
214,9,470.19351031809055,838.8064896819095,0.0
214,8,469.55747134877095,642.442528651229,0.0
214,3,609.5,416.59029611437535,0.0
214,1,297.5,698.8989596236719,0.0
215,5,578.8626681226563,508.50000000000006,0.0
215,4,597.2758024622725,386.2758024622725,0.0
215,6,469.7080210052166,640.7080210052166,0.0
215,7,604.5,408.65205050310544,0.0
215,2,548.5,281.5017570073184,0.3000000000000001
215,10,276.24130351448275,259.5,0.24000000000000007
215,9,469.2389161634887,839.7610838365114,0.0
215,8,470.3971228058309,643.3971228058309,0.0
215,3,609.8113363682049,417.8113363682049,0.0
215,1,296.82751290071616,697.8275129007162,0.0
216,5,577.8018509342486,509.19814906575147,0.0
216,4,596.7696033831256,387.2303966168744,0.0
216,6,470.33738484018164,641.6626151598184,0.0
216,7,604.855003315244,409.85500331524395,0.0
216,2,548.8681796520398,282.86817965203977,0.3000000000000001
216,10,274.9751663991889,258.9751663991889,0.24000000000000007
216,9,468.19498525986234,840.5,0.0
216,8,470.64461017924623,644.6446101792462,0.0
216,3,610.5,418.8760825520023,0.0
216,1,296.5,696.613173186045,0.0
217,5,576.5768816850293,509.5,0.0
217,4,597.1849907714762,388.18499077147624,0.0
217,6,469.6172093144202,642.6172093144203,0.0
217,7,605.8095974698458,410.8095974698458,0.0
217,2,549.9422236934766,283.94222369347665,0.3000000000000001
217,10,273.68845645537795,258.5,0.24000000000000007
217,9,467.0368346354715,840.9631653645284,0.0
217,8,471.59920433384804,645.5992043338481,0.0
217,3,609.9865821037779,420.01341789622205,0.0
217,1,295.62543137269904,695.625431372699,0.0
218,5,575.5997694062314,508.5997694062315,0.0
218,4,598.1395849260781,389.1395849260781,0.0
218,6,470.50000000000006,643.6015454397165,0.0
218,7,606.7641916244477,411.7641916244477,0.0
218,2,550.5,285.2301128325303,0.3000000000000001
218,10,272.5842444947368,259.4157555052632,0.24000000000000007
218,9,466.0822404808697,841.9177595191303,0.0
218,8,472.5537984884499,646.55379848845,0.0
218,3,609.968012050824,420.9680120508239,0.0
218,1,294.6708372180972,694.6708372180972,0.0
219,5,574.2910952474024,508.50000000000006,0.0
219,4,597.90582091932,390.09417908067996,0.0
219,6,470.8192908424374,644.8192908424373,0.0
219,7,607.2812142209505,412.71878577904954,0.0
219,2,550.6760982139773,286.6760982139773,0.3000000000000001
219,10,271.24233693310407,259.75766306689593,0.24000000000000007
219,9,465.1276463262679,842.1276463262678,0.0
219,8,473.50839264305176,647.5083926430518,0.0
219,3,610.5,422.0976554272562,0.0
219,1,293.7162430634953,693.7162430634953,0.0
220,5,573.1047946594008,508.8952053405992,0.0
220,4,597.5,391.2760825520029,0.0
220,6,471.7738849970392,645.7738849970392,0.0
220,7,606.6733799336514,413.6733799336514,0.0
220,2,551.7501422554142,287.7501422554142,0.3000000000000001
220,10,270.06629264790723,260.5,0.24000000000000007
220,9,464.17305217166603,841.826947828334,0.0
220,8,474.4629867976536,648.4629867976537,0.0
220,3,609.8299064211589,423.1700935788411,0.0
220,1,293.5,692.4558138731642,0.0
221,5,572.5,509.99469119022456,0.0
221,4,598.2962606086971,392.2962606086971,0.0
221,6,472.72847915164107,646.7284791516411,0.0
221,7,607.6279740882533,414.62797408825327,0.0
221,2,552.824186296851,288.82418629685105,0.3000000000000001
221,10,268.85141502865196,261.14858497134804,0.24000000000000007
221,9,463.21845801706417,842.7815419829358,0.0
221,8,475.41758095225555,649.4175809522554,0.0
221,3,608.875312266557,424.12468773344295,0.0
221,1,293.5,691.1058138731642,0.0
222,5,571.9027131313837,511.0972868686163,0.0
222,4,599.250854763299,393.25085476329895,0.0
222,6,473.68307330624293,647.6830733062429,0.0
222,7,608.5825682428551,415.58256824285513,0.0
222,2,553.1017696617121,289.89823033828793,0.3000000000000001
222,10,267.80240068583265,262.19759931416735,0.24000000000000007
222,9,462.26386386246236,843.2638638624624,0.0
222,8,475.6650683256708,650.6650683256707,0.0
222,3,607.9207181119551,425.0792818880448,0.0
222,1,292.97378094324944,689.9737809432494,0.0
223,5,570.7195223721486,511.5,0.0
223,4,598.7945510820991,394.2054489179008,0.0
223,6,474.6376674608448,648.6376674608448,0.0
223,7,609.5,416.55255556649394,0.0
223,2,552.9722743797248,290.9722743797248,0.3000000000000001
223,10,266.75338634301335,263.24661365698665,0.24000000000000007
223,9,461.230266634101,842.5,0.0
223,8,476.6196624802726,651.6196624802726,0.0
223,3,606.9661239573533,426.0338760426467,0.0
223,1,292.9808132113524,689.0191867886475,0.0
224,5,569.7006316033666,512.2993683966334,0.0
224,4,599.1600430725027,395.1600430725027,0.0
224,6,475.50000000000006,649.6304776278511,0.0
224,7,609.7846497708723,417.78464977087225,0.0
224,2,553.5,292.2726109205811,0.3000000000000001
224,10,265.4114787813806,263.5885212186194,0.24000000000000007
224,9,460.06178233444524,842.9382176655547,0.0
224,8,477.5,652.6050147401356,0.0
224,3,606.0115298027514,426.98847019724855,0.0
224,1,293.0645926340457,688.0645926340457,0.0
225,5,568.7460374487647,513.2539625512353,0.0
225,4,599.5,396.36922830251063,0.0
225,6,475.83974898886197,650.839748988862,0.0
225,7,610.5,418.8383420041209,0.0
225,2,554.413255681412,293.413255681412,0.3000000000000001
225,10,264.3624644385613,264.6375355614387,0.24000000000000007
225,9,459.10718817984343,843.8928118201566,0.0
225,8,477.5,653.9550147401357,0.0
225,3,605.0569356481495,427.9430643518504,0.0
225,1,292.10999847944385,687.1099984794438,0.0
226,5,567.7914432941628,514.2085567058372,0.0
226,4,600.3621246005198,397.36212460051985,0.0
226,6,476.7943431434638,651.7943431434638,0.0
226,7,610.0132687011106,419.9867312988894,0.0
226,2,554.7801929416623,294.78019294166234,0.3000000000000001
226,10,263.2361785953389,265.5,0.24000000000000007
226,9,458.15259402524157,844.8474059747584,0.0
226,8,477.5,655.3050147401357,0.0
226,3,603.9376259469822,428.5,0.0
226,1,291.155404324842,686.1554043248419,0.0
227,5,566.836849139561,513.836849139561,0.0
227,4,601.3167187551217,398.31671875512166,0.0
227,6,477.5,652.8520505031049,0.0
227,7,609.9413254534912,420.94132545349123,0.0
227,2,555.5,296.000966745793,0.3000000000000001
227,10,261.97154253410923,266.02845746589077,0.24000000000000007
227,9,457.1979998706397,845.8020001293603,0.0
227,8,476.6832812448796,656.3167187551203,0.0
227,3,602.8548541201325,427.8548541201324,0.0
227,1,290.2008101702401,685.2008101702401,0.0
228,5,565.8822549849591,514.1177450150409,0.0
228,4,600.7286870902765,399.2713129097235,0.0
228,6,477.5,654.2020505031049,0.0
228,7,610.5,422.0599148793747,0.0
228,2,556.2211742433495,297.2211742433495,0.3000000000000001
228,10,260.9225281912899,267.0774718087101,0.24000000000000007
228,9,456.13712088359335,846.5,0.0
228,8,477.2713129097221,657.2713129097222,0.0
228,3,601.9002599655306,428.0997400344694,0.0
228,1,289.75378398436175,684.2462160156382,0.0
229,5,564.6905901840139,514.5,0.0
229,4,601.2259070643254,400.2259070643254,0.0
229,6,477.46319473629035,655.5368052637097,0.0
229,7,609.8565930184916,423.14340698150835,0.0
229,2,555.7047817152136,298.29521828478636,0.3000000000000001
229,10,259.8735138484706,266.8735138484706,0.24000000000000007
229,9,454.9959183426226,845.9959183426225,0.0
229,8,478.22590706432396,658.225907064324,0.0
229,3,600.9456658109287,429.05433418907126,0.0
229,1,290.5,683.2053088097756,0.0
230,5,563.6801734569419,515.3198265430581,0.0
230,4,601.5,401.4623740530183,0.0
230,6,476.5086005816885,656.4913994183115,0.0
230,7,608.9019988638897,424.0980011361102,0.0
230,2,556.3692623262233,299.36926232622324,0.3000000000000001
230,10,258.54469803950235,266.5,0.24000000000000007
230,9,454.0413241880207,845.9586758119793,0.0
230,8,478.5,659.4623740530163,0.0
230,3,599.9910716563269,430.0089283436731,0.0
230,1,290.5,681.8553088097756,0.0
231,5,562.7255793023401,516.2744206976599,0.0
231,4,601.720881811156,402.720881811156,0.0
231,6,477.4459935729133,657.4459935729133,0.0
231,7,607.9474047092879,425.0525952907121,0.0
231,2,555.5566936323398,300.4433063676601,0.3000000000000001
231,10,257.1896987252051,266.8103012747949,0.24000000000000007
231,9,453.5,847.0844519916606,0.0
231,8,479.42798859234114,660.4279885923411,0.0
231,3,599.036477501725,430.963522498275,0.0
231,1,289.79664711420577,680.7966471142058,0.0
232,5,561.4780919289248,516.5219080710752,0.0
232,4,602.5,403.74816049064526,0.0
232,6,478.40058772751513,658.4005877275151,0.0
232,7,606.992810554686,426.00718944531394,0.0
232,2,556.5,301.5245371838577,0.3000000000000001
232,10,256.1406843823858,267.8593156176142,0.24000000000000007
232,9,452.83924266000355,848.1607573399965,0.0
232,8,479.6754759657564,661.6754759657564,0.0
232,3,597.9086937588476,431.5,0.0
232,1,289.5,679.5695223721486,0.0
233,5,560.5234977743229,517.4765022256771,0.0
233,4,602.9229633391732,404.9229633391731,0.0
233,6,478.64807510093044,659.6480751009304,0.0
233,7,606.0382164000841,426.9617835999158,0.0
233,2,556.8842876693474,302.8842876693473,0.3000000000000001
233,10,255.5,269.0774657679683,0.24000000000000007
233,9,451.8846485054017,847.8846485054016,0.0
233,8,480.36992987964186,662.6300701203581,0.0
233,3,596.8343959737078,432.1656040262921,0.0
233,1,288.59456558618865,678.5945655861887,0.0
234,5,559.568903619721,518.431096380279,0.0
234,4,603.877557493775,405.877557493775,0.0
234,6,479.5,660.6451962536125,0.0
234,7,605.0836222454823,427.91637775451767,0.0
234,2,557.9583317107843,303.9583317107842,0.3000000000000001
234,10,256.25023752206624,270.25023752206624,0.24000000000000007
234,9,450.6939751330856,847.5,0.0
234,8,479.58466427496,663.58466427496,0.0
234,3,595.879801819106,433.12019818089396,0.0
234,1,287.6399714315868,677.6399714315868,0.0
235,5,558.6143094651192,517.6143094651192,0.0
235,4,604.8321516483769,406.83215164837685,0.0
235,6,479.8501566289476,661.8501566289476,0.0
235,7,603.9753664948637,428.5,0.0
235,2,559.0323757522211,305.03237575222107,0.3000000000000001
235,10,257.592145083699,270.592145083699,0.24000000000000007
235,9,449.34397513308556,847.5,0.0
235,8,480.53925842956187,664.5392584295619,0.0
235,3,594.6871208835937,433.5,0.0
235,1,287.3924840581715,676.3924840581715,0.0
236,5,557.6597153105173,516.6597153105173,0.0
236,4,605.2132541970212,407.7867458029787,0.0
236,6,480.19524921645063,662.8047507835494,0.0
236,7,602.8815407174652,427.88154071746516,0.0
236,2,560.106419793658,306.10641979365795,0.3000000000000001
236,10,258.3588405734817,271.6411594265183,0.24000000000000007
236,9,447.99397513308554,847.5,0.0
236,8,481.4938525841637,665.4938525841637,0.0
236,3,593.6777202910889,432.6777202910889,0.0
236,1,286.4378899035696,675.4378899035696,0.0
237,5,556.7051211559154,517.2948788440846,0.0
237,4,604.5,408.841306241153,0.0
237,6,479.75934493815123,663.7593449381512,0.0
237,7,601.9269465628633,428.07305343713665,0.0
237,2,561.1804638350949,307.1804638350948,0.3000000000000001
237,10,257.5,272.76894632380487,0.24000000000000007
237,9,446.8946990117405,848.1053009882595,0.0
237,8,482.44844673876554,666.4484467387656,0.0
237,3,592.4302329176736,432.5697670823264,0.0
237,1,285.48329574896775,674.4832957489677,0.0
238,5,555.7505270013136,518.2494729986864,0.0
238,4,604.9888273309958,409.9888273309959,0.0
238,6,480.7139390927531,664.7139390927531,0.0
238,7,600.9723524082615,429.0276475917385,0.0
238,2,562.2545078765318,308.2545078765317,0.3000000000000001
238,10,257.5,274.2524766345438,0.24000000000000007
238,9,445.94010485713864,849.0598951428614,0.0
238,8,482.69593411218085,667.6959341121809,0.0
238,3,591.4756387630717,433.52436123692826,0.0
238,1,284.5287015943659,673.5287015943659,0.0
239,5,554.7959328467117,519.2040671532883,0.0
239,4,605.9434214855977,410.9434214855977,0.0
239,6,481.331466752645,665.668533247355,0.0
239,7,600.0177582536596,429.9822417463404,0.0
239,2,562.5,309.6717493595214,0.3000000000000001
239,10,258.3739888926031,275.3739888926031,0.24000000000000007
239,9,444.77240225783174,849.5,0.0
239,8,483.5,668.7128791164047,0.0
239,3,590.5210446084699,434.4789553915301,0.0
239,1,283.574107439764,672.574107439764,0.0
240,5,553.8413386921098,520.1586613078902,0.0
240,4,606.8980156401996,411.89801564019956,0.0
240,6,480.6231274019569,666.6231274019568,0.0
240,7,599.0631640990578,430.93683590094224,0.0
240,2,562.0116176029676,310.98838239703235,0.3000000000000001
240,10,257.5769967645776,276.4230032354224,0.24000000000000007
240,9,443.44513011030807,849.554869889692,0.0
240,8,483.5,670.0628791164047,0.0
240,3,589.566450453868,435.433549546132,0.0
240,1,283.5,671.254803746387,0.0
241,5,552.886744537508,521.113255462492,0.0
241,4,607.1473902051986,412.8526097948014,0.0
241,6,481.5777215565587,667.5777215565587,0.0
241,7,597.9464343067291,431.5,0.0
241,2,562.0624264384693,312.06242643846923,0.3000000000000001
241,10,256.23508920294483,276.76491079705517,0.24000000000000007
241,9,442.4905359557062,850.5094640442938,0.0
241,8,484.1455030136134,671.1455030136133,0.0
241,3,588.6118562992662,436.38814370073385,0.0
241,1,283.0791326929334,670.0791326929334,0.0
242,5,551.9321503829061,522.0678496170939,0.0
242,4,606.8072039494033,413.8072039494033,0.0
242,6,482.53231571116055,668.5323157111605,0.0
242,7,596.8610825710406,432.13891742895936,0.0
242,2,563.1364704799062,313.1364704799061,0.3000000000000001
242,10,255.18607486012553,277.81392513987447,0.24000000000000007
242,9,441.53594180110434,851.4640581988957,0.0
242,8,484.50000000000006,672.3486655540315,0.0
242,3,587.3643689258508,436.63563107414916,0.0
242,1,282.87546146166846,669.1245385383315,0.0
243,5,550.9775562283043,521.9775562283043,0.0
243,4,607.7617981040052,414.76179810400515,0.0
243,6,483.4869098657624,669.4869098657624,0.0
243,7,595.9064884164387,433.0935115835612,0.0
243,2,563.4965922598435,314.50340774015643,0.3000000000000001
243,10,254.1370605173062,278.8629394826938,0.24000000000000007
243,9,440.5813476465025,852.4186523534976,0.0
243,8,484.6404777604439,673.6404777604439,0.0
243,3,586.409774771249,437.590225228751,0.0
243,1,283.83005561627033,668.1699443837297,0.0
244,5,550.0229620737024,521.9770379262976,0.0
244,4,608.716392258607,415.716392258607,0.0
244,6,483.7343972391777,670.7343972391777,0.0
244,7,594.7248614314752,433.5,0.0
244,2,562.5774517815934,315.5774517815933,0.3000000000000001
244,10,253.0880461744869,279.9119538255131,0.24000000000000007
244,9,439.6267534919006,853.3732465080994,0.0
244,8,485.5950719150457,674.5950719150458,0.0
244,3,585.4366158202051,438.5,0.0
244,1,284.2153502291278,667.2153502291278,0.0
245,5,549.0683679191005,522.9316320808995,0.0
245,4,609.5,416.7418113045415,0.0
245,6,484.50000000000006,671.7672741922548,0.0
245,7,593.7044068884217,432.7044068884216,0.0
245,2,563.6514958230302,316.6514958230302,0.3000000000000001
245,10,251.84809256452203,280.5,0.24000000000000007
245,9,438.67215933729875,854.3278406627013,0.0
245,8,486.54966606964757,675.5496660696476,0.0
245,3,584.2076932432318,438.2076932432318,0.0
245,1,283.26075607452594,666.260756074526,0.0
246,5,547.9537936196098,523.5,0.0
246,4,609.9184737866242,417.91847378662413,0.0
246,6,484.50000000000006,673.1172741922549,0.0
246,7,592.4569195150063,432.54308048499365,0.0
246,2,564.7255398644671,317.72553986446707,0.3000000000000001
246,10,250.69712427003483,281.3028757299652,0.24000000000000007
246,9,439.2824348173031,855.2824348173032,0.0
246,8,487.50426022424944,676.5042602242495,0.0
246,3,583.1508293825782,437.5,0.0
246,1,282.3061619199241,665.3061619199241,0.0
247,5,546.8662863910835,522.8662863910835,0.0
247,4,610.5,419.02759774216844,0.0
247,6,485.18396614061015,674.1839661406102,0.0
247,7,591.5023253604045,433.4976746395955,0.0
247,2,565.200416094096,318.79958390590394,0.3000000000000001
247,10,249.64810992721553,282.3518900727845,0.24000000000000007
247,9,438.762971028095,856.237028971905,0.0
247,8,488.4588543788513,677.4588543788514,0.0
247,3,582.0056117152146,437.9943882847853,0.0
247,1,281.3515677653222,664.3515677653222,0.0
248,5,545.9116922364816,523.0883077635184,0.0
248,4,609.8794446853587,420.1205553146413,0.0
248,6,486.138560295212,675.1385602952121,0.0
248,7,590.5477312058026,434.4522687941974,0.0
248,2,564.8736279473409,319.8736279473408,0.3000000000000001
248,10,248.22592875705132,282.5,0.24000000000000007
248,9,439.19162312650684,857.1916231265069,0.0
248,8,487.58655146654684,678.4134485334532,0.0
248,3,580.8650429449513,438.5,0.0
248,1,280.39697361072035,663.3969736107204,0.0
249,5,545.5,524.267779255644,0.0
249,4,610.0751494692431,421.0751494692431,0.0
249,6,487.0931544498139,676.0931544498139,0.0
249,7,589.5931370512008,435.40686294879924,0.0
249,2,565.9476719887778,320.9476719887777,0.3000000000000001
249,10,246.96429480395,281.96429480395,0.24000000000000007
249,9,440.4138892431838,857.5,0.0
249,8,488.368042688055,679.3680426880551,0.0
249,3,579.8035301871975,439.1964698128025,0.0
249,1,279.5576205438815,662.4423794561185,0.0
250,5,544.7096107084645,525.2903892915355,0.0
250,4,610.5,422.2491706174222,0.0
250,6,488.04774860441574,677.0477486044158,0.0
250,7,588.6385428965989,436.3614571034011,0.0
250,2,567.0217160302146,322.0217160302146,0.3000000000000001
250,10,245.9152804611307,282.0847195388693,0.24000000000000007
250,9,441.393704654524,858.393704654524,0.0
250,8,489.3226368426569,680.3226368426568,0.0
250,3,578.5792565073243,439.5,0.0
250,1,280.4877853015166,661.4877853015166,0.0
251,5,543.4621233350492,525.5378766649508,0.0
251,4,609.7227690027398,423.27723099726023,0.0
251,6,487.9976572409824,678.0023427590177,0.0
251,7,587.3910555231836,436.6089444768164,0.0
251,2,566.9042399283485,323.09576007165145,0.3000000000000001
251,10,244.8662661183114,283.1337338816886,0.24000000000000007
251,9,441.64119202793927,859.6411920279393,0.0
251,8,488.72276900274136,681.2772309972587,0.0
251,3,577.6014486591804,440.39855134081967,0.0
251,1,279.53319114691476,660.5331911469148,0.0
252,5,542.5075291804474,526.4924708195526,0.0
252,4,608.768174848138,424.23182515186204,0.0
252,6,487.9569369136195,678.9569369136195,0.0
252,7,586.4364613685817,437.5635386314183,0.0
252,2,566.5,324.4472460608628,0.3000000000000001
252,10,243.53444820121476,283.5,0.24000000000000007
252,9,442.59578618254113,860.5957861825411,0.0
252,8,489.2318251518605,682.2318251518604,0.0
252,3,576.6468545045785,441.3531454954215,0.0
252,1,278.5785969923129,659.5785969923129,0.0
253,5,541.5529350258455,525.5529350258455,0.0
253,4,607.8135806935361,425.1864193064639,0.0
253,6,488.91153106822134,679.9115310682213,0.0
253,7,585.4743563680868,438.5,0.0
253,2,567.5,325.55196014847576,0.3000000000000001
253,10,242.46513145284888,282.5,0.24000000000000007
253,9,443.5712485560645,861.5,0.0
253,8,490.1864193064623,683.1864193064623,0.0
253,3,575.3993671311632,441.3993671311632,0.0
253,1,277.62400283771103,658.624002837711,0.0
254,5,540.3054476524302,525.6945523475698,0.0
254,4,606.8589865389342,426.14101346106577,0.0
254,6,489.1338747771769,680.8661252228231,0.0
254,7,584.2343798405647,438.2343798405646,0.0
254,2,567.903678633589,326.903678633589,0.3000000000000001
254,10,241.13343665222655,282.8665633477734,0.24000000000000007
254,9,444.92124855606454,861.5,0.0
254,8,490.49999999999994,684.4065299303007,0.0
254,3,574.4447729765614,440.55522702343865,0.0
254,1,278.33059131689083,657.6694086831092,0.0
255,5,539.3508534978283,526.6491465021717,0.0
255,4,605.9043923843324,427.09560761566763,0.0
255,6,488.82071937742495,681.8207193774249,0.0
255,7,583.1885699304598,437.5,0.0
255,2,568.9777226750259,327.97772267502586,0.3000000000000001
255,10,240.08442230940724,283.9155776905927,0.24000000000000007
255,9,446.04535508397356,862.0453550839736,0.0
255,8,489.61149916552046,685.3885008344796,0.0
255,3,573.4901788219595,441.5098211780405,0.0
255,1,278.42192130969386,656.4219213096939,0.0
256,5,538.3962593432265,527.6037406567735,0.0
256,4,604.9497982297305,428.0502017702695,0.0
256,6,489.77531353202676,682.7753135320268,0.0
256,7,582.0322983125475,437.9677016874525,0.0
256,2,569.5,329.2803159736877,0.3000000000000001
256,10,239.03540796658794,284.96459203341203,0.24000000000000007
256,9,447.2070349936915,862.5,0.0
256,8,489.63598820789497,686.6359882078949,0.0
256,3,572.5355846673576,442.4644153326424,0.0
256,1,277.467327155092,655.467327155092,0.0
257,5,537.4416651886246,528.5583348113754,0.0
257,4,603.7861107568162,428.5,0.0
257,6,490.49999999999994,683.825138568524,0.0
257,7,580.902783492833,438.5,0.0
257,2,570.4187039767131,330.41870397671306,0.3000000000000001
257,10,237.77365089701232,285.5,0.24000000000000007
257,9,448.24743661199074,861.7525633880093,0.0
257,8,490.49999999999994,687.6281028055548,0.0
257,3,572.2880972939423,443.7119027060577,0.0
257,1,276.51273300049013,654.5127330004901,0.0
258,5,536.4817156809676,529.5,0.0
258,4,602.7477167017133,427.74771670171333,0.0
258,6,490.02260493995607,684.9773950600439,0.0
258,7,579.8302167845304,439.16978321546964,0.0
258,2,569.50725198185,331.49274801814994,0.3000000000000001
258,10,236.64448606213588,284.64448606213585,0.24000000000000007
258,9,449.20203076659254,862.2020307665925,0.0
258,8,490.8380697359121,688.8380697359121,0.0
258,3,571.3335031393405,444.66649686065955,0.0
258,1,275.55813884588827,653.5581388458883,0.0
259,5,535.2395836606075,529.7604163393925,0.0
259,4,601.7931225471115,428.20687745288853,0.0
259,6,489.50000000000006,686.110925006151,0.0
259,7,578.6169970552061,439.5,0.0
259,2,570.5944582365265,332.5,0.3000000000000001
259,10,235.59547171931655,285.40452828068345,0.24000000000000007
259,9,450.1566249211944,861.8433750788056,0.0
259,8,491.79266389051395,689.792663890514,0.0
259,3,570.3287514439359,445.5,0.0
259,1,275.5,652.2322207443559,0.0
260,5,534.2849895060057,530.7150104939943,0.0
260,4,600.8385283925096,429.1614716074904,0.0
260,6,490.1794765880611,687.1794765880611,0.0
260,7,577.6281352565132,440.37186474348675,0.0
260,2,571.9337293198371,332.93372931983714,0.3000000000000001
260,10,234.25356415768377,285.7464358423162,0.24000000000000007
260,9,451.11121907579627,860.8887809242037,0.0
260,8,492.5,690.8496756808086,0.0
260,3,569.1314216113234,445.86857838867667,0.0
260,1,275.0631640990577,651.0631640990576,0.0
261,5,533.2601428057138,531.5,0.0
261,4,599.8839342379077,430.11606576209226,0.0
261,6,490.49999999999994,688.3967114437779,0.0
261,7,576.6735411019114,441.3264588980886,0.0
261,2,572.5,334.21809997412544,0.3000000000000001
261,10,233.0821703411757,286.5,0.24000000000000007
261,9,452.06581323039813,859.9341867696019,0.0
261,8,492.99474541853107,691.994745418531,0.0
261,3,568.1768274567215,446.8231725432785,0.0
261,1,274.89143005554416,650.1085699444558,0.0
262,5,531.9101428057138,531.5,0.0
262,4,598.9293400833059,431.0706599166941,0.0
262,6,491.3815581160782,689.3815581160782,0.0
262,7,575.4260537284961,441.4260537284961,0.0
262,2,572.6676038403377,335.66760384033773,0.3000000000000001
262,10,231.8626422532317,287.1373577467683,0.24000000000000007
262,9,453.2359671818261,859.5,0.0
262,8,493.9493395731329,692.9493395731329,0.0
262,3,567.5,447.89282143131794,0.0
262,1,275.153975789854,649.1539757898539,0.0
263,5,530.8354206045733,530.8354206045733,0.0
263,4,597.7571785686815,431.5,0.0
263,6,492.33615227068003,690.33615227068,0.0
263,7,574.4714595738942,440.5285404261058,0.0
263,2,573.7416478817746,336.7416478817746,0.3000000000000001
263,10,230.8136279104124,288.1863720895876,0.24000000000000007
263,9,454.26789475841525,858.7321052415847,0.0
263,8,494.0960662722654,693.9039337277346,0.0
263,3,568.0252540712956,449.0252540712956,0.0
263,1,274.1993816352521,648.199381635252,0.0
264,5,529.8808264499714,531.1191735500286,0.0
264,4,596.7272585552887,432.2727414447113,0.0
264,6,492.58363964409534,691.5836396440953,0.0
264,7,573.5168654192923,441.48313458070766,0.0
264,2,574.5,337.9464557993373,0.3000000000000001
264,10,229.76461356759307,289.2353864324069,0.24000000000000007
264,9,455.2224889130171,859.2224889130172,0.0
264,8,493.8585278823365,694.8585278823365,0.0
264,3,568.9798482258975,449.97984822589746,0.0
264,1,273.75521251934975,647.2447874806502,0.0
265,5,528.9262322953696,530.9262322953696,0.0
265,4,595.7726644006868,433.22733559931316,0.0
265,6,493.5382337986972,692.5382337986972,0.0
265,7,572.5622712646905,442.4377287353095,0.0
265,2,574.5,339.4653834493233,0.3000000000000001
265,10,228.71559922477374,290.28440077522623,0.24000000000000007
265,9,456.45754005707994,859.5,0.0
265,8,494.81312203693835,695.8131220369384,0.0
265,3,569.0655576195006,450.9344423804993,0.0
265,1,274.2901933260484,646.2901933260483,0.0
266,5,527.9716381407677,531.0283618592323,0.0
266,4,594.5356056934277,433.5,0.0
266,6,494.49282795329907,693.4928279532991,0.0
266,7,572.3147838912752,443.68521610872483,0.0
266,2,575.5495664437121,340.5495664437121,0.3000000000000001
266,10,227.373691663141,290.62630833685904,0.24000000000000007
266,9,457.42457044103423,858.5754295589657,0.0
266,8,495.49999999999994,696.878607868943,0.0
266,3,568.8890365351012,451.8890365351012,0.0
266,1,273.5,645.2675021185943,0.0
267,5,527.0170439861658,531.9829560138342,0.0
267,4,593.5705828726697,432.5705828726697,0.0
267,6,493.5525778920991,694.4474221079008,0.0
267,7,571.3601897366733,444.6398102633267,0.0
267,2,576.5,341.6748116245492,0.3000000000000001
267,10,226.2520562886073,291.5,0.24000000000000007
267,9,458.67205781444954,858.3279421855505,0.0
267,8,495.49999999999994,698.2286078689431,0.0
267,3,569.8436306897031,452.84363068970305,0.0
267,1,273.0881117980312,644.0881117980313,0.0
268,5,526.062449831564,532.937550168436,0.0
268,4,592.3230954992544,432.6769045007456,0.0
268,6,494.40201626250274,695.4020162625027,0.0
268,7,570.3664919918175,445.5,0.0
268,2,576.9905477453993,342.9905477453993,0.3000000000000001
268,10,224.9827697586889,292.0172302413111,0.24000000000000007
268,9,459.67911293233374,857.5,0.0
268,8,496.2626909383708,699.2626909383708,0.0
268,3,570.798224844305,453.7982248443049,0.0
268,1,272.1335176434294,643.1335176434294,0.0
269,5,525.5,534.0545758200477,0.0
269,4,591.3685013446525,433.63149865534746,0.0
269,6,494.64950363591805,696.649503635918,0.0
269,7,569.1581082086561,445.84189179134387,0.0
269,2,578.0645917868362,344.06459178683616,0.3000000000000001
269,10,223.9337554158696,291.9337554158696,0.24000000000000007
269,9,460.8741393424667,857.1258606575333,0.0
269,8,497.21728509297265,700.2172850929727,0.0
269,3,571.7528189989068,454.7528189989068,0.0
269,1,271.17892348882754,642.1789234888275,0.0
270,5,524.8603683035469,535.1396316964531,0.0
270,4,590.4139071900506,434.5860928099493,0.0
270,6,495.49999999999994,697.6472165071663,0.0
270,7,568.2035140540543,446.79648594594573,0.0
270,2,577.8613641717269,345.13863582827304,0.3000000000000001
270,10,222.6298924811366,291.5,0.24000000000000007
270,9,461.96489936996073,856.5,0.0
270,8,496.8281207524255,701.1718792475746,0.0
270,3,572.5,455.7933264947065,0.0
270,1,270.7756706657743,641.2243293342257,0.0
271,5,523.905774148945,534.905774148945,0.0
271,4,589.4593130354488,435.5406869645512,0.0
271,6,495.8515851639351,698.8515851639352,0.0
271,7,567.5,447.85508088343636,0.0
271,2,578.21267986971,346.2126798697099,0.3000000000000001
271,10,221.14636217039762,291.5,0.24000000000000007
271,9,463.0762208704839,855.9237791295161,0.0
271,8,497.1264734021764,702.1264734021764,0.0
271,3,572.9549005269239,456.95490052692395,0.0
271,1,271.2697351796238,640.2697351796238,0.0
272,5,522.9511799943432,535.0488200056568,0.0
272,4,588.5047188808469,436.49528111915305,0.0
272,6,496.806179318537,699.806179318537,0.0
272,7,567.9985674739628,448.99856747396285,0.0
272,2,579.2867239111469,347.2867239111468,0.3000000000000001
272,10,219.9080327309713,292.0919672690287,0.24000000000000007
272,9,464.03081502508576,854.9691849749142,0.0
272,8,498.08106755677824,703.0810675567783,0.0
272,3,573.5,458.0791129323334,0.0
272,1,270.68485897497806,639.315141025022,0.0
273,5,521.9965858397413,536.0034141602587,0.0
273,4,587.2572315074316,436.74276849256836,0.0
273,6,497.23922652686116,700.7607734731389,0.0
273,7,568.9531616285647,449.95316162856466,0.0
273,2,579.3463388286028,348.6536611713971,0.3000000000000001
273,10,219.5,293.4064848887072,0.24000000000000007
273,9,464.9854091796876,854.0145908203124,0.0
273,8,499.0356617113801,704.03566171138,0.0
273,3,572.8430179450589,459.15698205494107,0.0
273,1,271.3605468704201,638.3605468704201,0.0
274,5,520.8522784294446,536.5,0.0
274,4,586.3026373528297,437.6973626471702,0.0
274,6,496.7153676277407,701.7153676277408,0.0
274,7,569.0922442168335,450.9077557831665,0.0
274,2,578.727705212834,349.727705212834,0.3000000000000001
274,10,219.22421760770578,294.7757823922942,0.24000000000000007
274,9,466.12225868284156,853.5,0.0
274,8,499.50000000000006,705.1933264947046,0.0
274,3,572.5,460.3648993699603,0.0
274,1,270.4059527158182,637.4059527158182,0.0
275,5,519.7945043117242,537.2054956882758,0.0
275,4,585.2851006300391,438.5,0.0
275,6,497.66996178234257,702.6699617823426,0.0
275,7,568.8623499377684,451.8623499377684,0.0
275,2,579.1982507457291,350.8017492542709,0.3000000000000001
275,10,218.04066805218795,295.5,0.24000000000000007
275,9,467.18749070770474,854.1874907077048,0.0
275,8,500.2377432393972,706.2377432393972,0.0
275,3,573.3590635829582,461.3590635829582,0.0
275,1,269.43121061757887,636.5,0.0
276,5,518.8399101571223,536.8399101571223,0.0
276,4,584.1005558248127,438.10055582481266,0.0
276,6,498.62455593694443,703.6245559369445,0.0
276,7,569.8169440923702,452.81694409237025,0.0
276,2,578.8757932957078,351.87579329570775,0.3000000000000001
276,10,216.83329570325373,296.1667042967463,0.24000000000000007
276,9,468.1420848623066,853.8579151376933,0.0
276,8,500.49999999999994,707.4791129323315,0.0
276,3,574.3136577375601,462.31365773756005,0.0
276,1,268.2038711878011,636.203871187801,0.0
277,5,517.8853160025204,537.1146839974796,0.0
277,4,582.9993141924123,437.5,0.0
277,6,499.50000000000006,704.6119351329278,0.0
277,7,570.7715382469721,453.7715382469721,0.0
277,2,579.9498373371447,352.94983733714463,0.3000000000000001
277,10,215.78428136043442,295.7842813604344,0.24000000000000007
277,9,469.3438315580954,853.5,0.0
277,8,500.7327179862278,708.7327179862278,0.0
277,3,575.268251892162,463.2682518921619,0.0
277,1,267.5,635.145424179952,0.0
278,5,516.9307218479186,538.0692781520814,0.0
278,4,581.8984742967956,438.10152570320446,0.0
278,6,499.8266374649616,705.8266374649615,0.0
278,7,571.726132401574,454.726132401574,0.0
278,2,581.0238813785816,354.0238813785815,0.3000000000000001
278,10,214.73526701761512,296.2647329823849,0.24000000000000007
278,9,470.3441663903238,852.6558336096763,0.0
278,8,501.68731214082965,709.6873121408297,0.0
278,3,574.7771539532362,464.2228460467638,0.0
278,1,267.998210340216,634.001789659784,0.0
279,5,515.9761276933167,537.9761276933167,0.0
279,4,580.7135277547853,438.5,0.0
279,6,500.49999999999994,706.8977215705547,0.0
279,7,572.5,455.7555859468248,0.0
279,2,581.5,355.34559423827767,0.3000000000000001
279,10,213.6862526747958,297.3137473252042,0.24000000000000007
279,9,470.5916537637391,851.408346236261,0.0
279,8,502.5,710.7006858075854,0.0
279,3,575.1774402013657,465.17744020136564,0.0
279,1,268.0471955051821,633.0471955051821,0.0
280,5,514.8233462413099,537.5,0.0
280,4,579.6963927687784,439.3036072312216,0.0
280,6,500.49999999999994,708.2477215705547,0.0
280,7,572.928213929591,456.9282139295911,0.0
280,2,581.7577558990822,356.75775589908216,0.3000000000000001
280,10,212.27987074798554,297.5,0.24000000000000007
280,9,471.5462479183409,850.4537520816591,0.0
280,8,502.1106063311532,711.8893936688468,0.0
280,3,575.5,466.393831558095,0.0
280,1,267.09260135058025,632.0926013505803,0.0
281,5,513.7740461652995,538.2259538347005,0.0
281,4,578.4489053953631,439.5510946046369,0.0
281,6,501.276206366394,709.276206366394,0.0
281,7,573.5,458.0413723844517,0.0
281,2,582.1682000594809,357.83179994051903,0.3000000000000001
281,10,210.79634043724656,297.5,0.24000000000000007
281,9,472.50084207294276,849.4991579270572,0.0
281,8,501.84398782344863,712.8439878234486,0.0
281,3,575.6724149481962,467.67241494819626,0.0
281,1,266.1380071959784,631.1380071959784,0.0
282,5,512.8194520106977,539.1805479893023,0.0
282,4,577.4943112407612,440.50568875923875,0.0
282,6,502.23080052099584,710.2308005209959,0.0
282,7,572.8697045423918,459.1302954576082,0.0
282,2,581.905843981956,358.9058439819559,0.3000000000000001
282,10,209.66052998989753,296.6605299898975,0.24000000000000007
282,9,473.4554362275446,848.5445637724554,0.0
282,8,502.5,713.9222586828391,0.0
282,3,576.5,468.67961799572186,0.0
282,1,265.8165869586235,630.1834130413765,0.0
283,5,511.60177336605597,539.5,0.0
283,4,576.5397170861594,441.4602829138406,0.0
283,6,502.5,711.4692944458086,0.0
283,7,572.5,460.3271588220786,0.0
283,2,582.5,360.1786641511025,0.3000000000000001
283,10,208.6115156470782,297.3884843529218,0.24000000000000007
283,9,474.70292360095993,848.2970763990401,0.0
283,8,502.5,715.2722586828392,0.0
283,3,576.1255035237866,469.8744964762134,0.0
283,1,266.22881888677466,629.2288188867747,0.0
284,5,510.61737048268054,538.6173704826805,0.0
284,4,575.2922297127441,441.2922297127441,0.0
284,6,501.567117950987,712.432882049013,0.0
284,7,573.3323769856254,461.33237698562533,0.0
284,2,583.346825283643,361.3468252836431,0.3000000000000001
284,10,207.5625013042589,298.4374986957411,0.24000000000000007
284,9,475.6575177555618,847.6575177555618,0.0
284,8,503.29355672488106,716.293556724881,0.0
284,3,575.0345955666512,470.5,0.0
284,1,265.5,628.1807055541904,0.0
285,5,509.6627763280787,539.3372236719213,0.0
285,4,574.3376355581422,440.6623644418578,0.0
285,6,502.3874762036148,713.3874762036148,0.0
285,7,574.2869711402273,462.2869711402272,0.0
285,2,583.7137625438934,362.7137625438934,0.3000000000000001
285,10,206.51348696143958,299.4865130385604,0.24000000000000007
285,9,476.6121119101636,848.6121119101637,0.0
285,8,503.50000000000006,717.558045120466,0.0
285,3,573.9234219957694,471.0765780042305,0.0
285,1,265.0267373587575,627.0267373587575,0.0
286,5,508.70818217347687,540.2918178265231,0.0
286,4,573.3830414035403,441.61695859645965,0.0
286,6,502.5,714.6908673210623,0.0
286,7,575.2415652948291,463.24156529482906,0.0
286,2,584.7878065853303,363.78780658533026,0.3000000000000001
286,10,205.46447261862028,298.5355273813797,0.24000000000000007
286,9,477.56670606476547,849.4332939352345,0.0
286,8,503.7885314717116,718.7885314717116,0.0
286,3,573.5,472.25119087097573,0.0
286,1,264.5,625.8949191165634,0.0
287,5,507.75358801887506,541.246411981125,0.0
287,4,572.5,442.60119087097627,0.0
287,6,502.8824509504454,715.8824509504453,0.0
287,7,574.803840550569,464.1961594494309,0.0
287,2,585.5,365.0117340639273,0.3000000000000001
287,10,204.38043994705131,299.5,0.24000000000000007
287,9,478.5301230591108,848.5,0.0
287,8,504.74312562631343,719.7431256263135,0.0
287,3,572.7213404677524,473.2786595322477,0.0
287,1,264.5,624.5449191165634,0.0
288,5,506.7989938642732,542.2010061357269,0.0
288,4,572.1809598755232,443.81904012447677,0.0
288,6,503.50000000000006,716.9766537586892,0.0
288,7,575.1507536040328,465.1507536040328,0.0
288,2,586.2287878870175,366.22878788701746,0.3000000000000001
288,10,203.0735507141682,299.9264492858318,0.24000000000000007
288,9,479.76878759278264,848.2312124072174,0.0
288,8,505.6977197809153,720.6977197809153,0.0
288,3,571.4738530943371,473.5261469056629,0.0
288,1,263.57716845732506,623.577168457325,0.0
289,5,505.84439970967134,543.1556002903287,0.0
289,4,571.2263657209213,444.77363427907864,0.0
289,6,503.50000000000006,718.3266537586892,0.0
289,7,575.5,466.3560910102133,0.0
289,2,587.3028319284543,367.30283192845434,0.3000000000000001
289,10,202.0245363713489,300.9754636286511,0.24000000000000007
289,9,480.72338174738445,847.2766182526155,0.0
289,8,506.65231393551716,721.6523139355172,0.0
289,3,570.5192589397352,474.4807410602648,0.0
289,1,262.6225743027232,622.6225743027231,0.0
290,5,504.8898055550695,542.8898055550695,0.0
290,4,570.1772362537698,445.5,0.0
290,6,504.33201985187776,719.3320198518778,0.0
290,7,575.6457283508634,467.6457283508634,0.0
290,2,587.3302308112953,368.66976918870466,0.3000000000000001
290,10,200.97552202852958,302.0244779714704,0.24000000000000007
290,9,481.67797590198626,846.3220240980137,0.0
290,8,507.5,722.6511908709738,0.0
290,3,570.2717715663199,475.7282284336801,0.0
290,1,261.66798014812133,621.6679801481213,0.0
291,5,503.93521140046767,543.0647885995323,0.0
291,4,569.0242841929041,445.9757158070958,0.0
291,6,505.2866140064796,720.2866140064797,0.0
291,7,576.5,468.64187744784016,0.0
291,2,586.7438132301415,369.74381323014154,0.3000000000000001
291,10,199.68895939121475,302.5,0.24000000000000007
291,9,482.6874823719915,845.5,0.0
291,8,507.14560453646567,723.8543954635344,0.0
291,3,569.682822588282,476.68282258828197,0.0
291,1,261.5,620.3875598036826,0.0
292,5,502.98061724586586,544.0193827541342,0.0
292,4,568.0696900383023,446.9303099616977,0.0
292,6,506.2412081610815,721.2412081610815,0.0
292,7,576.1521901211195,469.8478098788805,0.0
292,2,587.5,370.94951806436507,0.3000000000000001
292,10,198.58460012407753,301.5846001240775,0.24000000000000007
292,9,484.03748237199153,845.5,0.0
292,8,506.8089896181362,724.8089896181363,0.0
292,3,570.5,477.6943366214834,0.0
292,1,261.17300540129077,619.1730054012908,0.0
293,5,501.82969542741387,544.5,0.0
293,4,567.5,448.04433662148404,0.0
293,6,507.19580231568335,722.1958023156834,0.0
293,7,575.072336114533,470.5,0.0
293,2,588.1847945318287,372.1847945318287,0.3000000000000001
293,10,197.5355857812582,300.5355857812582,0.24000000000000007
293,9,485.1275448034187,844.8724551965813,0.0
293,8,507.23641622726194,725.7635837727381,0.0
293,3,570.884904116299,478.8849041162991,0.0
293,1,260.5,618.1017733660558,0.0
294,5,500.7785357178487,545.2214642821513,0.0
294,4,568.1323914897148,449.13239148971485,0.0
294,6,507.5,723.419799509197,0.0
294,7,573.9501085931024,471.04989140689764,0.0
294,2,588.5517317920791,373.551731792079,0.3000000000000001
294,10,196.5,299.4810091461171,0.24000000000000007
294,9,486.32326880961836,844.5,0.0
294,8,506.7181779273399,726.71817792734,0.0
294,3,571.5,479.98012305911027,0.0
294,1,259.97092387327365,616.9709238732737,0.0
295,5,499.8239415632469,544.8239415632469,0.0
295,4,569.0869856443167,450.08698564431666,0.0
295,6,506.6021161562995,724.3978838437006,0.0
295,7,573.5,472.2134503230939,0.0
295,2,589.625775833516,374.6257758335159,0.3000000000000001
295,10,196.14466387680613,298.14466387680613,0.24000000000000007
295,9,487.3296263314358,843.6703736685641,0.0
295,8,507.7443366214815,727.5,0.0
295,3,572.0869856443162,481.0869856443162,0.0
295,1,259.5,615.8159869284289,0.0
296,5,498.86934740864507,543.869347408645,0.0
296,4,568.9584202010815,451.0415797989185,0.0
296,6,507.3524779983024,725.3524779983024,0.0
296,7,572.7480270650852,473.25197293491476,0.0
296,2,590.5,375.7825879771899,0.3000000000000001
296,10,195.09564953398683,297.09564953398683,0.24000000000000007
296,9,488.28422048603767,842.7157795139623,0.0
296,8,509.09433662148155,727.5,0.0
296,3,573.0415797989181,482.04157979891806,0.0
296,1,259.4759491264431,614.4759491264431,0.0
297,5,497.67233611453315,543.5,0.0
297,4,568.9961739535204,451.9961739535204,0.0
297,6,506.69292784709575,726.3070721529043,0.0
297,7,571.5007632392792,473.5,0.0
297,2,590.5,377.30151562717595,0.3000000000000001
297,10,194.04663519116752,296.0466351911675,0.24000000000000007
297,9,489.23881464063953,841.7611853593605,0.0
297,8,510.1677468287724,728.1677468287725,0.0
297,3,573.9961739535199,482.99617395351993,0.0
297,1,258.5213549718412,613.5213549718412,0.0
298,5,496.6672658806279,544.3327341193722,0.0
298,4,569.9507681081222,452.95076810812225,0.0
298,6,507.2616663075061,727.2616663075062,0.0
298,7,570.5459455370682,474.4540544629319,0.0
298,2,591.4336943954535,378.4336943954534,0.3000000000000001
298,10,193.5,294.78952859028055,0.24000000000000007
298,9,490.19340879524134,840.8065912047587,0.0
298,8,509.8776590166257,729.1223409833742,0.0
298,3,574.0492318918782,483.9507681081218,0.0
298,1,259.43323918276064,612.5667608172394,0.0
299,5,495.4197785072126,544.5802214927874,0.0
299,4,570.9053622627241,453.9053622627241,0.0
299,6,508.51294525970474,727.5,0.0
299,7,570.2984581636529,475.70154183634713,0.0
299,2,592.8006316557038,378.80063165570374,0.3000000000000001
299,10,192.65571328671544,293.65571328671547,0.24000000000000007
299,9,491.14800294984315,841.1480029498432,0.0
299,8,509.49999999999994,730.3159094967353,0.0
299,3,573.0946377372763,484.90536226272366,0.0
299,1,260.3878333373625,611.6121666626375,0.0
300,5,494.45076323927935,545.5,0.0
300,4,571.859956417326,454.859956417326,0.0
300,6,509.75664105433674,727.7566410543368,0.0
300,7,569.656135990949,476.656135990949,0.0
300,2,593.8746756971407,379.8746756971406,0.3000000000000001
300,10,193.39330105610387,292.60669894389616,0.24000000000000007
300,9,492.3522009977529,841.5,0.0
300,8,510.32442251139133,731.3244225113914,0.0
300,3,572.8599564173255,485.8599564173255,0.0
300,1,259.6575725080356,610.6575725080356,0.0
301,5,493.21769697919547,545.7823030208045,0.0
301,4,572.5,455.94484168487253,0.0
301,6,510.2887647910614,728.7112352089385,0.0
301,7,570.5,477.6565960736015,0.0
301,2,594.0512802614224,380.9487197385775,0.3000000000000001
301,10,192.55768460107683,291.55768460107686,0.24000000000000007
301,9,493.3500844778603,840.6499155221397,0.0
301,8,510.42809011519336,732.5719098848067,0.0
301,3,573.8145505719274,486.8145505719274,0.0
301,1,258.70297835343376,609.7029783534338,0.0
302,5,492.2631028245936,546.7368971754064,0.0
302,4,573.0620379453431,457.0620379453431,0.0
302,6,509.49999999999994,729.7345181349585,0.0
302,7,570.8582175189661,478.8582175189661,0.0
302,2,593.5,382.2392996276138,0.3000000000000001
302,10,191.50867025825752,290.50867025825755,0.24000000000000007
302,9,494.3046786324621,839.6953213675379,0.0
302,8,509.52650403940845,733.5265040394085,0.0
302,3,574.5,487.8806281224988,0.0
302,1,257.7483841988319,608.7483841988319,0.0
303,5,491.30850866999174,547.6914913300083,0.0
303,4,573.5,458.23062812249947,0.0
303,6,509.91331673695566,730.9133167369557,0.0
303,7,571.5,479.9423825112284,0.0
303,2,594.3897010402648,383.3897010402647,0.3000000000000001
303,10,190.5,289.4429448484512,0.24000000000000007
303,9,495.55216600587744,839.4478339941226,0.0
303,8,510.4810981940103,734.4810981940103,0.0
303,3,575.0166320999446,489.0166320999445,0.0
303,1,256.79379004423004,607.79379004423,0.0
304,5,490.3539145153899,548.3539145153899,0.0
304,4,572.7358805266398,459.26411947336027,0.0
304,6,510.5,732.0203045725855,0.0
304,7,572.0602990469832,481.06029904698323,0.0
304,2,595.4637450817016,384.4637450817016,0.3000000000000001
304,10,190.5,287.95941453771223,0.24000000000000007
304,9,496.5067601604793,838.4932398395207,0.0
304,8,511.4356923486122,735.4356923486122,0.0
304,3,575.9712262545464,489.97122625454637,0.0
304,1,255.8391958896282,606.8391958896282,0.0
305,5,489.39932036078807,547.600679639212,0.0
305,4,572.5116068467755,460.5116068467755,0.0
305,6,509.88460173502716,733.1153982649728,0.0
305,7,573.0148932015851,482.0148932015851,0.0
305,2,596.5377891231385,385.53778912313845,0.3000000000000001
305,10,189.7758407921727,286.7758407921727,0.24000000000000007
305,9,497.46135431508117,837.5386456849188,0.0
305,8,512.390286503214,736.390286503214,0.0
305,3,576.0741795908517,490.92582040914823,0.0
305,1,256.11539826497363,605.8846017350263,0.0
306,5,488.4218310511447,548.5,0.0
306,4,573.4662010013774,461.4662010013774,0.0
306,6,510.0699924195746,734.0699924195746,0.0
306,7,573.969487356187,482.96948735618696,0.0
306,2,597.3881668354246,386.61183316457533,0.3000000000000001
306,10,188.72682644935338,285.7268264493534,0.24000000000000007
306,9,498.41594846968303,836.584051530317,0.0
306,8,513.6377738766294,736.6377738766294,0.0
306,3,575.8804145637502,491.8804145637501,0.0
306,1,255.9300075804245,604.9300075804244,0.0
307,5,487.1972388327709,548.802761167229,0.0
307,4,574.4207951559792,462.42079515597925,0.0
307,6,511.02458657417645,735.0245865741765,0.0
307,7,574.0759184892112,483.9240815107888,0.0
307,2,596.6858772060123,387.6858772060122,0.3000000000000001
307,10,188.38491888772063,284.38491888772063,0.24000000000000007
307,9,499.3705426242849,835.6294573757151,0.0
307,8,514.5,737.6306281224969,0.0
307,3,576.835008718352,492.83500871835196,0.0
307,1,254.97541342582264,603.9754134258227,0.0
308,5,486.1360446135178,549.5,0.0
308,4,575.3753893105811,463.3753893105811,0.0
308,6,511.9791807287783,735.9791807287784,0.0
308,7,573.1213243346093,484.8786756653907,0.0
308,2,597.7599212474491,388.7599212474491,0.3000000000000001
308,10,187.66409545509867,283.3359045449013,0.24000000000000007
308,9,500.6180299977002,835.6180299977002,0.0
308,8,514.1601445953535,738.8398554046465,0.0
308,3,577.5,493.9095603106335,0.0
308,1,254.02081927122083,603.0208192712208,0.0
309,5,484.9951573047538,550.0048426952462,0.0
309,4,574.670016534817,464.329983465183,0.0
309,6,513.113450323093,736.5,0.0
309,7,572.8332698199926,485.83326981999255,0.0
309,2,598.166034711114,389.83396528888596,0.3000000000000001
309,10,188.28689020208202,282.286890202082,0.24000000000000007
309,9,501.57262415230207,836.4273758476979,0.0
309,8,513.5,739.9164145601238,0.0
309,3,578.0370902463691,495.0370902463691,0.0
309,1,253.933774883381,602.066225116619,0.0
310,5,484.04056315015197,550.9594368498481,0.0
310,4,575.2845776197848,465.28457761978484,0.0
310,6,514.1812622567954,737.1812622567954,0.0
310,7,573.5,486.90710113699004,0.0
310,2,597.5,391.07701232851736,0.3000000000000001
310,10,187.5,281.1293004851439,0.24000000000000007
310,9,502.52721830690393,835.4727816930961,0.0
310,8,512.9580630673363,741.0419369326637,0.0
310,3,578.5,496.19534674826036,0.0
310,1,254.49999999999997,600.9507632392788,0.0
311,5,483.0859689955501,551.91403100445,0.0
311,4,575.5,466.545346748261,0.0
311,6,514.5,738.3992367607199,0.0
311,7,574.0353513480097,488.0353513480097,0.0
311,2,598.2749465905732,392.27494659057317,0.3000000000000001
311,10,187.5,279.64577017440496,0.24000000000000007
311,9,503.4818124615058,834.5181875384942,0.0
311,8,512.0034689127344,741.9965310872656,0.0
311,3,578.5320649931996,497.5320649931997,0.0
311,1,253.8641435886018,599.8641435886018,0.0
312,5,482.13137484094824,552.8686251590517,0.0
312,4,575.7795523666155,467.7795523666154,0.0
312,6,513.6166562151875,739.3833437848125,0.0
312,7,574.9899455026116,488.9899455026116,0.0
312,2,599.3489906320101,393.34899063201004,0.3000000000000001
312,10,186.55406073599718,278.55406073599715,0.24000000000000007
312,9,504.7292998349211,834.2707001650789,0.0
312,8,511.04887475813257,742.0488747581326,0.0
312,3,579.4866591478014,498.4866591478015,0.0
312,1,252.90954943399996,598.9095494339999,0.0
313,5,481.0428988630102,553.5,0.0
313,4,576.5,468.83113318588795,0.0
313,6,513.3691688417722,740.6308311582278,0.0
313,7,575.9445396572135,489.94453965721345,0.0
313,2,598.576965326553,394.4230346734469,0.3000000000000001
313,10,185.2121531743644,278.2121531743644,0.24000000000000007
313,9,505.76006537402225,833.5,0.0
313,8,510.0942806035307,741.9057193964693,0.0
313,3,580.4412533024033,499.44125330240337,0.0
313,1,251.95495527939812,597.9549552793981,0.0
314,5,479.69289886301016,553.5,0.0
314,4,576.0183661053675,469.9816338946326,0.0
314,6,512.4145746871703,741.5854253128297,0.0
314,7,576.1008661881847,490.89913381181526,0.0
314,2,599.4970787148839,395.4970787148838,0.3000000000000001
314,10,184.5,277.02360636693425,0.24000000000000007
314,9,506.9313813629382,833.0686186370617,0.0
314,8,509.13968644892884,742.8603135510712,0.0
314,3,580.6887406758186,500.6887406758186,0.0
314,1,251.50000000000003,596.793403926398,0.0
315,5,478.6818059395158,554.3181940604842,0.0
315,4,574.8830803764852,470.5,0.0
315,6,511.45998053256847,742.4599805325685,0.0
315,7,575.8537279664172,491.8537279664171,0.0
315,2,599.8640159751342,396.8640159751341,0.3000000000000001
315,10,185.17876873008765,275.82123126991235,0.24000000000000007
315,9,508.0458518116492,832.5,0.0
315,8,508.05465325174146,743.5,0.0
315,3,581.702706061141,501.50000000000006,0.0
315,1,251.45998053256753,595.4599805325676,0.0
316,5,477.72721178491395,553.727211784914,0.0
316,4,573.8162845773503,471.1837154226497,0.0
316,6,510.5053863779666,741.5053863779666,0.0
316,7,576.808322121019,492.808322121019,0.0
316,2,600.9380600165711,397.938060016571,0.3000000000000001
316,10,184.77221692709304,274.77221692709304,0.24000000000000007
316,9,509.1334628909554,831.8665371090447,0.0
316,8,506.9376049209117,744.0623950790883,0.0
316,3,582.8908222038358,501.8908222038358,0.0
316,1,250.5053863779657,594.5053863779657,0.0
317,5,476.7726176303121,554.2273823696879,0.0
317,4,573.5,472.40270606114177,0.0
317,6,509.55079222336474,742.4492077766353,0.0
317,7,577.5,493.8718197627516,0.0
317,2,600.9878959419921,399.0121040580079,0.3000000000000001
317,10,183.72320258427374,273.72320258427374,0.24000000000000007
317,9,510.0880570455572,830.9119429544428,0.0
317,8,505.98301076630986,743.9830107663098,0.0
317,3,583.5,502.98849249876804,0.0
317,1,251.44920777663617,593.5507922233638,0.0
318,5,475.8180234757103,555.1819765242898,0.0
318,4,572.6142030493331,473.3857969506668,0.0
318,6,508.59619806876293,743.4038019312371,0.0
318,7,578.0104036490361,495.0104036490361,0.0
318,2,601.0861480994448,400.08614809944476,0.3000000000000001
318,10,182.67418824145443,272.67418824145443,0.24000000000000007
318,9,511.267424686903,830.5,0.0
318,8,505.028416611708,743.971583388292,0.0
318,3,582.907096268147,504.0929037318529,0.0
318,1,250.59619806876202,592.596198068762,0.0
319,5,474.8634293211084,556.1365706788916,0.0
319,4,571.3667156759178,473.6332843240821,0.0
319,6,507.3487106953476,743.6512893046523,0.0
319,7,578.5,496.1576062003785,0.0
319,2,601.5,401.433652679407,0.3000000000000001
319,10,182.5,271.2628090627318,0.24000000000000007
319,9,512.5830317923878,830.4169682076122,0.0
319,8,503.8972939388607,744.5,0.0
319,3,582.5,505.2742789363949,0.0
319,1,249.64160391416016,591.6416039141601,0.0
320,5,473.90883516650655,555.9088351665065,0.0
320,4,570.5,474.6242789363956,0.0
320,6,506.3941165407458,744.3941165407458,0.0
320,7,578.5053783958666,497.5053783958667,0.0
320,2,601.8200226199455,402.8200226199454,0.3000000000000001
320,10,181.99037311818887,269.99037311818887,0.24000000000000007
320,9,513.5376259469897,829.4623740530103,0.0
320,8,502.8263350836909,745.1736649163091,0.0
320,3,581.70501474013,506.29498525987003,0.0
320,1,248.6870097595583,590.6870097595582,0.0
321,5,472.9542410119047,556.0457589880954,0.0
321,4,570.1646341479008,475.8353658520993,0.0
321,6,505.43952238614395,743.560477613856,0.0
321,7,579.4599725504685,498.45997255046854,0.0
321,2,602.5,404.05729441700595,0.3000000000000001
321,10,181.5,268.7099620036269,0.24000000000000007
321,9,514.4922201015916,828.5077798984084,0.0
321,8,501.871740929089,746.128259070911,0.0
321,3,580.7504205855281,507.24957941447184,0.0
321,1,249.2675843950436,589.7324156049565,0.0
322,5,471.9996468573028,557.0003531426971,0.0
322,4,569.7899600067011,476.7899600067011,0.0
322,6,504.4786853006379,744.5,0.0
322,7,580.4145667050703,499.4145667050704,0.0
322,2,603.2610039216327,405.2610039216326,0.3000000000000001
322,10,180.59945121373678,267.5994512137368,0.24000000000000007
322,9,515.4468142561934,827.5531857438066,0.0
322,8,500.6757210636069,746.5,0.0
322,3,579.7958264309264,508.2041735690737,0.0
322,1,250.2221785496454,588.7778214503546,0.0
323,5,470.85660736199475,557.5,0.0
323,4,570.5,477.8458518116494,0.0
323,6,503.23744085812683,744.7625591418732,0.0
323,7,580.6620540784857,500.66205407848565,0.0
323,2,604.3350479630695,406.3350479630695,0.3000000000000001
323,10,181.44956312908252,266.5504368709175,0.24000000000000007
323,9,516.7747839997838,827.5,0.0
323,8,499.37676618225845,746.6232338177416,0.0
323,3,578.5683617507245,508.50000000000006,0.0
323,1,249.8232272957528,587.8232272957528,0.0
324,5,469.7975653292857,558.2024346707143,0.0
324,4,570.9920415347183,478.9920415347182,0.0
324,6,502.28284670352497,745.7171532964751,0.0
324,7,581.6649655132592,501.50000000000006,0.0
324,2,605.4090920045064,407.40909200450636,0.3000000000000001
324,10,180.50142252809817,265.5014225280982,0.24000000000000007
324,9,517.941789003024,827.058210996976,0.0
324,8,498.38993462597995,747.5,0.0
324,3,577.5937449029093,509.40625509709076,0.0
324,1,249.50000000000003,586.6071124253828,0.0
325,5,468.84297117468384,559.1570288253162,0.0
325,4,571.5,480.1316382492763,0.0
325,6,501.25711242538404,746.5,0.0
325,7,582.8641356065028,501.8641356065028,0.0
325,2,604.5168639540567,408.48313604594324,0.3000000000000001
325,10,179.45240818527887,264.4524081852789,0.24000000000000007
325,9,518.8963831576259,826.1036168423741,0.0
325,8,497.1746846542413,747.8253153457587,0.0
325,3,576.346257529494,509.346257529494,0.0
325,1,248.62114576773567,585.6211457677357,0.0
326,5,467.888377020082,558.888377020082,0.0
326,4,572.1941230627353,481.19412306273534,0.0
326,6,499.907112425384,746.5,0.0
326,7,583.5,502.9507519508862,0.0
326,2,604.8500733061936,409.85007330619356,0.3000000000000001
326,10,178.59660615754044,263.4033938424596,0.24000000000000007
326,9,519.9963568750377,825.5,0.0
326,8,496.22009049963947,748.7799095003605,0.0
326,3,575.3467888754707,508.50000000000006,0.0
326,1,248.5,584.3213259877559,0.0
327,5,466.9337828654801,559.0662171345199,0.0
327,4,573.1487172173372,482.1487172173372,0.0
327,6,498.8332778020925,747.1667221979076,0.0
327,7,582.93378286548,504.06621713451995,0.0
327,2,605.9241173476305,410.92411734763044,0.3000000000000001
327,10,179.35437949964026,262.3543794996403,0.24000000000000007
327,9,521.098464685643,826.098464685643,0.0
327,8,495.2654963450376,749.2654963450376,0.0
327,3,573.9967888754707,508.50000000000006,0.0
327,1,248.1261710209051,583.1261710209051,0.0
328,5,465.763461611487,559.5,0.0
328,4,574.1033113719391,483.10331137193907,0.0
328,6,497.621325987757,747.5,0.0
328,7,582.5,505.23653838851305,0.0
328,2,606.9981613890674,411.9981613890673,0.3000000000000001
328,10,178.69463484317905,261.305365156821,0.24000000000000007
328,9,522.0530588402448,825.9469411597552,0.0
328,8,494.23257531309923,748.5,0.0
328,3,572.8966886280615,509.10331137193856,0.0
328,1,247.035539550129,582.5,0.0
329,5,464.73170133746294,560.2682986625371,0.0
329,4,573.9420944734591,484.05790552654094,0.0
329,6,496.6311962740753,748.3688037259247,0.0
329,7,581.7317013374629,506.26829866253706,0.0
329,2,606.9277945694957,413.0722054305042,0.3000000000000001
329,10,179.5,260.1554280167,0.24000000000000007
329,9,523.2179297502914,825.5,0.0
329,8,493.0634148170205,748.0634148170204,0.0
329,3,572.5,510.2889975621563,0.0
329,1,245.92408949288796,581.924089492888,0.0
330,5,463.7771071828611,561.2228928171389,0.0
330,4,572.9875003188572,485.0124996811428,0.0
330,6,495.67660211947344,749.3233978805265,0.0
330,7,580.7771071828611,507.22289281713887,0.0
330,2,607.1462494719411,414.1462494719411,0.3000000000000001
330,10,178.9144432523689,258.9144432523689,0.24000000000000007
330,9,524.2551403682619,824.7448596317381,0.0
330,8,492.1088206624186,747.8911793375814,0.0
330,3,571.6946071000443,511.3053928999556,0.0
330,1,244.96949533828615,580.9694953382862,0.0
331,5,462.8225130282592,560.8225130282592,0.0
331,4,572.9670938357447,485.96709383574466,0.0
331,6,494.72200796487164,748.7220079648716,0.0
331,7,579.8225130282593,508.17748697174073,0.0
331,2,608.220293513378,415.22029351337795,0.3000000000000001
331,10,177.8654289095496,257.8654289095496,0.24000000000000007
331,9,525.2097345228638,823.7902654771362,0.0
331,8,491.15422650781676,748.8457734921832,0.0
331,3,570.447119726629,511.55288027337093,0.0
331,1,244.50000000000003,579.8139666748752,0.0
332,5,461.8679188736574,561.1320811263427,0.0
332,4,573.5,487.0963568750379,0.0
332,6,493.4745205914564,748.4745205914563,0.0
332,7,578.6061022986064,508.50000000000006,0.0
332,2,609.2943375548149,416.29433755481483,0.3000000000000001
332,10,177.5,256.5332642092293,0.24000000000000007
332,9,526.1643286774656,822.8356713225344,0.0
332,8,490.49999999999994,749.9247839997814,0.0
332,3,569.4925255720271,512.5074744279729,0.0
332,1,244.47452059145562,578.4745205914556,0.0
333,5,460.6703158609793,561.5,0.0
333,4,574.1691753637618,488.1691753637618,0.0
333,6,492.5199264368545,747.5199264368545,0.0
333,7,577.6204315002421,509.3795684997578,0.0
333,2,609.6612748150652,417.66127481506516,0.3000000000000001
333,10,177.18161378628406,255.18161378628406,0.24000000000000007
333,9,527.1189228320675,823.1189228320675,0.0
333,8,489.9521449797997,751.0478550202004,0.0
333,3,568.5379314174253,513.4620685825747,0.0
333,1,243.51992643685378,577.5199264368538,0.0
334,5,459.3729441268268,561.3729441268268,0.0
334,4,575.1237695183637,489.12376951836364,0.0
334,6,491.56533228225265,748.4346677177474,0.0
334,7,576.3729441268268,509.3729441268269,0.0
334,2,610.5,418.8327911183473,0.3000000000000001
334,10,176.5,253.98041715012442,0.24000000000000007
334,9,528.0735169866693,822.9264830133307,0.0
334,8,488.78942956259164,751.5,0.0
334,3,567.5833372628234,514.4166627371766,0.0
334,1,242.56533228225192,576.5653322822519,0.0
335,5,458.38452942335243,560.5,0.0
335,4,576.0783636729656,490.0783636729655,0.0
335,6,490.61073812765073,749.3892618723492,0.0
335,7,575.3845294233524,508.50000000000006,0.0
335,2,609.8977438832477,420.10225611675236,0.3000000000000001
335,10,175.79069188183198,252.79069188183198,0.24000000000000007
335,9,529.246861938426,822.5,0.0
335,8,487.7500634517826,752.2499365482174,0.0
335,3,566.6287431082216,513.6287431082216,0.0
335,1,242.49999999999997,575.2423937996215,0.0
336,5,457.17086259880966,560.8291374011902,0.0
336,4,575.9670421724326,491.0329578275674,0.0
336,6,490.3632507542355,750.6367492457645,0.0
336,7,574.0345294233524,508.50000000000006,0.0
336,2,610.1763001581892,421.1763001581892,0.3000000000000001
336,10,174.74167753901267,251.74167753901267,0.24000000000000007
336,9,530.2755985146865,821.7244014853135,0.0
336,8,486.7954692971807,751.7954692971807,0.0
336,3,565.6741489536197,514.3258510463803,0.0
336,1,242.07035753542132,574.0703575354214,0.0
337,5,456.21626844420786,561.7837315557921,0.0
337,4,575.9875519821693,491.98755198216924,0.0
337,6,489.3708209243687,751.5,0.0
337,7,572.9233752253944,509.07662477460565,0.0
337,2,610.4567625815605,422.5432374184395,0.3000000000000001
337,10,173.69266319619334,250.69266319619337,0.24000000000000007
337,9,531.2301926692884,820.7698073307116,0.0
337,8,485.84087514257885,752.1591248574211,0.0
337,3,564.4266615802044,514.5733384197956,0.0
337,1,241.88423661918046,573.1157633808195,0.0
338,5,455.26167428960605,562.261674289606,0.0
338,4,576.9421461367712,492.9421461367711,0.0
338,6,488.16116922621836,751.8388307737816,0.0
338,7,572.5,510.25125701427453,0.0
338,2,609.3827185401236,423.6172814598764,0.3000000000000001
338,10,173.35075563456058,249.3507556345606,0.24000000000000007
338,9,531.5,819.53156518632,0.0
338,8,484.88628098797705,753.113719012023,0.0
338,3,563.4720674256025,515.5279325743975,0.0
338,1,242.16116922621768,572.1611692262177,0.0
339,5,454.3070801350042,561.6929198649958,0.0
339,4,577.5,494.06107550079946,0.0
339,6,487.2065750716165,752.2065750716165,0.0
339,7,571.7212936973773,511.27870630262277,0.0
339,2,608.3086744986867,424.69132550131326,0.3000000000000001
339,10,172.30174129174128,248.3017412917413,0.24000000000000007
339,9,532.4322741973056,818.5677258026944,0.0
339,8,483.9316868333752,752.9316868333751,0.0
339,3,562.5174732710007,516.4825267289993,0.0
339,1,241.5,571.0850344867408,0.0
340,5,453.5,562.7086163271551,0.0
340,4,578.1442276647882,495.1442276647882,0.0
340,6,486.25198091701463,751.7480190829854,0.0
340,7,570.473806323962,511.526193676038,0.0
340,2,607.2346304572499,425.76536954275014,0.3000000000000001
340,10,171.747273051078,247.25272694892197,0.24000000000000007
340,9,533.754221251307,818.5,0.0
340,8,482.9770926787733,753.0229073212267,0.0
340,3,561.2699858975853,516.7300141024147,0.0
340,1,240.9590876982006,569.9590876982006,0.0
341,5,453.10499860698707,563.8950013930129,0.0
341,4,578.5,496.34686193842634,0.0
341,6,485.29738676241277,752.7026132375872,0.0
341,7,569.5192121693601,512.4807878306399,0.0
341,2,606.160586415813,426.839413584187,0.3000000000000001
341,10,172.2037126061027,246.20371260610267,0.24000000000000007
341,9,534.9272489441362,818.9272489441362,0.0
341,8,482.02249852417145,753.9775014758285,0.0
341,3,560.3153917429835,517.6846082570165,0.0
341,1,240.49999999999997,568.799248049114,0.0
342,5,452.005597235218,564.5,0.0
342,4,578.6392024116187,497.6392024116188,0.0
342,6,484.34279260781096,753.3427926078109,0.0
342,7,568.5646180147583,513.4353819852417,0.0
342,2,605.0865423743761,427.9134576256239,0.3000000000000001
342,10,171.1546982632834,245.15469826328336,0.24000000000000007
342,9,535.881843098738,819.118156901262,0.0
342,8,480.8889244992032,754.5,0.0
342,3,559.3607975883816,518.3607975883816,0.0
342,1,239.7570061701835,567.7570061701836,0.0
343,5,450.90291707896995,565.09708292103,0.0
343,4,579.5937965662206,498.5937965662206,0.0
343,6,483.3881984532091,752.611801546791,0.0
343,7,567.6100238601564,514.3899761398436,0.0
343,2,603.8105685307631,428.5,0.3000000000000001
343,10,170.10568392046406,244.10568392046406,0.24000000000000007
343,9,536.9757941265608,818.5,0.0
343,8,479.82041699615434,755.1795830038457,0.0
343,3,558.4062034337798,517.4062034337798,0.0
343,1,238.8024120155817,566.8024120155817,0.0
344,5,449.9483229243681,566.0516770756319,0.0
344,4,580.5,499.5684348136801,0.0
344,6,482.43360429860724,753.5663957013928,0.0
344,7,566.6554297055545,513.6554297055545,0.0
344,2,602.6455610726889,427.6455610726889,0.3000000000000001
344,10,169.94333042235525,243.05666957764475,0.24000000000000007
344,9,538.0839246267552,817.9160753732448,0.0
344,8,478.8658228415525,756.1341771584475,0.0
344,3,557.4516092791779,516.5483907208221,0.0
344,1,237.84781786097986,565.8478178609798,0.0
345,5,448.9937287697662,565.9937287697662,0.0
345,4,580.7958780942378,500.7958780942377,0.0
345,6,481.4703158609801,754.5,0.0
345,7,565.7008355509527,514.2991644490473,0.0
345,2,601.571517031252,428.42848296874797,0.3000000000000001
345,10,170.5,241.80371935572674,0.24000000000000007
345,9,538.5,816.7384194358123,0.0
345,8,477.66735162394934,756.5,0.0
345,3,556.497015124576,517.502984875424,0.0
345,1,237.50000000000003,564.6418887362332,0.0
346,5,448.03913461516436,565.9608653848356,0.0
346,4,581.854221251307,501.50000000000006,0.0
346,6,480.23152277059006,754.76847722941,0.0
346,7,564.4533481775374,514.5466518224626,0.0
346,2,600.4974729898152,429.50252701018485,0.3000000000000001
346,10,169.66574767319267,240.66574767319267,0.24000000000000007
346,9,539.2860061547723,815.7139938452277,0.0
346,8,476.6637413135353,757.3362586864647,0.0
346,3,555.5424209699742,518.4575790300258,0.0
346,1,237.35284311414924,563.3528431141492,0.0
347,5,446.91245148471023,566.5,0.0
347,4,582.9979596222548,501.9979596222549,0.0
347,6,479.2769286159882,755.7230713840119,0.0
347,7,563.4987540229355,515.5012459770645,0.0
347,2,599.4234289483783,430.5765710516217,0.3000000000000001
347,10,168.61673333037336,239.61673333037336,0.24000000000000007
347,9,540.5334935281876,815.4665064718124,0.0
347,8,475.3815651863224,757.5,0.0
347,3,554.5878268153723,519.4121731846277,0.0
347,1,236.5,562.3561022986063,0.0
348,5,445.83705308714724,567.1629469128528,0.0
348,4,583.5,503.1400076889339,0.0
348,6,478.2487429857262,756.5,0.0
348,7,562.5441598683336,516.4558401316664,0.0
348,2,598.2869980926985,431.5,0.3000000000000001
348,10,167.56771898755406,238.56771898755406,0.24000000000000007
348,9,541.4880876827895,814.5119123172105,0.0
348,8,474.0315651863224,757.5,0.0
348,3,553.6332326607704,520.3667673392296,0.0
348,1,236.15076158613206,561.150761586132,0.0
349,5,444.8824589325454,568.1175410674547,0.0
349,4,582.799958849728,504.20004115027194,0.0
349,6,477.074847087971,756.9251529120289,0.0
349,7,561.2966724949183,516.7033275050817,0.0
349,2,596.9824476466911,432.0175523533089,0.3000000000000001
349,10,167.2258114259213,237.2258114259213,0.24000000000000007
349,9,542.4426818373913,815.4426818373913,0.0
349,8,472.9212791932894,758.0787208067106,0.0
349,3,552.6786385061686,521.3213614938314,0.0
349,1,235.49999999999997,560.0703158609793,0.0
350,5,443.9278647779435,569.0721352220565,0.0
350,4,582.5,505.4257941265608,0.0
350,6,475.9629565480993,757.5,0.0
350,7,560.3420783403164,517.6579216596836,0.0
350,2,595.9084036052542,433.09159639474575,0.3000000000000001
350,10,166.5,236.0429220515243,0.24000000000000007
350,9,543.3972759919932,814.6027240080068,0.0
350,8,471.96668503868756,759.0333149613124,0.0
350,3,551.7240443515667,522.2759556484333,0.0
350,1,234.9486800581149,558.9486800581149,0.0
351,5,442.97327062334165,570.0267293766584,0.0
351,4,581.5978773217108,506.40212267828906,0.0
351,6,474.6129565480993,757.5,0.0
351,7,559.3874841857146,518.3874841857146,0.0
351,2,594.5586422674866,433.5,0.3000000000000001
351,10,165.83488952146922,234.83488952146922,0.24000000000000007
351,9,544.6447633654085,814.6447633654085,0.0
351,8,471.01209088408575,759.0120908840858,0.0
351,3,550.7694501969648,521.7694501969648,0.0
351,1,235.00591409648695,557.994085903513,0.0
352,5,442.0186764687398,570.9813235312603,0.0
352,4,580.6432831671091,507.3567168328909,0.0
352,6,473.33238496772515,757.6676150322749,0.0
352,7,558.4328900311127,517.4328900311127,0.0
352,2,593.4539281798736,432.5,0.3000000000000001
352,10,164.78587517864992,233.78587517864992,0.24000000000000007
352,9,545.5993575200104,815.5993575200104,0.0
352,8,470.05749672948394,758.9425032705161,0.0
352,3,549.814856042363,522.185143957637,0.0
352,1,235.03949174891116,557.0394917489111,0.0
353,5,441.0640823141379,571.9359176858621,0.0
353,4,579.6886890125072,508.3113109874928,0.0
353,6,472.3777908131233,758.6222091868767,0.0
353,7,557.4782958765109,516.5217041234891,0.0
353,2,592.1004850433167,432.8995149566833,0.3000000000000001
353,10,163.7368608358306,232.7368608358306,0.24000000000000007
353,9,546.5539516746122,816.5539516746122,0.0
353,8,469.1029025748821,759.102902574882,0.0
353,3,548.8602618877611,523.1397381122389,0.0
353,1,234.0848975943093,556.0848975943093,0.0
354,5,440.10948815953606,572.890511840464,0.0
354,4,578.4412016390919,508.5587983609081,0.0
354,6,471.4231966585214,759.4231966585214,0.0
354,7,556.523701721909,517.476298278091,0.0
354,2,591.0264410018798,433.97355899812015,0.3000000000000001
354,10,162.6878464930113,233.3121535069887,0.24000000000000007
354,9,547.5085458292141,817.5085458292141,0.0
354,8,468.00263299818783,758.5,0.0
354,3,547.6594872476779,523.5,0.0
354,1,233.13030343970743,555.1303034397074,0.0
355,5,439.8451059950658,573.8451059950659,0.0
355,4,577.4810601229316,509.5,0.0
355,6,470.4686025039196,758.5313974960804,0.0
355,7,555.5691075673071,518.4308924326929,0.0
355,2,589.9523969604429,435.04760303955703,0.3000000000000001
355,10,161.34593893137856,233.65406106862144,0.24000000000000007
355,9,548.463139983816,818.463139983816,0.0
355,8,466.9008210468649,759.099178953135,0.0
355,3,546.658180359744,522.658180359744,0.0
355,1,232.1757092851056,554.8242907148945,0.0
356,5,440.7997001496677,574.7997001496677,0.0
356,4,576.2391201110747,509.2391201110748,0.0
356,6,469.51400834931775,759.4859916506823,0.0
356,7,554.6145134127053,519.3854865872947,0.0
356,2,588.878352919006,436.1216470809939,0.3000000000000001
356,10,160.5,234.78719200104402,0.24000000000000007
356,9,549.4177341384178,819.4177341384178,0.0
356,8,465.9462268922631,760.0537731077369,0.0
356,3,545.7035862051422,523.2964137948578,0.0
356,1,231.22111513050373,555.7788848694963,0.0
357,5,441.75429430426954,575.7542943042696,0.0
357,4,575.1952736853046,508.50000000000006,0.0
357,6,468.5594141947159,758.5594141947158,0.0
357,7,553.6599192581034,520.3400807418966,0.0
357,2,587.5161441794359,436.5,0.3000000000000001
357,10,159.95501702692647,236.04498297307353,0.24000000000000007
357,9,550.3723282930197,820.3723282930197,0.0
357,8,464.7810601229341,760.5,0.0
357,3,545.4560988317269,524.5439011682731,0.0
357,1,230.26652097590187,556.2665209759018,0.0
358,5,442.7088884588714,576.7088884588715,0.0
358,4,573.8452736853046,508.50000000000006,0.0
358,6,467.3119268213006,758.6880731786994,0.0
358,7,552.7053251035015,521.2946748964985,0.0
358,2,586.437371617319,437.56262838268105,0.3000000000000001
358,10,158.90600268410716,237.09399731589284,0.24000000000000007
358,9,551.3269224476215,821.3269224476215,0.0
358,8,463.744145364246,761.255854635754,0.0
358,3,544.501504677125,525.498495322875,0.0
358,1,229.3119268213,555.6880731787,0.0
359,5,443.66348261347326,577.6634826134733,0.0
359,4,572.7895512096424,509.2104487903577,0.0
359,6,466.35733266669877,759.6426673333012,0.0
359,7,551.7507309488997,522.2492690511003,0.0
359,2,585.30671600421,438.5,0.3000000000000001
359,10,157.59064419148527,237.5,0.24000000000000007
359,9,552.2815166022234,822.2815166022234,0.0
359,8,462.7895512096442,762.2104487903558,0.0
359,3,543.2540173037097,525.7459826962903,0.0
359,1,228.3573326666981,556.6426673333018,0.0
360,5,444.5,578.666985766813,0.0
360,4,572.5,510.44051275232226,0.0
360,6,465.3624514847109,760.5,0.0
360,7,550.7961367942978,521.7961367942978,0.0
360,2,583.9963903156317,437.99639031563174,0.3000000000000001
360,10,156.10711388074628,237.5,0.24000000000000007
360,9,553.2361107568253,823.2361107568253,0.0
360,8,461.83495705504237,761.8349570550423,0.0
360,3,542.2994231491078,526.2994231491078,0.0
360,1,227.4027385120963,557.5972614879037,0.0
361,5,444.1344358585096,579.8655641414904,0.0
361,4,571.5874696816252,511.41253031837476,0.0
361,6,464.15525113868165,760.8447488613184,0.0
361,7,549.841542639696,522.158457360304,0.0
361,2,582.683074266611,437.5,0.3000000000000001
361,10,154.88027999920885,238.11972000079115,0.24000000000000007
361,9,554.1907049114271,824.1907049114271,0.0
361,8,460.8803629004405,762.1196370995596,0.0
361,3,541.2805550595433,525.5,0.0
361,1,226.42666504708313,558.5,0.0
362,5,443.82015829609225,580.8201582960922,0.0
362,4,570.3399823082099,511.6600176917901,0.0
362,6,463.2006569840798,761.7993430159202,0.0
362,7,548.8869484850941,523.1130515149059,0.0
362,2,581.5554090139445,438.44459098605546,0.3000000000000001
362,10,153.83126565638955,239.16873434361045,0.24000000000000007
362,9,555.145299066029,825.145299066029,0.0
362,8,459.92576874583864,761.9257687458386,0.0
362,3,540.0973416210907,525.9026583789093,0.0
362,1,225.2006569840792,558.7993430159208,0.0
363,5,444.2252475493059,581.7747524506941,0.0
363,4,569.385388153608,512.614611846392,0.0
363,6,462.246062829478,762.246062829478,0.0
363,7,547.6972277955598,523.5,0.0
363,2,580.1884717536942,438.8115282463058,0.3000000000000001
363,10,152.78225131357024,238.78225131357024,0.24000000000000007
363,9,555.5,826.3483771285918,0.0
363,8,458.9711745912368,762.0288254087633,0.0
363,3,539.1427474664888,526.8572525335112,0.0
363,1,224.1408786094562,559.5,0.0
364,5,443.729346605296,582.729346605296,0.0
364,4,568.4307939990061,513.5692060009939,0.0
364,6,461.29146867487617,761.7085313251239,0.0
364,7,546.684866957077,522.684866957077,0.0
364,2,578.9547184413991,439.5,0.3000000000000001
364,10,151.73323697075094,239.26676302924906,0.24000000000000007
364,9,555.3597261871404,827.6402738128596,0.0
364,8,457.81634149717263,762.5,0.0
364,3,538.1881533118869,527.8118466881131,0.0
364,1,222.7908786094562,559.5,0.0
365,5,444.5,583.7601315173207,0.0
365,4,567.4761998444043,514.4761998444043,0.0
365,6,460.3368745202743,762.3368745202743,0.0
365,7,545.7302728024752,523.2697271975248,0.0
365,2,577.747490452007,440.252509547993,0.3000000000000001
365,10,151.39132940911819,240.60867059088181,0.24000000000000007
365,9,554.5948679674615,828.5948679674615,0.0
365,8,456.76909306321966,763.2309069367803,0.0
365,3,537.2335591572851,528.7664408427149,0.0
365,1,221.4581948638333,559.5418051361667,0.0
366,5,444.9314281333131,584.9314281333131,0.0
366,4,566.5216056898024,513.5216056898024,0.0
366,6,459.38228036567244,761.6177196343276,0.0
366,7,545.4827854290598,524.5172145709402,0.0
366,2,576.6734464105701,441.32655358942986,0.3000000000000001
366,10,150.27699982817796,241.5,0.24000000000000007
366,9,555.5494621220633,829.5494621220633,0.0
366,8,455.8144989086178,764.1855010913822,0.0
366,3,536.1874093090355,529.5,0.0
366,1,220.50360070923148,560.4963992907685,0.0
367,5,445.5,586.0459179549476,0.0
367,4,565.5670115352005,514.4329884647995,0.0
367,6,458.39773285894944,762.5,0.0
367,7,544.528191274458,525.471808725542,0.0
367,2,575.3065091503198,441.3065091503198,0.3000000000000001
367,10,149.0004075046661,241.9995924953339,0.24000000000000007
367,9,556.5040562766652,830.5040562766652,0.0
367,8,454.85990475401593,765.1400952459841,0.0
367,3,535.0314776292679,529.9685223707321,0.0
367,1,219.54900655462964,561.4509934453704,0.0
368,5,446.13350966133027,587.1335096613302,0.0
368,4,564.3195241617852,514.6804758382148,0.0
368,6,457.18019883765527,762.8198011623447,0.0
368,7,543.2807039010427,525.7192960989573,0.0
368,2,574.2324651088829,440.76753489111707,0.3000000000000001
368,10,147.7241527690731,242.5,0.24000000000000007
368,9,557.4586504312671,831.4586504312671,0.0
368,8,453.65898218429186,765.5,0.0
368,3,534.076883474666,530.923116525334,0.0
368,1,218.59441240002778,560.5944124000277,0.0
369,5,447.0881038159321,588.0881038159321,0.0
369,4,563.3649300071834,515.6350699928166,0.0
369,6,456.22560468305346,763.7743953169465,0.0
369,7,542.3261097464408,526.3261097464408,0.0
369,2,573.158421067446,441.84157893255394,0.3000000000000001
369,10,146.60948560021401,243.39051439978599,0.24000000000000007
369,9,558.4132445858689,832.4132445858689,0.0
369,8,452.6578232259988,766.3421767740012,0.0
369,3,532.9658364337816,531.5,0.0
369,1,217.63981824542591,561.3601817545741,0.0
370,5,446.95730202946606,589.0426979705339,0.0
370,4,562.3731957466622,516.5,0.0
370,6,455.2710105284516,764.7289894715484,0.0
370,7,541.3182956074252,525.5,0.0
370,2,572.5,443.08777964665165,0.3000000000000001
370,10,145.5604712573947,242.5604712573947,0.24000000000000007
370,9,558.6607319592842,833.6607319592842,0.0
370,8,451.70322907139695,765.7032290713969,0.0
370,3,531.6158364337816,531.5,0.0
370,1,217.3923308720106,562.6076691279894,0.0
371,5,446.9972921251358,589.9972921251358,0.0
371,4,561.1628484791662,516.8371515208338,0.0
371,6,454.2403735460687,765.5,0.0
371,7,540.1240282184236,525.8759717815764,0.0
371,2,571.7174397657589,444.28256023424115,0.3000000000000001
371,10,144.5114569145754,243.4885430854246,0.24000000000000007
371,9,559.6153261138861,834.6153261138861,0.0
371,8,450.7486349167951,766.251365083205,0.0
371,3,530.6273145732337,530.6273145732337,0.0
371,1,216.43773671740874,563.5622632825913,0.0
372,5,448.13906370545527,590.5,0.0
372,4,560.2082543245643,517.7917456754357,0.0
372,6,453.0689290004345,765.9310709995655,0.0
372,7,539.1694340638218,526.8305659361782,0.0
372,2,570.643395724322,445.356604275678,0.3000000000000001
372,10,143.4624425717561,244.5375574282439,0.24000000000000007
372,9,560.569920268488,835.569920268488,0.0
372,8,449.7940407621932,767.2059592378068,0.0
372,3,529.6727204186318,531.3272795813682,0.0
372,1,215.48314256280688,564.4831425628068,0.0
373,5,449.1993736531529,591.1993736531529,0.0
373,4,559.2536601699625,518.2536601699625,0.0
373,6,452.1143348458327,766.1143348458327,0.0
373,7,538.2148399092199,527.7851600907801,0.0
373,2,569.2764584640717,445.72354153592835,0.3000000000000001
373,10,142.37756902724374,245.49999999999997,0.24000000000000007
373,9,561.4754855769102,836.5245144230898,0.0
373,8,448.83944660759136,768.1605533924087,0.0
373,3,528.7181262640299,530.7181262640299,0.0
373,1,214.528548408205,563.528548408205,0.0
374,5,449.5,592.4248501430822,0.0
374,4,558.2990660153606,517.2990660153606,0.0
374,6,451.1597406912308,765.8402593087692,0.0
374,7,537.260245754618,528.739754245382,0.0
374,2,568.2024144226348,446.7975855773652,0.3000000000000001
374,10,140.89403871650475,245.49999999999997,0.24000000000000007
374,9,560.5208914223083,837.4791085776917,0.0
374,8,447.8848524529895,769.1151475470106,0.0
374,3,527.7635321094281,531.2364678905719,0.0
374,1,213.2810610347897,563.7189389652103,0.0
375,5,448.59854481882996,593.40145518117,0.0
375,4,557.3444718607587,516.6555281392413,0.0
375,6,450.20514653662894,766.794853463371,0.0
375,7,536.2251498569174,529.5,0.0
375,2,567.5,448.0255636470895,0.3000000000000001
375,10,139.72961310567123,244.72961310567123,0.24000000000000007
375,9,561.4337027322936,838.4337027322936,0.0
375,8,446.6942635585303,769.5,0.0
375,3,526.8089379548262,532.1910620451738,0.0
375,1,212.32646688018784,564.6735331198122,0.0
376,5,449.3560493357719,594.3560493357719,0.0
376,4,556.3898777061569,517.6101222938431,0.0
376,6,449.2505523820271,767.7494476179729,0.0
376,7,535.0581642266009,529.9418357733991,0.0
376,2,568.2385668790524,449.2385668790524,0.3000000000000001
376,10,138.38770554403845,244.61229445596152,0.24000000000000007
376,9,562.3882968868954,839.3882968868954,0.0
376,8,445.6827709249724,770.3172290750276,0.0
376,3,525.8543438002243,533.1456561997757,0.0
376,1,211.3188006708138,565.5,0.0
377,5,450.31064349037376,595.3106434903738,0.0
377,4,555.435283551555,518.564716448445,0.0
377,6,448.2959582274252,768.7040417725748,0.0
377,7,534.103570071999,530.896429928001,0.0
377,2,569.3126109204893,450.3126109204893,0.3000000000000001
377,10,137.271874909034,245.49999999999997,0.24000000000000007
377,9,563.3428910414973,840.3428910414973,0.0
377,8,446.2718232296295,771.2718232296295,0.0
377,3,525.5,534.3488821919799,0.0
377,1,210.1243853521707,565.8756146478293,0.0
378,5,450.5581308637891,596.5581308637891,0.0
378,4,554.4806893969532,519.5193106030468,0.0
378,6,447.2756549203072,769.5,0.0
378,7,533.0035769816635,531.5,0.0
378,2,568.6133450380738,451.3866549619262,0.3000000000000001
378,10,135.9967836395864,246.00321636041357,0.24000000000000007
378,9,564.2974851960992,841.2974851960992,0.0
378,8,446.5,772.5273093167235,0.0
378,3,524.6522622722072,535.3477377277928,0.0
378,1,209.16979119756888,566.1697911975689,0.0
379,5,451.51272501839094,597.5127250183909,0.0
379,4,553.5260952423513,520.4739047576487,0.0
379,6,446.0938766994081,769.906123300592,0.0
379,7,531.6535769816635,531.5,0.0
379,2,569.4606990033631,452.46069900336306,0.3000000000000001
379,10,134.71902784992918,246.49999999999997,0.24000000000000007
379,9,565.252079350701,842.252079350701,0.0
379,8,446.76679797646005,773.7667979764601,0.0
379,3,523.6976681176053,534.6976681176053,0.0
379,1,208.09722779556003,565.5,0.0
380,5,452.4673191729928,598.4673191729928,0.0
380,4,552.5715010877494,521.4284989122506,0.0
380,6,445.86071745519376,770.8607174551938,0.0
380,7,530.6540011705666,530.6540011705666,0.0
380,2,570.5347430447999,453.53474304479994,0.3000000000000001
380,10,133.6058617351343,247.39413826486566,0.24000000000000007
380,9,564.7933264946971,843.2066735053029,0.0
380,8,447.5,774.8130957543505,0.0
380,3,522.7430739630034,535.2569260369966,0.0
380,1,206.96770966955174,566.0322903304483,0.0
381,5,451.57808667240533,599.4219133275947,0.0
381,4,551.6169069331476,522.3830930668524,0.0
381,6,446.5,771.9459179549467,0.0
381,7,529.6994070159648,531.3005929840352,0.0
381,2,571.6087870862368,454.6087870862368,0.3000000000000001
381,10,132.26395417350156,247.73604582649844,0.24000000000000007
381,9,563.8387323400952,844.1612676599048,0.0
381,8,447.96887950447723,775.9688795044772,0.0
381,3,521.7884798084016,536.2115201915984,0.0
381,1,206.01311551494987,566.9868844850502,0.0
382,5,452.37650748219653,600.3765074821965,0.0
382,4,550.6623127785457,521.6623127785457,0.0
382,6,446.5,773.2959179549467,0.0
382,7,528.7448128613629,530.7448128613629,0.0
382,2,572.5,455.7585622603801,0.3000000000000001
382,10,131.0968640424585,248.50000000000003,0.24000000000000007
382,9,564.1158618145066,845.1158618145066,0.0
382,8,448.92347365907904,776.923473659079,0.0
382,3,520.5579720575123,536.5,0.0
382,1,205.941478639652,567.941478639652,0.0
383,5,452.62399485561184,601.6239948556118,0.0
383,4,549.7077186239438,522.2922813760562,0.0
383,6,447.31028635662625,774.3102863566263,0.0
383,7,527.790218706761,531.209781293239,0.0
383,2,573.049768387924,457.04976838792396,0.3000000000000001
383,10,129.8730322690495,249.12696773095053,0.24000000000000007
383,9,565.0704559691085,846.0704559691085,0.0
383,8,449.8780678136809,777.8780678136809,0.0
383,3,519.5863982803844,537.4136017196156,0.0
383,1,206.10392720574615,568.8960727942539,0.0
384,5,453.4214109897863,602.5785890102137,0.0
384,4,548.753124469342,523.246875530658,0.0
384,6,447.55777373004156,775.5577737300416,0.0
384,7,526.8356245521592,532.1643754478408,0.0
384,2,573.5,458.38220399797905,0.3000000000000001
384,10,128.8240179262302,250.17598207376983,0.24000000000000007
384,9,566.0250501237103,847.0250501237103,0.0
384,8,450.16733803171724,778.8326619682828,0.0
384,3,518.6318041257825,536.6318041257825,0.0
384,1,205.00408204505226,569.5,0.0
385,5,452.53318316481557,603.5331831648156,0.0
385,4,547.5079720575119,523.5,0.0
385,6,448.5123678846434,776.5123678846435,0.0
385,7,525.8810303975573,533.1189696024427,0.0
385,2,572.5092503103888,459.49074968961116,0.3000000000000001
385,10,127.77500358341088,251.22499641658914,0.24000000000000007
385,9,566.9796442783122,847.9796442783122,0.0
385,8,449.7872561228846,779.7872561228846,0.0
385,3,517.6772099711807,537.3227900288193,0.0
385,1,203.65408204505226,569.5,0.0
386,5,453.48777731941743,604.4877773194174,0.0
386,4,546.5510429413248,522.5510429413248,0.0
386,6,449.4669620392453,777.4669620392453,0.0
386,7,525.5,534.311141644098,0.0
386,2,572.8576869498615,460.8576869498615,0.3000000000000001
386,10,126.72598924059156,252.27401075940844,0.24000000000000007
386,9,567.9342384329141,848.9342384329141,0.0
386,8,450.7418502774865,780.7418502774865,0.0
386,3,516.7226158165788,538.2773841834212,0.0
386,1,202.65435830431372,568.6543583043137,0.0
387,5,454.4423714740193,605.4423714740193,0.0
387,4,545.5964487867229,523.4035512132771,0.0
387,6,450.42155619384715,778.4215561938472,0.0
387,7,524.6789488695401,535.3210511304599,0.0
387,2,573.9317309912984,461.93173099129837,0.3000000000000001
387,10,125.67697489777225,253.32302510222775,0.24000000000000007
387,9,568.8888325875159,849.8888325875159,0.0
387,8,451.69644443208836,781.6964444320884,0.0
387,3,515.768021661977,537.768021661977,0.0
387,1,201.40687093089844,568.5931290691016,0.0
388,5,453.60303437137884,606.3969656286212,0.0
388,4,545.3489614133076,524.6510385866924,0.0
388,6,449.623849651551,779.3761503484491,0.0
388,7,523.7243547149383,534.7243547149383,0.0
388,2,575.0057750327353,463.00577503273524,0.3000000000000001
388,10,124.62796055495295,254.37203944504705,0.24000000000000007
388,9,569.8434267421178,850.8434267421178,0.0
388,8,452.3489614133098,782.6510385866902,0.0
388,3,514.5290398693776,537.5,0.0
388,1,200.4522767762966,569.5477232237034,0.0
389,5,454.351559783223,607.351559783223,0.0
389,4,544.3506127446311,525.5,0.0
389,6,450.3307445030509,780.3307445030509,0.0
389,7,522.7697605603364,535.2302394396636,0.0
389,2,574.9201809258278,464.0798190741721,0.3000000000000001
389,10,123.57894621213363,255.42105378786636,0.24000000000000007
389,9,570.7980208967197,851.7980208967197,0.0
389,8,451.6056327412921,783.6056327412921,0.0
389,3,513.5659401339598,538.4340598660402,0.0
389,1,199.49768262169474,570.5023173783053,0.0
390,5,454.59904715663833,608.5990471566383,0.0
390,4,543.1468798852906,525.8531201147094,0.0
390,6,451.28533865765274,781.2853386576528,0.0
390,7,521.8151664057345,536.1848335942655,0.0
390,2,575.153863115609,465.153863115609,0.3000000000000001
390,10,123.23703865050086,256.7629613494991,0.24000000000000007
390,9,571.7526150513215,852.7526150513215,0.0
390,8,452.5,784.5851736929928,0.0
390,3,512.6113459793579,539.3886540206421,0.0
390,1,198.54308846709287,571.4569115329072,0.0
391,5,455.5,609.5758602698593,0.0
391,4,542.1922857306887,526.1922857306887,0.0
391,6,452.2399328122546,782.2399328122547,0.0
391,7,520.5957126053942,536.5,0.0
391,2,575.5,466.52941617364274,0.3000000000000001
391,10,122.18802430768156,257.1880243076816,0.24000000000000007
391,9,572.7072092059234,853.7072092059234,0.0
391,8,452.8077142693092,785.8077142693093,0.0
391,3,511.3638586059426,539.3638586059426,0.0
391,1,197.588494312491,572.411505687509,0.0
392,5,455.80112868465545,610.8011286846554,0.0
392,4,541.1290398693773,525.5,0.0
392,6,451.8054730331435,783.1945269668565,0.0
392,7,519.6130848777174,537.3869151222826,0.0
392,2,575.8877376361097,467.88773763610965,0.3000000000000001
392,10,121.13900996486225,256.1390099648623,0.24000000000000007
392,9,573.6618033605253,854.6618033605253,0.0
392,8,453.5,786.8709601306198,0.0
392,3,510.40926445134073,538.5907355486593,0.0
392,1,196.63390015788914,571.6339001578891,0.0
393,5,456.86164670748616,611.5,0.0
393,4,539.9902042026715,526.0097957973285,0.0
393,6,452.14912112145834,784.1491211214584,0.0
393,7,518.6584907231155,536.6584907231155,0.0
393,2,576.5,469.1530579112417,0.3000000000000001
393,10,119.92016624806081,255.5,0.24000000000000007
393,9,574.6163975151271,855.6163975151271,0.0
393,8,452.9902042026736,788.0097957973264,0.0
393,3,509.45467029673887,539.5453297032611,0.0
393,1,195.38641278447383,571.6135872155262,0.0
394,5,458.0032102126725,612.0032102126726,0.0
394,4,539.0356100480697,526.9643899519303,0.0
394,6,452.5,785.3537823312162,0.0
394,7,517.7038965685136,537.2961034314864,0.0
394,2,575.6712810622031,470.32871893779685,0.3000000000000001
394,10,118.7480880604102,256.25191193958983,0.24000000000000007
394,9,575.570991669729,856.570991669729,0.0
394,8,452.96438995192824,788.9643899519283,0.0
394,3,508.50007614213706,540.499923857863,0.0
394,1,194.5,572.5964230183363,0.0
395,5,458.5,613.147433145113,0.0
395,4,538.0810158934678,527.9189841065322,0.0
395,6,453.3512026494755,786.3512026494755,0.0
395,7,516.7493024139118,538.2506975860882,0.0
395,2,574.3043438019528,470.6956561980472,0.3000000000000001
395,10,117.69907371759086,255.69907371759086,0.24000000000000007
395,9,576.5255858243308,857.5255858243308,0.0
395,8,453.9189841065301,789.9189841065302,0.0
395,3,507.5454819875352,541.4545180124649,0.0
395,1,194.18433125645666,573.8156687435434,0.0
396,5,457.7947082593103,614.2052917406896,0.0
396,4,537.1264217388659,528.8735782611341,0.0
396,6,453.40130997710924,787.5986900228908,0.0
396,7,515.7947082593099,537.7947082593099,0.0
396,2,573.5,471.8814137364536,0.3000000000000001
396,10,117.3571661559581,254.3571661559581,0.24000000000000007
396,9,577.4801799789327,858.4801799789327,0.0
396,8,454.87357826113197,790.873578261132,0.0
396,3,506.59088783293333,542.4091121670667,0.0
396,1,193.1177905440368,574.5,0.0
397,5,457.49999999999994,615.4332195827399,0.0
397,4,536.0358941188696,529.5,0.0
397,6,452.5532841774926,788.5532841774926,0.0
397,7,514.5667804172595,537.5,0.0
397,2,572.8633625002657,473.1366374997344,0.3000000000000001
397,10,116.30815181313879,253.3081518131388,0.24000000000000007
397,9,578.4347741335346,859.4347741335346,0.0
397,8,455.82817241573383,791.8281724157339,0.0
397,3,505.63629367833147,543.3637063216686,0.0
397,1,191.7677905440368,574.5,0.0
398,5,458.4073732687067,616.4073732687067,0.0
398,4,534.9243402108489,530.0756597891511,0.0
398,6,453.5078783320945,789.5078783320945,0.0
398,7,513.5926267312927,538.4073732687073,0.0
398,2,571.4964252400154,473.50357475998464,0.3000000000000001
398,10,115.25913747031949,252.25913747031947,0.24000000000000007
398,9,579.3893682881364,860.3893682881364,0.0
398,8,456.7827665703357,792.7827665703358,0.0
398,3,504.6816995237296,542.6816995237297,0.0
398,1,190.73476235502423,575.2652376449757,0.0
399,5,459.654860642122,616.654860642122,0.0
399,4,533.969746056247,531.030253943753,0.0
399,6,454.46247248669636,790.4624724866964,0.0
399,7,512.6380325766909,539.3619674233091,0.0
399,2,570.5,474.6097695616654,0.3000000000000001
399,10,114.21012312750017,251.21012312750017,0.24000000000000007
399,9,580.3439624427383,861.3439624427383,0.0
399,8,457.49999999999994,793.8356787563814,0.0
399,3,503.7271053691278,543.2728946308722,0.0
399,1,189.7801682004224,574.7801682004224,0.0
400,5,460.60945479672387,617.6094547967239,0.0
400,4,532.8143212436158,531.5,0.0
400,6,455.4170666412982,791.4170666412982,0.0
400,7,511.39054520327556,539.3905452032756,0.0
400,2,570.0554439383282,475.9445560616718,0.3000000000000001
400,10,113.16110878468083,250.16110878468086,0.24000000000000007
400,9,581.2985565973402,862.2985565973402,0.0
400,8,457.01515190164713,794.9848480983528,0.0
400,3,502.772511214526,544.2274887854741,0.0
400,1,188.54621766878302,574.5,0.0
