step,agent_id,x,y,toxicload
1,5,481.85710678118653,454.5,0.0
1,16,453.5,520.8571067811865,0.0
1,20,421.85710678118653,512.5,0.0
1,12,411.95459415460186,450.04540584539814,0.0
1,8,460.57309251587725,488.2807224523682,0.0
1,17,463.85710678118653,488.5,0.0
1,1,407.04540584539814,494.9545941546018,0.0
1,19,407.5,496.8571067811866,0.0
1,6,421.04540584539814,520.0454058453981,0.0
1,11,469.04540584539814,464.04540584539814,0.0
1,9,501.57309251587725,539.2807224523682,0.0
1,14,418.57309251587725,492.2807224523682,0.0
1,3,460.04540584539814,449.95459415460186,0.0
1,7,469.04540584539814,459.04540584539814,0.0
1,4,474.04540584539814,461.95459415460186,0.0
1,13,504.0454058453981,471.0454058453981,0.0
1,15,502.57309251587725,455.2807224523682,0.0
1,2,451.04540584539814,478.04540584539814,0.0
1,10,420.42690748412275,461.2807224523682,0.0
1,18,423.04540584539814,452.04540584539814,0.0
2,5,480.7979184719829,453.7979184719829,0.0
2,16,452.7979184719829,519.7979184719828,0.0
2,20,420.5071067811865,512.5,0.0
2,12,412.5,448.9213203435596,0.0
2,8,459.7088456795462,489.2911543204538,0.0
2,17,462.7979184719828,487.7979184719829,0.0
2,1,405.9213203435596,495.49999999999994,0.0
2,19,406.79791847198294,495.7979184719829,0.0
2,6,420.0908116907963,519.0908116907963,0.0
2,11,468.0908116907963,463.09081169079633,0.0
2,9,500.7088456795462,540.2911543204538,0.0
2,14,417.7088456795462,493.29115432045376,0.0
2,3,459.0908116907963,450.0908116907963,0.0
2,7,468.0908116907963,458.09081169079633,0.0
2,4,472.9213203435596,462.5,0.0
2,13,503.90918830920384,470.0908116907962,0.0
2,15,501.7088456795462,456.2911543204538,0.0
2,2,450.0908116907963,477.0908116907963,0.0
2,10,421.2911543204538,462.2911543204538,0.0
2,18,422.5,450.9213203435596,0.0
3,5,479.8433243173811,454.156675682619,0.0
3,16,451.843324317381,518.843324317381,0.0
3,20,419.1571067811865,512.5,0.0
3,12,411.843324317381,447.843324317381,0.0
3,8,458.7542515249443,488.7542515249443,0.0
3,17,461.5713203435596,487.5,0.0
3,1,404.843324317381,494.84332431738096,0.0
3,19,405.57132034355976,495.49999999999994,0.0
3,6,419.1362175361944,518.1362175361944,0.0
3,11,467.1362175361944,462.13621753619447,0.0
3,9,499.7542515249444,541.2457484750556,0.0
3,14,416.7542515249444,494.2457484750556,0.0
3,3,457.98553390593264,449.5,0.0
3,7,466.9855339059327,457.5,0.0
3,4,471.5713203435596,462.5,0.0
3,13,504.1362175361943,469.1362175361943,0.0
3,15,500.7542515249443,457.2457484750556,0.0
3,2,449.1362175361944,476.1362175361944,0.0
3,10,420.7542515249443,463.2457484750557,0.0
3,18,422.5,449.5713203435596,0.0
4,5,478.6355339059328,454.5,0.0
4,16,450.88873016277915,517.8887301627791,0.0
4,20,418.0100505063388,512.0100505063388,0.0
4,12,410.88873016277915,446.88873016277915,0.0
4,8,457.79965737034246,489.2003426296575,0.0
4,17,460.5958369439657,488.4041630560343,0.0
4,1,403.88873016277915,493.88873016277915,0.0
4,19,404.5958369439658,494.59583694396576,0.0
4,6,418.18162338159254,517.1816233815925,0.0
4,11,466.49999999999994,461.0497474683058,0.0
4,9,498.7996573703426,542.2003426296575,0.0
4,14,415.7996573703425,495.2003426296574,0.0
4,3,456.6355339059326,449.5,0.0
4,7,465.6355339059327,457.5,0.0
4,4,470.59583694396576,461.5958369439657,0.0
4,13,503.1816233815925,468.18162338159243,0.0
4,15,499.7996573703425,456.7996573703425,0.0
4,2,448.81837661840746,475.18162338159254,0.0
4,10,421.20034262965754,464.20034262965754,0.0
4,18,421.5958369439657,448.5958369439657,0.0
5,5,477.64124278936396,455.35875721063604,0.0
5,16,449.9341360081773,516.9341360081772,0.0
5,20,417.05545635173695,511.94454364826305,0.0
5,12,409.9341360081773,445.9341360081773,0.0
5,8,456.5737795172034,489.5,0.0
5,17,459.64124278936384,489.35875721063616,0.0
5,1,402.93413600817735,492.9341360081773,0.0
5,19,403.64124278936396,493.64124278936396,0.0
5,6,417.2270292269907,516.2270292269907,0.0
5,11,467.06586399182265,459.9341360081773,0.0
5,9,497.8450632157407,543.1549367842593,0.0
5,14,414.84506321574065,494.84506321574065,0.0
5,3,455.34834957055034,449.65165042944966,0.0
5,7,464.64124278936384,456.64124278936384,0.0
5,4,470.34834957055045,460.3483495705504,0.0
5,13,502.2270292269906,467.2270292269906,0.0
5,15,498.8450632157407,455.84506321574065,0.0
5,2,449.2270292269907,474.2270292269907,0.0
5,10,420.8450632157406,465.1549367842594,0.0
5,18,420.64124278936384,447.64124278936384,0.0
6,5,476.6866486347621,456.31335136523785,0.0
6,16,448.9795418535754,515.9795418535754,0.0
6,20,416.1008621971351,512.8991378028649,0.0
6,12,408.9795418535754,444.9795418535754,0.0
6,8,455.59757584232534,490.40242415767466,0.0
6,17,458.686648634762,488.686648634762,0.0
6,1,401.7639610306789,492.5,0.0
6,19,402.68664863476215,492.6866486347621,0.0
6,6,416.5,515.1781745930518,0.0
6,11,466.97954185357537,458.9795418535754,0.0
6,9,496.89046906113884,544.1095309388612,0.0
6,14,413.8904690611388,495.10953093886116,0.0
6,3,454.3937554159485,450.6062445840515,0.0
6,7,463.686648634762,455.686648634762,0.0
6,4,469.3937554159486,459.3937554159486,0.0
6,13,501.27243507238876,466.2724350723888,0.0
6,15,497.89046906113884,454.89046906113884,0.0
6,2,448.2724350723888,473.2724350723888,0.0
6,10,419.89046906113873,466.10953093886127,0.0
6,18,419.686648634762,446.686648634762,0.0
7,5,475.43916126134684,456.4391612613468,0.0
7,16,448.5,514.8281745930518,0.0
7,20,415.1462680425333,513.1462680425333,0.0
7,12,408.02494769897356,444.02494769897356,0.0
7,8,454.6429816877235,491.35701831227647,0.0
7,17,457.7320544801601,489.2679455198398,0.0
7,1,400.4391612613467,492.4391612613467,0.0
7,19,401.413961030679,492.5,0.0
7,6,416.02494769897356,514.0249476989735,0.0
7,11,466.02494769897356,458.02494769897356,0.0
7,9,495.7022066419496,544.5,0.0
7,14,412.70220664194954,495.49999999999994,0.0
7,3,453.4391612613466,451.5608387386534,0.0
7,7,464.2679455198399,454.7320544801601,0.0
7,4,468.4391612613467,458.4391612613467,0.0
7,13,500.31784091778695,465.31784091778695,0.0
7,15,497.5,453.70220664194966,0.0
7,2,447.5,472.2423881554249,0.0
7,10,418.7022066419495,466.5,0.0
7,18,418.7320544801601,447.2679455198399,0.0
8,5,474.484567106745,455.515432893255,0.0
8,16,448.5,513.4781745930518,0.0
8,20,414.1916738879314,512.8083261120686,0.0
8,12,407.0703535443717,443.0703535443717,0.0
8,8,453.6883875331216,490.6883875331216,0.0
8,17,456.48456710674486,489.51543289325514,0.0
8,1,399.478174593052,491.49999999999994,0.0
8,19,400.19167388793153,492.19167388793153,0.0
8,6,415.0703535443717,513.0703535443716,0.0
8,11,465.07035354437176,457.0703535443717,0.0
8,9,494.6883875331217,545.3116124668783,0.0
8,14,411.6883875331216,494.6883875331216,0.0
8,3,452.48456710674475,452.48456710674475,0.0
8,7,464.5,453.47817459305185,0.0
8,4,467.47817459305196,457.5,0.0
8,13,499.50000000000006,464.30660171779795,0.0
8,15,496.6883875331217,452.6883875331217,0.0
8,2,447.0703535443717,471.0703535443717,0.0
8,10,417.39549431430817,466.60450568569183,0.0
8,18,417.77746032555825,446.77746032555825,0.0
9,5,473.5299729521431,456.4700270478569,0.0
9,16,448.7629202666705,512.2370797333294,0.0
9,20,413.12817459305194,513.5,0.0
9,12,406.5,441.95660171779804,0.0
9,8,452.73379337851975,491.2662066214802,0.0
9,17,455.529972952143,490.470027047857,0.0
9,1,398.128174593052,491.49999999999994,0.0
9,19,399.1281745930521,491.49999999999994,0.0
9,6,414.11575938976983,512.8842406102302,0.0
9,11,464.1157593897699,456.1157593897699,0.0
9,9,493.4409001597065,545.5590998402936,0.0
9,14,410.7337933785198,493.73379337851975,0.0
9,3,451.5299729521429,451.5299729521429,0.0
9,7,464.2370797333295,452.2370797333295,0.0
9,4,466.12817459305194,457.5,0.0
9,13,499.11575938976983,463.11575938976983,0.0
9,15,495.73379337851986,451.7337933785199,0.0
9,2,446.11575938976983,470.88424061023017,0.0
9,10,416.4409001597063,467.5590998402937,0.0
9,18,416.8228661709564,447.1771338290436,0.0
10,5,473.2824855787278,457.7175144212722,0.0
10,16,449.28248557872763,511.28248557872763,0.0
10,20,411.9895923599143,512.9895923599142,0.0
10,12,405.8682720163546,440.8682720163546,0.0
10,8,451.77919922391794,492.22080077608206,0.0
10,17,454.57537879754113,491.4246212024588,0.0
10,1,396.778174593052,491.49999999999994,0.0
10,19,397.7781745930521,491.49999999999994,0.0
10,6,413.02081528017106,513.5,0.0
10,11,463.838834764832,455.161165235168,0.0
10,9,492.4863060051046,546.5136939948954,0.0
10,14,409.4863060051045,493.51369399489545,0.0
10,3,450.2824855787276,451.7175144212724,0.0
10,7,463.28248557872763,451.2824855787277,0.0
10,4,464.9895923599143,456.98959235991424,0.0
10,13,498.5,462.02081528017106,0.0
10,15,495.48630600510455,450.4863060051046,0.0
10,2,445.16116523516797,471.16116523516797,0.0
10,10,415.48630600510444,468.48630600510444,0.0
10,18,415.8682720163545,446.8682720163545,0.0
11,5,472.32789142412594,458.327891424126,0.0
11,16,448.32789142412577,510.3278914241258,0.0
11,20,411.03499820531243,512.0349982053124,0.0
11,12,404.9136778617527,439.9136778617527,0.0
11,8,450.8246050693161,493.17539493068386,0.0
11,17,453.62078464293927,490.62078464293927,0.0
11,1,395.44921176768554,491.4492117676855,0.0
11,19,396.42817459305206,491.49999999999994,0.0
11,6,411.9136778617527,512.9136778617527,0.0
11,11,464.5,454.0850288425442,0.0
11,9,491.53171185050275,547.4682881494973,0.0
11,14,408.5317118505027,494.4682881494973,0.0
11,3,449.3278914241257,452.6721085758743,0.0
11,7,462.3278914241258,450.3278914241258,0.0
11,4,464.03499820531243,456.03499820531243,0.0
11,13,497.9136778617527,460.9136778617527,0.0
11,15,494.53171185050275,449.5317118505027,0.0
11,2,444.2065710805661,470.2065710805661,0.0
11,10,414.5317118505026,467.5317118505026,0.0
11,18,414.91367786175266,445.91367786175266,0.0
12,5,471.37329726952413,457.62670273047587,0.0
12,16,447.5,509.3208152801711,0.0
12,20,409.9066017177981,511.5,0.0
12,12,403.95908370715085,438.95908370715085,0.0
12,8,449.8700109147142,492.8700109147142,0.0
12,17,452.6661904883374,491.33380951166254,0.0
12,1,394.4946176130837,490.4946176130837,0.0
12,19,395.20172439427034,491.2017243942703,0.0
12,6,410.95908370715085,511.95908370715085,0.0
12,11,464.5,452.7350288425442,0.0
12,9,490.5771176959008,548.4228823040991,0.0
12,14,407.2842244770874,494.7157755229126,0.0
12,3,448.37329726952385,453.37329726952385,0.0
12,7,461.32081528017113,449.5,0.0
12,4,463.91959594928943,455.08040405071057,0.0
12,13,497.5,459.7350288425442,0.0
12,15,493.5771176959009,448.5771176959009,0.0
12,2,443.74802307403576,469.25197692596424,0.0
12,10,413.5771176959007,468.4228823040993,0.0
12,18,413.9590837071508,444.9590837071508,0.0
13,5,470.38502884254444,458.5,0.0
13,16,447.12580989610865,508.12580989610865,0.0
13,20,408.55660171779806,511.5,0.0
13,12,403.004489552549,438.004489552549,0.0
13,8,448.91541676011235,493.0845832398876,0.0
13,17,451.7115963337356,492.2884036662644,0.0
13,1,393.5400234584818,489.5400234584818,0.0
13,19,394.2471302396685,490.2471302396685,0.0
13,6,409.79924240491727,511.5,0.0
13,11,463.7115963337356,451.7115963337356,0.0
13,9,489.6225235412991,547.6225235412991,0.0
13,14,406.2590608914419,495.49999999999994,0.0
13,3,447.418703114922,452.581296885078,0.0
13,7,460.1258098961087,449.8741901038913,0.0
13,4,464.5,453.97081528017117,0.0
13,13,496.7115963337356,458.7115963337356,0.0
13,15,492.622523541299,447.622523541299,0.0
13,2,444.2973827713624,468.2973827713624,0.0
13,10,412.2590608914418,468.5,0.0
13,18,413.00448955254893,444.00448955254893,0.0
14,5,469.171215741507,458.828784258493,0.0
14,16,446.03502884254414,507.5,0.0
14,20,407.20660171779804,511.5,0.0
14,12,401.8634559672903,437.5,0.0
14,8,447.73748801618797,493.49999999999994,0.0
14,17,450.75700217913374,493.2429978208662,0.0
14,1,393.5,488.20660171779804,0.0
14,19,393.5,489.2066017177982,0.0
14,6,408.44924240491724,511.5,0.0
14,11,462.75700217913374,450.7570021791338,0.0
14,9,488.66792938669727,548.3320706133028,0.0
14,14,405.0821429490702,495.0821429490702,0.0
14,3,446.4641089603201,453.5358910396799,0.0
14,7,459.17121574150684,450.17121574150684,0.0
14,4,464.5,452.62081528017114,0.0
14,13,497.24299782086626,457.75700217913374,0.0
14,15,491.66792938669715,446.66792938669715,0.0
14,2,443.5,467.27766952966334,0.0
14,10,411.08214294907015,468.08214294907015,0.0
14,18,412.04989539794707,443.04989539794707,0.0
15,5,468.21662158690515,459.2166215869052,0.0
15,16,444.6850288425441,507.5,0.0
15,20,405.856601717798,511.5,0.0
15,12,400.51345596729027,437.5,0.0
15,8,446.71333523209523,494.28666476790477,0.0
15,17,449.80240802453187,492.80240802453187,0.0
15,1,393.0450487116512,487.0450487116512,0.0
15,19,393.5,487.8566017177982,0.0
15,6,407.0992424049172,511.5,0.0
15,11,461.8024080245319,449.8024080245319,0.0
15,9,487.42044201328196,548.5795579867181,0.0
15,14,404.1275487944684,494.12754879446834,0.0
15,3,445.50951480571825,454.49048519428175,0.0
15,7,458.0992424049173,449.5,0.0
15,4,463.63083514927814,451.63083514927814,0.0
15,13,497.5,456.5134559672904,0.0
15,15,491.42044201328184,445.42044201328184,0.0
15,2,443.5,465.9276695296633,0.0
15,10,410.1275487944683,467.1275487944683,0.0
15,18,411.0953012433452,442.0953012433452,0.0
16,5,467.2620274323033,458.26202743230334,0.0
16,16,443.6762409946762,506.67624099467616,0.0
16,20,404.7975613382359,510.79756133823594,0.0
16,12,399.55492065111656,436.55492065111656,0.0
16,8,445.75874107749337,495.2412589225066,0.0
16,17,448.84781386993,493.15218613006994,0.0
16,1,392.0904545570493,486.0904545570493,0.0
16,19,392.79756133823605,486.79756133823605,0.0
16,6,405.7492424049172,511.5,0.0
16,11,460.5776695296635,449.5,0.0
16,9,486.4517015785613,549.5,0.0
16,14,403.17295463986653,493.17295463986653,0.0
16,3,444.5549206511164,455.4450793488836,0.0
16,7,456.74924240491725,449.5,0.0
16,4,462.6762409946763,450.67624099467633,0.0
16,13,497.26202743230317,455.26202743230317,0.0
16,15,490.5341521413199,444.46584785868004,0.0
16,2,442.84781386992995,464.84781386992995,0.0
16,10,409.1729546398664,466.1729546398664,0.0
16,18,410.14070708874334,441.14070708874334,0.0
17,5,466.2276695296637,457.5,0.0
17,16,442.72164684007436,505.72164684007436,0.0
17,20,403.8429671836341,509.8429671836341,0.0
17,12,398.6003264965147,437.3996735034853,0.0
17,8,444.8041469228915,494.8041469228915,0.0
17,17,447.6418830920365,493.49999999999994,0.0
17,1,391.13586040244746,485.13586040244746,0.0
17,19,391.8429671836342,485.8429671836342,0.0
17,6,404.72164684007436,510.72164684007436,0.0
17,11,459.6003264965148,450.3996735034852,0.0
17,9,485.2183604852648,549.7816395147352,0.0
17,14,402.1017015785612,492.5,0.0
17,3,443.3074332777011,455.6925667222989,0.0
17,7,455.42875362126097,449.57124637873903,0.0
17,4,461.72164684007447,449.72164684007447,0.0
17,13,496.6925667222987,454.3074332777013,0.0
17,15,491.48874629592177,443.51125370407823,0.0
17,2,442.5,463.6418830920364,0.0
17,10,408.78163951473545,465.21836048526455,0.0
17,18,409.1861129341415,440.1861129341415,0.0
18,5,465.05994590428617,457.05994590428617,0.0
18,16,441.76705268547255,504.7670526854725,0.0
18,20,403.5,508.6350288425442,0.0
18,12,397.3528391230994,437.3528391230994,0.0
18,8,443.84955276828964,495.1504472317103,0.0
18,17,446.6457323419129,494.3542676580871,0.0
18,1,390.8187337521544,484.1812662478456,0.0
18,19,390.8883730290323,484.8883730290323,0.0
18,6,403.7670526854725,509.76705268547255,0.0
18,11,458.64573234191295,449.64573234191295,0.0
18,9,484.263766330663,550.736233669337,0.0
18,14,400.75170157856115,492.5,0.0
18,3,442.29188309203624,456.5,0.0
18,7,454.4741594666591,450.5258405333409,0.0
18,4,460.4741594666592,449.5258405333408,0.0
18,13,497.35283912309944,453.35283912309944,0.0
18,15,492.44334045052364,442.55665954947636,0.0
18,2,442.5,462.29188309203636,0.0
18,10,409.2637663306627,464.2637663306627,0.0
18,18,408.5,439.12031021678246,0.0
19,5,464.1053517496843,456.1053517496843,0.0
19,16,440.52766952966346,504.49999999999994,0.0
19,20,402.64088565561696,507.64088565561696,0.0
19,12,396.3982449684975,436.3982449684975,0.0
19,8,442.8949586136878,494.8949586136878,0.0
19,17,445.691138187311,495.3088618126889,0.0
19,1,391.22667209324374,483.22667209324374,0.0
19,19,391.06622112556954,483.93377887443046,0.0
19,6,403.5,508.5276695296634,0.0
19,11,457.35609665440967,449.5,0.0
19,9,483.3091721760611,551.6908278239389,0.0
19,14,399.72338573843416,491.7233857384341,0.0
19,3,441.10535174968396,456.89464825031604,0.0
19,7,453.51956531205724,451.48043468794276,0.0
19,4,459.51956531205735,450.48043468794265,0.0
19,13,496.3982449684976,452.3982449684976,0.0
19,15,491.6020653948745,441.6020653948745,0.0
19,2,442.105351749684,461.105351749684,0.0
19,10,408.3091721760608,463.3091721760608,0.0
19,18,407.98403140612436,437.98403140612436,0.0
20,5,463.84924240491756,455.15075759508244,0.0
20,16,439.272077938642,504.72792206135796,0.0
20,20,402.3933982822017,506.39339828220164,0.0
20,12,395.5,435.4203102167826,0.0
20,8,441.9403644590859,495.05963554091403,0.0
20,17,444.73654403270916,494.73654403270916,0.0
20,1,390.27207793864187,482.27207793864187,0.0
20,19,390.9791847198286,482.9791847198286,0.0
20,6,402.5649711574554,507.5649711574554,0.0
20,11,456.00609665440965,449.5,0.0
20,9,482.35457802145925,552.6454219785408,0.0
20,14,398.4659151409343,491.49999999999994,0.0
20,3,440.1507575950821,457.8492424049179,0.0
20,7,452.5649711574554,452.4350288425446,0.0
20,4,458.5649711574555,449.5649711574555,0.0
20,13,495.49999999999994,451.4203102167827,0.0
20,15,491.3545780214592,440.3545780214592,0.0
20,2,441.0060966544094,460.5,0.0
20,10,407.5,462.29434226568014,0.0
20,18,406.8345237791556,437.5,0.0
21,5,464.5,454.0703102167829,0.0
21,16,438.3174837840402,505.6825162159598,0.0
21,20,401.43880412759984,505.43880412759984,0.0
21,12,395.1961634404804,434.1961634404804,0.0
21,8,440.9857703044841,496.0142296955159,0.0
21,17,443.7819498781073,495.21805012189265,0.0
21,1,389.31748378404,481.31748378404,0.0
21,19,390.02459056522673,482.02459056522673,0.0
21,6,402.3174837840401,506.31748378404006,0.0
21,11,454.90327022166707,450.09672977833293,0.0
21,9,481.3585558280536,553.5,0.0
21,14,397.1159151409343,491.49999999999994,0.0
21,3,439.19616344048023,458.80383655951977,0.0
21,7,451.6103770028535,451.6103770028535,0.0
21,4,457.24188309203663,449.5,0.0
21,13,495.1961634404804,450.19616344048046,0.0
21,15,490.3999838668573,439.3999838668574,0.0
21,2,439.9032702216669,459.9032702216669,0.0
21,10,407.89290935195635,461.10709064804365,0.0
21,18,405.48452377915555,437.5,0.0
22,5,464.5,452.7203102167829,0.0
22,16,437.3628896294383,506.63711037056163,0.0
22,20,400.5,504.4776695296635,0.0
22,12,394.24156928587854,433.24156928587854,0.0
22,8,440.0311761498823,496.96882385011776,0.0
22,17,442.82735572350543,494.82735572350543,0.0
22,1,388.30609665440943,480.5,0.0
22,19,389.06999641062487,481.06999641062487,0.0
22,6,401.36288962943826,505.36288962943826,0.0
22,11,453.9486760670652,451.0513239329348,0.0
22,9,480.0085558280536,553.5,0.0
22,14,395.7659151409343,491.49999999999994,0.0
22,3,438.24156928587837,459.24156928587837,0.0
22,7,450.3628896294382,451.6371103705618,0.0
22,4,455.8918830920366,449.5,0.0
22,13,494.2415692858786,449.2415692858786,0.0
22,15,489.4453897122555,438.44538971225546,0.0
22,2,438.94867606706504,458.94867606706504,0.0
22,10,408.1524964934418,460.1524964934418,0.0
22,18,404.2415692858785,437.7584307141215,0.0
23,5,463.70118869365,451.70118869365,0.0
23,16,436.4082954748365,507.5917045251635,0.0
23,20,400.76327740041734,503.23672259958266,0.0
23,12,393.5,432.1987373415288,0.0
23,8,439.0765819952805,497.0765819952805,0.0
23,17,441.87276156890357,495.1272384310964,0.0
23,1,387.11540225602283,480.88459774397717,0.0
23,19,387.9560966544097,480.5,0.0
23,6,400.5,504.3703102167827,0.0
23,11,452.99408191246334,452.00591808753666,0.0
23,9,478.9050091200268,554.0949908799732,0.0
23,14,394.733436244773,490.7334362447729,0.0
23,3,437.2869751312765,458.7130248687235,0.0
23,7,449.40829547483634,452.59170452516366,0.0
23,4,454.8225090372096,450.1774909627904,0.0
23,13,493.28697513127673,448.28697513127673,0.0
23,15,488.49079555765366,437.49079555765366,0.0
23,2,437.7845237791556,458.5,0.0
23,10,407.1979023388399,459.1979023388399,0.0
23,18,403.2869751312766,438.2869751312766,0.0
24,5,462.74659453904815,450.7465945390482,0.0
24,16,435.4537013202347,508.54629867976536,0.0
24,20,401.2821284449808,502.28212844498086,0.0
24,12,393.0394877578614,431.0394877578614,0.0
24,8,438.1219878406787,496.8780121593214,0.0
24,17,440.91816741430176,496.08183258569824,0.0
24,1,386.5,481.9796897832175,0.0
24,19,386.86791488260775,481.13208511739225,0.0
24,6,400.83919189857886,503.16080810142114,0.0
24,11,452.0394877578615,452.0394877578615,0.0
24,9,477.95041496542495,553.9504149654249,0.0
24,14,393.7788420901711,489.7788420901711,0.0
24,3,436.33238097667464,459.33238097667464,0.0
24,7,448.4537013202345,453.4537013202345,0.0
24,4,453.86791488260775,451.13208511739225,0.0
24,13,492.33238097667487,447.33238097667487,0.0
24,15,487.5362014030518,436.5362014030518,0.0
24,2,436.7465945390479,459.2534054609521,0.0
24,10,406.5,458.1369829527993,0.0
24,18,402.26295090390175,437.5,0.0
25,5,461.79200038444634,449.79200038444634,0.0
25,16,434.49910716563284,509.50089283436716,0.0
25,20,400.327534290379,501.327534290379,0.0
25,12,392.5,429.9129509039019,0.0
25,8,437.1673936860768,497.8326063139232,0.0
25,17,439.96357325969996,497.0364267403001,0.0
25,1,385.9133207280057,483.0866792719943,0.0
25,19,386.5,482.3296897832172,0.0
25,6,401.2062139468193,502.20621394681933,0.0
25,11,450.91295090390196,451.5,0.0
25,9,476.9958208108231,554.0041791891769,0.0
25,14,393.5,488.5443422656804,0.0
25,3,435.32716446627467,458.5,0.0
25,7,447.4991071656326,452.5008928343674,0.0
25,4,452.9133207280059,452.0866792719941,0.0
25,13,491.5,446.32716446627495,0.0
25,15,486.2011965151728,436.5,0.0
25,2,435.79200038444606,458.79200038444606,0.0
25,10,405.9958208108228,456.9958208108228,0.0
25,18,400.91295090390173,437.5,0.0
26,5,460.56295090390216,449.5,0.0
26,16,433.54451301103103,510.455486988969,0.0
26,20,399.5,500.3203102167828,0.0
26,12,393.1625937701557,428.8374062298443,0.0
26,8,436.21279953147496,498.212799531475,0.0
26,17,439.00897910509815,497.00897910509815,0.0
26,1,384.95872657340385,482.95872657340385,0.0
26,19,385.66583335459063,483.33416664540937,0.0
26,6,400.25161979221747,501.25161979221747,0.0
26,11,449.83740622984436,452.16259377015564,0.0
26,9,476.0412266562213,554.9587733437787,0.0
26,14,393.2838673433405,487.2838673433405,0.0
26,3,434.1302994486575,458.8697005513425,0.0
26,7,446.54451301103074,453.45548698896926,0.0
26,4,451.958726573404,451.958726573404,0.0
26,13,491.1302994486577,445.13029944865775,0.0
26,15,484.8511965151728,436.5,0.0
26,2,434.56295090390176,458.5,0.0
26,10,405.95877334377906,456.04122665622094,0.0
26,18,399.8374062298442,436.8374062298442,0.0
27,5,459.5899188564292,450.4100811435708,0.0
27,16,432.58991885642916,511.41008114357084,0.0
27,20,399.1254527623619,499.1254527623619,0.0
27,12,393.5,427.62716446627496,0.0
27,8,435.2582053768731,497.7417946231269,0.0
27,17,438.05438495049634,496.9456150495037,0.0
27,1,384.004132418802,482.995867581198,0.0
27,19,384.71123919998877,482.71123919998877,0.0
27,6,399.5,500.21295090390197,0.0
27,11,448.8828120752425,453.1171879247575,0.0
27,9,475.0866325016195,555.0866325016194,0.0
27,14,392.3292731887386,486.3292731887386,0.0
27,3,433.0413780286477,459.5,0.0
27,7,445.5899188564289,454.4100811435711,0.0
27,4,450.7987373415289,451.5,0.0
27,13,490.82429470594406,444.17570529405594,0.0
27,15,483.7937392828059,437.2062607171941,0.0
27,2,433.58991885642894,459.41008114357106,0.0
27,10,406.0866325016191,455.0866325016191,0.0
27,18,398.8828120752423,437.1171879247577,0.0
28,5,458.63532470182736,449.63532470182736,0.0
28,16,431.6353247018273,512.3646752981726,0.0
28,20,398.17085860776,498.17085860776007,0.0
28,12,392.63532470182713,426.63532470182713,0.0
28,8,434.3036112222713,498.69638877772877,0.0
28,17,437.0997907958945,497.9002092041055,0.0
28,1,383.0495382642001,483.9504617357999,0.0
28,19,383.7566450453869,483.2433549546131,0.0
28,6,399.0495382642003,499.04953826420035,0.0
28,11,447.92821792064063,452.92821792064063,0.0
28,9,474.1320383470176,554.8679616529824,0.0
28,14,391.37467903413676,485.37467903413676,0.0
28,3,431.92821792064035,460.07178207935965,0.0
28,7,444.635324701827,455.364675298173,0.0
28,4,449.7566450453869,452.2433549546131,0.0
28,13,491.7788888605459,443.2211111394541,0.0
28,15,482.83914512820405,438.16085487179595,0.0
28,2,432.3424314830136,459.6575685169864,0.0
28,10,405.1320383470172,454.1320383470172,0.0
28,18,397.6913780286479,437.5,0.0
29,5,457.34137802864836,449.5,0.0
29,16,430.3413780286483,512.5,0.0
29,20,397.7837355468418,497.2162644531582,0.0
29,12,391.68073054722527,425.68073054722527,0.0
29,8,433.2864778894113,499.50000000000006,0.0
29,17,436.1451966412926,498.14519664129267,0.0
29,1,381.9271644662748,484.5,0.0
29,19,382.80205089078504,484.19794910921496,0.0
29,6,398.0949441095985,498.0949441095985,0.0
29,11,446.97362376603877,453.02637623396123,0.0
29,9,473.17744419241575,555.8225558075843,0.0
29,14,390.5799151204651,484.4200848795349,0.0
29,3,430.9736237660385,461.0263762339615,0.0
29,7,443.3878373284117,455.6121626715883,0.0
29,4,448.80205089078504,453.19794910921496,0.0
29,13,492.2665169848522,442.2665169848522,0.0
29,15,481.8845509736022,439.11544902639776,0.0
29,2,431.38783732841176,460.61216267158824,0.0
29,10,404.17744419241535,453.17744419241535,0.0
29,18,396.6807305472252,436.6807305472252,0.0
30,5,455.99137802864834,449.5,0.0
30,16,428.9913780286483,512.5,0.0
30,20,398.2616702985564,496.26167029855634,0.0
30,12,392.2738636073766,424.7261363926234,0.0
30,8,432.10152969425417,499.8984703057459,0.0
30,17,435.19060248669075,497.80939751330925,0.0
30,1,380.847456736183,485.152543263817,0.0
30,19,381.57716446627506,484.5,0.0
30,6,397.8596500450034,497.1403499549967,0.0
30,11,446.0190296114369,453.9809703885631,0.0
30,9,472.2228500378139,556.7771499621861,0.0
30,14,391.46549072493303,483.46549072493303,0.0
30,3,429.8198051533939,461.5,0.0
30,7,442.40559159102094,456.5,0.0
30,4,447.8474567361832,452.8474567361832,0.0
30,13,491.5,441.2340187157673,0.0
30,15,480.9299568190004,438.9299568190004,0.0
30,2,430.405591591021,461.5,0.0
30,10,403.5,452.10805076466465,0.0
30,18,395.72613639262335,435.72613639262335,0.0
31,5,454.8928625815815,450.1071374184185,0.0
31,16,427.64137802864826,512.5,0.0
31,20,397.5,495.22716446627516,0.0
31,12,391.77154223802154,423.77154223802154,0.0
31,8,431.1469355396523,500.8530644603477,0.0
31,17,434.23600833208894,498.7639916679111,0.0
31,1,379.89286258158114,484.89286258158114,0.0
31,19,380.5999693627679,485.4000306372321,0.0
31,6,398.1857558003948,496.1857558003948,0.0
31,11,445.06443545683504,454.93556454316496,0.0
31,9,471.1722643270383,557.5,0.0
31,14,390.51089657033117,482.51089657033117,0.0
31,3,428.4786490192079,461.5213509807921,0.0
31,7,441.1857558003946,456.8142441996054,0.0
31,4,446.8928625815813,453.1071374184187,0.0
31,13,491.06443545683504,440.0644354568351,0.0
31,15,479.9753626643986,439.0246373356015,0.0
31,2,429.05559159102097,461.5,0.0
31,10,402.9753626643982,450.9753626643982,0.0
31,18,395.47864901920804,434.47864901920804,0.0
32,5,453.9382684269796,451.0617315730204,0.0
32,16,426.29137802864824,512.5,0.0
32,20,397.0595887705392,494.0595887705392,0.0
32,12,390.5340187157672,423.5,0.0
32,8,430.1923413850505,501.19234138505055,0.0
32,17,433.19087296525976,499.50000000000006,0.0
32,1,378.9382684269793,485.0617315730207,0.0
32,19,379.64537520816606,484.64537520816606,0.0
32,6,397.5,495.11980515339434,0.0
32,11,443.9482322781404,455.5,0.0
32,9,470.02076850979677,557.9792314902032,0.0
32,14,389.5563024157293,481.5563024157293,0.0
32,3,427.52405486460606,462.47594513539394,0.0
32,7,440.2311616457927,457.7688383542073,0.0
32,4,445.93826842697945,454.06173157302055,0.0
32,13,490.10984130223324,439.10984130223324,0.0
32,15,479.0207685097967,439.0207685097967,0.0
32,2,427.93826842697933,462.06173157302067,0.0
32,10,402.5,449.8222643270377,0.0
32,18,394.52405486460617,433.52405486460617,0.0
33,5,452.98367427237775,452.01632572762225,0.0
33,16,425.10499461593736,512.1049946159374,0.0
33,20,396.5,492.9413780286482,0.0
33,12,389.5694607100044,422.5694607100044,0.0
33,8,429.2377472304487,500.7622527695513,0.0
33,17,432.03392680407177,499.96607319592823,0.0
33,1,377.9836742723774,484.9836742723774,0.0
33,19,378.6907810535642,485.3092189464358,0.0
33,6,396.9836742723777,493.98367427237764,0.0
33,11,442.8623539288179,456.1376460711821,0.0
33,9,469.0661743551949,558.0661743551949,0.0
33,14,388.60170826112744,480.60170826112744,0.0
33,3,426.27656749119075,462.72343250880925,0.0
33,7,439.27656749119086,458.72343250880914,0.0
33,4,444.9836742723776,455.0163257276224,0.0
33,13,489.1552471476314,438.15524714763137,0.0
33,15,478.06617435519485,438.93382564480515,0.0
33,2,426.7698051533941,462.5,0.0
33,10,402.4803879175676,448.4803879175676,0.0
33,18,393.5694607100043,432.5694607100043,0.0
34,5,452.0290801177759,452.0290801177759,0.0
34,16,424.0055915910213,511.5,0.0
34,20,395.8575072425221,491.85750724252205,0.0
34,12,389.3219733365891,421.3219733365891,0.0
34,8,428.19333213890377,501.50000000000006,0.0
34,17,431.07933264946996,500.9206673505301,0.0
34,1,377.02908011777555,484.97091988222445,0.0
34,19,377.73618689896233,484.73618689896233,0.0
34,6,396.5,492.8340187157674,0.0
34,11,441.6624458405135,456.5,0.0
34,9,467.95069145178445,557.5,0.0
34,14,387.35422088771213,480.64577911228787,0.0
34,3,425.5,463.75176772186,0.0
34,7,438.321973336589,459.321973336589,0.0
34,4,443.83401871576734,455.5,0.0
34,13,488.20065299302956,437.20065299302956,0.0
34,15,477.111580200593,439.88841979940696,0.0
34,2,425.7361868989622,463.2638131010378,0.0
34,10,401.52579376296575,447.52579376296575,0.0
34,18,393.321973336589,431.321973336589,0.0
35,5,450.8982322781406,451.5,0.0
35,16,422.90291308792024,512.0970869120798,0.0
35,20,394.90291308792024,490.90291308792024,0.0
35,12,388.36737918198725,420.36737918198725,0.0
35,8,427.0356657024316,501.9643342975684,0.0
35,17,430.12473849486815,501.12473849486815,0.0
35,1,375.89823227814014,485.5,0.0
35,19,376.78159274436047,485.21840725563953,0.0
35,6,395.7815927443605,491.78159274436047,0.0
35,11,440.6602724008008,457.3397275991992,0.0
35,9,466.8640928271777,558.1359071728222,0.0
35,14,386.5,481.6419492353351,0.0
35,3,425.07448596317363,464.92551403682637,0.0
35,7,437.36737918198713,458.63262081801287,0.0
35,4,442.78159274436047,456.21840725563953,0.0
35,13,487.1408729652597,436.5,0.0
35,15,476.49999999999994,440.98509498584247,0.0
35,2,425.4886995255469,464.5113004744531,0.0
35,10,400.5711996083639,446.5711996083639,0.0
35,18,392.5,430.31244584051325,0.0
36,5,449.8269985897587,452.1730014102413,0.0
36,16,421.71980515339436,512.5,0.0
36,20,393.9483189333184,489.9483189333184,0.0
36,12,387.5,419.37665940288645,0.0
36,8,426.0810715478297,502.9189284521703,0.0
36,17,429.17014434026635,500.8298556597337,0.0
36,1,374.82699858975843,486.17300141024157,0.0
36,19,375.5482322781404,485.5,0.0
36,6,394.82699858975866,490.82699858975866,0.0
36,11,439.70567824619894,458.29432175380106,0.0
36,9,465.909498672576,559.090501327424,0.0
36,14,386.152139359695,482.847860640305,0.0
36,3,423.9624458405131,465.5,0.0
36,7,436.41278502738527,459.41278502738527,0.0
36,4,441.5482322781404,456.5,0.0
36,13,485.79087296525967,436.5,0.0
36,15,475.90949867257586,442.09050132742414,0.0
36,2,424.53410537094504,465.46589462905496,0.0
36,10,399.616605453762,445.616605453762,0.0
36,18,392.8801081914281,429.1198918085719,0.0
37,5,448.87240443515685,453.12759556484315,0.0
37,16,420.36980515339434,512.5,0.0
37,20,393.5,488.7840187157675,0.0
37,12,387.83470234602987,418.16529765397013,0.0
37,8,424.9717592636499,503.5,0.0
37,17,428.09772721475224,501.50000000000006,0.0
37,1,373.87240443515657,487.12759556484343,0.0
37,19,374.5795112163433,486.4204887836567,0.0
37,6,393.8724044351568,489.8724044351568,0.0
37,11,438.7510840915971,459.2489159084029,0.0
37,9,464.95490451797417,560.0450954820259,0.0
37,14,385.19754520509315,483.19754520509315,0.0
37,3,422.8724044351565,464.8724044351565,0.0
37,7,435.44087296525936,458.5,0.0
37,4,440.5795112163433,457.4204887836567,0.0
37,13,484.4581908727837,436.54180912721637,0.0
37,15,474.95490451797406,441.954904517974,0.0
37,2,423.28661799752973,465.28661799752973,0.0
37,10,399.3691180803467,444.3691180803467,0.0
37,18,393.5,428.0266594028863,0.0
38,5,447.917810280555,452.917810280555,0.0
38,16,419.0198051533943,512.5,0.0
38,20,393.4533441864878,487.4533441864878,0.0
38,12,388.5,417.09087296525956,0.0
38,8,423.8789900198126,504.1210099801874,0.0
38,17,426.96806281224923,502.0319371877508,0.0
38,1,372.6766594028863,487.5,0.0
38,19,373.6249170617414,487.3750829382586,0.0
38,6,393.5,488.6766594028866,0.0
38,11,437.7964899369952,458.7964899369952,0.0
38,9,464.0003103633723,560.9996896366277,0.0
38,14,384.2429510504913,482.7570489495087,0.0
38,3,421.91781028055465,465.08218971944535,0.0
38,7,434.21070349936815,458.78929650063185,0.0
38,4,439.6249170617414,458.3750829382586,0.0
38,13,483.5035967181818,437.4964032818182,0.0
38,15,474.0003103633722,441.9996896366278,0.0
38,2,422.33202384292787,464.66797615707213,0.0
38,10,398.5,443.37911857653,0.0
38,18,392.9178102805547,426.9178102805547,0.0
39,5,446.9632161259531,453.0367838740469,0.0
39,16,417.912963594259,511.912963594259,0.0
39,20,392.49875003188595,486.49875003188595,0.0
39,12,388.5,415.74087296525954,0.0
39,8,422.685972826023,504.49999999999994,0.0
39,17,426.01346865764737,502.98653134235263,0.0
39,1,371.37742968832595,487.62257031167405,0.0
39,19,372.32665940288655,487.5,0.0
39,6,393.37742968832623,487.37742968832623,0.0
39,11,436.84189578239335,459.15810421760665,0.0
39,9,463.04571620877044,561.0457162087705,0.0
39,14,383.2883568958894,483.7116431041106,0.0
39,3,420.7408729652593,465.5,0.0
39,7,433.1550865276325,459.5,0.0
39,4,438.67032290713956,459.32967709286044,0.0
39,13,482.54900256357996,438.45099743642004,0.0
39,15,473.04571620877033,442.04571620877033,0.0
39,2,421.3266594028864,465.5,0.0
39,10,398.8329634476704,442.1670365523296,0.0
39,18,391.96321612595284,425.96321612595284,0.0
40,5,446.00862197135126,453.99137802864874,0.0
40,16,416.95836943965713,512.0416305603428,0.0
40,20,391.5441558772841,485.5441558772841,0.0
40,12,387.7157287525377,414.7157287525377,0.0
40,8,421.6769084917955,505.3230915082045,0.0
40,17,424.8761543394984,503.5,0.0
40,1,370.4228355337241,488.5771644662759,0.0
40,19,371.12994231491086,487.87005768508914,0.0
40,6,392.42283553372437,486.42283553372437,0.0
40,11,435.8873016277915,458.8873016277915,0.0
40,9,462.09112205416864,560.9088779458314,0.0
40,14,382.2649050141572,484.5,0.0
40,3,419.71572875253753,466.28427124746247,0.0
40,7,432.00862197135103,459.99137802864897,0.0
40,4,437.7157287525377,458.7157287525377,0.0
40,13,481.5944084089781,439.40559159102185,0.0
40,15,472.09112205416847,441.9088779458315,0.0
40,2,420.12994231491075,465.87005768508925,0.0
40,10,399.2124423977277,441.2124423977277,0.0
40,18,391.991378028649,425.008621971351,0.0
41,5,445.0540278167494,454.9459721832506,0.0
41,16,416.0037752850553,512.9962247149447,0.0
41,20,390.5895617226822,484.5895617226822,0.0
41,12,386.76113459793584,413.76113459793584,0.0
41,8,420.7223143371936,506.27768566280633,0.0
41,17,423.8113871296302,504.18861287036975,0.0
41,1,369.4682413791222,489.4682413791222,0.0
41,19,370.175348160309,488.824651839691,0.0
41,6,391.4682413791225,485.4682413791225,0.0
41,11,434.6977272147519,458.5,0.0
41,9,460.98597282602316,561.5,0.0
41,14,381.0862753678723,484.9137246321277,0.0
41,3,418.45508652763243,466.5,0.0
41,7,431.05402781674917,460.94597218325083,0.0
41,4,436.76113459793584,459.23886540206416,0.0
41,13,480.6398142543763,438.6398142543763,0.0
41,15,471.13652789956666,442.86347210043334,0.0
41,2,419.0408729652595,466.5,0.0
41,10,398.25784824312586,440.25784824312586,0.0
41,18,392.0540278167491,424.0540278167491,0.0
42,5,443.93351365237896,455.5,0.0
42,16,415.04918113045346,513.0491811304535,0.0
42,20,391.45519595767166,483.5536189775393,0.0
42,12,385.806540443334,412.806540443334,0.0
42,8,419.7677201825918,507.2322798174082,0.0
42,17,422.4984793337135,504.50152066628647,0.0
42,1,368.51364722452035,488.51364722452035,0.0
42,19,369.22075400570714,489.22075400570714,0.0
42,6,390.51364722452064,484.51364722452064,0.0
42,11,433.6614348601042,459.36521567004917,0.0
42,9,459.63597282602313,561.5,0.0
42,14,380.13168121327044,485.13168121327044,0.0
42,3,417.22075400570697,466.77924599429303,0.0
42,7,429.9335136523786,461.5,0.0
42,4,435.5963229707819,458.55643308069676,0.0
42,13,479.5622355239434,439.4530326012664,0.0
42,15,470.18193374496485,443.8180662550352,0.0
42,2,417.6908729652595,466.5,0.0
42,10,397.303254088524,439.303254088524,0.0
42,18,390.93351365237856,423.5,0.0
43,5,442.8519462887323,456.1480537112677,0.0
43,16,414.0945869758516,512.9054130241484,0.0
43,20,390.59481433131566,482.59481433131566,0.0
43,12,384.8519462887321,411.8519462887321,0.0
43,8,418.81312602799,508.18687397201006,0.0
43,17,421.54388517911167,505.45611482088833,0.0
43,1,367.26615985110504,488.26615985110504,0.0
43,19,368.1693000900058,488.5,0.0
43,6,391.4409469300812,483.5590530699188,0.0
43,11,432.4012204435567,459.5987795564433,0.0
43,9,458.6415531527362,560.6415531527363,0.0
43,14,379.1770870586686,484.8229129413314,0.0
43,3,416.2661598511051,467.7338401488949,0.0
43,7,428.5835136523786,461.5,0.0
43,4,434.3314518668179,458.6685481331821,0.0
43,13,478.60053839923125,438.60053839923125,0.0
43,15,469.227339590363,444.227339590363,0.0
43,2,416.6803734134783,467.3196265865217,0.0
43,10,396.65134006607786,438.34865993392214,0.0
43,18,389.851946288732,422.851946288732,0.0
44,5,441.6477272147521,456.5,0.0
44,16,412.9908729652597,513.5,0.0
44,20,389.6402201767138,481.6402201767138,0.0
44,12,385.10264786586976,410.89735213413024,0.0
44,8,417.8585318733882,507.8585318733882,0.0
44,17,420.5892910245098,506.41070897549014,0.0
44,1,366.6884343034968,487.3115656965032,0.0
44,19,367.01867247769,488.01867247769,0.0
44,6,390.6044589153169,482.6044589153169,0.0
44,11,431.44662628895486,460.55337371104514,0.0
44,9,457.39406577932095,560.605934220679,0.0
44,14,378.2224929040667,485.2224929040667,0.0
44,3,415.31156569650324,468.31156569650324,0.0
44,7,427.60445891531674,462.39554108468326,0.0
44,4,433.32585050651426,459.5,0.0
44,13,477.6459442446294,439.3540557553706,0.0
44,15,468.2727454357611,443.7272545642388,0.0
44,2,415.72577925887646,468.27422074112354,0.0
44,10,397.3940657793203,437.3940657793203,0.0
44,18,389.5,421.6477272147517,0.0
45,5,440.64986476071516,457.35013523928484,0.0
45,16,411.8925054478344,512.8925054478344,0.0
45,20,388.68562602211193,480.68562602211193,0.0
45,12,384.9427579795284,409.9427579795284,0.0
45,8,416.9039377187864,508.0960622812137,0.0
45,17,419.634696869908,507.365303130092,0.0
45,1,367.3569715419013,486.3569715419013,0.0
45,19,366.93592167691185,487.06407832308815,0.0
45,6,389.64986476071505,481.64986476071505,0.0
45,11,430.4887317363389,461.5,0.0
45,9,456.41439995076934,561.5,0.0
45,14,377.26789874946485,484.73210125053515,0.0
45,3,414.3569715419014,467.6430284580986,0.0
45,7,426.35697154190143,462.64302845809857,0.0
45,4,432.12937033880075,459.87062966119925,0.0
45,13,476.6913500900275,440.3086499099724,0.0
45,15,467.2428270755153,444.5,0.0
45,2,414.7711851042746,467.7711851042746,0.0
45,10,396.4394716247184,436.4394716247184,0.0
45,18,388.6498647607149,420.6498647607149,0.0
46,5,439.6952706061133,458.3047293938867,0.0
46,16,410.93791129323256,511.93791129323256,0.0
46,20,387.4381386486966,480.5618613513034,0.0
46,12,385.0118361750735,408.9881638249265,0.0
46,8,415.9493435641845,509.0506564358155,0.0
46,17,418.6801027153062,508.31989728469387,0.0
46,1,366.40237738729945,485.40237738729945,0.0
46,19,367.1094841684863,486.1094841684863,0.0
46,6,388.6952706061132,480.6952706061132,0.0
46,11,429.13873173633885,461.5,0.0
46,9,455.0643999507693,561.5,0.0
46,14,376.23597282602253,485.5,0.0
46,3,413.3619407771247,468.5,0.0
46,7,425.5,463.6380592228752,0.0
46,4,431.1747761841989,460.8252238158011,0.0
46,13,476.4438627166122,441.5561372833877,0.0
46,15,465.8928270755153,444.5,0.0
46,2,413.81659094967273,468.18340905032727,0.0
46,10,395.5,435.47861351314145,0.0
46,18,387.695270606113,419.695270606113,0.0
47,5,438.74067645151143,459.25932354848857,0.0
47,16,409.7693000900058,511.5,0.0
47,20,386.5,481.52327159962687,0.0
47,12,385.03356967032465,408.03356967032465,0.0
47,8,414.7854677626348,509.5,0.0
47,17,417.7255085607044,507.7255085607044,0.0
47,1,365.4477832326976,484.4477832326976,0.0
47,19,366.1548900138844,485.1548900138844,0.0
47,6,387.4477832326979,480.5522167673021,0.0
47,11,427.99705738752243,462.00294261247757,0.0
47,9,453.94449687788847,562.0555031221115,0.0
47,14,375.06581722144773,485.93418277855227,0.0
47,3,412.01194077712466,468.5,0.0
47,7,425.1548900138843,464.8451099861157,0.0
47,4,430.10427763126046,461.5,0.0
47,13,475.4892685620104,442.48926856201035,0.0
47,15,464.8231765343287,445.1768234656713,0.0
47,2,412.5977272147517,468.5,0.0
47,10,395.2373900967013,434.2373900967013,0.0
47,18,387.5522167673023,418.4477832326977,0.0
48,5,437.78608229690957,458.78608229690957,0.0
48,16,408.4193000900058,511.5,0.0
48,20,386.2360571206795,482.7639428793205,0.0
48,12,383.9045814642441,407.5,0.0
48,8,413.45436881735395,509.45436881735395,0.0
48,17,416.7709144061026,508.2290855938975,0.0
48,1,364.5068109219043,483.4931890780957,0.0
48,19,365.20029585928256,484.20029585928256,0.0
48,6,386.5,481.50963209812886,0.0
48,11,426.852945298712,462.5,0.0
48,9,453.5,563.2213864868577,0.0
48,14,374.11122306684587,486.88877693315413,0.0
48,3,410.90740264046894,467.90740264046894,0.0
48,7,424.0761543394979,465.5,0.0
48,4,428.75427763126044,461.5,0.0
48,13,474.53467440740854,441.53467440740854,0.0
48,15,465.13141762027317,446.1314176202731,0.0
48,2,411.3216162028421,468.3216162028421,0.0
48,10,394.2827959420994,433.2827959420994,0.0
48,18,388.5,417.4903679018709,0.0
49,5,436.8314881423077,459.1685118576923,0.0
49,16,407.06930009000575,511.5,0.0
49,20,385.28146296607764,483.28146296607764,0.0
49,12,382.83148814230753,406.83148814230753,0.0
49,8,412.4997746627521,508.50022533724797,0.0
49,17,415.8163202515007,509.1836797484993,0.0
49,1,365.46140507650614,482.53859492349386,0.0
49,19,364.7542982953193,483.2457017046807,0.0
49,6,386.24570170468076,482.75429829531924,0.0
49,11,425.7949758595053,463.2050241404947,0.0
49,9,452.7424153498713,564.2575846501287,0.0
49,14,373.0143999507687,487.5,0.0
49,3,409.9528084858671,466.9528084858671,0.0
49,7,422.9528084858672,464.9528084858672,0.0
49,4,427.72520728276646,462.27479271723354,0.0
49,13,473.5800802528067,442.4199197471933,0.0
49,15,464.9139882251251,447.0860117748749,0.0
49,2,410.36702204824024,467.36702204824024,0.0
49,10,393.5,432.25704063788766,0.0
49,18,388.5,416.1403679018709,0.0
50,5,435.87689398770584,458.87689398770584,0.0
50,16,405.71930009000573,511.5,0.0
50,20,384.3268688114758,482.6731311885242,0.0
50,12,381.87689398770567,405.87689398770567,0.0
50,8,411.5451805081502,509.4548194918498,0.0
50,17,414.59734438972555,509.5,0.0
50,1,365.29110755007855,481.29110755007855,0.0
50,19,365.5,482.2045814642442,0.0
50,6,385.2911075500789,483.2911075500789,0.0
50,11,425.5,464.4328411389149,0.0
50,9,451.494927976456,564.505072023544,0.0
50,14,371.66439995076865,487.5,0.0
50,3,408.9982143312652,465.9982143312652,0.0
50,7,421.99821433126533,465.00178566873467,0.0
50,4,426.47771990935115,462.52228009064885,0.0
50,13,472.6254860982048,441.6254860982048,0.0
50,15,463.9593940705232,448.0406059294768,0.0
50,2,409.4124278936384,466.4124278936384,0.0
50,10,393.0807144140823,431.0807144140823,0.0
50,18,387.9982143312653,414.9982143312653,0.0
51,5,434.6830085889905,458.5,0.0
51,16,404.700474426156,510.70047442615606,0.0
51,20,383.3722746568739,483.6277253431261,0.0
51,12,382.0777001668962,404.9222998331038,0.0
51,8,410.5905863535484,510.40941364645164,0.0
51,17,413.3213455046701,509.3213455046701,0.0
51,1,364.5,480.26879502661683,0.0
51,19,365.0436201766636,481.0436201766636,0.0
51,6,384.336513395477,482.663486604523,0.0
51,11,424.5928943314882,465.4071056685118,0.0
51,9,450.5403338218541,565.4596661781459,0.0
51,14,370.66165416541344,488.33834583458656,0.0
51,3,408.95637982333665,465.04362017666335,0.0
51,7,420.85458146424406,465.5,0.0
51,4,425.5231257547493,463.4768742452507,0.0
51,13,471.67089194360295,442.329108056397,0.0
51,15,463.00479991592135,448.0047999159214,0.0
51,2,408.5421662609635,465.4578337390365,0.0
51,10,392.5,429.9712542002608,0.0
51,18,387.0436201766634,414.0436201766634,0.0
52,5,433.6748124596887,459.3251875403113,0.0
52,16,403.7458802715542,509.7458802715542,0.0
52,20,382.38358264986545,484.5,0.0
52,12,381.96770567850194,403.96770567850194,0.0
52,8,409.63599219894655,511.36400780105345,0.0
52,17,412.3667513500682,508.63324864993183,0.0
52,1,364.08902602206143,479.08902602206143,0.0
52,19,364.5,479.9187950266173,0.0
52,6,383.38191924087516,483.61808075912484,0.0
52,11,423.3454069580729,465.3454069580729,0.0
52,9,449.58573966725226,566.4142603327477,0.0
52,14,369.7070600108116,489.2929399891884,0.0
52,3,409.0890260220615,464.0890260220615,0.0
52,7,419.7961328032482,466.2038671967518,0.0
52,4,425.275638381334,464.724361618666,0.0
52,13,470.71629778900115,443.28370221099885,0.0
52,15,462.05020576131955,447.94979423868045,0.0
52,2,409.49676041556535,464.50323958443465,0.0
52,10,393.1213671139348,428.8786328860652,0.0
52,18,386.08902602206155,413.08902602206155,0.0
53,5,432.4273250862734,459.5726749137266,0.0
53,16,403.4983928981389,508.49839289813895,0.0
53,20,381.1701931288568,484.8298068711432,0.0
53,12,381.9868884760999,403.0131115239001,0.0
53,8,408.34232201212717,511.5,0.0
53,17,411.41215719546636,509.58784280453364,0.0
53,1,363.5,477.98300858898995,0.0
53,19,363.84153864864646,478.84153864864646,0.0
53,6,382.39722215136345,484.5,0.0
53,11,422.390812803471,464.609187196529,0.0
53,9,448.6311455126504,565.6311455126504,0.0
53,14,368.7524658562097,488.7524658562097,0.0
53,3,408.1344318674596,463.1344318674596,0.0
53,7,418.5687950266172,466.5,0.0
53,4,424.24691831837964,465.5,0.0
53,13,469.76170363439934,444.2382963656007,0.0
53,15,461.09561160671774,448.0956116067177,0.0
53,2,408.5486454298328,463.5486454298328,0.0
53,10,393.5,427.68546776263383,0.0
53,18,385.1344318674597,412.1344318674597,0.0
54,5,431.47273093167155,460.52726906832845,0.0
54,16,402.5437987435371,507.5437987435371,0.0
54,20,380.21559897425493,485.21559897425493,0.0
54,12,382.5,401.8756492761094,0.0
54,8,406.99232201212715,511.5,0.0
54,17,410.45756304086456,510.5424369591355,0.0
54,1,362.8869444940443,476.8869444940443,0.0
54,19,363.5,477.6330085889904,0.0
54,6,381.17983771285805,484.82016228714195,0.0
54,11,421.4097995482043,465.5,0.0
54,9,447.6765513580485,566.3234486419515,0.0
54,14,367.5070406378879,488.5,0.0
54,3,407.5,462.0472221513631,0.0
54,7,417.30115805641765,466.69884194358235,0.0
54,4,423.07355685331686,465.07355685331686,0.0
54,13,468.8071094797975,443.8071094797975,0.0
54,15,459.99232201212703,447.5,0.0
54,2,407.5940512752309,462.5940512752309,0.0
54,10,392.676551358048,426.676551358048,0.0
54,18,384.8201622871422,411.1798377128578,0.0
55,5,430.5181367770697,461.4818632229303,0.0
55,16,402.2963113701218,506.29631137012177,0.0
55,20,379.26100481965307,484.73899518034693,0.0
55,12,381.81102999588296,400.81102999588296,0.0
55,8,405.6423220121271,511.5,0.0
55,17,409.5029688862627,511.4970311137373,0.0
55,1,362.5,475.69722215136306,0.0
55,19,362.6394571206293,476.6394571206293,0.0
55,6,380.2252435582562,485.2252435582562,0.0
55,11,420.1887312754539,465.8112687245461,0.0
55,9,446.4290639846332,566.5709360153668,0.0
55,14,366.55038432819254,487.55038432819254,0.0
55,3,408.0676496605575,460.9323503394425,0.0
55,7,416.3465639018158,467.6534360981842,0.0
55,4,422.118962698715,464.881037301285,0.0
55,13,467.8525153251956,444.14748467480433,0.0
55,15,458.89353007870056,448.10646992129944,0.0
55,2,407.6534360981844,461.3465639018156,0.0
55,10,391.72195720344615,425.72195720344615,0.0
55,18,385.22524355825595,410.22524355825595,0.0
56,5,429.1756492761097,461.5,0.0
56,16,401.34171721551996,505.34171721551996,0.0
56,20,378.3064106650512,485.3064106650512,0.0
56,12,380.8564358412811,399.8564358412811,0.0
56,8,404.64604270528537,510.64604270528537,0.0
56,17,408.15419863921784,511.5,0.0
56,1,362.39196974721375,474.39196974721375,0.0
56,19,362.5,475.34722215136344,0.0
56,6,379.2706494036543,484.7293505963457,0.0
56,11,419.12401311057744,466.5,0.0
56,9,445.47446983003135,567.5255301699686,0.0
56,14,367.4042098264093,486.5957901735907,0.0
56,3,407.97775618484064,459.97775618484064,0.0
56,7,415.3919697472139,468.3919697472139,0.0
56,4,421.0253454431258,465.5,0.0
56,13,466.648531953836,444.5,0.0
56,15,457.9389359240987,449.06106407590124,0.0
56,2,408.39196974721375,460.39196974721375,0.0
56,10,392.2326369511557,424.7673630488443,0.0
56,18,384.7293505963459,409.2706494036541,0.0
57,5,428.0231620302391,461.9768379697609,0.0
57,16,400.5,504.3403679018712,0.0
57,20,377.35181651044934,484.64818348955066,0.0
57,12,379.6540764008556,399.5,0.0
57,8,403.6914485506835,509.69144855068356,0.0
57,17,406.8041986392178,511.5,0.0
57,1,361.4114357137362,473.5,0.0
57,19,362.1444823737987,474.1444823737987,0.0
57,6,378.31605524905245,485.31605524905245,0.0
57,11,417.7740131105774,466.5,0.0
57,9,444.5198756754295,568.4801243245705,0.0
57,14,366.6411960189888,485.6411960189888,0.0
57,3,407.0231620302388,459.0231620302388,0.0
57,7,414.43737559261206,467.56262440738794,0.0
57,4,419.9168811706979,466.0831188293021,0.0
57,13,465.35754057836505,444.642459421635,0.0
57,15,456.7707491368732,449.5,0.0
57,2,407.4373755926119,459.4373755926119,0.0
57,10,391.8127688942424,423.8127688942424,0.0
57,18,385.3160552490522,408.3160552490522,0.0
58,5,426.8898628384828,462.5,0.0
58,16,400.8603643124972,503.1396356875028,0.0
58,20,376.3546504617308,485.5,0.0
58,12,378.654354313264,398.654354313264,0.0
58,8,403.4439611772682,508.44396117726825,0.0
58,17,405.46761354720337,511.46761354720337,0.0
58,1,360.18988821919663,473.18988821919663,0.0
58,19,361.06143571373656,473.5,0.0
58,6,377.3614610944506,484.6385389055494,0.0
58,11,416.7391623740215,467.2608376259785,0.0
58,9,443.5652815208276,569.4347184791724,0.0
58,14,365.68660186438694,484.68660186438694,0.0
58,3,406.5,457.8898628384823,0.0
58,7,413.4756492761095,468.5,0.0
58,4,418.7395590054989,466.5,0.0
58,13,464.5970535762368,445.5970535762368,0.0
58,15,455.44396117726814,449.55603882273186,0.0
58,2,406.5,458.47564927610927,0.0
58,10,390.5923220121261,423.5,0.0
58,18,384.3040764008554,407.5,0.0
59,5,425.821080502222,463.178919497778,0.0
59,16,401.1850415329009,502.185041532901,0.0
59,20,375.1497349824322,485.8502650175678,0.0
59,12,379.3002398413379,397.6997601586621,0.0
59,8,402.5,507.4849626992464,0.0
59,17,404.5130193926015,510.51301939260156,0.0
59,1,359.23529406459477,472.23529406459477,0.0
59,19,359.9424008457816,472.9424008457816,0.0
59,6,376.3682899632288,485.5,0.0
59,11,415.7845682194196,468.2154317805804,0.0
59,9,442.61068736622576,570.3893126337742,0.0
59,14,364.7320077097851,483.7320077097851,0.0
59,3,405.82108050222166,456.82108050222166,0.0
59,7,412.12564927610947,468.5,0.0
59,4,417.4219064238673,466.5780935761327,0.0
59,13,465.44835226916143,446.5516477308386,0.0
59,15,454.4893670226663,450.5106329773337,0.0
59,2,406.23529406459477,457.23529406459477,0.0
59,10,389.6106873662253,422.6106873662253,0.0
59,18,383.1139737210351,407.1139737210351,0.0
60,5,425.5,464.39592359914406,0.0
60,16,400.2304473782991,501.2304473782991,0.0
60,20,374.19514082783036,486.80485917216964,0.0
60,12,378.74516600406025,396.74516600406025,0.0
60,8,402.24187964925113,506.2418796492511,0.0
60,17,403.5584252379997,509.5584252379997,0.0
60,1,358.5,471.1898628384824,0.0
60,19,358.98780669117974,471.98780669117974,0.0
60,6,375.1593795664335,485.8406204335665,0.0
60,11,414.82997406481775,467.82997406481775,0.0
60,9,441.6560932116239,571.3439067883761,0.0
60,14,365.2225864448168,482.7774135551832,0.0
60,3,406.1335136523802,455.8664863476198,0.0
60,7,410.9878066911796,467.9878066911796,0.0
60,4,416.46731226926545,467.53268773073455,0.0
60,13,464.49375811455957,447.50624188544043,0.0
60,15,453.5347728680644,451.4652271319356,0.0
60,2,405.7193000900071,456.2806999099929,0.0
60,10,389.36319999281,421.36319999281,0.0
60,18,382.15937956643324,406.15937956643324,0.0
61,5,424.6189989742049,465.3810010257951,0.0
61,16,399.5,500.1830085889905,0.0
61,20,373.13307758647693,487.5,0.0
61,12,378.49767863064494,395.49767863064494,0.0
61,8,401.28728549464927,505.28728549464927,0.0
61,17,403.3109378645844,508.31093786458445,0.0
61,1,358.03321253657765,470.03321253657765,0.0
61,19,358.5,470.83986283848276,0.0
61,6,374.2047854118316,486.7952145881684,0.0
61,11,413.8753799102159,468.1246200897841,0.0
61,9,440.70149905702203,572.298500942978,0.0
61,14,365.5,481.54232201212625,0.0
61,3,405.91189219301793,454.91189219301793,0.0
61,7,410.03321253657776,467.03321253657776,0.0
61,4,415.5127181146636,468.4872818853364,0.0
61,13,463.5391639599577,448.4608360400423,0.0
61,15,452.58017871346254,452.41982128653746,0.0
61,2,406.32610575539104,455.32610575539104,0.0
61,10,388.40860583820813,420.40860583820813,0.0
61,18,381.7952145881686,405.2047854118314,0.0
62,5,423.3715116007896,465.3715116007896,0.0
62,16,399.028365850282,499.028365850282,0.0
62,20,371.7830775864769,487.5,0.0
62,12,377.5430844760431,394.5430844760431,0.0
62,8,400.5,504.2633898239926,0.0
62,17,402.5,507.29683932633714,0.0
62,1,357.5,468.9040764008555,0.0
62,19,357.7857251631626,469.7857251631626,0.0
62,6,373.146717087975,487.5,0.0
62,11,412.68086736006967,468.5,0.0
62,9,439.74690490242017,573.2530950975798,0.0
62,14,364.5753320271661,480.5753320271661,0.0
62,3,404.95729803841607,453.95729803841607,0.0
62,7,409.0786183819759,466.0786183819759,0.0
62,4,414.5581239600617,467.5581239600617,0.0
62,13,462.58456980535584,447.5845698053559,0.0
62,15,451.6255845588607,451.6255845588607,0.0
62,2,405.3715116007892,454.3715116007892,0.0
62,10,387.5,419.4349626992453,0.0
62,18,382.2501912572295,404.2501912572295,0.0
63,5,422.4169174461877,464.5830825538123,0.0
63,16,398.07377169568014,498.0737716956802,0.0
63,20,370.74557192639793,488.25442807360207,0.0
63,12,377.5,393.21093065034785,0.0
63,8,400.91479603336785,503.08520396663215,0.0
63,17,402.10885633656727,506.10885633656727,0.0
63,1,356.83113100856053,467.83113100856053,0.0
63,19,357.5,468.5540764008559,0.0
63,6,371.79671708797497,487.5,0.0
63,11,411.38040516338526,468.38040516338526,0.0
63,9,440.2076892521817,574.2076892521817,0.0
63,14,364.3278446537508,479.3278446537508,0.0
63,3,404.0027038838142,453.0027038838142,0.0
63,7,408.87597577262596,465.12402422737404,0.0
63,4,413.60352980545986,468.39647019454014,0.0
63,13,461.62997565075403,448.37002434924597,0.0
63,15,450.37809718544537,451.62190281455463,0.0
63,2,404.4169174461873,453.4169174461873,0.0
63,10,387.793475689809,418.206524310191,0.0
63,18,381.70440289737235,403.29559710262765,0.0
64,5,421.4467170879752,465.5,0.0
64,16,397.88082245892167,497.11917754107833,0.0
64,20,369.79097777179607,489.20902222820393,0.0
64,12,377.5,391.8609306503478,0.0
64,8,401.1306098120303,502.13060981203034,0.0
64,17,401.15426218196546,505.1542621819654,0.0
64,1,357.12346314604133,466.87653685395867,0.0
64,19,356.5836436351455,467.5836436351455,0.0
64,6,370.7552165103992,488.2447834896008,0.0
64,11,410.4258110087834,467.4258110087834,0.0
64,9,441.16228340678356,575.1622834067836,0.0
64,14,363.5,478.32074913687245,0.0
64,3,403.5,451.86093065034765,0.0
64,7,409.1694300727722,464.1694300727722,0.0
64,4,412.2964132549912,468.5,0.0
64,13,460.6753814961522,447.67538149615217,0.0
64,15,449.4235030308435,452.5764969691565,0.0
64,2,403.5,452.4467170879746,0.0
64,10,388.5,417.14917626161844,0.0
64,18,382.5,402.27514421272076,0.0
65,5,420.2148359181706,465.7851640818294,0.0
65,16,398.1645833864765,496.16458338647647,0.0
65,20,368.8363836171942,488.8363836171942,0.0
65,12,376.8006223557972,390.8006223557972,0.0
65,8,400.1760156574285,501.1760156574285,0.0
65,17,400.5,504.07526645108334,0.0
65,1,356.9219426993568,465.9219426993568,0.0
65,19,357.37095051945636,466.62904948054364,0.0
65,6,369.8006223557973,489.1993776442027,0.0
65,11,409.47121685418153,466.47121685418153,0.0
65,9,442.1168775613854,576.1168775613854,0.0
65,14,363.12576312573367,477.12576312573367,0.0
65,3,402.80062235579703,450.80062235579703,0.0
65,7,408.2148359181703,463.2148359181703,0.0
65,4,411.1085550586293,468.1085550586293,0.0
65,13,459.4278941227369,447.5721058772631,0.0
65,15,448.46890887624164,453.46890887624164,0.0
65,2,403.2148359181702,451.2148359181702,0.0
65,10,388.5,415.7991762616184,0.0
65,18,382.09351557461054,401.09351557461054,0.0
66,5,419.1609306503483,466.5,0.0
66,16,397.5,495.0898628384829,0.0
66,20,367.62571827359614,488.5,0.0
66,12,375.84602820119534,389.84602820119534,0.0
66,8,399.5,500.1060305111119,0.0
66,17,401.0478193460517,502.9521806539483,0.0
66,1,355.96734854475494,464.96734854475494,0.0
66,19,356.6744553259418,465.6744553259418,0.0
66,6,368.84602820119545,488.84602820119545,0.0
66,11,408.51662269957967,465.51662269957967,0.0
66,9,443.0714717159873,577.0714717159873,0.0
66,14,362.5,476.0349626992455,0.0
66,3,402.5,449.5751442127207,0.0
66,7,407.5,462.1609306503479,0.0
66,4,410.15396090402743,467.15396090402743,0.0
66,13,458.47329996813505,448.52670003186495,0.0
66,15,447.5143147216398,452.5143147216398,0.0
66,2,402.5,450.1609306503477,0.0
66,10,387.7569554087586,414.7569554087586,0.0
66,18,381.13892142000867,400.13892142000867,0.0
67,5,417.81093065034827,466.5,0.0
67,16,396.96250185845935,493.96250185845935,0.0
67,20,366.634302089177,487.634302089177,0.0
67,12,376.1085659534065,388.8914340465935,0.0
67,8,398.9739341294113,498.97393412941136,0.0
67,17,400.9975864993464,501.9975864993465,0.0
67,1,355.0127543901531,464.0127543901531,0.0
67,19,355.7198611713399,464.7198611713399,0.0
67,6,367.6393577750942,488.5,0.0
67,11,409.4379714550222,464.5620285449778,0.0
67,9,444.02606587058915,578.0260658705892,0.0
67,14,362.5,474.6849626992455,0.0
67,3,402.30564760896647,448.30564760896647,0.0
67,7,407.9872456098468,461.0127543901532,0.0
67,4,409.19936674942556,466.19936674942556,0.0
67,13,457.5187058135332,449.48129418646676,0.0
67,15,446.5597205670379,453.4402794329621,0.0
67,2,402.5,448.8109306503477,0.0
67,10,386.8023612541567,413.8023612541567,0.0
67,18,380.05357133746696,399.5,0.0
68,5,416.76526701673816,467.23473298326184,0.0
68,16,396.5,492.80407640085593,0.0
68,20,367.32029206542484,486.67970793457516,0.0
68,12,375.9368398919916,387.9368398919916,0.0
68,8,398.0193399748095,498.0193399748095,0.0
68,17,400.0429923447446,501.0429923447446,0.0
68,1,354.0581602355512,463.9418397644488,0.0
68,19,354.76526701673805,463.76526701673805,0.0
68,6,366.64394667317833,487.64394667317833,0.0
68,11,408.60743439037594,463.60743439037594,0.0
68,9,444.5,579.1797559265157,0.0
68,14,361.67619422430124,473.67619422430124,0.0
68,3,401.3510534543646,447.3510534543646,0.0
68,7,408.0581602355513,460.0581602355513,0.0
68,4,408.7552274051763,465.2447725948237,0.0
68,13,456.1764540151939,449.5,0.0
68,15,445.60512641243605,454.39487358756395,0.0
68,2,401.76526701673777,447.76526701673777,0.0
68,10,385.84776709955486,412.84776709955486,0.0
68,18,378.93683989199155,398.93683989199155,0.0
69,5,415.8106728621363,468.1893271378637,0.0
69,16,395.76042033044223,491.7604203304422,0.0
69,20,366.7251137799733,485.7251137799733,0.0
69,12,375.5,386.76778489984014,0.0
69,8,397.93525417979237,497.0647458202077,0.0
69,17,399.5,499.9179071382026,0.0
69,1,352.93935777509387,464.5,0.0
69,19,353.8106728621362,464.1893271378638,0.0
69,6,367.31064748142353,486.68935251857647,0.0
69,11,407.6528402357741,462.6528402357741,0.0
69,9,443.77185260139373,580.2281473986062,0.0
69,14,360.42870685088593,473.42870685088593,0.0
69,3,400.39645929976274,446.39645929976274,0.0
69,7,407.10356608094946,459.10356608094946,0.0
69,4,409.29017844022184,464.29017844022184,0.0
69,13,455.0237310667026,449.9762689332974,0.0
69,15,444.6505322578342,455.3494677421658,0.0
69,2,400.8106728621359,446.8106728621359,0.0
69,10,384.893172944953,411.893172944953,0.0
69,18,379.0177542626103,397.9822457373897,0.0
70,5,414.85607870753444,467.85607870753444,0.0
70,16,394.80582617584037,490.80582617584037,0.0
70,20,365.77051962537143,484.77051962537143,0.0
70,12,374.7347583639745,385.7347583639745,0.0
70,8,398.1101516656058,496.1101516656058,0.0
70,17,398.8409108167275,498.8409108167275,0.0
70,1,351.58935777509384,464.5,0.0
70,19,352.58935777509424,464.5,0.0
70,6,366.7347583639746,485.7347583639746,0.0
70,11,407.59464713764123,461.40535286235877,0.0
70,9,444.1827415532081,581.1827415532081,0.0
70,14,359.47411269628407,472.47411269628407,0.0
70,3,399.5,445.41778489983994,0.0
70,7,406.5,458.0035713374671,0.0
70,4,408.33558428562,463.33558428562,0.0
70,13,454.06913691210076,450.93086308789924,0.0
70,15,443.4030448844189,455.5969551155811,0.0
70,2,399.85607870753404,445.85607870753404,0.0
70,10,385.06142120964887,410.93857879035113,0.0
70,18,379.0276515827878,397.0276515827878,0.0
71,5,413.9014845529326,468.0985154470674,0.0
71,16,393.8512320212385,489.8512320212385,0.0
71,20,364.81592547076957,483.81592547076957,0.0
71,12,375.21983579062737,384.78016420937263,0.0
71,8,397.5,495.01288476060427,0.0
71,17,397.88631666212564,497.8863166621257,0.0
71,1,350.6085913341188,465.3914086658812,0.0
71,19,351.31569811530557,464.68430188469443,0.0
71,6,365.78016420937274,484.78016420937274,0.0
71,11,408.4507587077569,460.4507587077569,0.0
71,9,443.86266429219006,582.1373357078099,0.0
71,14,358.5195185416822,471.5195185416822,0.0
71,3,399.1943777717456,444.1943777717456,0.0
71,7,405.90148455293235,456.90148455293235,0.0
71,4,407.5,462.3316946292296,0.0
71,13,453.1145427574989,451.8854572425011,0.0
71,15,442.4270983229768,456.5,0.0
71,2,399.5,444.65357133746693,0.0
71,10,384.98398463574927,409.98398463574927,0.0
71,18,378.5,395.8962120245862,0.0
72,5,412.7177848998405,468.5,0.0
72,16,393.5,488.6467170879752,0.0
72,20,365.1386686838323,482.8613313161677,0.0
72,12,374.82557005477076,383.82557005477076,0.0
72,8,396.9080701375887,493.90807013758865,0.0
72,17,398.06827749247617,496.93172250752383,0.0
72,1,349.3611039607035,465.6388960392965,0.0
72,19,350.3035713374673,465.5,0.0
72,6,364.8255700547709,483.8255700547709,0.0
72,11,407.49616455315504,459.49616455315504,0.0
72,9,444.0919298624118,583.0919298624118,0.0
72,14,358.2720311682669,470.2720311682669,0.0
72,3,398.5,443.13199846221306,0.0
72,7,406.0531096016695,455.9468903983305,0.0
72,4,407.86649724239714,461.13350275760286,0.0
72,13,452.15994860289703,452.15994860289703,0.0
72,15,441.20096335640176,456.79903664359824,0.0
72,2,398.6539971795169,443.6539971795169,0.0
72,10,384.9706095188526,409.0293904811474,0.0
72,18,377.8255700547707,394.8255700547707,0.0
73,5,411.40650980610195,468.40650980610195,0.0
73,16,393.35625727440794,487.35625727440794,0.0
73,20,365.5,481.6609996478345,0.0
73,12,373.8709759001689,382.8709759001689,0.0
73,8,396.5,492.7270983229773,0.0
73,17,397.977128352922,495.97712835292197,0.0
73,1,348.36778489984005,466.5,0.0
73,19,349.11361658728845,465.88638341271155,0.0
73,6,365.129024099831,482.870975900169,0.0
73,11,406.5415703985532,458.5415703985532,0.0
73,9,444.5,584.2729016770234,0.0
73,14,357.5,469.2418169487378,0.0
73,3,399.0077037562715,441.9922962437285,0.0
73,7,405.9922962437286,454.9922962437286,0.0
73,4,408.178908603001,460.178908603001,0.0
73,13,451.08330826468614,451.5,0.0
73,15,440.2463692017999,457.7536307982001,0.0
73,2,398.5934901938984,442.4065098061016,0.0
73,10,385.07479632654554,408.07479632654554,0.0
73,18,377.5,393.6104255869593,0.0
74,5,410.4519156515001,467.4519156515001,0.0
74,16,392.4016631198061,486.4016631198061,0.0
74,20,364.6592497881506,480.6592497881506,0.0
74,12,372.91638174556704,381.91638174556704,0.0
74,8,395.70598860957153,491.7059886095715,0.0
74,17,397.5,494.824761387695,0.0
74,1,347.15902243268636,466.84097756731364,0.0
74,19,348.0177848998404,466.5,0.0
74,6,365.5,481.67463914933256,0.0
74,11,406.29408302513787,457.29408302513787,0.0
74,9,445.294011390429,585.294011390429,0.0
74,14,357.0699496402498,468.0699496402498,0.0
74,3,399.03770208912664,441.03770208912664,0.0
74,7,405.03770208912675,454.03770208912675,0.0
74,4,407.2243144483991,459.2243144483991,0.0
74,13,449.9578670748799,452.0421329251201,0.0
74,15,439.29177504719803,458.70822495280197,0.0
74,2,399.45191565149975,441.45191565149975,0.0
74,10,383.96288476060295,407.5,0.0
74,18,377.5,392.2604255869593,0.0
75,5,409.4973214968982,466.4973214968982,0.0
75,16,391.4470689652042,485.4470689652042,0.0
75,20,364.4117624147353,479.4117624147353,0.0
75,12,371.9617875909652,380.9617875909652,0.0
75,8,394.75139445496967,490.75139445496967,0.0
75,17,396.77504682490485,493.77504682490485,0.0
75,1,346.2044282780845,467.7955717219155,0.0
75,19,346.91153505927133,467.08846494072867,0.0
75,6,364.66889437215184,480.66889437215184,0.0
75,11,405.660511129464,456.339488870536,0.0
75,9,445.5414987638443,586.5414987638443,0.0
75,14,356.8846445143521,467.1153554856479,0.0
75,3,398.0831079345248,440.0831079345248,0.0
75,7,404.0831079345249,453.0831079345249,0.0
75,4,406.5,458.17433531634885,0.0
75,13,449.00327292027805,452.99672707972195,0.0
75,15,438.33718089259617,459.33718089259617,0.0
75,2,398.4973214968979,440.4973214968979,0.0
75,10,382.8727147985284,406.8727147985284,0.0
75,18,377.08310793452483,391.08310793452483,0.0
76,5,408.54272734229636,465.54272734229636,0.0
76,16,390.50752518939765,484.49247481060235,0.0
76,20,363.5,478.43942677258065,0.0
76,12,371.0071934363633,380.0071934363633,0.0
76,8,393.7968003003678,489.7968003003678,0.0
76,17,396.5,492.53897495006805,0.0
76,1,345.24983412348263,468.24983412348263,0.0
76,19,345.95694090466947,468.04305909533053,0.0
76,6,364.42140699873653,479.42140699873653,0.0
76,11,406.38489471593414,455.38489471593414,0.0
76,9,446.49609291844615,587.4960929184462,0.0
76,14,357.16076133104605,466.16076133104605,0.0
76,3,397.1285137799229,439.1285137799229,0.0
76,7,403.5,451.97463914933246,0.0
76,4,406.022232920382,457.022232920382,0.0
76,13,448.0486787656762,453.0486787656762,0.0
76,15,437.3825867379943,458.6174132620057,0.0
76,2,397.542727342296,439.542727342296,0.0
76,10,381.91812064392656,405.91812064392656,0.0
76,18,376.12851377992297,390.12851377992297,0.0
77,5,409.4118668123055,464.5881331876945,0.0
77,16,391.4621193439995,483.5378806560005,0.0
77,20,363.2096808867181,477.2096808867181,0.0
77,12,370.5,378.8672798364516,0.0
77,8,393.5,488.56973901009655,0.0
77,17,395.57296529688773,491.5729652968877,0.0
77,1,344.2104255869593,467.5,0.0
77,19,345.0023467500676,468.0023467500676,0.0
77,6,363.5,478.4530662740787,0.0
77,11,405.4303005613323,454.4303005613323,0.0
77,9,447.450687073048,588.450687073048,0.0
77,14,356.2061671764442,465.2061671764442,0.0
77,3,396.82608037467895,438.17391962532105,0.0
77,7,402.8810264065078,450.8810264065078,0.0
77,4,405.93236123421985,456.06763876578015,0.0
77,13,447.0940846110743,452.9059153889257,0.0
77,15,436.42799258339244,459.42799258339244,0.0
77,2,396.58813318769415,438.58813318769415,0.0
77,10,382.0364735106753,404.9635264893247,0.0
77,18,375.8260803746789,389.1739196253211,0.0
78,5,408.63353903309263,463.63353903309263,0.0
78,16,390.5832865013986,482.5832865013986,0.0
78,20,362.5,476.1536403349537,0.0
78,12,370.5,377.51727983645156,0.0
78,8,393.30182555353724,487.30182555353724,0.0
78,17,394.61837114228587,490.61837114228587,0.0
78,1,343.0477525954655,467.9522474045345,0.0
78,19,343.86042558695965,467.5,0.0
78,6,363.2193254707194,477.2193254707194,0.0
78,11,404.4757064067304,453.4757064067304,0.0
78,9,446.5947187723501,589.4052812276499,0.0
78,14,355.2515730218423,464.2515730218423,0.0
78,3,397.2193254707192,437.2193254707192,0.0
78,7,402.5,449.6888527117056,0.0
78,4,406.1130446111783,455.1130446111783,0.0
78,13,446.13949045647246,453.86050954352754,0.0
78,15,435.4623796972152,458.5,0.0
78,2,397.3664609669077,437.6335390330923,0.0
78,10,382.00893233472283,404.00893233472283,0.0
78,18,376.21932547071924,388.21932547071924,0.0
79,5,407.67894487849077,462.67894487849077,0.0
79,16,389.62869234679675,481.62869234679675,0.0
79,20,362.5,474.8036403349537,0.0
79,12,369.5576245349309,376.5576245349309,0.0
79,8,392.3472313989354,486.3472313989354,0.0
79,17,393.663776987684,489.663776987684,0.0
79,1,342.09315844086365,468.09315844086365,0.0
79,19,342.8002652220505,468.1997347779495,0.0
79,6,362.5,476.1672798364518,0.0
79,11,403.52111225212855,452.52111225212855,0.0
79,9,447.35987538225174,590.3598753822517,0.0
79,14,354.29697886724045,463.70302113275955,0.0
79,3,396.2647313161173,436.2647313161173,0.0
79,7,402.3860516596772,448.3860516596772,0.0
79,4,405.1584504565764,454.1584504565764,0.0
79,13,445.1848963018706,454.8151036981294,0.0
79,15,434.2259110553753,458.7740889446247,0.0
79,2,396.6789448784904,436.6789448784904,0.0
79,10,381.94566181987904,403.05433818012096,0.0
79,18,375.5,387.16727983645154,0.0
80,5,407.56854249492454,461.43145750507546,0.0
80,16,388.6740981921949,480.6740981921949,0.0
80,20,361.7601119852857,473.7601119852857,0.0
80,12,369.5,375.2314933988247,0.0
80,8,391.3926372443335,485.3926372443335,0.0
80,17,393.5,488.38161563718734,0.0
80,1,341.1385642862618,467.8614357137382,0.0
80,19,341.8456710674486,467.8456710674486,0.0
80,6,362.5,474.8172798364518,0.0
80,11,403.27362487871324,451.27362487871324,0.0
80,9,448.60736275566705,590.607362755667,0.0
80,14,353.2770983229762,464.5,0.0
80,3,395.5,435.23149339882457,0.0
80,7,401.43145750507534,447.43145750507534,0.0
80,4,404.20385630197455,453.20385630197455,0.0
80,13,444.11858963892456,455.5,0.0
80,15,433.17659325958834,459.5,0.0
80,2,395.72435072388856,435.72435072388856,0.0
80,10,382.5,401.9339525724683,0.0
80,18,375.0172439427021,386.0172439427021,0.0
81,5,408.4768633504736,460.4768633504736,0.0
81,16,387.4266108187796,480.5733891812204,0.0
81,20,360.5178538973268,473.5,0.0
81,12,369.0626497881003,374.0626497881003,0.0
81,8,390.56195691026835,484.43804308973165,0.0
81,17,393.16880224085344,487.16880224085344,0.0
81,1,340.0530662740785,468.5,0.0
81,19,340.89107691284676,468.10892308715324,0.0
81,6,361.769756569287,473.769756569287,0.0
81,11,402.5,450.2440707956655,0.0
81,9,449.5,591.587620302785,0.0
81,14,351.9270983229762,464.5,0.0
81,3,395.0626497881002,434.0626497881002,0.0
81,7,400.4768633504735,446.4768633504735,0.0
81,4,403.5,452.1454031282142,0.0
81,13,442.9828147738535,456.0171852261465,0.0
81,15,432.0238295273582,459.9761704726418,0.0
81,2,395.47686335047325,434.47686335047325,0.0
81,10,381.85225665210385,400.85225665210385,0.0
81,18,374.93735021189974,385.06264978810026,0.0
82,5,407.52226919587173,459.52226919587173,0.0
82,16,386.5,481.53957441304027,0.0
82,20,359.5548512229273,472.55388909260097,0.0
82,12,368.10805563349845,373.10805563349845,0.0
82,8,391.4834489351298,483.4834489351298,0.0
82,17,392.2142080862516,486.2142080862516,0.0
82,1,338.93648275824467,469.06351724175533,0.0
82,19,339.59145834703605,468.47428808739284,0.0
82,6,360.46329754704954,473.46329754704954,0.0
82,11,402.5,448.89407079566547,0.0
82,9,449.1905557163158,592.8094442836842,0.0
82,14,350.8215106640457,465.27471022222545,0.0
82,3,394.10805563349834,433.10805563349834,0.0
82,7,399.5222691958716,445.5222691958716,0.0
82,4,403.00177477395744,451.00177477395744,0.0
82,13,441.6991479926894,456.43515603246664,0.0
82,15,431.06923537275634,460.93076462724366,0.0
82,2,394.5222691958714,433.5222691958714,0.0
82,10,380.897662497502,399.897662497502,0.0
82,18,375.1080556334984,384.1080556334984,0.0
83,5,406.56767504126987,458.56767504126987,0.0
83,16,386.22452929076246,482.77547070923754,0.0
83,20,358.5997781313441,471.5997781313441,0.0
83,12,367.1534614788966,372.1534614788966,0.0
83,8,390.5288547805279,482.5288547805279,0.0
83,17,391.2596139316497,485.2596139316497,0.0
83,1,337.9818886036428,470.0181113963572,0.0
83,19,338.6125837126332,469.3874162873668,0.0
83,6,359.50870339244767,472.50870339244767,0.0
83,11,401.8240559772808,447.8240559772808,0.0
83,9,448.76403843828604,593.7640384382861,0.0
83,14,349.5425870490284,465.5,0.0
83,3,393.5,432.0099205235707,0.0
83,7,399.2747818224563,444.2747818224563,0.0
83,4,402.5,449.8596166905873,0.0
83,13,440.6935015291936,457.3064984708064,0.0
83,15,429.95502038433455,461.5,0.0
83,2,393.5676750412695,432.5676750412695,0.0
83,10,379.7123796972145,399.5,0.0
83,18,374.15346147889653,383.15346147889653,0.0
84,5,406.32018766785455,457.32018766785455,0.0
84,16,385.2699351361606,483.2699351361606,0.0
84,20,358.3522907579288,470.3522907579288,0.0
84,12,366.8011326757053,371.1988673242947,0.0
84,8,389.57426062592606,481.57426062592606,0.0
84,17,390.69498022295215,484.30501977704785,0.0
84,1,337.02729444904094,470.97270555095906,0.0
84,19,337.6579895580313,470.3420104419687,0.0
84,6,358.5541092378458,471.5541092378458,0.0
84,11,400.86946182267894,446.86946182267894,0.0
84,9,449.7186325928879,594.718632592888,0.0
84,14,348.5755194365569,466.4244805634431,0.0
84,3,392.9059741054812,430.9059741054812,0.0
84,7,398.5,443.24570696119787,0.0
84,4,402.5,448.5096166905873,0.0
84,13,439.73890737459175,458.26109262540825,0.0
84,15,428.6050203843345,461.5,0.0
84,2,393.3201876678542,431.3201876678542,0.0
84,10,378.69558096948487,398.69558096948487,0.0
84,18,373.19886732429467,382.19886732429467,0.0
85,5,405.6344064867473,456.3655935132527,0.0
85,16,384.31534098155873,482.68465901844127,0.0
85,20,357.5,469.3553211489482,0.0
85,12,367.5,370.138347648317,0.0
85,8,388.6196664713242,480.6196664713242,0.0
85,17,391.350425622446,483.350425622446,0.0
85,1,335.89570696119773,471.5,0.0
85,19,336.70339540342945,471.29660459657055,0.0
85,6,358.3066218644305,470.3066218644305,0.0
85,11,399.9148676680771,445.9148676680771,0.0
85,9,450.5,595.7449796156658,0.0
85,14,347.32803206314156,466.67196793685844,0.0
85,3,392.5,429.72413408594383,0.0
85,7,398.9272997055608,442.0727002944392,0.0
85,4,401.552205872525,447.552205872525,0.0
85,13,438.7843132199899,459.2156867800101,0.0
85,15,427.6196664713239,462.3803335286761,0.0
85,2,392.5,430.3099205235706,0.0
85,10,379.259013185117,397.740986814883,0.0
85,18,372.2442731696928,381.2442731696928,0.0
86,5,406.4109993586508,455.4109993586508,0.0
86,16,383.36074682695687,483.63925317304313,0.0
86,20,357.1502092299117,468.1502092299117,0.0
86,12,366.9967857962776,368.9967857962776,0.0
86,8,387.3721790979089,480.6278209020911,0.0
86,17,390.3958314678441,482.3958314678441,0.0
86,1,334.5457069611977,471.5,0.0
86,19,335.43764453805426,471.5,0.0
86,6,357.5,469.2907355803843,0.0
86,11,399.5,444.7367114827847,0.0
86,9,450.920714120905,596.920714120905,0.0
86,14,346.3734379085397,467.6265620914603,0.0
86,3,393.2961074225359,428.7038925774641,0.0
86,7,399.1181061398373,441.1181061398373,0.0
86,4,400.59761171792314,446.59761171792314,0.0
86,13,437.829719065388,458.829719065388,0.0
86,15,426.3721790979086,462.6278209020914,0.0
86,2,392.8818938601629,429.1181061398371,0.0
86,10,378.78639266028114,396.78639266028114,0.0
86,18,371.28967901509094,380.28967901509094,0.0
87,5,405.45640520404896,454.45640520404896,0.0
87,16,382.367279836452,484.5,0.0
87,20,356.80438492469017,467.19561507530983,0.0
87,12,366.04219164167574,368.04219164167574,0.0
87,8,386.5,481.61655249091893,0.0
87,17,389.44123731324225,481.44123731324225,0.0
87,1,333.28483232879506,471.71516767120494,0.0
87,19,334.08764453805423,471.5,0.0
87,6,357.1045403364134,468.1045403364134,0.0
87,11,398.71278614005996,443.71278614005996,0.0
87,9,451.8753082755069,597.8753082755069,0.0
87,14,345.41884375393784,468.41884375393784,0.0
87,3,393.4564052040488,427.4564052040488,0.0
87,7,398.16351198523546,440.16351198523546,0.0
87,4,399.6430175633213,445.6430175633213,0.0
87,13,436.87512491078616,459.12487508921384,0.0
87,15,425.5,463.61655249091933,0.0
87,2,393.5,428.02413408594373,0.0
87,10,378.5,395.5550203843337,0.0
87,18,370.5,379.26677477306305,0.0
88,5,404.5018110494471,453.5018110494471,0.0
88,16,381.1586652989397,484.8413347010603,0.0
88,20,357.24102092070797,466.24102092070797,0.0
88,12,365.0875974870739,367.0875974870739,0.0
88,8,386.17009756989177,482.82990243010823,0.0
88,17,388.4811105737988,480.5,0.0
88,1,332.3302381741932,472.6697618258068,0.0
88,19,332.9609332831835,472.0390667168165,0.0
88,6,356.8500538181885,467.1499461818115,0.0
88,11,398.53470123335535,442.46529876664465,0.0
88,9,452.17009756989125,598.8299024301087,0.0
88,14,344.4494412985207,467.5,0.0
88,3,392.5018110494469,426.5018110494469,0.0
88,7,397.2089178306336,439.2089178306336,0.0
88,4,399.39553018990597,444.39553018990597,0.0
88,13,435.9205307561843,458.9205307561843,0.0
88,15,425.1700975698915,464.8299024301085,0.0
88,2,392.91602461182,426.91602461182,0.0
88,10,377.584311132264,394.584311132264,0.0
88,18,370.5,377.916774773063,0.0
89,5,403.54721689484523,452.54721689484523,0.0
89,16,380.20407114433783,485.20407114433783,0.0
89,20,356.2864267661061,465.2864267661061,0.0
89,12,364.5,365.9809883354362,0.0
89,8,385.2155034152899,483.2155034152899,0.0
89,17,387.2391557852251,480.7608442147749,0.0
89,1,331.5,473.6758659140561,0.0
89,19,332.00633912858166,472.99366087141834,0.0
89,6,357.19535202720965,466.19535202720965,0.0
89,11,399.4892953879572,441.5107046120428,0.0
89,9,451.7844965847106,599.7844965847106,0.0
89,14,343.2167622259207,467.7832377740793,0.0
89,3,391.54721689484506,425.54721689484506,0.0
89,7,396.74567632396827,438.25432367603173,0.0
89,4,398.5,443.4164709400796,0.0
89,13,434.7447202987908,458.5,0.0
89,15,424.0976610714538,465.5,0.0
89,2,391.9614304572181,425.9614304572181,0.0
89,10,377.5,393.26923394670683,0.0
89,18,369.8401101136585,376.8401101136585,0.0
90,5,403.2997295214299,451.2997295214299,0.0
90,16,379.24947698973597,484.75052301026403,0.0
90,20,355.33183261150424,464.33183261150424,0.0
90,12,363.88551595905676,364.88551595905676,0.0
90,8,384.26090926068804,482.73909073931196,0.0
90,17,386.5,481.80467586382815,0.0
90,1,331.1281566461761,474.8718433538239,0.0
90,19,331.5,474.1339283371996,0.0
90,6,356.2407578726078,465.2407578726078,0.0
90,11,398.5561104574409,440.5561104574409,0.0
90,9,452.5,600.8381253661735,0.0
90,14,342.26216807131885,468.26216807131885,0.0
90,3,392.4073772597568,424.5926227402432,0.0
90,7,397.29972952142987,437.29972952142987,0.0
90,4,398.80655133811115,442.19344866188885,0.0
90,13,433.7184492281671,459.2815507718329,0.0
90,15,422.96801604187436,464.96801604187436,0.0
90,2,391.99316369738375,425.00683630261625,0.0
90,10,377.5,391.9192339467068,0.0
90,18,369.5,375.63098833543614,0.0
91,5,402.5,450.28098833543635,0.0
91,16,378.2948828351341,485.2948828351341,0.0
91,20,354.3772384569024,463.6227615430976,0.0
91,12,364.0690781955451,363.9309218044549,0.0
91,8,383.3063151060862,483.6936848939138,0.0
91,17,386.03707425720796,482.96292574279204,0.0
91,1,330.038347648317,475.5,0.0
91,19,330.80425760056454,475.19574239943546,0.0
91,6,355.2861637180059,464.2861637180059,0.0
91,11,397.60151630283906,439.60151630283906,0.0
91,9,452.9865781127277,601.9865781127278,0.0
91,14,341.307573916717,467.692426083283,0.0
91,3,391.63802858564134,423.63802858564134,0.0
91,7,396.345135366828,436.345135366828,0.0
91,4,399.238854507287,441.238854507287,0.0
91,13,432.4709618547518,459.5290381452482,0.0
91,15,422.0134218872725,464.9865781127275,0.0
91,2,392.0522421480144,424.0522421480144,0.0
91,10,376.84184901201814,390.84184901201814,0.0
91,18,369.34513536682795,374.34513536682795,0.0
92,5,402.5,448.9309883354363,0.0
92,16,377.34028868053224,484.65971131946776,0.0
92,20,353.3906025231866,464.5,0.0
92,12,365.02367235014697,362.97632764985303,0.0
92,8,382.2903017585734,484.5,0.0
92,17,385.0824801026061,483.0824801026061,0.0
92,1,328.92607511815896,476.07392488184104,0.0
92,19,329.58028522517344,475.5,0.0
92,6,354.33156956340406,463.66843043659594,0.0
92,11,396.6469221482372,438.6469221482372,0.0
92,9,453.0588277326704,602.9411722673296,0.0
92,14,340.2920819856399,468.5,0.0
92,3,390.390541212226,423.390541212226,0.0
92,7,395.5,435.3452018978093,0.0
92,4,398.2842603526851,440.2842603526851,0.0
92,13,431.51636770014994,460.48363229985006,0.0
92,15,420.8760881962,465.5,0.0
92,2,390.930988335436,423.5,0.0
92,10,375.8872548574163,389.8872548574163,0.0
92,18,368.3905412122261,373.3905412122261,0.0
93,5,401.8501606199975,447.8501606199975,0.0
93,16,376.33834764831727,485.5,0.0
93,20,352.0406025231866,464.5,0.0
93,12,365.02173349525117,362.02173349525117,0.0
93,8,381.10423357806906,484.89576642193094,0.0
93,17,384.12788594800423,482.87211405199577,0.0
93,1,327.75256121069015,476.5,0.0
93,19,328.60217607254737,476.39782392745263,0.0
93,6,353.3260169546227,464.5,0.0
93,11,397.30767200636467,437.69232799363533,0.0
93,9,452.89576642193146,603.8957664219315,0.0
93,14,339.1054923886999,468.8945076113001,0.0
93,3,389.5,422.40941546018223,0.0
93,7,395.1430538388109,434.1430538388109,0.0
93,4,397.32966619808326,439.32966619808326,0.0
93,13,430.5617735455481,461.4382264544519,0.0
93,15,419.8113403592554,466.1886596407446,0.0
93,2,389.85016061999727,422.85016061999727,0.0
93,10,376.0673392971856,388.9326607028144,0.0
93,18,367.4359470576242,372.4359470576242,0.0
94,5,400.89556646539563,446.89556646539563,0.0
94,16,375.1382071525151,485.8617928474849,0.0
94,20,350.92766955546995,465.07233044453005,0.0
94,12,364.0671393406493,361.0671393406493,0.0
94,8,380.1496394234672,485.1496394234672,0.0
94,17,383.17329179340237,483.82670820659763,0.0
94,1,326.72399359014184,477.27600640985816,0.0
94,19,327.35468869913205,476.64531130086795,0.0
94,6,351.97601695462265,464.5,0.0
94,11,396.73773383903347,436.73773383903347,0.0
94,9,453.8503605765333,604.8503605765334,0.0
94,14,338.150898234098,469.849101765902,0.0
94,3,389.1884596842089,421.1884596842089,0.0
94,7,394.188459684209,433.188459684209,0.0
94,4,396.6249279565186,438.3750720434814,0.0
94,13,429.23736098590996,461.5,0.0
94,15,418.59030175857305,466.5,0.0
94,2,389.5,421.6452018978091,0.0
94,10,375.97806654821255,387.97806654821255,0.0
94,18,366.51864709697765,371.48135290302235,0.0
95,5,399.94097231079377,445.94097231079377,0.0
95,16,374.18361299791326,486.81638700208674,0.0
95,20,349.7548160855597,465.5,0.0
95,12,363.11254518604744,360.11254518604744,0.0
95,8,379.19504526886533,484.80495473113467,0.0
95,17,382.10217838566416,484.5,0.0
95,1,325.47650621672653,477.47650621672653,0.0
95,19,326.3587123499196,477.5,0.0
95,6,350.88200066197163,465.11799933802837,0.0
95,11,395.7831396844316,435.7831396844316,0.0
95,9,454.1950452688648,605.8049547311352,0.0
95,14,337.19630407949614,470.80369592050386,0.0
95,3,388.23386552960704,420.23386552960704,0.0
95,7,393.5,432.1236290225555,0.0
95,4,397.42047788887953,437.42047788887953,0.0
95,13,428.0667987987175,461.9332012012825,0.0
95,15,417.31636561242476,466.68363438757524,0.0
95,2,388.64807909198015,420.64807909198015,0.0
95,10,375.5,386.82608819619907,0.0
95,18,367.4732412515795,370.5267587484205,0.0
96,5,399.5,444.77362902255555,0.0
96,16,373.5,487.88322522693653,0.0
96,20,348.72558802745283,466.27441197254717,0.0
96,12,362.8420489685544,359.1579510314456,0.0
96,8,378.24045111426346,485.24045111426346,0.0
96,17,380.97121026538525,485.02878973461475,0.0
96,1,324.52191206212467,476.52191206212467,0.0
96,19,325.15260717111494,477.15260717111494,0.0
96,6,349.69023051699577,465.5,0.0
96,11,395.5,434.5504199817692,0.0
96,9,453.75954888573705,606.7595488857371,0.0
96,14,336.13472267275915,471.5,0.0
96,3,387.5,419.1878425849284,0.0
96,7,392.9863781561919,430.9863781561919,0.0
96,4,396.46588373427767,436.46588373427767,0.0
96,13,426.9515745482831,462.5,0.0
96,15,416.3617714578229,467.6382285421771,0.0
96,2,387.6934849373783,419.6934849373783,0.0
96,10,374.77598502019544,385.77598502019544,0.0
96,18,367.2792713750052,369.2792713750052,0.0
97,5,398.73889078277665,443.73889078277665,0.0
97,16,372.98153146989614,489.01846853010386,0.0
97,20,347.4781006540375,466.5218993459625,0.0
97,12,363.2033568768437,358.2033568768437,0.0
97,8,377.2858569596616,484.7141430403384,0.0
97,17,380.0166161107834,485.0166161107834,0.0
97,1,323.27442468870936,476.72557531129064,0.0
97,19,324.0729259122927,476.5,0.0
97,6,348.6799191339545,466.3200808660455,0.0
97,11,394.5810581564145,433.5810581564145,0.0
97,9,454.5,607.8028439919351,0.0
97,14,334.78472267275913,471.5,0.0
97,3,387.9682159984101,418.0317840015899,0.0
97,7,392.5,429.83784258492864,0.0
97,4,395.5112895796758,435.5112895796758,0.0
97,13,425.8647172707004,463.1352827292996,0.0
97,15,415.40717730322103,468.40717730322103,0.0
97,2,387.554002436037,418.445997563963,0.0
97,10,375.17860913440643,384.82139086559357,0.0
97,18,366.3246772204033,368.3246772204033,0.0
98,5,398.50859659063866,442.49140340936134,0.0
98,16,371.8309883354366,489.5,0.0
98,20,346.52350649943565,467.47649350056435,0.0
98,12,362.14469683442076,357.5,0.0
98,8,376.2613695704387,485.5,0.0
98,17,379.0620219561815,484.9379780438185,0.0
98,1,322.3198305341075,477.3198305341075,0.0
98,19,322.9505256430978,477.0494743569022,0.0
98,6,347.4324317605392,466.5675682394608,0.0
98,11,393.6264640018126,432.6264640018126,0.0
98,9,454.9616304137542,608.9616304137542,0.0
98,14,333.45384195925027,471.54615804074973,0.0
98,3,388.5,416.9020561473015,0.0
98,7,393.2157033718252,428.7842966281748,0.0
98,4,395.2638022062605,434.2638022062605,0.0
98,13,425.5,464.3342118893438,0.0
98,15,414.45258314861917,467.54741685138083,0.0
98,2,388.5,417.48784258492833,0.0
98,10,374.8667967109917,383.8667967109917,0.0
98,18,365.37008306580145,367.37008306580145,0.0
99,5,399.4631907452405,441.5368092547595,0.0
99,16,370.4865567230656,489.5134432769344,0.0
99,20,345.5689123448338,468.4310876551662,0.0
99,12,361.0012753488266,357.0012753488266,0.0
99,8,375.0837754316445,485.9162245683555,0.0
99,17,378.10742780157966,485.10742780157966,0.0
99,1,321.36523637950563,476.36523637950563,0.0
99,19,321.99593148849596,476.99593148849596,0.0
99,6,346.47783760593734,467.52216239406266,0.0
99,11,393.3789766283973,431.3789766283973,0.0
99,9,455.91622456835603,609.916224568356,0.0
99,14,332.4992478046484,472.5007521953516,0.0
99,3,388.5,415.55205614730147,0.0
99,7,393.5,427.5520561473017,0.0
99,4,394.30920805165863,433.30920805165863,0.0
99,13,424.6626357426833,465.3373642573167,0.0
99,15,413.4971560080653,468.5,0.0
99,2,388.5,416.1378425849283,0.0
99,10,373.91220255638984,382.91220255638984,0.0
99,18,364.5,366.38048327204757,0.0
100,5,398.5822151001576,440.5822151001576,0.0
100,16,369.5319625684637,490.4680374315363,0.0
100,20,344.6143181902319,467.6143181902319,0.0
100,12,360.95331880577527,356.04668119422473,0.0
100,8,374.1291812770426,486.8708187229574,0.0
100,17,377.1528336469778,484.8471663530222,0.0
100,1,320.37362902255546,475.5,0.0
100,19,321.0413373338941,476.0413373338941,0.0
100,6,345.5232434513355,468.4767565486645,0.0
100,11,392.5,430.39306066888844,0.0
100,9,456.87081872295784,610.8708187229579,0.0
100,14,331.54465365004654,473.45534634995346,0.0
100,3,387.5822151001575,414.5822151001575,0.0
100,7,392.5822151001576,426.5822151001576,0.0
100,4,393.5,432.29439300143713,0.0
100,13,423.41514836926797,465.41514836926797,0.0
100,15,412.1471560080653,468.5,0.0
100,2,387.99642866253055,414.99642866253055,0.0
100,10,372.957608401788,381.957608401788,0.0
100,18,364.16800153778433,365.16800153778433,0.0
101,5,397.62762094555575,439.62762094555575,0.0
101,16,368.2844751950484,490.2844751950484,0.0
101,20,343.3668308168166,467.6331691831834,0.0
101,12,361.5,354.92312395916696,0.0
101,8,373.5,487.9602033048151,0.0
101,17,376.0732461975295,485.5,0.0
101,1,319.1631548514885,475.1631548514885,0.0
101,19,319.91556659941193,475.5,0.0
101,6,344.5686492967336,467.5686492967336,0.0
101,11,392.8231048996198,429.1768951003802,0.0
101,9,457.8254128775597,611.8254128775598,0.0
101,14,331.29716627663123,474.70283372336877,0.0
101,3,386.62762094555563,413.62762094555563,0.0
101,7,391.62762094555575,425.62762094555575,0.0
101,4,393.1071265236415,431.1071265236415,0.0
101,13,422.4605542146661,464.5394457853339,0.0
101,15,411.00301424718674,468.00301424718674,0.0
101,2,387.0418345079287,414.0418345079287,0.0
101,10,372.0030142471861,381.0030142471861,0.0
101,18,363.78659261681753,364.21340738318247,0.0
102,5,396.6730267909539,438.6730267909539,0.0
102,16,367.32988104044654,489.67011895955346,0.0
102,20,342.41223666221475,468.41223666221475,0.0
102,12,360.8445996662076,353.8445996662076,0.0
102,8,372.9270997490255,489.0729002509745,0.0
102,17,374.9507521189607,486.0492478810393,0.0
102,1,318.5,474.0878425849286,0.0
102,19,318.839255805877,474.839255805877,0.0
102,6,343.3211619233183,467.6788380766817,0.0
102,11,393.5,428.10727423126156,0.0
102,9,458.5,612.8959897424427,0.0
102,14,330.27736335987834,475.5,0.0
102,3,385.67302679095377,412.67302679095377,0.0
102,7,392.3269732090461,424.6730267909539,0.0
102,4,392.5,430.00860656381025,0.0
102,13,421.50596006006424,465.49403993993576,0.0
102,15,410.0484200925849,467.0484200925849,0.0
102,2,386.0872403533268,413.0872403533268,0.0
102,10,371.04842009258425,380.04842009258425,0.0
102,18,364.7411867714194,363.2588132285806,0.0
103,5,397.281567363648,437.718432636352,0.0
103,16,366.3752868858447,490.6247131141553,0.0
103,20,341.4576425076129,467.5423574923871,0.0
103,12,359.6373375215401,353.5,0.0
103,8,371.75401025755804,489.5,0.0
103,17,373.9961579643588,487.0038420356412,0.0
103,1,317.9610733234714,472.9610733234714,0.0
103,19,318.5,473.62978016178505,0.0
103,6,342.36656776871644,468.36656776871644,0.0
103,11,392.9748135723631,426.9748135723631,0.0
103,9,457.9725055944232,614.0274944055768,0.0
103,14,329.0950847486141,475.9049152513859,0.0
103,3,384.7184326363519,411.7184326363519,0.0
103,7,391.718432636352,423.718432636352,0.0
103,4,393.0949550043756,428.9050449956244,0.0
103,13,420.25847268664893,465.74152731335107,0.0
103,15,409.093825937983,466.093825937983,0.0
103,2,385.13264619872496,412.13264619872496,0.0
103,10,370.5,378.9255831328106,0.0
103,18,365.30421907397874,362.30421907397874,0.0
104,5,396.76383848175016,436.76383848175016,0.0
104,16,365.4206927312428,491.42069273124275,0.0
104,20,340.503048353011,468.496951646989,0.0
104,12,358.6425181381905,352.6425181381905,0.0
104,8,370.43212500219494,489.56787499780506,0.0
104,17,373.5,488.14832667772436,0.0
104,1,317.00647916886953,472.00647916886953,0.0
104,19,317.63717427785986,472.63717427785986,0.0
104,6,341.4119736141146,467.5880263858854,0.0
104,11,392.0202194177612,426.0202194177612,0.0
104,9,457.49999999999994,615.1817761800695,0.0
104,14,327.99157692225145,476.5,0.0
104,3,385.23616151824996,410.76383848175004,0.0
104,7,390.4709452629367,423.4709452629367,0.0
104,4,393.5,427.72282012618336,0.0
104,13,419.2226423601485,466.5,0.0
104,15,408.86076821661885,465.13923178338115,0.0
104,2,384.8219479558769,411.1780520441231,0.0
104,10,370.5,377.57558313281055,0.0
104,18,364.3496249193769,361.3496249193769,0.0
105,5,395.8092443271483,435.8092443271483,0.0
105,16,364.45205614730185,490.5,0.0
105,20,339.2555609795957,468.7444390204043,0.0
105,12,357.68792398358863,351.68792398358863,0.0
105,8,369.46822381993115,490.5,0.0
105,17,372.7940764363417,489.2059235636583,0.0
105,1,316.94811498573233,471.05188501426767,0.0
105,19,316.682580123258,471.682580123258,0.0
105,6,340.43972545360725,468.5,0.0
105,11,391.93437473684065,425.06562526315935,0.0
105,9,458.2295759335939,616.2295759335939,0.0
105,14,326.893003220597,477.106996779403,0.0
105,3,384.8092443271482,409.8092443271482,0.0
105,7,389.51635110833485,422.51635110833485,0.0
105,4,392.7029634676073,426.7029634676073,0.0
105,13,417.87264236014846,466.5,0.0
105,15,409.1846376287793,464.1846376287793,0.0
105,2,385.2234578895212,410.2234578895212,0.0
105,10,369.5988511911518,376.5988511911518,0.0
105,18,363.395030764775,360.395030764775,0.0
106,5,395.5,434.58733752154006,0.0
106,16,363.21861120322563,490.78138879677437,0.0
106,20,338.30096682499385,469.69903317500615,0.0
106,12,357.5,350.4157646462862,0.0
106,8,368.2300434741778,490.2300434741778,0.0
106,17,371.56588688464876,489.5,0.0
106,1,317.5,469.9304832720478,0.0
106,19,317.2720140313439,470.7279859686561,0.0
106,6,339.20989208609745,468.79010791390255,0.0
106,11,392.1110311085575,424.1110311085575,0.0
106,9,459.4675626176964,616.5,0.0
106,14,325.7057904846246,477.5,0.0
106,3,385.1453498274537,408.8546501725463,0.0
106,7,389.26886373491953,421.26886373491953,0.0
106,4,391.7483693130054,425.7483693130054,0.0
106,13,416.8089037852165,467.1910962147835,0.0
106,15,408.2300434741774,463.2300434741774,0.0
106,2,384.73113626508064,409.26886373491936,0.0
106,10,369.5,375.28979669518367,0.0
106,18,362.55956338982685,359.44043661017315,0.0
107,5,394.6071627991312,433.6071627991312,0.0
107,16,362.1662697096749,491.49999999999994,0.0
107,20,337.346372670392,470.653627329608,0.0
107,12,357.5,349.0657646462862,0.0
107,8,367.27544931957596,489.72455068042404,0.0
107,17,370.2991016895111,489.7008983104889,0.0
107,1,316.84980348625055,468.84980348625055,0.0
107,19,317.4804985952408,469.4804985952408,0.0
107,6,338.2552979314956,469.7447020685044,0.0
107,11,391.01412848075387,423.5,0.0
107,9,460.431657461611,617.431657461611,0.0
107,14,324.6909216925799,476.6909216925799,0.0
107,3,384.90005601794445,407.90005601794445,0.0
107,7,388.31426958031767,420.31426958031767,0.0
107,4,392.20622484159645,424.79377515840355,0.0
107,13,415.85430963061464,468.14569036938536,0.0
107,15,407.5,462.1824373823037,0.0
107,2,385.3142695803175,408.3142695803175,0.0
107,10,369.10387644432126,374.10387644432126,0.0
107,18,363.4858424555713,358.4858424555713,0.0
108,5,393.6525686445293,432.6525686445293,0.0
108,16,361.0165296752085,491.9834703247915,0.0
108,20,336.3469517092903,471.5,0.0
108,12,356.94546186334276,347.94546186334276,0.0
108,8,366.3208551649741,490.67914483502585,0.0
108,17,369.2801004470218,490.5,0.0
108,1,315.8952093316487,467.8952093316487,0.0
108,19,316.52590444063895,468.52590444063895,0.0
108,6,337.3007037768937,470.6992962231063,0.0
108,11,389.90894958054037,422.90894958054037,0.0
108,9,461.3862516162129,618.3862516162128,0.0
108,14,323.44343431916457,476.55656568083543,0.0
108,3,383.715764646286,407.5,0.0
108,7,387.5,419.3015510839131,0.0
108,4,391.8391810038017,423.8391810038017,0.0
108,13,414.8997154760128,467.8997154760128,0.0
108,15,407.9720380538397,461.0279619461603,0.0
108,2,384.30155108391284,407.5,0.0
108,10,368.1492822897194,373.1492822897194,0.0
108,18,362.5312483009694,357.5312483009694,0.0
109,5,393.405081271114,431.405081271114,0.0
109,16,360.06193552060665,492.9380644793933,0.0
109,20,334.9969517092903,471.5,0.0
109,12,355.7799782086593,347.5,0.0
109,8,365.3662610103722,491.36626101037217,0.0
109,17,368.09702016149396,490.09702016149396,0.0
109,1,315.5,466.70891039679395,0.0
109,19,315.5713102860371,467.5713102860371,0.0
109,6,336.2823661407265,471.5,0.0
109,11,389.5,421.728342043127,0.0
109,9,462.34084577081467,619.3408457708147,0.0
109,14,322.4888401645627,477.4888401645627,0.0
109,3,382.69797448992733,406.69797448992733,0.0
109,7,387.88781194769945,418.11218805230055,0.0
109,4,390.6296743756757,423.5,0.0
109,13,413.9451213214109,468.0548786785891,0.0
109,15,408.07336779155844,460.07336779155844,0.0
109,2,383.1121880523004,407.1121880523004,0.0
109,10,367.19468813511753,372.19468813511753,0.0
109,18,361.2837609275541,357.2837609275541,0.0
110,5,392.5,430.4299782086593,0.0
110,16,359.10734136600485,493.89265863399515,0.0
110,20,333.64695170929025,471.5,0.0
110,12,354.74338033532564,348.25661966467436,0.0
110,8,364.3750780694234,490.5,0.0
110,17,367.1424260068921,489.8575739931079,0.0
110,1,314.6931278036315,465.6931278036315,0.0
110,19,315.3238229126218,466.3238229126218,0.0
110,6,334.93236614072646,471.5,0.0
110,11,388.70686805252325,420.70686805252325,0.0
110,9,462.41166685576997,620.58833314423,0.0
110,14,321.53424600996084,476.53424600996084,0.0
110,3,381.74338033532547,405.74338033532547,0.0
110,7,388.5,417.0157646462862,0.0
110,4,389.63709947578457,422.63709947578457,0.0
110,13,412.7794966096407,468.5,0.0
110,15,407.1187736369566,459.1187736369566,0.0
110,2,382.1575938976985,406.1575938976985,0.0
110,10,366.75990601948433,371.24009398051567,0.0
110,18,360.67083322704775,356.32916677295225,0.0
111,5,392.7970002569031,429.2029997430969,0.0
111,16,358.152747211403,494.84725278859696,0.0
111,20,332.64931639554425,472.35068360445575,0.0
111,12,354.49589296191033,349.50410703808967,0.0
111,8,363.16417948235505,490.8358205176449,0.0
111,17,366.18783185229023,490.8121681477097,0.0
111,1,313.73853364902965,464.73853364902965,0.0
111,19,314.3692287580199,465.3692287580199,0.0
111,6,333.58236614072644,471.5,0.0
111,11,387.7522738979214,419.7522738979214,0.0
111,9,461.50000000000006,621.5607083682041,0.0
111,14,320.579651855359,475.579651855359,0.0
111,3,382.2112138192764,404.7887861807236,0.0
111,7,388.5,415.66576464628616,0.0
111,4,389.38961210236926,421.38961210236926,0.0
111,13,411.4501465745803,468.4501465745803,0.0
111,15,406.5,458.02507806942293,0.0
111,2,381.79700025690335,405.20299974309665,0.0
111,10,367.5,370.1966509446759,0.0
111,18,361.5,355.3226188957782,0.0
112,5,393.5,428.1441917710324,0.0
112,16,357.07312395916733,495.49999999999994,0.0
112,20,331.6947222409424,473.3052777590576,0.0
112,12,353.54129880730846,350.45870119269154,0.0
112,8,362.08929163179647,491.49999999999994,0.0
112,17,365.23323769768837,491.23323769768837,0.0
112,1,313.49104627561434,463.49104627561434,0.0
112,19,313.5,464.3792750983965,0.0
112,6,332.603647502046,472.396352497954,0.0
112,11,387.5,418.50676916787313,0.0
112,9,461.79041467224727,622.7904146722473,0.0
112,14,319.33216448194366,475.33216448194366,0.0
112,3,381.83419202612174,403.83419202612174,0.0
112,7,387.6626191508681,414.6626191508681,0.0
112,4,388.4350179477674,420.4350179477674,0.0
112,13,410.4955524199784,467.4955524199784,0.0
112,15,405.91669210893946,456.91669210893946,0.0
112,2,382.2484055884948,404.2484055884948,0.0
112,10,367.0380124524985,369.0380124524985,0.0
112,18,361.12708524493513,354.12708524493513,0.0
113,5,393.00091821507976,427.00091821507976,0.0
113,16,355.95066568338586,496.0493343166141,0.0
113,20,331.4472348675271,474.5527651324729,0.0
113,12,352.20840533340544,350.5,0.0
113,8,360.96209795433793,492.037902045662,0.0
113,17,364.18695469651414,490.5,0.0
113,1,312.5364521210125,462.5364521210125,0.0
113,19,313.1671472300028,463.1671472300028,0.0
113,6,331.6490533474441,473.3509466525559,0.0
113,11,388.44980763009573,417.55019236990427,0.0
113,9,462.49999999999994,623.8464948058312,0.0
113,14,318.5,474.3268582964899,0.0
113,3,382.1204021284801,402.8795978715199,0.0
113,7,386.70802499626626,413.70802499626626,0.0
113,4,387.5,419.4723150627949,0.0
113,13,409.54095826537656,466.54095826537656,0.0
113,15,406.0379020456624,455.9620979543376,0.0
113,2,381.7061885661071,403.2938114338929,0.0
113,10,366.0834182978966,368.0834182978966,0.0
113,18,360.0368324581513,353.5,0.0
114,5,392.0463240604779,426.0463240604779,0.0
114,16,354.99607152878406,497.00392847121594,0.0
114,20,330.4895923964095,475.5,0.0
114,12,351.04632406047784,350.04632406047784,0.0
114,8,360.0075037997361,492.9924962002639,0.0
114,17,363.03115616967125,490.96884383032875,0.0
114,1,311.5818579664106,461.5818579664106,0.0
114,19,312.21255307540093,462.21255307540093,0.0
114,6,331.4015659740288,474.5984340259712,0.0
114,11,388.5,416.22098273024625,0.0
114,9,462.9924962002644,624.9924962002644,0.0
114,14,318.1300829539265,473.1300829539265,0.0
114,3,382.5,401.68683245815134,0.0
114,7,385.7534308416644,412.7534308416644,0.0
114,4,387.7670635802497,418.2329364197503,0.0
114,13,408.5863641107747,465.5863641107747,0.0
114,15,406.00750379973573,455.00750379973573,0.0
114,2,382.5,402.27261889577824,0.0
114,10,365.12882414329476,367.12882414329476,0.0
114,18,358.925003716918,352.925003716918,0.0
115,5,391.90827009412396,425.09172990587604,0.0
115,16,353.8515510839136,497.50000000000006,0.0
115,20,329.24515333950995,475.75484666049005,0.0
115,12,350.091729905876,349.908270094124,0.0
115,8,359.05290964513426,493.9470903548657,0.0
115,17,361.9011682588872,491.49999999999994,0.0
115,1,310.26044870730806,461.5,0.01
115,19,311.1577022231427,461.5,0.0
115,6,330.42500682784566,475.5,0.0
115,11,388.0552176230737,415.0552176230737,0.0
115,9,463.94709035486625,625.9470903548663,0.0
115,14,317.1754887993246,472.1754887993246,0.0
115,3,381.6775163435027,400.6775163435027,0.0
115,7,384.79883668706253,411.79883668706253,0.0
115,4,388.5,417.186528625168,0.0
115,13,409.36823004382717,464.63176995617283,0.0
115,15,405.05290964513387,454.05290964513387,0.0
115,2,382.0917299058758,401.0917299058758,0.0
115,10,364.5,366.0392916317951,0.0
115,18,357.97040956231615,351.97040956231615,0.0
116,5,392.1371357512742,424.1371357512742,0.0
116,16,352.50155108391357,497.50000000000006,0.0
116,20,328.2038059587826,476.5,0.0
116,12,349.1371357512741,350.8628642487259,0.0
116,8,358.09831549053246,494.90168450946754,0.0
116,17,360.82907464165413,492.17092535834587,0.0
116,1,309.07559160839395,461.92440839160605,0.02
116,19,309.8023862841646,461.5,0.01
116,6,329.1994844460117,475.8005155539883,0.0
116,11,387.10062346847184,414.10062346847184,0.0
116,9,464.9016845094681,626.901684509468,0.0
116,14,316.77910535527724,471.22089464472276,0.0
116,3,380.72292218890084,399.72292218890084,0.0
116,7,385.15575746753933,410.84424253246067,0.0
116,4,388.5,415.836528625168,0.0
116,13,408.67717580157097,463.67717580157097,0.0
116,15,404.098315490532,453.098315490532,0.0
116,2,381.13713575127395,400.13713575127395,0.0
116,10,363.92674261527765,364.92674261527765,0.0
116,18,357.5,350.8152595828975,0.0
117,5,391.0510460205247,423.5,0.0
117,16,351.5465026273517,496.5465026273517,0.0
117,20,327.04307181149284,476.95692818850716,0.0
117,12,348.18254159667225,351.81745840332775,0.0
117,8,356.9961458812889,495.49999999999994,0.0
117,17,359.87448048705227,493.1255195129477,0.0
117,1,308.11157234117496,462.88842765882504,0.025
117,19,308.753581285724,462.246418714276,0.015
117,6,328.1392203902188,476.5,0.0
117,11,386.14602931387,413.14602931387,0.0
117,9,465.50000000000006,628.0038541187118,0.0
117,14,317.5,470.16949898360906,0.0
117,3,379.4754348154855,399.4754348154855,0.0
117,7,384.8896483778588,409.8896483778588,0.0
117,4,387.78336751831785,414.78336751831785,0.0
117,13,407.7225816469691,462.7225816469691,0.0
117,15,403.5,451.99614588128827,0.0
117,2,380.0510460205244,399.5,0.0
117,10,364.0278515393242,363.9721484606758,0.0
117,18,357.5,349.4652595828975,0.0
118,5,389.93505422325705,422.93505422325705,0.0
118,16,350.5919084727499,497.4080915272502,0.0
118,20,325.9180195211557,477.5,0.0
118,12,347.2279474420704,352.2279474420704,0.0
118,8,355.89623396251534,496.10376603748466,0.0
118,17,358.91988633245046,494.08011366754954,0.0
118,1,307.147553073956,463.147553073956,0.025
118,19,307.7933431793774,463.2066568206226,0.015
118,6,326.9974029179946,477.0025970820054,0.0
118,11,385.1914351592681,412.1914351592681,0.0
118,9,466.10376603748523,629.1037660374852,0.0
118,14,317.01881311670564,469.01881311670564,0.0
118,3,378.52084066088366,398.52084066088366,0.0
118,7,385.06494577674306,408.93505422325694,0.0
118,4,386.828773363716,413.828773363716,0.0
118,13,407.5249057264462,461.4750942735538,0.0
118,15,402.8962339625149,450.8962339625149,0.0
118,2,378.9350542232568,398.9350542232568,0.0
118,10,364.9824456939261,363.0175543060739,0.0
118,18,357.2279474420703,348.2279474420703,0.0
119,5,389.5,421.76525958289784,0.0
119,16,349.2799782086599,497.50000000000006,0.0
119,20,324.8409902834757,476.8409902834757,0.0
119,12,346.2733532874685,351.7266467125315,0.0
119,8,354.94163980791353,497.0583601920865,0.0
119,17,357.9652921778486,495.03470782215135,0.0
119,1,306.183533806737,462.183533806737,0.025
119,19,306.8331050730308,462.8331050730308,0.015
119,6,325.8534339525919,477.5,0.0
119,11,384.76315899533375,411.23684100466625,0.0
119,9,465.94163980791285,630.0583601920871,0.0
119,14,316.0642189621038,468.0642189621038,0.0
119,3,379.4337534937182,397.5662465062818,0.0
119,7,384.9804600686551,407.9804600686551,0.0
119,4,385.8741792091141,412.8741792091141,0.0
119,13,408.47949988104807,460.52050011895193,0.0
119,15,402.5,449.7103594436614,0.0
119,2,379.01953993134504,397.98046006865496,0.0
119,10,365.06296015147205,362.06296015147205,0.0
119,18,356.1794731452706,347.5,0.0
120,5,388.73297269523994,420.73297269523994,0.0
120,16,348.0969337259193,497.09693372591937,0.0
120,20,323.63223308352883,476.5,0.0
120,12,345.31875913286666,352.68124086713334,0.0
120,8,353.77457300603515,497.50000000000006,0.0
120,17,356.8080225083796,495.49999999999994,0.0
120,1,305.219514539518,461.780485460482,0.025
120,19,305.8728669666842,461.8728669666842,0.015
120,6,324.79532138997746,476.79532138997746,0.0
120,11,385.2822468500644,410.2822468500644,0.0
120,9,465.50000000000006,631.2254269939658,0.0
120,14,315.5,466.94792610835526,0.0
120,3,378.61165235167994,396.61165235167994,0.0
120,7,383.8294731452707,407.5,0.0
120,4,384.91958505451225,411.91958505451225,0.0
120,13,407.56590596435007,459.56590596435007,0.0
120,15,402.4012592156843,448.4012592156843,0.0
120,2,379.0258659140531,397.0258659140531,0.0
120,10,364.1083659968702,361.1083659968702,0.0
120,18,355.02586591405316,347.97413408594684,0.0
121,5,387.7783785406381,419.7783785406381,0.0
121,16,347.8576604286825,496.1423395713175,0.0
121,20,322.6389087554586,477.3610912445414,0.0
121,12,344.3641649782648,353.6358350217352,0.0
121,8,352.44666506108297,497.446665061083,0.0
121,17,355.7632106498315,496.23678935016846,0.0
121,1,304.1542180980209,462.5,0.025
121,19,304.91262886033763,462.08737113966237,0.015
121,6,323.567647514965,476.5,0.0
121,11,384.6723473045375,409.3276526954625,0.0
121,9,466.2604417201043,632.2604417201044,0.0
121,14,314.86213743408666,465.86213743408666,0.0
121,3,378.3641649782646,395.3641649782646,0.0
121,7,382.77837854063796,406.77837854063796,0.0
121,4,385.0350091000896,410.9649908999104,0.0
121,13,406.6113118097482,458.6113118097482,0.0
121,15,401.44666506108246,447.44666506108246,0.0
121,2,378.5,395.8936867076436,0.0
121,10,363.1537718422683,360.1537718422683,0.0
121,18,354.5,349.1063132923563,0.0
122,5,388.7367316317397,420.7367316317397,0.01
122,16,348.1877454167157,495.18774541671564,0.0
122,20,322.3567038164308,478.6432961835692,0.0
122,12,343.40957082366293,354.59042917633707,0.0
122,8,351.49207090648116,496.50792909351884,0.0
122,17,354.80861649522967,497.19138350477033,0.0
122,1,302.9947867361938,463.0052132638062,0.035
122,19,303.6039854308399,462.46962585784286,0.025
122,6,322.582348965269,477.42286877071814,0.0
122,11,385.37305854086065,408.37305854086065,0.0
122,9,466.5618755822834,633.5618755822835,0.0
122,14,313.90378434298503,464.90378434298503,0.01
122,3,377.5,394.3721138323897,0.0
122,7,381.8237843860361,405.8237843860361,0.0
122,4,384.57190941291,409.69690624984395,0.0
122,13,407.56590596435007,459.56590596435007,0.0
122,15,402.4012592156843,448.4012592156843,0.0
122,2,377.71298017967507,394.7968276454047,0.0
122,10,362.8045812488333,359.1954187511667,0.01
122,18,353.70988110609034,350.2074914922563,0.01
123,5,389.5,421.78122833257817,0.02
123,16,347.23315126211384,494.23315126211384,0.0
123,20,321.40210966182894,479.59789033817106,0.0
123,12,342.45497666906107,355.45497666906107,0.0
123,8,350.53747675187935,497.4625232481207,0.0
123,17,353.5864496331259,497.50000000000006,0.0
123,1,302.02316042099926,463.97683957900074,0.045
123,19,302.60688248650507,463.39311751349493,0.04
123,6,322.33229538979646,478.66770461020354,0.0
123,11,384.3846912292308,407.5,0.0
123,9,467.48353026311463,634.5164697368854,0.0
123,14,313.5,463.7103844834211,0.02
123,3,377.5,393.02211383238966,0.0
123,7,382.13080976856577,404.86919023143423,0.0
123,4,385.3063662306255,408.6936337693745,0.0
123,13,408.47949988104807,460.52050011895193,0.0
123,15,402.5,449.7103594436614,0.0
123,2,377.5,393.5153316411302,0.0
123,10,363.2332919218786,358.2332919218786,0.02
123,18,352.49936289144995,350.5,0.02
124,5,389.95766710728765,422.95766710728765,0.03
124,16,346.5,493.1868324581523,0.0
124,20,320.5524844927729,480.5524844927729,0.0
124,12,341.5003825144592,354.5003825144592,0.0
124,8,349.20300013078145,497.50000000000006,0.0
124,17,352.3136417483991,497.31364174839916,0.0
124,1,301.0477081012113,464.9522918987887,0.05500000000000001
124,19,301.633345048538,464.366654951462,0.049999999999999996
124,6,321.3777012351946,479.6222987648054,0.0
124,11,383.17097701284354,407.17097701284354,0.0
124,9,466.52893610851277,635.4710638914872,0.0
124,14,312.6828488674371,462.6828488674371,0.03
124,3,377.5,391.67211383238964,0.0
124,7,381.91459607683237,403.91459607683237,0.0
124,4,384.73903961477265,407.73903961477265,0.0
124,13,407.5249057264462,461.4750942735538,0.0
124,15,402.8962339625149,450.8962339625149,0.0
124,2,377.5,392.1653316411302,0.0
124,10,362.1710206834993,357.5,0.03
124,18,351.2407408499641,350.2407408499641,0.03
125,5,391.1044151502288,423.5,0.04
125,16,346.0310697340967,492.03106973409666,0.0
125,20,321.51001071912066,481.5,0.0
125,12,340.54578835985734,355.45421164014266,0.0
125,8,348.0425020050488,497.0425020050488,0.0
125,17,351.3590475937973,496.6409524062027,0.0
125,1,299.88964623104204,465.5,0.065
125,19,300.6559740804871,465.3440259195129,0.060000000000000005
125,6,320.57689291940727,480.57689291940727,0.0
125,11,382.2163828582417,406.2163828582417,0.0
125,9,466.71855126490243,636.7185512649025,0.0
125,14,311.71312992334606,461.71312992334606,0.04
125,3,376.6671087034169,390.6671087034169,0.0
125,7,382.0399980777695,402.9600019222305,0.0
125,4,383.49155224135734,407.49155224135734,0.0
125,13,407.7225816469691,462.7225816469691,0.0
125,15,403.5,451.99614588128827,0.0
125,2,377.0158663605793,391.0158663605793,0.0
125,10,361.0047643315278,357.0047643315278,0.04
125,18,350.27102190587306,349.72897809412694,0.04
126,5,392.1938167081592,424.1938167081592,0.05
126,16,345.0764755794949,491.9235244205051,0.0
126,20,322.75456602079004,481.75456602079004,0.0
126,12,339.5911942052555,356.4088057947445,0.0
126,8,347.912092149553,496.0879078504469,0.0
126,17,350.36487675787214,497.50000000000006,0.0
126,1,298.7923719065851,464.7923719065851,0.07500000000000001
126,19,299.3818612681227,465.3818612681227,0.07
126,6,321.5445294471031,481.5,0.0
126,11,381.7382112963602,405.2617887036398,0.0
126,9,467.6731454195043,637.6731454195043,0.0
126,14,311.44669926656553,460.44669926656553,0.05
126,3,375.712514548815,389.712514548815,0.0
126,7,382.5,401.8005409571361,0.0
126,4,382.5369580867555,406.5369580867555,0.0
126,13,408.67717580157097,463.67717580157097,0.0
126,15,404.098315490532,453.098315490532,0.0
126,2,376.06127220597745,390.06127220597745,0.0
126,10,360.9687731064393,356.0312268935607,0.05
126,18,349.2135997879214,350.5,0.05
127,5,391.8288123237899,425.1711876762101,0.060000000000000005
127,16,343.96525958289857,492.5,0.0
127,20,323.5,482.79579715674754,0.0
127,12,338.6366000506536,355.6366000506536,0.0
127,8,348.1333136958451,495.1333136958451,0.0
127,17,349.0148767578721,497.50000000000006,0.0
127,1,297.8053509407858,465.1946490592142,0.08499999999999999
127,19,298.39677789421364,464.60322210578636,0.08000000000000002
127,6,322.7789744474244,481.7789744474244,0.0
127,11,382.30719454903794,404.30719454903794,0.0
127,9,468.5,638.6806510381526,0.0
127,14,310.46932829851465,459.53067170148535,0.060000000000000005
127,3,376.24207960578684,388.75792039421316,0.0
127,7,381.7579203942134,400.7579203942134,0.0
127,4,381.5823639321536,405.5823639321536,0.0
127,13,409.36823004382717,464.63176995617283,0.0
127,15,405.05290964513387,454.05290964513387,0.0
127,2,375.8933219486244,389.1066780513756,0.0
127,10,361.5,354.8690569990836,0.060000000000000005
127,18,348.02722028104165,350.97277971895835,0.060000000000000005
128,5,392.15240726976106,426.15240726976106,0.07
128,16,342.61525958289855,492.5,0.0
128,20,323.5,484.14579715674756,0.0
128,12,337.68200589605175,356.31799410394825,0.0
128,8,347.1787195412433,494.17871954124325,0.0
128,17,347.90947869236487,496.9094786923649,0.0
128,1,296.8144433503759,466.1855566496241,0.095
128,19,297.40781552541273,465.59218447458727,0.09
128,6,323.5,482.83031588473,0.0
128,11,381.6473996055639,403.3526003944361,0.0
128,9,468.8752269475214,639.8752269475214,0.0
128,14,309.48617871286615,460.51382128713385,0.07500000000000001
128,3,375.8033262396113,387.8033262396113,0.0
128,7,380.8033262396115,399.8033262396115,0.0
128,4,382.37223022244825,404.62776977755175,0.0
128,13,408.5863641107747,465.5863641107747,0.0
128,15,406.00750379973573,455.00750379973573,0.0
128,2,376.1520838967737,388.1520838967737,0.0
128,10,360.77974311314546,353.77974311314546,0.07
128,18,347.0460006874907,351.9539993125093,0.07
129,5,393.1374906436701,427.1374906436701,0.08
129,16,341.6269066780624,493.3730933219375,0.0
129,20,324.20413492222247,485.20413492222247,0.0
129,12,336.7274117414499,357.2725882585501,0.0
129,8,346.5,493.1098543802739,0.0
129,17,348.04511546223694,495.95488453776306,0.0
129,1,295.819633830867,467.180366169133,0.10499999999999998
129,19,296.4149588872754,466.5850411127246,0.1
129,6,323.5,484.18031588473,0.0
129,11,382.5,402.3557590410962,0.0
129,9,469.8298211021232,640.8298211021232,0.0
129,14,308.5,461.5011911255211,0.085
129,3,375.5,386.5789680818819,0.0
129,7,379.57896808188224,399.5,0.0
129,4,381.6731756229499,403.6731756229499,0.0
129,13,409.54095826537656,466.54095826537656,0.0
129,15,406.0379020456624,455.9620979543376,0.0
129,2,375.5,387.0721858906225,0.0
129,10,359.50249823714034,353.5,0.08
129,18,345.87904330986396,352.5,0.08
130,5,393.5,428.385938346426,0.09
130,16,340.6723125234606,494.3276874765394,0.0
130,20,325.15872907682433,486.15872907682433,0.0
130,12,335.4799243680346,357.5200756319654,0.0
130,8,345.97663801322614,491.97663801322614,0.0
130,17,348.00029038316126,495.0002903831612,0.0
130,1,294.82090701750593,468.17909298249407,0.11499999999999999
130,19,295.41819264521047,467.58180735478953,0.10999999999999999
130,6,324.2285433488568,485.2285433488568,0.0
130,11,382.15051886641896,401.15051886641896,0.0
130,9,470.21558474327503,641.784415256725,0.0
130,14,308.2153569378434,462.7846430621566,0.095
130,3,374.6012447115941,385.6012447115941,0.0
130,7,378.6012447115944,398.6012447115944,0.0
130,4,382.281418531652,402.718581468348,0.0
130,13,410.4955524199784,467.4955524199784,0.0
130,15,405.91669210893946,456.91669210893946,0.0
130,2,374.9500023687566,385.9500023687566,0.0
130,10,358.51280415162205,352.51280415162205,0.09
130,18,344.78294072085913,353.21705927914087,0.08
131,5,392.5877971305782,429.4122028694218,0.09999999999999999
131,16,339.7177183688588,493.71771836885875,0.0
131,20,324.8866767685738,487.1133232314262,0.0
131,12,334.5253302134327,358.4746697865673,0.0
131,8,345.02204385862433,491.9779561413756,0.0
131,17,347.0456962285594,494.0456962285594,0.0
131,1,293.818247485037,467.818247485037,0.12499999999999997
131,19,294.4175014042431,468.4175014042431,0.12
131,6,325.1831375034587,486.1831375034587,0.0
131,11,381.1959247118171,400.1959247118171,0.0
131,9,469.73900941132683,642.7390094113268,0.0
131,14,307.22054741833455,463.22054741833455,0.105
131,3,375.35334944300774,384.64665055699226,0.0
131,7,379.35334944300746,397.64665055699254,0.0
131,4,382.4710940949327,401.4710940949327,0.0
131,13,411.4501465745803,468.4501465745803,0.0
131,15,406.5,458.02507806942293,0.0
131,2,375.00459178584526,384.99540821415474,0.0
131,10,357.51994751348474,351.51994751348474,0.09999999999999999
131,18,343.7978573469501,354.2021426530499,0.08
132,5,392.70186233030023,430.70186233030023,0.10999999999999999
132,16,338.76312421425695,492.76312421425695,0.0
132,20,324.5,488.30315646962833,0.0
132,12,333.2778428400174,358.7221571599826,0.0
132,8,343.88828150502013,492.5,0.0
132,17,346.5,492.92173100736454,0.0
132,1,292.811639747464,468.188360252536,0.13499999999999998
132,19,293.41286970877735,467.58713029122265,0.12999999999999998
132,6,324.86226834193945,487.13773165806055,0.0
132,11,380.1341861658423,399.5,0.0
132,9,470.50000000000006,643.7737967886601,0.0
132,14,306.22182060497346,462.22182060497346,0.11499999999999999
132,3,374.6920564023904,383.6920564023904,0.0
132,7,378.6920564023907,396.6920564023907,0.0
132,4,381.51649994033085,400.51649994033085,0.0
132,13,412.40474072918215,469.40474072918215,0.0
132,15,407.1187736369566,459.1187736369566,0.0
132,2,375.0408140595529,384.0408140595529,0.0
132,10,357.5,350.1185697060618,0.10999999999999999
132,18,342.81277397304103,355.18722602695897,0.08
133,5,393.5,431.78645400759376,0.11999999999999998
133,16,337.8085300596551,493.19146994034486,0.0
133,20,325.3154047594433,489.3154047594433,0.0
133,12,332.32324868541554,359.67675131458446,0.0
133,8,342.5382815050201,492.5,0.0
133,17,345.8436147005423,491.8436147005422,0.0
133,1,291.51156125102364,468.5,0.145
133,19,292.3646343661387,468.5,0.13999999999999999
133,6,324.5,488.3376751976108,0.0
133,11,378.9938431838,398.9938431838,0.0
133,9,470.94109093934395,644.941090939344,0.0
133,14,305.2191610725045,461.7808389274955,0.12499999999999999
133,3,373.7374622477885,382.7374622477885,0.0
133,7,378.44456902897537,395.44456902897537,0.0
133,4,380.561905785729,399.561905785729,0.0
133,13,411.640665116216,470.359334883784,0.0
133,15,408.07336779155844,460.07336779155844,0.0
133,2,374.086219904951,383.086219904951,0.0
133,10,356.9367035928255,348.9367035928255,0.11999999999999998
133,18,341.827690599132,354.827690599132,0.08
134,5,394.00007848554685,433.00007848554685,0.12999999999999998
134,16,336.8539359050533,494.1460640949467,0.0
134,20,326.2699989140452,490.2699989140452,0.0
134,12,331.36865453081367,360.63134546918633,0.0
134,8,341.5724749571919,493.42752504280804,0.0
134,17,344.88902054594047,492.11097945405953,0.0
134,1,290.49362418906946,469.49362418906946,0.155
134,19,291.0988296086132,468.9011703913868,0.15
134,6,325.33981318607766,489.33981318607766,0.0
134,11,378.9607509708019,398.0392490291981,0.0
134,9,471.8956850939458,645.8956850939459,0.0
134,14,304.09068898557285,462.5,0.13999999999999999
134,3,372.78286809318666,381.78286809318666,0.0
134,7,377.5,394.48582233137455,0.0
134,4,379.31441841231367,399.31441841231367,0.0
134,13,410.3931777428007,470.6068222571993,0.0
134,15,407.9720380538397,461.0279619461603,0.0
134,2,373.13162575034914,382.13162575034914,0.0
134,10,355.93601235185815,349.06398764814185,0.11999999999999998
134,18,340.84260722522293,355.15739277477707,0.08
135,5,395.00866615196713,434.00866615196713,0.13999999999999999
135,16,335.8993417504514,495.10065824954853,0.0
135,20,325.77540693135296,491.224593068647,0.0
135,12,330.3784630184935,361.5,0.0
135,8,340.6178808025901,494.3821191974099,0.0
135,17,343.7001581321108,492.5,0.0
135,1,289.475078309209,468.524921690791,0.165
135,19,290.0822832062766,469.0822832062766,0.16
135,6,326.2944073406795,490.2944073406795,0.0
135,11,379.08465487459625,397.08465487459625,0.0
135,9,472.8502792485477,646.8502792485477,0.0
135,14,302.90512097234034,463.09487902765966,0.15
135,3,371.8282739385848,380.8282739385848,0.0
135,7,377.5,393.1358223313745,0.0
135,4,378.6401757422882,398.3598242577118,0.0
135,13,409.4385835881988,471.4385835881988,0.0
135,15,407.5,462.1824373823037,0.0
135,2,372.1770315957473,381.1770315957473,0.0
135,10,354.69585081244236,349.5,0.12999999999999998
135,18,339.8575238513139,356.1424761486861,0.08
136,5,395.5,435.23712398291946,0.15
136,16,334.9447475958496,496.0552524041504,0.0
136,20,324.5394842174909,491.49999999999994,0.0
136,12,329.1665730027965,361.8334269972035,0.0
136,8,339.6632866479883,493.66328664798823,0.0
136,17,342.3940457991099,492.6059542008901,0.0
136,1,288.4328554990472,469.5,0.17500000000000002
136,19,289.0617339160562,468.9382660839438,0.17
136,6,325.7509985047186,491.24900149528133,0.0
136,11,378.5,395.97682685296155,0.0
136,9,473.80487340314954,647.8048734031496,0.0
136,14,301.88857457000375,464.11142542999625,0.16
136,3,370.87367978398294,379.87367978398294,0.0
136,7,377.5,391.7858223313745,0.0
136,4,379.40523010310994,397.40523010310994,0.0
136,13,408.48398943359695,470.51601056640305,0.0
136,15,408.2300434741774,463.2300434741774,0.0
136,2,371.2224374411454,380.2224374411454,0.0
136,10,353.6298997711586,350.3701002288414,0.13999999999999999
136,18,338.87244047740484,355.87244047740484,0.08
137,5,396.3306649880476,436.3306649880476,0.16
137,16,333.9901534412478,497.00984655875226,0.0
137,20,323.57332540333584,492.42667459666416,0.0
137,12,328.21197884819463,362.21197884819463,0.0
137,8,338.7086924933864,492.7086924933864,0.0
137,17,341.43945164450804,493.5605483554919,0.0
137,1,287.1330452534943,469.8669547465057,0.18500000000000003
137,19,287.84545384563637,469.5,0.18000000000000002
137,6,324.50496548950844,491.49999999999994,0.0
137,11,377.88257334657914,394.88257334657914,0.0
137,9,474.7594675577514,648.7594675577513,0.0
137,14,300.86802527978335,465.13197472021665,0.17
137,3,370.5,378.6784630184933,0.0
137,7,376.7475127541276,390.7475127541276,0.0
137,4,378.5,396.43018868888646,0.0
137,13,407.5293952789951,471.4706047210049,0.0
137,15,409.1846376287793,464.1846376287793,0.0
137,2,370.5,379.17168082723396,0.0
137,10,352.25173104366115,350.5,0.15
137,18,337.8873571034958,356.1126428965042,0.08
138,5,397.351214278268,437.351214278268,0.17
138,16,333.035559286646,497.035559286646,0.0
138,20,322.618731248734,493.38126875126596,0.0
138,12,327.25738469359277,361.74261530640723,0.0
138,8,337.75409833878456,493.2459016612154,0.0
138,17,340.48485748990623,494.48485748990623,0.0
138,1,286.10241964765294,470.89758035234706,0.19500000000000003
138,19,286.7156703418745,470.2843296581255,0.19000000000000003
138,6,323.5489169767015,492.4510830232985,0.0
138,11,377.5,393.69104041533467,0.0
138,9,475.50000000000006,649.8027289767947,0.0
138,14,299.5715084650705,465.5,0.18000000000000002
138,3,370.3787050371523,377.3787050371523,0.0
138,7,375.79291859952576,389.79291859952576,0.0
138,4,378.2031485750928,395.2031485750928,0.0
138,13,406.5748011243932,472.4251988756068,0.0
138,15,408.86076821661885,465.13923178338115,0.0
138,2,370.5,377.82168082723393,0.0
138,10,351.0150077162647,350.0150077162647,0.16
138,18,336.90227372958674,357.09772627041326,0.08
139,5,396.6242177813257,438.3757822186743,0.18000000000000002
139,16,331.90739520662964,496.5,0.0
139,20,321.37124387531867,493.6287561246813,0.0
139,12,326.3027905389909,362.6972094610091,0.0
139,8,336.79950418418275,494.20049581581725,0.0
139,17,339.5302633353044,493.53026333530437,0.0
139,1,285.06773571378943,471.06773571378943,0.20500000000000004
139,19,285.6830175656751,471.3169824343249,0.20000000000000004
139,6,322.5943228220996,493.4056771779003,0.0
139,11,377.5,392.34104041533465,0.0
139,9,475.9615490857685,650.9615490857685,0.0
139,14,298.52196170560165,464.52196170560165,0.19000000000000003
139,3,369.42411088255045,376.42411088255045,0.0
139,7,376.1616755550761,388.8383244449239,0.0
139,4,377.5,394.1444022512596,0.0
139,13,405.62020696979135,473.37979303020865,0.0
139,15,409.093825937983,466.093825937983,0.0
139,2,369.772868539713,376.772868539713,0.0
139,10,349.9944584260443,350.0055415739557,0.17
139,18,335.67578269671753,357.5,0.08
140,5,397.40438463363625,439.40438463363625,0.19000000000000003
140,16,330.8334777586289,497.1665222413711,0.0
140,20,320.41664972071686,494.58335027928314,0.0
140,12,325.28531726798576,363.5,0.0
140,8,335.8449100295809,495.15508997041906,0.0
140,17,338.57566918070256,492.57566918070256,0.0
140,1,284.0289774712933,470.9710225287067,0.21500000000000005
140,19,284.64629847899874,470.64629847899874,0.21000000000000005
140,6,321.3468354486843,493.6531645513156,0.0
140,11,377.14011122633326,391.14011122633326,0.0
140,9,476.91614324037033,651.9161432403704,0.0
140,14,297.4893089294022,465.5106910705978,0.20000000000000004
140,3,368.4695167279486,375.4695167279486,0.0
140,7,375.88373029032203,387.88373029032203,0.0
140,4,377.5,392.79440225125956,0.0
140,13,404.6656128151895,472.6656128151895,0.0
140,15,410.0484200925849,467.0484200925849,0.0
140,2,368.8182743851111,375.8182743851111,0.0
140,10,348.7503119352462,350.5,0.18000000000000002
140,18,334.6392137629552,358.3607862370448,0.08
141,5,398.4370374098357,440.4370374098357,0.20000000000000004
141,16,329.62160876900276,497.50000000000006,0.0
141,20,319.462055566115,495.53794443388495,0.0
141,12,324.1007090109738,363.1007090109738,0.0
141,8,334.8903158749791,496.1096841250209,0.0
141,17,337.6210750261007,493.37892497389925,0.0
141,1,282.7732764880136,471.5,0.22500000000000006
141,19,283.60549706980225,471.39450293019775,0.22000000000000006
141,6,320.3922412940825,494.6077587059175,0.0
141,11,376.1855170717314,390.1855170717314,0.0
141,9,477.5,653.0243018520486,0.0
141,14,296.4525898427259,466.5474101572741,0.21000000000000005
141,3,367.51116363684696,374.51116363684696,0.01
141,7,375.5,386.69267658086676,0.0
141,4,377.46068645484695,391.46068645484695,0.0
141,13,403.7110186605876,473.2889813394124,0.0
141,15,411.00301424718674,468.00301424718674,0.0
141,2,367.8599212940095,374.8599212940095,0.01
141,10,347.6483948518626,351.3516051481374,0.19000000000000003
141,18,333.3612371702327,358.6387628297673,0.08
142,5,399.473756496512,441.473756496512,0.21000000000000005
142,16,328.6313962306118,496.6313962306118,0.0
142,20,318.5074614115132,496.4925385884868,0.0
142,12,322.9995308303589,362.5,0.0
142,8,333.9357217203773,497.0642782796228,0.0
142,17,336.6664808714989,494.3335191285011,0.0
142,1,281.3533873854498,471.6466126145502,0.23500000000000007
142,19,282.1714839087918,471.5,0.23000000000000007
142,6,319.43764713948065,495.5623528605193,0.0
142,11,375.76907708287047,389.23092291712953,0.0
142,9,477.5,654.3743018520486,0.0
142,14,295.4117884335294,467.5882115664706,0.22000000000000006
142,3,366.25614358874543,374.25614358874543,0.02
142,7,374.68164876230486,385.68164876230486,0.0
142,4,376.5060923002451,390.5060923002451,0.0
142,13,402.75642450598576,474.24357549401424,0.0
142,15,411.9576084017886,468.9576084017886,0.0
142,2,366.64835276467284,374.5,0.02
142,10,346.61574207566315,352.38425792433685,0.20000000000000004
142,18,332.37615379632365,359.62384620367635,0.08
143,5,398.5,442.5205879876927,0.22000000000000006
143,16,328.38390885719656,495.3839088571965,0.0
143,20,317.2599740380979,496.7400259619021,0.0
143,12,321.89862748295667,363.10137251704333,0.0
143,8,332.98112756577547,496.98112756577547,0.0
143,17,335.711886716897,495.2881132831029,0.0
143,1,280.3023097028795,472.6976902971205,0.24500000000000005
143,19,280.925796482545,472.074203517455,0.24000000000000007
143,6,318.4760333013739,496.5,0.0
143,11,376.27632876252767,388.27632876252767,0.0
143,9,477.34139463938374,655.6586053606162,0.0
143,14,294.3668886267184,468.3668886267184,0.23000000000000007
143,3,365.70977183870093,373.29022816129907,0.03
143,7,375.272945392297,384.727054607703,0.0
143,4,375.5514981456432,389.5514981456432,0.0
143,13,401.8018303513839,475.1981696486161,0.0
143,15,412.08779744360953,469.91220255639047,0.0
143,2,365.63898581846155,373.63898581846155,0.03
143,10,345.2901960806502,352.7098039193498,0.20000000000000004
143,18,331.3910704224146,360.6089295775854,0.08
144,5,398.8523509313329,443.8523509313329,0.23000000000000007
144,16,327.4293147025947,494.4293147025947,0.0
144,20,316.2247655917295,497.50000000000006,0.0
144,12,320.9440333283548,364.0559666716452,0.0
144,8,331.8304171287512,496.5,0.0
144,17,334.7572925622952,496.2427074377048,0.0
144,1,279.2470931574782,473.7529068425218,0.25500000000000006
144,19,279.87265140177493,473.12734859822507,0.25000000000000006
144,6,317.2355656114635,496.7644343885365,0.0
144,11,375.5,387.24789466482696,0.0
144,9,476.613199515218,656.6131995152181,0.0
144,14,293.3178742838991,467.6821257161009,0.24000000000000007
144,3,366.32050921720804,372.32050921720804,0.04
144,7,374.77246045310113,383.77246045310113,0.0
144,4,376.40309600895864,388.59690399104136,0.0
144,13,400.84723619678203,474.84723619678203,0.0
144,15,410.98127111668083,470.5,0.0
144,2,366.3307331256295,372.6692668743705,0.04
144,10,344.2575433044508,353.7424566955492,0.20000000000000004
144,18,330.3670456089578,361.5,0.08
145,5,399.5,445.06761621417166,0.24000000000000007
145,16,326.5,493.4642494561221,0.0
145,20,315.0578925100808,497.0578925100808,0.0
145,12,319.98943917375294,365.01056082624706,0.0
145,8,330.77904603775835,497.2209539622417,0.0
145,17,333.8026984076934,497.19730159230664,0.0
145,1,278.187721451511,474.812278548489,0.26500000000000007
145,19,278.81535931731264,474.18464068268736,0.26000000000000006
145,6,316.190246863747,497.50000000000006,0.0
145,11,375.07424723451055,386.07424723451055,0.0
145,9,477.5677936698199,657.5677936698199,0.0
145,14,292.1672768482347,468.5,0.25000000000000006
145,3,365.5,371.2835854147767,0.05
145,7,373.81786629849927,382.81786629849927,0.0
145,4,375.6423098364395,387.6423098364395,0.0
145,13,399.89264204218017,475.10735795781983,0.0
145,15,409.8857159155924,471.1142840844076,0.0
145,2,365.69572943640344,371.69572943640344,0.05
145,10,343.22489052825136,354.77510947174864,0.20000000000000004
145,18,329.12801045578306,361.87198954421694,0.08
146,5,400.24740357373577,446.24740357373577,0.25000000000000006
146,16,326.2272331745775,492.2272331745775,0.0
146,20,314.103298355479,496.89670164452104,0.0
146,12,319.0348450191511,365.9651549808489,0.0
146,8,329.5446306911243,497.50000000000006,0.0
146,17,332.8481042530916,496.8481042530916,0.0
146,1,277.12417822306674,475.87582177693326,0.2750000000000001
146,19,277.75390389936666,475.24609610063334,0.2700000000000001
146,6,315.0334840834464,497.03348408344647,0.0
146,11,374.8803469200913,385.1196530799087,0.0
146,9,478.5,658.5316611649292,0.0
146,14,290.91454389985324,469.08545610014676,0.26000000000000006
146,3,365.07670759237664,370.07670759237664,0.060000000000000005
146,7,372.8632721438974,381.8632721438974,0.0
146,4,375.3948224630242,386.3948224630242,0.0
146,13,398.70527970120907,475.5,0.0
146,15,408.93112176099055,470.93112176099055,0.0
146,2,365.4254652495391,370.4254652495391,0.060000000000000005
146,10,342.19223775205194,355.19223775205194,0.20000000000000004
146,18,328.142927081874,362.142927081874,0.08
147,5,401.30469565819806,447.30469565819806,0.26000000000000006
147,16,325.1784630184952,491.49999999999994,0.0
147,20,313.0031927164758,497.50000000000006,0.0
147,12,318.0802508645492,366.0802508645492,0.0
147,8,328.57696450974123,496.57696450974123,0.0
147,17,331.64229375584193,496.5,0.0
147,1,276.05644704580544,476.05644704580544,0.2850000000000001
147,19,276.6882687538431,476.3117312461569,0.2800000000000001
147,6,314.0788899288446,496.9211100711554,0.0
147,11,375.1650589253068,384.1650589253068,0.0
147,9,478.769875197837,659.769875197837,0.0
147,14,289.85308848190726,468.85308848190726,0.2700000000000001
147,3,364.5,368.9279336417966,0.07
147,7,371.90867798929554,380.90867798929554,0.0
147,4,374.5597716915777,385.4402283084223,0.0
147,13,397.69056051416305,476.30943948583695,0.0
147,15,407.9765276063887,471.0234723936113,0.0
147,2,364.5,369.42115145053725,0.07
147,10,341.1595849758525,354.8404150241475,0.20000000000000004
147,18,327.15784370796496,361.84215629203504,0.08
148,5,402.36198774266035,448.36198774266035,0.26000000000000006
148,16,324.02515164656046,491.97484835343954,0.0
148,20,311.90121682746184,498.09878317253816,0.0
148,12,317.12565670994735,365.87434329005265,0.0
148,8,328.329477136326,495.3294771363259,0.0
148,17,330.64602272507454,497.3539772749255,0.0
148,1,274.776935047069,475.5,0.2850000000000001
148,19,275.6226336083195,475.6226336083195,0.2800000000000001
148,6,312.96867398849326,497.50000000000006,0.0
148,11,374.21046477070496,383.21046477070496,0.0
148,9,479.5,660.8174476025561,0.0
148,14,288.7874533363837,469.2125466636163,0.2800000000000001
148,3,363.81751140610316,367.81751140610316,0.08
148,7,370.9540838346937,379.9540838346937,0.0
148,4,375.48563415382046,384.48563415382046,0.0
148,13,396.7359663595612,477.2640336404388,0.0
148,15,407.0219334517868,471.9780665482132,0.0
148,2,364.1662690632657,368.1662690632657,0.08
148,10,340.1269321996531,355.8730678003469,0.20000000000000004
148,18,326.1727603340559,362.8272396659441,0.08
149,5,402.5,449.80005799913283,0.26000000000000006
149,16,323.0705574919586,492.92944250804135,0.0
149,20,310.94662267286,497.94662267286003,0.0
149,12,316.1710625553455,366.1710625553455,0.0
149,8,327.3748829817241,494.3748829817241,0.0
149,17,329.39853535165923,497.3985353516593,0.0
149,1,273.33099381381646,475.66900618618354,0.2950000000000001
149,19,274.1604601332748,475.5,0.2900000000000001
149,6,311.8768084008275,498.12319159917257,0.0
149,11,373.2558706161031,382.2558706161031,0.0
149,9,479.9719567258541,661.971956725854,0.0
149,14,287.42472878581964,469.57527121418036,0.2900000000000001
149,3,362.82854903730225,366.82854903730225,0.09
149,7,370.5,378.79217151747815,0.0
149,4,374.5310399992186,383.5310399992186,0.0
149,13,395.7813722049593,478.2186277950407,0.0
149,15,406.06733929718496,472.93266070281504,0.0
149,2,363.1773066944648,367.1773066944648,0.09
149,10,339.09427942345366,356.09427942345366,0.20000000000000004
149,18,325.0583085211981,363.5,0.08
150,5,403.0623583492118,451.0623583492118,0.26000000000000006
150,16,321.9568901432414,493.49999999999994,0.0
150,20,309.9920285182581,498.0079714817419,0.0
150,12,315.0990257669703,365.5,0.0
150,8,326.5,493.3872713782436,0.0
150,17,328.5,496.4207208805882,0.0
150,1,272.2548372009165,476.7451627990835,0.3050000000000001
150,19,272.89297179750514,476.10702820249486,0.3000000000000001
150,6,310.9222142462256,497.9222142462256,0.0
150,11,372.30127646150123,381.30127646150123,0.0
150,9,480.07344911954414,662.9265508804559,0.0
150,14,286.35068474438276,470.64931525561724,0.3000000000000001
150,3,361.83569239916494,365.83569239916494,0.09999999999999999
150,7,370.45910908786306,377.45910908786306,0.0
150,4,373.5764458446167,382.5764458446167,0.0
150,13,394.5479203883283,478.5,0.0
150,15,405.1127451425831,473.1127451425831,0.0
150,2,362.1844500563275,366.1844500563275,0.09999999999999999
150,10,338.06162664725423,355.93837335274577,0.20000000000000004
150,18,323.90970036742436,362.90970036742436,0.08
151,5,403.5,452.3763180472323,0.26000000000000006
151,16,320.8684759639415,494.1315240360585,0.0
151,20,308.84583340359495,498.5,0.0
151,12,313.96898102732837,364.96898102732837,0.0
151,8,326.17280145370694,492.17280145370694,0.0
151,17,328.1964538236422,495.1964538236421,0.0
151,1,271.1786805880165,477.8213194119835,0.3050000000000001
151,19,271.81892775606826,477.18107224393174,0.3000000000000001
151,6,309.96762009162376,498.0323799083763,0.0
151,11,371.34668230689937,380.34668230689937,0.0
151,9,479.8811450350577,663.8811450350577,0.0
151,14,285.27241140473546,471.27241140473546,0.3100000000000001
151,3,362.1610738429,364.8389261571,0.10999999999999999
151,7,369.5045149332612,376.5045149332612,0.0
151,4,372.62185169001486,381.62185169001486,0.0
151,13,393.5792906769422,479.4207093230578,0.0
151,15,404.15815098798123,472.84184901201877,0.0
151,2,361.8123161857375,365.1876838142625,0.10999999999999999
151,10,337.0289738710548,356.9710261289452,0.20000000000000004
151,18,322.68628554867036,362.5,0.08
152,5,404.46983573694985,453.46983573694985,0.26000000000000006
152,16,319.9138818093396,495.08611819066033,0.0
152,20,307.789946990241,499.21005300975906,0.0
152,12,313.0143868727265,364.0143868727265,0.0
152,8,325.10148494061673,491.49999999999994,0.0
152,17,327.2418596690403,494.2418596690403,0.0
152,1,269.9378840148916,478.5,0.3050000000000001
152,19,270.7448837146314,478.2551162853686,0.3000000000000001
152,6,308.81131467561244,498.5,0.0
152,11,370.5,379.3473896014384,0.0
152,9,480.83573918965953,664.8357391896595,0.0
152,14,284.18989211303244,470.81010788696756,0.3200000000000001
152,3,362.5,363.5641228432898,0.11999999999999998
152,7,368.5499207786593,375.5499207786593,0.0
152,4,371.667257535413,380.667257535413,0.0
152,13,392.62469652234034,480.37530347765966,0.0
152,15,403.20355683337937,473.79644316662063,0.0
152,2,362.5,364.0573406520305,0.11999999999999998
152,10,335.7876904612632,357.5,0.20000000000000004
152,18,321.6466404007928,363.3533595992072,0.08
153,5,405.52712782141214,454.52712782141214,0.26000000000000006
153,16,318.9592876547378,496.0407123452622,0.0
153,20,306.8353528356391,500.1646471643609,0.0
153,12,312.5,362.87745289171653,0.0
153,8,323.9707199256899,492.0292800743101,0.0
153,17,326.5,493.1991480053344,0.0
153,1,268.73347414340304,479.26652585659696,0.3050000000000001
153,19,269.37794645438106,478.62205354561894,0.3000000000000001
153,6,307.76553856360664,499.2344614363934,0.0
153,11,370.5,377.9973896014384,0.0
153,9,481.20966665573854,665.7903333442614,0.0
153,14,282.9387129911496,471.5,0.3300000000000001
153,3,361.54071000185337,362.54071000185337,0.12999999999999998
153,7,367.5915676875577,374.5915676875577,0.01
153,4,370.71266338081114,379.71266338081114,0.0
153,13,391.6701023677385,479.6701023677385,0.0
153,15,402.2489626787775,474.7510373212225,0.0
153,2,361.8894676590159,362.8894676590159,0.12999999999999998
153,10,334.67077509984244,358.32922490015756,0.20000000000000004
153,18,320.66155702688377,364.33844297311623,0.08
154,5,406.4155800941256,455.5844199058744,0.26000000000000006
154,16,317.79953083036077,496.5,0.0
154,20,305.8807586810373,501.11924131896274,0.0
154,12,311.8123053447094,361.8123053447094,0.0
154,8,323.016125771088,492.98387422891193,0.0
154,17,326.0397781410232,492.03977814102313,0.0
154,1,267.65731753050306,478.65731753050306,0.3050000000000001
154,19,268.3039024129442,479.3039024129442,0.3000000000000001
154,6,306.8109444090048,500.1890555909952,0.0
154,11,369.89711340546694,376.89711340546694,0.0
154,9,480.7449274988633,666.7449274988633,0.0
154,14,281.42626229230075,471.57373770769925,0.34000000000000014
154,3,361.23922911661964,361.23922911661964,0.13999999999999999
154,7,366.33654763945617,374.33654763945617,0.02
154,4,370.5,378.45075143736324,0.0
154,13,390.7155082131366,480.2844917868634,0.0
154,15,401.29436852417564,475.29436852417564,0.0
154,2,361.5,361.6244320887922,0.13999999999999999
154,10,333.3452291048295,358.6547708951705,0.20000000000000004
154,18,319.6764736529747,365.3235263470253,0.08
155,5,405.6417119903367,456.6417119903367,0.26000000000000006
155,16,316.7572061267207,497.2427938732793,0.0
155,20,304.92616452643546,502.07383547356454,0.0
155,12,310.85395225360776,362.14604774639224,0.01
155,8,321.87991206536293,493.49999999999994,0.0
155,17,324.9133615677075,491.49999999999994,0.0
155,1,266.5811609176031,479.4188390823969,0.3050000000000001
155,19,267.2298583715073,478.7701416284927,0.3000000000000001
155,6,305.85635025440297,501.1436497455971,0.0
155,11,368.9425192508651,375.9425192508651,0.0
155,9,481.6995216534651,667.6995216534651,0.0
155,14,280.3309045642824,472.6690954357176,0.35000000000000014
155,3,360.5,360.1134528679641,0.15
155,7,365.6293677879902,373.3706322120098,0.03
155,4,370.2176886339806,377.2176886339806,0.0
155,13,389.76091405853475,479.76091405853475,0.0
155,15,400.3397743695738,474.6602256304262,0.0
155,2,360.57542755885174,360.57542755885174,0.15
155,10,332.3125763286301,359.6874236713699,0.20000000000000004
155,18,318.6913902790657,366.3086097209343,0.08
156,5,406.5,457.78143426154827,0.26000000000000006
156,16,315.5137443927339,497.50000000000006,0.0
156,20,303.7526876530873,502.5,0.0
156,12,309.8918254243197,361.8918254243197,0.02
156,8,320.8140442430709,494.1859557569291,0.0
156,17,323.8376966130061,492.1623033869939,0.0
156,1,265.5050043047031,478.5050043047031,0.3050000000000001
156,19,266.1558143300704,479.1558143300704,0.3000000000000001
156,6,304.9017560998011,502.0982439001989,0.0
156,11,367.98416615976345,374.98416615976345,0.01
156,9,482.5,668.7179526659444,0.0
156,14,279.23123361045566,473.76876638954434,0.36000000000000015
156,3,359.9172302805392,358.9172302805392,0.16
156,7,366.4009132679188,372.4009132679188,0.04
156,4,369.2630944793787,376.2630944793787,0.0
156,13,388.51898820019363,479.5,0.0
156,15,399.33762030278456,475.5,0.0
156,2,360.2659879377017,359.2659879377017,0.16
156,10,331.27992355243066,360.72007644756934,0.20000000000000004
156,18,317.7063069051566,365.7063069051566,0.08
157,5,407.04918937807474,459.04918937807474,0.26000000000000006
157,16,314.5551245987036,496.5551245987036,0.0
157,20,302.7240829984183,501.72408299841834,0.0
157,12,308.68811413155544,361.5,0.03
157,8,319.85945008846903,495.1405499115309,0.0
157,17,322.8831024584042,493.11689754159573,0.0
157,1,264.39937544075383,479.5,0.3050000000000001
157,19,265.08177028863355,478.91822971136645,0.3000000000000001
157,6,303.71816892510486,502.5,0.0
157,11,366.8240615388773,374.5,0.02
157,9,482.90160318148224,669.9016031814823,0.0
157,14,278.1272324464908,474.8727675535092,0.37000000000000016
157,3,359.5,357.6467780740713,0.17
157,7,365.5,371.3972939137616,0.05
157,4,368.30850032477684,375.30850032477684,0.0
157,13,387.55883253051763,480.44116746948237,0.0
157,15,398.13769284155666,475.86230715844334,0.0
157,2,359.5,358.139995882812,0.17
157,10,330.14258690413817,361.5,0.20000000000000004
157,18,316.7212235312476,366.2787764687524,0.08
158,5,408.10648146253703,460.10648146253703,0.26000000000000006
158,16,313.6005304441018,497.39946955589824,0.0
158,20,301.476595625003,501.5234043749971,0.0
158,12,307.3704046151554,361.3704046151554,0.04
158,8,318.9048559338672,496.0951440661328,0.0
158,17,321.6917886924537,493.49999999999994,0.0
158,1,263.0597978600897,479.9402021399103,0.3050000000000001
158,19,263.80381978238523,479.5,0.3000000000000001
158,6,302.699674571784,501.699674571784,0.0
158,11,365.7632306842155,373.7632306842155,0.03
158,9,483.8561973360841,670.856197336084,0.0
158,14,277.0188840211782,475.9811159788218,0.38000000000000017
158,3,359.28632661228556,356.28632661228556,0.18000000000000002
158,7,365.1571116430874,370.1571116430874,0.060000000000000005
158,4,367.2880761855044,374.5,0.01
158,13,386.60423837591577,481.39576162408423,0.0
158,15,397.1830986869548,476.8169013130452,0.0
158,2,359.5,356.6910380059167,0.18000000000000002
158,10,328.9217247812183,362.0782752187817,0.20000000000000004
158,18,315.7361401573385,365.7361401573385,0.08
159,5,407.8362264530007,461.1637735469993,0.26000000000000006
159,16,312.3530430706865,497.64695692931355,0.0
159,20,300.5220014704011,502.4779985295989,0.0
159,12,306.3968671771883,360.6031328228117,0.05
159,8,317.7225527524823,496.5,0.0
159,17,320.6810209303871,494.3189790696129,0.0
159,1,261.7697584487256,480.5,0.3050000000000001
159,19,262.64078898694635,480.35921101305365,0.3000000000000001
159,6,301.4521871983687,501.5478128016314,0.0
159,11,366.2064882598755,372.7935117401245,0.04
159,9,484.50000000000006,671.9395255411981,0.0
159,14,275.9061712161654,475.9061712161654,0.3900000000000002
159,3,358.5,355.15737027402025,0.19000000000000003
159,7,364.5,369.04164214078145,0.07
159,4,366.0951271855737,374.0951271855737,0.02
159,13,386.35675100250046,482.64324899749954,0.0
159,15,396.22850453235293,477.77149546764707,0.0
159,2,358.6064818544861,355.6064818544861,0.19000000000000003
159,10,327.8890720050189,361.8890720050189,0.20000000000000004
159,18,314.45816356461603,365.45816356461603,0.08
160,5,407.51395885027506,462.51395885027506,0.26000000000000006
160,16,311.39844891608465,498.39844891608465,0.0
160,20,299.56740731579924,503.43259268420076,0.0
160,12,305.41949620913744,361.41949620913744,0.060000000000000005
160,8,316.7027744058501,497.2972255941499,0.0
160,17,319.7264267757852,495.2735732242147,0.0
160,1,260.61459141547624,481.38540858452376,0.3050000000000001
160,19,261.273851726696,480.726148273304,0.3000000000000001
160,6,300.4975930437668,502.5024069562332,0.0
160,11,365.8199743021574,371.8199743021574,0.05
160,9,484.50000000000006,673.2895255411981,0.0
160,14,274.49460283337265,475.5,0.4000000000000002
160,3,357.93217820231075,353.93217820231075,0.20000000000000004
160,7,363.8979154568139,367.8979154568139,0.08
160,4,365.8707882418727,373.1292117581273,0.03
160,13,385.4021568478986,483.4021568478986,0.0
160,15,395.1802609899038,478.5,0.0
160,2,358.2809358594732,354.2809358594732,0.20000000000000004
160,10,326.85641922881945,362.14358077118055,0.20000000000000004
160,18,313.473080190707,364.473080190707,0.08
161,5,408.57125093473735,463.57125093473735,0.26000000000000006
161,16,310.4438547614828,497.5561452385173,0.0
161,20,298.6128131611974,504.38718683880256,0.0
161,12,304.43827661558646,360.43827661558646,0.07
161,8,315.45528703243485,497.4552870324349,0.0
161,17,318.7718326211834,496.2281673788166,0.0
161,1,259.1401414566974,481.5,0.3050000000000001
161,19,260.0754639571733,481.5,0.3000000000000001
161,6,299.54299888916495,503.45700111083505,0.0
161,11,365.5,370.5703007192346,0.060000000000000005
161,9,485.3057662375165,674.3057662375165,0.0
161,14,273.0817972186984,475.9182027813016,0.4100000000000002
161,3,356.8954591156344,352.8954591156344,0.21000000000000005
161,7,362.908953088013,366.908953088013,0.09
161,4,366.1594928140363,372.1594928140363,0.04
161,13,384.44756269329673,482.55243730670327,0.0
161,15,394.0264230043358,478.9735769956642,0.0
161,2,357.24421677279685,353.24421677279685,0.21000000000000005
161,10,325.82376645262,363.17623354738,0.20000000000000004
161,18,312.5,363.483024935524,0.08
162,5,409.37145698080036,464.62854301919964,0.26000000000000006
162,16,309.48481220459934,498.5,0.0
162,20,297.55722412553854,503.5456217564727,0.0
162,12,303.4531932416774,359.4531932416774,0.08
162,8,314.50069287783305,496.50069287783305,0.0
162,17,317.4650392479684,496.5349607520316,0.0
162,1,260.3710572877312,480.5948206803596,0.3150000000000001
162,19,260.1899163672803,480.1899163672803,0.3100000000000001
162,6,298.5884047345631,504.41159526543686,0.0
162,11,364.5507820917008,369.5543521092716,0.07500000000000001
162,9,486.26036039211834,675.2603603921184,0.0
162,14,272.45580115752733,474.45580115752733,0.4250000000000002
162,3,355.54483898986786,353.48057485003676,0.22000000000000006
162,7,363.90376260752186,367.09623739247814,0.105
162,4,365.1859553760692,371.1859553760692,0.05
162,13,383.49296853869487,483.50703146130513,0.0
162,15,393.07182884973395,479.92817115026605,0.0
162,2,356.20341536360036,352.79658463639964,0.22000000000000006
162,10,324.426915267455,363.426915267455,0.21000000000000005
162,18,313.49739152955266,362.5025641914933,0.09
163,5,408.68583510366193,465.68583510366193,0.26000000000000006
163,16,308.2417732334656,498.7582267665344,0.0
163,20,296.5971549768271,504.40284502317286,0.0
163,12,302.4642308728765,358.4642308728765,0.09
163,8,313.54609872323124,497.4539012767688,0.0
163,17,316.51044509336657,497.4895549066335,0.0
163,1,259.52852651788857,479.52852651788857,0.3250000000000001
163,19,259.1073970755773,479.1073970755773,0.3200000000000001
163,6,297.6338105799612,503.6338105799612,0.0
163,11,364.7292581892957,368.2707418107043,0.09
163,9,487.2149545467202,676.2149545467203,0.0
163,14,271.32100731014907,473.32100731014907,0.4400000000000002
163,3,354.48965356830246,354.48965356830246,0.23000000000000007
163,7,364.5,365.92801588211256,0.11999999999999998
163,4,364.793338014095,370.206661985905,0.065
163,13,382.538374384093,484.461625615907,0.0
163,15,392.1172346951321,480.1172346951321,0.0
163,2,355.1585155567893,353.8414844432107,0.23000000000000007
163,10,323.3389406737828,362.5,0.22000000000000006
163,18,313.21683656877684,361.21683656877684,0.09999999999999999
164,5,409.7431271881242,466.7431271881242,0.26000000000000006
164,16,307.2871790788638,499.71282092113626,0.0
164,20,295.6425608222253,505.3574391777747,0.0
164,12,301.4713742347392,357.4713742347392,0.09999999999999999
164,8,312.2986113498159,497.70138865018413,0.0
164,17,315.26295771995126,497.2629577199513,0.0
164,1,258.5,478.4145912993791,0.33500000000000013
164,19,258.5,477.82204739035205,0.3300000000000001
164,6,296.67921642535936,504.3207835746406,0.0
164,11,365.27593229119543,367.27593229119543,0.105
164,9,488.16954870132207,677.1695487013221,0.0
164,14,270.1795040966135,472.1795040966135,0.45500000000000024
164,3,353.44063922548315,353.55936077451685,0.24000000000000007
164,7,363.7980212372315,364.7980212372315,0.12999999999999998
164,4,365.77842138800406,369.22157861199594,0.08
164,13,381.2908870106777,484.7091129893223,0.0
164,15,391.1626405405302,479.8373594594698,0.0
164,2,354.10950121397,354.10950121397,0.24000000000000007
164,10,322.04832083263403,362.95167916736597,0.23000000000000007
164,18,312.2200703267119,360.2200703267119,0.10999999999999999
165,5,410.8004192725865,467.8004192725865,0.26000000000000006
165,16,306.33258492426194,500.66741507573806,0.0
165,20,294.6879666676234,506.31203333237653,0.0
165,12,300.47460799267424,356.47460799267424,0.10999999999999999
165,8,311.34401719521406,498.34401719521406,0.0
165,17,314.30836356534945,496.69163643465055,0.0
165,1,258.0535062463955,477.0535062463955,0.34500000000000014
165,19,257.63666047365905,476.63666047365905,0.34000000000000014
165,6,295.72462227075755,505.27537772924245,0.0
165,11,364.5,366.1849209651309,0.11499999999999999
165,9,487.87585714407606,678.124142855924,0.0
165,14,269.03125184839917,471.03125184839917,0.47000000000000025
165,3,352.38749414471306,354.61250585528694,0.25000000000000006
165,7,364.21056642918876,363.78943357081124,0.13999999999999999
165,4,366.23067102158603,368.23067102158603,0.095
165,13,380.33629285607583,485.33629285607583,0.0
165,15,390.20804638592836,480.20804638592836,0.0
165,2,353.0563561331999,353.9436438668001,0.25000000000000006
165,10,320.9993064898147,364.0006935101853,0.24000000000000007
165,18,311.5,359.1031420971744,0.11999999999999998
166,5,411.8577113570488,468.8577113570488,0.26000000000000006
166,16,305.37799076966013,501.6220092303399,0.0
166,20,293.73337251302155,505.73337251302155,0.0
166,12,299.4739167517069,355.4739167517069,0.11999999999999998
166,8,310.3894230406122,497.61057695938786,0.0
166,17,313.2931987174455,497.50000000000006,0.0
166,1,257.5,475.73065937121595,0.35500000000000015
166,19,257.5,475.14419734067525,0.35000000000000014
166,6,294.7700281161557,506.22997188384426,0.0
166,11,363.981652726552,364.981652726552,0.12499999999999999
166,9,488.0787370105258,679.0787370105259,0.0
166,14,267.87621066244776,469.87621066244776,0.4850000000000002
166,3,351.2598694507436,355.5,0.26000000000000006
166,7,365.2231256441192,362.7768743558808,0.15
166,4,365.23586150207717,367.23586150207717,0.105
166,13,379.38169870147397,484.61830129852603,0.0
166,15,389.1513288017691,479.5,0.0
166,2,351.99906404873764,355.00093595126236,0.26000000000000006
166,10,319.94616140904463,365.05383859095537,0.25000000000000006
166,18,310.92185417146527,357.92185417146527,0.12999999999999998
167,5,412.0849965584889,469.9150034415111,0.26000000000000006
167,16,304.3916664540917,502.5,0.0
167,20,292.7787783584197,506.22122164158026,0.0
167,12,298.4692850562411,354.4692850562411,0.12999999999999998
167,8,309.40783412672084,498.5,0.0
167,17,312.10628203733233,497.8937179626677,0.0
167,1,257.26837365503684,474.26837365503684,0.36500000000000016
167,19,256.85584535418707,473.85584535418707,0.36000000000000015
167,6,293.8154339615538,505.8154339615538,0.0
167,11,364.02495501102095,363.97504498897905,0.13499999999999998
167,9,489.03333116512766,680.0333311651276,0.0
167,14,266.714340399778,468.714340399778,0.5000000000000002
167,3,349.75874480283,355.5,0.2700000000000001
167,7,364.7603279535442,361.7603279535442,0.16
167,4,364.5,366.1282523117049,0.11499999999999999
167,13,378.4271045468721,485.4271045468721,0.0
167,15,388.00596485791124,479.99403514208876,0.0
167,2,350.70465849830396,355.5,0.2700000000000001
167,10,318.88886932458234,366.11113067541766,0.26000000000000006
167,18,309.913266505045,356.913266505045,0.13999999999999999
168,5,410.8320732617203,470.5,0.26000000000000006
168,16,303.17590924164296,502.17590924164296,0.0
168,20,291.5442521353732,506.49999999999994,0.0
168,12,297.46069738982084,353.46069738982084,0.13999999999999999
168,8,308.187341512595,498.812658487405,0.0
168,17,311.15168788273047,498.15168788273047,0.0
168,1,256.16220099598956,473.16220099598956,0.37500000000000017
168,19,255.7518441902222,472.7518441902222,0.37000000000000016
168,6,292.86083980695196,506.139160193048,0.0
168,11,365.0355265006737,362.9644734993263,0.14499999999999996
168,9,489.0120746802706,680.9879253197295,0.0
168,14,265.5456006840904,467.5456006840904,0.5150000000000002
168,3,348.61732505915427,354.61732505915427,0.2800000000000001
168,7,363.7397786633238,360.7397786633238,0.17
168,4,363.94158193743374,364.94158193743374,0.12499999999999999
168,13,377.47251039227024,484.52748960772976,0.0
168,15,387.0513707033094,480.9486292966906,0.0
168,2,349.28618704764114,355.28618704764114,0.2800000000000001
168,10,317.82741390663637,365.82741390663637,0.2700000000000001
168,18,309.5,355.65247212184863,0.15
169,5,409.6775191707509,471.3224808292491,0.26000000000000006
169,16,302.10588001646477,501.50000000000006,0.0
169,20,290.57669683040257,507.42330316959743,0.0
169,12,296.4481381748904,352.4481381748904,0.15
169,8,307.2327473579932,499.76725264200684,0.0
169,17,310.1970937281286,497.80290627187145,0.0
169,1,255.05167252482767,472.05167252482767,0.3850000000000002
169,19,254.6434957649096,471.64349576490963,0.38000000000000017
169,6,291.66030454883554,506.49999999999994,0.0
169,11,364.949922649398,361.949922649398,0.15499999999999997
169,9,488.9425194743313,681.9425194743312,0.0
169,14,264.36995090036424,466.36995090036424,0.5300000000000002
169,3,347.2546005085902,354.7453994914098,0.2900000000000001
169,7,362.7152107229175,359.7152107229175,0.18000000000000002
169,4,364.0650258001392,363.9349741998608,0.13499999999999998
169,13,376.5179162376684,485.4820837623316,0.0
169,15,386.5,482.0702440734847,0.0
169,2,348.09886640652275,354.5,0.2900000000000001
169,10,316.7617787611128,366.2382212388872,0.2800000000000001
169,18,308.5912676689645,354.5912676689645,0.16
170,5,408.6202270862886,470.6202270862886,0.26000000000000006
170,16,300.9738277136258,502.0261722863742,0.0
170,20,289.62210267580076,508.3778973241993,0.0
170,12,295.4315917725538,351.4315917725538,0.16
170,8,306.27815320339135,500.72184679660865,0.0
170,17,309.13583940456465,498.5,0.0
170,1,253.93677108952792,470.93677108952795,0.3950000000000002
170,19,253.53078295989675,470.5307829598967,0.3900000000000002
170,6,290.65875827893484,507.34124172106516,0.0
170,11,363.9313767695375,360.9313767695375,0.16499999999999998
170,9,489.8971136289331,682.8971136289331,0.0
170,14,263.1873501934462,465.1873501934462,0.5450000000000003
170,3,346.0482386234359,355.5,0.3000000000000001
170,7,363.31339169204443,358.68660830795557,0.19000000000000003
170,4,365.075597289792,362.924402710208,0.14499999999999996
170,13,375.27042886425306,485.72957113574694,0.0
170,15,385.84928917529226,483.15071082470774,0.0
170,2,346.8494184556402,355.1505815443598,0.3000000000000001
170,10,315.6919474293622,365.6919474293622,0.2900000000000001
170,18,307.5707183787441,353.5707183787441,0.17
171,5,407.5629350018263,471.4370649981737,0.26000000000000006
171,16,300.0192335590239,502.9807664409761,0.0
171,20,288.6675085211989,509.3324914788011,0.0
171,12,294.4110424823334,350.4110424823334,0.17
171,8,305.32355904878955,501.6764409512105,0.0
171,17,307.99501220011143,499.00498779988857,0.0
171,1,252.817479470527,469.81747947052696,0.4050000000000002
171,19,252.41368858942343,469.41368858942343,0.4000000000000002
171,6,289.70416412433303,508.295835875667,0.0
171,11,362.9088201283854,359.9088201283854,0.175
171,9,490.49999999999994,683.9973899174673,0.0
171,14,261.99775746663056,463.99775746663056,0.5600000000000002
171,3,344.80938990869265,356.19061009130735,0.3100000000000001
171,7,362.65395553175614,357.65395553175614,0.20000000000000004
171,4,364.90985186027973,361.90985186027973,0.15499999999999997
171,13,374.3158347096512,486.6841652903488,0.0
171,15,384.8946950206904,482.8946950206904,0.0
171,2,345.47825189717946,355.52174810282054,0.3100000000000001
171,10,314.32501016911186,365.32501016911186,0.3000000000000001
171,18,308.4538495616622,352.5461504383378,0.18000000000000002
172,5,406.505642917364,472.494357082636,0.26000000000000006
172,16,299.06463940442205,503.9353605955779,0.0
172,20,287.71291436659703,508.7129143665971,0.0
172,12,293.3864745419271,349.3864745419271,0.18000000000000002
172,8,304.3146883762132,502.5,0.0
172,17,307.0404180455096,499.95958195449043,0.0
172,1,251.69378038045545,468.69378038045545,0.4150000000000002
172,19,251.29219540005667,468.29219540005664,0.4100000000000002
172,6,288.74956996973117,509.25043003026883,0.0
172,11,363.11776306736374,358.88223693263626,0.185
172,9,489.90080484304974,685.0991951569503,0.0
172,14,260.80348044178197,462.80348044178197,0.5700000000000002
172,3,343.72687061698963,357.27312938301037,0.3200000000000001
172,7,361.3243432262663,357.3243432262663,0.21000000000000005
172,4,363.89130598041925,360.89130598041925,0.16499999999999998
172,13,373.5,487.6962354889566,0.0
172,15,383.9401008660885,483.0598991339115,0.0
172,2,344.39573260547644,356.60426739452356,0.3200000000000001
172,10,313.24673682946457,364.24673682946457,0.3100000000000001
172,18,308.2246548045624,351.2246548045624,0.19000000000000003
173,5,405.4483508329017,473.4483508329017,0.26000000000000006
173,16,298.1100452498202,504.1100452498202,0.0
173,20,286.75832021199517,509.24167978800483,0.0
173,12,292.35787212696516,348.35787212696516,0.19000000000000003
173,8,303.1214775207724,502.1214775207724,0.0
173,17,306.08582389090776,500.91417610909224,0.0
173,1,250.5656564638709,467.56565646387094,0.4250000000000002
173,19,250.16628607042395,467.16628607042395,0.4200000000000002
173,6,287.7949758151293,508.79497581512936,0.0
173,11,362.8516113267949,357.8516113267949,0.195
173,9,489.50000000000006,686.2831763550943,0.0
173,14,259.6045006733874,461.6045006733874,0.5800000000000002
173,3,342.28390171177557,357.5,0.3300000000000001
173,7,360.7164581829302,356.2835418170698,0.22000000000000006
173,4,362.86874933926714,359.86874933926714,0.175
173,13,373.1137531816341,488.8862468183659,0.0
173,15,382.98550671148666,484.01449328851334,0.0
173,2,343.2298154072494,357.5,0.3300000000000001
173,10,312.83578246223846,363.16421753776154,0.3200000000000001
173,18,307.192002028363,350.192002028363,0.20000000000000004
174,5,404.39105874843943,472.60894125156057,0.26000000000000006
174,16,297.1554510952183,503.8445489047816,0.0
174,20,285.80372605739336,510.1962739426067,0.0
174,12,291.32521935076574,347.32521935076574,0.20000000000000004
174,8,302.0289019385863,501.50000000000006,0.0
174,17,305.13122973630595,501.8687702636941,0.0
174,1,249.4330902969899,466.43309029698986,0.4350000000000002
174,19,249.03594321094593,466.0359432109459,0.4300000000000002
174,6,286.84038166052744,509.15961833947256,0.0
174,11,361.533989454998,357.5,0.20500000000000002
174,9,490.30127668496743,687.3012766849674,0.0
174,14,258.107906424487,461.892093575513,0.5900000000000002
174,3,340.96324079625794,358.03675920374206,0.34000000000000014
174,7,361.5,355.13038398627344,0.23000000000000007
174,4,363.157833856482,358.842166143518,0.185
174,13,372.01797807341654,489.5,0.0
174,15,381.8366101760076,484.5,0.0
174,2,341.68682154981326,357.5,0.34000000000000014
174,10,313.5,361.9024036585933,0.3300000000000001
174,18,306.15528294168666,349.15528294168666,0.21000000000000005
175,5,403.33376666397714,473.66623333602286,0.26000000000000006
175,16,296.2008569406165,504.7991430593835,0.0
175,20,284.8491319027915,511.1508680972085,0.0
175,12,290.2885002640894,346.2885002640894,0.21000000000000005
175,8,300.9193959927552,502.0806040072448,0.0
175,17,304.042693654057,502.5,0.0
175,1,248.29606438741862,465.29606438741865,0.44500000000000023
175,19,247.90114936356767,464.9011493635677,0.4400000000000002
175,6,285.88578750592563,510.1142124940744,0.0
175,11,360.5147240683782,356.4852759316218,0.21500000000000002
175,9,490.5487640583827,688.5487640583827,0.0
175,14,256.8994655416417,463.1005344583583,0.6000000000000002
175,3,339.60605166209876,358.5,0.35000000000000014
175,7,360.89673444862603,353.89673444862603,0.24000000000000007
175,4,362.81154053767665,357.81154053767665,0.195
175,13,370.6679780734165,489.5,0.0
175,15,380.78342518346955,485.21657481653045,0.0
175,2,340.5367450567264,358.4632549432736,0.35000000000000014
175,10,312.6934809358433,360.6934809358433,0.34000000000000014
175,18,305.8855184675098,348.1144815324902,0.22000000000000006
176,5,402.27647457951485,474.72352542048515,0.26000000000000006
176,16,295.24626278601465,505.7537372139853,0.0
176,20,283.89453774818963,512.1054622518103,0.0
176,12,289.2476988548929,345.2476988548929,0.22000000000000006
176,8,299.96480183815333,503.03519816184667,0.0
176,17,302.9291482082888,501.9291482082888,0.0
176,1,247.01147572713526,464.5,0.45500000000000024
176,19,246.4561505869421,464.5,0.45000000000000023
176,6,284.93119335132377,511.06880664867623,0.0
176,11,361.5,355.41857995910016,0.22500000000000003
176,9,491.50335821298455,689.5033582129846,0.0
176,14,255.68626614176537,464.3137338582346,0.6100000000000002
176,3,338.4753188955994,359.5246811044006,0.36000000000000015
176,7,359.571695181536,353.5,0.25000000000000006
176,4,361.4839633849997,357.4839633849997,0.20500000000000002
176,13,369.66418428020165,490.33581571979835,0.0
176,15,379.8288310288677,484.8288310288677,0.0
176,2,339.1441808840862,358.8558191159138,0.36000000000000015
176,10,311.5981232078249,359.5981232078249,0.35000000000000014
176,18,306.06958172567914,347.06958172567914,0.23000000000000007
177,5,401.21918249505256,475.21918249505256,0.26000000000000006
177,16,294.2916686314128,506.2916686314128,0.0
177,20,282.70796063435796,512.5,0.0
177,12,288.2027990480819,344.2027990480819,0.23000000000000007
177,8,299.01020768355147,503.9897923164485,0.0
177,17,301.7569072164301,501.50000000000006,0.0
177,1,245.3907896038846,464.5,0.46500000000000025
177,19,244.83864598505517,464.5,0.46000000000000024
177,6,283.9765991967219,512.023400803278,0.0
177,11,361.1025790645918,354.1025790645918,0.23500000000000004
177,9,492.4579523675864,690.4579523675865,0.0
177,14,254.04094100020058,464.5,0.6200000000000002
177,3,337.3713177316345,360.3713177316345,0.37000000000000016
177,7,358.4934040645802,352.4934040645802,0.26000000000000006
177,4,360.55479485749646,356.44520514250354,0.21500000000000002
177,13,368.41669690678634,490.41669690678634,0.0
177,15,378.8742368742658,485.1257631257342,0.0
177,2,338.04017972012133,359.95982027987867,0.37000000000000016
177,10,311.20555903518476,358.20555903518476,0.36000000000000015
177,18,305.5,345.82197989059637,0.24000000000000007
178,5,400.1618904105903,474.8381095894097,0.26000000000000006
178,16,293.3370744768109,505.662925523189,0.0
178,20,281.6924562201725,513.3075437798275,0.0
178,12,287.1537847052626,343.1537847052626,0.24000000000000007
178,8,298.0556135289496,504.0556135289496,0.0
178,17,300.7270666802716,502.2729333197284,0.0
178,1,243.97937258735226,465.02062741264774,0.47500000000000026
178,19,243.5912066242397,465.4087933757603,0.47000000000000025
178,6,282.8240130478203,512.5,0.0
178,11,359.86572717174914,353.5,0.24500000000000005
178,9,492.7054397410017,691.7054397410018,0.0
178,14,252.31167923442692,464.5,0.6300000000000002
178,3,336.5,359.16478797830183,0.38000000000000017
178,7,357.5,351.40376085313227,0.2700000000000001
178,4,361.5,355.36191130567414,0.22500000000000003
178,13,367.4621027521845,489.5378972478155,0.0
178,15,377.91964271966395,484.91964271966395,0.0
178,2,336.9318312948088,359.9318312948088,0.38000000000000017
178,10,310.1015578712199,357.1015578712199,0.37000000000000016
178,18,304.6745290832763,344.6745290832763,0.25000000000000006
179,5,398.9408175902252,475.5,0.26000000000000006
179,16,292.3338020778224,506.49999999999994,0.0
179,20,280.422174196731,513.5,0.0
179,12,286.1006396244925,342.1006396244925,0.25000000000000006
179,8,297.10101937434774,503.8989806256522,0.0
179,17,299.77247252566974,503.22752747433026,0.0
179,1,242.82433140140085,466.17566859859915,0.48500000000000026
179,19,242.43843286574165,466.5615671342583,0.48000000000000026
179,6,281.7745176687048,513.2254823312952,0.0
179,11,358.70339161780674,352.70339161780674,0.25500000000000006
179,9,493.6600338956036,692.6600338956035,0.0
179,14,250.84635621780936,463.84635621780933,0.6400000000000002
179,3,335.86172766219596,357.86172766219596,0.38000000000000017
179,7,357.5,349.8967251777914,0.2800000000000001
179,4,361.06250827547353,354.06250827547353,0.23500000000000004
179,13,366.5075085975826,490.4924914024174,0.0
179,15,376.9650485650621,485.0349514349379,0.0
179,2,336.5,358.5432602988638,0.38000000000000017
179,10,309.5,355.78328992511956,0.38000000000000017
179,18,303.617236998814,343.617236998814,0.26000000000000006
180,5,397.7544130228523,476.2455869771477,0.26000000000000006
180,16,291.1349929487938,506.86500705120613,0.0
180,20,279.1974814733419,513.8025185266581,0.0
180,12,285.0433475400302,341.0433475400302,0.26000000000000006
180,8,296.14642521974594,504.85357478025406,0.0
180,17,298.8178783710679,504.18212162893207,0.0
180,1,241.6647419721445,467.3352580278555,0.4950000000000002
180,19,241.2811197924616,467.7188802075384,0.49000000000000027
180,6,280.53822661019336,513.5,0.0
180,11,357.6440199118395,351.6440199118395,0.26500000000000007
180,9,494.38537194979466,693.6146280502054,0.0
180,14,249.61393463283682,464.3860653671632,0.6500000000000002
180,3,336.2466207631166,356.7533792368834,0.38000000000000017
180,7,357.41780251291965,348.41780251291965,0.2900000000000001
180,4,359.8090585183231,353.5,0.24500000000000005
180,13,365.55291444298075,491.4470855570192,0.0
180,15,375.807677987873,485.5,0.0
180,2,335.57775877462984,357.42224122537016,0.38000000000000017
180,10,308.587603422081,354.587603422081,0.3900000000000002
180,18,302.55578158086803,342.55578158086803,0.2700000000000001
181,5,396.69712093839,477.30287906161,0.26000000000000006
181,16,290.180398794192,507.819601205808,0.0
181,20,278.24288731874003,514.24288731874,0.0
181,12,283.9818921220842,339.9818921220842,0.2700000000000001
181,8,295.1918310651441,505.80816893485587,0.0
181,17,297.863284216466,503.863284216466,0.0
181,1,240.50058638981736,468.4994136101826,0.5050000000000002
181,19,240.11924952979183,468.88075047020817,0.5000000000000002
181,6,279.2795429218742,513.7204570781258,0.0
181,11,357.5,350.19959765473925,0.2750000000000001
181,9,493.5692222048072,694.5692222048073,0.0
181,14,247.91135748002065,464.5,0.6600000000000003
181,3,337.35496918842915,355.64503081157085,0.38000000000000017
181,7,356.2790411113651,347.5,0.3000000000000001
181,4,358.6633208286885,352.6633208286885,0.25500000000000006
181,13,364.5983202883789,490.5983202883789,0.0
181,15,374.762967037045,486.237032962955,0.0
181,2,336.6861071999424,356.3138928000576,0.38000000000000017
181,10,307.5294909483923,353.4705090516077,0.4000000000000002
181,18,301.5,341.48606495522637,0.2800000000000001
182,5,395.6398288539277,478.3601711460723,0.26000000000000006
182,16,289.2258046395902,508.77419536040986,0.0
182,20,277.28829316413817,513.7117068358618,0.0
182,12,282.91625697656065,338.91625697656065,0.2800000000000001
182,8,294.2372369105422,506.2372369105422,0.0
182,17,296.90869006186415,504.0913099381358,0.0
182,1,239.33184667412976,469.6681533258702,0.5150000000000002
182,19,238.95280413273926,470.04719586726077,0.5100000000000002
182,6,278.32494876727236,514.3249487672723,0.0
182,11,357.5,348.68959774288777,0.2850000000000001
182,9,494.50000000000006,695.5336814184826,0.0
182,14,246.15469692906385,464.5,0.6700000000000003
182,3,338.4633176137417,354.5366823862583,0.38000000000000017
182,7,354.9725919130221,348.0274080869779,0.3100000000000001
182,4,357.60394912272125,351.60394912272125,0.26500000000000007
182,13,363.3508329149636,490.6491670850364,0.0
182,15,373.8083728824431,487.1916271175569,0.0
182,2,337.79445562525495,355.20554437474505,0.38000000000000017
182,10,308.5,352.2864761846779,0.4100000000000002
182,18,301.5,339.973094976413,0.2900000000000001
183,5,394.289643550652,478.710356449348,0.26000000000000006
183,16,288.27121048498833,509.27121048498833,0.0
183,20,276.3336990095363,514.6663009904637,0.0
183,12,281.84642564481004,337.84642564481004,0.2900000000000001
183,8,293.28264275594034,505.7173572440596,0.0
183,17,295.95409590726234,505.04590409273766,0.0
183,1,238.0170528198916,470.5,0.5250000000000002
183,19,237.48887236683473,470.4888723668347,0.5200000000000002
183,6,277.3703546126705,513.6296453873296,0.0
183,11,356.56213023259284,347.56213023259284,0.2950000000000001
183,9,494.50000000000006,696.8836814184826,0.0
183,14,244.42300959044167,464.57699040955833,0.6800000000000003
183,3,338.8645592578677,353.1354407421323,0.38000000000000017
183,7,354.5,349.36256757099324,0.3200000000000001
183,4,357.5,350.14292900131323,0.2750000000000001
183,13,362.35325944765486,491.49999999999994,0.0
183,15,373.5,488.4138948873809,0.0
183,2,338.5,353.9303490487086,0.38000000000000017
183,10,307.93021331379475,350.93021331379475,0.4200000000000002
183,18,300.7604846245301,338.7604846245301,0.3000000000000001
184,5,393.2323514661897,479.7676485338103,0.26000000000000006
184,16,287.31661633038647,508.6833836696136,0.0
184,20,275.3290284462233,515.5,0.0
184,12,280.77238160337316,336.77238160337316,0.3000000000000001
184,8,292.2568239999439,506.49999999999994,0.0
184,17,294.9995017526605,506.00049824733946,0.0
184,1,236.68764934841425,469.68764934841425,0.5350000000000003
184,19,236.31322258310857,469.3132225831086,0.5300000000000002
184,6,276.41576045806863,514.5842395419314,0.0
184,11,355.1930804008794,347.8069195991206,0.3050000000000001
184,9,495.0187911062397,698.0187911062396,0.0
184,14,243.1710612600509,465.82893873994914,0.6900000000000003
184,3,339.97290768318027,352.02709231681973,0.38000000000000017
184,7,353.5103974393231,350.4896025606769,0.3300000000000001
184,4,357.5,348.63292908946175,0.2850000000000001
184,13,361.1487513869464,491.85124861305354,0.0
184,15,372.606291354426,489.393708645574,0.0
184,2,339.3040456946935,352.6959543053065,0.38000000000000017
184,10,306.7998704543167,349.7998704543167,0.4300000000000002
184,18,300.38931806606934,337.38931806606934,0.3100000000000001
185,5,392.1750593817274,480.1750593817274,0.26000000000000006
185,16,286.3620221757846,509.6379778242154,0.0
185,20,274.1316174815192,515.8683825184808,0.0
185,12,280.5987849550876,335.4012150449124,0.3100000000000001
185,8,291.0805612279232,506.9194387720767,0.0
185,17,294.0449075980586,506.0449075980586,0.0
185,1,235.50504864149622,468.5050486414963,0.5450000000000003
185,19,235.13294340493067,468.8670565950693,0.5400000000000003
185,6,275.4450808596856,515.5,0.0
185,11,354.5,349.0477444698275,0.3150000000000001
185,9,495.9733852608415,698.9733852608415,0.0
185,14,241.9141830919356,467.0858169080644,0.7000000000000003
185,3,340.5,350.67797972815725,0.38000000000000017
185,7,351.9717103422685,350.5,0.34000000000000014
185,4,356.5220594434746,347.5220594434746,0.2950000000000001
185,13,360.1941572323446,492.8058427676554,0.0
185,15,371.30031867499224,489.5,0.0
185,2,340.41239412000607,351.58760587999393,0.38000000000000017
185,10,305.66507660693844,348.66507660693844,0.4400000000000002
185,18,299.5,336.22677220644175,0.3200000000000001
186,5,391.1177672972651,479.8822327027349,0.26000000000000006
186,16,285.4074280211828,510.59257197881726,0.0
186,20,273.1770233269174,516.8229766730826,0.0
186,12,281.6813042467906,334.3186957532094,0.3200000000000001
186,8,290.1259670733214,507.8740329266786,0.0
186,17,293.09031344345675,505.9096865565432,0.0
186,1,234.31779116924977,469.3177911692498,0.5550000000000003
186,19,233.94801660298367,468.94801660298367,0.5500000000000003
186,6,274.21367893005146,515.7863210699485,0.0
186,11,353.73514441880803,350.26485558119197,0.3250000000000001
186,9,496.92797941544336,699.9279794154434,0.0
186,14,240.65235567371323,468.34764432628674,0.7100000000000003
186,3,340.22024464886744,349.22024464886744,0.3900000000000002
186,7,350.73819185375555,349.73819185375555,0.35000000000000014
186,4,355.15300961176115,347.84699038823885,0.3050000000000001
186,13,359.23956307774273,493.7604369222572,0.0
186,15,370.1113166075954,489.8886833924046,0.0
186,2,340.5,350.05027988375565,0.3900000000000002
186,10,306.47418575514007,347.52581424485993,0.45000000000000023
186,18,300.0728764076296,334.9271235923704,0.3300000000000001
187,5,390.0604752128028,480.0604752128028,0.26000000000000006
187,16,284.45283386658093,511.54716613341907,0.0
187,20,272.10745557096953,517.5,0.0
187,12,282.7680862099731,333.2319137900269,0.3300000000000001
187,8,289.1713729187196,508.82862708128044,0.0
187,17,291.9848292777877,506.49999999999994,0.0
187,1,233.12585859457832,468.87414140542165,0.5650000000000003
187,19,232.75842387616805,469.241576123832,0.5600000000000003
187,6,273.25908477544965,516.7409152245503,0.0
187,11,352.2925795747154,350.5,0.33500000000000013
187,9,497.1174264299548,700.8825735700452,0.0
187,14,239.3855595165604,469.6144404834396,0.7200000000000003
187,3,339.89684972160586,348.10315027839414,0.4000000000000002
187,7,349.63852089992884,350.36147910007116,0.36000000000000015
187,4,354.5,349.10441312325355,0.3150000000000001
187,13,358.2849689231409,494.7150310768591,0.0
187,15,369.01453223736536,490.5,0.0
187,2,339.7720122668809,348.7720122668809,0.4000000000000002
187,10,305.5,346.3332158156695,0.46000000000000024
187,18,300.5,333.5610501197035,0.34000000000000014
188,5,388.79739484208346,479.5,0.26000000000000006
188,16,283.49751057680714,512.5,0.0
188,20,270.97494179890026,518.0250582010997,0.0
188,12,283.8591476298954,332.1408523701046,0.34000000000000014
188,8,288.21677876411775,509.21677876411775,0.0
188,17,290.88823191543963,507.11176808456037,0.0
188,1,231.92923250817879,470.07076749182124,0.5750000000000003
188,19,231.56414685131944,470.43585314868056,0.5700000000000003
188,6,272.2235079844318,517.5,0.0
188,11,350.9672309285015,349.9672309285015,0.34500000000000014
188,9,496.8371677246471,701.8371677246471,0.0
188,14,237.95379544452965,470.5,0.7300000000000003
188,3,339.98605590792084,346.98605590792084,0.4000000000000002
188,7,348.2416265171505,350.2416265171505,0.37000000000000016
188,4,353.6950736296898,350.3049263703102,0.3250000000000001
188,13,357.26011369714723,495.49999999999994,0.0
188,15,367.9092350795783,489.9092350795783,0.0
188,2,340.3450821035924,347.6549178964076,0.4000000000000002
188,10,304.9409203052374,344.9409203052374,0.47000000000000025
188,18,300.1549180068028,332.1549180068028,0.35000000000000014
189,5,387.65299782506486,480.34700217493514,0.26000000000000006
189,16,282.2507523385638,512.7492476614362,0.0
189,20,269.82166913334265,518.5,0.0
189,12,284.9545053579138,331.0454946420862,0.35000000000000014
189,8,287.2621846095159,508.7378153904842,0.0
189,17,289.9336377608378,508.06636223916223,0.0
189,1,230.7278944282571,471.27210557174294,0.5850000000000003
189,19,230.30931746001804,471.5,0.5800000000000003
189,6,271.05700324743253,517.9429967525675,0.0
189,11,349.8697187064505,350.1302812935495,0.35500000000000015
189,9,497.79176187924895,702.791761879249,0.0
189,14,236.54408942734526,469.5440894273453,0.7400000000000003
189,3,338.86896153744755,345.86896153744755,0.4000000000000002
189,7,347.13327809183795,349.13327809183795,0.38000000000000017
189,4,352.2359109212893,350.5,0.33500000000000013
189,13,356.08288739512375,495.9171126048762,0.0
189,15,366.95464092497645,490.04535907502355,0.0
189,2,339.5334247070408,346.5334247070408,0.4100000000000002
189,10,303.78814654673937,343.78814654673937,0.48000000000000026
189,18,299.5,330.87102435041334,0.36000000000000015
190,5,386.59570574060257,481.40429425939743,0.26000000000000006
190,16,281.2117241391802,513.5,0.0
190,20,268.77286027088314,517.7728602708831,0.0
190,12,286.0541763117405,329.9458236882595,0.36000000000000015
190,8,286.307590454914,509.692409545086,0.0
190,17,288.97904360623596,509.02095639376404,0.0
190,1,229.2289325814294,471.22893258142943,0.5950000000000003
190,19,228.86857283402446,470.86857283402446,0.5900000000000003
190,6,269.9377215468049,518.5,0.0
190,11,348.4749915559563,350.4749915559563,0.36500000000000016
190,9,498.7463560338508,703.7463560338508,0.0
190,14,235.26226935153085,468.7377306484691,0.7500000000000003
190,3,338.4589739481608,344.4589739481608,0.4000000000000002
190,7,346.0205652868251,348.0205652868251,0.3900000000000002
190,4,350.92716013938326,349.92716013938326,0.34500000000000014
190,13,355.12829324052194,496.87170675947806,0.0
190,15,366.0000467703746,490.99995322962536,0.0
190,2,338.5,345.375452357877,0.4100000000000002
190,10,302.6308334734593,342.6308334734593,0.49000000000000027
190,18,298.6583526701977,329.6583526701977,0.37000000000000016
191,5,386.24552043732683,482.75447956267317,0.26000000000000006
191,16,279.8617241391802,513.5,0.0
191,20,267.5358826957157,517.5,0.0
191,12,287.1581774757054,328.8418225242946,0.37000000000000016
191,8,285.3529963003122,510.64700369968784,0.0
191,17,288.0244494516341,509.02444945163415,0.0
191,1,228.01811477768933,470.01811477768933,0.6050000000000003
191,19,227.66013195117912,469.66013195117915,0.6000000000000003
191,6,268.85492171941536,517.8549217194153,0.0
191,11,347.36881889690903,349.36881889690903,0.37500000000000017
191,9,499.50000000000006,704.7841864818712,0.0
191,14,233.9754018110469,468.97540181104694,0.7600000000000003
191,3,337.3418795776875,343.3418795776875,0.4000000000000002
191,7,344.65638047955474,347.5,0.4000000000000002
191,4,349.82964791733224,350.17035208266776,0.35500000000000015
191,13,354.0385408218935,497.50000000000006,0.0
191,15,365.0454526157727,491.0454526157727,0.0
191,2,337.9975451094938,343.9975451094938,0.4100000000000002
191,10,301.5,341.45610735176604,0.5000000000000002
191,18,297.2571110260717,329.2571110260717,0.38000000000000017
192,5,385.18822835286454,483.18822835286454,0.26000000000000006
192,16,278.80118343713133,514.1988165628686,0.0
192,20,266.57077874286597,518.429221257134,0.0
192,12,288.2665259010179,327.7334740989821,0.38000000000000017
192,8,284.39840214571035,511.60159785428965,0.0
192,17,287.06985529703223,508.93014470296777,0.0
192,1,226.5136271899554,469.5,0.6150000000000003
192,19,226.1540393324894,469.1540393324894,0.6100000000000003
192,6,267.65193510917794,517.5,0.0
192,11,346.25829042574713,348.25829042574713,0.3850000000000002
192,9,499.948437561868,705.948437561868,0.0
192,14,232.68346693032734,469.3165330696727,0.7700000000000004
192,3,336.11078750747663,342.5,0.4000000000000002
192,7,343.0703496010432,347.5,0.4100000000000002
192,4,348.43492076683805,350.43492076683805,0.36500000000000016
192,13,352.68854082189347,497.50000000000006,0.0
192,15,363.92138648685767,490.5,0.0
192,2,336.876051920127,342.876051920127,0.4100000000000002
192,10,301.5,339.8065044514866,0.5100000000000002
192,18,296.14439822105885,328.14439822105885,0.3900000000000002
193,5,384.13093626840225,482.86906373159775,0.26000000000000006
193,16,277.8465892825295,513.8465892825295,0.0
193,20,265.32329136945066,518.6767086305493,0.0
193,12,289.3792387060308,326.6207612939692,0.3900000000000002
193,8,283.42053249892865,512.5,0.0
193,17,286.1152611424304,509.88473885756963,0.0
193,1,225.5,468.2019736495759,0.6250000000000003
193,19,225.5,467.702472190637,0.6200000000000003
193,6,266.6528401913982,518.3471598086018,0.0
193,11,344.99567587379914,347.5,0.3950000000000002
193,9,500.49999999999994,707.0699729194981,0.0
193,14,231.3864447555414,470.6135552444586,0.7800000000000004
193,3,334.81479761792747,341.81479761792747,0.4000000000000002
193,7,341.4844955220985,347.4844955220985,0.4200000000000002
193,4,347.3287481077908,349.3287481077908,0.37500000000000017
193,13,351.6787243390895,496.67872433908957,0.0
193,15,362.8433710877556,491.1566289122444,0.0
193,2,335.46166551194676,342.46166551194676,0.4100000000000002
193,10,300.54569282901895,338.54569282901895,0.5200000000000002
193,18,295.97269614941445,327.02730385058555,0.4000000000000002
194,5,383.07364418393996,483.92635581606004,0.26000000000000006
194,16,276.89199512792766,514.1080048720723,0.0
194,20,264.3686972148488,519.6313027851512,0.0
194,12,288.5036669234959,325.5036669234959,0.4000000000000002
194,8,282.19632061769323,512.8036793823068,0.0
194,17,285.16066698782856,510.83933301217144,0.0
194,1,224.7711924961601,466.7711924961601,0.6350000000000003
194,19,224.42039673797598,466.420396737976,0.6300000000000003
194,6,265.40535281798293,518.5946471820171,0.0
194,11,343.41275848595745,347.5,0.4050000000000002
194,9,500.49999999999994,708.4199729194982,0.0
194,14,229.91213299493901,471.5,0.7900000000000004
194,3,333.69770324745417,340.69770324745417,0.4000000000000002
194,7,340.29374071744184,346.5,0.4300000000000002
194,4,346.2182196366289,348.2182196366289,0.3850000000000002
194,13,350.7241301844877,497.2758698155123,0.0
194,15,361.63560004923073,491.49999999999994,0.0
194,2,334.34017232258,341.34017232258,0.4100000000000002
194,10,300.07714982647934,337.07714982647934,0.5300000000000002
194,18,295.90581066121877,325.90581066121877,0.4100000000000002
195,5,381.8160185796681,484.5,0.26000000000000006
195,16,275.9374009733258,515.0625990266742,0.0
195,20,263.41410306024693,520.5858969397531,0.0
195,12,287.38217373412914,324.38217373412914,0.4100000000000002
195,8,281.13474606130177,513.5,0.0
195,17,284.2060728332267,511.7939271667733,0.0
195,1,223.5411902418312,465.5411902418312,0.6450000000000004
195,19,223.19280906497374,465.19280906497374,0.6400000000000003
195,6,264.45075866338107,519.5492413366189,0.0
195,11,341.823607992752,347.5,0.4150000000000002
195,9,501.39800646330036,709.3980064633004,0.0
195,14,228.48416509646052,470.4841650964605,0.8000000000000004
195,3,332.5806088769809,339.5806088769809,0.4000000000000002
195,7,338.9264655964287,345.9264655964287,0.4400000000000002
195,4,344.9390072203731,347.5,0.3950000000000002
195,13,349.4669679466397,497.50000000000006,0.0
195,15,360.6412895597385,492.3587104402615,0.0
195,2,333.2186791332132,340.2186791332132,0.4100000000000002
195,10,299.5,335.6470462909626,0.5400000000000003
195,18,295.4870081127726,324.4870081127726,0.4200000000000002
196,5,380.666166796202,485.333833203798,0.26000000000000006
196,16,274.76857838867255,515.5,0.0
196,20,262.44273694520797,521.5,0.0
196,12,286.25626440449645,323.25626440449645,0.4200000000000002
196,8,279.78474606130175,513.5,0.0
196,17,283.1485377767724,512.5,0.0
196,1,222.2261298610111,464.5,0.6550000000000004
196,19,221.7368726557914,464.5,0.6500000000000004
196,6,263.4961645087792,520.5038354912208,0.0
196,11,340.60070148953656,346.60070148953656,0.4250000000000002
196,9,502.3526006179022,710.3526006179022,0.0
196,14,227.03579928870903,469.5,0.8100000000000004
196,3,333.5,338.4484017202731,0.4000000000000002
196,7,338.498778530237,344.498778530237,0.4400000000000002
196,4,343.35608983253144,347.5,0.4050000000000002
196,13,348.22915543765714,497.2291554376572,0.0
196,15,359.6866954051366,493.3133045948633,0.0
196,2,332.9028140561536,339.0971859438464,0.4100000000000002
196,10,300.5,334.38552029960283,0.5500000000000003
196,18,294.5,323.2972940572499,0.4300000000000002
197,5,379.6088747117397,484.6088747117397,0.26000000000000006
197,16,273.7353194453087,516.2646805546913,0.0
197,20,261.2120215322298,521.7879784677702,0.0
197,12,285.8740784549816,322.1259215450184,0.4300000000000002
197,8,278.7467517162608,514.2532482837393,0.0
197,17,282.0039913052096,512.9960086947905,0.0
197,1,220.77860567446822,465.2213943255318,0.6550000000000004
197,19,220.40817889813496,465.5,0.6500000000000004
197,6,262.54157035417734,521.4584296458227,0.0
197,11,339.1752421038421,346.1752421038421,0.4350000000000002
197,9,502.39991200868246,711.6000879913175,0.0
197,14,225.5612948449373,468.5612948449373,0.8200000000000004
197,3,333.05352691722084,337.05352691722084,0.4000000000000002
197,7,337.36398468285876,343.36398468285876,0.4400000000000002
197,4,341.766939339326,347.5,0.4150000000000002
197,13,347.72543871694467,496.27456128305533,0.0
197,15,358.7321012505348,494.2678987494652,0.0
197,2,333.5,337.7585175825346,0.4100000000000002
197,10,300.5,332.7031821316398,0.5600000000000003
197,18,293.9289781871029,321.9289781871029,0.4400000000000002
198,5,378.5515826272774,485.4484173727226,0.26000000000000006
198,16,272.78072529070687,517.2192747092931,0.0
198,20,260.25742737762795,522.7425726223721,0.0
198,12,287.00887230235986,320.99112769764014,0.4400000000000002
198,8,277.79215756165894,513.7921575616589,0.0
198,17,280.86275133914546,513.5,0.0
198,1,219.24600428934164,465.24600428934167,0.6650000000000004
198,19,218.90490492580628,464.90490492580625,0.6600000000000004
198,6,261.294082980762,521.705917019238,0.0
198,11,338.5,344.85324610765076,0.4350000000000002
198,9,501.5546821459194,712.5546821459194,0.0
198,14,224.9456409126411,466.9456409126411,0.8300000000000004
198,3,331.7029952642983,336.5,0.4000000000000002
198,7,336.1170180067216,342.5,0.4400000000000002
198,4,340.5606307004183,346.5606307004183,0.4250000000000002
198,13,348.3199671284535,495.31996712845347,0.0
198,15,357.77750709593295,495.222492904067,0.0
198,2,332.5613063462994,336.5613063462994,0.4100000000000002
198,10,299.5,331.42843292824136,0.5700000000000003
198,18,292.7897158250244,320.7897158250244,0.45000000000000023
199,5,377.4942905428151,484.5057094571849,0.26000000000000006
199,16,271.5470055134188,517.5,0.0
199,20,259.2211640699541,523.5,0.0
199,12,288.1481346644384,319.8518653355616,0.45000000000000023
199,8,276.8375634070571,514.162436592943,0.0
199,17,279.51275133914544,513.5,0.0
199,1,218.5,463.79489360098273,0.6750000000000004
199,19,218.3747371753973,463.37473717539734,0.6600000000000004
199,6,260.33948882616016,522.6605111738398,0.0
199,11,337.61721655126655,343.61721655126655,0.4350000000000002
199,9,502.5,713.5131186700058,0.0
199,14,223.61767152120615,465.61767152120615,0.8400000000000004
199,3,330.5264449574608,335.5264449574608,0.4000000000000002
199,7,334.8015037692888,341.8015037692888,0.4400000000000002
199,4,339.13517131472383,346.13517131472383,0.4350000000000002
199,13,347.36537297385166,494.36537297385166,0.0
199,15,356.54245429872316,495.49999999999994,0.0
199,2,331.14691993811914,336.14691993811914,0.4100000000000002
199,10,298.95752145104177,329.95752145104177,0.5800000000000003
199,18,292.64692586638375,319.35307413361625,0.46000000000000024
200,5,376.4109023653522,485.5,0.26000000000000006
200,16,270.57864376268975,518.4213562373102,0.0
200,20,258.05534584961083,523.9446541503892,0.0
200,12,287.70811686296696,318.70811686296696,0.46000000000000024
200,8,275.8829692524552,515.1170307475448,0.0
200,17,278.5544224037771,514.4455775962228,0.0
200,1,217.4489913807631,462.5,0.6750000000000004
200,19,216.98729475399767,462.5,0.6600000000000004
200,6,259.3372164834164,523.5,0.0
200,11,336.47829236542077,342.5,0.4350000000000002
200,9,502.5,714.8631186700059,0.0
200,14,222.19519871072342,464.5,0.8500000000000004
200,3,330.11645736817405,334.11645736817405,0.4000000000000002
200,7,333.6667099219105,340.6667099219105,0.4400000000000002
200,4,338.5,344.79657745422475,0.4350000000000002
200,13,346.5,493.37382219613215,0.0
200,15,355.57542556791583,496.42457443208417,0.0
200,2,330.5,334.8288520717461,0.4100000000000002
200,10,297.46092720214136,329.46092720214136,0.5900000000000003
200,18,293.2048218854019,318.2048218854019,0.47000000000000025
201,5,375.0868131550771,485.9131868449229,0.26000000000000006
201,16,269.3311563892745,518.3311563892745,0.0
201,20,257.10075169500897,524.100751695009,0.0
201,12,288.4401353852474,317.5598646147526,0.47000000000000025
201,8,274.691600310794,515.5,0.0
201,17,277.5998282491753,513.5998282491753,0.0
201,1,215.68887559817037,462.5,0.6750000000000004
201,19,215.31440167457944,462.6855983254206,0.6600000000000004
201,6,258.13740729814305,523.8625927018569,0.0
201,11,335.059190998691,342.059190998691,0.4350000000000002
201,9,503.0042510473519,716.0042510473519,0.0
201,14,220.65838114285665,465.3416188571433,0.8500000000000004
201,3,328.99936299770076,332.99936299770076,0.4000000000000002
201,7,332.53191607453226,339.53191607453226,0.4400000000000002
201,4,337.57714576214835,343.57714576214835,0.4350000000000002
201,13,346.16329144583455,492.16329144583455,0.0
201,15,354.620831413314,497.37916858668603,0.0
201,2,329.6110403405721,333.6110403405721,0.4100000000000002
201,10,296.25248631929605,328.25248631929605,0.6000000000000003
201,18,292.05204812690386,317.05204812690386,0.48000000000000026
202,5,374.0253577371311,486.9746422628689,0.2700000000000001
202,16,268.32543263816507,517.5,0.0
202,20,256.1461575404071,523.1461575404071,0.0
202,12,287.01334872074045,317.01334872074045,0.48000000000000026
202,8,273.657495276291,516.3678287720603,0.0
202,17,276.5551312839195,514.454876932459,0.0
202,1,214.28647360883517,463.5,0.6850000000000004
202,19,213.8950773424528,463.5,0.6700000000000004
202,6,257.18281314354124,524.1828131435412,0.0
202,11,334.5441798199342,343.5441798199342,0.44500000000000023
202,9,503.42897271703805,717.2857000331875,0.0
202,14,218.77630661812373,465.5,0.8600000000000004
202,3,327.88226862722746,331.88226862722746,0.4000000000000002
202,7,333.6711784366108,340.6711784366108,0.45000000000000023
202,4,337.01780666939004,344.98219333060996,0.44500000000000023
202,13,345.204938354733,491.79506164526697,0.01
202,15,353.27732572378835,497.50000000000006,0.0
202,2,330.5,334.8288520717461,0.4100000000000002
202,10,295.96071308058026,327.03928691941974,0.6100000000000003
202,18,290.8947350536238,315.8947350536238,0.49000000000000027
203,5,372.7359323616076,487.5,0.2800000000000001
203,16,267.1290748612574,517.8709251387426,0.0
203,20,255.19156338580527,522.8084366141948,0.0
203,12,285.8560356474604,315.8560356474604,0.49000000000000027
203,8,272.6907915316762,517.3092084683238,0.0
203,17,275.59578217759355,515.4042178224065,0.0
203,1,212.80170999456058,462.80170999456055,0.6950000000000004
203,19,212.5323240390336,462.5323240390336,0.6800000000000004
203,6,256.2282189889394,523.2282189889394,0.0
203,11,335.31431696653027,344.68568303346973,0.45500000000000024
203,9,503.58784816973906,718.587848169739,0.0
203,14,217.35165947240972,464.3516594724097,0.8700000000000004
203,3,328.23482574324584,330.76517425675416,0.4000000000000002
203,7,334.81492690920544,341.81492690920544,0.46000000000000024
203,4,335.6179598884642,345.5,0.45500000000000024
203,13,344.13628057119814,492.5,0.02
203,15,352.09505813587964,497.0950581358797,0.0
203,2,331.1513360783851,336.1513360783851,0.4200000000000002
203,10,295.8213102647449,325.8213102647449,0.6200000000000003
203,18,290.43997157214056,314.43997157214056,0.5000000000000002
204,5,371.30410482223,487.69589517777,0.2900000000000001
204,16,266.0396462005382,518.5,0.0
204,20,254.49999999999997,523.8719816805535,0.0
204,12,284.6941653847906,314.6941653847906,0.5000000000000002
204,8,271.4433041582609,517.5566958417392,0.0
204,17,274.34829480417824,515.6517051958218,0.0
204,1,211.5423596327101,461.5423596327101,0.7050000000000004
204,19,211.28037570864282,461.2803757086428,0.6900000000000004
204,6,255.27362483433754,522.7263751656625,0.0
204,11,334.030931974887,345.5,0.46500000000000025
204,9,504.54244232434087,719.5424423243409,0.0
204,14,216.00264945612207,463.00264945612207,0.8800000000000004
204,3,329.35192011371913,329.64807988628087,0.4000000000000002
204,7,335.0368208425802,342.9631791574198,0.47000000000000025
204,4,333.99727376521355,345.5,0.46500000000000025
204,13,342.77026987359807,492.5,0.03
204,15,351.14046398127783,496.85953601872217,0.0
204,2,332.5745721566766,336.5745721566766,0.4300000000000002
204,10,295.30564432490627,324.30564432490627,0.6300000000000003
204,18,289.27352617508797,313.27352617508797,0.5100000000000002
205,5,370.2300607807931,488.7699392192069,0.3000000000000001
205,16,264.92699333324026,519.0730066667597,0.0
205,20,254.49999999999997,525.2219816805535,0.0
205,12,283.527719987738,315.472280012262,0.5100000000000002
205,8,270.48403353405547,518.5,0.0
205,17,273.3937006495764,516.6062993504237,0.0
205,1,210.2780502859147,460.2780502859147,0.7150000000000004
205,19,210.02349754052753,460.02349754052756,0.7000000000000004
205,6,254.49999999999997,523.7559292670912,0.0
205,11,332.43202159881287,345.56797840118713,0.47500000000000026
205,9,505.49703647894273,720.4970364789427,0.0
205,14,214.64832739914746,463.35167260085257,0.8900000000000005
205,3,329.2380922969941,328.2380922969941,0.4000000000000002
205,7,335.11595291591783,344.11595291591783,0.48000000000000026
205,4,332.4082216505102,345.5917783494898,0.47500000000000026
205,13,341.72139071628055,493.2786092837194,0.04
205,15,350.05309749049974,497.50000000000006,0.005
205,2,333.5,337.7960882424342,0.4400000000000002
205,10,294.5,322.90328199456957,0.6400000000000003
205,18,288.8975123720031,312.1024876279969,0.5200000000000002
206,5,369.1517874411458,489.1517874411458,0.3100000000000001
206,16,263.9723991786384,520.0276008213616,0.0
206,20,253.7419944843728,526.2580055156271,0.0
206,12,281.88310338725,315.5,0.5200000000000002
206,8,269.2412226302437,518.2412226302438,0.0
206,17,272.4138835793325,517.5,0.0
206,1,209.9912375729822,459.0087624270178,0.7250000000000004
206,19,210.23832987769484,458.7616701223052,0.7100000000000004
206,6,254.49999999999997,525.1059292670913,0.0
206,11,331.5,346.81539732480616,0.48500000000000026
206,9,506.4516306335446,721.4516306335446,0.0
206,14,212.99577916527676,462.99577916527676,0.9000000000000005
206,3,328.87900207347917,327.12099792652083,0.4000000000000002
206,7,334.7267340108021,345.2732659891979,0.49000000000000027
206,4,331.5,346.84905553447953,0.48500000000000026
206,13,340.74785327831347,494.25214672168653,0.05
206,15,348.7004421324649,497.50000000000006,0.005
206,2,332.8584784150532,339.1415215849468,0.45000000000000023
206,10,293.55274184811805,321.55274184811805,0.6500000000000004
206,18,288.9268378442707,310.9268378442707,0.5300000000000002
207,5,367.89085317519596,488.5,0.3200000000000001
207,16,263.01780502403653,520.9821949759635,0.0
207,20,252.49223188181955,526.5,0.0
207,12,280.5952452192939,314.5952452192939,0.5300000000000002
207,8,268.1982470964286,517.5,0.0
207,17,271.1916191215592,517.8083808784407,0.0
207,1,209.73447645197018,457.7344764519702,0.7350000000000004
207,19,209.5,457.49275069199723,0.7200000000000004
207,6,253.82405593290505,526.175944067095,0.0
207,11,331.5,348.45530442244495,0.4950000000000003
207,9,505.59377521185354,722.4062247881465,0.0
207,14,211.63077019237411,461.63077019237414,0.9100000000000005
207,3,329.00390355604753,326.00390355604753,0.4000000000000002
207,7,333.177517629942,345.5,0.5000000000000002
207,4,331.5,348.48896263211833,0.4950000000000003
207,13,339.7704823102626,493.7704823102626,0.060000000000000005
207,15,347.6852622148267,496.6852622148267,0.005
207,2,333.2852700575415,340.2852700575415,0.46000000000000024
207,10,292.5,320.2390313763251,0.6600000000000004
207,18,287.7465586660928,309.7465586660928,0.5400000000000003
208,5,366.68959296744686,487.68959296744686,0.3300000000000001
208,16,261.8822868876574,521.5,0.0
208,20,251.24701973754225,526.7529802624578,0.0
208,12,279.414966041116,313.414966041116,0.5400000000000003
208,8,267.0391411022266,517.9608588977734,0.0
208,17,270.1280971417056,518.5,0.0
208,1,209.16227946071356,456.1622794607136,0.7450000000000004
208,19,208.9301962846904,455.9301962846904,0.7300000000000004
208,6,252.60828429528178,526.5,0.0
208,11,330.3674489636511,349.3674489636511,0.5050000000000002
208,9,506.3608189427483,723.3608189427483,0.0
208,14,210.26038617917186,460.26038617917186,0.9200000000000005
208,3,327.88680918557424,324.88680918557424,0.4000000000000002
208,7,331.81263191345283,346.18736808654717,0.5100000000000002
208,4,330.34364901534843,349.34364901534843,0.5050000000000002
208,13,338.7892627167116,492.7892627167116,0.07
208,15,346.72502410848017,495.7250241084801,0.015
208,2,334.43352230575584,341.43352230575584,0.47000000000000025
208,10,293.21957249011535,318.78042750988465,0.6700000000000004
208,18,286.5616318641458,308.5616318641458,0.5500000000000003
209,5,367.40146845247546,486.59853154752454,0.34000000000000014
209,16,260.8157234960194,522.1842765039805,0.0
209,20,250.2924255829404,527.7075744170596,0.0
209,12,278.1182178307242,312.5,0.5500000000000003
209,8,265.91246065880165,518.5,0.0
209,17,268.9895375935421,517.9895375935421,0.0
209,1,208.5,454.620271669824,0.7550000000000004
209,19,208.36051065712374,454.3605106571237,0.7400000000000004
209,6,251.32908118607446,526.6709188139256,0.0
209,11,329.0739105322524,348.5,0.5150000000000002
209,9,507.3154130973502,724.3154130973502,0.0
209,14,210.11539403980132,458.8846059601987,0.9300000000000005
209,3,327.4768215962875,323.4768215962875,0.4000000000000002
209,7,331.5,347.71397030332224,0.5200000000000002
209,4,329.04025232257897,348.5,0.5150000000000002
209,13,337.80417934280257,493.19582065719743,0.08
209,15,345.7610048412612,494.7610048412611,0.025
209,2,335.4137039357461,342.5862960642539,0.48000000000000026
209,10,292.5333896809767,317.5333896809767,0.6800000000000004
209,18,287.5,307.31903601255937,0.5600000000000003
210,5,366.5031738195062,485.5031738195062,0.35000000000000014
210,16,259.8611293414176,523.1388706585824,0.0
210,20,249.33783142833857,528.3378314283385,0.0
210,12,276.4358796627611,312.5,0.5600000000000003
210,8,264.8370595742095,519.1629404257906,0.0
210,17,267.8423107040787,517.5,0.0
210,1,207.29564619204547,453.29564619204547,0.7650000000000005
210,19,207.07869058130933,453.07869058130933,0.7500000000000004
210,6,250.3744870314726,527.6255129685275,0.0
210,11,327.7324741290107,349.2675258709893,0.5250000000000002
210,9,508.27000725195205,725.270007251952,0.0
210,14,209.50340828663937,457.5034082866394,0.9400000000000005
210,3,326.3597272258142,322.3597272258142,0.4000000000000002
210,7,330.8801571450087,349.1198428549913,0.5300000000000002
210,4,327.70867418070804,349.29132581929196,0.5250000000000002
210,13,336.81521697400166,494.18478302599834,0.09
210,15,344.79318952396943,493.7931895239694,0.035
210,2,334.74360913753395,343.74360913753395,0.49000000000000027
210,10,291.2814413505859,316.2814413505859,0.6900000000000004
210,18,286.8848688936681,305.8848688936681,0.5700000000000003
211,5,365.40350286567946,484.40350286567946,0.36000000000000015
211,16,258.6607140124037,523.5,0.0
211,20,248.3348725689388,527.5,0.0
211,12,274.7469168969896,312.5,0.5700000000000003
211,8,263.8824654196076,520.1175345803924,0.0
211,17,266.78745606552496,518.212543934475,0.0
211,1,206.99882983657488,452.0011701634251,0.7750000000000005
211,19,207.20817695917464,451.79182304082536,0.7600000000000005
211,6,249.41989287687073,528.4198928768707,0.0
211,11,326.55451192224797,350.44548807775203,0.5350000000000003
211,9,509.22460140655386,726.2246014065539,0.0
211,14,208.82387860719305,455.823878607193,0.9500000000000005
211,3,325.2426328553409,321.2426328553409,0.4000000000000002
211,7,329.6998779668308,348.6998779668308,0.5400000000000003
211,4,326.5307119739453,350.4692880260547,0.5350000000000003
211,13,335.8223603358643,495.17763966413565,0.09999999999999999
211,15,343.54054548863655,493.49999999999994,0.045
211,2,335.0945205997963,344.9054794002037,0.5000000000000002
211,10,290.5,314.82763080459847,0.7000000000000004
211,18,285.68588912527355,304.68588912527355,0.5800000000000003
212,5,364.7004982982854,483.2995017017146,0.37000000000000016
212,16,257.6590478134005,524.3409521865995,0.0
212,20,247.13574990032143,527.8642500996785,0.0
212,12,273.05130344751507,312.5,0.5800000000000003
212,8,262.92787126500576,521.0721287349943,0.0
212,17,265.55652426645185,518.5,0.0
212,1,206.70159683437754,450.70159683437754,0.7850000000000005
212,19,206.49988816010577,450.4998881601058,0.7700000000000005
212,6,248.45092498240095,527.5,0.0
212,11,325.37191121532993,349.62808878467007,0.5450000000000003
212,9,509.49999999999994,727.4605275740901,0.0
212,14,208.1388887241841,454.1388887241841,0.9600000000000005
212,3,324.1255384848676,320.1255384848676,0.4000000000000002
212,7,328.2220579460703,348.7779420539297,0.5500000000000003
212,4,325.34811126702726,349.65188873297274,0.5450000000000003
212,13,334.82559409379934,496.17440590620066,0.10999999999999999
212,15,342.55321767017347,492.55321767017347,0.05500000000000001
212,2,333.69117619506267,345.5,0.5100000000000002
212,10,289.4698425454348,313.4698425454348,0.7100000000000004
212,18,284.4821880951866,303.4821880951866,0.5900000000000003
213,5,365.5,482.06322477479324,0.38000000000000017
213,16,256.7044536587987,523.7044536587987,0.0
213,20,246.04908613131192,528.5,0.0
213,12,271.68612937614245,313.31387062385755,0.5900000000000003
213,8,261.7551013459208,521.5,0.0
213,17,264.58537453750785,519.4146254624922,0.0
213,1,205.5,449.354203255228,0.7950000000000005
213,19,205.5,449.079789046597,0.7800000000000005
213,6,247.21781134885356,527.7821886511464,0.0
213,11,324.18465374308346,350.81534625691654,0.5550000000000003
213,9,510.42668293457103,728.426682934571,0.0
213,14,206.74131035560458,452.7413103556046,0.9700000000000005
213,3,323.5,318.8048349999121,0.4000000000000002
213,7,327.0324652192547,349.9675347807453,0.5600000000000003
213,4,324.1608537947808,350.8391462052192,0.5550000000000003
213,13,333.824902852832,497.17509714716806,0.11999999999999998
213,15,341.5739242800092,493.42607571999076,0.065
213,2,332.1712502180257,345.8287497819743,0.5200000000000002
213,10,288.79695361171804,312.20304638828196,0.7200000000000004
213,18,283.2737472123413,302.7262527876587,0.6000000000000003
214,5,364.78554725257567,480.78554725257567,0.3900000000000002
214,16,255.74985950419685,522.7498595041968,0.0
214,20,244.9336683723043,529.0663316276957,0.0
214,12,270.1847952744837,313.1847952744837,0.6000000000000003
214,8,260.7257897369886,522.2742102630114,0.0
214,17,263.630780382906,520.369219617094,0.0
214,1,206.20067778699737,447.79932221300265,0.7950000000000005
214,19,206.3870494082795,447.6129505917205,0.7800000000000005
214,6,246.16513854477407,528.5,0.0
214,11,322.992721168412,352.007278831588,0.5650000000000003
214,9,509.6187229108271,729.3812770891728,0.0
214,14,207.3382286971551,451.3382286971551,0.9800000000000005
214,3,322.59845652510757,317.59845652510757,0.4000000000000002
214,7,325.8381881944061,349.8381881944061,0.5700000000000003
214,4,322.96892122010934,352.03107877989066,0.5650000000000003
214,13,332.8202711573662,496.8202711573662,0.12999999999999998
214,15,340.5907746943607,494.4092253056393,0.07500000000000001
214,2,331.5,347.2133287066687,0.5300000000000002
214,10,288.9312619266335,310.9312619266335,0.7300000000000004
214,18,282.5,304.12147924362654,0.6100000000000003
215,5,364.3755596632889,479.3755596632889,0.4000000000000002
215,16,254.79526534959498,523.204734650405,0.0
215,20,243.97907421770248,530.0209257822976,0.0
215,12,268.7527237194559,312.5,0.6100000000000003
215,8,259.7711955823868,523.2288044176132,0.0
215,17,262.6761862283041,521.3238137716959,0.0
215,1,205.51050601135458,446.4894939886454,0.8050000000000005
215,19,205.68917890953534,446.3108210904647,0.7900000000000005
215,6,245.01572982083647,528.9842701791636,0.0
215,11,321.79609508201247,353.20390491798753,0.5750000000000003
215,9,509.6287644625881,730.6287644625882,0.0
215,14,205.92962207835185,449.9296220783518,0.9900000000000005
215,3,322.1884689358208,316.1884689358208,0.4000000000000002
215,7,324.6392084260115,350.3607915739885,0.5800000000000003
215,4,321.7722951337098,353.2277048662902,0.5750000000000003
215,13,331.52657345769046,496.5,0.13999999999999999
215,15,339.60375372856134,493.6037537285613,0.08499999999999999
215,2,331.22953481849476,348.77046518150524,0.5400000000000003
215,10,287.6544695178803,309.6544695178803,0.7400000000000004
215,18,281.54967793897674,305.45032206102326,0.6200000000000003
216,5,363.5,478.15219747197847,0.4100000000000002
216,16,254.49999999999997,524.4324317381039,0.0
216,20,242.82751325605807,530.5,0.0
216,12,267.4444581781341,313.5,0.6200000000000003
216,8,258.5335284706671,523.5,0.0
216,17,261.4286988548888,521.5713011451112,0.0
216,1,206.1745080110197,445.1745080110197,0.8150000000000005
216,19,206.0035641514531,445.0035641514531,0.8000000000000005
216,6,244.06113566623463,529.9388643337654,0.0
216,11,321.5,354.7802069248865,0.5850000000000003
216,9,510.5,731.6178868869707,0.0
216,14,205.77187775926487,448.22812224073516,0.9900000000000005
216,3,321.5,314.8938320971364,0.4000000000000002
216,7,323.43550739592456,351.56449260407544,0.5900000000000003
216,4,321.5,354.81386513455993,0.5850000000000003
216,13,330.50623105720206,497.493768942798,0.15
216,15,338.6128461381514,492.6128461381514,0.095
216,2,330.0446080165477,349.0446080165477,0.5500000000000003
216,10,286.6273505579341,308.3726494420659,0.7500000000000004
216,18,280.2552070116511,304.5,0.6300000000000003
217,5,362.835263925476,476.835263925476,0.4200000000000002
217,16,254.3002906027644,525.6997093972356,0.0
217,20,241.7769926896853,529.7769926896854,0.0
217,12,265.9450600612805,314.0549399387195,0.6300000000000003
217,8,257.56911405436966,524.4308859456303,0.0
217,17,260.47410470028694,522.525895299713,0.0
217,1,204.85434397027245,443.85434397027245,0.8250000000000005
217,19,204.6911595842071,443.6911595842071,0.8100000000000005
217,6,242.94356566952024,530.5,0.0
217,11,322.19709806355036,356.19709806355036,0.5950000000000003
217,9,510.16915400939473,732.8308459906052,0.0
217,14,205.81951562193188,446.8195156219319,0.9900000000000005
217,3,322.3386130239392,313.6613869760608,0.4000000000000002
217,7,322.22706651307925,352.77293348692075,0.6000000000000003
217,4,322.220898011853,356.220898011853,0.5950000000000003
217,13,329.196791436052,497.1967914360521,0.16
217,15,337.6180366186425,493.3819633813574,0.10499999999999998
217,2,328.58785387521584,348.5,0.5600000000000003
217,10,287.5,306.91420714743674,0.7600000000000005
217,18,278.5191358754893,304.5,0.6400000000000003
218,5,362.5,475.3755885883772,0.4300000000000002
218,16,253.2817818242692,526.5,0.0
218,20,240.8223985350835,528.8223985350835,0.0
218,12,264.3933388385717,314.5,0.6400000000000003
218,8,256.61451989976786,523.6145198997679,0.0
218,17,259.5195105456851,523.4804894543149,0.0
218,1,203.5289814765758,442.52898147657584,0.8350000000000005
218,19,203.37358711874333,442.37358711874333,0.8200000000000005
218,6,241.8590541382175,529.8590541382175,0.0
218,11,321.5897025365733,357.4102974634267,0.6100000000000003
218,9,509.785440145207,733.7854401452071,0.0
218,14,206.36075433234404,445.360754332344,1.0000000000000007
218,3,321.5442926055875,312.5442926055875,0.4000000000000002
218,7,321.5,354.187495721624,0.6100000000000003
218,4,321.56590258827066,357.43409741172934,0.6100000000000003
218,13,328.5,496.04213725171024,0.17
218,15,336.6193098052815,494.3806901947185,0.11499999999999999
218,2,327.36784504607004,349.63215495392996,0.5700000000000003
218,10,286.50095380204885,305.50095380204885,0.7700000000000005
218,18,277.2811095223499,305.7188904776501,0.6500000000000004
219,5,361.9843407809928,473.9843407809928,0.4400000000000002
219,16,251.9317818242692,526.5,0.0
219,20,239.6059403808043,528.5,0.0
219,12,262.89926436567885,313.89926436567885,0.6500000000000004
219,8,255.65992574516602,522.659925745166,0.0
219,17,258.27202317226977,523.7279768277302,0.0
219,1,202.5,441.0734732741756,0.8450000000000005
219,19,202.5,440.8647726104596,0.8300000000000005
219,6,240.90445998361565,528.9044599836157,0.0
219,11,320.3693302047902,358.6306697952098,0.6250000000000003
219,9,510.7400342998089,734.7400342998089,0.0
219,14,204.91451702738615,443.9145170273861,1.0100000000000007
219,3,322.4271982351142,311.4271982351142,0.4000000000000002
219,7,321.7898959790988,355.7898959790988,0.6200000000000003
219,4,320.3455302564875,358.6544697435125,0.6250000000000003
219,13,327.85878098661186,494.85878098661186,0.18000000000000002
219,15,335.61665027281254,495.3833497271874,0.12499999999999997
219,2,326.1688652776755,350.1688652776755,0.5800000000000003
219,10,285.20393162726293,304.20393162726293,0.7800000000000005
219,18,276.04383499075436,306.95616500924564,0.6600000000000004
220,5,360.570631975216,473.5,0.45500000000000024
220,16,250.850721701332,527.149278298668,0.0
220,20,238.62031700706638,527.6203170070663,0.0
220,12,261.37394956189286,313.37394956189286,0.6500000000000004
220,8,254.70533159056416,523.2946684094359,0.0
220,17,257.3174290176679,524.3174290176679,0.0
220,1,202.27679273163156,439.27679273163153,0.8550000000000005
220,19,202.1370705761987,439.1370705761987,0.8400000000000005
220,6,239.72199279426644,528.5,0.0
220,11,319.14174253178794,359.14174253178794,0.6400000000000003
220,9,511.69462845441075,735.6946284544108,0.0
220,14,203.48068031604095,442.48068031604095,1.0200000000000007
220,3,321.2314463099329,310.5,0.4000000000000002
220,7,321.9849261892319,357.0150738107681,0.6350000000000003
220,4,319.1179425834853,359.1179425834853,0.6400000000000003
220,13,326.8301785716499,493.8301785716499,0.19000000000000003
220,15,334.61004253523964,496.38995746476036,0.13499999999999998
220,2,324.9651642475885,350.0348357524115,0.5900000000000003
220,10,283.9018021260071,302.9018021260071,0.7900000000000005
220,18,274.8016884029299,306.8016884029299,0.6700000000000004
221,5,359.40169210042944,472.40169210042944,0.47000000000000025
221,16,249.89612754673016,528.1038724532699,0.0
221,20,238.5,526.3201539431774,0.0
221,12,260.1415279769203,312.8584720230797,0.6500000000000004
221,8,254.49999999999997,524.5596172798405,0.0
221,17,256.36283486306604,523.362834863066,0.0
221,1,201.5,437.70197588345525,0.8650000000000005
221,19,201.5,437.5155263362046,0.8500000000000005
221,6,238.7023784555985,527.7023784555985,0.0
221,11,317.9068968575132,359.0931031424868,0.6550000000000004
221,9,512.7110326374783,736.5,0.0
221,14,202.5,440.8765060712874,1.0300000000000007
221,3,319.90011627535415,309.90011627535415,0.4000000000000002
221,7,320.75250460425934,358.24749539574066,0.6500000000000004
221,4,317.8830969092105,359.1169030907895,0.6550000000000004
221,13,326.5,492.5065514527088,0.20000000000000004
221,15,333.5994710455869,497.4005289544132,0.145
221,2,323.7567233647432,351.2432766352568,0.6000000000000003
221,10,282.59454518699556,303.40545481300444,0.8000000000000005
221,18,273.554650574022,307.445349425978,0.6800000000000004
222,5,358.5,471.1417102872401,0.48500000000000026
222,16,248.9415333921283,527.9415333921282,0.0
222,20,238.12534226023578,525.1253422602358,0.0
222,12,258.9091063919478,314.0908936080522,0.6500000000000004
222,8,254.21035684373356,525.7896431562664,0.0
222,17,255.4082407084642,522.5917592915358,0.0
222,1,200.5,436.21214630816115,0.8750000000000006
222,19,200.5,436.0368880763955,0.8600000000000005
222,6,238.5,526.4362063566396,0.0
222,11,316.31877850342534,359.5,0.6700000000000004
222,9,513.8967099824279,736.8967099824279,0.0
222,14,202.06394064113982,439.0639406411398,1.0400000000000007
222,3,319.5098713139326,308.4901286860674,0.4000000000000002
222,7,319.51279643794624,359.48720356205376,0.6650000000000004
222,4,316.2851202937519,359.5,0.6700000000000004
222,13,325.53208651003933,491.4679134899606,0.21000000000000005
222,15,332.5849201956586,496.5849201956586,0.155
222,2,322.5435239648669,352.4564760351331,0.6100000000000003
222,10,281.9892474009361,305.0107525990639,0.8100000000000005
222,18,271.8067652747444,307.5,0.6900000000000004
223,5,357.7918874329949,469.7918874329949,0.5000000000000002
223,16,247.7744225113884,527.5,0.0
223,20,237.82925189436608,524.170748105634,0.0
223,12,258.3837915881618,315.6162084118382,0.6500000000000004
223,8,253.1545962825326,526.5,0.0
223,17,254.49999999999997,523.5655536721906,0.0
223,1,199.65190005660574,434.6519000566057,0.8850000000000006
223,19,199.53591838860515,434.5359183886051,0.8700000000000006
223,6,238.20740370876794,525.207403708768,0.0
223,11,314.82947316469557,358.82947316469557,0.6850000000000004
223,9,514.5,737.9968190751052,0.0
223,14,201.37369587631068,437.37369587631065,1.0500000000000007
223,3,320.3730343155941,307.3730343155941,0.4000000000000002
223,7,318.2657586090383,358.7342413909617,0.6800000000000004
223,4,314.80567321639285,358.80567321639285,0.6850000000000004
223,13,326.4271120807641,490.4271120807641,0.22000000000000006
223,15,331.27348109698465,496.72651890301535,0.165
223,2,321.5,353.74671335991883,0.6200000000000003
223,10,280.6716749354723,304.6716749354723,0.8200000000000005
223,18,270.46003763788906,308.53996236211094,0.7000000000000004
224,5,357.33025449849384,468.33025449849384,0.5150000000000002
224,16,246.73945186411115,528.2605481358888,0.0
224,20,238.2161539510321,523.2161539510321,0.0
224,12,257.0069627302601,316.5,0.6500000000000004
224,8,251.8045962825326,526.5,0.0
224,17,254.49999999999997,524.9155536721906,0.0
224,1,199.00202092159117,433.00202092159117,0.8950000000000006
224,19,198.89401515350403,432.89401515350403,0.8800000000000006
224,6,237.74719044583392,524.2528095541661,0.0
224,11,313.5725949965803,357.5725949965803,0.7000000000000004
224,9,513.901208489555,739.098791510445,0.0
224,14,200.5,435.77631121412867,1.0600000000000007
224,3,319.2559399451208,306.2559399451208,0.4000000000000002
224,7,316.80894140540875,359.5,0.6950000000000004
224,4,313.54879504827755,357.54879504827755,0.7000000000000004
224,13,325.3822122739531,489.3822122739531,0.23000000000000007
224,15,330.147753987383,497.50000000000006,0.17500000000000002
224,2,321.5,355.47597512569246,0.6300000000000003
224,10,278.87211888128286,304.5,0.8300000000000005
224,18,269.1982102196667,309.8017897803333,0.7100000000000004
225,5,356.8453952852323,467.1546047147677,0.5300000000000002
225,16,245.49196449069586,528.5080355093041,0.0
225,20,237.50000000000003,522.1627946302966,0.0
225,12,255.62605519940323,317.37394480059675,0.6500000000000004
225,8,250.76078794230116,527.2392120576989,0.0
225,17,253.95867180703172,526.0413281929683,0.0
225,1,197.63969155774217,431.6396915577422,0.9050000000000006
225,19,197.53969309652942,431.5396930965294,0.8900000000000006
225,6,238.29821539956424,523.2982153995642,0.0
225,11,312.30828564978486,356.30828564978486,0.7150000000000003
225,9,513.5,740.2826055127322,0.0
225,14,199.5,434.2479571707851,1.0700000000000007
225,3,318.1388455746475,305.1388455746475,0.4000000000000002
225,7,315.163733925718,359.163733925718,0.7100000000000004
225,4,312.28448570148214,356.28448570148214,0.7150000000000003
225,13,324.6668020688662,488.3331979311338,0.24000000000000007
225,15,328.93144804127,496.9314480412701,0.18500000000000003
225,2,322.28698589721114,356.71301410278886,0.6450000000000004
225,10,277.4351583929277,305.5648416070723,0.8400000000000005
225,18,267.93141406251385,311.06858593748615,0.7200000000000004
226,5,356.97200400784965,465.97200400784965,0.5450000000000003
226,16,244.53737033609403,529.462629663906,0.0
226,20,237.50000000000003,520.8127946302966,0.0
226,12,254.34957521494727,318.5,0.6500000000000004
226,8,249.80619378769933,528.1938062123007,0.0
226,17,252.79865989018242,526.5,0.0
226,1,196.72800229482257,430.27199770517745,0.9150000000000006
226,19,196.81996191852784,430.18003808147216,0.9000000000000006
226,6,237.50000000000003,522.2788470437588,0.0
226,11,311.5,354.8445136941187,0.7300000000000003
226,9,512.6991269615378,741.3008730384622,0.0
226,14,198.6669913177641,432.6669913177641,1.0800000000000007
226,3,317.5,303.82365406675456,0.4000000000000002
226,7,313.89444606682116,357.89444606682116,0.7250000000000004
226,4,311.5,354.8108554844452,0.7300000000000003
226,13,325.2800528503637,487.2800528503637,0.25000000000000006
226,15,328.5,495.6526349619135,0.19500000000000003
226,2,321.0497113656156,357.9502886343844,0.6600000000000004
226,10,276.1019598131597,306.8980401868403,0.8500000000000005
226,18,266.3667363820519,311.6332636179481,0.7300000000000004
227,5,355.782411281034,464.782411281034,0.5600000000000003
227,16,243.58277618149216,530.4172238185079,0.0
227,20,237.50000000000003,519.4627946302966,0.0
227,12,252.8683188106447,319.13168118935533,0.6500000000000004
227,8,248.85159963309746,527.8515996330974,0.0
227,17,251.46369706020113,526.5363029397989,0.0
227,1,198.10108176002504,428.898918239975,0.9250000000000006
227,19,198.18497089143048,428.81502910856955,0.9100000000000006
227,6,237.50000000000003,520.9288470437588,0.0
227,11,310.46430419687977,353.46430419687977,0.7450000000000003
227,9,511.7445328069359,742.2554671930641,0.0
227,14,197.3166975916266,431.3166975916266,1.0900000000000007
227,3,318.3882363851125,302.6117636148875,0.4000000000000002
227,7,312.6176536580679,356.6176536580679,0.7400000000000004
227,4,310.44050424857704,353.44050424857704,0.7450000000000003
227,13,324.22068114439645,486.22068114439645,0.26500000000000007
227,15,327.5732452827517,494.5732452827517,0.20500000000000004
227,2,319.80512156007086,359.19487843992914,0.6750000000000004
227,10,274.76351145391334,306.76351145391334,0.8600000000000005
227,18,265.08994397329866,312.91005602670134,0.7400000000000004
228,5,354.58578519463447,463.58578519463447,0.5750000000000003
228,16,242.33528880807685,530.3352888080768,0.0
228,20,237.50000000000003,518.1127946302965,0.0
228,12,251.63589722567215,318.6358972256721,0.6500000000000004
228,8,247.6472369696518,527.5,0.0
228,17,250.50910290559926,527.4908970944008,0.0
228,1,197.52043195503245,427.52043195503245,0.9350000000000006
228,19,197.44464509536726,427.44464509536726,0.9200000000000006
228,6,237.50000000000003,519.5788470437587,0.0
228,11,309.1799628682968,352.1799628682968,0.7550000000000003
228,9,510.78993865233406,741.7899386523341,0.0
228,14,197.02210153343,429.97789846656997,1.1000000000000008
228,3,317.4946692444142,301.4946692444142,0.4000000000000002
228,7,311.5,355.2642680356773,0.7550000000000003
228,4,309.1561629199941,352.1561629199941,0.7550000000000003
228,13,323.1550459988729,485.1550459988729,0.2800000000000001
228,15,326.5344870402556,493.53448704025556,0.21500000000000005
228,2,318.55317322968006,358.55317322968006,0.6900000000000004
228,10,273.3865696678734,307.5,0.8700000000000006
228,18,263.8081238974843,312.8081238974843,0.7500000000000004
229,5,353.33324182628456,464.5,0.5900000000000003
229,16,241.380694653475,529.380694653475,0.0
229,20,236.9787170839556,516.9787170839555,0.0
229,12,250.11058242188616,318.88941757811386,0.6500000000000004
229,8,246.64951810508032,528.3504818949197,0.0
229,17,249.5545087509974,528.4454912490027,0.0
229,1,196.13651755973964,426.1365175597396,0.9450000000000006
229,19,196.0688648763941,426.0688648763941,0.9300000000000006
229,6,237.50000000000003,518.2288470437587,0.0
229,11,307.8905641470251,350.8905641470251,0.7650000000000003
229,9,509.8353444977322,742.1646555022678,0.0
229,14,198.34951008237138,428.65048991762865,1.1100000000000008
229,3,316.3775748739409,300.3775748739409,0.4000000000000002
229,7,310.74848422995194,353.74848422995194,0.7700000000000004
229,4,307.86676419872236,350.86676419872236,0.7650000000000003
229,13,322.9168896182279,484.0831103817721,0.2950000000000001
229,15,326.19874522677554,492.19874522677554,0.22500000000000006
229,2,317.2084215034334,359.5,0.7050000000000004
229,10,271.4849961890465,307.5150038109535,0.8800000000000006
229,18,262.2334106028564,312.7665893971436,0.7500000000000004
230,5,351.62088686667255,464.5,0.6050000000000002
230,16,240.39549032325377,528.5,0.0
230,20,236.5,515.8270081926696,0.0
230,12,248.87816083691362,320.1218391630864,0.6500000000000004
230,8,245.40203073166504,528.597969268335,0.0
230,17,248.59991459639554,527.5999145963955,0.0
230,1,194.74715367964959,424.74715367964956,0.9550000000000006
230,19,194.68766720283477,424.6876672028348,0.9400000000000006
230,6,237.06077853248775,517.0607785324877,0.0
230,11,306.59608811840474,349.59608811840474,0.7750000000000004
230,9,508.62424873676,742.5,0.0
230,14,197.33436978579348,427.3343697857935,1.1200000000000008
230,3,315.2604805034676,299.2604805034676,0.4000000000000002
230,7,309.451462055166,352.451462055166,0.7800000000000004
230,4,306.572288170102,349.572288170102,0.7750000000000004
230,13,323.5,482.7997338293881,0.3100000000000001
230,15,325.84820982677445,491.15179017322555,0.23500000000000007
230,2,315.4412402730498,359.4412402730498,0.7200000000000004
230,10,270.1306741320719,308.8693258679281,0.8900000000000006
230,18,260.951590527042,312.951590527042,0.7500000000000004
231,5,350.31262132535073,465.5,0.6200000000000002
231,16,239.17861312545784,528.1786131254578,0.0
231,20,235.77663555593838,514.7766355559384,0.0
231,12,247.64573925194105,321.35426074805895,0.6500000000000004
231,8,244.4474365770632,529.5525634229368,0.0
231,17,247.3524272229802,527.6475727770197,0.0
231,1,193.6476811438515,423.3523188561485,0.9650000000000006
231,19,193.6989692577981,423.30103074220193,0.9500000000000006
231,6,236.5,515.9430606061318,0.0
231,11,305.70348521064284,348.29651478935716,0.7850000000000004
231,9,507.633262969715,743.366737030285,0.0
231,14,196.02943772825185,426.0294377282518,1.1300000000000008
231,3,314.8566138670057,298.1433861329943,0.4000000000000002
231,7,308.1493325539102,351.1493325539102,0.7900000000000004
231,4,305.72728515894556,348.27271484105444,0.7850000000000004
231,13,322.6272952899053,481.6272952899053,0.3250000000000001
231,15,326.1007124906552,490.1007124906552,0.24500000000000005
231,2,314.16695429800217,358.16695429800217,0.7350000000000004
231,10,268.77101911701465,310.22898088298535,0.9000000000000006
231,18,259.66977045122763,313.33022954877237,0.7500000000000004
232,5,348.849432218023,466.150567781977,0.6350000000000002
232,16,238.5,527.1097038856268,0.0
232,20,235.49999999999997,513.5412217550427,0.0
232,12,246.4133176669685,320.5866823330315,0.6500000000000004
232,8,243.4898776567711,530.5,0.0
232,17,246.35551413967468,528.5,0.0
232,1,195.04800845387575,421.95199154612425,0.9750000000000006
232,19,195.09106592199356,421.90893407800644,0.9600000000000006
232,6,235.85869700447054,514.8586970044706,0.0
232,11,305.99182408807644,346.99182408807644,0.7950000000000004
232,9,506.67866881511316,742.6786688151132,0.0
232,14,194.7355951703809,424.73559517038086,1.1400000000000008
232,3,315.026291762521,297.026291762521,0.4000000000000002
232,7,306.84207561489865,349.84207561489865,0.8000000000000004
232,4,305.9680241397737,346.9680241397737,0.7950000000000004
232,13,321.24334065116955,481.24334065116955,0.34000000000000014
232,15,325.04549594525395,489.04549594525395,0.25500000000000006
232,2,312.8851342221878,356.8851342221878,0.7500000000000004
232,10,267.36707827107773,311.5,0.9100000000000006
232,18,258.5,314.6584620987494,0.7500000000000004
233,5,347.32411741423704,466.67588258576296,0.6500000000000002
233,16,238.5,525.7597038856268,0.0
233,20,234.57455402792124,512.5745540279212,0.0
233,12,245.0487189113523,321.5,0.6500000000000004
233,8,242.24535504904605,530.2453550490461,0.0
233,17,245.1503456949631,528.8496543050369,0.0
233,1,194.5461501216338,420.5461501216338,0.9850000000000007
233,19,194.5113557094269,420.51135570942694,0.9700000000000006
233,6,235.49999999999997,513.657274168505,0.0
233,11,305.3891026449058,345.3891026449058,0.8050000000000004
233,9,505.7240746605113,743.2759253394887,0.0
233,14,193.54725474058156,423.4527452594184,1.1500000000000008
233,3,314.5,295.66447893914847,0.4000000000000002
233,7,305.52967104765264,348.52967104765264,0.8100000000000004
233,4,305.36530269660307,345.36530269660307,0.8050000000000004
233,13,320.1458284291185,480.1458284291185,0.3550000000000001
233,15,325.0138757607133,487.9861242392867,0.26500000000000007
233,2,311.5957355009161,355.5957355009161,0.7650000000000005
233,10,265.7427329120963,312.2572670879037,0.9200000000000006
233,18,257.81323708078537,316.18676291921463,0.7500000000000004
234,5,346.08440924792393,467.91559075207607,0.6650000000000003
234,16,237.72904422402536,524.7290442240253,0.0
234,20,233.61995987331935,513.3800401266806,0.0
234,12,243.3626880593965,321.63731194060347,0.6500000000000004
234,8,241.29076089444425,529.2907608944442,0.0
234,17,244.19575154036127,529.8042484596388,0.0
234,1,192.84187965075546,419.84187965075546,0.9950000000000007
234,19,192.81538083216398,419.81538083216395,0.9800000000000006
234,6,234.65661547645348,512.6566154764535,0.0
234,11,304.07411666728007,344.07411666728007,0.8150000000000004
234,9,504.7694805059094,744.2305194940906,0.0
234,14,194.8192071802619,422.1807928197381,1.1600000000000008
234,3,315.49920980276096,294.49920980276096,0.4000000000000002
234,7,306.21209858218884,347.21209858218884,0.8200000000000004
234,4,304.05031671897734,344.05031671897734,0.8150000000000004
234,13,319.95817273484636,479.04182726515364,0.3700000000000001
234,15,324.92048909376314,486.92048909376314,0.2800000000000001
234,2,311.0058201073167,354.0058201073167,0.7800000000000005
234,10,264.36695269312315,313.36695269312315,0.9300000000000006
234,18,256.2385237861575,316.7614762138425,0.7500000000000004
235,5,344.837371419016,467.837371419016,0.6800000000000003
235,16,238.22554993057653,523.7744500694234,0.0
235,20,232.66536571871757,512.6653657187176,0.0
235,12,242.13026647442396,322.130266474424,0.6500000000000004
235,8,240.26830478151732,528.5,0.0
235,17,243.13394126442086,530.5,0.0
235,1,192.5,417.9293686626874,1.0050000000000008
235,19,192.5,417.9539452657987,0.9900000000000007
235,6,233.70202132185162,513.2979786781484,0.0
235,11,302.7539526265328,342.7539526265328,0.8250000000000004
235,9,503.8148863513076,743.8148863513076,0.0
235,14,194.91964430966019,420.91964430966016,1.1700000000000008
235,3,314.38211543228766,293.38211543228766,0.4000000000000002
235,7,305.5,345.6363933318965,0.8300000000000004
235,4,302.73015267823007,342.73015267823007,0.8250000000000004
235,13,320.5,477.6957350415252,0.3850000000000001
235,15,323.84855347666235,485.84855347666235,0.2950000000000001
235,2,309.701129406036,352.701129406036,0.7950000000000004
235,10,262.78040921203416,312.5,0.9300000000000006
235,18,254.95670371034308,318.0432962896569,0.7500000000000004
236,5,343.2900673727315,467.7099326272685,0.6950000000000003
236,16,237.81985591482163,522.8198559148216,0.0
236,20,232.41787834530228,511.41787834530226,0.0
236,12,240.89784488945142,322.10215511054855,0.6500000000000004
236,8,239.0886793664271,528.0886793664271,0.0
236,17,241.99367001234413,529.9936700123442,0.0
236,1,193.5,416.28946004895016,1.0050000000000008
236,19,193.5,416.37608824381175,0.9900000000000007
236,6,232.74742716724978,512.7474271672497,0.0
236,11,301.5,341.39901119736965,0.8350000000000004
236,9,502.86029219670576,744.1397078032943,0.0
236,14,193.37631456091944,420.3763145609194,1.1800000000000008
236,3,313.1676895987458,292.5,0.4000000000000002
236,7,304.26847525845767,344.26847525845767,0.8400000000000004
236,4,301.5,341.36535298769616,0.8350000000000004
236,13,321.478688795295,476.521311204705,0.40000000000000013
236,15,322.77028013701505,484.77028013701505,0.3100000000000001
236,2,308.3913011816788,351.3913011816788,0.8050000000000004
236,10,261.32249903636335,313.32249903636335,0.9300000000000006
236,18,253.38199041571522,318.6180095842848,0.7500000000000004
237,5,342.02823995450916,468.02823995450916,0.7100000000000003
237,16,237.50000000000003,521.6023445727459,0.0
237,20,231.5367158092996,510.46328419070045,0.0
237,12,239.37253008566543,322.62746991433454,0.6500000000000004
237,8,238.5,526.9825183438904,0.0
237,17,241.03907585774232,529.0390758577423,0.0
237,1,192.60574883397524,414.6057488339752,1.0050000000000008
237,19,192.71088131931384,414.71088131931384,0.9900000000000007
237,6,232.49993979383447,511.49993979383447,0.0
237,11,301.5,339.51728491194103,0.8450000000000004
237,9,501.9056980421039,745.0943019578962,0.0
237,14,192.5,418.985932823637,1.1900000000000008
237,3,311.8550334725276,291.8550334725276,0.4000000000000002
237,7,302.93527667868966,342.93527667868966,0.8500000000000004
237,4,301.488422330143,339.488422330143,0.8450000000000004
237,13,320.35520166389193,475.5,0.41500000000000015
237,15,323.314368396391,483.685631603609,0.3250000000000001
237,2,307.07631520405306,350.07631520405306,0.8150000000000004
237,10,259.9467188173902,313.0532811826098,0.9300000000000006
237,18,252.1001703399008,319.1001703399008,0.7500000000000004
238,5,340.7589520956123,468.2410479043877,0.7250000000000003
238,16,237.50000000000003,520.2523445727459,0.0
238,20,232.49130996390144,509.5086900360986,0.0
238,12,237.99103656069713,323.5,0.6500000000000004
238,8,238.5,525.6325183438904,0.0
238,17,239.91236838916709,528.5,0.0
238,1,190.59542925910256,414.5,1.0050000000000008
238,19,190.8061606374647,414.5,0.9900000000000007
238,6,231.5453456392326,510.54534563923266,0.0
238,11,300.5,338.0423624539916,0.8550000000000004
238,9,500.95110388750203,746.0488961124979,0.0
238,14,192.6785690732919,417.3214309267081,1.2000000000000008
238,3,310.7379391020543,290.7379391020543,0.4000000000000002
238,7,301.5968283194433,341.5968283194433,0.8600000000000004
238,4,300.5,338.00870424431815,0.8550000000000004
238,13,318.974376036342,474.974376036342,0.43000000000000016
238,15,323.30167696487325,482.30167696487325,0.34000000000000014
238,2,305.7561511633058,348.7561511633058,0.8250000000000004
238,10,258.57093859841706,314.42906140158294,0.9300000000000006
238,18,250.53600169868295,318.5,0.7500000000000004
239,5,339.1892664680456,468.8107335319544,0.7400000000000003
239,16,237.50000000000003,518.9023445727458,0.0
239,20,231.55409588149672,508.5540958814968,0.0
239,12,236.6147936969069,324.38520630309307,0.6500000000000004
239,8,237.6391104649947,524.6391104649947,0.0
239,17,238.83699432972517,527.8369943297251,0.0
239,1,189.88500504387827,413.11499495612173,1.0050000000000008
239,19,189.69211835591958,413.30788164408045,0.9900000000000007
239,6,232.40924851536923,509.5907514846308,0.0
239,11,299.5424271730877,336.5424271730877,0.8650000000000004
239,9,499.7879572357446,746.5,0.0
239,14,193.5,415.92321112819656,1.2000000000000008
239,3,309.3279515127676,290.6720484872324,0.4000000000000002
239,7,301.5,339.73663055611394,0.8700000000000004
239,4,299.518627224785,336.518627224785,0.8650000000000004
239,13,318.5,473.5628715621744,0.4450000000000002
239,15,322.08162576707105,481.5,0.35500000000000015
239,2,306.43078866960917,347.43078866960917,0.8350000000000004
239,10,257.90226516063046,316.09773483936954,0.9300000000000006
239,18,249.24363696945855,319.7563630305415,0.7500000000000004
240,5,337.90492513946265,470.09507486053735,0.7550000000000003
240,16,237.50000000000003,517.5523445727458,0.0
240,20,231.69339149191853,507.30660850808147,0.0
240,12,235.38237211193436,325.6176278880656,0.6500000000000004
240,8,238.31548368960716,523.6845163103928,0.0
240,17,238.5,526.6265819515402,0.0
240,1,189.66251123600844,411.6625112360084,1.0050000000000008
240,19,189.89927502527718,411.8992750252772,0.9900000000000007
240,6,231.63615733002896,508.636157330029,0.0
240,11,300.09682786004197,334.90317213995803,0.8750000000000004
240,9,498.7490223594849,747.2509776405151,0.0
240,14,192.56997320934812,414.5699732093481,1.2000000000000008
240,3,308.2108571422943,291.7891428577057,0.4000000000000002
240,7,300.5,338.24305585767587,0.8800000000000004
240,4,300.12062780834464,334.87937219165536,0.8750000000000004
240,13,317.4007084353626,472.4007084353626,0.4600000000000002
240,15,320.8072703600439,480.8072703600439,0.3700000000000001
240,2,305.5,345.9346076748359,0.8450000000000004
240,10,256.23359172284387,316.76640827715613,0.9300000000000006
240,18,247.9618168936441,321.03818310635586,0.7500000000000004
241,5,336.6129902587431,471.3870097412569,0.7700000000000004
241,16,236.58241904774505,516.582419047745,0.0
241,20,232.3520143534797,506.3520143534796,0.0
241,12,234.00495528772785,326.5,0.6500000000000004
241,8,237.729922155791,522.729922155791,0.0
241,17,238.3420195828946,525.3420195828946,0.0
241,1,188.5,410.08991698026387,1.0050000000000008
241,19,188.5,410.4868031338769,0.9900000000000007
241,6,231.6113300433863,507.3886699566137,0.0
241,11,300.5,333.15863075794243,0.8850000000000005
241,9,497.50217079811773,747.5,0.0
241,14,190.8604894327561,414.5,1.2000000000000008
241,3,307.093762771821,292.906237228179,0.4000000000000002
241,7,299.67109777878835,336.67109777878835,0.8900000000000005
241,4,300.5,333.12497254826906,0.8850000000000005
241,13,316.74980234680237,471.25019765319763,0.4750000000000002
241,15,319.696741888882,479.696741888882,0.3850000000000001
241,2,304.47149314347837,344.47149314347837,0.8550000000000004
241,10,254.8578115038707,318.1421884961293,0.9300000000000006
241,18,246.67999681782973,320.6799968178297,0.7500000000000004
242,5,334.780836689232,471.5,0.7850000000000004
242,16,236.30924833358193,515.309248333582,0.01
242,20,231.39366126237803,505.39366126237803,0.01
242,12,232.61978277655288,327.3802172234471,0.6600000000000004
242,8,237.50000000000003,521.4012284791472,0.0
242,17,237.61257457170726,524.3874254282928,0.0
242,1,188.81578065815455,408.18421934184545,1.0150000000000006
242,19,188.5538793207408,408.4461206792592,1.0000000000000007
242,6,232.43031686551214,506.43031686551205,0.01
242,11,299.6060672601819,331.6060672601819,0.9000000000000005
242,9,496.5465422129871,748.4535586019125,0.0
242,14,189.52490825732718,413.4750917426728,1.2100000000000009
242,3,305.9722695824542,294.0277304175458,0.4100000000000002
242,7,300.0254469176867,334.9745530823133,0.9050000000000005
242,4,299.58226731187926,331.58226731187926,0.9000000000000005
242,13,317.5,469.9242518514682,0.4900000000000002
242,15,320.5,478.3615139452796,0.40000000000000013
242,2,303.1277743325261,343.1277743325261,0.8700000000000004
242,10,253.11169737435506,318.88830262564494,0.9400000000000006
242,18,245.11703486977555,321.5,0.7600000000000005
243,5,333.0984313695369,471.9015686304631,0.8000000000000004
243,16,235.49999999999997,514.2837971579772,0.02
243,20,230.43153443308998,504.4315344330899,0.02
243,12,231.37763618872842,328.62236381127155,0.6700000000000004
243,8,237.18267061440162,520.1826706144016,0.0
243,17,238.4328312736909,523.4328312736909,0.0
243,1,188.7565374108356,406.7565374108356,1.0250000000000008
243,19,188.9998833743013,406.9998833743013,1.0100000000000007
243,6,231.468190036224,505.468190036224,0.02
243,11,298.9454801888037,329.9454801888037,0.9150000000000005
243,9,495.5918976782619,749.408102321738,0.0
243,14,190.26661410046594,412.266614100466,1.2200000000000009
243,3,304.57561380463403,294.5,0.4200000000000002
243,7,300.5,333.2331037479436,0.9200000000000005
243,4,298.9216802405011,329.9216802405011,0.9150000000000005
243,13,316.635835778777,468.635835778777,0.5050000000000002
243,15,321.0145167372775,476.9854832627225,0.41500000000000015
243,2,301.7761109054341,341.7761109054341,0.8850000000000005
243,10,251.7250609137222,318.7250609137222,0.9500000000000006
243,18,243.3514814411138,321.64851855888617,0.7700000000000005
244,5,331.7834453919112,473.2165546080888,0.8150000000000004
244,16,235.08831285803404,513.0883128580341,0.03
244,20,229.46561900564356,503.4656190056436,0.03
244,12,229.97758719049529,329.5,0.6800000000000004
244,8,236.5,519.1101261025423,0.01
244,17,237.50000000000003,522.4692226386594,0.0
244,1,187.34107547941124,405.34107547941124,1.0350000000000006
244,19,187.56604666295613,405.5660466629561,1.0200000000000005
244,6,230.50227460877767,504.50227460877755,0.03
244,11,297.2768067510171,329.2768067510171,0.9300000000000005
244,9,494.6373035236601,748.6373035236601,0.0
244,14,189.0684112097707,411.0684112097707,1.2300000000000009
244,3,303.42312417453,295.42312417453,0.4300000000000002
244,7,299.63989634654166,331.63989634654166,0.9350000000000005
244,4,297.2530068027145,329.2530068027145,0.9300000000000005
244,13,315.5,467.4502157676171,0.5200000000000002
244,15,320.85514040324443,475.85514040324443,0.43000000000000016
244,2,301.5,339.9676372247415,0.9000000000000005
244,10,250.04007103071328,318.95992896928675,0.9600000000000006
244,18,242.05445926632788,322.0544592663279,0.7800000000000005
245,5,331.167791459615,474.832208540385,0.8300000000000004
245,16,234.11859391394304,512.8814060860569,0.04
245,20,228.49999999999997,502.49420181144274,0.04
245,12,228.58575681061626,328.58575681061626,0.6900000000000004
245,8,235.96929747519846,517.9692974751985,0.02
245,17,237.50000000000003,521.1192226386594,0.0
245,1,185.93771604575693,403.93771604575693,1.0450000000000008
245,19,186.14448956189386,404.14448956189386,1.0300000000000007
245,6,229.53255566468658,503.5325556646866,0.04
245,11,295.89289235572426,327.89289235572426,0.9450000000000005
245,9,493.6827093690583,747.6827093690582,0.0
245,14,188.5,409.6237530975808,1.2400000000000009
245,3,302.20065387791493,294.5,0.4400000000000002
245,7,298.96036666709534,329.96036666709534,0.9500000000000005
245,4,295.86909240742165,327.86909240742165,0.9450000000000005
245,13,314.9939418061097,465.9939418061097,0.5350000000000003
245,15,319.4252212748597,475.4252212748597,0.4450000000000002
245,2,300.5,338.4476395916432,0.9150000000000005
245,10,248.64249266213375,320.35750733786625,0.9700000000000006
245,18,240.75232976507203,322.2476702349279,0.7900000000000005
246,5,329.56267345359583,475.5,0.8450000000000004
246,16,233.14505647597596,513.1450564759759,0.05
246,20,228.49999999999997,501.1174119631917,0.05
246,12,227.328878642501,329.67112135749903,0.7000000000000004
246,8,235.00338204775207,517.0033820477521,0.03
246,17,236.98326237225845,519.9832623722584,0.0
246,1,185.25345062742485,402.25345062742485,1.0550000000000006
246,19,185.44220020686848,402.44220020686845,1.0400000000000005
246,6,228.55901822671947,502.5590182267195,0.05
246,11,296.49920430847123,326.50079569152877,0.9600000000000005
246,9,492.43522199564296,747.5647780043571,0.0
246,14,188.88328820731314,408.1167117926869,1.2500000000000009
246,3,300.5894935943623,294.5,0.45000000000000023
246,7,297.2726386247808,329.2726386247808,0.9650000000000005
246,4,296.52300425677385,326.47699574322615,0.9600000000000005
246,13,313.8090150041627,464.8090150041627,0.5500000000000003
246,15,318.5,474.19095587321584,0.4600000000000002
246,2,299.7943021623986,336.7943021623986,0.9300000000000005
246,10,247.23941100368424,321.23941100368427,0.9800000000000006
246,18,239.15217960724704,322.84782039275296,0.8000000000000005
247,5,328.08403519378675,476.5,0.8600000000000004
247,16,232.50000000000003,512.0300363383345,0.060000000000000005
247,20,227.95920521790765,499.9592052179077,0.060000000000000005
247,12,226.0670512242786,330.9329487757214,0.7100000000000004
247,8,234.5,515.8405000365625,0.04
247,17,236.5,518.8281202620544,0.01
247,1,185.12604742675802,400.873952573242,1.0650000000000008
247,19,184.95515133914722,401.0448486608528,1.0500000000000007
247,6,228.49999999999997,501.20125309816666,0.060000000000000005
247,11,297.1004683815045,325.1004683815045,0.9750000000000005
247,9,491.4806278410411,748.519372158959,0.0
247,14,188.94883928698576,406.94883928698573,1.260000000000001
247,3,299.1266398360382,294.8733601639618,0.46000000000000024
247,7,295.86955696633134,327.86955696633134,0.9800000000000005
247,4,297.0766684332019,325.0766684332019,0.9750000000000005
247,13,313.3241892106778,463.3241892106778,0.5650000000000003
247,15,317.83806880128657,472.83806880128657,0.4750000000000002
247,2,299.8825054517077,335.1174945482923,0.9450000000000005
247,10,245.830804384881,321.169195615119,0.9900000000000007
247,18,237.56630090735226,323.5,0.8100000000000005
248,5,326.566613431662,477.433386568338,0.8750000000000004
248,16,231.89357269556066,510.8935726955607,0.07
248,20,228.0220143756433,498.97798562435673,0.07
248,12,224.51041122572738,331.5,0.7200000000000004
248,8,233.7672324468805,514.7672324468805,0.05
248,17,235.7698892330553,517.7698892330553,0.02
248,1,184.5062176894508,399.5062176894508,1.0750000000000006
248,19,184.65942753658385,399.65942753658385,1.0600000000000005
248,6,228.01464122749073,500.01464122749076,0.07
248,11,296.3989685438878,323.3989685438878,0.9900000000000005
248,9,490.5260336864392,749.4739663135607,0.0
248,14,187.79091663602867,405.79091663602867,1.270000000000001
248,3,297.9783875878238,296.0216124121762,0.47000000000000025
248,7,296.54182028573354,326.45817971426646,0.9950000000000006
248,4,296.3751685955852,323.3751685955852,0.9900000000000005
248,13,312.1252094422832,462.1252094422832,0.5800000000000003
248,15,316.6807557280065,471.6807557280065,0.4900000000000002
248,2,300.5,333.40454718224686,0.9600000000000005
248,10,243.9048280475912,321.5,1.0000000000000007
248,18,236.2293093557238,324.7706906442762,0.8200000000000005
249,5,324.9193981558739,476.9193981558739,0.8900000000000005
249,16,232.09151067834838,509.90848932165164,0.08
249,20,228.49999999999997,497.78285548513423,0.08
249,12,222.94268416785036,330.94268416785036,0.7300000000000004
249,8,233.49696826001616,513.4969682600162,0.060000000000000005
249,17,234.80397380560893,516.803973805609,0.03
249,1,185.15013705624335,398.15013705624335,1.0850000000000009
249,19,185.28582480966833,398.2858248096683,1.0700000000000007
249,6,227.97044214641832,499.0295578535817,0.08
249,11,294.70833350691294,322.5,1.0000000000000007
249,9,489.2785463130239,749.7214536869761,0.0
249,14,186.64286580093594,404.64286580093597,1.280000000000001
249,3,296.54627393115567,296.5,0.48000000000000026
249,7,297.0119424093086,325.0119424093086,1.0100000000000007
249,4,294.6746752972396,322.5,1.0000000000000007
249,13,311.5,460.67854106171023,0.5950000000000003
249,15,317.4833998543206,470.5166001456794,0.5050000000000002
249,2,299.7392841364457,331.7392841364457,0.9750000000000005
249,10,242.34001935270834,322.3400193527084,1.0100000000000007
249,18,234.90654864224103,326.09345135775897,0.8300000000000005
250,5,323.26417557321145,476.73582442678855,0.9050000000000005
250,16,231.91952695285073,508.91952695285073,0.09
250,20,228.49999999999997,496.38425149049937,0.09
250,12,221.3729985402837,330.6270014597163,0.7400000000000004
250,8,232.5157486664652,512.5157486664652,0.07
250,17,234.5,515.5584941960747,0.04
250,1,184.5,396.51797540895853,1.0950000000000006
250,19,184.5,396.6853147567045,1.0800000000000005
250,6,228.49999999999997,497.8503039039615,0.09
250,11,293.2010767305286,321.2010767305286,1.0100000000000007
250,9,488.5,750.748969245186,0.0
250,14,185.50460995745937,403.50460995745937,1.290000000000001
250,3,295.0825143184188,296.9174856815812,0.49000000000000027
250,7,296.2913672594853,323.2913672594853,1.0250000000000006
250,4,293.17727678222604,321.17727678222604,1.0100000000000007
250,13,310.5,459.37703157891536,0.6100000000000003
250,15,317.05266837977484,469.05266837977484,0.5200000000000002
250,2,299.03778429882897,330.03778429882897,0.9900000000000005
250,10,240.90618264136316,322.0938173586368,1.0200000000000007
250,18,233.2856860319926,326.7143139680074,0.8400000000000005
251,5,321.89379156000916,476.89379156000916,0.9200000000000005
251,16,231.5,507.6891893833566,0.09999999999999999
251,20,228.1324035870691,495.13240358706906,0.09999999999999999
251,12,219.92183903986228,331.5,0.7500000000000004
251,8,232.23777207374275,511.23777207374275,0.08
251,17,233.56782420473735,514.5678242047373,0.05
251,1,183.88672636306782,394.8867263630678,1.1050000000000009
251,19,183.98785037616875,394.98785037616875,1.0900000000000007
251,6,228.49999999999997,496.44619258081553,0.09999999999999999
251,11,292.52565319963,319.47434680037,1.0200000000000007
251,9,488.0764647850068,751.9235352149932,0.0
251,14,185.0831802490299,402.0831802490299,1.300000000000001
251,3,293.92064405574905,298.07935594425095,0.5000000000000002
251,7,294.617396850739,322.5,1.0350000000000006
251,4,292.5494531479326,319.4505468520674,1.0200000000000007
251,13,311.1002173550174,457.8997826449826,0.6250000000000002
251,15,315.8747061730121,467.8747061730121,0.5350000000000003
251,2,297.2924073599022,329.2924073599022,1.0050000000000006
251,10,239.19173232148745,322.80826767851255,1.0300000000000007
251,18,231.9524874522246,328.0475125477754,0.8500000000000005
252,5,320.5153052750666,475.5153052750666,0.9350000000000005
252,16,232.362989146165,506.63701085383497,0.10999999999999999
252,20,227.1356373450041,494.1356373450041,0.10999999999999999
252,12,218.51141770517188,332.4885822948281,0.7600000000000005
252,8,231.7511902950582,510.24880970494183,0.09
252,17,233.29756001787302,513.297560017873,0.060000000000000005
252,1,182.5649746778981,393.5649746778981,1.1150000000000007
252,19,182.64905125111213,393.64905125111216,1.1000000000000005
252,6,228.1722929481381,495.1722929481381,0.10999999999999999
252,11,293.0527896993077,318.0527896993077,1.0300000000000007
252,9,487.12187063040494,752.1218706304049,0.0
252,14,185.03571136526455,400.96428863473545,1.310000000000001
252,3,292.75419865869645,299.24580134130355,0.5100000000000002
252,7,293.17965267559316,321.17965267559316,1.0450000000000006
252,4,293.02898975100516,318.02898975100516,1.0300000000000007
252,13,310.6721949719804,456.6721949719804,0.6400000000000002
252,15,315.3968861522516,466.3968861522516,0.5500000000000003
252,2,295.858570648557,327.858570648557,1.0200000000000007
252,10,237.48944296646206,323.51055703353796,1.0400000000000007
252,18,230.6140390929783,329.38596090702174,0.8600000000000005
253,5,318.8357755956203,474.8357755956203,0.9500000000000005
253,16,231.63631961286765,505.6363196128676,0.11999999999999998
253,20,226.13494610403677,493.1349461040367,0.11999999999999998
253,12,216.92658960563884,333.07341039436113,0.7700000000000005
253,8,232.25595306680452,509.2559530668045,0.09999999999999999
253,17,232.50000000000003,512.2402661372165,0.07
253,1,181.25446101444427,392.2544610144443,1.1250000000000009
253,19,181.32164270217078,392.3216427021708,1.1100000000000008
253,6,227.17160170717074,494.17160170717074,0.11999999999999998
253,11,291.6433935630958,316.6433935630958,1.0400000000000007
253,9,486.1672764758031,751.8327235241969,0.0
253,14,184.8549685499934,399.85496854999343,1.320000000000001
253,3,291.58316011160537,298.58316011160537,0.5200000000000002
253,7,292.5046127427389,319.4953872572611,1.0550000000000006
253,4,291.61959361479325,316.61959361479325,1.0400000000000007
253,13,311.4373492977056,455.4373492977056,0.6550000000000002
253,15,314.20495357758017,465.20495357758017,0.5650000000000003
253,2,296.55689128286735,326.44310871713265,1.0350000000000006
253,10,236.09209142044634,324.90790857955363,1.0500000000000007
253,18,228.97742706321253,328.97742706321253,0.8700000000000006
254,5,318.1480475533058,473.1480475533058,0.9650000000000005
254,16,230.63168791740188,504.6316879174018,0.12999999999999998
254,20,225.13031440857097,492.13031440857094,0.12999999999999998
254,12,215.62956743085292,334.37043256914706,0.7800000000000005
254,8,231.5,508.15943874154857,0.10999999999999999
254,17,232.03836383159953,511.03836383159955,0.08
254,1,179.95508591988286,390.95508591988283,1.1350000000000007
254,19,180.00552257033561,391.00552257033564,1.1200000000000006
254,6,226.16697001170496,493.1669700117049,0.12999999999999998
254,11,290.5,315.1408491762818,1.0500000000000007
254,9,485.2126823212012,752.2126823212012,0.0
254,14,185.24485224384347,398.75514775615653,1.330000000000001
254,3,290.4075103278792,299.5924896721208,0.5300000000000002
254,7,293.1158892030782,318.1158892030782,1.0650000000000006
254,4,290.5,315.1071909666085,1.0500000000000007
254,13,310.0689515385394,454.5,0.6700000000000003
254,15,313.5,463.8013414607828,0.5800000000000003
254,2,297.045757171117,325.045757171117,1.0500000000000007
254,10,234.7066702961774,326.29332970382256,1.0600000000000007
254,18,227.62841704692488,329.3715829530751,0.8800000000000006
255,5,316.7449658948563,471.7449658948563,0.9800000000000005
255,16,229.62310025098157,503.62310025098157,0.13999999999999999
255,20,224.12172674215068,491.12172674215066,0.13999999999999999
255,12,214.03454471078365,334.9654552892164,0.7900000000000005
255,8,232.03439763504124,506.9656023649587,0.11999999999999998
255,17,231.9505985372014,510.04940146279864,0.09
255,1,180.33324831378948,389.66675168621055,1.145000000000001
255,19,180.29940948720602,389.70059051279395,1.1300000000000008
255,6,225.15838234528468,492.1583823452846,0.13999999999999999
255,11,289.5677276739977,313.5677276739977,1.0600000000000007
255,9,484.2580881665994,751.7419118334006,0.0
255,14,184.66475509681973,397.6647550968197,1.340000000000001
255,3,289.5,300.8857534074853,0.5400000000000003
255,7,291.74815431928704,316.74815431928704,1.0750000000000006
255,4,289.54392772569514,313.54392772569514,1.0600000000000007
255,13,308.65281882370147,453.65281882370147,0.6850000000000003
255,15,312.507011962358,462.507011962358,0.5950000000000003
255,2,296.37336589812065,323.37336589812065,1.0650000000000006
255,10,233.04017435044844,326.95982564955153,1.0700000000000007
255,18,226.27409498995027,330.72590501004976,0.8900000000000006
256,5,317.5,470.26465880170275,0.9950000000000006
256,16,228.6105410360511,502.61054103605113,0.15
256,20,223.89282410777764,490.10717589222236,0.155
256,12,213.43439455295862,336.5656054470414,0.8000000000000005
256,8,231.96097066949298,505.96097066949295,0.12999999999999998
256,17,232.05654482466133,509.05654482466133,0.09999999999999999
256,1,179.38936230472606,388.3893623047261,1.1550000000000007
256,19,179.40674795492302,388.406747954923,1.1400000000000006
256,6,224.14582313035422,491.1458231303542,0.15
256,11,288.8058750529178,312.1941249470822,1.0700000000000007
256,9,483.2220985666794,752.5,0.0
256,14,184.5,396.20418506695415,1.350000000000001
256,3,288.74941112894084,302.25058887105916,0.5500000000000003
256,7,290.5,315.3473691431168,1.0850000000000006
256,4,288.8296750012204,312.1703249987796,1.0700000000000007
256,13,308.1030474367727,452.1030474367727,0.7000000000000003
256,15,311.5,461.20840692947064,0.6100000000000002
256,2,294.8008566756481,322.5,1.0750000000000006
256,10,231.67828008071328,328.32171991928675,1.0800000000000007
256,18,224.67189307091016,331.5,0.9000000000000006
257,5,316.5944581190201,468.5944581190201,1.0100000000000007
257,16,228.49999999999997,501.2187149234163,0.16
257,20,224.08662660200193,489.08662660200196,0.17
257,12,212.12198998571264,337.8780100142874,0.8100000000000005
257,8,230.95238300307273,504.95238300307267,0.13999999999999999
257,17,231.5,507.8774329010607,0.10999999999999999
257,1,178.8771765779183,387.1228234220817,1.165000000000001
257,19,178.87610195603943,387.12389804396054,1.1500000000000008
257,6,223.87272274950627,490.12727725049376,0.165
257,11,288.832230677347,310.832230677347,1.0800000000000007
257,9,482.05600663858223,752.9439933614177,0.0
257,14,183.9261883854849,394.92618838548486,1.360000000000001
257,3,287.5598184021252,301.5598184021252,0.5600000000000003
257,7,289.7546471634054,313.7546471634054,1.0950000000000006
257,4,288.80843072904446,310.80843072904446,1.0800000000000007
257,13,306.8387380899773,450.8387380899773,0.7150000000000003
257,15,310.78054701188506,459.78054701188506,0.6250000000000002
257,2,293.3566571623086,321.3566571623086,1.0850000000000006
257,10,230.25673596972786,329.5,1.0900000000000007
257,18,222.96364456436345,330.96364456436345,0.9100000000000006
258,5,315.5,467.0287503657784,1.0250000000000006
258,16,227.9876589058672,499.98765890586725,0.17
258,20,223.06004340625282,488.0600434062528,0.185
258,12,210.5162978233868,338.5,0.8200000000000005
258,8,229.93982378814226,503.93982378814223,0.15
258,17,232.23380587718444,506.76619412281553,0.11999999999999998
258,1,178.86704229783706,385.86704229783703,1.1750000000000007
258,19,178.85194560428022,385.8519456042802,1.1600000000000006
258,6,224.10270931008745,489.10270931008745,0.18000000000000002
258,11,287.48193695120955,309.48193695120955,1.0900000000000007
258,9,481.1014124839804,753.8985875160196,0.0
258,14,182.86366365579465,393.86366365579465,1.370000000000001
258,3,286.3098467921665,302.5,0.5700000000000003
258,7,288.57844378828247,312.42155621171753,1.1050000000000006
258,4,287.458137002907,309.458137002907,1.0900000000000007
258,13,306.5,449.18047316685966,0.7300000000000003
258,15,310.7399338799306,458.2600661200694,0.6400000000000002
258,2,292.5,319.81003894385873,1.0950000000000006
258,10,228.6962940107057,328.69629401070574,1.1000000000000008
258,18,221.30036733234775,330.6996326676523,0.9200000000000006
259,5,314.46448683298485,465.46448683298485,1.0400000000000007
259,16,228.0369090345391,498.96309096546094,0.18000000000000002
259,20,222.97260936994664,487.0273906300534,0.2
259,12,209.18876358795262,337.8112364120474,0.8300000000000005
259,8,228.92327738580568,502.9232773858057,0.16
259,17,231.7615624273498,505.76156242734976,0.12999999999999998
259,1,178.5,384.25821833433076,1.185000000000001
259,19,178.5,384.21419291967186,1.1700000000000008
259,6,223.07208370424607,488.0720837042461,0.195
259,11,286.85686217384705,308.14313782615295,1.1000000000000008
259,9,480.1468183293786,754.8531816706214,0.0
259,14,181.81029278514677,392.81029278514677,1.380000000000001
259,3,284.8736683900686,303.1263316099314,0.5800000000000003
259,7,289.0998045265478,311.0998045265478,1.1150000000000007
259,4,286.8806621221496,308.1193378778504,1.1000000000000008
259,13,307.29813658174123,447.70186341825877,0.7450000000000003
259,15,311.0252204457946,457.0252204457946,0.6550000000000002
259,2,293.3861396879465,318.3861396879465,1.1050000000000006
259,10,227.36888546176436,329.63111453823564,1.1100000000000008
259,18,219.68624329177007,331.5,0.9300000000000006
260,5,313.5,463.89629292506936,1.0550000000000006
260,16,228.49999999999997,497.70024603843837,0.19000000000000003
260,20,223.5,485.77681698712513,0.21500000000000002
260,12,207.5960264835677,338.5,0.8400000000000005
260,8,228.49999999999997,501.65532997235226,0.17
260,17,230.75297476092953,504.7529747609295,0.13999999999999999
260,1,177.80160374503177,382.80160374503174,1.1950000000000007
260,19,177.7545741266481,382.7545741266481,1.1800000000000006
260,6,222.96463538243026,487.0353646175697,0.21000000000000002
260,11,287.5,306.5322950634978,1.1100000000000008
260,9,479.19222417477675,755.8077758252233,0.0
260,14,180.76600968011985,391.76600968011985,1.390000000000001
260,3,283.6699673599816,302.6699673599816,0.5900000000000003
260,7,287.789290863094,309.789290863094,1.1250000000000007
260,4,287.4990361100956,306.4990361100956,1.1100000000000008
260,13,307.12210265896135,446.12210265896135,0.7600000000000003
260,15,311.2169261420298,455.7830738579702,0.6700000000000003
260,2,292.0643880027768,317.0643880027768,1.1150000000000007
260,10,226.0527653299292,330.94723467007077,1.1200000000000008
260,18,218.1471483718774,332.5,0.9400000000000006
261,5,312.40661868773725,462.40661868773725,1.0700000000000007
261,16,228.49999999999997,496.2398544771149,0.20000000000000004
261,20,222.6508393619328,484.6508393619328,0.23000000000000004
261,12,206.1248125330963,337.5,0.8500000000000005
261,8,228.292373717552,500.29237371755204,0.18000000000000002
261,17,229.74041554599907,503.74041554599904,0.15
261,1,177.28466175671184,381.28466175671184,1.205000000000001
261,19,177.2218659605235,381.22186596052353,1.1900000000000008
261,6,223.5,485.7823092769026,0.22500000000000003
261,11,286.206715926563,305.206715926563,1.1200000000000008
261,9,478.12895281617176,756.5,0.0
261,14,179.73074919488064,390.7307491948806,1.400000000000001
261,3,282.5,303.5544097778261,0.6000000000000003
261,7,286.51008423146743,308.48991576853257,1.1350000000000007
261,4,286.18291597826044,305.18291597826044,1.1200000000000008
261,13,306.5,444.54912046164975,0.7750000000000004
261,15,310.5335831906039,454.5335831906039,0.6850000000000003
261,2,290.753874339323,315.753874339323,1.1250000000000007
261,10,224.4362756126447,331.5,1.1300000000000008
261,18,216.57096654155546,333.42903345844456,0.9500000000000006
262,5,311.5,460.8643648209454,1.0850000000000006
262,16,227.98643703118282,494.9864370311828,0.21000000000000005
262,20,222.30686846054903,483.306868460549,0.24500000000000005
262,12,204.60336081987643,338.3966391801236,0.8600000000000005
262,8,227.73622869740993,499.2637713025901,0.19000000000000003
262,17,228.72386914366248,502.7238691436625,0.16
262,1,176.5,379.89332375490807,1.2150000000000007
262,19,176.5,379.78240500268106,1.2000000000000006
262,6,222.6506084612704,484.6506084612704,0.24000000000000005
262,11,284.90178386902136,303.90178386902136,1.1300000000000008
262,9,476.9901426467596,755.9901426467596,0.0
262,14,180.29555288904942,389.7044471109506,1.410000000000001
262,3,281.95543385844655,305.04456614155345,0.6100000000000003
262,7,287.5,307.0779725593368,1.1450000000000007
262,4,284.8779839207188,303.8779839207188,1.1300000000000008
262,13,305.5,443.12184482338074,0.7900000000000004
262,15,308.98381180367517,453.98381180367517,0.7000000000000003
262,2,290.16160602594806,314.16160602594806,1.1350000000000007
262,10,222.86820427688968,330.8682042768897,1.1400000000000008
262,18,215.04585342527594,334.5,0.9600000000000006
263,5,310.5,459.3852305033702,1.1000000000000008
263,16,226.94563562198633,493.9456356219863,0.22000000000000006
263,20,221.24957637608676,482.24957637608674,0.26000000000000006
263,12,202.96674879011067,339.03325120988933,0.8700000000000006
263,8,228.49999999999997,498.11974417335074,0.20000000000000004
263,17,228.49999999999997,501.3733241318644,0.17
263,1,175.5747921123156,378.5747921123156,1.225000000000001
263,19,175.5,378.47292280515757,1.2100000000000009
263,6,222.30249869705565,483.3024986970557,0.25500000000000006
263,11,283.6079413111504,302.6079413111504,1.1400000000000008
263,9,475.8431663785449,755.5,0.0
263,14,179.6870401175442,388.6870401175442,1.420000000000001
263,3,280.7374572037717,304.7374572037717,0.6200000000000003
263,7,286.6312989345623,305.6312989345623,1.1550000000000007
263,4,283.58414136284784,302.58414136284784,1.1400000000000008
263,13,304.629882467101,441.629882467101,0.8050000000000004
263,15,308.4266092380663,452.4266092380663,0.7150000000000003
263,2,288.8732717922757,312.8732717922757,1.1450000000000007
263,10,221.29246114711378,330.7075388528862,1.1500000000000008
263,18,213.5,335.5164072956754,0.9700000000000006
264,5,311.19579919332347,457.80420080667653,1.1150000000000007
264,16,225.90073581517532,492.9007358151753,0.23000000000000007
264,20,220.1860331476425,481.1860331476425,0.2750000000000001
264,12,201.61773877382302,340.382261226177,0.8800000000000006
264,8,228.49999999999997,496.653601980602,0.21000000000000005
264,17,228.09296547540885,500.0929654754089,0.18000000000000002
264,1,175.08880209528846,377.0888020952885,1.2350000000000008
264,19,174.9794826708911,376.9794826708911,1.2200000000000006
264,6,221.24104327910968,482.2410432791097,0.2700000000000001
264,11,282.5,303.7473581140299,1.1500000000000008
264,9,474.78806111874246,756.2119388812575,0.0
264,14,178.67846579245943,387.6784657924594,1.430000000000001
264,3,279.10655343228353,304.5,0.6300000000000003
264,7,285.3647600519179,304.3647600519179,1.1650000000000007
264,4,282.5,303.78101632370317,1.1500000000000008
264,13,303.5,440.2345662587936,0.8200000000000004
264,15,307.15482477641785,451.15482477641785,0.7300000000000003
264,2,289.40411758920874,311.59588241079126,1.1550000000000007
264,10,219.82189691101257,331.5,1.1600000000000008
264,18,212.79242341270407,337.20757658729593,0.9800000000000006
265,5,310.5007312508651,456.4992687491349,1.1300000000000008
265,16,224.85172147235602,491.851721472356,0.24000000000000007
265,20,219.5,479.95722740282014,0.2900000000000001
265,12,200.2634167168484,339.7365832831516,0.8900000000000006
265,8,228.27491837407743,495.2749183740774,0.22000000000000006
265,17,227.93563693955306,499.06436306044696,0.19000000000000003
265,1,173.90585575588193,375.90585575588193,1.245000000000001
265,19,173.78127978019583,375.78127978019586,1.2300000000000009
265,6,220.1733121018484,481.1733121018484,0.2850000000000001
265,11,281.7602457416942,305.2397542583058,1.1600000000000008
265,9,473.8334669641406,757.1665330358594,0.0
265,14,179.32133741649926,386.67866258350074,1.440000000000001
265,3,277.70131037211746,305.29868962788254,0.6400000000000003
265,7,284.10897892767326,303.10897892767326,1.1750000000000007
265,4,281.73644579339157,305.26355420660843,1.1600000000000008
265,13,302.69405428912717,438.69405428912717,0.8350000000000004
265,15,306.5,449.61685333440386,0.7450000000000003
265,2,288.32934352814686,310.32934352814686,1.1650000000000007
265,10,218.45257714626686,332.5,1.1700000000000008
265,18,211.33569213421455,338.5,0.9900000000000007
266,5,311.21093451546255,455.21093451546255,1.1450000000000007
266,16,223.79650492695475,490.79650492695475,0.25500000000000006
266,20,218.74715198417843,478.74715198417846,0.30500000000000005
266,12,198.90376170179115,341.09623829820885,0.9000000000000006
266,8,227.23001856726643,494.2300185672664,0.23000000000000007
266,17,228.49999999999997,497.83773833286295,0.20000000000000004
266,1,172.73297867074243,374.7329786707424,1.2550000000000008
266,19,172.5932684437308,374.59326844373084,1.2400000000000007
266,6,219.5,479.93327945615795,0.30000000000000004
266,11,280.49872329270806,304.5,1.1700000000000008
266,9,472.87887280953873,758.1211271904613,0.0
266,14,178.68756979041635,385.6875697904163,1.450000000000001
266,3,276.4688887871449,306.5311112128551,0.6500000000000004
266,7,282.8638643932884,303.1361356067116,1.1850000000000007
266,4,280.46506508303474,304.5,1.1700000000000008
266,13,301.36085570935916,437.36085570935916,0.8500000000000004
266,15,306.9971329741362,448.0028670258638,0.7600000000000003
266,2,287.0735624039022,309.0735624039022,1.1750000000000007
266,10,216.92313722980134,333.07686277019866,1.1800000000000008
266,18,209.63216228549953,337.63216228549953,1.0000000000000007
267,5,309.7066008428368,454.5,1.1600000000000008
267,16,224.26495049099123,489.7350495090088,0.2700000000000001
267,20,217.66463269247544,477.66463269247544,0.32000000000000006
267,12,197.5387527288885,342.46124727111146,0.9100000000000006
267,8,226.18100422444712,493.1810042244471,0.24000000000000007
267,17,228.49999999999997,496.3715961401142,0.21000000000000005
267,1,173.4299090756888,373.5700909243112,1.265000000000001
267,19,173.41536680073892,373.4153668007389,1.2500000000000009
267,6,218.72598061174622,478.72598061174625,0.31500000000000006
267,11,278.73033899319813,304.5,1.1800000000000008
267,9,471.68580706566405,758.5,0.0
267,14,178.5,384.3758805970803,1.460000000000001
267,3,275.2316142555494,307.2316142555494,0.6600000000000004
267,7,282.3364335936815,304.6635664063185,1.1950000000000007
267,4,278.6966807835248,304.5,1.1800000000000008
267,13,300.5,435.8208588866511,0.8650000000000004
267,15,307.41549777843,446.41549777843,0.7750000000000004
267,2,287.17155213048267,307.82844786951733,1.1850000000000007
267,10,215.68332228249022,334.3166777175098,1.1900000000000008
267,18,208.0558308478794,338.5,1.0100000000000007
268,5,308.5,453.34487170793096,1.1750000000000007
268,16,223.66731833174748,488.6673183317475,0.2850000000000001
268,20,217.5,476.19286093502944,0.3350000000000001
268,12,195.8754754968728,343.1245245031272,0.9200000000000006
268,8,225.12785914367703,492.12785914367703,0.25000000000000006
268,17,228.0755101319343,495.07551013193427,0.22000000000000006
268,1,172.58288614043803,372.41711385956194,1.2750000000000008
268,19,172.7525057049622,372.2474942950378,1.2600000000000007
268,6,217.63919864856373,477.63919864856376,0.33000000000000007
268,11,277.42305931675094,305.57694068324906,1.1900000000000008
268,9,470.38389806270817,758.3838980627081,0.0
268,14,178.14549036803814,383.14549036803817,1.470000000000001
268,3,273.98946766772497,307.01053233227503,0.6700000000000004
268,7,281.112384824175,305.112384824175,1.2050000000000007
268,4,277.3992593684483,305.6007406315517,1.1900000000000008
268,13,299.5,434.327284188213,0.8800000000000004
268,15,306.5,444.953220173936,0.7900000000000004
268,2,287.3010170699104,306.3010170699104,1.1950000000000007
268,10,214.1611468144035,334.8388531855965,1.2000000000000008
268,18,206.4422930868397,337.5,1.0200000000000007
269,5,307.8575995665995,451.8575995665995,1.1900000000000008
269,16,222.59327429031063,487.5932742903106,0.3000000000000001
269,20,217.5,474.64379118041575,0.3500000000000001
269,12,194.2068020590862,343.7931979409138,0.9300000000000006
269,8,224.07056705921477,491.07056705921474,0.26000000000000006
269,17,227.0306103251233,494.0306103251233,0.23000000000000007
269,1,173.2739700485033,371.2739700485033,1.285000000000001
269,19,173.08957164408073,371.0895716440807,1.270000000000001
269,6,217.5,476.15082779542143,0.3450000000000001
269,11,276.1937770674777,306.8062229325223,1.2000000000000008
269,9,469.4293039081063,757.5706960918938,0.0
269,14,177.5,382.0476961491021,1.480000000000001
269,3,272.42863400360585,307.5,0.6800000000000004
269,7,279.64968738043046,304.5,1.2150000000000007
269,4,276.1699771191751,306.8300228808249,1.2000000000000008
269,13,298.7279923432527,432.7279923432527,0.8950000000000005
269,15,305.51064683400347,443.51064683400347,0.8050000000000004
269,2,286.07696830040396,305.07696830040396,1.2050000000000007
269,10,213.5,336.2886929682474,1.2100000000000009
269,18,204.74474473050728,338.2552552694927,1.0300000000000007
270,5,306.63355079709305,450.63355079709305,1.2050000000000007
270,16,223.48711993954126,486.51288006045877,0.3150000000000001
270,20,218.49984178706603,473.49984178706603,0.3650000000000001
270,12,192.82560438552687,343.8256043855269,0.9400000000000006
270,8,223.9929761692295,490.0070238307705,0.2750000000000001
270,17,225.981595982304,492.981595982304,0.24000000000000007
270,1,172.5,369.9917079768336,1.2950000000000008
270,19,172.5,369.71019115376765,1.2800000000000007
270,6,217.5,474.5956582183719,0.3600000000000001
270,11,274.9749401069523,306.9749401069523,1.2100000000000009
270,9,468.4642341904102,758.5,0.0
270,14,176.93043796297485,380.93043796297485,1.490000000000001
270,3,270.90469507079933,308.09530492920067,0.6900000000000004
270,7,278.10962196096534,304.89037803903466,1.2250000000000008
270,4,274.9511401586497,306.9511401586497,1.2100000000000009
270,13,297.6370166296499,431.3629833703501,0.9100000000000005
270,15,304.9001811497262,441.9001811497262,0.8200000000000004
270,2,284.86332165680284,303.86332165680284,1.2150000000000007
270,10,212.4409389928578,337.5590610071422,1.2200000000000009
270,18,203.0424553754819,338.9575446245181,1.0400000000000007
271,5,306.5,448.9798238770811,1.2200000000000006
271,16,223.1332048784628,485.13320487846283,0.3300000000000001
271,20,217.39149336175348,472.3914933617535,0.3800000000000001
271,12,191.41368761164532,344.5,0.9500000000000006
271,8,223.93719249901986,488.9371924990199,0.2900000000000001
271,17,224.9284509015339,491.9284509015339,0.25000000000000006
271,1,171.72398523123624,368.72398523123627,1.305000000000001
271,19,171.51037174669793,368.51037174669796,1.290000000000001
271,6,218.46146791583973,473.4614679158397,0.3750000000000001
271,11,273.7664624647455,307.2335375352545,1.2200000000000009
271,9,467.22722238008913,758.7727776199108,0.0
271,14,176.5,379.7674590974318,1.500000000000001
271,3,269.64781690268404,309.35218309731596,0.7000000000000004
271,7,276.91652516275167,306.08347483724833,1.2350000000000008
271,4,273.74266251644286,307.25733748355714,1.2200000000000009
271,13,298.5,429.7786151845462,0.9250000000000005
271,15,303.5748186560296,440.5748186560296,0.8350000000000004
271,2,283.65999187482123,302.65999187482123,1.2250000000000008
271,10,211.1361739065693,338.5,1.2300000000000009
271,18,201.6451038294662,340.3548961705338,1.0500000000000007
272,5,307.3538100809544,447.6461899190456,1.2350000000000008
272,16,222.5,483.84945810564153,0.3450000000000001
272,20,216.27659192645373,471.2765919264537,0.39500000000000013
272,12,189.75397804188506,345.24602195811497,0.9600000000000006
272,8,222.86103588611988,487.8610358861199,0.3050000000000001
272,17,223.86907919556668,490.86907919556666,0.26500000000000007
272,1,171.3073871988765,367.3073871988765,1.305000000000001
272,19,171.0792226844079,367.0792226844079,1.290000000000001
272,6,217.34875511082686,472.34875511082686,0.3900000000000001
272,11,272.1823200530105,307.5,1.2300000000000009
272,9,466.1784477527833,759.5,0.0
272,14,175.74906269296812,378.7490626929681,1.5100000000000011
272,3,268.3859894844617,310.6140105155383,0.7100000000000004
272,7,275.7335788233451,307.2664211766549,1.2450000000000008
272,4,272.1486618433372,307.5,1.2300000000000009
272,13,297.5,428.23952026465355,0.9400000000000005
272,15,302.94872685744815,438.94872685744815,0.8500000000000004
272,2,282.5,303.5468174316429,1.2350000000000008
272,10,209.76183154688405,337.7618315468841,1.2400000000000009
272,18,200.25968270519726,339.7403172948027,1.0600000000000007
273,5,307.1753950572402,446.1753950572402,1.2500000000000009
273,16,221.647433242413,482.647433242413,0.3600000000000001
273,20,215.84490126291306,470.1550987370869,0.41000000000000014
273,12,188.35639967330553,344.35639967330553,0.9700000000000006
273,8,223.22148340558311,486.7785165944169,0.3200000000000001
273,17,224.19655594995692,489.8034440500431,0.2800000000000001
273,1,170.1836823853302,366.1836823853302,1.305000000000001
273,19,169.9409668409313,365.9409668409313,1.290000000000001
273,6,216.2294634918259,471.2294634918259,0.40500000000000014
273,11,270.7944617999583,308.2055382000417,1.2400000000000009
273,9,465.025140852072,759.974859147928,0.0
273,14,175.5,377.5345322343242,1.5200000000000011
273,3,266.961458038838,311.5,0.7200000000000004
273,7,274.5607017382056,306.5607017382056,1.2550000000000008
273,4,270.7706618516557,308.2293381483443,1.2400000000000009
273,13,297.3406626950579,426.3406626950579,0.9550000000000005
273,15,301.6076458614574,437.6076458614574,0.8650000000000004
273,2,281.99105551838755,305.00894448161245,1.2450000000000008
273,10,208.58392990389217,338.41607009610783,1.2500000000000009
273,18,198.88607997828174,341.11392002171823,1.0700000000000007
274,5,306.5,444.81058122738835,1.2650000000000008
274,16,220.54126058336573,481.5412605833657,0.3750000000000001
274,20,216.0269748205024,469.0269748205024,0.42500000000000016
274,12,186.72687492230438,343.5,0.9800000000000006
274,8,223.3967037863335,485.3967037863335,0.33500000000000013
274,17,223.73150843294232,488.7315084329423,0.2950000000000001
274,1,169.0599775717839,365.0599775717839,1.305000000000001
274,19,168.8027109974547,364.8027109974547,1.290000000000001
274,6,215.8964458378068,470.1035541621932,0.42000000000000015
274,11,269.6165601569664,309.3834398430336,1.2500000000000009
274,9,463.89266131515643,760.5,0.0
274,14,174.6009199526255,376.60091995262553,1.5300000000000011
274,3,265.5545156468469,310.5545156468469,0.7300000000000004
274,7,273.35548716128255,307.5,1.2650000000000008
274,4,269.5927602086638,309.4072397913362,1.2500000000000009
274,13,297.0569156735216,424.9430843264784,0.9700000000000005
274,15,300.5,436.15865953876835,0.8800000000000004
274,2,280.818178433248,304.818178433248,1.2550000000000008
274,10,207.1231641793776,338.1231641793776,1.260000000000001
274,18,197.52418570854658,342.47581429145345,1.0800000000000007
275,5,305.57156325690283,443.57156325690283,1.2800000000000007
275,16,219.5,480.3989512990849,0.3900000000000001
275,20,214.89218097312417,467.89218097312414,0.44000000000000017
275,12,185.25181817723933,342.25181817723933,0.9900000000000007
275,8,222.5,484.2190609014504,0.35000000000000014
275,17,222.65323509329502,487.65323509329505,0.3100000000000001
275,1,169.0637272417624,363.9362727582376,1.305000000000001
275,19,169.3355448460219,363.6644551539781,1.290000000000001
275,6,215.97098799531216,468.97098799531216,0.43500000000000016
275,11,268.4486876512653,310.5513123487347,1.260000000000001
275,9,462.8230593240549,761.176940675945,0.0
275,14,173.68562163191754,375.6856216319175,1.5400000000000011
275,3,263.9848300192802,311.0151699807198,0.7400000000000004
275,7,271.72493135920905,307.5,1.2750000000000008
275,4,268.4248877029627,310.5751122970373,1.260000000000001
275,13,296.53724290198795,423.53724290198795,0.9850000000000005
275,15,299.6087567101552,434.6087567101552,0.8950000000000005
275,2,279.30540063303346,304.5,1.2650000000000008
275,10,205.7437373168984,337.5,1.270000000000001
275,18,195.88099876359564,343.11900123640436,1.0900000000000007
276,5,305.1452832531821,442.1452832531821,1.2950000000000008
276,16,219.01636294053844,479.01636294053844,0.40500000000000014
276,20,213.75067775958863,466.75067775958865,0.4550000000000002
276,12,183.7930568876515,340.79305688765146,1.0000000000000007
276,8,221.90661890782093,482.9066189078209,0.3650000000000001
276,17,223.43141344011102,486.56858655988896,0.3250000000000001
276,1,168.8125679446913,362.8125679446913,1.305000000000001
276,19,168.5261993105015,362.5261993105015,1.290000000000001
276,6,214.83172563323365,467.83172563323365,0.4500000000000002
276,11,267.2040970257127,311.5,1.270000000000001
276,9,461.60687487752955,761.5,0.0
276,14,172.77846994204845,374.77846994204845,1.5500000000000012
276,3,262.7030099434658,312.2969900565342,0.7500000000000004
276,7,270.51590667833955,308.48409332166045,1.2850000000000008
276,4,267.1704388160394,311.5,1.270000000000001
276,13,295.5,421.9038829794666,1.0000000000000004
276,15,298.9508545184391,432.9508545184391,0.9100000000000005
276,2,277.91652718444067,305.08347281555933,1.2750000000000008
276,10,204.52429747451436,338.47570252548564,1.280000000000001
276,18,194.24930641972557,343.7506935802744,1.1000000000000008
277,5,304.0263916388876,441.0263916388876,1.310000000000001
277,16,217.89045361090572,477.89045361090575,0.42000000000000015
277,20,213.30953229256082,465.3095322925608,0.4700000000000002
277,12,182.3468195826936,339.34681958269357,1.0100000000000007
277,8,220.79827048250837,481.79827048250837,0.3800000000000001
277,17,223.1846319211532,485.1846319211532,0.34000000000000014
277,1,167.68886313114498,361.688863131145,1.305000000000001
277,19,167.6120565329751,361.3879434670249,1.290000000000001
277,6,213.68572748530818,466.6857274853082,0.4650000000000002
277,11,265.849820946402,310.849820946402,1.280000000000001
277,9,460.6209777960378,762.3790222039622,0.0
277,14,173.12058750725296,373.879412492747,1.5600000000000012
277,3,261.41614240298185,313.41614240298185,0.7600000000000005
277,7,269.38251989343223,309.61748010656777,1.2950000000000008
277,4,265.8260209980994,310.8260209980994,1.280000000000001
277,13,295.05267343835044,420.05267343835044,1.0150000000000006
277,15,297.5777750532366,431.5777750532366,0.9250000000000005
277,2,276.773383373382,306.226616626618,1.2850000000000008
277,10,203.0931484122243,338.9068515877757,1.290000000000001
277,18,192.92189787078422,343.9218978707842,1.1100000000000008
278,5,303.5,439.68234437263465,1.3250000000000008
278,16,217.5,476.45049435853235,0.43500000000000016
278,20,212.1544911066094,464.15449110660944,0.4850000000000002
278,12,180.9129828713484,337.9129828713484,1.0200000000000007
278,8,219.68336904720863,480.6833690472086,0.39500000000000013
278,17,222.5,483.9160990788336,0.3550000000000001
278,1,168.4348416824013,360.5651583175987,1.305000000000001
278,19,168.2496876235483,360.2496876235483,1.290000000000001
278,6,213.24006050799667,465.24006050799665,0.4800000000000002
278,11,264.418671884112,310.581328115888,1.290000000000001
278,9,459.6663836414359,761.6663836414359,0.0
278,14,172.98839756327317,372.98839756327317,1.5700000000000012
278,3,260.1242075222623,312.8757924777377,0.7700000000000005
278,7,268.25881507988595,310.74118492011405,1.3050000000000008
278,4,264.39487193580936,310.60512806419064,1.290000000000001
278,13,294.66177688152527,418.33822311847473,1.0300000000000007
278,15,298.5,430.0708956152089,0.9400000000000005
278,2,275.6399965884747,307.3600034115253,1.2950000000000008
278,10,201.96461192260833,340.0353880773917,1.300000000000001
278,18,191.6057777389491,344.3942222610509,1.1200000000000008
279,5,302.53854428306437,438.53854428306437,1.3400000000000007
279,16,217.5,474.8393340749797,0.4500000000000002
279,20,210.99262084393968,462.9926208439397,0.5000000000000002
279,12,179.49142577028613,336.4914257702861,1.0300000000000007
279,8,219.2689826390284,479.26898263902837,0.41000000000000014
279,17,221.69022531632385,482.69022531632385,0.3700000000000001
279,1,167.5,359.4172027514015,1.305000000000001
279,19,167.5,358.95048155347024,1.290000000000001
279,6,212.08047107874032,464.08047107874035,0.4950000000000002
279,11,263.29013539449596,311.70986460550404,1.300000000000001
279,9,458.71178948683405,762.288210513166,0.0
279,14,172.89462591033524,372.1053740896648,1.5800000000000012
279,3,258.82718534747636,314.17281465252364,0.7800000000000005
279,7,266.99755584212886,311.5,1.3150000000000008
279,4,263.26633544619335,311.73366455380665,1.300000000000001
279,13,294.9348636848204,416.9348636848204,1.0450000000000006
279,15,297.5143202807738,428.5143202807738,0.9550000000000005
279,2,274.5162917749284,306.5162917749284,1.3050000000000008
279,10,200.84572030831384,339.84572030831384,1.310000000000001
279,18,190.00795246259398,344.992047537406,1.1300000000000008
280,5,301.4621627153927,437.4621627153927,1.3550000000000009
280,16,218.40605272241964,473.59394727758036,0.4650000000000002
280,20,211.17611887174792,461.8238811282521,0.5150000000000002
280,12,178.0820296340742,335.0820296340742,1.0400000000000007
280,8,218.14085872244385,478.14085872244385,0.42500000000000016
280,17,220.57969684516198,481.57969684516195,0.3850000000000001
280,1,167.02485547169263,358.02485547169266,1.305000000000001
280,19,166.68028271778167,357.68028271778167,1.290000000000001
280,6,210.91402568168775,462.91402568168775,0.5100000000000002
280,11,262.1712437802015,312.8287562197985,1.310000000000001
280,9,457.46430211341874,762.5356978865811,0.0
280,14,173.23029165230636,371.23029165230633,1.5900000000000012
280,3,258.2321626274071,315.7678373725929,0.7900000000000005
280,7,265.7472636323153,310.7472636323153,1.3250000000000008
280,4,262.1474438318989,312.8525561681011,1.310000000000001
280,13,293.5494425605515,415.5494425605515,1.0600000000000005
280,15,297.5,426.5437776519629,0.9700000000000005
280,2,273.36168287625287,307.5,1.3150000000000008
280,10,199.7364002235718,340.2635997764282,1.320000000000001
280,18,188.71410990472305,344.71410990472305,1.1400000000000008
281,5,300.5,436.35806667823334,1.370000000000001
281,16,217.4411735190823,472.4411735190823,0.4800000000000002
281,20,210.64823134452595,460.6482313445259,0.5300000000000002
281,12,176.68467808805852,333.6846780880585,1.0500000000000007
281,8,217.5,476.80147024738534,0.44000000000000017
281,17,219.5,480.44711191250553,0.40000000000000013
281,1,166.5,356.65309913893236,1.305000000000001
281,19,166.24913365549162,356.2491336554916,1.290000000000001
281,6,211.2593162184516,461.7406837815484,0.5250000000000002
281,11,261.0619236954595,313.0619236954595,1.320000000000001
281,9,456.50970795881693,763.490292041183,0.0
281,14,172.5,370.3063948192369,1.6000000000000012
281,3,256.6866938248853,316.5,0.8000000000000005
281,7,264.35927251477693,310.64072748522307,1.3350000000000009
281,4,261.0381237471569,313.0381237471569,1.320000000000001
281,13,292.5,414.0498666796752,1.0750000000000006
281,15,296.87488594992305,425.12511405007695,0.9850000000000005
281,2,271.79959705405287,307.5,1.3250000000000008
281,10,198.63657942973492,341.3634205702651,1.330000000000001
281,18,187.40278695089862,343.5,1.1500000000000008
282,5,300.05792598102397,435.05792598102397,1.385000000000001
282,16,216.28158408982597,471.28158408982597,0.4950000000000002
282,20,209.53436936239208,459.46563063760794,0.5450000000000003
282,12,176.5,331.73970496519604,1.0600000000000007
282,8,217.5,475.1871409213109,0.4550000000000002
282,17,219.0460101658037,479.0460101658037,0.41500000000000015
282,1,165.46517096922585,355.4651709692259,1.3150000000000008
282,19,165.12059716587564,355.1205971658756,1.3000000000000007
282,6,210.34827742342478,460.34827742342475,0.5400000000000003
282,11,262.5033512025541,312.4966487974459,1.3350000000000009
282,9,455.5551138042151,764.4448861957849,0.0
282,14,171.5582623981514,369.54698249602563,1.615000000000001
282,3,258.2398916660212,315.7601083339788,0.8150000000000005
282,7,263.2782378916377,311.2782378916377,1.350000000000001
282,4,262.4914869076874,312.5031337106176,1.3350000000000009
282,13,291.53852073180934,412.53852073180934,1.0900000000000007
282,15,296.6663527604891,423.6663527604891,1.0000000000000007
282,2,270.5774736258207,308.4403864254854,1.340000000000001
282,10,197.5508744855766,342.44912551442343,1.3450000000000009
282,18,185.87182789230275,342.87182789230275,1.1650000000000007
283,5,299.5,433.82494707035016,1.4000000000000008
283,16,215.8848613072266,470.11513869277337,0.5100000000000002
283,20,210.2760379107923,458.2760379107923,0.5600000000000003
283,12,176.5,329.79713735947945,1.0700000000000007
283,8,218.16237024312466,473.83762975687534,0.4700000000000002
283,17,217.91566730632567,477.91566730632564,0.43000000000000016
283,1,164.5,354.302872052488,1.325000000000001
283,19,164.5,353.79530523299087,1.310000000000001
283,6,209.8389800488217,459.1610199511783,0.5550000000000003
283,11,263.41561417430665,311.41561417430665,1.350000000000001
283,9,454.60051964961326,765.3994803503867,0.0
283,14,170.70911380299145,368.70911380299145,1.6300000000000012
283,3,258.8555455983174,314.1444544016826,0.8300000000000005
283,7,262.2111111455938,310.2111111455938,1.3650000000000009
283,4,263.42537992606384,311.42537992606384,1.350000000000001
283,13,290.912536561308,410.912536561308,1.1050000000000006
283,15,295.5,422.11297362263383,1.0150000000000006
283,2,269.49274129744623,309.50725870255377,1.3550000000000009
283,10,196.18623561619444,342.81376438380556,1.360000000000001
283,18,184.62139136237545,341.62139136237545,1.1800000000000008
284,5,298.70792559617325,432.70792559617325,1.415000000000001
284,16,215.94179679263405,468.941796792634,0.5250000000000002
284,20,209.5,456.90519849788245,0.5750000000000003
284,12,175.3482135720966,328.3482135720966,1.0800000000000007
284,8,217.68258857092397,472.68258857092394,0.4850000000000002
284,17,217.5,476.4798448799556,0.4450000000000002
284,1,165.0273816259855,352.97261837401453,1.3350000000000009
284,19,165.40050775197432,352.5994922480257,1.3200000000000007
284,6,209.9667429263297,457.9667429263297,0.5700000000000003
284,11,262.3484874282628,310.3484874282628,1.3650000000000009
284,9,453.35303227619795,765.353032276198,0.0
284,14,170.5,367.6187094601768,1.6450000000000011
284,3,260.18612701508096,312.81387298491904,0.8450000000000005
284,7,261.1577402749459,309.1577402749459,1.380000000000001
284,4,262.35825318002,310.35825318002,1.3650000000000009
284,13,289.59641642947287,409.59641642947287,1.1200000000000006
284,15,295.2189874853771,420.2189874853771,1.0300000000000007
284,2,268.430216567756,310.569783432244,1.370000000000001
284,10,194.97433135679663,343.5,1.3750000000000009
284,18,183.0939605627685,341.90603943723147,1.1950000000000007
285,5,297.6993512710885,431.6993512710885,1.430000000000001
285,16,214.76151761445612,467.7615176144561,0.5400000000000003
285,20,208.58281757549233,455.58281757549236,0.5900000000000003
285,12,173.789951436757,327.5,1.0900000000000007
285,8,216.5207183082542,471.5207183082542,0.5000000000000002
285,17,217.5,474.86234027806864,0.4600000000000002
285,1,164.88691342985618,351.8869134298562,1.345000000000001
285,19,164.49953536605793,351.5,1.330000000000001
285,6,209.47251162759454,456.47251162759454,0.5850000000000003
285,11,261.2951165576149,309.2951165576149,1.380000000000001
285,9,452.3984381215961,764.6015618784039,0.0
285,14,169.75928814998085,366.7592881499808,1.6550000000000011
285,3,261.4754246256727,311.4754246256727,0.8600000000000005
285,7,260.5,307.95973727653404,1.395000000000001
285,4,261.3048823093721,309.3048823093721,1.380000000000001
285,13,290.29704133491146,408.29704133491146,1.1350000000000007
285,15,294.5,418.5321519090387,1.0450000000000006
285,2,267.33227113462266,311.5,1.385000000000001
285,10,193.79111981389337,344.2088801861066,1.390000000000001
285,18,181.87512360224312,343.12487639775685,1.2100000000000009
286,5,298.29608919495615,430.70391080504385,1.445000000000001
286,16,213.57426014220965,466.57426014220965,0.5550000000000003
286,20,208.0791065529388,454.0791065529388,0.6050000000000003
286,12,172.3108171191818,326.5,1.1000000000000008
286,8,215.64802140743342,470.3519785925666,0.5150000000000002
286,17,218.39429751444564,473.60570248555433,0.4750000000000002
286,1,163.52494480867728,351.5,1.3550000000000009
286,19,163.11638557603854,351.1163855760385,1.3400000000000007
286,6,208.5,455.16634564746374,0.6000000000000003
286,11,260.5,308.15401667863296,1.395000000000001
286,9,451.4438439669942,765.5561560330058,0.0
286,14,169.5,365.71117753797523,1.6650000000000011
286,3,260.5,309.9754155970318,0.8750000000000006
286,7,259.7987812618714,306.7987812618714,1.410000000000001
286,4,260.5,308.1678275372147,1.395000000000001
286,13,289.014191423949,407.014191423949,1.1500000000000008
286,15,295.1373137086404,417.1373137086404,1.0600000000000005
286,2,266.0532440778383,311.0532440778383,1.400000000000001
286,10,192.7603464994335,345.23965350056653,1.405000000000001
286,18,180.6717938202615,344.3282061797385,1.2250000000000008
287,5,298.4285753431462,429.4285753431462,1.4600000000000009
287,16,213.0870898985476,465.08708989854756,0.5700000000000003
287,20,206.861129898264,452.861129898264,0.6200000000000003
287,12,170.74592573433424,327.25407426566574,1.1100000000000008
287,8,216.17632880884045,469.1763288088404,0.5300000000000002
287,17,217.44838941227428,472.4483894122743,0.4900000000000002
287,1,162.5,350.4300132540241,1.365000000000001
287,19,162.5,349.84288701584643,1.350000000000001
287,6,207.75559184548587,453.75559184548587,0.6150000000000003
287,11,259.9361575445404,306.9361575445404,1.410000000000001
287,9,450.48924981239236,766.5107501876076,0.0
287,14,168.8397920563957,364.8397920563957,1.6750000000000012
287,3,260.5,308.0601149762373,0.8900000000000006
287,7,259.49290513178295,305.49290513178295,1.425000000000001
287,4,259.94592329629756,306.94592329629756,1.410000000000001
287,13,288.5,405.43602002029604,1.1650000000000007
287,15,293.76957882484925,415.76957882484925,1.0750000000000006
287,2,264.837295843531,310.5,1.415000000000001
287,10,191.74293950602708,346.2570604939729,1.420000000000001
287,18,179.4786970220478,345.5213029779522,1.2350000000000008
288,5,297.5,428.44201506579196,1.475000000000001
288,16,211.8857518186259,463.88575181862586,0.5850000000000003
288,20,207.36404793340532,451.6359520665947,0.6350000000000003
288,12,169.4298056024991,326.57019439750087,1.1200000000000008
288,8,214.99372810192241,467.99372810192244,0.5450000000000003
288,17,216.28423382994717,471.2842338299472,0.5050000000000002
288,1,162.90032079994685,349.0996792000531,1.3750000000000009
288,19,163.32928791648285,348.6707120835171,1.3600000000000008
288,6,206.5328191244607,452.5328191244607,0.6300000000000003
288,11,259.5,305.684245743243,1.425000000000001
288,9,449.5346556577905,767.4653443422095,0.0
288,14,168.96224896951907,364.03775103048093,1.6850000000000012
288,3,259.53373173409256,306.53373173409256,0.9050000000000006
288,7,258.5,304.4902446457038,1.440000000000001
288,4,259.5,305.6980566018248,1.425000000000001
288,13,287.9114295737504,403.9114295737504,1.1800000000000006
288,15,292.5,414.3858518919126,1.0900000000000007
288,2,263.72992985314204,311.27007014685796,1.430000000000001
288,10,190.73875837936586,347.2612416206341,1.435000000000001
288,18,178.29575068264128,346.70424931735874,1.2450000000000008
289,5,297.5,427.08883655931606,1.490000000000001
289,16,210.67731093578055,462.67731093578055,0.6000000000000003
289,20,206.40353048162214,450.40353048162217,0.6500000000000004
289,12,167.9694910796739,327.5,1.1300000000000008
289,8,213.8041353751068,466.8041353751068,0.5600000000000003
289,17,215.88680471714392,470.1131952828561,0.5200000000000002
289,1,163.5,347.86482070634617,1.3850000000000011
289,19,163.31529413501343,347.31529413501346,1.370000000000001
289,6,207.3028168701318,451.3028168701318,0.6450000000000004
289,11,258.6304782054932,304.6304782054932,1.440000000000001
289,9,448.58006150318863,768.4199384968114,0.0
289,14,169.2431576598498,363.24315765984977,1.6950000000000012
289,3,258.8704545020768,304.8704545020768,0.9200000000000006
289,7,258.7865513823149,303.2134486176851,1.455000000000001
289,4,258.6402439572504,304.6402439572504,1.440000000000001
289,13,286.67689199295694,402.67689199295694,1.1950000000000007
289,15,291.7933009282104,412.7933009282104,1.1050000000000006
289,2,262.73448938709737,310.73448938709737,1.445000000000001
289,10,189.45477236746802,347.454772367468,1.450000000000001
289,18,176.966662726858,347.5,1.2550000000000008
290,5,296.9721362446604,425.9721362446604,1.505000000000001
290,16,211.46172525533066,461.46172525533063,0.6150000000000003
290,20,205.16382231530903,449.163822315309,0.6650000000000004
290,12,166.2452445494596,327.2452445494596,1.1400000000000008
290,8,213.3146160698938,465.31461606989376,0.5750000000000003
290,17,215.93523307609337,468.93523307609337,0.5350000000000003
290,1,162.71820348504363,346.71820348504366,1.395000000000001
290,19,162.26192326436558,346.2619232643656,1.3800000000000008
290,6,206.0655423385363,450.0655423385363,0.6600000000000004
290,11,258.64917509964596,303.35082490035404,1.455000000000001
290,9,447.3325741297733,768.6674258702267,0.0
290,14,168.45596813451192,362.4559681345119,1.7050000000000012
290,3,258.80092500167916,303.19907499832084,0.9350000000000006
290,7,259.2395978760181,302.2395978760181,1.470000000000001
290,4,258.6394093478888,303.3605906521112,1.455000000000001
290,13,287.45805503243156,401.45805503243156,1.2100000000000009
290,15,291.1842875775618,411.1842875775618,1.1200000000000006
290,2,261.75204714401315,309.75204714401315,1.460000000000001
290,10,188.46695436264721,346.5,1.465000000000001
290,18,175.37419941344362,347.37419941344365,1.2650000000000008
291,5,296.95961525243405,425.04038474756595,1.520000000000001
291,16,210.23895253430547,460.2389525343055,0.6300000000000002
291,20,205.08321551359893,447.91678448640107,0.6800000000000003
291,12,164.96239463849716,325.96239463849713,1.1500000000000008
291,8,212.11091503980683,464.1109150398068,0.5900000000000003
291,17,214.75030627414637,467.75030627414634,0.5500000000000003
291,1,161.68743017058375,345.68743017058375,1.4050000000000011
291,19,161.21764015933866,345.21764015933866,1.390000000000001
291,6,204.82095253299153,448.8209525329915,0.6750000000000003
291,11,259.376974158687,302.376974158687,1.470000000000001
291,9,446.37797997517146,769.6220200248285,0.0
291,14,167.67613915687892,361.67613915687895,1.7150000000000012
291,3,258.81243853768797,301.81243853768797,0.9500000000000006
291,7,258.5,301.1867876415804,1.485000000000001
291,4,259.3867399104442,302.3867399104442,1.470000000000001
291,13,286.1531291226786,400.5,1.2250000000000008
291,15,289.8849124830004,409.8849124830004,1.1350000000000007
291,2,260.7824702606818,308.7824702606818,1.475000000000001
291,10,187.2184224987609,346.7815775012391,1.480000000000001
291,18,174.7787776513056,346.22122234869437,1.2750000000000008
292,5,297.1209932522896,424.1209932522896,1.535000000000001
292,16,209.9910497200234,459.0089502799766,0.6450000000000002
292,20,204.66237365893005,446.66237365893005,0.6950000000000003
292,12,163.6904421988168,324.6904421988168,1.1600000000000008
292,8,210.90009723606673,462.90009723606676,0.6050000000000003
292,17,213.55837369947488,466.5583736994749,0.5650000000000003
292,1,160.6655834897857,344.6655834897857,1.415000000000001
292,19,160.18237967409945,344.1823796740994,1.4000000000000008
292,6,205.43099579739928,447.56900420260075,0.6900000000000003
292,11,258.5,301.3810670436792,1.485000000000001
292,9,445.5766141794304,770.5766141794304,0.0
292,14,168.096372067173,360.903627932827,1.7250000000000012
292,3,258.5,299.96926049274083,0.9650000000000005
292,7,258.5,299.8455155340129,1.500000000000001
292,4,258.5,301.394877902261,1.485000000000001
292,13,284.7738206951714,399.7738206951714,1.2400000000000007
292,15,290.39793742796206,408.60206257203794,1.1500000000000008
292,2,260.5,307.5462947671474,1.490000000000001
292,10,186.2657973877703,347.7342026122297,1.495000000000001
292,18,175.07807853763572,345.07807853763575,1.2850000000000008
293,5,296.21384156242055,423.21384156242055,1.5500000000000012
293,16,209.7716757483811,457.7716757483811,0.6600000000000003
293,20,204.89234697810576,445.10765302189424,0.7100000000000003
293,12,162.4292936887389,323.4292936887389,1.1700000000000008
293,8,211.31787941860807,461.6821205813919,0.6200000000000002
293,17,213.06650071226687,465.0665007122669,0.5800000000000003
293,1,159.6526005785107,343.6526005785107,1.4250000000000012
293,19,159.8439224098306,343.1560775901694,1.410000000000001
293,6,204.5,446.23080988004335,0.7050000000000003
293,11,258.5,300.0397949361117,1.500000000000001
293,9,446.5,771.5441352492475,0.0
293,14,168.13839216296626,360.1383921629662,1.7350000000000012
293,3,257.3992169446177,298.5,0.9800000000000005
293,7,257.80841775905844,298.80841775905844,1.515000000000001
293,4,258.5,300.0536057946935,1.500000000000001
293,13,285.3990563899681,398.6009436100319,1.2550000000000008
293,15,289.33552368939354,407.33552368939354,1.1650000000000007
293,2,259.58850126434083,306.58850126434083,1.505000000000001
293,10,185.32573793925434,348.67426206074566,1.5100000000000011
293,18,173.94469175272843,343.94469175272843,1.2950000000000008
294,5,295.5,422.2437611856667,1.565000000000001
294,16,209.23419272402285,456.2341927240229,0.6750000000000003
294,20,204.83836516299738,443.8383651629974,0.7250000000000003
294,12,161.8211428411884,322.1788571588116,1.1800000000000008
294,8,210.45694274972263,460.4569427497226,0.6350000000000002
294,17,211.86043208425266,463.86043208425264,0.5950000000000003
294,1,160.3515805481505,342.64841945184946,1.435000000000001
294,19,160.861329403237,342.138670596763,1.4200000000000008
294,6,205.25003553521606,444.74996446478394,0.7200000000000003
294,11,257.94579404172737,298.94579404172737,1.515000000000001
294,9,446.5,772.8941352492475,0.0
294,14,167.5,359.3308459640444,1.7450000000000012
294,3,255.72723578049377,297.7272357804938,0.9900000000000005
294,7,256.6243186276429,298.5,1.525000000000001
294,4,257.95555979348455,298.95555979348455,1.515000000000001
294,13,286.44302095907483,397.44302095907483,1.270000000000001
294,15,288.5,405.91322463371444,1.1800000000000006
294,2,259.3638565484329,305.3638565484329,1.5200000000000011
294,10,184.39811994364342,349.6018800563566,1.525000000000001
294,18,174.17901306081788,342.82098693918215,1.3050000000000008
295,5,295.5,420.9949774133959,1.580000000000001
295,16,208.5,454.7677829994798,0.6900000000000003
295,20,203.56157275424417,442.56157275424414,0.7400000000000003
295,12,161.93904221150046,320.93904221150046,1.1900000000000008
295,8,209.77547883524994,459.22452116475006,0.6500000000000002
295,17,210.64723268437635,462.6472326843763,0.6100000000000003
295,1,161.3470210141952,341.6529789858048,1.4450000000000012
295,19,161.13009627167824,341.13009627167827,1.430000000000001
295,6,204.4756784897363,443.4756784897363,0.7350000000000003
295,11,256.8185980297416,298.5,1.525000000000001
295,9,447.02618308086284,774.0261830808629,0.0
295,14,167.33668699212987,358.3366869921299,1.7550000000000012
295,3,256.26847449090593,296.26847449090593,1.0000000000000007
295,7,255.66851504935772,297.6685150493577,1.535000000000001
295,4,256.8324088883234,298.5,1.525000000000001
295,13,285.5,396.2169835485837,1.2850000000000008
295,15,288.2647631410459,404.2647631410459,1.1950000000000007
295,2,258.5,304.4214617249884,1.535000000000001
295,10,183.48282162293543,350.51717837706457,1.5400000000000011
295,18,173.70689018809793,341.70689018809793,1.3150000000000008
296,5,294.9788712569932,419.9788712569932,1.595000000000001
296,16,207.43000081296813,453.4300008129681,0.7050000000000003
296,20,202.5,441.18495766089956,0.7550000000000003
296,12,160.7097599622272,319.7097599622272,1.2000000000000008
296,8,209.98481299843692,457.98481299843695,0.6650000000000003
296,17,211.42686035259317,461.42686035259317,0.6250000000000002
296,1,160.6662188994791,340.6662188994791,1.455000000000001
296,19,160.5,339.9771554351946,1.4400000000000008
296,6,203.1938584139219,442.19385841392193,0.7500000000000003
296,11,255.80589133202662,297.80589133202665,1.535000000000001
296,9,447.5,775.1799216868744,0.0
296,14,166.59302860905692,357.59302860905694,1.7650000000000012
296,3,254.82223718594804,294.82223718594804,1.0100000000000007
296,7,256.242703364794,296.757296635206,1.545000000000001
296,4,255.8156570837838,297.81565708378383,1.535000000000001
296,13,284.87844743958675,394.87844743958675,1.3000000000000007
296,15,287.0459261805205,403.0459261805205,1.2100000000000009
296,2,258.755579855526,303.244420144474,1.5500000000000012
296,10,182.57972355998564,351.42027644001433,1.555000000000001
296,18,172.60232871042493,340.6023287104249,1.3250000000000008
297,5,294.5,418.961923064884,1.6100000000000012
297,16,206.83679534418474,452.16320465581526,0.7200000000000003
297,20,202.3995101073147,439.3995101073147,0.7700000000000004
297,12,159.5,318.48716318590107,1.2100000000000009
297,8,209.44488195071554,456.44488195071557,0.6800000000000003
297,17,210.19927267959093,460.19927267959093,0.6400000000000002
297,1,160.39518651893684,339.39518651893684,1.4650000000000012
297,19,159.84630705082174,338.84630705082174,1.450000000000001
297,6,202.5,440.6577788204061,0.7650000000000003
297,11,256.10532708212514,296.89467291787486,1.545000000000001
297,9,448.22826460888,776.22826460888,0.0
297,14,166.5,356.58992707342776,1.7750000000000012
297,3,255.3884004746029,293.38840047460286,1.0200000000000007
297,7,255.8541985722562,295.8541985722562,1.555000000000001
297,4,256.09556133036796,296.90443866963204,1.545000000000001
297,13,283.76435068850253,393.76435068850253,1.3150000000000008
297,15,287.1574036014611,401.8425963985389,1.2250000000000008
297,2,259.3493903788352,302.3493903788352,1.565000000000001
297,10,181.39581541169835,351.3958154116984,1.5700000000000012
297,18,171.5072308117,339.50723081169997,1.3350000000000009
298,5,295.0210479114541,417.9789520885459,1.625000000000001
298,16,206.88891868076763,450.88891868076763,0.7350000000000003
298,20,201.5,437.93422516601873,0.7850000000000004
298,12,159.5,316.77811771446744,1.2200000000000009
298,8,208.5,455.0622600645463,0.6950000000000003
298,17,210.03557299468383,458.96442700531617,0.6550000000000002
298,1,159.4256096356055,338.4256096356055,1.475000000000001
298,19,158.8638648077375,337.8638648077375,1.4600000000000009
298,6,202.0216510802374,439.0216510802374,0.7800000000000004
298,11,255.99157485492506,295.9915748549251,1.555000000000001
298,9,449.1828587634818,777.1828587634818,0.0
298,14,165.83411178303243,355.8341117830324,1.7850000000000013
298,3,253.9668433735406,291.9668433735406,1.0300000000000007
298,7,254.95916880661738,294.9591688066174,1.565000000000001
298,4,256.0013406066823,296.0013406066823,1.555000000000001
298,13,282.66452989466563,392.66452989466563,1.330000000000001
298,15,286.65458506207386,400.65458506207386,1.2400000000000007
298,2,258.5,301.45243562122715,1.5800000000000012
298,10,180.5167687188722,350.51676871887224,1.585000000000001
298,18,171.1286326487282,338.1286326487282,1.3450000000000009
299,5,295.14284025862713,417.14284025862713,1.640000000000001
299,16,205.60709860495322,449.60709860495325,0.7500000000000003
299,20,200.5,436.4996982357353,0.8000000000000004
299,12,158.49845603117276,315.49845603117274,1.2300000000000009
299,8,207.6357504862087,453.6357504862087,0.7100000000000003
299,17,209.7222804174917,457.72228041749173,0.6700000000000003
299,1,158.46453717699748,337.4645371769975,1.4850000000000012
299,19,157.89001406607045,336.8900140660705,1.470000000000001
299,6,201.42406716014324,437.42406716014324,0.7950000000000004
299,11,255.09654508928625,295.0965450892863,1.565000000000001
299,9,450.1374529180837,778.1374529180837,0.0
299,14,165.11166710555958,355.11166710555955,1.7950000000000013
299,3,252.55744723732866,290.5574472373287,1.0400000000000007
299,7,254.92784405248773,294.0721559475122,1.575000000000001
299,4,255.10631084104344,295.10631084104347,1.565000000000001
299,13,282.5,391.19726175168773,1.3450000000000009
299,15,285.1888147581209,400.1888147581209,1.2550000000000008
299,2,258.5,300.22047087172865,1.595000000000001
299,10,179.29732100971015,350.5,1.6000000000000012
299,18,170.5,336.8667874062923,1.3550000000000009
300,5,294.318188144326,416.318188144326,1.6550000000000011
300,16,204.68230011631846,448.31769988368154,0.7650000000000003
300,20,199.89190742400297,434.89190742400297,0.8150000000000004
300,12,157.6895553052923,314.3104446947077,1.2400000000000009
300,8,206.63353737268818,452.3664626273118,0.7250000000000003
300,17,209.17989653131198,456.17989653131195,0.6850000000000003
300,1,157.5119120660069,336.5119120660069,1.495000000000001
300,19,156.9246965779056,335.9246965779056,1.4800000000000009
300,6,200.5,435.9508079720985,0.8100000000000004
300,11,254.79046776981886,294.2095322301811,1.575000000000001
300,9,449.90795292731445,779.0920470726855,0.0
300,14,164.5,354.35322576971686,1.8050000000000013
300,3,251.83990430868707,289.16009569131296,1.0500000000000007
300,7,255.1931092546861,293.19310925468614,1.585000000000001
300,4,254.78070201806167,294.21929798193827,1.575000000000001
300,13,281.9212928623117,389.9212928623117,1.3600000000000008
300,15,284.9691078928362,399.0308921071638,1.270000000000001
300,2,258.1501007324329,299.1501007324329,1.6100000000000012
300,10,178.2083447801781,350.2083447801781,1.615000000000001
300,18,169.69223111619928,335.69223111619925,1.3650000000000009
301,5,293.5048923483028,415.5048923483028,1.6700000000000013
301,16,205.02067770889562,447.0206777088956,0.7800000000000004
301,20,199.27625349170677,433.27625349170677,0.8300000000000004
301,12,158.1325430517158,313.1325430517158,1.2500000000000009
301,8,207.0896702185586,451.0896702185586,0.7400000000000003
301,17,208.5,454.68402474399255,0.7000000000000003
301,1,156.56767798656438,335.5676779865644,1.5050000000000012
301,19,155.9678548798206,334.9678548798206,1.490000000000001
301,6,199.5,434.4980276434896,0.8250000000000004
301,11,255.33048553735497,293.33048553735495,1.585000000000001
301,9,450.0466412272874,780.0466412272874,0.0
301,14,164.60517654596498,353.394823454035,1.8150000000000013
301,3,252.48178134823056,287.4817813482305,1.0600000000000007
301,7,254.32197862613296,292.321978626133,1.595000000000001
301,4,255.34025128911216,293.34025128911213,1.585000000000001
301,13,281.5,388.5996457210032,1.3750000000000009
301,15,286.11225170389486,397.88774829610514,1.2850000000000008
301,2,257.22058518480674,298.5,1.625000000000001
301,10,177.36453476069255,349.36453476069255,1.6300000000000012
301,18,168.63429163773858,334.6342916377386,1.3750000000000009
302,5,292.702851322388,414.702851322388,1.6850000000000012
302,16,204.57690621119855,445.42309378880145,0.7950000000000004
302,20,197.94567207494322,431.9456720749432,0.8450000000000004
302,12,156.96467054601467,311.9646705460147,1.260000000000001
302,8,205.80532888997564,449.8053288899756,0.7550000000000003
302,17,207.36581579758786,453.36581579758786,0.7150000000000003
302,1,155.63177936851702,334.631779368517,1.515000000000001
302,19,155.5,333.82037460869725,1.5000000000000009
302,6,198.87774272308815,432.87774272308815,0.8400000000000004
302,11,254.45935490880177,292.4593549088018,1.595000000000001
302,9,451.0012353818893,781.0012353818893,0.0
302,14,165.30675914245327,352.69324085754675,1.8250000000000013
302,3,251.50000000000003,285.94588089223595,1.0700000000000007
302,7,253.45871458612797,291.45871458612794,1.605000000000001
302,4,254.46912066055896,292.469120660559,1.595000000000001
302,13,280.52617706001064,387.52617706001064,1.390000000000001
302,15,285.75921180648913,396.75921180648913,1.3000000000000007
302,2,256.1695756313724,298.1695756313724,1.6350000000000011
302,10,176.52842293077376,348.5284229307738,1.6400000000000012
302,18,169.41452714812647,333.58547285187353,1.385000000000001
303,5,292.5,413.66839337815713,1.700000000000001
303,16,205.11068922155548,444.11068922155545,0.8100000000000004
303,20,196.6072237156969,430.6072237156969,0.8600000000000004
303,12,155.51959347104676,311.5,1.270000000000001
303,8,204.51339400925605,448.51339400925605,0.7700000000000004
303,17,206.90596866406062,452.0940313359394,0.7300000000000003
303,1,155.5,333.37451422010344,1.5250000000000012
303,19,155.5064136089996,332.4935863910004,1.5100000000000011
303,6,197.5419218325343,431.54192183253434,0.8550000000000004
303,11,253.59609086879678,291.59609086879675,1.605000000000001
303,9,451.95582953649114,781.9558295364911,0.0
303,14,164.99853614741104,351.9985361474111,1.8350000000000013
303,3,250.43408510783138,284.5,1.0800000000000007
303,7,252.60326827355752,290.6032682735575,1.615000000000001
303,4,253.60585662055396,291.60585662055394,1.605000000000001
303,13,280.2025105267373,386.2025105267373,1.405000000000001
303,15,285.35222183659147,395.35222183659147,1.3150000000000008
303,2,255.66270468852358,297.3372953114764,1.6450000000000011
303,10,175.69996249262766,347.69996249262766,1.6500000000000012
303,18,169.25281592272907,332.2528159227291,1.395000000000001
304,5,291.8392431219688,412.8392431219688,1.7150000000000012
304,16,203.7905251808082,442.79052518080823,0.8250000000000004
304,20,197.7391380986193,429.2608619013807,0.8750000000000004
304,12,154.36580384115143,310.36580384115143,1.280000000000001
304,8,205.21382068020847,447.21382068020847,0.7850000000000004
304,17,206.81472756349623,450.8147275634962,0.7450000000000003
304,1,155.80101655999715,332.19898344000285,1.535000000000001
304,19,156.43816510609406,331.56183489390594,1.520000000000001
304,6,196.80179697841797,430.198203021582,0.8700000000000004
304,11,252.74064455622633,290.7406445562263,1.615000000000001
304,9,452.089576308907,782.910423691093,0.0
304,14,164.2322496949386,351.5,1.8450000000000013
304,3,248.81020418781546,283.81020418781543,1.0900000000000007
304,7,251.75559143053746,289.75559143053744,1.625000000000001
304,4,252.75041030798351,290.7504103079835,1.615000000000001
304,13,279.1851035333309,385.1851035333309,1.4200000000000008
304,15,284.25240104275457,394.25240104275457,1.330000000000001
304,2,256.48735680282476,296.51264319717524,1.6550000000000011
304,10,174.87910721399763,346.8791072139976,1.6600000000000013
304,18,168.2220426082692,331.2220426082692,1.405000000000001
305,5,291.5,411.89241833117734,1.7300000000000013
305,16,202.5,441.4470458894993,0.8400000000000004
305,20,197.90653984440607,427.9065398444061,0.8900000000000005
305,12,153.5,309.11469468321604,1.290000000000001
305,8,204.5,445.6607543943967,0.8000000000000004
305,17,205.52786002301227,449.52786002301224,0.7600000000000003
305,1,156.5,331.1998544211487,1.5450000000000013
305,19,156.3454436506578,330.34544365065784,1.5300000000000011
305,6,198.15346040550997,428.84653959449,0.8850000000000005
305,11,251.89296771320627,289.89296771320625,1.625000000000001
305,9,451.86501784569487,783.8650178456949,0.0
305,14,163.3367180514885,351.3367180514885,1.8550000000000013
305,3,247.4714050627588,282.47140506275883,1.1000000000000008
305,7,252.08436360868956,288.91563639131044,1.6350000000000011
305,4,251.90273346496346,289.90273346496343,1.625000000000001
305,13,278.5,384.0487561400629,1.435000000000001
305,15,283.1666960985962,393.1666960985962,1.3450000000000009
305,2,255.69557333514442,295.6955733351444,1.6650000000000011
305,10,174.93418858202554,346.06581141797443,1.6700000000000013
305,18,167.20019592747113,330.20019592747116,1.415000000000001
306,5,291.01947953418187,411.01947953418187,1.7450000000000012
306,16,202.5,439.55790986917674,0.8550000000000004
306,20,196.5442104805571,426.54421048055707,0.9050000000000005
306,12,152.80611828924538,307.8061182892454,1.300000000000001
306,8,205.29868454475775,444.29868454475775,0.8150000000000004
306,17,204.76661600560809,448.2333839943919,0.7750000000000004
306,1,156.09177374408785,330.09177374408785,1.555000000000001
306,19,155.43014532994985,329.4301453299498,1.540000000000001
306,6,197.48688457943277,427.4868845794328,0.9000000000000005
306,11,251.94698732602075,289.05301267397925,1.6350000000000011
306,9,452.5,784.9519996255168,0.0
306,14,162.66242433032707,350.6624243303271,1.8650000000000013
306,3,246.14399651381748,281.14399651381746,1.1100000000000008
306,7,252.5,287.9107765055139,1.6450000000000011
306,4,251.93722157426356,289.06277842573644,1.6350000000000011
306,13,277.89693639477184,382.89693639477184,1.450000000000001
306,15,282.5,391.9271734301674,1.3600000000000008
306,2,254.88604032240352,294.8860403224035,1.6750000000000012
306,10,175.26002997304983,345.2600299730498,1.6800000000000013
306,18,166.0576524053708,329.5,1.425000000000001
307,5,290.27225051021634,410.27225051021634,1.7600000000000011
307,16,201.5,438.07181806508527,0.8700000000000004
307,20,195.17382646735481,425.17382646735484,0.9200000000000005
307,12,151.3505649405805,307.5,1.310000000000001
307,8,203.975923831275,442.975923831275,0.8300000000000004
307,17,204.93125449313607,446.93125449313607,0.7900000000000004
307,1,155.19674397844904,329.19674397844904,1.5650000000000013
307,19,154.52299364008076,328.52299364008076,1.5500000000000012
307,6,196.11919072686803,426.11919072686806,0.9150000000000005
307,11,252.5,288.10505590761255,1.6450000000000011
307,9,453.067099373712,786.067099373712,0.0
307,14,162.5,349.78562610457976,1.8750000000000013
307,3,244.82787638198232,279.8278763819823,1.1200000000000008
307,7,251.96581073829987,286.96581073829987,1.6550000000000011
307,4,252.5,288.1188667661943,1.6450000000000011
307,13,276.91879723304305,381.91879723304305,1.465000000000001
307,15,282.45122453193994,390.45122453193994,1.3750000000000009
307,2,254.91600070351123,294.08399929648874,1.6850000000000012
307,10,174.46171828340567,344.4617182834057,1.6900000000000013
307,18,164.89013867072146,328.89013867072146,1.435000000000001
308,5,289.53570316340586,409.53570316340586,1.7750000000000012
308,16,200.5526730043348,436.5526730043348,0.8850000000000005
308,20,193.7953401824123,423.7953401824123,0.9350000000000005
308,12,149.99212015258198,308.00787984741805,1.320000000000001
308,8,202.64534241451145,441.64534241451145,0.8450000000000004
308,17,204.6714669500346,445.3285330499654,0.8050000000000004
308,1,154.5,328.2309191684785,1.575000000000001
308,19,154.3310429719659,327.33104297196587,1.560000000000001
308,6,194.74341050789488,424.74341050789485,0.9300000000000005
308,11,252.10318702096868,287.1031870209687,1.6550000000000011
308,9,453.5,787.2377860631437,0.0
308,14,162.9588998376803,349.0411001623197,1.8850000000000013
308,3,243.52294432444066,280.4770556755593,1.1300000000000008
308,7,251.50000000000003,286.0032445833124,1.6650000000000011
308,4,252.11295277272583,287.1129527727258,1.6550000000000011
308,13,277.04652025512183,380.95347974487817,1.4800000000000009
308,15,281.5,389.3683953038453,1.3900000000000008
308,2,255.2894059258576,293.28940592585764,1.6950000000000012
308,10,173.67083227943291,343.67083227943294,1.7000000000000013
308,18,164.5,327.6439739917251,1.445000000000001
309,5,290.19025239520124,408.80974760479876,1.7900000000000014
309,16,199.9001247704641,434.9001247704641,0.9000000000000005
309,20,194.59129627822057,422.40870372177943,0.9500000000000005
309,12,148.88280006783992,307.8828000678399,1.320000000000001
309,8,202.5,439.812693391608,0.8600000000000004
309,17,205.01096058450162,444.0109605845016,0.8200000000000004
309,1,154.13779120770425,327.13779120770425,1.5850000000000013
309,19,153.44002804249203,326.44002804249203,1.5700000000000012
309,6,193.64050388739795,423.3594961126021,0.9450000000000005
309,11,251.50000000000003,286.197523985411,1.6650000000000011
309,9,452.73081909827084,788.2691809017292,0.0
309,14,163.5,348.340040720746,1.8950000000000014
309,3,242.49999999999997,279.11689204426,1.1400000000000008
309,7,251.04631464471473,285.0463146447147,1.6750000000000012
309,4,251.50000000000003,286.2113348439927,1.6650000000000011
309,13,277.00085463388757,380.00085463388757,1.495000000000001
309,15,281.08327489363967,388.08327489363967,1.4050000000000011
309,2,254.50221640051976,292.5022164005198,1.7050000000000012
309,10,174.11267159152752,342.8873284084725,1.7100000000000013
309,18,164.32215168072415,326.3221516807242,1.455000000000001
310,5,290.0942954457025,408.0942954457025,1.8050000000000013
310,16,199.2395376990859,433.2395376990859,0.9150000000000005
310,20,195.01386889827833,421.01386889827836,0.9650000000000005
310,12,147.48058676428442,307.48058676428445,1.320000000000001
310,8,201.5,438.3228638163139,0.8750000000000004
310,17,203.68559809080497,442.685598090805,0.8350000000000004
310,1,153.26666057915108,326.2666605791511,1.595000000000001
310,19,152.55700456888363,325.55700456888366,1.580000000000001
310,6,195.03260055159342,421.9673994484066,0.9600000000000005
310,11,251.18369092738354,285.1836909273835,1.6750000000000012
310,9,453.223775056331,789.2237750563311,0.0
310,14,163.44641452606578,347.4464145260658,1.9050000000000014
310,3,241.6533586367938,277.6533586367938,1.1500000000000008
310,7,250.13834828345028,284.5,1.6850000000000012
310,4,251.19345667914067,285.19345667914064,1.6750000000000012
310,13,276.0607951853716,379.0607951853716,1.5100000000000011
310,15,280.5,386.88604449664837,1.4200000000000008
310,2,253.72238742288678,291.72238742288675,1.7150000000000012
310,10,174.1111636257724,342.1111636257724,1.7200000000000013
310,18,163.34401251899536,325.3440125189954,1.465000000000001
311,5,289.38925976043515,407.38925976043515,1.8200000000000012
311,16,197.86375748011272,431.8637574801127,0.9300000000000005
311,20,193.3178940210154,420.3178940210154,0.9800000000000005
311,12,146.3712666795424,306.3712666795424,1.320000000000001
311,8,200.727530527534,436.727530527534,0.8900000000000005
311,17,202.5,441.29126138669557,0.8500000000000004
311,1,152.4033965391461,325.40339653914606,1.6050000000000013
311,19,151.68192213152523,324.6819221315252,1.5900000000000012
311,6,194.56707213838234,420.56707213838234,0.9750000000000005
311,11,250.3326276855489,284.5,1.6850000000000012
311,9,454.1783692109329,790.1783692109329,0.0
311,14,162.8054203680174,346.8054203680174,1.9150000000000014
311,3,240.38140619711348,276.3814061971135,1.1600000000000008
311,7,249.15678702935534,284.1567870293553,1.6950000000000012
311,4,250.34643854413062,284.5,1.6850000000000012
311,13,275.5,377.9812342067717,1.525000000000001
311,15,279.7687935547586,385.7687935547586,1.435000000000001
311,2,252.94987619883483,290.94987619883483,1.7250000000000012
311,10,173.34229538565444,341.34229538565444,1.7300000000000013
311,18,162.374435635664,324.37443563566404,1.475000000000001
312,5,288.69455505029947,406.69455505029947,1.8350000000000013
312,16,196.52015691518008,430.4798430848199,0.9450000000000005
312,20,192.5,418.6606879656088,0.9950000000000006
312,12,145.26194659480035,305.26194659480035,1.320000000000001
312,8,200.07230794487154,435.0723079448715,0.9050000000000005
312,17,202.42553207741932,439.4255320774193,0.8650000000000004
312,1,151.54795022657564,324.5479502265756,1.615000000000001
312,19,152.18526905697158,323.81473094302845,1.600000000000001
312,6,192.86557230076565,419.8655723007656,0.9900000000000005
312,11,249.29416331202418,284.2941633120241,1.6950000000000012
312,9,455.13296336553475,791.1329633655348,0.0
312,14,162.17098169390536,346.17098169390533,1.9250000000000014
312,3,239.12025768703558,275.1202576870356,1.1700000000000008
312,7,248.36959750401746,283.36959750401746,1.7050000000000012
312,4,249.3039290637813,284.30392906378125,1.6950000000000012
312,13,275.5,376.6868069080092,1.540000000000001
312,15,278.77770076167417,384.77770076167417,1.4500000000000008
312,2,252.1846404289741,290.1846404289741,1.7350000000000012
312,10,172.58068163288462,340.58068163288465,1.7400000000000013
312,18,161.3774770299917,323.5,1.485000000000001
313,5,288.5,405.8071728283423,1.8500000000000014
313,16,197.91225357937557,429.0877464206244,0.9600000000000005
313,20,191.5,417.0296131169006,1.0100000000000007
313,12,144.5,304.0087396993156,1.320000000000001
313,8,199.4090307128558,433.40903071285584,0.9200000000000005
313,17,201.5,437.90111175548657,0.8800000000000004
313,1,152.29972661644445,323.70027338355555,1.6250000000000013
313,19,153.04461816358537,322.95538183641463,1.6100000000000012
313,6,192.12019536183888,418.1201953618389,1.0050000000000006
313,11,248.5069737866863,283.5069737866863,1.7050000000000012
313,9,456.0875575201366,792.0875575201367,0.0
313,14,161.54306453733926,345.54306453733926,1.9350000000000014
313,3,237.8698211571083,273.8698211571083,1.1800000000000008
313,7,247.58976852638446,282.5897685263845,1.7150000000000012
313,4,248.51673953844343,283.5167395384434,1.7050000000000012
313,13,275.43610114966253,375.43610114966253,1.555000000000001
313,15,278.5,383.50943051503583,1.4650000000000012
313,2,251.5733616998815,289.42663830011855,1.7450000000000012
313,10,171.82628079424137,339.82628079424137,1.7500000000000013
313,18,160.16784484725196,323.16784484725196,1.495000000000001
314,5,288.5,404.8535775028528,1.8650000000000013
314,16,197.6874191106002,427.68741911060016,0.9750000000000005
314,20,192.44681109535588,415.4468110953559,1.0250000000000006
314,12,144.45751998768935,302.45751998768935,1.320000000000001
314,8,198.0305444279133,432.0305444279133,0.9350000000000005
314,17,200.5,436.39625743121877,0.8950000000000005
314,1,153.1396816556714,322.8603183443286,1.6350000000000011
314,19,153.10382625358997,322.10382625359,1.620000000000001
314,6,191.60653456831974,416.3934654316803,1.0200000000000005
314,11,247.72714480905327,282.7271448090533,1.7150000000000012
314,9,457.0421516747385,793.0421516747385,0.0
314,14,160.92163528210008,344.92163528210006,1.9450000000000014
314,3,236.63000620979716,272.63000620979716,1.1900000000000008
314,7,246.81725730233254,281.81725730233256,1.7250000000000012
314,4,247.7369105608104,282.73691056081043,1.7150000000000012
314,13,274.5450862201887,374.5450862201887,1.5700000000000012
314,15,277.54135089296705,382.54135089296705,1.4800000000000009
314,2,252.32417152304888,288.67582847695115,1.7550000000000012
314,10,171.5,338.9046893044671,1.7600000000000013
314,18,159.22361076780942,322.2236107678094,1.505000000000001
315,5,288.08580602678865,404.08580602678865,1.8800000000000012
315,16,196.2788124917969,426.27881249179694,0.9900000000000005
315,20,190.84580596147046,414.5,1.0400000000000005
315,12,143.3481999029473,301.34819990294733,1.320000000000001
315,8,196.64390796728043,430.6439079672804,0.9500000000000005
315,17,199.76874073440098,434.768740734401,0.9100000000000005
315,1,153.0280380244326,322.0280380244326,1.6450000000000014
315,19,152.26001623410443,321.26001623410446,1.6300000000000012
315,6,191.9780035002559,414.9780035002559,1.0350000000000006
315,11,246.95463358500135,281.9546335850014,1.7250000000000012
315,9,457.49999999999994,794.2025046889054,0.0
315,14,160.3066606567527,344.3066606567527,1.9550000000000014
315,3,235.4007239605239,271.4007239605239,1.2000000000000008
315,7,246.0520215324718,281.05202153247177,1.7350000000000012
315,4,246.96439933675848,281.9643993367585,1.7250000000000012
315,13,274.6268536914509,373.3731463085491,1.585000000000001
315,15,276.58872578197645,381.58872578197645,1.495000000000001
315,2,252.5,287.6969672456415,1.7650000000000012
315,10,171.0460607084456,338.0460607084456,1.7700000000000014
315,18,158.28771214976206,321.28771214976206,1.515000000000001
316,5,287.43159757339475,403.43159757339475,1.8950000000000014
316,16,194.82632877168362,424.8263287716836,1.0050000000000006
316,20,189.64685045918813,413.3531495408119,1.0550000000000006
316,12,142.76112018179472,300.23887981820525,1.320000000000001
316,8,197.75092685622067,429.24907314377936,0.9650000000000005
316,17,199.10276805038504,433.10276805038507,0.9250000000000005
316,1,152.20338591013143,321.20338591013143,1.6550000000000011
316,19,151.5,320.3923845763625,1.640000000000001
316,6,190.28775873542676,414.28775873542673,1.0500000000000007
316,11,246.1893978151406,281.1893978151406,1.7350000000000012
316,9,456.75576679724435,795.2442332027556,0.0
316,14,159.69810772936876,343.69810772936876,1.9650000000000014
316,3,234.1818869999985,270.18188699999854,1.2100000000000009
316,7,245.29401940361623,280.29401940361623,1.7450000000000012
316,4,246.19916356689774,281.1991635668977,1.7350000000000012
316,13,275.4940448799477,372.5059551200523,1.600000000000001
316,15,277.3513336665395,380.6486663334605,1.510000000000001
316,2,251.90272952825427,286.90272952825427,1.7750000000000012
316,10,170.5,337.23561824822394,1.7800000000000014
316,18,157.36009415415114,320.3600941541511,1.525000000000001
317,5,286.7873128250525,402.7873128250525,1.9100000000000015
317,16,193.60750793966156,423.39249206033844,1.0200000000000005
317,20,189.97954681389635,411.9795468138964,1.0700000000000007
317,12,143.12955973346322,299.1295597334632,1.320000000000001
317,8,197.84599148532985,427.8459914853299,0.9800000000000005
317,17,197.72157037682572,431.72157037682575,0.9400000000000005
317,1,151.5,320.3392266133997,1.6650000000000014
317,19,151.5,319.2207645888467,1.6500000000000012
317,6,190.09173931875614,412.90826068124386,1.0650000000000006
317,11,245.43139568628504,280.43139568628504,1.7450000000000012
317,9,457.19882735735746,796.1988273573575,0.0
317,14,159.9040560976437,343.0959439023563,1.9750000000000014
317,3,232.97340935779167,268.97340935779164,1.2200000000000009
317,7,244.54320958044886,279.54320958044883,1.7550000000000012
317,4,245.44116143804217,280.4411614380422,1.7450000000000012
317,13,274.65050880748186,371.65050880748186,1.615000000000001
317,15,276.72104833784954,379.72104833784954,1.5250000000000012
317,2,251.50000000000003,286.0379103399375,1.7850000000000013
317,10,170.29420509307664,336.29420509307664,1.7900000000000014
317,18,156.44070265887478,319.4407026588748,1.535000000000001
318,5,286.8471258490596,402.1528741509404,1.9250000000000014
318,16,195.02296987108593,421.97703012891407,1.0350000000000006
318,20,188.6234661806889,410.6234661806889,1.0850000000000006
318,12,142.02023964872117,298.0202396487212,1.320000000000001
318,8,196.434614233265,426.434614233265,0.9950000000000006
318,17,196.6677935032643,430.3322064967357,0.9550000000000005
318,1,151.5,319.1943740475928,1.6750000000000012
318,19,151.5,318.05989992106254,1.660000000000001
318,6,189.54636641150867,411.5463664115087,1.0800000000000005
318,11,244.68058586311767,279.68058586311764,1.7550000000000012
318,9,458.15342151195927,797.1534215119593,0.0
318,14,160.4998630926059,342.5001369073941,1.9850000000000014
318,3,231.77520646709638,267.7752064670964,1.2300000000000009
318,7,243.79955119737588,280.2004488026241,1.7650000000000012
318,4,244.6903516148748,279.69035161487477,1.7550000000000012
318,13,273.51952402317465,371.5,1.6300000000000012
318,15,275.8057500171416,378.8057500171416,1.540000000000001
318,2,251.15791537156736,285.15791537156736,1.7950000000000013
318,10,169.5752615307139,335.5752615307139,1.8000000000000014
318,18,155.52948424472302,318.52948424472305,1.545000000000001
319,5,287.4717948746088,401.5282051253912,1.9400000000000013
319,16,194.57967858289837,420.5796785828984,1.0500000000000007
319,20,188.5,408.78125966727634,1.1000000000000005
319,12,142.08908043602085,296.9109195639791,1.320000000000001
319,8,194.9883769283071,424.9883769283071,1.0100000000000007
319,17,198.06537187184384,428.9346281281562,0.9700000000000005
319,1,151.5,318.0601167511645,1.6850000000000014
319,19,151.5,316.90972597610556,1.6700000000000013
319,6,188.5,410.0783283369851,1.0950000000000006
319,11,243.9369274800447,280.0630725199553,1.7650000000000012
319,9,458.5,798.359864001786,0.0
319,14,161.08934519953226,341.91065480046774,1.9950000000000014
319,3,230.58719513063136,266.58719513063136,1.2400000000000009
319,7,243.06300385056542,280.06300385056545,1.7750000000000012
319,4,243.94669323180182,280.0533067681982,1.7650000000000012
319,13,272.68152524928684,370.68152524928684,1.6450000000000011
319,15,275.5,377.65522229216094,1.555000000000001
319,2,250.41863069474132,284.5,1.8050000000000013
319,10,168.86329111677156,334.86329111677156,1.8100000000000014
319,18,154.33349296295978,318.3334929629598,1.555000000000001
320,5,286.9132305000438,400.9132305000438,1.9550000000000014
320,16,192.90728730990205,419.9072873099021,1.0650000000000006
320,20,189.37712893283566,407.37712893283566,1.1150000000000007
320,12,143.1984005207629,295.8015994792371,1.320000000000001
320,8,193.56069499729725,423.5606949972973,1.0250000000000006
320,17,197.5287867036657,427.52878670366573,0.9850000000000005
320,1,151.5,316.9363920298462,1.6950000000000012
320,19,150.9839385712079,315.9839385712079,1.680000000000001
320,6,188.7113618789203,408.2886381210797,1.1100000000000008
320,11,243.20038013323423,280.20038013323426,1.7750000000000012
320,9,459.3555030399764,799.3555030399764,0.0
320,14,161.3274659570049,341.3274659570049,2.0050000000000017
320,3,229.40929348763945,265.40929348763945,1.2500000000000009
320,7,242.49999999999997,279.2645724602502,1.7850000000000013
320,4,243.21014588499136,280.2101458849914,1.7750000000000012
320,13,271.8606699706568,369.8606699706568,1.660000000000001
320,15,275.5,376.3951368946221,1.570000000000001
320,2,249.44107172004283,284.4410717200428,1.8150000000000013
320,10,168.84174456849578,334.1582554315042,1.8200000000000014
320,18,153.43846319732097,317.43846319732097,1.565000000000001
321,5,286.228295883643,400.5,1.9700000000000015
321,16,192.25249982135344,418.2524998213534,1.0800000000000005
321,20,188.072196875294,406.072196875294,1.1300000000000008
321,12,142.69227939449505,294.6922793944951,1.320000000000001
321,8,194.84870113891466,422.1512988610853,1.0400000000000005
321,17,196.07002541407786,426.07002541407786,1.0000000000000004
321,1,151.02138623822216,316.02138623822214,1.7050000000000014
321,19,150.5,315.0554092722619,1.6900000000000013
321,6,188.9781244576259,406.9781244576259,1.1250000000000007
321,11,242.49999999999997,279.4588518623488,1.7850000000000013
321,9,458.68990280542175,800.3100971945782,0.0
321,14,160.75053906710767,340.75053906710764,2.0150000000000015
321,3,228.24142098193832,264.24142098193835,1.260000000000001
321,7,242.3181896938785,278.31818969387854,1.7950000000000013
321,4,242.49999999999997,279.47266272093054,1.7850000000000013
321,13,271.5,368.8652117982366,1.6750000000000012
321,15,275.25391067545144,375.25391067545144,1.5850000000000013
321,2,248.73948912355453,283.73948912355456,1.8250000000000013
321,10,169.5,333.44359617973794,1.8300000000000014
321,18,152.5514503382158,316.5514503382158,1.575000000000001
322,5,285.419175963072,400.419175963072,1.9850000000000014
322,16,191.5,416.6627382196592,1.0950000000000006
322,20,186.78386264162168,404.7838626416217,1.1450000000000007
322,12,142.2541410086124,293.2541410086124,1.330000000000001
322,8,194.7599266615667,420.75992666156674,1.0550000000000006
322,17,194.6300036776551,424.6300036776551,1.0150000000000006
322,1,150.5,315.1396887269976,1.720000000000001
322,19,150.1055441374124,314.10554413741244,1.7050000000000012
322,6,187.68428189975495,405.6842818997549,1.1400000000000006
322,11,242.4590670916574,278.45906709165746,1.8000000000000014
322,9,458.6025578402767,801.6025578402766,0.0
322,14,160.59285640154582,339.9634828376454,2.0300000000000016
322,3,227.0884439171891,263.08844391718907,1.2750000000000008
322,7,241.6062192799362,277.60621927993617,1.8100000000000014
322,4,242.46883284341456,278.4688328434146,1.8000000000000014
322,13,270.8328616639848,367.9544266708527,1.6900000000000013
322,15,274.5,374.3397971620987,1.600000000000001
322,2,248.04820931368315,283.0482093136832,1.8400000000000014
322,10,169.47935905360967,332.47935905360964,1.8450000000000013
322,18,151.3692948027009,316.3692948027009,1.5900000000000012
323,5,284.83284442117116,399.83284442117116,2.0000000000000013
323,16,192.2876647497379,415.2876647497379,1.1100000000000008
323,20,185.51191020194136,403.51191020194136,1.1600000000000006
323,12,141.0244683551752,292.5,1.340000000000001
323,8,193.09343071583774,420.09343071583777,1.0700000000000007
323,17,193.79155342340715,423.20844657659285,1.0300000000000007
323,1,150.18709246684782,314.18709246684784,1.7350000000000014
323,19,149.2587059694133,313.5,1.7200000000000013
323,6,186.40689251827047,404.40689251827047,1.1550000000000007
323,11,241.75056881804255,277.75056881804255,1.8150000000000013
323,9,459.58082512627385,802.5,0.0
323,14,160.27591859925266,339.2759185992527,2.0450000000000017
323,3,225.9501880737125,261.95018807371247,1.290000000000001
323,7,240.90463668344788,276.9046366834479,1.8250000000000013
323,4,241.7603345697997,277.76033456979974,1.8150000000000013
323,13,270.8888802946308,367.1111197053692,1.7050000000000012
323,15,274.7616200444292,373.2383799555708,1.615000000000001
323,2,247.36714864035878,282.36714864035883,1.8550000000000013
323,10,168.80168640405515,331.80168640405515,1.8600000000000014
323,18,150.50603076269587,315.5060307626959,1.605000000000001
324,5,284.7440824687261,399.2559175312739,2.0150000000000015
324,16,190.76057997515093,414.5,1.1250000000000007
324,20,184.96323585888328,401.96323585888325,1.1750000000000007
324,12,139.7898205073229,291.78982050732293,1.350000000000001
324,8,192.44445686381684,418.44445686381687,1.0850000000000006
324,17,195.19491285706147,421.80508714293853,1.0450000000000006
324,1,149.40481158774563,313.5,1.750000000000001
324,19,148.1764991652632,313.5,1.7350000000000012
324,6,185.5,402.999006371834,1.1700000000000008
324,11,241.0524298627462,277.05242986274624,1.8300000000000014
324,9,460.8046393682938,802.8046393682938,0.0
324,14,159.7267912458774,338.7267912458774,2.0600000000000014
324,3,224.82648326016619,260.8264832601662,1.3050000000000008
324,7,240.2133568735765,276.2133568735765,1.8400000000000014
324,4,241.06219561450337,277.06219561450337,1.8300000000000014
324,13,271.3349549226691,366.3349549226691,1.720000000000001
324,15,275.39456993608525,372.39456993608525,1.630000000000001
324,2,246.69622480091726,281.69622480091726,1.8700000000000014
324,10,168.13412344797376,331.13412344797376,1.8750000000000013
324,18,150.36158196105777,314.36158196105777,1.6200000000000012
325,5,285.31167445746183,398.68832554253817,2.0300000000000016
325,16,189.6095846904003,413.3904153095997,1.1400000000000006
325,20,185.27657908842787,400.72342091157213,1.1900000000000008
325,12,138.7180748567542,290.71807485675424,1.360000000000001
325,8,191.5,416.94231582593784,1.1000000000000005
325,17,194.3863905940831,420.5,1.0600000000000005
325,1,148.3531198166314,313.5,1.7650000000000015
325,19,147.2239563085814,313.77604369141864,1.7500000000000013
325,6,184.60773625499425,401.6077362549942,1.1850000000000007
325,11,240.36456565896145,276.3645656589615,1.8450000000000013
325,9,461.75923352289567,803.7592335228957,0.0
325,14,159.1867956138433,338.1867956138433,2.0750000000000015
325,3,223.71716317542413,259.71716317542416,1.320000000000001
325,7,239.53229620025215,275.5322962002521,1.8550000000000013
325,4,240.3743314107186,276.37433141071864,1.8450000000000013
325,13,270.5697191528084,365.5697191528084,1.7350000000000012
325,15,274.5622896161892,371.5622896161892,1.6450000000000014
325,2,246.03535680780473,281.0353568078047,1.8850000000000013
325,10,167.47658962918317,330.47658962918314,1.8900000000000015
325,18,149.5216269218308,313.52162692183083,1.6350000000000011
326,5,285.87000026885795,398.12999973114205,2.0450000000000017
326,16,190.11302592811523,412.11302592811523,1.1550000000000007
326,20,184.50062785793432,399.4993721420657,1.2050000000000007
326,12,139.344449872936,289.655550127064,1.370000000000001
326,8,192.49101283477708,415.49101283477705,1.1150000000000007
326,17,192.75903791606495,419.759037916065,1.0750000000000006
326,1,147.37023996955625,313.6297600304438,1.7800000000000011
326,19,146.4802979255084,314.4802979255084,1.7650000000000012
326,6,185.37845400572095,400.378454005721,1.2000000000000006
326,11,239.68689300940696,275.68689300940696,1.8600000000000014
326,9,462.49999999999994,804.8023980015278,0.0
326,14,158.655865927876,337.655865927876,2.0900000000000016
326,3,222.62206527669923,258.62206527669923,1.3350000000000009
326,7,238.8613723608106,274.8613723608106,1.8700000000000014
326,4,239.69665876116412,275.6966587611641,1.8600000000000014
326,13,269.8153183141651,364.8153183141651,1.7500000000000013
326,15,273.4485411187457,371.4485411187457,1.660000000000001
326,2,245.3844649573062,280.3844649573062,1.9000000000000012
326,10,166.8290056651366,329.8290056651366,1.9050000000000014
326,18,148.35896509864975,313.5,1.6500000000000012
327,5,286.4191276222332,397.5808723777668,2.0600000000000014
327,16,188.85187741803733,410.8518774180373,1.1700000000000008
327,20,185.2908944998588,398.29089449985884,1.2200000000000006
327,12,140.39782074358388,288.6021792564161,1.380000000000001
327,8,191.0560511776767,414.5,1.1300000000000008
327,17,192.11585097111404,418.115850971114,1.0900000000000007
327,1,146.64779529208337,314.3522047079166,1.7950000000000015
327,19,145.74729108755997,313.74729108756,1.7800000000000014
327,6,184.83519263788017,399.1648073621198,1.2150000000000007
327,11,239.01933005332558,275.0193300533256,1.8750000000000013
327,9,462.03868494908716,805.9613150509128,0.0
327,14,158.13393735348,337.13393735348,2.105
327,3,221.54103065356,257.54103065356,1.350000000000001
327,7,238.20050436769807,274.20050436769804,1.8850000000000013
327,4,239.0290958050827,275.0290958050827,1.8750000000000013
327,13,269.92834006890786,364.07165993109214,1.7650000000000012
327,15,272.63900810600484,370.63900810600484,1.6750000000000012
327,2,244.7434707992578,279.7434707992578,1.9150000000000014
327,10,166.0634231048844,329.5,1.9200000000000015
327,18,147.29031018402696,313.70968981597304,1.6650000000000011
328,5,286.0408767457327,397.0408767457327,2.0750000000000015
328,16,188.5,409.23677195564625,1.1850000000000007
328,20,184.5,396.93120005484894,1.2350000000000008
328,12,139.55789615138917,287.5578961513892,1.390000000000001
328,8,189.60485332474963,413.6048533247496,1.1450000000000007
328,17,191.51013319938733,416.4898668006127,1.1050000000000006
328,1,145.93582487814106,313.93582487814103,1.8100000000000012
328,19,144.82803134893493,313.5,1.7950000000000013
328,6,184.96660447142455,397.96660447142455,1.2300000000000009
328,11,238.36179623453498,274.36179623453495,1.8900000000000015
328,9,461.91590920551477,806.9159092055147,0.0
328,14,157.6149949016484,336.6149949016484,2.11
328,3,220.47390390751613,256.47390390751616,1.3650000000000009
328,7,237.54961251719953,273.54961251719953,1.9000000000000015
328,4,238.3715619862921,274.3715619862921,1.8900000000000015
328,13,270.5,363.2718210160769,1.7800000000000011
328,15,271.8406964163607,369.8406964163607,1.690000000000001
328,2,244.11229710770428,279.88770289229575,1.9300000000000015
328,10,165.27048314157486,329.27048314157486,1.9350000000000014
328,18,146.48452873910233,314.48452873910236,1.6800000000000013
329,5,285.5099470597654,396.5099470597654,2.0900000000000016
329,16,189.20830580324773,407.79169419675225,1.2000000000000006
329,20,184.33410962102633,395.33410962102636,1.2500000000000009
329,12,138.52263566614997,286.52263566614994,1.400000000000001
329,8,190.3329008850693,412.3329008850693,1.1600000000000006
329,17,192.1737466687775,415.17374666877754,1.1200000000000006
329,1,145.124161830408,313.5,1.8250000000000015
329,19,144.01998277733134,313.01998277733134,1.8100000000000014
329,6,184.5,396.4869396150042,1.2450000000000008
329,11,237.71421227048842,273.7142122704884,1.9050000000000014
329,9,462.8705033601166,807.8705033601166,0.0
329,14,157.09903150462887,336.09903150462884,2.115
329,3,219.42053303686828,255.42053303686828,1.380000000000001
329,7,236.90861835915115,272.90861835915115,1.9150000000000014
329,4,237.72397802224555,273.72397802224555,1.9050000000000014
329,13,270.32331519685744,362.32331519685744,1.7950000000000013
329,15,271.5,368.86856338977833,1.7050000000000014
329,2,243.49086785246507,280.4908678524651,1.9450000000000014
329,10,164.65228533886938,328.6522853388694,1.9500000000000015
329,18,145.6899353684712,313.6899353684712,1.6950000000000012
330,5,285.5,395.7759487983251,2.1050000000000013
330,16,188.57804755315112,406.5780475531511,1.2150000000000007
330,20,183.17122187459512,394.1712218745951,1.2650000000000008
330,12,138.20344036340643,285.20344036340646,1.410000000000001
330,8,189.07711976082467,411.07711976082464,1.1750000000000007
330,17,190.61522779525026,414.5,1.1350000000000007
330,1,144.25006925296793,313.25006925296793,1.8400000000000012
330,19,143.5,312.24317907282375,1.8250000000000013
330,6,184.02999918869,395.02999918869,1.2600000000000007
330,11,237.07650012230621,273.0765001223062,1.9200000000000015
330,9,463.5,808.9597573144085,0.0
330,14,156.58604012804693,335.58604012804693,2.12
330,3,218.38076932653726,254.38076932653726,1.395000000000001
330,7,236.27744466759762,272.2774446675976,1.9300000000000015
330,4,237.08626587406334,273.0862658740633,1.9200000000000015
330,13,269.6113447829151,361.6113447829151,1.8100000000000014
330,15,270.9844488895093,367.9844488895093,1.720000000000001
330,2,242.8791081715745,279.87910817157456,1.9600000000000013
330,10,164.5,327.8547401882514,1.9650000000000014
330,18,144.66056737358224,313.5,1.7100000000000013
331,5,285.182133889974,395.182133889974,2.1200000000000014
331,16,187.37984466245587,405.37984466245587,1.2300000000000009
331,20,182.0231710395024,393.0231710395024,1.2800000000000007
331,12,137.5,284.0559841337215,1.420000000000001
331,8,188.5,409.56280747955145,1.1900000000000008
331,17,189.7013715555598,413.29862844444017,1.1500000000000008
331,1,143.56900857964357,312.5690085796436,1.8550000000000015
331,19,143.6657728478418,311.33422715215823,1.8400000000000014
331,6,182.87702212394075,393.8770221239408,1.2750000000000008
331,11,236.44858296574012,272.4485829657401,1.9350000000000014
331,9,463.5,810.3097573144086,0.0
331,14,156.0760137706701,335.0760137706701,2.125
331,3,217.29418560072554,253.5,1.410000000000001
331,7,235.6560154123584,271.65601541235844,1.9450000000000014
331,4,236.45834871749724,272.45834871749724,1.9350000000000014
331,13,268.90976218642686,360.90976218642686,1.8250000000000013
331,15,270.78078688035146,367.21921311964854,1.7350000000000012
331,2,242.49999999999997,279.1845516669157,1.9750000000000014
331,10,164.5,327.0076525718289,1.9800000000000015
331,18,143.8410270546454,312.8410270546454,1.7250000000000012
332,5,284.6780166987117,394.6780166987117,2.1350000000000016
332,16,186.19689832304934,404.1968983230493,1.2450000000000008
332,20,180.8897842545951,391.8897842545951,1.2950000000000008
332,12,136.88456582610183,282.88456582610183,1.430000000000001
332,8,188.97253039361985,408.0274696063802,1.2050000000000007
332,17,190.0320895617958,412.0320895617958,1.1650000000000007
332,1,143.5,311.6487632761944,1.8700000000000012
332,19,144.34683352116616,310.65316647883384,1.8550000000000013
332,6,181.73876628046418,392.7387662804642,1.290000000000001
332,11,235.83038516303463,271.83038516303463,1.9500000000000015
332,9,463.61296548036245,811.6129654803624,0.0
332,14,155.56894546417422,334.56894546417425,2.13
332,3,215.85535483219698,253.5,1.420000000000001
332,7,235.04425573146784,271.04425573146784,1.9600000000000015
332,4,235.84015091479176,271.84015091479176,1.9500000000000015
332,13,268.5,360.1018739588777,1.8400000000000012
332,15,271.46481228100527,366.46481228100527,1.750000000000001
332,2,242.39141054772813,278.3914105477281,1.9900000000000015
332,10,164.2694824691006,326.26948246910064,1.9950000000000014
332,18,143.5,311.9052005873587,1.7400000000000013
333,5,284.18271156260755,394.18271156260755,2.1500000000000017
333,16,185.5,402.83394192336624,1.2600000000000007
333,20,179.77089264030064,390.77089264030064,1.310000000000001
333,12,135.88476261714314,281.88476261714317,1.440000000000001
333,8,188.8189919641733,406.8189919641733,1.2200000000000006
333,17,188.7816530318685,410.7816530318685,1.1800000000000006
333,1,144.05567647172396,310.9443235282761,1.8850000000000016
333,19,144.5,309.7677805186101,1.8700000000000014
333,6,180.61506146691787,391.6150614669179,1.3050000000000008
333,11,235.22183223565068,271.2218322356507,1.9650000000000014
333,9,464.56755963496425,812.5675596349643,0.0
333,14,155.5,333.88457424159077,2.1350000000000002
333,3,214.44980626767568,253.55019373232432,1.430000000000001
333,7,234.4420919044554,270.44209190445537,1.9750000000000014
333,4,235.2315979874078,271.23159798740784,1.9650000000000014
333,13,268.2445284844177,359.2445284844177,1.8550000000000013
333,15,270.7211538979323,365.7211538979323,1.7650000000000015
333,2,241.8082217042653,277.8082217042653,2.0050000000000017
333,10,163.68942849667434,325.68942849667434,2.0100000000000016
333,18,143.96428974010527,311.0357102598947,1.7550000000000012
334,5,283.6961572154293,393.6961572154293,2.165000000000002
334,16,184.5831555337855,401.5831555337855,1.2750000000000008
334,20,180.33366883737236,389.6663311626276,1.3250000000000008
334,12,136.10633017594125,280.89366982405875,1.450000000000001
334,8,187.6258951659596,405.6258951659596,1.2350000000000008
334,17,188.5,409.1524177475345,1.1950000000000007
334,1,144.5,310.2078682771563,1.9000000000000012
334,19,144.02848142746632,309.0284814274663,1.8850000000000013
334,6,179.50574138217584,390.5057413821758,1.3200000000000007
334,11,234.6228508378192,270.62285083781916,1.9800000000000015
334,9,465.5221537895661,813.5221537895661,0.0
334,14,155.5,333.1758086172709,2.14
334,3,213.4292936475604,254.5,1.440000000000001
334,7,233.8494513264349,269.8494513264349,1.9900000000000015
334,4,234.63261658957632,270.6326165895763,1.9800000000000015
334,13,267.5736046449762,358.5736046449762,1.8700000000000014
334,15,269.9881470599839,364.9881470599839,1.7800000000000011
334,2,241.2344141469944,277.2344141469944,2.0200000000000014
334,10,163.1187325604456,325.1187325604456,2.0250000000000017
334,18,144.5,310.2109523079681,1.7700000000000014
335,5,283.2182932369788,393.2182932369788,2.1800000000000015
335,16,185.4448996903089,400.4448996903089,1.290000000000001
335,20,179.5759385032908,388.57593850329084,1.3400000000000007
335,12,135.91122758097453,279.9112275809745,1.460000000000001
335,8,186.4479935229677,404.4479935229677,1.2500000000000009
335,17,189.25750794707727,407.7424920529227,1.2100000000000009
335,1,144.35954430091567,309.3595443009157,1.9150000000000016
335,19,143.37758957696778,308.3775895769678,1.9000000000000015
335,6,180.4106434834509,389.4106434834509,1.3350000000000009
335,11,234.0333687308928,270.0333687308928,1.9950000000000014
335,9,466.4767479441679,814.476747944168,0.0
335,14,155.5203667821177,332.4796332178823,2.145
335,3,212.16601704681915,254.83398295318085,1.450000000000001
335,7,233.26626248297208,269.2662624829721,2.0050000000000017
335,4,234.04313448264992,270.0431344826499,1.9950000000000014
335,13,266.9127366518636,357.9127366518636,1.8850000000000013
335,15,269.734297617489,364.265702382511,1.7950000000000013
335,2,240.6699184699567,276.6699184699567,2.0350000000000015
335,10,162.55732559678742,324.55732559678745,2.0400000000000014
335,18,144.27324293766387,309.2732429376639,1.7850000000000013
336,5,282.74906003568765,392.74906003568765,2.1950000000000016
336,16,184.67880512323742,399.3211948767626,1.3050000000000008
336,20,178.50044306438082,387.4995569356192,1.3550000000000009
336,12,134.7043306956434,279.5,1.470000000000001
336,8,185.5,403.19609367470224,1.2650000000000008
336,17,188.5391622709411,406.5391622709411,1.2250000000000008
336,1,143.72837060936214,308.7283706093621,1.9300000000000013
336,19,142.7365954189194,307.7365954189194,1.9150000000000014
336,6,179.32960886031165,388.3296088603117,1.350000000000001
336,11,233.4533147584665,269.4533147584665,2.0100000000000016
336,9,467.4313420987698,815.4313420987698,0.0
336,14,156.01567191822187,331.98432808177813,2.15
336,3,211.18357480373493,255.81642519626507,1.460000000000001
336,7,232.6924549257012,268.6924549257012,2.0200000000000014
336,4,233.46308051022362,269.4630805102236,2.0100000000000016
336,13,266.2618448013651,357.2618448013651,1.9000000000000012
336,15,270.4462680314313,363.5537319685687,1.8100000000000012
336,2,240.11466628663385,276.1146662866339,2.0500000000000016
336,10,162.0051395540077,324.0051395540077,2.0550000000000015
336,18,143.55429937530113,308.5542993753011,1.8000000000000014
337,5,282.5,392.2007507579574,2.2100000000000017
337,16,185.21187479202055,398.2118747920205,1.3200000000000007
337,20,179.43703220592894,386.437032205929,1.370000000000001
337,12,133.67916613232916,278.67916613232916,1.480000000000001
337,8,184.8441617226303,401.8441617226303,1.2800000000000007
337,17,187.35115093447607,405.3511509344761,1.2400000000000007
337,1,143.10694135412294,308.10694135412297,1.9450000000000016
337,19,142.10542172736587,307.10542172736587,1.9300000000000015
337,6,178.7375178857322,387.2624821142678,1.3650000000000009
337,11,232.8826188222378,268.88261882223776,2.0250000000000017
337,9,466.61406374662823,816.3859362533717,0.0
337,14,156.5,331.48861082981796,2.1550000000000002
337,3,210.20972406206786,256.7902759379321,1.470000000000001
337,7,232.12795924866353,268.1279592486635,2.0350000000000015
337,4,232.89238457399492,268.8923845739949,2.0250000000000017
337,13,265.6208506433167,356.6208506433167,1.9150000000000014
337,15,270.5,362.5838008556042,1.8250000000000015
337,2,239.56859020765117,275.5685902076512,2.0650000000000013
337,10,161.44641172912236,323.5,2.0700000000000016
337,18,142.84580110168625,307.8458011016863,1.8150000000000013
338,5,282.5,391.5613180677578,2.2250000000000014
338,16,184.5,396.9580406850839,1.3350000000000009
338,20,178.5,385.3419099025631,1.385000000000001
338,12,133.42943121543072,277.4294312154307,1.490000000000001
338,8,185.28922506227698,400.710774937723,1.2950000000000008
338,17,186.17827384933656,404.17827384933656,1.2550000000000008
338,1,142.4951816732324,307.49518167323237,1.9600000000000013
338,19,141.4839924721267,306.48399247212666,1.9450000000000014
338,6,179.20911124361993,386.20911124361993,1.3800000000000008
338,11,232.3212118585796,268.3212118585796,2.0400000000000014
338,9,467.3405304079735,817.3405304079736,0.0
338,14,156.5,330.796403464437,2.16
338,3,209.13853631036025,257.5,1.480000000000001
338,7,231.57270706534067,267.5727070653407,2.0500000000000016
338,4,232.33097761033673,268.33097761033673,2.0400000000000014
338,13,265.5,355.7782942239919,1.9300000000000015
338,15,269.8679763433956,361.8679763433956,1.8400000000000012
338,2,239.03162381912625,275.03162381912625,2.0800000000000014
338,10,160.69130029146874,323.5,2.0850000000000017
338,18,142.14766214638993,307.1476621463899,1.8300000000000014
339,5,282.5,390.93384510900097,2.2400000000000015
339,16,184.44995583252947,395.4499558325295,1.350000000000001
339,20,178.5,383.8778304837488,1.4000000000000008
339,12,132.51899138724661,276.4810086127534,1.500000000000001
339,8,184.59188332342853,399.59188332342853,1.310000000000001
339,17,185.5,402.82167415957224,1.270000000000001
339,1,141.89301784621992,306.8930178462199,1.9750000000000016
339,19,140.87223279123612,305.8722327912361,1.9600000000000015
339,6,178.5,385.0323867971451,1.395000000000001
339,11,231.7690258157999,267.76902581579986,2.0550000000000015
339,9,468.2951245625754,818.2951245625754,0.0
339,14,156.22303455249232,330.2230345524923,2.165
339,3,207.9946716570046,258.0053283429954,1.490000000000001
339,7,231.026630986358,267.026630986358,2.0650000000000013
339,4,231.77879156755702,267.778791567557,2.0550000000000015
339,13,265.07535447771056,355.07535447771056,1.9450000000000014
339,15,269.18691567007124,361.18691567007124,1.8550000000000013
339,2,238.50370166164015,274.50370166164015,2.0950000000000015
339,10,160.11034793501182,323.1103479350118,2.1000000000000014
339,18,141.45979794260518,306.4597979426052,1.8450000000000013
340,5,282.3714847997676,390.3714847997676,2.2550000000000017
340,16,183.38282908648563,394.38282908648563,1.3650000000000009
340,20,177.74531981639973,382.74531981639973,1.415000000000001
340,12,133.45905083576258,275.5409491642374,1.5100000000000011
340,8,185.48732184575553,398.4873218457555,1.3250000000000008
340,17,184.58431416850738,401.5843141685074,1.2850000000000008
340,1,141.3003772681994,306.30037726819944,1.9900000000000013
340,19,140.27006896422367,305.27006896422364,1.9750000000000014
340,6,178.5,383.5809764709594,1.410000000000001
340,11,231.22599363206254,267.2259936320625,2.0700000000000016
340,9,467.75028128282275,819.2497187171772,0.0
340,14,155.73938366697186,329.7393836669719,2.17
340,3,207.04624905432726,258.95375094567277,1.500000000000001
340,7,230.48966459783307,266.48966459783304,2.0800000000000014
340,4,231.23575938381967,267.23575938381964,2.0700000000000016
340,13,264.53640520318,354.46359479682,1.9600000000000013
340,15,268.51599183062973,360.51599183062973,1.8700000000000012
340,2,237.98475920980854,273.98475920980854,2.1100000000000017
340,10,159.59438453799228,322.59438453799225,2.1150000000000015
340,18,140.78212529305065,305.7821252930507,1.8600000000000014
341,5,281.94453945289314,389.94453945289314,2.270000000000002
341,16,182.32945821583775,393.32945821583775,1.3800000000000008
341,20,177.44385227250152,381.4438522725015,1.430000000000001
341,12,132.60919766714295,274.60919766714295,1.5200000000000011
341,8,184.5,397.35423585754853,1.3400000000000007
341,17,185.4557776788914,400.45577767889137,1.3000000000000007
341,1,140.7171884247366,305.7171884247366,2.0050000000000017
341,19,139.67742838620316,304.6774283862032,1.9900000000000015
341,6,177.54427610045693,382.54427610045695,1.425000000000001
341,11,230.69204921394612,266.6920492139461,2.0850000000000017
341,9,467.49999999999994,820.4960488154238,0.0
341,14,155.258629560798,329.258629560798,2.1750000000000003
341,3,206.1061896058113,259.89381039418873,1.5100000000000011
341,7,229.96174244034697,265.96174244034694,2.0950000000000015
341,4,230.70181496570325,266.70181496570325,2.0850000000000017
341,13,265.13856903019246,353.86143096980754,1.9750000000000014
341,15,268.5,359.5880073849657,1.8850000000000016
341,2,237.47473285243174,273.4747328524317,2.1250000000000018
341,10,159.0873162314964,322.0873162314964,2.1300000000000017
341,18,140.11456233696927,305.1145623369693,1.8750000000000013
342,5,281.52588381811734,389.52588381811734,2.285000000000002
342,16,181.28969450550673,392.28969450550676,1.395000000000001
342,20,176.5,380.4270432770329,1.445000000000001
342,12,131.68569964270827,273.6856996427083,1.5300000000000011
342,8,184.5,395.8320024462589,1.3550000000000009
342,17,184.65831907219282,399.3416809278072,1.3150000000000008
342,1,140.14338086746574,305.14338086746574,2.0200000000000014
342,19,139.5,303.9261680582687,2.0050000000000012
342,6,177.2515796726848,381.2515796726848,1.4400000000000008
342,11,230.16712741561744,266.1671274156174,2.1000000000000014
342,9,467.7446934640077,821.7446934640077,0.0
342,14,154.78076558234753,328.7807655823475,2.18
342,3,205.17443810871683,260.8255618912832,1.5200000000000011
342,7,229.44279998851533,265.44279998851533,2.1100000000000017
342,4,230.17689316737457,266.17689316737454,2.1000000000000014
342,13,265.5,353.1730202363143,1.9900000000000015
342,15,267.9113387682052,358.9113387682052,1.9000000000000012
342,2,236.97355987320321,272.9735598732032,2.1400000000000015
342,10,158.58908059332217,321.58908059332214,2.145000000000002
342,18,139.5,304.43922914761305,1.8900000000000015
343,5,281.5,388.956183485452,2.3000000000000016
343,16,180.2633924215767,391.26339242157667,1.410000000000001
343,20,176.17307634455915,379.17307634455915,1.4600000000000009
343,12,130.7704013220003,272.7704013220003,1.5400000000000011
343,8,183.67223645142997,394.67223645142997,1.370000000000001
343,17,185.2418601339703,398.2418601339703,1.330000000000001
343,1,139.57888519042805,304.578885190428,2.0350000000000015
343,19,139.227538766656,303.227538766656,2.020000000000002
343,6,176.5,380.1674046694245,1.455000000000001
343,11,229.65116401859788,265.6511640185979,2.1150000000000015
343,9,468.5,822.7818352530506,0.0
343,14,154.5,328.2253386692181,2.185
343,3,204.25094008428215,261.74905991571785,1.5300000000000011
343,7,228.9327736311385,264.9327736311385,2.1250000000000018
343,4,229.660929770355,265.66092977035504,2.1150000000000015
343,13,265.3927083295108,352.3927083295108,2.0050000000000017
343,15,267.2703446101568,358.2703446101568,1.9150000000000014
343,2,236.48117843195726,272.4811784319573,2.1550000000000016
343,10,158.09961607127397,321.099616071274,2.1600000000000015
343,18,139.5,303.5234071228831,1.9050000000000014
344,5,281.42033220884906,388.42033220884906,2.3150000000000017
344,16,179.74959048969833,390.25040951030167,1.425000000000001
344,20,175.5,378.0806849168174,1.475000000000001
344,12,130.5,271.59949899391387,1.5500000000000012
344,8,182.62341766556492,393.6234176655649,1.385000000000001
344,17,184.5,397.0137300060805,1.3450000000000009
344,1,139.5,303.82631533798127,2.0500000000000016
344,19,138.6630430896183,302.6630430896183,2.0350000000000015
344,6,175.99807562587858,378.9980756258786,1.470000000000001
344,11,229.14409571210203,265.144095712102,2.1300000000000017
344,9,468.9467749920248,823.9467749920249,0.0
344,14,154.5,327.5576834172327,2.19
344,3,203.3397216701304,262.6602783298696,1.545000000000001
344,7,228.43160065190997,264.43160065191,2.1400000000000015
344,4,229.15386146385916,265.15386146385913,2.1300000000000017
344,13,264.81890077223994,351.81890077223994,2.0200000000000014
344,15,266.63917091860327,357.63917091860327,1.9300000000000013
344,2,235.9975275464368,271.99752754643686,2.1700000000000017
344,10,157.6188619651001,320.6188619651001,2.1750000000000016
344,18,138.8788391871365,302.8788391871365,1.9200000000000015
345,5,281.0262230738917,388.0262230738917,2.330000000000002
345,16,180.25060630134297,389.250606301343,1.4400000000000008
345,20,174.95376454432935,376.9537645443294,1.490000000000001
345,12,130.5,270.3280397557592,1.5600000000000012
345,8,181.58815718032568,392.5881571803257,1.4000000000000008
345,17,184.49862310161637,395.4986231016164,1.3600000000000008
345,1,139.18466370930904,303.184663709309,2.0650000000000017
345,19,138.8952827217778,302.1047172782222,2.0450000000000017
345,6,175.5,377.84522359981827,1.485000000000001
345,11,228.64586007392776,264.6458600739278,2.1450000000000014
345,9,469.9013691466267,824.0986308533734,0.0
345,14,154.07155513419607,327.0715551341961,2.1950000000000003
345,3,202.44066422082898,263.559335779171,1.5600000000000012
345,7,227.93921921066402,263.939219210664,2.1550000000000016
345,4,228.6556258256849,264.6556258256849,2.1450000000000014
345,13,264.74559490479777,351.25440509520223,2.0350000000000015
345,15,266.01774166336406,357.01774166336406,1.9450000000000016
345,2,235.52254707456368,271.5225470745637,2.1850000000000014
345,10,157.1467584089264,320.1467584089264,2.1900000000000017
345,18,138.75233450441704,302.24766549558296,1.9300000000000015
346,5,280.64019086549945,387.64019086549945,2.3450000000000015
346,16,179.26384621501728,388.2638462150173,1.455000000000001
346,20,174.00953046488684,376.00953046488684,1.505000000000001
346,12,130.19449759691557,269.19449759691554,1.5700000000000012
346,8,180.56631049952765,391.5663104995276,1.415000000000001
346,17,183.4406836231557,394.4406836231557,1.3750000000000009
346,1,138.6476973207841,302.64769732078406,2.0800000000000014
346,19,139.4474687645575,301.5525312354425,2.0550000000000015
346,6,174.7956873457798,376.7956873457798,1.5000000000000009
346,11,228.1563955518796,264.1563955518796,2.1600000000000015
346,9,470.8559633012285,823.8559633012285,0.0
346,14,153.60518575682647,326.6051857568265,2.2
346,3,201.5536513617238,264.4463486382762,1.575000000000001
346,7,227.45556832514356,263.4555683251436,2.1700000000000017
346,4,228.16616130363673,264.1661613036367,2.1600000000000015
346,13,265.30084708812063,350.69915291187937,2.0500000000000016
346,15,265.5,356.3670384445066,1.9600000000000013
346,2,235.05617769719407,271.0561776971941,2.2000000000000015
346,10,156.68324635416985,319.68324635416985,2.205000000000002
346,18,139.37700352996623,301.62299647003374,1.9400000000000015
347,5,280.5,387.1636775051969,2.3600000000000017
347,16,178.71000452664978,387.28999547335025,1.470000000000001
347,20,173.07777896779237,375.07777896779237,1.520000000000001
347,12,129.31147412330716,268.31147412330716,1.5800000000000012
347,8,179.55773617444288,390.5577361744429,1.430000000000001
347,17,182.39640051812876,393.39640051812876,1.390000000000001
347,1,138.88323236518323,302.11676763481677,2.0900000000000016
347,19,139.5,300.8020221886261,2.0650000000000017
347,6,173.85978872773245,375.85978872773245,1.515000000000001
347,11,227.67564144570574,263.6756414457057,2.1750000000000016
347,9,471.8105574558303,824.8105574558303,0.0
347,14,153.14167370206994,326.1416737020699,2.205
347,3,200.67856892436538,265.3214310756346,1.5900000000000012
347,7,226.98058785327044,262.98058785327044,2.1850000000000014
347,4,227.68540719746287,263.68540719746284,2.1750000000000016
347,13,265.15307683289666,350.15307683289666,2.0650000000000013
347,15,265.5,355.5154501935751,1.9750000000000014
347,2,234.59836090134274,270.59836090134274,2.2150000000000016
347,10,156.2282675529155,319.2282675529155,2.2200000000000015
347,18,139.5,300.7996795592304,1.9500000000000015
348,5,280.5,386.64037294392307,2.3750000000000018
348,16,179.32892301474223,386.3289230147422,1.485000000000001
348,20,172.841612527484,374.15838747251604,1.535000000000001
348,12,128.5,267.41004425958903,1.5900000000000012
348,8,180.4377042916018,389.5622957083982,1.445000000000001
348,17,181.36562720366888,392.36562720366885,1.405000000000001
348,1,139.4081541635119,301.59184583648806,2.1000000000000014
348,19,139.5,300.03835304218126,2.0750000000000015
348,6,172.93629070329777,374.9362907032978,1.5300000000000011
348,11,227.20353788953202,263.203537889532,2.1900000000000017
348,9,472.23484838956784,825.7651516104321,0.0
348,14,152.681012498069,325.68101249806904,2.21
348,3,199.81530488436036,266.1846951156396,1.605000000000001
348,7,226.51421847590083,262.5142184759008,2.2000000000000015
348,4,227.21330364128914,263.21330364128914,2.1900000000000017
348,13,264.6161104443717,349.6161104443717,2.0800000000000014
348,15,264.9182843586271,354.9182843586271,1.9900000000000013
348,2,234.14903896386005,270.14903896386005,2.2300000000000018
348,10,155.78176454174104,318.78176454174104,2.2350000000000003
348,18,139.5,299.9345207216019,1.9600000000000015
349,5,280.23715082743666,386.23715082743666,2.390000000000002
349,16,178.5,385.33100206204415,1.5000000000000009
349,20,173.25123578264694,373.2512357826469,1.5500000000000012
349,12,128.2763072786385,266.2763072786385,1.6000000000000012
349,8,179.579853465314,388.579853465314,1.4600000000000009
349,17,180.34822021026247,391.34822021026247,1.4200000000000008
349,1,139.5,300.8959941741375,2.1100000000000017
349,19,139.34672866868237,299.3467286686824,2.0850000000000017
349,6,172.97492771085396,374.025072289146,1.545000000000001
349,11,226.74002583477548,262.74002583477545,2.205000000000002
349,9,471.49999999999994,826.810767441185,0.0
349,14,152.22319570221768,325.2231957022177,2.2150000000000003
349,3,198.96374930153573,267.0362506984643,1.6200000000000012
349,7,226.05640168004948,262.0564016800495,2.2150000000000016
349,4,226.7497915865326,262.7497915865326,2.205000000000002
349,13,263.91761029016953,349.5,2.0950000000000015
349,15,264.66490448483574,354.33509551516426,2.0050000000000017
349,2,233.7081549355468,269.7081549355468,2.245000000000002
349,10,155.27100227756918,318.5,2.24
349,18,139.20189822561466,299.2018982256146,1.9700000000000015
350,5,279.8829177858396,385.8829177858396,2.405000000000002
350,16,178.5,384.0074415433953,1.515000000000001
350,20,172.6437939829919,372.3562060170081,1.565000000000001
350,12,127.41695817202469,265.4169581720247,1.6100000000000012
350,8,178.61027658198265,387.61027658198265,1.475000000000001
350,17,179.65596091639875,390.3440390836013,1.435000000000001
350,1,139.5,300.1705148119949,2.120000000000001
350,19,138.81880651119627,298.81880651119627,2.0950000000000015
350,6,173.1260148398446,373.12601483984463,1.560000000000001
350,11,226.28504703352112,262.2850470335211,2.2200000000000015
350,9,471.96723313844916,827.9672331384492,0.0
350,14,151.76821690096335,324.76821690096335,2.22
350,3,198.12379426230876,267.87620573769124,1.6350000000000011
350,7,225.60707974256678,261.6070797425668,2.2300000000000018
350,4,226.29481278527825,262.2948127852782,2.2200000000000015
350,13,263.27635261624056,349.27635261624056,2.1100000000000017
350,15,265.2387120421066,353.7612879578934,2.0200000000000014
350,2,233.27565262569215,269.27565262569215,2.2600000000000016
350,10,154.6474981052949,318.5,2.245
350,18,138.60291682778313,298.60291682778313,1.9800000000000015
351,5,279.53651057300124,385.53651057300124,2.4200000000000017
351,16,177.93531733195593,382.9353173319559,1.5300000000000011
351,20,173.4731825433997,371.47318254339973,1.580000000000001
351,12,126.56540258920003,264.56540258920006,1.6200000000000012
351,8,179.34656511610234,386.65343488389766,1.490000000000001
351,17,180.35294629051685,389.35294629051685,1.450000000000001
351,1,139.4640992130708,299.4640992130708,2.125
351,19,138.5,298.2127420234057,2.1050000000000018
351,6,172.76099801926057,372.23900198073943,1.575000000000001
351,11,225.83854402234664,261.83854402234664,2.2350000000000017
351,9,472.921827293051,828.921827293051,0.0
351,14,151.68393029038913,324.3160697096109,2.225
351,3,197.29533382416267,268.70466617583736,1.6500000000000012
351,7,225.16619571425352,261.16619571425355,2.245000000000002
351,4,225.84830977410377,261.84830977410377,2.2350000000000017
351,13,262.7663262588637,348.7663262588637,2.1250000000000018
351,15,265.5,353.0711995313699,2.0350000000000015
351,2,232.85147658702073,268.8514765870207,2.2750000000000017
351,10,154.16621299469938,318.1662129946994,2.25
351,18,138.5,297.8074260305981,1.9900000000000015
352,5,279.1978808312776,385.1978808312776,2.435000000000002
352,16,177.5,381.8269742352106,1.545000000000001
352,20,172.60205191484656,370.6020519148466,1.595000000000001
352,12,125.7215925697145,263.7215925697145,1.6300000000000012
352,8,178.70920080445512,385.7092008044551,1.505000000000001
352,17,179.37480712878806,388.37480712878806,1.465000000000001
352,1,138.954072855694,298.954072855694,2.125
352,19,138.51197867903272,297.4880213209673,2.1150000000000007
352,6,173.363919543381,371.36391954338103,1.5900000000000012
352,11,225.40046010657983,261.4004601065798,2.2500000000000018
352,9,473.1235785523471,829.8764214476529,0.0
352,14,152.13325222787182,323.8667477721282,2.23
352,3,196.47826396213182,269.52173603786815,1.6650000000000011
352,7,224.73369340439888,260.7336934043989,2.2600000000000016
352,4,225.41022585833696,261.41022585833696,2.2500000000000018
352,13,262.5,348.16787658298125,2.1400000000000015
352,15,265.3486468787194,352.3486468787194,2.0500000000000016
352,2,232.4355721010354,268.4355721010354,2.290000000000002
352,10,153.73092297590776,317.7309229759078,2.255
352,18,138.86894851095167,297.13105148904833,2.0000000000000013
353,5,278.86698079698294,384.86698079698294,2.450000000000002
353,16,176.8321482496893,380.8321482496893,1.560000000000001
353,20,172.44980958941932,369.4498095894193,1.6100000000000012
353,12,124.88548073979574,262.8854807397957,1.6400000000000012
353,8,178.5,384.4781590109674,1.520000000000001
353,17,178.5905103593768,387.4094896406232,1.4800000000000009
353,1,138.5,298.42086979905787,2.125
353,19,139.02497005561466,296.9750299443853,2.12
353,6,172.500655503376,370.500655503376,1.605000000000001
353,11,224.9707393449744,260.9707393449744,2.2650000000000015
353,9,472.5,830.9681267540657,0.0
353,14,152.57975523904628,323.4202447609537,2.2350000000000003
353,3,195.67248251720721,270.3275174827928,1.6800000000000013
353,7,224.30951736572746,260.30951736572746,2.2750000000000017
353,4,224.98050509673152,260.9805050967315,2.2650000000000015
353,13,262.5201213804242,347.4798786195758,2.1550000000000016
353,15,264.8025707997367,351.8025707997367,2.0650000000000017
353,2,232.02788516374287,268.02788516374284,2.3050000000000015
353,10,153.29842066605312,317.2984206660531,2.2600000000000002
353,18,139.44900248337797,296.55099751662203,2.0100000000000016
354,5,278.54376328951366,384.54376328951366,2.4650000000000016
354,16,176.5,379.7153029440832,1.575000000000001
354,20,171.60213274639926,368.60213274639926,1.625000000000001
354,12,124.50000000000001,261.87353210273693,1.6500000000000012
354,8,178.2722713744574,383.27227137445743,1.535000000000001
354,17,179.45686452963258,386.4568645296326,1.495000000000001
354,1,138.5,297.6995836072878,2.125
354,19,139.53796143219662,296.4620385678034,2.12
354,6,172.35620670173788,369.3562067017379,1.620000000000001
354,11,224.54932653479045,260.54932653479045,2.2800000000000016
354,9,472.5,832.3181267540657,0.0
354,14,153.02344562319442,322.97655437680555,2.24
354,3,194.87788914657605,271.1221108534239,1.6950000000000012
354,7,223.89361287974214,259.89361287974214,2.290000000000002
354,4,224.55909228654758,260.5590922865476,2.2800000000000016
354,13,263.00377226594463,346.99622773405537,2.1700000000000017
354,15,264.73439558878823,351.26560441121177,2.0800000000000014
354,2,231.62836247174954,267.62836247174954,2.3200000000000016
354,10,152.86869990444768,316.8686999044477,2.265
354,18,140.02281004064884,295.97718995935116,2.0200000000000014
355,5,278.5,384.1155908746791,2.4800000000000018
355,16,175.77715973441224,378.77715973441224,1.5900000000000012
355,20,171.47312769766702,367.47312769766705,1.640000000000001
355,12,123.94327180420612,260.9432718042061,1.6600000000000013
355,8,177.5,382.30925042864766,1.5500000000000012
355,17,178.51680508111662,385.5168050811166,1.5100000000000011
355,1,138.86889943524992,297.13110056475006,2.125
355,19,140.05095280877856,295.94904719122144,2.12
355,6,171.51625166251094,368.5162516625109,1.6350000000000011
355,11,224.1361671972663,260.13616719726633,2.2950000000000017
355,9,473.3259903490853,833.3259903490853,0.0
355,14,153.46432965150768,322.5356703484923,2.245
355,3,194.09438527561562,271.90561472438435,1.7100000000000013
355,7,223.4859259424496,259.48592594244957,2.3050000000000015
355,4,224.14593294902343,260.14593294902346,2.2950000000000017
355,13,263.4787527378178,346.5212472621822,2.1850000000000014
355,15,265.26231774627433,350.73768225372567,2.0950000000000015
355,2,231.23695140871604,267.23695140871604,2.3350000000000017
355,10,152.41762850537367,316.5,2.27
355,18,140.5904020293846,295.40959797061544,2.0300000000000016
356,5,278.5,383.6800248126613,2.495000000000002
356,16,175.5,377.6711233420654,1.605000000000001
356,20,170.6484755833659,366.6484755833659,1.6550000000000011
356,12,123.49999999999999,259.9767070523689,1.6700000000000013
356,8,177.17719670013605,381.17719670013605,1.565000000000001
356,17,178.5,384.2119160235376,1.525000000000001
356,1,139.37892579262675,296.6210742073732,2.125
356,19,140.5639441853605,295.4360558146395,2.12
356,6,171.39489800555137,367.3948980055514,1.6500000000000012
356,11,223.73120756346884,259.73120756346884,2.310000000000002
356,9,474.2805845036871,834.2805845036871,0.0
356,14,153.0975864327255,322.0975864327255,2.25
356,3,193.3218740515637,272.6781259484363,1.7250000000000012
356,7,223.08640325045627,259.08640325045627,2.3200000000000016
356,4,223.74097331522597,259.740973315226,2.310000000000002
356,13,263.0548778848126,346.0548778848126,2.2000000000000015
356,15,265.21873980189406,350.21873980189406,2.110000000000001
356,2,230.85360003215843,266.8536000321584,2.350000000000002
356,10,151.81775299865086,316.5,2.2750000000000004
356,18,141.15180899304275,294.8481910069572,2.0400000000000014
357,5,278.32684942836215,383.32684942836215,2.510000000000002
357,16,174.7694468927691,376.7694468927691,1.620000000000001
357,20,169.83517978734272,365.8351797873427,1.6700000000000013
357,12,123.03130134444487,259.0313013444449,1.6800000000000013
357,8,176.5,380.2089169854559,1.580000000000001
357,17,178.08810232717082,383.0881023271708,1.540000000000001
357,1,139.88895215000358,296.1110478499964,2.125
357,19,141.07693556194243,294.92306443805757,2.12
357,6,170.57782814352055,366.57782814352055,1.6650000000000011
357,11,223.33439456051028,259.33439456051025,2.325000000000002
357,9,474.47192812289757,835.5280718771024,0.0
357,14,152.6622964139339,321.6622964139339,2.255
357,3,192.5602602987939,273.4397397012061,1.7400000000000013
357,7,222.69499218742277,258.69499218742277,2.3350000000000017
357,4,223.3441603122674,259.3441603122674,2.325000000000002
357,13,262.59706108896125,345.59706108896125,2.2150000000000016
357,15,264.70871344451723,349.70871344451723,2.1250000000000018
357,2,230.4782570605855,266.47825706058546,2.365000000000002
357,10,151.30327248990443,316.30327248990443,2.2800000000000002
357,18,141.2929388236344,294.2929388236344,2.0500000000000016
358,5,278.0339015176872,383.0339015176872,2.525000000000002
358,16,173.92949185354215,375.9294918535422,1.6350000000000011
358,20,169.03313876142795,365.03313876142795,1.6850000000000012
358,12,122.23298965480073,258.23298965480075,1.6900000000000013
358,8,176.13014937916105,379.130149379161,1.595000000000001
358,17,177.5,382.0545287583717,1.555000000000001
358,1,140.3989785073804,295.60102149261957,2.125
358,19,141.41007306147563,294.4100730614756,2.12
358,6,169.77204669859591,365.77204669859594,1.680000000000001
358,11,222.94567579811937,258.94567579811934,2.3400000000000016
358,9,473.5173339682957,836.4826660317043,0.0
358,14,152.22979410407925,321.22979410407925,2.2600000000000002
358,3,191.8094504756265,274.19054952437347,1.7550000000000012
358,7,222.31164081086513,258.31164081086513,2.35
358,4,222.9554415498765,258.95544154987647,2.3400000000000016
358,13,262.0018279305279,345.5,2.2300000000000018
358,15,264.08639975956595,349.5,2.1400000000000015
358,2,230.11087186096137,266.11087186096137,2.3800000000000017
358,10,150.88461685512866,315.8846168551286,2.285
358,18,140.74381147025912,293.7438114702591,2.0600000000000014
359,5,277.7484086144171,382.7484086144171,2.540000000000002
359,16,173.10103141539605,375.10103141539605,1.6500000000000012
359,20,168.7577472425448,364.2422527574552,1.700000000000001
359,12,121.44210365082799,257.44210365082796,1.7000000000000013
359,8,175.5,378.1758626369441,1.6100000000000012
359,17,177.00109611593373,381.00109611593376,1.5700000000000012
359,1,140.90900486475724,295.09099513524274,2.125
359,19,140.8970816848937,293.8970816848937,2.12
359,6,168.97745332796478,364.9774533279648,1.6950000000000012
359,11,222.56499955555603,258.564999555556,2.3550000000000004
359,9,472.1745139330535,836.5,0.0
359,14,151.8000733424738,320.8000733424738,2.265
359,3,190.89097265243643,274.5,1.7700000000000014
359,7,221.93096456830182,257.9309645683018,2.3550000000000004
359,4,222.57476530731316,258.57476530731316,2.3550000000000004
359,13,261.4139619043518,345.4139619043518,2.245000000000002
359,15,263.4222658052293,349.4222658052293,2.1550000000000016
359,2,229.75139443648314,265.7513944364831,2.395000000000002
359,10,150.5,315.45575260810796,2.29
359,18,140.5,293.0768380088561,2.0700000000000016
360,5,277.47032682227746,382.47032682227746,2.555000000000002
360,16,172.71603844663477,374.2839615533652,1.6650000000000011
360,20,169.46242377982222,363.4624237798222,1.7150000000000012
360,12,120.65859977986754,256.65859977986753,1.7100000000000013
360,8,175.13023021071373,377.1302302107137,1.625000000000001
360,17,176.5,379.96549716825206,1.585000000000001
360,1,141.41903122213407,294.5809687778659,2.125
360,19,140.5,293.336078942004,2.12
360,6,168.80605054299565,364.19394945700435,1.7100000000000013
360,11,222.18699277331575,258.18699277331575,2.3600000000000003
360,9,471.02235922146514,836.9776407785349,0.0
360,14,151.3731279955994,320.37312799559936,2.27
360,3,189.85933743154868,274.5,1.7850000000000013
360,7,221.55295778606154,257.55295778606154,2.3600000000000003
360,4,222.19675852507288,258.1967585250729,2.3600000000000003
360,13,260.98145959449715,344.98145959449715,2.2600000000000016
360,15,262.93861491970887,348.93861491970887,2.1700000000000017
360,2,229.39977541466368,265.3997754146637,2.410000000000002
360,10,150.5,314.8714570695602,2.295
360,18,140.37091967918337,292.3709196791834,2.0800000000000014
361,5,277.1996127589058,382.1996127589058,2.570000000000002
361,16,173.4781801084406,373.4781801084406,1.680000000000001
361,20,168.69355553970425,362.6935555397042,1.7300000000000013
361,12,119.88243499716744,255.88243499716742,1.7200000000000013
361,8,174.29411838079494,376.29411838079494,1.640000000000001
361,17,175.96196501579738,378.9619650157974,1.600000000000001
361,1,141.0709424204891,294.0709424204891,2.125
361,19,140.5,292.6105995798614,2.12
361,6,169.42143823295243,363.4214382329524,1.7250000000000012
361,11,221.81164980174282,257.8116498017428,2.365
361,9,470.0677650668633,837.9322349331368,0.0
361,14,150.94895195692797,319.94895195692794,2.2750000000000004
361,3,189.0351463722195,274.03514637221946,1.8000000000000014
361,7,221.1776148144886,257.1776148144886,2.365
361,4,221.82141555349995,257.82141555349995,2.365
361,13,260.55728355582573,344.55728355582573,2.2750000000000017
361,15,262.5,348.44857134292613,2.185000000000002
361,2,229.0559660357104,265.0559660357104,2.4250000000000003
361,10,150.35223964953028,314.35223964953025,2.3000000000000003
361,18,139.83998999321608,291.8399899932161,2.0900000000000016
362,5,276.9362235468794,381.9362235468794,2.5850000000000017
362,16,172.68358673780946,372.68358673780943,1.6950000000000012
362,20,167.9355534108487,361.9355534108487,1.7450000000000012
362,12,119.11719922730668,255.11719922730666,1.7350000000000012
362,8,173.46946626649378,375.4694662664938,1.6550000000000011
362,17,175.59745177409798,377.8084023239568,1.615000000000001
362,1,140.56387411399322,293.5638741139932,2.13
362,19,140.01736222879836,292.0745822739396,2.125
362,6,168.6598244801826,362.65982448018264,1.740000000000001
362,11,221.43896501504494,257.4389650150449,2.37
362,9,469.1131709122614,838.8868290877386,0.0
362,14,150.527539146744,319.527539146744,2.2800000000000002
362,3,189.9901799627162,274.3382147612894,1.8150000000000013
362,7,220.80493002779073,256.8049300277907,2.37
362,4,221.44873076680207,257.44873076680204,2.37
362,13,260.52546279208536,343.9699671828883,2.290000000000002
362,15,262.5,347.78902544437454,2.2000000000000015
362,2,228.71474913979625,264.71474913979625,2.43
362,10,149.9445527122377,313.9445527122377,2.305
362,18,139.3180614188201,291.3180614188201,2.1050000000000018
363,5,276.6801168049504,381.6801168049504,2.600000000000002
363,16,173.099917133151,371.900082866849,1.7100000000000013
363,20,167.81167561311685,361.18832438688315,1.7600000000000011
363,12,118.30596762046835,254.5,1.7500000000000013
363,8,172.6561704704706,374.6561704704706,1.6700000000000013
363,17,174.88489157834096,376.88489157834096,1.6300000000000012
363,1,140.5,292.87740226938524,2.1350000000000002
363,19,139.53752366015485,291.54167376120284,2.13
363,6,167.90901465701523,361.90901465701523,1.7550000000000012
363,11,221.06893281114236,257.06893281114236,2.375
363,9,468.15857675765955,839.8414232423404,0.0
363,14,150.10888351196823,319.1088835119682,2.285
363,3,190.95244288911502,274.5,1.8300000000000014
363,7,220.43489782388812,256.43489782388815,2.375
363,4,221.0786985628995,257.0786985628995,2.375
363,13,260.42511743976155,343.42511743976155,2.3050000000000015
363,15,262.75344494419863,347.24655505580137,2.2150000000000016
363,2,228.37611939807257,264.3761193980726,2.4350000000000005
363,10,149.53959307844025,313.53959307844025,2.31
363,18,138.80507004223816,290.8050700422381,2.1200000000000014
364,5,276.56874936051713,381.43125063948287,2.615000000000002
364,16,173.12757164279708,371.1275716427971,1.7250000000000012
364,20,168.4517770400727,360.45177704007267,1.7750000000000012
364,12,117.3226761458844,254.32267614588443,1.7600000000000013
364,8,173.14587055544416,373.85412944455584,1.6850000000000012
364,17,174.05261125844495,376.0526112584449,1.6450000000000011
364,1,140.26569072468897,292.26569072468897,2.14
364,19,139.0355358505139,291.0355358505139,2.1350000000000002
364,6,167.83108318600154,361.16891681399846,1.7700000000000014
364,11,220.70154761151824,256.70154761151827,2.3800000000000003
364,9,467.2039826030577,840.7960173969423,0.0
364,14,149.6929790259829,318.6929790259829,2.29
364,3,191.80068285759106,274.1993171424089,1.8450000000000013
364,7,220.067512624264,256.067512624264,2.3800000000000003
364,4,220.71131336327537,256.7113133632754,2.3800000000000003
364,13,260.02559474776825,343.02559474776825,2.3200000000000016
364,15,263.2027668816813,346.7972331183187,2.2300000000000013
364,2,228.04007150355272,264.0400715035527,2.4400000000000004
364,10,148.9871423123243,313.5,2.3150000000000004
364,18,138.69904714902415,290.3009528509759,2.1350000000000016
365,5,276.8104163639143,381.1895836360857,2.630000000000002
365,16,172.5,370.31043583014747,1.740000000000001
365,20,167.72582148146563,359.72582148146563,1.7900000000000014
365,12,116.58257830286765,253.58257830286766,1.7700000000000014
365,8,173.06324344058308,373.0632434405831,1.700000000000001
365,17,173.2317559798149,375.2317559798149,1.660000000000001
365,1,139.76745508651473,291.7674550865147,2.145
365,19,138.53436287128537,290.5343628712854,2.14
365,6,168.43944055359785,360.4394405535979,1.7850000000000013
365,11,220.33680386107034,256.33680386107034,2.3850000000000002
365,9,466.2493884484559,841.2493884484559,0.0
365,14,149.5,318.1886180172508,2.295
365,3,192.47835550714558,273.5216444928544,1.8600000000000014
365,7,219.7027688738161,255.7027688738161,2.3850000000000002
365,4,220.34656961282747,256.34656961282747,2.3850000000000002
365,13,259.63418368473475,342.63418368473475,2.3350000000000017
365,15,263.35634909000544,346.35634909000544,2.245000000000002
365,2,227.7066001709777,263.7066001709777,2.4450000000000003
365,10,148.42213190283152,313.5,2.3200000000000003
365,18,139.1943522851283,289.8056477148717,2.1500000000000017
366,5,277.0449251485644,380.9550748514356,2.6450000000000022
366,16,172.32225484804644,369.32225484804644,1.7550000000000012
366,20,167.5,358.8075576551409,1.8050000000000013
366,12,115.84957146491922,252.84957146491922,1.7800000000000014
366,8,172.7165855370499,372.2834144629501,1.7150000000000012
366,17,172.57777703292595,374.42222296707405,1.6750000000000012
366,1,139.27214995041055,291.27214995041055,2.15
366,19,138.96387276688887,290.03612723311113,2.145
366,6,167.7204969912351,359.7204969912351,1.8000000000000012
366,11,219.97469602796386,255.97469602796386,2.39
366,9,465.29479429385407,840.705205706146,0.0
366,14,149.5,317.6081962560753,2.3000000000000003
366,3,191.85408153677304,272.85408153677304,1.8750000000000013
366,7,219.34066104070962,255.34066104070962,2.39
366,4,219.984461779721,255.984461779721,2.39
366,13,259.7491676918229,342.2508323081771,2.350000000000002
366,15,262.92384678015077,345.92384678015077,2.2600000000000016
366,2,227.37570013668307,263.37570013668307,2.45
366,10,147.8609535723215,313.5,2.325
366,18,139.68090663230655,289.3190933676935,2.165
367,5,277.2723161947143,380.7276838052857,2.660000000000002
367,16,171.58215700502967,368.58215700502967,1.7700000000000014
367,20,167.0124404182886,358.0124404182886,1.8200000000000012
367,12,115.87638409368785,252.12361590631215,1.7900000000000014
367,8,173.48545377716786,371.5145462228321,1.7300000000000013
367,17,173.3760887225701,373.6239112774299,1.6900000000000013
367,1,138.7797685091646,290.7797685091646,2.1550000000000002
367,19,139.45917790299305,289.540822097007,2.15
367,6,167.5,358.8098619680031,1.8150000000000013
367,11,219.61521860348563,255.61521860348563,2.3950000000000005
367,9,464.3402001392522,841.3402001392521,0.0
367,14,149.16881936907728,317.1688193690773,2.305
367,3,191.80345228201756,272.1965477179824,1.8900000000000015
367,7,218.9811836162314,254.9811836162314,2.3950000000000005
367,4,219.62498435524276,255.62498435524276,2.3950000000000005
367,13,260.1245106633958,341.8754893366042,2.365000000000002
367,15,262.49953435813455,345.5,2.2750000000000017
367,2,227.04736615846687,263.04736615846684,2.455
367,10,147.36112358372466,313.6388764162753,2.33
367,18,140.16455751782698,288.835442482173,2.17
368,5,277.4926295273469,380.5073704726531,2.675000000000002
368,16,171.5,367.58455232986915,1.7850000000000013
368,20,166.5,357.2422393665335,1.8350000000000013
368,12,116.49999999999999,251.365186335944,1.8000000000000014
368,8,172.75654409397657,370.7565440939766,1.7450000000000012
368,17,172.83672175209205,372.83672175209205,1.7050000000000012
368,1,138.70969601288357,290.29030398711643,2.16
368,19,139.95155934423897,289.048440655761,2.1550000000000002
368,6,167.02096654351044,358.02096654351044,1.8300000000000014
368,11,219.25836610189936,255.25836610189936,2.4000000000000004
368,9,463.38560598465034,840.6143940153497,0.0
368,14,148.76385973527982,316.7638597352798,2.31
368,3,192.45103624606412,271.5489637539359,1.9050000000000014
368,7,218.62433111464512,254.62433111464512,2.4000000000000004
368,4,219.26813185365648,255.26813185365648,2.4000000000000004
368,13,260.4918958630199,341.5081041369801,2.3800000000000017
368,15,261.9113565934023,345.5,2.290000000000002
368,2,226.7215930154586,262.7215930154586,2.4600000000000004
368,10,146.96971252069116,314.0302874793088,2.335
368,18,140.35468837599913,288.35468837599916,2.1750000000000003
369,5,277.2940952761818,380.2940952761818,2.690000000000002
369,16,170.84084396345284,366.84084396345287,1.8000000000000012
369,20,166.34038464777052,356.3403846477705,1.8500000000000014
369,12,116.39980871119359,250.39980871119363,1.8100000000000014
369,8,172.5,369.8060667171575,1.7600000000000011
369,17,172.93944303060806,372.06055696939194,1.720000000000001
369,1,139.1962503600618,289.8037496399382,2.165
369,19,140.44102386628717,288.55897613371286,2.16
369,6,166.5,357.26397106531175,1.8450000000000013
369,11,218.90413306030229,254.90413306030229,2.4050000000000002
369,9,462.40243599441123,841.5,0.0
369,14,148.5,316.3043032600149,2.3150000000000004
369,3,192.5,270.6673840360315,1.9200000000000015
369,7,218.27009807304805,254.27009807304805,2.4050000000000002
369,4,218.91389881205941,254.91389881205941,2.4050000000000002
369,13,260.1486267125018,341.1486267125018,2.395000000000002
369,15,261.383186099388,345.383186099388,2.305000000000002
369,2,226.3983755079893,262.39837550798933,2.4650000000000003
369,10,146.58099375830028,314.4190062416997,2.3400000000000003
369,18,139.87682439754866,287.87682439754866,2.18
370,5,277.08781907867507,380.08781907867507,2.705000000000002
370,16,170.132345689838,366.13234568983796,1.8150000000000013
370,20,165.6660909266091,355.6660909266091,1.8650000000000013
370,12,115.69477302592624,249.69477302592625,1.8200000000000014
370,8,171.9798745043871,368.9798745043871,1.7750000000000012
370,17,173.29532119953117,371.2953211995312,1.7350000000000012
370,1,139.67990124558227,289.32009875441776,2.17
370,19,140.0724217865346,288.0724217865346,2.165
370,6,166.36253647135774,356.3625364713577,1.8600000000000012
370,11,218.55251403848283,254.55251403848283,2.41
370,9,461.18352445663317,841.8164755433669,0.0
370,14,148.5,315.73929285052213,2.3200000000000003
370,3,192.5,269.779375077169,1.9350000000000014
370,7,217.9184790512286,253.9184790512286,2.41
370,4,218.56227979023996,254.56227979023996,2.41
370,13,259.7970076906824,340.7970076906824,2.410000000000002
370,15,260.9836634073947,344.9836634073947,2.3200000000000016
370,2,226.07770845746262,262.0777084574626,2.47
370,10,146.19496154990804,314.19496154990804,2.345
370,18,139.40184392567554,287.4018439256755,2.185
371,5,276.8885031757934,379.8885031757934,2.720000000000002
371,16,169.43420673454165,365.43420673454165,1.8300000000000014
371,20,165.00187990345552,355.0018799034555,1.8800000000000012
371,12,114.9966340706299,248.9966340706299,1.8300000000000014
371,8,171.5,368.15198883567905,1.7900000000000014
371,17,172.54092036088792,370.5409203608879,1.7500000000000013
371,1,140.16065535175613,288.83934464824387,2.1750000000000003
371,19,139.58877090101416,287.58877090101413,2.17
371,6,165.69497351527633,355.69497351527633,1.8750000000000013
371,11,218.20350361877954,254.20350361877954,2.415
371,9,460.2289303020313,842.7710696979688,0.0
371,14,148.2723925943351,315.2723925943351,2.325
371,3,192.5,268.90511136035366,1.9500000000000015
371,7,217.5694686315253,253.5694686315253,2.415
371,4,218.21326937053666,254.21326937053666,2.415
371,13,259.5468016882709,340.4531983117291,2.4250000000000016
371,15,260.5922523443612,344.5922523443612,2.3350000000000017
371,2,225.75958670622705,261.759586706227,2.4750000000000005
371,10,145.8116101733504,313.8116101733504,2.35
371,18,138.92974036950181,286.9297403695018,2.19
372,5,276.6961092889127,379.6961092889127,2.735000000000002
372,16,168.7463425307569,364.7463425307569,1.8450000000000013
372,20,164.5,354.2845748987405,1.8950000000000014
372,12,114.6946457392415,248.30535426075852,1.8400000000000014
372,8,171.24557356787037,367.24557356787034,1.8050000000000013
372,17,172.5,369.50617835823067,1.7650000000000012
372,1,140.3614806697934,288.36148066979337,2.18
372,19,139.10801679484027,287.1080167948403,2.1750000000000003
372,6,165.03743969648573,355.0374396964857,1.8900000000000015
372,11,217.85709640594115,253.85709640594115,2.4200000000000004
372,9,459.27433614742944,843.7256638525706,0.0
372,14,147.8782834593777,314.8782834593777,2.33
372,3,192.5,268.04448755702543,1.9650000000000014
372,7,217.2230614186869,253.2230614186869,2.4200000000000004
372,4,217.86686215769828,253.86686215769828,2.4200000000000004
372,13,259.88284958279075,340.11715041720925,2.4400000000000017
372,15,260.5,344.0883238006741,2.3500000000000014
372,2,225.44400511744902,261.444005117449,2.4800000000000004
372,10,145.4023258282193,313.5,2.3550000000000004
372,18,138.5,286.444148701667,2.1950000000000003
373,5,276.510599558139,379.510599558139,2.750000000000002
373,16,168.9313301187976,364.06866988120237,1.8600000000000012
373,20,164.58950651709412,353.4104934829059,1.9100000000000015
373,12,115.3791035808104,247.6208964191896,1.8500000000000014
373,8,170.540537882603,366.540537882603,1.8200000000000012
373,17,171.77136192105309,368.7713619210531,1.7800000000000011
373,1,139.88650019792024,287.88650019792027,2.185
373,19,138.6301528163898,286.6301528163898,2.18
373,6,164.5,354.3442324829978,1.9050000000000014
373,11,217.51328702698788,253.51328702698788,2.4250000000000003
373,9,458.3197419928276,844.6802580071724,0.0
373,14,147.4814347648685,314.5,2.335
373,3,192.5,267.1973999406029,1.9800000000000013
373,7,216.87925203973364,252.87925203973364,2.4250000000000003
373,4,217.523052778745,253.523052778745,2.4250000000000003
373,13,260.211183561007,339.788816438993,2.455000000000002
373,15,260.5,343.55750867973427,2.365000000000002
373,2,225.1309585749872,261.13095857498723,2.4850000000000003
373,10,144.86774351010607,313.5,2.3600000000000003
373,18,138.5,285.78460280311543,2.2
374,5,276.33193653547517,379.33193653547517,2.7650000000000023
374,16,169.40110692512098,363.401106925121,1.8750000000000013
374,20,165.22394519120616,352.77605480879384,1.9250000000000014
374,12,116.28740049618901,247.49999999999997,1.8600000000000014
374,8,169.8458331724673,365.84583317246734,1.8350000000000013
374,17,171.5,367.8620726481185,1.7950000000000013
374,1,139.41439664174655,287.4143966417465,2.19
374,19,138.5,286.0123400529341,2.185
374,6,164.54074963455648,353.4592503654435,1.9200000000000013
374,11,217.17207013107375,253.17207013107375,2.43
374,9,457.36514783822577,845.6348521617742,0.0
374,14,146.9317034191464,314.5,2.3400000000000003
374,3,192.40365412027305,266.403654120273,1.9950000000000014
374,7,216.5380351438195,252.5380351438195,2.43
374,4,217.18183588283088,253.18183588283088,2.43
374,13,260.4681493884664,339.4681493884664,2.470000000000002
374,15,260.1732795777931,343.1732795777931,2.3800000000000017
374,2,224.8204419832677,260.8204419832677,2.49
374,10,144.3846909581604,313.38469095816043,2.365
374,18,138.23773251727107,285.23773251727107,2.205
375,5,276.16008317813527,379.16008317813527,2.7800000000000007
375,16,168.7435731063304,362.74357310633036,1.8900000000000015
375,20,165.15138578324465,352.1513857832446,1.9400000000000013
375,12,117.02059328861988,246.97940671138008,1.8700000000000014
375,8,169.1613753308984,365.1613753308984,1.8500000000000014
375,17,171.04405361082442,367.04405361082445,1.8100000000000014
375,1,138.9451634404554,286.94516344045536,2.1950000000000003
375,19,138.39017556952948,285.3901755695295,2.19
375,6,165.16866679112255,352.8313332088774,1.9350000000000014
375,11,216.8334403893501,252.8334403893501,2.4350000000000005
375,9,456.4105536836239,846.4105536836239,0.0
375,14,146.41922820674762,314.4192282067476,2.345
375,3,191.82360014784675,265.8236001478467,2.0100000000000016
375,7,216.19940540209586,252.19940540209586,2.4350000000000005
375,4,216.84320614110723,252.84320614110723,2.4350000000000005
375,13,260.1551028460046,339.1551028460046,2.485000000000002
375,15,259.81380215331484,342.81380215331484,2.395000000000002
375,2,224.5124502671602,260.5124502671602,2.495
375,10,144.01200617146253,313.01200617146253,2.37
375,18,137.77707131327017,284.77707131327014,2.21
376,5,275.99049154659804,378.99049154659804,2.7850000000000006
376,16,168.09598914228383,362.0959891422838,1.9050000000000014
376,20,164.53641115789728,351.53641115789725,1.9550000000000014
376,12,117.68480431177345,246.3151956882265,1.8800000000000014
376,8,168.51291839026302,364.487081609737,1.8650000000000013
376,17,170.34247101433616,366.3424710143361,1.8250000000000013
376,1,138.5,286.47001027641306,2.2
376,19,137.92094236823831,284.92094236823834,2.1950000000000003
376,6,165.21313540617197,352.21313540617194,1.9500000000000015
376,11,216.49739249483025,252.49739249483025,2.4400000000000004
376,9,455.45595952902204,845.544040470978,0.0
376,14,146.03587683018998,314.03587683019,2.35
376,3,191.5,265.15055378486494,2.0250000000000012
376,7,215.863357507576,251.863357507576,2.4400000000000004
376,4,216.50715824658738,252.50715824658738,2.4400000000000004
376,13,259.8496309506997,338.8496309506997,2.5000000000000018
376,15,259.5378168685046,342.4621831314954,2.410000000000002
376,2,224.2069783718553,260.2069783718553,2.5000000000000004
376,10,143.64197396755995,312.6419739675599,2.375
376,18,137.5,284.244387287196,2.2150000000000003
377,5,275.823157583954,378.823157583954,2.7900000000000005
377,16,167.54172300589838,361.45827699410165,1.9200000000000013
377,20,163.69539285941482,351.5,1.9700000000000015
377,12,118.34233813056406,245.6576618694359,1.8900000000000015
377,8,169.1771294134166,363.8228705865834,1.8800000000000012
377,17,169.65119120446477,365.65119120446474,1.8400000000000012
377,1,138.5,285.81450524225295,2.205
377,19,137.5,284.4357565075885,2.2
377,6,164.60458247878802,351.604582478788,1.9650000000000014
377,11,216.16392116225524,252.16392116225524,2.4450000000000003
377,9,454.5013653744202,846.4986346255798,0.0
377,14,145.65520058762667,313.65520058762667,2.3550000000000004
377,3,191.39860402914638,264.3986040291464,2.0400000000000014
377,7,215.529886175001,251.529886175001,2.4450000000000003
377,4,216.17368691401236,252.17368691401236,2.4450000000000003
377,13,259.55168839033354,338.55168839033354,2.515000000000002
377,15,259.88162624745786,342.11837375254214,2.425000000000002
377,2,223.90402126274267,259.9040212627427,2.5050000000000003
377,10,143.5,312.1812203785036,2.3800000000000003
377,18,137.5,283.60095009586985,2.22
378,5,275.6580772478217,378.6580772478217,2.795000000000001
378,16,168.16964016246445,360.8303598375356,1.9350000000000014
378,20,163.04235662092546,351.04235662092543,1.9850000000000014
378,12,118.50000000000001,244.80246747141226,1.9000000000000015
378,8,169.1686621331895,363.1686621331895,1.8950000000000014
378,17,168.9701305311404,364.9701305311404,1.8550000000000013
378,1,138.26172758551488,285.26172758551485,2.21
378,19,137.5,283.7802514734284,2.205
378,6,163.80081434346607,351.5,1.9800000000000013
378,11,215.8330211279606,251.8330211279606,2.45
378,9,453.5467712198183,847.4532287801817,0.0
378,14,145.18490445779668,313.5,2.3600000000000003
378,3,190.84641798636667,263.84641798636665,2.0550000000000015
378,7,215.19898614070635,251.19898614070638,2.45
378,4,215.84278687971772,251.84278687971772,2.45
378,13,259.2612303915893,338.2612303915893,2.530000000000002
378,15,260.21767414197774,341.78232585802226,2.4400000000000017
378,2,223.60357392529016,259.60357392529016,2.5100000000000002
378,10,143.5,311.6653948198294,2.3850000000000002
378,18,137.1192353059985,283.11923530599853,2.225
379,5,275.5,378.49327755035455,2.8000000000000007
379,16,168.2121620348301,360.2121620348301,1.9500000000000015
379,20,162.5,350.4378100703523,2.0000000000000013
379,12,118.50000000000001,243.89131124227646,1.9100000000000015
379,8,168.5243773848472,362.52437738484724,1.9100000000000015
379,17,168.70079330830112,364.2992066916989,1.8700000000000014
379,1,137.80391078966352,284.8039107896635,2.2150000000000003
379,19,137.23750651329783,283.23750651329783,2.21
379,6,163.12322575521665,351.12322575521665,1.9950000000000014
379,11,215.5046871497444,251.5046871497444,2.455
379,9,452.59217706521645,848.4078229347836,0.0
379,14,144.6540893368568,313.5,2.365
379,3,190.3033858026293,263.3033858026293,2.0700000000000016
379,7,214.87065216249016,250.8706521624902,2.455
379,4,215.51445290150153,251.51445290150153,2.455
379,13,258.9782127104946,337.9782127104946,2.5450000000000017
379,15,260.45399187980604,341.45399187980604,2.455000000000002
379,2,223.305631364924,259.305631364924,2.5150000000000006
379,10,143.745156034432,311.254843965568,2.39
379,18,136.6699133685158,282.66991336851584,2.23
380,5,275.5,378.26617584972945,2.8050000000000006
380,16,167.60360910744615,359.6036091074462,1.9650000000000014
380,20,162.5,349.62191223816194,2.0150000000000015
380,12,118.13898668478602,243.13898668478603,1.9200000000000015
380,8,167.88993871073518,361.8899387107352,1.9250000000000014
380,17,169.36166130141365,363.6383386985863,1.8850000000000013
380,1,137.5,284.28635756916754,2.22
380,19,136.7796897174465,282.7796897174465,2.2150000000000003
380,6,162.54317178279035,350.54317178279035,2.0100000000000016
380,11,215.17891400673614,251.17891400673614,2.4600000000000004
380,9,451.6375829106146,847.6375829106146,0.0
380,14,144.2362728283021,313.2362728283021,2.37
380,3,189.76944138451287,262.7694413845129,2.0850000000000017
380,7,214.5448790194819,250.54487901948193,2.4600000000000004
380,4,215.18867975849327,251.18867975849327,2.4600000000000004
380,13,258.70259162308884,337.70259162308884,2.560000000000002
380,15,260.1333248292794,341.1333248292794,2.4700000000000015
380,2,223.0101886069099,259.0101886069099,2.5200000000000005
380,10,144.10463345891023,310.89536654108974,2.3950000000000005
380,18,136.22341035734135,282.2234103573414,2.2350000000000003
381,5,275.5,378.0422442300847,2.8100000000000005
381,16,167.5,358.7994377885132,1.9800000000000013
381,20,162.98138701842183,349.0186129815782,2.0300000000000016
381,12,117.50781299323248,242.5078129932325,1.9300000000000015
381,8,167.73473031481402,361.26526968518596,1.9400000000000013
381,17,168.9874468480878,362.9874468480878,1.9000000000000012
381,1,137.5,283.6469248789679,2.225
381,19,136.32471091619215,282.32471091619215,2.22
381,6,162.5,349.7539681877281,2.0250000000000012
381,11,214.85569649926683,250.85569649926683,2.4650000000000003
381,9,450.3445716181419,847.5,0.0
381,14,143.86624062439952,312.8662406243995,2.375
381,3,189.2445195861842,262.2445195861842,2.1000000000000014
381,7,214.2216615120126,250.22166151201262,2.4650000000000003
381,4,214.86546225102396,250.86546225102396,2.4650000000000003
381,13,258.5,337.40711999172134,2.575000000000002
381,15,259.8202782868176,340.8202782868176,2.485000000000002
381,2,222.71724069623497,258.71724069623497,2.5250000000000004
381,10,144.4614859604965,310.53851403950347,2.4000000000000004
381,18,135.7797199731932,281.7797199731932,2.24
382,5,275.5,377.8214770557178,2.8150000000000004
382,16,167.12225238387484,358.1222523838748,1.9950000000000014
382,20,163.5,348.4438375774713,2.0450000000000017
382,12,118.1168560323167,241.8831439676833,1.9400000000000015
382,8,168.3497049401614,360.6502950598386,1.9550000000000014
382,17,168.34645269003943,362.3464526900394,1.9150000000000014
382,1,137.15456964076054,283.15456964076054,2.23
382,19,135.87256372483967,281.87256372483967,2.225
382,6,162.88182433590998,349.11817566409,2.0400000000000014
382,11,214.53502944874015,250.53502944874018,2.47
382,9,448.9945716181419,847.5,0.0
382,14,143.5,312.4983813261942,2.3800000000000003
382,3,188.72855618916466,261.72855618916464,2.1150000000000015
382,7,213.9009944614859,249.90099446148594,2.47
382,4,214.54479520049728,250.5447952004973,2.47
382,13,258.5,337.0380710104877,2.590000000000002
382,15,259.5148063915127,340.5148063915127,2.5000000000000018
382,2,222.42678269749075,258.42678269749075,2.5300000000000002
382,10,144.5,310.05350590534033,2.4050000000000002
382,18,135.66116405512005,281.33883594488,2.245
383,5,275.5,377.60386871092885,2.8200000000000007
383,16,166.54219841144854,357.5421984114485,2.0100000000000016
383,20,163.5,347.66725422685795,2.0600000000000014
383,12,118.73505383502219,241.26494616497783,1.9500000000000015
383,8,168.04494073664245,360.04494073664245,1.9700000000000015
383,17,167.7152789984859,361.71527899848587,1.9300000000000015
383,1,136.70806662958609,282.7080666295861,2.2350000000000003
383,19,135.57675821264303,281.423241787357,2.23
383,6,163.4340103786897,348.5659896213103,2.0550000000000015
383,11,214.21690769750458,250.2169076975046,2.4750000000000005
383,9,447.64457161814187,847.5,0.0
383,14,143.5,311.98255576751995,2.3850000000000002
383,3,188.22148788266878,261.2214878826688,2.1300000000000017
383,7,213.58287271025034,249.58287271025037,2.4750000000000005
383,4,214.2266734492617,250.22667344926174,2.4750000000000005
383,13,258.5,336.67930117235323,2.605000000000002
383,15,259.78313616885345,340.21686383114655,2.515000000000002
383,2,222.13880969475713,258.13880969475713,2.535
383,10,144.5,309.5562415158949,2.41
383,18,136.09924797088686,280.90075202911316,2.25
384,5,275.5,377.389413599914,2.8250000000000006
384,16,166.5,356.75259163277525,2.0250000000000012
384,20,163.07827096595926,347.0782709659593,2.0750000000000015
384,12,119.34681351591274,240.65318648408726,1.9600000000000015
384,8,167.5,359.42806424761704,1.9850000000000014
384,17,167.9061502567533,361.0938497432467,1.9450000000000014
384,1,136.26437624543794,282.2643762454379,2.24
384,19,136.02326122381749,280.9767387761825,2.2350000000000003
384,6,163.5,347.82535993838644,2.0700000000000016
384,11,213.90132610872655,249.90132610872658,2.4800000000000004
384,9,446.6476334169534,848.3523665830467,0.0
384,14,143.52088937759243,311.4791106224076,2.39
384,3,187.72325224449455,260.7232522444945,2.1450000000000014
384,7,213.2672911214723,249.26729112147234,2.4800000000000004
384,4,213.91109186048368,249.9110918604837,2.4800000000000004
384,13,258.3803232082382,336.3803232082382,2.620000000000002
384,15,260.07359416759766,339.92640583240234,2.530000000000002
384,2,221.85331679148706,257.85331679148703,2.5400000000000005
384,10,144.1907583375702,309.1907583375702,2.415
384,18,136.46546201032154,280.4654620103215,2.255
385,5,275.5,377.1781061466602,2.8300000000000005
385,16,166.11720229274817,356.1172022927482,2.0400000000000014
385,20,162.54734127999197,346.547341279992,2.0900000000000016
385,12,119.9521678391089,240.04783216089112,1.9700000000000015
385,8,167.5,358.59886622901377,2.0000000000000013
385,17,168.48209006235615,360.4820900623561,1.9600000000000013
385,1,135.82349221712468,281.8234922171247,2.245
385,19,136.46695160796563,280.53304839203435,2.24
385,6,163.1961198006431,347.1961198006431,2.0850000000000017
385,11,213.58827956626473,249.58827956626476,2.4850000000000003
385,9,445.69303926235153,849.3069607376485,0.0
385,14,143.88036680207065,311.1196331979293,2.3950000000000005
385,3,187.76621227755365,260.2337877224464,2.1600000000000015
385,7,212.9542445790105,248.95424457901052,2.4850000000000003
385,4,213.59804531802186,249.5980453180219,2.4850000000000003
385,13,258.14104680398424,336.14104680398424,2.635000000000002
385,15,260.3566118486924,339.6433881513076,2.545000000000002
385,2,221.5702991103923,257.5702991103923,2.5450000000000004
385,10,143.84435112473182,308.8443511247318,2.4200000000000004
385,18,136.0329597004669,280.03295970046685,2.2600000000000002
386,5,275.5,376.96994079484006,2.835000000000001
386,16,165.56501624996847,355.56501624996844,2.0550000000000015
386,20,162.02541270559598,346.025412705596,2.1050000000000013
386,12,120.4488507630596,239.4488507630596,1.9800000000000015
386,8,166.99298209106874,357.9929820910687,2.0150000000000015
386,17,167.87992623534367,359.87992623534365,1.9750000000000014
386,1,135.61459169864213,281.38540830135787,2.25
386,19,136.0921643637211,280.0921643637211,2.245
386,6,162.6711980023144,346.6711980023144,2.1000000000000014
386,11,213.2777629745452,249.27776297454523,2.49
386,9,444.422998742888,849.5,0.0
386,14,144.23721930365693,310.76278069634304,2.4000000000000004
386,3,188.2469663837275,259.7530336162725,2.1750000000000016
386,7,212.64372798729096,248.643727987291,2.49
386,4,213.28752872630233,249.28752872630236,2.49
386,13,257.90891507399823,335.90891507399823,2.650000000000002
386,15,260.36776706390185,339.36776706390185,2.560000000000002
386,2,221.28975179333005,257.2897517933301,2.5500000000000003
386,10,143.50054174577855,308.50054174577855,2.4250000000000003
386,18,135.60323893886144,279.6032389388614,2.265
387,5,275.5,376.7649120077082,2.8400000000000007
387,16,165.02198406623108,355.0219840662311,2.0700000000000016
387,20,161.51242132901405,345.51242132901405,2.1200000000000014
387,12,119.8562101850391,238.85621018503912,1.9900000000000015
387,8,166.5,357.394485670832,2.0300000000000016
387,17,167.5,359.19917649167513,1.9900000000000015
387,1,136.04988171743375,280.9501182825663,2.255
387,19,135.6540804479543,279.6540804479543,2.25
387,6,162.15523460529485,346.1552346052949,2.1150000000000015
387,11,212.9697712584377,248.96977125843773,2.495
387,9,443.1980645155209,849.801935484479,0.0
387,14,144.5,310.37066685303097,2.4050000000000002
387,3,188.71906993990123,259.2809300600988,2.1900000000000017
387,7,212.33573627118346,248.33573627118346,2.495
387,4,212.97953701019483,248.97953701019486,2.495
387,13,257.6838876906472,335.6838876906472,2.665000000000002
387,15,260.0994993571225,339.0994993571225,2.575000000000002
387,2,221.0116700011904,257.01167000119045,2.5550000000000006
387,10,143.15932484986442,308.1593248498644,2.43
387,18,135.04221000756093,279.5,2.27
388,5,275.5,376.5630142679975,2.8450000000000006
388,16,164.5,354.483085508153,2.0850000000000017
388,20,161.00830413775176,345.00830413775174,2.1350000000000016
388,12,119.5,238.17455925613444,2.0000000000000013
388,8,166.5,356.6048937361327,2.0450000000000017
388,17,167.41120359504689,358.41120359504686,2.0050000000000017
388,1,136.4823840272884,280.5176159727116,2.2600000000000002
388,19,135.10230961105276,279.5,2.255
388,6,161.648166298799,345.64816629879897,2.1300000000000017
388,11,212.6642993631328,248.66429936313284,2.5000000000000004
388,9,442.2434703609191,850.7565296390809,0.0
388,14,144.5,309.87340246358553,2.41
388,3,189.18258199465777,258.81741800534223,2.205000000000002
388,7,212.03026437587857,248.03026437587855,2.5000000000000004
388,4,212.67406511488994,248.67406511488997,2.5000000000000004
388,13,257.5340752210026,335.4659247789974,2.680000000000002
388,15,259.8385423199022,338.8385423199022,2.5900000000000016
388,2,220.73604891378469,256.7360489137847,2.5600000000000005
388,10,142.82069510814074,307.82069510814074,2.4350000000000005
388,18,134.45922433450212,279.4592243345021,2.2750000000000004
389,5,275.5,376.3642420778169,2.8500000000000005
389,16,164.5,353.7407339817713,2.1000000000000014
389,20,160.5129990016476,344.5129990016476,2.1500000000000017
389,12,119.39693145189852,237.39693145189852,2.01
389,8,166.02504371874815,356.0250437187481,2.0600000000000014
389,17,166.837396037776,357.837396037776,2.0200000000000014
389,1,136.08789521110617,280.0878952111062,2.265
389,19,134.4933949004946,279.4933949004946,2.2600000000000002
389,6,161.14993066062473,345.14993066062476,2.1450000000000014
389,11,212.36134225402017,248.3613422540202,2.5050000000000003
389,9,441.28887620631724,851.7111237936828,0.0
389,14,144.4150249944098,309.4150249944098,2.415
389,3,189.63756079591212,258.3624392040879,2.2200000000000015
389,7,211.72730726676593,247.7273072667659,2.5050000000000003
389,4,212.3711080057773,248.37110800577733,2.5050000000000003
389,13,257.745013090766,335.254986909234,2.695000000000002
389,15,259.5848537344721,338.5848537344721,2.605000000000002
389,2,220.46288372973478,256.46288372973476,2.5650000000000004
389,10,142.4846472136209,307.48464721362086,2.4400000000000004
389,18,134.03781152431816,279.03781152431816,2.2800000000000002
390,5,275.5,376.1685899585491,2.8550000000000004
390,16,164.84573876604702,353.154261233953,2.1150000000000015
390,20,160.02644465446934,344.02644465446934,2.165000000000002
390,12,118.81687747947224,236.81687747947223,2.01
390,8,165.48504808671404,355.485048086714,2.0750000000000015
390,17,166.5,357.17883261014606,2.0350000000000015
390,1,135.66094986423175,279.6609498642317,2.27
390,19,134.06367413888916,279.06367413888916,2.265
390,6,160.66046613857657,344.66046613857657,2.1600000000000015
390,11,212.06089491656766,248.0608949165677,2.5100000000000002
390,9,440.3342820517154,852.6657179482846,0.0
390,14,144.06861778157142,309.06861778157145,2.4200000000000004
390,3,190.08406380708658,257.9159361929134,2.2350000000000017
390,7,211.42685992931342,247.4268599293134,2.5100000000000002
390,4,212.0706606683248,248.07066066832482,2.5100000000000002
390,13,257.94896491075065,335.05103508924935,2.710000000000002
390,15,259.3383918678647,338.3383918678647,2.620000000000002
390,2,220.19216966636313,256.1921696663631,2.5700000000000003
390,10,142.15117588104584,307.15117588104584,2.4450000000000003
390,18,133.61915588954238,278.61915588954236,2.285
391,5,275.5,375.97605245074965,2.8600000000000008
391,16,165.3528070725429,352.6471929274571,2.1300000000000017
391,20,159.54858067601887,343.54858067601884,2.1800000000000015
391,12,118.23682350704594,236.23682350704593,2.01
391,8,164.95411840074675,354.9541184007467,2.0900000000000016
391,17,166.424754958602,356.424754958602,2.0500000000000016
391,1,135.12774197413583,279.5,2.2750000000000004
391,19,133.63672879201474,278.6367287920147,2.27
391,6,160.1797120324027,344.1797120324027,2.1750000000000016
391,11,211.76295235620154,247.76295235620154,2.5150000000000006
391,9,439.3796878971135,853.6203121028865,0.0
391,14,143.72480840261815,308.7248084026182,2.4250000000000003
391,3,190.5221477228534,257.4778522771466,2.2500000000000018
391,7,211.12891736894727,247.12891736894724,2.5150000000000006
391,4,211.77271810795867,247.77271810795867,2.5150000000000006
391,13,258.1459692426052,334.8540307573948,2.7250000000000023
391,15,259.0991154636107,338.0991154636107,2.635000000000002
391,2,219.9239019595838,255.9239019595838,2.575
391,10,141.8202758467512,306.8202758467512,2.45
391,18,133.5,278.0803341102952,2.29
392,5,275.5,375.7866241140464,2.8650000000000007
392,16,165.14895728928286,352.14895728928286,2.1450000000000014
392,20,159.9206525252723,343.0793474747277,2.1950000000000016
392,12,117.65676953461964,235.65676953461966,2.01
392,8,164.5,354.40410193275835,2.1050000000000013
392,17,165.8786788796193,355.8786788796193,2.0650000000000013
392,1,134.53177426261593,279.5,2.2800000000000002
392,19,133.5,278.0934882053113,2.2750000000000004
392,6,159.70760847622898,343.707608476229,2.1900000000000017
392,11,211.46750959818743,247.4675095981874,2.5200000000000005
392,9,438.42509374251165,854.5749062574884,0.0
392,14,143.38359150670402,308.383591506704,2.43
392,3,190.95186848445883,257.0481315155412,2.2650000000000015
392,7,210.83347461093317,246.83347461093314,2.5200000000000005
392,4,211.47727534994456,247.47727534994453,2.5200000000000005
392,13,258.33606422460844,334.66393577539156,2.740000000000002
392,15,258.8669837336247,337.8669837336247,2.650000000000002
392,2,219.6580758637942,255.6580758637942,2.5800000000000005
392,10,141.491941868535,306.491941868535,2.455
392,18,133.49719884721947,277.49719884721947,2.295
393,5,275.5,375.60029952703974,2.8700000000000006
393,16,164.6594927672347,351.65949276723467,2.1600000000000015
393,20,160.38131372927322,342.6186862707268,2.2100000000000017
393,12,117.07671556219336,235.07671556219336,2.01
393,8,164.5,353.67862257061574,2.1200000000000014
393,17,165.34171249109437,355.34171249109437,2.0800000000000014
393,1,134.10381216178715,279.1038121617871,2.285
393,19,133.4982467243459,277.4982467243459,2.2800000000000002
393,6,159.75590357852755,343.2440964214724,2.205000000000002
393,11,211.1745616875125,247.17456168751247,2.5250000000000004
393,9,437.5295004120902,855.5295004120902,0.0
393,14,143.04496176498037,308.04496176498037,2.4350000000000005
393,3,191.37328129464277,256.62671870535723,2.2800000000000016
393,7,210.54052670025823,246.5405267002582,2.5250000000000004
393,4,211.18432743926962,247.1843274392696,2.5250000000000004
393,13,258.4807124213965,334.4807124213965,2.755000000000002
393,15,258.6419563502737,337.6419563502737,2.6650000000000023
393,2,219.3946866517678,255.3946866517678,2.5850000000000004
393,10,141.16616872552675,306.16616872552675,2.4600000000000004
393,18,133.08677868394403,277.08677868394403,2.3000000000000003
394,5,275.4413619590401,375.4413619590401,2.875000000000001
394,16,164.04566785740604,351.5,2.1750000000000016
394,20,160.8334609206257,342.16653907937433,2.2250000000000014
394,12,116.49999999999999,234.49527877497184,2.01
394,8,164.87781196030693,353.12218803969307,2.1350000000000016
394,17,164.81379033360827,354.81379033360827,2.0950000000000015
394,1,133.68790767580182,278.6879076758018,2.29
394,19,133.07959108957013,277.0795910895701,2.285
394,6,160.2108823797819,342.78911762021806,2.2200000000000015
394,11,210.88410368876828,246.88410368876825,2.5300000000000002
394,9,438.4840945666921,856.4840945666921,0.0
394,14,142.70891387046052,307.7089138704605,2.4400000000000004
394,3,191.78644063216692,256.2135593678331,2.2950000000000017
394,7,210.250068701514,246.25006870151398,2.5300000000000002
394,4,210.8938694405254,246.89386944052538,2.5300000000000002
394,13,258.30432338321845,334.30432338321845,2.7700000000000022
394,15,258.5,337.39251049007254,2.680000000000002
394,2,219.13372961454752,255.13372961454752,2.5900000000000003
394,10,140.84295121805744,305.84295121805746,2.4650000000000003
394,18,132.6790917466515,276.67909174665147,2.305
395,5,275.3139884977684,375.3139884977684,2.880000000000001
395,16,163.41374188607364,351.41374188607364,2.1900000000000017
395,20,161.27715130477384,341.72284869522616,2.2400000000000015
395,12,116.49999999999999,233.6749585802582,2.01
395,8,165.3731170964111,352.6268829035889,2.1500000000000017
395,17,164.5,354.20987109205896,2.1100000000000017
395,1,133.5,278.18144604504516,2.295
395,19,132.6636866035848,276.6636866035848,2.29
395,6,160.6573853909564,342.3426146090436,2.2350000000000017
395,11,210.59613068603466,246.59613068603463,2.535
395,9,439.43868872129394,857.4386887212939,0.0
395,14,142.37544253788548,307.3754425378855,2.4450000000000003
395,3,192.19140026596438,255.80859973403565,2.310000000000002
395,7,209.9620956987804,245.96209569878036,2.535
395,4,210.60589643779178,246.60589643779176,2.535
395,13,258.1347317516812,334.1347317516812,2.785000000000002
395,15,258.5,337.09419929383506,2.695000000000002
395,2,218.87520006134008,254.87520006134008,2.5950000000000006
395,10,140.52228416753078,305.52228416753076,2.47
395,18,132.72586788714597,276.27413211285403,2.31
396,5,275.1887982982245,375.1887982982245,2.8850000000000007
396,16,162.9502298313171,350.9502298313171,2.205000000000002
396,20,161.28755867643454,341.28755867643457,2.2550000000000017
396,12,116.04366042610104,233.04366042610104,2.01
396,8,165.14032855641065,352.1403285564107,2.165000000000002
396,17,164.50807169441362,353.4919283055864,2.1250000000000018
396,1,133.5,277.60102428386966,2.3000000000000003
396,19,132.74947273393934,276.25052726606066,2.295
396,6,161.0954693067232,341.9045306932768,2.2500000000000018
396,11,210.3106377827646,246.31063778276456,2.5400000000000005
396,9,440.68617609470925,857.6861760947093,0.0
396,14,142.04454250359083,307.04454250359083,2.45
396,3,192.58821326892294,255.41178673107706,2.325000000000002
396,7,209.67660279551032,245.6766027955103,2.5400000000000005
396,4,210.32040353452172,246.3204035345217,2.5400000000000005
396,13,257.971901014129,333.971901014129,2.800000000000002
396,15,258.5,336.80576786394215,2.7100000000000017
396,2,218.6190933194111,254.6190933194111,2.6000000000000005
396,10,140.2041624162952,305.2041624162952,2.4750000000000005
396,18,133.12810611432536,275.87189388567464,2.3150000000000004
397,5,275.0657875798669,375.0657875798669,2.8900000000000006
397,16,162.5,350.4932839423074,2.2200000000000015
397,20,160.86061332956012,340.8606133295601,2.270000000000002
397,12,115.5,232.44853175320398,2.01
397,8,164.66246457796018,351.6624645779602,2.1800000000000015
397,17,165.00924467364214,352.9907553263579,2.1400000000000015
397,1,133.1637480188962,277.16374801889623,2.305
397,19,133.15989289721477,275.8401071027852,2.3000000000000003
397,6,161.47480993167136,341.47480993167136,2.2650000000000015
397,11,210.02762010166984,246.0276201016698,2.5450000000000004
397,9,441.3592297506889,858.6407702493111,0.0
397,14,141.71620852537464,306.7162085253746,2.455
397,3,192.97693203131385,255.02306796868615,2.3400000000000016
397,7,209.39358511441557,245.39358511441554,2.5450000000000004
397,4,210.03738585342697,246.03738585342694,2.5450000000000004
397,13,257.8157950480708,333.8157950480708,2.815000000000002
397,15,258.5,336.5271616659872,2.7250000000000023
397,2,218.36540473398097,254.36540473398097,2.6050000000000004
397,10,139.88858082751716,304.88858082751716,2.4800000000000004
397,18,133.4723711936813,275.4723711936813,2.3200000000000003
398,5,274.94495257522385,374.94495257522385,2.8950000000000005
398,16,162.5,349.8618333282641,2.2350000000000017
398,20,160.5,340.4179157847726,2.285000000000002
398,12,115.5,231.62821155849034,2.01
398,8,164.0661636523748,351.5,2.1950000000000016
398,17,165.49837388511193,352.4983738851119,2.1550000000000016
398,1,132.75878838509874,276.75878838509874,2.31
398,19,133.4324201654927,275.43242016549266,2.305
398,6,161.05339712148742,341.0533971214874,2.2800000000000016
398,11,209.7470727846076,245.74707278460758,2.5500000000000003
398,9,440.5,859.6348656333813,0.0
398,14,141.39043538236635,306.3904353823664,2.4600000000000004
398,3,193.35760827387716,254.64239172612284,2.3550000000000018
398,7,209.11303779735331,245.11303779735331,2.5500000000000003
398,4,209.75683853636474,245.7568385363647,2.5500000000000003
398,13,257.66637811495974,333.66637811495974,2.8300000000000023
398,15,258.32911121620464,336.32911121620464,2.740000000000002
398,2,218.11412966812168,254.11412966812168,2.6100000000000003
398,10,139.57553428505534,304.57553428505537,2.4850000000000003
398,18,133.07555819072275,275.0755581907227,2.325
399,5,274.82628952982645,374.82628952982645,2.900000000000001
399,16,162.68222911569197,349.317770884308,2.2500000000000018
399,20,160.5,339.8374940235971,2.3000000000000016
399,12,115.5,230.8078913637767,2.01
399,8,163.43967695385464,351.43967695385464,2.2100000000000017
399,17,165.01472299959147,352.01472299959147,2.1700000000000017
399,1,132.64344984208066,276.35655015791934,2.3150000000000004
399,19,133.02746053169523,275.0274605316952,2.31
399,6,160.64023778396327,340.6402377839633,2.2950000000000017
399,11,209.46899099246795,245.46899099246792,2.5550000000000006
399,9,440.84285177732824,860.8428517773282,0.0
399,14,141.06721787489704,306.06721787489704,2.4650000000000003
399,3,193.73029306057504,254.26970693942496,2.370000000000002
399,7,208.83495600521366,244.83495600521366,2.5550000000000006
399,4,209.47875674422508,245.47875674422505,2.5550000000000006
399,13,257.5236148541041,333.5236148541041,2.8450000000000024
399,15,258.1458878622096,336.1458878622096,2.755000000000002
399,2,217.86526350265416,253.86526350265416,2.615
399,10,139.5,304.16768483499783,2.49
399,18,132.68144905576534,274.6814490557653,2.33
400,5,274.709794702141,374.709794702141,2.9050000000000007
400,16,163.1119498772974,348.88805012270257,2.2650000000000015
400,20,160.33640608551607,339.33640608551605,2.3150000000000017
400,12,115.13765809876898,230.13765809876898,2.01
400,8,162.98752976250216,350.98752976250216,2.2250000000000014
400,17,164.53974252771835,351.5397425277183,2.1850000000000014
400,1,133.04297253407398,275.957027465926,2.3200000000000003
400,19,132.62522230451583,274.62522230451583,2.3150000000000004
400,6,160.5,340.125626769708,2.310000000000002
400,11,209.19336990506224,245.1933699050622,2.5600000000000005
400,9,441.79744593193004,861.20255406807,0.0
400,14,140.74655082437036,305.7465508243704,2.47
400,3,194.09503681102294,253.90496318897706,2.3850000000000016
400,7,208.55933491780794,244.55933491780794,2.5600000000000005
400,4,209.20313565681937,245.20313565681934,2.5600000000000005
400,13,257.3874702767063,333.3874702767063,2.860000000000002
400,15,257.9694988240315,335.9694988240315,2.7700000000000022
400,2,217.6188016360467,253.6188016360467,2.6200000000000006
400,10,139.5,303.73211877298,2.495
400,18,132.2900379927318,274.2900379927318,2.335
