step,agent_id,x,y,toxicload
1,5,577.0,310.0,0.0
1,16,440.0,642.0,0.0
1,20,302.0,594.0,0.0
1,12,248.0,296.0,0.0
1,24,237.0,589.0,0.0
1,8,476.0,473.0,0.0
1,17,493.0,475.0,0.0
1,1,231.0,506.0,0.0
1,19,233.0,525.0,0.0
1,22,253.0,667.0,0.0
1,23,544.0,314.0,0.0
1,6,291.0,636.0,0.0
1,11,516.0,365.0,0.0
1,9,659.0,718.0,0.0
1,14,285.0,490.0,0.0
1,3,474.0,290.0,0.0
1,7,516.0,338.0,0.0
1,25,260.0,493.0,0.0
1,4,539.0,347.0,0.0
1,13,668.0,398.0,0.0
1,15,664.0,309.0,0.0
1,2,430.0,434.0,0.0
1,10,290.0,342.0,0.0
1,18,309.0,303.0,0.0
1,21,556.0,584.0,0.0
2,5,576.0454058453981,309.04540584539814,0.0
2,16,439.04540584539814,642.9545941546019,0.0
2,20,301.04540584539814,594.9545941546019,0.0
2,12,247.04540584539816,295.04540584539814,0.0
2,24,236.04540584539816,588.0454058453981,0.0
2,8,475.04540584539814,472.04540584539814,0.0
2,17,492.04540584539814,474.04540584539814,0.0
2,1,230.04540584539816,505.04540584539814,0.0
2,19,232.04540584539816,524.0454058453981,0.0
2,22,253.95459415460184,666.0454058453981,0.0
2,23,543.0454058453981,313.04540584539814,0.0
2,6,290.04540584539814,636.9545941546019,0.0
2,11,515.0454058453981,364.04540584539814,0.0
2,9,658.0454058453981,718.9545941546019,0.0
2,14,284.04540584539814,489.04540584539814,0.0
2,3,473.04540584539814,289.04540584539814,0.0
2,7,515.0454058453981,337.04540584539814,0.0
2,25,259.04540584539814,492.04540584539814,0.0
2,4,538.0454058453981,346.04540584539814,0.0
2,13,667.0454058453981,397.04540584539814,0.0
2,15,663.0454058453981,308.04540584539814,0.0
2,2,429.04540584539814,433.04540584539814,0.0
2,10,289.04540584539814,341.04540584539814,0.0
2,18,308.04540584539814,302.04540584539814,0.0
2,21,555.0454058453981,584.9545941546019,0.0
3,5,576.0,309.0,0.0
3,16,439.0,643.0,0.0
3,20,301.0,595.0,0.0
3,12,247.0,295.0,0.0
3,24,236.0,588.0,0.0
3,8,475.0,472.0,0.0
3,17,492.0,474.0,0.0
3,1,230.0,505.0,0.0
3,19,232.0,524.0,0.0
3,22,254.0,666.0,0.0
3,23,543.0,313.0,0.0
3,6,290.0,637.0,0.0
3,11,515.0,364.0,0.0
3,9,658.0,719.0,0.0
3,14,284.0,489.0,0.0
3,3,473.0,289.0,0.0
3,7,515.0,337.0,0.0
3,25,259.0,492.0,0.0
3,4,538.0,346.0,0.0
3,13,667.0,397.0,0.0
3,15,663.0,308.0,0.0
3,2,429.0,433.0,0.0
3,10,289.0,341.0,0.0
3,18,308.0,302.0,0.0
3,21,555.0,585.0,0.0
4,5,575.0454058453981,308.04540584539814,0.0
4,16,438.04540584539814,643.9545941546019,0.0
4,20,300.04540584539814,595.9545941546019,0.0
4,12,246.04540584539816,294.04540584539814,0.0
4,24,235.04540584539816,587.0454058453981,0.0
4,8,474.04540584539814,471.04540584539814,0.0
4,17,491.04540584539814,473.04540584539814,0.0
4,1,229.04540584539816,504.04540584539814,0.0
4,19,231.04540584539816,523.0454058453981,0.0
4,22,254.95459415460184,665.0454058453981,0.0
4,23,542.0454058453981,312.04540584539814,0.0
4,6,289.04540584539814,637.9545941546019,0.0
4,11,514.0454058453981,363.04540584539814,0.0
4,9,657.0454058453981,719.9545941546019,0.0
4,14,283.04540584539814,488.04540584539814,0.0
4,3,472.04540584539814,288.04540584539814,0.0
4,7,514.0454058453981,336.04540584539814,0.0
4,25,258.04540584539814,491.04540584539814,0.0
4,4,537.0454058453981,345.04540584539814,0.0
4,13,666.0454058453981,396.04540584539814,0.0
4,15,662.0454058453981,307.04540584539814,0.0
4,2,428.04540584539814,432.04540584539814,0.0
4,10,288.04540584539814,340.04540584539814,0.0
4,18,307.04540584539814,301.04540584539814,0.0
4,21,554.0454058453981,585.9545941546019,0.0
5,5,575.0,308.0,0.0
5,16,438.0,644.0,0.0
5,20,300.0,596.0,0.0
5,12,246.0,294.0,0.0
5,24,235.0,587.0,0.0
5,8,474.0,471.0,0.0
5,17,491.0,473.0,0.0
5,1,229.0,504.0,0.0
5,19,231.0,523.0,0.0
5,22,255.0,665.0,0.0
5,23,542.0,312.0,0.0
5,6,289.0,638.0,0.0
5,11,514.0,363.0,0.0
5,9,657.0,720.0,0.0
5,14,283.0,488.0,0.0
5,3,472.0,288.0,0.0
5,7,514.0,336.0,0.0
5,25,258.0,491.0,0.0
5,4,537.0,345.0,0.0
5,13,666.0,396.0,0.0
5,15,662.0,307.0,0.0
5,2,428.0,432.0,0.0
5,10,288.0,340.0,0.0
5,18,307.0,301.0,0.0
5,21,554.0,586.0,0.0
6,5,574.0454058453981,307.04540584539814,0.0
6,16,437.04540584539814,644.9545941546019,0.0
6,20,299.04540584539814,596.9545941546019,0.0
6,12,245.04540584539816,293.04540584539814,0.0
6,24,234.04540584539816,586.0454058453981,0.0
6,8,473.04540584539814,470.04540584539814,0.0
6,17,490.04540584539814,472.04540584539814,0.0
6,1,228.04540584539816,503.04540584539814,0.0
6,19,230.04540584539816,522.0454058453981,0.0
6,22,255.95459415460184,664.0454058453981,0.0
6,23,541.0454058453981,311.04540584539814,0.0
6,6,288.04540584539814,638.9545941546019,0.0
6,11,513.0454058453981,362.04540584539814,0.0
6,9,656.0454058453981,720.9545941546019,0.0
6,14,282.04540584539814,487.04540584539814,0.0
6,3,471.04540584539814,287.04540584539814,0.0
6,7,513.0454058453981,335.04540584539814,0.0
6,25,257.04540584539814,490.04540584539814,0.0
6,4,536.0454058453981,344.04540584539814,0.0
6,13,665.0454058453981,395.04540584539814,0.0
6,15,661.0454058453981,306.04540584539814,0.0
6,2,427.04540584539814,431.04540584539814,0.0
6,10,287.04540584539814,339.04540584539814,0.0
6,18,306.04540584539814,300.04540584539814,0.0
6,21,553.0454058453981,586.9545941546019,0.0
7,5,574.0,307.0,0.0
7,16,437.0,645.0,0.0
7,20,299.0,597.0,0.0
7,12,245.0,293.0,0.0
7,24,234.0,586.0,0.0
7,8,473.0,470.0,0.0
7,17,490.0,472.0,0.0
7,1,228.0,503.0,0.0
7,19,230.0,522.0,0.0
7,22,256.0,664.0,0.0
7,23,541.0,311.0,0.0
7,6,288.0,639.0,0.0
7,11,513.0,362.0,0.0
7,9,656.0,721.0,0.0
7,14,282.0,487.0,0.0
7,3,471.0,287.0,0.0
7,7,513.0,335.0,0.0
7,25,257.0,490.0,0.0
7,4,536.0,344.0,0.0
7,13,665.0,395.0,0.0
7,15,661.0,306.0,0.0
7,2,427.0,431.0,0.0
7,10,287.0,339.0,0.0
7,18,306.0,300.0,0.0
7,21,553.0,587.0,0.0
8,5,573.0454058453981,306.04540584539814,0.0
8,16,436.04540584539814,645.9545941546019,0.0
8,20,298.04540584539814,597.9545941546019,0.0
8,12,244.04540584539816,292.04540584539814,0.0
8,24,233.04540584539816,585.0454058453981,0.0
8,8,472.04540584539814,469.04540584539814,0.0
8,17,489.04540584539814,471.04540584539814,0.0
8,1,227.04540584539816,502.04540584539814,0.0
8,19,229.04540584539816,521.0454058453981,0.0
8,22,256.95459415460186,663.0454058453981,0.0
8,23,540.0454058453981,310.04540584539814,0.0
8,6,287.04540584539814,639.9545941546019,0.0
8,11,512.0454058453981,361.04540584539814,0.0
8,9,655.0454058453981,721.9545941546019,0.0
8,14,281.04540584539814,486.04540584539814,0.0
8,3,470.04540584539814,286.04540584539814,0.0
8,7,512.0454058453981,334.04540584539814,0.0
8,25,256.04540584539814,489.04540584539814,0.0
8,4,535.0454058453981,343.04540584539814,0.0
8,13,664.0454058453981,394.04540584539814,0.0
8,15,660.0454058453981,305.04540584539814,0.0
8,2,426.04540584539814,430.04540584539814,0.0
8,10,286.04540584539814,338.04540584539814,0.0
8,18,305.04540584539814,299.04540584539814,0.0
8,21,552.0454058453981,587.9545941546019,0.0
9,5,573.0,306.0,0.0
9,16,436.0,646.0,0.0
9,20,298.0,598.0,0.0
9,12,244.0,292.0,0.0
9,24,233.0,585.0,0.0
9,8,472.0,469.0,0.0
9,17,489.0,471.0,0.0
9,1,227.0,502.0,0.0
9,19,229.0,521.0,0.0
9,22,257.0,663.0,0.0
9,23,540.0,310.0,0.0
9,6,287.0,640.0,0.0
9,11,512.0,361.0,0.0
9,9,655.0,722.0,0.0
9,14,281.0,486.0,0.0
9,3,470.0,286.0,0.0
9,7,512.0,334.0,0.0
9,25,256.0,489.0,0.0
9,4,535.0,343.0,0.0
9,13,664.0,394.0,0.0
9,15,660.0,305.0,0.0
9,2,426.0,430.0,0.0
9,10,286.0,338.0,0.0
9,18,305.0,299.0,0.0
9,21,552.0,588.0,0.0
10,5,572.0454058453981,305.04540584539814,0.0
10,16,435.04540584539814,646.9545941546019,0.0
10,20,297.04540584539814,598.9545941546019,0.0
10,12,243.04540584539816,291.04540584539814,0.0
10,24,232.04540584539816,584.0454058453981,0.0
10,8,471.04540584539814,468.04540584539814,0.0
10,17,488.04540584539814,470.04540584539814,0.0
10,1,226.04540584539816,501.04540584539814,0.0
10,19,228.04540584539816,520.0454058453981,0.0
10,22,257.95459415460186,662.0454058453981,0.0
10,23,539.0454058453981,309.04540584539814,0.0
10,6,286.04540584539814,640.9545941546019,0.0
10,11,511.04540584539814,360.04540584539814,0.0
10,9,654.0454058453981,722.9545941546019,0.0
10,14,280.04540584539814,485.04540584539814,0.0
10,3,469.04540584539814,285.04540584539814,0.0
10,7,511.04540584539814,333.04540584539814,0.0
10,25,255.04540584539816,488.04540584539814,0.0
10,4,534.0454058453981,342.04540584539814,0.0
10,13,663.0454058453981,393.04540584539814,0.0
10,15,659.0454058453981,304.04540584539814,0.0
10,2,425.04540584539814,429.04540584539814,0.0
10,10,285.04540584539814,337.04540584539814,0.0
10,18,304.04540584539814,298.04540584539814,0.0
10,21,551.0454058453981,588.9545941546019,0.0
11,5,572.0,305.0,0.0
11,16,435.0,647.0,0.0
11,20,297.0,599.0,0.0
11,12,243.0,291.0,0.0
11,24,232.0,584.0,0.0
11,8,471.0,468.0,0.0
11,17,488.0,470.0,0.0
11,1,226.0,501.0,0.0
11,19,228.0,520.0,0.0
11,22,258.0,662.0,0.0
11,23,539.0,309.0,0.0
11,6,286.0,641.0,0.0
11,11,511.0,360.0,0.0
11,9,654.0,723.0,0.0
11,14,280.0,485.0,0.0
11,3,469.0,285.0,0.0
11,7,511.0,333.0,0.0
11,25,255.0,488.0,0.0
11,4,534.0,342.0,0.0
11,13,663.0,393.0,0.0
11,15,659.0,304.0,0.0
11,2,425.0,429.0,0.0
11,10,285.0,337.0,0.0
11,18,304.0,298.0,0.0
11,21,551.0,589.0,0.0
12,5,571.0454058453981,304.04540584539814,0.0
12,16,434.04540584539814,647.9545941546019,0.0
12,20,296.04540584539814,599.9545941546019,0.0
12,12,242.04540584539816,290.04540584539814,0.0
12,24,231.04540584539816,583.0454058453981,0.0
12,8,470.04540584539814,467.04540584539814,0.0
12,17,487.04540584539814,469.04540584539814,0.0
12,1,225.04540584539816,500.04540584539814,0.0
12,19,227.04540584539816,519.0454058453981,0.0
12,22,258.95459415460186,661.0454058453981,0.0
12,23,538.0454058453981,308.04540584539814,0.0
12,6,285.04540584539814,641.9545941546019,0.0
12,11,510.04540584539814,359.04540584539814,0.0
12,9,653.0454058453981,723.9545941546019,0.0
12,14,279.04540584539814,484.04540584539814,0.0
12,3,468.04540584539814,284.04540584539814,0.0
12,7,510.04540584539814,332.04540584539814,0.0
12,25,254.04540584539816,487.04540584539814,0.0
12,4,533.0454058453981,341.04540584539814,0.0
12,13,662.0454058453981,392.04540584539814,0.0
12,15,658.0454058453981,303.04540584539814,0.0
12,2,424.04540584539814,428.04540584539814,0.0
12,10,284.04540584539814,336.04540584539814,0.0
12,18,303.04540584539814,297.04540584539814,0.0
12,21,550.0454058453981,589.9545941546019,0.0
13,5,571.0,304.0,0.0
13,16,434.0,648.0,0.0
13,20,296.0,600.0,0.0
13,12,242.0,290.0,0.0
13,24,231.0,583.0,0.0
13,8,470.0,467.0,0.0
13,17,487.0,469.0,0.0
13,1,225.0,500.0,0.0
13,19,227.0,519.0,0.0
13,22,259.0,661.0,0.0
13,23,538.0,308.0,0.0
13,6,285.0,642.0,0.0
13,11,510.0,359.0,0.0
13,9,653.0,724.0,0.0
13,14,279.0,484.0,0.0
13,3,468.0,284.0,0.0
13,7,510.0,332.0,0.0
13,25,254.0,487.0,0.0
13,4,533.0,341.0,0.0
13,13,662.0,392.0,0.0
13,15,658.0,303.0,0.0
13,2,424.0,428.0,0.0
13,10,284.0,336.0,0.0
13,18,303.0,297.0,0.0
13,21,550.0,590.0,0.0
14,5,570.0454058453981,303.04540584539814,0.0
14,16,433.04540584539814,648.9545941546019,0.0
14,20,295.04540584539814,600.9545941546019,0.0
14,12,241.04540584539816,289.04540584539814,0.0
14,24,230.04540584539816,582.0454058453981,0.0
14,8,469.04540584539814,466.04540584539814,0.0
14,17,486.04540584539814,468.04540584539814,0.0
14,1,224.04540584539816,499.04540584539814,0.0
14,19,226.04540584539816,518.0454058453981,0.0
14,22,259.95459415460186,660.0454058453981,0.0
14,23,537.0454058453981,307.04540584539814,0.0
14,6,284.04540584539814,642.9545941546019,0.0
14,11,509.04540584539814,358.04540584539814,0.0
14,9,652.0454058453981,724.9545941546019,0.0
14,14,278.04540584539814,483.04540584539814,0.0
14,3,467.04540584539814,283.04540584539814,0.0
14,7,509.04540584539814,331.04540584539814,0.0
14,25,253.04540584539816,486.04540584539814,0.0
14,4,532.0454058453981,340.04540584539814,0.0
14,13,661.0454058453981,391.04540584539814,0.0
14,15,657.0454058453981,302.04540584539814,0.0
14,2,423.04540584539814,427.04540584539814,0.0
14,10,283.04540584539814,335.04540584539814,0.0
14,18,302.04540584539814,296.04540584539814,0.0
14,21,549.0454058453981,590.9545941546019,0.0
15,5,570.0,303.0,0.0
15,16,433.0,649.0,0.0
15,20,295.0,601.0,0.0
15,12,241.0,289.0,0.0
15,24,230.0,582.0,0.0
15,8,469.0,466.0,0.0
15,17,486.0,468.0,0.0
15,1,224.0,499.0,0.0
15,19,226.0,518.0,0.0
15,22,260.0,660.0,0.0
15,23,537.0,307.0,0.0
15,6,284.0,643.0,0.0
15,11,509.0,358.0,0.0
15,9,652.0,725.0,0.0
15,14,278.0,483.0,0.0
15,3,467.0,283.0,0.0
15,7,509.0,331.0,0.0
15,25,253.0,486.0,0.0
15,4,532.0,340.0,0.0
15,13,661.0,391.0,0.0
15,15,657.0,302.0,0.0
15,2,423.0,427.0,0.0
15,10,283.0,335.0,0.0
15,18,302.0,296.0,0.0
15,21,549.0,591.0,0.0
16,5,569.0454058453981,302.04540584539814,0.0
16,16,432.04540584539814,649.9545941546019,0.0
16,20,294.04540584539814,601.9545941546019,0.0
16,12,240.04540584539816,288.04540584539814,0.0
16,24,229.04540584539816,581.0454058453981,0.0
16,8,468.04540584539814,465.04540584539814,0.0
16,17,485.04540584539814,467.04540584539814,0.0
16,1,223.04540584539816,498.04540584539814,0.0
16,19,225.04540584539816,517.0454058453981,0.0
16,22,260.95459415460186,659.0454058453981,0.0
16,23,536.0454058453981,306.04540584539814,0.0
16,6,283.04540584539814,643.9545941546019,0.0
16,11,508.04540584539814,357.04540584539814,0.0
16,9,651.0454058453981,725.9545941546019,0.0
16,14,277.04540584539814,482.04540584539814,0.0
16,3,466.04540584539814,282.04540584539814,0.0
16,7,508.04540584539814,330.04540584539814,0.0
16,25,252.04540584539816,485.04540584539814,0.0
16,4,531.0454058453981,339.04540584539814,0.0
16,13,660.0454058453981,390.04540584539814,0.0
16,15,656.0454058453981,301.04540584539814,0.0
16,2,422.04540584539814,426.04540584539814,0.0
16,10,282.04540584539814,334.04540584539814,0.0
16,18,301.04540584539814,295.04540584539814,0.0
16,21,548.0454058453981,591.9545941546019,0.0
17,5,569.0,302.0,0.0
17,16,432.0,650.0,0.0
17,20,294.0,602.0,0.0
17,12,240.0,288.0,0.0
17,24,229.0,581.0,0.0
17,8,468.0,465.0,0.0
17,17,485.0,467.0,0.0
17,1,223.0,498.0,0.0
17,19,225.0,517.0,0.0
17,22,261.0,659.0,0.0
17,23,536.0,306.0,0.0
17,6,283.0,644.0,0.0
17,11,508.0,357.0,0.0
17,9,651.0,726.0,0.0
17,14,277.0,482.0,0.0
17,3,466.0,282.0,0.0
17,7,508.0,330.0,0.0
17,25,252.0,485.0,0.0
17,4,531.0,339.0,0.0
17,13,660.0,390.0,0.0
17,15,656.0,301.0,0.0
17,2,422.0,426.0,0.0
17,10,282.0,334.0,0.0
17,18,301.0,295.0,0.0
17,21,548.0,592.0,0.0
18,5,568.0454058453981,301.04540584539814,0.0
18,16,431.04540584539814,650.9545941546019,0.0
18,20,293.04540584539814,602.9545941546019,0.0
18,12,239.04540584539816,287.04540584539814,0.0
18,24,228.04540584539816,580.0454058453981,0.0
18,8,467.04540584539814,464.04540584539814,0.0
18,17,484.04540584539814,466.04540584539814,0.0
18,1,222.04540584539816,497.04540584539814,0.0
18,19,224.04540584539816,516.0454058453981,0.0
18,22,261.95459415460186,658.0454058453981,0.0
18,23,535.0454058453981,305.04540584539814,0.0
18,6,282.04540584539814,644.9545941546019,0.0
18,11,507.04540584539814,356.04540584539814,0.0
18,9,650.0454058453981,726.9545941546019,0.0
18,14,276.04540584539814,481.04540584539814,0.0
18,3,465.04540584539814,281.04540584539814,0.0
18,7,507.04540584539814,329.04540584539814,0.0
18,25,251.04540584539816,484.04540584539814,0.0
18,4,530.0454058453981,338.04540584539814,0.0
18,13,659.0454058453981,389.04540584539814,0.0
18,15,655.0454058453981,300.04540584539814,0.0
18,2,421.04540584539814,425.04540584539814,0.0
18,10,281.04540584539814,333.04540584539814,0.0
18,18,300.04540584539814,294.04540584539814,0.0
18,21,547.0454058453981,592.9545941546019,0.0
19,5,568.0,301.0,0.0
19,16,431.0,651.0,0.0
19,20,293.0,603.0,0.0
19,12,239.0,287.0,0.0
19,24,228.0,580.0,0.0
19,8,467.0,464.0,0.0
19,17,484.0,466.0,0.0
19,1,222.0,497.0,0.0
19,19,224.0,516.0,0.0
19,22,262.0,658.0,0.0
19,23,535.0,305.0,0.0
19,6,282.0,645.0,0.0
19,11,507.0,356.0,0.0
19,9,650.0,727.0,0.0
19,14,276.0,481.0,0.0
19,3,465.0,281.0,0.0
19,7,507.0,329.0,0.0
19,25,251.0,484.0,0.0
19,4,530.0,338.0,0.0
19,13,659.0,389.0,0.0
19,15,655.0,300.0,0.0
19,2,421.0,425.0,0.0
19,10,281.0,333.0,0.0
19,18,300.0,294.0,0.0
19,21,547.0,593.0,0.0
20,5,567.0454058453981,300.04540584539814,0.0
20,16,430.04540584539814,651.9545941546019,0.0
20,20,292.04540584539814,603.9545941546019,0.0
20,12,238.04540584539816,286.04540584539814,0.0
20,24,227.04540584539816,579.0454058453981,0.0
20,8,466.04540584539814,463.04540584539814,0.0
20,17,483.04540584539814,465.04540584539814,0.0
20,1,221.04540584539816,496.04540584539814,0.0
20,19,223.04540584539816,515.0454058453981,0.0
20,22,262.95459415460186,657.0454058453981,0.0
20,23,534.0454058453981,304.04540584539814,0.0
20,6,281.04540584539814,645.9545941546019,0.0
20,11,506.04540584539814,355.04540584539814,0.0
20,9,649.0454058453981,727.9545941546019,0.0
20,14,275.04540584539814,480.04540584539814,0.0
20,3,464.04540584539814,280.04540584539814,0.0
20,7,506.04540584539814,328.04540584539814,0.0
20,25,250.04540584539816,483.04540584539814,0.0
20,4,529.0454058453981,337.04540584539814,0.0
20,13,658.0454058453981,388.04540584539814,0.0
20,15,654.0454058453981,299.04540584539814,0.0
20,2,420.04540584539814,424.04540584539814,0.0
20,10,280.04540584539814,332.04540584539814,0.0
20,18,299.04540584539814,293.04540584539814,0.0
20,21,546.0454058453981,593.9545941546019,0.0
21,5,567.0,300.0,0.0
21,16,430.0,652.0,0.0
21,20,292.0,604.0,0.0
21,12,238.0,286.0,0.0
21,24,227.0,579.0,0.0
21,8,466.0,463.0,0.0
21,17,483.0,465.0,0.0
21,1,221.0,496.0,0.0
21,19,223.0,515.0,0.0
21,22,263.0,657.0,0.0
21,23,534.0,304.0,0.0
21,6,281.0,646.0,0.0
21,11,506.0,355.0,0.0
21,9,649.0,728.0,0.0
21,14,275.0,480.0,0.0
21,3,464.0,280.0,0.0
21,7,506.0,328.0,0.0
21,25,250.0,483.0,0.0
21,4,529.0,337.0,0.0
21,13,658.0,388.0,0.0
21,15,654.0,299.0,0.0
21,2,420.0,424.0,0.0
21,10,280.0,332.0,0.0
21,18,299.0,293.0,0.0
21,21,546.0,594.0,0.0
22,5,566.0454058453981,299.04540584539814,0.0
22,16,429.04540584539814,652.9545941546019,0.0
22,20,291.04540584539814,604.9545941546019,0.0
22,12,237.04540584539816,285.04540584539814,0.0
22,24,226.04540584539816,578.0454058453981,0.0
22,8,465.04540584539814,462.04540584539814,0.0
22,17,482.04540584539814,464.04540584539814,0.0
22,1,220.04540584539816,495.04540584539814,0.0
22,19,222.04540584539816,514.0454058453981,0.0
22,22,263.95459415460186,656.0454058453981,0.0
22,23,533.0454058453981,303.04540584539814,0.0
22,6,280.04540584539814,646.9545941546019,0.0
22,11,505.04540584539814,354.04540584539814,0.0
22,9,648.0454058453981,728.9545941546019,0.0
22,14,274.04540584539814,479.04540584539814,0.0
22,3,463.04540584539814,279.04540584539814,0.0
22,7,505.04540584539814,327.04540584539814,0.0
22,25,249.04540584539816,482.04540584539814,0.0
22,4,528.0454058453981,336.04540584539814,0.0
22,13,657.0454058453981,387.04540584539814,0.0
22,15,653.0454058453981,298.04540584539814,0.0
22,2,419.04540584539814,423.04540584539814,0.0
22,10,279.04540584539814,331.04540584539814,0.0
22,18,298.04540584539814,292.04540584539814,0.0
22,21,545.0454058453981,594.9545941546019,0.0
23,5,566.0,299.0,0.0
23,16,429.0,653.0,0.0
23,20,291.0,605.0,0.0
23,12,237.0,285.0,0.0
23,24,226.0,578.0,0.0
23,8,465.0,462.0,0.0
23,17,482.0,464.0,0.0
23,1,220.0,495.0,0.0
23,19,222.0,514.0,0.0
23,22,264.0,656.0,0.0
23,23,533.0,303.0,0.0
23,6,280.0,647.0,0.0
23,11,505.0,354.0,0.0
23,9,648.0,729.0,0.0
23,14,274.0,479.0,0.0
23,3,463.0,279.0,0.0
23,7,505.0,327.0,0.0
23,25,249.0,482.0,0.0
23,4,528.0,336.0,0.0
23,13,657.0,387.0,0.0
23,15,653.0,298.0,0.0
23,2,419.0,423.0,0.0
23,10,279.0,331.0,0.0
23,18,298.0,292.0,0.0
23,21,545.0,595.0,0.0
24,5,565.0454058453981,298.04540584539814,0.0
24,16,428.04540584539814,653.9545941546019,0.0
24,20,290.04540584539814,605.9545941546019,0.0
24,12,236.04540584539816,284.04540584539814,0.0
24,24,225.04540584539816,577.0454058453981,0.0
24,8,464.04540584539814,461.04540584539814,0.0
24,17,481.04540584539814,463.04540584539814,0.0
24,1,219.04540584539816,494.04540584539814,0.0
24,19,221.04540584539816,513.0454058453981,0.0
24,22,264.95459415460186,655.0454058453981,0.0
24,23,532.0454058453981,302.04540584539814,0.0
24,6,279.04540584539814,647.9545941546019,0.0
24,11,504.04540584539814,353.04540584539814,0.0
24,9,647.0454058453981,729.9545941546019,0.0
24,14,273.04540584539814,478.04540584539814,0.0
24,3,462.04540584539814,278.04540584539814,0.0
24,7,504.04540584539814,326.04540584539814,0.0
24,25,248.04540584539816,481.04540584539814,0.0
24,4,527.0454058453981,335.04540584539814,0.0
24,13,656.0454058453981,386.04540584539814,0.0
24,15,652.0454058453981,297.04540584539814,0.0
24,2,418.04540584539814,422.04540584539814,0.0
24,10,278.04540584539814,330.04540584539814,0.0
24,18,297.04540584539814,291.04540584539814,0.0
24,21,544.0454058453981,595.9545941546019,0.0
25,5,565.0,298.0,0.0
25,16,428.0,654.0,0.0
25,20,290.0,606.0,0.0
25,12,236.0,284.0,0.0
25,24,225.0,577.0,0.0
25,8,464.0,461.0,0.0
25,17,481.0,463.0,0.0
25,1,219.0,494.0,0.0
25,19,221.0,513.0,0.0
25,22,265.0,655.0,0.0
25,23,532.0,302.0,0.0
25,6,279.0,648.0,0.0
25,11,504.0,353.0,0.0
25,9,647.0,730.0,0.0
25,14,273.0,478.0,0.0
25,3,462.0,278.0,0.0
25,7,504.0,326.0,0.0
25,25,248.0,481.0,0.0
25,4,527.0,335.0,0.0
25,13,656.0,386.0,0.0
25,15,652.0,297.0,0.0
25,2,418.0,422.0,0.0
25,10,278.0,330.0,0.0
25,18,297.0,291.0,0.0
25,21,544.0,596.0,0.0
26,5,564.0454058453981,297.04540584539814,0.0
26,16,427.04540584539814,654.9545941546019,0.0
26,20,289.04540584539814,606.9545941546019,0.0
26,12,235.04540584539816,283.04540584539814,0.0
26,24,224.04540584539816,576.0454058453981,0.0
26,8,463.04540584539814,460.04540584539814,0.0
26,17,480.04540584539814,462.04540584539814,0.0
26,1,218.04540584539816,493.04540584539814,0.0
26,19,220.04540584539816,512.0454058453981,0.0
26,22,265.95459415460186,654.0454058453981,0.0
26,23,531.0454058453981,301.04540584539814,0.0
26,6,278.04540584539814,648.9545941546019,0.0
26,11,503.04540584539814,352.04540584539814,0.0
26,9,646.0454058453981,730.9545941546019,0.0
26,14,272.04540584539814,477.04540584539814,0.0
26,3,461.04540584539814,277.04540584539814,0.0
26,7,503.04540584539814,325.04540584539814,0.0
26,25,247.04540584539816,480.04540584539814,0.0
26,4,526.0454058453981,334.04540584539814,0.0
26,13,655.0454058453981,385.04540584539814,0.0
26,15,651.0454058453981,296.04540584539814,0.0
26,2,417.04540584539814,421.04540584539814,0.0
26,10,277.04540584539814,329.04540584539814,0.0
26,18,296.04540584539814,290.04540584539814,0.0
26,21,543.0454058453981,596.9545941546019,0.0
27,5,564.0,297.0,0.0
27,16,427.0,655.0,0.0
27,20,289.0,607.0,0.0
27,12,235.0,283.0,0.0
27,24,224.0,576.0,0.0
27,8,463.0,460.0,0.0
27,17,480.0,462.0,0.0
27,1,218.0,493.0,0.0
27,19,220.0,512.0,0.0
27,22,266.0,654.0,0.0
27,23,531.0,301.0,0.0
27,6,278.0,649.0,0.0
27,11,503.0,352.0,0.0
27,9,646.0,731.0,0.0
27,14,272.0,477.0,0.0
27,3,461.0,277.0,0.0
27,7,503.0,325.0,0.0
27,25,247.0,480.0,0.0
27,4,526.0,334.0,0.0
27,13,655.0,385.0,0.0
27,15,651.0,296.0,0.0
27,2,417.0,421.0,0.0
27,10,277.0,329.0,0.0
27,18,296.0,290.0,0.0
27,21,543.0,597.0,0.0
28,5,563.0454058453981,296.04540584539814,0.0
28,16,426.04540584539814,655.9545941546019,0.0
28,20,288.04540584539814,607.9545941546019,0.0
28,12,234.04540584539816,282.04540584539814,0.0
28,24,223.04540584539816,575.0454058453981,0.0
28,8,462.04540584539814,459.04540584539814,0.0
28,17,479.04540584539814,461.04540584539814,0.0
28,1,217.04540584539816,492.04540584539814,0.0
28,19,219.04540584539816,511.04540584539814,0.0
28,22,266.95459415460186,653.0454058453981,0.0
28,23,530.0454058453981,300.04540584539814,0.0
28,6,277.04540584539814,649.9545941546019,0.0
28,11,502.04540584539814,351.04540584539814,0.0
28,9,645.0454058453981,731.9545941546019,0.0
28,14,271.04540584539814,476.04540584539814,0.0
28,3,460.04540584539814,276.04540584539814,0.0
28,7,502.04540584539814,324.04540584539814,0.0
28,25,246.04540584539816,479.04540584539814,0.0
28,4,525.0454058453981,333.04540584539814,0.0
28,13,654.0454058453981,384.04540584539814,0.0
28,15,650.0454058453981,295.04540584539814,0.0
28,2,416.04540584539814,420.04540584539814,0.0
28,10,276.04540584539814,328.04540584539814,0.0
28,18,295.04540584539814,289.04540584539814,0.0
28,21,542.0454058453981,597.9545941546019,0.0
29,5,563.0,296.0,0.0
29,16,426.0,656.0,0.0
29,20,288.0,608.0,0.0
29,12,234.0,282.0,0.0
29,24,223.0,575.0,0.0
29,8,462.0,459.0,0.0
29,17,479.0,461.0,0.0
29,1,217.0,492.0,0.0
29,19,219.0,511.0,0.0
29,22,267.0,653.0,0.0
29,23,530.0,300.0,0.0
29,6,277.0,650.0,0.0
29,11,502.0,351.0,0.0
29,9,645.0,732.0,0.0
29,14,271.0,476.0,0.0
29,3,460.0,276.0,0.0
29,7,502.0,324.0,0.0
29,25,246.0,479.0,0.0
29,4,525.0,333.0,0.0
29,13,654.0,384.0,0.0
29,15,650.0,295.0,0.0
29,2,416.0,420.0,0.0
29,10,276.0,328.0,0.0
29,18,295.0,289.0,0.0
29,21,542.0,598.0,0.0
30,5,562.0454058453981,295.04540584539814,0.0
30,16,425.04540584539814,656.9545941546019,0.0
30,20,287.04540584539814,608.9545941546019,0.0
30,12,233.04540584539816,281.04540584539814,0.0
30,24,222.04540584539816,574.0454058453981,0.0
30,8,461.04540584539814,458.04540584539814,0.0
30,17,478.04540584539814,460.04540584539814,0.0
30,1,216.04540584539816,491.04540584539814,0.0
30,19,218.04540584539816,510.04540584539814,0.0
30,22,267.95459415460186,652.0454058453981,0.0
30,23,529.0454058453981,299.04540584539814,0.0
30,6,276.04540584539814,650.9545941546019,0.0
30,11,501.04540584539814,350.04540584539814,0.0
30,9,644.0454058453981,732.9545941546019,0.0
30,14,270.04540584539814,475.04540584539814,0.0
30,3,459.04540584539814,275.04540584539814,0.0
30,7,501.04540584539814,323.04540584539814,0.0
30,25,245.04540584539816,478.04540584539814,0.0
30,4,524.0454058453981,332.04540584539814,0.0
30,13,653.0454058453981,383.04540584539814,0.0
30,15,649.0454058453981,294.04540584539814,0.0
30,2,415.04540584539814,419.04540584539814,0.0
30,10,275.04540584539814,327.04540584539814,0.0
30,18,294.04540584539814,288.04540584539814,0.0
30,21,541.0454058453981,598.9545941546019,0.0
31,5,562.0,295.0,0.0
31,16,425.0,657.0,0.0
31,20,287.0,609.0,0.0
31,12,233.0,281.0,0.0
31,24,222.0,574.0,0.0
31,8,461.0,458.0,0.0
31,17,478.0,460.0,0.0
31,1,216.0,491.0,0.0
31,19,218.0,510.0,0.0
31,22,268.0,652.0,0.0
31,23,529.0,299.0,0.0
31,6,276.0,651.0,0.0
31,11,501.0,350.0,0.0
31,9,644.0,733.0,0.0
31,14,270.0,475.0,0.0
31,3,459.0,275.0,0.0
31,7,501.0,323.0,0.0
31,25,245.0,478.0,0.0
31,4,524.0,332.0,0.0
31,13,653.0,383.0,0.0
31,15,649.0,294.0,0.0
31,2,415.0,419.0,0.0
31,10,275.0,327.0,0.0
31,18,294.0,288.0,0.0
31,21,541.0,599.0,0.0
32,5,561.0454058453981,294.04540584539814,0.0
32,16,424.04540584539814,657.9545941546019,0.0
32,20,286.04540584539814,609.9545941546019,0.0
32,12,232.04540584539816,280.04540584539814,0.0
32,24,221.04540584539816,573.0454058453981,0.0
32,8,460.04540584539814,457.04540584539814,0.0
32,17,477.04540584539814,459.04540584539814,0.0
32,1,215.04540584539816,490.04540584539814,0.0
32,19,217.04540584539816,509.04540584539814,0.0
32,22,268.95459415460186,651.0454058453981,0.0
32,23,528.0454058453981,298.04540584539814,0.0
32,6,275.04540584539814,651.9545941546019,0.0
32,11,500.04540584539814,349.04540584539814,0.0
32,9,643.0454058453981,733.9545941546019,0.0
32,14,269.04540584539814,474.04540584539814,0.0
32,3,458.04540584539814,274.04540584539814,0.0
32,7,500.04540584539814,322.04540584539814,0.0
32,25,244.04540584539816,477.04540584539814,0.0
32,4,523.0454058453981,331.04540584539814,0.0
32,13,652.0454058453981,382.04540584539814,0.0
32,15,648.0454058453981,293.04540584539814,0.0
32,2,414.04540584539814,418.04540584539814,0.0
32,10,274.04540584539814,326.04540584539814,0.0
32,18,293.04540584539814,287.04540584539814,0.0
32,21,540.0454058453981,599.9545941546019,0.0
33,5,561.0,294.0,0.0
33,16,424.0,658.0,0.0
33,20,286.0,610.0,0.0
33,12,232.0,280.0,0.0
33,24,221.0,573.0,0.0
33,8,460.0,457.0,0.0
33,17,477.0,459.0,0.0
33,1,215.0,490.0,0.0
33,19,217.0,509.0,0.0
33,22,269.0,651.0,0.0
33,23,528.0,298.0,0.0
33,6,275.0,652.0,0.0
33,11,500.0,349.0,0.0
33,9,643.0,734.0,0.0
33,14,269.0,474.0,0.0
33,3,458.0,274.0,0.0
33,7,500.0,322.0,0.0
33,25,244.0,477.0,0.0
33,4,523.0,331.0,0.0
33,13,652.0,382.0,0.0
33,15,648.0,293.0,0.0
33,2,414.0,418.0,0.0
33,10,274.0,326.0,0.0
33,18,293.0,287.0,0.0
33,21,540.0,600.0,0.0
34,5,560.0454058453981,293.04540584539814,0.0
34,16,423.04540584539814,658.9545941546019,0.0
34,20,285.04540584539814,610.9545941546019,0.0
34,12,231.04540584539816,279.04540584539814,0.0
34,24,220.04540584539816,572.0454058453981,0.0
34,8,459.04540584539814,456.04540584539814,0.0
34,17,476.04540584539814,458.04540584539814,0.0
34,1,214.04540584539816,489.04540584539814,0.0
34,19,216.04540584539816,508.04540584539814,0.0
34,22,269.95459415460186,650.0454058453981,0.0
34,23,527.0454058453981,297.04540584539814,0.0
34,6,274.04540584539814,652.9545941546019,0.0
34,11,499.04540584539814,348.04540584539814,0.0
34,9,642.0454058453981,734.9545941546019,0.0
34,14,268.04540584539814,473.04540584539814,0.0
34,3,457.04540584539814,273.04540584539814,0.0
34,7,499.04540584539814,321.04540584539814,0.0
34,25,243.04540584539816,476.04540584539814,0.0
34,4,522.0454058453981,330.04540584539814,0.0
34,13,651.0454058453981,381.04540584539814,0.0
34,15,647.0454058453981,292.04540584539814,0.0
34,2,413.04540584539814,417.04540584539814,0.0
34,10,273.04540584539814,325.04540584539814,0.0
34,18,292.04540584539814,286.04540584539814,0.0
34,21,539.0454058453981,600.9545941546019,0.0
35,5,560.0,293.0,0.0
35,16,423.0,659.0,0.0
35,20,285.0,611.0,0.0
35,12,231.0,279.0,0.0
35,24,220.0,572.0,0.0
35,8,459.0,456.0,0.0
35,17,476.0,458.0,0.0
35,1,214.0,489.0,0.0
35,19,216.0,508.0,0.0
35,22,270.0,650.0,0.0
35,23,527.0,297.0,0.0
35,6,274.0,653.0,0.0
35,11,499.0,348.0,0.0
35,9,642.0,735.0,0.0
35,14,268.0,473.0,0.0
35,3,457.0,273.0,0.0
35,7,499.0,321.0,0.0
35,25,243.0,476.0,0.0
35,4,522.0,330.0,0.0
35,13,651.0,381.0,0.0
35,15,647.0,292.0,0.0
35,2,413.0,417.0,0.0
35,10,273.0,325.0,0.0
35,18,292.0,286.0,0.0
35,21,539.0,601.0,0.0
36,5,559.0454058453981,292.04540584539814,0.0
36,16,422.04540584539814,659.9545941546019,0.0
36,20,284.04540584539814,611.9545941546019,0.0
36,12,230.04540584539816,278.04540584539814,0.0
36,24,219.04540584539816,571.0454058453981,0.0
36,8,458.04540584539814,455.04540584539814,0.0
36,17,475.04540584539814,457.04540584539814,0.0
36,1,213.04540584539816,488.04540584539814,0.0
36,19,215.04540584539816,507.04540584539814,0.0
36,22,270.95459415460186,650.9545941546019,0.0
36,23,526.0454058453981,296.04540584539814,0.0
36,6,274.0,654.0,0.0
36,11,498.04540584539814,347.04540584539814,0.0
36,9,641.0454058453981,735.9545941546019,0.0
36,14,267.04540584539814,472.04540584539814,0.0
36,3,456.04540584539814,272.04540584539814,0.0
36,7,498.04540584539814,320.04540584539814,0.0
36,25,242.04540584539816,475.04540584539814,0.0
36,4,521.0454058453981,329.04540584539814,0.0
36,13,650.0454058453981,380.04540584539814,0.0
36,15,646.0454058453981,291.04540584539814,0.0
36,2,412.04540584539814,416.04540584539814,0.0
36,10,272.04540584539814,324.04540584539814,0.0
36,18,291.04540584539814,285.04540584539814,0.0
36,21,538.0454058453981,601.9545941546019,0.0
37,5,559.0,292.0,0.0
37,16,422.0,660.0,0.0
37,20,284.0,612.0,0.0
37,12,230.0,278.0,0.0
37,24,219.0,571.0,0.0
37,8,458.0,455.0,0.0
37,17,475.0,457.0,0.0
37,1,213.0,488.0,0.0
37,19,215.0,507.0,0.0
37,22,271.0,651.0,0.0
37,23,526.0,296.0,0.0
37,6,274.95459415460186,654.9545941546019,0.0
37,11,498.0,347.0,0.0
37,9,641.0,736.0,0.0
37,14,267.0,472.0,0.0
37,3,456.0,272.0,0.0
37,7,498.0,320.0,0.0
37,25,242.0,475.0,0.0
37,4,521.0,329.0,0.0
37,13,650.0,380.0,0.0
37,15,646.0,291.0,0.0
37,2,412.0,416.0,0.0
37,10,272.0,324.0,0.0
37,18,291.0,285.0,0.0
37,21,538.0,602.0,0.0
38,5,558.0454058453981,291.04540584539814,0.0
38,16,421.04540584539814,660.9545941546019,0.0
38,20,283.04540584539814,612.9545941546019,0.0
38,12,229.04540584539816,277.04540584539814,0.0
38,24,218.04540584539816,570.0454058453981,0.0
38,8,457.04540584539814,454.04540584539814,0.0
38,17,474.04540584539814,456.04540584539814,0.0
38,1,212.04540584539816,487.04540584539814,0.0
38,19,214.04540584539816,506.04540584539814,0.0
38,22,271.95459415460186,651.9545941546019,0.0
38,23,525.0454058453981,295.04540584539814,0.0
38,6,275.0,655.0,0.0
38,11,497.04540584539814,346.04540584539814,0.0
38,9,640.0454058453981,736.9545941546019,0.0
38,14,266.04540584539814,471.04540584539814,0.0
38,3,455.04540584539814,271.04540584539814,0.0
38,7,497.04540584539814,319.04540584539814,0.0
38,25,241.04540584539816,474.04540584539814,0.0
38,4,520.0454058453981,328.04540584539814,0.0
38,13,649.0454058453981,379.04540584539814,0.0
38,15,645.0454058453981,290.04540584539814,0.0
38,2,411.04540584539814,415.04540584539814,0.0
38,10,271.04540584539814,323.04540584539814,0.0
38,18,290.04540584539814,284.04540584539814,0.0
38,21,537.0454058453981,602.9545941546019,0.0
39,5,558.0,291.0,0.0
39,16,421.0,661.0,0.0
39,20,283.0,613.0,0.0
39,12,229.0,277.0,0.0
39,24,218.0,570.0,0.0
39,8,457.0,454.0,0.0
39,17,474.0,456.0,0.0
39,1,212.0,487.0,0.0
39,19,214.0,506.0,0.0
39,22,272.0,652.0,0.0
39,23,525.0,295.0,0.0
39,6,275.95459415460186,655.9545941546019,0.0
39,11,497.0,346.0,0.0
39,9,640.0,737.0,0.0
39,14,266.0,471.0,0.0
39,3,455.0,271.0,0.0
39,7,497.0,319.0,0.0
39,25,241.0,474.0,0.0
39,4,520.0,328.0,0.0
39,13,649.0,379.0,0.0
39,15,645.0,290.0,0.0
39,2,411.0,415.0,0.0
39,10,271.0,323.0,0.0
39,18,290.0,284.0,0.0
39,21,537.0,603.0,0.0
40,5,557.0454058453981,290.04540584539814,0.0
40,16,420.04540584539814,661.9545941546019,0.0
40,20,282.04540584539814,613.9545941546019,0.0
40,12,228.04540584539816,276.04540584539814,0.0
40,24,217.04540584539816,569.0454058453981,0.0
40,8,456.04540584539814,453.04540584539814,0.0
40,17,473.04540584539814,455.04540584539814,0.0
40,1,211.04540584539816,486.04540584539814,0.0
40,19,213.04540584539816,505.04540584539814,0.0
40,22,272.95459415460186,652.9545941546019,0.0
40,23,524.0454058453981,294.04540584539814,0.0
40,6,276.0,656.0,0.0
40,11,496.04540584539814,345.04540584539814,0.0
40,9,639.0454058453981,737.9545941546019,0.0
40,14,265.04540584539814,470.04540584539814,0.0
40,3,454.04540584539814,270.04540584539814,0.0
40,7,496.04540584539814,318.04540584539814,0.0
40,25,240.04540584539816,473.04540584539814,0.0
40,4,519.0454058453981,327.04540584539814,0.0
40,13,648.0454058453981,378.04540584539814,0.0
40,15,644.0454058453981,289.04540584539814,0.0
40,2,410.04540584539814,414.04540584539814,0.0
40,10,270.04540584539814,322.04540584539814,0.0
40,18,289.04540584539814,283.04540584539814,0.0
40,21,536.0454058453981,603.9545941546019,0.0
41,5,557.0,290.0,0.0
41,16,420.0,662.0,0.0
41,20,282.0,614.0,0.0
41,12,228.0,276.0,0.0
41,24,217.0,569.0,0.0
41,8,456.0,453.0,0.0
41,17,473.0,455.0,0.0
41,1,211.0,486.0,0.0
41,19,213.0,505.0,0.0
41,22,273.0,653.0,0.0
41,23,524.0,294.0,0.0
41,6,276.95459415460186,656.9545941546019,0.0
41,11,496.0,345.0,0.0
41,9,639.0,738.0,0.0
41,14,265.0,470.0,0.0
41,3,454.0,270.0,0.0
41,7,496.0,318.0,0.0
41,25,240.0,473.0,0.0
41,4,519.0,327.0,0.0
41,13,648.0,378.0,0.0
41,15,644.0,289.0,0.0
41,2,410.0,414.0,0.0
41,10,270.0,322.0,0.0
41,18,289.0,283.0,0.0
41,21,536.0,604.0,0.0
42,5,556.0454058453981,289.04540584539814,0.0
42,16,419.04540584539814,662.9545941546019,0.0
42,20,281.04540584539814,614.9545941546019,0.0
42,12,227.04540584539816,275.04540584539814,0.0
42,24,216.04540584539816,568.0454058453981,0.0
42,8,455.04540584539814,452.04540584539814,0.0
42,17,472.04540584539814,454.04540584539814,0.0
42,1,210.04540584539816,485.04540584539814,0.0
42,19,212.04540584539816,504.04540584539814,0.0
42,22,273.95459415460186,653.9545941546019,0.0
42,23,523.0454058453981,293.04540584539814,0.0
42,6,277.0,657.0,0.0
42,11,495.04540584539814,344.04540584539814,0.0
42,9,638.0454058453981,738.9545941546019,0.0
42,14,264.04540584539814,469.04540584539814,0.0
42,3,453.04540584539814,269.04540584539814,0.0
42,7,495.04540584539814,317.04540584539814,0.0
42,25,239.04540584539816,472.04540584539814,0.0
42,4,518.0454058453981,326.04540584539814,0.0
42,13,647.0454058453981,377.04540584539814,0.0
42,15,643.0454058453981,288.04540584539814,0.0
42,2,409.04540584539814,413.04540584539814,0.0
42,10,269.04540584539814,321.04540584539814,0.0
42,18,288.04540584539814,282.04540584539814,0.0
42,21,535.0454058453981,604.9545941546019,0.0
43,5,556.0,289.0,0.0
43,16,419.0,663.0,0.0
43,20,281.0,615.0,0.0
43,12,227.0,275.0,0.0
43,24,216.0,568.0,0.0
43,8,455.0,452.0,0.0
43,17,472.0,454.0,0.0
43,1,210.0,485.0,0.0
43,19,212.0,504.0,0.0
43,22,274.0,654.0,0.0
43,23,523.0,293.0,0.0
43,6,277.95459415460186,657.9545941546019,0.0
43,11,495.0,344.0,0.0
43,9,638.0,739.0,0.0
43,14,264.0,469.0,0.0
43,3,453.0,269.0,0.0
43,7,495.0,317.0,0.0
43,25,239.0,472.0,0.0
43,4,518.0,326.0,0.0
43,13,647.0,377.0,0.0
43,15,643.0,288.0,0.0
43,2,409.0,413.0,0.0
43,10,269.0,321.0,0.0
43,18,288.0,282.0,0.0
43,21,535.0,605.0,0.0
44,5,555.0454058453981,288.04540584539814,0.0
44,16,418.04540584539814,663.9545941546019,0.0
44,20,280.04540584539814,615.9545941546019,0.0
44,12,226.04540584539816,274.04540584539814,0.0
44,24,215.04540584539816,567.0454058453981,0.0
44,8,454.04540584539814,451.04540584539814,0.0
44,17,471.04540584539814,453.04540584539814,0.0
44,1,209.04540584539816,484.04540584539814,0.0
44,19,211.04540584539816,503.04540584539814,0.0
44,22,274.95459415460186,654.9545941546019,0.0
44,23,522.0454058453981,292.04540584539814,0.0
44,6,278.0,658.0,0.0
44,11,494.04540584539814,343.04540584539814,0.0
44,9,637.0454058453981,739.9545941546019,0.0
44,14,263.04540584539814,468.04540584539814,0.0
44,3,452.04540584539814,268.04540584539814,0.0
44,7,494.04540584539814,316.04540584539814,0.0
44,25,238.04540584539816,471.04540584539814,0.0
44,4,517.0454058453981,325.04540584539814,0.0
44,13,646.0454058453981,376.04540584539814,0.0
44,15,642.0454058453981,287.04540584539814,0.0
44,2,408.04540584539814,412.04540584539814,0.0
44,10,268.04540584539814,320.04540584539814,0.0
44,18,287.04540584539814,281.04540584539814,0.0
44,21,534.0454058453981,605.9545941546019,0.0
45,5,555.0,288.0,0.0
45,16,418.0,664.0,0.0
45,20,280.0,616.0,0.0
45,12,226.0,274.0,0.0
45,24,215.0,567.0,0.0
45,8,454.0,451.0,0.0
45,17,471.0,453.0,0.0
45,1,209.0,484.0,0.0
45,19,211.0,503.0,0.0
45,22,275.0,655.0,0.0
45,23,522.0,292.0,0.0
45,6,278.95459415460186,658.9545941546019,0.0
45,11,494.0,343.0,0.0
45,9,637.0,740.0,0.0
45,14,263.0,468.0,0.0
45,3,452.0,268.0,0.0
45,7,494.0,316.0,0.0
45,25,238.0,471.0,0.0
45,4,517.0,325.0,0.0
45,13,646.0,376.0,0.0
45,15,642.0,287.0,0.0
45,2,408.0,412.0,0.0
45,10,268.0,320.0,0.0
45,18,287.0,281.0,0.0
45,21,534.0,606.0,0.0
46,5,554.0454058453981,287.04540584539814,0.0
46,16,417.04540584539814,664.9545941546019,0.0
46,20,279.04540584539814,616.9545941546019,0.0
46,12,225.04540584539816,273.04540584539814,0.0
46,24,214.04540584539816,566.0454058453981,0.0
46,8,453.04540584539814,450.04540584539814,0.0
46,17,470.04540584539814,452.04540584539814,0.0
46,1,208.04540584539816,483.04540584539814,0.0
46,19,210.04540584539816,502.04540584539814,0.0
46,22,275.95459415460186,655.9545941546019,0.0
46,23,521.0454058453981,291.04540584539814,0.0
46,6,279.0,659.0,0.0
46,11,493.04540584539814,342.04540584539814,0.0
46,9,636.0454058453981,740.9545941546019,0.0
46,14,262.04540584539814,467.04540584539814,0.0
46,3,451.04540584539814,267.04540584539814,0.0
46,7,493.04540584539814,315.04540584539814,0.0
46,25,237.04540584539816,470.04540584539814,0.0
46,4,516.0454058453981,324.04540584539814,0.0
46,13,645.0454058453981,375.04540584539814,0.0
46,15,641.0454058453981,286.04540584539814,0.0
46,2,407.04540584539814,411.04540584539814,0.0
46,10,267.04540584539814,319.04540584539814,0.0
46,18,286.04540584539814,280.04540584539814,0.0
46,21,533.0454058453981,606.9545941546019,0.0
47,5,554.0,287.0,0.0
47,16,417.0,665.0,0.0
47,20,279.0,617.0,0.0
47,12,225.0,273.0,0.0
47,24,214.0,566.0,0.0
47,8,453.0,450.0,0.0
47,17,470.0,452.0,0.0
47,1,208.0,483.0,0.0
47,19,210.0,502.0,0.0
47,22,276.0,656.0,0.0
47,23,521.0,291.0,0.0
47,6,279.95459415460186,659.9545941546019,0.0
47,11,493.0,342.0,0.0
47,9,636.0,741.0,0.0
47,14,262.0,467.0,0.0
47,3,451.0,267.0,0.0
47,7,493.0,315.0,0.0
47,25,237.0,470.0,0.0
47,4,516.0,324.0,0.0
47,13,645.0,375.0,0.0
47,15,641.0,286.0,0.0
47,2,407.0,411.0,0.0
47,10,267.0,319.0,0.0
47,18,286.0,280.0,0.0
47,21,533.0,607.0,0.0
48,5,553.0454058453981,286.04540584539814,0.0
48,16,416.04540584539814,665.9545941546019,0.0
48,20,278.04540584539814,617.9545941546019,0.0
48,12,224.04540584539816,272.04540584539814,0.0
48,24,213.04540584539816,565.0454058453981,0.0
48,8,452.04540584539814,449.04540584539814,0.0
48,17,469.04540584539814,451.04540584539814,0.0
48,1,207.04540584539816,482.04540584539814,0.0
48,19,209.04540584539816,501.04540584539814,0.0
48,22,276.95459415460186,656.9545941546019,0.0
48,23,520.0454058453981,290.04540584539814,0.0
48,6,280.0,660.0,0.0
48,11,492.04540584539814,341.04540584539814,0.0
48,9,635.0454058453981,741.9545941546019,0.0
48,14,261.04540584539814,466.04540584539814,0.0
48,3,450.04540584539814,266.04540584539814,0.0
48,7,492.04540584539814,314.04540584539814,0.0
48,25,236.04540584539816,469.04540584539814,0.0
48,4,515.0454058453981,323.04540584539814,0.0
48,13,644.0454058453981,374.04540584539814,0.0
48,15,640.0454058453981,285.04540584539814,0.0
48,2,406.04540584539814,410.04540584539814,0.0
48,10,266.04540584539814,318.04540584539814,0.0
48,18,285.04540584539814,279.04540584539814,0.0
48,21,532.0454058453981,607.9545941546019,0.0
49,5,553.0,286.0,0.0
49,16,416.0,666.0,0.0
49,20,278.0,618.0,0.0
49,12,224.0,272.0,0.0
49,24,213.0,565.0,0.0
49,8,452.0,449.0,0.0
49,17,469.0,451.0,0.0
49,1,207.0,482.0,0.0
49,19,209.0,501.0,0.0
49,22,277.0,657.0,0.0
49,23,520.0,290.0,0.0
49,6,280.95459415460186,660.9545941546019,0.0
49,11,492.0,341.0,0.0
49,9,635.0,742.0,0.0
49,14,261.0,466.0,0.0
49,3,450.0,266.0,0.0
49,7,492.0,314.0,0.0
49,25,236.0,469.0,0.0
49,4,515.0,323.0,0.0
49,13,644.0,374.0,0.0
49,15,640.0,285.0,0.0
49,2,406.0,410.0,0.0
49,10,266.0,318.0,0.0
49,18,285.0,279.0,0.0
49,21,532.0,608.0,0.0
50,5,552.0454058453981,285.04540584539814,0.0
50,16,415.04540584539814,666.9545941546019,0.0
50,20,277.04540584539814,618.9545941546019,0.0
50,12,223.04540584539816,271.04540584539814,0.0
50,24,212.04540584539816,564.0454058453981,0.0
50,8,451.04540584539814,448.04540584539814,0.0
50,17,468.04540584539814,450.04540584539814,0.0
50,1,206.04540584539816,481.04540584539814,0.0
50,19,208.04540584539816,500.04540584539814,0.0
50,22,277.95459415460186,657.9545941546019,0.0
50,23,519.0454058453981,289.04540584539814,0.0
50,6,281.0,661.0,0.0
50,11,491.04540584539814,340.04540584539814,0.0
50,9,634.0454058453981,742.9545941546019,0.0
50,14,260.04540584539814,465.04540584539814,0.0
50,3,449.04540584539814,265.04540584539814,0.0
50,7,491.04540584539814,313.04540584539814,0.0
50,25,235.04540584539816,468.04540584539814,0.0
50,4,514.0454058453981,322.04540584539814,0.0
50,13,643.0454058453981,373.04540584539814,0.0
50,15,639.0454058453981,284.04540584539814,0.0
50,2,405.04540584539814,409.04540584539814,0.0
50,10,265.04540584539814,317.04540584539814,0.0
50,18,284.04540584539814,278.04540584539814,0.0
50,21,531.0454058453981,608.9545941546019,0.0
51,5,552.0,285.0,0.0
51,16,415.0,667.0,0.0
51,20,277.0,619.0,0.0
51,12,223.0,271.0,0.0
51,24,212.0,564.0,0.0
51,8,451.0,448.0,0.0
51,17,468.0,450.0,0.0
51,1,206.0,481.0,0.0
51,19,208.0,500.0,0.0
51,22,278.0,658.0,0.0
51,23,519.0,289.0,0.0
51,6,281.95459415460186,661.9545941546019,0.0
51,11,491.0,340.0,0.0
51,9,634.0,743.0,0.0
51,14,260.0,465.0,0.0
51,3,449.0,265.0,0.0
51,7,491.0,313.0,0.0
51,25,235.0,468.0,0.0
51,4,514.0,322.0,0.0
51,13,643.0,373.0,0.0
51,15,639.0,284.0,0.0
51,2,405.0,409.0,0.0
51,10,265.0,317.0,0.0
51,18,284.0,278.0,0.0
51,21,531.0,609.0,0.0
52,5,551.0454058453981,284.04540584539814,0.0
52,16,414.04540584539814,667.9545941546019,0.0
52,20,276.04540584539814,619.9545941546019,0.0
52,12,222.04540584539816,270.04540584539814,0.0
52,24,211.04540584539816,563.0454058453981,0.0
52,8,450.04540584539814,447.04540584539814,0.0
52,17,467.04540584539814,449.04540584539814,0.0
52,1,205.04540584539816,480.04540584539814,0.0
52,19,207.04540584539816,499.04540584539814,0.0
52,22,278.95459415460186,658.9545941546019,0.0
52,23,518.0454058453981,288.04540584539814,0.0
52,6,282.0,662.0,0.0
52,11,490.04540584539814,339.04540584539814,0.0
52,9,633.0454058453981,743.9545941546019,0.0
52,14,259.04540584539814,464.04540584539814,0.0
52,3,448.04540584539814,264.04540584539814,0.0
52,7,490.04540584539814,312.04540584539814,0.0
52,25,234.04540584539816,467.04540584539814,0.0
52,4,513.0454058453981,321.04540584539814,0.0
52,13,642.0454058453981,372.04540584539814,0.0
52,15,638.0454058453981,283.04540584539814,0.0
52,2,404.04540584539814,408.04540584539814,0.0
52,10,264.04540584539814,316.04540584539814,0.0
52,18,283.04540584539814,277.04540584539814,0.0
52,21,530.0454058453981,609.9545941546019,0.0
53,5,551.0,284.0,0.0
53,16,414.0,668.0,0.0
53,20,276.0,620.0,0.0
53,12,222.0,270.0,0.0
53,24,211.0,563.0,0.0
53,8,450.0,447.0,0.0
53,17,467.0,449.0,0.0
53,1,205.0,480.0,0.0
53,19,207.0,499.0,0.0
53,22,279.0,659.0,0.0
53,23,518.0,288.0,0.0
53,6,282.95459415460186,662.9545941546019,0.0
53,11,490.0,339.0,0.0
53,9,633.0,744.0,0.0
53,14,259.0,464.0,0.0
53,3,448.0,264.0,0.0
53,7,490.0,312.0,0.0
53,25,234.0,467.0,0.0
53,4,513.0,321.0,0.0
53,13,642.0,372.0,0.0
53,15,638.0,283.0,0.0
53,2,404.0,408.0,0.0
53,10,264.0,316.0,0.0
53,18,283.0,277.0,0.0
53,21,530.0,610.0,0.0
54,5,550.0454058453981,283.04540584539814,0.0
54,16,413.04540584539814,668.9545941546019,0.0
54,20,275.04540584539814,620.9545941546019,0.0
54,12,221.04540584539816,269.04540584539814,0.0
54,24,210.04540584539816,562.0454058453981,0.0
54,8,449.04540584539814,446.04540584539814,0.0
54,17,466.04540584539814,448.04540584539814,0.0
54,1,204.04540584539816,479.04540584539814,0.0
54,19,206.04540584539816,498.04540584539814,0.0
54,22,279.95459415460186,659.9545941546019,0.0
54,23,517.0454058453981,287.04540584539814,0.0
54,6,283.0,663.0,0.0
54,11,489.04540584539814,338.04540584539814,0.0
54,9,632.0454058453981,744.9545941546019,0.0
54,14,258.04540584539814,463.04540584539814,0.0
54,3,447.04540584539814,263.04540584539814,0.0
54,7,489.04540584539814,311.04540584539814,0.0
54,25,233.04540584539816,466.04540584539814,0.0
54,4,512.0454058453981,320.04540584539814,0.0
54,13,641.0454058453981,371.04540584539814,0.0
54,15,637.0454058453981,282.04540584539814,0.0
54,2,403.04540584539814,407.04540584539814,0.0
54,10,263.04540584539814,315.04540584539814,0.0
54,18,282.04540584539814,276.04540584539814,0.0
54,21,529.0454058453981,610.9545941546019,0.0
55,5,550.0,283.0,0.0
55,16,413.0,669.0,0.0
55,20,275.0,621.0,0.0
55,12,221.0,269.0,0.0
55,24,210.0,562.0,0.0
55,8,449.0,446.0,0.0
55,17,466.0,448.0,0.0
55,1,204.0,479.0,0.0
55,19,206.0,498.0,0.0
55,22,280.0,660.0,0.0
55,23,517.0,287.0,0.0
55,6,283.95459415460186,663.9545941546019,0.0
55,11,489.0,338.0,0.0
55,9,632.0,745.0,0.0
55,14,258.0,463.0,0.0
55,3,447.0,263.0,0.0
55,7,489.0,311.0,0.0
55,25,233.0,466.0,0.0
55,4,512.0,320.0,0.0
55,13,641.0,371.0,0.0
55,15,637.0,282.0,0.0
55,2,403.0,407.0,0.0
55,10,263.0,315.0,0.0
55,18,282.0,276.0,0.0
55,21,529.0,611.0,0.0
56,5,549.0454058453981,282.04540584539814,0.0
56,16,412.04540584539814,669.9545941546019,0.0
56,20,274.04540584539814,621.9545941546019,0.0
56,12,220.04540584539816,268.04540584539814,0.0
56,24,209.04540584539816,561.0454058453981,0.0
56,8,448.04540584539814,445.04540584539814,0.0
56,17,465.04540584539814,447.04540584539814,0.0
56,1,203.04540584539816,478.04540584539814,0.0
56,19,205.04540584539816,497.04540584539814,0.0
56,22,280.95459415460186,660.9545941546019,0.0
56,23,516.0454058453981,286.04540584539814,0.0
56,6,284.0,664.0,0.0
56,11,488.04540584539814,337.04540584539814,0.0
56,9,631.0454058453981,745.9545941546019,0.0
56,14,257.04540584539814,462.04540584539814,0.0
56,3,446.04540584539814,262.04540584539814,0.0
56,7,488.04540584539814,310.04540584539814,0.0
56,25,232.04540584539816,465.04540584539814,0.0
56,4,511.04540584539814,319.04540584539814,0.0
56,13,640.0454058453981,370.04540584539814,0.0
56,15,636.0454058453981,281.04540584539814,0.0
56,2,402.04540584539814,406.04540584539814,0.0
56,10,262.04540584539814,314.04540584539814,0.0
56,18,281.04540584539814,275.04540584539814,0.0
56,21,528.0454058453981,611.9545941546019,0.0
57,5,549.0,282.0,0.0
57,16,412.0,670.0,0.0
57,20,274.0,622.0,0.0
57,12,220.0,268.0,0.0
57,24,209.0,561.0,0.0
57,8,448.0,445.0,0.0
57,17,465.0,447.0,0.0
57,1,203.0,478.0,0.0
57,19,205.0,497.0,0.0
57,22,281.0,661.0,0.0
57,23,516.0,286.0,0.0
57,6,284.95459415460186,664.9545941546019,0.0
57,11,488.0,337.0,0.0
57,9,631.0,746.0,0.0
57,14,257.0,462.0,0.0
57,3,446.0,262.0,0.0
57,7,488.0,310.0,0.0
57,25,232.0,465.0,0.0
57,4,511.0,319.0,0.0
57,13,640.0,370.0,0.0
57,15,636.0,281.0,0.0
57,2,402.0,406.0,0.0
57,10,262.0,314.0,0.0
57,18,281.0,275.0,0.0
57,21,528.0,612.0,0.0
58,5,548.0454058453981,281.04540584539814,0.0
58,16,411.04540584539814,670.9545941546019,0.0
58,20,273.04540584539814,622.9545941546019,0.0
58,12,219.04540584539816,267.04540584539814,0.0
58,24,208.04540584539816,560.0454058453981,0.0
58,8,447.04540584539814,444.04540584539814,0.0
58,17,464.04540584539814,446.04540584539814,0.0
58,1,202.04540584539816,477.04540584539814,0.0
58,19,204.04540584539816,496.04540584539814,0.0
58,22,281.95459415460186,661.9545941546019,0.0
58,23,515.0454058453981,285.04540584539814,0.0
58,6,285.0,665.0,0.0
58,11,487.04540584539814,336.04540584539814,0.0
58,9,630.0454058453981,746.9545941546019,0.0
58,14,256.04540584539814,461.04540584539814,0.0
58,3,445.04540584539814,261.04540584539814,0.0
58,7,487.04540584539814,309.04540584539814,0.0
58,25,231.04540584539816,464.04540584539814,0.0
58,4,510.04540584539814,318.04540584539814,0.0
58,13,639.0454058453981,369.04540584539814,0.0
58,15,635.0454058453981,280.04540584539814,0.0
58,2,401.04540584539814,405.04540584539814,0.0
58,10,261.04540584539814,313.04540584539814,0.0
58,18,280.04540584539814,274.04540584539814,0.0
58,21,527.0454058453981,612.9545941546019,0.0
59,5,548.0,281.0,0.0
59,16,411.0,671.0,0.0
59,20,273.0,623.0,0.0
59,12,219.0,267.0,0.0
59,24,208.0,560.0,0.0
59,8,447.0,444.0,0.0
59,17,464.0,446.0,0.0
59,1,202.0,477.0,0.0
59,19,204.0,496.0,0.0
59,22,282.0,662.0,0.0
59,23,515.0,285.0,0.0
59,6,285.95459415460186,665.9545941546019,0.0
59,11,487.0,336.0,0.0
59,9,630.0,747.0,0.0
59,14,256.0,461.0,0.0
59,3,445.0,261.0,0.0
59,7,487.0,309.0,0.0
59,25,231.0,464.0,0.0
59,4,510.0,318.0,0.0
59,13,639.0,369.0,0.0
59,15,635.0,280.0,0.0
59,2,401.0,405.0,0.0
59,10,261.0,313.0,0.0
59,18,280.0,274.0,0.0
59,21,527.0,613.0,0.0
60,5,547.0454058453981,280.04540584539814,0.0
60,16,410.04540584539814,671.9545941546019,0.0
60,20,272.04540584539814,623.9545941546019,0.0
60,12,218.04540584539816,266.04540584539814,0.0
60,24,207.04540584539816,559.0454058453981,0.0
60,8,446.04540584539814,443.04540584539814,0.0
60,17,463.04540584539814,445.04540584539814,0.0
60,1,201.04540584539816,476.04540584539814,0.0
60,19,203.04540584539816,495.04540584539814,0.0
60,22,282.95459415460186,662.9545941546019,0.0
60,23,514.0454058453981,284.04540584539814,0.0
60,6,286.0,666.0,0.0
60,11,486.04540584539814,335.04540584539814,0.0
60,9,629.0454058453981,747.9545941546019,0.0
60,14,255.04540584539816,460.04540584539814,0.0
60,3,444.04540584539814,260.04540584539814,0.0
60,7,486.04540584539814,308.04540584539814,0.0
60,25,230.04540584539816,463.04540584539814,0.0
60,4,509.04540584539814,317.04540584539814,0.0
60,13,638.0454058453981,368.04540584539814,0.0
60,15,634.0454058453981,279.04540584539814,0.0
60,2,400.04540584539814,404.04540584539814,0.0
60,10,260.04540584539814,312.04540584539814,0.0
60,18,279.04540584539814,273.04540584539814,0.0
60,21,526.0454058453981,613.9545941546019,0.0
61,5,547.0,280.0,0.0
61,16,410.0,672.0,0.0
61,20,272.0,624.0,0.0
61,12,218.0,266.0,0.0
61,24,207.0,559.0,0.0
61,8,446.0,443.0,0.0
61,17,463.0,445.0,0.0
61,1,201.0,476.0,0.0
61,19,203.0,495.0,0.0
61,22,283.0,663.0,0.0
61,23,514.0,284.0,0.0
61,6,286.95459415460186,666.9545941546019,0.0
61,11,486.0,335.0,0.0
61,9,629.0,748.0,0.0
61,14,255.0,460.0,0.0
61,3,444.0,260.0,0.0
61,7,486.0,308.0,0.0
61,25,230.0,463.0,0.0
61,4,509.0,317.0,0.0
61,13,638.0,368.0,0.0
61,15,634.0,279.0,0.0
61,2,400.0,404.0,0.0
61,10,260.0,312.0,0.0
61,18,279.0,273.0,0.0
61,21,526.0,614.0,0.0
62,5,547.0,280.0,0.0
62,16,410.0,672.0,0.0
62,20,272.0,624.0,0.0
62,12,218.0,266.0,0.0
62,24,207.0,559.0,0.0
62,8,446.0,443.0,0.0
62,17,463.0,445.0,0.0
62,1,201.0,476.0,0.0
62,19,203.0,495.0,0.0
62,22,283.0,663.0,0.0
62,23,514.0,284.0,0.0
62,6,286.0,666.0,0.0
62,11,486.0,335.0,0.0
62,9,629.0,748.0,0.0
62,14,255.0,460.0,0.0
62,3,444.0,260.0,0.0
62,7,486.0,308.0,0.0
62,25,230.0,463.0,0.0
62,4,509.0,317.0,0.0
62,13,638.0,368.0,0.0
62,15,634.0,279.0,0.0
62,2,400.0,404.0,0.0
62,10,260.0,312.0,0.0
62,18,279.0,273.0,0.0
62,21,526.0,614.0,0.0
63,5,546.0454058453981,279.04540584539814,0.0
63,16,409.04540584539814,672.9545941546019,0.0
63,20,271.04540584539814,624.9545941546019,0.0
63,12,217.04540584539816,265.04540584539814,0.0
63,24,206.04540584539816,558.0454058453981,0.0
63,8,445.04540584539814,442.04540584539814,0.0
63,17,462.04540584539814,444.04540584539814,0.0
63,1,200.04540584539816,475.04540584539814,0.0
63,19,202.04540584539816,494.04540584539814,0.0
63,22,283.95459415460186,663.9545941546019,0.0
63,23,513.0454058453981,283.04540584539814,0.0
63,6,286.0,666.0,0.0
63,11,485.04540584539814,334.04540584539814,0.0
63,9,628.0454058453981,748.9545941546019,0.0
63,14,254.04540584539816,459.04540584539814,0.0
63,3,443.04540584539814,259.04540584539814,0.0
63,7,485.04540584539814,307.04540584539814,0.0
63,25,229.04540584539816,462.04540584539814,0.0
63,4,508.04540584539814,316.04540584539814,0.0
63,13,637.0454058453981,367.04540584539814,0.0
63,15,633.0454058453981,278.04540584539814,0.0
63,2,399.04540584539814,403.04540584539814,0.0
63,10,259.04540584539814,311.04540584539814,0.0
63,18,278.04540584539814,272.04540584539814,0.0
63,21,525.0454058453981,614.9545941546019,0.0
64,5,546.0,279.0,0.0
64,16,409.0,673.0,0.0
64,20,271.0,625.0,0.0
64,12,217.0,265.0,0.0
64,24,206.0,558.0,0.0
64,8,445.0,442.0,0.0
64,17,462.0,444.0,0.0
64,1,200.0,475.0,0.0
64,19,202.0,494.0,0.0
64,22,284.0,664.0,0.0
64,23,513.0,283.0,0.0
64,6,286.95459415460186,666.9545941546019,0.0
64,11,485.0,334.0,0.0
64,9,628.0,749.0,0.0
64,14,254.0,459.0,0.0
64,3,443.0,259.0,0.0
64,7,485.0,307.0,0.0
64,25,229.0,462.0,0.0
64,4,508.0,316.0,0.0
64,13,637.0,367.0,0.0
64,15,633.0,278.0,0.0
64,2,399.0,403.0,0.0
64,10,259.0,311.0,0.0
64,18,278.0,272.0,0.0
64,21,525.0,615.0,0.0
65,5,545.0454058453981,278.04540584539814,0.0
65,16,408.04540584539814,673.9545941546019,0.0
65,20,270.04540584539814,625.9545941546019,0.0
65,12,216.04540584539816,264.04540584539814,0.0
65,24,205.04540584539816,557.0454058453981,0.0
65,8,444.04540584539814,441.04540584539814,0.0
65,17,461.04540584539814,443.04540584539814,0.0
65,1,199.04540584539816,474.04540584539814,0.0
65,19,201.04540584539816,493.04540584539814,0.0
65,22,284.95459415460186,664.9545941546019,0.0
65,23,512.0454058453981,282.04540584539814,0.0
65,6,287.0,667.0,0.0
65,11,484.04540584539814,333.04540584539814,0.0
65,9,627.0454058453981,749.9545941546019,0.0
65,14,253.04540584539816,458.04540584539814,0.0
65,3,442.04540584539814,258.04540584539814,0.0
65,7,484.04540584539814,306.04540584539814,0.0
65,25,228.04540584539816,461.04540584539814,0.0
65,4,507.04540584539814,315.04540584539814,0.0
65,13,636.0454058453981,366.04540584539814,0.0
65,15,632.0454058453981,277.04540584539814,0.0
65,2,398.04540584539814,402.04540584539814,0.0
65,10,258.04540584539814,310.04540584539814,0.0
65,18,277.04540584539814,271.04540584539814,0.0
65,21,524.0454058453981,615.9545941546019,0.0
66,5,545.0,278.0,0.0
66,16,408.0,674.0,0.0
66,20,270.0,626.0,0.0
66,12,216.0,264.0,0.0
66,24,205.0,557.0,0.0
66,8,444.0,441.0,0.0
66,17,461.0,443.0,0.0
66,1,199.0,474.0,0.0
66,19,201.0,493.0,0.0
66,22,285.0,665.0,0.0
66,23,512.0,282.0,0.0
66,6,287.95459415460186,667.9545941546019,0.0
66,11,484.0,333.0,0.0
66,9,627.0,750.0,0.0
66,14,253.0,458.0,0.0
66,3,442.0,258.0,0.0
66,7,484.0,306.0,0.0
66,25,228.0,461.0,0.0
66,4,507.0,315.0,0.0
66,13,636.0,366.0,0.0
66,15,632.0,277.0,0.0
66,2,398.0,402.0,0.0
66,10,258.0,310.0,0.0
66,18,277.0,271.0,0.0
66,21,524.0,616.0,0.0
67,5,544.0454058453981,277.04540584539814,0.0
67,16,407.04540584539814,674.9545941546019,0.0
67,20,269.04540584539814,626.9545941546019,0.0
67,12,215.04540584539816,263.04540584539814,0.0
67,24,204.04540584539816,556.0454058453981,0.0
67,8,443.04540584539814,440.04540584539814,0.0
67,17,460.04540584539814,442.04540584539814,0.0
67,1,198.04540584539816,473.04540584539814,0.0
67,19,200.04540584539816,492.04540584539814,0.0
67,22,285.95459415460186,665.9545941546019,0.0
67,23,511.04540584539814,281.04540584539814,0.0
67,6,288.0,668.0,0.0
67,11,483.04540584539814,332.04540584539814,0.0
67,9,626.0454058453981,750.9545941546019,0.0
67,14,252.04540584539816,457.04540584539814,0.0
67,3,441.04540584539814,257.04540584539814,0.0
67,7,483.04540584539814,305.04540584539814,0.0
67,25,227.04540584539816,460.04540584539814,0.0
67,4,506.04540584539814,314.04540584539814,0.0
67,13,635.0454058453981,365.04540584539814,0.0
67,15,631.0454058453981,276.04540584539814,0.0
67,2,397.04540584539814,401.04540584539814,0.0
67,10,257.04540584539814,309.04540584539814,0.0
67,18,276.04540584539814,270.04540584539814,0.0
67,21,523.0454058453981,616.9545941546019,0.0
68,5,544.0,277.0,0.0
68,16,407.0,675.0,0.0
68,20,269.0,627.0,0.0
68,12,215.0,263.0,0.0
68,24,204.0,556.0,0.0
68,8,443.0,440.0,0.0
68,17,460.0,442.0,0.0
68,1,198.0,473.0,0.0
68,19,200.0,492.0,0.0
68,22,286.0,666.0,0.0
68,23,511.0,281.0,0.0
68,6,288.95459415460186,668.9545941546019,0.0
68,11,483.0,332.0,0.0
68,9,626.0,751.0,0.0
68,14,252.0,457.0,0.0
68,3,441.0,257.0,0.0
68,7,483.0,305.0,0.0
68,25,227.0,460.0,0.0
68,4,506.0,314.0,0.0
68,13,635.0,365.0,0.0
68,15,631.0,276.0,0.0
68,2,397.0,401.0,0.0
68,10,257.0,309.0,0.0
68,18,276.0,270.0,0.0
68,21,523.0,617.0,0.0
69,5,543.0454058453981,276.04540584539814,0.0
69,16,406.04540584539814,675.9545941546019,0.0
69,20,268.04540584539814,627.9545941546019,0.0
69,12,214.04540584539816,262.04540584539814,0.0
69,24,203.04540584539816,555.0454058453981,0.0
69,8,442.04540584539814,439.04540584539814,0.0
69,17,459.04540584539814,441.04540584539814,0.0
69,1,197.04540584539816,472.04540584539814,0.0
69,19,199.04540584539816,491.04540584539814,0.0
69,22,286.95459415460186,666.9545941546019,0.0
69,23,510.04540584539814,280.04540584539814,0.0
69,6,289.0,669.0,0.0
69,11,482.04540584539814,331.04540584539814,0.0
69,9,625.0454058453981,751.9545941546019,0.0
69,14,251.04540584539816,456.04540584539814,0.0
69,3,440.04540584539814,256.04540584539814,0.0
69,7,482.04540584539814,304.04540584539814,0.0
69,25,226.04540584539816,459.04540584539814,0.0
69,4,505.04540584539814,313.04540584539814,0.0
69,13,634.0454058453981,364.04540584539814,0.0
69,15,630.0454058453981,275.04540584539814,0.0
69,2,396.04540584539814,400.04540584539814,0.0
69,10,256.04540584539814,308.04540584539814,0.0
69,18,275.04540584539814,269.04540584539814,0.0
69,21,522.0454058453981,617.9545941546019,0.0
70,5,543.0,276.0,0.0
70,16,406.0,676.0,0.0
70,20,268.0,628.0,0.0
70,12,214.0,262.0,0.0
70,24,203.0,555.0,0.0
70,8,442.0,439.0,0.0
70,17,459.0,441.0,0.0
70,1,197.0,472.0,0.0
70,19,199.0,491.0,0.0
70,22,287.0,667.0,0.0
70,23,510.0,280.0,0.0
70,6,289.95459415460186,669.9545941546019,0.0
70,11,482.0,331.0,0.0
70,9,625.0,752.0,0.0
70,14,251.0,456.0,0.0
70,3,440.0,256.0,0.0
70,7,482.0,304.0,0.0
70,25,226.0,459.0,0.0
70,4,505.0,313.0,0.0
70,13,634.0,364.0,0.0
70,15,630.0,275.0,0.0
70,2,396.0,400.0,0.0
70,10,256.0,308.0,0.0
70,18,275.0,269.0,0.0
70,21,522.0,618.0,0.0
71,5,542.0454058453981,275.04540584539814,0.0
71,16,405.04540584539814,676.9545941546019,0.0
71,20,267.04540584539814,628.9545941546019,0.0
71,12,213.04540584539816,261.04540584539814,0.0
71,24,202.04540584539816,554.0454058453981,0.0
71,8,441.04540584539814,438.04540584539814,0.0
71,17,458.04540584539814,440.04540584539814,0.0
71,1,196.04540584539816,471.04540584539814,0.0
71,19,198.04540584539816,490.04540584539814,0.0
71,22,287.95459415460186,667.9545941546019,0.0
71,23,509.04540584539814,279.04540584539814,0.0
71,6,290.0,670.0,0.0
71,11,481.04540584539814,330.04540584539814,0.0
71,9,624.0454058453981,752.9545941546019,0.0
71,14,250.04540584539816,455.04540584539814,0.0
71,3,439.04540584539814,255.04540584539816,0.0
71,7,481.04540584539814,303.04540584539814,0.0
71,25,225.04540584539816,458.04540584539814,0.0
71,4,504.04540584539814,312.04540584539814,0.0
71,13,633.0454058453981,363.04540584539814,0.0
71,15,629.0454058453981,274.04540584539814,0.0
71,2,395.04540584539814,399.04540584539814,0.0
71,10,255.04540584539816,307.04540584539814,0.0
71,18,274.04540584539814,268.04540584539814,0.0
71,21,521.0454058453981,618.9545941546019,0.0
72,5,542.0,275.0,0.0
72,16,405.0,677.0,0.0
72,20,267.0,629.0,0.0
72,12,213.0,261.0,0.0
72,24,202.0,554.0,0.0
72,8,441.0,438.0,0.0
72,17,458.0,440.0,0.0
72,1,196.0,471.0,0.0
72,19,198.0,490.0,0.0
72,22,288.0,668.0,0.0
72,23,509.0,279.0,0.0
72,6,290.95459415460186,670.9545941546019,0.0
72,11,481.0,330.0,0.0
72,9,624.0,753.0,0.0
72,14,250.0,455.0,0.0
72,3,439.0,255.0,0.0
72,7,481.0,303.0,0.0
72,25,225.0,458.0,0.0
72,4,504.0,312.0,0.0
72,13,633.0,363.0,0.0
72,15,629.0,274.0,0.0
72,2,395.0,399.0,0.0
72,10,255.0,307.0,0.0
72,18,274.0,268.0,0.0
72,21,521.0,619.0,0.0
73,5,541.0454058453981,274.04540584539814,0.0
73,16,404.04540584539814,677.9545941546019,0.0
73,20,266.04540584539814,629.9545941546019,0.0
73,12,212.04540584539816,260.04540584539814,0.0
73,24,201.04540584539816,553.0454058453981,0.0
73,8,440.04540584539814,437.04540584539814,0.0
73,17,457.04540584539814,439.04540584539814,0.0
73,1,195.04540584539816,470.04540584539814,0.0
73,19,197.04540584539816,489.04540584539814,0.0
73,22,288.95459415460186,668.9545941546019,0.0
73,23,508.04540584539814,278.04540584539814,0.0
73,6,291.0,671.0,0.0
73,11,480.04540584539814,329.04540584539814,0.0
73,9,623.0454058453981,753.9545941546019,0.0
73,14,249.04540584539816,454.04540584539814,0.0
73,3,438.04540584539814,254.04540584539816,0.0
73,7,480.04540584539814,302.04540584539814,0.0
73,25,224.04540584539816,457.04540584539814,0.0
73,4,503.04540584539814,311.04540584539814,0.0
73,13,632.0454058453981,362.04540584539814,0.0
73,15,628.0454058453981,273.04540584539814,0.0
73,2,394.04540584539814,398.04540584539814,0.0
73,10,254.04540584539816,306.04540584539814,0.0
73,18,273.04540584539814,267.04540584539814,0.0
73,21,520.0454058453981,619.9545941546019,0.0
74,5,541.0,274.0,0.0
74,16,404.0,678.0,0.0
74,20,266.0,630.0,0.0
74,12,212.0,260.0,0.0
74,24,201.0,553.0,0.0
74,8,440.0,437.0,0.0
74,17,457.0,439.0,0.0
74,1,195.0,470.0,0.0
74,19,197.0,489.0,0.0
74,22,289.0,669.0,0.0
74,23,508.0,278.0,0.0
74,6,291.95459415460186,671.9545941546019,0.0
74,11,480.0,329.0,0.0
74,9,623.0,754.0,0.0
74,14,249.0,454.0,0.0
74,3,438.0,254.0,0.0
74,7,480.0,302.0,0.0
74,25,224.0,457.0,0.0
74,4,503.0,311.0,0.0
74,13,632.0,362.0,0.0
74,15,628.0,273.0,0.0
74,2,394.0,398.0,0.0
74,10,254.0,306.0,0.0
74,18,273.0,267.0,0.0
74,21,520.0,620.0,0.0
75,5,540.0454058453981,273.04540584539814,0.0
75,16,403.04540584539814,678.9545941546019,0.0
75,20,265.04540584539814,630.9545941546019,0.0
75,12,211.04540584539816,259.04540584539814,0.0
75,24,200.04540584539816,552.0454058453981,0.0
75,8,439.04540584539814,436.04540584539814,0.0
75,17,456.04540584539814,438.04540584539814,0.0
75,1,194.04540584539816,469.04540584539814,0.0
75,19,196.04540584539816,488.04540584539814,0.0
75,22,289.95459415460186,669.9545941546019,0.0
75,23,507.04540584539814,277.04540584539814,0.0
75,6,292.0,672.0,0.0
75,11,479.04540584539814,328.04540584539814,0.0
75,9,622.0454058453981,754.9545941546019,0.0
75,14,248.04540584539816,453.04540584539814,0.0
75,3,437.04540584539814,253.04540584539816,0.0
75,7,479.04540584539814,301.04540584539814,0.0
75,25,223.04540584539816,456.04540584539814,0.0
75,4,502.04540584539814,310.04540584539814,0.0
75,13,631.0454058453981,361.04540584539814,0.0
75,15,627.0454058453981,272.04540584539814,0.0
75,2,393.04540584539814,397.04540584539814,0.0
75,10,253.04540584539816,305.04540584539814,0.0
75,18,272.04540584539814,266.04540584539814,0.0
75,21,519.0454058453981,620.9545941546019,0.0
76,5,540.0,273.0,0.0
76,16,403.0,679.0,0.0
76,20,265.0,631.0,0.0
76,12,211.0,259.0,0.0
76,24,200.0,552.0,0.0
76,8,439.0,436.0,0.0
76,17,456.0,438.0,0.0
76,1,194.0,469.0,0.0
76,19,196.0,488.0,0.0
76,22,290.0,670.0,0.0
76,23,507.0,277.0,0.0
76,6,292.95459415460186,672.9545941546019,0.0
76,11,479.0,328.0,0.0
76,9,622.0,755.0,0.0
76,14,248.0,453.0,0.0
76,3,437.0,253.0,0.0
76,7,479.0,301.0,0.0
76,25,223.0,456.0,0.0
76,4,502.0,310.0,0.0
76,13,631.0,361.0,0.0
76,15,627.0,272.0,0.0
76,2,393.0,397.0,0.0
76,10,253.0,305.0,0.0
76,18,272.0,266.0,0.0
76,21,519.0,621.0,0.0
77,5,539.0454058453981,272.04540584539814,0.0
77,16,402.04540584539814,679.9545941546019,0.0
77,20,264.04540584539814,631.9545941546019,0.0
77,12,210.04540584539816,258.04540584539814,0.0
77,24,199.04540584539816,551.0454058453981,0.0
77,8,438.04540584539814,435.04540584539814,0.0
77,17,455.04540584539814,437.04540584539814,0.0
77,1,193.04540584539816,468.04540584539814,0.0
77,19,195.04540584539816,487.04540584539814,0.0
77,22,290.95459415460186,670.9545941546019,0.0
77,23,506.04540584539814,276.04540584539814,0.0
77,6,293.0,673.0,0.0
77,11,478.04540584539814,327.04540584539814,0.0
77,9,621.0454058453981,755.9545941546019,0.0
77,14,247.04540584539816,452.04540584539814,0.0
77,3,436.04540584539814,252.04540584539816,0.0
77,7,478.04540584539814,300.04540584539814,0.0
77,25,222.04540584539816,455.04540584539814,0.0
77,4,501.04540584539814,309.04540584539814,0.0
77,13,630.0454058453981,360.04540584539814,0.0
77,15,626.0454058453981,271.04540584539814,0.0
77,2,392.04540584539814,396.04540584539814,0.0
77,10,252.04540584539816,304.04540584539814,0.0
77,18,271.04540584539814,265.04540584539814,0.0
77,21,518.0454058453981,621.9545941546019,0.0
78,5,539.0,272.0,0.0
78,16,402.0,680.0,0.0
78,20,264.0,632.0,0.0
78,12,210.0,258.0,0.0
78,24,199.0,551.0,0.0
78,8,438.0,435.0,0.0
78,17,455.0,437.0,0.0
78,1,193.0,468.0,0.0
78,19,195.0,487.0,0.0
78,22,291.0,671.0,0.0
78,23,506.0,276.0,0.0
78,6,293.95459415460186,673.9545941546019,0.0
78,11,478.0,327.0,0.0
78,9,621.0,756.0,0.0
78,14,247.0,452.0,0.0
78,3,436.0,252.0,0.0
78,7,478.0,300.0,0.0
78,25,222.0,455.0,0.0
78,4,501.0,309.0,0.0
78,13,630.0,360.0,0.0
78,15,626.0,271.0,0.0
78,2,392.0,396.0,0.0
78,10,252.0,304.0,0.0
78,18,271.0,265.0,0.0
78,21,518.0,622.0,0.0
79,5,538.0454058453981,271.04540584539814,0.0
79,16,401.04540584539814,680.9545941546019,0.0
79,20,263.04540584539814,632.9545941546019,0.0
79,12,209.04540584539816,257.04540584539814,0.0
79,24,198.04540584539816,550.0454058453981,0.0
79,8,437.04540584539814,434.04540584539814,0.0
79,17,454.04540584539814,436.04540584539814,0.0
79,1,192.04540584539816,467.04540584539814,0.0
79,19,194.04540584539816,486.04540584539814,0.0
79,22,291.95459415460186,671.9545941546019,0.0
79,23,505.04540584539814,275.04540584539814,0.0
79,6,294.0,674.0,0.0
79,11,477.04540584539814,326.04540584539814,0.0
79,9,620.0454058453981,756.9545941546019,0.0
79,14,246.04540584539816,451.04540584539814,0.0
79,3,435.04540584539814,251.04540584539816,0.0
79,7,477.04540584539814,299.04540584539814,0.0
79,25,221.04540584539816,454.04540584539814,0.0
79,4,500.04540584539814,308.04540584539814,0.0
79,13,629.0454058453981,359.04540584539814,0.0
79,15,625.0454058453981,270.04540584539814,0.0
79,2,391.04540584539814,395.04540584539814,0.0
79,10,251.04540584539816,303.04540584539814,0.0
79,18,270.04540584539814,264.04540584539814,0.0
79,21,517.0454058453981,622.9545941546019,0.0
80,5,538.0,271.0,0.0
80,16,401.0,681.0,0.0
80,20,263.0,633.0,0.0
80,12,209.0,257.0,0.0
80,24,198.0,550.0,0.0
80,8,437.0,434.0,0.0
80,17,454.0,436.0,0.0
80,1,192.0,467.0,0.0
80,19,194.0,486.0,0.0
80,22,292.0,672.0,0.0
80,23,505.0,275.0,0.0
80,6,294.95459415460186,674.9545941546019,0.0
80,11,477.0,326.0,0.0
80,9,620.0,757.0,0.0
80,14,246.0,451.0,0.0
80,3,435.0,251.0,0.0
80,7,477.0,299.0,0.0
80,25,221.0,454.0,0.0
80,4,500.0,308.0,0.0
80,13,629.0,359.0,0.0
80,15,625.0,270.0,0.0
80,2,391.0,395.0,0.0
80,10,251.0,303.0,0.0
80,18,270.0,264.0,0.0
80,21,517.0,623.0,0.0
81,5,537.0454058453981,270.04540584539814,0.0
81,16,400.04540584539814,681.9545941546019,0.0
81,20,262.04540584539814,633.9545941546019,0.0
81,12,208.04540584539816,256.04540584539814,0.0
81,24,197.04540584539816,549.0454058453981,0.0
81,8,436.04540584539814,433.04540584539814,0.0
81,17,453.04540584539814,435.04540584539814,0.0
81,1,191.04540584539816,466.04540584539814,0.0
81,19,193.04540584539816,485.04540584539814,0.0
81,22,292.95459415460186,672.9545941546019,0.0
81,23,504.04540584539814,274.04540584539814,0.0
81,6,295.0,675.0,0.0
81,11,476.04540584539814,325.04540584539814,0.0
81,9,619.0454058453981,757.9545941546019,0.0
81,14,245.04540584539816,450.04540584539814,0.0
81,3,434.04540584539814,250.04540584539816,0.0
81,7,476.04540584539814,298.04540584539814,0.0
81,25,220.04540584539816,453.04540584539814,0.0
81,4,499.04540584539814,307.04540584539814,0.0
81,13,628.0454058453981,358.04540584539814,0.0
81,15,624.0454058453981,269.04540584539814,0.0
81,2,390.04540584539814,394.04540584539814,0.0
81,10,250.04540584539816,302.04540584539814,0.0
81,18,269.04540584539814,263.04540584539814,0.0
81,21,516.0454058453981,623.9545941546019,0.0
82,5,537.0,270.0,0.0
82,16,400.0,682.0,0.0
82,20,262.0,634.0,0.0
82,12,208.0,256.0,0.0
82,24,197.0,549.0,0.0
82,8,436.0,433.0,0.0
82,17,453.0,435.0,0.0
82,1,191.0,466.0,0.0
82,19,193.0,485.0,0.0
82,22,293.0,673.0,0.0
82,23,504.0,274.0,0.0
82,6,295.95459415460186,675.9545941546019,0.0
82,11,476.0,325.0,0.0
82,9,619.0,758.0,0.0
82,14,245.0,450.0,0.0
82,3,434.0,250.0,0.0
82,7,476.0,298.0,0.0
82,25,220.0,453.0,0.0
82,4,499.0,307.0,0.0
82,13,628.0,358.0,0.0
82,15,624.0,269.0,0.0
82,2,390.0,394.0,0.0
82,10,250.0,302.0,0.0
82,18,269.0,263.0,0.0
82,21,516.0,624.0,0.0
83,5,536.0454058453981,269.04540584539814,0.0
83,16,399.04540584539814,682.9545941546019,0.0
83,20,261.04540584539814,634.9545941546019,0.0
83,12,207.04540584539816,255.04540584539816,0.0
83,24,196.04540584539816,548.0454058453981,0.0
83,8,435.04540584539814,432.04540584539814,0.0
83,17,452.04540584539814,434.04540584539814,0.0
83,1,190.04540584539816,465.04540584539814,0.0
83,19,192.04540584539816,484.04540584539814,0.0
83,22,293.95459415460186,673.9545941546019,0.0
83,23,503.04540584539814,273.04540584539814,0.0
83,6,296.0,676.0,0.0
83,11,475.04540584539814,324.04540584539814,0.0
83,9,618.0454058453981,758.9545941546019,0.0
83,14,244.04540584539816,449.04540584539814,0.0
83,3,433.04540584539814,249.04540584539816,0.0
83,7,475.04540584539814,297.04540584539814,0.0
83,25,219.04540584539816,452.04540584539814,0.0
83,4,498.04540584539814,306.04540584539814,0.0
83,13,627.0454058453981,357.04540584539814,0.0
83,15,623.0454058453981,268.04540584539814,0.0
83,2,389.04540584539814,393.04540584539814,0.0
83,10,249.04540584539816,301.04540584539814,0.0
83,18,268.04540584539814,262.04540584539814,0.0
83,21,515.0454058453981,624.9545941546019,0.0
84,5,536.0,269.0,0.0
84,16,399.0,683.0,0.0
84,20,261.0,635.0,0.0
84,12,207.0,255.0,0.0
84,24,196.0,548.0,0.0
84,8,435.0,432.0,0.0
84,17,452.0,434.0,0.0
84,1,190.0,465.0,0.0
84,19,192.0,484.0,0.0
84,22,294.0,674.0,0.0
84,23,503.0,273.0,0.0
84,6,296.95459415460186,676.9545941546019,0.0
84,11,475.0,324.0,0.0
84,9,618.0,759.0,0.0
84,14,244.0,449.0,0.0
84,3,433.0,249.0,0.0
84,7,475.0,297.0,0.0
84,25,219.0,452.0,0.0
84,4,498.0,306.0,0.0
84,13,627.0,357.0,0.0
84,15,623.0,268.0,0.0
84,2,389.0,393.0,0.0
84,10,249.0,301.0,0.0
84,18,268.0,262.0,0.0
84,21,515.0,625.0,0.0
85,5,535.0454058453981,268.04540584539814,0.0
85,16,398.04540584539814,683.9545941546019,0.0
85,20,260.04540584539814,635.9545941546019,0.0
85,12,206.04540584539816,254.04540584539816,0.0
85,24,195.04540584539816,547.0454058453981,0.0
85,8,434.04540584539814,431.04540584539814,0.0
85,17,451.04540584539814,433.04540584539814,0.0
85,1,189.04540584539816,464.04540584539814,0.0
85,19,191.04540584539816,483.04540584539814,0.0
85,22,294.95459415460186,674.9545941546019,0.0
85,23,502.04540584539814,272.04540584539814,0.0
85,6,297.0,677.0,0.0
85,11,474.04540584539814,323.04540584539814,0.0
85,9,617.0454058453981,759.9545941546019,0.0
85,14,243.04540584539816,448.04540584539814,0.0
85,3,432.04540584539814,248.04540584539816,0.0
85,7,474.04540584539814,296.04540584539814,0.0
85,25,218.04540584539816,451.04540584539814,0.0
85,4,497.04540584539814,305.04540584539814,0.0
85,13,626.0454058453981,356.04540584539814,0.0
85,15,622.0454058453981,267.04540584539814,0.0
85,2,388.04540584539814,392.04540584539814,0.0
85,10,248.04540584539816,300.04540584539814,0.0
85,18,267.04540584539814,261.04540584539814,0.0
85,21,514.0454058453981,625.9545941546019,0.0
86,5,535.0,268.0,0.0
86,16,398.0,684.0,0.0
86,20,260.0,636.0,0.0
86,12,206.0,254.0,0.0
86,24,195.0,547.0,0.0
86,8,434.0,431.0,0.0
86,17,451.0,433.0,0.0
86,1,189.0,464.0,0.0
86,19,191.0,483.0,0.0
86,22,295.0,675.0,0.0
86,23,502.0,272.0,0.0
86,6,297.95459415460186,677.9545941546019,0.0
86,11,474.0,323.0,0.0
86,9,617.0,760.0,0.0
86,14,243.0,448.0,0.0
86,3,432.0,248.0,0.0
86,7,474.0,296.0,0.0
86,25,218.0,451.0,0.0
86,4,497.0,305.0,0.0
86,13,626.0,356.0,0.0
86,15,622.0,267.0,0.0
86,2,388.0,392.0,0.0
86,10,248.0,300.0,0.0
86,18,267.0,261.0,0.0
86,21,514.0,626.0,0.0
87,5,534.0454058453981,267.04540584539814,0.0
87,16,397.04540584539814,684.9545941546019,0.0
87,20,259.04540584539814,636.9545941546019,0.0
87,12,205.04540584539816,253.04540584539816,0.0
87,24,194.04540584539816,546.0454058453981,0.0
87,8,433.04540584539814,430.04540584539814,0.0
87,17,450.04540584539814,432.04540584539814,0.0
87,1,188.04540584539816,463.04540584539814,0.0
87,19,190.04540584539816,482.04540584539814,0.0
87,22,295.95459415460186,675.9545941546019,0.0
87,23,501.04540584539814,271.04540584539814,0.0
87,6,298.0,678.0,0.0
87,11,473.04540584539814,322.04540584539814,0.0
87,9,616.0454058453981,760.9545941546019,0.0
87,14,242.04540584539816,447.04540584539814,0.0
87,3,431.04540584539814,247.04540584539816,0.0
87,7,473.04540584539814,295.04540584539814,0.0
87,25,217.04540584539816,450.04540584539814,0.0
87,4,496.04540584539814,304.04540584539814,0.0
87,13,625.0454058453981,355.04540584539814,0.0
87,15,621.0454058453981,266.04540584539814,0.0
87,2,387.04540584539814,391.04540584539814,0.0
87,10,247.04540584539816,299.04540584539814,0.0
87,18,266.04540584539814,260.04540584539814,0.0
87,21,513.0454058453981,626.9545941546019,0.0
88,5,534.0,267.0,0.0
88,16,397.0,685.0,0.0
88,20,259.0,637.0,0.0
88,12,205.0,253.0,0.0
88,24,194.0,546.0,0.0
88,8,433.0,430.0,0.0
88,17,450.0,432.0,0.0
88,1,188.0,463.0,0.0
88,19,190.0,482.0,0.0
88,22,296.0,676.0,0.0
88,23,501.0,271.0,0.0
88,6,298.95459415460186,678.9545941546019,0.0
88,11,473.0,322.0,0.0
88,9,616.0,761.0,0.0
88,14,242.0,447.0,0.0
88,3,431.0,247.0,0.0
88,7,473.0,295.0,0.0
88,25,217.0,450.0,0.0
88,4,496.0,304.0,0.0
88,13,625.0,355.0,0.0
88,15,621.0,266.0,0.0
88,2,387.0,391.0,0.0
88,10,247.0,299.0,0.0
88,18,266.0,260.0,0.0
88,21,513.0,627.0,0.0
89,5,533.0454058453981,266.04540584539814,0.0
89,16,396.04540584539814,685.9545941546019,0.0
89,20,258.04540584539814,637.9545941546019,0.0
89,12,204.04540584539816,252.04540584539816,0.0
89,24,193.04540584539816,545.0454058453981,0.0
89,8,432.04540584539814,429.04540584539814,0.0
89,17,449.04540584539814,431.04540584539814,0.0
89,1,187.04540584539816,462.04540584539814,0.0
89,19,189.04540584539816,481.04540584539814,0.0
89,22,296.95459415460186,676.9545941546019,0.0
89,23,500.04540584539814,270.04540584539814,0.0
89,6,299.0,679.0,0.0
89,11,472.04540584539814,321.04540584539814,0.0
89,9,615.0454058453981,761.9545941546019,0.0
89,14,241.04540584539816,446.04540584539814,0.0
89,3,430.04540584539814,246.04540584539816,0.0
89,7,472.04540584539814,294.04540584539814,0.0
89,25,216.04540584539816,449.04540584539814,0.0
89,4,495.04540584539814,303.04540584539814,0.0
89,13,624.0454058453981,354.04540584539814,0.0
89,15,620.0454058453981,265.04540584539814,0.0
89,2,386.04540584539814,390.04540584539814,0.0
89,10,246.04540584539816,298.04540584539814,0.0
89,18,265.04540584539814,259.04540584539814,0.0
89,21,512.0454058453981,627.9545941546019,0.0
90,5,533.0,266.0,0.0
90,16,396.0,686.0,0.0
90,20,258.0,638.0,0.0
90,12,204.0,252.0,0.0
90,24,193.0,545.0,0.0
90,8,432.0,429.0,0.0
90,17,449.0,431.0,0.0
90,1,187.0,462.0,0.0
90,19,189.0,481.0,0.0
90,22,297.0,677.0,0.0
90,23,500.0,270.0,0.0
90,6,299.95459415460186,679.9545941546019,0.0
90,11,472.0,321.0,0.0
90,9,615.0,762.0,0.0
90,14,241.0,446.0,0.0
90,3,430.0,246.0,0.0
90,7,472.0,294.0,0.0
90,25,216.0,449.0,0.0
90,4,495.0,303.0,0.0
90,13,624.0,354.0,0.0
90,15,620.0,265.0,0.0
90,2,386.0,390.0,0.0
90,10,246.0,298.0,0.0
90,18,265.0,259.0,0.0
90,21,512.0,628.0,0.0
91,5,532.0454058453981,265.04540584539814,0.0
91,16,395.04540584539814,686.9545941546019,0.0
91,20,258.95459415460186,638.9545941546019,0.0
91,12,203.04540584539816,251.04540584539816,0.0
91,24,192.04540584539816,544.0454058453981,0.0
91,8,431.04540584539814,428.04540584539814,0.0
91,17,448.04540584539814,430.04540584539814,0.0
91,1,186.04540584539816,461.04540584539814,0.0
91,19,188.04540584539816,480.04540584539814,0.0
91,22,297.95459415460186,677.9545941546019,0.0
91,23,499.04540584539814,269.04540584539814,0.0
91,6,300.0,680.0,0.0
91,11,471.04540584539814,320.04540584539814,0.0
91,9,614.0454058453981,762.9545941546019,0.0
91,14,240.04540584539816,445.04540584539814,0.0
91,3,429.04540584539814,245.04540584539816,0.0
91,7,471.04540584539814,293.04540584539814,0.0
91,25,215.04540584539816,448.04540584539814,0.0
91,4,494.04540584539814,302.04540584539814,0.0
91,13,623.0454058453981,353.04540584539814,0.0
91,15,619.0454058453981,264.04540584539814,0.0
91,2,385.04540584539814,389.04540584539814,0.0
91,10,245.04540584539816,297.04540584539814,0.0
91,18,264.04540584539814,258.04540584539814,0.0
91,21,511.04540584539814,628.9545941546019,0.0
92,5,532.0,265.0,0.0
92,16,395.0,687.0,0.0
92,20,259.0,639.0,0.0
92,12,203.0,251.0,0.0
92,24,192.0,544.0,0.0
92,8,431.0,428.0,0.0
92,17,448.0,430.0,0.0
92,1,186.0,461.0,0.0
92,19,188.0,480.0,0.0
92,22,298.0,678.0,0.0
92,23,499.0,269.0,0.0
92,6,300.95459415460186,680.9545941546019,0.0
92,11,471.0,320.0,0.0
92,9,614.0,763.0,0.0
92,14,240.0,445.0,0.0
92,3,429.0,245.0,0.0
92,7,471.0,293.0,0.0
92,25,215.0,448.0,0.0
92,4,494.0,302.0,0.0
92,13,623.0,353.0,0.0
92,15,619.0,264.0,0.0
92,2,385.0,389.0,0.0
92,10,245.0,297.0,0.0
92,18,264.0,258.0,0.0
92,21,511.0,629.0,0.0
93,5,531.0454058453981,264.04540584539814,0.0
93,16,394.04540584539814,687.9545941546019,0.0
93,20,259.95459415460186,639.9545941546019,0.0
93,12,202.04540584539816,250.04540584539816,0.0
93,24,191.04540584539816,543.0454058453981,0.0
93,8,430.04540584539814,427.04540584539814,0.0
93,17,447.04540584539814,429.04540584539814,0.0
93,1,185.04540584539816,460.04540584539814,0.0
93,19,187.04540584539816,479.04540584539814,0.0
93,22,298.95459415460186,678.9545941546019,0.0
93,23,498.04540584539814,268.04540584539814,0.0
93,6,301.0,681.0,0.0
93,11,470.04540584539814,319.04540584539814,0.0
93,9,613.0454058453981,763.9545941546019,0.0
93,14,239.04540584539816,444.04540584539814,0.0
93,3,428.04540584539814,244.04540584539816,0.0
93,7,470.04540584539814,292.04540584539814,0.0
93,25,214.04540584539816,447.04540584539814,0.0
93,4,493.04540584539814,301.04540584539814,0.0
93,13,622.0454058453981,352.04540584539814,0.0
93,15,618.0454058453981,263.04540584539814,0.0
93,2,384.04540584539814,388.04540584539814,0.0
93,10,244.04540584539816,296.04540584539814,0.0
93,18,263.04540584539814,257.04540584539814,0.0
93,21,510.04540584539814,629.9545941546019,0.0
94,5,531.0,264.0,0.0
94,16,394.0,688.0,0.0
94,20,260.0,640.0,0.0
94,12,202.0,250.0,0.0
94,24,191.0,543.0,0.0
94,8,430.0,427.0,0.0
94,17,447.0,429.0,0.0
94,1,185.0,460.0,0.0
94,19,187.0,479.0,0.0
94,22,299.0,679.0,0.0
94,23,498.0,268.0,0.0
94,6,301.95459415460186,681.9545941546019,0.0
94,11,470.0,319.0,0.0
94,9,613.0,764.0,0.0
94,14,239.0,444.0,0.0
94,3,428.0,244.0,0.0
94,7,470.0,292.0,0.0
94,25,214.0,447.0,0.0
94,4,493.0,301.0,0.0
94,13,622.0,352.0,0.0
94,15,618.0,263.0,0.0
94,2,384.0,388.0,0.0
94,10,244.0,296.0,0.0
94,18,263.0,257.0,0.0
94,21,510.0,630.0,0.0
95,5,530.0454058453981,263.04540584539814,0.0
95,16,393.04540584539814,688.9545941546019,0.0
95,20,260.95459415460186,640.9545941546019,0.0
95,12,201.04540584539816,249.04540584539816,0.0
95,24,190.04540584539816,542.0454058453981,0.0
95,8,429.04540584539814,426.04540584539814,0.0
95,17,446.04540584539814,428.04540584539814,0.0
95,1,184.04540584539816,459.04540584539814,0.0
95,19,186.04540584539816,478.04540584539814,0.0
95,22,299.95459415460186,679.9545941546019,0.0
95,23,497.04540584539814,267.04540584539814,0.0
95,6,302.0,682.0,0.0
95,11,469.04540584539814,318.04540584539814,0.0
95,9,612.0454058453981,764.9545941546019,0.0
95,14,238.04540584539816,443.04540584539814,0.0
95,3,427.04540584539814,243.04540584539816,0.0
95,7,469.04540584539814,291.04540584539814,0.0
95,25,213.04540584539816,446.04540584539814,0.0
95,4,492.04540584539814,300.04540584539814,0.0
95,13,621.0454058453981,351.04540584539814,0.0
95,15,617.0454058453981,262.04540584539814,0.0
95,2,383.04540584539814,387.04540584539814,0.0
95,10,243.04540584539816,295.04540584539814,0.0
95,18,262.04540584539814,256.04540584539814,0.0
95,21,509.04540584539814,630.9545941546019,0.0
96,5,530.0,263.0,0.0
96,16,393.0,689.0,0.0
96,20,261.0,641.0,0.0
96,12,201.0,249.0,0.0
96,24,190.0,542.0,0.0
96,8,429.0,426.0,0.0
96,17,446.0,428.0,0.0
96,1,184.0,459.0,0.0
96,19,186.0,478.0,0.0
96,22,300.0,680.0,0.0
96,23,497.0,267.0,0.0
96,6,302.95459415460186,682.9545941546019,0.0
96,11,469.0,318.0,0.0
96,9,612.0,765.0,0.0
96,14,238.0,443.0,0.0
96,3,427.0,243.0,0.0
96,7,469.0,291.0,0.0
96,25,213.0,446.0,0.0
96,4,492.0,300.0,0.0
96,13,621.0,351.0,0.0
96,15,617.0,262.0,0.0
96,2,383.0,387.0,0.0
96,10,243.0,295.0,0.0
96,18,262.0,256.0,0.0
96,21,509.0,631.0,0.0
97,5,529.0454058453981,262.04540584539814,0.0
97,16,392.04540584539814,689.9545941546019,0.0
97,20,261.95459415460186,641.9545941546019,0.0
97,12,200.04540584539816,248.04540584539816,0.0
97,24,189.04540584539816,541.0454058453981,0.0
97,8,428.04540584539814,425.04540584539814,0.0
97,17,445.04540584539814,427.04540584539814,0.0
97,1,183.04540584539816,458.04540584539814,0.0
97,19,185.04540584539816,477.04540584539814,0.0
97,22,300.95459415460186,680.9545941546019,0.0
97,23,496.04540584539814,266.04540584539814,0.0
97,6,303.0,683.0,0.0
97,11,468.04540584539814,317.04540584539814,0.0
97,9,611.0454058453981,765.9545941546019,0.0
97,14,237.04540584539816,442.04540584539814,0.0
97,3,426.04540584539814,242.04540584539816,0.0
97,7,468.04540584539814,290.04540584539814,0.0
97,25,212.04540584539816,445.04540584539814,0.0
97,4,491.04540584539814,299.04540584539814,0.0
97,13,620.0454058453981,350.04540584539814,0.0
97,15,616.0454058453981,261.04540584539814,0.0
97,2,382.04540584539814,386.04540584539814,0.0
97,10,242.04540584539816,294.04540584539814,0.0
97,18,261.04540584539814,255.04540584539816,0.0
97,21,508.04540584539814,631.9545941546019,0.0
98,5,529.0,262.0,0.0
98,16,392.0,690.0,0.0
98,20,262.0,642.0,0.0
98,12,200.0,248.0,0.0
98,24,189.0,541.0,0.0
98,8,428.0,425.0,0.0
98,17,445.0,427.0,0.0
98,1,183.0,458.0,0.0
98,19,185.0,477.0,0.0
98,22,301.0,681.0,0.0
98,23,496.0,266.0,0.0
98,6,303.95459415460186,683.9545941546019,0.0
98,11,468.0,317.0,0.0
98,9,611.0,766.0,0.0
98,14,237.0,442.0,0.0
98,3,426.0,242.0,0.0
98,7,468.0,290.0,0.0
98,25,212.0,445.0,0.0
98,4,491.0,299.0,0.0
98,13,620.0,350.0,0.0
98,15,616.0,261.0,0.0
98,2,382.0,386.0,0.0
98,10,242.0,294.0,0.0
98,18,261.0,255.0,0.0
98,21,508.0,632.0,0.0
99,5,528.0454058453981,261.04540584539814,0.0
99,16,391.04540584539814,690.9545941546019,0.0
99,20,262.95459415460186,642.9545941546019,0.0
99,12,199.04540584539816,247.04540584539816,0.0
99,24,188.04540584539816,540.0454058453981,0.0
99,8,427.04540584539814,424.04540584539814,0.0
99,17,444.04540584539814,426.04540584539814,0.0
99,1,182.04540584539816,457.04540584539814,0.0
99,19,184.04540584539816,476.04540584539814,0.0
99,22,301.95459415460186,681.9545941546019,0.0
99,23,495.04540584539814,265.04540584539814,0.0
99,6,304.0,684.0,0.0
99,11,467.04540584539814,316.04540584539814,0.0
99,9,610.0454058453981,766.9545941546019,0.0
99,14,236.04540584539816,441.04540584539814,0.0
99,3,425.04540584539814,241.04540584539816,0.0
99,7,467.04540584539814,289.04540584539814,0.0
99,25,211.04540584539816,444.04540584539814,0.0
99,4,490.04540584539814,298.04540584539814,0.0
99,13,619.0454058453981,349.04540584539814,0.0
99,15,615.0454058453981,260.04540584539814,0.0
99,2,381.04540584539814,385.04540584539814,0.0
99,10,241.04540584539816,293.04540584539814,0.0
99,18,260.04540584539814,254.04540584539816,0.0
99,21,507.04540584539814,632.9545941546019,0.0
100,5,528.0,261.0,0.0
100,16,391.0,691.0,0.0
100,20,263.0,643.0,0.0
100,12,199.0,247.0,0.0
100,24,188.0,540.0,0.0
100,8,427.0,424.0,0.0
100,17,444.0,426.0,0.0
100,1,182.0,457.0,0.0
100,19,184.0,476.0,0.0
100,22,302.0,682.0,0.0
100,23,495.0,265.0,0.0
100,6,304.95459415460186,684.9545941546019,0.0
100,11,467.0,316.0,0.0
100,9,610.0,767.0,0.0
100,14,236.0,441.0,0.0
100,3,425.0,241.0,0.0
100,7,467.0,289.0,0.0
100,25,211.0,444.0,0.0
100,4,490.0,298.0,0.0
100,13,619.0,349.0,0.0
100,15,615.0,260.0,0.0
100,2,381.0,385.0,0.0
100,10,241.0,293.0,0.0
100,18,260.0,254.0,0.0
100,21,507.0,633.0,0.0
101,5,527.0454058453981,260.04540584539814,0.0
101,16,390.04540584539814,691.9545941546019,0.0
101,20,263.95459415460186,643.9545941546019,0.0
101,12,198.04540584539816,246.04540584539816,0.0
101,24,187.04540584539816,539.0454058453981,0.0
101,8,426.04540584539814,423.04540584539814,0.0
101,17,443.04540584539814,425.04540584539814,0.0
101,1,181.04540584539816,456.04540584539814,0.0
101,19,183.04540584539816,475.04540584539814,0.0
101,22,302.95459415460186,682.9545941546019,0.0
101,23,494.04540584539814,264.04540584539814,0.0
101,6,305.0,685.0,0.0
101,11,466.04540584539814,315.04540584539814,0.0
101,9,609.0454058453981,767.9545941546019,0.0
101,14,235.04540584539816,440.04540584539814,0.0
101,3,424.04540584539814,240.04540584539816,0.0
101,7,466.04540584539814,288.04540584539814,0.0
101,25,210.04540584539816,443.04540584539814,0.0
101,4,489.04540584539814,297.04540584539814,0.0
101,13,618.0454058453981,348.04540584539814,0.0
101,15,614.0454058453981,259.04540584539814,0.0
101,2,380.04540584539814,384.04540584539814,0.0
101,10,240.04540584539816,292.04540584539814,0.0
101,18,259.04540584539814,253.04540584539816,0.0
101,21,506.04540584539814,633.9545941546019,0.0
102,5,527.0,260.0,0.0
102,16,390.0,692.0,0.0
102,20,264.0,644.0,0.0
102,12,198.0,246.0,0.0
102,24,187.0,539.0,0.0
102,8,426.0,423.0,0.0
102,17,443.0,425.0,0.0
102,1,181.0,456.0,0.0
102,19,183.0,475.0,0.0
102,22,303.0,683.0,0.0
102,23,494.0,264.0,0.0
102,6,305.95459415460186,685.9545941546019,0.0
102,11,466.0,315.0,0.0
102,9,609.0,768.0,0.0
102,14,235.0,440.0,0.0
102,3,424.0,240.0,0.0
102,7,466.0,288.0,0.0
102,25,210.0,443.0,0.0
102,4,489.0,297.0,0.0
102,13,618.0,348.0,0.0
102,15,614.0,259.0,0.0
102,2,380.0,384.0,0.0
102,10,240.0,292.0,0.0
102,18,259.0,253.0,0.0
102,21,506.0,634.0,0.0
103,5,526.0454058453981,259.04540584539814,0.0
103,16,389.04540584539814,692.9545941546019,0.0
103,20,264.95459415460186,644.9545941546019,0.0
103,12,197.04540584539816,245.04540584539816,0.0
103,24,186.04540584539816,538.0454058453981,0.0
103,8,425.04540584539814,422.04540584539814,0.0
103,17,442.04540584539814,424.04540584539814,0.0
103,1,180.04540584539816,455.04540584539814,0.0
103,19,182.04540584539816,474.04540584539814,0.0
103,22,303.95459415460186,683.9545941546019,0.0
103,23,493.04540584539814,263.04540584539814,0.0
103,6,306.0,686.0,0.0
103,11,465.04540584539814,314.04540584539814,0.0
103,9,608.0454058453981,768.9545941546019,0.0
103,14,234.04540584539816,439.04540584539814,0.0
103,3,423.04540584539814,239.04540584539816,0.0
103,7,465.04540584539814,287.04540584539814,0.0
103,25,209.04540584539816,442.04540584539814,0.0
103,4,488.04540584539814,296.04540584539814,0.0
103,13,617.0454058453981,347.04540584539814,0.0
103,15,613.0454058453981,258.04540584539814,0.0
103,2,379.04540584539814,383.04540584539814,0.0
103,10,239.04540584539816,291.04540584539814,0.0
103,18,258.04540584539814,252.04540584539816,0.0
103,21,505.04540584539814,634.9545941546019,0.0
104,5,526.0,259.0,0.0
104,16,389.0,693.0,0.0
104,20,265.0,645.0,0.0
104,12,197.0,245.0,0.0
104,24,186.0,538.0,0.0
104,8,425.0,422.0,0.0
104,17,442.0,424.0,0.0
104,1,180.0,455.0,0.0
104,19,182.0,474.0,0.0
104,22,304.0,684.0,0.0
104,23,493.0,263.0,0.0
104,6,306.95459415460186,686.9545941546019,0.0
104,11,465.0,314.0,0.0
104,9,608.0,769.0,0.0
104,14,234.0,439.0,0.0
104,3,423.0,239.0,0.0
104,7,465.0,287.0,0.0
104,25,209.0,442.0,0.0
104,4,488.0,296.0,0.0
104,13,617.0,347.0,0.0
104,15,613.0,258.0,0.0
104,2,379.0,383.0,0.0
104,10,239.0,291.0,0.0
104,18,258.0,252.0,0.0
104,21,505.0,635.0,0.0
105,5,525.0454058453981,258.04540584539814,0.0
105,16,388.04540584539814,693.9545941546019,0.0
105,20,265.95459415460186,645.9545941546019,0.0
105,12,196.04540584539816,244.04540584539816,0.0
105,24,185.04540584539816,537.0454058453981,0.0
105,8,424.04540584539814,421.04540584539814,0.0
105,17,441.04540584539814,423.04540584539814,0.0
105,1,179.04540584539816,454.04540584539814,0.0
105,19,181.04540584539816,473.04540584539814,0.0
105,22,304.95459415460186,684.9545941546019,0.0
105,23,492.04540584539814,262.04540584539814,0.0
105,6,307.0,687.0,0.0
105,11,464.04540584539814,313.04540584539814,0.0
105,9,607.0454058453981,769.9545941546019,0.0
105,14,233.04540584539816,438.04540584539814,0.0
105,3,422.04540584539814,238.04540584539816,0.0
105,7,464.04540584539814,286.04540584539814,0.0
105,25,208.04540584539816,441.04540584539814,0.0
105,4,487.04540584539814,295.04540584539814,0.0
105,13,616.0454058453981,346.04540584539814,0.0
105,15,612.0454058453981,257.04540584539814,0.0
105,2,378.04540584539814,382.04540584539814,0.0
105,10,238.04540584539816,290.04540584539814,0.0
105,18,257.04540584539814,251.04540584539816,0.0
105,21,504.04540584539814,635.9545941546019,0.0
106,5,525.0,258.0,0.0
106,16,388.0,694.0,0.0
106,20,266.0,646.0,0.0
106,12,196.0,244.0,0.0
106,24,185.0,537.0,0.0
106,8,424.0,421.0,0.0
106,17,441.0,423.0,0.0
106,1,179.0,454.0,0.0
106,19,181.0,473.0,0.0
106,22,305.0,685.0,0.0
106,23,492.0,262.0,0.0
106,6,307.95459415460186,687.9545941546019,0.0
106,11,464.0,313.0,0.0
106,9,607.0,770.0,0.0
106,14,233.0,438.0,0.0
106,3,422.0,238.0,0.0
106,7,464.0,286.0,0.0
106,25,208.0,441.0,0.0
106,4,487.0,295.0,0.0
106,13,616.0,346.0,0.0
106,15,612.0,257.0,0.0
106,2,378.0,382.0,0.0
106,10,238.0,290.0,0.0
106,18,257.0,251.0,0.0
106,21,504.0,636.0,0.0
107,5,524.0454058453981,257.04540584539814,0.0
107,16,387.04540584539814,694.9545941546019,0.0
107,20,266.95459415460186,646.9545941546019,0.0
107,12,195.04540584539816,243.04540584539816,0.0
107,24,184.04540584539816,536.0454058453981,0.0
107,8,423.04540584539814,420.04540584539814,0.0
107,17,440.04540584539814,422.04540584539814,0.0
107,1,178.04540584539816,453.04540584539814,0.0
107,19,180.04540584539816,472.04540584539814,0.0
107,22,305.95459415460186,685.9545941546019,0.0
107,23,491.04540584539814,261.04540584539814,0.0
107,6,308.0,688.0,0.0
107,11,463.04540584539814,312.04540584539814,0.0
107,9,606.0454058453981,770.9545941546019,0.0
107,14,232.04540584539816,437.04540584539814,0.0
107,3,421.04540584539814,237.04540584539816,0.0
107,7,463.04540584539814,285.04540584539814,0.0
107,25,207.04540584539816,440.04540584539814,0.0
107,4,486.04540584539814,294.04540584539814,0.0
107,13,615.0454058453981,345.04540584539814,0.0
107,15,611.0454058453981,256.04540584539814,0.0
107,2,377.04540584539814,381.04540584539814,0.0
107,10,237.04540584539816,289.04540584539814,0.0
107,18,256.04540584539814,250.04540584539816,0.0
107,21,503.04540584539814,636.9545941546019,0.0
108,5,524.0,257.0,0.0
108,16,387.0,695.0,0.0
108,20,267.0,647.0,0.0
108,12,195.0,243.0,0.0
108,24,184.0,536.0,0.0
108,8,423.0,420.0,0.0
108,17,440.0,422.0,0.0
108,1,178.0,453.0,0.0
108,19,180.0,472.0,0.0
108,22,306.0,686.0,0.0
108,23,491.0,261.0,0.0
108,6,308.95459415460186,688.9545941546019,0.0
108,11,463.0,312.0,0.0
108,9,606.0,771.0,0.0
108,14,232.0,437.0,0.0
108,3,421.0,237.0,0.0
108,7,463.0,285.0,0.0
108,25,207.0,440.0,0.0
108,4,486.0,294.0,0.0
108,13,615.0,345.0,0.0
108,15,611.0,256.0,0.0
108,2,377.0,381.0,0.0
108,10,237.0,289.0,0.0
108,18,256.0,250.0,0.0
108,21,503.0,637.0,0.0
109,5,523.0454058453981,256.04540584539814,0.0
109,16,386.04540584539814,695.9545941546019,0.0
109,20,267.95459415460186,647.9545941546019,0.0
109,12,194.04540584539816,242.04540584539816,0.0
109,24,183.04540584539816,535.0454058453981,0.0
109,8,422.04540584539814,419.04540584539814,0.0
109,17,439.04540584539814,421.04540584539814,0.0
109,1,177.04540584539816,452.04540584539814,0.0
109,19,179.04540584539816,471.04540584539814,0.0
109,22,306.95459415460186,686.9545941546019,0.0
109,23,490.04540584539814,260.04540584539814,0.0
109,6,309.0,689.0,0.0
109,11,462.04540584539814,311.04540584539814,0.0
109,9,605.0454058453981,771.9545941546019,0.0
109,14,231.04540584539816,436.04540584539814,0.0
109,3,420.04540584539814,236.04540584539816,0.0
109,7,462.04540584539814,284.04540584539814,0.0
109,25,206.04540584539816,439.04540584539814,0.0
109,4,485.04540584539814,293.04540584539814,0.0
109,13,614.0454058453981,344.04540584539814,0.0
109,15,610.0454058453981,255.04540584539816,0.0
109,2,376.04540584539814,380.04540584539814,0.0
109,10,236.04540584539816,288.04540584539814,0.0
109,18,255.04540584539816,249.04540584539816,0.0
109,21,502.04540584539814,637.9545941546019,0.0
110,5,523.0,256.0,0.0
110,16,386.0,696.0,0.0
110,20,268.0,648.0,0.0
110,12,194.0,242.0,0.0
110,24,183.0,535.0,0.0
110,8,422.0,419.0,0.0
110,17,439.0,421.0,0.0
110,1,177.0,452.0,0.0
110,19,179.0,471.0,0.0
110,22,307.0,687.0,0.0
110,23,490.0,260.0,0.0
110,6,309.95459415460186,689.9545941546019,0.0
110,11,462.0,311.0,0.0
110,9,605.0,772.0,0.0
110,14,231.0,436.0,0.0
110,3,420.0,236.0,0.0
110,7,462.0,284.0,0.0
110,25,206.0,439.0,0.0
110,4,485.0,293.0,0.0
110,13,614.0,344.0,0.0
110,15,610.0,255.0,0.0
110,2,376.0,380.0,0.0
110,10,236.0,288.0,0.0
110,18,255.0,249.0,0.0
110,21,502.0,638.0,0.0
111,5,522.0454058453981,255.04540584539816,0.0
111,16,385.04540584539814,696.9545941546019,0.0
111,20,268.95459415460186,648.9545941546019,0.0
111,12,193.04540584539816,241.04540584539816,0.0
111,24,182.04540584539816,534.0454058453981,0.0
111,8,421.04540584539814,418.04540584539814,0.0
111,17,438.04540584539814,420.04540584539814,0.0
111,1,176.04540584539816,451.04540584539814,0.0
111,19,178.04540584539816,470.04540584539814,0.0
111,22,307.95459415460186,687.9545941546019,0.0
111,23,489.04540584539814,259.04540584539814,0.0
111,6,310.0,690.0,0.0
111,11,461.04540584539814,310.04540584539814,0.0
111,9,604.0454058453981,772.9545941546019,0.0
111,14,230.04540584539816,435.04540584539814,0.0
111,3,419.04540584539814,235.04540584539816,0.0
111,7,461.04540584539814,283.04540584539814,0.0
111,25,205.04540584539816,438.04540584539814,0.0
111,4,484.04540584539814,292.04540584539814,0.0
111,13,613.0454058453981,343.04540584539814,0.0
111,15,609.0454058453981,254.04540584539816,0.0
111,2,375.04540584539814,379.04540584539814,0.0
111,10,235.04540584539816,287.04540584539814,0.0
111,18,254.04540584539816,248.04540584539816,0.0
111,21,501.04540584539814,638.9545941546019,0.0
112,5,522.0,255.0,0.0
112,16,385.0,697.0,0.0
112,20,269.0,649.0,0.0
112,12,193.0,241.0,0.0
112,24,182.0,534.0,0.0
112,8,421.0,418.0,0.0
112,17,438.0,420.0,0.0
112,1,176.0,451.0,0.0
112,19,178.0,470.0,0.0
112,22,308.0,688.0,0.0
112,23,489.0,259.0,0.0
112,6,310.95459415460186,690.9545941546019,0.0
112,11,461.0,310.0,0.0
112,9,604.0,773.0,0.0
112,14,230.0,435.0,0.0
112,3,419.0,235.0,0.0
112,7,461.0,283.0,0.0
112,25,205.0,438.0,0.0
112,4,484.0,292.0,0.0
112,13,613.0,343.0,0.0
112,15,609.0,254.0,0.0
112,2,375.0,379.0,0.0
112,10,235.0,287.0,0.0
112,18,254.0,248.0,0.0
112,21,501.0,639.0,0.0
113,5,521.0454058453981,254.04540584539816,0.0
113,16,384.04540584539814,697.9545941546019,0.0
113,20,269.95459415460186,649.9545941546019,0.0
113,12,192.04540584539816,240.04540584539816,0.0
113,24,181.04540584539816,533.0454058453981,0.0
113,8,420.04540584539814,417.04540584539814,0.0
113,17,437.04540584539814,419.04540584539814,0.0
113,1,175.04540584539816,450.04540584539814,0.0
113,19,177.04540584539816,469.04540584539814,0.0
113,22,308.95459415460186,688.9545941546019,0.0
113,23,488.04540584539814,258.04540584539814,0.0
113,6,311.0,691.0,0.0
113,11,460.04540584539814,309.04540584539814,0.0
113,9,603.0454058453981,773.9545941546019,0.0
113,14,229.04540584539816,434.04540584539814,0.0
113,3,418.04540584539814,234.04540584539816,0.0
113,7,460.04540584539814,282.04540584539814,0.0
113,25,204.04540584539816,437.04540584539814,0.0
113,4,483.04540584539814,291.04540584539814,0.0
113,13,612.0454058453981,342.04540584539814,0.0
113,15,608.0454058453981,253.04540584539816,0.0
113,2,374.04540584539814,378.04540584539814,0.0
113,10,234.04540584539816,286.04540584539814,0.0
113,18,253.04540584539816,247.04540584539816,0.0
113,21,500.04540584539814,639.9545941546019,0.0
114,5,521.0,254.0,0.0
114,16,384.0,698.0,0.0
114,20,270.0,650.0,0.0
114,12,192.0,240.0,0.0
114,24,181.0,533.0,0.0
114,8,420.0,417.0,0.0
114,17,437.0,419.0,0.0
114,1,175.0,450.0,0.0
114,19,177.0,469.0,0.0
114,22,309.0,689.0,0.0
114,23,488.0,258.0,0.0
114,6,311.95459415460186,691.9545941546019,0.0
114,11,460.0,309.0,0.0
114,9,603.0,774.0,0.0
114,14,229.0,434.0,0.0
114,3,418.0,234.0,0.0
114,7,460.0,282.0,0.0
114,25,204.0,437.0,0.0
114,4,483.0,291.0,0.0
114,13,612.0,342.0,0.0
114,15,608.0,253.0,0.0
114,2,374.0,378.0,0.0
114,10,234.0,286.0,0.0
114,18,253.0,247.0,0.0
114,21,500.0,640.0,0.0
115,5,520.0454058453981,253.04540584539816,0.0
115,16,383.04540584539814,698.9545941546019,0.0
115,20,270.95459415460186,650.9545941546019,0.0
115,12,191.04540584539816,239.04540584539816,0.0
115,24,180.04540584539816,532.0454058453981,0.0
115,8,419.04540584539814,416.04540584539814,0.0
115,17,436.04540584539814,418.04540584539814,0.0
115,1,174.04540584539816,449.04540584539814,0.0
115,19,176.04540584539816,468.04540584539814,0.0
115,22,309.95459415460186,689.9545941546019,0.0
115,23,487.04540584539814,257.04540584539814,0.0
115,6,312.0,692.0,0.0
115,11,459.04540584539814,308.04540584539814,0.0
115,9,602.0454058453981,774.9545941546019,0.0
115,14,228.04540584539816,433.04540584539814,0.0
115,3,417.04540584539814,233.04540584539816,0.0
115,7,459.04540584539814,281.04540584539814,0.0
115,25,203.04540584539816,436.04540584539814,0.0
115,4,482.04540584539814,290.04540584539814,0.0
115,13,611.0454058453981,341.04540584539814,0.0
115,15,607.0454058453981,252.04540584539816,0.0
115,2,373.04540584539814,377.04540584539814,0.0
115,10,233.04540584539816,285.04540584539814,0.0
115,18,252.04540584539816,246.04540584539816,0.0
115,21,499.04540584539814,640.9545941546019,0.0
116,5,520.0,253.0,0.0
116,16,383.0,699.0,0.0
116,20,271.0,651.0,0.0
116,12,191.0,239.0,0.0
116,24,180.0,532.0,0.0
116,8,419.0,416.0,0.0
116,17,436.0,418.0,0.0
116,1,174.0,449.0,0.0
116,19,176.0,468.0,0.0
116,22,310.0,690.0,0.0
116,23,487.0,257.0,0.0
116,6,312.95459415460186,692.9545941546019,0.0
116,11,459.0,308.0,0.0
116,9,602.0,775.0,0.0
116,14,228.0,433.0,0.0
116,3,417.0,233.0,0.0
116,7,459.0,281.0,0.0
116,25,203.0,436.0,0.0
116,4,482.0,290.0,0.0
116,13,611.0,341.0,0.0
116,15,607.0,252.0,0.0
116,2,373.0,377.0,0.0
116,10,233.0,285.0,0.0
116,18,252.0,246.0,0.0
116,21,499.0,641.0,0.0
117,5,519.0454058453981,252.04540584539816,0.0
117,16,382.04540584539814,699.9545941546019,0.0
117,20,271.95459415460186,651.9545941546019,0.0
117,12,190.04540584539816,238.04540584539816,0.0
117,24,179.04540584539816,531.0454058453981,0.0
117,8,418.04540584539814,415.04540584539814,0.0
117,17,435.04540584539814,417.04540584539814,0.0
117,1,173.04540584539816,448.04540584539814,0.0
117,19,175.04540584539816,467.04540584539814,0.0
117,22,310.95459415460186,690.9545941546019,0.0
117,23,486.04540584539814,256.04540584539814,0.0
117,6,313.0,693.0,0.0
117,11,458.04540584539814,307.04540584539814,0.0
117,9,601.0454058453981,775.9545941546019,0.0
117,14,227.04540584539816,432.04540584539814,0.0
117,3,416.04540584539814,232.04540584539816,0.0
117,7,458.04540584539814,280.04540584539814,0.0
117,25,202.04540584539816,435.04540584539814,0.0
117,4,481.04540584539814,289.04540584539814,0.0
117,13,610.0454058453981,340.04540584539814,0.0
117,15,606.0454058453981,251.04540584539816,0.0
117,2,372.04540584539814,376.04540584539814,0.0
117,10,232.04540584539816,284.04540584539814,0.0
117,18,251.04540584539816,245.04540584539816,0.0
117,21,498.04540584539814,641.9545941546019,0.0
118,5,519.0,252.0,0.0
118,16,382.0,700.0,0.0
118,20,272.0,652.0,0.0
118,12,190.0,238.0,0.0
118,24,179.0,531.0,0.0
118,8,418.0,415.0,0.0
118,17,435.0,417.0,0.0
118,1,173.0,448.0,0.0
118,19,175.0,467.0,0.0
118,22,311.0,691.0,0.0
118,23,486.0,256.0,0.0
118,6,313.95459415460186,693.9545941546019,0.0
118,11,458.0,307.0,0.0
118,9,601.0,776.0,0.0
118,14,227.0,432.0,0.0
118,3,416.0,232.0,0.0
118,7,458.0,280.0,0.0
118,25,202.0,435.0,0.0
118,4,481.0,289.0,0.0
118,13,610.0,340.0,0.0
118,15,606.0,251.0,0.0
118,2,372.0,376.0,0.0
118,10,232.0,284.0,0.0
118,18,251.0,245.0,0.0
118,21,498.0,642.0,0.0
119,5,518.0454058453981,251.04540584539816,0.0
119,16,381.04540584539814,700.9545941546019,0.0
119,20,272.95459415460186,652.9545941546019,0.0
119,12,189.04540584539816,237.04540584539816,0.0
119,24,178.04540584539816,530.0454058453981,0.0
119,8,417.04540584539814,414.04540584539814,0.0
119,17,434.04540584539814,416.04540584539814,0.0
119,1,172.04540584539816,447.04540584539814,0.0
119,19,174.04540584539816,466.04540584539814,0.0
119,22,311.95459415460186,691.9545941546019,0.0
119,23,485.04540584539814,255.04540584539816,0.0
119,6,314.0,694.0,0.0
119,11,457.04540584539814,306.04540584539814,0.0
119,9,600.0454058453981,776.9545941546019,0.0
119,14,226.04540584539816,431.04540584539814,0.0
119,3,415.04540584539814,231.04540584539816,0.0
119,7,457.04540584539814,279.04540584539814,0.0
119,25,201.04540584539816,434.04540584539814,0.0
119,4,480.04540584539814,288.04540584539814,0.0
119,13,609.0454058453981,339.04540584539814,0.0
119,15,605.0454058453981,250.04540584539816,0.0
119,2,371.04540584539814,375.04540584539814,0.0
119,10,231.04540584539816,283.04540584539814,0.0
119,18,250.04540584539816,244.04540584539816,0.0
119,21,497.04540584539814,642.9545941546019,0.0
120,5,518.0,251.0,0.0
120,16,381.0,701.0,0.0
120,20,273.0,653.0,0.0
120,12,189.0,237.0,0.0
120,24,178.0,530.0,0.0
120,8,417.0,414.0,0.0
120,17,434.0,416.0,0.0
120,1,172.0,447.0,0.0
120,19,174.0,466.0,0.0
120,22,312.0,692.0,0.0
120,23,485.0,255.0,0.0
120,6,314.95459415460186,694.9545941546019,0.0
120,11,457.0,306.0,0.0
120,9,600.0,777.0,0.0
120,14,226.0,431.0,0.0
120,3,415.0,231.0,0.0
120,7,457.0,279.0,0.0
120,25,201.0,434.0,0.0
120,4,480.0,288.0,0.0
120,13,609.0,339.0,0.0
120,15,605.0,250.0,0.0
120,2,371.0,375.0,0.0
120,10,231.0,283.0,0.0
120,18,250.0,244.0,0.0
120,21,497.0,643.0,0.0
121,5,517.0454058453981,250.04540584539816,0.0
121,16,380.04540584539814,701.9545941546019,0.0
121,20,273.95459415460186,653.9545941546019,0.0
121,12,188.04540584539816,236.04540584539816,0.0
121,24,177.04540584539816,529.0454058453981,0.0
121,8,416.04540584539814,413.04540584539814,0.0
121,17,433.04540584539814,415.04540584539814,0.0
121,1,171.04540584539816,446.04540584539814,0.0
121,19,173.04540584539816,465.04540584539814,0.0
121,22,312.95459415460186,692.9545941546019,0.0
121,23,484.04540584539814,254.04540584539816,0.0
121,6,315.0,695.0,0.0
121,11,456.04540584539814,305.04540584539814,0.0
121,9,599.0454058453981,777.9545941546019,0.0
121,14,225.04540584539816,430.04540584539814,0.0
121,3,414.04540584539814,230.04540584539816,0.0
121,7,456.04540584539814,278.04540584539814,0.0
121,25,200.04540584539816,433.04540584539814,0.0
121,4,479.04540584539814,287.04540584539814,0.0
121,13,608.0454058453981,338.04540584539814,0.0
121,15,604.0454058453981,249.04540584539816,0.0
121,2,370.04540584539814,374.04540584539814,0.0
121,10,230.04540584539816,282.04540584539814,0.0
121,18,249.04540584539816,243.04540584539816,0.0
121,21,496.04540584539814,643.9545941546019,0.0
122,5,517.0,250.0,0.0
122,16,380.0,701.0,0.0
122,20,273.0,653.0,0.0
122,12,188.0,236.0,0.0
122,24,177.0,529.0,0.0
122,8,416.0,413.0,0.0
122,17,433.0,415.0,0.0
122,1,171.0,446.0,0.0
122,19,173.0,465.0,0.0
122,22,312.0,692.0,0.0
122,23,484.0,254.0,0.0
122,6,315.0,695.0,0.0
122,11,456.0,305.0,0.0
122,9,599.0,777.0,0.0
122,14,225.0,430.0,0.0
122,3,414.0,230.0,0.0
122,7,456.0,278.0,0.0
122,25,200.0,433.0,0.0
122,4,479.0,287.0,0.0
122,13,608.0,338.0,0.0
122,15,604.0,249.0,0.0
122,2,370.0,374.0,0.0
122,10,230.0,282.0,0.0
122,18,249.0,243.0,0.0
122,21,496.0,643.0,0.0
123,5,516.0454058453981,249.04540584539816,0.0
123,16,379.04540584539814,701.9545941546019,0.0
123,20,273.0,653.0,0.0
123,12,187.04540584539816,235.04540584539816,0.0
123,24,176.04540584539816,528.0454058453981,0.0
123,8,415.04540584539814,412.04540584539814,0.0
123,17,432.04540584539814,414.04540584539814,0.0
123,1,170.04540584539816,445.04540584539814,0.0
123,19,172.04540584539816,464.04540584539814,0.0
123,22,312.0,692.0,0.0
123,23,483.04540584539814,253.04540584539816,0.0
123,6,315.95459415460186,695.9545941546019,0.0
123,11,455.04540584539814,304.04540584539814,0.0
123,9,598.0454058453981,777.9545941546019,0.0
123,14,224.04540584539816,429.04540584539814,0.0
123,3,413.04540584539814,229.04540584539816,0.0
123,7,455.04540584539814,277.04540584539814,0.0
123,25,199.04540584539816,432.04540584539814,0.0
123,4,478.04540584539814,286.04540584539814,0.0
123,13,607.0454058453981,337.04540584539814,0.0
123,15,603.0454058453981,248.04540584539816,0.0
123,2,369.04540584539814,373.04540584539814,0.0
123,10,229.04540584539816,281.04540584539814,0.0
123,18,248.04540584539816,242.04540584539816,0.0
123,21,495.04540584539814,643.9545941546019,0.0
124,5,516.0,249.0,0.0
124,16,379.0,702.0,0.0
124,20,273.95459415460186,653.9545941546019,0.0
124,12,187.0,235.0,0.0
124,24,176.0,528.0,0.0
124,8,415.0,412.0,0.0
124,17,432.0,414.0,0.0
124,1,170.0,445.0,0.0
124,19,172.0,464.0,0.0
124,22,312.95459415460186,692.9545941546019,0.0
124,23,483.0,253.0,0.0
124,6,316.0,696.0,0.0
124,11,455.0,304.0,0.0
124,9,598.0,778.0,0.0
124,14,224.0,429.0,0.0
124,3,413.0,229.0,0.0
124,7,455.0,277.0,0.0
124,25,199.0,432.0,0.0
124,4,478.0,286.0,0.0
124,13,607.0,337.0,0.0
124,15,603.0,248.0,0.0
124,2,369.0,373.0,0.0
124,10,229.0,281.0,0.0
124,18,248.0,242.0,0.0
124,21,495.0,644.0,0.0
125,5,515.0454058453981,248.04540584539816,0.0
125,16,378.04540584539814,702.9545941546019,0.0
125,20,274.0,654.0,0.0
125,12,186.04540584539816,234.04540584539816,0.0
125,24,175.04540584539816,527.0454058453981,0.0
125,8,414.04540584539814,411.04540584539814,0.0
125,17,431.04540584539814,413.04540584539814,0.0
125,1,169.04540584539816,444.04540584539814,0.0
125,19,171.04540584539816,463.04540584539814,0.0
125,22,313.0,693.0,0.0
125,23,482.04540584539814,252.04540584539816,0.0
125,6,316.95459415460186,696.9545941546019,0.0
125,11,454.04540584539814,303.04540584539814,0.0
125,9,597.0454058453981,778.9545941546019,0.0
125,14,223.04540584539816,428.04540584539814,0.0
125,3,412.04540584539814,228.04540584539816,0.0
125,7,454.04540584539814,276.04540584539814,0.0
125,25,198.04540584539816,431.04540584539814,0.0
125,4,477.04540584539814,285.04540584539814,0.0
125,13,606.0454058453981,336.04540584539814,0.0
125,15,602.0454058453981,247.04540584539816,0.0
125,2,368.04540584539814,372.04540584539814,0.0
125,10,228.04540584539816,280.04540584539814,0.0
125,18,247.04540584539816,241.04540584539816,0.0
125,21,494.04540584539814,644.9545941546019,0.0
126,5,515.0,248.0,0.0
126,16,378.0,703.0,0.0
126,20,274.95459415460186,654.9545941546019,0.0
126,12,186.0,234.0,0.0
126,24,175.0,527.0,0.0
126,8,414.0,411.0,0.0
126,17,431.0,413.0,0.0
126,1,169.0,444.0,0.0
126,19,171.0,463.0,0.0
126,22,313.95459415460186,693.9545941546019,0.0
126,23,482.0,252.0,0.0
126,6,317.0,697.0,0.0
126,11,454.0,303.0,0.0
126,9,597.0,779.0,0.0
126,14,223.0,428.0,0.0
126,3,412.0,228.0,0.0
126,7,454.0,276.0,0.0
126,25,198.0,431.0,0.0
126,4,477.0,285.0,0.0
126,13,606.0,336.0,0.0
126,15,602.0,247.0,0.0
126,2,368.0,372.0,0.0
126,10,228.0,280.0,0.0
126,18,247.0,241.0,0.0
126,21,494.0,645.0,0.0
127,5,514.0454058453981,247.04540584539816,0.0
127,16,377.04540584539814,703.9545941546019,0.0
127,20,275.0,655.0,0.0
127,12,185.04540584539816,233.04540584539816,0.0
127,24,174.04540584539816,526.0454058453981,0.0
127,8,413.04540584539814,410.04540584539814,0.0
127,17,430.04540584539814,412.04540584539814,0.0
127,1,168.04540584539816,443.04540584539814,0.0
127,19,170.04540584539816,462.04540584539814,0.0
127,22,314.0,694.0,0.0
127,23,481.04540584539814,251.04540584539816,0.0
127,6,317.95459415460186,697.9545941546019,0.0
127,11,453.04540584539814,302.04540584539814,0.0
127,9,596.0454058453981,779.9545941546019,0.0
127,14,222.04540584539816,427.04540584539814,0.0
127,3,411.04540584539814,227.04540584539816,0.0
127,7,453.04540584539814,275.04540584539814,0.0
127,25,197.04540584539816,430.04540584539814,0.0
127,4,476.04540584539814,284.04540584539814,0.0
127,13,605.0454058453981,335.04540584539814,0.0
127,15,601.0454058453981,246.04540584539816,0.0
127,2,367.04540584539814,371.04540584539814,0.0
127,10,227.04540584539816,279.04540584539814,0.0
127,18,246.04540584539816,240.04540584539816,0.0
127,21,493.04540584539814,645.9545941546019,0.0
128,5,514.0,247.0,0.0
128,16,377.0,704.0,0.0
128,20,275.95459415460186,655.9545941546019,0.0
128,12,185.0,233.0,0.0
128,24,174.0,526.0,0.0
128,8,413.0,410.0,0.0
128,17,430.0,412.0,0.0
128,1,168.0,443.0,0.0
128,19,170.0,462.0,0.0
128,22,314.95459415460186,694.9545941546019,0.0
128,23,481.0,251.0,0.0
128,6,318.0,698.0,0.0
128,11,453.0,302.0,0.0
128,9,596.0,780.0,0.0
128,14,222.0,427.0,0.0
128,3,411.0,227.0,0.0
128,7,453.0,275.0,0.0
128,25,197.0,430.0,0.0
128,4,476.0,284.0,0.0
128,13,605.0,335.0,0.0
128,15,601.0,246.0,0.0
128,2,367.0,371.0,0.0
128,10,227.0,279.0,0.0
128,18,246.0,240.0,0.0
128,21,493.0,646.0,0.0
129,5,513.0454058453981,246.04540584539816,0.0
129,16,376.04540584539814,704.9545941546019,0.0
129,20,276.0,656.0,0.0
129,12,184.04540584539816,232.04540584539816,0.0
129,24,173.04540584539816,525.0454058453981,0.0
129,8,412.04540584539814,409.04540584539814,0.0
129,17,429.04540584539814,411.04540584539814,0.0
129,1,167.04540584539816,442.04540584539814,0.0
129,19,169.04540584539816,461.04540584539814,0.0
129,22,315.0,695.0,0.0
129,23,480.04540584539814,250.04540584539816,0.0
129,6,318.95459415460186,698.9545941546019,0.0
129,11,452.04540584539814,301.04540584539814,0.0
129,9,595.0454058453981,780.9545941546019,0.0
129,14,221.04540584539816,426.04540584539814,0.0
129,3,410.04540584539814,226.04540584539816,0.0
129,7,452.04540584539814,274.04540584539814,0.0
129,25,196.04540584539816,429.04540584539814,0.0
129,4,475.04540584539814,283.04540584539814,0.0
129,13,604.0454058453981,334.04540584539814,0.0
129,15,600.0454058453981,245.04540584539816,0.0
129,2,366.04540584539814,370.04540584539814,0.0
129,10,226.04540584539816,278.04540584539814,0.0
129,18,245.04540584539816,239.04540584539816,0.0
129,21,492.04540584539814,646.9545941546019,0.0
130,5,513.0,246.0,0.0
130,16,376.0,705.0,0.0
130,20,276.95459415460186,656.9545941546019,0.0
130,12,184.0,232.0,0.0
130,24,173.0,525.0,0.0
130,8,412.0,409.0,0.0
130,17,429.0,411.0,0.0
130,1,167.0,442.0,0.0
130,19,169.0,461.0,0.0
130,22,315.95459415460186,695.9545941546019,0.0
130,23,480.0,250.0,0.0
130,6,319.0,699.0,0.0
130,11,452.0,301.0,0.0
130,9,595.0,781.0,0.0
130,14,221.0,426.0,0.0
130,3,410.0,226.0,0.0
130,7,452.0,274.0,0.0
130,25,196.0,429.0,0.0
130,4,475.0,283.0,0.0
130,13,604.0,334.0,0.0
130,15,600.0,245.0,0.0
130,2,366.0,370.0,0.0
130,10,226.0,278.0,0.0
130,18,245.0,239.0,0.0
130,21,492.0,647.0,0.0
131,5,512.0454058453981,245.04540584539816,0.0
131,16,375.04540584539814,705.9545941546019,0.0
131,20,277.0,657.0,0.0
131,12,183.04540584539816,231.04540584539816,0.0
131,24,172.04540584539816,524.0454058453981,0.0
131,8,411.04540584539814,408.04540584539814,0.0
131,17,428.04540584539814,410.04540584539814,0.0
131,1,166.04540584539816,441.04540584539814,0.0
131,19,168.04540584539816,460.04540584539814,0.0
131,22,316.0,696.0,0.0
131,23,479.04540584539814,249.04540584539816,0.0
131,6,319.95459415460186,699.9545941546019,0.0
131,11,451.04540584539814,300.04540584539814,0.0
131,9,594.0454058453981,781.9545941546019,0.0
131,14,220.04540584539816,425.04540584539814,0.0
131,3,409.04540584539814,225.04540584539816,0.0
131,7,451.04540584539814,273.04540584539814,0.0
131,25,195.04540584539816,428.04540584539814,0.0
131,4,474.04540584539814,282.04540584539814,0.0
131,13,603.0454058453981,333.04540584539814,0.0
131,15,599.0454058453981,244.04540584539816,0.0
131,2,365.04540584539814,369.04540584539814,0.0
131,10,225.04540584539816,277.04540584539814,0.0
131,18,244.04540584539816,238.04540584539816,0.0
131,21,491.04540584539814,647.9545941546019,0.0
132,5,512.0,245.0,0.0
132,16,375.0,706.0,0.0
132,20,277.95459415460186,657.9545941546019,0.0
132,12,183.0,231.0,0.0
132,24,172.0,524.0,0.0
132,8,411.0,408.0,0.0
132,17,428.0,410.0,0.0
132,1,166.0,441.0,0.0
132,19,168.0,460.0,0.0
132,22,316.95459415460186,696.9545941546019,0.0
132,23,479.0,249.0,0.0
132,6,320.0,700.0,0.0
132,11,451.0,300.0,0.0
132,9,594.0,782.0,0.0
132,14,220.0,425.0,0.0
132,3,409.0,225.0,0.0
132,7,451.0,273.0,0.0
132,25,195.0,428.0,0.0
132,4,474.0,282.0,0.0
132,13,603.0,333.0,0.0
132,15,599.0,244.0,0.0
132,2,365.0,369.0,0.0
132,10,225.0,277.0,0.0
132,18,244.0,238.0,0.0
132,21,491.0,648.0,0.0
133,5,511.04540584539814,244.04540584539816,0.0
133,16,374.04540584539814,706.9545941546019,0.0
133,20,278.0,658.0,0.0
133,12,182.04540584539816,230.04540584539816,0.0
133,24,171.04540584539816,523.0454058453981,0.0
133,8,410.04540584539814,407.04540584539814,0.0
133,17,427.04540584539814,409.04540584539814,0.0
133,1,165.04540584539816,440.04540584539814,0.0
133,19,167.04540584539816,459.04540584539814,0.0
133,22,317.0,697.0,0.0
133,23,478.04540584539814,248.04540584539816,0.0
133,6,320.95459415460186,700.9545941546019,0.0
133,11,450.04540584539814,299.04540584539814,0.0
133,9,593.0454058453981,782.9545941546019,0.0
133,14,219.04540584539816,424.04540584539814,0.0
133,3,408.04540584539814,224.04540584539816,0.0
133,7,450.04540584539814,272.04540584539814,0.0
133,25,194.04540584539816,427.04540584539814,0.0
133,4,473.04540584539814,281.04540584539814,0.0
133,13,602.0454058453981,332.04540584539814,0.0
133,15,598.0454058453981,243.04540584539816,0.0
133,2,364.04540584539814,368.04540584539814,0.0
133,10,224.04540584539816,276.04540584539814,0.0
133,18,243.04540584539816,237.04540584539816,0.0
133,21,490.04540584539814,648.9545941546019,0.0
134,5,511.0,244.0,0.0
134,16,374.0,707.0,0.0
134,20,278.95459415460186,658.9545941546019,0.0
134,12,182.0,230.0,0.0
134,24,171.0,523.0,0.0
134,8,410.0,407.0,0.0
134,17,427.0,409.0,0.0
134,1,165.0,440.0,0.0
134,19,167.0,459.0,0.0
134,22,317.95459415460186,697.9545941546019,0.0
134,23,478.0,248.0,0.0
134,6,321.0,701.0,0.0
134,11,450.0,299.0,0.0
134,9,593.0,783.0,0.0
134,14,219.0,424.0,0.0
134,3,408.0,224.0,0.0
134,7,450.0,272.0,0.0
134,25,194.0,427.0,0.0
134,4,473.0,281.0,0.0
134,13,602.0,332.0,0.0
134,15,598.0,243.0,0.0
134,2,364.0,368.0,0.0
134,10,224.0,276.0,0.0
134,18,243.0,237.0,0.0
134,21,490.0,649.0,0.0
135,5,510.04540584539814,243.04540584539816,0.0
135,16,373.04540584539814,707.9545941546019,0.0
135,20,279.0,659.0,0.0
135,12,181.04540584539816,229.04540584539816,0.0
135,24,170.04540584539816,522.0454058453981,0.0
135,8,409.04540584539814,406.04540584539814,0.0
135,17,426.04540584539814,408.04540584539814,0.0
135,1,164.04540584539816,439.04540584539814,0.0
135,19,166.04540584539816,458.04540584539814,0.0
135,22,318.0,698.0,0.0
135,23,477.04540584539814,247.04540584539816,0.0
135,6,321.95459415460186,701.9545941546019,0.0
135,11,449.04540584539814,298.04540584539814,0.0
135,9,592.0454058453981,783.9545941546019,0.0
135,14,218.04540584539816,423.04540584539814,0.0
135,3,407.04540584539814,223.04540584539816,0.0
135,7,449.04540584539814,271.04540584539814,0.0
135,25,193.04540584539816,426.04540584539814,0.0
135,4,472.04540584539814,280.04540584539814,0.0
135,13,601.0454058453981,331.04540584539814,0.0
135,15,597.0454058453981,242.04540584539816,0.0
135,2,363.04540584539814,367.04540584539814,0.0
135,10,223.04540584539816,275.04540584539814,0.0
135,18,242.04540584539816,236.04540584539816,0.0
135,21,489.04540584539814,649.9545941546019,0.0
136,5,510.0,243.0,0.0
136,16,373.0,708.0,0.0
136,20,279.95459415460186,659.9545941546019,0.0
136,12,181.0,229.0,0.0
136,24,170.0,522.0,0.0
136,8,409.0,406.0,0.0
136,17,426.0,408.0,0.0
136,1,164.0,439.0,0.0
136,19,166.0,458.0,0.0
136,22,318.95459415460186,698.9545941546019,0.0
136,23,477.0,247.0,0.0
136,6,322.0,702.0,0.0
136,11,449.0,298.0,0.0
136,9,592.0,784.0,0.0
136,14,218.0,423.0,0.0
136,3,407.0,223.0,0.0
136,7,449.0,271.0,0.0
136,25,193.0,426.0,0.0
136,4,472.0,280.0,0.0
136,13,601.0,331.0,0.0
136,15,597.0,242.0,0.0
136,2,363.0,367.0,0.0
136,10,223.0,275.0,0.0
136,18,242.0,236.0,0.0
136,21,489.0,650.0,0.0
137,5,509.04540584539814,242.04540584539816,0.0
137,16,372.04540584539814,708.9545941546019,0.0
137,20,280.0,660.0,0.0
137,12,180.04540584539816,228.04540584539816,0.0
137,24,169.04540584539816,521.0454058453981,0.0
137,8,408.04540584539814,405.04540584539814,0.0
137,17,425.04540584539814,407.04540584539814,0.0
137,1,163.04540584539816,438.04540584539814,0.0
137,19,165.04540584539816,457.04540584539814,0.0
137,22,319.0,699.0,0.0
137,23,476.04540584539814,246.04540584539816,0.0
137,6,322.95459415460186,702.9545941546019,0.0
137,11,448.04540584539814,297.04540584539814,0.0
137,9,591.0454058453981,784.9545941546019,0.0
137,14,217.04540584539816,422.04540584539814,0.0
137,3,406.04540584539814,222.04540584539816,0.0
137,7,448.04540584539814,270.04540584539814,0.0
137,25,192.04540584539816,425.04540584539814,0.0
137,4,471.04540584539814,279.04540584539814,0.0
137,13,600.0454058453981,330.04540584539814,0.0
137,15,596.0454058453981,241.04540584539816,0.0
137,2,362.04540584539814,366.04540584539814,0.0
137,10,222.04540584539816,274.04540584539814,0.0
137,18,241.04540584539816,235.04540584539816,0.0
137,21,488.04540584539814,650.9545941546019,0.0
138,5,509.0,242.0,0.0
138,16,372.0,709.0,0.0
138,20,280.95459415460186,660.9545941546019,0.0
138,12,180.0,228.0,0.0
138,24,169.0,521.0,0.0
138,8,408.0,405.0,0.0
138,17,425.0,407.0,0.0
138,1,163.0,438.0,0.0
138,19,165.0,457.0,0.0
138,22,319.95459415460186,699.9545941546019,0.0
138,23,476.0,246.0,0.0
138,6,323.0,703.0,0.0
138,11,448.0,297.0,0.0
138,9,591.0,785.0,0.0
138,14,217.0,422.0,0.0
138,3,406.0,222.0,0.0
138,7,448.0,270.0,0.0
138,25,192.0,425.0,0.0
138,4,471.0,279.0,0.0
138,13,600.0,330.0,0.0
138,15,596.0,241.0,0.0
138,2,362.0,366.0,0.0
138,10,222.0,274.0,0.0
138,18,241.0,235.0,0.0
138,21,488.0,651.0,0.0
139,5,508.04540584539814,241.04540584539816,0.0
139,16,371.04540584539814,709.9545941546019,0.0
139,20,281.0,661.0,0.0
139,12,179.04540584539816,227.04540584539816,0.0
139,24,168.04540584539816,520.0454058453981,0.0
139,8,407.04540584539814,404.04540584539814,0.0
139,17,424.04540584539814,406.04540584539814,0.0
139,1,162.04540584539816,437.04540584539814,0.0
139,19,164.04540584539816,456.04540584539814,0.0
139,22,320.0,700.0,0.0
139,23,475.04540584539814,245.04540584539816,0.0
139,6,323.95459415460186,703.9545941546019,0.0
139,11,447.04540584539814,296.04540584539814,0.0
139,9,590.0454058453981,785.9545941546019,0.0
139,14,216.04540584539816,421.04540584539814,0.0
139,3,405.04540584539814,221.04540584539816,0.0
139,7,447.04540584539814,269.04540584539814,0.0
139,25,191.04540584539816,424.04540584539814,0.0
139,4,470.04540584539814,278.04540584539814,0.0
139,13,599.0454058453981,329.04540584539814,0.0
139,15,595.0454058453981,240.04540584539816,0.0
139,2,361.04540584539814,365.04540584539814,0.0
139,10,221.04540584539816,273.04540584539814,0.0
139,18,240.04540584539816,234.04540584539816,0.0
139,21,487.04540584539814,651.9545941546019,0.0
140,5,508.0,241.0,0.0
140,16,371.0,710.0,0.0
140,20,281.95459415460186,661.9545941546019,0.0
140,12,179.0,227.0,0.0
140,24,168.0,520.0,0.0
140,8,407.0,404.0,0.0
140,17,424.0,406.0,0.0
140,1,162.0,437.0,0.0
140,19,164.0,456.0,0.0
140,22,320.95459415460186,700.9545941546019,0.0
140,23,475.0,245.0,0.0
140,6,324.0,704.0,0.0
140,11,447.0,296.0,0.0
140,9,590.0,786.0,0.0
140,14,216.0,421.0,0.0
140,3,405.0,221.0,0.0
140,7,447.0,269.0,0.0
140,25,191.0,424.0,0.0
140,4,470.0,278.0,0.0
140,13,599.0,329.0,0.0
140,15,595.0,240.0,0.0
140,2,361.0,365.0,0.0
140,10,221.0,273.0,0.0
140,18,240.0,234.0,0.0
140,21,487.0,652.0,0.0
141,5,507.04540584539814,240.04540584539816,0.0
141,16,370.04540584539814,710.9545941546019,0.0
141,20,282.0,662.0,0.0
141,12,178.04540584539816,226.04540584539816,0.0
141,24,167.04540584539816,519.0454058453981,0.0
141,8,406.04540584539814,403.04540584539814,0.0
141,17,423.04540584539814,405.04540584539814,0.0
141,1,161.04540584539816,436.04540584539814,0.0
141,19,163.04540584539816,455.04540584539814,0.0
141,22,321.0,701.0,0.0
141,23,474.04540584539814,244.04540584539816,0.0
141,6,324.95459415460186,704.9545941546019,0.0
141,11,446.04540584539814,295.04540584539814,0.0
141,9,589.0454058453981,786.9545941546019,0.0
141,14,215.04540584539816,420.04540584539814,0.0
141,3,404.04540584539814,220.04540584539816,0.0
141,7,446.04540584539814,268.04540584539814,0.0
141,25,190.04540584539816,423.04540584539814,0.0
141,4,469.04540584539814,277.04540584539814,0.0
141,13,598.0454058453981,328.04540584539814,0.0
141,15,594.0454058453981,239.04540584539816,0.0
141,2,360.04540584539814,364.04540584539814,0.0
141,10,220.04540584539816,272.04540584539814,0.0
141,18,239.04540584539816,233.04540584539816,0.0
141,21,486.04540584539814,652.9545941546019,0.0
142,5,507.0,240.0,0.0
142,16,370.0,711.0,0.0
142,20,282.95459415460186,662.9545941546019,0.0
142,12,178.0,226.0,0.0
142,24,167.0,519.0,0.0
142,8,406.0,403.0,0.0
142,17,423.0,405.0,0.0
142,1,161.0,436.0,0.0
142,19,163.0,455.0,0.0
142,22,321.95459415460186,701.9545941546019,0.0
142,23,474.0,244.0,0.0
142,6,325.0,705.0,0.0
142,11,446.0,295.0,0.0
142,9,589.0,787.0,0.0
142,14,215.0,420.0,0.0
142,3,404.0,220.0,0.0
142,7,446.0,268.0,0.0
142,25,190.0,423.0,0.0
142,4,469.0,277.0,0.0
142,13,598.0,328.0,0.0
142,15,594.0,239.0,0.0
142,2,360.0,364.0,0.0
142,10,220.0,272.0,0.0
142,18,239.0,233.0,0.0
142,21,486.0,653.0,0.0
143,5,506.04540584539814,239.04540584539816,0.0
143,16,369.04540584539814,711.9545941546019,0.0
143,20,283.0,663.0,0.0
143,12,177.04540584539816,225.04540584539816,0.0
143,24,166.04540584539816,518.0454058453981,0.0
143,8,405.04540584539814,402.04540584539814,0.0
143,17,422.04540584539814,404.04540584539814,0.0
143,1,160.04540584539816,435.04540584539814,0.0
143,19,162.04540584539816,454.04540584539814,0.0
143,22,322.0,702.0,0.0
143,23,473.04540584539814,243.04540584539816,0.0
143,6,325.95459415460186,705.9545941546019,0.0
143,11,445.04540584539814,294.04540584539814,0.0
143,9,588.0454058453981,787.9545941546019,0.0
143,14,214.04540584539816,419.04540584539814,0.0
143,3,403.04540584539814,219.04540584539816,0.0
143,7,445.04540584539814,267.04540584539814,0.0
143,25,189.04540584539816,422.04540584539814,0.0
143,4,468.04540584539814,276.04540584539814,0.0
143,13,597.0454058453981,327.04540584539814,0.0
143,15,593.0454058453981,238.04540584539816,0.0
143,2,359.04540584539814,363.04540584539814,0.0
143,10,219.04540584539816,271.04540584539814,0.0
143,18,238.04540584539816,232.04540584539816,0.0
143,21,485.04540584539814,653.9545941546019,0.0
144,5,506.0,239.0,0.0
144,16,369.0,712.0,0.0
144,20,283.95459415460186,663.9545941546019,0.0
144,12,177.0,225.0,0.0
144,24,166.0,518.0,0.0
144,8,405.0,402.0,0.0
144,17,422.0,404.0,0.0
144,1,160.0,435.0,0.0
144,19,162.0,454.0,0.0
144,22,322.95459415460186,702.9545941546019,0.0
144,23,473.0,243.0,0.0
144,6,326.0,706.0,0.0
144,11,445.0,294.0,0.0
144,9,588.0,788.0,0.0
144,14,214.0,419.0,0.0
144,3,403.0,219.0,0.0
144,7,445.0,267.0,0.0
144,25,189.0,422.0,0.0
144,4,468.0,276.0,0.0
144,13,597.0,327.0,0.0
144,15,593.0,238.0,0.0
144,2,359.0,363.0,0.0
144,10,219.0,271.0,0.0
144,18,238.0,232.0,0.0
144,21,485.0,654.0,0.0
145,5,505.04540584539814,238.04540584539816,0.0
145,16,368.04540584539814,712.9545941546019,0.0
145,20,284.0,664.0,0.0
145,12,176.04540584539816,224.04540584539816,0.0
145,24,165.04540584539816,517.0454058453981,0.0
145,8,404.04540584539814,401.04540584539814,0.0
145,17,421.04540584539814,403.04540584539814,0.0
145,1,159.04540584539816,434.04540584539814,0.0
145,19,161.04540584539816,453.04540584539814,0.0
145,22,323.0,703.0,0.0
145,23,472.04540584539814,242.04540584539816,0.0
145,6,326.95459415460186,706.9545941546019,0.0
145,11,444.04540584539814,293.04540584539814,0.0
145,9,587.0454058453981,788.9545941546019,0.0
145,14,213.04540584539816,418.04540584539814,0.0
145,3,402.04540584539814,218.04540584539816,0.0
145,7,444.04540584539814,266.04540584539814,0.0
145,25,188.04540584539816,421.04540584539814,0.0
145,4,467.04540584539814,275.04540584539814,0.0
145,13,596.0454058453981,326.04540584539814,0.0
145,15,592.0454058453981,237.04540584539816,0.0
145,2,358.04540584539814,362.04540584539814,0.0
145,10,218.04540584539816,270.04540584539814,0.0
145,18,237.04540584539816,231.04540584539816,0.0
145,21,484.04540584539814,654.9545941546019,0.0
146,5,505.0,238.0,0.0
146,16,368.0,713.0,0.0
146,20,284.95459415460186,664.9545941546019,0.0
146,12,176.0,224.0,0.0
146,24,165.0,517.0,0.0
146,8,404.0,401.0,0.0
146,17,421.0,403.0,0.0
146,1,159.0,434.0,0.0
146,19,161.0,453.0,0.0
146,22,323.95459415460186,703.9545941546019,0.0
146,23,472.0,242.0,0.0
146,6,327.0,707.0,0.0
146,11,444.0,293.0,0.0
146,9,587.0,789.0,0.0
146,14,213.0,418.0,0.0
146,3,402.0,218.0,0.0
146,7,444.0,266.0,0.0
146,25,188.0,421.0,0.0
146,4,467.0,275.0,0.0
146,13,596.0,326.0,0.0
146,15,592.0,237.0,0.0
146,2,358.0,362.0,0.0
146,10,218.0,270.0,0.0
146,18,237.0,231.0,0.0
146,21,484.0,655.0,0.0
147,5,504.04540584539814,237.04540584539816,0.0
147,16,367.04540584539814,713.9545941546019,0.0
147,20,285.0,665.0,0.0
147,12,175.04540584539816,223.04540584539816,0.0
147,24,164.04540584539816,516.0454058453981,0.0
147,8,403.04540584539814,400.04540584539814,0.0
147,17,420.04540584539814,402.04540584539814,0.0
147,1,158.04540584539816,433.04540584539814,0.0
147,19,160.04540584539816,452.04540584539814,0.0
147,22,324.0,704.0,0.0
147,23,471.04540584539814,241.04540584539816,0.0
147,6,327.95459415460186,707.9545941546019,0.0
147,11,443.04540584539814,292.04540584539814,0.0
147,9,586.0454058453981,789.9545941546019,0.0
147,14,212.04540584539816,417.04540584539814,0.0
147,3,401.04540584539814,217.04540584539816,0.0
147,7,443.04540584539814,265.04540584539814,0.0
147,25,187.04540584539816,420.04540584539814,0.0
147,4,466.04540584539814,274.04540584539814,0.0
147,13,595.0454058453981,325.04540584539814,0.0
147,15,591.0454058453981,236.04540584539816,0.0
147,2,357.04540584539814,361.04540584539814,0.0
147,10,217.04540584539816,269.04540584539814,0.0
147,18,236.04540584539816,230.04540584539816,0.0
147,21,483.04540584539814,655.9545941546019,0.0
148,5,504.0,237.0,0.0
148,16,367.0,714.0,0.0
148,20,285.95459415460186,665.9545941546019,0.0
148,12,175.0,223.0,0.0
148,24,164.0,516.0,0.0
148,8,403.0,400.0,0.0
148,17,420.0,402.0,0.0
148,1,158.0,433.0,0.0
148,19,160.0,452.0,0.0
148,22,324.95459415460186,704.9545941546019,0.0
148,23,471.0,241.0,0.0
148,6,328.0,708.0,0.0
148,11,443.0,292.0,0.0
148,9,586.0,790.0,0.0
148,14,212.0,417.0,0.0
148,3,401.0,217.0,0.0
148,7,443.0,265.0,0.0
148,25,187.0,420.0,0.0
148,4,466.0,274.0,0.0
148,13,595.0,325.0,0.0
148,15,591.0,236.0,0.0
148,2,357.0,361.0,0.0
148,10,217.0,269.0,0.0
148,18,236.0,230.0,0.0
148,21,483.0,656.0,0.0
149,5,503.04540584539814,236.04540584539816,0.0
149,16,366.04540584539814,714.9545941546019,0.0
149,20,286.0,666.0,0.0
149,12,174.04540584539816,222.04540584539816,0.0
149,24,163.04540584539816,515.0454058453981,0.0
149,8,402.04540584539814,399.04540584539814,0.0
149,17,419.04540584539814,401.04540584539814,0.0
149,1,157.04540584539816,432.04540584539814,0.0
149,19,159.04540584539816,451.04540584539814,0.0
149,22,325.0,705.0,0.0
149,23,470.04540584539814,240.04540584539816,0.0
149,6,328.95459415460186,708.9545941546019,0.0
149,11,442.04540584539814,291.04540584539814,0.0
149,9,585.0454058453981,790.9545941546019,0.0
149,14,211.04540584539816,416.04540584539814,0.0
149,3,400.04540584539814,216.04540584539816,0.0
149,7,442.04540584539814,264.04540584539814,0.0
149,25,186.04540584539816,419.04540584539814,0.0
149,4,465.04540584539814,273.04540584539814,0.0
149,13,594.0454058453981,324.04540584539814,0.0
149,15,590.0454058453981,235.04540584539816,0.0
149,2,356.04540584539814,360.04540584539814,0.0
149,10,216.04540584539816,268.04540584539814,0.0
149,18,235.04540584539816,229.04540584539816,0.0
149,21,482.04540584539814,656.9545941546019,0.0
150,5,503.0,236.0,0.0
150,16,366.0,715.0,0.0
150,20,286.95459415460186,666.9545941546019,0.0
150,12,174.0,222.0,0.0
150,24,163.0,515.0,0.0
150,8,402.0,399.0,0.0
150,17,419.0,401.0,0.0
150,1,157.0,432.0,0.0
150,19,159.0,451.0,0.0
150,22,325.95459415460186,705.9545941546019,0.0
150,23,470.0,240.0,0.0
150,6,329.0,709.0,0.0
150,11,442.0,291.0,0.0
150,9,585.0,791.0,0.0
150,14,211.0,416.0,0.0
150,3,400.0,216.0,0.0
150,7,442.0,264.0,0.0
150,25,186.0,419.0,0.0
150,4,465.0,273.0,0.0
150,13,594.0,324.0,0.0
150,15,590.0,235.0,0.0
150,2,356.0,360.0,0.0
150,10,216.0,268.0,0.0
150,18,235.0,229.0,0.0
150,21,482.0,657.0,0.0
151,5,502.04540584539814,235.04540584539816,0.0
151,16,365.04540584539814,715.9545941546019,0.0
151,20,287.0,667.0,0.0
151,12,173.04540584539816,221.04540584539816,0.0
151,24,162.04540584539816,514.0454058453981,0.0
151,8,401.04540584539814,398.04540584539814,0.0
151,17,418.04540584539814,400.04540584539814,0.0
151,1,156.04540584539816,431.04540584539814,0.0
151,19,158.04540584539816,450.04540584539814,0.0
151,22,326.0,706.0,0.0
151,23,469.04540584539814,239.04540584539816,0.0
151,6,329.95459415460186,709.9545941546019,0.0
151,11,441.04540584539814,290.04540584539814,0.0
151,9,584.0454058453981,791.9545941546019,0.0
151,14,210.04540584539816,415.04540584539814,0.0
151,3,399.04540584539814,215.04540584539816,0.0
151,7,441.04540584539814,263.04540584539814,0.0
151,25,185.04540584539816,418.04540584539814,0.0
151,4,464.04540584539814,272.04540584539814,0.0
151,13,593.0454058453981,323.04540584539814,0.0
151,15,589.0454058453981,234.04540584539816,0.0
151,2,355.04540584539814,359.04540584539814,0.0
151,10,215.04540584539816,267.04540584539814,0.0
151,18,234.04540584539816,228.04540584539816,0.0
151,21,481.04540584539814,657.9545941546019,0.0
152,5,502.0,235.0,0.0
152,16,365.0,716.0,0.0
152,20,287.95459415460186,667.9545941546019,0.0
152,12,173.0,221.0,0.0
152,24,162.0,514.0,0.0
152,8,401.0,398.0,0.0
152,17,418.0,400.0,0.0
152,1,156.0,431.0,0.0
152,19,158.0,450.0,0.0
152,22,326.95459415460186,706.9545941546019,0.0
152,23,469.0,239.0,0.0
152,6,330.0,710.0,0.0
152,11,441.0,290.0,0.0
152,9,584.0,792.0,0.0
152,14,210.0,415.0,0.0
152,3,399.0,215.0,0.0
152,7,441.0,263.0,0.0
152,25,185.0,418.0,0.0
152,4,464.0,272.0,0.0
152,13,593.0,323.0,0.0
152,15,589.0,234.0,0.0
152,2,355.0,359.0,0.0
152,10,215.0,267.0,0.0
152,18,234.0,228.0,0.0
152,21,481.0,658.0,0.0
153,5,501.04540584539814,234.04540584539816,0.0
153,16,364.04540584539814,716.9545941546019,0.0
153,20,288.0,668.0,0.0
153,12,172.04540584539816,220.04540584539816,0.0
153,24,161.04540584539816,513.0454058453981,0.0
153,8,400.04540584539814,397.04540584539814,0.0
153,17,417.04540584539814,399.04540584539814,0.0
153,1,155.04540584539816,430.04540584539814,0.0
153,19,157.04540584539816,449.04540584539814,0.0
153,22,327.0,707.0,0.0
153,23,468.04540584539814,238.04540584539816,0.0
153,6,330.95459415460186,710.9545941546019,0.0
153,11,440.04540584539814,289.04540584539814,0.0
153,9,583.0454058453981,792.9545941546019,0.0
153,14,209.04540584539816,414.04540584539814,0.0
153,3,398.04540584539814,214.04540584539816,0.0
153,7,440.04540584539814,262.04540584539814,0.0
153,25,184.04540584539816,417.04540584539814,0.0
153,4,463.04540584539814,271.04540584539814,0.0
153,13,592.0454058453981,322.04540584539814,0.0
153,15,588.0454058453981,233.04540584539816,0.0
153,2,354.04540584539814,358.04540584539814,0.0
153,10,214.04540584539816,266.04540584539814,0.0
153,18,233.04540584539816,227.04540584539816,0.0
153,21,480.04540584539814,658.9545941546019,0.0
154,5,501.0,234.0,0.0
154,16,364.0,717.0,0.0
154,20,288.95459415460186,668.9545941546019,0.0
154,12,172.0,220.0,0.0
154,24,161.0,513.0,0.0
154,8,400.0,397.0,0.0
154,17,417.0,399.0,0.0
154,1,155.0,430.0,0.0
154,19,157.0,449.0,0.0
154,22,327.95459415460186,707.9545941546019,0.0
154,23,468.0,238.0,0.0
154,6,331.0,711.0,0.0
154,11,440.0,289.0,0.0
154,9,583.0,793.0,0.0
154,14,209.0,414.0,0.0
154,3,398.0,214.0,0.0
154,7,440.0,262.0,0.0
154,25,184.0,417.0,0.0
154,4,463.0,271.0,0.0
154,13,592.0,322.0,0.0
154,15,588.0,233.0,0.0
154,2,354.0,358.0,0.0
154,10,214.0,266.0,0.0
154,18,233.0,227.0,0.0
154,21,480.0,659.0,0.0
155,5,500.04540584539814,233.04540584539816,0.0
155,16,363.04540584539814,717.9545941546019,0.0
155,20,289.0,669.0,0.0
155,12,171.04540584539816,219.04540584539816,0.0
155,24,160.04540584539816,512.0454058453981,0.0
155,8,399.04540584539814,396.04540584539814,0.0
155,17,416.04540584539814,398.04540584539814,0.0
155,1,154.04540584539816,429.04540584539814,0.0
155,19,156.04540584539816,448.04540584539814,0.0
155,22,328.0,708.0,0.0
155,23,467.04540584539814,237.04540584539816,0.0
155,6,331.95459415460186,711.9545941546019,0.0
155,11,439.04540584539814,288.04540584539814,0.0
155,9,582.0454058453981,793.9545941546019,0.0
155,14,208.04540584539816,413.04540584539814,0.0
155,3,397.04540584539814,213.04540584539816,0.0
155,7,439.04540584539814,261.04540584539814,0.0
155,25,183.04540584539816,416.04540584539814,0.0
155,4,462.04540584539814,270.04540584539814,0.0
155,13,591.0454058453981,321.04540584539814,0.0
155,15,587.0454058453981,232.04540584539816,0.0
155,2,353.04540584539814,357.04540584539814,0.0
155,10,213.04540584539816,265.04540584539814,0.0
155,18,232.04540584539816,226.04540584539816,0.0
155,21,479.04540584539814,659.9545941546019,0.0
156,5,500.0,233.0,0.0
156,16,363.0,718.0,0.0
156,20,289.95459415460186,669.9545941546019,0.0
156,12,171.0,219.0,0.0
156,24,160.0,512.0,0.0
156,8,399.0,396.0,0.0
156,17,416.0,398.0,0.0
156,1,154.0,429.0,0.0
156,19,156.0,448.0,0.0
156,22,328.95459415460186,708.9545941546019,0.0
156,23,467.0,237.0,0.0
156,6,332.0,712.0,0.0
156,11,439.0,288.0,0.0
156,9,582.0,794.0,0.0
156,14,208.0,413.0,0.0
156,3,397.0,213.0,0.0
156,7,439.0,261.0,0.0
156,25,183.0,416.0,0.0
156,4,462.0,270.0,0.0
156,13,591.0,321.0,0.0
156,15,587.0,232.0,0.0
156,2,353.0,357.0,0.0
156,10,213.0,265.0,0.0
156,18,232.0,226.0,0.0
156,21,479.0,660.0,0.0
157,5,499.04540584539814,232.04540584539816,0.0
157,16,362.04540584539814,718.9545941546019,0.0
157,20,290.0,670.0,0.0
157,12,170.04540584539816,218.04540584539816,0.0
157,24,159.04540584539816,511.04540584539814,0.0
157,8,398.04540584539814,395.04540584539814,0.0
157,17,415.04540584539814,397.04540584539814,0.0
157,1,153.04540584539816,428.04540584539814,0.0
157,19,155.04540584539816,447.04540584539814,0.0
157,22,329.0,709.0,0.0
157,23,466.04540584539814,236.04540584539816,0.0
157,6,332.95459415460186,712.9545941546019,0.0
157,11,438.04540584539814,287.04540584539814,0.0
157,9,581.0454058453981,794.9545941546019,0.0
157,14,207.04540584539816,412.04540584539814,0.0
157,3,396.04540584539814,212.04540584539816,0.0
157,7,438.04540584539814,260.04540584539814,0.0
157,25,182.04540584539816,415.04540584539814,0.0
157,4,461.04540584539814,269.04540584539814,0.0
157,13,590.0454058453981,320.04540584539814,0.0
157,15,586.0454058453981,231.04540584539816,0.0
157,2,352.04540584539814,356.04540584539814,0.0
157,10,212.04540584539816,264.04540584539814,0.0
157,18,231.04540584539816,225.04540584539816,0.0
157,21,478.04540584539814,660.9545941546019,0.0
158,5,499.0,232.0,0.0
158,16,362.0,719.0,0.0
158,20,290.95459415460186,670.9545941546019,0.0
158,12,170.0,218.0,0.0
158,24,159.0,511.0,0.0
158,8,398.0,395.0,0.0
158,17,415.0,397.0,0.0
158,1,153.0,428.0,0.0
158,19,155.0,447.0,0.0
158,22,329.95459415460186,709.9545941546019,0.0
158,23,466.0,236.0,0.0
158,6,333.0,713.0,0.0
158,11,438.0,287.0,0.0
158,9,581.0,795.0,0.0
158,14,207.0,412.0,0.0
158,3,396.0,212.0,0.0
158,7,438.0,260.0,0.0
158,25,182.0,415.0,0.0
158,4,461.0,269.0,0.0
158,13,590.0,320.0,0.0
158,15,586.0,231.0,0.0
158,2,352.0,356.0,0.0
158,10,212.0,264.0,0.0
158,18,231.0,225.0,0.0
158,21,478.0,661.0,0.0
159,5,498.04540584539814,231.04540584539816,0.0
159,16,361.04540584539814,719.9545941546019,0.0
159,20,291.0,671.0,0.0
159,12,169.04540584539816,217.04540584539816,0.0
159,24,158.04540584539816,510.04540584539814,0.0
159,8,397.04540584539814,394.04540584539814,0.0
159,17,414.04540584539814,396.04540584539814,0.0
159,1,152.04540584539816,427.04540584539814,0.0
159,19,154.04540584539816,446.04540584539814,0.0
159,22,330.0,710.0,0.0
159,23,465.04540584539814,235.04540584539816,0.0
159,6,333.95459415460186,713.9545941546019,0.0
159,11,437.04540584539814,286.04540584539814,0.0
159,9,580.0454058453981,795.9545941546019,0.0
159,14,206.04540584539816,411.04540584539814,0.0
159,3,395.04540584539814,211.04540584539816,0.0
159,7,437.04540584539814,259.04540584539814,0.0
159,25,181.04540584539816,414.04540584539814,0.0
159,4,460.04540584539814,268.04540584539814,0.0
159,13,589.0454058453981,319.04540584539814,0.0
159,15,585.0454058453981,230.04540584539816,0.0
159,2,351.04540584539814,355.04540584539814,0.0
159,10,211.04540584539816,263.04540584539814,0.0
159,18,230.04540584539816,224.04540584539816,0.0
159,21,477.04540584539814,661.9545941546019,0.0
160,5,498.0,231.0,0.0
160,16,361.0,720.0,0.0
160,20,291.95459415460186,671.9545941546019,0.0
160,12,169.0,217.0,0.0
160,24,158.0,510.0,0.0
160,8,397.0,394.0,0.0
160,17,414.0,396.0,0.0
160,1,152.0,427.0,0.0
160,19,154.0,446.0,0.0
160,22,330.95459415460186,710.9545941546019,0.0
160,23,465.0,235.0,0.0
160,6,334.0,714.0,0.0
160,11,437.0,286.0,0.0
160,9,580.0,796.0,0.0
160,14,206.0,411.0,0.0
160,3,395.0,211.0,0.0
160,7,437.0,259.0,0.0
160,25,181.0,414.0,0.0
160,4,460.0,268.0,0.0
160,13,589.0,319.0,0.0
160,15,585.0,230.0,0.0
160,2,351.0,355.0,0.0
160,10,211.0,263.0,0.0
160,18,230.0,224.0,0.0
160,21,477.0,662.0,0.0
161,5,497.04540584539814,230.04540584539816,0.0
161,16,360.04540584539814,720.9545941546019,0.0
161,20,292.0,672.0,0.0
161,12,168.04540584539816,216.04540584539816,0.0
161,24,157.04540584539816,509.04540584539814,0.0
161,8,396.04540584539814,393.04540584539814,0.0
161,17,413.04540584539814,395.04540584539814,0.0
161,1,151.04540584539816,426.04540584539814,0.0
161,19,153.04540584539816,445.04540584539814,0.0
161,22,331.0,711.0,0.0
161,23,464.04540584539814,234.04540584539816,0.0
161,6,334.95459415460186,714.9545941546019,0.0
161,11,436.04540584539814,285.04540584539814,0.0
161,9,579.0454058453981,796.9545941546019,0.0
161,14,205.04540584539816,410.04540584539814,0.0
161,3,394.04540584539814,210.04540584539816,0.0
161,7,436.04540584539814,258.04540584539814,0.0
161,25,180.04540584539816,413.04540584539814,0.0
161,4,459.04540584539814,267.04540584539814,0.0
161,13,588.0454058453981,318.04540584539814,0.0
161,15,584.0454058453981,229.04540584539816,0.0
161,2,350.04540584539814,354.04540584539814,0.0
161,10,210.04540584539816,262.04540584539814,0.0
161,18,229.04540584539816,223.04540584539816,0.0
161,21,476.04540584539814,662.9545941546019,0.0
162,5,497.0,230.0,0.0
162,16,360.0,721.0,0.0
162,20,292.95459415460186,672.9545941546019,0.0
162,12,168.0,216.0,0.0
162,24,157.0,509.0,0.0
162,8,396.0,393.0,0.0
162,17,413.0,395.0,0.0
162,1,151.0,426.0,0.0
162,19,153.0,445.0,0.0
162,22,331.95459415460186,711.9545941546019,0.0
162,23,464.0,234.0,0.0
162,6,335.0,715.0,0.0
162,11,436.0,285.0,0.0
162,9,579.0,797.0,0.0
162,14,205.0,410.0,0.0
162,3,394.0,210.0,0.0
162,7,436.0,258.0,0.0
162,25,180.0,413.0,0.0
162,4,459.0,267.0,0.0
162,13,588.0,318.0,0.0
162,15,584.0,229.0,0.0
162,2,350.0,354.0,0.0
162,10,210.0,262.0,0.0
162,18,229.0,223.0,0.0
162,21,476.0,663.0,0.0
163,5,496.04540584539814,229.04540584539816,0.0
163,16,359.04540584539814,721.9545941546019,0.0
163,20,293.0,673.0,0.0
163,12,167.04540584539816,215.04540584539816,0.0
163,24,156.04540584539816,508.04540584539814,0.0
163,8,395.04540584539814,392.04540584539814,0.0
163,17,412.04540584539814,394.04540584539814,0.0
163,1,150.04540584539816,425.04540584539814,0.0
163,19,152.04540584539816,444.04540584539814,0.0
163,22,332.0,712.0,0.0
163,23,463.04540584539814,233.04540584539816,0.0
163,6,335.95459415460186,715.9545941546019,0.0
163,11,435.04540584539814,284.04540584539814,0.0
163,9,578.0454058453981,797.9545941546019,0.0
163,14,204.04540584539816,409.04540584539814,0.0
163,3,393.04540584539814,209.04540584539816,0.0
163,7,435.04540584539814,257.04540584539814,0.0
163,25,179.04540584539816,412.04540584539814,0.0
163,4,458.04540584539814,266.04540584539814,0.0
163,13,587.0454058453981,317.04540584539814,0.0
163,15,583.0454058453981,228.04540584539816,0.0
163,2,349.04540584539814,353.04540584539814,0.0
163,10,209.04540584539816,261.04540584539814,0.0
163,18,228.04540584539816,222.04540584539816,0.0
163,21,475.04540584539814,663.9545941546019,0.0
164,5,496.0,229.0,0.0
164,16,359.0,722.0,0.0
164,20,293.95459415460186,673.9545941546019,0.0
164,12,167.0,215.0,0.0
164,24,156.0,508.0,0.0
164,8,395.0,392.0,0.0
164,17,412.0,394.0,0.0
164,1,150.0,425.0,0.0
164,19,152.0,444.0,0.0
164,22,332.95459415460186,712.9545941546019,0.0
164,23,463.0,233.0,0.0
164,6,336.0,716.0,0.0
164,11,435.0,284.0,0.0
164,9,578.0,798.0,0.0
164,14,204.0,409.0,0.0
164,3,393.0,209.0,0.0
164,7,435.0,257.0,0.0
164,25,179.0,412.0,0.0
164,4,458.0,266.0,0.0
164,13,587.0,317.0,0.0
164,15,583.0,228.0,0.0
164,2,349.0,353.0,0.0
164,10,209.0,261.0,0.0
164,18,228.0,222.0,0.0
164,21,475.0,664.0,0.0
165,5,495.04540584539814,228.04540584539816,0.0
165,16,358.04540584539814,722.9545941546019,0.0
165,20,294.0,674.0,0.0
165,12,166.04540584539816,214.04540584539816,0.0
165,24,155.04540584539816,507.04540584539814,0.0
165,8,394.04540584539814,391.04540584539814,0.0
165,17,411.04540584539814,393.04540584539814,0.0
165,1,149.04540584539816,424.04540584539814,0.0
165,19,151.04540584539816,443.04540584539814,0.0
165,22,333.0,713.0,0.0
165,23,462.04540584539814,232.04540584539816,0.0
165,6,336.95459415460186,716.9545941546019,0.0
165,11,434.04540584539814,283.04540584539814,0.0
165,9,577.0454058453981,798.9545941546019,0.0
165,14,203.04540584539816,408.04540584539814,0.0
165,3,392.04540584539814,208.04540584539816,0.0
165,7,434.04540584539814,256.04540584539814,0.0
165,25,178.04540584539816,411.04540584539814,0.0
165,4,457.04540584539814,265.04540584539814,0.0
165,13,586.0454058453981,316.04540584539814,0.0
165,15,582.0454058453981,227.04540584539816,0.0
165,2,348.04540584539814,352.04540584539814,0.0
165,10,208.04540584539816,260.04540584539814,0.0
165,18,227.04540584539816,221.04540584539816,0.0
165,21,474.04540584539814,664.9545941546019,0.0
166,5,495.0,228.0,0.0
166,16,358.0,723.0,0.0
166,20,294.95459415460186,674.9545941546019,0.0
166,12,166.0,214.0,0.0
166,24,155.0,507.0,0.0
166,8,394.0,391.0,0.0
166,17,411.0,393.0,0.0
166,1,149.0,424.0,0.0
166,19,151.0,443.0,0.0
166,22,333.95459415460186,713.9545941546019,0.0
166,23,462.0,232.0,0.0
166,6,337.0,717.0,0.0
166,11,434.0,283.0,0.0
166,9,577.0,799.0,0.0
166,14,203.0,408.0,0.0
166,3,392.0,208.0,0.0
166,7,434.0,256.0,0.0
166,25,178.0,411.0,0.0
166,4,457.0,265.0,0.0
166,13,586.0,316.0,0.0
166,15,582.0,227.0,0.0
166,2,348.0,352.0,0.0
166,10,208.0,260.0,0.0
166,18,227.0,221.0,0.0
166,21,474.0,665.0,0.0
167,5,494.04540584539814,227.04540584539816,0.0
167,16,357.04540584539814,723.9545941546019,0.0
167,20,295.0,675.0,0.0
167,12,165.04540584539816,213.04540584539816,0.0
167,24,154.04540584539816,506.04540584539814,0.0
167,8,393.04540584539814,390.04540584539814,0.0
167,17,410.04540584539814,392.04540584539814,0.0
167,1,148.04540584539816,423.04540584539814,0.0
167,19,150.04540584539816,442.04540584539814,0.0
167,22,334.0,714.0,0.0
167,23,461.04540584539814,231.04540584539816,0.0
167,6,337.95459415460186,717.9545941546019,0.0
167,11,433.04540584539814,282.04540584539814,0.0
167,9,576.0454058453981,799.9545941546019,0.0
167,14,202.04540584539816,407.04540584539814,0.0
167,3,391.04540584539814,207.04540584539816,0.0
167,7,433.04540584539814,255.04540584539816,0.0
167,25,177.04540584539816,410.04540584539814,0.0
167,4,456.04540584539814,264.04540584539814,0.0
167,13,585.0454058453981,315.04540584539814,0.0
167,15,581.0454058453981,226.04540584539816,0.0
167,2,347.04540584539814,351.04540584539814,0.0
167,10,207.04540584539816,259.04540584539814,0.0
167,18,226.04540584539816,220.04540584539816,0.0
167,21,473.04540584539814,665.9545941546019,0.0
168,5,494.0,227.0,0.0
168,16,357.0,724.0,0.0
168,20,295.95459415460186,675.9545941546019,0.0
168,12,165.0,213.0,0.0
168,24,154.0,506.0,0.0
168,8,393.0,390.0,0.0
168,17,410.0,392.0,0.0
168,1,148.0,423.0,0.0
168,19,150.0,442.0,0.0
168,22,334.95459415460186,714.9545941546019,0.0
168,23,461.0,231.0,0.0
168,6,338.0,718.0,0.0
168,11,433.0,282.0,0.0
168,9,576.0,800.0,0.0
168,14,202.0,407.0,0.0
168,3,391.0,207.0,0.0
168,7,433.0,255.0,0.0
168,25,177.0,410.0,0.0
168,4,456.0,264.0,0.0
168,13,585.0,315.0,0.0
168,15,581.0,226.0,0.0
168,2,347.0,351.0,0.0
168,10,207.0,259.0,0.0
168,18,226.0,220.0,0.0
168,21,473.0,666.0,0.0
169,5,493.04540584539814,226.04540584539816,0.0
169,16,356.04540584539814,724.9545941546019,0.0
169,20,296.0,676.0,0.0
169,12,164.04540584539816,212.04540584539816,0.0
169,24,153.04540584539816,505.04540584539814,0.0
169,8,392.04540584539814,389.04540584539814,0.0
169,17,409.04540584539814,391.04540584539814,0.0
169,1,147.04540584539816,422.04540584539814,0.0
169,19,149.04540584539816,441.04540584539814,0.0
169,22,335.0,715.0,0.0
169,23,460.04540584539814,230.04540584539816,0.0
169,6,338.95459415460186,718.9545941546019,0.0
169,11,432.04540584539814,281.04540584539814,0.0
169,9,575.0454058453981,800.9545941546019,0.0
169,14,201.04540584539816,406.04540584539814,0.0
169,3,390.04540584539814,206.04540584539816,0.0
169,7,432.04540584539814,254.04540584539816,0.0
169,25,176.04540584539816,409.04540584539814,0.0
169,4,455.04540584539814,263.04540584539814,0.0
169,13,584.0454058453981,314.04540584539814,0.0
169,15,580.0454058453981,225.04540584539816,0.0
169,2,346.04540584539814,350.04540584539814,0.0
169,10,206.04540584539816,258.04540584539814,0.0
169,18,225.04540584539816,219.04540584539816,0.0
169,21,472.04540584539814,666.9545941546019,0.0
170,5,493.0,226.0,0.0
170,16,356.0,725.0,0.0
170,20,296.95459415460186,676.9545941546019,0.0
170,12,164.0,212.0,0.0
170,24,153.0,505.0,0.0
170,8,392.0,389.0,0.0
170,17,409.0,391.0,0.0
170,1,147.0,422.0,0.0
170,19,149.0,441.0,0.0
170,22,335.95459415460186,715.9545941546019,0.0
170,23,460.0,230.0,0.0
170,6,339.0,719.0,0.0
170,11,432.0,281.0,0.0
170,9,575.0,801.0,0.0
170,14,201.0,406.0,0.0
170,3,390.0,206.0,0.0
170,7,432.0,254.0,0.0
170,25,176.0,409.0,0.0
170,4,455.0,263.0,0.0
170,13,584.0,314.0,0.0
170,15,580.0,225.0,0.0
170,2,346.0,350.0,0.0
170,10,206.0,258.0,0.0
170,18,225.0,219.0,0.0
170,21,472.0,667.0,0.0
171,5,492.04540584539814,225.04540584539816,0.0
171,16,355.04540584539814,725.9545941546019,0.0
171,20,297.0,677.0,0.0
171,12,163.04540584539816,211.04540584539816,0.0
171,24,152.04540584539816,504.04540584539814,0.0
171,8,391.04540584539814,388.04540584539814,0.0
171,17,408.04540584539814,390.04540584539814,0.0
171,1,146.04540584539816,421.04540584539814,0.0
171,19,148.04540584539816,440.04540584539814,0.0
171,22,336.0,716.0,0.0
171,23,459.04540584539814,229.04540584539816,0.0
171,6,339.95459415460186,719.9545941546019,0.0
171,11,431.04540584539814,280.04540584539814,0.0
171,9,574.0454058453981,801.9545941546019,0.0
171,14,200.04540584539816,405.04540584539814,0.0
171,3,389.04540584539814,205.04540584539816,0.0
171,7,431.04540584539814,253.04540584539816,0.0
171,25,175.04540584539816,408.04540584539814,0.0
171,4,454.04540584539814,262.04540584539814,0.0
171,13,583.0454058453981,313.04540584539814,0.0
171,15,579.0454058453981,224.04540584539816,0.0
171,2,345.04540584539814,349.04540584539814,0.0
171,10,205.04540584539816,257.04540584539814,0.0
171,18,224.04540584539816,218.04540584539816,0.0
171,21,471.04540584539814,667.9545941546019,0.0
172,5,492.0,225.0,0.0
172,16,355.0,726.0,0.0
172,20,297.95459415460186,677.9545941546019,0.0
172,12,163.0,211.0,0.0
172,24,152.0,504.0,0.0
172,8,391.0,388.0,0.0
172,17,408.0,390.0,0.0
172,1,146.0,421.0,0.0
172,19,148.0,440.0,0.0
172,22,336.95459415460186,716.9545941546019,0.0
172,23,459.0,229.0,0.0
172,6,340.0,720.0,0.0
172,11,431.0,280.0,0.0
172,9,574.0,802.0,0.0
172,14,200.0,405.0,0.0
172,3,389.0,205.0,0.0
172,7,431.0,253.0,0.0
172,25,175.0,408.0,0.0
172,4,454.0,262.0,0.0
172,13,583.0,313.0,0.0
172,15,579.0,224.0,0.0
172,2,345.0,349.0,0.0
172,10,205.0,257.0,0.0
172,18,224.0,218.0,0.0
172,21,471.0,668.0,0.0
173,5,491.04540584539814,224.04540584539816,0.0
173,16,354.04540584539814,726.9545941546019,0.0
173,20,298.0,678.0,0.0
173,12,162.04540584539816,210.04540584539816,0.0
173,24,151.04540584539816,503.04540584539814,0.0
173,8,390.04540584539814,387.04540584539814,0.0
173,17,407.04540584539814,389.04540584539814,0.0
173,1,145.04540584539816,420.04540584539814,0.0
173,19,147.04540584539816,439.04540584539814,0.0
173,22,337.0,717.0,0.0
173,23,458.04540584539814,228.04540584539816,0.0
173,6,340.95459415460186,720.9545941546019,0.0
173,11,430.04540584539814,279.04540584539814,0.0
173,9,573.0454058453981,802.9545941546019,0.0
173,14,199.04540584539816,404.04540584539814,0.0
173,3,388.04540584539814,204.04540584539816,0.0
173,7,430.04540584539814,252.04540584539816,0.0
173,25,174.04540584539816,407.04540584539814,0.0
173,4,453.04540584539814,261.04540584539814,0.0
173,13,582.0454058453981,312.04540584539814,0.0
173,15,578.0454058453981,223.04540584539816,0.0
173,2,344.04540584539814,348.04540584539814,0.0
173,10,204.04540584539816,256.04540584539814,0.0
173,18,223.04540584539816,217.04540584539816,0.0
173,21,470.04540584539814,668.9545941546019,0.0
174,5,491.0,224.0,0.0
174,16,354.0,727.0,0.0
174,20,298.95459415460186,678.9545941546019,0.0
174,12,162.0,210.0,0.0
174,24,151.0,503.0,0.0
174,8,390.0,387.0,0.0
174,17,407.0,389.0,0.0
174,1,145.0,420.0,0.0
174,19,147.0,439.0,0.0
174,22,337.95459415460186,717.9545941546019,0.0
174,23,458.0,228.0,0.0
174,6,341.0,721.0,0.0
174,11,430.0,279.0,0.0
174,9,573.0,803.0,0.0
174,14,199.0,404.0,0.0
174,3,388.0,204.0,0.0
174,7,430.0,252.0,0.0
174,25,174.0,407.0,0.0
174,4,453.0,261.0,0.0
174,13,582.0,312.0,0.0
174,15,578.0,223.0,0.0
174,2,344.0,348.0,0.0
174,10,204.0,256.0,0.0
174,18,223.0,217.0,0.0
174,21,470.0,669.0,0.0
175,5,490.04540584539814,223.04540584539816,0.0
175,16,353.04540584539814,727.9545941546019,0.0
175,20,299.0,679.0,0.0
175,12,161.04540584539816,209.04540584539816,0.0
175,24,150.04540584539816,502.04540584539814,0.0
175,8,389.04540584539814,386.04540584539814,0.0
175,17,406.04540584539814,388.04540584539814,0.0
175,1,144.04540584539816,419.04540584539814,0.0
175,19,146.04540584539816,438.04540584539814,0.0
175,22,338.0,718.0,0.0
175,23,457.04540584539814,227.04540584539816,0.0
175,6,341.95459415460186,721.9545941546019,0.0
175,11,429.04540584539814,278.04540584539814,0.0
175,9,572.0454058453981,803.9545941546019,0.0
175,14,198.04540584539816,403.04540584539814,0.0
175,3,387.04540584539814,203.04540584539816,0.0
175,7,429.04540584539814,251.04540584539816,0.0
175,25,173.04540584539816,406.04540584539814,0.0
175,4,452.04540584539814,260.04540584539814,0.0
175,13,581.0454058453981,311.04540584539814,0.0
175,15,577.0454058453981,222.04540584539816,0.0
175,2,343.04540584539814,347.04540584539814,0.0
175,10,203.04540584539816,255.04540584539816,0.0
175,18,222.04540584539816,216.04540584539816,0.0
175,21,469.04540584539814,669.9545941546019,0.0
176,5,490.0,223.0,0.0
176,16,353.0,728.0,0.0
176,20,299.95459415460186,679.9545941546019,0.0
176,12,161.0,209.0,0.0
176,24,150.0,502.0,0.0
176,8,389.0,386.0,0.0
176,17,406.0,388.0,0.0
176,1,144.0,419.0,0.0
176,19,146.0,438.0,0.0
176,22,338.95459415460186,718.9545941546019,0.0
176,23,457.0,227.0,0.0
176,6,342.0,722.0,0.0
176,11,429.0,278.0,0.0
176,9,572.0,804.0,0.0
176,14,198.0,403.0,0.0
176,3,387.0,203.0,0.0
176,7,429.0,251.0,0.0
176,25,173.0,406.0,0.0
176,4,452.0,260.0,0.0
176,13,581.0,311.0,0.0
176,15,577.0,222.0,0.0
176,2,343.0,347.0,0.0
176,10,203.0,255.0,0.0
176,18,222.0,216.0,0.0
176,21,469.0,670.0,0.0
177,5,489.04540584539814,222.04540584539816,0.0
177,16,352.04540584539814,728.9545941546019,0.0
177,20,300.0,680.0,0.0
177,12,160.04540584539816,208.04540584539816,0.0
177,24,149.04540584539816,501.04540584539814,0.0
177,8,388.04540584539814,385.04540584539814,0.0
177,17,405.04540584539814,387.04540584539814,0.0
177,1,143.04540584539816,418.04540584539814,0.0
177,19,145.04540584539816,437.04540584539814,0.0
177,22,339.0,719.0,0.0
177,23,456.04540584539814,226.04540584539816,0.0
177,6,342.95459415460186,722.9545941546019,0.0
177,11,428.04540584539814,277.04540584539814,0.0
177,9,571.0454058453981,804.9545941546019,0.0
177,14,197.04540584539816,402.04540584539814,0.0
177,3,386.04540584539814,202.04540584539816,0.0
177,7,428.04540584539814,250.04540584539816,0.0
177,25,172.04540584539816,405.04540584539814,0.0
177,4,451.04540584539814,259.04540584539814,0.0
177,13,580.0454058453981,310.04540584539814,0.0
177,15,576.0454058453981,221.04540584539816,0.0
177,2,342.04540584539814,346.04540584539814,0.0
177,10,202.04540584539816,254.04540584539816,0.0
177,18,221.04540584539816,215.04540584539816,0.0
177,21,468.04540584539814,670.9545941546019,0.0
178,5,489.0,222.0,0.0
178,16,352.0,729.0,0.0
178,20,300.95459415460186,680.9545941546019,0.0
178,12,160.0,208.0,0.0
178,24,149.0,501.0,0.0
178,8,388.0,385.0,0.0
178,17,405.0,387.0,0.0
178,1,143.0,418.0,0.0
178,19,145.0,437.0,0.0
178,22,339.95459415460186,719.9545941546019,0.0
178,23,456.0,226.0,0.0
178,6,343.0,723.0,0.0
178,11,428.0,277.0,0.0
178,9,571.0,805.0,0.0
178,14,197.0,402.0,0.0
178,3,386.0,202.0,0.0
178,7,428.0,250.0,0.0
178,25,172.0,405.0,0.0
178,4,451.0,259.0,0.0
178,13,580.0,310.0,0.0
178,15,576.0,221.0,0.0
178,2,342.0,346.0,0.0
178,10,202.0,254.0,0.0
178,18,221.0,215.0,0.0
178,21,468.0,671.0,0.0
179,5,488.04540584539814,221.04540584539816,0.0
179,16,351.04540584539814,729.9545941546019,0.0
179,20,301.0,681.0,0.0
179,12,159.04540584539816,207.04540584539816,0.0
179,24,148.04540584539816,500.04540584539814,0.0
179,8,387.04540584539814,384.04540584539814,0.0
179,17,404.04540584539814,386.04540584539814,0.0
179,1,142.04540584539816,417.04540584539814,0.0
179,19,144.04540584539816,436.04540584539814,0.0
179,22,340.0,720.0,0.0
179,23,455.04540584539814,225.04540584539816,0.0
179,6,343.95459415460186,723.9545941546019,0.0
179,11,427.04540584539814,276.04540584539814,0.0
179,9,570.0454058453981,805.9545941546019,0.0
179,14,196.04540584539816,401.04540584539814,0.0
179,3,385.04540584539814,201.04540584539816,0.0
179,7,427.04540584539814,249.04540584539816,0.0
179,25,171.04540584539816,404.04540584539814,0.0
179,4,450.04540584539814,258.04540584539814,0.0
179,13,579.0454058453981,309.04540584539814,0.0
179,15,575.0454058453981,220.04540584539816,0.0
179,2,341.04540584539814,345.04540584539814,0.0
179,10,201.04540584539816,253.04540584539816,0.0
179,18,220.04540584539816,214.04540584539816,0.0
179,21,467.04540584539814,671.9545941546019,0.0
180,5,488.0,221.0,0.0
180,16,351.0,730.0,0.0
180,20,301.95459415460186,681.9545941546019,0.0
180,12,159.0,207.0,0.0
180,24,148.0,500.0,0.0
180,8,387.0,384.0,0.0
180,17,404.0,386.0,0.0
180,1,142.0,417.0,0.0
180,19,144.0,436.0,0.0
180,22,340.95459415460186,720.9545941546019,0.0
180,23,455.0,225.0,0.0
180,6,344.0,724.0,0.0
180,11,427.0,276.0,0.0
180,9,570.0,806.0,0.0
180,14,196.0,401.0,0.0
180,3,385.0,201.0,0.0
180,7,427.0,249.0,0.0
180,25,171.0,404.0,0.0
180,4,450.0,258.0,0.0
180,13,579.0,309.0,0.0
180,15,575.0,220.0,0.0
180,2,341.0,345.0,0.0
180,10,201.0,253.0,0.0
180,18,220.0,214.0,0.0
180,21,467.0,672.0,0.0
181,5,487.04540584539814,220.04540584539816,0.0
181,16,351.0,731.0,0.0
181,20,302.0,682.0,0.0
181,12,158.04540584539816,206.04540584539816,0.0
181,24,147.04540584539816,499.04540584539814,0.0
181,8,386.04540584539814,383.04540584539814,0.0
181,17,403.04540584539814,385.04540584539814,0.0
181,1,141.04540584539816,416.04540584539814,0.0
181,19,143.04540584539816,435.04540584539814,0.0
181,22,341.0,721.0,0.0
181,23,454.04540584539814,224.04540584539816,0.0
181,6,344.95459415460186,724.9545941546019,0.0
181,11,426.04540584539814,275.04540584539814,0.0
181,9,569.0454058453981,806.9545941546019,0.0
181,14,195.04540584539816,400.04540584539814,0.0
181,3,384.04540584539814,200.04540584539816,0.0
181,7,426.04540584539814,248.04540584539816,0.0
181,25,170.04540584539816,403.04540584539814,0.0
181,4,449.04540584539814,257.04540584539814,0.0
181,13,578.0454058453981,308.04540584539814,0.0
181,15,574.0454058453981,219.04540584539816,0.0
181,2,340.04540584539814,344.04540584539814,0.0
181,10,200.04540584539816,252.04540584539816,0.0
181,18,219.04540584539816,213.04540584539816,0.0
181,21,466.04540584539814,672.9545941546019,0.0
182,5,487.0,220.0,0.0
182,16,351.0,731.0,0.0
182,20,302.0,682.0,0.0
182,12,158.0,206.0,0.0
182,24,147.0,499.0,0.0
182,8,386.0,383.0,0.0
182,17,403.0,385.0,0.0
182,1,141.0,416.0,0.0
182,19,143.0,435.0,0.0
182,22,341.0,721.0,0.0
182,23,454.0,224.0,0.0
182,6,344.0,724.0,0.0
182,11,426.0,275.0,0.0
182,9,569.0,806.0,0.0
182,14,195.0,400.0,0.0
182,3,384.0,200.0,0.0
182,7,426.0,248.0,0.0
182,25,170.0,403.0,0.0
182,4,449.0,257.0,0.0
182,13,578.0,308.0,0.0
182,15,574.0,219.0,0.0
182,2,340.0,344.0,0.0
182,10,200.0,252.0,0.0
182,18,219.0,213.0,0.0
182,21,466.0,672.0,0.0
183,5,486.04540584539814,219.04540584539816,0.0
183,16,351.95459415460186,731.9545941546019,0.0
183,20,302.95459415460186,682.9545941546019,0.0
183,12,157.04540584539816,205.04540584539816,0.0
183,24,146.04540584539816,498.04540584539814,0.0
183,8,385.04540584539814,382.04540584539814,0.0
183,17,402.04540584539814,384.04540584539814,0.0
183,1,140.04540584539816,415.04540584539814,0.0
183,19,142.04540584539816,434.04540584539814,0.0
183,22,341.95459415460186,721.9545941546019,0.0
183,23,453.04540584539814,223.04540584539816,0.0
183,6,344.0,724.0,0.0
183,11,425.04540584539814,274.04540584539814,0.0
183,9,568.0454058453981,806.9545941546019,0.0
183,14,194.04540584539816,399.04540584539814,0.0
183,3,383.04540584539814,199.04540584539816,0.0
183,7,425.04540584539814,247.04540584539816,0.0
183,25,169.04540584539816,402.04540584539814,0.0
183,4,448.04540584539814,256.04540584539814,0.0
183,13,577.0454058453981,307.04540584539814,0.0
183,15,573.0454058453981,218.04540584539816,0.0
183,2,339.04540584539814,343.04540584539814,0.0
183,10,199.04540584539816,251.04540584539816,0.0
183,18,218.04540584539816,212.04540584539816,0.0
183,21,465.04540584539814,672.9545941546019,0.0
184,5,486.0,219.0,0.0
184,16,352.0,732.0,0.0
184,20,303.0,683.0,0.0
184,12,157.0,205.0,0.0
184,24,146.0,498.0,0.0
184,8,385.0,382.0,0.0
184,17,402.0,384.0,0.0
184,1,140.0,415.0,0.0
184,19,142.0,434.0,0.0
184,22,342.0,722.0,0.0
184,23,453.0,223.0,0.0
184,6,344.95459415460186,724.9545941546019,0.0
184,11,425.0,274.0,0.0
184,9,568.0,807.0,0.0
184,14,194.0,399.0,0.0
184,3,383.0,199.0,0.0
184,7,425.0,247.0,0.0
184,25,169.0,402.0,0.0
184,4,448.0,256.0,0.0
184,13,577.0,307.0,0.0
184,15,573.0,218.0,0.0
184,2,339.0,343.0,0.0
184,10,199.0,251.0,0.0
184,18,218.0,212.0,0.0
184,21,465.0,673.0,0.0
185,5,485.04540584539814,218.04540584539816,0.0
185,16,352.95459415460186,732.9545941546019,0.0
185,20,303.95459415460186,683.9545941546019,0.0
185,12,156.04540584539816,204.04540584539816,0.0
185,24,145.04540584539816,497.04540584539814,0.0
185,8,384.04540584539814,381.04540584539814,0.0
185,17,401.04540584539814,383.04540584539814,0.0
185,1,139.04540584539816,414.04540584539814,0.0
185,19,141.04540584539816,433.04540584539814,0.0
185,22,342.95459415460186,722.9545941546019,0.0
185,23,452.04540584539814,222.04540584539816,0.0
185,6,345.0,725.0,0.0
185,11,424.04540584539814,273.04540584539814,0.0
185,9,567.0454058453981,807.9545941546019,0.0
185,14,193.04540584539816,398.04540584539814,0.0
185,3,382.04540584539814,198.04540584539816,0.0
185,7,424.04540584539814,246.04540584539816,0.0
185,25,168.04540584539816,401.04540584539814,0.0
185,4,447.04540584539814,255.04540584539816,0.0
185,13,576.0454058453981,306.04540584539814,0.0
185,15,572.0454058453981,217.04540584539816,0.0
185,2,338.04540584539814,342.04540584539814,0.0
185,10,198.04540584539816,250.04540584539816,0.0
185,18,217.04540584539816,211.04540584539816,0.0
185,21,464.04540584539814,673.9545941546019,0.0
186,5,485.0,218.0,0.0
186,16,353.0,733.0,0.0
186,20,304.0,684.0,0.0
186,12,156.0,204.0,0.0
186,24,145.0,497.0,0.0
186,8,384.0,381.0,0.0
186,17,401.0,383.0,0.0
186,1,139.0,414.0,0.0
186,19,141.0,433.0,0.0
186,22,343.0,723.0,0.0
186,23,452.0,222.0,0.0
186,6,345.95459415460186,725.9545941546019,0.0
186,11,424.0,273.0,0.0
186,9,567.0,808.0,0.0
186,14,193.0,398.0,0.0
186,3,382.0,198.0,0.0
186,7,424.0,246.0,0.0
186,25,168.0,401.0,0.0
186,4,447.0,255.0,0.0
186,13,576.0,306.0,0.0
186,15,572.0,217.0,0.0
186,2,338.0,342.0,0.0
186,10,198.0,250.0,0.0
186,18,217.0,211.0,0.0
186,21,464.0,674.0,0.0
187,5,484.04540584539814,217.04540584539816,0.0
187,16,353.95459415460186,733.9545941546019,0.0
187,20,304.95459415460186,684.9545941546019,0.0
187,12,155.04540584539816,203.04540584539816,0.0
187,24,144.04540584539816,496.04540584539814,0.0
187,8,383.04540584539814,380.04540584539814,0.0
187,17,400.04540584539814,382.04540584539814,0.0
187,1,138.04540584539816,413.04540584539814,0.0
187,19,140.04540584539816,432.04540584539814,0.0
187,22,343.95459415460186,723.9545941546019,0.0
187,23,451.04540584539814,221.04540584539816,0.0
187,6,346.0,726.0,0.0
187,11,423.04540584539814,272.04540584539814,0.0
187,9,566.0454058453981,808.9545941546019,0.0
187,14,192.04540584539816,397.04540584539814,0.0
187,3,381.04540584539814,197.04540584539816,0.0
187,7,423.04540584539814,245.04540584539816,0.0
187,25,167.04540584539816,400.04540584539814,0.0
187,4,446.04540584539814,254.04540584539816,0.0
187,13,575.0454058453981,305.04540584539814,0.0
187,15,571.0454058453981,216.04540584539816,0.0
187,2,337.04540584539814,341.04540584539814,0.0
187,10,197.04540584539816,249.04540584539816,0.0
187,18,216.04540584539816,210.04540584539816,0.0
187,21,463.04540584539814,674.9545941546019,0.0
188,5,484.0,217.0,0.0
188,16,354.0,734.0,0.0
188,20,305.0,685.0,0.0
188,12,155.0,203.0,0.0
188,24,144.0,496.0,0.0
188,8,383.0,380.0,0.0
188,17,400.0,382.0,0.0
188,1,138.0,413.0,0.0
188,19,140.0,432.0,0.0
188,22,344.0,724.0,0.0
188,23,451.0,221.0,0.0
188,6,346.95459415460186,726.9545941546019,0.0
188,11,423.0,272.0,0.0
188,9,566.0,809.0,0.0
188,14,192.0,397.0,0.0
188,3,381.0,197.0,0.0
188,7,423.0,245.0,0.0
188,25,167.0,400.0,0.0
188,4,446.0,254.0,0.0
188,13,575.0,305.0,0.0
188,15,571.0,216.0,0.0
188,2,337.0,341.0,0.0
188,10,197.0,249.0,0.0
188,18,216.0,210.0,0.0
188,21,463.0,675.0,0.0
189,5,483.04540584539814,216.04540584539816,0.0
189,16,354.95459415460186,734.9545941546019,0.0
189,20,305.95459415460186,685.9545941546019,0.0
189,12,154.04540584539816,202.04540584539816,0.0
189,24,143.04540584539816,495.04540584539814,0.0
189,8,382.04540584539814,379.04540584539814,0.0
189,17,399.04540584539814,381.04540584539814,0.0
189,1,137.04540584539816,412.04540584539814,0.0
189,19,139.04540584539816,431.04540584539814,0.0
189,22,344.95459415460186,724.9545941546019,0.0
189,23,450.04540584539814,220.04540584539816,0.0
189,6,347.0,727.0,0.0
189,11,422.04540584539814,271.04540584539814,0.0
189,9,565.0454058453981,809.9545941546019,0.0
189,14,191.04540584539816,396.04540584539814,0.0
189,3,380.04540584539814,196.04540584539816,0.0
189,7,422.04540584539814,244.04540584539816,0.0
189,25,166.04540584539816,399.04540584539814,0.0
189,4,445.04540584539814,253.04540584539816,0.0
189,13,574.0454058453981,304.04540584539814,0.0
189,15,570.0454058453981,215.04540584539816,0.0
189,2,336.04540584539814,340.04540584539814,0.0
189,10,196.04540584539816,248.04540584539816,0.0
189,18,215.04540584539816,209.04540584539816,0.0
189,21,462.04540584539814,675.9545941546019,0.0
190,5,483.0,216.0,0.0
190,16,355.0,735.0,0.0
190,20,306.0,686.0,0.0
190,12,154.0,202.0,0.0
190,24,143.0,495.0,0.0
190,8,382.0,379.0,0.0
190,17,399.0,381.0,0.0
190,1,137.0,412.0,0.0
190,19,139.0,431.0,0.0
190,22,345.0,725.0,0.0
190,23,450.0,220.0,0.0
190,6,347.95459415460186,727.9545941546019,0.0
190,11,422.0,271.0,0.0
190,9,565.0,810.0,0.0
190,14,191.0,396.0,0.0
190,3,380.0,196.0,0.0
190,7,422.0,244.0,0.0
190,25,166.0,399.0,0.0
190,4,445.0,253.0,0.0
190,13,574.0,304.0,0.0
190,15,570.0,215.0,0.0
190,2,336.0,340.0,0.0
190,10,196.0,248.0,0.0
190,18,215.0,209.0,0.0
190,21,462.0,676.0,0.0
191,5,482.04540584539814,215.04540584539816,0.0
191,16,355.95459415460186,735.9545941546019,0.0
191,20,306.95459415460186,686.9545941546019,0.0
191,12,153.04540584539816,201.04540584539816,0.0
191,24,142.04540584539816,494.04540584539814,0.0
191,8,381.04540584539814,378.04540584539814,0.0
191,17,398.04540584539814,380.04540584539814,0.0
191,1,136.04540584539816,411.04540584539814,0.0
191,19,138.04540584539816,430.04540584539814,0.0
191,22,345.95459415460186,725.9545941546019,0.0
191,23,449.04540584539814,219.04540584539816,0.0
191,6,348.0,728.0,0.0
191,11,421.04540584539814,270.04540584539814,0.0
191,9,564.0454058453981,810.9545941546019,0.0
191,14,190.04540584539816,395.04540584539814,0.0
191,3,379.04540584539814,195.04540584539816,0.0
191,7,421.04540584539814,243.04540584539816,0.0
191,25,165.04540584539816,398.04540584539814,0.0
191,4,444.04540584539814,252.04540584539816,0.0
191,13,573.0454058453981,303.04540584539814,0.0
191,15,569.0454058453981,214.04540584539816,0.0
191,2,335.04540584539814,339.04540584539814,0.0
191,10,195.04540584539816,247.04540584539816,0.0
191,18,214.04540584539816,208.04540584539816,0.0
191,21,461.04540584539814,676.9545941546019,0.0
192,5,482.0,215.0,0.0
192,16,356.0,736.0,0.0
192,20,307.0,687.0,0.0
192,12,153.0,201.0,0.0
192,24,142.0,494.0,0.0
192,8,381.0,378.0,0.0
192,17,398.0,380.0,0.0
192,1,136.0,411.0,0.0
192,19,138.0,430.0,0.0
192,22,346.0,726.0,0.0
192,23,449.0,219.0,0.0
192,6,348.95459415460186,728.9545941546019,0.0
192,11,421.0,270.0,0.0
192,9,564.0,811.0,0.0
192,14,190.0,395.0,0.0
192,3,379.0,195.0,0.0
192,7,421.0,243.0,0.0
192,25,165.0,398.0,0.0
192,4,444.0,252.0,0.0
192,13,573.0,303.0,0.0
192,15,569.0,214.0,0.0
192,2,335.0,339.0,0.0
192,10,195.0,247.0,0.0
192,18,214.0,208.0,0.0
192,21,461.0,677.0,0.0
193,5,481.04540584539814,214.04540584539816,0.0
193,16,356.95459415460186,736.9545941546019,0.0
193,20,307.95459415460186,687.9545941546019,0.0
193,12,152.04540584539816,200.04540584539816,0.0
193,24,141.04540584539816,493.04540584539814,0.0
193,8,380.04540584539814,377.04540584539814,0.0
193,17,397.04540584539814,379.04540584539814,0.0
193,1,135.04540584539816,410.04540584539814,0.0
193,19,137.04540584539816,429.04540584539814,0.0
193,22,346.95459415460186,726.9545941546019,0.0
193,23,448.04540584539814,218.04540584539816,0.0
193,6,349.0,729.0,0.0
193,11,420.04540584539814,269.04540584539814,0.0
193,9,563.0454058453981,811.9545941546019,0.0
193,14,189.04540584539816,394.04540584539814,0.0
193,3,378.04540584539814,194.04540584539816,0.0
193,7,420.04540584539814,242.04540584539816,0.0
193,25,164.04540584539816,397.04540584539814,0.0
193,4,443.04540584539814,251.04540584539816,0.0
193,13,572.0454058453981,302.04540584539814,0.0
193,15,568.0454058453981,213.04540584539816,0.0
193,2,334.04540584539814,338.04540584539814,0.0
193,10,194.04540584539816,246.04540584539816,0.0
193,18,213.04540584539816,207.04540584539816,0.0
193,21,460.04540584539814,677.9545941546019,0.0
194,5,481.0,214.0,0.0
194,16,357.0,737.0,0.0
194,20,308.0,688.0,0.0
194,12,152.0,200.0,0.0
194,24,141.0,493.0,0.0
194,8,380.0,377.0,0.0
194,17,397.0,379.0,0.0
194,1,135.0,410.0,0.0
194,19,137.0,429.0,0.0
194,22,347.0,727.0,0.0
194,23,448.0,218.0,0.0
194,6,349.95459415460186,729.9545941546019,0.0
194,11,420.0,269.0,0.0
194,9,563.0,812.0,0.0
194,14,189.0,394.0,0.0
194,3,378.0,194.0,0.0
194,7,420.0,242.0,0.0
194,25,164.0,397.0,0.0
194,4,443.0,251.0,0.0
194,13,572.0,302.0,0.0
194,15,568.0,213.0,0.0
194,2,334.0,338.0,0.0
194,10,194.0,246.0,0.0
194,18,213.0,207.0,0.0
194,21,460.0,678.0,0.0
195,5,480.04540584539814,213.04540584539816,0.0
195,16,357.95459415460186,737.9545941546019,0.0
195,20,308.95459415460186,688.9545941546019,0.0
195,12,151.04540584539816,199.04540584539816,0.0
195,24,140.04540584539816,492.04540584539814,0.0
195,8,379.04540584539814,376.04540584539814,0.0
195,17,396.04540584539814,378.04540584539814,0.0
195,1,134.04540584539816,409.04540584539814,0.0
195,19,136.04540584539816,428.04540584539814,0.0
195,22,347.95459415460186,727.9545941546019,0.0
195,23,447.04540584539814,217.04540584539816,0.0
195,6,350.0,730.0,0.0
195,11,419.04540584539814,268.04540584539814,0.0
195,9,562.0454058453981,812.9545941546019,0.0
195,14,188.04540584539816,393.04540584539814,0.0
195,3,377.04540584539814,193.04540584539816,0.0
195,7,419.04540584539814,241.04540584539816,0.0
195,25,163.04540584539816,396.04540584539814,0.0
195,4,442.04540584539814,250.04540584539816,0.0
195,13,571.0454058453981,301.04540584539814,0.0
195,15,567.0454058453981,212.04540584539816,0.0
195,2,333.04540584539814,337.04540584539814,0.0
195,10,193.04540584539816,245.04540584539816,0.0
195,18,212.04540584539816,206.04540584539816,0.0
195,21,459.04540584539814,678.9545941546019,0.0
196,5,480.0,213.0,0.0
196,16,358.0,738.0,0.0
196,20,309.0,689.0,0.0
196,12,151.0,199.0,0.0
196,24,140.0,492.0,0.0
196,8,379.0,376.0,0.0
196,17,396.0,378.0,0.0
196,1,134.0,409.0,0.0
196,19,136.0,428.0,0.0
196,22,348.0,728.0,0.0
196,23,447.0,217.0,0.0
196,6,350.95459415460186,730.9545941546019,0.0
196,11,419.0,268.0,0.0
196,9,562.0,813.0,0.0
196,14,188.0,393.0,0.0
196,3,377.0,193.0,0.0
196,7,419.0,241.0,0.0
196,25,163.0,396.0,0.0
196,4,442.0,250.0,0.0
196,13,571.0,301.0,0.0
196,15,567.0,212.0,0.0
196,2,333.0,337.0,0.0
196,10,193.0,245.0,0.0
196,18,212.0,206.0,0.0
196,21,459.0,679.0,0.0
197,5,479.04540584539814,212.04540584539816,0.0
197,16,358.95459415460186,738.9545941546019,0.0
197,20,309.95459415460186,689.9545941546019,0.0
197,12,150.04540584539816,198.04540584539816,0.0
197,24,139.04540584539816,491.04540584539814,0.0
197,8,378.04540584539814,375.04540584539814,0.0
197,17,395.04540584539814,377.04540584539814,0.0
197,1,133.04540584539816,408.04540584539814,0.0
197,19,135.04540584539816,427.04540584539814,0.0
197,22,348.95459415460186,728.9545941546019,0.0
197,23,446.04540584539814,216.04540584539816,0.0
197,6,351.0,731.0,0.0
197,11,418.04540584539814,267.04540584539814,0.0
197,9,561.0454058453981,813.9545941546019,0.0
197,14,187.04540584539816,392.04540584539814,0.0
197,3,376.04540584539814,192.04540584539816,0.0
197,7,418.04540584539814,240.04540584539816,0.0
197,25,162.04540584539816,395.04540584539814,0.0
197,4,441.04540584539814,249.04540584539816,0.0
197,13,570.0454058453981,300.04540584539814,0.0
197,15,566.0454058453981,211.04540584539816,0.0
197,2,332.04540584539814,336.04540584539814,0.0
197,10,192.04540584539816,244.04540584539816,0.0
197,18,211.04540584539816,205.04540584539816,0.0
197,21,458.04540584539814,679.9545941546019,0.0
198,5,479.0,212.0,0.0
198,16,359.0,739.0,0.0
198,20,310.0,690.0,0.0
198,12,150.0,198.0,0.0
198,24,139.0,491.0,0.0
198,8,378.0,375.0,0.0
198,17,395.0,377.0,0.0
198,1,133.0,408.0,0.0
198,19,135.0,427.0,0.0
198,22,349.0,729.0,0.0
198,23,446.0,216.0,0.0
198,6,351.95459415460186,731.9545941546019,0.0
198,11,418.0,267.0,0.0
198,9,561.0,814.0,0.0
198,14,187.0,392.0,0.0
198,3,376.0,192.0,0.0
198,7,418.0,240.0,0.0
198,25,162.0,395.0,0.0
198,4,441.0,249.0,0.0
198,13,570.0,300.0,0.0
198,15,566.0,211.0,0.0
198,2,332.0,336.0,0.0
198,10,192.0,244.0,0.0
198,18,211.0,205.0,0.0
198,21,458.0,680.0,0.0
199,5,478.04540584539814,211.04540584539816,0.0
199,16,359.95459415460186,739.9545941546019,0.0
199,20,310.95459415460186,690.9545941546019,0.0
199,12,149.04540584539816,197.04540584539816,0.0
199,24,138.04540584539816,490.04540584539814,0.0
199,8,377.04540584539814,374.04540584539814,0.0
199,17,394.04540584539814,376.04540584539814,0.0
199,1,132.04540584539816,407.04540584539814,0.0
199,19,134.04540584539816,426.04540584539814,0.0
199,22,349.95459415460186,729.9545941546019,0.0
199,23,445.04540584539814,215.04540584539816,0.0
199,6,352.0,732.0,0.0
199,11,417.04540584539814,266.04540584539814,0.0
199,9,560.0454058453981,814.9545941546019,0.0
199,14,186.04540584539816,391.04540584539814,0.0
199,3,375.04540584539814,191.04540584539816,0.0
199,7,417.04540584539814,239.04540584539816,0.0
199,25,161.04540584539816,394.04540584539814,0.0
199,4,440.04540584539814,248.04540584539816,0.0
199,13,569.0454058453981,299.04540584539814,0.0
199,15,565.0454058453981,210.04540584539816,0.0
199,2,331.04540584539814,335.04540584539814,0.0
199,10,191.04540584539816,243.04540584539816,0.0
199,18,210.04540584539816,204.04540584539816,0.0
199,21,457.04540584539814,680.9545941546019,0.0
200,5,478.0,211.0,0.0
200,16,360.0,740.0,0.0
200,20,311.0,691.0,0.0
200,12,149.0,197.0,0.0
200,24,138.0,490.0,0.0
200,8,377.0,374.0,0.0
200,17,394.0,376.0,0.0
200,1,132.0,407.0,0.0
200,19,134.0,426.0,0.0
200,22,350.0,730.0,0.0
200,23,445.0,215.0,0.0
200,6,352.95459415460186,732.9545941546019,0.0
200,11,417.0,266.0,0.0
200,9,560.0,815.0,0.0
200,14,186.0,391.0,0.0
200,3,375.0,191.0,0.0
200,7,417.0,239.0,0.0
200,25,161.0,394.0,0.0
200,4,440.0,248.0,0.0
200,13,569.0,299.0,0.0
200,15,565.0,210.0,0.0
200,2,331.0,335.0,0.0
200,10,191.0,243.0,0.0
200,18,210.0,204.0,0.0
200,21,457.0,681.0,0.0
201,5,477.04540584539814,210.04540584539816,0.0
201,16,360.95459415460186,740.9545941546019,0.0
201,20,311.95459415460186,691.9545941546019,0.0
201,12,148.04540584539816,196.04540584539816,0.0
201,24,137.04540584539816,489.04540584539814,0.0
201,8,376.04540584539814,373.04540584539814,0.0
201,17,393.04540584539814,375.04540584539814,0.0
201,1,131.04540584539816,406.04540584539814,0.0
201,19,133.04540584539816,425.04540584539814,0.0
201,22,350.95459415460186,730.9545941546019,0.0
201,23,444.04540584539814,214.04540584539816,0.0
201,6,353.0,733.0,0.0
201,11,416.04540584539814,265.04540584539814,0.0
201,9,559.0454058453981,815.9545941546019,0.0
201,14,185.04540584539816,390.04540584539814,0.0
201,3,374.04540584539814,190.04540584539816,0.0
201,7,416.04540584539814,238.04540584539816,0.0
201,25,160.04540584539816,393.04540584539814,0.0
201,4,439.04540584539814,247.04540584539816,0.0
201,13,568.0454058453981,298.04540584539814,0.0
201,15,564.0454058453981,209.04540584539816,0.0
201,2,330.04540584539814,334.04540584539814,0.0
201,10,190.04540584539816,242.04540584539816,0.0
201,18,209.04540584539816,203.04540584539816,0.0
201,21,456.04540584539814,681.9545941546019,0.0
202,5,477.0,210.0,0.0
202,16,361.0,741.0,0.0
202,20,312.0,692.0,0.0
202,12,148.0,196.0,0.0
202,24,137.0,489.0,0.0
202,8,376.0,373.0,0.0
202,17,393.0,375.0,0.0
202,1,131.0,406.0,0.0
202,19,133.0,425.0,0.0
202,22,351.0,731.0,0.0
202,23,444.0,214.0,0.0
202,6,353.95459415460186,733.9545941546019,0.0
202,11,416.0,265.0,0.0
202,9,559.0,816.0,0.0
202,14,185.0,390.0,0.0
202,3,374.0,190.0,0.0
202,7,416.0,238.0,0.0
202,25,160.0,393.0,0.0
202,4,439.0,247.0,0.0
202,13,568.0,298.0,0.0
202,15,564.0,209.0,0.0
202,2,330.0,334.0,0.0
202,10,190.0,242.0,0.0
202,18,209.0,203.0,0.0
202,21,456.0,682.0,0.0
203,5,476.04540584539814,209.04540584539816,0.0
203,16,361.95459415460186,741.9545941546019,0.0
203,20,312.95459415460186,692.9545941546019,0.0
203,12,147.04540584539816,195.04540584539816,0.0
203,24,136.04540584539816,488.04540584539814,0.0
203,8,375.04540584539814,372.04540584539814,0.0
203,17,392.04540584539814,374.04540584539814,0.0
203,1,130.04540584539816,405.04540584539814,0.0
203,19,132.04540584539816,424.04540584539814,0.0
203,22,351.95459415460186,731.9545941546019,0.0
203,23,443.04540584539814,213.04540584539816,0.0
203,6,354.0,734.0,0.0
203,11,415.04540584539814,264.04540584539814,0.0
203,9,558.0454058453981,816.9545941546019,0.0
203,14,184.04540584539816,389.04540584539814,0.0
203,3,373.04540584539814,189.04540584539816,0.0
203,7,415.04540584539814,237.04540584539816,0.0
203,25,159.04540584539816,392.04540584539814,0.0
203,4,438.04540584539814,246.04540584539816,0.0
203,13,567.0454058453981,297.04540584539814,0.0
203,15,563.0454058453981,208.04540584539816,0.0
203,2,329.04540584539814,333.04540584539814,0.0
203,10,189.04540584539816,241.04540584539816,0.0
203,18,208.04540584539816,202.04540584539816,0.0
203,21,455.04540584539814,682.9545941546019,0.0
204,5,476.0,209.0,0.0
204,16,362.0,742.0,0.0
204,20,313.0,693.0,0.0
204,12,147.0,195.0,0.0
204,24,136.0,488.0,0.0
204,8,375.0,372.0,0.0
204,17,392.0,374.0,0.0
204,1,130.0,405.0,0.0
204,19,132.0,424.0,0.0
204,22,352.0,732.0,0.0
204,23,443.0,213.0,0.0
204,6,354.95459415460186,734.9545941546019,0.0
204,11,415.0,264.0,0.0
204,9,558.0,817.0,0.0
204,14,184.0,389.0,0.0
204,3,373.0,189.0,0.0
204,7,415.0,237.0,0.0
204,25,159.0,392.0,0.0
204,4,438.0,246.0,0.0
204,13,567.0,297.0,0.0
204,15,563.0,208.0,0.0
204,2,329.0,333.0,0.0
204,10,189.0,241.0,0.0
204,18,208.0,202.0,0.0
204,21,455.0,683.0,0.0
205,5,475.04540584539814,208.04540584539816,0.0
205,16,362.95459415460186,742.9545941546019,0.0
205,20,313.95459415460186,693.9545941546019,0.0
205,12,146.04540584539816,194.04540584539816,0.0
205,24,135.04540584539816,487.04540584539814,0.0
205,8,374.04540584539814,371.04540584539814,0.0
205,17,391.04540584539814,373.04540584539814,0.0
205,1,129.04540584539816,404.04540584539814,0.0
205,19,131.04540584539816,423.04540584539814,0.0
205,22,352.95459415460186,732.9545941546019,0.0
205,23,442.04540584539814,212.04540584539816,0.0
205,6,355.0,735.0,0.0
205,11,414.04540584539814,263.04540584539814,0.0
205,9,557.0454058453981,817.9545941546019,0.0
205,14,183.04540584539816,388.04540584539814,0.0
205,3,372.04540584539814,188.04540584539816,0.0
205,7,414.04540584539814,236.04540584539816,0.0
205,25,158.04540584539816,391.04540584539814,0.0
205,4,437.04540584539814,245.04540584539816,0.0
205,13,566.0454058453981,296.04540584539814,0.0
205,15,562.0454058453981,207.04540584539816,0.0
205,2,328.04540584539814,332.04540584539814,0.0
205,10,188.04540584539816,240.04540584539816,0.0
205,18,207.04540584539816,201.04540584539816,0.0
205,21,454.04540584539814,683.9545941546019,0.0
206,5,475.0,208.0,0.0
206,16,363.0,743.0,0.0
206,20,314.0,694.0,0.0
206,12,146.0,194.0,0.0
206,24,135.0,487.0,0.0
206,8,374.0,371.0,0.0
206,17,391.0,373.0,0.0
206,1,129.0,404.0,0.0
206,19,131.0,423.0,0.0
206,22,353.0,733.0,0.0
206,23,442.0,212.0,0.0
206,6,355.95459415460186,735.9545941546019,0.0
206,11,414.0,263.0,0.0
206,9,557.0,818.0,0.0
206,14,183.0,388.0,0.0
206,3,372.0,188.0,0.0
206,7,414.0,236.0,0.0
206,25,158.0,391.0,0.0
206,4,437.0,245.0,0.0
206,13,566.0,296.0,0.0
206,15,562.0,207.0,0.0
206,2,328.0,332.0,0.0
206,10,188.0,240.0,0.0
206,18,207.0,201.0,0.0
206,21,454.0,684.0,0.0
207,5,474.04540584539814,207.04540584539816,0.0
207,16,363.95459415460186,743.9545941546019,0.0
207,20,314.95459415460186,694.9545941546019,0.0
207,12,145.04540584539816,193.04540584539816,0.0
207,24,134.04540584539816,486.04540584539814,0.0
207,8,373.04540584539814,370.04540584539814,0.0
207,17,390.04540584539814,372.04540584539814,0.0
207,1,128.04540584539816,403.04540584539814,0.0
207,19,130.04540584539816,422.04540584539814,0.0
207,22,353.95459415460186,733.9545941546019,0.0
207,23,441.04540584539814,211.04540584539816,0.0
207,6,356.0,736.0,0.0
207,11,413.04540584539814,262.04540584539814,0.0
207,9,556.0454058453981,818.9545941546019,0.0
207,14,182.04540584539816,387.04540584539814,0.0
207,3,371.04540584539814,187.04540584539816,0.0
207,7,413.04540584539814,235.04540584539816,0.0
207,25,157.04540584539816,390.04540584539814,0.0
207,4,436.04540584539814,244.04540584539816,0.0
207,13,565.0454058453981,295.04540584539814,0.0
207,15,561.0454058453981,206.04540584539816,0.0
207,2,327.04540584539814,331.04540584539814,0.0
207,10,187.04540584539816,239.04540584539816,0.0
207,18,206.04540584539816,200.04540584539816,0.0
207,21,453.04540584539814,684.9545941546019,0.0
208,5,474.0,207.0,0.0
208,16,364.0,744.0,0.0
208,20,315.0,695.0,0.0
208,12,145.0,193.0,0.0
208,24,134.0,486.0,0.0
208,8,373.0,370.0,0.01
208,17,390.0,372.0,0.0
208,1,128.0,403.0,0.0
208,19,130.0,422.0,0.0
208,22,354.0,734.0,0.0
208,23,441.0,211.0,0.0
208,6,356.95459415460186,736.9545941546019,0.0
208,11,413.0,262.0,0.0
208,9,556.0,819.0,0.0
208,14,182.0,387.0,0.0
208,3,371.0,187.0,0.0
208,7,413.0,235.0,0.0
208,25,157.0,390.0,0.0
208,4,436.0,244.0,0.0
208,13,565.0,295.0,0.0
208,15,561.0,206.0,0.0
208,2,327.0,331.0,0.0
208,10,187.0,239.0,0.0
208,18,206.0,200.0,0.0
208,21,453.0,685.0,0.0
209,5,473.04540584539814,206.04540584539816,0.0
209,16,364.95459415460186,744.9545941546019,0.0
209,20,315.95459415460186,695.9545941546019,0.0
209,12,144.04540584539816,192.04540584539816,0.0
209,24,133.04540584539816,485.04540584539814,0.0
209,8,372.0378731707119,369.0378731707119,0.02
209,17,389.04540584539814,371.04540584539814,0.0
209,1,127.04540584539816,402.04540584539814,0.0
209,19,129.04540584539816,421.04540584539814,0.0
209,22,354.95459415460186,734.9545941546019,0.0
209,23,440.04540584539814,210.04540584539816,0.0
209,6,357.0,737.0,0.0
209,11,412.04540584539814,261.04540584539814,0.0
209,9,555.0454058453981,819.9545941546019,0.0
209,14,181.04540584539816,386.04540584539814,0.0
209,3,370.04540584539814,186.04540584539816,0.0
209,7,412.04540584539814,234.04540584539816,0.0
209,25,156.04540584539816,389.04540584539814,0.0
209,4,435.04540584539814,243.04540584539816,0.0
209,13,564.0454058453981,294.04540584539814,0.0
209,15,560.0454058453981,205.04540584539816,0.0
209,2,326.04540584539814,330.04540584539814,0.0
209,10,186.04540584539816,238.04540584539816,0.0
209,18,205.04540584539816,199.04540584539816,0.0
209,21,452.04540584539814,685.9545941546019,0.0
210,5,473.0,206.0,0.0
210,16,365.0,745.0,0.0
210,20,316.0,696.0,0.0
210,12,144.0,192.0,0.0
210,24,133.0,485.0,0.0
210,8,372.0,369.0,0.03
210,17,389.0,371.0,0.0
210,1,127.0,402.0,0.0
210,19,129.0,421.0,0.0
210,22,355.0,735.0,0.0
210,23,440.0,210.0,0.0
210,6,357.95459415460186,737.9545941546019,0.0
210,11,412.0,261.0,0.0
210,9,555.0,820.0,0.0
210,14,181.0,386.0,0.0
210,3,370.0,186.0,0.0
210,7,412.0,234.0,0.0
210,25,156.0,389.0,0.0
210,4,435.0,243.0,0.0
210,13,564.0,294.0,0.0
210,15,560.0,205.0,0.0
210,2,326.0,330.0,0.0
210,10,186.0,238.0,0.0
210,18,205.0,199.0,0.0
210,21,452.0,686.0,0.0
211,5,472.04540584539814,205.04540584539816,0.0
211,16,365.95459415460186,745.9545941546019,0.0
211,20,316.95459415460186,696.9545941546019,0.0
211,12,143.04540584539816,191.04540584539816,0.0
211,24,132.04540584539816,484.04540584539814,0.0
211,8,371.030281055909,368.030281055909,0.04
211,17,388.04540584539814,370.04540584539814,0.0
211,1,126.04540584539816,401.04540584539814,0.0
211,19,128.04540584539816,420.04540584539814,0.0
211,22,355.95459415460186,735.9545941546019,0.0
211,23,439.04540584539814,209.04540584539816,0.0
211,6,358.0,738.0,0.0
211,11,411.04540584539814,260.04540584539814,0.0
211,9,554.0454058453981,820.9545941546019,0.0
211,14,180.04540584539816,385.04540584539814,0.0
211,3,369.04540584539814,185.04540584539816,0.0
211,7,411.04540584539814,233.04540584539816,0.0
211,25,155.04540584539816,388.04540584539814,0.0
211,4,434.04540584539814,242.04540584539816,0.0
211,13,563.0454058453981,293.04540584539814,0.0
211,15,559.0454058453981,204.04540584539816,0.0
211,2,325.04540584539814,329.04540584539814,0.0
211,10,185.04540584539816,237.04540584539816,0.0
211,18,204.04540584539816,198.04540584539816,0.0
211,21,451.04540584539814,686.9545941546019,0.0
212,5,472.0,205.0,0.0
212,16,366.0,746.0,0.0
212,20,317.0,697.0,0.0
212,12,143.0,191.0,0.0
212,24,132.0,484.0,0.0
212,8,371.0,368.0,0.05
212,17,388.0,370.0,0.0
212,1,126.0,401.0,0.0
212,19,128.0,420.0,0.0
212,22,356.0,736.0,0.0
212,23,439.0,209.0,0.0
212,6,358.95459415460186,738.9545941546019,0.0
212,11,411.0,260.0,0.0
212,9,554.0,821.0,0.0
212,14,180.0,385.0,0.0
212,3,369.0,185.0,0.0
212,7,411.0,233.0,0.0
212,25,155.0,388.0,0.0
212,4,434.0,242.0,0.0
212,13,563.0,293.0,0.0
212,15,559.0,204.0,0.0
212,2,325.0,329.0,0.0
212,10,185.0,237.0,0.0
212,18,204.0,198.0,0.0
212,21,451.0,687.0,0.0
213,5,471.04540584539814,204.04540584539816,0.0
213,16,366.95459415460186,746.9545941546019,0.0
213,20,317.95459415460186,697.9545941546019,0.0
213,12,142.04540584539816,190.04540584539816,0.0
213,24,131.04540584539816,483.04540584539814,0.0
213,8,370.0226290319491,367.0226290319491,0.060000000000000005
213,17,387.04540584539814,369.04540584539814,0.0
213,1,125.04540584539816,400.04540584539814,0.0
213,19,127.04540584539816,419.04540584539814,0.0
213,22,356.95459415460186,736.9545941546019,0.0
213,23,438.04540584539814,208.04540584539816,0.0
213,6,359.0,739.0,0.0
213,11,410.04540584539814,259.04540584539814,0.0
213,9,553.0454058453981,821.9545941546019,0.0
213,14,179.04540584539816,384.04540584539814,0.0
213,3,368.04540584539814,184.04540584539816,0.0
213,7,410.04540584539814,232.04540584539816,0.0
213,25,154.04540584539816,387.04540584539814,0.0
213,4,433.04540584539814,241.04540584539816,0.0
213,13,562.0454058453981,292.04540584539814,0.0
213,15,558.0454058453981,203.04540584539816,0.0
213,2,324.04540584539814,328.04540584539814,0.0
213,10,184.04540584539816,236.04540584539816,0.0
213,18,203.04540584539816,197.04540584539816,0.0
213,21,450.04540584539814,687.9545941546019,0.0
214,5,471.0,204.0,0.0
214,16,367.0,747.0,0.0
214,20,318.0,698.0,0.0
214,12,142.0,190.0,0.0
214,24,131.0,483.0,0.0
214,8,370.0,367.0,0.07
214,17,387.0,369.0,0.0
214,1,125.0,400.0,0.0
214,19,127.0,419.0,0.0
214,22,357.0,737.0,0.0
214,23,438.0,208.0,0.0
214,6,359.95459415460186,739.9545941546019,0.0
214,11,410.0,259.0,0.0
214,9,553.0,822.0,0.0
214,14,179.0,384.0,0.0
214,3,368.0,184.0,0.0
214,7,410.0,232.0,0.0
214,25,154.0,387.0,0.0
214,4,433.0,241.0,0.0
214,13,562.0,292.0,0.0
214,15,558.0,203.0,0.0
214,2,324.0,328.0,0.0
214,10,184.0,236.0,0.0
214,18,203.0,197.0,0.0
214,21,450.0,688.0,0.0
215,5,470.04540584539814,203.04540584539816,0.0
215,16,367.95459415460186,747.9545941546019,0.0
215,20,318.95459415460186,698.9545941546019,0.0
215,12,141.04540584539816,189.04540584539816,0.0
215,24,130.04540584539816,482.04540584539814,0.0
215,8,369.01491662609095,366.01491662609095,0.08
215,17,386.04540584539814,368.04540584539814,0.0
215,1,124.04540584539816,399.04540584539814,0.0
215,19,126.04540584539816,418.04540584539814,0.0
215,22,357.95459415460186,737.9545941546019,0.0
215,23,437.04540584539814,207.04540584539816,0.0
215,6,360.0,740.0,0.0
215,11,409.04540584539814,258.04540584539814,0.0
215,9,552.0454058453981,822.9545941546019,0.0
215,14,178.04540584539816,383.04540584539814,0.0
215,3,367.04540584539814,183.04540584539816,0.0
215,7,409.04540584539814,231.04540584539816,0.0
215,25,153.04540584539816,386.04540584539814,0.0
215,4,432.04540584539814,240.04540584539816,0.0
215,13,561.0454058453981,291.04540584539814,0.0
215,15,557.0454058453981,202.04540584539816,0.0
215,2,323.04540584539814,327.04540584539814,0.0
215,10,183.04540584539816,235.04540584539816,0.0
215,18,202.04540584539816,196.04540584539816,0.0
215,21,449.04540584539814,688.9545941546019,0.0
216,5,470.0,203.0,0.0
216,16,368.0,748.0,0.0
216,20,319.0,699.0,0.0
216,12,141.0,189.0,0.0
216,24,130.0,482.0,0.0
216,8,369.0,366.0,0.09
216,17,386.0,368.0,0.0
216,1,124.0,399.0,0.0
216,19,126.0,418.0,0.0
216,22,358.0,738.0,0.0
216,23,437.0,207.0,0.0
216,6,360.95459415460186,740.9545941546019,0.0
216,11,409.0,258.0,0.0
216,9,552.0,823.0,0.0
216,14,178.0,383.0,0.0
216,3,367.0,183.0,0.0
216,7,409.0,231.0,0.0
216,25,153.0,386.0,0.0
216,4,432.0,240.0,0.0
216,13,561.0,291.0,0.0
216,15,557.0,202.0,0.0
216,2,323.0,327.0,0.0
216,10,183.0,235.0,0.0
216,18,202.0,196.0,0.0
216,21,449.0,689.0,0.0
217,5,469.04540584539814,202.04540584539816,0.0
217,16,368.95459415460186,748.9545941546019,0.0
217,20,319.95459415460186,699.9545941546019,0.0
217,12,140.04540584539816,188.04540584539816,0.0
217,24,129.04540584539816,481.04540584539814,0.0
217,8,368.0071433618627,365.0071433618627,0.09999999999999999
217,17,385.04540584539814,367.04540584539814,0.0
217,1,123.04540584539816,398.04540584539814,0.0
217,19,125.04540584539816,417.04540584539814,0.0
217,22,358.95459415460186,738.9545941546019,0.0
217,23,436.04540584539814,206.04540584539816,0.0
217,6,361.0,741.0,0.0
217,11,408.04540584539814,257.04540584539814,0.0
217,9,551.0454058453981,823.9545941546019,0.0
217,14,177.04540584539816,382.04540584539814,0.0
217,3,366.04540584539814,182.04540584539816,0.0
217,7,408.04540584539814,230.04540584539816,0.0
217,25,152.04540584539816,385.04540584539814,0.0
217,4,431.04540584539814,239.04540584539816,0.0
217,13,560.0454058453981,290.04540584539814,0.0
217,15,556.0454058453981,201.04540584539816,0.0
217,2,322.04540584539814,326.04540584539814,0.0
217,10,182.04540584539816,234.04540584539816,0.0
217,18,201.04540584539816,195.04540584539816,0.0
217,21,448.04540584539814,689.9545941546019,0.0
218,5,469.0,202.0,0.0
218,16,369.0,749.0,0.0
218,20,320.0,700.0,0.0
218,12,140.0,188.0,0.0
218,24,129.0,481.0,0.0
218,8,368.0,365.0,0.10999999999999999
218,17,385.0,367.0,0.0
218,1,123.0,398.0,0.0
218,19,125.0,417.0,0.0
218,22,359.0,739.0,0.0
218,23,436.0,206.0,0.0
218,6,361.95459415460186,741.9545941546019,0.0
218,11,408.0,257.0,0.0
218,9,551.0,824.0,0.0
218,14,177.0,382.0,0.0
218,3,366.0,182.0,0.0
218,7,408.0,230.0,0.0
218,25,152.0,385.0,0.0
218,4,431.0,239.0,0.0
218,13,560.0,290.0,0.0
218,15,556.0,201.0,0.0
218,2,322.0,326.0,0.0
218,10,182.0,234.0,0.0
218,18,201.0,195.0,0.0
218,21,448.0,690.0,0.0
219,5,468.04540584539814,201.04540584539816,0.0
219,16,369.95459415460186,749.9545941546019,0.0
219,20,320.95459415460186,700.9545941546019,0.0
219,12,139.04540584539816,187.04540584539816,0.0
219,24,128.04540584539816,480.04540584539814,0.0
219,8,367.0,364.0,0.11999999999999998
219,17,384.04540584539814,366.04540584539814,0.0
219,1,122.04540584539816,397.04540584539814,0.0
219,19,124.04540584539816,416.04540584539814,0.0
219,22,359.95459415460186,739.9545941546019,0.0
219,23,435.04540584539814,205.04540584539816,0.0
219,6,362.0,742.0,0.0
219,11,407.04540584539814,256.04540584539814,0.0
219,9,550.0454058453981,824.9545941546019,0.0
219,14,176.04540584539816,381.04540584539814,0.0
219,3,365.04540584539814,181.04540584539816,0.0
219,7,407.04540584539814,229.04540584539816,0.0
219,25,151.04540584539816,384.04540584539814,0.0
219,4,430.04540584539814,238.04540584539816,0.0
219,13,559.0454058453981,289.04540584539814,0.0
219,15,555.0454058453981,200.04540584539816,0.0
219,2,321.04540584539814,325.04540584539814,0.0
219,10,181.04540584539816,233.04540584539816,0.0
219,18,200.04540584539816,194.04540584539816,0.0
219,21,447.04540584539814,690.9545941546019,0.0
220,5,468.0,201.0,0.0
220,16,370.0,750.0,0.0
220,20,321.0,701.0,0.0
220,12,139.0,187.0,0.0
220,24,128.0,480.0,0.0
220,8,366.0,363.0,0.12999999999999998
220,17,384.0,366.0,0.0
220,1,122.0,397.0,0.0
220,19,124.0,416.0,0.0
220,22,360.0,740.0,0.0
220,23,435.0,205.0,0.0
220,6,362.95459415460186,742.9545941546019,0.0
220,11,407.0,256.0,0.0
220,9,550.0,825.0,0.0
220,14,176.0,381.0,0.0
220,3,365.0,181.0,0.0
220,7,407.0,229.0,0.0
220,25,151.0,384.0,0.0
220,4,430.0,238.0,0.0
220,13,559.0,289.0,0.0
220,15,555.0,200.0,0.0
220,2,321.0,325.0,0.0
220,10,181.0,233.0,0.0
220,18,200.0,194.0,0.0
220,21,447.0,691.0,0.0
221,5,467.04540584539814,200.04540584539816,0.0
221,16,370.95459415460186,750.9545941546019,0.0
221,20,321.95459415460186,701.9545941546019,0.0
221,12,138.04540584539816,186.04540584539816,0.0
221,24,127.04540584539816,479.04540584539814,0.0
221,8,365.0,362.0,0.13999999999999999
221,17,383.04540584539814,365.04540584539814,0.0
221,1,121.04540584539816,396.04540584539814,0.0
221,19,123.04540584539816,415.04540584539814,0.0
221,22,360.95459415460186,740.9545941546019,0.0
221,23,434.04540584539814,204.04540584539816,0.0
221,6,363.0,743.0,0.0
221,11,406.04540584539814,255.04540584539816,0.0
221,9,549.0454058453981,825.9545941546019,0.0
221,14,175.04540584539816,380.04540584539814,0.0
221,3,364.04540584539814,180.04540584539816,0.0
221,7,406.04540584539814,228.04540584539816,0.0
221,25,150.04540584539816,383.04540584539814,0.0
221,4,429.04540584539814,237.04540584539816,0.0
221,13,558.0454058453981,288.04540584539814,0.0
221,15,554.0454058453981,199.04540584539816,0.0
221,2,320.04540584539814,324.04540584539814,0.0
221,10,180.04540584539816,232.04540584539816,0.0
221,18,199.04540584539816,193.04540584539816,0.0
221,21,446.04540584539814,691.9545941546019,0.0
222,5,467.0,200.0,0.0
222,16,371.0,751.0,0.0
222,20,322.0,702.0,0.0
222,12,138.0,186.0,0.0
222,24,127.0,479.0,0.0
222,8,364.0,361.0,0.15
222,17,383.0,365.0,0.0
222,1,121.0,396.0,0.0
222,19,123.0,415.0,0.0
222,22,361.0,741.0,0.0
222,23,434.0,204.0,0.0
222,6,363.95459415460186,743.9545941546019,0.0
222,11,406.0,255.0,0.0
222,9,549.0,826.0,0.0
222,14,175.0,380.0,0.0
222,3,364.0,180.0,0.0
222,7,406.0,228.0,0.0
222,25,150.0,383.0,0.0
222,4,429.0,237.0,0.0
222,13,558.0,288.0,0.0
222,15,554.0,199.0,0.0
222,2,320.0,324.0,0.0
222,10,180.0,232.0,0.0
222,18,199.0,193.0,0.0
222,21,446.0,692.0,0.0
223,5,466.04540584539814,199.04540584539816,0.0
223,16,371.95459415460186,751.9545941546019,0.0
223,20,322.95459415460186,702.9545941546019,0.0
223,12,137.04540584539816,185.04540584539816,0.0
223,24,126.04540584539816,478.04540584539814,0.0
223,8,363.0,360.0,0.16
223,17,382.04540584539814,364.04540584539814,0.0
223,1,120.04540584539816,395.04540584539814,0.0
223,19,122.04540584539816,414.04540584539814,0.0
223,22,361.95459415460186,741.9545941546019,0.0
223,23,433.04540584539814,203.04540584539816,0.0
223,6,364.0,744.0,0.0
223,11,405.04540584539814,254.04540584539816,0.0
223,9,548.0454058453981,826.9545941546019,0.0
223,14,174.04540584539816,379.04540584539814,0.0
223,3,363.04540584539814,179.04540584539816,0.0
223,7,405.04540584539814,227.04540584539816,0.0
223,25,149.04540584539816,382.04540584539814,0.0
223,4,428.04540584539814,236.04540584539816,0.0
223,13,557.0454058453981,287.04540584539814,0.0
223,15,553.0454058453981,198.04540584539816,0.0
223,2,319.04540584539814,323.04540584539814,0.0
223,10,179.04540584539816,231.04540584539816,0.0
223,18,198.04540584539816,192.04540584539816,0.0
223,21,445.04540584539814,692.9545941546019,0.0
224,5,466.0,199.0,0.0
224,16,372.0,752.0,0.0
224,20,323.0,703.0,0.0
224,12,137.0,185.0,0.0
224,24,126.0,478.0,0.0
224,8,362.0,359.0,0.17
224,17,382.0,364.0,0.0
224,1,120.0,395.0,0.0
224,19,122.0,414.0,0.0
224,22,362.0,742.0,0.0
224,23,433.0,203.0,0.0
224,6,364.95459415460186,744.9545941546019,0.0
224,11,405.0,254.0,0.0
224,9,548.0,827.0,0.0
224,14,174.0,379.0,0.0
224,3,363.0,179.0,0.0
224,7,405.0,227.0,0.0
224,25,149.0,382.0,0.0
224,4,428.0,236.0,0.0
224,13,557.0,287.0,0.0
224,15,553.0,198.0,0.0
224,2,319.0,323.0,0.0
224,10,179.0,231.0,0.0
224,18,198.0,192.0,0.0
224,21,445.0,693.0,0.0
225,5,465.04540584539814,198.04540584539816,0.0
225,16,372.95459415460186,752.9545941546019,0.0
225,20,323.95459415460186,703.9545941546019,0.0
225,12,136.04540584539816,184.04540584539816,0.0
225,24,125.04540584539816,477.04540584539814,0.0
225,8,361.0,358.0,0.18000000000000002
225,17,381.04540584539814,363.04540584539814,0.0
225,1,119.04540584539816,394.04540584539814,0.0
225,19,121.04540584539816,413.04540584539814,0.0
225,22,362.95459415460186,742.9545941546019,0.0
225,23,432.04540584539814,202.04540584539816,0.0
225,6,365.0,745.0,0.0
225,11,404.04540584539814,253.04540584539816,0.0
225,9,547.0454058453981,827.9545941546019,0.0
225,14,173.04540584539816,378.04540584539814,0.0
225,3,362.04540584539814,178.04540584539816,0.0
225,7,404.04540584539814,226.04540584539816,0.0
225,25,148.04540584539816,381.04540584539814,0.0
225,4,427.04540584539814,235.04540584539816,0.0
225,13,556.0454058453981,286.04540584539814,0.0
225,15,552.0454058453981,197.04540584539816,0.0
225,2,318.04540584539814,322.04540584539814,0.0
225,10,178.04540584539816,230.04540584539816,0.0
225,18,197.04540584539816,191.04540584539816,0.0
225,21,444.04540584539814,693.9545941546019,0.0
226,5,465.0,198.0,0.0
226,16,373.0,753.0,0.0
226,20,324.0,704.0,0.0
226,12,136.0,184.0,0.0
226,24,125.0,477.0,0.0
226,8,360.0,357.0,0.19000000000000003
226,17,381.0,363.0,0.0
226,1,119.0,394.0,0.0
226,19,121.0,413.0,0.0
226,22,363.0,743.0,0.0
226,23,432.0,202.0,0.0
226,6,365.95459415460186,745.9545941546019,0.0
226,11,404.0,253.0,0.0
226,9,547.0,828.0,0.0
226,14,173.0,378.0,0.0
226,3,362.0,178.0,0.0
226,7,404.0,226.0,0.0
226,25,148.0,381.0,0.0
226,4,427.0,235.0,0.0
226,13,556.0,286.0,0.0
226,15,552.0,197.0,0.0
226,2,318.0,322.0,0.0
226,10,178.0,230.0,0.0
226,18,197.0,191.0,0.0
226,21,444.0,694.0,0.0
227,5,464.04540584539814,197.04540584539816,0.0
227,16,373.95459415460186,753.9545941546019,0.0
227,20,324.95459415460186,704.9545941546019,0.0
227,12,135.04540584539816,183.04540584539816,0.0
227,24,124.04540584539816,476.04540584539814,0.0
227,8,359.0,356.0,0.20000000000000004
227,17,380.04540584539814,362.04540584539814,0.0
227,1,118.04540584539816,393.04540584539814,0.0
227,19,120.04540584539816,412.04540584539814,0.0
227,22,363.95459415460186,743.9545941546019,0.0
227,23,431.04540584539814,201.04540584539816,0.0
227,6,366.0,746.0,0.0
227,11,403.04540584539814,252.04540584539816,0.0
227,9,546.0454058453981,828.9545941546019,0.0
227,14,172.04540584539816,377.04540584539814,0.0
227,3,361.04540584539814,177.04540584539816,0.0
227,7,403.04540584539814,225.04540584539816,0.0
227,25,147.04540584539816,380.04540584539814,0.0
227,4,426.04540584539814,234.04540584539816,0.0
227,13,555.0454058453981,285.04540584539814,0.0
227,15,551.0454058453981,196.04540584539816,0.0
227,2,317.04540584539814,321.04540584539814,0.0
227,10,177.04540584539816,229.04540584539816,0.0
227,18,196.04540584539816,190.04540584539816,0.0
227,21,443.04540584539814,694.9545941546019,0.0
228,5,464.0,197.0,0.0
228,16,374.0,754.0,0.0
228,20,325.0,705.0,0.0
228,12,135.0,183.0,0.0
228,24,124.0,476.0,0.0
228,8,358.0,355.0,0.21000000000000005
228,17,380.0,362.0,0.0
228,1,118.0,393.0,0.0
228,19,120.0,412.0,0.0
228,22,364.0,744.0,0.0
228,23,431.0,201.0,0.0
228,6,366.95459415460186,746.9545941546019,0.0
228,11,403.0,252.0,0.0
228,9,546.0,829.0,0.0
228,14,172.0,377.0,0.0
228,3,361.0,177.0,0.0
228,7,403.0,225.0,0.0
228,25,147.0,380.0,0.0
228,4,426.0,234.0,0.0
228,13,555.0,285.0,0.0
228,15,551.0,196.0,0.0
228,2,317.0,321.0,0.0
228,10,177.0,229.0,0.0
228,18,196.0,190.0,0.0
228,21,443.0,695.0,0.0
229,5,463.04540584539814,196.04540584539816,0.0
229,16,374.95459415460186,754.9545941546019,0.0
229,20,325.95459415460186,705.9545941546019,0.0
229,12,134.04540584539816,182.04540584539816,0.0
229,24,123.04540584539816,475.04540584539814,0.0
229,8,357.0,354.0,0.22000000000000006
229,17,379.04540584539814,361.04540584539814,0.0
229,1,117.04540584539816,392.04540584539814,0.0
229,19,119.04540584539816,411.04540584539814,0.0
229,22,364.95459415460186,744.9545941546019,0.0
229,23,430.04540584539814,200.04540584539816,0.0
229,6,367.0,747.0,0.0
229,11,402.04540584539814,251.04540584539816,0.0
229,9,545.0454058453981,829.9545941546019,0.0
229,14,171.04540584539816,376.04540584539814,0.0
229,3,360.04540584539814,176.04540584539816,0.0
229,7,402.04540584539814,224.04540584539816,0.0
229,25,146.04540584539816,379.04540584539814,0.0
229,4,425.04540584539814,233.04540584539816,0.0
229,13,554.0454058453981,284.04540584539814,0.0
229,15,550.0454058453981,195.04540584539816,0.0
229,2,316.04540584539814,320.04540584539814,0.0
229,10,176.04540584539816,228.04540584539816,0.0
229,18,195.04540584539816,189.04540584539816,0.0
229,21,442.04540584539814,695.9545941546019,0.0
230,5,463.0,196.0,0.0
230,16,375.0,755.0,0.0
230,20,326.0,706.0,0.0
230,12,134.0,182.0,0.0
230,24,123.0,475.0,0.0
230,8,356.0,353.0,0.23000000000000007
230,17,379.0,361.0,0.0
230,1,117.0,392.0,0.0
230,19,119.0,411.0,0.0
230,22,365.0,745.0,0.0
230,23,430.0,200.0,0.0
230,6,367.95459415460186,747.9545941546019,0.0
230,11,402.0,251.0,0.0
230,9,545.0,830.0,0.0
230,14,171.0,376.0,0.0
230,3,360.0,176.0,0.0
230,7,402.0,224.0,0.0
230,25,146.0,379.0,0.0
230,4,425.0,233.0,0.0
230,13,554.0,284.0,0.0
230,15,550.0,195.0,0.0
230,2,316.0,320.0,0.0
230,10,176.0,228.0,0.0
230,18,195.0,189.0,0.0
230,21,442.0,696.0,0.0
231,5,462.04540584539814,195.04540584539816,0.0
231,16,375.95459415460186,755.9545941546019,0.0
231,20,326.95459415460186,706.9545941546019,0.0
231,12,133.04540584539816,181.04540584539816,0.0
231,24,122.04540584539816,474.04540584539814,0.0
231,8,355.0,352.0,0.24000000000000007
231,17,378.04540584539814,360.04540584539814,0.0
231,1,116.04540584539816,391.04540584539814,0.0
231,19,118.04540584539816,410.04540584539814,0.0
231,22,365.95459415460186,745.9545941546019,0.0
231,23,429.04540584539814,199.04540584539816,0.0
231,6,368.0,748.0,0.0
231,11,401.04540584539814,250.04540584539816,0.0
231,9,544.0454058453981,830.9545941546019,0.0
231,14,170.04540584539816,375.04540584539814,0.0
231,3,359.04540584539814,175.04540584539816,0.0
231,7,401.04540584539814,223.04540584539816,0.0
231,25,145.04540584539816,378.04540584539814,0.0
231,4,424.04540584539814,232.04540584539816,0.0
231,13,553.0454058453981,283.04540584539814,0.0
231,15,549.0454058453981,194.04540584539816,0.0
231,2,315.04540584539814,319.04540584539814,0.0
231,10,175.04540584539816,227.04540584539816,0.0
231,18,194.04540584539816,188.04540584539816,0.0
231,21,441.04540584539814,696.9545941546019,0.0
232,5,462.0,195.0,0.0
232,16,376.0,756.0,0.0
232,20,327.0,707.0,0.0
232,12,133.0,181.0,0.0
232,24,122.0,474.0,0.0
232,8,354.0,351.0,0.25000000000000006
232,17,378.0,360.0,0.0
232,1,116.0,391.0,0.0
232,19,118.0,410.0,0.0
232,22,366.0,746.0,0.0
232,23,429.0,199.0,0.0
232,6,368.95459415460186,748.9545941546019,0.0
232,11,401.0,250.0,0.0
232,9,544.0,831.0,0.0
232,14,170.0,375.0,0.0
232,3,359.0,175.0,0.0
232,7,401.0,223.0,0.0
232,25,145.0,378.0,0.0
232,4,424.0,232.0,0.0
232,13,553.0,283.0,0.0
232,15,549.0,194.0,0.0
232,2,315.0,319.0,0.0
232,10,175.0,227.0,0.0
232,18,194.0,188.0,0.0
232,21,441.0,697.0,0.0
233,5,461.04540584539814,194.04540584539816,0.0
233,16,376.95459415460186,756.9545941546019,0.0
233,20,327.95459415460186,707.9545941546019,0.0
233,12,132.04540584539816,180.04540584539816,0.0
233,24,121.04540584539816,473.04540584539814,0.0
233,8,353.0,350.0,0.26000000000000006
233,17,377.04540584539814,359.04540584539814,0.0
233,1,115.04540584539816,390.04540584539814,0.0
233,19,117.04540584539816,409.04540584539814,0.0
233,22,366.95459415460186,746.9545941546019,0.0
233,23,428.04540584539814,198.04540584539816,0.0
233,6,369.0,749.0,0.0
233,11,400.04540584539814,249.04540584539816,0.0
233,9,543.0454058453981,831.9545941546019,0.0
233,14,169.04540584539816,374.04540584539814,0.0
233,3,358.04540584539814,174.04540584539816,0.0
233,7,400.04540584539814,222.04540584539816,0.0
233,25,144.04540584539816,377.04540584539814,0.0
233,4,423.04540584539814,231.04540584539816,0.0
233,13,552.0454058453981,282.04540584539814,0.0
233,15,548.0454058453981,193.04540584539816,0.0
233,2,314.04540584539814,318.04540584539814,0.0
233,10,174.04540584539816,226.04540584539816,0.0
233,18,193.04540584539816,187.04540584539816,0.0
233,21,440.04540584539814,697.9545941546019,0.0
234,5,461.0,194.0,0.0
234,16,377.0,757.0,0.0
234,20,328.0,708.0,0.0
234,12,132.0,180.0,0.0
234,24,121.0,473.0,0.0
234,8,352.0,349.0,0.2700000000000001
234,17,377.0,359.0,0.005
234,1,115.0,390.0,0.0
234,19,117.0,409.0,0.0
234,22,367.0,747.0,0.0
234,23,428.0,198.0,0.0
234,6,369.95459415460186,749.9545941546019,0.0
234,11,400.0,249.0,0.0
234,9,543.0,832.0,0.0
234,14,169.0,374.0,0.0
234,3,358.0,174.0,0.0
234,7,400.0,222.0,0.0
234,25,144.0,377.0,0.0
234,4,423.0,231.0,0.0
234,13,552.0,282.0,0.0
234,15,548.0,193.0,0.0
234,2,314.0,318.0,0.0
234,10,174.0,226.0,0.0
234,18,193.0,187.0,0.0
234,21,440.0,698.0,0.0
235,5,460.04540584539814,193.04540584539816,0.0
235,16,377.95459415460186,757.9545941546019,0.0
235,20,328.95459415460186,708.9545941546019,0.0
235,12,131.04540584539816,179.04540584539816,0.0
235,24,120.04540584539816,472.04540584539814,0.0
235,8,351.0,348.0,0.2800000000000001
235,17,376.0416469088984,358.0416469088984,0.01
235,1,114.04540584539816,389.04540584539814,0.0
235,19,116.04540584539816,408.04540584539814,0.0
235,22,367.95459415460186,747.9545941546019,0.0
235,23,427.04540584539814,197.04540584539816,0.0
235,6,370.0,750.0,0.0
235,11,399.04540584539814,248.04540584539816,0.0
235,9,542.0454058453981,832.9545941546019,0.0
235,14,168.04540584539816,373.04540584539814,0.0
235,3,357.04540584539814,173.04540584539816,0.0
235,7,399.04540584539814,221.04540584539816,0.0
235,25,143.04540584539816,376.04540584539814,0.0
235,4,422.04540584539814,230.04540584539816,0.0
235,13,551.0454058453981,281.04540584539814,0.0
235,15,547.0454058453981,192.04540584539816,0.0
235,2,313.04540584539814,317.04540584539814,0.0
235,10,173.04540584539816,225.04540584539816,0.0
235,18,192.04540584539816,186.04540584539816,0.0
235,21,439.04540584539814,698.9545941546019,0.0
236,5,460.0,193.0,0.0
236,16,378.0,758.0,0.0
236,20,329.0,709.0,0.0
236,12,131.0,179.0,0.0
236,24,120.0,472.0,0.0
236,8,350.0,347.0,0.2800000000000001
236,17,376.0,358.0,0.02
236,1,114.0,389.0,0.0
236,19,116.0,408.0,0.0
236,22,368.0,748.0,0.0
236,23,427.0,197.0,0.0
236,6,370.95459415460186,750.9545941546019,0.0
236,11,399.0,248.0,0.0
236,9,542.0,833.0,0.0
236,14,168.0,373.0,0.0
236,3,357.0,173.0,0.0
236,7,399.0,221.0,0.0
236,25,143.0,376.0,0.0
236,4,422.0,230.0,0.0
236,13,551.0,281.0,0.0
236,15,547.0,192.0,0.0
236,2,313.0,317.0,0.0
236,10,173.0,225.0,0.0
236,18,192.0,186.0,0.0
236,21,439.0,699.0,0.0
237,5,459.04540584539814,192.04540584539816,0.0
237,16,378.95459415460186,758.9545941546019,0.0
237,20,329.95459415460186,709.9545941546019,0.0
237,12,130.04540584539816,178.04540584539816,0.0
237,24,119.04540584539816,471.04540584539814,0.0
237,8,349.0,346.0,0.2800000000000001
237,17,375.03408457255364,357.03408457255364,0.03
237,1,113.04540584539816,388.04540584539814,0.0
237,19,115.04540584539816,407.04540584539814,0.0
237,22,368.95459415460186,748.9545941546019,0.0
237,23,426.04540584539814,196.04540584539816,0.0
237,6,371.0,751.0,0.0
237,11,398.04540584539814,247.04540584539816,0.0
237,9,541.0454058453981,833.9545941546019,0.0
237,14,167.04540584539816,372.04540584539814,0.0
237,3,356.04540584539814,172.04540584539816,0.0
237,7,398.04540584539814,220.04540584539816,0.0
237,25,142.04540584539816,375.04540584539814,0.0
237,4,421.04540584539814,229.04540584539816,0.0
237,13,550.0454058453981,280.04540584539814,0.0
237,15,546.0454058453981,191.04540584539816,0.0
237,2,312.04540584539814,316.04540584539814,0.0
237,10,172.04540584539816,224.04540584539816,0.0
237,18,191.04540584539816,185.04540584539816,0.0
237,21,438.04540584539814,699.9545941546019,0.0
238,5,459.0,192.0,0.0
238,16,379.0,759.0,0.0
238,20,330.0,710.0,0.0
238,12,130.0,178.0,0.0
238,24,119.0,471.0,0.0
238,8,348.0,345.0,0.2800000000000001
238,17,375.0,357.0,0.04
238,1,113.0,388.0,0.0
238,19,115.0,407.0,0.0
238,22,369.0,749.0,0.0
238,23,426.0,196.0,0.0
238,6,371.95459415460186,751.9545941546019,0.0
238,11,398.0,247.0,0.0
238,9,541.0,834.0,0.0
238,14,167.0,372.0,0.0
238,3,356.0,172.0,0.0
238,7,398.0,220.0,0.0
238,25,142.0,375.0,0.0
238,4,421.0,229.0,0.0
238,13,550.0,280.0,0.0
238,15,546.0,191.0,0.0
238,2,312.0,316.0,0.0
238,10,172.0,224.0,0.0
238,18,191.0,185.0,0.0
238,21,438.0,700.0,0.0
239,5,458.04540584539814,191.04540584539816,0.0
239,16,379.95459415460186,759.9545941546019,0.0
239,20,330.95459415460186,710.9545941546019,0.0
239,12,129.04540584539816,177.04540584539816,0.0
239,24,118.04540584539816,470.04540584539814,0.0
239,8,347.0,344.0,0.2800000000000001
239,17,374.0264625620329,356.0264625620329,0.05
239,1,112.04540584539816,387.04540584539814,0.0
239,19,114.04540584539816,406.04540584539814,0.0
239,22,369.95459415460186,749.9545941546019,0.0
239,23,425.04540584539814,195.04540584539816,0.0
239,6,372.0,752.0,0.0
239,11,397.04540584539814,246.04540584539816,0.0
239,9,540.0454058453981,834.9545941546019,0.0
239,14,166.04540584539816,371.04540584539814,0.0
239,3,355.04540584539814,171.04540584539816,0.0
239,7,397.04540584539814,219.04540584539816,0.0
239,25,141.04540584539816,374.04540584539814,0.0
239,4,420.04540584539814,228.04540584539816,0.0
239,13,549.0454058453981,279.04540584539814,0.0
239,15,545.0454058453981,190.04540584539816,0.0
239,2,311.04540584539814,315.04540584539814,0.0
239,10,171.04540584539816,223.04540584539816,0.0
239,18,190.04540584539816,184.04540584539816,0.0
239,21,437.04540584539814,700.9545941546019,0.0
240,5,458.0,191.0,0.0
240,16,380.0,760.0,0.0
240,20,331.0,711.0,0.0
240,12,129.0,177.0,0.0
240,24,118.0,470.0,0.0
240,8,346.0,343.0,0.2800000000000001
240,17,374.0,356.0,0.060000000000000005
240,1,112.0,387.0,0.0
240,19,114.0,406.0,0.0
240,22,370.0,750.0,0.0
240,23,425.0,195.0,0.0
240,6,372.95459415460186,752.9545941546019,0.0
240,11,397.0,246.0,0.0
240,9,540.0,835.0,0.0
240,14,166.0,371.0,0.0
240,3,355.0,171.0,0.0
240,7,397.0,219.0,0.0
240,25,141.0,374.0,0.0
240,4,420.0,228.0,0.0
240,13,549.0,279.0,0.0
240,15,545.0,190.0,0.0
240,2,311.0,315.0,0.0
240,10,171.0,223.0,0.0
240,18,190.0,184.0,0.0
240,21,437.0,701.0,0.0
241,5,457.04540584539814,190.04540584539816,0.0
241,16,380.95459415460186,760.9545941546019,0.0
241,20,331.95459415460186,711.9545941546019,0.0
241,12,128.04540584539816,176.04540584539816,0.0
241,24,117.04540584539816,469.04540584539814,0.0
241,8,345.0,342.0,0.2800000000000001
241,17,373.018780406449,355.018780406449,0.07
241,1,111.04540584539816,386.04540584539814,0.0
241,19,113.04540584539816,405.04540584539814,0.0
241,22,370.95459415460186,750.9545941546019,0.0
241,23,424.04540584539814,194.04540584539816,0.0
241,6,373.0,753.0,0.0
241,11,396.04540584539814,245.04540584539816,0.0
241,9,539.0454058453981,835.9545941546019,0.0
241,14,165.04540584539816,370.04540584539814,0.0
241,3,354.04540584539814,170.04540584539816,0.0
241,7,396.04540584539814,218.04540584539816,0.0
241,25,140.04540584539816,373.04540584539814,0.0
241,4,419.04540584539814,227.04540584539816,0.0
241,13,548.0454058453981,278.04540584539814,0.0
241,15,544.0454058453981,189.04540584539816,0.0
241,2,310.04540584539814,314.04540584539814,0.0
241,10,170.04540584539816,222.04540584539816,0.0
241,18,189.04540584539816,183.04540584539816,0.0
241,21,436.04540584539814,701.9545941546019,0.0
242,5,457.0,190.0,0.0
242,16,380.0,760.0,0.0
242,20,331.0,711.0,0.0
242,12,128.0,176.0,0.0
242,24,117.0,469.0,0.0
242,8,345.0,342.0,0.2900000000000001
242,17,373.0,355.0,0.08
242,1,111.0,386.0,0.0
242,19,113.0,405.0,0.0
242,22,370.0,750.0,0.0
242,23,424.0,194.0,0.0
242,6,373.0,753.0,0.0
242,11,396.0,245.0,0.0
242,9,539.0,835.0,0.0
242,14,165.0,370.0,0.0
242,3,354.0,170.0,0.0
242,7,396.0,218.0,0.0
242,25,140.0,373.0,0.0
242,4,419.0,227.0,0.0
242,13,548.0,278.0,0.0
242,15,544.0,189.0,0.0
242,2,310.0,314.0,0.0
242,10,170.0,222.0,0.0
242,18,189.0,183.0,0.0
242,21,436.0,701.0,0.0
243,5,456.04540584539814,189.04540584539816,0.0
243,16,380.0,760.0,0.0
243,20,331.0,711.0,0.0
243,12,127.04540584539816,175.04540584539816,0.0
243,24,116.04540584539816,468.04540584539814,0.0
243,8,344.0,341.0,0.3000000000000001
243,17,372.0110376311991,354.0110376311991,0.09
243,1,110.04540584539816,385.04540584539814,0.0
243,19,112.04540584539816,404.04540584539814,0.0
243,22,370.0,750.0,0.0
243,23,423.04540584539814,193.04540584539816,0.0
243,6,373.95459415460186,753.9545941546019,0.0
243,11,395.04540584539814,244.04540584539816,0.0
243,9,538.0454058453981,835.9545941546019,0.0
243,14,164.04540584539816,369.04540584539814,0.0
243,3,353.04540584539814,169.04540584539816,0.0
243,7,395.04540584539814,217.04540584539816,0.0
243,25,139.04540584539816,372.04540584539814,0.0
243,4,418.04540584539814,226.04540584539816,0.0
243,13,547.0454058453981,277.04540584539814,0.0
243,15,543.0454058453981,188.04540584539816,0.0
243,2,309.04540584539814,313.04540584539814,0.0
243,10,169.04540584539816,221.04540584539816,0.0
243,18,188.04540584539816,182.04540584539816,0.0
243,21,435.04540584539814,701.9545941546019,0.0
244,5,456.0,189.0,0.0
244,16,380.95459415460186,760.9545941546019,0.0
244,20,331.95459415460186,711.9545941546019,0.0
244,12,127.0,175.0,0.0
244,24,116.0,468.0,0.0
244,8,343.0,340.0,0.3100000000000001
244,17,372.0,354.0,0.09999999999999999
244,1,110.0,385.0,0.0
244,19,112.0,404.0,0.0
244,22,370.95459415460186,750.9545941546019,0.0
244,23,423.0,193.0,0.0
244,6,374.0,754.0,0.0
244,11,395.0,244.0,0.0
244,9,538.0,836.0,0.0
244,14,164.0,369.0,0.0
244,3,353.0,169.0,0.0
244,7,395.0,217.0,0.0
244,25,139.0,372.0,0.0
244,4,418.0,226.0,0.0
244,13,547.0,277.0,0.0
244,15,543.0,188.0,0.0
244,2,309.0,313.0,0.0
244,10,169.0,221.0,0.0
244,18,188.0,182.0,0.0
244,21,435.0,702.0,0.0
245,5,455.04540584539814,188.04540584539816,0.0
245,16,381.0,761.0,0.0
245,20,332.0,712.0,0.0
245,12,126.04540584539816,174.04540584539816,0.0
245,24,115.04540584539816,467.04540584539814,0.0
245,8,342.0,339.0,0.3200000000000001
245,17,371.00323375793505,353.00323375793505,0.10999999999999999
245,1,109.04540584539816,384.04540584539814,0.0
245,19,111.04540584539816,403.04540584539814,0.0
245,22,371.0,751.0,0.0
245,23,422.04540584539814,192.04540584539816,0.0
245,6,374.95459415460186,754.9545941546019,0.0
245,11,394.04540584539814,243.04540584539816,0.0
245,9,537.0454058453981,836.9545941546019,0.0
245,14,163.04540584539816,368.04540584539814,0.0
245,3,352.04540584539814,168.04540584539816,0.0
245,7,394.04540584539814,216.04540584539816,0.0
245,25,138.04540584539816,371.04540584539814,0.0
245,4,417.04540584539814,225.04540584539816,0.0
245,13,546.0454058453981,276.04540584539814,0.0
245,15,542.0454058453981,187.04540584539816,0.0
245,2,308.04540584539814,312.04540584539814,0.0
245,10,168.04540584539816,220.04540584539816,0.0
245,18,187.04540584539816,181.04540584539816,0.0
245,21,434.04540584539814,702.9545941546019,0.0
246,5,455.0,188.0,0.0
246,16,381.95459415460186,761.9545941546019,0.0
246,20,332.95459415460186,712.9545941546019,0.0
246,12,126.0,174.0,0.0
246,24,115.0,467.0,0.0
246,8,341.0,338.0,0.3200000000000001
246,17,371.0,353.0,0.11999999999999998
246,1,109.0,384.0,0.0
246,19,111.0,403.0,0.0
246,22,371.95459415460186,751.9545941546019,0.0
246,23,422.0,192.0,0.0
246,6,375.0,755.0,0.0
246,11,394.0,243.0,0.0
246,9,537.0,837.0,0.0
246,14,163.0,368.0,0.0
246,3,352.0,168.0,0.0
246,7,394.0,216.0,0.0
246,25,138.0,371.0,0.0
246,4,417.0,225.0,0.0
246,13,546.0,276.0,0.0
246,15,542.0,187.0,0.0
246,2,308.0,312.0,0.0
246,10,168.0,220.0,0.0
246,18,187.0,181.0,0.0
246,21,434.0,703.0,0.0
247,5,454.04540584539814,187.04540584539816,0.0
247,16,382.0,762.0,0.0
247,20,333.0,713.0,0.0
247,12,125.04540584539816,174.95459415460184,0.0
247,24,114.04540584539816,466.04540584539814,0.0
247,8,340.0,337.0,0.3200000000000001
247,17,370.0,352.0,0.12999999999999998
247,1,108.04540584539816,383.04540584539814,0.0
247,19,110.04540584539816,402.04540584539814,0.0
247,22,372.0,752.0,0.0
247,23,421.04540584539814,191.04540584539816,0.0
247,6,375.95459415460186,755.9545941546019,0.0
247,11,393.04540584539814,242.04540584539816,0.0
247,9,536.0454058453981,837.9545941546019,0.0
247,14,162.04540584539816,367.04540584539814,0.0
247,3,351.04540584539814,167.04540584539816,0.0
247,7,393.04540584539814,215.04540584539816,0.0
247,25,137.04540584539816,370.04540584539814,0.0
247,4,416.04540584539814,224.04540584539816,0.0
247,13,545.0454058453981,275.04540584539814,0.0
247,15,541.0454058453981,186.04540584539816,0.0
247,2,307.04540584539814,311.04540584539814,0.0
247,10,167.04540584539816,219.04540584539816,0.0
247,18,186.04540584539816,180.04540584539816,0.0
247,21,433.04540584539814,703.9545941546019,0.0
248,5,454.0,187.0,0.0
248,16,382.95459415460186,762.9545941546019,0.0
248,20,333.95459415460186,713.9545941546019,0.0
248,12,125.0,175.0,0.0
248,24,114.0,466.0,0.0
248,8,339.0,336.0,0.3200000000000001
248,17,369.0,351.0,0.13999999999999999
248,1,108.0,383.0,0.0
248,19,110.0,402.0,0.0
248,22,372.95459415460186,752.9545941546019,0.0
248,23,421.0,191.0,0.0
248,6,376.0,756.0,0.0
248,11,393.0,242.0,0.0
248,9,536.0,838.0,0.0
248,14,162.0,367.0,0.0
248,3,351.0,167.0,0.0
248,7,393.0,215.0,0.0
248,25,137.0,370.0,0.0
248,4,416.0,224.0,0.0
248,13,545.0,275.0,0.0
248,15,541.0,186.0,0.0
248,2,307.0,311.0,0.0
248,10,167.0,219.0,0.0
248,18,186.0,180.0,0.0
248,21,433.0,704.0,0.0
249,5,453.04540584539814,186.04540584539816,0.0
249,16,383.0,763.0,0.0
249,20,334.0,714.0,0.0
249,12,124.04540584539816,175.95459415460184,0.0
249,24,113.04540584539816,465.04540584539814,0.0
249,8,338.0,335.0,0.3200000000000001
249,17,368.0,350.0,0.15
249,1,107.04540584539816,382.04540584539814,0.0
249,19,109.04540584539816,401.04540584539814,0.0
249,22,373.0,753.0,0.0
249,23,420.04540584539814,190.04540584539816,0.0
249,6,376.95459415460186,756.9545941546019,0.0
249,11,392.04540584539814,241.04540584539816,0.0
249,9,535.0454058453981,838.9545941546019,0.0
249,14,161.04540584539816,366.04540584539814,0.0
249,3,350.04540584539814,166.04540584539816,0.0
249,7,392.04540584539814,214.04540584539816,0.0
249,25,136.04540584539816,369.04540584539814,0.0
249,4,415.04540584539814,223.04540584539816,0.0
249,13,544.0454058453981,274.04540584539814,0.0
249,15,540.0454058453981,185.04540584539816,0.0
249,2,306.04540584539814,310.04540584539814,0.0
249,10,166.04540584539816,218.04540584539816,0.0
249,18,185.04540584539816,179.04540584539816,0.0
249,21,432.04540584539814,704.9545941546019,0.0
250,5,453.0,186.0,0.0
250,16,383.95459415460186,763.9545941546019,0.0
250,20,334.95459415460186,714.9545941546019,0.0
250,12,124.0,176.0,0.0
250,24,113.0,465.0,0.0
250,8,337.0,334.0,0.3200000000000001
250,17,367.0,349.0,0.16
250,1,107.0,382.0,0.0
250,19,109.0,401.0,0.0
250,22,373.95459415460186,753.9545941546019,0.0
250,23,420.0,190.0,0.0
250,6,377.0,757.0,0.0
250,11,392.0,241.0,0.0
250,9,535.0,839.0,0.0
250,14,161.0,366.0,0.0
250,3,350.0,166.0,0.0
250,7,392.0,214.0,0.0
250,25,136.0,369.0,0.0
250,4,415.0,223.0,0.0
250,13,544.0,274.0,0.0
250,15,540.0,185.0,0.0
250,2,306.0,310.0,0.0
250,10,166.0,218.0,0.0
250,18,185.0,179.0,0.0
250,21,432.0,705.0,0.0
251,5,452.04540584539814,185.04540584539816,0.0
251,16,384.0,764.0,0.0
251,20,335.0,715.0,0.0
251,12,123.04540584539816,176.95459415460184,0.0
251,24,112.04540584539816,464.04540584539814,0.0
251,8,336.0,333.0,0.3200000000000001
251,17,366.0,348.0,0.17
251,1,106.04540584539816,381.04540584539814,0.0
251,19,108.04540584539816,400.04540584539814,0.0
251,22,374.0,754.0,0.0
251,23,419.04540584539814,189.04540584539816,0.0
251,6,377.95459415460186,757.9545941546019,0.0
251,11,391.04540584539814,240.04540584539816,0.0
251,9,534.0454058453981,839.9545941546019,0.0
251,14,160.04540584539816,365.04540584539814,0.0
251,3,349.04540584539814,165.04540584539816,0.0
251,7,391.04540584539814,213.04540584539816,0.0
251,25,135.04540584539816,368.04540584539814,0.0
251,4,414.04540584539814,222.04540584539816,0.0
251,13,543.0454058453981,273.04540584539814,0.0
251,15,539.0454058453981,184.04540584539816,0.0
251,2,305.04540584539814,309.04540584539814,0.0
251,10,165.04540584539816,217.04540584539816,0.0
251,18,184.04540584539816,178.04540584539816,0.0
251,21,431.04540584539814,705.9545941546019,0.0
252,5,452.0,185.0,0.0
252,16,384.95459415460186,764.9545941546019,0.0
252,20,335.95459415460186,715.9545941546019,0.0
252,12,123.0,177.0,0.0
252,24,112.0,464.0,0.0
252,8,335.0,332.0,0.3200000000000001
252,17,365.0,347.0,0.18000000000000002
252,1,106.0,381.0,0.0
252,19,108.0,400.0,0.0
252,22,374.95459415460186,754.9545941546019,0.0
252,23,419.0,189.0,0.0
252,6,378.0,758.0,0.0
252,11,391.0,240.0,0.0
252,9,534.0,840.0,0.0
252,14,160.0,365.0,0.0
252,3,349.0,165.0,0.0
252,7,391.0,213.0,0.0
252,25,135.0,368.0,0.0
252,4,414.0,222.0,0.0
252,13,543.0,273.0,0.0
252,15,539.0,184.0,0.0
252,2,305.0,309.0,0.0
252,10,165.0,217.0,0.0
252,18,184.0,178.0,0.0
252,21,431.0,706.0,0.0
253,5,451.04540584539814,184.04540584539816,0.0
253,16,385.0,765.0,0.0
253,20,336.0,716.0,0.0
253,12,122.04540584539816,177.95459415460184,0.0
253,24,111.04540584539816,463.04540584539814,0.0
253,8,334.0,331.0,0.3200000000000001
253,17,364.0,346.0,0.19000000000000003
253,1,105.04540584539816,380.04540584539814,0.0
253,19,107.04540584539816,399.04540584539814,0.0
253,22,375.0,755.0,0.0
253,23,418.04540584539814,188.04540584539816,0.0
253,6,378.95459415460186,758.9545941546019,0.0
253,11,390.04540584539814,239.04540584539816,0.0
253,9,533.0454058453981,840.9545941546019,0.0
253,14,159.04540584539816,364.04540584539814,0.0
253,3,348.04540584539814,164.04540584539816,0.0
253,7,390.04540584539814,212.04540584539816,0.0
253,25,134.04540584539816,367.04540584539814,0.0
253,4,413.04540584539814,221.04540584539816,0.0
253,13,542.0454058453981,272.04540584539814,0.0
253,15,538.0454058453981,183.04540584539816,0.0
253,2,304.04540584539814,308.04540584539814,0.0
253,10,164.04540584539816,216.04540584539816,0.0
253,18,183.04540584539816,177.04540584539816,0.0
253,21,430.04540584539814,706.9545941546019,0.0
254,5,451.0,184.0,0.0
254,16,385.95459415460186,765.9545941546019,0.0
254,20,336.95459415460186,716.9545941546019,0.0
254,12,122.0,178.0,0.0
254,24,111.0,463.0,0.0
254,8,333.0,330.0,0.3200000000000001
254,17,363.0,345.0,0.20000000000000004
254,1,105.0,380.0,0.0
254,19,107.0,399.0,0.0
254,22,375.95459415460186,755.9545941546019,0.0
254,23,418.0,188.0,0.0
254,6,379.0,759.0,0.0
254,11,390.0,239.0,0.0
254,9,533.0,841.0,0.0
254,14,159.0,364.0,0.0
254,3,348.0,164.0,0.0
254,7,390.0,212.0,0.0
254,25,134.0,367.0,0.0
254,4,413.0,221.0,0.0
254,13,542.0,272.0,0.0
254,15,538.0,183.0,0.0
254,2,304.0,308.0,0.0
254,10,164.0,216.0,0.0
254,18,183.0,177.0,0.0
254,21,430.0,707.0,0.0
255,5,450.04540584539814,183.04540584539816,0.0
255,16,386.0,766.0,0.0
255,20,337.0,717.0,0.0
255,12,121.04540584539816,178.95459415460184,0.0
255,24,110.04540584539816,462.04540584539814,0.0
255,8,332.0,329.0,0.3200000000000001
255,17,362.0,344.0,0.21000000000000005
255,1,104.04540584539816,379.04540584539814,0.0
255,19,106.04540584539816,398.04540584539814,0.0
255,22,376.0,756.0,0.0
255,23,417.04540584539814,187.04540584539816,0.0
255,6,379.95459415460186,759.9545941546019,0.0
255,11,389.04540584539814,238.04540584539816,0.0
255,9,532.0454058453981,841.9545941546019,0.0
255,14,158.04540584539816,363.04540584539814,0.0
255,3,347.04540584539814,163.04540584539816,0.0
255,7,389.04540584539814,211.04540584539816,0.0
255,25,133.04540584539816,366.04540584539814,0.0
255,4,412.04540584539814,220.04540584539816,0.0
255,13,541.0454058453981,271.04540584539814,0.0
255,15,537.0454058453981,182.04540584539816,0.0
255,2,303.04540584539814,307.04540584539814,0.0
255,10,163.04540584539816,215.04540584539816,0.0
255,18,182.04540584539816,176.04540584539816,0.0
255,21,429.04540584539814,707.9545941546019,0.0
256,5,450.0,183.0,0.0
256,16,386.95459415460186,766.9545941546019,0.0
256,20,337.95459415460186,717.9545941546019,0.0
256,12,121.0,179.0,0.0
256,24,110.0,462.0,0.0
256,8,331.0,328.0,0.3200000000000001
256,17,361.0,343.0,0.22000000000000006
256,1,104.0,379.0,0.0
256,19,106.0,398.0,0.0
256,22,376.95459415460186,756.9545941546019,0.0
256,23,417.0,187.0,0.0
256,6,380.0,760.0,0.0
256,11,389.0,238.0,0.0
256,9,532.0,842.0,0.0
256,14,158.0,363.0,0.0
256,3,347.0,163.0,0.0
256,7,389.0,211.0,0.0
256,25,133.0,366.0,0.0
256,4,412.0,220.0,0.0
256,13,541.0,271.0,0.0
256,15,537.0,182.0,0.0
256,2,303.0,307.0,0.0
256,10,163.0,215.0,0.0
256,18,182.0,176.0,0.0
256,21,429.0,708.0,0.0
257,5,449.04540584539814,182.04540584539816,0.0
257,16,387.0,767.0,0.0
257,20,338.0,718.0,0.0
257,12,120.04540584539816,179.95459415460184,0.0
257,24,109.04540584539816,461.04540584539814,0.0
257,8,330.0,327.0,0.3200000000000001
257,17,360.0,342.0,0.23000000000000007
257,1,103.04540584539816,378.04540584539814,0.0
257,19,105.04540584539816,397.04540584539814,0.0
257,22,377.0,757.0,0.0
257,23,416.04540584539814,186.04540584539816,0.0
257,6,380.95459415460186,760.9545941546019,0.0
257,11,388.04540584539814,237.04540584539816,0.0
257,9,531.0454058453981,842.9545941546019,0.0
257,14,157.04540584539816,362.04540584539814,0.0
257,3,346.04540584539814,162.04540584539816,0.0
257,7,388.04540584539814,210.04540584539816,0.0
257,25,132.04540584539816,365.04540584539814,0.0
257,4,411.04540584539814,219.04540584539816,0.0
257,13,540.0454058453981,270.04540584539814,0.0
257,15,536.0454058453981,181.04540584539816,0.0
257,2,302.04540584539814,306.04540584539814,0.0
257,10,162.04540584539816,214.04540584539816,0.0
257,18,181.04540584539816,175.04540584539816,0.0
257,21,428.04540584539814,708.9545941546019,0.0
258,5,449.0,182.0,0.0
258,16,387.95459415460186,767.9545941546019,0.0
258,20,338.95459415460186,718.9545941546019,0.0
258,12,120.0,180.0,0.0
258,24,109.0,461.0,0.0
258,8,329.0,326.0,0.3200000000000001
258,17,359.0,341.0,0.24000000000000005
258,1,103.0,378.0,0.0
258,19,105.0,397.0,0.0
258,22,377.95459415460186,757.9545941546019,0.0
258,23,416.0,186.0,0.0
258,6,381.0,761.0,0.0
258,11,388.0,237.0,0.0
258,9,531.0,843.0,0.0
258,14,157.0,362.0,0.0
258,3,346.0,162.0,0.0
258,7,388.0,210.0,0.0
258,25,132.0,365.0,0.0
258,4,411.0,219.0,0.0
258,13,540.0,270.0,0.0
258,15,536.0,181.0,0.0
258,2,302.0,306.0,0.0
258,10,162.0,214.0,0.0
258,18,181.0,175.0,0.0
258,21,428.0,709.0,0.0
259,5,448.04540584539814,181.04540584539816,0.0
259,16,388.0,768.0,0.0
259,20,339.0,719.0,0.0
259,12,119.04540584539816,180.95459415460184,0.0
259,24,108.04540584539816,460.04540584539814,0.0
259,8,328.0,325.0,0.3200000000000001
259,17,358.0,340.0,0.25000000000000006
259,1,102.04540584539816,377.04540584539814,0.0
259,19,104.04540584539816,396.04540584539814,0.0
259,22,378.0,758.0,0.0
259,23,415.04540584539814,185.04540584539816,0.0
259,6,381.95459415460186,761.9545941546019,0.0
259,11,387.04540584539814,236.04540584539816,0.0
259,9,530.0454058453981,843.9545941546019,0.0
259,14,156.04540584539816,361.04540584539814,0.0
259,3,345.04540584539814,161.04540584539816,0.0
259,7,387.04540584539814,209.04540584539816,0.0
259,25,131.04540584539816,364.04540584539814,0.0
259,4,410.04540584539814,218.04540584539816,0.0
259,13,539.0454058453981,269.04540584539814,0.0
259,15,535.0454058453981,180.04540584539816,0.0
259,2,301.04540584539814,305.04540584539814,0.0
259,10,161.04540584539816,213.04540584539816,0.0
259,18,180.04540584539816,174.04540584539816,0.0
259,21,427.04540584539814,709.9545941546019,0.0
260,5,448.0,181.0,0.0
260,16,388.95459415460186,768.9545941546019,0.0
260,20,339.95459415460186,719.9545941546019,0.0
260,12,119.0,181.0,0.0
260,24,108.0,460.0,0.0
260,8,327.0,324.0,0.3200000000000001
260,17,357.0,339.0,0.26000000000000006
260,1,102.0,377.0,0.0
260,19,104.0,396.0,0.0
260,22,378.95459415460186,758.9545941546019,0.0
260,23,415.0,185.0,0.0
260,6,382.0,762.0,0.0
260,11,387.0,236.0,0.0
260,9,530.0,844.0,0.0
260,14,156.0,361.0,0.0
260,3,345.0,161.0,0.0
260,7,387.0,209.0,0.0
260,25,131.0,364.0,0.0
260,4,410.0,218.0,0.0
260,13,539.0,269.0,0.0
260,15,535.0,180.0,0.0
260,2,301.0,305.0,0.0
260,10,161.0,213.0,0.0
260,18,180.0,174.0,0.0
260,21,427.0,710.0,0.0
261,5,447.04540584539814,180.04540584539816,0.0
261,16,389.0,769.0,0.0
261,20,340.0,720.0,0.0
261,12,118.04540584539816,181.95459415460184,0.0
261,24,107.04540584539816,459.04540584539814,0.0
261,8,326.0,323.0,0.3200000000000001
261,17,356.0,338.0,0.2700000000000001
261,1,101.04540584539816,376.04540584539814,0.0
261,19,103.04540584539816,395.04540584539814,0.0
261,22,379.0,759.0,0.0
261,23,414.04540584539814,184.04540584539816,0.0
261,6,382.95459415460186,762.9545941546019,0.0
261,11,386.04540584539814,235.04540584539816,0.0
261,9,529.0454058453981,844.9545941546019,0.0
261,14,155.04540584539816,360.04540584539814,0.0
261,3,344.04540584539814,160.04540584539816,0.0
261,7,386.04540584539814,208.04540584539816,0.0
261,25,130.04540584539816,363.04540584539814,0.0
261,4,409.04540584539814,217.04540584539816,0.0
261,13,538.0454058453981,268.04540584539814,0.0
261,15,534.0454058453981,179.04540584539816,0.0
261,2,300.04540584539814,304.04540584539814,0.0
261,10,160.04540584539816,212.04540584539816,0.0
261,18,179.04540584539816,173.04540584539816,0.0
261,21,426.04540584539814,710.9545941546019,0.0
262,5,447.0,180.0,0.0
262,16,389.95459415460186,769.9545941546019,0.0
262,20,340.95459415460186,720.9545941546019,0.0
262,12,118.0,182.0,0.0
262,24,107.0,459.0,0.0
262,8,325.0,322.0,0.3200000000000001
262,17,355.0,337.0,0.2700000000000001
262,1,101.0,376.0,0.0
262,19,103.0,395.0,0.0
262,22,379.95459415460186,759.9545941546019,0.0
262,23,414.0,184.0,0.0
262,6,383.0,763.0,0.0
262,11,386.0,235.0,0.0
262,9,529.0,845.0,0.0
262,14,155.0,360.0,0.0
262,3,344.0,160.0,0.0
262,7,386.0,208.0,0.0
262,25,130.0,363.0,0.0
262,4,409.0,217.0,0.0
262,13,538.0,268.0,0.0
262,15,534.0,179.0,0.0
262,2,300.0,304.0,0.0
262,10,160.0,212.0,0.0
262,18,179.0,173.0,0.0
262,21,426.0,711.0,0.0
263,5,446.04540584539814,179.04540584539816,0.0
263,16,390.0,770.0,0.0
263,20,341.0,721.0,0.0
263,12,117.04540584539816,182.95459415460184,0.0
263,24,106.04540584539816,458.04540584539814,0.0
263,8,324.0,321.0,0.3200000000000001
263,17,354.0,336.0,0.2700000000000001
263,1,100.04540584539816,375.04540584539814,0.0
263,19,102.04540584539816,394.04540584539814,0.0
263,22,380.0,760.0,0.0
263,23,413.04540584539814,183.04540584539816,0.0
263,6,383.95459415460186,763.9545941546019,0.0
263,11,385.04540584539814,234.04540584539816,0.0
263,9,528.0454058453981,845.9545941546019,0.0
263,14,154.04540584539816,359.04540584539814,0.0
263,3,343.04540584539814,159.04540584539816,0.0
263,7,385.04540584539814,207.04540584539816,0.0
263,25,129.04540584539816,362.04540584539814,0.0
263,4,408.04540584539814,216.04540584539816,0.0
263,13,537.0454058453981,267.04540584539814,0.0
263,15,533.0454058453981,178.04540584539816,0.0
263,2,299.04540584539814,303.04540584539814,0.0
263,10,159.04540584539816,211.04540584539816,0.0
263,18,178.04540584539816,172.04540584539816,0.0
263,21,425.04540584539814,711.9545941546019,0.0
264,5,446.0,179.0,0.0
264,16,390.95459415460186,770.9545941546019,0.0
264,20,341.95459415460186,721.9545941546019,0.0
264,12,117.0,183.0,0.0
264,24,106.0,458.0,0.0
264,8,323.0,320.0,0.3200000000000001
264,17,353.0,335.0,0.2700000000000001
264,1,100.0,375.0,0.0
264,19,102.0,394.0,0.0
264,22,380.95459415460186,760.9545941546019,0.0
264,23,413.0,183.0,0.0
264,6,384.0,764.0,0.0
264,11,385.0,234.0,0.0
264,9,528.0,846.0,0.0
264,14,154.0,359.0,0.0
264,3,343.0,159.0,0.0
264,7,385.0,207.0,0.0
264,25,129.0,362.0,0.0
264,4,408.0,216.0,0.0
264,13,537.0,267.0,0.0
264,15,533.0,178.0,0.0
264,2,299.0,303.0,0.0
264,10,159.0,211.0,0.0
264,18,178.0,172.0,0.0
264,21,425.0,712.0,0.0
265,5,445.04540584539814,178.04540584539816,0.0
265,16,391.0,771.0,0.0
265,20,342.0,722.0,0.0
265,12,116.04540584539816,183.95459415460184,0.0
265,24,105.04540584539816,457.04540584539814,0.0
265,8,322.0,319.0,0.3200000000000001
265,17,352.0,334.0,0.2700000000000001
265,1,99.04540584539816,374.04540584539814,0.0
265,19,101.04540584539816,393.04540584539814,0.0
265,22,381.0,761.0,0.0
265,23,412.04540584539814,182.04540584539816,0.0
265,6,384.95459415460186,764.9545941546019,0.0
265,11,384.04540584539814,233.04540584539816,0.0
265,9,527.0454058453981,846.9545941546019,0.0
265,14,153.04540584539816,358.04540584539814,0.0
265,3,342.04540584539814,158.04540584539816,0.0
265,7,384.04540584539814,206.04540584539816,0.0
265,25,128.04540584539816,361.04540584539814,0.0
265,4,407.04540584539814,215.04540584539816,0.0
265,13,536.0454058453981,266.04540584539814,0.0
265,15,532.0454058453981,177.04540584539816,0.0
265,2,298.04540584539814,302.04540584539814,0.0
265,10,158.04540584539816,210.04540584539816,0.0
265,18,177.04540584539816,171.04540584539816,0.0
265,21,424.04540584539814,712.9545941546019,0.0
266,5,445.0,178.0,0.0
266,16,391.95459415460186,771.9545941546019,0.0
266,20,342.95459415460186,722.9545941546019,0.0
266,12,116.0,184.0,0.0
266,24,105.0,457.0,0.0
266,8,321.0,318.0,0.3200000000000001
266,17,351.0,333.0,0.2700000000000001
266,1,99.0,374.0,0.0
266,19,101.0,393.0,0.0
266,22,381.95459415460186,761.9545941546019,0.0
266,23,412.0,182.0,0.0
266,6,385.0,765.0,0.0
266,11,384.0,233.0,0.0
266,9,527.0,847.0,0.0
266,14,153.0,358.0,0.0
266,3,342.0,158.0,0.0
266,7,384.0,206.0,0.0
266,25,128.0,361.0,0.0
266,4,407.0,215.0,0.0
266,13,536.0,266.0,0.0
266,15,532.0,177.0,0.0
266,2,298.0,302.0,0.0
266,10,158.0,210.0,0.0
266,18,177.0,171.0,0.0
266,21,424.0,713.0,0.0
267,5,444.04540584539814,177.04540584539816,0.0
267,16,392.0,772.0,0.0
267,20,343.0,723.0,0.0
267,12,115.04540584539816,184.95459415460184,0.0
267,24,104.04540584539816,456.04540584539814,0.0
267,8,320.0,317.0,0.3200000000000001
267,17,350.0,332.0,0.2700000000000001
267,1,98.04540584539816,373.04540584539814,0.0
267,19,100.04540584539816,392.04540584539814,0.0
267,22,382.0,762.0,0.0
267,23,411.04540584539814,181.04540584539816,0.0
267,6,385.95459415460186,765.9545941546019,0.0
267,11,383.04540584539814,232.04540584539816,0.0
267,9,526.0454058453981,847.9545941546019,0.0
267,14,152.04540584539816,357.04540584539814,0.0
267,3,341.04540584539814,157.04540584539816,0.0
267,7,383.04540584539814,205.04540584539816,0.0
267,25,127.04540584539816,360.04540584539814,0.0
267,4,406.04540584539814,214.04540584539816,0.0
267,13,535.0454058453981,265.04540584539814,0.0
267,15,531.0454058453981,176.04540584539816,0.0
267,2,297.04540584539814,301.04540584539814,0.0
267,10,157.04540584539816,209.04540584539816,0.0
267,18,176.04540584539816,170.04540584539816,0.0
267,21,423.04540584539814,713.9545941546019,0.0
268,5,444.0,177.0,0.0
268,16,392.95459415460186,772.9545941546019,0.0
268,20,343.95459415460186,723.9545941546019,0.0
268,12,115.0,185.0,0.0
268,24,104.0,456.0,0.0
268,8,319.0,316.0,0.3200000000000001
268,17,349.0,331.0,0.2700000000000001
268,1,98.0,373.0,0.0
268,19,100.0,392.0,0.0
268,22,382.95459415460186,762.9545941546019,0.0
268,23,411.0,181.0,0.0
268,6,386.0,766.0,0.0
268,11,383.0,232.0,0.0
268,9,526.0,848.0,0.0
268,14,152.0,357.0,0.0
268,3,341.0,157.0,0.0
268,7,383.0,205.0,0.0
268,25,127.0,360.0,0.0
268,4,406.0,214.0,0.0
268,13,535.0,265.0,0.0
268,15,531.0,176.0,0.0
268,2,297.0,301.0,0.0
268,10,157.0,209.0,0.0
268,18,176.0,170.0,0.0
268,21,423.0,714.0,0.0
269,5,443.04540584539814,176.04540584539816,0.0
269,16,393.0,773.0,0.0
269,20,344.0,724.0,0.0
269,12,114.04540584539816,185.95459415460184,0.0
269,24,103.04540584539816,455.04540584539814,0.0
269,8,318.0,315.0,0.3200000000000001
269,17,348.0,330.0,0.2700000000000001
269,1,97.04540584539816,372.04540584539814,0.0
269,19,99.04540584539816,391.04540584539814,0.0
269,22,383.0,763.0,0.0
269,23,410.04540584539814,180.04540584539816,0.0
269,6,386.95459415460186,766.9545941546019,0.0
269,11,382.04540584539814,231.04540584539816,0.0
269,9,525.0454058453981,848.9545941546019,0.0
269,14,151.04540584539816,356.04540584539814,0.0
269,3,340.04540584539814,156.04540584539816,0.0
269,7,382.04540584539814,204.04540584539816,0.0
269,25,126.04540584539816,359.04540584539814,0.0
269,4,405.04540584539814,213.04540584539816,0.0
269,13,534.0454058453981,264.04540584539814,0.0
269,15,530.0454058453981,175.04540584539816,0.0
269,2,296.04540584539814,300.04540584539814,0.0
269,10,156.04540584539816,208.04540584539816,0.0
269,18,175.04540584539816,169.04540584539816,0.0
269,21,422.04540584539814,714.9545941546019,0.0
270,5,443.0,176.0,0.0
270,16,393.95459415460186,773.9545941546019,0.0
270,20,344.95459415460186,724.9545941546019,0.0
270,12,114.0,186.0,0.0
270,24,103.0,455.0,0.0
270,8,317.0,314.0,0.3200000000000001
270,17,347.0,329.0,0.2700000000000001
270,1,97.0,372.0,0.0
270,19,99.0,391.0,0.0
270,22,383.95459415460186,763.9545941546019,0.0
270,23,410.0,180.0,0.0
270,6,387.0,767.0,0.0
270,11,382.0,231.0,0.0
270,9,525.0,849.0,0.0
270,14,151.0,356.0,0.0
270,3,340.0,156.0,0.0
270,7,382.0,204.0,0.0
270,25,126.0,359.0,0.0
270,4,405.0,213.0,0.0
270,13,534.0,264.0,0.0
270,15,530.0,175.0,0.0
270,2,296.0,300.0,0.0
270,10,156.0,208.0,0.0
270,18,175.0,169.0,0.0
270,21,422.0,715.0,0.0
271,5,442.04540584539814,175.04540584539816,0.0
271,16,394.0,774.0,0.0
271,20,345.0,725.0,0.0
271,12,113.04540584539816,186.95459415460184,0.0
271,24,102.04540584539816,454.04540584539814,0.0
271,8,316.0,313.0,0.3200000000000001
271,17,346.0,328.0,0.2700000000000001
271,1,96.04540584539816,371.04540584539814,0.0
271,19,98.04540584539816,390.04540584539814,0.0
271,22,384.0,764.0,0.0
271,23,409.04540584539814,179.04540584539816,0.0
271,6,387.95459415460186,767.9545941546019,0.0
271,11,381.04540584539814,230.04540584539816,0.0
271,9,524.0454058453981,849.9545941546019,0.0
271,14,150.04540584539816,355.04540584539814,0.0
271,3,339.04540584539814,155.04540584539816,0.0
271,7,381.04540584539814,203.04540584539816,0.0
271,25,125.04540584539816,358.04540584539814,0.0
271,4,404.04540584539814,212.04540584539816,0.0
271,13,533.0454058453981,263.04540584539814,0.0
271,15,529.0454058453981,174.04540584539816,0.0
271,2,295.04540584539814,299.04540584539814,0.0
271,10,155.04540584539816,207.04540584539816,0.0
271,18,174.04540584539816,168.04540584539816,0.0
271,21,421.04540584539814,715.9545941546019,0.0
272,5,442.0,175.0,0.0
272,16,394.95459415460186,774.9545941546019,0.0
272,20,345.95459415460186,725.9545941546019,0.0
272,12,113.0,187.0,0.0
272,24,102.0,454.0,0.0
272,8,315.0,312.0,0.3200000000000001
272,17,345.0,327.0,0.2700000000000001
272,1,96.0,371.0,0.0
272,19,98.0,390.0,0.0
272,22,384.95459415460186,764.9545941546019,0.0
272,23,409.0,179.0,0.0
272,6,388.0,768.0,0.0
272,11,381.0,230.0,0.0
272,9,524.0,850.0,0.0
272,14,150.0,355.0,0.0
272,3,339.0,155.0,0.0
272,7,381.0,203.0,0.0
272,25,125.0,358.0,0.0
272,4,404.0,212.0,0.0
272,13,533.0,263.0,0.0
272,15,529.0,174.0,0.0
272,2,295.0,299.0,0.0
272,10,155.0,207.0,0.0
272,18,174.0,168.0,0.0
272,21,421.0,716.0,0.0
273,5,441.04540584539814,174.04540584539816,0.0
273,16,395.0,775.0,0.0
273,20,346.0,726.0,0.0
273,12,112.04540584539816,187.95459415460184,0.0
273,24,101.04540584539816,453.04540584539814,0.0
273,8,314.0,311.0,0.3200000000000001
273,17,344.0,326.0,0.2700000000000001
273,1,95.04540584539816,370.04540584539814,0.0
273,19,97.04540584539816,389.04540584539814,0.0
273,22,385.0,765.0,0.0
273,23,408.04540584539814,178.04540584539816,0.0
273,6,388.95459415460186,768.9545941546019,0.0
273,11,380.04540584539814,229.04540584539816,0.0
273,9,523.0454058453981,850.9545941546019,0.0
273,14,149.04540584539816,354.04540584539814,0.0
273,3,338.04540584539814,154.04540584539816,0.0
273,7,380.04540584539814,202.04540584539816,0.0
273,25,124.04540584539816,357.04540584539814,0.0
273,4,403.04540584539814,211.04540584539816,0.0
273,13,532.0454058453981,262.04540584539814,0.0
273,15,528.0454058453981,173.04540584539816,0.0
273,2,294.04540584539814,298.04540584539814,0.0
273,10,154.04540584539816,206.04540584539816,0.0
273,18,173.04540584539816,167.04540584539816,0.0
273,21,420.04540584539814,716.9545941546019,0.0
274,5,441.0,174.0,0.0
274,16,395.95459415460186,775.9545941546019,0.0
274,20,346.95459415460186,726.9545941546019,0.0
274,12,112.0,188.0,0.0
274,24,101.0,453.0,0.0
274,8,313.0,310.0,0.3200000000000001
274,17,343.0,325.0,0.2700000000000001
274,1,95.0,370.0,0.0
274,19,97.0,389.0,0.0
274,22,385.95459415460186,765.9545941546019,0.0
274,23,408.0,178.0,0.0
274,6,389.0,769.0,0.0
274,11,380.0,229.0,0.0
274,9,523.0,851.0,0.0
274,14,149.0,354.0,0.0
274,3,338.0,154.0,0.0
274,7,380.0,202.0,0.0
274,25,124.0,357.0,0.0
274,4,403.0,211.0,0.0
274,13,532.0,262.0,0.0
274,15,528.0,173.0,0.0
274,2,294.0,298.0,0.0
274,10,154.0,206.0,0.0
274,18,173.0,167.0,0.0
274,21,420.0,717.0,0.0
275,5,440.04540584539814,173.04540584539816,0.0
275,16,396.0,776.0,0.0
275,20,347.0,727.0,0.0
275,12,111.04540584539816,188.95459415460184,0.0
275,24,100.04540584539816,452.04540584539814,0.0
275,8,312.0,309.0,0.3200000000000001
275,17,342.0,324.0,0.2700000000000001
275,1,94.04540584539816,369.04540584539814,0.0
275,19,96.04540584539816,388.04540584539814,0.0
275,22,386.0,766.0,0.0
275,23,407.04540584539814,177.04540584539816,0.0
275,6,389.95459415460186,769.9545941546019,0.0
275,11,379.04540584539814,228.04540584539816,0.0
275,9,522.0454058453981,851.9545941546019,0.0
275,14,148.04540584539816,353.04540584539814,0.0
275,3,337.04540584539814,153.04540584539816,0.0
275,7,379.04540584539814,201.04540584539816,0.0
275,25,123.04540584539816,356.04540584539814,0.0
275,4,402.04540584539814,210.04540584539816,0.0
275,13,531.0454058453981,261.04540584539814,0.0
275,15,527.0454058453981,172.04540584539816,0.0
275,2,293.04540584539814,297.04540584539814,0.0
275,10,153.04540584539816,205.04540584539816,0.0
275,18,172.04540584539816,166.04540584539816,0.0
275,21,419.04540584539814,717.9545941546019,0.0
276,5,440.0,173.0,0.0
276,16,396.95459415460186,776.9545941546019,0.0
276,20,347.95459415460186,727.9545941546019,0.0
276,12,111.0,189.0,0.0
276,24,100.0,452.0,0.0
276,8,311.0,308.0,0.3200000000000001
276,17,341.0,323.0,0.2700000000000001
276,1,94.0,369.0,0.0
276,19,96.0,388.0,0.0
276,22,386.95459415460186,766.9545941546019,0.0
276,23,407.0,177.0,0.0
276,6,390.0,770.0,0.0
276,11,379.0,228.0,0.0
276,9,522.0,852.0,0.0
276,14,148.0,353.0,0.0
276,3,337.0,153.0,0.0
276,7,379.0,201.0,0.0
276,25,123.0,356.0,0.0
276,4,402.0,210.0,0.0
276,13,531.0,261.0,0.0
276,15,527.0,172.0,0.0
276,2,293.0,297.0,0.0
276,10,153.0,205.0,0.0
276,18,172.0,166.0,0.0
276,21,419.0,718.0,0.0
277,5,439.04540584539814,172.04540584539816,0.0
277,16,397.0,777.0,0.0
277,20,348.0,728.0,0.0
277,12,110.04540584539816,189.95459415460184,0.0
277,24,99.04540584539816,451.04540584539814,0.0
277,8,310.0,307.0,0.3200000000000001
277,17,340.0,322.0,0.2700000000000001
277,1,93.04540584539816,368.04540584539814,0.0
277,19,95.04540584539816,387.04540584539814,0.0
277,22,387.0,767.0,0.0
277,23,406.04540584539814,176.04540584539816,0.0
277,6,390.95459415460186,770.9545941546019,0.0
277,11,378.04540584539814,227.04540584539816,0.0
277,9,521.0454058453981,852.9545941546019,0.0
277,14,147.04540584539816,352.04540584539814,0.0
277,3,336.04540584539814,152.04540584539816,0.0
277,7,378.04540584539814,200.04540584539816,0.0
277,25,122.04540584539816,355.04540584539814,0.0
277,4,401.04540584539814,209.04540584539816,0.0
277,13,530.0454058453981,260.04540584539814,0.0
277,15,526.0454058453981,171.04540584539816,0.0
277,2,292.04540584539814,296.04540584539814,0.0
277,10,152.04540584539816,204.04540584539816,0.0
277,18,171.04540584539816,165.04540584539816,0.0
277,21,418.04540584539814,718.9545941546019,0.0
278,5,439.0,172.0,0.0
278,16,397.95459415460186,777.9545941546019,0.0
278,20,348.95459415460186,728.9545941546019,0.0
278,12,110.0,190.0,0.0
278,24,99.0,451.0,0.0
278,8,309.0,306.0,0.3200000000000001
278,17,339.0,321.0,0.2700000000000001
278,1,93.0,368.0,0.0
278,19,95.0,387.0,0.0
278,22,387.95459415460186,767.9545941546019,0.0
278,23,406.0,176.0,0.0
278,6,391.0,771.0,0.0
278,11,378.0,227.0,0.0
278,9,521.0,853.0,0.0
278,14,147.0,352.0,0.0
278,3,336.0,152.0,0.0
278,7,378.0,200.0,0.0
278,25,122.0,355.0,0.0
278,4,401.0,209.0,0.0
278,13,530.0,260.0,0.0
278,15,526.0,171.0,0.0
278,2,292.0,296.0,0.0
278,10,152.0,204.0,0.0
278,18,171.0,165.0,0.0
278,21,418.0,719.0,0.0
279,5,438.04540584539814,171.04540584539816,0.0
279,16,398.0,778.0,0.0
279,20,349.0,729.0,0.0
279,12,109.04540584539816,190.95459415460184,0.0
279,24,98.04540584539816,450.04540584539814,0.0
279,8,308.0,305.0,0.3200000000000001
279,17,338.0,320.0,0.2700000000000001
279,1,92.04540584539816,367.04540584539814,0.0
279,19,94.04540584539816,386.04540584539814,0.0
279,22,388.0,768.0,0.0
279,23,405.04540584539814,175.04540584539816,0.0
279,6,391.95459415460186,771.9545941546019,0.0
279,11,377.04540584539814,226.04540584539816,0.0
279,9,520.0454058453981,853.9545941546019,0.0
279,14,146.04540584539816,351.04540584539814,0.0
279,3,335.04540584539814,151.04540584539816,0.0
279,7,377.04540584539814,199.04540584539816,0.0
279,25,121.04540584539816,354.04540584539814,0.0
279,4,400.04540584539814,208.04540584539816,0.0
279,13,529.0454058453981,259.04540584539814,0.0
279,15,525.0454058453981,170.04540584539816,0.0
279,2,291.04540584539814,295.04540584539814,0.0
279,10,151.04540584539816,203.04540584539816,0.0
279,18,170.04540584539816,164.04540584539816,0.0
279,21,417.04540584539814,719.9545941546019,0.0
280,5,438.0,171.0,0.0
280,16,398.95459415460186,778.9545941546019,0.0
280,20,349.95459415460186,729.9545941546019,0.0
280,12,109.0,191.0,0.0
280,24,98.0,450.0,0.0
280,8,307.0,304.0,0.3200000000000001
280,17,337.0,319.0,0.2700000000000001
280,1,92.0,367.0,0.0
280,19,94.0,386.0,0.0
280,22,388.95459415460186,768.9545941546019,0.0
280,23,405.0,175.0,0.0
280,6,392.0,772.0,0.0
280,11,377.0,226.0,0.0
280,9,520.0,854.0,0.0
280,14,146.0,351.0,0.0
280,3,335.0,151.0,0.0
280,7,377.0,199.0,0.0
280,25,121.0,354.0,0.0
280,4,400.0,208.0,0.0
280,13,529.0,259.0,0.0
280,15,525.0,170.0,0.0
280,2,291.0,295.0,0.0
280,10,151.0,203.0,0.0
280,18,170.0,164.0,0.0
280,21,417.0,720.0,0.0
281,5,437.04540584539814,170.04540584539816,0.0
281,16,399.0,779.0,0.0
281,20,350.0,730.0,0.0
281,12,108.04540584539816,191.95459415460184,0.0
281,24,97.04540584539816,449.04540584539814,0.0
281,8,306.0,303.0,0.3200000000000001
281,17,336.0,318.0,0.2700000000000001
281,1,91.04540584539816,366.04540584539814,0.0
281,19,93.04540584539816,385.04540584539814,0.0
281,22,389.0,769.0,0.0
281,23,404.04540584539814,174.04540584539816,0.0
281,6,392.95459415460186,772.9545941546019,0.0
281,11,376.04540584539814,225.04540584539816,0.0
281,9,519.0454058453981,854.9545941546019,0.0
281,14,145.04540584539816,350.04540584539814,0.0
281,3,334.04540584539814,150.04540584539816,0.0
281,7,376.04540584539814,198.04540584539816,0.0
281,25,120.04540584539816,353.04540584539814,0.0
281,4,399.04540584539814,207.04540584539816,0.0
281,13,528.0454058453981,258.04540584539814,0.0
281,15,524.0454058453981,169.04540584539816,0.0
281,2,290.04540584539814,294.04540584539814,0.0
281,10,150.04540584539816,202.04540584539816,0.0
281,18,169.04540584539816,163.04540584539816,0.0
281,21,416.04540584539814,720.9545941546019,0.0
282,5,437.0,170.0,0.0
282,16,399.95459415460186,779.9545941546019,0.0
282,20,350.95459415460186,730.9545941546019,0.0
282,12,108.0,192.0,0.0
282,24,97.0,449.0,0.0
282,8,305.0,302.0,0.3200000000000001
282,17,335.0,317.0,0.2700000000000001
282,1,91.0,366.0,0.0
282,19,93.0,385.0,0.0
282,22,389.95459415460186,769.9545941546019,0.0
282,23,404.0,174.0,0.0
282,6,393.0,773.0,0.0
282,11,376.0,225.0,0.0
282,9,519.0,855.0,0.0
282,14,145.0,350.0,0.0
282,3,334.0,150.0,0.0
282,7,376.0,198.0,0.0
282,25,120.0,353.0,0.0
282,4,399.0,207.0,0.0
282,13,528.0,258.0,0.0
282,15,524.0,169.0,0.0
282,2,290.0,294.0,0.0
282,10,150.0,202.0,0.0
282,18,169.0,163.0,0.0
282,21,416.0,721.0,0.0
283,5,436.04540584539814,169.04540584539816,0.0
283,16,400.0,780.0,0.0
283,20,351.0,731.0,0.0
283,12,107.04540584539816,192.95459415460184,0.0
283,24,96.04540584539816,448.04540584539814,0.0
283,8,304.0,301.0,0.3200000000000001
283,17,334.0,316.0,0.2700000000000001
283,1,90.04540584539816,365.04540584539814,0.0
283,19,92.04540584539816,384.04540584539814,0.0
283,22,390.0,770.0,0.0
283,23,403.04540584539814,173.04540584539816,0.0
283,6,393.95459415460186,773.9545941546019,0.0
283,11,375.04540584539814,224.04540584539816,0.0
283,9,518.0454058453981,855.9545941546019,0.0
283,14,144.04540584539816,349.04540584539814,0.0
283,3,333.04540584539814,149.04540584539816,0.0
283,7,375.04540584539814,197.04540584539816,0.0
283,25,119.04540584539816,352.04540584539814,0.0
283,4,398.04540584539814,206.04540584539816,0.0
283,13,527.0454058453981,257.04540584539814,0.0
283,15,523.0454058453981,168.04540584539816,0.0
283,2,289.04540584539814,293.04540584539814,0.0
283,10,149.04540584539816,201.04540584539816,0.0
283,18,168.04540584539816,162.04540584539816,0.0
283,21,415.04540584539814,721.9545941546019,0.0
284,5,436.0,169.0,0.0
284,16,400.95459415460186,780.9545941546019,0.0
284,20,351.95459415460186,731.9545941546019,0.0
284,12,107.0,193.0,0.0
284,24,96.0,448.0,0.0
284,8,303.0,300.0,0.3200000000000001
284,17,333.0,315.0,0.2700000000000001
284,1,90.0,365.0,0.0
284,19,92.0,384.0,0.0
284,22,390.95459415460186,770.9545941546019,0.0
284,23,403.0,173.0,0.0
284,6,394.0,774.0,0.0
284,11,375.0,224.0,0.0
284,9,518.0,856.0,0.0
284,14,144.0,349.0,0.0
284,3,333.0,149.0,0.0
284,7,375.0,197.0,0.0
284,25,119.0,352.0,0.0
284,4,398.0,206.0,0.0
284,13,527.0,257.0,0.0
284,15,523.0,168.0,0.0
284,2,289.0,293.0,0.0
284,10,149.0,201.0,0.0
284,18,168.0,162.0,0.0
284,21,415.0,722.0,0.0
285,5,435.04540584539814,168.04540584539816,0.0
285,16,401.0,781.0,0.0
285,20,352.0,732.0,0.0
285,12,106.04540584539816,193.95459415460184,0.0
285,24,95.04540584539816,447.04540584539814,0.0
285,8,302.0,299.0,0.3200000000000001
285,17,332.0,314.0,0.2700000000000001
285,1,89.04540584539816,364.04540584539814,0.0
285,19,91.04540584539816,383.04540584539814,0.0
285,22,391.0,771.0,0.0
285,23,402.04540584539814,172.04540584539816,0.0
285,6,394.95459415460186,774.9545941546019,0.0
285,11,374.04540584539814,223.04540584539816,0.0
285,9,517.0454058453981,856.9545941546019,0.0
285,14,143.04540584539816,348.04540584539814,0.0
285,3,332.04540584539814,148.04540584539816,0.0
285,7,374.04540584539814,196.04540584539816,0.0
285,25,118.04540584539816,351.04540584539814,0.0
285,4,397.04540584539814,205.04540584539816,0.0
285,13,526.0454058453981,256.04540584539814,0.0
285,15,522.0454058453981,167.04540584539816,0.0
285,2,288.04540584539814,292.04540584539814,0.0
285,10,148.04540584539816,200.04540584539816,0.0
285,18,167.04540584539816,161.04540584539816,0.0
285,21,414.04540584539814,722.9545941546019,0.0
286,5,435.0,168.0,0.0
286,16,401.95459415460186,781.9545941546019,0.0
286,20,352.95459415460186,732.9545941546019,0.0
286,12,106.0,194.0,0.0
286,24,95.0,447.0,0.0
286,8,301.0,298.0,0.3200000000000001
286,17,331.0,313.0,0.2700000000000001
286,1,89.0,364.0,0.0
286,19,91.0,383.0,0.0
286,22,391.95459415460186,771.9545941546019,0.0
286,23,402.0,172.0,0.0
286,6,395.0,775.0,0.0
286,11,374.0,223.0,0.0
286,9,517.0,857.0,0.0
286,14,143.0,348.0,0.0
286,3,332.0,148.0,0.0
286,7,374.0,196.0,0.0
286,25,118.0,351.0,0.0
286,4,397.0,205.0,0.0
286,13,526.0,256.0,0.0
286,15,522.0,167.0,0.0
286,2,288.0,292.0,0.0
286,10,148.0,200.0,0.0
286,18,167.0,161.0,0.0
286,21,414.0,723.0,0.0
287,5,434.04540584539814,167.04540584539816,0.0
287,16,402.0,782.0,0.0
287,20,353.0,733.0,0.0
287,12,105.04540584539816,194.95459415460184,0.0
287,24,94.04540584539816,446.04540584539814,0.0
287,8,300.0,297.0,0.3200000000000001
287,17,330.0,312.0,0.2700000000000001
287,1,88.04540584539816,363.04540584539814,0.0
287,19,90.04540584539816,382.04540584539814,0.0
287,22,392.0,772.0,0.0
287,23,401.04540584539814,171.04540584539816,0.0
287,6,395.95459415460186,775.9545941546019,0.0
287,11,373.04540584539814,222.04540584539816,0.0
287,9,516.0454058453981,857.9545941546019,0.0
287,14,142.04540584539816,347.04540584539814,0.0
287,3,331.04540584539814,147.04540584539816,0.0
287,7,373.04540584539814,195.04540584539816,0.0
287,25,117.04540584539816,350.04540584539814,0.0
287,4,396.04540584539814,204.04540584539816,0.0
287,13,525.0454058453981,255.04540584539816,0.0
287,15,521.0454058453981,166.04540584539816,0.0
287,2,287.04540584539814,291.04540584539814,0.0
287,10,147.04540584539816,199.04540584539816,0.0
287,18,166.04540584539816,160.04540584539816,0.0
287,21,413.04540584539814,723.9545941546019,0.0
288,5,434.0,167.0,0.0
288,16,402.95459415460186,782.9545941546019,0.0
288,20,353.95459415460186,733.9545941546019,0.0
288,12,105.0,195.0,0.0
288,24,94.0,446.0,0.0
288,8,299.0,296.0,0.3200000000000001
288,17,329.0,311.0,0.2700000000000001
288,1,88.0,363.0,0.0
288,19,90.0,382.0,0.0
288,22,392.95459415460186,772.9545941546019,0.0
288,23,401.0,171.0,0.0
288,6,396.0,776.0,0.0
288,11,373.0,222.0,0.0
288,9,516.0,858.0,0.0
288,14,142.0,347.0,0.0
288,3,331.0,147.0,0.0
288,7,373.0,195.0,0.0
288,25,117.0,350.0,0.0
288,4,396.0,204.0,0.0
288,13,525.0,255.0,0.0
288,15,521.0,166.0,0.0
288,2,287.0,291.0,0.0
288,10,147.0,199.0,0.0
288,18,166.0,160.0,0.0
288,21,413.0,724.0,0.0
289,5,433.04540584539814,166.04540584539816,0.0
289,16,403.0,783.0,0.0
289,20,354.0,734.0,0.0
289,12,104.04540584539816,195.95459415460184,0.0
289,24,93.04540584539816,445.04540584539814,0.0
289,8,298.0,295.0,0.3200000000000001
289,17,328.0,310.0,0.2700000000000001
289,1,87.04540584539816,362.04540584539814,0.0
289,19,89.04540584539816,381.04540584539814,0.0
289,22,393.0,773.0,0.0
289,23,400.04540584539814,170.04540584539816,0.0
289,6,396.95459415460186,776.9545941546019,0.0
289,11,372.04540584539814,221.04540584539816,0.0
289,9,515.0454058453981,858.9545941546019,0.0
289,14,141.04540584539816,346.04540584539814,0.0
289,3,330.04540584539814,146.04540584539816,0.0
289,7,372.04540584539814,194.04540584539816,0.0
289,25,116.04540584539816,349.04540584539814,0.0
289,4,395.04540584539814,203.04540584539816,0.0
289,13,524.0454058453981,254.04540584539816,0.0
289,15,520.0454058453981,165.04540584539816,0.0
289,2,286.04540584539814,290.04540584539814,0.0
289,10,146.04540584539816,198.04540584539816,0.0
289,18,165.04540584539816,159.04540584539816,0.0
289,21,412.04540584539814,724.9545941546019,0.0
290,5,433.0,166.0,0.0
290,16,403.95459415460186,783.9545941546019,0.0
290,20,354.95459415460186,734.9545941546019,0.0
290,12,104.0,196.0,0.0
290,24,93.0,445.0,0.0
290,8,297.0,294.0,0.3200000000000001
290,17,327.0,309.0,0.2700000000000001
290,1,87.0,362.0,0.0
290,19,89.0,381.0,0.0
290,22,393.95459415460186,773.9545941546019,0.0
290,23,400.0,170.0,0.0
290,6,397.0,777.0,0.0
290,11,372.0,221.0,0.0
290,9,515.0,859.0,0.0
290,14,141.0,346.0,0.0
290,3,330.0,146.0,0.0
290,7,372.0,194.0,0.0
290,25,116.0,349.0,0.0
290,4,395.0,203.0,0.0
290,13,524.0,254.0,0.0
290,15,520.0,165.0,0.0
290,2,286.0,290.0,0.0
290,10,146.0,198.0,0.0
290,18,165.0,159.0,0.0
290,21,412.0,725.0,0.0
291,5,432.04540584539814,165.04540584539816,0.0
291,16,404.0,784.0,0.0
291,20,355.0,735.0,0.0
291,12,103.04540584539816,196.95459415460184,0.0
291,24,92.04540584539816,444.04540584539814,0.0
291,8,296.0,293.0,0.3200000000000001
291,17,326.0,308.0,0.2700000000000001
291,1,86.04540584539816,361.04540584539814,0.0
291,19,88.04540584539816,380.04540584539814,0.0
291,22,394.0,774.0,0.0
291,23,399.04540584539814,169.04540584539816,0.0
291,6,397.95459415460186,777.9545941546019,0.0
291,11,371.04540584539814,220.04540584539816,0.0
291,9,514.0454058453981,859.9545941546019,0.0
291,14,140.04540584539816,345.04540584539814,0.0
291,3,329.04540584539814,145.04540584539816,0.0
291,7,371.04540584539814,193.04540584539816,0.0
291,25,115.04540584539816,348.04540584539814,0.0
291,4,394.04540584539814,202.04540584539816,0.0
291,13,523.0454058453981,253.04540584539816,0.0
291,15,519.0454058453981,164.04540584539816,0.0
291,2,285.04540584539814,289.04540584539814,0.0
291,10,145.04540584539816,197.04540584539816,0.0
291,18,164.04540584539816,158.04540584539816,0.0
291,21,411.04540584539814,725.9545941546019,0.0
292,5,432.0,165.0,0.0
292,16,404.95459415460186,784.9545941546019,0.0
292,20,355.95459415460186,735.9545941546019,0.0
292,12,103.0,197.0,0.0
292,24,92.0,444.0,0.0
292,8,295.0,292.0,0.3200000000000001
292,17,325.0,307.0,0.2700000000000001
292,1,86.0,361.0,0.0
292,19,88.0,380.0,0.0
292,22,394.95459415460186,774.9545941546019,0.0
292,23,399.0,169.0,0.0
292,6,398.0,778.0,0.0
292,11,371.0,220.0,0.0
292,9,514.0,860.0,0.0
292,14,140.0,345.0,0.0
292,3,329.0,145.0,0.0
292,7,371.0,193.0,0.0
292,25,115.0,348.0,0.0
292,4,394.0,202.0,0.0
292,13,523.0,253.0,0.0
292,15,519.0,164.0,0.0
292,2,285.0,289.0,0.0
292,10,145.0,197.0,0.0
292,18,164.0,158.0,0.0
292,21,411.0,726.0,0.0
293,5,431.04540584539814,164.04540584539816,0.0
293,16,405.0,785.0,0.0
293,20,356.0,736.0,0.0
293,12,102.04540584539816,197.95459415460184,0.0
293,24,91.04540584539816,443.04540584539814,0.0
293,8,294.0,291.0,0.3200000000000001
293,17,324.0,306.0,0.2700000000000001
293,1,85.04540584539816,360.04540584539814,0.0
293,19,87.04540584539816,379.04540584539814,0.0
293,22,395.0,775.0,0.0
293,23,398.04540584539814,168.04540584539816,0.0
293,6,398.95459415460186,778.9545941546019,0.0
293,11,370.04540584539814,219.04540584539816,0.0
293,9,513.0454058453981,860.9545941546019,0.0
293,14,139.04540584539816,344.04540584539814,0.0
293,3,328.04540584539814,144.04540584539816,0.0
293,7,370.04540584539814,192.04540584539816,0.0
293,25,114.04540584539816,347.04540584539814,0.0
293,4,393.04540584539814,201.04540584539816,0.0
293,13,522.0454058453981,252.04540584539816,0.0
293,15,518.0454058453981,163.04540584539816,0.0
293,2,284.04540584539814,288.04540584539814,0.0
293,10,144.04540584539816,196.04540584539816,0.0
293,18,163.04540584539816,157.04540584539816,0.0
293,21,410.04540584539814,726.9545941546019,0.0
294,5,431.0,164.0,0.0
294,16,405.95459415460186,785.9545941546019,0.0
294,20,356.95459415460186,736.9545941546019,0.0
294,12,102.0,198.0,0.0
294,24,91.0,443.0,0.0
294,8,293.0,290.0,0.3200000000000001
294,17,323.0,305.0,0.2700000000000001
294,1,85.0,360.0,0.0
294,19,87.0,379.0,0.0
294,22,395.95459415460186,775.9545941546019,0.0
294,23,398.0,168.0,0.0
294,6,399.0,779.0,0.0
294,11,370.0,219.0,0.0
294,9,513.0,861.0,0.0
294,14,139.0,344.0,0.0
294,3,328.0,144.0,0.0
294,7,370.0,192.0,0.0
294,25,114.0,347.0,0.0
294,4,393.0,201.0,0.0
294,13,522.0,252.0,0.0
294,15,518.0,163.0,0.0
294,2,284.0,288.0,0.0
294,10,144.0,196.0,0.0
294,18,163.0,157.0,0.0
294,21,410.0,727.0,0.0
295,5,430.04540584539814,163.04540584539816,0.0
295,16,406.0,786.0,0.0
295,20,357.0,737.0,0.0
295,12,101.04540584539816,198.95459415460184,0.0
295,24,90.04540584539816,442.04540584539814,0.0
295,8,292.0,289.0,0.3200000000000001
295,17,322.0,304.0,0.2700000000000001
295,1,84.04540584539816,359.04540584539814,0.0
295,19,86.04540584539816,378.04540584539814,0.0
295,22,396.0,776.0,0.0
295,23,397.04540584539814,167.04540584539816,0.0
295,6,399.95459415460186,779.9545941546019,0.0
295,11,369.04540584539814,218.04540584539816,0.0
295,9,512.0454058453981,861.9545941546019,0.0
295,14,138.04540584539816,343.04540584539814,0.0
295,3,327.04540584539814,143.04540584539816,0.0
295,7,369.04540584539814,191.04540584539816,0.0
295,25,113.04540584539816,346.04540584539814,0.0
295,4,392.04540584539814,200.04540584539816,0.0
295,13,521.0454058453981,251.04540584539816,0.0
295,15,517.0454058453981,162.04540584539816,0.0
295,2,283.04540584539814,287.04540584539814,0.0
295,10,143.04540584539816,195.04540584539816,0.0
295,18,162.04540584539816,156.04540584539816,0.0
295,21,409.04540584539814,727.9545941546019,0.0
296,5,430.0,163.0,0.0
296,16,406.95459415460186,786.9545941546019,0.0
296,20,357.95459415460186,737.9545941546019,0.0
296,12,101.0,199.0,0.0
296,24,90.0,442.0,0.0
296,8,291.0,288.0,0.3200000000000001
296,17,321.0,303.0,0.2700000000000001
296,1,84.0,359.0,0.0
296,19,86.0,378.0,0.0
296,22,396.95459415460186,776.9545941546019,0.0
296,23,397.0,167.0,0.0
296,6,400.0,780.0,0.0
296,11,369.0,218.0,0.0
296,9,512.0,862.0,0.0
296,14,138.0,343.0,0.0
296,3,327.0,143.0,0.0
296,7,369.0,191.0,0.0
296,25,113.0,346.0,0.0
296,4,392.0,200.0,0.0
296,13,521.0,251.0,0.0
296,15,517.0,162.0,0.0
296,2,283.0,287.0,0.0
296,10,143.0,195.0,0.0
296,18,162.0,156.0,0.0
296,21,409.0,728.0,0.0
297,5,429.04540584539814,162.04540584539816,0.0
297,16,407.0,787.0,0.0
297,20,358.0,738.0,0.0
297,12,100.04540584539816,199.95459415460184,0.0
297,24,89.04540584539816,441.04540584539814,0.0
297,8,290.0,287.0,0.3200000000000001
297,17,320.0,302.0,0.2700000000000001
297,1,83.04540584539816,358.04540584539814,0.0
297,19,85.04540584539816,377.04540584539814,0.0
297,22,397.0,777.0,0.0
297,23,396.04540584539814,166.04540584539816,0.0
297,6,400.95459415460186,780.9545941546019,0.0
297,11,368.04540584539814,217.04540584539816,0.0
297,9,511.04540584539814,862.9545941546019,0.0
297,14,137.04540584539816,342.04540584539814,0.0
297,3,326.04540584539814,142.04540584539816,0.0
297,7,368.04540584539814,190.04540584539816,0.0
297,25,112.04540584539816,345.04540584539814,0.0
297,4,391.04540584539814,199.04540584539816,0.0
297,13,520.0454058453981,250.04540584539816,0.0
297,15,516.0454058453981,161.04540584539816,0.0
297,2,282.04540584539814,286.04540584539814,0.0
297,10,142.04540584539816,194.04540584539816,0.0
297,18,161.04540584539816,155.04540584539816,0.0
297,21,408.04540584539814,728.9545941546019,0.0
298,5,429.0,162.0,0.0
298,16,407.95459415460186,787.9545941546019,0.0
298,20,358.95459415460186,738.9545941546019,0.0
298,12,100.0,200.0,0.0
298,24,89.0,441.0,0.0
298,8,289.0,286.0,0.3200000000000001
298,17,319.0,301.0,0.2700000000000001
298,1,83.0,358.0,0.0
298,19,85.0,377.0,0.0
298,22,397.95459415460186,777.9545941546019,0.0
298,23,396.0,166.0,0.0
298,6,401.0,781.0,0.0
298,11,368.0,217.0,0.0
298,9,511.0,863.0,0.0
298,14,137.0,342.0,0.0
298,3,326.0,142.0,0.0
298,7,368.0,190.0,0.0
298,25,112.0,345.0,0.0
298,4,391.0,199.0,0.0
298,13,520.0,250.0,0.0
298,15,516.0,161.0,0.0
298,2,282.0,286.0,0.0
298,10,142.0,194.0,0.0
298,18,161.0,155.0,0.0
298,21,408.0,729.0,0.0
299,5,428.04540584539814,161.04540584539816,0.0
299,16,408.0,788.0,0.0
299,20,359.0,739.0,0.0
299,12,100.0,200.0,0.0
299,24,88.04540584539816,440.04540584539814,0.0
299,8,288.0,285.0,0.3200000000000001
299,17,318.0,300.0,0.2700000000000001
299,1,82.04540584539816,357.04540584539814,0.0
299,19,84.04540584539816,376.04540584539814,0.0
299,22,398.0,778.0,0.0
299,23,395.04540584539814,165.04540584539816,0.0
299,6,401.95459415460186,781.9545941546019,0.0
299,11,367.04540584539814,216.04540584539816,0.0
299,9,510.04540584539814,863.9545941546019,0.0
299,14,136.04540584539816,341.04540584539814,0.0
299,3,325.04540584539814,141.04540584539816,0.0
299,7,367.04540584539814,189.04540584539816,0.0
299,25,111.04540584539816,344.04540584539814,0.0
299,4,390.04540584539814,198.04540584539816,0.0
299,13,519.0454058453981,249.04540584539816,0.0
299,15,515.0454058453981,160.04540584539816,0.0
299,2,281.04540584539814,285.04540584539814,0.0
299,10,141.04540584539816,193.04540584539816,0.0
299,18,160.04540584539816,154.04540584539816,0.0
299,21,407.04540584539814,729.9545941546019,0.0
300,5,428.0,161.0,0.0
300,16,408.95459415460186,788.9545941546019,0.0
300,20,359.95459415460186,739.9545941546019,0.0
300,12,100.0,200.0,0.0
300,24,88.0,440.0,0.0
300,8,287.0,284.0,0.3200000000000001
300,17,317.0,299.0,0.2700000000000001
300,1,82.0,357.0,0.0
300,19,84.0,376.0,0.0
300,22,398.95459415460186,778.9545941546019,0.0
300,23,395.0,165.0,0.0
300,6,402.0,782.0,0.0
300,11,367.0,216.0,0.0
300,9,510.0,864.0,0.0
300,14,136.0,341.0,0.0
300,3,325.0,141.0,0.0
300,7,367.0,189.0,0.0
300,25,111.0,344.0,0.0
300,4,390.0,198.0,0.0
300,13,519.0,249.0,0.0
300,15,515.0,160.0,0.0
300,2,281.0,285.0,0.0
300,10,141.0,193.0,0.0
300,18,160.0,154.0,0.0
300,21,407.0,730.0,0.0
301,5,427.04540584539814,160.04540584539816,0.0
301,16,409.0,789.0,0.0
301,20,360.0,740.0,0.0
301,12,100.0,200.0,0.0
301,24,87.04540584539816,439.04540584539814,0.0
301,8,286.0,283.0,0.3200000000000001
301,17,316.0,298.0,0.2700000000000001
301,1,81.04540584539816,356.04540584539814,0.0
301,19,83.04540584539816,375.04540584539814,0.0
301,22,399.0,779.0,0.0
301,23,394.04540584539814,164.04540584539816,0.0
301,6,402.95459415460186,782.9545941546019,0.0
301,11,366.04540584539814,215.04540584539816,0.0
301,9,509.04540584539814,864.9545941546019,0.0
301,14,135.04540584539816,340.04540584539814,0.0
301,3,324.04540584539814,140.04540584539816,0.0
301,7,366.04540584539814,188.04540584539816,0.0
301,25,110.04540584539816,343.04540584539814,0.0
301,4,389.04540584539814,197.04540584539816,0.0
301,13,518.0454058453981,248.04540584539816,0.0
301,15,514.0454058453981,159.04540584539816,0.0
301,2,280.04540584539814,284.04540584539814,0.0
301,10,140.04540584539816,192.04540584539816,0.0
301,18,159.04540584539816,153.04540584539816,0.0
301,21,406.04540584539814,730.9545941546019,0.0
302,5,427.0,160.0,0.0
302,16,409.0,789.0,0.0
302,20,360.0,740.0,0.0
302,12,100.0,200.0,0.0
302,24,87.0,439.0,0.0
302,8,286.0,283.0,0.3200000000000001
302,17,316.0,298.0,0.2700000000000001
302,1,81.0,356.0,0.0
302,19,83.0,375.0,0.0
302,22,399.0,779.0,0.0
302,23,394.0,164.0,0.0
302,6,402.0,782.0,0.0
302,11,366.0,215.0,0.0
302,9,509.0,864.0,0.0
302,14,135.0,340.0,0.0
302,3,324.0,140.0,0.0
302,7,366.0,188.0,0.0
302,25,110.0,343.0,0.0
302,4,389.0,197.0,0.0
302,13,518.0,248.0,0.0
302,15,514.0,159.0,0.0
302,2,280.0,284.0,0.0
302,10,140.0,192.0,0.0
302,18,159.0,153.0,0.0
302,21,406.0,730.0,0.0
303,5,426.04540584539814,159.04540584539816,0.0
303,16,409.95459415460186,789.9545941546019,0.0
303,20,360.95459415460186,740.9545941546019,0.0
303,12,100.0,200.0,0.0
303,24,86.04540584539816,438.04540584539814,0.0
303,8,285.0,282.0,0.3200000000000001
303,17,315.0,297.0,0.2700000000000001
303,1,80.04540584539816,355.04540584539814,0.0
303,19,82.04540584539816,374.04540584539814,0.0
303,22,399.95459415460186,779.9545941546019,0.0
303,23,393.04540584539814,163.04540584539816,0.0
303,6,402.0,782.0,0.0
303,11,365.04540584539814,214.04540584539816,0.0
303,9,508.04540584539814,864.9545941546019,0.0
303,14,134.04540584539816,339.04540584539814,0.0
303,3,323.04540584539814,139.04540584539816,0.0
303,7,365.04540584539814,187.04540584539816,0.0
303,25,109.04540584539816,342.04540584539814,0.0
303,4,388.04540584539814,196.04540584539816,0.0
303,13,517.0454058453981,247.04540584539816,0.0
303,15,513.0454058453981,158.04540584539816,0.0
303,2,279.04540584539814,283.04540584539814,0.0
303,10,139.04540584539816,191.04540584539816,0.0
303,18,158.04540584539816,152.04540584539816,0.0
303,21,405.04540584539814,730.9545941546019,0.0
304,5,426.0,159.0,0.0
304,16,410.0,790.0,0.0
304,20,361.0,741.0,0.0
304,12,100.0,200.0,0.0
304,24,86.0,438.0,0.0
304,8,284.0,281.0,0.3200000000000001
304,17,314.0,296.0,0.2700000000000001
304,1,80.0,355.0,0.0
304,19,82.0,374.0,0.0
304,22,400.0,780.0,0.0
304,23,393.0,163.0,0.0
304,6,402.95459415460186,782.9545941546019,0.0
304,11,365.0,214.0,0.0
304,9,508.0,865.0,0.0
304,14,134.0,339.0,0.0
304,3,323.0,139.0,0.0
304,7,365.0,187.0,0.0
304,25,109.0,342.0,0.0
304,4,388.0,196.0,0.0
304,13,517.0,247.0,0.0
304,15,513.0,158.0,0.0
304,2,279.0,283.0,0.0
304,10,139.0,191.0,0.0
304,18,158.0,152.0,0.0
304,21,405.0,731.0,0.0
305,5,425.04540584539814,158.04540584539816,0.0
305,16,410.95459415460186,790.9545941546019,0.0
305,20,361.95459415460186,741.9545941546019,0.0
305,12,100.0,200.0,0.0
305,24,85.04540584539816,437.04540584539814,0.0
305,8,283.0,280.0,0.3200000000000001
305,17,313.0,295.0,0.2700000000000001
305,1,79.04540584539816,354.04540584539814,0.0
305,19,81.04540584539816,373.04540584539814,0.0
305,22,400.95459415460186,780.9545941546019,0.0
305,23,392.04540584539814,162.04540584539816,0.0
305,6,403.0,783.0,0.0
305,11,364.04540584539814,213.04540584539816,0.0
305,9,507.04540584539814,865.9545941546019,0.0
305,14,133.04540584539816,338.04540584539814,0.0
305,3,322.04540584539814,138.04540584539816,0.0
305,7,364.04540584539814,186.04540584539816,0.0
305,25,108.04540584539816,341.04540584539814,0.0
305,4,387.04540584539814,195.04540584539816,0.0
305,13,516.0454058453981,246.04540584539816,0.0
305,15,512.0454058453981,157.04540584539816,0.0
305,2,278.04540584539814,282.04540584539814,0.0
305,10,138.04540584539816,190.04540584539816,0.0
305,18,157.04540584539816,151.04540584539816,0.0
305,21,404.04540584539814,731.9545941546019,0.0
306,5,425.0,158.0,0.0
306,16,411.0,791.0,0.0
306,20,362.0,742.0,0.0
306,12,100.0,200.0,0.0
306,24,85.0,437.0,0.0
306,8,282.0,279.0,0.3200000000000001
306,17,312.0,294.0,0.2700000000000001
306,1,79.0,354.0,0.0
306,19,81.0,373.0,0.0
306,22,401.0,781.0,0.0
306,23,392.0,162.0,0.0
306,6,403.95459415460186,783.9545941546019,0.0
306,11,364.0,213.0,0.0
306,9,507.0,866.0,0.0
306,14,133.0,338.0,0.0
306,3,322.0,138.0,0.0
306,7,364.0,186.0,0.0
306,25,108.0,341.0,0.0
306,4,387.0,195.0,0.0
306,13,516.0,246.0,0.0
306,15,512.0,157.0,0.0
306,2,278.0,282.0,0.0
306,10,138.0,190.0,0.0
306,18,157.0,151.0,0.0
306,21,404.0,732.0,0.0
307,5,424.04540584539814,157.04540584539816,0.0
307,16,411.95459415460186,791.9545941546019,0.0
307,20,362.95459415460186,742.9545941546019,0.0
307,12,100.0,200.0,0.0
307,24,84.04540584539816,436.04540584539814,0.0
307,8,281.0,278.0,0.3200000000000001
307,17,311.0,293.0,0.2700000000000001
307,1,78.04540584539816,353.04540584539814,0.0
307,19,80.04540584539816,372.04540584539814,0.0
307,22,401.95459415460186,781.9545941546019,0.0
307,23,391.04540584539814,161.04540584539816,0.0
307,6,404.0,784.0,0.0
307,11,363.04540584539814,212.04540584539816,0.0
307,9,506.04540584539814,866.9545941546019,0.0
307,14,132.04540584539816,337.04540584539814,0.0
307,3,321.04540584539814,137.04540584539816,0.0
307,7,363.04540584539814,185.04540584539816,0.0
307,25,107.04540584539816,340.04540584539814,0.0
307,4,386.04540584539814,194.04540584539816,0.0
307,13,515.0454058453981,245.04540584539816,0.0
307,15,511.04540584539814,156.04540584539816,0.0
307,2,277.04540584539814,281.04540584539814,0.0
307,10,137.04540584539816,189.04540584539816,0.0
307,18,156.04540584539816,150.04540584539816,0.0
307,21,403.04540584539814,732.9545941546019,0.0
308,5,424.0,157.0,0.0
308,16,412.0,792.0,0.0
308,20,363.0,743.0,0.0
308,12,100.0,200.0,0.0
308,24,84.0,436.0,0.0
308,8,280.0,277.0,0.3200000000000001
308,17,310.0,292.0,0.2700000000000001
308,1,78.0,353.0,0.0
308,19,80.0,372.0,0.0
308,22,402.0,782.0,0.0
308,23,391.0,161.0,0.0
308,6,404.95459415460186,784.9545941546019,0.0
308,11,363.0,212.0,0.0
308,9,506.0,867.0,0.0
308,14,132.0,337.0,0.0
308,3,321.0,137.0,0.0
308,7,363.0,185.0,0.0
308,25,107.0,340.0,0.0
308,4,386.0,194.0,0.0
308,13,515.0,245.0,0.0
308,15,511.0,156.0,0.0
308,2,277.0,281.0,0.0
308,10,137.0,189.0,0.0
308,18,156.0,150.0,0.0
308,21,403.0,733.0,0.0
309,5,423.04540584539814,156.04540584539816,0.0
309,16,412.95459415460186,792.9545941546019,0.0
309,20,363.95459415460186,743.9545941546019,0.0
309,12,100.0,200.0,0.0
309,24,83.04540584539816,435.04540584539814,0.0
309,8,279.0,276.0,0.3200000000000001
309,17,309.0,291.0,0.2700000000000001
309,1,77.04540584539816,352.04540584539814,0.0
309,19,79.04540584539816,371.04540584539814,0.0
309,22,402.95459415460186,782.9545941546019,0.0
309,23,390.04540584539814,160.04540584539816,0.0
309,6,405.0,785.0,0.0
309,11,362.04540584539814,211.04540584539816,0.0
309,9,505.04540584539814,867.9545941546019,0.0
309,14,131.04540584539816,336.04540584539814,0.0
309,3,320.04540584539814,136.04540584539816,0.0
309,7,362.04540584539814,184.04540584539816,0.0
309,25,106.04540584539816,339.04540584539814,0.0
309,4,385.04540584539814,193.04540584539816,0.0
309,13,514.0454058453981,244.04540584539816,0.0
309,15,510.04540584539814,155.04540584539816,0.0
309,2,276.04540584539814,280.04540584539814,0.0
309,10,136.04540584539816,188.04540584539816,0.0
309,18,155.04540584539816,149.04540584539816,0.0
309,21,402.04540584539814,733.9545941546019,0.0
310,5,423.0,156.0,0.0
310,16,413.0,793.0,0.0
310,20,364.0,744.0,0.0
310,12,100.0,200.0,0.0
310,24,83.0,435.0,0.0
310,8,278.0,275.0,0.3200000000000001
310,17,308.0,290.0,0.2700000000000001
310,1,77.0,352.0,0.0
310,19,79.0,371.0,0.0
310,22,403.0,783.0,0.0
310,23,390.0,160.0,0.0
310,6,405.95459415460186,785.9545941546019,0.0
310,11,362.0,211.0,0.0
310,9,505.0,868.0,0.0
310,14,131.0,336.0,0.0
310,3,320.0,136.0,0.0
310,7,362.0,184.0,0.0
310,25,106.0,339.0,0.0
310,4,385.0,193.0,0.0
310,13,514.0,244.0,0.0
310,15,510.0,155.0,0.0
310,2,276.0,280.0,0.0
310,10,136.0,188.0,0.0
310,18,155.0,149.0,0.0
310,21,402.0,734.0,0.0
311,5,422.04540584539814,155.04540584539816,0.0
311,16,413.95459415460186,793.9545941546019,0.0
311,20,364.95459415460186,744.9545941546019,0.0
311,12,100.0,200.0,0.0
311,24,82.04540584539816,434.04540584539814,0.0
311,8,277.0,274.0,0.3200000000000001
311,17,307.0,289.0,0.2700000000000001
311,1,76.04540584539816,351.04540584539814,0.0
311,19,78.04540584539816,370.04540584539814,0.0
311,22,403.95459415460186,783.9545941546019,0.0
311,23,389.04540584539814,159.04540584539816,0.0
311,6,406.0,786.0,0.0
311,11,361.04540584539814,210.04540584539816,0.0
311,9,504.04540584539814,868.9545941546019,0.0
311,14,130.04540584539816,335.04540584539814,0.0
311,3,319.04540584539814,135.04540584539816,0.0
311,7,361.04540584539814,183.04540584539816,0.0
311,25,105.04540584539816,338.04540584539814,0.0
311,4,384.04540584539814,192.04540584539816,0.0
311,13,513.0454058453981,243.04540584539816,0.0
311,15,509.04540584539814,154.04540584539816,0.0
311,2,275.04540584539814,279.04540584539814,0.0
311,10,135.04540584539816,187.04540584539816,0.0
311,18,154.04540584539816,148.04540584539816,0.0
311,21,401.04540584539814,734.9545941546019,0.0
312,5,422.0,155.0,0.0
312,16,414.0,794.0,0.0
312,20,365.0,745.0,0.0
312,12,100.0,200.0,0.0
312,24,82.0,434.0,0.0
312,8,276.0,273.0,0.3200000000000001
312,17,306.0,288.0,0.2700000000000001
312,1,76.0,351.0,0.0
312,19,78.0,370.0,0.0
312,22,404.0,784.0,0.0
312,23,389.0,159.0,0.0
312,6,406.95459415460186,786.9545941546019,0.0
312,11,361.0,210.0,0.0
312,9,504.0,869.0,0.0
312,14,130.0,335.0,0.0
312,3,319.0,135.0,0.0
312,7,361.0,183.0,0.0
312,25,105.0,338.0,0.0
312,4,384.0,192.0,0.0
312,13,513.0,243.0,0.0
312,15,509.0,154.0,0.0
312,2,275.0,279.0,0.0
312,10,135.0,187.0,0.0
312,18,154.0,148.0,0.0
312,21,401.0,735.0,0.0
313,5,421.04540584539814,154.04540584539816,0.0
313,16,414.95459415460186,794.9545941546019,0.0
313,20,365.95459415460186,745.9545941546019,0.0
313,12,100.0,200.0,0.0
313,24,81.04540584539816,433.04540584539814,0.0
313,8,275.0,272.0,0.3200000000000001
313,17,305.0,287.0,0.2700000000000001
313,1,75.04540584539816,350.04540584539814,0.0
313,19,77.04540584539816,369.04540584539814,0.0
313,22,404.95459415460186,784.9545941546019,0.0
313,23,388.04540584539814,158.04540584539816,0.0
313,6,407.0,787.0,0.0
313,11,360.04540584539814,209.04540584539816,0.0
313,9,503.04540584539814,869.9545941546019,0.0
313,14,129.04540584539816,334.04540584539814,0.0
313,3,318.04540584539814,134.04540584539816,0.0
313,7,360.04540584539814,182.04540584539816,0.0
313,25,104.04540584539816,337.04540584539814,0.0
313,4,383.04540584539814,191.04540584539816,0.0
313,13,512.0454058453981,242.04540584539816,0.0
313,15,508.04540584539814,153.04540584539816,0.0
313,2,274.04540584539814,278.04540584539814,0.0
313,10,134.04540584539816,186.04540584539816,0.0
313,18,153.04540584539816,147.04540584539816,0.0
313,21,400.04540584539814,735.9545941546019,0.0
314,5,421.0,154.0,0.0
314,16,415.0,795.0,0.0
314,20,366.0,746.0,0.0
314,12,100.0,200.0,0.0
314,24,81.0,433.0,0.0
314,8,274.0,271.0,0.3200000000000001
314,17,304.0,286.0,0.2700000000000001
314,1,75.0,350.0,0.0
314,19,77.0,369.0,0.0
314,22,405.0,785.0,0.0
314,23,388.0,158.0,0.0
314,6,407.95459415460186,787.9545941546019,0.0
314,11,360.0,209.0,0.0
314,9,503.0,870.0,0.0
314,14,129.0,334.0,0.0
314,3,318.0,134.0,0.0
314,7,360.0,182.0,0.0
314,25,104.0,337.0,0.0
314,4,383.0,191.0,0.0
314,13,512.0,242.0,0.0
314,15,508.0,153.0,0.0
314,2,274.0,278.0,0.0
314,10,134.0,186.0,0.0
314,18,153.0,147.0,0.0
314,21,400.0,736.0,0.0
315,5,420.04540584539814,153.04540584539816,0.0
315,16,415.95459415460186,795.9545941546019,0.0
315,20,366.95459415460186,746.9545941546019,0.0
315,12,100.0,200.0,0.0
315,24,80.04540584539816,432.04540584539814,0.0
315,8,273.0,270.0,0.3200000000000001
315,17,303.0,285.0,0.2700000000000001
315,1,74.04540584539816,349.04540584539814,0.0
315,19,76.04540584539816,368.04540584539814,0.0
315,22,405.95459415460186,785.9545941546019,0.0
315,23,387.04540584539814,157.04540584539816,0.0
315,6,408.0,788.0,0.0
315,11,359.04540584539814,208.04540584539816,0.0
315,9,502.04540584539814,870.9545941546019,0.0
315,14,128.04540584539816,333.04540584539814,0.0
315,3,317.04540584539814,133.04540584539816,0.0
315,7,359.04540584539814,181.04540584539816,0.0
315,25,103.04540584539816,336.04540584539814,0.0
315,4,382.04540584539814,190.04540584539816,0.0
315,13,511.04540584539814,241.04540584539816,0.0
315,15,507.04540584539814,152.04540584539816,0.0
315,2,273.04540584539814,277.04540584539814,0.0
315,10,133.04540584539816,185.04540584539816,0.0
315,18,152.04540584539816,147.95459415460184,0.0
315,21,399.04540584539814,736.9545941546019,0.0
316,5,420.0,153.0,0.0
316,16,416.0,796.0,0.0
316,20,367.0,747.0,0.0
316,12,100.0,200.0,0.0
316,24,80.0,432.0,0.0
316,8,272.0,269.0,0.3200000000000001
316,17,302.0,284.0,0.2700000000000001
316,1,74.0,349.0,0.0
316,19,76.0,368.0,0.0
316,22,406.0,786.0,0.0
316,23,387.0,157.0,0.0
316,6,408.95459415460186,788.9545941546019,0.0
316,11,359.0,208.0,0.0
316,9,502.0,871.0,0.0
316,14,128.0,333.0,0.0
316,3,317.0,133.0,0.0
316,7,359.0,181.0,0.0
316,25,103.0,336.0,0.0
316,4,382.0,190.0,0.0
316,13,511.0,241.0,0.0
316,15,507.0,152.0,0.0
316,2,273.0,277.0,0.0
316,10,133.0,185.0,0.0
316,18,152.0,148.0,0.0
316,21,399.0,737.0,0.0
317,5,419.04540584539814,152.04540584539816,0.0
317,16,416.95459415460186,796.9545941546019,0.0
317,20,367.95459415460186,747.9545941546019,0.0
317,12,100.0,200.0,0.0
317,24,79.04540584539816,431.04540584539814,0.0
317,8,271.0,268.0,0.3200000000000001
317,17,301.0,283.0,0.2700000000000001
317,1,73.04540584539816,348.04540584539814,0.0
317,19,75.04540584539816,367.04540584539814,0.0
317,22,406.95459415460186,786.9545941546019,0.0
317,23,386.04540584539814,156.04540584539816,0.0
317,6,409.0,789.0,0.0
317,11,358.04540584539814,207.04540584539816,0.0
317,9,501.04540584539814,871.9545941546019,0.0
317,14,127.04540584539816,332.04540584539814,0.0
317,3,316.04540584539814,132.04540584539816,0.0
317,7,358.04540584539814,180.04540584539816,0.0
317,25,102.04540584539816,335.04540584539814,0.0
317,4,381.04540584539814,189.04540584539816,0.0
317,13,510.04540584539814,240.04540584539816,0.0
317,15,506.04540584539814,151.04540584539816,0.0
317,2,272.04540584539814,276.04540584539814,0.0
317,10,132.04540584539816,184.04540584539816,0.0
317,18,151.04540584539816,148.95459415460184,0.0
317,21,398.04540584539814,737.9545941546019,0.0
318,5,419.0,152.0,0.0
318,16,417.0,797.0,0.0
318,20,368.0,748.0,0.0
318,12,100.0,200.0,0.0
318,24,79.0,431.0,0.0
318,8,270.0,267.0,0.3200000000000001
318,17,300.0,282.0,0.2700000000000001
318,1,73.0,348.0,0.0
318,19,75.0,367.0,0.0
318,22,407.0,787.0,0.0
318,23,386.0,156.0,0.0
318,6,409.95459415460186,789.9545941546019,0.0
318,11,358.0,207.0,0.0
318,9,501.0,872.0,0.0
318,14,127.0,332.0,0.0
318,3,316.0,132.0,0.0
318,7,358.0,180.0,0.0
318,25,102.0,335.0,0.0
318,4,381.0,189.0,0.0
318,13,510.0,240.0,0.0
318,15,506.0,151.0,0.0
318,2,272.0,276.0,0.0
318,10,132.0,184.0,0.0
318,18,151.0,149.0,0.0
318,21,398.0,738.0,0.0
319,5,418.04540584539814,151.04540584539816,0.0
319,16,417.95459415460186,797.9545941546019,0.0
319,20,368.95459415460186,748.9545941546019,0.0
319,12,100.0,200.0,0.0
319,24,78.04540584539816,430.04540584539814,0.0
319,8,269.0,266.0,0.3200000000000001
319,17,299.0,281.0,0.2700000000000001
319,1,72.04540584539816,347.04540584539814,0.0
319,19,74.04540584539816,366.04540584539814,0.0
319,22,407.95459415460186,787.9545941546019,0.0
319,23,385.04540584539814,155.04540584539816,0.0
319,6,410.0,790.0,0.0
319,11,357.04540584539814,206.04540584539816,0.0
319,9,500.04540584539814,872.9545941546019,0.0
319,14,126.04540584539816,331.04540584539814,0.0
319,3,315.04540584539814,131.04540584539816,0.0
319,7,357.04540584539814,179.04540584539816,0.0
319,25,101.04540584539816,334.04540584539814,0.0
319,4,380.04540584539814,188.04540584539816,0.0
319,13,509.04540584539814,239.04540584539816,0.0
319,15,505.04540584539814,150.04540584539816,0.0
319,2,271.04540584539814,275.04540584539814,0.0
319,10,131.04540584539816,183.04540584539816,0.0
319,18,150.04540584539816,149.95459415460184,0.0
319,21,397.04540584539814,738.9545941546019,0.0
320,5,418.0,151.0,0.0
320,16,418.0,798.0,0.0
320,20,369.0,749.0,0.0
320,12,100.0,200.0,0.0
320,24,78.0,430.0,0.0
320,8,268.0,265.0,0.3200000000000001
320,17,298.0,280.0,0.2700000000000001
320,1,72.0,347.0,0.0
320,19,74.0,366.0,0.0
320,22,408.0,788.0,0.0
320,23,385.0,155.0,0.0
320,6,410.95459415460186,790.9545941546019,0.0
320,11,357.0,206.0,0.0
320,9,500.0,873.0,0.0
320,14,126.0,331.0,0.0
320,3,315.0,131.0,0.0
320,7,357.0,179.0,0.0
320,25,101.0,334.0,0.0
320,4,380.0,188.0,0.0
320,13,509.0,239.0,0.0
320,15,505.0,150.0,0.0
320,2,271.0,275.0,0.0
320,10,131.0,183.0,0.0
320,18,150.0,150.0,0.0
320,21,397.0,739.0,0.0
321,5,417.04540584539814,150.04540584539816,0.0
321,16,418.95459415460186,798.9545941546019,0.0
321,20,369.95459415460186,749.9545941546019,0.0
321,12,100.0,200.0,0.0
321,24,77.04540584539816,429.04540584539814,0.0
321,8,267.0,264.0,0.3200000000000001
321,17,297.0,279.0,0.2700000000000001
321,1,71.04540584539816,346.04540584539814,0.0
321,19,73.04540584539816,365.04540584539814,0.0
321,22,408.95459415460186,788.9545941546019,0.0
321,23,384.04540584539814,154.04540584539816,0.0
321,6,411.0,791.0,0.0
321,11,356.04540584539814,205.04540584539816,0.0
321,9,499.04540584539814,873.9545941546019,0.0
321,14,125.04540584539816,330.04540584539814,0.0
321,3,314.04540584539814,130.04540584539816,0.0
321,7,356.04540584539814,178.04540584539816,0.0
321,25,100.04540584539816,333.04540584539814,0.0
321,4,379.04540584539814,187.04540584539816,0.0
321,13,508.04540584539814,238.04540584539816,0.0
321,15,504.04540584539814,149.04540584539816,0.0
321,2,270.04540584539814,274.04540584539814,0.0
321,10,130.04540584539816,182.04540584539816,0.0
321,18,149.04540584539816,150.95459415460184,0.0
321,21,396.04540584539814,739.9545941546019,0.0
322,5,417.0,150.0,0.0
322,16,419.0,799.0,0.0
322,20,370.0,750.0,0.0
322,12,100.0,200.0,0.0
322,24,77.0,429.0,0.0
322,8,266.0,263.0,0.3200000000000001
322,17,296.0,278.0,0.2700000000000001
322,1,71.0,346.0,0.0
322,19,73.0,365.0,0.0
322,22,409.0,789.0,0.0
322,23,384.0,154.0,0.0
322,6,411.95459415460186,791.9545941546019,0.0
322,11,356.0,205.0,0.0
322,9,499.0,874.0,0.0
322,14,125.0,330.0,0.0
322,3,314.0,130.0,0.0
322,7,356.0,178.0,0.0
322,25,100.0,333.0,0.0
322,4,379.0,187.0,0.0
322,13,508.0,238.0,0.0
322,15,504.0,149.0,0.0
322,2,270.0,274.0,0.0
322,10,130.0,182.0,0.0
322,18,149.0,151.0,0.0
322,21,396.0,740.0,0.0
323,5,416.04540584539814,149.04540584539816,0.0
323,16,419.95459415460186,799.9545941546019,0.0
323,20,370.95459415460186,750.9545941546019,0.0
323,12,100.0,200.0,0.0
323,24,76.04540584539816,428.04540584539814,0.0
323,8,265.0,262.0,0.3200000000000001
323,17,295.0,277.0,0.2700000000000001
323,1,70.04540584539816,345.04540584539814,0.0
323,19,72.04540584539816,364.04540584539814,0.0
323,22,409.95459415460186,789.9545941546019,0.0
323,23,383.04540584539814,153.04540584539816,0.0
323,6,412.0,792.0,0.0
323,11,355.04540584539814,204.04540584539816,0.0
323,9,498.04540584539814,874.9545941546019,0.0
323,14,124.04540584539816,329.04540584539814,0.0
323,3,313.04540584539814,129.04540584539816,0.0
323,7,355.04540584539814,177.04540584539816,0.0
323,25,99.04540584539816,332.04540584539814,0.0
323,4,378.04540584539814,186.04540584539816,0.0
323,13,507.04540584539814,237.04540584539816,0.0
323,15,503.04540584539814,148.04540584539816,0.0
323,2,269.04540584539814,273.04540584539814,0.0
323,10,129.04540584539816,181.04540584539816,0.0
323,18,148.04540584539816,151.95459415460184,0.0
323,21,395.04540584539814,740.9545941546019,0.0
324,5,416.0,149.0,0.0
324,16,420.0,800.0,0.0
324,20,371.0,751.0,0.0
324,12,100.0,200.0,0.0
324,24,76.0,428.0,0.0
324,8,264.0,261.0,0.3200000000000001
324,17,294.0,276.0,0.2700000000000001
324,1,70.0,345.0,0.0
324,19,72.0,364.0,0.0
324,22,410.0,790.0,0.0
324,23,383.0,153.0,0.0
324,6,412.95459415460186,792.9545941546019,0.0
324,11,355.0,204.0,0.0
324,9,498.0,875.0,0.0
324,14,124.0,329.0,0.0
324,3,313.0,129.0,0.0
324,7,355.0,177.0,0.0
324,25,99.0,332.0,0.0
324,4,378.0,186.0,0.0
324,13,507.0,237.0,0.0
324,15,503.0,148.0,0.0
324,2,269.0,273.0,0.0
324,10,129.0,181.0,0.0
324,18,148.0,152.0,0.0
324,21,395.0,741.0,0.0
325,5,415.04540584539814,148.04540584539816,0.0
325,16,420.95459415460186,800.9545941546019,0.0
325,20,371.95459415460186,751.9545941546019,0.0
325,12,100.0,200.0,0.0
325,24,75.04540584539816,427.04540584539814,0.0
325,8,263.0,260.0,0.3200000000000001
325,17,293.0,275.0,0.2700000000000001
325,1,69.04540584539816,344.04540584539814,0.0
325,19,71.04540584539816,363.04540584539814,0.0
325,22,410.95459415460186,790.9545941546019,0.0
325,23,382.04540584539814,152.04540584539816,0.0
325,6,413.0,793.0,0.0
325,11,354.04540584539814,203.04540584539816,0.0
325,9,497.04540584539814,875.9545941546019,0.0
325,14,123.04540584539816,328.04540584539814,0.0
325,3,312.04540584539814,128.04540584539816,0.0
325,7,354.04540584539814,176.04540584539816,0.0
325,25,98.04540584539816,331.04540584539814,0.0
325,4,377.04540584539814,185.04540584539816,0.0
325,13,506.04540584539814,236.04540584539816,0.0
325,15,502.04540584539814,147.04540584539816,0.0
325,2,268.04540584539814,272.04540584539814,0.0
325,10,128.04540584539816,180.04540584539816,0.0
325,18,147.04540584539816,152.95459415460184,0.0
325,21,394.04540584539814,741.9545941546019,0.0
326,5,415.0,148.0,0.0
326,16,421.0,801.0,0.0
326,20,372.0,752.0,0.0
326,12,100.0,200.0,0.0
326,24,75.0,427.0,0.0
326,8,262.0,259.0,0.3200000000000001
326,17,292.0,274.0,0.2700000000000001
326,1,69.0,344.0,0.0
326,19,71.0,363.0,0.0
326,22,411.0,791.0,0.0
326,23,382.0,152.0,0.0
326,6,413.95459415460186,793.9545941546019,0.0
326,11,354.0,203.0,0.0
326,9,497.0,876.0,0.0
326,14,123.0,328.0,0.0
326,3,312.0,128.0,0.0
326,7,354.0,176.0,0.0
326,25,98.0,331.0,0.0
326,4,377.0,185.0,0.0
326,13,506.0,236.0,0.0
326,15,502.0,147.0,0.0
326,2,268.0,272.0,0.0
326,10,128.0,180.0,0.0
326,18,147.0,153.0,0.0
326,21,394.0,742.0,0.0
327,5,414.04540584539814,147.04540584539816,0.0
327,16,421.95459415460186,801.9545941546019,0.0
327,20,372.95459415460186,752.9545941546019,0.0
327,12,100.0,200.0,0.0
327,24,74.04540584539816,426.04540584539814,0.0
327,8,261.0,258.0,0.3200000000000001
327,17,291.0,273.0,0.2700000000000001
327,1,68.04540584539816,343.04540584539814,0.0
327,19,70.04540584539816,362.04540584539814,0.0
327,22,411.95459415460186,791.9545941546019,0.0
327,23,381.04540584539814,151.04540584539816,0.0
327,6,414.0,794.0,0.0
327,11,353.04540584539814,202.04540584539816,0.0
327,9,497.0,877.0,0.0
327,14,122.04540584539816,327.04540584539814,0.0
327,3,311.04540584539814,127.04540584539816,0.0
327,7,353.04540584539814,175.04540584539816,0.0
327,25,97.04540584539816,330.04540584539814,0.0
327,4,376.04540584539814,184.04540584539816,0.0
327,13,505.04540584539814,235.04540584539816,0.0
327,15,501.04540584539814,146.04540584539816,0.0
327,2,267.04540584539814,271.04540584539814,0.0
327,10,127.04540584539816,179.04540584539816,0.0
327,18,146.04540584539816,153.95459415460184,0.0
327,21,393.04540584539814,742.9545941546019,0.0
328,5,414.0,147.0,0.0
328,16,422.0,802.0,0.0
328,20,373.0,753.0,0.0
328,12,100.0,200.0,0.0
328,24,74.0,426.0,0.0
328,8,260.0,257.0,0.3200000000000001
328,17,290.0,272.0,0.2700000000000001
328,1,68.0,343.0,0.0
328,19,70.0,362.0,0.0
328,22,412.0,792.0,0.0
328,23,381.0,151.0,0.0
328,6,414.95459415460186,794.9545941546019,0.0
328,11,353.0,202.0,0.0
328,9,497.95459415460186,877.9545941546019,0.0
328,14,122.0,327.0,0.0
328,3,311.0,127.0,0.0
328,7,353.0,175.0,0.0
328,25,97.0,330.0,0.0
328,4,376.0,184.0,0.0
328,13,505.0,235.0,0.0
328,15,501.0,146.0,0.0
328,2,267.0,271.0,0.0
328,10,127.0,179.0,0.0
328,18,146.0,154.0,0.0
328,21,393.0,743.0,0.0
329,5,413.04540584539814,146.04540584539816,0.0
329,16,422.95459415460186,802.9545941546019,0.0
329,20,373.95459415460186,753.9545941546019,0.0
329,12,100.0,200.0,0.0
329,24,73.04540584539816,425.04540584539814,0.0
329,8,259.0,256.0,0.3200000000000001
329,17,289.0,271.0,0.2700000000000001
329,1,67.04540584539816,342.04540584539814,0.0
329,19,69.04540584539816,361.04540584539814,0.0
329,22,412.95459415460186,792.9545941546019,0.0
329,23,380.04540584539814,150.04540584539816,0.0
329,6,415.0,795.0,0.0
329,11,352.04540584539814,201.04540584539816,0.0
329,9,498.0,878.0,0.0
329,14,121.04540584539816,326.04540584539814,0.0
329,3,310.04540584539814,126.04540584539816,0.0
329,7,352.04540584539814,174.04540584539816,0.0
329,25,96.04540584539816,329.04540584539814,0.0
329,4,375.04540584539814,183.04540584539816,0.0
329,13,504.04540584539814,234.04540584539816,0.0
329,15,500.04540584539814,145.04540584539816,0.0
329,2,266.04540584539814,270.04540584539814,0.0
329,10,126.04540584539816,178.04540584539816,0.0
329,18,145.04540584539816,154.95459415460184,0.0
329,21,392.04540584539814,743.9545941546019,0.0
330,5,413.0,146.0,0.0
330,16,423.0,803.0,0.0
330,20,374.0,754.0,0.0
330,12,100.0,200.0,0.0
330,24,73.0,425.0,0.0
330,8,258.0,255.0,0.3200000000000001
330,17,288.0,270.0,0.2700000000000001
330,1,67.0,342.0,0.0
330,19,69.0,361.0,0.0
330,22,413.0,793.0,0.0
330,23,380.0,150.0,0.0
330,6,415.95459415460186,795.9545941546019,0.0
330,11,352.0,201.0,0.0
330,9,498.95459415460186,878.9545941546019,0.0
330,14,121.0,326.0,0.0
330,3,310.0,126.0,0.0
330,7,352.0,174.0,0.0
330,25,96.0,329.0,0.0
330,4,375.0,183.0,0.0
330,13,504.0,234.0,0.0
330,15,500.0,145.0,0.0
330,2,266.0,270.0,0.0
330,10,126.0,178.0,0.0
330,18,145.0,155.0,0.0
330,21,392.0,744.0,0.0
331,5,412.04540584539814,145.04540584539816,0.0
331,16,423.95459415460186,803.9545941546019,0.0
331,20,374.95459415460186,754.9545941546019,0.0
331,12,100.0,200.0,0.0
331,24,72.04540584539816,424.04540584539814,0.0
331,8,257.0,254.0,0.3200000000000001
331,17,287.0,269.0,0.2700000000000001
331,1,66.04540584539816,341.04540584539814,0.0
331,19,68.04540584539816,360.04540584539814,0.0
331,22,413.95459415460186,793.9545941546019,0.0
331,23,379.04540584539814,149.04540584539816,0.0
331,6,416.0,796.0,0.0
331,11,351.04540584539814,200.04540584539816,0.0
331,9,499.0,879.0,0.0
331,14,120.04540584539816,325.04540584539814,0.0
331,3,309.04540584539814,125.04540584539816,0.0
331,7,351.04540584539814,173.04540584539816,0.0
331,25,95.04540584539816,328.04540584539814,0.0
331,4,374.04540584539814,182.04540584539816,0.0
331,13,503.04540584539814,233.04540584539816,0.0
331,15,499.04540584539814,144.04540584539816,0.0
331,2,265.04540584539814,269.04540584539814,0.0
331,10,125.04540584539816,177.04540584539816,0.0
331,18,144.04540584539816,155.95459415460184,0.0
331,21,391.04540584539814,744.9545941546019,0.0
332,5,412.0,145.0,0.0
332,16,424.0,804.0,0.0
332,20,375.0,755.0,0.0
332,12,100.0,200.0,0.0
332,24,72.0,424.0,0.0
332,8,256.0,253.0,0.3200000000000001
332,17,286.0,268.0,0.2700000000000001
332,1,66.0,341.0,0.0
332,19,68.0,360.0,0.0
332,22,414.0,794.0,0.0
332,23,379.0,149.0,0.0
332,6,416.95459415460186,796.9545941546019,0.0
332,11,351.0,200.0,0.0
332,9,499.95459415460186,879.9545941546019,0.0
332,14,120.0,325.0,0.0
332,3,309.0,125.0,0.0
332,7,351.0,173.0,0.0
332,25,95.0,328.0,0.0
332,4,374.0,182.0,0.0
332,13,503.0,233.0,0.0
332,15,499.0,144.0,0.0
332,2,265.0,269.0,0.0
332,10,125.0,177.0,0.0
332,18,144.0,156.0,0.0
332,21,391.0,745.0,0.0
333,5,411.04540584539814,144.04540584539816,0.0
333,16,424.95459415460186,804.9545941546019,0.0
333,20,375.95459415460186,755.9545941546019,0.0
333,12,100.0,200.0,0.0
333,24,71.04540584539816,423.04540584539814,0.0
333,8,255.0,252.0,0.3200000000000001
333,17,285.0,267.0,0.2700000000000001
333,1,65.04540584539816,340.04540584539814,0.0
333,19,67.04540584539816,359.04540584539814,0.0
333,22,414.95459415460186,794.9545941546019,0.0
333,23,378.04540584539814,148.04540584539816,0.0
333,6,417.0,797.0,0.0
333,11,350.04540584539814,199.04540584539816,0.0
333,9,500.0,880.0,0.0
333,14,119.04540584539816,324.04540584539814,0.0
333,3,308.04540584539814,124.04540584539816,0.0
333,7,350.04540584539814,172.04540584539816,0.0
333,25,94.04540584539816,327.04540584539814,0.0
333,4,373.04540584539814,181.04540584539816,0.0
333,13,502.04540584539814,232.04540584539816,0.0
333,15,498.04540584539814,143.04540584539816,0.0
333,2,264.04540584539814,268.04540584539814,0.0
333,10,124.04540584539816,176.04540584539816,0.0
333,18,143.04540584539816,156.95459415460184,0.0
333,21,390.04540584539814,745.9545941546019,0.0
334,5,411.0,144.0,0.0
334,16,425.0,805.0,0.0
334,20,376.0,756.0,0.0
334,12,100.0,200.0,0.0
334,24,71.0,423.0,0.0
334,8,254.0,251.0,0.3200000000000001
334,17,284.0,266.0,0.2700000000000001
334,1,65.0,340.0,0.0
334,19,67.0,359.0,0.0
334,22,415.0,795.0,0.0
334,23,378.0,148.0,0.0
334,6,417.95459415460186,797.9545941546019,0.0
334,11,350.0,199.0,0.0
334,9,500.95459415460186,880.9545941546019,0.0
334,14,119.0,324.0,0.0
334,3,308.0,124.0,0.0
334,7,350.0,172.0,0.0
334,25,94.0,327.0,0.0
334,4,373.0,181.0,0.0
334,13,502.0,232.0,0.0
334,15,498.0,143.0,0.0
334,2,264.0,268.0,0.0
334,10,124.0,176.0,0.0
334,18,143.0,157.0,0.0
334,21,390.0,746.0,0.0
335,5,410.04540584539814,143.04540584539816,0.0
335,16,425.95459415460186,805.9545941546019,0.0
335,20,376.95459415460186,756.9545941546019,0.0
335,12,100.0,200.0,0.0
335,24,70.04540584539816,422.04540584539814,0.0
335,8,253.0,250.0,0.3200000000000001
335,17,283.0,265.0,0.2700000000000001
335,1,64.04540584539816,339.04540584539814,0.0
335,19,66.04540584539816,358.04540584539814,0.0
335,22,415.95459415460186,795.9545941546019,0.0
335,23,377.04540584539814,147.04540584539816,0.0
335,6,418.0,798.0,0.0
335,11,349.04540584539814,198.04540584539816,0.0
335,9,501.0,881.0,0.0
335,14,118.04540584539816,323.04540584539814,0.0
335,3,307.04540584539814,123.04540584539816,0.0
335,7,349.04540584539814,171.04540584539816,0.0
335,25,93.04540584539816,326.04540584539814,0.0
335,4,372.04540584539814,180.04540584539816,0.0
335,13,501.04540584539814,231.04540584539816,0.0
335,15,497.04540584539814,142.04540584539816,0.0
335,2,263.04540584539814,267.04540584539814,0.0
335,10,123.04540584539816,176.95459415460184,0.0
335,18,142.04540584539816,157.95459415460184,0.0
335,21,389.04540584539814,746.9545941546019,0.0
336,5,410.0,143.0,0.0
336,16,426.0,806.0,0.0
336,20,377.0,757.0,0.0
336,12,100.0,200.0,0.0
336,24,70.0,422.0,0.0
336,8,252.0,249.0,0.3200000000000001
336,17,282.0,264.0,0.2700000000000001
336,1,64.0,339.0,0.0
336,19,66.0,358.0,0.0
336,22,416.0,796.0,0.0
336,23,377.0,147.0,0.0
336,6,418.95459415460186,798.9545941546019,0.0
336,11,349.0,198.0,0.0
336,9,501.95459415460186,881.9545941546019,0.0
336,14,118.0,323.0,0.0
336,3,307.0,123.0,0.0
336,7,349.0,171.0,0.0
336,25,93.0,326.0,0.0
336,4,372.0,180.0,0.0
336,13,501.0,231.0,0.0
336,15,497.0,142.0,0.0
336,2,263.0,267.0,0.0
336,10,123.0,177.0,0.0
336,18,142.0,158.0,0.0
336,21,389.0,747.0,0.0
337,5,409.04540584539814,142.04540584539816,0.0
337,16,426.95459415460186,806.9545941546019,0.0
337,20,377.95459415460186,757.9545941546019,0.0
337,12,100.0,200.0,0.0
337,24,69.04540584539816,421.04540584539814,0.0
337,8,251.0,248.0,0.3200000000000001
337,17,281.0,263.0,0.2700000000000001
337,1,63.04540584539816,338.04540584539814,0.0
337,19,65.04540584539816,357.04540584539814,0.0
337,22,416.95459415460186,796.9545941546019,0.0
337,23,376.04540584539814,146.04540584539816,0.0
337,6,419.0,799.0,0.0
337,11,348.04540584539814,197.04540584539816,0.0
337,9,502.0,882.0,0.0
337,14,117.04540584539816,322.04540584539814,0.0
337,3,306.04540584539814,122.04540584539816,0.0
337,7,348.04540584539814,170.04540584539816,0.0
337,25,92.04540584539816,325.04540584539814,0.0
337,4,371.04540584539814,179.04540584539816,0.0
337,13,500.04540584539814,230.04540584539816,0.0
337,15,496.04540584539814,141.04540584539816,0.0
337,2,262.04540584539814,266.04540584539814,0.0
337,10,122.04540584539816,177.95459415460184,0.0
337,18,141.04540584539816,158.95459415460184,0.0
337,21,388.04540584539814,747.9545941546019,0.0
338,5,409.0,142.0,0.0
338,16,427.0,807.0,0.0
338,20,378.0,758.0,0.0
338,12,100.0,200.0,0.0
338,24,69.0,421.0,0.0
338,8,250.0,247.0,0.3200000000000001
338,17,280.0,262.0,0.2700000000000001
338,1,63.0,338.0,0.0
338,19,65.0,357.0,0.0
338,22,417.0,797.0,0.0
338,23,376.0,146.0,0.0
338,6,419.95459415460186,799.9545941546019,0.0
338,11,348.0,197.0,0.0
338,9,502.95459415460186,882.9545941546019,0.0
338,14,117.0,322.0,0.0
338,3,306.0,122.0,0.0
338,7,348.0,170.0,0.0
338,25,92.0,325.0,0.0
338,4,371.0,179.0,0.0
338,13,500.0,230.0,0.0
338,15,496.0,141.0,0.0
338,2,262.0,266.0,0.0
338,10,122.0,178.0,0.0
338,18,141.0,159.0,0.0
338,21,388.0,748.0,0.0
339,5,408.04540584539814,141.04540584539816,0.0
339,16,427.95459415460186,807.9545941546019,0.0
339,20,378.95459415460186,758.9545941546019,0.0
339,12,100.0,200.0,0.0
339,24,68.04540584539816,420.04540584539814,0.0
339,8,249.0,246.0,0.3200000000000001
339,17,279.0,261.0,0.2700000000000001
339,1,62.04540584539816,337.04540584539814,0.0
339,19,64.04540584539816,356.04540584539814,0.0
339,22,417.95459415460186,797.9545941546019,0.0
339,23,375.04540584539814,145.04540584539816,0.0
339,6,420.0,800.0,0.0
339,11,347.04540584539814,196.04540584539816,0.0
339,9,503.0,883.0,0.0
339,14,116.04540584539816,321.04540584539814,0.0
339,3,305.04540584539814,121.04540584539816,0.0
339,7,347.04540584539814,169.04540584539816,0.0
339,25,91.04540584539816,324.04540584539814,0.0
339,4,370.04540584539814,178.04540584539816,0.0
339,13,499.04540584539814,229.04540584539816,0.0
339,15,495.04540584539814,140.04540584539816,0.0
339,2,261.04540584539814,265.04540584539814,0.0
339,10,121.04540584539816,178.95459415460184,0.0
339,18,140.04540584539816,159.95459415460184,0.0
339,21,387.04540584539814,748.9545941546019,0.0
340,5,408.0,141.0,0.0
340,16,428.0,808.0,0.0
340,20,379.0,759.0,0.0
340,12,100.0,200.0,0.0
340,24,68.0,420.0,0.0
340,8,248.0,245.0,0.3200000000000001
340,17,278.0,260.0,0.2700000000000001
340,1,62.0,337.0,0.0
340,19,64.0,356.0,0.0
340,22,418.0,798.0,0.0
340,23,375.0,145.0,0.0
340,6,420.95459415460186,800.9545941546019,0.0
340,11,347.0,196.0,0.0
340,9,503.95459415460186,883.9545941546019,0.0
340,14,116.0,321.0,0.0
340,3,305.0,121.0,0.0
340,7,347.0,169.0,0.0
340,25,91.0,324.0,0.0
340,4,370.0,178.0,0.0
340,13,499.0,229.0,0.0
340,15,495.0,140.0,0.0
340,2,261.0,265.0,0.0
340,10,121.0,179.0,0.0
340,18,140.0,160.0,0.0
340,21,387.0,749.0,0.0
341,5,407.04540584539814,140.04540584539816,0.0
341,16,428.95459415460186,808.9545941546019,0.0
341,20,379.95459415460186,759.9545941546019,0.0
341,12,100.0,200.0,0.0
341,24,67.04540584539816,419.04540584539814,0.0
341,8,247.0,244.0,0.3200000000000001
341,17,277.0,259.0,0.2700000000000001
341,1,61.04540584539816,336.04540584539814,0.0
341,19,63.04540584539816,355.04540584539814,0.0
341,22,418.95459415460186,798.9545941546019,0.0
341,23,374.04540584539814,144.04540584539816,0.0
341,6,421.0,801.0,0.0
341,11,346.04540584539814,195.04540584539816,0.0
341,9,504.0,884.0,0.0
341,14,115.04540584539816,320.04540584539814,0.0
341,3,304.04540584539814,120.04540584539816,0.0
341,7,346.04540584539814,168.04540584539816,0.0
341,25,90.04540584539816,323.04540584539814,0.0
341,4,369.04540584539814,177.04540584539816,0.0
341,13,498.04540584539814,228.04540584539816,0.0
341,15,494.04540584539814,139.04540584539816,0.0
341,2,260.04540584539814,264.04540584539814,0.0
341,10,120.04540584539816,179.95459415460184,0.0
341,18,139.04540584539816,160.95459415460184,0.0
341,21,386.04540584539814,749.9545941546019,0.0
342,5,407.0,140.0,0.0
342,16,429.0,809.0,0.0
342,20,380.0,760.0,0.0
342,12,100.0,200.0,0.0
342,24,67.0,419.0,0.0
342,8,246.0,243.0,0.3200000000000001
342,17,276.0,258.0,0.2700000000000001
342,1,61.0,336.0,0.0
342,19,63.0,355.0,0.0
342,22,419.0,799.0,0.0
342,23,374.0,144.0,0.0
342,6,421.95459415460186,801.9545941546019,0.0
342,11,346.0,195.0,0.0
342,9,504.95459415460186,884.9545941546019,0.0
342,14,115.0,320.0,0.0
342,3,304.0,120.0,0.0
342,7,346.0,168.0,0.0
342,25,90.0,323.0,0.0
342,4,369.0,177.0,0.0
342,13,498.0,228.0,0.0
342,15,494.0,139.0,0.0
342,2,260.0,264.0,0.0
342,10,120.0,180.0,0.0
342,18,139.0,161.0,0.0
342,21,386.0,750.0,0.0
343,5,406.04540584539814,139.04540584539816,0.0
343,16,429.95459415460186,809.9545941546019,0.0
343,20,380.95459415460186,760.9545941546019,0.0
343,12,100.0,200.0,0.0
343,24,66.04540584539816,418.04540584539814,0.0
343,8,245.0,242.0,0.3200000000000001
343,17,275.0,257.0,0.2700000000000001
343,1,60.04540584539816,335.04540584539814,0.0
343,19,62.04540584539816,354.04540584539814,0.0
343,22,419.95459415460186,799.9545941546019,0.0
343,23,373.04540584539814,143.04540584539816,0.0
343,6,422.0,802.0,0.0
343,11,345.04540584539814,194.04540584539816,0.0
343,9,505.0,885.0,0.0
343,14,114.04540584539816,319.04540584539814,0.0
343,3,303.04540584539814,119.04540584539816,0.0
343,7,345.04540584539814,167.04540584539816,0.0
343,25,89.04540584539816,322.04540584539814,0.0
343,4,368.04540584539814,176.04540584539816,0.0
343,13,497.04540584539814,227.04540584539816,0.0
343,15,493.04540584539814,138.04540584539816,0.0
343,2,259.04540584539814,263.04540584539814,0.0
343,10,119.04540584539816,180.95459415460184,0.0
343,18,138.04540584539816,161.95459415460184,0.0
343,21,385.04540584539814,750.9545941546019,0.0
344,5,406.0,139.0,0.0
344,16,430.0,810.0,0.0
344,20,381.0,761.0,0.0
344,12,100.0,200.0,0.0
344,24,66.0,418.0,0.0
344,8,244.0,241.0,0.3200000000000001
344,17,274.0,256.0,0.2700000000000001
344,1,60.0,335.0,0.0
344,19,62.0,354.0,0.0
344,22,420.0,800.0,0.0
344,23,373.0,143.0,0.0
344,6,422.95459415460186,802.9545941546019,0.0
344,11,345.0,194.0,0.0
344,9,505.95459415460186,885.9545941546019,0.0
344,14,114.0,319.0,0.0
344,3,303.0,119.0,0.0
344,7,345.0,167.0,0.0
344,25,89.0,322.0,0.0
344,4,368.0,176.0,0.0
344,13,497.0,227.0,0.0
344,15,493.0,138.0,0.0
344,2,259.0,263.0,0.0
344,10,119.0,181.0,0.0
344,18,138.0,162.0,0.0
344,21,385.0,751.0,0.0
345,5,405.04540584539814,138.04540584539816,0.0
345,16,430.95459415460186,810.9545941546019,0.0
345,20,381.95459415460186,761.9545941546019,0.0
345,12,100.0,200.0,0.0
345,24,65.04540584539816,417.04540584539814,0.0
345,8,243.0,240.0,0.3200000000000001
345,17,273.0,255.0,0.2700000000000001
345,1,59.04540584539816,334.04540584539814,0.0
345,19,61.04540584539816,353.04540584539814,0.0
345,22,420.95459415460186,800.9545941546019,0.0
345,23,372.04540584539814,142.04540584539816,0.0
345,6,423.0,803.0,0.0
345,11,344.04540584539814,193.04540584539816,0.0
345,9,506.0,886.0,0.0
345,14,113.04540584539816,318.04540584539814,0.0
345,3,302.04540584539814,118.04540584539816,0.0
345,7,344.04540584539814,166.04540584539816,0.0
345,25,88.04540584539816,321.04540584539814,0.0
345,4,367.04540584539814,175.04540584539816,0.0
345,13,496.04540584539814,226.04540584539816,0.0
345,15,492.04540584539814,137.04540584539816,0.0
345,2,258.04540584539814,262.04540584539814,0.0
345,10,118.04540584539816,181.95459415460184,0.0
345,18,137.04540584539816,162.95459415460184,0.0
345,21,384.04540584539814,751.9545941546019,0.0
346,5,405.0,138.0,0.0
346,16,431.0,811.0,0.0
346,20,382.0,762.0,0.0
346,12,100.0,200.0,0.0
346,24,65.0,417.0,0.0
346,8,242.0,239.0,0.3200000000000001
346,17,272.0,254.0,0.2700000000000001
346,1,59.0,334.0,0.0
346,19,61.0,353.0,0.0
346,22,421.0,801.0,0.0
346,23,372.0,142.0,0.0
346,6,423.95459415460186,803.9545941546019,0.0
346,11,344.0,193.0,0.0
346,9,506.95459415460186,886.9545941546019,0.0
346,14,113.0,318.0,0.0
346,3,302.0,118.0,0.0
346,7,344.0,166.0,0.0
346,25,88.0,321.0,0.0
346,4,367.0,175.0,0.0
346,13,496.0,226.0,0.0
346,15,492.0,137.0,0.0
346,2,258.0,262.0,0.0
346,10,118.0,182.0,0.0
346,18,137.0,163.0,0.0
346,21,384.0,752.0,0.0
347,5,404.04540584539814,137.04540584539816,0.0
347,16,431.95459415460186,811.9545941546019,0.0
347,20,382.95459415460186,762.9545941546019,0.0
347,12,100.0,200.0,0.0
347,24,64.04540584539816,416.04540584539814,0.0
347,8,241.0,238.0,0.3200000000000001
347,17,271.0,253.0,0.2700000000000001
347,1,58.04540584539816,333.04540584539814,0.0
347,19,60.04540584539816,352.04540584539814,0.0
347,22,421.95459415460186,801.9545941546019,0.0
347,23,371.04540584539814,141.04540584539816,0.0
347,6,424.0,804.0,0.0
347,11,343.04540584539814,192.04540584539816,0.0
347,9,507.0,887.0,0.0
347,14,112.04540584539816,317.04540584539814,0.0
347,3,301.04540584539814,117.04540584539816,0.0
347,7,343.04540584539814,165.04540584539816,0.0
347,25,87.04540584539816,320.04540584539814,0.0
347,4,366.04540584539814,174.04540584539816,0.0
347,13,495.04540584539814,225.04540584539816,0.0
347,15,491.04540584539814,136.04540584539816,0.0
347,2,257.04540584539814,261.04540584539814,0.0
347,10,117.04540584539816,182.95459415460184,0.0
347,18,136.04540584539816,163.95459415460184,0.0
347,21,383.04540584539814,752.9545941546019,0.0
348,5,404.0,137.0,0.0
348,16,432.0,812.0,0.0
348,20,383.0,763.0,0.0
348,12,100.0,200.0,0.0
348,24,64.0,416.0,0.0
348,8,240.0,237.0,0.3200000000000001
348,17,270.0,252.0,0.2700000000000001
348,1,58.0,333.0,0.0
348,19,60.0,352.0,0.0
348,22,422.0,802.0,0.0
348,23,371.0,141.0,0.0
348,6,424.95459415460186,804.9545941546019,0.0
348,11,343.0,192.0,0.0
348,9,507.95459415460186,887.9545941546019,0.0
348,14,112.0,317.0,0.0
348,3,301.0,117.0,0.0
348,7,343.0,165.0,0.0
348,25,87.0,320.0,0.0
348,4,366.0,174.0,0.0
348,13,495.0,225.0,0.0
348,15,491.0,136.0,0.0
348,2,257.0,261.0,0.0
348,10,117.0,183.0,0.0
348,18,136.0,164.0,0.0
348,21,383.0,753.0,0.0
349,5,403.04540584539814,136.04540584539816,0.0
349,16,432.95459415460186,812.9545941546019,0.0
349,20,383.95459415460186,763.9545941546019,0.0
349,12,100.0,200.0,0.0
349,24,63.04540584539816,415.04540584539814,0.0
349,8,239.0,236.0,0.3200000000000001
349,17,269.0,251.0,0.2700000000000001
349,1,57.04540584539816,332.04540584539814,0.0
349,19,59.04540584539816,351.04540584539814,0.0
349,22,422.95459415460186,802.9545941546019,0.0
349,23,370.04540584539814,140.04540584539816,0.0
349,6,425.0,805.0,0.0
349,11,342.04540584539814,191.04540584539816,0.0
349,9,508.0,888.0,0.0
349,14,111.04540584539816,316.04540584539814,0.0
349,3,300.04540584539814,116.04540584539816,0.0
349,7,342.04540584539814,164.04540584539816,0.0
349,25,86.04540584539816,319.04540584539814,0.0
349,4,365.04540584539814,173.04540584539816,0.0
349,13,494.04540584539814,224.04540584539816,0.0
349,15,490.04540584539814,135.04540584539816,0.0
349,2,256.04540584539814,260.04540584539814,0.0
349,10,116.04540584539816,183.95459415460184,0.0
349,18,135.04540584539816,164.95459415460184,0.0
349,21,382.04540584539814,753.9545941546019,0.0
350,5,403.0,136.0,0.0
350,16,433.0,813.0,0.0
350,20,384.0,764.0,0.0
350,12,100.0,200.0,0.0
350,24,63.0,415.0,0.0
350,8,238.0,235.0,0.3200000000000001
350,17,268.0,250.0,0.2700000000000001
350,1,57.0,332.0,0.0
350,19,59.0,351.0,0.0
350,22,423.0,803.0,0.0
350,23,370.0,140.0,0.0
350,6,425.95459415460186,805.9545941546019,0.0
350,11,342.0,191.0,0.0
350,9,508.95459415460186,888.9545941546019,0.0
350,14,111.0,316.0,0.0
350,3,300.0,116.0,0.0
350,7,342.0,164.0,0.0
350,25,86.0,319.0,0.0
350,4,365.0,173.0,0.0
350,13,494.0,224.0,0.0
350,15,490.0,135.0,0.0
350,2,256.0,260.0,0.0
350,10,116.0,184.0,0.0
350,18,135.0,165.0,0.0
350,21,382.0,754.0,0.0
351,5,402.04540584539814,135.04540584539816,0.0
351,16,433.95459415460186,813.9545941546019,0.0
351,20,384.95459415460186,764.9545941546019,0.0
351,12,100.0,200.0,0.0
351,24,62.04540584539816,414.04540584539814,0.0
351,8,237.0,234.0,0.3200000000000001
351,17,267.0,249.0,0.2700000000000001
351,1,56.04540584539816,331.04540584539814,0.0
351,19,58.04540584539816,350.04540584539814,0.0
351,22,423.95459415460186,803.9545941546019,0.0
351,23,369.04540584539814,139.04540584539816,0.0
351,6,426.0,806.0,0.0
351,11,341.04540584539814,190.04540584539816,0.0
351,9,509.0,889.0,0.0
351,14,110.04540584539816,315.04540584539814,0.0
351,3,299.04540584539814,115.04540584539816,0.0
351,7,341.04540584539814,163.04540584539816,0.0
351,25,85.04540584539816,318.04540584539814,0.0
351,4,364.04540584539814,172.04540584539816,0.0
351,13,493.04540584539814,223.04540584539816,0.0
351,15,489.04540584539814,134.04540584539816,0.0
351,2,255.04540584539816,259.04540584539814,0.0
351,10,115.04540584539816,184.95459415460184,0.0
351,18,134.04540584539816,165.95459415460184,0.0
351,21,381.04540584539814,754.9545941546019,0.0
352,5,402.0,135.0,0.0
352,16,434.0,814.0,0.0
352,20,385.0,765.0,0.0
352,12,100.0,200.0,0.0
352,24,62.0,414.0,0.0
352,8,236.0,233.0,0.3200000000000001
352,17,266.0,248.0,0.2700000000000001
352,1,56.0,331.0,0.0
352,19,58.0,350.0,0.0
352,22,424.0,804.0,0.0
352,23,369.0,139.0,0.0
352,6,426.95459415460186,806.9545941546019,0.0
352,11,341.0,190.0,0.0
352,9,509.95459415460186,889.9545941546019,0.0
352,14,110.0,315.0,0.0
352,3,299.0,115.0,0.0
352,7,341.0,163.0,0.0
352,25,85.0,318.0,0.0
352,4,364.0,172.0,0.0
352,13,493.0,223.0,0.0
352,15,489.0,134.0,0.0
352,2,255.0,259.0,0.0
352,10,115.0,185.0,0.0
352,18,134.0,166.0,0.0
352,21,381.0,755.0,0.0
353,5,401.04540584539814,134.04540584539816,0.0
353,16,434.95459415460186,814.9545941546019,0.0
353,20,385.95459415460186,765.9545941546019,0.0
353,12,100.0,200.0,0.0
353,24,61.04540584539816,413.04540584539814,0.0
353,8,235.0,232.0,0.3200000000000001
353,17,265.0,247.0,0.2700000000000001
353,1,55.04540584539816,330.04540584539814,0.0
353,19,57.04540584539816,349.04540584539814,0.0
353,22,424.95459415460186,804.9545941546019,0.0
353,23,368.04540584539814,138.04540584539816,0.0
353,6,427.0,807.0,0.0
353,11,340.04540584539814,189.04540584539816,0.0
353,9,510.0,890.0,0.0
353,14,109.04540584539816,314.04540584539814,0.0
353,3,298.04540584539814,114.04540584539816,0.0
353,7,340.04540584539814,162.04540584539816,0.0
353,25,84.04540584539816,317.04540584539814,0.0
353,4,363.04540584539814,171.04540584539816,0.0
353,13,492.04540584539814,222.04540584539816,0.0
353,15,488.04540584539814,133.04540584539816,0.0
353,2,254.04540584539816,258.04540584539814,0.0
353,10,114.04540584539816,185.95459415460184,0.0
353,18,133.04540584539816,166.95459415460184,0.0
353,21,380.04540584539814,755.9545941546019,0.0
354,5,401.0,134.0,0.0
354,16,435.0,815.0,0.0
354,20,386.0,766.0,0.0
354,12,100.0,200.0,0.0
354,24,61.0,413.0,0.0
354,8,234.0,231.0,0.3200000000000001
354,17,264.0,246.0,0.2700000000000001
354,1,55.0,330.0,0.0
354,19,57.0,349.0,0.0
354,22,425.0,805.0,0.0
354,23,368.0,138.0,0.0
354,6,427.95459415460186,807.9545941546019,0.0
354,11,340.0,189.0,0.0
354,9,510.95459415460186,890.9545941546019,0.0
354,14,109.0,314.0,0.0
354,3,298.0,114.0,0.0
354,7,340.0,162.0,0.0
354,25,84.0,317.0,0.0
354,4,363.0,171.0,0.0
354,13,492.0,222.0,0.0
354,15,488.0,133.0,0.0
354,2,254.0,258.0,0.0
354,10,114.0,186.0,0.0
354,18,133.0,167.0,0.0
354,21,380.0,756.0,0.0
355,5,400.04540584539814,133.04540584539816,0.0
355,16,435.95459415460186,815.9545941546019,0.0
355,20,386.95459415460186,766.9545941546019,0.0
355,12,100.0,200.0,0.0
355,24,60.04540584539816,412.04540584539814,0.0
355,8,233.0,230.0,0.3200000000000001
355,17,263.0,245.0,0.2700000000000001
355,1,54.04540584539816,329.04540584539814,0.0
355,19,56.04540584539816,348.04540584539814,0.0
355,22,425.95459415460186,805.9545941546019,0.0
355,23,367.04540584539814,137.04540584539816,0.0
355,6,428.0,808.0,0.0
355,11,339.04540584539814,188.04540584539816,0.0
355,9,511.0,891.0,0.0
355,14,108.04540584539816,313.04540584539814,0.0
355,3,297.04540584539814,113.04540584539816,0.0
355,7,339.04540584539814,161.04540584539816,0.0
355,25,83.04540584539816,316.04540584539814,0.0
355,4,362.04540584539814,170.04540584539816,0.0
355,13,491.04540584539814,221.04540584539816,0.0
355,15,487.04540584539814,132.04540584539816,0.0
355,2,253.04540584539816,257.04540584539814,0.0
355,10,113.04540584539816,186.95459415460184,0.0
355,18,132.04540584539816,167.95459415460184,0.0
355,21,379.04540584539814,756.9545941546019,0.0
356,5,400.0,133.0,0.0
356,16,436.0,816.0,0.0
356,20,387.0,767.0,0.0
356,12,100.0,200.0,0.0
356,24,60.0,412.0,0.0
356,8,232.0,229.0,0.3200000000000001
356,17,262.0,244.0,0.2700000000000001
356,1,54.0,329.0,0.0
356,19,56.0,348.0,0.0
356,22,426.0,806.0,0.0
356,23,367.0,137.0,0.0
356,6,428.95459415460186,808.9545941546019,0.0
356,11,339.0,188.0,0.0
356,9,511.95459415460186,891.9545941546019,0.0
356,14,108.0,313.0,0.0
356,3,297.0,113.0,0.0
356,7,339.0,161.0,0.0
356,25,83.0,316.0,0.0
356,4,362.0,170.0,0.0
356,13,491.0,221.0,0.0
356,15,487.0,132.0,0.0
356,2,253.0,257.0,0.0
356,10,113.0,187.0,0.0
356,18,132.0,168.0,0.0
356,21,379.0,757.0,0.0
357,5,399.04540584539814,132.04540584539816,0.0
357,16,436.95459415460186,816.9545941546019,0.0
357,20,387.95459415460186,767.9545941546019,0.0
357,12,100.0,200.0,0.0
357,24,59.04540584539816,411.04540584539814,0.0
357,8,231.0,228.0,0.3200000000000001
357,17,261.0,243.0,0.2700000000000001
357,1,53.04540584539816,328.04540584539814,0.0
357,19,55.04540584539816,347.04540584539814,0.0
357,22,426.95459415460186,806.9545941546019,0.0
357,23,366.04540584539814,136.04540584539816,0.0
357,6,429.0,809.0,0.0
357,11,338.04540584539814,187.04540584539816,0.0
357,9,512.0,892.0,0.0
357,14,107.04540584539816,312.04540584539814,0.0
357,3,296.04540584539814,112.04540584539816,0.0
357,7,338.04540584539814,160.04540584539816,0.0
357,25,82.04540584539816,315.04540584539814,0.0
357,4,361.04540584539814,169.04540584539816,0.0
357,13,490.04540584539814,220.04540584539816,0.0
357,15,486.04540584539814,131.04540584539816,0.0
357,2,252.04540584539816,256.04540584539814,0.0
357,10,112.04540584539816,187.95459415460184,0.0
357,18,131.04540584539816,168.95459415460184,0.0
357,21,378.04540584539814,757.9545941546019,0.0
358,5,399.0,132.0,0.0
358,16,437.0,817.0,0.0
358,20,388.0,768.0,0.0
358,12,100.0,200.0,0.0
358,24,59.0,411.0,0.0
358,8,230.0,227.0,0.3200000000000001
358,17,260.0,242.0,0.2700000000000001
358,1,53.0,328.0,0.0
358,19,55.0,347.0,0.0
358,22,427.0,807.0,0.0
358,23,366.0,136.0,0.0
358,6,429.95459415460186,809.9545941546019,0.0
358,11,338.0,187.0,0.0
358,9,512.9545941546019,892.9545941546019,0.0
358,14,107.0,312.0,0.0
358,3,296.0,112.0,0.0
358,7,338.0,160.0,0.0
358,25,82.0,315.0,0.0
358,4,361.0,169.0,0.0
358,13,490.0,220.0,0.0
358,15,486.0,131.0,0.0
358,2,252.0,256.0,0.0
358,10,112.0,188.0,0.0
358,18,131.0,169.0,0.0
358,21,378.0,758.0,0.0
359,5,398.04540584539814,131.04540584539816,0.0
359,16,437.95459415460186,817.9545941546019,0.0
359,20,388.95459415460186,768.9545941546019,0.0
359,12,100.0,200.0,0.0
359,24,58.04540584539816,410.04540584539814,0.0
359,8,229.0,226.0,0.3200000000000001
359,17,259.0,241.0,0.2700000000000001
359,1,52.04540584539816,327.04540584539814,0.0
359,19,54.04540584539816,346.04540584539814,0.0
359,22,427.95459415460186,807.9545941546019,0.0
359,23,365.04540584539814,135.04540584539816,0.0
359,6,430.0,810.0,0.0
359,11,337.04540584539814,186.04540584539816,0.0
359,9,513.0,893.0,0.0
359,14,106.04540584539816,311.04540584539814,0.0
359,3,295.04540584539814,111.04540584539816,0.0
359,7,337.04540584539814,159.04540584539816,0.0
359,25,81.04540584539816,314.04540584539814,0.0
359,4,360.04540584539814,168.04540584539816,0.0
359,13,489.04540584539814,219.04540584539816,0.0
359,15,485.04540584539814,130.04540584539816,0.0
359,2,251.04540584539816,255.04540584539816,0.0
359,10,111.04540584539816,188.95459415460184,0.0
359,18,130.04540584539816,169.95459415460184,0.0
359,21,378.95459415460186,758.9545941546019,0.0
360,5,398.0,131.0,0.0
360,16,438.0,818.0,0.0
360,20,389.0,769.0,0.0
360,12,100.0,200.0,0.0
360,24,58.0,410.0,0.0
360,8,228.0,225.0,0.3200000000000001
360,17,258.0,240.0,0.2700000000000001
360,1,52.0,327.0,0.0
360,19,54.0,346.0,0.0
360,22,428.0,808.0,0.0
360,23,365.0,135.0,0.0
360,6,430.95459415460186,810.9545941546019,0.0
360,11,337.0,186.0,0.0
360,9,513.9545941546019,893.9545941546019,0.0
360,14,106.0,311.0,0.0
360,3,295.0,111.0,0.0
360,7,337.0,159.0,0.0
360,25,81.0,314.0,0.0
360,4,360.0,168.0,0.0
360,13,489.0,219.0,0.0
360,15,485.0,130.0,0.0
360,2,251.0,255.0,0.0
360,10,111.0,189.0,0.0
360,18,130.0,170.0,0.0
360,21,379.0,759.0,0.0
361,5,397.04540584539814,130.04540584539816,0.0
361,16,438.95459415460186,818.9545941546019,0.0
361,20,389.95459415460186,769.9545941546019,0.0
361,12,100.0,200.0,0.0
361,24,57.04540584539816,409.04540584539814,0.0
361,8,227.0,224.0,0.3200000000000001
361,17,257.0,239.0,0.2700000000000001
361,1,51.04540584539816,326.04540584539814,0.0
361,19,53.04540584539816,345.04540584539814,0.0
361,22,428.95459415460186,808.9545941546019,0.0
361,23,364.04540584539814,134.04540584539816,0.0
361,6,431.0,811.0,0.0
361,11,336.04540584539814,185.04540584539816,0.0
361,9,514.0,894.0,0.0
361,14,105.04540584539816,310.04540584539814,0.0
361,3,294.04540584539814,110.04540584539816,0.0
361,7,336.04540584539814,158.04540584539816,0.0
361,25,80.04540584539816,313.04540584539814,0.0
361,4,359.04540584539814,167.04540584539816,0.0
361,13,488.04540584539814,218.04540584539816,0.0
361,15,484.04540584539814,129.04540584539816,0.0
361,2,250.04540584539816,254.04540584539816,0.0
361,10,110.04540584539816,189.95459415460184,0.0
361,18,129.04540584539816,170.95459415460184,0.0
361,21,379.95459415460186,759.9545941546019,0.0
362,5,397.0,130.0,0.0
362,16,438.0,818.0,0.0
362,20,389.0,769.0,0.0
362,12,100.0,200.0,0.0
362,24,57.0,409.0,0.0
362,8,227.0,224.0,0.3200000000000001
362,17,257.0,239.0,0.2700000000000001
362,1,51.0,326.0,0.0
362,19,53.0,345.0,0.0
362,22,428.0,808.0,0.0
362,23,364.0,134.0,0.0
362,6,431.0,811.0,0.0
362,11,336.0,185.0,0.0
362,9,514.0,894.0,0.0
362,14,105.0,310.0,0.0
362,3,294.0,110.0,0.0
362,7,336.0,158.0,0.0
362,25,80.0,313.0,0.0
362,4,359.0,167.0,0.0
362,13,488.0,218.0,0.0
362,15,484.0,129.0,0.0
362,2,250.0,254.0,0.01
362,10,110.0,189.0,0.0
362,18,129.0,170.0,0.0
362,21,379.0,759.0,0.0
363,5,396.04540584539814,129.04540584539816,0.0
363,16,438.0,818.0,0.0
363,20,389.0,769.0,0.0
363,12,100.0,200.0,0.0
363,24,56.04540584539816,408.04540584539814,0.0
363,8,226.0,223.0,0.3200000000000001
363,17,256.0,238.0,0.2700000000000001
363,1,50.04540584539816,325.04540584539814,0.0
363,19,52.04540584539816,344.04540584539814,0.0
363,22,428.0,808.0,0.0
363,23,363.04540584539814,133.04540584539816,0.0
363,6,431.95459415460186,811.9545941546019,0.0
363,11,335.04540584539814,184.04540584539816,0.0
363,9,514.9545941546019,894.9545941546019,0.0
363,14,104.04540584539816,309.04540584539814,0.0
363,3,293.04540584539814,109.04540584539816,0.0
363,7,335.04540584539814,157.04540584539816,0.0
363,25,79.04540584539816,312.04540584539814,0.0
363,4,358.04540584539814,166.04540584539816,0.0
363,13,487.04540584539814,217.04540584539816,0.0
363,15,483.04540584539814,128.04540584539816,0.0
363,2,249.0378731707119,253.0378731707119,0.02
363,10,109.04540584539816,189.95459415460184,0.0
363,18,128.04540584539816,170.95459415460184,0.0
363,21,379.0,759.0,0.0
364,5,396.0,129.0,0.0
364,16,438.95459415460186,818.9545941546019,0.0
364,20,389.95459415460186,769.9545941546019,0.0
364,12,100.0,200.0,0.0
364,24,56.0,408.0,0.0
364,8,225.0,222.0,0.3200000000000001
364,17,255.0,237.0,0.2700000000000001
364,1,50.0,325.0,0.0
364,19,52.0,344.0,0.0
364,22,428.95459415460186,808.9545941546019,0.0
364,23,363.0,133.0,0.0
364,6,432.0,812.0,0.0
364,11,335.0,184.0,0.0
364,9,515.0,895.0,0.0
364,14,104.0,309.0,0.0
364,3,293.0,109.0,0.0
364,7,335.0,157.0,0.0
364,25,79.0,312.0,0.0
364,4,358.0,166.0,0.0
364,13,487.0,217.0,0.0
364,15,483.0,128.0,0.0
364,2,249.0,253.0,0.03
364,10,109.0,190.0,0.0
364,18,128.0,171.0,0.0
364,21,379.95459415460186,759.9545941546019,0.0
365,5,395.04540584539814,128.04540584539816,0.0
365,16,439.0,819.0,0.0
365,20,390.0,770.0,0.0
365,12,100.0,200.0,0.0
365,24,55.04540584539816,407.04540584539814,0.0
365,8,224.0,221.0,0.3200000000000001
365,17,254.0,236.0,0.2700000000000001
365,1,49.04540584539816,324.04540584539814,0.0
365,19,51.04540584539816,343.04540584539814,0.0
365,22,429.0,809.0,0.0
365,23,362.04540584539814,132.04540584539816,0.0
365,6,432.95459415460186,812.9545941546019,0.0
365,11,334.04540584539814,183.04540584539816,0.0
365,9,515.9545941546019,895.9545941546019,0.0
365,14,103.04540584539816,308.04540584539814,0.0
365,3,292.04540584539814,108.04540584539816,0.0
365,7,334.04540584539814,156.04540584539816,0.0
365,25,78.04540584539816,311.04540584539814,0.0
365,4,357.04540584539814,165.04540584539816,0.0
365,13,486.04540584539814,216.04540584539816,0.0
365,15,482.04540584539814,127.04540584539816,0.0
365,2,248.03028105590897,252.03028105590897,0.04
365,10,108.04540584539816,190.95459415460184,0.0
365,18,127.04540584539816,171.95459415460184,0.0
365,21,380.0,760.0,0.0
366,5,395.0,128.0,0.0
366,16,439.95459415460186,819.9545941546019,0.0
366,20,390.95459415460186,770.9545941546019,0.0
366,12,100.0,200.0,0.0
366,24,55.0,407.0,0.0
366,8,223.0,220.0,0.3200000000000001
366,17,253.0,235.0,0.2700000000000001
366,1,49.0,324.0,0.0
366,19,51.0,343.0,0.0
366,22,429.95459415460186,809.9545941546019,0.0
366,23,362.0,132.0,0.0
366,6,433.0,813.0,0.0
366,11,334.0,183.0,0.0
366,9,516.0,896.0,0.0
366,14,103.0,308.0,0.0
366,3,292.0,108.0,0.0
366,7,334.0,156.0,0.0
366,25,78.0,311.0,0.0
366,4,357.0,165.0,0.0
366,13,486.0,216.0,0.0
366,15,482.0,127.0,0.0
366,2,248.0,252.0,0.05
366,10,108.0,191.0,0.0
366,18,127.0,172.0,0.0
366,21,380.95459415460186,760.9545941546019,0.0
367,5,394.04540584539814,127.04540584539816,0.0
367,16,440.0,820.0,0.0
367,20,391.0,771.0,0.0
367,12,100.0,200.0,0.0
367,24,54.04540584539816,406.04540584539814,0.0
367,8,222.0,219.0,0.3200000000000001
367,17,252.0,234.0,0.2700000000000001
367,1,48.04540584539816,323.04540584539814,0.0
367,19,50.04540584539816,342.04540584539814,0.0
367,22,430.0,810.0,0.0
367,23,361.04540584539814,131.04540584539816,0.0
367,6,433.95459415460186,813.9545941546019,0.0
367,11,333.04540584539814,182.04540584539816,0.0
367,9,516.9545941546019,896.9545941546019,0.0
367,14,102.04540584539816,307.04540584539814,0.0
367,3,291.04540584539814,107.04540584539816,0.0
367,7,333.04540584539814,155.04540584539816,0.0
367,25,77.04540584539816,310.04540584539814,0.0
367,4,356.04540584539814,164.04540584539816,0.0
367,13,485.04540584539814,215.04540584539816,0.0
367,15,481.04540584539814,126.04540584539816,0.0
367,2,247.02262903194912,251.02262903194912,0.060000000000000005
367,10,107.04540584539816,191.95459415460184,0.0
367,18,126.04540584539816,172.95459415460184,0.0
367,21,381.0,761.0,0.0
368,5,394.0,127.0,0.0
368,16,440.95459415460186,820.9545941546019,0.0
368,20,391.95459415460186,771.9545941546019,0.0
368,12,100.0,200.0,0.0
368,24,54.0,406.0,0.0
368,8,221.0,218.0,0.3200000000000001
368,17,251.0,233.0,0.2700000000000001
368,1,48.0,323.0,0.0
368,19,50.0,342.0,0.0
368,22,430.95459415460186,810.9545941546019,0.0
368,23,361.0,131.0,0.0
368,6,434.0,814.0,0.0
368,11,333.0,182.0,0.0
368,9,517.0,897.0,0.0
368,14,102.0,307.0,0.0
368,3,291.0,107.0,0.0
368,7,333.0,155.0,0.0
368,25,77.0,310.0,0.0
368,4,356.0,164.0,0.0
368,13,485.0,215.0,0.0
368,15,481.0,126.0,0.0
368,2,247.0,251.0,0.07
368,10,107.0,192.0,0.0
368,18,126.0,173.0,0.0
368,21,381.95459415460186,761.9545941546019,0.0
369,5,393.04540584539814,126.04540584539816,0.0
369,16,441.0,821.0,0.0
369,20,392.0,772.0,0.0
369,12,100.0,200.0,0.0
369,24,53.04540584539816,405.04540584539814,0.0
369,8,220.0,217.0,0.3200000000000001
369,17,250.0,232.0,0.2700000000000001
369,1,47.04540584539816,322.04540584539814,0.0
369,19,49.04540584539816,341.04540584539814,0.0
369,22,431.0,811.0,0.0
369,23,360.04540584539814,130.04540584539816,0.0
369,6,434.95459415460186,814.9545941546019,0.0
369,11,332.04540584539814,181.04540584539816,0.0
369,9,517.9545941546019,897.9545941546019,0.0
369,14,101.04540584539816,306.04540584539814,0.0
369,3,290.04540584539814,106.04540584539816,0.0
369,7,332.04540584539814,154.04540584539816,0.0
369,25,76.04540584539816,309.04540584539814,0.0
369,4,355.04540584539814,163.04540584539816,0.0
369,13,484.04540584539814,214.04540584539816,0.0
369,15,480.04540584539814,125.04540584539816,0.0
369,2,246.01491662609095,250.01491662609095,0.08
369,10,106.04540584539816,192.95459415460184,0.0
369,18,125.04540584539816,173.95459415460184,0.0
369,21,382.0,762.0,0.0
370,5,393.0,126.0,0.0
370,16,441.95459415460186,821.9545941546019,0.0
370,20,392.95459415460186,772.9545941546019,0.0
370,12,100.0,200.0,0.0
370,24,53.0,405.0,0.0
370,8,219.0,216.0,0.3200000000000001
370,17,249.0,231.0,0.2700000000000001
370,1,47.0,322.0,0.0
370,19,49.0,341.0,0.0
370,22,431.95459415460186,811.9545941546019,0.0
370,23,360.0,130.0,0.0
370,6,435.0,815.0,0.0
370,11,332.0,181.0,0.0
370,9,518.0,898.0,0.0
370,14,101.0,306.0,0.0
370,3,290.0,106.0,0.0
370,7,332.0,154.0,0.0
370,25,76.0,309.0,0.0
370,4,355.0,163.0,0.0
370,13,484.0,214.0,0.0
370,15,480.0,125.0,0.0
370,2,246.0,250.0,0.09
370,10,106.0,193.0,0.0
370,18,125.0,174.0,0.0
370,21,382.95459415460186,762.9545941546019,0.0
371,5,392.04540584539814,125.04540584539816,0.0
371,16,442.0,822.0,0.0
371,20,393.0,773.0,0.0
371,12,100.0,200.0,0.0
371,24,52.04540584539816,404.04540584539814,0.0
371,8,218.0,215.0,0.3200000000000001
371,17,248.0,230.0,0.2700000000000001
371,1,46.04540584539816,321.04540584539814,0.0
371,19,48.04540584539816,340.04540584539814,0.0
371,22,432.0,812.0,0.0
371,23,359.04540584539814,129.04540584539816,0.0
371,6,435.95459415460186,815.9545941546019,0.0
371,11,331.04540584539814,180.04540584539816,0.0
371,9,518.9545941546019,898.9545941546019,0.0
371,14,100.04540584539816,305.04540584539814,0.0
371,3,289.04540584539814,105.04540584539816,0.0
371,7,331.04540584539814,153.04540584539816,0.0
371,25,75.04540584539816,308.04540584539814,0.0
371,4,354.04540584539814,162.04540584539816,0.0
371,13,483.04540584539814,213.04540584539816,0.0
371,15,479.04540584539814,124.04540584539816,0.0
371,2,245.00714336186266,249.00714336186266,0.09999999999999999
371,10,105.04540584539816,193.95459415460184,0.0
371,18,124.04540584539816,174.95459415460184,0.0
371,21,383.0,763.0,0.0
372,5,392.0,125.0,0.0
372,16,442.95459415460186,822.9545941546019,0.0
372,20,393.95459415460186,773.9545941546019,0.0
372,12,100.0,200.0,0.0
372,24,52.0,404.0,0.0
372,8,217.0,214.0,0.3200000000000001
372,17,247.0,229.0,0.2700000000000001
372,1,46.0,321.0,0.0
372,19,48.0,340.0,0.0
372,22,432.95459415460186,812.9545941546019,0.0
372,23,359.0,129.0,0.0
372,6,436.0,816.0,0.0
372,11,331.0,180.0,0.0
372,9,519.0,899.0,0.0
372,14,100.0,305.0,0.0
372,3,289.0,105.0,0.0
372,7,331.0,153.0,0.0
372,25,75.0,308.0,0.0
372,4,354.0,162.0,0.0
372,13,483.0,213.0,0.0
372,15,479.0,124.0,0.0
372,2,245.0,249.0,0.09999999999999999
372,10,105.0,194.0,0.0
372,18,124.0,175.0,0.0
372,21,383.95459415460186,763.9545941546019,0.0
373,5,391.04540584539814,124.04540584539816,0.0
373,16,443.0,823.0,0.0
373,20,394.0,774.0,0.0
373,12,100.0,200.0,0.0
373,24,51.04540584539816,403.04540584539814,0.0
373,8,216.0,213.0,0.3200000000000001
373,17,246.0,228.0,0.2700000000000001
373,1,45.04540584539816,320.04540584539814,0.0
373,19,47.04540584539816,339.04540584539814,0.0
373,22,433.0,813.0,0.0
373,23,358.04540584539814,128.04540584539816,0.0
373,6,436.95459415460186,816.9545941546019,0.0
373,11,330.04540584539814,179.04540584539816,0.0
373,9,519.9545941546019,899.9545941546019,0.0
373,14,99.04540584539816,304.04540584539814,0.0
373,3,288.04540584539814,104.04540584539816,0.0
373,7,330.04540584539814,152.04540584539816,0.0
373,25,74.04540584539816,307.04540584539814,0.0
373,4,353.04540584539814,161.04540584539816,0.0
373,13,482.04540584539814,212.04540584539816,0.0
373,15,478.04540584539814,123.04540584539816,0.0
373,2,244.00714336186266,248.00714336186266,0.09999999999999999
373,10,104.04540584539816,194.95459415460184,0.0
373,18,123.04540584539816,175.95459415460184,0.0
373,21,384.0,764.0,0.0
374,5,391.0,124.0,0.0
374,16,443.95459415460186,823.9545941546019,0.0
374,20,394.95459415460186,774.9545941546019,0.0
374,12,100.0,200.0,0.0
374,24,51.0,403.0,0.0
374,8,215.0,212.0,0.3200000000000001
374,17,245.0,227.0,0.2700000000000001
374,1,45.0,320.0,0.0
374,19,47.0,339.0,0.0
374,22,433.95459415460186,813.9545941546019,0.0
374,23,358.0,128.0,0.0
374,6,437.0,817.0,0.0
374,11,330.0,179.0,0.0
374,9,520.0,900.0,0.0
374,14,99.0,304.0,0.0
374,3,288.0,104.0,0.0
374,7,330.0,152.0,0.0
374,25,74.0,307.0,0.0
374,4,353.0,161.0,0.0
374,13,482.0,212.0,0.0
374,15,478.0,123.0,0.0
374,2,244.0,248.0,0.09999999999999999
374,10,104.0,195.0,0.0
374,18,123.0,176.0,0.0
374,21,384.95459415460186,764.9545941546019,0.0
375,5,390.04540584539814,123.04540584539816,0.0
375,16,444.0,824.0,0.0
375,20,395.0,775.0,0.0
375,12,100.0,200.0,0.0
375,24,50.04540584539816,402.04540584539814,0.0
375,8,214.0,211.0,0.3200000000000001
375,17,244.0,226.0,0.2700000000000001
375,1,44.04540584539816,319.04540584539814,0.0
375,19,46.04540584539816,338.04540584539814,0.0
375,22,434.0,814.0,0.0
375,23,357.04540584539814,127.04540584539816,0.0
375,6,437.95459415460186,817.9545941546019,0.0
375,11,329.04540584539814,178.04540584539816,0.0
375,9,520.9545941546019,900.9545941546019,0.0
375,14,98.04540584539816,303.04540584539814,0.0
375,3,287.04540584539814,103.04540584539816,0.0
375,7,329.04540584539814,151.04540584539816,0.0
375,25,73.04540584539816,306.04540584539814,0.0
375,4,352.04540584539814,160.04540584539816,0.0
375,13,481.04540584539814,211.04540584539816,0.0
375,15,477.04540584539814,122.04540584539816,0.0
375,2,243.00714336186266,247.00714336186266,0.09999999999999999
375,10,103.04540584539816,195.95459415460184,0.0
375,18,122.04540584539816,176.95459415460184,0.0
375,21,385.0,765.0,0.0
376,5,390.0,123.0,0.0
376,16,444.95459415460186,824.9545941546019,0.0
376,20,395.95459415460186,775.9545941546019,0.0
376,12,100.0,200.0,0.0
376,24,50.0,402.0,0.0
376,8,213.0,210.0,0.3200000000000001
376,17,243.0,225.0,0.2700000000000001
376,1,44.0,319.0,0.0
376,19,46.0,338.0,0.0
376,22,434.95459415460186,814.9545941546019,0.0
376,23,357.0,127.0,0.0
376,6,438.0,818.0,0.0
376,11,329.0,178.0,0.0
376,9,521.0,901.0,0.0
376,14,98.0,303.0,0.0
376,3,287.0,103.0,0.0
376,7,329.0,151.0,0.0
376,25,73.0,306.0,0.0
376,4,352.0,160.0,0.0
376,13,481.0,211.0,0.0
376,15,477.0,122.0,0.0
376,2,243.0,247.0,0.09999999999999999
376,10,103.0,196.0,0.0
376,18,122.0,177.0,0.0
376,21,385.95459415460186,765.9545941546019,0.0
377,5,389.04540584539814,122.04540584539816,0.0
377,16,445.0,825.0,0.0
377,20,396.0,776.0,0.0
377,12,100.0,200.0,0.0
377,24,49.04540584539816,401.04540584539814,0.0
377,8,212.0,209.0,0.3200000000000001
377,17,242.0,224.0,0.2700000000000001
377,1,43.04540584539816,318.04540584539814,0.0
377,19,45.04540584539816,337.04540584539814,0.0
377,22,435.0,815.0,0.0
377,23,356.04540584539814,126.04540584539816,0.0
377,6,438.95459415460186,818.9545941546019,0.0
377,11,328.04540584539814,177.04540584539816,0.0
377,9,521.9545941546019,901.9545941546019,0.0
377,14,97.04540584539816,302.04540584539814,0.0
377,3,286.04540584539814,102.04540584539816,0.0
377,7,328.04540584539814,150.04540584539816,0.0
377,25,72.04540584539816,305.04540584539814,0.0
377,4,351.04540584539814,159.04540584539816,0.0
377,13,480.04540584539814,210.04540584539816,0.0
377,15,476.04540584539814,121.04540584539816,0.0
377,2,242.00714336186266,246.00714336186266,0.09999999999999999
377,10,102.04540584539816,196.95459415460184,0.0
377,18,121.04540584539816,177.95459415460184,0.0
377,21,386.0,766.0,0.0
378,5,389.0,122.0,0.0
378,16,445.95459415460186,825.9545941546019,0.0
378,20,396.95459415460186,776.9545941546019,0.0
378,12,100.0,200.0,0.0
378,24,49.0,401.0,0.0
378,8,211.0,208.0,0.3200000000000001
378,17,241.0,223.0,0.2700000000000001
378,1,43.0,318.0,0.0
378,19,45.0,337.0,0.0
378,22,435.95459415460186,815.9545941546019,0.0
378,23,356.0,126.0,0.0
378,6,439.0,819.0,0.0
378,11,328.0,177.0,0.0
378,9,522.0,902.0,0.0
378,14,97.0,302.0,0.0
378,3,286.0,102.0,0.0
378,7,328.0,150.0,0.0
378,25,72.0,305.0,0.0
378,4,351.0,159.0,0.0
378,13,480.0,210.0,0.0
378,15,476.0,121.0,0.0
378,2,242.0,246.0,0.09999999999999999
378,10,102.0,197.0,0.0
378,18,121.0,178.0,0.0
378,21,386.95459415460186,766.9545941546019,0.0
379,5,388.04540584539814,121.04540584539816,0.0
379,16,446.0,826.0,0.0
379,20,397.0,777.0,0.0
379,12,100.0,200.0,0.0
379,24,48.04540584539816,400.04540584539814,0.0
379,8,210.0,207.0,0.3200000000000001
379,17,240.0,222.0,0.2700000000000001
379,1,42.04540584539816,317.04540584539814,0.0
379,19,44.04540584539816,336.04540584539814,0.0
379,22,436.0,816.0,0.0
379,23,355.04540584539814,125.04540584539816,0.0
379,6,439.95459415460186,819.9545941546019,0.0
379,11,327.04540584539814,176.04540584539816,0.0
379,9,522.9545941546019,902.9545941546019,0.0
379,14,96.04540584539816,301.04540584539814,0.0
379,3,285.04540584539814,101.04540584539816,0.0
379,7,327.04540584539814,149.04540584539816,0.0
379,25,71.04540584539816,304.04540584539814,0.0
379,4,350.04540584539814,158.04540584539816,0.0
379,13,479.04540584539814,209.04540584539816,0.0
379,15,475.04540584539814,120.04540584539816,0.0
379,2,241.00714336186266,245.00714336186266,0.09999999999999999
379,10,101.04540584539816,197.95459415460184,0.0
379,18,120.04540584539816,178.95459415460184,0.0
379,21,387.0,767.0,0.0
380,5,388.0,121.0,0.0
380,16,446.95459415460186,826.9545941546019,0.0
380,20,397.95459415460186,777.9545941546019,0.0
380,12,100.0,200.0,0.0
380,24,48.0,400.0,0.0
380,8,209.0,206.0,0.3200000000000001
380,17,239.0,221.0,0.2700000000000001
380,1,42.0,317.0,0.0
380,19,44.0,336.0,0.0
380,22,436.95459415460186,816.9545941546019,0.0
380,23,355.0,125.0,0.0
380,6,440.0,820.0,0.0
380,11,327.0,176.0,0.0
380,9,523.0,903.0,0.0
380,14,96.0,301.0,0.0
380,3,285.0,101.0,0.0
380,7,327.0,149.0,0.0
380,25,71.0,304.0,0.0
380,4,350.0,158.0,0.0
380,13,479.0,209.0,0.0
380,15,475.0,120.0,0.0
380,2,241.0,245.0,0.09999999999999999
380,10,101.0,198.0,0.0
380,18,120.0,179.0,0.0
380,21,387.95459415460186,767.9545941546019,0.0
381,5,387.04540584539814,120.04540584539816,0.0
381,16,447.0,827.0,0.0
381,20,398.0,778.0,0.0
381,12,100.0,200.0,0.0
381,24,47.04540584539816,399.04540584539814,0.0
381,8,208.0,205.0,0.3200000000000001
381,17,238.0,220.0,0.2700000000000001
381,1,41.04540584539816,316.04540584539814,0.0
381,19,43.04540584539816,335.04540584539814,0.0
381,22,437.0,817.0,0.0
381,23,354.04540584539814,124.04540584539816,0.0
381,6,440.95459415460186,820.9545941546019,0.0
381,11,326.04540584539814,175.04540584539816,0.0
381,9,523.9545941546019,903.9545941546019,0.0
381,14,95.04540584539816,300.04540584539814,0.0
381,3,284.04540584539814,100.04540584539816,0.0
381,7,326.04540584539814,148.04540584539816,0.0
381,25,70.04540584539816,303.04540584539814,0.0
381,4,349.04540584539814,157.04540584539816,0.0
381,13,478.04540584539814,208.04540584539816,0.0
381,15,474.04540584539814,119.04540584539816,0.0
381,2,240.00714336186266,244.00714336186266,0.09999999999999999
381,10,100.04540584539816,198.95459415460184,0.0
381,18,119.04540584539816,179.95459415460184,0.0
381,21,388.0,768.0,0.0
382,5,387.0,120.0,0.0
382,16,447.95459415460186,827.9545941546019,0.0
382,20,398.95459415460186,778.9545941546019,0.0
382,12,100.0,200.0,0.0
382,24,47.0,399.0,0.0
382,8,207.0,204.0,0.3200000000000001
382,17,237.0,219.0,0.2700000000000001
382,1,41.0,316.0,0.0
382,19,43.0,335.0,0.0
382,22,437.95459415460186,817.9545941546019,0.0
382,23,354.0,124.0,0.0
382,6,441.0,821.0,0.0
382,11,326.0,175.0,0.0
382,9,524.0,904.0,0.0
382,14,95.0,300.0,0.0
382,3,284.0,100.0,0.0
382,7,326.0,148.0,0.0
382,25,70.0,303.0,0.0
382,4,349.0,157.0,0.0
382,13,478.0,208.0,0.0
382,15,474.0,119.0,0.0
382,2,240.0,244.0,0.09999999999999999
382,10,100.0,199.0,0.0
382,18,119.0,180.0,0.0
382,21,388.95459415460186,768.9545941546019,0.0
383,5,386.04540584539814,119.04540584539816,0.0
383,16,448.0,828.0,0.0
383,20,399.0,779.0,0.0
383,12,100.0,200.0,0.0
383,24,46.04540584539816,398.04540584539814,0.0
383,8,206.0,203.0,0.3200000000000001
383,17,236.0,218.0,0.2700000000000001
383,1,40.04540584539816,315.04540584539814,0.0
383,19,42.04540584539816,334.04540584539814,0.0
383,22,438.0,818.0,0.0
383,23,353.04540584539814,123.04540584539816,0.0
383,6,441.95459415460186,821.9545941546019,0.0
383,11,325.04540584539814,174.04540584539816,0.0
383,9,524.9545941546019,904.9545941546019,0.0
383,14,94.04540584539816,299.04540584539814,0.0
383,3,283.04540584539814,99.04540584539816,0.0
383,7,325.04540584539814,147.04540584539816,0.0
383,25,69.04540584539816,302.04540584539814,0.0
383,4,348.04540584539814,156.04540584539816,0.0
383,13,477.04540584539814,207.04540584539816,0.0
383,15,473.04540584539814,118.04540584539816,0.0
383,2,239.00714336186266,243.00714336186266,0.09999999999999999
383,10,100.0,200.0,0.0
383,18,118.04540584539816,180.95459415460184,0.0
383,21,389.0,769.0,0.0
384,5,386.0,119.0,0.0
384,16,448.95459415460186,828.9545941546019,0.0
384,20,399.95459415460186,779.9545941546019,0.0
384,12,100.0,200.0,0.0
384,24,46.0,398.0,0.0
384,8,205.0,202.0,0.3200000000000001
384,17,235.0,217.0,0.2700000000000001
384,1,40.0,315.0,0.0
384,19,42.0,334.0,0.0
384,22,438.95459415460186,818.9545941546019,0.0
384,23,353.0,123.0,0.0
384,6,442.0,822.0,0.0
384,11,325.0,174.0,0.0
384,9,525.0,905.0,0.0
384,14,94.0,299.0,0.0
384,3,283.0,99.0,0.0
384,7,325.0,147.0,0.0
384,25,69.0,302.0,0.0
384,4,348.0,156.0,0.0
384,13,477.0,207.0,0.0
384,15,473.0,118.0,0.0
384,2,239.0,243.0,0.09999999999999999
384,10,100.0,200.0,0.0
384,18,118.0,181.0,0.0
384,21,389.95459415460186,769.9545941546019,0.0
385,5,385.04540584539814,118.04540584539816,0.0
385,16,449.0,829.0,0.0
385,20,400.0,780.0,0.0
385,12,100.0,200.0,0.0
385,24,45.04540584539816,397.04540584539814,0.0
385,8,204.0,201.0,0.3200000000000001
385,17,234.0,216.0,0.2700000000000001
385,1,39.04540584539816,314.04540584539814,0.0
385,19,41.04540584539816,333.04540584539814,0.0
385,22,439.0,819.0,0.0
385,23,352.04540584539814,122.04540584539816,0.0
385,6,442.95459415460186,822.9545941546019,0.0
385,11,324.04540584539814,173.04540584539816,0.0
385,9,525.9545941546019,905.9545941546019,0.0
385,14,93.04540584539816,298.04540584539814,0.0
385,3,282.04540584539814,98.04540584539816,0.0
385,7,324.04540584539814,146.04540584539816,0.0
385,25,68.04540584539816,301.04540584539814,0.0
385,4,347.04540584539814,155.04540584539816,0.0
385,13,476.04540584539814,206.04540584539816,0.0
385,15,472.04540584539814,117.04540584539816,0.0
385,2,238.00714336186266,242.00714336186266,0.09999999999999999
385,10,100.0,200.0,0.0
385,18,117.04540584539816,181.95459415460184,0.0
385,21,390.0,770.0,0.0
386,5,385.0,118.0,0.0
386,16,449.95459415460186,829.9545941546019,0.0
386,20,400.95459415460186,780.9545941546019,0.0
386,12,100.0,200.0,0.0
386,24,45.0,397.0,0.0
386,8,203.0,200.0,0.3200000000000001
386,17,233.0,215.0,0.2700000000000001
386,1,39.0,314.0,0.0
386,19,41.0,333.0,0.0
386,22,439.95459415460186,819.9545941546019,0.0
386,23,352.0,122.0,0.0
386,6,443.0,823.0,0.0
386,11,324.0,173.0,0.0
386,9,526.0,906.0,0.0
386,14,93.0,298.0,0.0
386,3,282.0,98.0,0.0
386,7,324.0,146.0,0.0
386,25,68.0,301.0,0.0
386,4,347.0,155.0,0.0
386,13,476.0,206.0,0.0
386,15,472.0,117.0,0.0
386,2,238.0,242.0,0.09999999999999999
386,10,100.0,200.0,0.0
386,18,117.0,182.0,0.0
386,21,390.95459415460186,770.9545941546019,0.0
387,5,384.04540584539814,117.04540584539816,0.0
387,16,450.0,830.0,0.0
387,20,401.0,781.0,0.0
387,12,100.0,200.0,0.0
387,24,44.04540584539816,396.04540584539814,0.0
387,8,202.0,199.0,0.3200000000000001
387,17,232.0,214.0,0.2700000000000001
387,1,38.04540584539816,313.04540584539814,0.0
387,19,40.04540584539816,332.04540584539814,0.0
387,22,440.0,820.0,0.0
387,23,351.04540584539814,121.04540584539816,0.0
387,6,443.95459415460186,823.9545941546019,0.0
387,11,323.04540584539814,172.04540584539816,0.0
387,9,526.9545941546019,906.9545941546019,0.0
387,14,92.04540584539816,297.04540584539814,0.0
387,3,281.04540584539814,97.04540584539816,0.0
387,7,323.04540584539814,145.04540584539816,0.0
387,25,67.04540584539816,300.04540584539814,0.0
387,4,346.04540584539814,154.04540584539816,0.0
387,13,475.04540584539814,205.04540584539816,0.0
387,15,471.04540584539814,116.04540584539816,0.0
387,2,237.00714336186266,241.00714336186266,0.09999999999999999
387,10,100.0,200.0,0.0
387,18,116.04540584539816,182.95459415460184,0.0
387,21,391.0,771.0,0.0
388,5,384.0,117.0,0.0
388,16,450.95459415460186,830.9545941546019,0.0
388,20,401.95459415460186,781.9545941546019,0.0
388,12,100.0,200.0,0.0
388,24,44.0,396.0,0.0
388,8,201.0,198.0,0.3200000000000001
388,17,231.0,213.0,0.2700000000000001
388,1,38.0,313.0,0.0
388,19,40.0,332.0,0.0
388,22,440.95459415460186,820.9545941546019,0.0
388,23,351.0,121.0,0.0
388,6,444.0,824.0,0.0
388,11,323.0,172.0,0.0
388,9,527.0,907.0,0.0
388,14,92.0,297.0,0.0
388,3,281.0,97.0,0.0
388,7,323.0,145.0,0.0
388,25,67.0,300.0,0.0
388,4,346.0,154.0,0.0
388,13,475.0,205.0,0.0
388,15,471.0,116.0,0.0
388,2,237.0,241.0,0.09999999999999999
388,10,100.0,200.0,0.0
388,18,116.0,183.0,0.0
388,21,391.95459415460186,771.9545941546019,0.0
389,5,383.04540584539814,116.04540584539816,0.0
389,16,451.0,831.0,0.0
389,20,402.0,782.0,0.0
389,12,100.0,200.0,0.0
389,24,43.04540584539816,395.04540584539814,0.0
389,8,200.0,197.0,0.3200000000000001
389,17,230.0,212.0,0.2700000000000001
389,1,37.04540584539816,312.04540584539814,0.0
389,19,39.04540584539816,331.04540584539814,0.0
389,22,441.0,821.0,0.0
389,23,350.04540584539814,120.04540584539816,0.0
389,6,444.95459415460186,824.9545941546019,0.0
389,11,322.04540584539814,171.04540584539816,0.0
389,9,527.9545941546019,907.9545941546019,0.0
389,14,91.04540584539816,296.04540584539814,0.0
389,3,280.04540584539814,96.04540584539816,0.0
389,7,322.04540584539814,144.04540584539816,0.0
389,25,66.04540584539816,299.04540584539814,0.0
389,4,345.04540584539814,153.04540584539816,0.0
389,13,474.04540584539814,204.04540584539816,0.0
389,15,470.04540584539814,115.04540584539816,0.0
389,2,236.00714336186266,240.00714336186266,0.09999999999999999
389,10,100.0,200.0,0.0
389,18,115.04540584539816,183.95459415460184,0.0
389,21,392.0,772.0,0.0
390,5,383.0,116.0,0.0
390,16,451.95459415460186,831.9545941546019,0.0
390,20,402.95459415460186,782.9545941546019,0.0
390,12,100.0,200.0,0.0
390,24,43.0,395.0,0.0
390,8,199.0,196.0,0.3200000000000001
390,17,229.0,211.0,0.2700000000000001
390,1,37.0,312.0,0.0
390,19,39.0,331.0,0.0
390,22,441.95459415460186,821.9545941546019,0.0
390,23,350.0,120.0,0.0
390,6,445.0,825.0,0.0
390,11,322.0,171.0,0.0
390,9,528.0,908.0,0.0
390,14,91.0,296.0,0.0
390,3,280.0,96.0,0.0
390,7,322.0,144.0,0.0
390,25,66.0,299.0,0.0
390,4,345.0,153.0,0.0
390,13,474.0,204.0,0.0
390,15,470.0,115.0,0.0
390,2,236.0,240.0,0.09999999999999999
390,10,100.0,200.0,0.0
390,18,115.0,184.0,0.0
390,21,392.95459415460186,772.9545941546019,0.0
391,5,382.04540584539814,115.04540584539816,0.0
391,16,452.0,832.0,0.0
391,20,403.0,783.0,0.0
391,12,100.0,200.0,0.0
391,24,42.04540584539816,394.04540584539814,0.0
391,8,198.0,195.0,0.3200000000000001
391,17,228.0,210.0,0.2700000000000001
391,1,36.04540584539816,311.04540584539814,0.0
391,19,38.04540584539816,330.04540584539814,0.0
391,22,442.0,822.0,0.0
391,23,349.04540584539814,119.04540584539816,0.0
391,6,445.95459415460186,825.9545941546019,0.0
391,11,321.04540584539814,170.04540584539816,0.0
391,9,528.9545941546019,908.9545941546019,0.0
391,14,90.04540584539816,295.04540584539814,0.0
391,3,279.04540584539814,95.04540584539816,0.0
391,7,321.04540584539814,143.04540584539816,0.0
391,25,65.04540584539816,298.04540584539814,0.0
391,4,344.04540584539814,152.04540584539816,0.0
391,13,473.04540584539814,203.04540584539816,0.0
391,15,469.04540584539814,114.04540584539816,0.0
391,2,235.00714336186266,239.00714336186266,0.09999999999999999
391,10,100.0,200.0,0.0
391,18,114.04540584539816,184.95459415460184,0.0
391,21,393.0,773.0,0.0
392,5,382.0,115.0,0.0
392,16,452.95459415460186,832.9545941546019,0.0
392,20,403.95459415460186,783.9545941546019,0.0
392,12,100.0,200.0,0.0
392,24,42.0,394.0,0.0
392,8,197.0,194.0,0.3200000000000001
392,17,227.0,209.0,0.2700000000000001
392,1,36.0,311.0,0.0
392,19,38.0,330.0,0.0
392,22,442.95459415460186,822.9545941546019,0.0
392,23,349.0,119.0,0.0
392,6,446.0,826.0,0.0
392,11,321.0,170.0,0.0
392,9,529.0,909.0,0.0
392,14,90.0,295.0,0.0
392,3,279.0,95.0,0.0
392,7,321.0,143.0,0.0
392,25,65.0,298.0,0.0
392,4,344.0,152.0,0.0
392,13,473.0,203.0,0.0
392,15,469.0,114.0,0.0
392,2,235.0,239.0,0.09999999999999999
392,10,100.0,200.0,0.0
392,18,114.0,185.0,0.0
392,21,393.95459415460186,773.9545941546019,0.0
393,5,381.04540584539814,114.04540584539816,0.0
393,16,453.0,833.0,0.0
393,20,404.0,784.0,0.0
393,12,100.0,200.0,0.0
393,24,41.04540584539816,393.04540584539814,0.0
393,8,196.0,193.0,0.3200000000000001
393,17,226.0,208.0,0.2700000000000001
393,1,35.04540584539816,310.04540584539814,0.0
393,19,37.04540584539816,329.04540584539814,0.0
393,22,443.0,823.0,0.0
393,23,348.04540584539814,118.04540584539816,0.0
393,6,446.95459415460186,826.9545941546019,0.0
393,11,320.04540584539814,169.04540584539816,0.0
393,9,529.9545941546019,909.9545941546019,0.0
393,14,89.04540584539816,294.04540584539814,0.0
393,3,278.04540584539814,94.04540584539816,0.0
393,7,320.04540584539814,142.04540584539816,0.0
393,25,64.04540584539816,297.04540584539814,0.0
393,4,343.04540584539814,151.04540584539816,0.0
393,13,472.04540584539814,202.04540584539816,0.0
393,15,468.04540584539814,113.04540584539816,0.0
393,2,234.00714336186266,238.00714336186266,0.09999999999999999
393,10,100.0,200.0,0.0
393,18,113.04540584539816,185.95459415460184,0.0
393,21,394.0,774.0,0.0
394,5,381.0,114.0,0.0
394,16,453.95459415460186,833.9545941546019,0.0
394,20,404.95459415460186,784.9545941546019,0.0
394,12,100.0,200.0,0.0
394,24,41.0,393.0,0.0
394,8,195.0,192.0,0.3200000000000001
394,17,225.0,207.0,0.2700000000000001
394,1,35.0,310.0,0.0
394,19,37.0,329.0,0.0
394,22,443.95459415460186,823.9545941546019,0.0
394,23,348.0,118.0,0.0
394,6,447.0,827.0,0.0
394,11,320.0,169.0,0.0
394,9,530.0,910.0,0.0
394,14,89.0,294.0,0.0
394,3,278.0,94.0,0.0
394,7,320.0,142.0,0.0
394,25,64.0,297.0,0.0
394,4,343.0,151.0,0.0
394,13,472.0,202.0,0.0
394,15,468.0,113.0,0.0
394,2,234.0,238.0,0.09999999999999999
394,10,100.0,200.0,0.0
394,18,113.0,186.0,0.0
394,21,394.95459415460186,774.9545941546019,0.0
395,5,380.04540584539814,113.04540584539816,0.0
395,16,454.0,834.0,0.0
395,20,405.0,785.0,0.0
395,12,100.0,200.0,0.0
395,24,40.04540584539816,392.04540584539814,0.0
395,8,194.0,191.0,0.3200000000000001
395,17,224.0,206.0,0.2700000000000001
395,1,34.04540584539816,309.04540584539814,0.0
395,19,36.04540584539816,328.04540584539814,0.0
395,22,444.0,824.0,0.0
395,23,347.04540584539814,117.04540584539816,0.0
395,6,447.95459415460186,827.9545941546019,0.0
395,11,319.04540584539814,168.04540584539816,0.0
395,9,530.9545941546019,910.9545941546019,0.0
395,14,88.04540584539816,293.04540584539814,0.0
395,3,277.04540584539814,93.04540584539816,0.0
395,7,319.04540584539814,141.04540584539816,0.0
395,25,63.04540584539816,296.04540584539814,0.0
395,4,342.04540584539814,150.04540584539816,0.0
395,13,471.04540584539814,201.04540584539816,0.0
395,15,467.04540584539814,112.04540584539816,0.0
395,2,233.00714336186266,237.00714336186266,0.09999999999999999
395,10,100.0,200.0,0.0
395,18,112.04540584539816,186.95459415460184,0.0
395,21,395.0,775.0,0.0
396,5,380.0,113.0,0.0
396,16,454.95459415460186,834.9545941546019,0.0
396,20,405.95459415460186,785.9545941546019,0.0
396,12,100.0,200.0,0.0
396,24,40.0,392.0,0.0
396,8,193.0,190.0,0.3200000000000001
396,17,223.0,205.0,0.2700000000000001
396,1,34.0,309.0,0.0
396,19,36.0,328.0,0.0
396,22,444.95459415460186,824.9545941546019,0.0
396,23,347.0,117.0,0.0
396,6,448.0,828.0,0.0
396,11,319.0,168.0,0.0
396,9,531.0,911.0,0.0
396,14,88.0,293.0,0.0
396,3,277.0,93.0,0.0
396,7,319.0,141.0,0.0
396,25,63.0,296.0,0.0
396,4,342.0,150.0,0.0
396,13,471.0,201.0,0.0
396,15,467.0,112.0,0.0
396,2,233.0,237.0,0.09999999999999999
396,10,100.0,200.0,0.0
396,18,112.0,187.0,0.0
396,21,395.95459415460186,775.9545941546019,0.0
397,5,379.04540584539814,112.04540584539816,0.0
397,16,455.0,835.0,0.0
397,20,406.0,786.0,0.0
397,12,100.0,200.0,0.0
397,24,39.04540584539816,391.04540584539814,0.0
397,8,192.0,189.0,0.3200000000000001
397,17,222.0,204.0,0.2700000000000001
397,1,33.04540584539816,308.04540584539814,0.0
397,19,35.04540584539816,327.04540584539814,0.0
397,22,445.0,825.0,0.0
397,23,346.04540584539814,116.04540584539816,0.0
397,6,448.95459415460186,828.9545941546019,0.0
397,11,318.04540584539814,167.04540584539816,0.0
397,9,531.9545941546019,911.9545941546019,0.0
397,14,87.04540584539816,292.04540584539814,0.0
397,3,276.04540584539814,92.04540584539816,0.0
397,7,318.04540584539814,140.04540584539816,0.0
397,25,62.04540584539816,295.04540584539814,0.0
397,4,341.04540584539814,149.04540584539816,0.0
397,13,470.04540584539814,200.04540584539816,0.0
397,15,466.04540584539814,111.04540584539816,0.0
397,2,232.00714336186266,236.00714336186266,0.09999999999999999
397,10,100.0,200.0,0.0
397,18,111.04540584539816,187.95459415460184,0.0
397,21,396.0,776.0,0.0
398,5,379.0,112.0,0.0
398,16,455.95459415460186,835.9545941546019,0.0
398,20,406.95459415460186,786.9545941546019,0.0
398,12,100.0,200.0,0.0
398,24,39.0,391.0,0.0
398,8,191.0,188.0,0.3200000000000001
398,17,221.0,203.0,0.2700000000000001
398,1,33.0,308.0,0.0
398,19,35.0,327.0,0.0
398,22,445.95459415460186,825.9545941546019,0.0
398,23,346.0,116.0,0.0
398,6,449.0,829.0,0.0
398,11,318.0,167.0,0.0
398,9,532.0,912.0,0.0
398,14,87.0,292.0,0.0
398,3,276.0,92.0,0.0
398,7,318.0,140.0,0.0
398,25,62.0,295.0,0.0
398,4,341.0,149.0,0.0
398,13,470.0,200.0,0.0
398,15,466.0,111.0,0.0
398,2,232.0,236.0,0.09999999999999999
398,10,100.0,200.0,0.0
398,18,111.0,188.0,0.0
398,21,396.95459415460186,776.9545941546019,0.0
399,5,378.04540584539814,111.04540584539816,0.0
399,16,456.0,836.0,0.0
399,20,407.0,787.0,0.0
399,12,100.0,200.0,0.0
399,24,38.04540584539816,390.04540584539814,0.0
399,8,190.0,187.0,0.3200000000000001
399,17,220.0,202.0,0.2700000000000001
399,1,32.04540584539816,307.04540584539814,0.0
399,19,34.04540584539816,326.04540584539814,0.0
399,22,446.0,826.0,0.0
399,23,345.04540584539814,115.04540584539816,0.0
399,6,449.95459415460186,829.9545941546019,0.0
399,11,317.04540584539814,166.04540584539816,0.0
399,9,532.9545941546019,912.9545941546019,0.0
399,14,86.04540584539816,291.04540584539814,0.0
399,3,275.04540584539814,91.04540584539816,0.0
399,7,317.04540584539814,139.04540584539816,0.0
399,25,61.04540584539816,294.04540584539814,0.0
399,4,340.04540584539814,148.04540584539816,0.0
399,13,469.04540584539814,199.04540584539816,0.0
399,15,465.04540584539814,110.04540584539816,0.0
399,2,231.00714336186266,235.00714336186266,0.09999999999999999
399,10,100.0,200.0,0.0
399,18,110.04540584539816,188.95459415460184,0.0
399,21,397.0,777.0,0.0
400,5,378.0,111.0,0.0
400,16,456.95459415460186,836.9545941546019,0.0
400,20,407.95459415460186,787.9545941546019,0.0
400,12,100.0,200.0,0.0
400,24,38.0,390.0,0.0
400,8,189.0,186.0,0.3200000000000001
400,17,219.0,201.0,0.2700000000000001
400,1,32.0,307.0,0.0
400,19,34.0,326.0,0.0
400,22,446.95459415460186,826.9545941546019,0.0
400,23,345.0,115.0,0.0
400,6,450.0,830.0,0.0
400,11,317.0,166.0,0.0
400,9,533.0,913.0,0.0
400,14,86.0,291.0,0.0
400,3,275.0,91.0,0.0
400,7,317.0,139.0,0.0
400,25,61.0,294.0,0.0
400,4,340.0,148.0,0.0
400,13,469.0,199.0,0.0
400,15,465.0,110.0,0.0
400,2,231.0,235.0,0.09999999999999999
400,10,100.0,200.0,0.0
400,18,110.0,189.0,0.0
400,21,397.95459415460186,777.9545941546019,0.0
401,5,377.04540584539814,110.04540584539816,0.0
401,16,457.0,837.0,0.0
401,20,408.0,788.0,0.0
401,12,100.0,200.0,0.0
401,24,37.04540584539816,389.04540584539814,0.0
401,8,188.0,185.0,0.3200000000000001
401,17,218.0,200.0,0.2700000000000001
401,1,31.04540584539816,306.04540584539814,0.0
401,19,33.04540584539816,325.04540584539814,0.0
401,22,447.0,827.0,0.0
401,23,344.04540584539814,114.04540584539816,0.0
401,6,450.95459415460186,830.9545941546019,0.0
401,11,316.04540584539814,165.04540584539816,0.0
401,9,533.9545941546019,913.9545941546019,0.0
401,14,85.04540584539816,290.04540584539814,0.0
401,3,274.04540584539814,90.04540584539816,0.0
401,7,316.04540584539814,138.04540584539816,0.0
401,25,60.04540584539816,293.04540584539814,0.0
401,4,339.04540584539814,147.04540584539816,0.0
401,13,468.04540584539814,198.04540584539816,0.0
401,15,464.04540584539814,109.04540584539816,0.0
401,2,230.00714336186266,234.00714336186266,0.09999999999999999
401,10,100.0,200.0,0.0
401,18,109.04540584539816,189.95459415460184,0.0
401,21,398.0,778.0,0.0
402,5,377.0,110.0,0.0
402,16,457.95459415460186,837.9545941546019,0.0
402,20,408.95459415460186,788.9545941546019,0.0
402,12,100.0,200.0,0.0
402,24,37.0,389.0,0.0
402,8,187.0,184.0,0.3200000000000001
402,17,217.0,199.0,0.2700000000000001
402,1,31.0,306.0,0.0
402,19,33.0,325.0,0.0
402,22,447.95459415460186,827.9545941546019,0.0
402,23,344.0,114.0,0.0
402,6,451.0,831.0,0.0
402,11,316.0,165.0,0.0
402,9,534.0,914.0,0.0
402,14,85.0,290.0,0.0
402,3,274.0,90.0,0.0
402,7,316.0,138.0,0.0
402,25,60.0,293.0,0.0
402,4,339.0,147.0,0.0
402,13,468.0,198.0,0.0
402,15,464.0,109.0,0.0
402,2,230.0,234.0,0.09999999999999999
402,10,100.0,200.0,0.0
402,18,109.0,190.0,0.0
402,21,398.95459415460186,778.9545941546019,0.0
403,5,376.04540584539814,109.04540584539816,0.0
403,16,458.0,838.0,0.0
403,20,409.0,789.0,0.0
403,12,100.0,200.0,0.0
403,24,36.04540584539816,388.04540584539814,0.0
403,8,186.0,183.0,0.3200000000000001
403,17,216.0,198.0,0.2700000000000001
403,1,30.04540584539816,305.04540584539814,0.0
403,19,32.04540584539816,324.04540584539814,0.0
403,22,448.0,828.0,0.0
403,23,343.04540584539814,113.04540584539816,0.0
403,6,451.95459415460186,831.9545941546019,0.0
403,11,315.04540584539814,164.04540584539816,0.0
403,9,534.9545941546019,914.9545941546019,0.0
403,14,84.04540584539816,289.04540584539814,0.0
403,3,273.04540584539814,89.04540584539816,0.0
403,7,315.04540584539814,137.04540584539816,0.0
403,25,59.04540584539816,292.04540584539814,0.0
403,4,338.04540584539814,146.04540584539816,0.0
403,13,467.04540584539814,197.04540584539816,0.0
403,15,463.04540584539814,108.04540584539816,0.0
403,2,229.00714336186266,233.00714336186266,0.09999999999999999
403,10,100.0,200.0,0.0
403,18,108.04540584539816,190.95459415460184,0.0
403,21,399.0,779.0,0.0
404,5,376.0,109.0,0.0
404,16,458.95459415460186,838.9545941546019,0.0
404,20,409.95459415460186,789.9545941546019,0.0
404,12,100.0,200.0,0.0
404,24,36.0,388.0,0.0
404,8,185.0,182.0,0.3200000000000001
404,17,215.0,197.0,0.2700000000000001
404,1,30.0,305.0,0.0
404,19,32.0,324.0,0.0
404,22,448.95459415460186,828.9545941546019,0.0
404,23,343.0,113.0,0.0
404,6,452.0,832.0,0.0
404,11,315.0,164.0,0.0
404,9,535.0,915.0,0.0
404,14,84.0,289.0,0.0
404,3,273.0,89.0,0.0
404,7,315.0,137.0,0.0
404,25,59.0,292.0,0.0
404,4,338.0,146.0,0.0
404,13,467.0,197.0,0.0
404,15,463.0,108.0,0.0
404,2,229.0,233.0,0.09999999999999999
404,10,100.0,200.0,0.0
404,18,108.0,191.0,0.0
404,21,399.95459415460186,779.9545941546019,0.0
405,5,375.04540584539814,108.04540584539816,0.0
405,16,459.0,839.0,0.0
405,20,410.0,790.0,0.0
405,12,100.0,200.0,0.0
405,24,35.04540584539816,387.04540584539814,0.0
405,8,184.0,181.0,0.3200000000000001
405,17,214.0,196.0,0.2700000000000001
405,1,29.04540584539816,304.04540584539814,0.0
405,19,31.04540584539816,323.04540584539814,0.0
405,22,449.0,829.0,0.0
405,23,342.04540584539814,112.04540584539816,0.0
405,6,452.95459415460186,832.9545941546019,0.0
405,11,314.04540584539814,163.04540584539816,0.0
405,9,535.9545941546019,915.9545941546019,0.0
405,14,83.04540584539816,288.04540584539814,0.0
405,3,272.04540584539814,88.04540584539816,0.0
405,7,314.04540584539814,136.04540584539816,0.0
405,25,58.04540584539816,291.04540584539814,0.0
405,4,337.04540584539814,145.04540584539816,0.0
405,13,466.04540584539814,196.04540584539816,0.0
405,15,462.04540584539814,107.04540584539816,0.0
405,2,228.00714336186266,232.00714336186266,0.09999999999999999
405,10,100.0,200.0,0.0
405,18,107.04540584539816,191.95459415460184,0.0
405,21,400.0,780.0,0.0
406,5,375.0,108.0,0.0
406,16,459.95459415460186,839.9545941546019,0.0
406,20,410.95459415460186,790.9545941546019,0.0
406,12,100.0,200.0,0.0
406,24,35.0,387.0,0.0
406,8,183.0,180.0,0.3200000000000001
406,17,213.0,195.0,0.2700000000000001
406,1,29.0,304.0,0.0
406,19,31.0,323.0,0.0
406,22,449.95459415460186,829.9545941546019,0.0
406,23,342.0,112.0,0.0
406,6,453.0,833.0,0.0
406,11,314.0,163.0,0.0
406,9,536.0,916.0,0.0
406,14,83.0,288.0,0.0
406,3,272.0,88.0,0.0
406,7,314.0,136.0,0.0
406,25,58.0,291.0,0.0
406,4,337.0,145.0,0.0
406,13,466.0,196.0,0.0
406,15,462.0,107.0,0.0
406,2,228.0,232.0,0.09999999999999999
406,10,100.0,200.0,0.0
406,18,107.0,192.0,0.0
406,21,400.95459415460186,780.9545941546019,0.0
407,5,374.04540584539814,107.04540584539816,0.0
407,16,460.0,840.0,0.0
407,20,411.0,791.0,0.0
407,12,100.0,200.0,0.0
407,24,34.04540584539816,386.04540584539814,0.0
407,8,182.0,179.0,0.3200000000000001
407,17,212.0,194.0,0.2700000000000001
407,1,28.04540584539816,303.04540584539814,0.0
407,19,30.04540584539816,322.04540584539814,0.0
407,22,450.0,830.0,0.0
407,23,341.04540584539814,111.04540584539816,0.0
407,6,453.95459415460186,833.9545941546019,0.0
407,11,313.04540584539814,162.04540584539816,0.0
407,9,536.9545941546019,916.9545941546019,0.0
407,14,82.04540584539816,287.04540584539814,0.0
407,3,271.04540584539814,87.04540584539816,0.0
407,7,313.04540584539814,135.04540584539816,0.0
407,25,57.04540584539816,290.04540584539814,0.0
407,4,336.04540584539814,144.04540584539816,0.0
407,13,465.04540584539814,195.04540584539816,0.0
407,15,461.04540584539814,106.04540584539816,0.0
407,2,227.00714336186266,231.00714336186266,0.09999999999999999
407,10,100.0,200.0,0.0
407,18,106.04540584539816,192.95459415460184,0.0
407,21,401.0,781.0,0.0
408,5,374.0,107.0,0.0
408,16,460.95459415460186,840.9545941546019,0.0
408,20,411.95459415460186,791.9545941546019,0.0
408,12,100.0,200.0,0.0
408,24,34.0,386.0,0.0
408,8,181.0,178.0,0.3200000000000001
408,17,211.0,193.0,0.2700000000000001
408,1,28.0,303.0,0.0
408,19,30.0,322.0,0.0
408,22,450.95459415460186,830.9545941546019,0.0
408,23,341.0,111.0,0.0
408,6,454.0,834.0,0.0
408,11,313.0,162.0,0.0
408,9,537.0,917.0,0.0
408,14,82.0,287.0,0.0
408,3,271.0,87.0,0.0
408,7,313.0,135.0,0.0
408,25,57.0,290.0,0.0
408,4,336.0,144.0,0.0
408,13,465.0,195.0,0.0
408,15,461.0,106.0,0.0
408,2,227.0,231.0,0.09999999999999999
408,10,100.0,200.0,0.0
408,18,106.0,193.0,0.0
408,21,401.95459415460186,781.9545941546019,0.0
409,5,373.04540584539814,106.04540584539816,0.0
409,16,461.0,841.0,0.0
409,20,412.0,792.0,0.0
409,12,100.0,200.0,0.0
409,24,33.04540584539816,385.04540584539814,0.0
409,8,180.0,177.0,0.3200000000000001
409,17,210.0,192.0,0.2700000000000001
409,1,27.04540584539816,302.04540584539814,0.0
409,19,29.04540584539816,321.04540584539814,0.0
409,22,451.0,831.0,0.0
409,23,340.04540584539814,110.04540584539816,0.0
409,6,454.95459415460186,834.9545941546019,0.0
409,11,312.04540584539814,161.04540584539816,0.0
409,9,537.9545941546019,917.9545941546019,0.0
409,14,81.04540584539816,286.04540584539814,0.0
409,3,270.04540584539814,86.04540584539816,0.0
409,7,312.04540584539814,134.04540584539816,0.0
409,25,56.04540584539816,289.04540584539814,0.0
409,4,335.04540584539814,143.04540584539816,0.0
409,13,464.04540584539814,194.04540584539816,0.0
409,15,460.04540584539814,105.04540584539816,0.0
409,2,226.00714336186266,230.00714336186266,0.09999999999999999
409,10,100.0,200.0,0.0
409,18,105.04540584539816,193.95459415460184,0.0
409,21,402.0,782.0,0.0
410,5,373.0,106.0,0.0
410,16,461.95459415460186,841.9545941546019,0.0
410,20,412.95459415460186,792.9545941546019,0.0
410,12,100.0,200.0,0.0
410,24,33.0,385.0,0.0
410,8,179.0,176.0,0.3200000000000001
410,17,209.0,191.0,0.2700000000000001
410,1,27.0,302.0,0.0
410,19,29.0,321.0,0.0
410,22,451.95459415460186,831.9545941546019,0.0
410,23,340.0,110.0,0.0
410,6,455.0,835.0,0.0
410,11,312.0,161.0,0.0
410,9,538.0,918.0,0.0
410,14,81.0,286.0,0.0
410,3,270.0,86.0,0.0
410,7,312.0,134.0,0.0
410,25,56.0,289.0,0.0
410,4,335.0,143.0,0.0
410,13,464.0,194.0,0.0
410,15,460.0,105.0,0.0
410,2,226.0,230.0,0.09999999999999999
410,10,100.0,200.0,0.0
410,18,105.0,194.0,0.0
410,21,402.95459415460186,782.9545941546019,0.0
411,5,372.04540584539814,105.04540584539816,0.0
411,16,462.0,842.0,0.0
411,20,413.0,793.0,0.0
411,12,100.0,200.0,0.0
411,24,32.04540584539816,384.04540584539814,0.0
411,8,178.0,175.0,0.3200000000000001
411,17,208.0,190.0,0.2700000000000001
411,1,26.04540584539816,301.04540584539814,0.0
411,19,28.04540584539816,320.04540584539814,0.0
411,22,452.0,832.0,0.0
411,23,339.04540584539814,109.04540584539816,0.0
411,6,455.95459415460186,835.9545941546019,0.0
411,11,311.04540584539814,160.04540584539816,0.0
411,9,538.9545941546019,918.9545941546019,0.0
411,14,80.04540584539816,285.04540584539814,0.0
411,3,269.04540584539814,85.04540584539816,0.0
411,7,311.04540584539814,133.04540584539816,0.0
411,25,55.04540584539816,288.04540584539814,0.0
411,4,334.04540584539814,142.04540584539816,0.0
411,13,463.04540584539814,193.04540584539816,0.0
411,15,459.04540584539814,104.04540584539816,0.0
411,2,225.00714336186266,229.00714336186266,0.09999999999999999
411,10,100.0,200.0,0.0
411,18,104.04540584539816,194.95459415460184,0.0
411,21,403.0,783.0,0.0
412,5,372.0,105.0,0.0
412,16,462.95459415460186,842.9545941546019,0.0
412,20,413.95459415460186,793.9545941546019,0.0
412,12,100.0,200.0,0.0
412,24,32.0,384.0,0.0
412,8,177.0,174.0,0.3200000000000001
412,17,207.0,189.0,0.2700000000000001
412,1,26.0,301.0,0.0
412,19,28.0,320.0,0.0
412,22,452.95459415460186,832.9545941546019,0.0
412,23,339.0,109.0,0.0
412,6,456.0,836.0,0.0
412,11,311.0,160.0,0.0
412,9,539.0,919.0,0.0
412,14,80.0,285.0,0.0
412,3,269.0,85.0,0.0
412,7,311.0,133.0,0.0
412,25,55.0,288.0,0.0
412,4,334.0,142.0,0.0
412,13,463.0,193.0,0.0
412,15,459.0,104.0,0.0
412,2,225.0,229.0,0.09999999999999999
412,10,100.0,200.0,0.0
412,18,104.0,195.0,0.0
412,21,403.95459415460186,783.9545941546019,0.0
413,5,371.04540584539814,104.04540584539816,0.0
413,16,463.0,843.0,0.0
413,20,414.0,794.0,0.0
413,12,100.0,200.0,0.0
413,24,31.04540584539816,383.04540584539814,0.0
413,8,176.0,173.0,0.3200000000000001
413,17,206.0,188.0,0.2700000000000001
413,1,25.04540584539816,300.04540584539814,0.0
413,19,27.04540584539816,319.04540584539814,0.0
413,22,453.0,833.0,0.0
413,23,338.04540584539814,108.04540584539816,0.0
413,6,456.95459415460186,836.9545941546019,0.0
413,11,310.04540584539814,159.04540584539816,0.0
413,9,539.9545941546019,919.9545941546019,0.0
413,14,79.04540584539816,284.04540584539814,0.0
413,3,268.04540584539814,84.04540584539816,0.0
413,7,310.04540584539814,132.04540584539816,0.0
413,25,54.04540584539816,287.04540584539814,0.0
413,4,333.04540584539814,141.04540584539816,0.0
413,13,462.04540584539814,192.04540584539816,0.0
413,15,458.04540584539814,103.04540584539816,0.0
413,2,224.00714336186266,228.00714336186266,0.09999999999999999
413,10,100.0,200.0,0.0
413,18,103.04540584539816,195.95459415460184,0.0
413,21,404.0,784.0,0.0
414,5,371.0,104.0,0.0
414,16,463.95459415460186,843.9545941546019,0.0
414,20,414.95459415460186,794.9545941546019,0.0
414,12,100.0,200.0,0.0
414,24,31.0,383.0,0.0
414,8,175.0,172.0,0.3200000000000001
414,17,205.0,187.0,0.2700000000000001
414,1,25.0,300.0,0.0
414,19,27.0,319.0,0.0
414,22,453.95459415460186,833.9545941546019,0.0
414,23,338.0,108.0,0.0
414,6,457.0,837.0,0.0
414,11,310.0,159.0,0.0
414,9,540.0,920.0,0.0
414,14,79.0,284.0,0.0
414,3,268.0,84.0,0.0
414,7,310.0,132.0,0.0
414,25,54.0,287.0,0.0
414,4,333.0,141.0,0.0
414,13,462.0,192.0,0.0
414,15,458.0,103.0,0.0
414,2,224.0,228.0,0.09999999999999999
414,10,100.0,200.0,0.0
414,18,103.0,196.0,0.0
414,21,404.95459415460186,784.9545941546019,0.0
415,5,370.04540584539814,103.04540584539816,0.0
415,16,464.0,844.0,0.0
415,20,415.0,795.0,0.0
415,12,100.0,200.0,0.0
415,24,30.04540584539816,382.04540584539814,0.0
415,8,174.0,171.0,0.3200000000000001
415,17,204.0,186.0,0.2700000000000001
415,1,24.04540584539816,299.04540584539814,0.0
415,19,26.04540584539816,318.04540584539814,0.0
415,22,454.0,834.0,0.0
415,23,337.04540584539814,107.04540584539816,0.0
415,6,457.95459415460186,837.9545941546019,0.0
415,11,309.04540584539814,158.04540584539816,0.0
415,9,540.9545941546019,920.9545941546019,0.0
415,14,78.04540584539816,283.04540584539814,0.0
415,3,267.04540584539814,83.04540584539816,0.0
415,7,309.04540584539814,131.04540584539816,0.0
415,25,53.04540584539816,286.04540584539814,0.0
415,4,332.04540584539814,140.04540584539816,0.0
415,13,461.04540584539814,191.04540584539816,0.0
415,15,457.04540584539814,102.04540584539816,0.0
415,2,223.00714336186266,227.00714336186266,0.09999999999999999
415,10,100.0,200.0,0.0
415,18,102.04540584539816,196.95459415460184,0.0
415,21,405.0,785.0,0.0
416,5,370.0,103.0,0.0
416,16,464.95459415460186,844.9545941546019,0.0
416,20,415.95459415460186,795.9545941546019,0.0
416,12,100.0,200.0,0.0
416,24,30.0,382.0,0.0
416,8,173.0,170.0,0.3200000000000001
416,17,203.0,185.0,0.2700000000000001
416,1,24.0,299.0,0.0
416,19,26.0,318.0,0.0
416,22,454.95459415460186,834.9545941546019,0.0
416,23,337.0,107.0,0.0
416,6,458.0,838.0,0.0
416,11,309.0,158.0,0.0
416,9,541.0,921.0,0.0
416,14,78.0,283.0,0.0
416,3,267.0,83.0,0.0
416,7,309.0,131.0,0.0
416,25,53.0,286.0,0.0
416,4,332.0,140.0,0.0
416,13,461.0,191.0,0.0
416,15,457.0,102.0,0.0
416,2,223.0,227.0,0.09999999999999999
416,10,100.0,200.0,0.0
416,18,102.0,197.0,0.0
416,21,405.95459415460186,785.9545941546019,0.0
417,5,369.04540584539814,102.04540584539816,0.0
417,16,465.0,845.0,0.0
417,20,416.0,796.0,0.0
417,12,100.0,200.0,0.0
417,24,29.04540584539816,381.04540584539814,0.0
417,8,172.0,169.0,0.3200000000000001
417,17,202.0,184.0,0.2700000000000001
417,1,23.04540584539816,298.04540584539814,0.0
417,19,25.04540584539816,317.04540584539814,0.0
417,22,455.0,835.0,0.0
417,23,336.04540584539814,106.04540584539816,0.0
417,6,458.95459415460186,838.9545941546019,0.0
417,11,308.04540584539814,157.04540584539816,0.0
417,9,541.9545941546019,921.9545941546019,0.0
417,14,77.04540584539816,282.04540584539814,0.0
417,3,266.04540584539814,82.04540584539816,0.0
417,7,308.04540584539814,130.04540584539816,0.0
417,25,52.04540584539816,285.04540584539814,0.0
417,4,331.04540584539814,139.04540584539816,0.0
417,13,460.04540584539814,190.04540584539816,0.0
417,15,456.04540584539814,101.04540584539816,0.0
417,2,222.00714336186266,226.00714336186266,0.09999999999999999
417,10,100.0,200.0,0.0
417,18,101.04540584539816,197.95459415460184,0.0
417,21,406.0,786.0,0.0
418,5,369.0,102.0,0.0
418,16,465.95459415460186,845.9545941546019,0.0
418,20,416.95459415460186,796.9545941546019,0.0
418,12,100.0,200.0,0.0
418,24,29.0,381.0,0.0
418,8,171.0,168.0,0.3200000000000001
418,17,201.0,183.0,0.2700000000000001
418,1,23.0,298.0,0.0
418,19,25.0,317.0,0.0
418,22,455.95459415460186,835.9545941546019,0.0
418,23,336.0,106.0,0.0
418,6,459.0,839.0,0.0
418,11,308.0,157.0,0.0
418,9,542.0,922.0,0.0
418,14,77.0,282.0,0.0
418,3,266.0,82.0,0.0
418,7,308.0,130.0,0.0
418,25,52.0,285.0,0.0
418,4,331.0,139.0,0.0
418,13,460.0,190.0,0.0
418,15,456.0,101.0,0.0
418,2,222.0,226.0,0.09999999999999999
418,10,100.0,200.0,0.0
418,18,101.0,198.0,0.0
418,21,406.95459415460186,786.9545941546019,0.0
419,5,368.04540584539814,101.04540584539816,0.0
419,16,466.0,846.0,0.0
419,20,417.0,797.0,0.0
419,12,100.0,200.0,0.0
419,24,28.04540584539816,380.04540584539814,0.0
419,8,170.0,167.0,0.3200000000000001
419,17,200.0,182.0,0.2700000000000001
419,1,22.04540584539816,297.04540584539814,0.0
419,19,24.04540584539816,316.04540584539814,0.0
419,22,456.0,836.0,0.0
419,23,335.04540584539814,105.04540584539816,0.0
419,6,459.95459415460186,839.9545941546019,0.0
419,11,307.04540584539814,156.04540584539816,0.0
419,9,542.9545941546019,922.9545941546019,0.0
419,14,76.04540584539816,281.04540584539814,0.0
419,3,265.04540584539814,81.04540584539816,0.0
419,7,307.04540584539814,129.04540584539816,0.0
419,25,51.04540584539816,284.04540584539814,0.0
419,4,330.04540584539814,138.04540584539816,0.0
419,13,459.04540584539814,189.04540584539816,0.0
419,15,455.04540584539814,100.04540584539816,0.0
419,2,221.00714336186266,225.00714336186266,0.09999999999999999
419,10,100.0,200.0,0.0
419,18,100.04540584539816,198.95459415460184,0.0
419,21,407.0,787.0,0.0
420,5,368.0,101.0,0.0
420,16,466.95459415460186,846.9545941546019,0.0
420,20,417.95459415460186,797.9545941546019,0.0
420,12,100.0,200.0,0.0
420,24,28.0,380.0,0.0
420,8,169.0,166.0,0.3200000000000001
420,17,199.0,181.0,0.2700000000000001
420,1,22.0,297.0,0.0
420,19,24.0,316.0,0.0
420,22,456.95459415460186,836.9545941546019,0.0
420,23,335.0,105.0,0.0
420,6,460.0,840.0,0.0
420,11,307.0,156.0,0.0
420,9,543.0,923.0,0.0
420,14,76.0,281.0,0.0
420,3,265.0,81.0,0.0
420,7,307.0,129.0,0.0
420,25,51.0,284.0,0.0
420,4,330.0,138.0,0.0
420,13,459.0,189.0,0.0
420,15,455.0,100.0,0.0
420,2,221.0,225.0,0.09999999999999999
420,10,100.0,200.0,0.0
420,18,100.0,199.0,0.0
420,21,407.95459415460186,787.9545941546019,0.0
421,5,367.04540584539814,100.04540584539816,0.0
421,16,467.0,847.0,0.0
421,20,418.0,798.0,0.0
421,12,100.0,200.0,0.0
421,24,27.04540584539816,379.04540584539814,0.0
421,8,168.0,165.0,0.3200000000000001
421,17,198.0,180.0,0.2700000000000001
421,1,21.04540584539816,296.04540584539814,0.0
421,19,23.04540584539816,315.04540584539814,0.0
421,22,457.0,837.0,0.0
421,23,334.04540584539814,104.04540584539816,0.0
421,6,460.95459415460186,840.9545941546019,0.0
421,11,306.04540584539814,155.04540584539816,0.0
421,9,543.9545941546019,923.9545941546019,0.0
421,14,75.04540584539816,280.04540584539814,0.0
421,3,264.04540584539814,80.04540584539816,0.0
421,7,306.04540584539814,128.04540584539816,0.0
421,25,50.04540584539816,283.04540584539814,0.0
421,4,329.04540584539814,137.04540584539816,0.0
421,13,458.04540584539814,188.04540584539816,0.0
421,15,454.04540584539814,99.04540584539816,0.0
421,2,220.00714336186266,224.00714336186266,0.09999999999999999
421,10,100.0,200.0,0.0
421,18,100.0,200.0,0.0
421,21,408.0,788.0,0.0
422,5,367.0,100.0,0.0
422,16,467.0,847.0,0.0
422,20,418.0,798.0,0.0
422,12,100.0,200.0,0.0
422,24,27.0,379.0,0.0
422,8,168.0,165.0,0.3200000000000001
422,17,198.0,180.0,0.2700000000000001
422,1,21.0,296.0,0.0
422,19,23.0,315.0,0.0
422,22,457.0,837.0,0.0
422,23,334.0,104.0,0.0
422,6,460.0,840.0,0.0
422,11,306.0,155.0,0.0
422,9,543.0,923.0,0.0
422,14,75.0,280.0,0.0
422,3,264.0,80.0,0.0
422,7,306.0,128.0,0.0
422,25,50.0,283.0,0.0
422,4,329.0,137.0,0.0
422,13,458.0,188.0,0.0
422,15,454.0,99.0,0.0
422,2,220.0,224.0,0.10999999999999999
422,10,100.0,200.0,0.0
422,18,100.0,200.0,0.0
422,21,408.0,788.0,0.0
423,5,366.04540584539814,99.04540584539816,0.0
423,16,467.95459415460186,847.9545941546019,0.0
423,20,418.95459415460186,798.9545941546019,0.0
423,12,100.0,200.0,0.0
423,24,26.04540584539816,378.04540584539814,0.0
423,8,167.0,164.0,0.3200000000000001
423,17,197.0,179.0,0.2700000000000001
423,1,20.04540584539816,295.04540584539814,0.0
423,19,22.04540584539816,314.04540584539814,0.0
423,22,457.95459415460186,837.9545941546019,0.0
423,23,333.04540584539814,103.04540584539816,0.0
423,6,460.0,840.0,0.0
423,11,305.04540584539814,154.04540584539816,0.0
423,9,543.0,923.0,0.0
423,14,74.04540584539816,279.04540584539814,0.0
423,3,263.04540584539814,79.04540584539816,0.0
423,7,305.04540584539814,127.04540584539816,0.0
423,25,49.04540584539816,282.04540584539814,0.0
423,4,328.04540584539814,136.04540584539816,0.0
423,13,457.04540584539814,187.04540584539816,0.0
423,15,453.04540584539814,98.04540584539816,0.0
423,2,219.0,223.0,0.11999999999999998
423,10,100.0,200.0,0.0
423,18,100.0,200.0,0.0
423,21,408.95459415460186,788.9545941546019,0.0
424,5,366.0,99.0,0.0
424,16,468.0,848.0,0.0
424,20,419.0,799.0,0.0
424,12,100.0,200.0,0.0
424,24,26.0,378.0,0.0
424,8,166.0,163.0,0.3200000000000001
424,17,196.0,178.0,0.2700000000000001
424,1,20.0,295.0,0.0
424,19,22.0,314.0,0.0
424,22,458.0,838.0,0.0
424,23,333.0,103.0,0.0
424,6,460.95459415460186,840.9545941546019,0.0
424,11,305.0,154.0,0.0
424,9,543.9545941546019,923.9545941546019,0.0
424,14,74.0,279.0,0.0
424,3,263.0,79.0,0.0
424,7,305.0,127.0,0.0
424,25,49.0,282.0,0.0
424,4,328.0,136.0,0.0
424,13,457.0,187.0,0.0
424,15,453.0,98.0,0.0
424,2,218.0,222.0,0.12999999999999998
424,10,100.0,200.0,0.0
424,18,100.0,200.0,0.0
424,21,409.0,789.0,0.0
425,5,365.04540584539814,98.04540584539816,0.0
425,16,468.95459415460186,848.9545941546019,0.0
425,20,419.95459415460186,799.9545941546019,0.0
425,12,100.0,200.0,0.0
425,24,25.04540584539816,377.04540584539814,0.0
425,8,165.0,162.0,0.3200000000000001
425,17,195.0,177.0,0.2700000000000001
425,1,19.04540584539816,294.04540584539814,0.0
425,19,21.04540584539816,313.04540584539814,0.0
425,22,458.95459415460186,838.9545941546019,0.0
425,23,332.04540584539814,102.04540584539816,0.0
425,6,461.0,841.0,0.0
425,11,304.04540584539814,153.04540584539816,0.0
425,9,544.0,924.0,0.0
425,14,73.04540584539816,278.04540584539814,0.0
425,3,262.04540584539814,78.04540584539816,0.0
425,7,304.04540584539814,126.04540584539816,0.0
425,25,48.04540584539816,281.04540584539814,0.0
425,4,327.04540584539814,135.04540584539816,0.0
425,13,456.04540584539814,186.04540584539816,0.0
425,15,452.04540584539814,97.04540584539816,0.0
425,2,217.0,221.0,0.13999999999999999
425,10,100.0,200.0,0.0
425,18,100.0,200.0,0.0
425,21,409.95459415460186,789.9545941546019,0.0
426,5,365.0,98.0,0.0
426,16,469.0,849.0,0.0
426,20,420.0,800.0,0.0
426,12,100.0,200.0,0.0
426,24,25.0,377.0,0.0
426,8,164.0,161.0,0.3200000000000001
426,17,194.0,176.0,0.2700000000000001
426,1,19.0,294.0,0.0
426,19,21.0,313.0,0.0
426,22,459.0,839.0,0.0
426,23,332.0,102.0,0.0
426,6,461.95459415460186,841.9545941546019,0.0
426,11,304.0,153.0,0.0
426,9,544.9545941546019,924.9545941546019,0.0
426,14,73.0,278.0,0.0
426,3,262.0,78.0,0.0
426,7,304.0,126.0,0.0
426,25,48.0,281.0,0.0
426,4,327.0,135.0,0.0
426,13,456.0,186.0,0.0
426,15,452.0,97.0,0.0
426,2,216.0,220.0,0.15
426,10,100.0,200.0,0.0
426,18,100.0,200.0,0.0
426,21,410.0,790.0,0.0
427,5,364.04540584539814,97.04540584539816,0.0
427,16,469.95459415460186,849.9545941546019,0.0
427,20,420.95459415460186,800.9545941546019,0.0
427,12,100.0,200.0,0.0
427,24,24.04540584539816,376.04540584539814,0.0
427,8,163.0,160.0,0.3200000000000001
427,17,193.0,175.0,0.2700000000000001
427,1,18.04540584539816,293.04540584539814,0.0
427,19,20.04540584539816,312.04540584539814,0.0
427,22,459.95459415460186,839.9545941546019,0.0
427,23,331.04540584539814,101.04540584539816,0.0
427,6,462.0,842.0,0.0
427,11,303.04540584539814,152.04540584539816,0.0
427,9,545.0,925.0,0.0
427,14,72.04540584539816,277.04540584539814,0.0
427,3,261.04540584539814,77.04540584539816,0.0
427,7,303.04540584539814,125.04540584539816,0.0
427,25,47.04540584539816,280.04540584539814,0.0
427,4,326.04540584539814,134.04540584539816,0.0
427,13,455.04540584539814,185.04540584539816,0.0
427,15,451.04540584539814,96.04540584539816,0.0
427,2,215.0,219.0,0.16
427,10,100.0,200.0,0.0
427,18,100.0,200.0,0.0
427,21,410.95459415460186,790.9545941546019,0.0
428,5,364.0,97.0,0.0
428,16,470.0,850.0,0.0
428,20,421.0,801.0,0.0
428,12,100.0,200.0,0.0
428,24,24.0,376.0,0.0
428,8,162.0,159.0,0.3200000000000001
428,17,192.0,174.0,0.2700000000000001
428,1,18.0,293.0,0.0
428,19,20.0,312.0,0.0
428,22,460.0,840.0,0.0
428,23,331.0,101.0,0.0
428,6,462.95459415460186,842.9545941546019,0.0
428,11,303.0,152.0,0.0
428,9,545.9545941546019,925.9545941546019,0.0
428,14,72.0,277.0,0.0
428,3,261.0,77.0,0.0
428,7,303.0,125.0,0.0
428,25,47.0,280.0,0.0
428,4,326.0,134.0,0.0
428,13,455.0,185.0,0.0
428,15,451.0,96.0,0.0
428,2,214.0,218.0,0.16
428,10,100.0,200.0,0.0
428,18,100.0,200.0,0.0
428,21,411.0,791.0,0.0
429,5,363.04540584539814,96.04540584539816,0.0
429,16,470.95459415460186,850.9545941546019,0.0
429,20,421.95459415460186,801.9545941546019,0.0
429,12,100.0,200.0,0.0
429,24,23.04540584539816,375.04540584539814,0.0
429,8,161.0,158.0,0.3200000000000001
429,17,191.0,173.0,0.2700000000000001
429,1,17.04540584539816,292.04540584539814,0.0
429,19,19.04540584539816,311.04540584539814,0.0
429,22,460.95459415460186,840.9545941546019,0.0
429,23,330.04540584539814,100.04540584539816,0.0
429,6,463.0,843.0,0.0
429,11,302.04540584539814,151.04540584539816,0.0
429,9,546.0,926.0,0.0
429,14,71.04540584539816,276.04540584539814,0.0
429,3,260.04540584539814,76.04540584539816,0.0
429,7,302.04540584539814,124.04540584539816,0.0
429,25,46.04540584539816,279.04540584539814,0.0
429,4,325.04540584539814,133.04540584539816,0.0
429,13,454.04540584539814,184.04540584539816,0.0
429,15,450.04540584539814,95.04540584539816,0.0
429,2,213.0,217.0,0.16
429,10,100.0,200.0,0.0
429,18,100.0,200.0,0.0
429,21,411.95459415460186,791.9545941546019,0.0
430,5,363.0,96.0,0.0
430,16,471.0,851.0,0.0
430,20,422.0,802.0,0.0
430,12,100.0,200.0,0.0
430,24,23.0,375.0,0.0
430,8,160.0,157.0,0.3200000000000001
430,17,190.0,172.0,0.2700000000000001
430,1,17.0,292.0,0.0
430,19,19.0,311.0,0.0
430,22,461.0,841.0,0.0
430,23,330.0,100.0,0.0
430,6,463.95459415460186,843.9545941546019,0.0
430,11,302.0,151.0,0.0
430,9,546.9545941546019,926.9545941546019,0.0
430,14,71.0,276.0,0.0
430,3,260.0,76.0,0.0
430,7,302.0,124.0,0.0
430,25,46.0,279.0,0.0
430,4,325.0,133.0,0.0
430,13,454.0,184.0,0.0
430,15,450.0,95.0,0.0
430,2,212.0,216.0,0.16
430,10,100.0,200.0,0.0
430,18,100.0,200.0,0.0
430,21,412.0,792.0,0.0
431,5,362.04540584539814,95.04540584539816,0.0
431,16,471.95459415460186,851.9545941546019,0.0
431,20,422.95459415460186,802.9545941546019,0.0
431,12,100.0,200.0,0.0
431,24,22.04540584539816,374.04540584539814,0.0
431,8,159.0,156.0,0.3200000000000001
431,17,189.0,171.0,0.2700000000000001
431,1,16.04540584539816,291.04540584539814,0.0
431,19,18.04540584539816,310.04540584539814,0.0
431,22,461.95459415460186,841.9545941546019,0.0
431,23,329.04540584539814,99.04540584539816,0.0
431,6,464.0,844.0,0.0
431,11,301.04540584539814,150.04540584539816,0.0
431,9,547.0,927.0,0.0
431,14,70.04540584539816,275.04540584539814,0.0
431,3,259.04540584539814,75.04540584539816,0.0
431,7,301.04540584539814,123.04540584539816,0.0
431,25,45.04540584539816,278.04540584539814,0.0
431,4,324.04540584539814,132.04540584539816,0.0
431,13,453.04540584539814,183.04540584539816,0.0
431,15,449.04540584539814,94.04540584539816,0.0
431,2,211.0,215.0,0.16
431,10,100.0,200.0,0.0
431,18,100.0,200.0,0.0
431,21,412.95459415460186,792.9545941546019,0.0
432,5,362.0,95.0,0.0
432,16,472.0,852.0,0.0
432,20,423.0,803.0,0.0
432,12,100.0,200.0,0.0
432,24,22.0,374.0,0.0
432,8,158.0,155.0,0.3200000000000001
432,17,188.0,170.0,0.2700000000000001
432,1,16.0,291.0,0.0
432,19,18.0,310.0,0.0
432,22,462.0,842.0,0.0
432,23,329.0,99.0,0.0
432,6,464.95459415460186,844.9545941546019,0.0
432,11,301.0,150.0,0.0
432,9,547.9545941546019,927.9545941546019,0.0
432,14,70.0,275.0,0.0
432,3,259.0,75.0,0.0
432,7,301.0,123.0,0.0
432,25,45.0,278.0,0.0
432,4,324.0,132.0,0.0
432,13,453.0,183.0,0.0
432,15,449.0,94.0,0.0
432,2,210.0,214.0,0.16
432,10,100.0,200.0,0.0
432,18,100.0,200.0,0.0
432,21,413.0,793.0,0.0
433,5,361.04540584539814,94.04540584539816,0.0
433,16,472.95459415460186,852.9545941546019,0.0
433,20,423.95459415460186,803.9545941546019,0.0
433,12,100.0,200.0,0.0
433,24,21.04540584539816,373.04540584539814,0.0
433,8,157.0,154.0,0.3200000000000001
433,17,187.0,169.0,0.2700000000000001
433,1,15.045405845398161,290.04540584539814,0.0
433,19,17.04540584539816,309.04540584539814,0.0
433,22,462.95459415460186,842.9545941546019,0.0
433,23,328.04540584539814,98.04540584539816,0.0
433,6,465.0,845.0,0.0
433,11,300.04540584539814,149.04540584539816,0.0
433,9,548.0,928.0,0.0
433,14,69.04540584539816,274.04540584539814,0.0
433,3,258.04540584539814,74.04540584539816,0.0
433,7,300.04540584539814,122.04540584539816,0.0
433,25,44.04540584539816,277.04540584539814,0.0
433,4,323.04540584539814,131.04540584539816,0.0
433,13,452.04540584539814,182.04540584539816,0.0
433,15,448.04540584539814,93.04540584539816,0.0
433,2,209.0,213.0,0.16
433,10,100.0,200.0,0.0
433,18,100.0,200.0,0.0
433,21,413.95459415460186,793.9545941546019,0.0
434,5,361.0,94.0,0.0
434,16,473.0,853.0,0.0
434,20,424.0,804.0,0.0
434,12,100.0,200.0,0.0
434,24,21.0,373.0,0.0
434,8,156.0,153.0,0.3200000000000001
434,17,186.0,168.0,0.2700000000000001
434,1,15.0,290.0,0.0
434,19,17.0,309.0,0.0
434,22,463.0,843.0,0.0
434,23,328.0,98.0,0.0
434,6,465.95459415460186,845.9545941546019,0.0
434,11,300.0,149.0,0.0
434,9,548.9545941546019,928.9545941546019,0.0
434,14,69.0,274.0,0.0
434,3,258.0,74.0,0.0
434,7,300.0,122.0,0.0
434,25,44.0,277.0,0.0
434,4,323.0,131.0,0.0
434,13,452.0,182.0,0.0
434,15,448.0,93.0,0.0
434,2,208.0,212.0,0.16
434,10,100.0,200.0,0.0
434,18,100.0,200.0,0.0
434,21,414.0,794.0,0.0
435,5,360.04540584539814,93.04540584539816,0.0
435,16,473.95459415460186,853.9545941546019,0.0
435,20,424.95459415460186,804.9545941546019,0.0
435,12,100.0,200.0,0.0
435,24,20.04540584539816,372.04540584539814,0.0
435,8,155.0,152.0,0.3200000000000001
435,17,185.0,167.0,0.2700000000000001
435,1,14.045405845398161,289.04540584539814,0.0
435,19,16.04540584539816,308.04540584539814,0.0
435,22,463.95459415460186,843.9545941546019,0.0
435,23,327.04540584539814,97.04540584539816,0.0
435,6,466.0,846.0,0.0
435,11,299.04540584539814,148.04540584539816,0.0
435,9,549.0,929.0,0.0
435,14,68.04540584539816,273.04540584539814,0.0
435,3,257.04540584539814,73.04540584539816,0.0
435,7,299.04540584539814,121.04540584539816,0.0
435,25,43.04540584539816,276.04540584539814,0.0
435,4,322.04540584539814,130.04540584539816,0.0
435,13,451.04540584539814,181.04540584539816,0.0
435,15,447.04540584539814,92.04540584539816,0.0
435,2,207.0,211.0,0.16
435,10,100.0,200.0,0.0
435,18,100.0,200.0,0.0
435,21,414.95459415460186,794.9545941546019,0.0
436,5,360.0,93.0,0.0
436,16,474.0,854.0,0.0
436,20,425.0,805.0,0.0
436,12,100.0,200.0,0.0
436,24,20.0,372.0,0.0
436,8,154.0,151.0,0.3200000000000001
436,17,184.0,166.0,0.2700000000000001
436,1,14.0,289.0,0.0
436,19,16.0,308.0,0.0
436,22,464.0,844.0,0.0
436,23,327.0,97.0,0.0
436,6,466.95459415460186,846.9545941546019,0.0
436,11,299.0,148.0,0.0
436,9,549.9545941546019,929.9545941546019,0.0
436,14,68.0,273.0,0.0
436,3,257.0,73.0,0.0
436,7,299.0,121.0,0.0
436,25,43.0,276.0,0.0
436,4,322.0,130.0,0.0
436,13,451.0,181.0,0.0
436,15,447.0,92.0,0.0
436,2,206.0,210.0,0.16
436,10,100.0,200.0,0.0
436,18,100.0,200.0,0.0
436,21,415.0,795.0,0.0
437,5,359.04540584539814,92.04540584539816,0.0
437,16,474.95459415460186,854.9545941546019,0.0
437,20,425.95459415460186,805.9545941546019,0.0
437,12,100.0,200.0,0.0
437,24,19.04540584539816,371.04540584539814,0.0
437,8,153.0,150.0,0.3200000000000001
437,17,183.0,165.0,0.2700000000000001
437,1,13.045405845398161,288.04540584539814,0.0
437,19,15.045405845398161,307.04540584539814,0.0
437,22,464.95459415460186,844.9545941546019,0.0
437,23,326.04540584539814,96.04540584539816,0.0
437,6,467.0,847.0,0.0
437,11,298.04540584539814,147.04540584539816,0.0
437,9,550.0,930.0,0.0
437,14,67.04540584539816,272.04540584539814,0.0
437,3,256.04540584539814,72.04540584539816,0.0
437,7,298.04540584539814,120.04540584539816,0.0
437,25,42.04540584539816,275.04540584539814,0.0
437,4,321.04540584539814,129.04540584539816,0.0
437,13,450.04540584539814,180.04540584539816,0.0
437,15,446.04540584539814,91.04540584539816,0.0
437,2,205.0,209.0,0.16
437,10,100.0,200.0,0.0
437,18,100.0,200.0,0.0
437,21,415.95459415460186,795.9545941546019,0.0
438,5,359.0,92.0,0.0
438,16,475.0,855.0,0.0
438,20,426.0,806.0,0.0
438,12,100.0,200.0,0.0
438,24,19.0,371.0,0.0
438,8,152.0,149.0,0.3200000000000001
438,17,182.0,164.0,0.2700000000000001
438,1,13.0,288.0,0.0
438,19,15.0,307.0,0.0
438,22,465.0,845.0,0.0
438,23,326.0,96.0,0.0
438,6,467.95459415460186,847.9545941546019,0.0
438,11,298.0,147.0,0.0
438,9,550.9545941546019,930.9545941546019,0.0
438,14,67.0,272.0,0.0
438,3,256.0,72.0,0.0
438,7,298.0,120.0,0.0
438,25,42.0,275.0,0.0
438,4,321.0,129.0,0.0
438,13,450.0,180.0,0.0
438,15,446.0,91.0,0.0
438,2,204.0,208.0,0.16
438,10,100.0,200.0,0.0
438,18,100.0,200.0,0.0
438,21,416.0,796.0,0.0
439,5,358.04540584539814,91.04540584539816,0.0
439,16,475.95459415460186,855.9545941546019,0.0
439,20,426.95459415460186,806.9545941546019,0.0
439,12,100.0,200.0,0.0
439,24,18.04540584539816,370.04540584539814,0.0
439,8,151.0,149.0,0.3200000000000001
439,17,181.0,163.0,0.2700000000000001
439,1,13.0,287.0,0.0
439,19,14.045405845398161,306.04540584539814,0.0
439,22,465.95459415460186,845.9545941546019,0.0
439,23,325.04540584539814,95.04540584539816,0.0
439,6,468.0,848.0,0.0
439,11,297.04540584539814,146.04540584539816,0.0
439,9,551.0,931.0,0.0
439,14,66.04540584539816,271.04540584539814,0.0
439,3,255.04540584539816,71.04540584539816,0.0
439,7,297.04540584539814,119.04540584539816,0.0
439,25,41.04540584539816,274.04540584539814,0.0
439,4,320.04540584539814,128.04540584539816,0.0
439,13,449.04540584539814,179.04540584539816,0.0
439,15,445.04540584539814,90.04540584539816,0.0
439,2,203.0,207.0,0.16
439,10,100.0,200.0,0.0
439,18,100.0,200.0,0.0
439,21,416.95459415460186,796.9545941546019,0.0
440,5,358.0,91.0,0.0
440,16,476.0,856.0,0.0
440,20,427.0,807.0,0.0
440,12,100.0,200.0,0.0
440,24,18.0,370.0,0.0
440,8,150.0,150.0,0.3200000000000001
440,17,180.0,162.0,0.2700000000000001
440,1,13.954594154601839,286.04540584539814,0.0
440,19,14.0,306.0,0.0
440,22,466.0,846.0,0.0
440,23,325.0,95.0,0.0
440,6,468.95459415460186,848.9545941546019,0.0
440,11,297.0,146.0,0.0
440,9,551.9545941546019,931.9545941546019,0.0
440,14,66.0,271.0,0.0
440,3,255.0,71.0,0.0
440,7,297.0,119.0,0.0
440,25,41.0,274.0,0.0
440,4,320.0,128.0,0.0
440,13,449.0,179.0,0.0
440,15,445.0,90.0,0.0
440,2,202.0,206.0,0.16
440,10,100.0,200.0,0.0
440,18,100.0,200.0,0.0
440,21,417.0,797.0,0.0
441,5,357.04540584539814,90.04540584539816,0.0
441,16,476.95459415460186,856.9545941546019,0.0
441,20,427.95459415460186,807.9545941546019,0.0
441,12,100.0,200.0,0.0
441,24,17.04540584539816,369.04540584539814,0.0
441,8,149.0,151.0,0.3200000000000001
441,17,179.0,161.0,0.2700000000000001
441,1,14.0,286.0,0.0
441,19,13.045405845398161,305.04540584539814,0.0
441,22,466.95459415460186,846.9545941546019,0.0
441,23,324.04540584539814,94.04540584539816,0.0
441,6,469.0,849.0,0.0
441,11,296.04540584539814,145.04540584539816,0.0
441,9,552.0,932.0,0.0
441,14,65.04540584539816,270.04540584539814,0.0
441,3,254.04540584539816,70.04540584539816,0.0
441,7,296.04540584539814,118.04540584539816,0.0
441,25,40.04540584539816,273.04540584539814,0.0
441,4,319.04540584539814,127.04540584539816,0.0
441,13,448.04540584539814,178.04540584539816,0.0
441,15,444.04540584539814,89.04540584539816,0.0
441,2,201.0,205.0,0.16
441,10,100.0,200.0,0.0
441,18,100.0,200.0,0.0
441,21,417.95459415460186,797.9545941546019,0.0
442,5,357.0,90.0,0.0
442,16,477.0,857.0,0.0
442,20,428.0,808.0,0.0
442,12,100.0,200.0,0.0
442,24,17.0,369.0,0.0
442,8,148.0,152.0,0.3200000000000001
442,17,178.0,160.0,0.2700000000000001
442,1,14.954594154601839,285.04540584539814,0.0
442,19,13.0,305.0,0.0
442,22,467.0,847.0,0.0
442,23,324.0,94.0,0.0
442,6,469.95459415460186,849.9545941546019,0.0
442,11,296.0,145.0,0.0
442,9,552.9545941546019,932.9545941546019,0.0
442,14,65.0,270.0,0.0
442,3,254.0,70.0,0.0
442,7,296.0,118.0,0.0
442,25,40.0,273.0,0.0
442,4,319.0,127.0,0.0
442,13,448.0,178.0,0.0
442,15,444.0,89.0,0.0
442,2,200.0,204.0,0.16
442,10,100.0,200.0,0.0
442,18,100.0,200.0,0.0
442,21,418.0,798.0,0.0
443,5,356.04540584539814,89.04540584539816,0.0
443,16,477.95459415460186,857.9545941546019,0.0
443,20,428.95459415460186,808.9545941546019,0.0
443,12,100.0,200.0,0.0
443,24,16.04540584539816,368.04540584539814,0.0
443,8,147.0,153.0,0.3200000000000001
443,17,177.0,159.0,0.2700000000000001
443,1,15.0,285.0,0.0
443,19,12.045405845398161,304.04540584539814,0.0
443,22,467.95459415460186,847.9545941546019,0.0
443,23,323.04540584539814,93.04540584539816,0.0
443,6,470.0,850.0,0.0
443,11,295.04540584539814,144.04540584539816,0.0
443,9,553.0,933.0,0.0
443,14,64.04540584539816,269.04540584539814,0.0
443,3,253.04540584539816,69.04540584539816,0.0
443,7,295.04540584539814,117.04540584539816,0.0
443,25,39.04540584539816,272.04540584539814,0.0
443,4,318.04540584539814,126.04540584539816,0.0
443,13,447.04540584539814,177.04540584539816,0.0
443,15,443.04540584539814,88.04540584539816,0.0
443,2,199.0,203.0,0.16
443,10,100.0,200.0,0.0
443,18,100.0,200.0,0.0
443,21,418.95459415460186,798.9545941546019,0.0
444,5,356.0,89.0,0.0
444,16,478.0,858.0,0.0
444,20,429.0,809.0,0.0
444,12,100.0,200.0,0.0
444,24,16.0,368.0,0.0
444,8,146.0,154.0,0.3200000000000001
444,17,176.0,158.0,0.2700000000000001
444,1,15.954594154601839,284.04540584539814,0.0
444,19,12.0,304.0,0.0
444,22,468.0,848.0,0.0
444,23,323.0,93.0,0.0
444,6,470.95459415460186,850.9545941546019,0.0
444,11,295.0,144.0,0.0
444,9,553.9545941546019,933.9545941546019,0.0
444,14,64.0,269.0,0.0
444,3,253.0,69.0,0.0
444,7,295.0,117.0,0.0
444,25,39.0,272.0,0.0
444,4,318.0,126.0,0.0
444,13,447.0,177.0,0.0
444,15,443.0,88.0,0.0
444,2,198.0,202.0,0.16
444,10,100.0,200.0,0.0
444,18,100.0,200.0,0.0
444,21,419.0,799.0,0.0
445,5,355.04540584539814,88.04540584539816,0.0
445,16,478.95459415460186,858.9545941546019,0.0
445,20,429.95459415460186,809.9545941546019,0.0
445,12,100.0,200.0,0.0
445,24,15.045405845398161,367.04540584539814,0.0
445,8,145.0,155.0,0.3200000000000001
445,17,175.0,157.0,0.2700000000000001
445,1,16.0,284.0,0.0
445,19,11.045405845398161,303.04540584539814,0.0
445,22,468.95459415460186,848.9545941546019,0.0
445,23,322.04540584539814,92.04540584539816,0.0
445,6,471.0,851.0,0.0
445,11,294.04540584539814,143.04540584539816,0.0
445,9,554.0,934.0,0.0
445,14,63.04540584539816,268.04540584539814,0.0
445,3,252.04540584539816,68.04540584539816,0.0
445,7,294.04540584539814,116.04540584539816,0.0
445,25,38.04540584539816,271.04540584539814,0.0
445,4,317.04540584539814,125.04540584539816,0.0
445,13,446.04540584539814,176.04540584539816,0.0
445,15,442.04540584539814,87.04540584539816,0.0
445,2,197.0,201.0,0.16
445,10,100.0,200.0,0.0
445,18,100.0,200.0,0.0
445,21,419.95459415460186,799.9545941546019,0.0
446,5,355.0,88.0,0.0
446,16,479.0,859.0,0.0
446,20,430.0,810.0,0.0
446,12,100.0,200.0,0.0
446,24,15.0,367.0,0.0
446,8,144.0,156.0,0.3200000000000001
446,17,174.0,156.0,0.2700000000000001
446,1,16.95459415460184,283.04540584539814,0.0
446,19,11.0,303.0,0.0
446,22,469.0,849.0,0.0
446,23,322.0,92.0,0.0
446,6,471.95459415460186,851.9545941546019,0.0
446,11,294.0,143.0,0.0
446,9,554.9545941546019,934.9545941546019,0.0
446,14,63.0,268.0,0.0
446,3,252.0,68.0,0.0
446,7,294.0,116.0,0.0
446,25,38.0,271.0,0.0
446,4,317.0,125.0,0.0
446,13,446.0,176.0,0.0
446,15,442.0,87.0,0.0
446,2,196.0,200.0,0.16
446,10,100.0,200.0,0.0
446,18,100.0,200.0,0.0
446,21,420.0,800.0,0.0
447,5,354.04540584539814,87.04540584539816,0.0
447,16,479.95459415460186,859.9545941546019,0.0
447,20,430.95459415460186,810.9545941546019,0.0
447,12,100.0,200.0,0.0
447,24,14.045405845398161,366.04540584539814,0.0
447,8,143.0,157.0,0.3200000000000001
447,17,173.0,155.0,0.2700000000000001
447,1,17.0,283.0,0.0
447,19,10.045405845398161,302.04540584539814,0.0
447,22,469.95459415460186,849.9545941546019,0.0
447,23,321.04540584539814,91.04540584539816,0.0
447,6,472.0,852.0,0.0
447,11,293.04540584539814,142.04540584539816,0.0
447,9,555.0,935.0,0.0
447,14,62.04540584539816,267.04540584539814,0.0
447,3,251.04540584539816,67.04540584539816,0.0
447,7,293.04540584539814,115.04540584539816,0.0
447,25,37.04540584539816,270.04540584539814,0.0
447,4,316.04540584539814,124.04540584539816,0.0
447,13,445.04540584539814,175.04540584539816,0.0
447,15,441.04540584539814,86.04540584539816,0.0
447,2,195.0,199.0,0.16
447,10,100.0,200.0,0.0
447,18,100.0,200.0,0.0
447,21,420.95459415460186,800.9545941546019,0.0
448,5,354.0,87.0,0.0
448,16,480.0,860.0,0.0
448,20,431.0,811.0,0.0
448,12,100.0,200.0,0.0
448,24,14.0,366.0,0.0
448,8,142.0,158.0,0.3200000000000001
448,17,172.0,154.0,0.2700000000000001
448,1,17.95459415460184,282.04540584539814,0.0
448,19,10.0,302.0,0.0
448,22,470.0,850.0,0.0
448,23,321.0,91.0,0.0
448,6,472.95459415460186,852.9545941546019,0.0
448,11,293.0,142.0,0.0
448,9,555.9545941546019,935.9545941546019,0.0
448,14,62.0,267.0,0.0
448,3,251.0,67.0,0.0
448,7,293.0,115.0,0.0
448,25,37.0,270.0,0.0
448,4,316.0,124.0,0.0
448,13,445.0,175.0,0.0
448,15,441.0,86.0,0.0
448,2,194.0,198.0,0.16
448,10,100.0,200.0,0.0
448,18,100.0,200.0,0.0
448,21,421.0,801.0,0.0
449,5,353.04540584539814,86.04540584539816,0.0
449,16,480.95459415460186,860.9545941546019,0.0
449,20,431.95459415460186,811.9545941546019,0.0
449,12,100.0,200.0,0.0
449,24,13.045405845398161,365.04540584539814,0.0
449,8,141.0,159.0,0.3200000000000001
449,17,171.0,153.0,0.2700000000000001
449,1,18.0,282.0,0.0
449,19,9.045405845398161,301.04540584539814,0.0
449,22,470.95459415460186,850.9545941546019,0.0
449,23,320.04540584539814,90.04540584539816,0.0
449,6,473.0,853.0,0.0
449,11,292.04540584539814,141.04540584539816,0.0
449,9,556.0,936.0,0.0
449,14,61.04540584539816,266.04540584539814,0.0
449,3,250.04540584539816,66.04540584539816,0.0
449,7,292.04540584539814,114.04540584539816,0.0
449,25,36.04540584539816,269.04540584539814,0.0
449,4,315.04540584539814,123.04540584539816,0.0
449,13,444.04540584539814,174.04540584539816,0.0
449,15,440.04540584539814,85.04540584539816,0.0
449,2,193.0,197.0,0.16
449,10,100.0,200.0,0.0
449,18,100.0,200.0,0.0
449,21,421.95459415460186,801.9545941546019,0.0
450,5,353.0,86.0,0.0
450,16,481.0,861.0,0.0
450,20,432.0,812.0,0.0
450,12,100.0,200.0,0.0
450,24,13.0,365.0,0.0
450,8,140.0,160.0,0.3200000000000001
450,17,170.0,152.0,0.2700000000000001
450,1,18.95459415460184,281.04540584539814,0.0
450,19,9.0,301.0,0.0
450,22,471.0,851.0,0.0
450,23,320.0,90.0,0.0
450,6,473.95459415460186,853.9545941546019,0.0
450,11,292.0,141.0,0.0
450,9,556.9545941546019,936.9545941546019,0.0
450,14,61.0,266.0,0.0
450,3,250.0,66.0,0.0
450,7,292.0,114.0,0.0
450,25,36.0,269.0,0.0
450,4,315.0,123.0,0.0
450,13,444.0,174.0,0.0
450,15,440.0,85.0,0.0
450,2,192.0,196.0,0.16
450,10,100.0,200.0,0.0
450,18,100.0,200.0,0.0
450,21,422.0,802.0,0.0
451,5,352.04540584539814,85.04540584539816,0.0
451,16,481.95459415460186,861.9545941546019,0.0
451,20,432.95459415460186,812.9545941546019,0.0
451,12,100.0,200.0,0.0
451,24,12.045405845398161,364.04540584539814,0.0
451,8,139.0,161.0,0.3200000000000001
451,17,169.0,151.0,0.2700000000000001
451,1,19.0,281.0,0.0
451,19,8.045405845398161,300.04540584539814,0.0
451,22,471.95459415460186,851.9545941546019,0.0
451,23,319.04540584539814,89.04540584539816,0.0
451,6,474.0,854.0,0.0
451,11,291.04540584539814,140.04540584539816,0.0
451,9,557.0,937.0,0.0
451,14,60.04540584539816,265.04540584539814,0.0
451,3,249.04540584539816,65.04540584539816,0.0
451,7,291.04540584539814,113.04540584539816,0.0
451,25,35.04540584539816,268.04540584539814,0.0
451,4,314.04540584539814,122.04540584539816,0.0
451,13,443.04540584539814,173.04540584539816,0.0
451,15,439.04540584539814,84.04540584539816,0.0
451,2,191.0,195.0,0.16
451,10,100.0,200.0,0.0
451,18,100.0,200.0,0.0
451,21,422.95459415460186,802.9545941546019,0.0
452,5,352.0,85.0,0.0
452,16,482.0,862.0,0.0
452,20,433.0,813.0,0.0
452,12,100.0,200.0,0.0
452,24,12.0,364.0,0.0
452,8,138.0,162.0,0.3200000000000001
452,17,168.0,150.0,0.2700000000000001
452,1,19.95459415460184,280.04540584539814,0.0
452,19,8.0,300.0,0.0
452,22,472.0,852.0,0.0
452,23,319.0,89.0,0.0
452,6,474.95459415460186,854.9545941546019,0.0
452,11,291.0,140.0,0.0
452,9,557.9545941546019,937.9545941546019,0.0
452,14,60.0,265.0,0.0
452,3,249.0,65.0,0.0
452,7,291.0,113.0,0.0
452,25,35.0,268.0,0.0
452,4,314.0,122.0,0.0
452,13,443.0,173.0,0.0
452,15,439.0,84.0,0.0
452,2,190.0,194.0,0.16
452,10,100.0,200.0,0.0
452,18,100.0,200.0,0.0
452,21,423.0,803.0,0.0
453,5,351.04540584539814,84.04540584539816,0.0
453,16,482.95459415460186,862.9545941546019,0.0
453,20,433.95459415460186,813.9545941546019,0.0
453,12,100.0,200.0,0.0
453,24,11.045405845398161,363.04540584539814,0.0
453,8,137.0,163.0,0.3200000000000001
453,17,167.0,149.0,0.2700000000000001
453,1,20.0,280.0,0.0
453,19,7.045405845398161,299.04540584539814,0.0
453,22,472.95459415460186,852.9545941546019,0.0
453,23,318.04540584539814,88.04540584539816,0.0
453,6,475.0,855.0,0.0
453,11,290.04540584539814,139.04540584539816,0.0
453,9,558.0,938.0,0.0
453,14,59.04540584539816,264.04540584539814,0.0
453,3,248.04540584539816,64.04540584539816,0.0
453,7,290.04540584539814,112.04540584539816,0.0
453,25,34.04540584539816,267.04540584539814,0.0
453,4,313.04540584539814,121.04540584539816,0.0
453,13,442.04540584539814,172.04540584539816,0.0
453,15,438.04540584539814,83.04540584539816,0.0
453,2,189.0,193.0,0.16
453,10,100.0,200.0,0.0
453,18,100.0,200.0,0.0
453,21,423.95459415460186,803.9545941546019,0.0
454,5,351.0,84.0,0.0
454,16,483.0,863.0,0.0
454,20,434.0,814.0,0.0
454,12,100.0,200.0,0.0
454,24,11.0,363.0,0.0
454,8,136.0,164.0,0.3200000000000001
454,17,166.0,148.0,0.2700000000000001
454,1,20.95459415460184,279.04540584539814,0.0
454,19,7.0,299.0,0.0
454,22,473.0,853.0,0.0
454,23,318.0,88.0,0.0
454,6,475.95459415460186,855.9545941546019,0.0
454,11,290.0,139.0,0.0
454,9,558.9545941546019,938.9545941546019,0.0
454,14,59.0,264.0,0.0
454,3,248.0,64.0,0.0
454,7,290.0,112.0,0.0
454,25,34.0,267.0,0.0
454,4,313.0,121.0,0.0
454,13,442.0,172.0,0.0
454,15,438.0,83.0,0.0
454,2,188.0,192.0,0.16
454,10,100.0,200.0,0.0
454,18,100.0,200.0,0.0
454,21,424.0,804.0,0.0
455,5,350.04540584539814,83.04540584539816,0.0
455,16,483.95459415460186,863.9545941546019,0.0
455,20,434.95459415460186,814.9545941546019,0.0
455,12,100.0,200.0,0.0
455,24,10.045405845398161,362.04540584539814,0.0
455,8,135.0,165.0,0.3200000000000001
455,17,165.0,147.0,0.2700000000000001
455,1,21.0,279.0,0.0
455,19,6.045405845398161,298.04540584539814,0.0
455,22,473.95459415460186,853.9545941546019,0.0
455,23,317.04540584539814,87.04540584539816,0.0
455,6,476.0,856.0,0.0
455,11,289.04540584539814,138.04540584539816,0.0
455,9,559.0,939.0,0.0
455,14,58.04540584539816,263.04540584539814,0.0
455,3,247.04540584539816,63.04540584539816,0.0
455,7,289.04540584539814,111.04540584539816,0.0
455,25,34.0,266.0,0.0
455,4,312.04540584539814,120.04540584539816,0.0
455,13,441.04540584539814,171.04540584539816,0.0
455,15,437.04540584539814,82.04540584539816,0.0
455,2,187.0,191.0,0.16
455,10,100.0,200.0,0.0
455,18,100.0,200.0,0.0
455,21,424.95459415460186,804.9545941546019,0.0
456,5,350.0,83.0,0.0
456,16,484.0,864.0,0.0
456,20,435.0,815.0,0.0
456,12,100.0,200.0,0.0
456,24,10.0,362.0,0.0
456,8,134.0,166.0,0.3200000000000001
456,17,164.0,146.0,0.2700000000000001
456,1,21.95459415460184,278.04540584539814,0.0
456,19,6.0,298.0,0.0
456,22,474.0,854.0,0.0
456,23,317.0,87.0,0.0
456,6,476.95459415460186,856.9545941546019,0.0
456,11,289.0,138.0,0.0
456,9,559.9545941546019,939.9545941546019,0.0
456,14,58.0,263.0,0.0
456,3,247.0,63.0,0.0
456,7,289.0,111.0,0.0
456,25,34.95459415460184,265.04540584539814,0.0
456,4,312.0,120.0,0.0
456,13,441.0,171.0,0.0
456,15,437.0,82.0,0.0
456,2,186.0,190.0,0.16
456,10,100.0,200.0,0.0
456,18,100.0,200.0,0.0
456,21,425.0,805.0,0.0
457,5,349.04540584539814,82.04540584539816,0.0
457,16,484.95459415460186,864.9545941546019,0.0
457,20,435.95459415460186,815.9545941546019,0.0
457,12,100.0,200.0,0.0
457,24,9.045405845398161,361.04540584539814,0.0
457,8,133.0,167.0,0.3200000000000001
457,17,163.0,145.0,0.2700000000000001
457,1,22.0,278.0,0.0
457,19,5.045405845398161,297.04540584539814,0.0
457,22,474.95459415460186,854.9545941546019,0.0
457,23,316.04540584539814,86.04540584539816,0.0
457,6,477.0,857.0,0.0
457,11,288.04540584539814,137.04540584539816,0.0
457,9,560.0,940.0,0.0
457,14,57.04540584539816,262.04540584539814,0.0
457,3,246.04540584539816,62.04540584539816,0.0
457,7,288.04540584539814,110.04540584539816,0.0
457,25,35.0,265.0,0.0
457,4,311.04540584539814,119.04540584539816,0.0
457,13,440.04540584539814,170.04540584539816,0.0
457,15,436.04540584539814,81.04540584539816,0.0
457,2,185.0,189.0,0.16
457,10,100.0,200.0,0.0
457,18,100.0,200.0,0.0
457,21,425.95459415460186,805.9545941546019,0.0
458,5,349.0,82.0,0.0
458,16,485.0,865.0,0.0
458,20,436.0,816.0,0.0
458,12,100.0,200.0,0.0
458,24,9.0,361.0,0.0
458,8,132.0,168.0,0.3200000000000001
458,17,162.0,144.0,0.2700000000000001
458,1,22.95459415460184,277.04540584539814,0.0
458,19,5.0,297.0,0.0
458,22,475.0,855.0,0.0
458,23,316.0,86.0,0.0
458,6,477.95459415460186,857.9545941546019,0.0
458,11,288.0,137.0,0.0
458,9,560.9545941546019,940.9545941546019,0.0
458,14,57.0,262.0,0.0
458,3,246.0,62.0,0.0
458,7,288.0,110.0,0.0
458,25,35.95459415460184,264.04540584539814,0.0
458,4,311.0,119.0,0.0
458,13,440.0,170.0,0.0
458,15,436.0,81.0,0.0
458,2,184.0,188.0,0.16
458,10,100.0,200.0,0.0
458,18,100.0,200.0,0.0
458,21,426.0,806.0,0.0
459,5,348.04540584539814,81.04540584539816,0.0
459,16,485.95459415460186,865.9545941546019,0.0
459,20,436.95459415460186,816.9545941546019,0.0
459,12,100.0,200.0,0.0
459,24,8.045405845398161,360.04540584539814,0.0
459,8,131.0,169.0,0.3200000000000001
459,17,161.0,143.0,0.2700000000000001
459,1,23.0,277.0,0.0
459,19,4.045405845398161,296.04540584539814,0.0
459,22,475.95459415460186,855.9545941546019,0.0
459,23,315.04540584539814,85.04540584539816,0.0
459,6,478.0,858.0,0.0
459,11,287.04540584539814,136.04540584539816,0.0
459,9,561.0,941.0,0.0
459,14,56.04540584539816,261.04540584539814,0.0
459,3,245.04540584539816,61.04540584539816,0.0
459,7,287.04540584539814,109.04540584539816,0.0
459,25,36.0,264.0,0.0
459,4,310.04540584539814,118.04540584539816,0.0
459,13,439.04540584539814,169.04540584539816,0.0
459,15,435.04540584539814,80.04540584539816,0.0
459,2,183.0,187.0,0.16
459,10,100.0,200.0,0.0
459,18,100.0,200.0,0.0
459,21,426.95459415460186,806.9545941546019,0.0
460,5,348.0,81.0,0.0
460,16,486.0,866.0,0.0
460,20,437.0,817.0,0.0
460,12,100.0,200.0,0.0
460,24,8.0,360.0,0.0
460,8,130.0,170.0,0.3200000000000001
460,17,160.0,142.0,0.2700000000000001
460,1,23.95459415460184,276.04540584539814,0.0
460,19,4.0,296.0,0.0
460,22,476.0,856.0,0.0
460,23,315.0,85.0,0.0
460,6,478.95459415460186,858.9545941546019,0.0
460,11,287.0,136.0,0.0
460,9,561.9545941546019,941.9545941546019,0.0
460,14,56.0,261.0,0.0
460,3,245.0,61.0,0.0
460,7,287.0,109.0,0.0
460,25,36.95459415460184,263.04540584539814,0.0
460,4,310.0,118.0,0.0
460,13,439.0,169.0,0.0
460,15,435.0,80.0,0.0
460,2,182.0,186.0,0.16
460,10,100.0,200.0,0.0
460,18,100.0,200.0,0.0
460,21,427.0,807.0,0.0
461,5,347.04540584539814,80.04540584539816,0.0
461,16,486.95459415460186,866.9545941546019,0.0
461,20,437.95459415460186,817.9545941546019,0.0
461,12,100.0,200.0,0.0
461,24,7.045405845398161,359.04540584539814,0.0
461,8,129.0,171.0,0.3200000000000001
461,17,159.0,141.0,0.2700000000000001
461,1,24.0,276.0,0.0
461,19,4.954594154601839,295.04540584539814,0.0
461,22,476.95459415460186,856.9545941546019,0.0
461,23,314.04540584539814,84.04540584539816,0.0
461,6,479.0,859.0,0.0
461,11,286.04540584539814,135.04540584539816,0.0
461,9,562.0,942.0,0.0
461,14,55.04540584539816,260.04540584539814,0.0
461,3,244.04540584539816,60.04540584539816,0.0
461,7,286.04540584539814,108.04540584539816,0.0
461,25,37.0,263.0,0.0
461,4,309.04540584539814,117.04540584539816,0.0
461,13,438.04540584539814,168.04540584539816,0.0
461,15,434.04540584539814,79.04540584539816,0.0
461,2,181.0,185.0,0.16
461,10,100.0,200.0,0.0
461,18,100.0,200.0,0.0
461,21,427.95459415460186,807.9545941546019,0.0
462,5,347.0,80.0,0.0
462,16,487.0,867.0,0.0
462,20,438.0,818.0,0.0
462,12,100.0,200.0,0.0
462,24,7.0,359.0,0.0
462,8,128.0,172.0,0.3200000000000001
462,17,158.0,142.0,0.2700000000000001
462,1,24.95459415460184,275.04540584539814,0.0
462,19,5.0,295.0,0.0
462,22,477.0,857.0,0.0
462,23,314.0,84.0,0.0
462,6,479.95459415460186,859.9545941546019,0.0
462,11,286.0,135.0,0.0
462,9,562.9545941546019,942.9545941546019,0.0
462,14,55.0,260.0,0.0
462,3,244.0,60.0,0.0
462,7,286.0,108.0,0.0
462,25,37.95459415460184,262.04540584539814,0.0
462,4,309.0,117.0,0.0
462,13,438.0,168.0,0.0
462,15,434.0,79.0,0.0
462,2,180.0,184.0,0.16
462,10,100.0,200.0,0.0
462,18,100.0,200.0,0.0
462,21,428.0,808.0,0.0
463,5,346.04540584539814,79.04540584539816,0.0
463,16,487.95459415460186,867.9545941546019,0.0
463,20,438.95459415460186,818.9545941546019,0.0
463,12,100.0,200.0,0.0
463,24,6.045405845398161,358.04540584539814,0.0
463,8,127.0,173.0,0.3200000000000001
463,17,157.0,143.0,0.2700000000000001
463,1,25.0,275.0,0.0
463,19,5.954594154601839,294.04540584539814,0.0
463,22,477.95459415460186,857.9545941546019,0.0
463,23,313.04540584539814,83.04540584539816,0.0
463,6,480.0,860.0,0.0
463,11,285.04540584539814,134.04540584539816,0.0
463,9,563.0,943.0,0.0
463,14,54.04540584539816,259.04540584539814,0.0
463,3,243.04540584539816,59.04540584539816,0.0
463,7,285.04540584539814,107.04540584539816,0.0
463,25,38.0,262.0,0.0
463,4,308.04540584539814,116.04540584539816,0.0
463,13,437.04540584539814,167.04540584539816,0.0
463,15,433.04540584539814,78.04540584539816,0.0
463,2,179.0,183.0,0.16
463,10,100.0,200.0,0.0
463,18,100.0,200.0,0.0
463,21,428.95459415460186,808.9545941546019,0.0
464,5,346.0,79.0,0.0
464,16,488.0,868.0,0.0
464,20,439.0,819.0,0.0
464,12,100.0,200.0,0.0
464,24,6.0,358.0,0.0
464,8,126.0,174.0,0.3200000000000001
464,17,156.0,144.0,0.2700000000000001
464,1,25.95459415460184,274.04540584539814,0.0
464,19,6.0,294.0,0.0
464,22,478.0,858.0,0.0
464,23,313.0,83.0,0.0
464,6,480.95459415460186,860.9545941546019,0.0
464,11,285.0,134.0,0.0
464,9,563.9545941546019,943.9545941546019,0.0
464,14,54.0,259.0,0.0
464,3,243.0,59.0,0.0
464,7,285.0,107.0,0.0
464,25,38.95459415460184,261.04540584539814,0.0
464,4,308.0,116.0,0.0
464,13,437.0,167.0,0.0
464,15,433.0,78.0,0.0
464,2,178.0,182.0,0.16
464,10,100.0,200.0,0.0
464,18,100.0,200.0,0.0
464,21,429.0,809.0,0.0
465,5,345.04540584539814,78.04540584539816,0.0
465,16,488.95459415460186,868.9545941546019,0.0
465,20,439.95459415460186,819.9545941546019,0.0
465,12,100.0,200.0,0.0
465,24,5.045405845398161,357.04540584539814,0.0
465,8,125.0,175.0,0.3200000000000001
465,17,155.0,145.0,0.2700000000000001
465,1,26.0,274.0,0.0
465,19,6.954594154601839,293.04540584539814,0.0
465,22,478.95459415460186,858.9545941546019,0.0
465,23,312.04540584539814,82.04540584539816,0.0
465,6,481.0,861.0,0.0
465,11,284.04540584539814,133.04540584539816,0.0
465,9,564.0,944.0,0.0
465,14,53.04540584539816,258.04540584539814,0.0
465,3,242.04540584539816,58.04540584539816,0.0
465,7,284.04540584539814,106.04540584539816,0.0
465,25,39.0,261.0,0.0
465,4,307.04540584539814,115.04540584539816,0.0
465,13,436.04540584539814,166.04540584539816,0.0
465,15,432.04540584539814,77.04540584539816,0.0
465,2,177.0,181.0,0.16
465,10,100.0,200.0,0.0
465,18,100.0,200.0,0.0
465,21,429.95459415460186,809.9545941546019,0.0
466,5,345.0,78.0,0.0
466,16,489.0,869.0,0.0
466,20,440.0,820.0,0.0
466,12,100.0,200.0,0.0
466,24,5.0,357.0,0.0
466,8,124.0,176.0,0.3200000000000001
466,17,154.0,146.0,0.2700000000000001
466,1,26.95459415460184,273.04540584539814,0.0
466,19,7.0,293.0,0.0
466,22,479.0,859.0,0.0
466,23,312.0,82.0,0.0
466,6,481.95459415460186,861.9545941546019,0.0
466,11,284.0,133.0,0.0
466,9,564.9545941546019,944.9545941546019,0.0
466,14,53.0,258.0,0.0
466,3,242.0,58.0,0.0
466,7,284.0,106.0,0.0
466,25,39.95459415460184,260.04540584539814,0.0
466,4,307.0,115.0,0.0
466,13,436.0,166.0,0.0
466,15,432.0,77.0,0.0
466,2,176.0,180.0,0.16
466,10,100.0,200.0,0.0
466,18,100.0,200.0,0.0
466,21,430.0,810.0,0.0
467,5,344.04540584539814,77.04540584539816,0.0
467,16,489.95459415460186,869.9545941546019,0.0
467,20,440.95459415460186,820.9545941546019,0.0
467,12,100.0,200.0,0.0
467,24,4.045405845398161,356.04540584539814,0.0
467,8,123.0,177.0,0.3200000000000001
467,17,153.0,147.0,0.2700000000000001
467,1,27.0,273.0,0.0
467,19,7.954594154601839,292.04540584539814,0.0
467,22,479.95459415460186,859.9545941546019,0.0
467,23,311.04540584539814,81.04540584539816,0.0
467,6,482.0,862.0,0.0
467,11,283.04540584539814,132.04540584539816,0.0
467,9,565.0,945.0,0.0
467,14,52.04540584539816,257.04540584539814,0.0
467,3,241.04540584539816,58.95459415460184,0.0
467,7,283.04540584539814,105.04540584539816,0.0
467,25,40.0,260.0,0.0
467,4,306.04540584539814,114.04540584539816,0.0
467,13,435.04540584539814,165.04540584539816,0.0
467,15,431.04540584539814,76.04540584539816,0.0
467,2,175.0,179.0,0.16
467,10,100.0,200.0,0.0
467,18,100.0,200.0,0.0
467,21,430.95459415460186,810.9545941546019,0.0
468,5,344.0,77.0,0.0
468,16,490.0,870.0,0.0
468,20,441.0,821.0,0.0
468,12,100.0,200.0,0.0
468,24,4.0,356.0,0.0
468,8,122.0,178.0,0.3200000000000001
468,17,152.0,148.0,0.2700000000000001
468,1,27.95459415460184,272.04540584539814,0.0
468,19,8.0,292.0,0.0
468,22,480.0,860.0,0.0
468,23,311.0,81.0,0.0
468,6,482.95459415460186,862.9545941546019,0.0
468,11,283.0,132.0,0.0
468,9,565.9545941546019,945.9545941546019,0.0
468,14,52.0,257.0,0.0
468,3,241.0,59.0,0.0
468,7,283.0,105.0,0.0
468,25,40.95459415460184,259.04540584539814,0.0
468,4,306.0,114.0,0.0
468,13,435.0,165.0,0.0
468,15,431.0,76.0,0.0
468,2,174.0,178.0,0.16
468,10,100.0,200.0,0.0
468,18,100.0,200.0,0.0
468,21,431.0,811.0,0.0
469,5,343.04540584539814,76.04540584539816,0.0
469,16,490.95459415460186,870.9545941546019,0.0
469,20,441.95459415460186,821.9545941546019,0.0
469,12,100.0,200.0,0.0
469,24,3.045405845398161,355.04540584539814,0.0
469,8,121.0,179.0,0.3200000000000001
469,17,151.0,149.0,0.2700000000000001
469,1,28.0,272.0,0.0
469,19,8.954594154601839,291.04540584539814,0.0
469,22,480.95459415460186,860.9545941546019,0.0
469,23,310.04540584539814,80.04540584539816,0.0
469,6,483.0,863.0,0.0
469,11,282.04540584539814,131.04540584539816,0.0
469,9,566.0,946.0,0.0
469,14,51.04540584539816,256.04540584539814,0.0
469,3,240.04540584539816,59.95459415460184,0.0
469,7,282.04540584539814,104.04540584539816,0.0
469,25,41.0,259.0,0.0
469,4,305.04540584539814,113.04540584539816,0.0
469,13,434.04540584539814,164.04540584539816,0.0
469,15,430.04540584539814,75.04540584539816,0.0
469,2,173.0,177.0,0.16
469,10,100.0,200.0,0.0
469,18,100.0,200.0,0.0
469,21,431.95459415460186,811.9545941546019,0.0
470,5,343.0,76.0,0.0
470,16,491.0,871.0,0.0
470,20,442.0,822.0,0.0
470,12,100.0,200.0,0.0
470,24,3.0,355.0,0.0
470,8,120.0,180.0,0.3200000000000001
470,17,150.0,150.0,0.2700000000000001
470,1,28.95459415460184,271.04540584539814,0.0
470,19,9.0,291.0,0.0
470,22,481.0,861.0,0.0
470,23,310.0,80.0,0.0
470,6,483.95459415460186,863.9545941546019,0.0
470,11,282.0,131.0,0.0
470,9,566.9545941546019,946.9545941546019,0.0
470,14,51.0,256.0,0.0
470,3,240.0,60.0,0.0
470,7,282.0,104.0,0.0
470,25,41.95459415460184,258.04540584539814,0.0
470,4,305.0,113.0,0.0
470,13,434.0,164.0,0.0
470,15,430.0,75.0,0.0
470,2,172.0,176.0,0.16
470,10,100.0,200.0,0.0
470,18,100.0,200.0,0.0
470,21,432.0,812.0,0.0
471,5,342.04540584539814,75.04540584539816,0.0
471,16,491.95459415460186,871.9545941546019,0.0
471,20,442.95459415460186,822.9545941546019,0.0
471,12,100.0,200.0,0.0
471,24,2.045405845398161,354.04540584539814,0.0
471,8,119.0,181.0,0.3200000000000001
471,17,149.0,151.0,0.2700000000000001
471,1,29.0,271.0,0.0
471,19,9.954594154601839,290.04540584539814,0.0
471,22,481.95459415460186,861.9545941546019,0.0
471,23,309.04540584539814,79.04540584539816,0.0
471,6,484.0,864.0,0.0
471,11,281.04540584539814,130.04540584539816,0.0
471,9,567.0,947.0,0.0
471,14,50.04540584539816,255.04540584539816,0.0
471,3,239.04540584539816,60.95459415460184,0.0
471,7,281.04540584539814,103.04540584539816,0.0
471,25,42.0,258.0,0.0
471,4,304.04540584539814,112.04540584539816,0.0
471,13,433.04540584539814,163.04540584539816,0.0
471,15,429.04540584539814,74.04540584539816,0.0
471,2,171.0,175.0,0.16
471,10,100.0,200.0,0.0
471,18,100.0,200.0,0.0
471,21,432.95459415460186,812.9545941546019,0.0
472,5,342.0,75.0,0.0
472,16,492.0,872.0,0.0
472,20,443.0,823.0,0.0
472,12,100.0,200.0,0.0
472,24,2.0,354.0,0.0
472,8,118.0,182.0,0.3200000000000001
472,17,148.0,152.0,0.2700000000000001
472,1,29.95459415460184,270.04540584539814,0.0
472,19,10.0,290.0,0.0
472,22,482.0,862.0,0.0
472,23,309.0,79.0,0.0
472,6,484.95459415460186,864.9545941546019,0.0
472,11,281.0,130.0,0.0
472,9,567.9545941546019,947.9545941546019,0.0
472,14,50.0,255.0,0.0
472,3,239.0,61.0,0.0
472,7,281.0,103.0,0.0
472,25,42.95459415460184,257.04540584539814,0.0
472,4,304.0,112.0,0.0
472,13,433.0,163.0,0.0
472,15,429.0,74.0,0.0
472,2,170.0,174.0,0.16
472,10,100.0,200.0,0.0
472,18,100.0,200.0,0.0
472,21,433.0,813.0,0.0
473,5,341.04540584539814,74.04540584539816,0.0
473,16,492.95459415460186,872.9545941546019,0.0
473,20,443.95459415460186,823.9545941546019,0.0
473,12,100.0,200.0,0.0
473,24,1.045405845398161,353.04540584539814,0.0
473,8,117.0,183.0,0.3200000000000001
473,17,147.0,153.0,0.2700000000000001
473,1,30.0,270.0,0.0
473,19,10.954594154601839,289.04540584539814,0.0
473,22,482.95459415460186,862.9545941546019,0.0
473,23,308.04540584539814,78.04540584539816,0.0
473,6,485.0,865.0,0.0
473,11,280.04540584539814,129.04540584539816,0.0
473,9,568.0,948.0,0.0
473,14,49.04540584539816,254.04540584539816,0.0
473,3,238.04540584539816,61.95459415460184,0.0
473,7,280.04540584539814,102.04540584539816,0.0
473,25,43.0,257.0,0.0
473,4,303.04540584539814,111.04540584539816,0.0
473,13,432.04540584539814,162.04540584539816,0.0
473,15,428.04540584539814,73.04540584539816,0.0
473,2,169.0,173.0,0.16
473,10,100.0,200.0,0.0
473,18,100.0,200.0,0.0
473,21,433.95459415460186,813.9545941546019,0.0
474,5,341.0,74.0,0.0
474,16,493.0,873.0,0.0
474,20,444.0,824.0,0.0
474,12,100.0,200.0,0.0
474,24,1.0,353.0,0.0
474,8,116.0,184.0,0.3200000000000001
474,17,146.0,154.0,0.2700000000000001
474,1,30.95459415460184,269.04540584539814,0.0
474,19,11.0,289.0,0.0
474,22,483.0,863.0,0.0
474,23,308.0,78.0,0.0
474,6,485.95459415460186,865.9545941546019,0.0
474,11,280.0,129.0,0.0
474,9,568.9545941546019,948.9545941546019,0.0
474,14,49.0,254.0,0.0
474,3,238.0,62.0,0.0
474,7,280.0,102.0,0.0
474,25,43.95459415460184,256.04540584539814,0.0
474,4,303.0,111.0,0.0
474,13,432.0,162.0,0.0
474,15,428.0,73.0,0.0
474,2,168.0,172.0,0.16
474,10,100.0,200.0,0.0
474,18,100.0,200.0,0.0
474,21,434.0,814.0,0.0
475,5,340.04540584539814,73.04540584539816,0.0
475,16,493.95459415460186,873.9545941546019,0.0
475,20,444.95459415460186,824.9545941546019,0.0
475,12,100.0,200.0,0.0
475,24,1.0,352.0,0.0
475,8,115.0,185.0,0.3200000000000001
475,17,145.0,155.0,0.2700000000000001
475,1,31.0,269.0,0.0
475,19,11.954594154601839,288.04540584539814,0.0
475,22,483.95459415460186,863.9545941546019,0.0
475,23,307.04540584539814,77.04540584539816,0.0
475,6,486.0,866.0,0.0
475,11,279.04540584539814,128.04540584539816,0.0
475,9,569.0,949.0,0.0
475,14,48.04540584539816,253.04540584539816,0.0
475,3,237.04540584539816,62.95459415460184,0.0
475,7,279.04540584539814,101.04540584539816,0.0
475,25,44.0,256.0,0.0
475,4,302.04540584539814,110.04540584539816,0.0
475,13,431.04540584539814,161.04540584539816,0.0
475,15,427.04540584539814,72.04540584539816,0.0
475,2,167.0,171.0,0.16
475,10,100.0,200.0,0.0
475,18,100.0,200.0,0.0
475,21,434.95459415460186,814.9545941546019,0.0
476,5,340.0,73.0,0.0
476,16,494.0,874.0,0.0
476,20,445.0,825.0,0.0
476,12,100.0,200.0,0.0
476,24,1.0,351.0,0.0
476,8,114.0,186.0,0.3200000000000001
476,17,144.0,156.0,0.2700000000000001
476,1,31.95459415460184,268.04540584539814,0.0
476,19,12.0,288.0,0.0
476,22,484.0,864.0,0.0
476,23,307.0,77.0,0.0
476,6,486.95459415460186,866.9545941546019,0.0
476,11,279.0,128.0,0.0
476,9,569.9545941546019,949.9545941546019,0.0
476,14,48.0,253.0,0.0
476,3,237.0,63.0,0.0
476,7,279.0,101.0,0.0
476,25,44.95459415460184,255.04540584539816,0.0
476,4,302.0,110.0,0.0
476,13,431.0,161.0,0.0
476,15,427.0,72.0,0.0
476,2,166.0,170.0,0.16
476,10,100.0,200.0,0.0
476,18,100.0,200.0,0.0
476,21,435.0,815.0,0.0
477,5,339.04540584539814,72.04540584539816,0.0
477,16,494.95459415460186,874.9545941546019,0.0
477,20,445.95459415460186,825.9545941546019,0.0
477,12,100.0,200.0,0.0
477,24,1.0,350.0,0.0
477,8,113.0,187.0,0.3200000000000001
477,17,143.0,157.0,0.2700000000000001
477,1,32.0,268.0,0.0
477,19,12.954594154601839,287.04540584539814,0.0
477,22,484.95459415460186,864.9545941546019,0.0
477,23,306.04540584539814,76.04540584539816,0.0
477,6,487.0,867.0,0.0
477,11,278.04540584539814,127.04540584539816,0.0
477,9,570.0,950.0,0.0
477,14,48.0,252.0,0.0
477,3,236.04540584539816,63.95459415460184,0.0
477,7,278.04540584539814,100.04540584539816,0.0
477,25,45.0,255.0,0.0
477,4,301.04540584539814,109.04540584539816,0.0
477,13,430.04540584539814,160.04540584539816,0.0
477,15,426.04540584539814,71.04540584539816,0.0
477,2,165.0,169.0,0.16
477,10,100.0,200.0,0.0
477,18,100.0,200.0,0.0
477,21,435.95459415460186,815.9545941546019,0.0
478,5,339.0,72.0,0.0
478,16,495.0,875.0,0.0
478,20,446.0,826.0,0.0
478,12,100.0,200.0,0.0
478,24,1.0,349.0,0.0
478,8,112.0,188.0,0.3200000000000001
478,17,142.0,158.0,0.2700000000000001
478,1,32.95459415460184,267.04540584539814,0.0
478,19,13.0,287.0,0.0
478,22,485.0,865.0,0.0
478,23,306.0,76.0,0.0
478,6,487.95459415460186,867.9545941546019,0.0
478,11,278.0,127.0,0.0
478,9,570.9545941546019,950.9545941546019,0.0
478,14,48.95459415460184,251.04540584539816,0.0
478,3,236.0,64.0,0.0
478,7,278.0,100.0,0.0
478,25,45.95459415460184,254.04540584539816,0.0
478,4,301.0,109.0,0.0
478,13,430.0,160.0,0.0
478,15,426.0,71.0,0.0
478,2,164.0,168.0,0.16
478,10,100.0,200.0,0.0
478,18,100.0,200.0,0.0
478,21,436.0,816.0,0.0
479,5,338.04540584539814,71.04540584539816,0.0
479,16,495.95459415460186,875.9545941546019,0.0
479,20,446.95459415460186,826.9545941546019,0.0
479,12,100.0,200.0,0.0
479,24,1.0,348.0,0.0
479,8,111.0,189.0,0.3200000000000001
479,17,141.0,159.0,0.2700000000000001
479,1,33.0,267.0,0.0
479,19,13.954594154601839,286.04540584539814,0.0
479,22,485.95459415460186,865.9545941546019,0.0
479,23,305.04540584539814,75.04540584539816,0.0
479,6,488.0,868.0,0.0
479,11,277.04540584539814,126.04540584539816,0.0
479,9,571.0,951.0,0.0
479,14,49.0,251.0,0.0
479,3,235.04540584539816,64.95459415460184,0.0
479,7,277.04540584539814,99.04540584539816,0.0
479,25,46.0,254.0,0.0
479,4,300.04540584539814,108.04540584539816,0.0
479,13,429.04540584539814,159.04540584539816,0.0
479,15,425.04540584539814,70.04540584539816,0.0
479,2,163.0,167.0,0.16
479,10,100.0,200.0,0.0
479,18,100.0,200.0,0.0
479,21,436.95459415460186,816.9545941546019,0.0
480,5,338.0,71.0,0.0
480,16,496.0,876.0,0.0
480,20,447.0,827.0,0.0
480,12,100.0,200.0,0.0
480,24,1.0,347.0,0.0
480,8,110.0,190.0,0.3200000000000001
480,17,140.0,160.0,0.2700000000000001
480,1,33.95459415460184,266.04540584539814,0.0
480,19,14.0,286.0,0.0
480,22,486.0,866.0,0.0
480,23,305.0,75.0,0.0
480,6,488.95459415460186,868.9545941546019,0.0
480,11,277.0,126.0,0.0
480,9,571.9545941546019,951.9545941546019,0.0
480,14,49.95459415460184,250.04540584539816,0.0
480,3,235.0,65.0,0.0
480,7,277.0,99.0,0.0
480,25,46.95459415460184,253.04540584539816,0.0
480,4,300.0,108.0,0.0
480,13,429.0,159.0,0.0
480,15,425.0,70.0,0.0
480,2,162.0,166.0,0.16
480,10,100.0,200.0,0.0
480,18,100.0,200.0,0.0
480,21,437.0,817.0,0.0
481,5,337.04540584539814,70.04540584539816,0.0
481,16,496.95459415460186,876.9545941546019,0.0
481,20,447.95459415460186,827.9545941546019,0.0
481,12,100.0,200.0,0.0
481,24,1.0,346.0,0.0
481,8,109.0,191.0,0.3200000000000001
481,17,139.0,161.0,0.2700000000000001
481,1,34.0,266.0,0.0
481,19,14.954594154601839,285.04540584539814,0.0
481,22,486.95459415460186,866.9545941546019,0.0
481,23,304.04540584539814,74.04540584539816,0.0
481,6,489.0,869.0,0.0
481,11,276.04540584539814,125.04540584539816,0.0
481,9,572.0,952.0,0.0
481,14,50.0,250.0,0.0
481,3,234.04540584539816,65.95459415460184,0.0
481,7,276.04540584539814,98.04540584539816,0.0
481,25,47.0,253.0,0.0
481,4,299.04540584539814,107.04540584539816,0.0
481,13,428.04540584539814,158.04540584539816,0.0
481,15,424.04540584539814,69.04540584539816,0.0
481,2,161.0,165.0,0.16
481,10,100.0,200.0,0.0
481,18,100.0,200.0,0.0
481,21,437.95459415460186,817.9545941546019,0.0
482,5,337.0,70.0,0.0
482,16,496.0,876.0,0.0
482,20,447.0,827.0,0.0
482,12,100.0,200.0,0.0
482,24,1.0,346.0,0.0
482,8,109.0,191.0,0.3200000000000001
482,17,139.0,161.0,0.2700000000000001
482,1,34.0,266.0,0.0
482,19,14.0,285.0,0.0
482,22,486.0,866.0,0.0
482,23,304.0,74.0,0.0
482,6,489.0,869.0,0.0
482,11,276.0,125.0,0.0
482,9,572.0,952.0,0.0
482,14,50.0,250.0,0.0
482,3,234.0,65.0,0.0
482,7,276.0,98.0,0.0
482,25,47.0,253.0,0.0
482,4,299.0,107.0,0.0
482,13,428.0,158.0,0.0
482,15,424.0,69.0,0.0
482,2,161.0,165.0,0.16
482,10,100.0,200.0,0.0
482,18,100.0,200.0,0.0
482,21,437.0,817.0,0.0
483,5,336.04540584539814,69.04540584539816,0.0
483,16,496.0,876.0,0.0
483,20,447.0,827.0,0.0
483,12,100.0,200.0,0.0
483,24,1.0,345.0,0.0
483,8,108.0,192.0,0.3200000000000001
483,17,138.0,162.0,0.2700000000000001
483,1,34.95459415460184,265.04540584539814,0.0
483,19,14.954594154601839,284.04540584539814,0.0
483,22,486.0,866.0,0.0
483,23,303.04540584539814,73.04540584539816,0.0
483,6,489.95459415460186,869.9545941546019,0.0
483,11,275.04540584539814,124.04540584539816,0.0
483,9,572.9545941546019,952.9545941546019,0.0
483,14,50.95459415460184,249.04540584539816,0.0
483,3,233.04540584539816,65.95459415460184,0.0
483,7,275.04540584539814,97.04540584539816,0.0
483,25,47.95459415460184,252.04540584539816,0.0
483,4,298.04540584539814,106.04540584539816,0.0
483,13,427.04540584539814,157.04540584539816,0.0
483,15,423.04540584539814,68.04540584539816,0.0
483,2,160.0,164.0,0.16
483,10,100.0,200.0,0.0
483,18,100.0,200.0,0.0
483,21,437.0,817.0,0.0
484,5,336.0,69.0,0.0
484,16,496.95459415460186,876.9545941546019,0.0
484,20,447.95459415460186,827.9545941546019,0.0
484,12,100.0,200.0,0.0
484,24,1.0,344.0,0.0
484,8,107.0,193.0,0.3200000000000001
484,17,137.0,163.0,0.2700000000000001
484,1,35.0,265.0,0.0
484,19,15.0,284.0,0.0
484,22,486.95459415460186,866.9545941546019,0.0
484,23,303.0,73.0,0.0
484,6,490.0,870.0,0.0
484,11,275.0,124.0,0.0
484,9,573.0,953.0,0.0
484,14,51.0,249.0,0.0
484,3,233.0,66.0,0.0
484,7,275.0,97.0,0.0
484,25,48.0,252.0,0.0
484,4,298.0,106.0,0.0
484,13,427.0,157.0,0.0
484,15,423.0,68.0,0.0
484,2,159.0,163.0,0.16
484,10,100.0,200.0,0.0
484,18,100.0,200.0,0.0
484,21,437.95459415460186,817.9545941546019,0.0
485,5,335.04540584539814,68.04540584539816,0.0
485,16,497.0,877.0,0.0
485,20,448.0,828.0,0.0
485,12,100.0,200.0,0.0
485,24,1.0,343.0,0.0
485,8,106.0,194.0,0.3200000000000001
485,17,136.0,164.0,0.2700000000000001
485,1,35.95459415460184,264.04540584539814,0.0
485,19,15.954594154601839,283.04540584539814,0.0
485,22,487.0,867.0,0.0
485,23,302.04540584539814,72.04540584539816,0.0
485,6,490.95459415460186,870.9545941546019,0.0
485,11,274.04540584539814,123.04540584539816,0.0
485,9,573.9545941546019,953.9545941546019,0.0
485,14,51.95459415460184,248.04540584539816,0.0
485,3,232.04540584539816,66.95459415460184,0.0
485,7,274.04540584539814,96.04540584539816,0.0
485,25,48.95459415460184,251.04540584539816,0.0
485,4,297.04540584539814,105.04540584539816,0.0
485,13,426.04540584539814,156.04540584539816,0.0
485,15,422.04540584539814,67.04540584539816,0.0
485,2,158.0,162.0,0.16
485,10,100.0,200.0,0.0
485,18,100.0,200.0,0.0
485,21,438.0,818.0,0.0
486,5,335.0,68.0,0.0
486,16,497.95459415460186,877.9545941546019,0.0
486,20,448.95459415460186,828.9545941546019,0.0
486,12,100.0,200.0,0.0
486,24,1.0,342.0,0.0
486,8,105.0,195.0,0.3200000000000001
486,17,135.0,165.0,0.2700000000000001
486,1,36.0,264.0,0.0
486,19,16.0,283.0,0.0
486,22,487.95459415460186,867.9545941546019,0.0
486,23,302.0,72.0,0.0
486,6,491.0,871.0,0.0
486,11,274.0,123.0,0.0
486,9,574.0,954.0,0.0
486,14,52.0,248.0,0.0
486,3,232.0,67.0,0.0
486,7,274.0,96.0,0.0
486,25,49.0,251.0,0.0
486,4,297.0,105.0,0.0
486,13,426.0,156.0,0.0
486,15,422.0,67.0,0.0
486,2,157.0,161.0,0.16
486,10,100.0,200.0,0.0
486,18,100.0,200.0,0.0
486,21,438.95459415460186,818.9545941546019,0.0
487,5,334.04540584539814,67.04540584539816,0.0
487,16,498.0,878.0,0.0
487,20,449.0,829.0,0.0
487,12,100.0,200.0,0.0
487,24,1.0,341.0,0.0
487,8,104.0,196.0,0.3200000000000001
487,17,134.0,166.0,0.2700000000000001
487,1,36.95459415460184,263.04540584539814,0.0
487,19,16.95459415460184,282.04540584539814,0.0
487,22,488.0,868.0,0.0
487,23,301.04540584539814,71.04540584539816,0.0
487,6,491.95459415460186,871.9545941546019,0.0
487,11,273.04540584539814,122.04540584539816,0.0
487,9,574.9545941546019,954.9545941546019,0.0
487,14,52.95459415460184,247.04540584539816,0.0
487,3,231.04540584539816,67.95459415460184,0.0
487,7,273.04540584539814,95.04540584539816,0.0
487,25,49.95459415460184,250.04540584539816,0.0
487,4,296.04540584539814,104.04540584539816,0.0
487,13,425.04540584539814,155.04540584539816,0.0
487,15,421.04540584539814,66.04540584539816,0.0
487,2,156.0,160.0,0.16
487,10,100.0,200.0,0.0
487,18,100.0,200.0,0.0
487,21,439.0,819.0,0.0
488,5,334.0,67.0,0.0
488,16,498.95459415460186,878.9545941546019,0.0
488,20,449.95459415460186,829.9545941546019,0.0
488,12,100.0,200.0,0.0
488,24,1.0,340.0,0.0
488,8,103.0,197.0,0.3200000000000001
488,17,133.0,167.0,0.2700000000000001
488,1,37.0,263.0,0.0
488,19,17.0,282.0,0.0
488,22,488.95459415460186,868.9545941546019,0.0
488,23,301.0,71.0,0.0
488,6,492.0,872.0,0.0
488,11,273.0,122.0,0.0
488,9,575.0,955.0,0.0
488,14,53.0,247.0,0.0
488,3,231.0,68.0,0.0
488,7,273.0,95.0,0.0
488,25,50.0,250.0,0.0
488,4,296.0,104.0,0.0
488,13,425.0,155.0,0.0
488,15,421.0,66.0,0.0
488,2,155.0,159.0,0.16
488,10,100.0,200.0,0.0
488,18,100.0,200.0,0.0
488,21,439.95459415460186,819.9545941546019,0.0
489,5,333.04540584539814,66.04540584539816,0.0
489,16,499.0,879.0,0.0
489,20,450.0,830.0,0.0
489,12,100.0,200.0,0.0
489,24,1.0,339.0,0.0
489,8,102.0,198.0,0.3200000000000001
489,17,132.0,168.0,0.2700000000000001
489,1,37.95459415460184,262.04540584539814,0.0
489,19,17.95459415460184,281.04540584539814,0.0
489,22,489.0,869.0,0.0
489,23,300.04540584539814,70.04540584539816,0.0
489,6,492.95459415460186,872.9545941546019,0.0
489,11,272.04540584539814,121.04540584539816,0.0
489,9,575.9545941546019,955.9545941546019,0.0
489,14,53.95459415460184,246.04540584539816,0.0
489,3,230.04540584539816,68.95459415460184,0.0
489,7,272.04540584539814,94.04540584539816,0.0
489,25,50.95459415460184,249.04540584539816,0.0
489,4,295.04540584539814,103.04540584539816,0.0
489,13,424.04540584539814,154.04540584539816,0.0
489,15,420.04540584539814,65.04540584539816,0.0
489,2,154.0,158.0,0.16
489,10,100.0,200.0,0.0
489,18,100.0,200.0,0.0
489,21,440.0,820.0,0.0
490,5,333.0,66.0,0.0
490,16,499.95459415460186,879.9545941546019,0.0
490,20,450.95459415460186,830.9545941546019,0.0
490,12,100.0,200.0,0.0
490,24,1.0,338.0,0.0
490,8,101.0,199.0,0.3200000000000001
490,17,131.0,169.0,0.2700000000000001
490,1,38.0,262.0,0.0
490,19,18.0,281.0,0.0
490,22,489.95459415460186,869.9545941546019,0.0
490,23,300.0,70.0,0.0
490,6,493.0,873.0,0.0
490,11,272.0,121.0,0.0
490,9,576.0,956.0,0.0
490,14,54.0,246.0,0.0
490,3,230.0,69.0,0.0
490,7,272.0,94.0,0.0
490,25,51.0,249.0,0.0
490,4,295.0,103.0,0.0
490,13,424.0,154.0,0.0
490,15,420.0,65.0,0.0
490,2,153.0,157.0,0.16
490,10,100.0,200.0,0.0
490,18,100.0,200.0,0.0
490,21,440.95459415460186,820.9545941546019,0.0
491,5,332.04540584539814,65.04540584539816,0.0
491,16,500.0,880.0,0.0
491,20,451.0,831.0,0.0
491,12,100.0,200.0,0.0
491,24,1.0,337.0,0.0
491,8,100.0,200.0,0.3200000000000001
491,17,130.0,170.0,0.2700000000000001
491,1,38.95459415460184,261.04540584539814,0.0
491,19,18.95459415460184,280.04540584539814,0.0
491,22,490.0,870.0,0.0
491,23,299.04540584539814,69.04540584539816,0.0
491,6,493.95459415460186,873.9545941546019,0.0
491,11,271.04540584539814,120.04540584539816,0.0
491,9,576.9545941546019,956.9545941546019,0.0
491,14,54.95459415460184,245.04540584539816,0.0
491,3,229.04540584539816,69.95459415460184,0.0
491,7,271.04540584539814,93.04540584539816,0.0
491,25,51.95459415460184,248.04540584539816,0.0
491,4,294.04540584539814,102.04540584539816,0.0
491,13,423.04540584539814,153.04540584539816,0.0
491,15,419.04540584539814,64.04540584539816,0.0
491,2,152.0,156.0,0.16
491,10,100.0,200.0,0.0
491,18,100.0,200.0,0.0
491,21,441.0,821.0,0.0
492,5,332.0,65.0,0.0
492,16,500.95459415460186,880.9545941546019,0.0
492,20,451.95459415460186,831.9545941546019,0.0
492,12,100.0,200.0,0.0
492,24,1.0,336.0,0.0
492,8,100.0,200.0,0.3200000000000001
492,17,129.0,171.0,0.2700000000000001
492,1,39.0,261.0,0.0
492,19,19.0,280.0,0.0
492,22,490.95459415460186,870.9545941546019,0.0
492,23,299.0,69.0,0.0
492,6,494.0,874.0,0.0
492,11,271.0,120.0,0.0
492,9,577.0,957.0,0.0
492,14,55.0,245.0,0.0
492,3,229.0,70.0,0.0
492,7,271.0,93.0,0.0
492,25,52.0,248.0,0.0
492,4,294.0,102.0,0.0
492,13,423.0,153.0,0.0
492,15,419.0,64.0,0.0
492,2,151.0,155.0,0.16
492,10,100.0,200.0,0.0
492,18,100.0,200.0,0.0
492,21,441.95459415460186,821.9545941546019,0.0
493,5,331.04540584539814,64.04540584539816,0.0
493,16,501.0,881.0,0.0
493,20,452.0,832.0,0.0
493,12,100.0,200.0,0.0
493,24,1.0,335.0,0.0
493,8,100.0,200.0,0.3200000000000001
493,17,128.0,172.0,0.2700000000000001
493,1,39.95459415460184,260.04540584539814,0.0
493,19,19.95459415460184,279.04540584539814,0.0
493,22,491.0,871.0,0.0
493,23,298.04540584539814,68.04540584539816,0.0
493,6,494.95459415460186,874.9545941546019,0.0
493,11,270.04540584539814,119.04540584539816,0.0
493,9,577.9545941546019,957.9545941546019,0.0
493,14,55.95459415460184,244.04540584539816,0.0
493,3,228.04540584539816,70.95459415460184,0.0
493,7,270.04540584539814,92.04540584539816,0.0
493,25,52.95459415460184,247.04540584539816,0.0
493,4,293.04540584539814,101.04540584539816,0.0
493,13,422.04540584539814,152.04540584539816,0.0
493,15,418.04540584539814,63.04540584539816,0.0
493,2,150.0,154.0,0.16
493,10,100.0,200.0,0.0
493,18,100.0,200.0,0.0
493,21,442.0,822.0,0.0
494,5,331.0,64.0,0.0
494,16,501.95459415460186,881.9545941546019,0.0
494,20,452.95459415460186,832.9545941546019,0.0
494,12,100.0,200.0,0.0
494,24,1.0,334.0,0.0
494,8,100.0,200.0,0.3200000000000001
494,17,127.0,173.0,0.2700000000000001
494,1,40.0,260.0,0.0
494,19,20.0,279.0,0.0
494,22,491.95459415460186,871.9545941546019,0.0
494,23,298.0,68.0,0.0
494,6,495.0,875.0,0.0
494,11,270.0,119.0,0.0
494,9,578.0,958.0,0.0
494,14,56.0,244.0,0.0
494,3,228.0,71.0,0.0
494,7,270.0,92.0,0.0
494,25,53.0,247.0,0.0
494,4,293.0,101.0,0.0
494,13,422.0,152.0,0.0
494,15,418.0,63.0,0.0
494,2,149.0,153.0,0.16
494,10,100.0,200.0,0.0
494,18,100.0,200.0,0.0
494,21,442.95459415460186,822.9545941546019,0.0
495,5,330.04540584539814,63.04540584539816,0.0
495,16,502.0,882.0,0.0
495,20,453.0,833.0,0.0
495,12,100.0,200.0,0.0
495,24,1.0,333.0,0.0
495,8,100.0,200.0,0.3200000000000001
495,17,126.0,174.0,0.2700000000000001
495,1,40.95459415460184,259.04540584539814,0.0
495,19,20.95459415460184,278.04540584539814,0.0
495,22,492.0,872.0,0.0
495,23,297.04540584539814,67.04540584539816,0.0
495,6,495.95459415460186,875.9545941546019,0.0
495,11,269.04540584539814,118.04540584539816,0.0
495,9,578.9545941546019,958.9545941546019,0.0
495,14,56.95459415460184,243.04540584539816,0.0
495,3,227.04540584539816,71.95459415460184,0.0
495,7,269.04540584539814,91.04540584539816,0.0
495,25,53.95459415460184,246.04540584539816,0.0
495,4,292.04540584539814,100.04540584539816,0.0
495,13,421.04540584539814,151.04540584539816,0.0
495,15,417.04540584539814,62.04540584539816,0.0
495,2,148.0,152.0,0.16
495,10,100.0,200.0,0.0
495,18,100.0,200.0,0.0
495,21,443.0,823.0,0.0
496,5,330.0,63.0,0.0
496,16,502.95459415460186,882.9545941546019,0.0
496,20,453.95459415460186,833.9545941546019,0.0
496,12,100.0,200.0,0.0
496,24,1.0,332.0,0.0
496,8,100.0,200.0,0.3200000000000001
496,17,125.0,175.0,0.2700000000000001
496,1,41.0,259.0,0.0
496,19,21.0,278.0,0.0
496,22,492.95459415460186,872.9545941546019,0.0
496,23,297.0,67.0,0.0
496,6,496.0,876.0,0.0
496,11,269.0,118.0,0.0
496,9,579.0,959.0,0.0
496,14,57.0,243.0,0.0
496,3,227.0,72.0,0.0
496,7,269.0,91.0,0.0
496,25,54.0,246.0,0.0
496,4,292.0,100.0,0.0
496,13,421.0,151.0,0.0
496,15,417.0,62.0,0.0
496,2,147.0,153.0,0.16
496,10,100.0,200.0,0.0
496,18,100.0,200.0,0.0
496,21,443.95459415460186,823.9545941546019,0.0
497,5,329.04540584539814,62.04540584539816,0.0
497,16,503.0,883.0,0.0
497,20,454.0,834.0,0.0
497,12,100.0,200.0,0.0
497,24,1.0,331.0,0.0
497,8,100.0,200.0,0.3200000000000001
497,17,124.0,176.0,0.2700000000000001
497,1,41.95459415460184,258.04540584539814,0.0
497,19,21.95459415460184,277.04540584539814,0.0
497,22,493.0,873.0,0.0
497,23,296.04540584539814,66.04540584539816,0.0
497,6,496.95459415460186,876.9545941546019,0.0
497,11,268.04540584539814,117.04540584539816,0.0
497,9,579.9545941546019,959.9545941546019,0.0
497,14,57.95459415460184,242.04540584539816,0.0
497,3,226.04540584539816,72.95459415460184,0.0
497,7,268.04540584539814,90.04540584539816,0.0
497,25,54.95459415460184,245.04540584539816,0.0
497,4,291.04540584539814,99.04540584539816,0.0
497,13,420.04540584539814,150.04540584539816,0.0
497,15,416.04540584539814,61.04540584539816,0.0
497,2,146.0,154.0,0.16
497,10,100.0,200.0,0.0
497,18,100.0,200.0,0.0
497,21,444.0,824.0,0.0
498,5,329.0,62.0,0.0
498,16,503.95459415460186,883.9545941546019,0.0
498,20,454.95459415460186,834.9545941546019,0.0
498,12,100.0,200.0,0.0
498,24,1.0,330.0,0.0
498,8,100.0,200.0,0.3200000000000001
498,17,123.0,177.0,0.2700000000000001
498,1,42.0,258.0,0.0
498,19,22.0,277.0,0.0
498,22,493.95459415460186,873.9545941546019,0.0
498,23,296.0,66.0,0.0
498,6,497.0,877.0,0.0
498,11,268.0,117.0,0.0
498,9,580.0,960.0,0.0
498,14,58.0,242.0,0.0
498,3,226.0,73.0,0.0
498,7,268.0,90.0,0.0
498,25,55.0,245.0,0.0
498,4,291.0,99.0,0.0
498,13,420.0,150.0,0.0
498,15,416.0,61.0,0.0
498,2,145.0,155.0,0.16
498,10,100.0,200.0,0.0
498,18,100.0,200.0,0.0
498,21,444.95459415460186,824.9545941546019,0.0
499,5,328.04540584539814,61.04540584539816,0.0
499,16,504.0,884.0,0.0
499,20,455.0,835.0,0.0
499,12,100.0,200.0,0.0
499,24,1.0,329.0,0.0
499,8,100.0,200.0,0.3200000000000001
499,17,122.0,178.0,0.2700000000000001
499,1,42.95459415460184,257.04540584539814,0.0
499,19,22.95459415460184,276.04540584539814,0.0
499,22,494.0,874.0,0.0
499,23,295.04540584539814,65.04540584539816,0.0
499,6,497.95459415460186,877.9545941546019,0.0
499,11,267.04540584539814,116.04540584539816,0.0
499,9,580.9545941546019,960.9545941546019,0.0
499,14,58.95459415460184,241.04540584539816,0.0
499,3,225.04540584539816,73.95459415460184,0.0
499,7,267.04540584539814,89.04540584539816,0.0
499,25,55.95459415460184,244.04540584539816,0.0
499,4,290.04540584539814,98.04540584539816,0.0
499,13,419.04540584539814,149.04540584539816,0.0
499,15,415.04540584539814,60.04540584539816,0.0
499,2,144.0,156.0,0.16
499,10,100.0,200.0,0.0
499,18,100.0,200.0,0.0
499,21,445.0,825.0,0.0
500,5,328.0,61.0,0.0
500,16,504.95459415460186,884.9545941546019,0.0
500,20,455.95459415460186,835.9545941546019,0.0
500,12,100.0,200.0,0.0
500,24,1.0,328.0,0.0
500,8,100.0,200.0,0.3200000000000001
500,17,121.0,179.0,0.2700000000000001
500,1,43.0,257.0,0.0
500,19,23.0,276.0,0.0
500,22,494.95459415460186,874.9545941546019,0.0
500,23,295.0,65.0,0.0
500,6,498.0,878.0,0.0
500,11,267.0,116.0,0.0
500,9,581.0,961.0,0.0
500,14,59.0,241.0,0.0
500,3,225.0,74.0,0.0
500,7,267.0,89.0,0.0
500,25,56.0,244.0,0.0
500,4,290.0,98.0,0.0
500,13,419.0,149.0,0.0
500,15,415.0,60.0,0.0
500,2,143.0,157.0,0.16
500,10,100.0,200.0,0.0
500,18,100.0,200.0,0.0
500,21,445.95459415460186,825.9545941546019,0.0
501,5,327.04540584539814,60.04540584539816,0.0
501,16,505.0,885.0,0.0
501,20,456.0,836.0,0.0
501,12,100.0,200.0,0.0
501,24,1.0,327.0,0.0
501,8,100.0,200.0,0.3200000000000001
501,17,120.0,180.0,0.2700000000000001
501,1,43.95459415460184,256.04540584539814,0.0
501,19,23.95459415460184,275.04540584539814,0.0
501,22,495.0,875.0,0.0
501,23,294.04540584539814,64.04540584539816,0.0
501,6,498.95459415460186,878.9545941546019,0.0
501,11,266.04540584539814,115.04540584539816,0.0
501,9,581.9545941546019,961.9545941546019,0.0
501,14,59.95459415460184,240.04540584539816,0.0
501,3,224.04540584539816,74.95459415460184,0.0
501,7,266.04540584539814,88.04540584539816,0.0
501,25,56.95459415460184,243.04540584539816,0.0
501,4,289.04540584539814,97.04540584539816,0.0
501,13,418.04540584539814,148.04540584539816,0.0
501,15,414.04540584539814,59.04540584539816,0.0
501,2,142.0,158.0,0.16
501,10,100.0,200.0,0.0
501,18,100.0,200.0,0.0
501,21,446.0,826.0,0.0
502,5,327.0,60.0,0.0
502,16,505.95459415460186,885.9545941546019,0.0
502,20,456.95459415460186,836.9545941546019,0.0
502,12,100.0,200.0,0.0
502,24,1.0,326.0,0.0
502,8,100.0,200.0,0.3200000000000001
502,17,119.0,181.0,0.2700000000000001
502,1,44.0,256.0,0.0
502,19,24.0,275.0,0.0
502,22,495.95459415460186,875.9545941546019,0.0
502,23,294.0,64.0,0.0
502,6,499.0,879.0,0.0
502,11,266.0,115.0,0.0
502,9,582.0,962.0,0.0
502,14,60.0,240.0,0.0
502,3,224.0,75.0,0.0
502,7,266.0,88.0,0.0
502,25,57.0,243.0,0.0
502,4,289.0,97.0,0.0
502,13,418.0,148.0,0.0
502,15,414.0,59.0,0.0
502,2,141.0,159.0,0.16
502,10,100.0,200.0,0.0
502,18,100.0,200.0,0.0
502,21,446.95459415460186,826.9545941546019,0.0
503,5,326.04540584539814,59.04540584539816,0.0
503,16,506.0,886.0,0.0
503,20,457.0,837.0,0.0
503,12,100.0,200.0,0.0
503,24,1.0,325.0,0.0
503,8,100.0,200.0,0.3200000000000001
503,17,118.0,182.0,0.2700000000000001
503,1,44.95459415460184,255.04540584539816,0.0
503,19,24.95459415460184,274.04540584539814,0.0
503,22,496.0,876.0,0.0
503,23,293.04540584539814,63.04540584539816,0.0
503,6,499.95459415460186,879.9545941546019,0.0
503,11,265.04540584539814,114.04540584539816,0.0
503,9,582.9545941546019,962.9545941546019,0.0
503,14,60.95459415460184,239.04540584539816,0.0
503,3,223.04540584539816,75.95459415460184,0.0
503,7,265.04540584539814,87.04540584539816,0.0
503,25,57.95459415460184,242.04540584539816,0.0
503,4,288.04540584539814,96.04540584539816,0.0
503,13,417.04540584539814,147.04540584539816,0.0
503,15,413.04540584539814,58.04540584539816,0.0
503,2,140.0,160.0,0.16
503,10,100.0,200.0,0.0
503,18,100.0,200.0,0.0
503,21,447.0,827.0,0.0
504,5,326.0,59.0,0.0
504,16,506.95459415460186,886.9545941546019,0.0
504,20,457.95459415460186,837.9545941546019,0.0
504,12,100.0,200.0,0.0
504,24,1.0,324.0,0.0
504,8,100.0,200.0,0.3200000000000001
504,17,117.0,183.0,0.2700000000000001
504,1,45.0,255.0,0.0
504,19,25.0,274.0,0.0
504,22,496.95459415460186,876.9545941546019,0.0
504,23,293.0,63.0,0.0
504,6,500.0,880.0,0.0
504,11,265.0,114.0,0.0
504,9,583.0,963.0,0.0
504,14,61.0,239.0,0.0
504,3,223.0,76.0,0.0
504,7,265.0,87.0,0.0
504,25,58.0,242.0,0.0
504,4,288.0,96.0,0.0
504,13,417.0,147.0,0.0
504,15,413.0,58.0,0.0
504,2,139.0,161.0,0.16
504,10,100.0,200.0,0.0
504,18,100.0,200.0,0.0
504,21,447.95459415460186,827.9545941546019,0.0
505,5,325.04540584539814,58.04540584539816,0.0
505,16,507.0,887.0,0.0
505,20,458.0,838.0,0.0
505,12,100.0,200.0,0.0
505,24,1.0,323.0,0.0
505,8,100.0,200.0,0.3200000000000001
505,17,116.0,184.0,0.2700000000000001
505,1,45.95459415460184,254.04540584539816,0.0
505,19,25.95459415460184,273.04540584539814,0.0
505,22,497.0,877.0,0.0
505,23,292.04540584539814,62.04540584539816,0.0
505,6,500.95459415460186,880.9545941546019,0.0
505,11,264.04540584539814,113.04540584539816,0.0
505,9,583.9545941546019,963.9545941546019,0.0
505,14,61.95459415460184,238.04540584539816,0.0
505,3,222.04540584539816,76.95459415460184,0.0
505,7,264.04540584539814,86.04540584539816,0.0
505,25,58.95459415460184,241.04540584539816,0.0
505,4,287.04540584539814,95.04540584539816,0.0
505,13,416.04540584539814,146.04540584539816,0.0
505,15,412.04540584539814,57.04540584539816,0.0
505,2,138.0,162.0,0.16
505,10,100.0,200.0,0.0
505,18,100.0,200.0,0.0
505,21,448.0,828.0,0.0
506,5,325.0,58.0,0.0
506,16,507.95459415460186,887.9545941546019,0.0
506,20,458.95459415460186,838.9545941546019,0.0
506,12,100.0,200.0,0.0
506,24,1.0,322.0,0.0
506,8,100.0,200.0,0.3200000000000001
506,17,115.0,185.0,0.2700000000000001
506,1,46.0,254.0,0.0
506,19,26.0,273.0,0.0
506,22,497.95459415460186,877.9545941546019,0.0
506,23,292.0,62.0,0.0
506,6,501.0,881.0,0.0
506,11,264.0,113.0,0.0
506,9,584.0,964.0,0.0
506,14,62.0,238.0,0.0
506,3,222.0,77.0,0.0
506,7,264.0,86.0,0.0
506,25,59.0,241.0,0.0
506,4,287.0,95.0,0.0
506,13,416.0,146.0,0.0
506,15,412.0,57.0,0.0
506,2,137.0,163.0,0.16
506,10,100.0,200.0,0.0
506,18,100.0,200.0,0.0
506,21,448.95459415460186,828.9545941546019,0.0
507,5,324.04540584539814,57.04540584539816,0.0
507,16,508.0,888.0,0.0
507,20,459.0,839.0,0.0
507,12,100.0,200.0,0.0
507,24,1.0,321.0,0.0
507,8,100.0,200.0,0.3200000000000001
507,17,114.0,186.0,0.2700000000000001
507,1,46.95459415460184,253.04540584539816,0.0
507,19,26.95459415460184,272.04540584539814,0.0
507,22,498.0,878.0,0.0
507,23,291.04540584539814,61.04540584539816,0.0
507,6,501.95459415460186,881.9545941546019,0.0
507,11,263.04540584539814,112.04540584539816,0.0
507,9,584.9545941546019,964.9545941546019,0.0
507,14,62.95459415460184,237.04540584539816,0.0
507,3,221.04540584539816,77.95459415460184,0.0
507,7,263.04540584539814,85.04540584539816,0.0
507,25,59.95459415460184,240.04540584539816,0.0
507,4,286.04540584539814,94.04540584539816,0.0
507,13,415.04540584539814,145.04540584539816,0.0
507,15,411.04540584539814,56.04540584539816,0.0
507,2,136.0,164.0,0.16
507,10,100.0,200.0,0.0
507,18,100.0,200.0,0.0
507,21,449.0,829.0,0.0
508,5,324.0,57.0,0.0
508,16,508.95459415460186,888.9545941546019,0.0
508,20,459.95459415460186,839.9545941546019,0.0
508,12,100.0,200.0,0.0
508,24,1.0,320.0,0.0
508,8,100.0,200.0,0.3200000000000001
508,17,113.0,187.0,0.2700000000000001
508,1,47.0,253.0,0.0
508,19,27.0,272.0,0.0
508,22,498.95459415460186,878.9545941546019,0.0
508,23,291.0,61.0,0.0
508,6,502.0,882.0,0.0
508,11,263.0,112.0,0.0
508,9,585.0,965.0,0.0
508,14,63.0,237.0,0.0
508,3,221.0,78.0,0.0
508,7,263.0,85.0,0.0
508,25,60.0,240.0,0.0
508,4,286.0,94.0,0.0
508,13,415.0,145.0,0.0
508,15,411.0,56.0,0.0
508,2,135.0,165.0,0.16
508,10,100.0,200.0,0.0
508,18,100.0,200.0,0.0
508,21,449.95459415460186,829.9545941546019,0.0
509,5,323.04540584539814,56.04540584539816,0.0
509,16,509.0,889.0,0.0
509,20,460.0,840.0,0.0
509,12,100.0,200.0,0.0
509,24,1.0,319.0,0.0
509,8,100.0,200.0,0.3200000000000001
509,17,112.0,188.0,0.2700000000000001
509,1,47.95459415460184,252.04540584539816,0.0
509,19,27.95459415460184,271.04540584539814,0.0
509,22,499.0,879.0,0.0
509,23,290.04540584539814,60.04540584539816,0.0
509,6,502.95459415460186,882.9545941546019,0.0
509,11,262.04540584539814,111.04540584539816,0.0
509,9,585.9545941546019,965.9545941546019,0.0
509,14,63.95459415460184,236.04540584539816,0.0
509,3,220.04540584539816,78.95459415460184,0.0
509,7,262.04540584539814,84.04540584539816,0.0
509,25,60.95459415460184,239.04540584539816,0.0
509,4,285.04540584539814,93.04540584539816,0.0
509,13,414.04540584539814,144.04540584539816,0.0
509,15,410.04540584539814,55.04540584539816,0.0
509,2,134.0,166.0,0.16
509,10,100.0,200.0,0.0
509,18,100.0,200.0,0.0
509,21,450.0,830.0,0.0
510,5,323.0,56.0,0.0
510,16,509.95459415460186,889.9545941546019,0.0
510,20,460.95459415460186,840.9545941546019,0.0
510,12,100.0,200.0,0.0
510,24,1.0,318.0,0.0
510,8,100.0,200.0,0.3200000000000001
510,17,111.0,189.0,0.2700000000000001
510,1,48.0,252.0,0.0
510,19,28.0,271.0,0.0
510,22,499.95459415460186,879.9545941546019,0.0
510,23,290.0,60.0,0.0
510,6,503.0,883.0,0.0
510,11,262.0,111.0,0.0
510,9,586.0,966.0,0.0
510,14,64.0,236.0,0.0
510,3,220.0,79.0,0.0
510,7,262.0,84.0,0.0
510,25,61.0,239.0,0.0
510,4,285.0,93.0,0.0
510,13,414.0,144.0,0.0
510,15,410.0,55.0,0.0
510,2,133.0,167.0,0.16
510,10,100.0,200.0,0.0
510,18,100.0,200.0,0.0
510,21,450.95459415460186,830.9545941546019,0.0
511,5,322.04540584539814,55.04540584539816,0.0
511,16,510.0,890.0,0.0
511,20,461.0,841.0,0.0
511,12,100.0,200.0,0.0
511,24,1.0,317.0,0.0
511,8,100.0,200.0,0.3200000000000001
511,17,110.0,190.0,0.2700000000000001
511,1,48.95459415460184,251.04540584539816,0.0
511,19,28.95459415460184,270.04540584539814,0.0
511,22,500.0,880.0,0.0
511,23,289.04540584539814,59.04540584539816,0.0
511,6,503.95459415460186,883.9545941546019,0.0
511,11,261.04540584539814,110.04540584539816,0.0
511,9,586.9545941546019,966.9545941546019,0.0
511,14,64.95459415460184,235.04540584539816,0.0
511,3,219.04540584539816,79.95459415460184,0.0
511,7,261.04540584539814,83.04540584539816,0.0
511,25,61.95459415460184,238.04540584539816,0.0
511,4,284.04540584539814,92.04540584539816,0.0
511,13,413.04540584539814,143.04540584539816,0.0
511,15,409.04540584539814,54.04540584539816,0.0
511,2,132.0,168.0,0.16
511,10,100.0,200.0,0.0
511,18,100.0,200.0,0.0
511,21,451.0,831.0,0.0
512,5,322.0,55.0,0.0
512,16,510.95459415460186,890.9545941546019,0.0
512,20,461.95459415460186,841.9545941546019,0.0
512,12,100.0,200.0,0.0
512,24,1.0,316.0,0.0
512,8,100.0,200.0,0.3200000000000001
512,17,109.0,191.0,0.2700000000000001
512,1,49.0,251.0,0.0
512,19,29.0,270.0,0.0
512,22,500.95459415460186,880.9545941546019,0.0
512,23,289.0,59.0,0.0
512,6,504.0,884.0,0.0
512,11,261.0,110.0,0.0
512,9,587.0,967.0,0.0
512,14,65.0,235.0,0.0
512,3,219.0,80.0,0.0
512,7,261.0,83.0,0.0
512,25,62.0,238.0,0.0
512,4,284.0,92.0,0.0
512,13,413.0,143.0,0.0
512,15,409.0,54.0,0.0
512,2,131.0,169.0,0.16
512,10,100.0,200.0,0.0
512,18,100.0,200.0,0.0
512,21,451.95459415460186,831.9545941546019,0.0
513,5,321.04540584539814,54.04540584539816,0.0
513,16,511.0,891.0,0.0
513,20,462.0,842.0,0.0
513,12,100.0,200.0,0.0
513,24,1.0,315.0,0.0
513,8,100.0,200.0,0.3200000000000001
513,17,108.0,192.0,0.2700000000000001
513,1,49.95459415460184,250.04540584539816,0.0
513,19,29.95459415460184,269.04540584539814,0.0
513,22,501.0,881.0,0.0
513,23,288.04540584539814,58.04540584539816,0.0
513,6,504.95459415460186,884.9545941546019,0.0
513,11,260.04540584539814,109.04540584539816,0.0
513,9,587.9545941546019,967.9545941546019,0.0
513,14,65.95459415460184,234.04540584539816,0.0
513,3,218.04540584539816,80.95459415460184,0.0
513,7,260.04540584539814,82.04540584539816,0.0
513,25,62.95459415460184,237.04540584539816,0.0
513,4,283.04540584539814,91.04540584539816,0.0
513,13,412.04540584539814,142.04540584539816,0.0
513,15,408.04540584539814,53.04540584539816,0.0
513,2,130.0,170.0,0.16
513,10,100.0,200.0,0.0
513,18,100.0,200.0,0.0
513,21,452.0,832.0,0.0
514,5,321.0,54.0,0.0
514,16,511.95459415460186,891.9545941546019,0.0
514,20,462.95459415460186,842.9545941546019,0.0
514,12,100.0,200.0,0.0
514,24,1.0,314.0,0.0
514,8,100.0,200.0,0.3200000000000001
514,17,107.0,193.0,0.2700000000000001
514,1,50.0,250.0,0.0
514,19,30.0,269.0,0.0
514,22,501.95459415460186,881.9545941546019,0.0
514,23,288.0,58.0,0.0
514,6,505.0,885.0,0.0
514,11,260.0,109.0,0.0
514,9,588.0,968.0,0.0
514,14,66.0,234.0,0.0
514,3,218.0,81.0,0.0
514,7,260.0,82.0,0.0
514,25,63.0,237.0,0.0
514,4,283.0,91.0,0.0
514,13,412.0,142.0,0.0
514,15,408.0,53.0,0.0
514,2,129.0,171.0,0.16
514,10,100.0,200.0,0.0
514,18,100.0,200.0,0.0
514,21,452.95459415460186,832.9545941546019,0.0
515,5,320.04540584539814,53.04540584539816,0.0
515,16,512.0,892.0,0.0
515,20,463.0,843.0,0.0
515,12,100.0,200.0,0.0
515,24,1.0,313.0,0.0
515,8,100.0,200.0,0.3200000000000001
515,17,106.0,194.0,0.2700000000000001
515,1,50.95459415460184,249.04540584539816,0.0
515,19,30.95459415460184,268.04540584539814,0.0
515,22,502.0,882.0,0.0
515,23,287.04540584539814,57.04540584539816,0.0
515,6,505.95459415460186,885.9545941546019,0.0
515,11,259.04540584539814,108.04540584539816,0.0
515,9,588.9545941546019,968.9545941546019,0.0
515,14,66.95459415460184,233.04540584539816,0.0
515,3,217.04540584539816,81.95459415460184,0.0
515,7,259.04540584539814,81.04540584539816,0.0
515,25,63.95459415460184,236.04540584539816,0.0
515,4,282.04540584539814,90.04540584539816,0.0
515,13,411.04540584539814,141.04540584539816,0.0
515,15,407.04540584539814,52.04540584539816,0.0
515,2,128.0,172.0,0.16
515,10,100.0,200.0,0.0
515,18,100.0,200.0,0.0
515,21,453.0,833.0,0.0
516,5,320.0,53.0,0.0
516,16,512.9545941546019,892.9545941546019,0.0
516,20,463.95459415460186,843.9545941546019,0.0
516,12,100.0,200.0,0.0
516,24,1.0,312.0,0.0
516,8,100.0,200.0,0.3200000000000001
516,17,105.0,195.0,0.2700000000000001
516,1,51.0,249.0,0.0
516,19,31.0,268.0,0.0
516,22,502.95459415460186,882.9545941546019,0.0
516,23,287.0,57.0,0.0
516,6,506.0,886.0,0.0
516,11,259.0,108.0,0.0
516,9,589.0,969.0,0.0
516,14,67.0,233.0,0.0
516,3,217.0,82.0,0.0
516,7,259.0,81.0,0.0
516,25,64.0,236.0,0.0
516,4,282.0,90.0,0.0
516,13,411.0,141.0,0.0
516,15,407.0,52.0,0.0
516,2,127.0,173.0,0.16
516,10,100.0,200.0,0.0
516,18,100.0,200.0,0.0
516,21,453.95459415460186,833.9545941546019,0.0
517,5,319.04540584539814,52.04540584539816,0.0
517,16,513.0,893.0,0.0
517,20,464.0,844.0,0.0
517,12,100.0,200.0,0.0
517,24,1.0,311.0,0.0
517,8,100.0,200.0,0.3200000000000001
517,17,104.0,196.0,0.2700000000000001
517,1,51.95459415460184,248.04540584539816,0.0
517,19,31.95459415460184,267.04540584539814,0.0
517,22,503.0,883.0,0.0
517,23,286.04540584539814,56.04540584539816,0.0
517,6,506.95459415460186,886.9545941546019,0.0
517,11,258.04540584539814,107.04540584539816,0.0
517,9,589.9545941546019,969.9545941546019,0.0
517,14,67.95459415460184,232.04540584539816,0.0
517,3,216.04540584539816,82.95459415460184,0.0
517,7,258.04540584539814,80.04540584539816,0.0
517,25,64.95459415460184,235.04540584539816,0.0
517,4,281.04540584539814,89.04540584539816,0.0
517,13,410.04540584539814,140.04540584539816,0.0
517,15,406.04540584539814,51.04540584539816,0.0
517,2,126.0,174.0,0.16
517,10,100.0,200.0,0.0
517,18,100.0,200.0,0.0
517,21,454.0,834.0,0.0
518,5,319.0,52.0,0.0
518,16,513.9545941546019,893.9545941546019,0.0
518,20,464.95459415460186,844.9545941546019,0.0
518,12,100.0,200.0,0.0
518,24,1.0,310.0,0.0
518,8,100.0,200.0,0.3200000000000001
518,17,103.0,197.0,0.2700000000000001
518,1,52.0,248.0,0.0
518,19,32.0,267.0,0.0
518,22,503.95459415460186,883.9545941546019,0.0
518,23,286.0,56.0,0.0
518,6,507.0,887.0,0.0
518,11,258.0,107.0,0.0
518,9,590.0,970.0,0.0
518,14,68.0,232.0,0.0
518,3,216.0,83.0,0.0
518,7,258.0,80.0,0.0
518,25,65.0,235.0,0.0
518,4,281.0,89.0,0.0
518,13,410.0,140.0,0.0
518,15,406.0,51.0,0.0
518,2,125.0,175.0,0.16
518,10,100.0,200.0,0.0
518,18,100.0,200.0,0.0
518,21,454.95459415460186,834.9545941546019,0.0
519,5,318.04540584539814,51.04540584539816,0.0
519,16,514.0,894.0,0.0
519,20,465.0,845.0,0.0
519,12,100.0,200.0,0.0
519,24,1.0,309.0,0.0
519,8,100.0,200.0,0.3200000000000001
519,17,102.0,198.0,0.2700000000000001
519,1,52.95459415460184,247.04540584539816,0.0
519,19,32.95459415460184,266.04540584539814,0.0
519,22,504.0,884.0,0.0
519,23,285.04540584539814,55.04540584539816,0.0
519,6,507.95459415460186,887.9545941546019,0.0
519,11,257.04540584539814,106.04540584539816,0.0
519,9,590.9545941546019,970.9545941546019,0.0
519,14,68.95459415460184,231.04540584539816,0.0
519,3,215.04540584539816,83.95459415460184,0.0
519,7,257.04540584539814,79.04540584539816,0.0
519,25,65.95459415460184,234.04540584539816,0.0
519,4,280.04540584539814,88.04540584539816,0.0
519,13,409.04540584539814,139.04540584539816,0.0
519,15,405.04540584539814,50.04540584539816,0.0
519,2,124.0,176.0,0.16
519,10,100.0,200.0,0.0
519,18,100.0,200.0,0.0
519,21,455.0,835.0,0.0
520,5,318.0,51.0,0.0
520,16,514.9545941546019,894.9545941546019,0.0
520,20,465.95459415460186,845.9545941546019,0.0
520,12,100.0,200.0,0.0
520,24,1.0,308.0,0.0
520,8,100.0,200.0,0.3200000000000001
520,17,101.0,199.0,0.2700000000000001
520,1,53.0,247.0,0.0
520,19,33.0,266.0,0.0
520,22,504.95459415460186,884.9545941546019,0.0
520,23,285.0,55.0,0.0
520,6,508.0,888.0,0.0
520,11,257.0,106.0,0.0
520,9,591.0,971.0,0.0
520,14,69.0,231.0,0.0
520,3,215.0,84.0,0.0
520,7,257.0,79.0,0.0
520,25,66.0,234.0,0.0
520,4,280.0,88.0,0.0
520,13,409.0,139.0,0.0
520,15,405.0,50.0,0.0
520,2,123.0,177.0,0.16
520,10,100.0,200.0,0.0
520,18,100.0,200.0,0.0
520,21,455.95459415460186,835.9545941546019,0.0
521,5,317.04540584539814,50.04540584539816,0.0
521,16,515.0,895.0,0.0
521,20,466.0,846.0,0.0
521,12,100.0,200.0,0.0
521,24,1.0,307.0,0.0
521,8,100.0,200.0,0.3200000000000001
521,17,100.0,200.0,0.2700000000000001
521,1,53.95459415460184,246.04540584539816,0.0
521,19,33.95459415460184,265.04540584539814,0.0
521,22,505.0,885.0,0.0
521,23,284.04540584539814,54.04540584539816,0.0
521,6,508.95459415460186,888.9545941546019,0.0
521,11,256.04540584539814,105.04540584539816,0.0
521,9,591.9545941546019,971.9545941546019,0.0
521,14,69.95459415460184,230.04540584539816,0.0
521,3,214.04540584539816,84.95459415460184,0.0
521,7,256.04540584539814,78.04540584539816,0.0
521,25,66.95459415460184,233.04540584539816,0.0
521,4,279.04540584539814,87.04540584539816,0.0
521,13,408.04540584539814,138.04540584539816,0.0
521,15,404.04540584539814,49.04540584539816,0.0
521,2,122.0,178.0,0.16
521,10,100.0,200.0,0.0
521,18,100.0,200.0,0.0
521,21,456.0,836.0,0.0
522,5,317.0,50.0,0.0
522,16,515.9545941546019,895.9545941546019,0.0
522,20,466.95459415460186,846.9545941546019,0.0
522,12,100.0,200.0,0.0
522,24,1.0,306.0,0.0
522,8,100.0,200.0,0.3200000000000001
522,17,100.0,200.0,0.2700000000000001
522,1,54.0,246.0,0.0
522,19,34.0,265.0,0.0
522,22,505.95459415460186,885.9545941546019,0.0
522,23,284.0,54.0,0.0
522,6,509.0,889.0,0.0
522,11,256.0,105.0,0.0
522,9,592.0,972.0,0.0
522,14,70.0,230.0,0.0
522,3,214.0,85.0,0.0
522,7,256.0,78.0,0.0
522,25,67.0,233.0,0.0
522,4,279.0,87.0,0.0
522,13,408.0,138.0,0.0
522,15,404.0,49.0,0.0
522,2,121.0,179.0,0.16
522,10,100.0,200.0,0.0
522,18,100.0,200.0,0.0
522,21,456.95459415460186,836.9545941546019,0.0
523,5,316.04540584539814,49.04540584539816,0.0
523,16,516.0,896.0,0.0
523,20,467.0,847.0,0.0
523,12,100.0,200.0,0.0
523,24,1.0,305.0,0.0
523,8,100.0,200.0,0.3200000000000001
523,17,100.0,200.0,0.2700000000000001
523,1,54.95459415460184,245.04540584539816,0.0
523,19,34.95459415460184,264.04540584539814,0.0
523,22,506.0,886.0,0.0
523,23,283.04540584539814,53.04540584539816,0.0
523,6,509.95459415460186,889.9545941546019,0.0
523,11,255.04540584539816,104.04540584539816,0.0
523,9,592.9545941546019,972.9545941546019,0.0
523,14,70.95459415460184,229.04540584539816,0.0
523,3,213.04540584539816,85.95459415460184,0.0
523,7,255.04540584539816,77.04540584539816,0.0
523,25,67.95459415460184,232.04540584539816,0.0
523,4,278.04540584539814,86.04540584539816,0.0
523,13,407.04540584539814,137.04540584539816,0.0
523,15,403.04540584539814,48.04540584539816,0.0
523,2,120.0,180.0,0.16
523,10,100.0,200.0,0.0
523,18,100.0,200.0,0.0
523,21,457.0,837.0,0.0
524,5,316.0,49.0,0.0
524,16,516.9545941546019,896.9545941546019,0.0
524,20,467.95459415460186,847.9545941546019,0.0
524,12,100.0,200.0,0.0
524,24,1.0,304.0,0.0
524,8,100.0,200.0,0.3200000000000001
524,17,100.0,200.0,0.2700000000000001
524,1,55.0,245.0,0.0
524,19,35.0,264.0,0.0
524,22,506.95459415460186,886.9545941546019,0.0
524,23,283.0,53.0,0.0
524,6,510.0,890.0,0.0
524,11,255.0,104.0,0.0
524,9,593.0,973.0,0.0
524,14,71.0,229.0,0.0
524,3,213.0,86.0,0.0
524,7,255.0,77.0,0.0
524,25,68.0,232.0,0.0
524,4,278.0,86.0,0.0
524,13,407.0,137.0,0.0
524,15,403.0,48.0,0.0
524,2,119.0,181.0,0.16
524,10,100.0,200.0,0.0
524,18,100.0,200.0,0.0
524,21,457.95459415460186,837.9545941546019,0.0
525,5,315.04540584539814,48.04540584539816,0.0
525,16,517.0,897.0,0.0
525,20,468.0,848.0,0.0
525,12,100.0,200.0,0.0
525,24,1.0,303.0,0.0
525,8,100.0,200.0,0.3200000000000001
525,17,100.0,200.0,0.2700000000000001
525,1,55.95459415460184,244.04540584539816,0.0
525,19,35.95459415460184,263.04540584539814,0.0
525,22,507.0,887.0,0.0
525,23,282.04540584539814,52.04540584539816,0.0
525,6,510.95459415460186,890.9545941546019,0.0
525,11,254.04540584539816,103.04540584539816,0.0
525,9,593.9545941546019,973.9545941546019,0.0
525,14,71.95459415460184,228.04540584539816,0.0
525,3,212.04540584539816,86.95459415460184,0.0
525,7,254.04540584539816,76.04540584539816,0.0
525,25,68.95459415460184,231.04540584539816,0.0
525,4,277.04540584539814,85.04540584539816,0.0
525,13,406.04540584539814,136.04540584539816,0.0
525,15,402.04540584539814,47.04540584539816,0.0
525,2,118.0,182.0,0.16
525,10,100.0,200.0,0.0
525,18,100.0,200.0,0.0
525,21,458.0,838.0,0.0
526,5,315.0,48.0,0.0
526,16,517.9545941546019,897.9545941546019,0.0
526,20,468.95459415460186,848.9545941546019,0.0
526,12,100.0,200.0,0.0
526,24,1.0,302.0,0.0
526,8,100.0,200.0,0.3200000000000001
526,17,100.0,200.0,0.2700000000000001
526,1,56.0,244.0,0.0
526,19,36.0,263.0,0.0
526,22,507.95459415460186,887.9545941546019,0.0
526,23,282.0,52.0,0.0
526,6,511.0,891.0,0.0
526,11,254.0,103.0,0.0
526,9,594.0,974.0,0.0
526,14,72.0,228.0,0.0
526,3,212.0,87.0,0.0
526,7,254.0,76.0,0.0
526,25,69.0,231.0,0.0
526,4,277.0,85.0,0.0
526,13,406.0,136.0,0.0
526,15,402.0,47.0,0.0
526,2,117.0,183.0,0.16
526,10,100.0,200.0,0.0
526,18,100.0,200.0,0.0
526,21,458.95459415460186,838.9545941546019,0.0
527,5,314.04540584539814,47.04540584539816,0.0
527,16,518.0,898.0,0.0
527,20,469.0,849.0,0.0
527,12,100.0,200.0,0.0
527,24,1.0,301.0,0.0
527,8,100.0,200.0,0.3200000000000001
527,17,100.0,200.0,0.2700000000000001
527,1,56.95459415460184,243.04540584539816,0.0
527,19,36.95459415460184,262.04540584539814,0.0
527,22,508.0,888.0,0.0
527,23,281.04540584539814,51.04540584539816,0.0
527,6,511.95459415460186,891.9545941546019,0.0
527,11,253.04540584539816,102.04540584539816,0.0
527,9,594.9545941546019,974.9545941546019,0.0
527,14,72.95459415460184,227.04540584539816,0.0
527,3,211.04540584539816,87.95459415460184,0.0
527,7,253.04540584539816,75.04540584539816,0.0
527,25,69.95459415460184,230.04540584539816,0.0
527,4,276.04540584539814,84.04540584539816,0.0
527,13,405.04540584539814,135.04540584539816,0.0
527,15,401.04540584539814,46.04540584539816,0.0
527,2,116.0,184.0,0.16
527,10,100.0,200.0,0.0
527,18,100.0,200.0,0.0
527,21,459.0,839.0,0.0
528,5,314.0,47.0,0.0
528,16,518.9545941546019,898.9545941546019,0.0
528,20,469.95459415460186,849.9545941546019,0.0
528,12,100.0,200.0,0.0
528,24,1.0,300.0,0.0
528,8,100.0,200.0,0.3200000000000001
528,17,100.0,200.0,0.2700000000000001
528,1,57.0,243.0,0.0
528,19,37.0,262.0,0.0
528,22,508.95459415460186,888.9545941546019,0.0
528,23,281.0,51.0,0.0
528,6,512.0,892.0,0.0
528,11,253.0,102.0,0.0
528,9,595.0,975.0,0.0
528,14,73.0,227.0,0.0
528,3,211.0,88.0,0.0
528,7,253.0,75.0,0.0
528,25,70.0,230.0,0.0
528,4,276.0,84.0,0.0
528,13,405.0,135.0,0.0
528,15,401.0,46.0,0.0
528,2,115.0,185.0,0.16
528,10,100.0,200.0,0.0
528,18,100.0,200.0,0.0
528,21,459.95459415460186,839.9545941546019,0.0
529,5,313.04540584539814,46.04540584539816,0.0
529,16,519.0,899.0,0.0
529,20,470.0,850.0,0.0
529,12,100.0,200.0,0.0
529,24,1.0,299.0,0.0
529,8,100.0,200.0,0.3200000000000001
529,17,100.0,200.0,0.2700000000000001
529,1,57.95459415460184,242.04540584539816,0.0
529,19,37.95459415460184,261.04540584539814,0.0
529,22,509.0,889.0,0.0
529,23,280.04540584539814,50.04540584539816,0.0
529,6,512.9545941546019,892.9545941546019,0.0
529,11,252.04540584539816,101.04540584539816,0.0
529,9,595.9545941546019,975.9545941546019,0.0
529,14,73.95459415460184,226.04540584539816,0.0
529,3,210.04540584539816,88.95459415460184,0.0
529,7,252.04540584539816,74.04540584539816,0.0
529,25,70.95459415460184,229.04540584539816,0.0
529,4,275.04540584539814,83.04540584539816,0.0
529,13,404.04540584539814,134.04540584539816,0.0
529,15,400.04540584539814,45.04540584539816,0.0
529,2,114.0,186.0,0.16
529,10,100.0,200.0,0.0
529,18,100.0,200.0,0.0
529,21,460.0,840.0,0.0
530,5,313.0,46.0,0.0
530,16,519.9545941546019,899.9545941546019,0.0
530,20,470.95459415460186,850.9545941546019,0.0
530,12,100.0,200.0,0.0
530,24,1.954594154601839,298.04540584539814,0.0
530,8,100.0,200.0,0.3200000000000001
530,17,100.0,200.0,0.2700000000000001
530,1,58.0,242.0,0.0
530,19,38.0,261.0,0.0
530,22,509.95459415460186,889.9545941546019,0.0
530,23,280.0,50.0,0.0
530,6,513.0,893.0,0.0
530,11,252.0,101.0,0.0
530,9,596.0,976.0,0.0
530,14,74.0,226.0,0.0
530,3,210.0,89.0,0.0
530,7,252.0,74.0,0.0
530,25,71.0,229.0,0.0
530,4,275.0,83.0,0.0
530,13,404.0,134.0,0.0
530,15,400.0,45.0,0.0
530,2,113.0,187.0,0.16
530,10,100.0,200.0,0.0
530,18,100.0,200.0,0.0
530,21,460.95459415460186,840.9545941546019,0.0
531,5,312.04540584539814,45.04540584539816,0.0
531,16,520.0,900.0,0.0
531,20,471.0,851.0,0.0
531,12,100.0,200.0,0.0
531,24,2.0,298.0,0.0
531,8,100.0,200.0,0.3200000000000001
531,17,100.0,200.0,0.2700000000000001
531,1,58.95459415460184,241.04540584539816,0.0
531,19,38.95459415460184,260.04540584539814,0.0
531,22,510.0,890.0,0.0
531,23,279.04540584539814,49.04540584539816,0.0
531,6,513.9545941546019,893.9545941546019,0.0
531,11,251.04540584539816,100.04540584539816,0.0
531,9,596.9545941546019,976.9545941546019,0.0
531,14,74.95459415460184,225.04540584539816,0.0
531,3,209.04540584539816,89.95459415460184,0.0
531,7,251.04540584539816,73.04540584539816,0.0
531,25,71.95459415460184,228.04540584539816,0.0
531,4,274.04540584539814,82.04540584539816,0.0
531,13,403.04540584539814,133.04540584539816,0.0
531,15,399.04540584539814,44.04540584539816,0.0
531,2,112.0,188.0,0.16
531,10,100.0,200.0,0.0
531,18,100.0,200.0,0.0
531,21,461.0,841.0,0.0
532,5,312.0,45.0,0.0
532,16,520.9545941546019,900.9545941546019,0.0
532,20,471.95459415460186,851.9545941546019,0.0
532,12,100.0,200.0,0.0
532,24,2.954594154601839,297.04540584539814,0.0
532,8,100.0,200.0,0.3200000000000001
532,17,100.0,200.0,0.2700000000000001
532,1,59.0,241.0,0.0
532,19,39.0,260.0,0.0
532,22,510.95459415460186,890.9545941546019,0.0
532,23,279.0,49.0,0.0
532,6,514.0,894.0,0.0
532,11,251.0,100.0,0.0
532,9,597.0,977.0,0.0
532,14,75.0,225.0,0.0
532,3,209.0,90.0,0.0
532,7,251.0,73.0,0.0
532,25,72.0,228.0,0.0
532,4,274.0,82.0,0.0
532,13,403.0,133.0,0.0
532,15,399.0,44.0,0.0
532,2,111.0,189.0,0.16
532,10,100.0,200.0,0.0
532,18,100.0,200.0,0.0
532,21,461.95459415460186,841.9545941546019,0.0
533,5,311.04540584539814,44.04540584539816,0.0
533,16,521.0,901.0,0.0
533,20,472.0,852.0,0.0
533,12,100.0,200.0,0.0
533,24,3.0,297.0,0.0
533,8,100.0,200.0,0.3200000000000001
533,17,100.0,200.0,0.2700000000000001
533,1,59.95459415460184,240.04540584539816,0.0
533,19,39.95459415460184,259.04540584539814,0.0
533,22,511.0,891.0,0.0
533,23,278.04540584539814,48.04540584539816,0.0
533,6,514.9545941546019,894.9545941546019,0.0
533,11,250.04540584539816,99.04540584539816,0.0
533,9,597.9545941546019,977.9545941546019,0.0
533,14,75.95459415460184,224.04540584539816,0.0
533,3,208.04540584539816,90.95459415460184,0.0
533,7,250.04540584539816,72.04540584539816,0.0
533,25,72.95459415460184,227.04540584539816,0.0
533,4,273.04540584539814,81.04540584539816,0.0
533,13,402.04540584539814,132.04540584539816,0.0
533,15,398.04540584539814,43.04540584539816,0.0
533,2,110.0,190.0,0.16
533,10,100.0,200.0,0.0
533,18,100.0,200.0,0.0
533,21,462.0,842.0,0.0
534,5,311.0,44.0,0.0
534,16,521.9545941546019,901.9545941546019,0.0
534,20,472.95459415460186,852.9545941546019,0.0
534,12,100.0,200.0,0.0
534,24,3.954594154601839,296.04540584539814,0.0
534,8,100.0,200.0,0.3200000000000001
534,17,100.0,200.0,0.2700000000000001
534,1,60.0,240.0,0.0
534,19,40.0,259.0,0.0
534,22,511.95459415460186,891.9545941546019,0.0
534,23,278.0,48.0,0.0
534,6,515.0,895.0,0.0
534,11,250.0,99.0,0.0
534,9,598.0,978.0,0.0
534,14,76.0,224.0,0.0
534,3,208.0,91.0,0.0
534,7,250.0,72.0,0.0
534,25,73.0,227.0,0.0
534,4,273.0,81.0,0.0
534,13,402.0,132.0,0.0
534,15,398.0,43.0,0.0
534,2,109.0,191.0,0.16
534,10,100.0,200.0,0.0
534,18,100.0,200.0,0.0
534,21,462.95459415460186,842.9545941546019,0.0
535,5,310.04540584539814,43.04540584539816,0.0
535,16,522.0,902.0,0.0
535,20,473.0,853.0,0.0
535,12,100.0,200.0,0.0
535,24,4.0,296.0,0.0
535,8,100.0,200.0,0.3200000000000001
535,17,100.0,200.0,0.2700000000000001
535,1,60.95459415460184,239.04540584539816,0.0
535,19,40.95459415460184,258.04540584539814,0.0
535,22,512.0,892.0,0.0
535,23,277.04540584539814,47.04540584539816,0.0
535,6,515.9545941546019,895.9545941546019,0.0
535,11,249.04540584539816,98.04540584539816,0.0
535,9,598.9545941546019,978.9545941546019,0.0
535,14,76.95459415460184,223.04540584539816,0.0
535,3,207.04540584539816,91.95459415460184,0.0
535,7,249.04540584539816,71.04540584539816,0.0
535,25,73.95459415460184,226.04540584539816,0.0
535,4,272.04540584539814,80.04540584539816,0.0
535,13,401.04540584539814,131.04540584539816,0.0
535,15,397.04540584539814,42.04540584539816,0.0
535,2,108.0,192.0,0.16
535,10,100.0,200.0,0.0
535,18,100.0,200.0,0.0
535,21,463.0,843.0,0.0
536,5,310.0,43.0,0.0
536,16,522.9545941546019,902.9545941546019,0.0
536,20,473.95459415460186,853.9545941546019,0.0
536,12,100.0,200.0,0.0
536,24,4.954594154601839,295.04540584539814,0.0
536,8,100.0,200.0,0.3200000000000001
536,17,100.0,200.0,0.2700000000000001
536,1,61.0,239.0,0.0
536,19,41.0,258.0,0.0
536,22,512.9545941546019,892.9545941546019,0.0
536,23,277.0,47.0,0.0
536,6,516.0,896.0,0.0
536,11,249.0,98.0,0.0
536,9,599.0,979.0,0.0
536,14,77.0,223.0,0.0
536,3,207.0,92.0,0.0
536,7,249.0,71.0,0.0
536,25,74.0,226.0,0.0
536,4,272.0,80.0,0.0
536,13,401.0,131.0,0.0
536,15,397.0,42.0,0.0
536,2,107.0,193.0,0.16
536,10,100.0,200.0,0.0
536,18,100.0,200.0,0.0
536,21,463.95459415460186,843.9545941546019,0.0
537,5,309.04540584539814,42.04540584539816,0.0
537,16,523.0,903.0,0.0
537,20,474.0,854.0,0.0
537,12,100.0,200.0,0.0
537,24,5.0,295.0,0.0
537,8,100.0,200.0,0.3200000000000001
537,17,100.0,200.0,0.2700000000000001
537,1,61.95459415460184,238.04540584539816,0.0
537,19,41.95459415460184,257.04540584539814,0.0
537,22,513.0,893.0,0.0
537,23,276.04540584539814,46.04540584539816,0.0
537,6,516.9545941546019,896.9545941546019,0.0
537,11,248.04540584539816,97.04540584539816,0.0
537,9,599.9545941546019,979.9545941546019,0.0
537,14,77.95459415460184,222.04540584539816,0.0
537,3,206.04540584539816,92.95459415460184,0.0
537,7,248.04540584539816,70.04540584539816,0.0
537,25,74.95459415460184,225.04540584539816,0.0
537,4,271.04540584539814,79.04540584539816,0.0
537,13,400.04540584539814,130.04540584539816,0.0
537,15,396.04540584539814,41.04540584539816,0.0
537,2,106.0,194.0,0.16
537,10,100.0,200.0,0.0
537,18,100.0,200.0,0.0
537,21,464.0,844.0,0.0
538,5,309.0,42.0,0.0
538,16,523.9545941546019,903.9545941546019,0.0
538,20,474.95459415460186,854.9545941546019,0.0
538,12,100.0,200.0,0.0
538,24,5.954594154601839,294.04540584539814,0.0
538,8,100.0,200.0,0.3200000000000001
538,17,100.0,200.0,0.2700000000000001
538,1,62.0,238.0,0.0
538,19,42.0,257.0,0.0
538,22,513.9545941546019,893.9545941546019,0.0
538,23,276.0,46.0,0.0
538,6,517.0,897.0,0.0
538,11,248.0,97.0,0.0
538,9,600.0,980.0,0.0
538,14,78.0,222.0,0.0
538,3,206.0,93.0,0.0
538,7,248.0,70.0,0.0
538,25,75.0,225.0,0.0
538,4,271.0,79.0,0.0
538,13,400.0,130.0,0.0
538,15,396.0,41.0,0.0
538,2,105.0,195.0,0.16
538,10,100.0,200.0,0.0
538,18,100.0,200.0,0.0
538,21,464.95459415460186,844.9545941546019,0.0
539,5,308.04540584539814,41.04540584539816,0.0
539,16,524.0,904.0,0.0
539,20,475.0,855.0,0.0
539,12,100.0,200.0,0.0
539,24,6.0,294.0,0.0
539,8,100.0,200.0,0.3200000000000001
539,17,100.0,200.0,0.2700000000000001
539,1,62.95459415460184,237.04540584539816,0.0
539,19,42.95459415460184,256.04540584539814,0.0
539,22,514.0,894.0,0.0
539,23,275.04540584539814,45.04540584539816,0.0
539,6,517.9545941546019,897.9545941546019,0.0
539,11,247.04540584539816,96.04540584539816,0.0
539,9,600.0,980.0,0.0
539,14,78.95459415460184,221.04540584539816,0.0
539,3,205.04540584539816,93.95459415460184,0.0
539,7,247.04540584539816,69.04540584539816,0.0
539,25,75.95459415460184,224.04540584539816,0.0
539,4,270.04540584539814,78.04540584539816,0.0
539,13,399.04540584539814,129.04540584539816,0.0
539,15,395.04540584539814,40.04540584539816,0.0
539,2,104.0,196.0,0.16
539,10,100.0,200.0,0.0
539,18,100.0,200.0,0.0
539,21,465.0,845.0,0.0
540,5,308.0,41.0,0.0
540,16,524.9545941546019,904.9545941546019,0.0
540,20,475.95459415460186,855.9545941546019,0.0
540,12,100.0,200.0,0.0
540,24,6.954594154601839,293.04540584539814,0.0
540,8,100.0,200.0,0.3200000000000001
540,17,100.0,200.0,0.2700000000000001
540,1,63.0,237.0,0.0
540,19,43.0,256.0,0.0
540,22,514.9545941546019,894.9545941546019,0.0
540,23,275.0,45.0,0.0
540,6,518.0,898.0,0.0
540,11,247.0,96.0,0.0
540,9,600.0,980.0,0.0
540,14,79.0,221.0,0.0
540,3,205.0,94.0,0.0
540,7,247.0,69.0,0.0
540,25,76.0,224.0,0.0
540,4,270.0,78.0,0.0
540,13,399.0,129.0,0.0
540,15,395.0,40.0,0.0
540,2,103.0,197.0,0.16
540,10,100.0,200.0,0.0
540,18,100.0,200.0,0.0
540,21,465.95459415460186,845.9545941546019,0.0
541,5,307.04540584539814,40.04540584539816,0.0
541,16,525.0,905.0,0.0
541,20,476.0,856.0,0.0
541,12,100.0,200.0,0.0
541,24,7.0,293.0,0.0
541,8,100.0,200.0,0.3200000000000001
541,17,100.0,200.0,0.2700000000000001
541,1,63.95459415460184,236.04540584539816,0.0
541,19,43.95459415460184,255.04540584539816,0.0
541,22,515.0,895.0,0.0
541,23,274.04540584539814,44.04540584539816,0.0
541,6,518.9545941546019,898.9545941546019,0.0
541,11,246.04540584539816,95.04540584539816,0.0
541,9,600.0,980.0,0.0
541,14,79.95459415460184,220.04540584539816,0.0
541,3,204.04540584539816,94.95459415460184,0.0
541,7,246.04540584539816,68.04540584539816,0.0
541,25,76.95459415460184,223.04540584539816,0.0
541,4,269.04540584539814,77.04540584539816,0.0
541,13,398.04540584539814,128.04540584539816,0.0
541,15,394.04540584539814,39.04540584539816,0.0
541,2,102.0,198.0,0.16
541,10,100.0,200.0,0.0
541,18,100.0,200.0,0.0
541,21,466.0,846.0,0.0
542,5,307.0,40.0,0.0
542,16,525.0,905.0,0.0
542,20,476.0,856.0,0.0
542,12,100.0,200.0,0.01
542,24,7.0,293.0,0.0
542,8,100.0,200.0,0.3300000000000001
542,17,100.0,200.0,0.2800000000000001
542,1,63.0,236.0,0.01
542,19,43.0,255.0,0.01
542,22,515.0,895.0,0.0
542,23,274.0,44.0,0.0
542,6,518.0,898.0,0.0
542,11,246.0,95.0,0.01
542,9,600.0,980.0,0.0
542,14,79.0,220.0,0.01
542,3,204.0,94.0,0.01
542,7,246.0,68.0,0.0
542,25,76.0,223.0,0.01
542,4,269.0,77.0,0.0
542,13,398.0,128.0,0.01
542,15,394.0,39.0,0.0
542,2,102.0,198.0,0.17
542,10,100.0,200.0,0.01
542,18,100.0,200.0,0.01
542,21,466.0,846.0,0.0
543,5,306.04540584539814,39.04540584539816,0.0
543,16,525.9545941546019,905.9545941546019,0.0
543,20,476.95459415460186,856.9545941546019,0.0
543,12,100.0,200.0,0.02
543,24,7.954594154601839,292.04540584539814,0.0
543,8,100.0,200.0,0.34000000000000014
543,17,100.0,200.0,0.2900000000000001
543,1,63.962126829288096,235.0378731707119,0.02
543,19,43.962126829288096,254.0378731707119,0.02
543,22,515.9545941546019,895.9545941546019,0.0
543,23,273.04540584539814,43.04540584539816,0.0
543,6,518.0,898.0,0.0
543,11,245.0378731707119,94.0378731707119,0.02
543,9,600.0,980.0,0.0
543,14,79.9621268292881,219.0378731707119,0.02
543,3,203.0378731707119,94.9621268292881,0.02
543,7,245.04540584539816,67.04540584539816,0.0
543,25,76.9621268292881,222.0378731707119,0.02
543,4,268.04540584539814,76.04540584539816,0.0
543,13,397.0378731707119,127.0378731707119,0.02
543,15,393.04540584539814,38.04540584539816,0.0
543,2,101.0,199.0,0.18000000000000002
543,10,100.0,200.0,0.02
543,18,100.0,200.0,0.02
543,21,466.95459415460186,846.9545941546019,0.0
544,5,306.0,39.0,0.0
544,16,526.0,906.0,0.0
544,20,477.0,857.0,0.0
544,12,100.0,200.0,0.03
544,24,8.0,292.0,0.0
544,8,100.0,200.0,0.35000000000000014
544,17,100.0,200.0,0.3000000000000001
544,1,64.0,235.0,0.03
544,19,44.0,254.0,0.03
544,22,516.0,896.0,0.0
544,23,273.0,43.0,0.0
544,6,518.9545941546019,898.9545941546019,0.0
544,11,245.0,94.0,0.03
544,9,600.0,980.0,0.0
544,14,80.0,219.0,0.03
544,3,203.0,95.0,0.03
544,7,245.0,67.0,0.0
544,25,77.0,222.0,0.03
544,4,268.0,76.0,0.0
544,13,397.0,127.0,0.03
544,15,393.0,38.0,0.0
544,2,100.0,200.0,0.19000000000000003
544,10,100.0,200.0,0.03
544,18,100.0,200.0,0.03
544,21,467.0,847.0,0.0
545,5,305.04540584539814,38.04540584539816,0.0
545,16,526.9545941546019,906.9545941546019,0.0
545,20,477.95459415460186,857.9545941546019,0.0
545,12,100.0,200.0,0.04
545,24,8.954594154601839,291.04540584539814,0.0
545,8,100.0,200.0,0.36000000000000015
545,17,100.0,200.0,0.3100000000000001
545,1,64.96971894409103,234.03028105590897,0.04
545,19,44.969718944091035,253.03028105590897,0.04
545,22,516.9545941546019,896.9545941546019,0.0
545,23,272.04540584539814,42.04540584539816,0.0
545,6,519.0,899.0,0.0
545,11,244.03028105590897,93.03028105590897,0.04
545,9,600.0,980.0,0.0
545,14,80.96971894409103,218.03028105590897,0.04
545,3,202.03028105590897,95.96971894409103,0.04
545,7,244.04540584539816,66.04540584539816,0.0
545,25,77.96971894409103,221.03028105590897,0.04
545,4,267.04540584539814,75.04540584539816,0.0
545,13,396.030281055909,126.03028105590897,0.04
545,15,392.04540584539814,37.04540584539816,0.0
545,2,100.0,200.0,0.20000000000000004
545,10,100.0,200.0,0.04
545,18,100.0,200.0,0.04
545,21,467.95459415460186,847.9545941546019,0.0
546,5,305.0,38.0,0.0
546,16,527.0,907.0,0.0
546,20,478.0,858.0,0.0
546,12,100.0,200.0,0.05
546,24,9.0,291.0,0.0
546,8,100.0,200.0,0.37000000000000016
546,17,100.0,200.0,0.3200000000000001
546,1,65.0,234.0,0.05
546,19,45.0,253.0,0.05
546,22,517.0,897.0,0.0
546,23,272.0,42.0,0.0
546,6,519.9545941546019,899.9545941546019,0.0
546,11,244.0,93.0,0.05
546,9,600.0,980.0,0.0
546,14,81.0,218.0,0.05
546,3,202.0,96.0,0.05
546,7,244.0,66.0,0.0
546,25,78.0,221.0,0.05
546,4,267.0,75.0,0.0
546,13,396.0,126.0,0.05
546,15,392.0,37.0,0.0
546,2,100.0,200.0,0.21000000000000005
546,10,100.0,200.0,0.05
546,18,100.0,200.0,0.05
546,21,468.0,848.0,0.0
547,5,304.04540584539814,37.04540584539816,0.0
547,16,527.9545941546019,907.9545941546019,0.0
547,20,478.95459415460186,858.9545941546019,0.0
547,12,100.0,200.0,0.060000000000000005
547,24,9.954594154601839,290.04540584539814,0.0
547,8,100.0,200.0,0.38000000000000017
547,17,100.0,200.0,0.3300000000000001
547,1,65.97737096805088,233.02262903194912,0.060000000000000005
547,19,45.97737096805088,252.02262903194912,0.060000000000000005
547,22,517.9545941546019,897.9545941546019,0.0
547,23,271.04540584539814,41.04540584539816,0.0
547,6,520.0,900.0,0.0
547,11,243.02262903194912,92.02262903194912,0.060000000000000005
547,9,600.0,980.0,0.0
547,14,81.97737096805088,217.02262903194912,0.060000000000000005
547,3,201.02262903194912,96.97737096805088,0.060000000000000005
547,7,243.04540584539816,65.04540584539816,0.0
547,25,78.97737096805088,220.02262903194912,0.060000000000000005
547,4,266.04540584539814,74.04540584539816,0.0
547,13,395.0226290319491,125.02262903194912,0.060000000000000005
547,15,391.04540584539814,36.04540584539816,0.0
547,2,100.0,200.0,0.22000000000000006
547,10,100.0,200.0,0.060000000000000005
547,18,100.0,200.0,0.060000000000000005
547,21,468.95459415460186,848.9545941546019,0.0
548,5,304.0,37.0,0.0
548,16,528.0,908.0,0.0
548,20,479.0,859.0,0.0
548,12,100.0,200.0,0.07
548,24,10.0,290.0,0.0
548,8,100.0,200.0,0.3900000000000002
548,17,100.0,200.0,0.34000000000000014
548,1,66.0,233.0,0.07
548,19,46.0,252.0,0.07
548,22,518.0,898.0,0.0
548,23,271.0,41.0,0.0
548,6,520.9545941546019,900.9545941546019,0.0
548,11,243.0,92.0,0.07
548,9,600.0,980.0,0.0
548,14,82.0,217.0,0.07
548,3,201.0,97.0,0.07
548,7,243.0,65.0,0.0
548,25,79.0,220.0,0.07
548,4,266.0,74.0,0.0
548,13,395.0,125.0,0.07
548,15,391.0,36.0,0.0
548,2,100.0,200.0,0.23000000000000007
548,10,100.0,200.0,0.07
548,18,100.0,200.0,0.07
548,21,469.0,849.0,0.0
549,5,303.04540584539814,36.04540584539816,0.0
549,16,528.9545941546019,908.9545941546019,0.0
549,20,479.95459415460186,859.9545941546019,0.0
549,12,100.0,200.0,0.08
549,24,10.954594154601839,289.04540584539814,0.0
549,8,100.0,200.0,0.4000000000000002
549,17,100.0,200.0,0.35000000000000014
549,1,66.98508337390903,232.01491662609095,0.08
549,19,46.98508337390904,251.01491662609095,0.08
549,22,518.9545941546019,898.9545941546019,0.0
549,23,270.04540584539814,40.04540584539816,0.0
549,6,521.0,901.0,0.0
549,11,242.01491662609095,91.01491662609097,0.08
549,9,600.0,980.0,0.0
549,14,82.98508337390903,216.01491662609095,0.08
549,3,200.01491662609095,97.98508337390903,0.08
549,7,242.04540584539816,64.04540584539816,0.0
549,25,79.98508337390903,219.01491662609095,0.08
549,4,265.04540584539814,73.04540584539816,0.0
549,13,394.01491662609095,124.01491662609097,0.08
549,15,390.04540584539814,35.04540584539816,0.0
549,2,100.0,200.0,0.24000000000000007
549,10,100.0,200.0,0.08
549,18,100.0,200.0,0.08
549,21,469.95459415460186,849.9545941546019,0.0
550,5,303.0,36.0,0.0
550,16,529.0,909.0,0.0
550,20,480.0,860.0,0.0
550,12,100.0,200.0,0.09
550,24,11.0,289.0,0.0
550,8,100.0,200.0,0.4100000000000002
550,17,100.0,200.0,0.36000000000000015
550,1,67.0,232.0,0.09
550,19,47.0,251.0,0.09
550,22,519.0,899.0,0.0
550,23,270.0,40.0,0.0
550,6,521.9545941546019,901.9545941546019,0.0
550,11,242.0,91.0,0.09
550,9,600.0,980.0,0.0
550,14,83.0,216.0,0.09
550,3,200.0,98.0,0.09
550,7,242.0,64.0,0.0
550,25,80.0,219.0,0.09
550,4,265.0,73.0,0.0
550,13,394.0,124.0,0.09
550,15,390.0,35.0,0.0
550,2,100.0,200.0,0.25000000000000006
550,10,100.0,200.0,0.09
550,18,100.0,200.0,0.09
550,21,470.0,850.0,0.0
551,5,302.04540584539814,35.04540584539816,0.0
551,16,529.9545941546019,909.9545941546019,0.0
551,20,480.95459415460186,860.9545941546019,0.0
551,12,100.0,200.0,0.09999999999999999
551,24,11.954594154601839,288.04540584539814,0.0
551,8,100.0,200.0,0.4200000000000002
551,17,100.0,200.0,0.37000000000000016
551,1,67.99285663813733,231.00714336186266,0.09999999999999999
551,19,47.992856638137326,250.00714336186266,0.09999999999999999
551,22,519.9545941546019,899.9545941546019,0.0
551,23,269.04540584539814,39.04540584539816,0.0
551,6,522.0,902.0,0.0
551,11,241.00714336186266,90.00714336186267,0.09999999999999999
551,9,600.0,980.0,0.0
551,14,83.99285663813733,215.00714336186266,0.09999999999999999
551,3,199.00714336186266,98.99285663813733,0.09999999999999999
551,7,241.04540584539816,63.04540584539816,0.0
551,25,80.99285663813733,218.00714336186266,0.09999999999999999
551,4,264.04540584539814,72.04540584539816,0.0
551,13,393.0071433618627,123.00714336186267,0.09999999999999999
551,15,389.04540584539814,34.04540584539816,0.0
551,2,100.0,200.0,0.26000000000000006
551,10,100.0,200.0,0.09999999999999999
551,18,100.0,200.0,0.09999999999999999
551,21,470.95459415460186,850.9545941546019,0.0
552,5,302.0,35.0,0.0
552,16,530.0,910.0,0.0
552,20,481.0,861.0,0.0
552,12,100.0,200.0,0.10999999999999999
552,24,12.0,288.0,0.0
552,8,100.0,200.0,0.4300000000000002
552,17,100.0,200.0,0.38000000000000017
552,1,68.0,231.0,0.10999999999999999
552,19,48.0,250.0,0.10999999999999999
552,22,520.0,900.0,0.0
552,23,269.0,39.0,0.0
552,6,522.9545941546019,902.9545941546019,0.0
552,11,241.0,90.0,0.10999999999999999
552,9,600.0,980.0,0.0
552,14,84.0,215.0,0.10999999999999999
552,3,199.0,99.0,0.10999999999999999
552,7,241.0,63.0,0.0
552,25,81.0,218.0,0.10999999999999999
552,4,264.0,72.0,0.0
552,13,393.0,123.0,0.10999999999999999
552,15,389.0,34.0,0.0
552,2,100.0,200.0,0.2700000000000001
552,10,100.0,200.0,0.10999999999999999
552,18,100.0,200.0,0.10999999999999999
552,21,471.0,851.0,0.0
553,5,301.04540584539814,34.04540584539816,0.0
553,16,530.9545941546019,910.9545941546019,0.0
553,20,481.95459415460186,861.9545941546019,0.0
553,12,100.0,200.0,0.11999999999999998
553,24,12.954594154601839,287.04540584539814,0.0
553,8,100.0,200.0,0.4400000000000002
553,17,100.0,200.0,0.3900000000000002
553,1,69.0,230.0,0.11999999999999998
553,19,49.0,249.0,0.11999999999999998
553,22,520.9545941546019,900.9545941546019,0.0
553,23,268.04540584539814,38.04540584539816,0.0
553,6,523.0,903.0,0.0
553,11,240.0,89.0,0.11999999999999998
553,9,600.0,980.0,0.0
553,14,85.0,214.0,0.11999999999999998
553,3,198.0,100.0,0.11999999999999998
553,7,240.04540584539816,62.04540584539816,0.0
553,25,82.0,217.0,0.11999999999999998
553,4,263.04540584539814,71.04540584539816,0.0
553,13,392.0,122.0,0.11999999999999998
553,15,388.04540584539814,33.04540584539816,0.0
553,2,100.0,200.0,0.2800000000000001
553,10,100.0,200.0,0.11999999999999998
553,18,100.0,200.0,0.11999999999999998
553,21,471.95459415460186,851.9545941546019,0.0
554,5,301.0,34.0,0.0
554,16,531.0,911.0,0.0
554,20,482.0,862.0,0.0
554,12,100.0,200.0,0.12999999999999998
554,24,13.0,287.0,0.0
554,8,100.0,200.0,0.45000000000000023
554,17,100.0,200.0,0.4000000000000002
554,1,70.0,229.0,0.12999999999999998
554,19,50.0,248.0,0.12999999999999998
554,22,521.0,901.0,0.0
554,23,268.0,38.0,0.0
554,6,523.9545941546019,903.9545941546019,0.0
554,11,239.0,88.0,0.12999999999999998
554,9,600.0,980.0,0.0
554,14,86.0,213.0,0.12999999999999998
554,3,197.0,101.0,0.12999999999999998
554,7,240.0,62.0,0.0
554,25,83.0,216.0,0.12999999999999998
554,4,263.0,71.0,0.0
554,13,391.0,121.0,0.12999999999999998
554,15,388.0,33.0,0.0
554,2,100.0,200.0,0.2900000000000001
554,10,100.0,200.0,0.12999999999999998
554,18,100.0,200.0,0.12999999999999998
554,21,472.0,852.0,0.0
555,5,300.04540584539814,33.04540584539816,0.0
555,16,531.9545941546019,911.9545941546019,0.0
555,20,482.95459415460186,862.9545941546019,0.0
555,12,100.0,200.0,0.13999999999999999
555,24,13.954594154601839,286.04540584539814,0.0
555,8,100.0,200.0,0.46000000000000024
555,17,100.0,200.0,0.4100000000000002
555,1,71.0,228.0,0.13999999999999999
555,19,51.0,247.0,0.13999999999999999
555,22,521.9545941546019,901.9545941546019,0.0
555,23,267.04540584539814,37.04540584539816,0.0
555,6,524.0,904.0,0.0
555,11,238.0,87.0,0.13999999999999999
555,9,600.0,980.0,0.0
555,14,87.0,212.0,0.13999999999999999
555,3,196.0,102.0,0.13999999999999999
555,7,239.04540584539816,61.04540584539816,0.0
555,25,84.0,215.0,0.13999999999999999
555,4,262.04540584539814,70.04540584539816,0.0
555,13,390.0,120.0,0.13999999999999999
555,15,387.04540584539814,32.04540584539816,0.0
555,2,100.0,200.0,0.3000000000000001
555,10,100.0,200.0,0.13999999999999999
555,18,100.0,200.0,0.13999999999999999
555,21,472.95459415460186,852.9545941546019,0.0
556,5,300.0,33.0,0.0
556,16,532.0,912.0,0.0
556,20,483.0,863.0,0.0
556,12,100.0,200.0,0.15
556,24,14.0,286.0,0.0
556,8,100.0,200.0,0.47000000000000025
556,17,100.0,200.0,0.4200000000000002
556,1,72.0,227.0,0.15
556,19,52.0,246.0,0.15
556,22,522.0,902.0,0.0
556,23,267.0,37.0,0.0
556,6,524.9545941546019,904.9545941546019,0.0
556,11,237.0,86.0,0.15
556,9,600.0,980.0,0.0
556,14,88.0,211.0,0.15
556,3,195.0,103.0,0.15
556,7,239.0,61.0,0.0
556,25,85.0,214.0,0.15
556,4,262.0,70.0,0.0
556,13,389.0,119.0,0.15
556,15,387.0,32.0,0.0
556,2,100.0,200.0,0.3100000000000001
556,10,100.0,200.0,0.15
556,18,100.0,200.0,0.15
556,21,473.0,853.0,0.0
557,5,299.04540584539814,32.04540584539816,0.0
557,16,532.9545941546019,912.9545941546019,0.0
557,20,483.95459415460186,863.9545941546019,0.0
557,12,100.0,200.0,0.16
557,24,14.954594154601839,285.04540584539814,0.0
557,8,100.0,200.0,0.48000000000000026
557,17,100.0,200.0,0.4300000000000002
557,1,73.0,226.0,0.16
557,19,53.0,245.0,0.16
557,22,522.9545941546019,902.9545941546019,0.0
557,23,266.04540584539814,36.04540584539816,0.0
557,6,525.0,905.0,0.0
557,11,236.0,85.0,0.16
557,9,600.0,980.0,0.0
557,14,89.0,210.0,0.16
557,3,194.0,104.0,0.16
557,7,238.04540584539816,61.95459415460184,0.0
557,25,86.0,213.0,0.16
557,4,261.04540584539814,69.04540584539816,0.0
557,13,388.0,118.0,0.16
557,15,386.04540584539814,31.04540584539816,0.0
557,2,100.0,200.0,0.3200000000000001
557,10,100.0,200.0,0.16
557,18,100.0,200.0,0.16
557,21,473.95459415460186,853.9545941546019,0.0
558,5,299.0,32.0,0.0
558,16,533.0,913.0,0.0
558,20,484.0,864.0,0.0
558,12,100.0,200.0,0.17
558,24,15.0,285.0,0.0
558,8,100.0,200.0,0.49000000000000027
558,17,100.0,200.0,0.4400000000000002
558,1,74.0,225.0,0.17
558,19,54.0,244.0,0.17
558,22,523.0,903.0,0.0
558,23,266.0,36.0,0.0
558,6,525.9545941546019,905.9545941546019,0.0
558,11,235.0,84.0,0.17
558,9,600.0,980.0,0.0
558,14,90.0,209.0,0.17
558,3,193.0,105.0,0.17
558,7,238.0,62.0,0.0
558,25,87.0,212.0,0.17
558,4,261.0,69.0,0.0
558,13,387.0,117.0,0.17
558,15,386.0,31.0,0.0
558,2,100.0,200.0,0.3300000000000001
558,10,100.0,200.0,0.17
558,18,100.0,200.0,0.17
558,21,474.0,854.0,0.0
559,5,298.04540584539814,31.04540584539816,0.0
559,16,533.9545941546019,913.9545941546019,0.0
559,20,484.95459415460186,864.9545941546019,0.0
559,12,100.0,200.0,0.18000000000000002
559,24,15.954594154601839,284.04540584539814,0.0
559,8,100.0,200.0,0.5000000000000002
559,17,100.0,200.0,0.45000000000000023
559,1,75.0,224.0,0.18000000000000002
559,19,55.0,243.0,0.18000000000000002
559,22,523.9545941546019,903.9545941546019,0.0
559,23,265.04540584539814,35.04540584539816,0.0
559,6,526.0,906.0,0.0
559,11,234.0,83.0,0.18000000000000002
559,9,600.0,980.0,0.0
559,14,91.0,208.0,0.18000000000000002
559,3,192.0,106.0,0.18000000000000002
559,7,237.04540584539816,62.95459415460184,0.0
559,25,88.0,211.0,0.18000000000000002
559,4,260.04540584539814,68.04540584539816,0.0
559,13,386.0,116.0,0.18000000000000002
559,15,385.04540584539814,30.04540584539816,0.0
559,2,100.0,200.0,0.34000000000000014
559,10,100.0,200.0,0.18000000000000002
559,18,100.0,200.0,0.18000000000000002
559,21,474.95459415460186,854.9545941546019,0.0
560,5,298.0,31.0,0.0
560,16,534.0,914.0,0.0
560,20,485.0,865.0,0.0
560,12,100.0,200.0,0.19000000000000003
560,24,16.0,284.0,0.0
560,8,100.0,200.0,0.5100000000000002
560,17,100.0,200.0,0.46000000000000024
560,1,76.0,223.0,0.19000000000000003
560,19,56.0,242.0,0.19000000000000003
560,22,524.0,904.0,0.0
560,23,265.0,35.0,0.0
560,6,526.9545941546019,906.9545941546019,0.0
560,11,233.0,82.0,0.19000000000000003
560,9,600.0,980.0,0.0
560,14,92.0,207.0,0.19000000000000003
560,3,191.0,107.0,0.19000000000000003
560,7,237.0,63.0,0.0
560,25,89.0,210.0,0.19000000000000003
560,4,260.0,68.0,0.0
560,13,385.0,115.0,0.19000000000000003
560,15,385.0,30.0,0.0
560,2,100.0,200.0,0.35000000000000014
560,10,100.0,200.0,0.19000000000000003
560,18,100.0,200.0,0.19000000000000003
560,21,475.0,855.0,0.0
561,5,297.04540584539814,30.04540584539816,0.0
561,16,534.9545941546019,914.9545941546019,0.0
561,20,485.95459415460186,865.9545941546019,0.0
561,12,100.0,200.0,0.20000000000000004
561,24,16.95459415460184,283.04540584539814,0.0
561,8,100.0,200.0,0.5200000000000002
561,17,100.0,200.0,0.47000000000000025
561,1,77.0,222.0,0.20000000000000004
561,19,57.0,241.0,0.20000000000000004
561,22,524.9545941546019,904.9545941546019,0.0
561,23,264.04540584539814,35.95459415460184,0.0
561,6,527.0,907.0,0.0
561,11,232.0,81.0,0.20000000000000004
561,9,600.0,980.0,0.0
561,14,93.0,206.0,0.20000000000000004
561,3,190.0,108.0,0.20000000000000004
561,7,236.04540584539816,63.95459415460184,0.0
561,25,90.0,209.0,0.20000000000000004
561,4,259.04540584539814,67.04540584539816,0.0
561,13,384.0,114.0,0.20000000000000004
561,15,384.04540584539814,29.04540584539816,0.0
561,2,100.0,200.0,0.36000000000000015
561,10,100.0,200.0,0.20000000000000004
561,18,100.0,200.0,0.20000000000000004
561,21,475.95459415460186,855.9545941546019,0.0
562,5,297.0,30.0,0.0
562,16,535.0,915.0,0.0
562,20,486.0,866.0,0.0
562,12,100.0,200.0,0.21000000000000005
562,24,17.0,283.0,0.0
562,8,100.0,200.0,0.5300000000000002
562,17,100.0,200.0,0.48000000000000026
562,1,78.0,221.0,0.21000000000000005
562,19,58.0,240.0,0.21000000000000005
562,22,525.0,905.0,0.0
562,23,264.0,36.0,0.0
562,6,527.9545941546019,907.9545941546019,0.0
562,11,231.0,80.0,0.21000000000000005
562,9,600.0,980.0,0.0
562,14,94.0,205.0,0.21000000000000005
562,3,189.0,109.0,0.21000000000000005
562,7,236.0,64.0,0.0
562,25,91.0,208.0,0.21000000000000005
562,4,259.0,67.0,0.0
562,13,383.0,113.0,0.21000000000000005
562,15,384.0,29.0,0.0
562,2,100.0,200.0,0.37000000000000016
562,10,100.0,200.0,0.21000000000000005
562,18,100.0,200.0,0.21000000000000005
562,21,476.0,856.0,0.0
563,5,296.04540584539814,29.04540584539816,0.0
563,16,535.9545941546019,915.9545941546019,0.0
563,20,486.95459415460186,866.9545941546019,0.0
563,12,100.0,200.0,0.22000000000000006
563,24,17.95459415460184,282.04540584539814,0.0
563,8,100.0,200.0,0.5400000000000003
563,17,100.0,200.0,0.4900000000000002
563,1,79.0,220.0,0.22000000000000006
563,19,59.0,239.0,0.22000000000000006
563,22,525.9545941546019,905.9545941546019,0.0
563,23,263.04540584539814,36.95459415460184,0.0
563,6,528.0,908.0,0.0
563,11,230.0,79.0,0.22000000000000006
563,9,600.0,980.0,0.0
563,14,95.0,204.0,0.22000000000000006
563,3,188.0,110.0,0.22000000000000006
563,7,235.04540584539816,64.95459415460184,0.0
563,25,92.0,207.0,0.22000000000000006
563,4,258.04540584539814,66.04540584539816,0.0
563,13,382.0,112.0,0.22000000000000006
563,15,383.04540584539814,28.04540584539816,0.0
563,2,100.0,200.0,0.38000000000000017
563,10,100.0,200.0,0.22000000000000006
563,18,100.0,200.0,0.22000000000000006
563,21,476.95459415460186,856.9545941546019,0.0
564,5,296.0,29.0,0.0
564,16,536.0,916.0,0.0
564,20,487.0,867.0,0.0
564,12,100.0,200.0,0.23000000000000007
564,24,18.0,282.0,0.0
564,8,100.0,200.0,0.5500000000000003
564,17,100.0,200.0,0.5000000000000002
564,1,80.0,219.0,0.23000000000000007
564,19,60.0,238.0,0.23000000000000007
564,22,526.0,906.0,0.0
564,23,263.0,37.0,0.0
564,6,528.9545941546019,908.9545941546019,0.0
564,11,229.0,78.0,0.23000000000000007
564,9,600.0,980.0,0.0
564,14,96.0,203.0,0.23000000000000007
564,3,187.0,111.0,0.23000000000000007
564,7,235.0,65.0,0.0
564,25,93.0,206.0,0.23000000000000007
564,4,258.0,66.0,0.0
564,13,381.0,111.0,0.23000000000000007
564,15,383.0,28.0,0.0
564,2,100.0,200.0,0.3900000000000002
564,10,100.0,200.0,0.23000000000000007
564,18,100.0,200.0,0.23000000000000007
564,21,477.0,857.0,0.0
565,5,295.04540584539814,28.04540584539816,0.0
565,16,536.9545941546019,916.9545941546019,0.0
565,20,487.95459415460186,867.9545941546019,0.0
565,12,100.0,200.0,0.24000000000000007
565,24,18.95459415460184,281.04540584539814,0.0
565,8,100.0,200.0,0.5600000000000003
565,17,100.0,200.0,0.5100000000000002
565,1,81.0,218.0,0.24000000000000007
565,19,61.0,237.0,0.24000000000000007
565,22,526.9545941546019,906.9545941546019,0.0
565,23,262.04540584539814,37.95459415460184,0.0
565,6,529.0,909.0,0.0
565,11,228.0,77.0,0.24000000000000007
565,9,600.0,980.0,0.0
565,14,97.0,202.0,0.24000000000000007
565,3,186.0,112.0,0.24000000000000007
565,7,234.04540584539816,65.95459415460184,0.0
565,25,94.0,205.0,0.24000000000000007
565,4,257.04540584539814,65.04540584539816,0.0
565,13,380.0,110.0,0.24000000000000007
565,15,382.04540584539814,27.04540584539816,0.0
565,2,100.0,200.0,0.4000000000000002
565,10,100.0,200.0,0.24000000000000007
565,18,100.0,200.0,0.24000000000000007
565,21,477.95459415460186,857.9545941546019,0.0
566,5,295.0,28.0,0.0
566,16,537.0,917.0,0.0
566,20,488.0,868.0,0.0
566,12,100.0,200.0,0.25000000000000006
566,24,19.0,281.0,0.0
566,8,100.0,200.0,0.5700000000000003
566,17,100.0,200.0,0.5200000000000002
566,1,82.0,217.0,0.25000000000000006
566,19,62.0,236.0,0.25000000000000006
566,22,527.0,907.0,0.0
566,23,262.0,38.0,0.0
566,6,529.9545941546019,909.9545941546019,0.0
566,11,227.0,76.0,0.25000000000000006
566,9,600.0,980.0,0.0
566,14,98.0,201.0,0.25000000000000006
566,3,185.0,113.0,0.25000000000000006
566,7,234.0,66.0,0.0
566,25,95.0,204.0,0.25000000000000006
566,4,257.0,65.0,0.0
566,13,379.0,109.0,0.25000000000000006
566,15,382.0,27.0,0.0
566,2,100.0,200.0,0.4100000000000002
566,10,100.0,200.0,0.25000000000000006
566,18,100.0,200.0,0.25000000000000006
566,21,478.0,858.0,0.0
567,5,294.04540584539814,27.04540584539816,0.0
567,16,537.9545941546019,917.9545941546019,0.0
567,20,488.95459415460186,868.9545941546019,0.0
567,12,100.0,200.0,0.26000000000000006
567,24,19.95459415460184,280.04540584539814,0.0
567,8,100.0,200.0,0.5800000000000003
567,17,100.0,200.0,0.5300000000000002
567,1,83.0,216.0,0.26000000000000006
567,19,63.0,235.0,0.26000000000000006
567,22,527.9545941546019,907.9545941546019,0.0
567,23,261.04540584539814,38.95459415460184,0.0
567,6,530.0,910.0,0.0
567,11,226.0,75.0,0.26000000000000006
567,9,600.0,980.0,0.0
567,14,99.0,200.0,0.26000000000000006
567,3,184.0,114.0,0.26000000000000006
567,7,233.04540584539816,66.95459415460184,0.0
567,25,96.0,203.0,0.26000000000000006
567,4,256.04540584539814,64.04540584539816,0.0
567,13,378.0,108.0,0.26000000000000006
567,15,381.04540584539814,26.04540584539816,0.0
567,2,100.0,200.0,0.4200000000000002
567,10,100.0,200.0,0.26000000000000006
567,18,100.0,200.0,0.26000000000000006
567,21,478.95459415460186,858.9545941546019,0.0
568,5,294.0,27.0,0.0
568,16,538.0,918.0,0.0
568,20,489.0,869.0,0.0
568,12,100.0,200.0,0.2700000000000001
568,24,20.0,280.0,0.0
568,8,100.0,200.0,0.5900000000000003
568,17,100.0,200.0,0.5400000000000003
568,1,84.0,215.0,0.2700000000000001
568,19,64.0,234.0,0.2700000000000001
568,22,528.0,908.0,0.0
568,23,261.0,39.0,0.0
568,6,530.9545941546019,910.9545941546019,0.0
568,11,225.0,75.0,0.2700000000000001
568,9,600.0,980.0,0.0
568,14,100.0,200.0,0.2700000000000001
568,3,183.0,115.0,0.2700000000000001
568,7,233.0,67.0,0.0
568,25,97.0,202.0,0.2700000000000001
568,4,256.0,64.0,0.0
568,13,377.0,107.0,0.2700000000000001
568,15,381.0,26.0,0.0
568,2,100.0,200.0,0.4300000000000002
568,10,100.0,200.0,0.2700000000000001
568,18,100.0,200.0,0.2700000000000001
568,21,479.0,859.0,0.0
569,5,293.04540584539814,26.04540584539816,0.0
569,16,538.9545941546019,918.9545941546019,0.0
569,20,489.95459415460186,869.9545941546019,0.0
569,12,100.0,200.0,0.2800000000000001
569,24,20.95459415460184,279.04540584539814,0.0
569,8,100.0,200.0,0.6000000000000003
569,17,100.0,200.0,0.5500000000000003
569,1,85.0,214.0,0.2800000000000001
569,19,65.0,233.0,0.2800000000000001
569,22,528.9545941546019,908.9545941546019,0.0
569,23,260.04540584539814,39.95459415460184,0.0
569,6,531.0,911.0,0.0
569,11,224.0,76.0,0.2800000000000001
569,9,600.0,980.0,0.0
569,14,100.0,200.0,0.2800000000000001
569,3,182.0,116.0,0.2800000000000001
569,7,232.04540584539816,67.95459415460184,0.0
569,25,98.0,201.0,0.2800000000000001
569,4,255.04540584539816,63.04540584539816,0.0
569,13,376.0,106.0,0.2800000000000001
569,15,380.04540584539814,25.04540584539816,0.0
569,2,100.0,200.0,0.4400000000000002
569,10,100.0,200.0,0.2800000000000001
569,18,100.0,200.0,0.2800000000000001
569,21,479.95459415460186,859.9545941546019,0.0
570,5,293.0,26.0,0.0
570,16,539.0,919.0,0.0
570,20,490.0,870.0,0.0
570,12,100.0,200.0,0.2900000000000001
570,24,21.0,279.0,0.0
570,8,100.0,200.0,0.6100000000000003
570,17,100.0,200.0,0.5600000000000003
570,1,86.0,213.0,0.2900000000000001
570,19,66.0,232.0,0.2900000000000001
570,22,529.0,909.0,0.0
570,23,260.0,40.0,0.0
570,6,531.9545941546019,911.9545941546019,0.0
570,11,223.0,77.0,0.2900000000000001
570,9,600.0,980.0,0.0
570,14,100.0,200.0,0.2900000000000001
570,3,181.0,117.0,0.2900000000000001
570,7,232.0,68.0,0.005
570,25,99.0,200.0,0.2900000000000001
570,4,255.0,63.0,0.0
570,13,375.0,105.0,0.2900000000000001
570,15,380.0,25.0,0.0
570,2,100.0,200.0,0.45000000000000023
570,10,100.0,200.0,0.2900000000000001
570,18,100.0,200.0,0.2900000000000001
570,21,480.0,860.0,0.0
571,5,292.04540584539814,25.04540584539816,0.0
571,16,539.9545941546019,919.9545941546019,0.0
571,20,490.95459415460186,870.9545941546019,0.0
571,12,100.0,200.0,0.3000000000000001
571,24,21.95459415460184,278.04540584539814,0.0
571,8,100.0,200.0,0.6200000000000003
571,17,100.0,200.0,0.5700000000000003
571,1,87.0,212.0,0.3000000000000001
571,19,67.0,231.0,0.3000000000000001
571,22,529.9545941546019,909.9545941546019,0.0
571,23,259.04540584539814,40.95459415460184,0.0
571,6,532.0,912.0,0.0
571,11,222.0,78.0,0.3000000000000001
571,9,600.0,980.0,0.0
571,14,100.0,200.0,0.3000000000000001
571,3,180.0,118.0,0.3000000000000001
571,7,231.03976189365343,68.96023810634657,0.015
571,25,100.0,200.0,0.3000000000000001
571,4,254.04540584539816,62.04540584539816,0.0
571,13,374.0,104.0,0.3000000000000001
571,15,379.04540584539814,24.04540584539816,0.0
571,2,100.0,200.0,0.46000000000000024
571,10,100.0,200.0,0.3000000000000001
571,18,100.0,200.0,0.3000000000000001
571,21,480.95459415460186,860.9545941546019,0.0
572,5,292.0,25.0,0.0
572,16,540.0,920.0,0.0
572,20,491.0,871.0,0.0
572,12,100.0,200.0,0.3100000000000001
572,24,22.0,278.0,0.0
572,8,100.0,200.0,0.6300000000000003
572,17,100.0,200.0,0.5800000000000003
572,1,88.0,211.0,0.3100000000000001
572,19,68.0,230.0,0.3100000000000001
572,22,530.0,910.0,0.0
572,23,259.0,41.0,0.0
572,6,532.9545941546019,912.9545941546019,0.0
572,11,221.0,79.0,0.3100000000000001
572,9,600.0,980.0,0.0
572,14,100.0,200.0,0.3100000000000001
572,3,179.0,119.0,0.3100000000000001
572,7,231.0,69.0,0.025
572,25,100.0,200.0,0.3100000000000001
572,4,254.0,62.0,0.0
572,13,373.0,103.0,0.3100000000000001
572,15,379.0,24.0,0.0
572,2,100.0,200.0,0.47000000000000025
572,10,100.0,200.0,0.3100000000000001
572,18,100.0,200.0,0.3100000000000001
572,21,481.0,861.0,0.0
573,5,291.04540584539814,24.04540584539816,0.0
573,16,540.9545941546019,920.9545941546019,0.0
573,20,491.95459415460186,871.9545941546019,0.0
573,12,100.0,200.0,0.3200000000000001
573,24,22.95459415460184,277.04540584539814,0.0
573,8,100.0,200.0,0.6400000000000003
573,17,100.0,200.0,0.5900000000000003
573,1,89.0,210.0,0.3200000000000001
573,19,69.0,229.0,0.3200000000000001
573,22,530.9545941546019,910.9545941546019,0.0
573,23,258.04540584539814,41.95459415460184,0.0
573,6,533.0,913.0,0.0
573,11,220.0,80.0,0.3200000000000001
573,9,600.0,980.0,0.0
573,14,100.0,200.0,0.3200000000000001
573,3,178.0,120.0,0.3200000000000001
573,7,230.03218468270825,69.96781531729175,0.035
573,25,100.0,200.0,0.3200000000000001
573,4,253.04540584539816,61.04540584539816,0.0
573,13,372.0,102.0,0.3200000000000001
573,15,378.04540584539814,23.04540584539816,0.0
573,2,100.0,200.0,0.48000000000000026
573,10,100.0,200.0,0.3200000000000001
573,18,100.0,200.0,0.3200000000000001
573,21,481.95459415460186,861.9545941546019,0.0
574,5,291.0,24.0,0.0
574,16,541.0,921.0,0.0
574,20,492.0,872.0,0.0
574,12,100.0,200.0,0.3300000000000001
574,24,23.0,277.0,0.0
574,8,100.0,200.0,0.6500000000000004
574,17,100.0,200.0,0.6000000000000003
574,1,90.0,209.0,0.3300000000000001
574,19,70.0,228.0,0.3300000000000001
574,22,531.0,911.0,0.0
574,23,258.0,42.0,0.0
574,6,533.9545941546019,913.9545941546019,0.0
574,11,219.0,81.0,0.3300000000000001
574,9,600.0,980.0,0.0
574,14,100.0,200.0,0.3300000000000001
574,3,177.0,121.0,0.3300000000000001
574,7,230.0,70.0,0.045
574,25,100.0,200.0,0.3300000000000001
574,4,253.0,61.0,0.0
574,13,371.0,101.0,0.3300000000000001
574,15,378.0,23.0,0.0
574,2,100.0,200.0,0.49000000000000027
574,10,100.0,200.0,0.3300000000000001
574,18,100.0,200.0,0.3300000000000001
574,21,482.0,862.0,0.0
575,5,290.04540584539814,23.04540584539816,0.0
575,16,541.9545941546019,921.9545941546019,0.0
575,20,492.95459415460186,872.9545941546019,0.0
575,12,100.0,200.0,0.34000000000000014
575,24,23.95459415460184,276.04540584539814,0.0
575,8,100.0,200.0,0.6600000000000004
575,17,100.0,200.0,0.6100000000000003
575,1,91.0,208.0,0.34000000000000014
575,19,71.0,227.0,0.34000000000000014
575,22,531.9545941546019,911.9545941546019,0.0
575,23,257.04540584539814,42.95459415460184,0.0
575,6,534.0,914.0,0.0
575,11,218.0,82.0,0.34000000000000014
575,9,600.0,980.0,0.0
575,14,100.0,200.0,0.34000000000000014
575,3,176.0,122.0,0.34000000000000014
575,7,229.02454768021207,70.97545231978793,0.05500000000000001
575,25,100.0,200.0,0.34000000000000014
575,4,252.04540584539816,60.04540584539816,0.0
575,13,370.0,100.0,0.34000000000000014
575,15,377.04540584539814,22.04540584539816,0.0
575,2,100.0,200.0,0.5000000000000002
575,10,100.0,200.0,0.34000000000000014
575,18,100.0,200.0,0.34000000000000014
575,21,482.95459415460186,862.9545941546019,0.0
576,5,290.0,23.0,0.0
576,16,542.0,922.0,0.0
576,20,493.0,873.0,0.0
576,12,100.0,200.0,0.35000000000000014
576,24,24.0,276.0,0.0
576,8,100.0,200.0,0.6700000000000004
576,17,100.0,200.0,0.6200000000000003
576,1,92.0,207.0,0.35000000000000014
576,19,72.0,226.0,0.35000000000000014
576,22,532.0,912.0,0.0
576,23,257.0,43.0,0.0
576,6,534.9545941546019,914.9545941546019,0.0
576,11,217.0,83.0,0.35000000000000014
576,9,600.0,980.0,0.0
576,14,100.0,200.0,0.35000000000000014
576,3,175.0,123.0,0.35000000000000014
576,7,229.0,71.0,0.065
576,25,100.0,200.0,0.35000000000000014
576,4,252.0,60.0,0.0
576,13,369.0,99.0,0.35000000000000014
576,15,377.0,22.0,0.0
576,2,100.0,200.0,0.5100000000000002
576,10,100.0,200.0,0.35000000000000014
576,18,100.0,200.0,0.35000000000000014
576,21,483.0,863.0,0.0
577,5,289.04540584539814,22.04540584539816,0.0
577,16,542.9545941546019,922.9545941546019,0.0
577,20,493.95459415460186,873.9545941546019,0.0
577,12,100.0,200.0,0.36000000000000015
577,24,24.95459415460184,275.04540584539814,0.0
577,8,100.0,200.0,0.6800000000000004
577,17,100.0,200.0,0.6300000000000003
577,1,93.0,206.0,0.36000000000000015
577,19,73.0,225.0,0.36000000000000015
577,22,532.9545941546019,912.9545941546019,0.0
577,23,256.04540584539814,43.95459415460184,0.0
577,6,535.0,915.0,0.0
577,11,216.0,84.0,0.36000000000000015
577,9,600.0,980.0,0.0
577,14,100.0,200.0,0.36000000000000015
577,3,174.0,124.0,0.36000000000000015
577,7,228.0168504143515,71.9831495856485,0.07500000000000001
577,25,100.0,200.0,0.36000000000000015
577,4,251.04540584539816,59.04540584539816,0.0
577,13,368.0,98.0,0.36000000000000015
577,15,376.04540584539814,21.04540584539816,0.0
577,2,100.0,200.0,0.5200000000000002
577,10,100.0,200.0,0.36000000000000015
577,18,100.0,200.0,0.36000000000000015
577,21,483.95459415460186,863.9545941546019,0.0
578,5,289.0,22.0,0.0
578,16,543.0,923.0,0.0
578,20,494.0,874.0,0.0
578,12,100.0,200.0,0.37000000000000016
578,24,25.0,275.0,0.0
578,8,100.0,200.0,0.6900000000000004
578,17,100.0,200.0,0.6400000000000003
578,1,94.0,205.0,0.37000000000000016
578,19,74.0,224.0,0.37000000000000016
578,22,533.0,913.0,0.0
578,23,256.0,44.0,0.0
578,6,535.9545941546019,915.9545941546019,0.0
578,11,215.0,85.0,0.37000000000000016
578,9,600.0,980.0,0.0
578,14,100.0,200.0,0.37000000000000016
578,3,173.0,125.0,0.37000000000000016
578,7,228.0,72.0,0.08499999999999999
578,25,100.0,200.0,0.37000000000000016
578,4,251.0,59.0,0.0
578,13,367.0,97.0,0.37000000000000016
578,15,376.0,21.0,0.0
578,2,100.0,200.0,0.5300000000000002
578,10,100.0,200.0,0.37000000000000016
578,18,100.0,200.0,0.37000000000000016
578,21,484.0,864.0,0.0
579,5,288.04540584539814,21.04540584539816,0.0
579,16,543.9545941546019,923.9545941546019,0.0
579,20,494.95459415460186,874.9545941546019,0.0
579,12,100.0,200.0,0.38000000000000017
579,24,25.95459415460184,274.04540584539814,0.0
579,8,100.0,200.0,0.7000000000000004
579,17,100.0,200.0,0.6500000000000004
579,1,95.0,204.0,0.38000000000000017
579,19,75.0,223.0,0.38000000000000017
579,22,533.9545941546019,913.9545941546019,0.0
579,23,255.04540584539816,44.95459415460184,0.0
579,6,536.0,916.0,0.0
579,11,214.0,86.0,0.38000000000000017
579,9,600.0,980.0,0.0
579,14,100.0,200.0,0.38000000000000017
579,3,172.0,126.0,0.38000000000000017
579,7,227.00909240959007,72.99090759040992,0.095
579,25,100.0,200.0,0.38000000000000017
579,4,250.04540584539816,58.04540584539816,0.0
579,13,366.0,96.0,0.38000000000000017
579,15,375.04540584539814,20.04540584539816,0.0
579,2,100.0,200.0,0.5400000000000003
579,10,100.0,200.0,0.38000000000000017
579,18,100.0,200.0,0.38000000000000017
579,21,484.95459415460186,864.9545941546019,0.0
580,5,288.0,21.0,0.0
580,16,544.0,924.0,0.0
580,20,495.0,875.0,0.0
580,12,100.0,200.0,0.3900000000000002
580,24,26.0,274.0,0.0
580,8,100.0,200.0,0.7100000000000004
580,17,100.0,200.0,0.6600000000000004
580,1,96.0,203.0,0.3900000000000002
580,19,76.0,222.0,0.3900000000000002
580,22,534.0,914.0,0.0
580,23,255.0,45.0,0.0
580,6,536.9545941546019,916.9545941546019,0.0
580,11,213.0,87.0,0.3900000000000002
580,9,600.0,980.0,0.0
580,14,100.0,200.0,0.3900000000000002
580,3,171.0,127.0,0.3900000000000002
580,7,227.0,73.0,0.10499999999999998
580,25,100.0,200.0,0.3900000000000002
580,4,250.0,58.0,0.0
580,13,365.0,95.0,0.3900000000000002
580,15,375.0,20.0,0.0
580,2,100.0,200.0,0.5500000000000003
580,10,100.0,200.0,0.3900000000000002
580,18,100.0,200.0,0.3900000000000002
580,21,485.0,865.0,0.0
581,5,287.04540584539814,20.04540584539816,0.0
581,16,544.9545941546019,924.9545941546019,0.0
581,20,495.95459415460186,875.9545941546019,0.0
581,12,100.0,200.0,0.4000000000000002
581,24,26.95459415460184,273.04540584539814,0.0
581,8,100.0,200.0,0.7200000000000004
581,17,100.0,200.0,0.6700000000000004
581,1,97.0,202.0,0.4000000000000002
581,19,77.0,221.0,0.4000000000000002
581,22,534.9545941546019,914.9545941546019,0.0
581,23,254.04540584539816,45.95459415460184,0.0
581,6,537.0,917.0,0.0
581,11,212.0,88.0,0.4000000000000002
581,9,600.0,980.0,0.0
581,14,100.0,200.0,0.4000000000000002
581,3,170.0,128.0,0.4000000000000002
581,7,226.0012731866389,73.99872681336107,0.11499999999999999
581,25,100.0,200.0,0.4000000000000002
581,4,249.04540584539816,57.04540584539816,0.0
581,13,364.0,94.0,0.4000000000000002
581,15,374.04540584539814,19.04540584539816,0.0
581,2,100.0,200.0,0.5600000000000003
581,10,100.0,200.0,0.4000000000000002
581,18,100.0,200.0,0.4000000000000002
581,21,485.95459415460186,865.9545941546019,0.0
582,5,287.0,20.0,0.0
582,16,545.0,925.0,0.0
582,20,496.0,876.0,0.0
582,12,100.0,200.0,0.4100000000000002
582,24,27.0,273.0,0.0
582,8,100.0,200.0,0.7300000000000004
582,17,100.0,200.0,0.6800000000000004
582,1,98.0,201.0,0.4100000000000002
582,19,78.0,220.0,0.4100000000000002
582,22,535.0,915.0,0.0
582,23,254.0,46.0,0.0
582,6,537.9545941546019,917.9545941546019,0.0
582,11,211.0,89.0,0.4100000000000002
582,9,600.0,980.0,0.0
582,14,100.0,200.0,0.4100000000000002
582,3,169.0,129.0,0.4100000000000002
582,7,226.0,74.0,0.12499999999999997
582,25,100.0,200.0,0.4100000000000002
582,4,249.0,57.0,0.0
582,13,363.0,93.0,0.4100000000000002
582,15,374.0,19.0,0.0
582,2,100.0,200.0,0.5700000000000003
582,10,100.0,200.0,0.4100000000000002
582,18,100.0,200.0,0.4100000000000002
582,21,486.0,866.0,0.0
583,5,286.04540584539814,19.04540584539816,0.0
583,16,545.9545941546019,925.9545941546019,0.0
583,20,496.95459415460186,876.9545941546019,0.0
583,12,100.0,200.0,0.4200000000000002
583,24,27.95459415460184,272.04540584539814,0.0
583,8,100.0,200.0,0.7400000000000004
583,17,100.0,200.0,0.6900000000000004
583,1,99.0,200.0,0.4200000000000002
583,19,79.0,219.0,0.4200000000000002
583,22,535.9545941546019,915.9545941546019,0.0
583,23,253.04540584539816,46.95459415460184,0.0
583,6,538.0,918.0,0.0
583,11,210.0,90.0,0.4200000000000002
583,9,600.0,980.0,0.0
583,14,100.0,200.0,0.4200000000000002
583,3,168.0,130.0,0.4200000000000002
583,7,225.0,75.0,0.13499999999999998
583,25,100.0,200.0,0.4200000000000002
583,4,248.04540584539816,56.04540584539816,0.0
583,13,362.0,92.0,0.4200000000000002
583,15,373.04540584539814,18.04540584539816,0.0
583,2,100.0,200.0,0.5800000000000003
583,10,100.0,200.0,0.4200000000000002
583,18,100.0,200.0,0.4200000000000002
583,21,486.95459415460186,866.9545941546019,0.0
584,5,286.0,19.0,0.0
584,16,546.0,926.0,0.0
584,20,497.0,877.0,0.0
584,12,100.0,200.0,0.4300000000000002
584,24,28.0,272.0,0.0
584,8,100.0,200.0,0.7500000000000004
584,17,100.0,200.0,0.7000000000000004
584,1,100.0,200.0,0.4300000000000002
584,19,80.0,218.0,0.4300000000000002
584,22,536.0,916.0,0.0
584,23,253.0,47.0,0.0
584,6,538.9545941546019,918.9545941546019,0.0
584,11,209.0,91.0,0.4300000000000002
584,9,600.0,980.0,0.0
584,14,100.0,200.0,0.4300000000000002
584,3,167.0,131.0,0.4300000000000002
584,7,224.0,76.0,0.145
584,25,100.0,200.0,0.4300000000000002
584,4,248.0,56.0,0.0
584,13,361.0,91.0,0.4300000000000002
584,15,373.0,18.0,0.0
584,2,100.0,200.0,0.5900000000000003
584,10,100.0,200.0,0.4300000000000002
584,18,100.0,200.0,0.4300000000000002
584,21,487.0,867.0,0.0
585,5,285.04540584539814,18.04540584539816,0.0
585,16,546.9545941546019,926.9545941546019,0.0
585,20,497.95459415460186,877.9545941546019,0.0
585,12,100.0,200.0,0.4400000000000002
585,24,28.95459415460184,271.04540584539814,0.0
585,8,100.0,200.0,0.7600000000000005
585,17,100.0,200.0,0.7100000000000004
585,1,100.0,200.0,0.4400000000000002
585,19,81.0,217.0,0.4400000000000002
585,22,536.9545941546019,916.9545941546019,0.0
585,23,252.04540584539816,47.95459415460184,0.0
585,6,539.0,919.0,0.0
585,11,208.0,92.0,0.4400000000000002
585,9,600.0,980.0,0.0
585,14,100.0,200.0,0.4400000000000002
585,3,166.0,132.0,0.4400000000000002
585,7,223.0,77.0,0.155
585,25,100.0,200.0,0.4400000000000002
585,4,247.04540584539816,55.04540584539816,0.0
585,13,360.0,90.0,0.4400000000000002
585,15,372.04540584539814,17.04540584539816,0.0
585,2,100.0,200.0,0.6000000000000003
585,10,100.0,200.0,0.4400000000000002
585,18,100.0,200.0,0.4400000000000002
585,21,487.95459415460186,867.9545941546019,0.0
586,5,285.0,18.0,0.0
586,16,547.0,927.0,0.0
586,20,498.0,878.0,0.0
586,12,100.0,200.0,0.45000000000000023
586,24,29.0,271.0,0.0
586,8,100.0,200.0,0.7700000000000005
586,17,100.0,200.0,0.7200000000000004
586,1,100.0,200.0,0.45000000000000023
586,19,82.0,216.0,0.45000000000000023
586,22,537.0,917.0,0.0
586,23,252.0,48.0,0.0
586,6,539.9545941546019,919.9545941546019,0.0
586,11,207.0,93.0,0.45000000000000023
586,9,600.0,980.0,0.0
586,14,100.0,200.0,0.45000000000000023
586,3,165.0,133.0,0.45000000000000023
586,7,222.0,78.0,0.165
586,25,100.0,200.0,0.45000000000000023
586,4,247.0,55.0,0.0
586,13,359.0,89.0,0.45000000000000023
586,15,372.0,17.0,0.0
586,2,100.0,200.0,0.6100000000000003
586,10,100.0,200.0,0.45000000000000023
586,18,100.0,200.0,0.45000000000000023
586,21,488.0,868.0,0.0
587,5,284.04540584539814,17.04540584539816,0.0
587,16,547.9545941546019,927.9545941546019,0.0
587,20,498.95459415460186,878.9545941546019,0.0
587,12,100.0,200.0,0.46000000000000024
587,24,29.95459415460184,270.04540584539814,0.0
587,8,100.0,200.0,0.7800000000000005
587,17,100.0,200.0,0.7300000000000004
587,1,100.0,200.0,0.46000000000000024
587,19,83.0,215.0,0.46000000000000024
587,22,537.9545941546019,917.9545941546019,0.0
587,23,251.04540584539816,48.95459415460184,0.0
587,6,540.0,920.0,0.0
587,11,206.0,94.0,0.46000000000000024
587,9,600.0,980.0,0.0
587,14,100.0,200.0,0.46000000000000024
587,3,164.0,134.0,0.46000000000000024
587,7,221.0,79.0,0.17500000000000002
587,25,100.0,200.0,0.46000000000000024
587,4,246.04540584539816,54.04540584539816,0.0
587,13,358.0,88.0,0.46000000000000024
587,15,371.04540584539814,16.04540584539816,0.0
587,2,100.0,200.0,0.6200000000000003
587,10,100.0,200.0,0.46000000000000024
587,18,100.0,200.0,0.46000000000000024
587,21,488.95459415460186,868.9545941546019,0.0
588,5,284.0,17.0,0.0
588,16,548.0,928.0,0.0
588,20,499.0,879.0,0.0
588,12,100.0,200.0,0.47000000000000025
588,24,30.0,270.0,0.0
588,8,100.0,200.0,0.7900000000000005
588,17,100.0,200.0,0.7400000000000004
588,1,100.0,200.0,0.47000000000000025
588,19,84.0,214.0,0.47000000000000025
588,22,538.0,918.0,0.0
588,23,251.0,49.0,0.0
588,6,540.9545941546019,920.9545941546019,0.0
588,11,205.0,95.0,0.47000000000000025
588,9,600.0,980.0,0.0
588,14,100.0,200.0,0.47000000000000025
588,3,163.0,135.0,0.47000000000000025
588,7,220.0,80.0,0.18500000000000003
588,25,100.0,200.0,0.47000000000000025
588,4,246.0,54.0,0.0
588,13,357.0,87.0,0.47000000000000025
588,15,371.0,16.0,0.0
588,2,100.0,200.0,0.6300000000000003
588,10,100.0,200.0,0.47000000000000025
588,18,100.0,200.0,0.47000000000000025
588,21,489.0,869.0,0.0
589,5,283.0,17.0,0.0
589,16,548.9545941546019,928.9545941546019,0.0
589,20,499.95459415460186,879.9545941546019,0.0
589,12,100.0,200.0,0.48000000000000026
589,24,30.95459415460184,269.04540584539814,0.0
589,8,100.0,200.0,0.8000000000000005
589,17,100.0,200.0,0.7500000000000004
589,1,100.0,200.0,0.48000000000000026
589,19,85.0,213.0,0.48000000000000026
589,22,538.9545941546019,918.9545941546019,0.0
589,23,250.04540584539816,49.95459415460184,0.0
589,6,541.0,921.0,0.0
589,11,204.0,96.0,0.48000000000000026
589,9,600.0,980.0,0.0
589,14,100.0,200.0,0.48000000000000026
589,3,162.0,136.0,0.48000000000000026
589,7,219.0,81.0,0.19500000000000003
589,25,100.0,200.0,0.48000000000000026
589,4,245.04540584539816,54.95459415460184,0.0
589,13,356.0,86.0,0.48000000000000026
589,15,370.04540584539814,15.045405845398161,0.0
589,2,100.0,200.0,0.6400000000000003
589,10,100.0,200.0,0.48000000000000026
589,18,100.0,200.0,0.48000000000000026
589,21,489.95459415460186,869.9545941546019,0.0
590,5,282.04540584539814,17.95459415460184,0.0
590,16,549.0,929.0,0.0
590,20,500.0,880.0,0.0
590,12,100.0,200.0,0.49000000000000027
590,24,31.0,269.0,0.0
590,8,100.0,200.0,0.8100000000000005
590,17,100.0,200.0,0.7600000000000005
590,1,100.0,200.0,0.49000000000000027
590,19,86.0,212.0,0.49000000000000027
590,22,539.0,919.0,0.0
590,23,250.0,50.0,0.0
590,6,541.9545941546019,921.9545941546019,0.0
590,11,203.0,97.0,0.49000000000000027
590,9,600.0,980.0,0.0
590,14,100.0,200.0,0.49000000000000027
590,3,161.0,137.0,0.49000000000000027
590,7,218.0,82.0,0.20500000000000004
590,25,100.0,200.0,0.49000000000000027
590,4,245.0,55.0,0.0
590,13,355.0,85.0,0.49000000000000027
590,15,370.0,15.0,0.0
590,2,100.0,200.0,0.6500000000000004
590,10,100.0,200.0,0.49000000000000027
590,18,100.0,200.0,0.49000000000000027
590,21,490.0,870.0,0.0
591,5,282.0,18.0,0.0
591,16,549.9545941546019,929.9545941546019,0.0
591,20,500.95459415460186,880.9545941546019,0.0
591,12,100.0,200.0,0.5000000000000002
591,24,31.95459415460184,268.04540584539814,0.0
591,8,100.0,200.0,0.8200000000000005
591,17,100.0,200.0,0.7700000000000005
591,1,100.0,200.0,0.5000000000000002
591,19,87.0,211.0,0.5000000000000002
591,22,539.9545941546019,919.9545941546019,0.0
591,23,249.04540584539816,50.95459415460184,0.0
591,6,542.0,922.0,0.0
591,11,202.0,98.0,0.5000000000000002
591,9,600.0,980.0,0.0
591,14,100.0,200.0,0.5000000000000002
591,3,160.0,138.0,0.5000000000000002
591,7,217.0,83.0,0.21500000000000005
591,25,100.0,200.0,0.5000000000000002
591,4,244.04540584539816,55.95459415460184,0.0
591,13,354.0,84.0,0.5000000000000002
591,15,369.04540584539814,14.045405845398161,0.0
591,2,100.0,200.0,0.6600000000000004
591,10,100.0,200.0,0.5000000000000002
591,18,100.0,200.0,0.5000000000000002
591,21,490.95459415460186,870.9545941546019,0.0
592,5,281.04540584539814,18.95459415460184,0.0
592,16,550.0,930.0,0.0
592,20,501.0,881.0,0.0
592,12,100.0,200.0,0.5100000000000002
592,24,32.0,268.0,0.0
592,8,100.0,200.0,0.8300000000000005
592,17,100.0,200.0,0.7800000000000005
592,1,100.0,200.0,0.5100000000000002
592,19,88.0,210.0,0.5100000000000002
592,22,540.0,920.0,0.0
592,23,249.0,51.0,0.0
592,6,542.9545941546019,922.9545941546019,0.0
592,11,201.0,99.0,0.5100000000000002
592,9,600.0,980.0,0.0
592,14,100.0,200.0,0.5100000000000002
592,3,159.0,139.0,0.5100000000000002
592,7,216.0,84.0,0.22500000000000006
592,25,100.0,200.0,0.5100000000000002
592,4,244.0,56.0,0.0
592,13,353.0,83.0,0.5100000000000002
592,15,369.0,14.0,0.0
592,2,100.0,200.0,0.6700000000000004
592,10,100.0,200.0,0.5100000000000002
592,18,100.0,200.0,0.5100000000000002
592,21,491.0,871.0,0.0
593,5,281.0,19.0,0.0
593,16,550.9545941546019,930.9545941546019,0.0
593,20,501.95459415460186,881.9545941546019,0.0
593,12,100.0,200.0,0.5200000000000002
593,24,32.95459415460184,267.04540584539814,0.0
593,8,100.0,200.0,0.8400000000000005
593,17,100.0,200.0,0.7900000000000005
593,1,100.0,200.0,0.5200000000000002
593,19,89.0,209.0,0.5200000000000002
593,22,540.9545941546019,920.9545941546019,0.0
593,23,248.04540584539816,51.95459415460184,0.0
593,6,543.0,923.0,0.0
593,11,200.0,100.0,0.5200000000000002
593,9,600.0,980.0,0.0
593,14,100.0,200.0,0.5200000000000002
593,3,158.0,140.0,0.5200000000000002
593,7,215.0,85.0,0.23500000000000007
593,25,100.0,200.0,0.5200000000000002
593,4,243.04540584539816,56.95459415460184,0.0
593,13,352.0,82.0,0.5200000000000002
593,15,368.04540584539814,13.045405845398161,0.0
593,2,100.0,200.0,0.6800000000000004
593,10,100.0,200.0,0.5200000000000002
593,18,100.0,200.0,0.5200000000000002
593,21,491.95459415460186,871.9545941546019,0.0
594,5,280.04540584539814,19.95459415460184,0.0
594,16,551.0,931.0,0.0
594,20,502.0,882.0,0.0
594,12,100.0,200.0,0.5300000000000002
594,24,33.0,267.0,0.0
594,8,100.0,200.0,0.8500000000000005
594,17,100.0,200.0,0.8000000000000005
594,1,100.0,200.0,0.5300000000000002
594,19,90.0,208.0,0.5300000000000002
594,22,541.0,921.0,0.0
594,23,248.0,52.0,0.0
594,6,543.9545941546019,923.9545941546019,0.0
594,11,199.0,101.0,0.5300000000000002
594,9,600.0,980.0,0.0
594,14,100.0,200.0,0.5300000000000002
594,3,157.0,141.0,0.5300000000000002
594,7,214.0,86.0,0.24500000000000005
594,25,100.0,200.0,0.5300000000000002
594,4,243.0,57.0,0.0
594,13,351.0,81.0,0.5300000000000002
594,15,368.0,13.0,0.0
594,2,100.0,200.0,0.6900000000000004
594,10,100.0,200.0,0.5300000000000002
594,18,100.0,200.0,0.5300000000000002
594,21,492.0,872.0,0.0
595,5,280.0,20.0,0.0
595,16,551.9545941546019,931.9545941546019,0.0
595,20,502.95459415460186,882.9545941546019,0.0
595,12,100.0,200.0,0.5400000000000003
595,24,33.95459415460184,266.04540584539814,0.0
595,8,100.0,200.0,0.8600000000000005
595,17,100.0,200.0,0.8100000000000005
595,1,100.0,200.0,0.5400000000000003
595,19,91.0,207.0,0.5400000000000003
595,22,541.9545941546019,921.9545941546019,0.0
595,23,247.04540584539816,52.95459415460184,0.0
595,6,544.0,924.0,0.0
595,11,198.0,102.0,0.5400000000000003
595,9,600.0,980.0,0.0
595,14,100.0,200.0,0.5400000000000003
595,3,156.0,142.0,0.5400000000000003
595,7,213.0,87.0,0.25500000000000006
595,25,100.0,200.0,0.5400000000000003
595,4,242.04540584539816,57.95459415460184,0.0
595,13,350.0,80.0,0.5400000000000003
595,15,367.04540584539814,12.045405845398161,0.0
595,2,100.0,200.0,0.7000000000000004
595,10,100.0,200.0,0.5400000000000003
595,18,100.0,200.0,0.5400000000000003
595,21,492.95459415460186,872.9545941546019,0.0
596,5,279.04540584539814,20.95459415460184,0.0
596,16,552.0,932.0,0.0
596,20,503.0,883.0,0.0
596,12,100.0,200.0,0.5500000000000003
596,24,34.0,266.0,0.0
596,8,100.0,200.0,0.8700000000000006
596,17,100.0,200.0,0.8200000000000005
596,1,100.0,200.0,0.5500000000000003
596,19,92.0,206.0,0.5500000000000003
596,22,542.0,922.0,0.0
596,23,247.0,53.0,0.0
596,6,544.9545941546019,924.9545941546019,0.0
596,11,197.0,103.0,0.5500000000000003
596,9,600.0,980.0,0.0
596,14,100.0,200.0,0.5500000000000003
596,3,155.0,143.0,0.5500000000000003
596,7,212.0,88.0,0.26500000000000007
596,25,100.0,200.0,0.5500000000000003
596,4,242.0,58.0,0.0
596,13,349.0,79.0,0.5500000000000003
596,15,367.0,12.0,0.0
596,2,100.0,200.0,0.7100000000000004
596,10,100.0,200.0,0.5500000000000003
596,18,100.0,200.0,0.5500000000000003
596,21,493.0,873.0,0.0
597,5,279.0,21.0,0.0
597,16,552.9545941546019,932.9545941546019,0.0
597,20,503.95459415460186,883.9545941546019,0.0
597,12,100.0,200.0,0.5600000000000003
597,24,34.95459415460184,265.04540584539814,0.0
597,8,100.0,200.0,0.8800000000000006
597,17,100.0,200.0,0.8300000000000005
597,1,100.0,200.0,0.5600000000000003
597,19,93.0,205.0,0.5600000000000003
597,22,542.9545941546019,922.9545941546019,0.0
597,23,246.04540584539816,53.95459415460184,0.0
597,6,545.0,925.0,0.0
597,11,196.0,104.0,0.5600000000000003
597,9,600.0,980.0,0.0
597,14,100.0,200.0,0.5600000000000003
597,3,154.0,144.0,0.5600000000000003
597,7,211.0,89.0,0.2750000000000001
597,25,100.0,200.0,0.5600000000000003
597,4,241.04540584539816,58.95459415460184,0.0
597,13,348.0,78.0,0.5600000000000003
597,15,366.04540584539814,11.045405845398161,0.0
597,2,100.0,200.0,0.7200000000000004
597,10,100.0,200.0,0.5600000000000003
597,18,100.0,200.0,0.5600000000000003
597,21,493.95459415460186,873.9545941546019,0.0
598,5,278.04540584539814,21.95459415460184,0.0
598,16,553.0,933.0,0.0
598,20,504.0,884.0,0.0
598,12,100.0,200.0,0.5700000000000003
598,24,35.0,265.0,0.0
598,8,100.0,200.0,0.8900000000000006
598,17,100.0,200.0,0.8400000000000005
598,1,100.0,200.0,0.5700000000000003
598,19,94.0,204.0,0.5700000000000003
598,22,543.0,923.0,0.0
598,23,246.0,54.0,0.0
598,6,545.9545941546019,925.9545941546019,0.0
598,11,195.0,105.0,0.5700000000000003
598,9,600.0,980.0,0.0
598,14,100.0,200.0,0.5700000000000003
598,3,153.0,145.0,0.5700000000000003
598,7,210.0,90.0,0.2850000000000001
598,25,100.0,200.0,0.5700000000000003
598,4,241.0,59.0,0.0
598,13,347.0,77.0,0.5700000000000003
598,15,366.0,11.0,0.0
598,2,100.0,200.0,0.7300000000000004
598,10,100.0,200.0,0.5700000000000003
598,18,100.0,200.0,0.5700000000000003
598,21,494.0,874.0,0.0
599,5,278.0,22.0,0.0
599,16,553.9545941546019,933.9545941546019,0.0
599,20,504.95459415460186,884.9545941546019,0.0
599,12,100.0,200.0,0.5800000000000003
599,24,35.95459415460184,264.04540584539814,0.0
599,8,100.0,200.0,0.9000000000000006
599,17,100.0,200.0,0.8500000000000005
599,1,100.0,200.0,0.5800000000000003
599,19,95.0,203.0,0.5800000000000003
599,22,543.9545941546019,923.9545941546019,0.0
599,23,245.04540584539816,54.95459415460184,0.0
599,6,546.0,926.0,0.0
599,11,194.0,106.0,0.5800000000000003
599,9,600.0,980.0,0.0
599,14,100.0,200.0,0.5800000000000003
599,3,152.0,146.0,0.5800000000000003
599,7,209.0,91.0,0.2950000000000001
599,25,100.0,200.0,0.5800000000000003
599,4,240.04540584539816,59.95459415460184,0.0
599,13,346.0,76.0,0.5800000000000003
599,15,365.04540584539814,10.045405845398161,0.0
599,2,100.0,200.0,0.7400000000000004
599,10,100.0,200.0,0.5800000000000003
599,18,100.0,200.0,0.5800000000000003
599,21,494.95459415460186,874.9545941546019,0.0
600,5,277.04540584539814,22.95459415460184,0.0
600,16,554.0,934.0,0.0
600,20,505.0,885.0,0.0
600,12,100.0,200.0,0.5900000000000003
600,24,36.0,264.0,0.0
600,8,100.0,200.0,0.9100000000000006
600,17,100.0,200.0,0.8600000000000005
600,1,100.0,200.0,0.5900000000000003
600,19,96.0,202.0,0.5900000000000003
600,22,544.0,924.0,0.0
600,23,245.0,55.0,0.0
600,6,546.9545941546019,926.9545941546019,0.0
600,11,193.0,107.0,0.5900000000000003
600,9,600.0,980.0,0.0
600,14,100.0,200.0,0.5900000000000003
600,3,151.0,147.0,0.5900000000000003
600,7,208.0,92.0,0.3050000000000001
600,25,100.0,200.0,0.5900000000000003
600,4,240.0,60.0,0.0
600,13,345.0,75.0,0.5900000000000003
600,15,365.0,10.0,0.0
600,2,100.0,200.0,0.7500000000000004
600,10,100.0,200.0,0.5900000000000003
600,18,100.0,200.0,0.5900000000000003
600,21,495.0,875.0,0.0
