step,agent_id,x,y,toxicload
1,5,577.0,310.0,0.0
1,4,539.0,347.0,0.0
1,6,291.0,636.0,0.0
1,7,516.0,338.0,0.0
1,2,430.0,434.0,0.0
1,10,290.0,342.0,0.0
1,9,659.0,718.0,0.0
1,8,476.0,473.0,0.0
1,3,474.0,290.0,0.0
1,1,231.0,506.0,0.0
2,5,576.0454058453981,309.04540584539814,0.0
2,4,538.0454058453981,346.04540584539814,0.0
2,6,290.04540584539814,635.0454058453981,0.0
2,7,515.0454058453981,337.04540584539814,0.0
2,2,429.04540584539814,433.04540584539814,0.0
2,10,289.04540584539814,341.04540584539814,0.0
2,9,659.9545941546019,717.0454058453981,0.0
2,8,475.04540584539814,472.04540584539814,0.0
2,3,474.95459415460186,289.04540584539814,0.0
2,1,230.04540584539816,505.04540584539814,0.0
3,5,576.0,309.0,0.0
3,4,538.0,346.0,0.0
3,6,290.0,635.0,0.0
3,7,515.0,337.0,0.0
3,2,429.0,433.0,0.0
3,10,289.0,341.0,0.0
3,9,660.0,717.0,0.0
3,8,475.0,472.0,0.0
3,3,475.0,289.0,0.0
3,1,230.0,505.0,0.0
4,5,575.0454058453981,308.04540584539814,0.0
4,4,537.0454058453981,345.04540584539814,0.0
4,6,289.0,635.0,0.0
4,7,514.0454058453981,336.04540584539814,0.0
4,2,428.04540584539814,432.04540584539814,0.0
4,10,288.04540584539814,340.04540584539814,0.0
4,9,660.9545941546019,716.0454058453981,0.0
4,8,474.04540584539814,472.95459415460186,0.0
4,3,474.04540584539814,288.04540584539814,0.0
4,1,229.04540584539816,504.04540584539814,0.0
5,5,575.0,308.0,0.0
5,4,537.0,345.0,0.0
5,6,288.0,635.0,0.0
5,7,514.0,336.0,0.0
5,2,428.0,432.0,0.0
5,10,288.0,340.0,0.0
5,9,661.0,716.0,0.0
5,8,474.0,473.0,0.0
5,3,474.0,288.0,0.0
5,1,229.0,504.0,0.0
6,5,574.0454058453981,307.04540584539814,0.0
6,4,536.0454058453981,344.04540584539814,0.0
6,6,287.04540584539814,634.0454058453981,0.0
6,7,513.0454058453981,335.04540584539814,0.0
6,2,427.04540584539814,431.04540584539814,0.0
6,10,287.04540584539814,339.04540584539814,0.0
6,9,661.9545941546019,715.0454058453981,0.0
6,8,473.04540584539814,473.95459415460186,0.0
6,3,473.04540584539814,287.04540584539814,0.0
6,1,229.0,503.0,0.0
7,5,574.0,307.0,0.0
7,4,536.0,344.0,0.0
7,6,287.0,634.0,0.0
7,7,513.0,335.0,0.0
7,2,427.0,431.0,0.0
7,10,287.0,339.0,0.0
7,9,662.0,715.0,0.0
7,8,473.0,474.0,0.0
7,3,473.0,287.0,0.0
7,1,229.0,502.0,0.0
8,5,573.0454058453981,306.04540584539814,0.0
8,4,535.0454058453981,343.04540584539814,0.0
8,6,286.04540584539814,633.0454058453981,0.0
8,7,512.0454058453981,334.04540584539814,0.0
8,2,426.04540584539814,431.95459415460186,0.0
8,10,286.04540584539814,338.04540584539814,0.0
8,9,662.9545941546019,715.9545941546019,0.0
8,8,472.04540584539814,474.95459415460186,0.0
8,3,472.04540584539814,286.04540584539814,0.0
8,1,229.0,501.0,0.0
9,5,573.0,306.0,0.0
9,4,535.0,343.0,0.0
9,6,286.0,633.0,0.0
9,7,512.0,334.0,0.0
9,2,426.0,432.0,0.0
9,10,286.0,338.0,0.0
9,9,663.0,716.0,0.0
9,8,472.0,475.0,0.0
9,3,472.0,286.0,0.0
9,1,228.04540584539816,500.04540584539814,0.0
10,5,573.0,305.0,0.0
10,4,534.0454058453981,342.04540584539814,0.0
10,6,285.04540584539814,632.0454058453981,0.0
10,7,511.04540584539814,333.04540584539814,0.0
10,2,425.0,432.0,0.0
10,10,285.04540584539814,337.04540584539814,0.0
10,9,663.9545941546019,716.9545941546019,0.0
10,8,471.04540584539814,475.95459415460186,0.0
10,3,471.04540584539814,285.04540584539814,0.0
10,1,228.0,500.0,0.0
11,5,573.9545941546019,304.04540584539814,0.0
11,4,534.0,342.0,0.0
11,6,285.0,632.0,0.0
11,7,511.0,333.0,0.0
11,2,424.0,432.0,0.0
11,10,285.0,337.0,0.0
11,9,664.0,717.0,0.0
11,8,471.0,476.0,0.0
11,3,471.0,285.0,0.0
11,1,228.95459415460184,499.04540584539814,0.0
12,5,574.0,304.0,0.0
12,4,533.0454058453981,341.04540584539814,0.0
12,6,285.0,631.0,0.0
12,7,510.04540584539814,332.04540584539814,0.0
12,2,423.04540584539814,431.04540584539814,0.0
12,10,284.04540584539814,336.04540584539814,0.0
12,9,664.9545941546019,717.9545941546019,0.0
12,8,471.0,477.0,0.0
12,3,470.04540584539814,284.04540584539814,0.0
12,1,229.0,499.0,0.0
13,5,574.9545941546019,303.04540584539814,0.0
13,4,533.0,341.0,0.0
13,6,285.0,630.0,0.0
13,7,510.0,332.0,0.0
13,2,423.0,431.0,0.0
13,10,284.0,336.0,0.0
13,9,665.0,718.0,0.0
13,8,470.04540584539814,477.95459415460186,0.0
13,3,470.0,284.0,0.0
13,1,229.0,498.0,0.0
14,5,575.0,303.0,0.0
14,4,532.0454058453981,340.04540584539814,0.0
14,6,284.04540584539814,629.0454058453981,0.0
14,7,509.04540584539814,331.04540584539814,0.0
14,2,422.04540584539814,430.04540584539814,0.0
14,10,283.04540584539814,335.04540584539814,0.0
14,9,665.9545941546019,718.9545941546019,0.0
14,8,470.0,478.0,0.0
14,3,469.04540584539814,283.04540584539814,0.0
14,1,229.0,497.0,0.0
15,5,575.0,302.0,0.0
15,4,532.0,340.0,0.0
15,6,284.0,629.0,0.0
15,7,509.0,331.0,0.0
15,2,422.0,430.0,0.0
15,10,283.0,335.0,0.0
15,9,666.0,719.0,0.0
15,8,469.04540584539814,478.95459415460186,0.0
15,3,469.0,283.0,0.0
15,1,229.0,496.0,0.0
16,5,574.0454058453981,301.04540584539814,0.0
16,4,531.0454058453981,339.04540584539814,0.0
16,6,284.0,628.0,0.0
16,7,508.04540584539814,330.04540584539814,0.0
16,2,421.04540584539814,429.04540584539814,0.0
16,10,282.0,335.0,0.0
16,9,666.9545941546019,719.9545941546019,0.0
16,8,469.0,479.0,0.0
16,3,468.04540584539814,282.04540584539814,0.0
16,1,228.04540584539816,495.04540584539814,0.0
17,5,574.0,301.0,0.0
17,4,531.0,339.0,0.0
17,6,284.0,627.0,0.0
17,7,508.0,330.0,0.0
17,2,421.0,429.0,0.0
17,10,281.04540584539814,335.95459415460186,0.0
17,9,667.0,720.0,0.0
17,8,469.95459415460186,479.95459415460186,0.0
17,3,468.0,282.0,0.0
17,1,228.0,495.0,0.0
18,5,574.9545941546019,300.04540584539814,0.0
18,4,530.0454058453981,338.04540584539814,0.0
18,6,283.04540584539814,626.0454058453981,0.0
18,7,507.04540584539814,329.04540584539814,0.0
18,2,420.04540584539814,428.04540584539814,0.0
18,10,281.0,336.0,0.0
18,9,667.9545941546019,720.9545941546019,0.0
18,8,470.0,480.0,0.0
18,3,467.04540584539814,281.04540584539814,0.0
18,1,227.04540584539816,494.04540584539814,0.0
19,5,575.0,300.0,0.0
19,4,530.0,338.0,0.0
19,6,283.0,626.0,0.0
19,7,507.0,329.0,0.0
19,2,420.0,428.0,0.0
19,10,280.04540584539814,336.95459415460186,0.0
19,9,668.0,721.0,0.0
19,8,469.04540584539814,480.95459415460186,0.0
19,3,467.0,281.0,0.0
19,1,227.0,494.0,0.0
20,5,574.0454058453981,299.04540584539814,0.0
20,4,529.0454058453981,337.04540584539814,0.0
20,6,283.0,625.0,0.0
20,7,506.04540584539814,328.04540584539814,0.0
20,2,419.04540584539814,428.95459415460186,0.0
20,10,280.0,337.0,0.0
20,9,668.9545941546019,721.9545941546019,0.0
20,8,469.0,481.0,0.0
20,3,466.04540584539814,280.04540584539814,0.0
20,1,226.04540584539816,493.04540584539814,0.0
21,5,574.0,299.0,0.0
21,4,529.0,337.0,0.0
21,6,282.04540584539814,624.0454058453981,0.0
21,7,506.0,328.0,0.0
21,2,419.0,429.0,0.0
21,10,279.0,337.0,0.0
21,9,669.0,722.0,0.0
21,8,469.95459415460186,481.95459415460186,0.0
21,3,466.0,280.0,0.0
21,1,226.0,493.0,0.0
22,5,574.0,298.0,0.0
22,4,528.0454058453981,336.04540584539814,0.0
22,6,282.0,624.0,0.0
22,7,505.04540584539814,327.04540584539814,0.0
22,2,419.0,430.0,0.0
22,10,278.0,337.0,0.0
22,9,669.9545941546019,722.9545941546019,0.0
22,8,470.0,482.0,0.0
22,3,465.04540584539814,279.04540584539814,0.0
22,1,225.04540584539816,492.04540584539814,0.0
23,5,574.9545941546019,297.04540584539814,0.0
23,4,528.0,336.0,0.0
23,6,281.04540584539814,623.0454058453981,0.0
23,7,505.0,327.0,0.0
23,2,418.04540584539814,430.95459415460186,0.0
23,10,277.0,337.0,0.0
23,9,670.0,723.0,0.0
23,8,470.0,483.0,0.0
23,3,465.0,279.0,0.0
23,1,225.0,492.0,0.0
24,5,575.0,297.0,0.0
24,4,527.0454058453981,335.04540584539814,0.0
24,6,281.0,623.0,0.0
24,7,504.04540584539814,326.04540584539814,0.0
24,2,418.0,431.0,0.0
24,10,276.0,337.0,0.0
24,9,670.9545941546019,723.9545941546019,0.0
24,8,469.04540584539814,483.95459415460186,0.0
24,3,464.04540584539814,278.04540584539814,0.0
24,1,225.0,491.0,0.0
25,5,574.0454058453981,296.04540584539814,0.0
25,4,527.0,335.0,0.0
25,6,281.95459415460186,622.0454058453981,0.0
25,7,504.0,326.0,0.0
25,2,417.04540584539814,430.04540584539814,0.0
25,10,275.0,337.0,0.0
25,9,671.0,724.0,0.0
25,8,469.0,484.0,0.0
25,3,464.0,278.0,0.0
25,1,224.04540584539816,490.04540584539814,0.0
26,5,574.0,296.0,0.0
26,4,526.0454058453981,334.04540584539814,0.0
26,6,282.0,622.0,0.0
26,7,503.04540584539814,325.04540584539814,0.0
26,2,417.0,430.0,0.0
26,10,274.0,337.0,0.0
26,9,671.9545941546019,724.9545941546019,0.0
26,8,469.0,485.0,0.0
26,3,463.04540584539814,277.04540584539814,0.0
26,1,224.0,490.0,0.0
27,5,573.0454058453981,295.04540584539814,0.0
27,4,526.0,334.0,0.0
27,6,282.0,621.0,0.0
27,7,503.0,325.0,0.0
27,2,416.0,430.0,0.0
27,10,273.0,337.0,0.0
27,9,672.0,725.0,0.0
27,8,468.04540584539814,485.95459415460186,0.0
27,3,463.0,277.0,0.0
27,1,224.95459415460184,489.04540584539814,0.0
28,5,573.0,295.0,0.0
28,4,525.0454058453981,333.04540584539814,0.0
28,6,281.04540584539814,620.0454058453981,0.0
28,7,502.04540584539814,324.04540584539814,0.0
28,2,415.04540584539814,430.95459415460186,0.0
28,10,272.0,337.0,0.0
28,9,672.9545941546019,725.9545941546019,0.0
28,8,468.0,486.0,0.0
28,3,462.04540584539814,276.04540584539814,0.0
28,1,225.0,489.0,0.0
29,5,572.0454058453981,294.04540584539814,0.0
29,4,525.0,333.0,0.0
29,6,281.0,620.0,0.0
29,7,502.0,324.0,0.0
29,2,415.0,431.0,0.0
29,10,271.0,337.0,0.0
29,9,673.0,726.0,0.0
29,8,467.0,486.0,0.0
29,3,462.0,276.0,0.0
29,1,224.04540584539816,488.04540584539814,0.0
30,5,572.0,294.0,0.0
30,4,524.0454058453981,332.04540584539814,0.0
30,6,281.95459415460186,619.0454058453981,0.0
30,7,501.04540584539814,323.04540584539814,0.0
30,2,414.04540584539814,431.95459415460186,0.0
30,10,270.04540584539814,336.04540584539814,0.0
30,9,673.9545941546019,725.0454058453981,0.0
30,8,466.04540584539814,486.95459415460186,0.0
30,3,461.04540584539814,275.04540584539814,0.0
30,1,224.0,488.0,0.0
31,5,571.0454058453981,293.04540584539814,0.0
31,4,524.0,332.0,0.0
31,6,282.0,619.0,0.0
31,7,501.0,323.0,0.0
31,2,414.0,432.0,0.0
31,10,270.0,336.0,0.0
31,9,674.0,725.0,0.0
31,8,466.0,487.0,0.0
31,3,461.0,275.0,0.0
31,1,223.04540584539816,487.04540584539814,0.0
32,5,571.0,293.0,0.0
32,4,523.0454058453981,331.04540584539814,0.0
32,6,281.04540584539814,618.0454058453981,0.0
32,7,500.04540584539814,322.04540584539814,0.0
32,2,413.04540584539814,432.95459415460186,0.0
32,10,269.04540584539814,336.95459415460186,0.0
32,9,674.0,724.0,0.0
32,8,465.0,487.0,0.0
32,3,460.04540584539814,274.04540584539814,0.0
32,1,223.0,487.0,0.0
33,5,570.0454058453981,292.04540584539814,0.0
33,4,523.0,331.0,0.0
33,6,281.0,618.0,0.0
33,7,500.0,322.0,0.0
33,2,413.0,433.0,0.0
33,10,269.0,337.0,0.0
33,9,674.9545941546019,723.0454058453981,0.0
33,8,464.04540584539814,487.95459415460186,0.0
33,3,460.0,274.0,0.0
33,1,223.95459415460184,486.04540584539814,0.0
34,5,570.0,292.0,0.0
34,4,522.0454058453981,330.04540584539814,0.0
34,6,280.0,618.0,0.0
34,7,499.04540584539814,321.04540584539814,0.0
34,2,412.04540584539814,433.95459415460186,0.0
34,10,268.0,337.0,0.0
34,9,675.0,723.0,0.0
34,8,464.0,488.0,0.0
34,3,459.04540584539814,273.04540584539814,0.0
34,1,224.0,486.0,0.0
35,5,569.0454058453981,291.04540584539814,0.0
35,4,522.0,330.0,0.0
35,6,279.04540584539814,617.0454058453981,0.0
35,7,499.0,321.0,0.0
35,2,412.0,434.0,0.0
35,10,267.04540584539814,337.95459415460186,0.0
35,9,676.0,723.0,0.0
35,8,463.04540584539814,487.04540584539814,0.0
35,3,459.0,273.0,0.0
35,1,223.04540584539816,485.04540584539814,0.0
36,5,569.0,291.0,0.0
36,4,521.0454058453981,329.04540584539814,0.0
36,6,279.0,617.0,0.0
36,7,498.04540584539814,320.04540584539814,0.0
36,2,411.0,434.0,0.0
36,10,267.0,338.0,0.0
36,9,676.9545941546019,722.0454058453981,0.0
36,8,463.0,487.0,0.0
36,3,458.04540584539814,272.04540584539814,0.0
36,1,223.0,485.0,0.0
37,5,568.0454058453981,290.04540584539814,0.0
37,4,521.0,329.0,0.0
37,6,279.0,616.0,0.0
37,7,498.0,320.0,0.0
37,2,410.04540584539814,433.04540584539814,0.0
37,10,266.04540584539814,338.95459415460186,0.0
37,9,677.0,722.0,0.0
37,8,462.0,487.0,0.0
37,3,458.0,272.0,0.0
37,1,223.0,484.0,0.0
38,5,568.0,290.0,0.0
38,4,520.0454058453981,328.04540584539814,0.0
38,6,279.95459415460186,615.0454058453981,0.0
38,7,497.04540584539814,319.04540584539814,0.0
38,2,410.0,433.0,0.0
38,10,266.0,339.0,0.0
38,9,677.9545941546019,722.9545941546019,0.0
38,8,461.04540584539814,487.95459415460186,0.0
38,3,457.04540584539814,271.04540584539814,0.0
38,1,222.04540584539816,483.04540584539814,0.0
39,5,567.0454058453981,289.04540584539814,0.0
39,4,520.0,328.0,0.0
39,6,280.0,615.0,0.0
39,7,497.0,319.0,0.0
39,2,409.04540584539814,433.95459415460186,0.0
39,10,265.04540584539814,339.95459415460186,0.0
39,9,678.0,723.0,0.0
39,8,461.0,488.0,0.0
39,3,457.0,271.0,0.0
39,1,222.0,483.0,0.0
40,5,567.0,289.0,0.0
40,4,519.0454058453981,327.04540584539814,0.0
40,6,279.04540584539814,614.0454058453981,0.0
40,7,496.04540584539814,318.04540584539814,0.0
40,2,409.0,434.0,0.0
40,10,265.0,340.0,0.0
40,9,678.9545941546019,723.9545941546019,0.0
40,8,461.0,489.0,0.0
40,3,456.04540584539814,270.04540584539814,0.0
40,1,221.04540584539816,482.04540584539814,0.0
41,5,566.0454058453981,288.04540584539814,0.0
41,4,519.0,327.0,0.0
41,6,279.0,614.0,0.0
41,7,496.0,318.0,0.0
41,2,408.04540584539814,434.95459415460186,0.0
41,10,264.04540584539814,340.95459415460186,0.0
41,9,679.0,724.0,0.0
41,8,460.04540584539814,489.95459415460186,0.0
41,3,456.0,270.0,0.0
41,1,221.0,482.0,0.0
42,5,566.0,288.0,0.0
42,4,518.0454058453981,326.04540584539814,0.0
42,6,278.04540584539814,613.0454058453981,0.0
42,7,495.04540584539814,317.04540584539814,0.0
42,2,408.0,435.0,0.0
42,10,264.0,341.0,0.0
42,9,679.9545941546019,724.9545941546019,0.0
42,8,460.0,490.0,0.0
42,3,455.04540584539814,269.04540584539814,0.0
42,1,220.04540584539816,481.04540584539814,0.0
43,5,565.0454058453981,287.04540584539814,0.0
43,4,518.0,326.0,0.0
43,6,278.0,613.0,0.0
43,7,495.0,317.0,0.0
43,2,407.04540584539814,434.04540584539814,0.0
43,10,263.04540584539814,340.04540584539814,0.0
43,9,680.0,725.0,0.0
43,8,459.04540584539814,489.04540584539814,0.0
43,3,455.0,269.0,0.0
43,1,220.0,481.0,0.0
44,5,565.0,287.0,0.0
44,4,517.0454058453981,325.04540584539814,0.0
44,6,277.04540584539814,612.0454058453981,0.0
44,7,494.04540584539814,316.04540584539814,0.0
44,2,407.0,434.0,0.0
44,10,263.0,340.0,0.0
44,9,680.9545941546019,725.9545941546019,0.0
44,8,459.0,489.0,0.0
44,3,454.04540584539814,268.04540584539814,0.0
44,1,220.0,480.0,0.0
45,5,564.0454058453981,286.04540584539814,0.0
45,4,517.0,325.0,0.0
45,6,277.0,612.0,0.0
45,7,494.0,316.0,0.0
45,2,406.0,434.0,0.0
45,10,262.04540584539814,339.04540584539814,0.0
45,9,681.0,726.0,0.0
45,8,458.04540584539814,489.95459415460186,0.0
45,3,454.0,268.0,0.0
45,1,219.04540584539816,479.04540584539814,0.0
46,5,564.0,286.0,0.0
46,4,516.0454058453981,324.04540584539814,0.0
46,6,276.04540584539814,611.0454058453981,0.0
46,7,493.04540584539814,315.04540584539814,0.0
46,2,405.04540584539814,434.95459415460186,0.0
46,10,262.0,339.0,0.0
46,9,681.9545941546019,726.9545941546019,0.0
46,8,458.0,490.0,0.0
46,3,453.04540584539814,267.04540584539814,0.0
46,1,219.0,479.0,0.0
47,5,563.0454058453981,285.04540584539814,0.0
47,4,516.0,324.0,0.0
47,6,276.0,611.0,0.0
47,7,493.0,315.0,0.0
47,2,405.0,435.0,0.0
47,10,261.04540584539814,339.95459415460186,0.0
47,9,682.0,727.0,0.0
47,8,457.0,490.0,0.0
47,3,453.0,267.0,0.0
47,1,218.04540584539816,478.04540584539814,0.0
48,5,563.0,285.0,0.0
48,4,515.0454058453981,323.04540584539814,0.0
48,6,276.95459415460186,610.0454058453981,0.0
48,7,492.04540584539814,314.04540584539814,0.0
48,2,404.0,435.0,0.0
48,10,261.0,340.0,0.0
48,9,681.0454058453981,727.9545941546019,0.0
48,8,456.04540584539814,490.95459415460186,0.0
48,3,452.04540584539814,266.04540584539814,0.0
48,1,218.0,478.0,0.0
49,5,562.0454058453981,284.04540584539814,0.0
49,4,515.0,323.0,0.0
49,6,277.0,610.0,0.0
49,7,492.0,314.0,0.0
49,2,403.04540584539814,435.95459415460186,0.0
49,10,260.04540584539814,339.04540584539814,0.0
49,9,681.0,728.0,0.0
49,8,456.0,491.0,0.0
49,3,452.0,266.0,0.0
49,1,218.0,477.0,0.0
50,5,562.0,284.0,0.0
50,4,514.0454058453981,322.04540584539814,0.0
50,6,277.0,609.0,0.0
50,7,491.04540584539814,313.04540584539814,0.0
50,2,403.0,436.0,0.0
50,10,260.0,339.0,0.0
50,9,680.0454058453981,728.9545941546019,0.0
50,8,455.04540584539814,491.95459415460186,0.0
50,3,451.04540584539814,265.04540584539814,0.0
50,1,218.0,476.0,0.0
51,5,561.0454058453981,283.04540584539814,0.0
51,4,514.0,322.0,0.0
51,6,276.04540584539814,608.0454058453981,0.0
51,7,491.0,313.0,0.0
51,2,402.04540584539814,436.95459415460186,0.0
51,10,259.04540584539814,338.04540584539814,0.0
51,9,680.0,729.0,0.0
51,8,455.0,492.0,0.0
51,3,451.0,265.0,0.0
51,1,218.0,475.0,0.0
52,5,561.0,283.0,0.0
52,4,513.0454058453981,321.04540584539814,0.0
52,6,276.0,608.0,0.0
52,7,490.04540584539814,312.04540584539814,0.0
52,2,402.0,437.0,0.0
52,10,259.0,338.0,0.0
52,9,679.0454058453981,729.9545941546019,0.0
52,8,454.04540584539814,491.04540584539814,0.0
52,3,450.04540584539814,264.04540584539814,0.0
52,1,218.95459415460184,474.04540584539814,0.0
53,5,561.0,282.0,0.0
53,4,513.0,321.0,0.0
53,6,276.0,607.0,0.0
53,7,490.0,312.0,0.0
53,2,401.04540584539814,437.95459415460186,0.0
53,10,259.0,337.0,0.0
53,9,679.0,730.0,0.0
53,8,454.0,491.0,0.0
53,3,450.0,264.0,0.0
53,1,219.0,474.0,0.0
54,5,561.0,281.0,0.0
54,4,512.0454058453981,320.04540584539814,0.0
54,6,276.0,606.0,0.0
54,7,489.04540584539814,311.04540584539814,0.0
54,2,401.0,438.0,0.0
54,10,258.04540584539814,336.04540584539814,0.0
54,9,679.0,731.0,0.0
54,8,453.04540584539814,491.95459415460186,0.0
54,3,449.04540584539814,263.04540584539814,0.0
54,1,218.04540584539816,473.04540584539814,0.0
55,5,560.0454058453981,280.04540584539814,0.0
55,4,512.0,320.0,0.0
55,6,275.04540584539814,605.0454058453981,0.0
55,7,489.0,311.0,0.0
55,2,400.04540584539814,437.04540584539814,0.0
55,10,258.0,336.0,0.0
55,9,679.0,732.0,0.0
55,8,453.0,492.0,0.0
55,3,449.0,263.0,0.0
55,1,218.0,473.0,0.0
56,5,560.0,280.0,0.0
56,4,511.04540584539814,319.04540584539814,0.0
56,6,275.0,605.0,0.0
56,7,488.04540584539814,310.04540584539814,0.0
56,2,400.0,437.0,0.0
56,10,258.95459415460186,335.04540584539814,0.0
56,9,679.0,733.0,0.0
56,8,452.04540584539814,492.95459415460186,0.0
56,3,448.04540584539814,262.04540584539814,0.0
56,1,217.04540584539816,472.04540584539814,0.0
57,5,559.0454058453981,279.04540584539814,0.0
57,4,511.0,319.0,0.0
57,6,274.04540584539814,604.0454058453981,0.0
57,7,488.0,310.0,0.0
57,2,399.04540584539814,437.95459415460186,0.0
57,10,259.0,335.0,0.0
57,9,679.0,734.0,0.0
57,8,452.0,493.0,0.0
57,3,448.0,262.0,0.0
57,1,217.0,472.0,0.0
58,5,559.0,279.0,0.0
58,4,510.04540584539814,318.04540584539814,0.0
58,6,274.0,604.0,0.0
58,7,487.04540584539814,309.04540584539814,0.0
58,2,399.0,438.0,0.0
58,10,258.04540584539814,334.04540584539814,0.0
58,9,678.0454058453981,734.9545941546019,0.0
58,8,451.04540584539814,493.95459415460186,0.0
58,3,447.04540584539814,261.04540584539814,0.0
58,1,216.04540584539816,471.04540584539814,0.0
59,5,558.0454058453981,278.04540584539814,0.0
59,4,510.0,318.0,0.0
59,6,274.95459415460186,603.0454058453981,0.0
59,7,487.0,309.0,0.0
59,2,398.0,438.0,0.0
59,10,258.0,334.0,0.0
59,9,678.0,735.0,0.0
59,8,451.0,494.0,0.0
59,3,447.0,261.0,0.0
59,1,216.0,471.0,0.0
60,5,558.0,278.0,0.0
60,4,509.04540584539814,317.04540584539814,0.0
60,6,275.0,603.0,0.0
60,7,486.04540584539814,308.04540584539814,0.0
60,2,397.04540584539814,437.04540584539814,0.0
60,10,257.04540584539814,333.04540584539814,0.0
60,9,678.9545941546019,735.9545941546019,0.0
60,8,450.04540584539814,493.04540584539814,0.0
60,3,446.04540584539814,260.04540584539814,0.0
60,1,216.95459415460184,470.04540584539814,0.0
61,5,557.0454058453981,277.04540584539814,0.0
61,4,509.0,317.0,0.0
61,6,274.04540584539814,602.0454058453981,0.0
61,7,486.0,308.0,0.0
61,2,397.0,437.0,0.0
61,10,257.0,333.0,0.0
61,9,679.0,736.0,0.0
61,8,450.0,493.0,0.0
61,3,446.0,260.0,0.0
61,1,217.0,470.0,0.0
62,5,557.0,277.0,0.0
62,4,509.0,317.0,0.0
62,6,274.0,602.0,0.0
62,7,486.0,308.0,0.0
62,2,397.0,437.0,0.0
62,10,257.0,333.0,0.0
62,9,679.0,736.0,0.0
62,8,450.0,493.0,0.0
62,3,446.0,260.0,0.0
62,1,217.0,470.0,0.0
63,5,556.0454058453981,276.04540584539814,0.0
63,4,508.04540584539814,316.04540584539814,0.0
63,6,273.04540584539814,601.0454058453981,0.0
63,7,485.04540584539814,307.04540584539814,0.0
63,2,396.04540584539814,436.04540584539814,0.0
63,10,256.04540584539814,332.04540584539814,0.0
63,9,678.0454058453981,736.9545941546019,0.0
63,8,449.04540584539814,493.95459415460186,0.0
63,3,445.04540584539814,259.04540584539814,0.0
63,1,216.04540584539816,469.04540584539814,0.0
64,5,556.0,276.0,0.0
64,4,508.0,316.0,0.0
64,6,273.0,601.0,0.0
64,7,485.0,307.0,0.0
64,2,396.0,436.0,0.0
64,10,256.0,332.0,0.0
64,9,678.0,737.0,0.0
64,8,449.0,494.0,0.0
64,3,445.0,259.0,0.0
64,1,216.0,469.0,0.0
65,5,555.0454058453981,275.04540584539814,0.0
65,4,507.04540584539814,315.04540584539814,0.0
65,6,272.04540584539814,600.0454058453981,0.0
65,7,484.04540584539814,306.04540584539814,0.0
65,2,396.0,435.0,0.0
65,10,255.04540584539816,331.04540584539814,0.0
65,9,678.0,738.0,0.0
65,8,448.0,494.0,0.0
65,3,444.04540584539814,258.04540584539814,0.0
65,1,215.04540584539816,468.04540584539814,0.0
66,5,555.0,275.0,0.0
66,4,507.0,315.0,0.0
66,6,272.0,600.0,0.0
66,7,484.0,306.0,0.0
66,2,395.04540584539814,434.04540584539814,0.0
66,10,255.0,331.0,0.0
66,9,677.0454058453981,738.9545941546019,0.0
66,8,447.04540584539814,494.95459415460186,0.0
66,3,444.0,258.0,0.0
66,1,215.0,468.0,0.0
67,5,554.0,275.0,0.0
67,4,506.04540584539814,314.04540584539814,0.0
67,6,271.04540584539814,599.0454058453981,0.0
67,7,483.04540584539814,305.04540584539814,0.0
67,2,395.0,434.0,0.0
67,10,255.95459415460184,330.04540584539814,0.0
67,9,677.0,739.0,0.0
67,8,447.0,495.0,0.0
67,3,443.04540584539814,257.04540584539814,0.0
67,1,214.04540584539816,467.04540584539814,0.0
68,5,553.0454058453981,275.95459415460186,0.0
68,4,506.0,314.0,0.0
68,6,271.0,599.0,0.0
68,7,483.0,305.0,0.0
68,2,394.04540584539814,433.04540584539814,0.0
68,10,256.0,330.0,0.0
68,9,676.0,739.0,0.0
68,8,446.04540584539814,495.95459415460186,0.0
68,3,443.0,257.0,0.0
68,1,214.0,467.0,0.0
69,5,553.0,276.0,0.0
69,4,505.04540584539814,313.04540584539814,0.0
69,6,270.04540584539814,598.0454058453981,0.0
69,7,482.04540584539814,304.04540584539814,0.0
69,2,394.0,433.0,0.0
69,10,255.04540584539816,329.04540584539814,0.0
69,9,675.0,739.0,0.0
69,8,446.0,496.0,0.0
69,3,442.04540584539814,256.04540584539814,0.0
69,1,214.0,466.0,0.0
70,5,552.0454058453981,276.95459415460186,0.0
70,4,505.0,313.0,0.0
70,6,270.0,598.0,0.0
70,7,482.0,304.0,0.0
70,2,394.0,432.0,0.0
70,10,255.0,329.0,0.0
70,9,674.0454058453981,739.9545941546019,0.0
70,8,445.04540584539814,495.04540584539814,0.0
70,3,442.0,256.0,0.0
70,1,213.04540584539816,465.04540584539814,0.0
71,5,552.0,277.0,0.0
71,4,504.04540584539814,312.04540584539814,0.0
71,6,270.0,597.0,0.0
71,7,481.0,304.0,0.0
71,2,393.04540584539814,431.04540584539814,0.0
71,10,254.04540584539816,328.04540584539814,0.0
71,9,674.0,740.0,0.0
71,8,445.0,495.0,0.0
71,3,441.04540584539814,255.04540584539816,0.0
71,1,213.0,465.0,0.0
72,5,551.0454058453981,276.04540584539814,0.0
72,4,504.0,312.0,0.0
72,6,270.0,596.0,0.0
72,7,480.04540584539814,304.95459415460186,0.0
72,2,393.0,431.0,0.0
72,10,254.0,328.0,0.0
72,9,673.0454058453981,740.9545941546019,0.0
72,8,444.04540584539814,495.95459415460186,0.0
72,3,441.0,255.0,0.0
72,1,212.04540584539816,464.04540584539814,0.0
73,5,551.0,276.0,0.0
73,4,503.04540584539814,311.04540584539814,0.0
73,6,269.04540584539814,595.0454058453981,0.0
73,7,480.0,305.0,0.0
73,2,393.0,430.0,0.0
73,10,254.95459415460184,327.04540584539814,0.0
73,9,673.0,741.0,0.0
73,8,444.0,496.0,0.0
73,3,440.04540584539814,254.04540584539816,0.0
73,1,212.0,464.0,0.0
74,5,550.0,276.0,0.0
74,4,503.0,311.0,0.0
74,6,269.0,595.0,0.0
74,7,479.0,305.0,0.0
74,2,393.95459415460186,429.04540584539814,0.0
74,10,255.0,327.0,0.0
74,9,672.0454058453981,741.9545941546019,0.0
74,8,443.04540584539814,495.04540584539814,0.0
74,3,440.0,254.0,0.0
74,1,211.04540584539816,463.04540584539814,0.0
75,5,549.0,276.0,0.0
75,4,502.04540584539814,310.04540584539814,0.0
75,6,269.0,594.0,0.0
75,7,478.0,305.0,0.0
75,2,394.0,429.0,0.0
75,10,255.0,326.0,0.0
75,9,672.0,742.0,0.0
75,8,443.0,495.0,0.0
75,3,439.04540584539814,253.04540584539816,0.0
75,1,211.0,463.0,0.0
76,5,548.0,276.0,0.0
76,4,502.0,310.0,0.0
76,6,269.95459415460186,593.0454058453981,0.0
76,7,477.0,305.0,0.0
76,2,394.0,428.0,0.0
76,10,254.04540584539816,325.04540584539814,0.0
76,9,671.0454058453981,742.9545941546019,0.0
76,8,442.04540584539814,495.95459415460186,0.0
76,3,439.0,253.0,0.0
76,1,211.95459415460184,462.04540584539814,0.0
77,5,547.0454058453981,275.04540584539814,0.0
77,4,501.04540584539814,309.04540584539814,0.0
77,6,270.0,593.0,0.0
77,7,476.0,305.0,0.0
77,2,393.04540584539814,427.04540584539814,0.0
77,10,254.0,325.0,0.0
77,9,671.0,743.0,0.0
77,8,442.0,496.0,0.0
77,3,438.04540584539814,252.04540584539816,0.0
77,1,212.0,462.0,0.0
78,5,547.0,275.0,0.0
78,4,501.0,309.0,0.0
78,6,270.0,592.0,0.0
78,7,475.0,305.0,0.0
78,2,393.0,427.0,0.0
78,10,253.04540584539816,324.04540584539814,0.0
78,9,670.0454058453981,743.9545941546019,0.0
78,8,441.04540584539814,496.95459415460186,0.0
78,3,438.0,252.0,0.0
78,1,211.04540584539816,461.04540584539814,0.0
79,5,546.0,275.0,0.0
79,4,500.04540584539814,308.04540584539814,0.0
79,6,269.04540584539814,591.0454058453981,0.0
79,7,474.0,305.0,0.0
79,2,392.04540584539814,426.04540584539814,0.0
79,10,253.0,324.0,0.0
79,9,670.0,744.0,0.0
79,8,441.0,497.0,0.0
79,3,437.04540584539814,251.04540584539816,0.0
79,1,211.0,461.0,0.0
80,5,545.0454058453981,274.04540584539814,0.0
80,4,500.0,308.0,0.0
80,6,269.0,591.0,0.0
80,7,473.0,305.0,0.0
80,2,392.0,426.0,0.0
80,10,252.04540584539816,323.04540584539814,0.0
80,9,669.0454058453981,744.9545941546019,0.0
80,8,440.04540584539814,497.95459415460186,0.0
80,3,437.0,251.0,0.0
80,1,210.04540584539816,460.04540584539814,0.0
81,5,545.0,274.0,0.0
81,4,499.04540584539814,307.04540584539814,0.0
81,6,268.04540584539814,590.0454058453981,0.0
81,7,472.0,305.0,0.0
81,2,392.95459415460186,425.04540584539814,0.0
81,10,252.0,323.0,0.0
81,9,669.0,745.0,0.0
81,8,440.0,498.0,0.0
81,3,436.04540584539814,250.04540584539816,0.0
81,1,210.0,460.0,0.0
82,5,544.0454058453981,273.04540584539814,0.0
82,4,499.0,307.0,0.0
82,6,268.0,590.0,0.0
82,7,471.04540584539814,305.95459415460186,0.0
82,2,393.0,425.0,0.0
82,10,252.0,322.0,0.0
82,9,668.0454058453981,745.9545941546019,0.0
82,8,439.04540584539814,497.04540584539814,0.0
82,3,436.0,250.0,0.0
82,1,210.95459415460184,459.04540584539814,0.0
83,5,544.0,273.0,0.0
83,4,498.04540584539814,306.04540584539814,0.0
83,6,267.04540584539814,589.0454058453981,0.0
83,7,471.0,306.0,0.0
83,2,392.04540584539814,424.04540584539814,0.0
83,10,251.04540584539816,321.04540584539814,0.0
83,9,668.0,746.0,0.0
83,8,439.0,497.0,0.0
83,3,435.04540584539814,249.04540584539816,0.0
83,1,211.0,459.0,0.0
84,5,543.0454058453981,273.95459415460186,0.0
84,4,498.0,306.0,0.0
84,6,267.0,589.0,0.0
84,7,470.04540584539814,306.95459415460186,0.0
84,2,392.0,424.0,0.0
84,10,251.0,321.0,0.0
84,9,667.0454058453981,746.9545941546019,0.0
84,8,438.04540584539814,497.95459415460186,0.0
84,3,435.0,249.0,0.0
84,1,210.04540584539816,458.04540584539814,0.0
85,5,543.0,274.0,0.0
85,4,497.04540584539814,305.04540584539814,0.0
85,6,267.0,588.0,0.0
85,7,470.0,307.0,0.0
85,2,391.0,424.0,0.0
85,10,250.04540584539816,320.04540584539814,0.0
85,9,667.0,747.0,0.0
85,8,438.0,498.0,0.0
85,3,434.04540584539814,248.04540584539816,0.0
85,1,210.0,458.0,0.0
86,5,542.0454058453981,273.04540584539814,0.0
86,4,497.0,305.0,0.0
86,6,267.95459415460186,587.0454058453981,0.0
86,7,469.04540584539814,307.95459415460186,0.0
86,2,390.04540584539814,423.04540584539814,0.0
86,10,250.0,320.0,0.0
86,9,666.0454058453981,747.9545941546019,0.0
86,8,437.04540584539814,498.95459415460186,0.0
86,3,434.0,248.0,0.0
86,1,210.0,457.0,0.0
87,5,542.0,273.0,0.0
87,4,496.04540584539814,304.04540584539814,0.0
87,6,268.0,587.0,0.0
87,7,469.0,308.0,0.0
87,2,390.0,423.0,0.0
87,10,249.04540584539816,320.95459415460186,0.0
87,9,666.0,748.0,0.0
87,8,437.0,499.0,0.0
87,3,433.04540584539814,247.04540584539816,0.0
87,1,209.04540584539816,456.04540584539814,0.0
88,5,541.0454058453981,273.95459415460186,0.0
88,4,496.0,304.0,0.0
88,6,267.04540584539814,586.0454058453981,0.0
88,7,468.04540584539814,308.95459415460186,0.0
88,2,390.0,422.0,0.0
88,10,249.0,321.0,0.0
88,9,665.0454058453981,748.9545941546019,0.0
88,8,436.04540584539814,498.04540584539814,0.0
88,3,433.0,247.0,0.0
88,1,209.0,456.0,0.0
89,5,541.0,274.0,0.0
89,4,495.04540584539814,303.04540584539814,0.0
89,6,267.0,586.0,0.0
89,7,468.0,309.0,0.0
89,2,389.04540584539814,421.04540584539814,0.0
89,10,248.04540584539816,321.95459415460186,0.0
89,9,665.0,749.0,0.0
89,8,436.0,498.0,0.0
89,3,432.04540584539814,246.04540584539816,0.0
89,1,209.0,455.0,0.0
90,5,540.0454058453981,274.95459415460186,0.0
90,4,495.0,303.0,0.0
90,6,267.0,585.0,0.0
90,7,467.04540584539814,309.95459415460186,0.0
90,2,389.0,421.0,0.0
90,10,248.0,322.0,0.0
90,9,664.0454058453981,749.9545941546019,0.0
90,8,435.04540584539814,498.95459415460186,0.0
90,3,432.0,246.0,0.0
90,1,208.04540584539816,454.04540584539814,0.0
91,5,540.0,275.0,0.0
91,4,494.04540584539814,302.04540584539814,0.0
91,6,266.04540584539814,584.0454058453981,0.0
91,7,467.0,310.0,0.0
91,2,388.04540584539814,420.04540584539814,0.0
91,10,247.04540584539816,321.04540584539814,0.0
91,9,664.0,750.0,0.0
91,8,435.0,499.0,0.0
91,3,431.04540584539814,245.04540584539816,0.0
91,1,208.0,454.0,0.0
92,5,539.0454058453981,274.04540584539814,0.0
92,4,494.0,302.0,0.0
92,6,266.0,584.0,0.0
92,7,466.04540584539814,310.95459415460186,0.0
92,2,388.0,420.0,0.0
92,10,247.0,321.0,0.0
92,9,663.0454058453981,750.9545941546019,0.0
92,8,434.04540584539814,499.95459415460186,0.0
92,3,431.0,245.0,0.0
92,1,207.04540584539816,453.04540584539814,0.0
93,5,539.0,274.0,0.0
93,4,493.04540584539814,301.04540584539814,0.0
93,6,266.0,583.0,0.0
93,7,466.0,311.0,0.0
93,2,388.0,419.0,0.0
93,10,246.04540584539816,321.95459415460186,0.0
93,9,663.0,751.0,0.0
93,8,434.0,500.0,0.0
93,3,430.04540584539814,244.04540584539816,0.0
93,1,207.0,453.0,0.0
94,5,538.0,274.0,0.0
94,4,493.0,301.0,0.0
94,6,265.04540584539814,582.0454058453981,0.0
94,7,465.04540584539814,311.95459415460186,0.0
94,2,388.95459415460186,418.04540584539814,0.0
94,10,246.0,322.0,0.0
94,9,662.0454058453981,751.9545941546019,0.0
94,8,433.0,500.0,0.0
94,3,430.0,244.0,0.0
94,1,207.95459415460184,452.04540584539814,0.0
95,5,537.0454058453981,273.04540584539814,0.0
95,4,492.04540584539814,300.04540584539814,0.0
95,6,265.0,582.0,0.0
95,7,465.0,312.0,0.0
95,2,389.0,418.0,0.0
95,10,245.0,322.0,0.0
95,9,662.0,752.0,0.0
95,8,432.04540584539814,500.95459415460186,0.0
95,3,429.04540584539814,243.04540584539816,0.0
95,1,208.0,452.0,0.0
96,5,537.0,273.0,0.0
96,4,492.0,300.0,0.0
96,6,265.95459415460186,581.0454058453981,0.0
96,7,464.04540584539814,312.95459415460186,0.0
96,2,389.0,417.0,0.0
96,10,244.0,322.0,0.0
96,9,661.0454058453981,752.9545941546019,0.0
96,8,432.0,501.0,0.0
96,3,429.0,243.0,0.0
96,1,207.04540584539816,451.04540584539814,0.0
97,5,536.0454058453981,272.04540584539814,0.0
97,4,491.04540584539814,299.04540584539814,0.0
97,6,266.0,581.0,0.0
97,7,464.0,313.0,0.0
97,2,389.0,416.0,0.0
97,10,243.04540584539816,322.95459415460186,0.0
97,9,661.0,753.0,0.0
97,8,431.04540584539814,501.95459415460186,0.0
97,3,428.04540584539814,242.04540584539816,0.0
97,1,207.0,451.0,0.0
98,5,536.0,272.0,0.0
98,4,491.0,299.0,0.0
98,6,265.04540584539814,580.0454058453981,0.0
98,7,463.0,313.0,0.0
98,2,388.04540584539814,415.04540584539814,0.0
98,10,243.0,323.0,0.0
98,9,661.0,754.0,0.0
98,8,431.0,502.0,0.0
98,3,428.0,242.0,0.0
98,1,206.04540584539816,450.04540584539814,0.0
99,5,535.0,272.0,0.0
99,4,490.04540584539814,298.04540584539814,0.0
99,6,265.0,580.0,0.0
99,7,462.0,313.0,0.0
99,2,388.0,415.0,0.0
99,10,242.04540584539816,322.04540584539814,0.0
99,9,660.0454058453981,754.9545941546019,0.0
99,8,430.04540584539814,501.04540584539814,0.0
99,3,427.04540584539814,241.04540584539816,0.0
99,1,206.0,450.0,0.0
100,5,534.0,272.0,0.0
100,4,490.0,298.0,0.0
100,6,265.0,579.0,0.0
100,7,461.0,313.0,0.0
100,2,387.04540584539814,414.04540584539814,0.0
100,10,242.0,322.0,0.0
100,9,660.0,755.0,0.0
100,8,430.0,501.0,0.0
100,3,427.0,241.0,0.0
100,1,205.04540584539816,449.04540584539814,0.0
101,5,533.0,272.0,0.0
101,4,489.04540584539814,297.04540584539814,0.0
101,6,264.04540584539814,578.0454058453981,0.0
101,7,460.0,313.0,0.0
101,2,387.0,414.0,0.0
101,10,241.04540584539816,322.95459415460186,0.0
101,9,659.0454058453981,755.9545941546019,0.0
101,8,429.04540584539814,501.95459415460186,0.0
101,3,426.04540584539814,240.04540584539816,0.0
101,1,205.0,449.0,0.0
102,5,532.0,272.0,0.0
102,4,489.0,297.0,0.0
102,6,264.0,578.0,0.0
102,7,459.0,313.0,0.0
102,2,386.04540584539814,413.04540584539814,0.0
102,10,241.0,323.0,0.0
102,9,659.0,756.0,0.0
102,8,429.0,502.0,0.0
102,3,426.0,240.0,0.0
102,1,205.95459415460184,448.04540584539814,0.0
103,5,531.0,272.0,0.0
103,4,488.0,297.0,0.0
103,6,263.04540584539814,577.0454058453981,0.0
103,7,458.0,313.0,0.0
103,2,386.0,413.0,0.0
103,10,240.0,323.0,0.0
103,9,658.0454058453981,756.9545941546019,0.0
103,8,428.0,502.0,0.0
103,3,425.04540584539814,239.04540584539816,0.0
103,1,206.0,448.0,0.0
104,5,530.0,272.0,0.0
104,4,487.04540584539814,297.95459415460186,0.0
104,6,263.0,577.0,0.0
104,7,457.0,313.0,0.0
104,2,385.04540584539814,412.04540584539814,0.0
104,10,239.04540584539816,323.95459415460186,0.0
104,9,658.0,757.0,0.0
104,8,427.04540584539814,502.95459415460186,0.0
104,3,425.0,239.0,0.0
104,1,205.04540584539816,447.04540584539814,0.0
105,5,529.0,272.0,0.0
105,4,487.0,298.0,0.0
105,6,263.0,576.0,0.0
105,7,456.0,313.0,0.0
105,2,385.0,412.0,0.0
105,10,239.0,324.0,0.0
105,9,657.0454058453981,757.9545941546019,0.0
105,8,427.0,503.0,0.0
105,3,424.04540584539814,238.04540584539816,0.0
105,1,205.0,447.0,0.0
106,5,528.0454058453981,271.04540584539814,0.0
106,4,486.04540584539814,298.95459415460186,0.0
106,6,262.04540584539814,575.0454058453981,0.0
106,7,455.0,313.0,0.0
106,2,385.95459415460186,411.04540584539814,0.0
106,10,238.0,324.0,0.0
106,9,657.0,758.0,0.0
106,8,426.04540584539814,503.95459415460186,0.0
106,3,424.0,238.0,0.0
106,1,205.0,446.0,0.0
107,5,528.0,271.0,0.0
107,4,486.0,299.0,0.0
107,6,262.0,575.0,0.0
107,7,454.0,313.0,0.0
107,2,386.0,411.0,0.0
107,10,237.04540584539816,324.95459415460186,0.0
107,9,657.0,759.0,0.0
107,8,426.0,504.0,0.0
107,3,423.04540584539814,237.04540584539816,0.0
107,1,205.95459415460184,445.04540584539814,0.0
108,5,527.0454058453981,271.95459415460186,0.0
108,4,485.04540584539814,299.95459415460186,0.0
108,6,261.04540584539814,574.0454058453981,0.0
108,7,453.0,313.0,0.0
108,2,385.04540584539814,410.04540584539814,0.0
108,10,237.0,325.0,0.0
108,9,656.0454058453981,759.9545941546019,0.0
108,8,425.0,504.0,0.0
108,3,423.0,237.0,0.0
108,1,206.0,445.0,0.0
109,5,527.0,272.0,0.0
109,4,485.0,300.0,0.0
109,6,261.0,574.0,0.0
109,7,452.04540584539814,313.95459415460186,0.0
109,2,385.0,410.0,0.0
109,10,236.04540584539816,325.95459415460186,0.0
109,9,656.0,760.0,0.0
109,8,424.04540584539814,504.95459415460186,0.0
109,3,422.04540584539814,236.04540584539816,0.0
109,1,205.04540584539816,444.04540584539814,0.0
110,5,526.0,272.0,0.0
110,4,484.04540584539814,300.95459415460186,0.0
110,6,261.0,573.0,0.0
110,7,452.0,314.0,0.0
110,2,385.95459415460186,409.04540584539814,0.0
110,10,236.0,326.0,0.0
110,9,655.0,760.0,0.0
110,8,424.0,505.0,0.0
110,3,422.0,236.0,0.0
110,1,205.0,444.0,0.0
111,5,525.0454058453981,272.95459415460186,0.0
111,4,484.0,301.0,0.0
111,6,261.0,572.0,0.0
111,7,451.04540584539814,314.95459415460186,0.0
111,2,386.0,409.0,0.0
111,10,235.04540584539816,326.95459415460186,0.0
111,9,654.0454058453981,759.0454058453981,0.0
111,8,423.0,505.0,0.0
111,3,421.04540584539814,235.04540584539816,0.0
111,1,204.04540584539816,443.04540584539814,0.0
112,5,525.0,273.0,0.0
112,4,483.04540584539814,301.95459415460186,0.0
112,6,260.04540584539814,571.0454058453981,0.0
112,7,451.0,315.0,0.0
112,2,385.04540584539814,408.04540584539814,0.0
112,10,235.0,327.0,0.0
112,9,654.0,759.0,0.0
112,8,422.04540584539814,505.95459415460186,0.0
112,3,421.0,235.0,0.0
112,1,204.0,443.0,0.0
113,5,524.0454058453981,273.95459415460186,0.0
113,4,483.0,302.0,0.0
113,6,260.0,571.0,0.0
113,7,450.04540584539814,315.95459415460186,0.0
113,2,385.0,408.0,0.0
113,10,234.0,327.0,0.0
113,9,653.0454058453981,758.0454058453981,0.0
113,8,422.0,506.0,0.0
113,3,420.04540584539814,234.04540584539816,0.0
113,1,203.04540584539816,442.04540584539814,0.0
114,5,524.0,274.0,0.0
114,4,482.04540584539814,302.95459415460186,0.0
114,6,260.95459415460186,570.0454058453981,0.0
114,7,450.0,316.0,0.0
114,2,384.0,408.0,0.0
114,10,233.04540584539816,327.95459415460186,0.0
114,9,653.0,758.0,0.0
114,8,421.04540584539814,506.95459415460186,0.0
114,3,420.0,234.0,0.0
114,1,203.0,442.0,0.0
115,5,523.0,274.0,0.0
115,4,482.0,303.0,0.0
115,6,261.0,570.0,0.0
115,7,449.04540584539814,316.95459415460186,0.0
115,2,383.04540584539814,407.04540584539814,0.0
115,10,233.0,328.0,0.0
115,9,652.0454058453981,758.9545941546019,0.0
115,8,421.0,507.0,0.0
115,3,419.04540584539814,233.04540584539816,0.0
115,1,203.0,441.0,0.0
116,5,522.0454058453981,274.95459415460186,0.0
116,4,481.04540584539814,303.95459415460186,0.0
116,6,260.04540584539814,569.0454058453981,0.0
116,7,449.0,317.0,0.0
116,2,383.0,407.0,0.0
116,10,232.04540584539816,328.95459415460186,0.0
116,9,652.0,759.0,0.0
116,8,420.04540584539814,507.95459415460186,0.0
116,3,419.0,233.0,0.0
116,1,203.0,440.0,0.0
117,5,522.0,275.0,0.0
117,4,481.0,304.0,0.0
117,6,260.0,569.0,0.0
117,7,448.04540584539814,317.95459415460186,0.0
117,2,382.04540584539814,406.04540584539814,0.0
117,10,232.0,329.0,0.0
117,9,652.0,760.0,0.0
117,8,420.0,508.0,0.0
117,3,418.04540584539814,232.04540584539816,0.0
117,1,202.04540584539816,439.04540584539814,0.0
118,5,521.0,275.0,0.0
118,4,480.04540584539814,304.95459415460186,0.0
118,6,259.04540584539814,568.0454058453981,0.0
118,7,448.0,318.0,0.0
118,2,382.0,406.0,0.0
118,10,231.04540584539816,329.95459415460186,0.0
118,9,651.0454058453981,760.9545941546019,0.0
118,8,419.04540584539814,508.95459415460186,0.0
118,3,418.0,232.0,0.0
118,1,202.0,439.0,0.0
119,5,520.0454058453981,275.95459415460186,0.0
119,4,480.0,305.0,0.0
119,6,259.0,568.0,0.0
119,7,447.0,318.0,0.0
119,2,382.95459415460186,405.04540584539814,0.0
119,10,231.0,330.0,0.0
119,9,651.0,761.0,0.0
119,8,419.0,509.0,0.0
119,3,417.04540584539814,231.04540584539816,0.0
119,1,202.0,438.0,0.0
120,5,520.0,276.0,0.0
120,4,479.0,305.0,0.0
120,6,258.04540584539814,567.0454058453981,0.0
120,7,446.04540584539814,317.04540584539814,0.0
120,2,383.0,405.0,0.0
120,10,230.0,330.0,0.0
120,9,650.0,761.0,0.0
120,8,418.04540584539814,508.04540584539814,0.0
120,3,417.0,231.0,0.0
120,1,201.04540584539816,437.04540584539814,0.0
121,5,519.0454058453981,276.95459415460186,0.0
121,4,478.0,305.0,0.0
121,6,258.0,567.0,0.0
121,7,446.0,317.0,0.0
121,2,382.04540584539814,404.04540584539814,0.0
121,10,229.04540584539816,329.04540584539814,0.0
121,9,649.0454058453981,761.9545941546019,0.0
121,8,418.0,508.0,0.0
121,3,416.04540584539814,230.04540584539816,0.0
121,1,201.0,437.0,0.0
122,5,519.0,276.0,0.0
122,4,478.0,305.0,0.0
122,6,258.0,567.0,0.0
122,7,446.0,317.0,0.0
122,2,382.0,404.0,0.0
122,10,229.0,329.0,0.0
122,9,649.0,761.0,0.0
122,8,418.0,508.0,0.0
122,3,416.0,230.0,0.0
122,1,201.0,437.0,0.0
123,5,518.0454058453981,275.04540584539814,0.0
123,4,477.0,305.0,0.0
123,6,258.0,566.0,0.0
123,7,445.04540584539814,317.95459415460186,0.0
123,2,382.95459415460186,403.04540584539814,0.0
123,10,228.04540584539816,329.95459415460186,0.0
123,9,648.0,761.0,0.0
123,8,417.04540584539814,508.95459415460186,0.0
123,3,415.04540584539814,229.04540584539816,0.0
123,1,201.0,436.0,0.0
124,5,518.0,275.0,0.0
124,4,476.0,305.0,0.0
124,6,257.04540584539814,565.0454058453981,0.0
124,7,445.0,318.0,0.0
124,2,383.0,403.0,0.0
124,10,228.0,330.0,0.0
124,9,647.0454058453981,760.0454058453981,0.0
124,8,417.0,509.0,0.0
124,3,415.0,229.0,0.0
124,1,200.04540584539816,435.04540584539814,0.0
125,5,517.0454058453981,275.95459415460186,0.0
125,4,475.0,305.0,0.0
125,6,257.0,565.0,0.0
125,7,444.04540584539814,318.95459415460186,0.0
125,2,383.0,402.0,0.0
125,10,227.04540584539816,330.95459415460186,0.0
125,9,647.0,760.0,0.0
125,8,416.04540584539814,509.95459415460186,0.0
125,3,414.04540584539814,228.04540584539816,0.0
125,1,200.0,435.0,0.0
126,5,517.0,276.0,0.0
126,4,474.0,305.0,0.0
126,6,257.0,564.0,0.0
126,7,444.0,319.0,0.0
126,2,382.04540584539814,401.04540584539814,0.0
126,10,227.0,331.0,0.0
126,9,646.0454058453981,760.9545941546019,0.0
126,8,416.0,510.0,0.0
126,3,414.0,228.0,0.0
126,1,200.0,434.0,0.0
127,5,516.0454058453981,276.95459415460186,0.0
127,4,473.0,305.0,0.0
127,6,257.0,563.0,0.0
127,7,443.04540584539814,319.95459415460186,0.0
127,2,382.0,401.0,0.0
127,10,226.04540584539816,331.95459415460186,0.0
127,9,646.0,761.0,0.0
127,8,415.0,510.0,0.0
127,3,413.04540584539814,227.04540584539816,0.0
127,1,199.04540584539816,433.04540584539814,0.0
128,5,516.0,277.0,0.0
128,4,472.0,305.0,0.0
128,6,256.04540584539814,562.0454058453981,0.0
128,7,443.0,320.0,0.0
128,2,381.04540584539814,400.04540584539814,0.0
128,10,226.0,332.0,0.0
128,9,645.0454058453981,761.9545941546019,0.0
128,8,414.0,510.0,0.0
128,3,413.0,227.0,0.0
128,1,199.0,433.0,0.0
129,5,515.0,277.0,0.0
129,4,471.04540584539814,305.95459415460186,0.0
129,6,256.0,562.0,0.0
129,7,442.04540584539814,320.95459415460186,0.0
129,2,381.0,400.0,0.0
129,10,225.0,332.0,0.0
129,9,645.0,762.0,0.0
129,8,413.04540584539814,509.04540584539814,0.0
129,3,412.04540584539814,226.04540584539816,0.0
129,1,198.04540584539816,432.04540584539814,0.0
130,5,514.0454058453981,277.95459415460186,0.0
130,4,471.0,306.0,0.0
130,6,255.04540584539816,561.0454058453981,0.0
130,7,442.0,321.0,0.0
130,2,380.0,400.0,0.0
130,10,224.0,332.0,0.0
130,9,644.0,762.0,0.0
130,8,413.0,509.0,0.0
130,3,412.0,226.0,0.0
130,1,198.0,432.0,0.0
131,5,514.0,278.0,0.0
131,4,470.04540584539814,306.95459415460186,0.0
131,6,255.0,561.0,0.0
131,7,441.0,321.0,0.0
131,2,379.04540584539814,399.04540584539814,0.0
131,10,223.04540584539816,331.04540584539814,0.0
131,9,643.0454058453981,762.9545941546019,0.0
131,8,412.04540584539814,509.95459415460186,0.0
131,3,411.04540584539814,225.04540584539816,0.0
131,1,197.04540584539816,431.04540584539814,0.0
132,5,513.0454058453981,278.95459415460186,0.0
132,4,470.0,307.0,0.0
132,6,255.95459415460184,560.0454058453981,0.0
132,7,440.0,321.0,0.0
132,2,379.0,399.0,0.0
132,10,223.0,331.0,0.0
132,9,643.0,763.0,0.0
132,8,412.0,510.0,0.0
132,3,411.0,225.0,0.0
132,1,197.0,431.0,0.0
133,5,513.0,279.0,0.0
133,4,469.04540584539814,307.95459415460186,0.0
133,6,256.0,560.0,0.0
133,7,439.0,321.0,0.0
133,2,379.95459415460186,398.04540584539814,0.0
133,10,222.0,331.0,0.0
133,9,642.0,763.0,0.0
133,8,411.04540584539814,510.95459415460186,0.0
133,3,410.04540584539814,224.04540584539816,0.0
133,1,197.95459415460184,430.04540584539814,0.0
134,5,512.0,279.0,0.0
134,4,469.0,308.0,0.0
134,6,255.04540584539816,559.0454058453981,0.0
134,7,438.0,321.0,0.0
134,2,380.0,398.0,0.0
134,10,221.04540584539816,331.95459415460186,0.0
134,9,641.0454058453981,762.0454058453981,0.0
134,8,411.0,511.0,0.0
134,3,410.0,224.0,0.0
134,1,198.0,430.0,0.0
135,5,511.04540584539814,279.95459415460186,0.0
135,4,468.04540584539814,308.95459415460186,0.0
135,6,255.0,559.0,0.0
135,7,437.04540584539814,320.04540584539814,0.0
135,2,379.04540584539814,397.04540584539814,0.0
135,10,221.0,332.0,0.0
135,9,641.0,762.0,0.0
135,8,410.04540584539814,511.95459415460186,0.0
135,3,409.04540584539814,223.04540584539816,0.0
135,1,198.95459415460184,429.04540584539814,0.0
136,5,511.0,280.0,0.0
136,4,468.0,309.0,0.0
136,6,255.0,558.0,0.0
136,7,437.0,320.0,0.0
136,2,379.0,397.0,0.0
136,10,220.0,332.0,0.0
136,9,640.0454058453981,762.9545941546019,0.0
136,8,410.0,512.0,0.0
136,3,409.0,223.0,0.0
136,1,199.0,429.0,0.0
137,5,510.04540584539814,280.95459415460186,0.0
137,4,467.04540584539814,309.95459415460186,0.0
137,6,254.04540584539816,557.0454058453981,0.0
137,7,436.04540584539814,320.95459415460186,0.0
137,2,379.0,396.0,0.0
137,10,219.04540584539816,332.95459415460186,0.0
137,9,640.0,763.0,0.0
137,8,409.0,512.0,0.0
137,3,408.04540584539814,222.04540584539816,0.0
137,1,198.04540584539816,428.04540584539814,0.0
138,5,510.0,281.0,0.0
138,4,467.0,310.0,0.0
138,6,254.0,557.0,0.0
138,7,436.0,321.0,0.0
138,2,378.04540584539814,395.04540584539814,0.0
138,10,219.0,333.0,0.0
138,9,639.0454058453981,763.9545941546019,0.0
138,8,408.0,512.0,0.0
138,3,408.0,222.0,0.0
138,1,198.0,428.0,0.0
139,5,509.04540584539814,281.95459415460186,0.0
139,4,466.04540584539814,310.95459415460186,0.0
139,6,254.0,556.0,0.0
139,7,435.0,321.0,0.0
139,2,378.0,395.0,0.0
139,10,218.0,333.0,0.0
139,9,639.0,764.0,0.0
139,8,407.0,512.0,0.0
139,3,407.04540584539814,221.04540584539816,0.0
139,1,197.04540584539816,427.04540584539814,0.0
140,5,509.0,282.0,0.0
140,4,466.0,311.0,0.0
140,6,253.04540584539816,555.0454058453981,0.0
140,7,434.0,321.0,0.0
140,2,378.0,394.0,0.0
140,10,217.04540584539816,333.95459415460186,0.0
140,9,638.0,764.0,0.0
140,8,406.0,512.0,0.0
140,3,407.0,221.0,0.0
140,1,197.0,427.0,0.0
141,5,508.0,282.0,0.0
141,4,465.04540584539814,311.95459415460186,0.0
141,6,253.0,555.0,0.0
141,7,433.0,321.0,0.0
141,2,378.0,393.0,0.0
141,10,217.0,334.0,0.0
141,9,637.0454058453981,764.9545941546019,0.0
141,8,405.04540584539814,511.04540584539814,0.0
141,3,406.04540584539814,220.04540584539816,0.0
141,1,196.04540584539816,426.04540584539814,0.0
142,5,507.04540584539814,281.04540584539814,0.0
142,4,465.0,312.0,0.0
142,6,252.04540584539816,554.0454058453981,0.0
142,7,432.04540584539814,320.04540584539814,0.0
142,2,378.0,392.0,0.0
142,10,216.04540584539816,334.95459415460186,0.0
142,9,637.0,765.0,0.0
142,8,405.0,511.0,0.0
142,3,406.0,220.0,0.0
142,1,196.0,426.0,0.0
143,5,507.0,281.0,0.0
143,4,464.04540584539814,312.95459415460186,0.0
143,6,252.0,554.0,0.0
143,7,432.0,320.0,0.0
143,2,377.04540584539814,391.04540584539814,0.0
143,10,216.0,335.0,0.0
143,9,636.0454058453981,765.9545941546019,0.0
143,8,404.04540584539814,510.04540584539814,0.0
143,3,405.04540584539814,219.04540584539816,0.0
143,1,195.04540584539816,425.04540584539814,0.0
144,5,506.04540584539814,281.95459415460186,0.0
144,4,464.0,313.0,0.0
144,6,252.95459415460184,553.0454058453981,0.0
144,7,431.04540584539814,320.95459415460186,0.0
144,2,377.0,391.0,0.0
144,10,215.0,335.0,0.0
144,9,636.0,766.0,0.0
144,8,404.0,510.0,0.0
144,3,405.0,219.0,0.0
144,1,195.0,425.0,0.0
145,5,506.0,282.0,0.0
145,4,463.0,313.0,0.0
145,6,253.0,553.0,0.0
145,7,431.0,321.0,0.0
145,2,376.04540584539814,390.04540584539814,0.0
145,10,214.04540584539816,335.95459415460186,0.0
145,9,635.0,766.0,0.0
145,8,404.0,509.0,0.0
145,3,404.04540584539814,218.04540584539816,0.0
145,1,194.04540584539816,424.04540584539814,0.0
146,5,505.04540584539814,281.04540584539814,0.0
146,4,462.0,313.0,0.0
146,6,252.04540584539816,552.0454058453981,0.0
146,7,430.0,321.0,0.0
146,2,376.0,390.0,0.0
146,10,214.0,336.0,0.0
146,9,634.0,766.0,0.0
146,8,403.04540584539814,508.04540584539814,0.0
146,3,404.0,218.0,0.0
146,1,194.0,424.0,0.0
147,5,505.0,281.0,0.0
147,4,461.0,313.0,0.0
147,6,252.0,552.0,0.0
147,7,429.0,321.0,0.0
147,2,376.95459415460186,389.04540584539814,0.0
147,10,214.0,337.0,0.0
147,9,633.0454058453981,766.9545941546019,0.0
147,8,403.0,508.0,0.0
147,3,403.04540584539814,217.04540584539816,0.0
147,1,194.95459415460184,423.04540584539814,0.0
148,5,504.04540584539814,281.95459415460186,0.0
148,4,460.0,313.0,0.0
148,6,252.0,551.0,0.0
148,7,428.04540584539814,321.95459415460186,0.0
148,2,377.0,389.0,0.0
148,10,213.04540584539816,337.95459415460186,0.0
148,9,633.0,767.0,0.0
148,8,403.0,507.0,0.0
148,3,403.0,217.0,0.0
148,1,195.0,423.0,0.0
149,5,504.0,282.0,0.0
149,4,459.0,313.0,0.0
149,6,251.04540584539816,550.0454058453981,0.0
149,7,428.0,322.0,0.0
149,2,376.04540584539814,388.04540584539814,0.0
149,10,213.0,338.0,0.0
149,9,632.0454058453981,767.9545941546019,0.0
149,8,402.04540584539814,506.04540584539814,0.0
149,3,402.04540584539814,216.04540584539816,0.0
149,1,195.95459415460184,422.04540584539814,0.0
150,5,503.04540584539814,282.95459415460186,0.0
150,4,458.0,313.0,0.0
150,6,251.0,550.0,0.0
150,7,427.04540584539814,322.95459415460186,0.0
150,2,376.0,388.0,0.0
150,10,212.04540584539816,338.95459415460186,0.0
150,9,632.0,768.0,0.0
150,8,402.0,506.0,0.0
150,3,402.0,216.0,0.0
150,1,196.0,422.0,0.0
151,5,503.0,283.0,0.0
151,4,457.0,313.0,0.0
151,6,251.0,549.0,0.0
151,7,427.0,323.0,0.0
151,2,376.0,387.0,0.0
151,10,212.0,339.0,0.0
151,9,631.0,768.0,0.0
151,8,401.04540584539814,505.04540584539814,0.0
151,3,401.04540584539814,215.04540584539816,0.0
151,1,195.04540584539816,421.04540584539814,0.0
152,5,502.04540584539814,282.04540584539814,0.0
152,4,456.0,313.0,0.0
152,6,250.04540584539816,548.0454058453981,0.0
152,7,426.04540584539814,323.95459415460186,0.0
152,2,375.04540584539814,386.04540584539814,0.0
152,10,211.0,339.0,0.0
152,9,630.0454058453981,768.9545941546019,0.0
152,8,401.0,505.0,0.0
152,3,401.0,215.0,0.0
152,1,195.0,421.0,0.0
153,5,502.0,282.0,0.0
153,4,455.0,313.0,0.0
153,6,250.0,548.0,0.0
153,7,426.0,324.0,0.0
153,2,375.0,386.0,0.0
153,10,210.04540584539816,338.04540584539814,0.0
153,9,630.0,769.0,0.0
153,8,401.0,504.0,0.0
153,3,400.04540584539814,214.04540584539816,0.0
153,1,194.0,421.0,0.0
154,5,501.04540584539814,282.95459415460186,0.0
154,4,454.0,313.0,0.0
154,6,249.04540584539816,547.0454058453981,0.0
154,7,425.04540584539814,324.95459415460186,0.0
154,2,375.95459415460186,385.04540584539814,0.0
154,10,210.0,338.0,0.0
154,9,629.0,769.0,0.0
154,8,401.95459415460186,503.04540584539814,0.0
154,3,400.0,214.0,0.0
154,1,193.04540584539816,420.04540584539814,0.0
155,5,501.0,283.0,0.0
155,4,453.0,313.0,0.0
155,6,249.0,547.0,0.0
155,7,425.0,325.0,0.0
155,2,376.0,385.0,0.0
155,10,209.04540584539816,338.95459415460186,0.0
155,9,628.0,769.0,0.0
155,8,402.0,503.0,0.0
155,3,399.04540584539814,213.04540584539816,0.0
155,1,193.0,420.0,0.0
156,5,500.04540584539814,283.95459415460186,0.0
156,4,452.04540584539814,313.95459415460186,0.0
156,6,248.04540584539816,546.0454058453981,0.0
156,7,424.04540584539814,325.95459415460186,0.0
156,2,375.04540584539814,384.04540584539814,0.0
156,10,209.0,339.0,0.0
156,9,627.0454058453981,769.9545941546019,0.0
156,8,401.04540584539814,502.04540584539814,0.0
156,3,399.0,213.0,0.0
156,1,193.0,419.0,0.0
157,5,500.0,284.0,0.0
157,4,452.0,314.0,0.0
157,6,248.0,546.0,0.0
157,7,424.0,326.0,0.0
157,2,375.0,384.0,0.0
157,10,208.0,339.0,0.0
157,9,627.0,770.0,0.0
157,8,401.0,502.0,0.0
157,3,398.04540584539814,212.04540584539816,0.0
157,1,192.04540584539816,418.04540584539814,0.0
158,5,500.0,285.0,0.0
158,4,451.04540584539814,314.95459415460186,0.0
158,6,248.0,545.0,0.0
158,7,423.04540584539814,325.04540584539814,0.0
158,2,374.04540584539814,383.04540584539814,0.0
158,10,207.04540584539816,338.04540584539814,0.0
158,9,626.0454058453981,770.9545941546019,0.0
158,8,400.04540584539814,501.04540584539814,0.0
158,3,398.0,212.0,0.0
158,1,192.0,418.0,0.0
159,5,499.04540584539814,285.95459415460186,0.0
159,4,451.0,315.0,0.0
159,6,247.04540584539816,544.0454058453981,0.0
159,7,423.0,325.0,0.0
159,2,374.0,383.0,0.0
159,10,207.0,338.0,0.0
159,9,626.0,771.0,0.0
159,8,400.0,501.0,0.0
159,3,397.04540584539814,211.04540584539816,0.0
159,1,192.0,417.0,0.0
160,5,499.0,286.0,0.0
160,4,450.04540584539814,315.95459415460186,0.0
160,6,247.0,544.0,0.0
160,7,422.0,325.0,0.0
160,2,373.04540584539814,382.04540584539814,0.0
160,10,206.0,338.0,0.0
160,9,625.0454058453981,771.9545941546019,0.0
160,8,400.0,500.0,0.0
160,3,397.0,211.0,0.0
160,1,192.95459415460184,416.04540584539814,0.0
161,5,498.04540584539814,285.04540584539814,0.0
161,4,450.0,316.0,0.0
161,6,247.0,543.0,0.0
161,7,421.04540584539814,324.04540584539814,0.0
161,2,373.0,382.0,0.0
161,10,205.04540584539816,338.95459415460186,0.0
161,9,625.0,772.0,0.0
161,8,399.04540584539814,499.04540584539814,0.0
161,3,396.04540584539814,210.04540584539816,0.0
161,1,193.0,416.0,0.0
162,5,498.0,285.0,0.0
162,4,449.04540584539814,316.95459415460186,0.0
162,6,247.0,542.0,0.0
162,7,421.0,324.0,0.0
162,2,372.04540584539814,381.04540584539814,0.0
162,10,205.0,339.0,0.0
162,9,624.0,772.0,0.0
162,8,399.0,499.0,0.0
162,3,396.0,210.0,0.0
162,1,192.04540584539816,415.04540584539814,0.0
163,5,497.04540584539814,285.95459415460186,0.0
163,4,449.0,317.0,0.0
163,6,246.04540584539816,541.0454058453981,0.0
163,7,420.04540584539814,323.04540584539814,0.0
163,2,372.0,381.0,0.0
163,10,204.0,339.0,0.0
163,9,623.0454058453981,772.9545941546019,0.0
163,8,398.04540584539814,498.04540584539814,0.0
163,3,395.04540584539814,209.04540584539816,0.0
163,1,192.0,415.0,0.0
164,5,497.0,286.0,0.0
164,4,448.04540584539814,317.95459415460186,0.0
164,6,246.0,541.0,0.0
164,7,420.0,323.0,0.0
164,2,371.04540584539814,380.04540584539814,0.0
164,10,203.04540584539816,339.95459415460186,0.0
164,9,623.0,773.0,0.0
164,8,398.0,498.0,0.0
164,3,395.0,209.0,0.0
164,1,191.0,415.0,0.0
165,5,496.0,286.0,0.0
165,4,448.0,318.0,0.0
165,6,246.0,540.0,0.0
165,7,419.04540584539814,322.04540584539814,0.0
165,2,371.0,380.0,0.0
165,10,203.0,340.0,0.0
165,9,622.0,773.0,0.0
165,8,398.95459415460186,497.04540584539814,0.0
165,3,394.04540584539814,208.04540584539816,0.0
165,1,190.04540584539816,414.04540584539814,0.0
166,5,495.04540584539814,286.95459415460186,0.0
166,4,447.0,318.0,0.0
166,6,246.95459415460184,539.0454058453981,0.0
166,7,419.0,322.0,0.0
166,2,371.0,379.0,0.0
166,10,202.04540584539816,340.95459415460186,0.0
166,9,621.0454058453981,773.9545941546019,0.0
166,8,399.0,497.0,0.0
166,3,394.0,208.0,0.0
166,1,190.0,414.0,0.0
167,5,495.0,287.0,0.0
167,4,446.04540584539814,317.04540584539814,0.0
167,6,247.0,539.0,0.0
167,7,418.04540584539814,321.04540584539814,0.0
167,2,371.0,378.0,0.0
167,10,202.0,341.0,0.0
167,9,621.0,774.0,0.0
167,8,398.04540584539814,496.04540584539814,0.0
167,3,393.04540584539814,207.04540584539816,0.0
167,1,190.95459415460184,413.04540584539814,0.0
168,5,494.0,287.0,0.0
168,4,446.0,317.0,0.0
168,6,246.04540584539816,538.0454058453981,0.0
168,7,418.0,321.0,0.0
168,2,370.04540584539814,377.04540584539814,0.0
168,10,201.04540584539816,340.04540584539814,0.0
168,9,620.0454058453981,774.9545941546019,0.0
168,8,398.0,496.0,0.0
168,3,393.0,207.0,0.0
168,1,191.0,413.0,0.0
169,5,493.04540584539814,287.95459415460186,0.0
169,4,445.04540584539814,317.95459415460186,0.0
169,6,246.0,538.0,0.0
169,7,417.0,321.0,0.0
169,2,370.0,377.0,0.0
169,10,201.0,340.0,0.0
169,9,620.0,775.0,0.0
169,8,398.0,495.0,0.0
169,3,392.04540584539814,206.04540584539816,0.0
169,1,190.04540584539816,412.04540584539814,0.0
170,5,493.0,288.0,0.0
170,4,445.0,318.0,0.0
170,6,246.95459415460184,537.0454058453981,0.0
170,7,416.04540584539814,321.95459415460186,0.0
170,2,370.0,376.0,0.0
170,10,200.04540584539816,340.95459415460186,0.0
170,9,619.0454058453981,774.0454058453981,0.0
170,8,397.04540584539814,494.04540584539814,0.0
170,3,392.0,206.0,0.0
170,1,190.0,412.0,0.0
171,5,492.04540584539814,287.04540584539814,0.0
171,4,444.04540584539814,318.95459415460186,0.0
171,6,247.0,537.0,0.0
171,7,416.0,322.0,0.0
171,2,370.0,375.0,0.0
171,10,200.0,341.0,0.0
171,9,619.0,774.0,0.0
171,8,397.0,494.0,0.0
171,3,391.04540584539814,205.04540584539816,0.0
171,1,189.04540584539816,411.04540584539814,0.0
172,5,492.0,287.0,0.0
172,4,444.0,319.0,0.0
172,6,246.04540584539816,536.0454058453981,0.0
172,7,415.04540584539814,322.95459415460186,0.0
172,2,369.04540584539814,374.04540584539814,0.0
172,10,199.04540584539816,341.95459415460186,0.0
172,9,618.0454058453981,774.9545941546019,0.0
172,8,397.0,493.0,0.0
172,3,391.0,205.0,0.0
172,1,189.0,411.0,0.0
173,5,491.04540584539814,287.95459415460186,0.0
173,4,443.04540584539814,319.95459415460186,0.0
173,6,246.0,536.0,0.0
173,7,415.0,323.0,0.0
173,2,369.0,374.0,0.0
173,10,199.0,342.0,0.0
173,9,618.0,775.0,0.0
173,8,396.04540584539814,492.04540584539814,0.0
173,3,390.04540584539814,204.04540584539816,0.0
173,1,189.0,410.0,0.0
174,5,491.0,288.0,0.0
174,4,443.0,320.0,0.0
174,6,245.04540584539816,535.0454058453981,0.0
174,7,414.04540584539814,323.95459415460186,0.0
174,2,368.04540584539814,373.04540584539814,0.0
174,10,198.04540584539816,342.95459415460186,0.0
174,9,617.0,775.0,0.0
174,8,396.0,492.0,0.0
174,3,390.0,204.0,0.0
174,1,189.0,409.0,0.0
175,5,490.04540584539814,288.95459415460186,0.0
175,4,442.04540584539814,320.95459415460186,0.0
175,6,245.0,535.0,0.0
175,7,414.0,324.0,0.0
175,2,368.0,373.0,0.0
175,10,198.0,343.0,0.0
175,9,616.0454058453981,775.9545941546019,0.0
175,8,395.04540584539814,491.04540584539814,0.0
175,3,389.04540584539814,203.04540584539816,0.0
175,1,189.95459415460184,408.04540584539814,0.0
176,5,490.0,289.0,0.0
176,4,442.0,321.0,0.0
176,6,244.04540584539816,534.0454058453981,0.0
176,7,413.04540584539814,323.04540584539814,0.0
176,2,367.04540584539814,372.04540584539814,0.0
176,10,197.0,343.0,0.0
176,9,616.0,776.0,0.0
176,8,395.0,491.0,0.0
176,3,389.0,203.0,0.0
176,1,190.0,408.0,0.0
177,5,489.04540584539814,288.04540584539814,0.0
177,4,441.0,321.0,0.0
177,6,244.0,534.0,0.0
177,7,413.0,323.0,0.0
177,2,367.0,372.0,0.0
177,10,196.04540584539816,343.95459415460186,0.0
177,9,615.0454058453981,776.9545941546019,0.0
177,8,394.04540584539814,490.04540584539814,0.0
177,3,388.04540584539814,202.04540584539816,0.0
177,1,189.04540584539816,407.04540584539814,0.0
178,5,489.0,288.0,0.0
178,4,440.0,321.0,0.0
178,6,244.0,533.0,0.0
178,7,412.0,323.0,0.0
178,2,367.95459415460186,371.04540584539814,0.0
178,10,196.0,344.0,0.0
178,9,615.0,777.0,0.0
178,8,394.0,490.0,0.0
178,3,388.0,202.0,0.0
178,1,189.0,407.0,0.0
179,5,488.04540584539814,288.95459415460186,0.0
179,4,439.0,321.0,0.0
179,6,244.0,532.0,0.0
179,7,411.04540584539814,323.95459415460186,0.0
179,2,368.0,371.0,0.0
179,10,195.0,344.0,0.0
179,9,614.0454058453981,777.9545941546019,0.0
179,8,394.0,489.0,0.0
179,3,387.04540584539814,201.04540584539816,0.0
179,1,188.04540584539816,406.04540584539814,0.0
180,5,488.0,289.0,0.0
180,4,438.0,321.0,0.0
180,6,243.04540584539816,531.0454058453981,0.0
180,7,411.0,324.0,0.0
180,2,368.0,370.0,0.0
180,10,194.04540584539816,344.95459415460186,0.0
180,9,614.0,778.0,0.0
180,8,394.0,488.0,0.0
180,3,387.0,201.0,0.0
180,1,188.0,406.0,0.0
181,5,487.0,289.0,0.0
181,4,437.04540584539814,320.04540584539814,0.0
181,6,243.0,531.0,0.0
181,7,410.0,324.0,0.0
181,2,367.04540584539814,369.04540584539814,0.0
181,10,194.0,345.0,0.0
181,9,613.0,778.0,0.0
181,8,393.04540584539814,487.04540584539814,0.0
181,3,386.04540584539814,200.04540584539816,0.0
181,1,187.04540584539816,405.04540584539814,0.0
182,5,487.0,289.0,0.0
182,4,437.0,320.0,0.0
182,6,243.0,531.0,0.0
182,7,410.0,324.0,0.0
182,2,367.0,369.0,0.01
182,10,194.0,345.0,0.0
182,9,613.0,778.0,0.0
182,8,393.0,487.0,0.0
182,3,386.0,200.0,0.0
182,1,187.0,405.0,0.0
183,5,486.04540584539814,288.04540584539814,0.0
183,4,436.04540584539814,320.95459415460186,0.0
183,6,242.04540584539816,530.0454058453981,0.0
183,7,411.0,324.0,0.0
183,2,366.0378731707119,368.0378731707119,0.02
183,10,193.04540584539816,345.95459415460186,0.0
183,9,612.0454058453981,778.9545941546019,0.0
183,8,392.04540584539814,486.04540584539814,0.0
183,3,385.04540584539814,199.04540584539816,0.0
183,1,186.04540584539816,404.04540584539814,0.0
184,5,486.0,288.0,0.0
184,4,436.0,321.0,0.0
184,6,242.0,530.0,0.0
184,7,411.95459415460186,323.04540584539814,0.0
184,2,366.0,368.0,0.03
184,10,193.0,346.0,0.0
184,9,612.0,779.0,0.0
184,8,392.0,486.0,0.0
184,3,385.0,199.0,0.0
184,1,186.0,404.0,0.0
185,5,485.04540584539814,287.04540584539814,0.0
185,4,435.0,321.0,0.0
185,6,241.04540584539816,529.0454058453981,0.0
185,7,412.0,323.0,0.0
185,2,365.030281055909,367.030281055909,0.04
185,10,192.04540584539816,346.95459415460186,0.0
185,9,611.0,779.0,0.0
185,8,391.04540584539814,485.04540584539814,0.0
185,3,384.04540584539814,198.04540584539816,0.0
185,1,186.0,403.0,0.0
186,5,485.0,287.0,0.0
186,4,434.0,321.0,0.0
186,6,241.0,529.0,0.0
186,7,413.0,323.0,0.0
186,2,365.0,367.0,0.05
186,10,192.0,347.0,0.0
186,9,610.0454058453981,779.9545941546019,0.0
186,8,391.0,485.0,0.0
186,3,384.0,198.0,0.0
186,1,185.04540584539816,402.04540584539814,0.0
187,5,484.04540584539814,286.04540584539814,0.0
187,4,433.0,321.0,0.0
187,6,240.0,529.0,0.0
187,7,413.95459415460186,323.95459415460186,0.0
187,2,365.0,366.0,0.060000000000000005
187,10,191.04540584539816,347.95459415460186,0.0
187,9,610.0,780.0,0.0
187,8,391.95459415460186,484.04540584539814,0.0
187,3,383.04540584539814,197.04540584539816,0.0
187,1,185.0,402.0,0.0
188,5,484.0,286.0,0.0
188,4,432.04540584539814,320.04540584539814,0.0
188,6,239.04540584539816,528.0454058453981,0.0
188,7,414.0,324.0,0.0
188,2,364.018780406449,365.018780406449,0.07
188,10,191.0,348.0,0.0
188,9,609.0,780.0,0.0
188,8,392.0,484.0,0.0
188,3,383.0,197.0,0.0
188,1,185.95459415460184,401.04540584539814,0.0
189,5,483.04540584539814,285.04540584539814,0.0
189,4,432.0,320.0,0.0
189,6,239.0,528.0,0.0
189,7,414.95459415460186,323.04540584539814,0.0
189,2,364.0,365.0,0.08
189,10,190.0,348.0,0.0
189,9,608.0454058453981,780.9545941546019,0.0
189,8,391.04540584539814,483.04540584539814,0.0
189,3,382.04540584539814,196.04540584539816,0.0
189,1,186.0,401.0,0.0
190,5,483.0,285.0,0.0
190,4,431.04540584539814,319.04540584539814,0.0
190,6,239.0,527.0,0.0
190,7,415.0,323.0,0.0
190,2,364.9889623688009,364.0110376311991,0.09
190,10,189.04540584539816,347.04540584539814,0.0
190,9,608.0,781.0,0.0
190,8,391.0,483.0,0.0
190,3,382.0,196.0,0.0
190,1,185.04540584539816,400.04540584539814,0.0
191,5,482.04540584539814,284.04540584539814,0.0
191,4,431.0,319.0,0.0
191,6,239.0,526.0,0.0
191,7,415.95459415460186,322.04540584539814,0.0
191,2,365.0,364.0,0.09999999999999999
191,10,189.0,347.0,0.0
191,9,608.0,782.0,0.0
191,8,390.04540584539814,482.04540584539814,0.0
191,3,382.0,195.0,0.0
191,1,185.0,400.0,0.0
192,5,482.0,284.0,0.0
192,4,430.04540584539814,318.04540584539814,0.0
192,6,238.04540584539816,525.0454058453981,0.0
192,7,416.0,322.0,0.0
192,2,365.99676624206495,363.00323375793505,0.10999999999999999
192,10,188.0,347.0,0.0
192,9,607.0454058453981,782.9545941546019,0.0
192,8,390.0,482.0,0.0
192,3,382.95459415460186,194.04540584539816,0.0
192,1,185.95459415460184,399.04540584539814,0.0
193,5,481.04540584539814,283.04540584539814,0.0
193,4,430.0,318.0,0.0
193,6,238.0,525.0,0.0
193,7,416.95459415460186,321.04540584539814,0.0
193,2,366.0,363.0,0.11999999999999998
193,10,187.04540584539816,347.95459415460186,0.0
193,9,607.0,783.0,0.0
193,8,389.04540584539814,481.04540584539814,0.0
193,3,383.0,194.0,0.0
193,1,186.0,399.0,0.0
194,5,481.0,283.0,0.0
194,4,430.0,317.0,0.0
194,6,238.95459415460184,524.0454058453981,0.0
194,7,417.0,321.0,0.0
194,2,365.0,362.0,0.12999999999999998
194,10,187.0,348.0,0.0
194,9,606.0,783.0,0.0
194,8,389.0,481.0,0.0
194,3,383.95459415460186,193.04540584539816,0.0
194,1,185.04540584539816,398.04540584539814,0.0
195,5,480.04540584539814,282.04540584539814,0.0
195,4,429.04540584539814,316.04540584539814,0.0
195,6,239.0,524.0,0.0
195,7,418.0,321.0,0.0
195,2,364.0,361.0,0.13999999999999999
195,10,186.04540584539816,348.95459415460186,0.0
195,9,605.0454058453981,782.0454058453981,0.0
195,8,388.0,481.0,0.0
195,3,384.0,193.0,0.0
195,1,185.0,398.0,0.0
196,5,480.0,282.0,0.0
196,4,429.0,316.0,0.0
196,6,238.04540584539816,523.0454058453981,0.0
196,7,418.95459415460186,321.95459415460186,0.0
196,2,363.0,360.0,0.15
196,10,186.0,349.0,0.0
196,9,605.0,782.0,0.0
196,8,387.04540584539814,481.95459415460186,0.0
196,3,384.95459415460186,192.04540584539816,0.0
196,1,185.0,397.0,0.0
197,5,479.04540584539814,281.04540584539814,0.0
197,4,428.04540584539814,315.04540584539814,0.0
197,6,238.0,523.0,0.0
197,7,419.0,322.0,0.0
197,2,364.0,359.0,0.16
197,10,185.04540584539816,349.95459415460186,0.0
197,9,604.0,782.0,0.0
197,8,387.0,482.0,0.0
197,3,385.0,192.0,0.0
197,1,185.0,396.0,0.0
198,5,479.0,281.0,0.0
198,4,428.0,315.0,0.0
198,6,238.0,522.0,0.0
198,7,419.95459415460186,321.04540584539814,0.0
198,2,363.0,358.0,0.17
198,10,185.0,350.0,0.0
198,9,603.0454058453981,782.9545941546019,0.0
198,8,387.0,483.0,0.0
198,3,385.0,191.0,0.0
198,1,184.04540584539816,395.04540584539814,0.0
199,5,478.04540584539814,280.04540584539814,0.0
199,4,428.0,314.0,0.0
199,6,238.0,521.0,0.0
199,7,420.0,321.0,0.0
199,2,362.0,358.0,0.18000000000000002
199,10,184.04540584539816,350.95459415460186,0.0
199,9,603.0,783.0,0.0
199,8,386.04540584539814,483.95459415460186,0.0
199,3,385.0,190.0,0.0
199,1,184.0,395.0,0.0
200,5,478.0,280.0,0.0
200,4,427.04540584539814,313.04540584539814,0.0
200,6,238.0,520.0,0.0
200,7,420.0,320.0,0.0
200,2,361.0,357.0,0.19000000000000003
200,10,184.0,351.0,0.0
200,9,602.0,783.0,0.0
200,8,386.0,484.0,0.0
200,3,385.0,189.0,0.0
200,1,183.04540584539816,394.04540584539814,0.0
201,5,477.04540584539814,279.04540584539814,0.0
201,4,427.0,313.0,0.0
201,6,238.0,519.0,0.0
201,7,420.95459415460186,319.04540584539814,0.0
201,2,362.0,356.0,0.20000000000000004
201,10,183.04540584539816,351.95459415460186,0.0
201,9,601.0,783.0,0.0
201,8,385.04540584539814,483.04540584539814,0.0
201,3,385.0,188.0,0.0
201,1,183.0,394.0,0.0
202,5,477.0,279.0,0.0
202,4,426.04540584539814,312.04540584539814,0.0
202,6,238.0,518.0,0.0
202,7,421.0,319.0,0.0
202,2,362.0,355.0,0.21000000000000005
202,10,183.0,352.0,0.0
202,9,600.0454058453981,783.9545941546019,0.0
202,8,385.0,483.0,0.0
202,3,384.04540584539814,187.04540584539816,0.0
202,1,182.04540584539816,393.04540584539814,0.0
203,5,476.04540584539814,278.04540584539814,0.0
203,4,426.0,312.0,0.0
203,6,237.04540584539816,517.0454058453981,0.0
203,7,421.95459415460186,318.04540584539814,0.0
203,2,361.0,354.0,0.22000000000000006
203,10,182.0,352.0,0.0
203,9,600.0,784.0,0.0
203,8,384.04540584539814,483.95459415460186,0.0
203,3,384.0,187.0,0.0
203,1,182.0,393.0,0.0
204,5,476.0,278.0,0.0
204,4,425.04540584539814,311.04540584539814,0.0
204,6,237.0,517.0,0.0
204,7,422.0,318.0,0.0
204,2,360.0,354.0,0.23000000000000007
204,10,181.04540584539816,351.04540584539814,0.0
204,9,599.0454058453981,784.9545941546019,0.0
204,8,384.0,484.0,0.0
204,3,384.95459415460186,186.04540584539816,0.0
204,1,181.04540584539816,392.04540584539814,0.0
205,5,475.04540584539814,277.04540584539814,0.0
205,4,425.0,311.0,0.0
205,6,237.0,516.0,0.0
205,7,423.0,318.0,0.0
205,2,359.0,353.0,0.24000000000000007
205,10,181.0,351.0,0.0
205,9,599.0,785.0,0.0
205,8,383.04540584539814,484.95459415460186,0.0
205,3,385.0,186.0,0.0
205,1,181.0,392.0,0.0
206,5,475.0,277.0,0.0
206,4,425.0,310.0,0.0
206,6,236.04540584539816,515.0454058453981,0.0
206,7,423.95459415460186,317.04540584539814,0.0
206,2,358.0,352.0,0.25000000000000006
206,10,180.0,351.0,0.0
206,9,598.0454058453981,785.9545941546019,0.0
206,8,383.0,485.0,0.0
206,3,385.0,185.0,0.0
206,1,180.04540584539816,391.04540584539814,0.0
207,5,474.04540584539814,276.04540584539814,0.0
207,4,425.0,309.0,0.0
207,6,236.0,515.0,0.0
207,7,424.0,317.0,0.0
207,2,358.0,351.0,0.26000000000000006
207,10,179.0,351.0,0.0
207,9,598.0,786.0,0.0
207,8,382.0,485.0,0.0
207,3,385.0,184.0,0.0
207,1,180.0,391.0,0.0
208,5,474.0,276.0,0.0
208,4,425.0,308.0,0.0
208,6,236.0,514.0,0.0
208,7,425.0,317.0,0.0
208,2,358.0,350.0,0.2700000000000001
208,10,178.04540584539816,350.04540584539814,0.0
208,9,597.0454058453981,785.0454058453981,0.0
208,8,381.04540584539814,485.95459415460186,0.0
208,3,385.0,183.0,0.0
208,1,180.95459415460184,390.04540584539814,0.0
209,5,473.04540584539814,275.04540584539814,0.0
209,4,425.0,307.0,0.0
209,6,235.04540584539816,513.0454058453981,0.0
209,7,425.95459415460186,316.04540584539814,0.0
209,2,357.0,349.0,0.2800000000000001
209,10,178.0,350.0,0.0
209,9,597.0,785.0,0.0
209,8,381.0,486.0,0.0
209,3,385.0,182.0,0.0
209,1,181.0,390.0,0.0
210,5,473.0,275.0,0.0
210,4,425.0,306.0,0.0
210,6,235.0,513.0,0.0
210,7,426.0,316.0,0.0
210,2,356.0,350.0,0.2900000000000001
210,10,177.04540584539816,349.04540584539814,0.0
210,9,596.0454058453981,785.9545941546019,0.0
210,8,380.04540584539814,485.04540584539814,0.0
210,3,385.0,181.0,0.0
210,1,180.04540584539816,389.04540584539814,0.0
211,5,472.04540584539814,274.04540584539814,0.0
211,4,425.0,305.0,0.0
211,6,234.04540584539816,513.9545941546019,0.0
211,7,426.95459415460186,315.04540584539814,0.0
211,2,355.0,349.0,0.3000000000000001
211,10,177.0,349.0,0.0
211,9,596.0,786.0,0.0
211,8,380.0,485.0,0.0
211,3,385.0,180.0,0.0
211,1,180.0,389.0,0.0
212,5,472.0,274.0,0.0
212,4,424.04540584539814,304.04540584539814,0.0
212,6,234.0,514.0,0.0
212,7,427.0,315.0,0.0
212,2,354.0,349.0,0.3100000000000001
212,10,176.04540584539816,348.04540584539814,0.0
212,9,595.0,786.0,0.0
212,8,379.04540584539814,485.95459415460186,0.0
212,3,385.0,179.0,0.0
212,1,179.04540584539816,388.04540584539814,0.0
213,5,471.04540584539814,273.04540584539814,0.0
213,4,424.0,304.0,0.0
213,6,233.04540584539816,513.0454058453981,0.0
213,7,427.95459415460186,314.04540584539814,0.0
213,2,353.0,348.0,0.3200000000000001
213,10,176.0,348.0,0.0
213,9,594.0454058453981,786.9545941546019,0.0
213,8,379.0,486.0,0.0
213,3,385.0,178.0,0.0
213,1,179.0,388.0,0.0
214,5,471.0,273.0,0.0
214,4,423.04540584539814,303.04540584539814,0.0
214,6,233.0,513.0,0.0
214,7,428.0,314.0,0.0
214,2,354.0,347.0,0.3200000000000001
214,10,175.04540584539816,347.04540584539814,0.0
214,9,594.0,787.0,0.0
214,8,378.04540584539814,485.04540584539814,0.0
214,3,385.0,177.0,0.0
214,1,179.95459415460184,387.04540584539814,0.0
215,5,470.04540584539814,272.04540584539814,0.0
215,4,423.0,303.0,0.0
215,6,233.0,512.0,0.0
215,7,427.04540584539814,313.04540584539814,0.0
215,2,354.0,346.0,0.3200000000000001
215,10,175.0,347.0,0.0
215,9,593.0454058453981,787.9545941546019,0.0
215,8,378.0,485.0,0.0
215,3,384.04540584539814,176.04540584539816,0.0
215,1,180.0,387.0,0.0
216,5,470.0,272.0,0.0
216,4,422.04540584539814,302.04540584539814,0.0
216,6,232.04540584539816,511.04540584539814,0.0
216,7,427.0,313.0,0.0
216,2,353.0,345.0,0.3200000000000001
216,10,175.95459415460184,346.04540584539814,0.0
216,9,593.0,788.0,0.0
216,8,377.04540584539814,485.95459415460186,0.0
216,3,384.0,176.0,0.0
216,1,179.04540584539816,386.04540584539814,0.0
217,5,469.04540584539814,271.04540584539814,0.0
217,4,422.0,302.0,0.0
217,6,232.0,511.0,0.0
217,7,426.04540584539814,312.04540584539814,0.0
217,2,352.0,345.0,0.3200000000000001
217,10,176.0,346.0,0.0
217,9,592.0454058453981,788.9545941546019,0.0
217,8,377.0,486.0,0.0
217,3,383.04540584539814,175.04540584539816,0.0
217,1,179.0,386.0,0.0
218,5,469.0,271.0,0.0
218,4,421.04540584539814,301.04540584539814,0.0
218,6,232.95459415460184,510.04540584539814,0.0
218,7,426.0,312.0,0.0
218,2,351.0,345.0,0.3200000000000001
218,10,175.04540584539816,345.04540584539814,0.0
218,9,592.0,789.0,0.0
218,8,376.0,486.0,0.0
218,3,383.0,175.0,0.0
218,1,179.0,385.0,0.0
219,5,468.04540584539814,270.04540584539814,0.0
219,4,421.0,301.0,0.0
219,6,233.0,510.0,0.0
219,7,425.04540584539814,311.04540584539814,0.0
219,2,350.0,344.0,0.3200000000000001
219,10,175.0,345.0,0.0
219,9,591.0454058453981,788.0454058453981,0.0
219,8,375.04540584539814,486.95459415460186,0.0
219,3,382.04540584539814,174.04540584539816,0.0
219,1,179.0,384.0,0.0
220,5,468.0,270.0,0.0
220,4,420.04540584539814,300.04540584539814,0.0
220,6,232.04540584539816,509.04540584539814,0.0
220,7,425.0,311.0,0.0
220,2,349.0,343.0,0.3200000000000001
220,10,174.04540584539816,344.04540584539814,0.0
220,9,591.0,788.0,0.0
220,8,375.0,487.0,0.0
220,3,382.0,174.0,0.0
220,1,178.04540584539816,383.04540584539814,0.0
221,5,467.04540584539814,269.04540584539814,0.0
221,4,420.0,300.0,0.0
221,6,232.0,509.0,0.0
221,7,425.0,310.0,0.0
221,2,348.0,342.0,0.3200000000000001
221,10,174.0,344.0,0.0
221,9,590.0454058453981,788.9545941546019,0.0
221,8,374.04540584539814,487.95459415460186,0.0
221,3,381.04540584539814,173.04540584539816,0.0
221,1,178.0,383.0,0.0
222,5,467.0,269.0,0.0
222,4,419.04540584539814,299.04540584539814,0.0
222,6,232.0,508.0,0.0
222,7,425.0,309.0,0.0
222,2,347.0,342.0,0.3200000000000001
222,10,174.95459415460184,343.04540584539814,0.0
222,9,590.0,789.0,0.0
222,8,374.0,488.0,0.0
222,3,381.0,173.0,0.0
222,1,178.0,382.0,0.0
223,5,466.04540584539814,268.04540584539814,0.0
223,4,419.0,299.0,0.0
223,6,232.95459415460184,507.04540584539814,0.0
223,7,425.0,308.0,0.0
223,2,346.0,341.0,0.3200000000000001
223,10,175.0,343.0,0.0
223,9,589.0454058453981,789.9545941546019,0.0
223,8,374.0,489.0,0.0
223,3,380.04540584539814,172.04540584539816,0.0
223,1,177.04540584539816,381.04540584539814,0.0
224,5,466.0,268.0,0.0
224,4,418.04540584539814,298.04540584539814,0.0
224,6,233.0,507.0,0.0
224,7,425.0,307.0,0.0
224,2,345.0,341.0,0.3200000000000001
224,10,174.04540584539816,342.04540584539814,0.0
224,9,589.0,790.0,0.0
224,8,373.04540584539814,489.95459415460186,0.0
224,3,380.0,172.0,0.0
224,1,177.0,381.0,0.0
225,5,465.04540584539814,267.04540584539814,0.0
225,4,418.0,298.0,0.0
225,6,232.04540584539816,506.04540584539814,0.0
225,7,425.0,306.0,0.0
225,2,344.0,341.0,0.3200000000000001
225,10,174.0,342.0,0.0
225,9,588.0,790.0,0.0
225,8,373.0,490.0,0.0
225,3,379.04540584539814,171.04540584539816,0.0
225,1,177.0,380.0,0.0
226,5,465.0,267.0,0.0
226,4,417.04540584539814,297.04540584539814,0.0
226,6,232.0,506.0,0.0
226,7,425.0,305.0,0.0
226,2,343.0,342.0,0.3200000000000001
226,10,173.04540584539816,341.04540584539814,0.0
226,9,587.0454058453981,790.9545941546019,0.0
226,8,372.0,490.0,0.0
226,3,379.0,171.0,0.0
226,1,176.04540584539816,379.04540584539814,0.0
227,5,464.04540584539814,266.04540584539814,0.0
227,4,417.0,297.0,0.0
227,6,231.04540584539816,505.04540584539814,0.0
227,7,424.04540584539814,304.04540584539814,0.0
227,2,343.0,343.0,0.3200000000000001
227,10,173.0,341.0,0.0
227,9,587.0,791.0,0.0
227,8,371.0,490.0,0.0
227,3,378.04540584539814,170.04540584539816,0.0
227,1,176.0,379.0,0.0
228,5,464.0,266.0,0.0
228,4,416.04540584539814,296.04540584539814,0.0
228,6,231.0,505.0,0.0
228,7,424.0,304.0,0.0
228,2,342.0,344.0,0.3200000000000001
228,10,172.04540584539816,340.04540584539814,0.0
228,9,586.0454058453981,791.9545941546019,0.0
228,8,370.04540584539814,490.95459415460186,0.0
228,3,378.0,170.0,0.0
228,1,176.0,378.0,0.0
229,5,463.04540584539814,265.04540584539814,0.0
229,4,416.0,296.0,0.0
229,6,230.04540584539816,504.04540584539814,0.0
229,7,423.04540584539814,303.04540584539814,0.0
229,2,341.0,343.0,0.3200000000000001
229,10,172.0,340.0,0.0
229,9,586.0,792.0,0.0
229,8,370.0,491.0,0.0
229,3,377.04540584539814,169.04540584539816,0.0
229,1,175.04540584539816,377.04540584539814,0.0
230,5,463.0,265.0,0.0
230,4,416.95459415460186,295.04540584539814,0.0
230,6,230.0,504.0,0.0
230,7,423.0,303.0,0.0
230,2,340.0,344.0,0.3200000000000001
230,10,172.0,339.0,0.0
230,9,585.0454058453981,792.9545941546019,0.0
230,8,369.0,491.0,0.0
230,3,377.0,169.0,0.0
230,1,175.0,377.0,0.0
231,5,462.04540584539814,264.04540584539814,0.0
231,4,417.0,295.0,0.0
231,6,229.04540584539816,503.04540584539814,0.0
231,7,422.04540584539814,302.04540584539814,0.0
231,2,339.0,345.0,0.3200000000000001
231,10,171.04540584539816,338.04540584539814,0.0
231,9,585.0,793.0,0.0
231,8,368.04540584539814,490.04540584539814,0.0
231,3,376.04540584539814,168.04540584539816,0.0
231,1,174.04540584539816,376.04540584539814,0.0
232,5,462.0,264.0,0.0
232,4,417.0,294.0,0.0
232,6,229.0,503.0,0.0
232,7,422.0,302.0,0.0
232,2,338.0,344.0,0.3200000000000001
232,10,171.0,338.0,0.0
232,9,584.0,793.0,0.0
232,8,368.0,490.0,0.0
232,3,376.0,168.0,0.0
232,1,174.0,376.0,0.0
233,5,461.04540584539814,263.04540584539814,0.0
233,4,417.0,293.0,0.0
233,6,229.0,502.0,0.0
233,7,421.04540584539814,301.04540584539814,0.0
233,2,337.0,343.0,0.3200000000000001
233,10,171.0,337.0,0.0
233,9,583.0454058453981,793.9545941546019,0.0
233,8,367.04540584539814,490.95459415460186,0.0
233,3,375.04540584539814,167.04540584539816,0.0
233,1,173.04540584539816,375.04540584539814,0.0
234,5,461.0,263.0,0.0
234,4,417.0,292.0,0.0
234,6,229.0,501.0,0.0
234,7,421.0,301.0,0.0
234,2,336.0,343.0,0.3200000000000001
234,10,170.04540584539816,336.04540584539814,0.0
234,9,583.0,794.0,0.0
234,8,367.0,491.0,0.0
234,3,375.0,167.0,0.0
234,1,173.0,375.0,0.0
235,5,460.04540584539814,262.04540584539814,0.0
235,4,417.0,291.0,0.0
235,6,228.04540584539816,500.04540584539814,0.0
235,7,420.04540584539814,300.04540584539814,0.0
235,2,335.0,342.0,0.3200000000000001
235,10,170.0,336.0,0.0
235,9,582.0454058453981,794.9545941546019,0.0
235,8,366.04540584539814,491.95459415460186,0.0
235,3,374.04540584539814,166.04540584539816,0.0
235,1,173.95459415460184,374.04540584539814,0.0
236,5,460.0,262.0,0.0
236,4,417.0,290.0,0.0
236,6,228.0,500.0,0.0
236,7,420.0,300.0,0.0
236,2,334.0,341.0,0.3200000000000001
236,10,169.04540584539816,335.04540584539814,0.0
236,9,582.0,795.0,0.0
236,8,366.0,492.0,0.0
236,3,374.0,166.0,0.0
236,1,174.0,374.0,0.0
237,5,459.04540584539814,261.04540584539814,0.0
237,4,417.0,289.0,0.0
237,6,228.95459415460184,499.04540584539814,0.0
237,7,419.04540584539814,299.04540584539814,0.0
237,2,333.0,340.0,0.3200000000000001
237,10,169.0,335.0,0.0
237,9,581.0454058453981,795.9545941546019,0.0
237,8,365.04540584539814,491.04540584539814,0.0
237,3,373.04540584539814,165.04540584539816,0.0
237,1,173.04540584539816,373.04540584539814,0.0
238,5,459.0,261.0,0.0
238,4,417.0,288.0,0.0
238,6,229.0,499.0,0.0
238,7,419.0,299.0,0.0
238,2,334.0,339.0,0.3200000000000001
238,10,169.95459415460184,334.04540584539814,0.0
238,9,581.0,796.0,0.0
238,8,365.0,491.0,0.0
238,3,373.0,165.0,0.0
238,1,173.0,373.0,0.0
239,5,458.04540584539814,260.04540584539814,0.0
239,4,417.0,287.0,0.0
239,6,229.0,498.0,0.0
239,7,418.04540584539814,298.04540584539814,0.0
239,2,334.0,338.0,0.3200000000000001
239,10,170.0,334.0,0.0
239,9,580.0454058453981,796.9545941546019,0.0
239,8,364.0,491.0,0.0
239,3,372.04540584539814,164.04540584539816,0.0
239,1,173.95459415460184,372.04540584539814,0.0
240,5,458.0,260.0,0.0
240,4,417.0,286.0,0.0
240,6,229.0,497.0,0.0
240,7,418.0,298.0,0.0
240,2,333.0,337.0,0.3200000000000001
240,10,170.0,333.0,0.0
240,9,580.0,797.0,0.0
240,8,363.04540584539814,491.95459415460186,0.0
240,3,372.0,164.0,0.0
240,1,174.0,372.0,0.0
241,5,457.04540584539814,259.04540584539814,0.0
241,4,417.0,285.0,0.0
241,6,229.0,496.0,0.0
241,7,417.04540584539814,297.04540584539814,0.0
241,2,332.0,337.0,0.3200000000000001
241,10,169.04540584539816,332.04540584539814,0.0
241,9,579.0454058453981,797.9545941546019,0.0
241,8,363.0,492.0,0.0
241,3,371.04540584539814,163.04540584539816,0.0
241,1,173.04540584539816,371.04540584539814,0.0
242,5,457.0,259.0,0.0
242,4,417.0,285.0,0.0
242,6,229.0,496.0,0.0
242,7,417.0,297.0,0.0
242,2,332.0,337.0,0.3200000000000001
242,10,169.0,332.0,0.0
242,9,579.0,797.0,0.0
242,8,363.0,492.0,0.0
242,3,371.0,163.0,0.0
242,1,173.0,371.0,0.0
243,5,456.04540584539814,258.04540584539814,0.0
243,4,417.0,284.0,0.0
243,6,228.04540584539816,495.04540584539814,0.0
243,7,416.04540584539814,296.04540584539814,0.0
243,2,331.0,336.0,0.3200000000000001
243,10,168.04540584539816,331.04540584539814,0.0
243,9,579.0,798.0,0.0
243,8,362.0,492.0,0.0
243,3,370.04540584539814,162.04540584539816,0.0
243,1,173.0,370.0,0.0
244,5,456.0,258.0,0.0
244,4,417.0,283.0,0.0
244,6,228.0,495.0,0.0
244,7,416.0,296.0,0.0
244,2,331.0,335.0,0.3200000000000001
244,10,168.0,331.0,0.0
244,9,579.0,799.0,0.0
244,8,361.04540584539814,492.95459415460186,0.0
244,3,370.0,162.0,0.0
244,1,172.04540584539816,369.04540584539814,0.0
245,5,455.04540584539814,257.04540584539814,0.0
245,4,416.04540584539814,282.04540584539814,0.0
245,6,227.04540584539816,494.04540584539814,0.0
245,7,416.95459415460186,295.04540584539814,0.0
245,2,330.0,334.0,0.3200000000000001
245,10,167.04540584539816,330.04540584539814,0.0
245,9,579.9545941546019,799.9545941546019,0.0
245,8,361.0,493.0,0.0
245,3,369.04540584539814,161.04540584539816,0.0
245,1,172.0,369.0,0.0
246,5,455.0,257.0,0.0
246,4,416.0,282.0,0.0
246,6,227.0,494.0,0.0
246,7,417.0,295.0,0.0
246,2,329.0,333.0,0.3200000000000001
246,10,167.0,330.0,0.0
246,9,580.0,800.0,0.0
246,8,360.04540584539814,493.95459415460186,0.0
246,3,369.0,161.0,0.0
246,1,172.0,368.0,0.0
247,5,454.04540584539814,256.04540584539814,0.0
247,4,415.04540584539814,281.04540584539814,0.0
247,6,226.04540584539816,493.04540584539814,0.0
247,7,417.0,294.0,0.0
247,2,328.0,332.0,0.3200000000000001
247,10,166.0,330.0,0.0
247,9,580.0,801.0,0.0
247,8,360.0,494.0,0.0
247,3,368.04540584539814,160.04540584539816,0.0
247,1,171.04540584539816,367.04540584539814,0.0
248,5,454.0,256.0,0.0
248,4,415.0,281.0,0.0
248,6,226.0,493.0,0.0
248,7,417.0,293.0,0.0
248,2,329.0,331.0,0.3200000000000001
248,10,165.04540584539816,329.04540584539814,0.0
248,9,580.0,802.0,0.0
248,8,359.04540584539814,494.95459415460186,0.0
248,3,368.0,160.0,0.0
248,1,171.0,367.0,0.0
249,5,453.04540584539814,255.04540584539816,0.0
249,4,414.04540584539814,280.04540584539814,0.0
249,6,225.04540584539816,492.04540584539814,0.0
249,7,417.0,292.0,0.0
249,2,330.0,330.0,0.3200000000000001
249,10,165.0,329.0,0.0
249,9,580.0,803.0,0.0
249,8,359.0,495.0,0.0
249,3,367.04540584539814,159.04540584539816,0.0
249,1,170.04540584539816,366.04540584539814,0.0
250,5,453.0,255.0,0.0
250,4,414.0,280.0,0.0
250,6,225.0,492.0,0.0
250,7,417.0,291.0,0.0
250,2,330.0,329.0,0.3200000000000001
250,10,165.0,328.0,0.0
250,9,580.9545941546019,803.9545941546019,0.0
250,8,358.04540584539814,495.95459415460186,0.0
250,3,367.0,159.0,0.0
250,1,170.0,366.0,0.0
251,5,452.04540584539814,254.04540584539816,0.0
251,4,413.04540584539814,279.04540584539814,0.0
251,6,225.0,491.0,0.0
251,7,417.0,290.0,0.0
251,2,329.0,328.0,0.3200000000000001
251,10,165.0,327.0,0.0
251,9,581.0,804.0,0.0
251,8,358.0,496.0,0.0
251,3,366.04540584539814,158.04540584539816,0.0
251,1,169.04540584539816,365.04540584539814,0.0
252,5,452.0,254.0,0.0
252,4,413.0,279.0,0.0
252,6,224.04540584539816,490.04540584539814,0.0
252,7,417.0,289.0,0.0
252,2,330.0,327.0,0.3200000000000001
252,10,164.04540584539816,326.04540584539814,0.0
252,9,580.0454058453981,804.9545941546019,0.0
252,8,357.0,496.0,0.0
252,3,366.0,158.0,0.0
252,1,169.0,365.0,0.0
253,5,451.04540584539814,253.04540584539816,0.0
253,4,412.04540584539814,278.04540584539814,0.0
253,6,224.0,490.0,0.0
253,7,417.0,288.0,0.0
253,2,329.0,326.0,0.3200000000000001
253,10,164.0,326.0,0.0
253,9,580.0,805.0,0.0
253,8,356.04540584539814,496.95459415460186,0.0
253,3,365.04540584539814,157.04540584539816,0.0
253,1,169.95459415460184,364.04540584539814,0.0
254,5,451.0,253.0,0.0
254,4,412.0,278.0,0.0
254,6,223.04540584539816,489.04540584539814,0.0
254,7,417.0,287.0,0.0
254,2,328.0,325.0,0.3200000000000001
254,10,163.04540584539816,325.04540584539814,0.0
254,9,580.9545941546019,805.9545941546019,0.0
254,8,356.0,497.0,0.0
254,3,365.0,157.0,0.0
254,1,170.0,364.0,0.0
255,5,450.04540584539814,252.04540584539816,0.0
255,4,411.04540584539814,277.04540584539814,0.0
255,6,223.0,489.0,0.0
255,7,417.0,286.0,0.0
255,2,328.0,324.0,0.3200000000000001
255,10,163.0,325.0,0.0
255,9,581.0,806.0,0.0
255,8,355.04540584539814,497.95459415460186,0.0
255,3,364.04540584539814,156.04540584539816,0.0
255,1,169.04540584539816,363.04540584539814,0.0
256,5,450.0,252.0,0.0
256,4,411.0,277.0,0.0
256,6,222.0,489.0,0.0
256,7,417.0,285.0,0.0
256,2,327.0,323.0,0.3200000000000001
256,10,162.04540584539816,324.04540584539814,0.0
256,9,580.0454058453981,806.9545941546019,0.0
256,8,355.0,498.0,0.0
256,3,364.0,156.0,0.0
256,1,169.0,363.0,0.0
257,5,449.04540584539814,251.04540584539816,0.0
257,4,410.04540584539814,276.04540584539814,0.0
257,6,221.04540584539816,489.95459415460186,0.0
257,7,417.0,284.0,0.0
257,2,326.0,322.0,0.3200000000000001
257,10,162.0,324.0,0.0
257,9,580.0,807.0,0.0
257,8,354.0,498.0,0.0
257,3,363.04540584539814,155.04540584539816,0.0
257,1,168.04540584539816,362.04540584539814,0.0
258,5,449.0,251.0,0.0
258,4,410.0,276.0,0.0
258,6,221.0,490.0,0.0
258,7,417.0,283.0,0.0
258,2,325.0,321.0,0.3200000000000001
258,10,161.0,324.0,0.0
258,9,580.0,808.0,0.0
258,8,353.0,498.0,0.0
258,3,363.0,155.0,0.0
258,1,168.0,362.0,0.0
259,5,448.04540584539814,250.04540584539816,0.0
259,4,409.04540584539814,275.04540584539814,0.0
259,6,220.04540584539816,490.95459415460186,0.0
259,7,416.04540584539814,282.04540584539814,0.0
259,2,324.0,320.0,0.3200000000000001
259,10,160.04540584539816,323.04540584539814,0.0
259,9,579.0454058453981,808.9545941546019,0.0
259,8,352.04540584539814,497.04540584539814,0.0
259,3,362.04540584539814,154.04540584539816,0.0
259,1,168.95459415460184,361.04540584539814,0.0
260,5,448.0,250.0,0.0
260,4,409.0,275.0,0.0
260,6,220.0,491.0,0.0
260,7,416.0,282.0,0.0
260,2,324.0,319.0,0.3200000000000001
260,10,160.0,323.0,0.0
260,9,579.0,809.0,0.0
260,8,352.0,497.0,0.0
260,3,362.0,154.0,0.0
260,1,169.0,361.0,0.0
261,5,447.04540584539814,249.04540584539816,0.0
261,4,408.04540584539814,274.04540584539814,0.0
261,6,219.04540584539816,491.95459415460186,0.0
261,7,415.04540584539814,281.04540584539814,0.0
261,2,323.0,318.0,0.3200000000000001
261,10,159.04540584539816,322.04540584539814,0.0
261,9,578.0454058453981,809.9545941546019,0.0
261,8,351.04540584539814,497.95459415460186,0.0
261,3,361.04540584539814,153.04540584539816,0.0
261,1,168.04540584539816,360.04540584539814,0.0
262,5,447.0,249.0,0.0
262,4,408.0,274.0,0.0
262,6,219.0,492.0,0.0
262,7,415.0,281.0,0.0
262,2,323.0,317.0,0.3200000000000001
262,10,159.0,322.0,0.0
262,9,578.0,810.0,0.0
262,8,351.0,498.0,0.0
262,3,361.0,153.0,0.0
262,1,168.0,360.0,0.0
263,5,446.04540584539814,248.04540584539816,0.0
263,4,407.04540584539814,273.04540584539814,0.0
263,6,219.0,493.0,0.0
263,7,414.04540584539814,280.04540584539814,0.0
263,2,322.0,316.0,0.3200000000000001
263,10,158.04540584539816,321.04540584539814,0.0
263,9,577.0454058453981,810.9545941546019,0.0
263,8,350.0,498.0,0.0
263,3,360.04540584539814,152.04540584539816,0.0
263,1,168.0,359.0,0.0
264,5,446.0,248.0,0.0
264,4,407.0,273.0,0.0
264,6,218.04540584539816,493.95459415460186,0.0
264,7,414.0,280.0,0.0
264,2,322.0,315.0,0.3200000000000001
264,10,158.0,321.0,0.0
264,9,577.0,811.0,0.0
264,8,349.0,498.0,0.0
264,3,360.0,152.0,0.0
264,1,167.04540584539816,358.04540584539814,0.0
265,5,445.04540584539814,247.04540584539816,0.0
265,4,406.04540584539814,272.04540584539814,0.0
265,6,218.0,494.0,0.0
265,7,413.04540584539814,279.04540584539814,0.0
265,2,323.0,314.0,0.3200000000000001
265,10,157.04540584539816,320.04540584539814,0.0
265,9,576.0454058453981,811.9545941546019,0.0
265,8,348.04540584539814,497.04540584539814,0.0
265,3,359.04540584539814,152.95459415460184,0.0
265,1,167.0,358.0,0.0
266,5,445.0,247.0,0.0
266,4,406.0,272.0,0.0
266,6,217.04540584539816,493.04540584539814,0.0
266,7,413.0,279.0,0.0
266,2,322.0,313.0,0.3200000000000001
266,10,157.0,320.0,0.0
266,9,576.0,812.0,0.0
266,8,348.0,497.0,0.0
266,3,359.0,153.0,0.0
266,1,167.0,357.0,0.0
267,5,444.04540584539814,246.04540584539816,0.0
267,4,405.04540584539814,271.04540584539814,0.0
267,6,217.0,493.0,0.0
267,7,412.04540584539814,278.04540584539814,0.0
267,2,323.0,312.0,0.3200000000000001
267,10,156.04540584539816,319.04540584539814,0.0
267,9,576.9545941546019,812.9545941546019,0.0
267,8,348.95459415460186,496.04540584539814,0.0
267,3,358.04540584539814,152.04540584539816,0.0
267,1,166.04540584539816,356.04540584539814,0.0
268,5,444.0,246.0,0.0
268,4,405.0,271.0,0.0
268,6,216.0,493.0,0.0
268,7,412.0,278.0,0.0
268,2,322.0,311.0,0.3200000000000001
268,10,156.0,319.0,0.0
268,9,577.0,813.0,0.0
268,8,349.0,496.0,0.0
268,3,358.0,152.0,0.0
268,1,166.0,356.0,0.0
269,5,443.04540584539814,245.04540584539816,0.0
269,4,404.04540584539814,270.04540584539814,0.0
269,6,215.0,493.0,0.0
269,7,411.04540584539814,277.04540584539814,0.0
269,2,321.0,311.0,0.3200000000000001
269,10,155.0,319.0,0.0
269,9,577.0,814.0,0.0
269,8,348.04540584539814,495.04540584539814,0.0
269,3,357.04540584539814,152.95459415460184,0.0
269,1,165.04540584539816,355.04540584539814,0.0
270,5,443.0,245.0,0.0
270,4,404.0,270.0,0.0
270,6,214.04540584539816,493.95459415460186,0.0
270,7,411.0,277.0,0.0
270,2,320.0,310.0,0.3200000000000001
270,10,154.04540584539816,318.04540584539814,0.0
270,9,576.0454058453981,814.9545941546019,0.0
270,8,348.0,495.0,0.0
270,3,357.0,153.0,0.0
270,1,165.0,355.0,0.0
271,5,442.04540584539814,244.04540584539816,0.0
271,4,403.04540584539814,269.04540584539814,0.0
271,6,214.0,494.0,0.0
271,7,410.04540584539814,276.04540584539814,0.0
271,2,320.0,309.0,0.3200000000000001
271,10,154.0,318.0,0.0
271,9,576.0,815.0,0.0
271,8,347.04540584539814,494.04540584539814,0.0
271,3,356.0,153.0,0.0
271,1,165.0,354.0,0.0
272,5,442.0,244.0,0.0
272,4,403.0,269.0,0.0
272,6,213.0,494.0,0.0
272,7,410.0,276.0,0.0
272,2,321.0,308.0,0.3200000000000001
272,10,153.04540584539816,317.04540584539814,0.0
272,9,576.0,816.0,0.0
272,8,347.0,494.0,0.0
272,3,355.0,153.0,0.0
272,1,165.95459415460184,353.04540584539814,0.0
273,5,441.04540584539814,243.04540584539816,0.0
273,4,402.04540584539814,268.04540584539814,0.0
273,6,212.04540584539816,494.95459415460186,0.0
273,7,409.04540584539814,275.04540584539814,0.0
273,2,320.0,307.0,0.3200000000000001
273,10,153.0,317.0,0.0
273,9,576.9545941546019,816.9545941546019,0.0
273,8,347.0,493.0,0.0
273,3,354.0,153.0,0.0
273,1,166.0,353.0,0.0
274,5,441.0,243.0,0.0
274,4,402.0,268.0,0.0
274,6,212.0,495.0,0.0
274,7,409.0,275.0,0.0
274,2,319.0,306.0,0.3200000000000001
274,10,152.0,317.0,0.0
274,9,577.0,817.0,0.0
274,8,346.04540584539814,492.04540584539814,0.0
274,3,353.0,153.0,0.0
274,1,165.04540584539816,352.04540584539814,0.0
275,5,440.04540584539814,242.04540584539816,0.0
275,4,401.04540584539814,267.04540584539814,0.0
275,6,211.04540584539816,495.95459415460186,0.0
275,7,408.04540584539814,274.04540584539814,0.0
275,2,318.0,305.0,0.3200000000000001
275,10,151.04540584539816,316.04540584539814,0.0
275,9,577.9545941546019,817.9545941546019,0.0
275,8,346.0,492.0,0.0
275,3,352.0,153.0,0.0
275,1,165.0,352.0,0.0
276,5,440.0,242.0,0.0
276,4,401.0,267.0,0.0
276,6,211.0,496.0,0.0
276,7,408.0,274.0,0.0
276,2,318.0,304.0,0.3200000000000001
276,10,151.0,316.0,0.0
276,9,578.0,818.0,0.0
276,8,345.04540584539814,492.95459415460186,0.0
276,3,351.0,153.0,0.0
276,1,164.0,352.0,0.0
277,5,439.04540584539814,241.04540584539816,0.0
277,4,400.04540584539814,266.04540584539814,0.0
277,6,210.0,496.0,0.0
277,7,407.04540584539814,273.04540584539814,0.0
277,2,319.0,303.0,0.3200000000000001
277,10,151.0,315.0,0.0
277,9,577.0454058453981,818.9545941546019,0.0
277,8,345.0,493.0,0.0
277,3,350.04540584539814,152.04540584539816,0.0
277,1,163.04540584539816,351.04540584539814,0.0
278,5,439.0,241.0,0.0
278,4,400.0,266.0,0.0
278,6,209.04540584539816,496.95459415460186,0.0
278,7,407.0,273.0,0.0
278,2,318.0,302.0,0.3200000000000001
278,10,150.04540584539816,314.04540584539814,0.0
278,9,577.0,819.0,0.0
278,8,344.0,493.0,0.0
278,3,350.0,152.0,0.0
278,1,163.0,351.0,0.0
279,5,438.04540584539814,240.04540584539816,0.0
279,4,399.04540584539814,265.04540584539814,0.0
279,6,209.0,497.0,0.0
279,7,406.04540584539814,272.04540584539814,0.0
279,2,317.0,301.0,0.3200000000000001
279,10,150.0,314.0,0.0
279,9,577.0,820.0,0.0
279,8,343.0,493.0,0.0
279,3,349.04540584539814,152.95459415460184,0.0
279,1,163.0,350.0,0.0
280,5,438.0,240.0,0.0
280,4,399.0,265.0,0.0
280,6,208.04540584539816,497.95459415460186,0.0
280,7,406.0,272.0,0.0
280,2,316.0,300.0,0.3200000000000001
280,10,149.0,314.0,0.0
280,9,576.0454058453981,820.9545941546019,0.0
280,8,342.04540584539814,493.95459415460186,0.0
280,3,349.0,153.0,0.0
280,1,163.95459415460184,349.04540584539814,0.0
281,5,437.04540584539814,239.04540584539816,0.0
281,4,398.04540584539814,264.04540584539814,0.0
281,6,208.0,498.0,0.0
281,7,405.04540584539814,271.04540584539814,0.0
281,2,315.0,299.0,0.3200000000000001
281,10,148.0,314.0,0.0
281,9,576.0,821.0,0.0
281,8,342.0,494.0,0.0
281,3,348.0,153.0,0.0
281,1,164.0,349.0,0.0
282,5,437.0,239.0,0.0
282,4,398.0,264.0,0.0
282,6,207.04540584539816,498.95459415460186,0.0
282,7,405.0,271.0,0.0
282,2,316.0,298.0,0.3200000000000001
282,10,147.04540584539816,314.95459415460186,0.0
282,9,575.0454058453981,821.9545941546019,0.0
282,8,341.04540584539814,494.95459415460186,0.0
282,3,347.0,153.0,0.0
282,1,164.0,348.0,0.0
283,5,436.04540584539814,238.04540584539816,0.0
283,4,397.04540584539814,263.04540584539814,0.0
283,6,207.0,499.0,0.0
283,7,404.04540584539814,270.04540584539814,0.0
283,2,315.0,297.0,0.3200000000000001
283,10,147.0,315.0,0.0
283,9,575.0,822.0,0.0
283,8,341.0,495.0,0.0
283,3,346.0,153.0,0.0
283,1,163.04540584539816,347.04540584539814,0.0
284,5,436.0,238.0,0.0
284,4,397.0,263.0,0.0
284,6,206.0,499.0,0.0
284,7,404.0,270.0,0.0
284,2,315.0,296.0,0.3200000000000001
284,10,146.04540584539816,314.04540584539814,0.0
284,9,575.0,823.0,0.0
284,8,340.04540584539814,494.04540584539814,0.0
284,3,345.04540584539814,153.95459415460184,0.0
284,1,163.0,347.0,0.0
285,5,435.04540584539814,237.04540584539816,0.0
285,4,396.04540584539814,262.04540584539814,0.0
285,6,205.04540584539816,498.04540584539814,0.0
285,7,403.04540584539814,269.04540584539814,0.0
285,2,316.0,295.0,0.3200000000000001
285,10,146.0,314.0,0.0
285,9,575.0,824.0,0.0
285,8,340.0,494.0,0.0
285,3,345.0,154.0,0.0
285,1,162.04540584539816,346.04540584539814,0.0
286,5,435.0,237.0,0.0
286,4,396.0,262.0,0.0
286,6,205.0,498.0,0.0
286,7,403.0,269.0,0.0
286,2,315.0,294.0,0.3200000000000001
286,10,145.0,314.0,0.0
286,9,575.9545941546019,824.9545941546019,0.0
286,8,339.04540584539814,493.04540584539814,0.0
286,3,344.04540584539814,154.95459415460184,0.0
286,1,162.0,346.0,0.0
287,5,434.04540584539814,236.04540584539816,0.0
287,4,395.04540584539814,261.04540584539814,0.0
287,6,204.04540584539816,498.95459415460186,0.0
287,7,402.04540584539814,268.04540584539814,0.0
287,2,314.0,293.0,0.3200000000000001
287,10,144.04540584539816,313.04540584539814,0.0
287,9,576.0,825.0,0.0
287,8,339.0,493.0,0.0
287,3,344.0,155.0,0.0
287,1,161.04540584539816,345.04540584539814,0.0
288,5,434.0,236.0,0.0
288,4,395.0,261.0,0.0
288,6,204.0,499.0,0.0
288,7,402.0,268.0,0.0
288,2,313.0,293.0,0.3200000000000001
288,10,144.0,313.0,0.0
288,9,575.0454058453981,825.9545941546019,0.0
288,8,338.04540584539814,493.95459415460186,0.0
288,3,343.04540584539814,154.04540584539816,0.0
288,1,161.0,345.0,0.0
289,5,433.04540584539814,235.04540584539816,0.0
289,4,394.04540584539814,260.04540584539814,0.0
289,6,203.04540584539816,499.95459415460186,0.0
289,7,401.04540584539814,267.04540584539814,0.0
289,2,312.0,292.0,0.3200000000000001
289,10,144.0,312.0,0.0
289,9,575.0,826.0,0.0
289,8,338.0,494.0,0.0
289,3,343.0,154.0,0.0
289,1,160.04540584539816,344.04540584539814,0.0
290,5,433.0,235.0,0.0
290,4,394.0,260.0,0.0
290,6,203.0,500.0,0.0
290,7,401.0,267.0,0.0
290,2,311.0,291.0,0.3200000000000001
290,10,144.95459415460184,311.04540584539814,0.0
290,9,574.0454058453981,826.9545941546019,0.0
290,8,337.04540584539814,494.95459415460186,0.0
290,3,342.0,154.0,0.0
290,1,160.0,344.0,0.0
291,5,432.04540584539814,234.04540584539816,0.0
291,4,393.04540584539814,259.04540584539814,0.0
291,6,202.04540584539816,500.95459415460186,0.0
291,7,400.04540584539814,266.04540584539814,0.0
291,2,310.0,291.0,0.3200000000000001
291,10,145.0,311.0,0.0
291,9,574.0,827.0,0.0
291,8,337.0,495.0,0.0
291,3,341.04540584539814,153.04540584539816,0.0
291,1,160.95459415460184,343.04540584539814,0.0
292,5,432.0,234.0,0.0
292,4,393.0,259.0,0.0
292,6,202.0,501.0,0.0
292,7,400.0,266.0,0.0
292,2,309.0,292.0,0.3200000000000001
292,10,145.0,310.0,0.0
292,9,574.0,828.0,0.0
292,8,336.04540584539814,495.95459415460186,0.0
292,3,341.0,153.0,0.0
292,1,161.0,343.0,0.0
293,5,431.04540584539814,233.04540584539816,0.0
293,4,392.04540584539814,258.04540584539814,0.0
293,6,201.04540584539816,501.95459415460186,0.0
293,7,399.04540584539814,265.04540584539814,0.0
293,2,308.0,293.0,0.3200000000000001
293,10,144.04540584539816,309.04540584539814,0.0
293,9,574.9545941546019,828.9545941546019,0.0
293,8,336.0,496.0,0.0
293,3,340.0,153.0,0.0
293,1,161.95459415460184,342.04540584539814,0.0
294,5,431.0,233.0,0.0
294,4,392.0,258.0,0.0
294,6,201.0,502.0,0.0
294,7,399.0,265.0,0.0
294,2,307.0,294.0,0.3200000000000001
294,10,144.0,309.0,0.0
294,9,575.0,829.0,0.0
294,8,335.04540584539814,496.95459415460186,0.0
294,3,339.04540584539814,152.04540584539816,0.0
294,1,162.0,342.0,0.0
295,5,430.04540584539814,232.04540584539816,0.0
295,4,391.04540584539814,257.04540584539814,0.0
295,6,200.0,502.0,0.0
295,7,398.04540584539814,264.04540584539814,0.0
295,2,306.0,295.0,0.3200000000000001
295,10,143.04540584539816,308.04540584539814,0.0
295,9,574.0454058453981,829.9545941546019,0.0
295,8,335.0,497.0,0.0
295,3,339.0,152.0,0.0
295,1,161.04540584539816,341.04540584539814,0.0
296,5,430.0,232.0,0.0
296,4,391.0,257.0,0.0
296,6,199.0,502.0,0.0
296,7,398.0,264.0,0.0
296,2,305.0,295.0,0.3200000000000001
296,10,143.0,308.0,0.0
296,9,574.0,830.0,0.0
296,8,334.04540584539814,497.95459415460186,0.0
296,3,338.04540584539814,152.95459415460184,0.0
296,1,161.0,341.0,0.0
297,5,429.04540584539814,231.04540584539816,0.0
297,4,390.04540584539814,256.04540584539814,0.0
297,6,198.04540584539816,501.04540584539814,0.0
297,7,397.04540584539814,263.04540584539814,0.0
297,2,304.0,296.0,0.3200000000000001
297,10,142.04540584539816,307.04540584539814,0.0
297,9,573.0,830.0,0.0
297,8,334.0,498.0,0.0
297,3,338.0,153.0,0.0
297,1,161.0,340.0,0.0
298,5,429.0,231.0,0.0
298,4,390.0,256.0,0.0
298,6,198.0,501.0,0.0
298,7,397.0,263.0,0.0
298,2,303.0,295.0,0.3200000000000001
298,10,142.0,307.0,0.0
298,9,572.0454058453981,830.9545941546019,0.0
298,8,333.04540584539814,497.04540584539814,0.0
298,3,337.04540584539814,153.95459415460184,0.0
298,1,160.04540584539816,339.04540584539814,0.0
299,5,428.04540584539814,230.04540584539816,0.0
299,4,389.0,256.0,0.0
299,6,197.0,501.0,0.0
299,7,396.04540584539814,262.04540584539814,0.0
299,2,302.0,295.0,0.3200000000000001
299,10,141.04540584539816,306.04540584539814,0.0
299,9,572.0,831.0,0.0
299,8,333.0,497.0,0.0
299,3,337.0,154.0,0.0
299,1,160.0,339.0,0.0
300,5,428.0,230.0,0.0
300,4,388.04540584539814,256.95459415460186,0.0
300,6,196.04540584539816,501.95459415460186,0.0
300,7,396.0,262.0,0.0
300,2,301.0,295.0,0.3200000000000001
300,10,141.0,306.0,0.0
300,9,571.0,831.0,0.0
300,8,332.0,497.0,0.0
300,3,336.0,154.0,0.0
300,1,159.04540584539816,338.04540584539814,0.0
301,5,427.04540584539814,229.04540584539816,0.0
301,4,388.0,257.0,0.0
301,6,196.0,502.0,0.0
301,7,395.04540584539814,261.04540584539814,0.0
301,2,300.0,295.0,0.3200000000000001
301,10,140.04540584539816,305.04540584539814,0.0
301,9,570.0454058453981,831.9545941546019,0.0
301,8,331.04540584539814,497.95459415460186,0.0
301,3,335.04540584539814,154.95459415460184,0.0
301,1,159.0,338.0,0.0
302,5,427.0,229.0,0.0
302,4,388.0,257.0,0.0
302,6,196.0,502.0,0.0
302,7,395.0,261.0,0.0
302,2,300.0,295.0,0.3200000000000001
302,10,140.0,305.0,0.0
302,9,570.0,831.0,0.0
302,8,331.0,497.0,0.01
302,3,335.0,154.0,0.0
302,1,159.0,338.0,0.0
303,5,426.04540584539814,228.04540584539816,0.0
303,4,387.04540584539814,257.95459415460186,0.0
303,6,195.04540584539816,502.95459415460186,0.0
303,7,394.04540584539814,260.04540584539814,0.0
303,2,299.0,294.0,0.3200000000000001
303,10,140.0,304.0,0.0
303,9,570.0,832.0,0.0
303,8,330.0378731707119,497.9621268292881,0.02
303,3,335.0,155.0,0.0
303,1,158.04540584539816,337.04540584539814,0.0
304,5,426.0,228.0,0.0
304,4,387.0,258.0,0.0
304,6,195.0,503.0,0.0
304,7,394.0,260.0,0.0
304,2,298.0,294.0,0.3200000000000001
304,10,139.04540584539816,303.04540584539814,0.0
304,9,569.0454058453981,832.9545941546019,0.0
304,8,330.0,498.0,0.03
304,3,334.04540584539814,155.95459415460184,0.0
304,1,158.0,337.0,0.0
305,5,425.04540584539814,227.04540584539816,0.0
305,4,386.04540584539814,258.95459415460186,0.0
305,6,194.04540584539816,503.95459415460186,0.0
305,7,393.04540584539814,259.04540584539814,0.0
305,2,297.0,294.0,0.3200000000000001
305,10,139.0,303.0,0.0
305,9,569.0,833.0,0.0
305,8,329.030281055909,497.030281055909,0.04
305,3,334.0,156.0,0.0
305,1,157.04540584539816,336.04540584539814,0.0
306,5,425.0,227.0,0.0
306,4,386.0,259.0,0.0
306,6,194.0,504.0,0.0
306,7,393.0,259.0,0.0
306,2,296.0,293.0,0.3200000000000001
306,10,139.95459415460184,302.04540584539814,0.0
306,9,569.0,834.0,0.0
306,8,329.0,497.0,0.05
306,3,333.0,156.0,0.0
306,1,157.0,336.0,0.0
307,5,424.04540584539814,226.04540584539816,0.0
307,4,385.04540584539814,259.95459415460186,0.0
307,6,193.0,504.0,0.0
307,7,392.04540584539814,258.04540584539814,0.0
307,2,295.0,292.0,0.3200000000000001
307,10,140.0,302.0,0.0
307,9,569.9545941546019,834.9545941546019,0.0
307,8,329.0,496.0,0.060000000000000005
307,3,332.04540584539814,155.04540584539816,0.0
307,1,156.04540584539816,335.04540584539814,0.0
308,5,424.0,226.0,0.0
308,4,385.0,260.0,0.0
308,6,192.04540584539816,504.95459415460186,0.0
308,7,392.0,258.0,0.0
308,2,294.0,291.0,0.3200000000000001
308,10,140.0,301.0,0.0
308,9,570.0,835.0,0.0
308,8,328.018780406449,495.018780406449,0.07
308,3,332.0,155.0,0.0
308,1,156.0,335.0,0.0
309,5,423.04540584539814,225.04540584539816,0.0
309,4,384.04540584539814,260.95459415460186,0.0
309,6,192.0,505.0,0.0
309,7,391.04540584539814,257.04540584539814,0.0
309,2,293.0,290.0,0.3200000000000001
309,10,140.0,300.0,0.0
309,9,570.9545941546019,835.9545941546019,0.0
309,8,328.0,495.0,0.08
309,3,331.04540584539814,155.95459415460184,0.0
309,1,156.0,334.0,0.0
310,5,423.0,225.0,0.0
310,4,384.0,261.0,0.0
310,6,191.04540584539816,505.95459415460186,0.0
310,7,391.0,257.0,0.0
310,2,292.0,289.0,0.3200000000000001
310,10,139.04540584539816,299.04540584539814,0.0
310,9,571.0,836.0,0.0
310,8,327.0110376311991,494.0110376311991,0.09
310,3,331.0,156.0,0.0
310,1,156.0,333.0,0.0
311,5,422.04540584539814,224.04540584539816,0.0
311,4,383.0,261.0,0.0
311,6,191.0,506.0,0.0
311,7,390.04540584539814,256.04540584539814,0.0
311,2,291.0,288.0,0.3200000000000001
311,10,139.0,299.0,0.0
311,9,572.0,836.0,0.0
311,8,327.0,494.0,0.09999999999999999
311,3,330.04540584539814,156.95459415460184,0.0
311,1,156.95459415460184,332.04540584539814,0.0
312,5,422.0,224.0,0.0
312,4,382.04540584539814,260.04540584539814,0.0
312,6,190.04540584539816,506.95459415460186,0.0
312,7,390.0,256.0,0.0
312,2,290.0,287.0,0.3200000000000001
312,10,139.0,298.0,0.0
312,9,572.9545941546019,836.9545941546019,0.0
312,8,327.0,493.0,0.10999999999999999
312,3,330.0,157.0,0.0
312,1,157.0,332.0,0.0
313,5,421.04540584539814,223.04540584539816,0.0
313,4,382.0,260.0,0.0
313,6,190.0,507.0,0.0
313,7,389.0,256.0,0.0
313,2,289.0,286.0,0.3200000000000001
313,10,139.95459415460184,297.04540584539814,0.0
313,9,573.0,837.0,0.0
313,8,326.0,492.0,0.11999999999999998
313,3,329.04540584539814,156.04540584539816,0.0
313,1,157.0,331.0,0.0
314,5,421.0,223.0,0.0
314,4,381.04540584539814,259.04540584539814,0.0
314,6,189.04540584539816,507.95459415460186,0.0
314,7,388.04540584539814,256.95459415460186,0.0
314,2,288.0,285.0,0.3200000000000001
314,10,140.0,297.0,0.0
314,9,574.0,837.0,0.0
314,8,327.0,491.0,0.12999999999999998
314,3,329.0,156.0,0.0
314,1,156.04540584539816,330.04540584539814,0.0
315,5,420.04540584539814,222.04540584539816,0.0
315,4,381.0,259.0,0.0
315,6,189.0,508.0,0.0
315,7,388.0,257.0,0.0
315,2,287.0,284.0,0.3200000000000001
315,10,140.95459415460184,296.04540584539814,0.0
315,9,575.0,837.0,0.0
315,8,326.0,490.0,0.13999999999999999
315,3,328.0,156.0,0.0
315,1,156.0,330.0,0.0
316,5,420.0,222.0,0.0
316,4,380.04540584539814,259.95459415460186,0.0
316,6,188.0,508.0,0.0
316,7,387.04540584539814,257.95459415460186,0.0
316,2,286.0,283.0,0.3200000000000001
316,10,141.0,296.0,0.0
316,9,575.9545941546019,837.9545941546019,0.0
316,8,325.0,489.0,0.15
316,3,327.04540584539814,156.95459415460184,0.0
316,1,155.04540584539816,329.04540584539814,0.0
317,5,419.04540584539814,221.04540584539816,0.0
317,4,380.0,260.0,0.0
317,6,187.0,508.0,0.0
317,7,387.0,258.0,0.0
317,2,285.0,282.0,0.3200000000000001
317,10,141.95459415460184,295.04540584539814,0.0
317,9,576.0,838.0,0.0
317,8,324.0,488.0,0.16
317,3,327.0,157.0,0.0
317,1,155.0,329.0,0.0
318,5,419.0,221.0,0.0
318,4,379.0,260.0,0.0
318,6,186.04540584539816,507.04540584539814,0.0
318,7,386.04540584539814,258.95459415460186,0.0
318,2,284.0,281.0,0.3200000000000001
318,10,142.0,295.0,0.0
318,9,577.0,838.0,0.0
318,8,324.0,487.0,0.17
318,3,326.0,157.0,0.0
318,1,155.0,328.0,0.0
319,5,418.04540584539814,220.04540584539816,0.0
319,4,378.0,260.0,0.0
319,6,186.0,507.0,0.0
319,7,386.0,259.0,0.0
319,2,283.0,280.0,0.3200000000000001
319,10,141.04540584539816,294.04540584539814,0.0
319,9,577.9545941546019,838.9545941546019,0.0
319,8,323.0,486.0,0.18500000000000003
319,3,325.04540584539814,157.95459415460184,0.0
319,1,154.04540584539816,327.04540584539814,0.0
320,5,418.0,220.0,0.0
320,4,377.04540584539814,259.04540584539814,0.0
320,6,185.0,507.0,0.0
320,7,385.04540584539814,259.95459415460186,0.0
320,2,282.0,279.0,0.3200000000000001
320,10,141.0,294.0,0.0
320,9,578.0,839.0,0.0
320,8,323.0,485.0,0.20000000000000004
320,3,325.0,158.0,0.0
320,1,154.0,327.0,0.0
321,5,417.04540584539814,219.04540584539816,0.0
321,4,377.0,259.0,0.0
321,6,184.04540584539816,507.95459415460186,0.0
321,7,385.0,260.0,0.0
321,2,281.0,278.0,0.3200000000000001
321,10,141.0,293.0,0.0
321,9,578.9545941546019,839.9545941546019,0.0
321,8,324.0,484.0,0.21500000000000002
321,3,324.04540584539814,158.95459415460184,0.0
321,1,153.04540584539816,326.04540584539814,0.0
322,5,417.0,219.0,0.0
322,4,376.04540584539814,258.04540584539814,0.0
322,6,184.0,508.0,0.0
322,7,384.04540584539814,260.95459415460186,0.0
322,2,280.0,277.0,0.3200000000000001
322,10,140.04540584539816,292.04540584539814,0.0
322,9,579.0,840.0,0.0
322,8,324.0,483.0,0.23000000000000004
322,3,324.0,159.0,0.0
322,1,153.0,326.0,0.0
323,5,416.04540584539814,218.04540584539816,0.0
323,4,376.0,258.0,0.0
323,6,183.04540584539816,508.95459415460186,0.0
323,7,384.0,261.0,0.0
323,2,279.0,276.0,0.3200000000000001
323,10,140.0,292.0,0.0
323,9,579.9545941546019,840.9545941546019,0.0
323,8,323.0,482.0,0.24500000000000005
323,3,323.04540584539814,159.95459415460184,0.0
323,1,152.04540584539816,325.04540584539814,0.0
324,5,416.0,218.0,0.0
324,4,375.04540584539814,258.95459415460186,0.0
324,6,183.0,509.0,0.0
324,7,383.0,261.0,0.0
324,2,278.0,275.0,0.3200000000000001
324,10,139.04540584539816,291.04540584539814,0.0
324,9,580.0,841.0,0.0
324,8,322.0,482.0,0.26000000000000006
324,3,323.0,160.0,0.0
324,1,152.0,325.0,0.0
325,5,415.04540584539814,217.04540584539816,0.0
325,4,375.0,259.0,0.0
325,6,182.0,509.0,0.0
325,7,382.04540584539814,260.04540584539814,0.0
325,2,277.0,274.0,0.3200000000000001
325,10,139.0,291.0,0.0
325,9,579.0454058453981,841.9545941546019,0.0
325,8,321.0,481.0,0.2750000000000001
325,3,322.04540584539814,159.04540584539816,0.0
325,1,152.95459415460184,324.04540584539814,0.0
326,5,415.0,217.0,0.0
326,4,374.0,259.0,0.0
326,6,181.04540584539816,509.95459415460186,0.0
326,7,382.0,260.0,0.0
326,2,276.0,273.0,0.3200000000000001
326,10,139.95459415460184,290.04540584539814,0.0
326,9,579.0,842.0,0.0
326,8,320.0,480.0,0.29000000000000004
326,3,322.0,159.0,0.0
326,1,153.0,324.0,0.0
327,5,414.04540584539814,216.04540584539816,0.0
327,4,373.04540584539814,258.04540584539814,0.0
327,6,181.0,510.0,0.0
327,7,381.04540584539814,259.04540584539814,0.0
327,2,275.0,272.0,0.3200000000000001
327,10,140.0,290.0,0.0
327,9,579.0,843.0,0.0
327,8,321.0,479.0,0.30500000000000005
327,3,321.04540584539814,159.95459415460184,0.0
327,1,153.95459415460184,323.04540584539814,0.0
328,5,414.0,216.0,0.0
328,4,373.0,258.0,0.0
328,6,180.0,510.0,0.0
328,7,381.0,259.0,0.0
328,2,274.0,271.0,0.3200000000000001
328,10,140.95459415460184,289.04540584539814,0.0
328,9,578.0454058453981,843.9545941546019,0.0
328,8,321.0,478.0,0.32000000000000006
328,3,321.0,160.0,0.0
328,1,154.0,323.0,0.0
329,5,413.04540584539814,215.04540584539816,0.0
329,4,372.04540584539814,258.95459415460186,0.0
329,6,179.04540584539816,510.95459415460186,0.0
329,7,380.04540584539814,259.95459415460186,0.0
329,2,273.0,272.0,0.3200000000000001
329,10,141.0,289.0,0.0
329,9,578.0,844.0,0.0
329,8,322.0,477.0,0.3350000000000001
329,3,320.0,160.0,0.0
329,1,153.04540584539816,322.04540584539814,0.0
330,5,413.0,215.0,0.0
330,4,372.0,259.0,0.0
330,6,179.0,511.0,0.0
330,7,380.0,260.0,0.0
330,2,272.0,273.0,0.3200000000000001
330,10,140.04540584539816,288.04540584539814,0.0
330,9,578.9545941546019,844.9545941546019,0.0
330,8,321.0,476.0,0.3500000000000001
330,3,319.04540584539814,160.95459415460184,0.0
330,1,153.0,322.0,0.0
331,5,412.04540584539814,214.04540584539816,0.0
331,4,371.04540584539814,258.04540584539814,0.0
331,6,178.0,511.0,0.0
331,7,379.0,260.0,0.0
331,2,271.0,272.0,0.3200000000000001
331,10,140.0,288.0,0.0
331,9,579.0,845.0,0.0
331,8,320.0,476.0,0.3650000000000001
331,3,319.0,161.0,0.0
331,1,152.04540584539816,321.04540584539814,0.0
332,5,412.0,214.0,0.0
332,4,371.0,258.0,0.0
332,6,177.04540584539816,511.95459415460186,0.0
332,7,378.0,260.0,0.0
332,2,270.0,273.0,0.3200000000000001
332,10,139.04540584539816,287.04540584539814,0.0
332,9,579.0,846.0,0.0
332,8,319.0,475.0,0.3800000000000001
332,3,318.0,161.0,0.0
332,1,152.0,321.0,0.0
333,5,411.04540584539814,213.04540584539816,0.0
333,4,371.0,257.0,0.0
333,6,177.0,512.0,0.0
333,7,377.04540584539814,259.04540584539814,0.0
333,2,269.0,273.0,0.3200000000000001
333,10,139.0,287.0,0.0
333,9,579.9545941546019,846.9545941546019,0.0
333,8,319.0,474.0,0.39500000000000013
333,3,317.04540584539814,161.95459415460184,0.0
333,1,151.04540584539816,320.04540584539814,0.0
334,5,411.0,213.0,0.0
334,4,370.04540584539814,256.04540584539814,0.0
334,6,176.04540584539816,512.9545941546019,0.0
334,7,377.0,259.0,0.0
334,2,268.0,273.0,0.3200000000000001
334,10,139.0,286.0,0.0
334,9,580.0,847.0,0.0
334,8,318.0,473.0,0.41000000000000014
334,3,317.0,162.0,0.0
334,1,151.0,320.0,0.0
335,5,410.04540584539814,212.04540584539816,0.0
335,4,370.0,256.0,0.0
335,6,176.0,513.0,0.0
335,7,376.04540584539814,258.04540584539814,0.0
335,2,267.0,273.0,0.3200000000000001
335,10,138.04540584539816,285.04540584539814,0.0
335,9,580.0,848.0,0.0
335,8,317.0,472.0,0.42500000000000016
335,3,316.0,162.0,0.0
335,1,150.04540584539816,319.04540584539814,0.0
336,5,410.0,212.0,0.0
336,4,369.04540584539814,255.04540584539816,0.0
336,6,175.04540584539816,513.9545941546019,0.0
336,7,376.0,258.0,0.0
336,2,266.0,273.0,0.3200000000000001
336,10,138.0,285.0,0.0
336,9,580.9545941546019,848.9545941546019,0.0
336,8,318.0,471.0,0.44000000000000017
336,3,315.04540584539814,162.95459415460184,0.0
336,1,150.0,319.0,0.0
337,5,409.04540584539814,211.04540584539816,0.0
337,4,369.0,255.0,0.0
337,6,175.0,514.0,0.0
337,7,375.04540584539814,258.95459415460186,0.0
337,2,265.0,273.0,0.3200000000000001
337,10,138.0,284.0,0.0
337,9,581.0,849.0,0.0
337,8,318.0,470.0,0.4550000000000002
337,3,315.0,163.0,0.0
337,1,150.0,318.0,0.0
338,5,409.0,211.0,0.0
338,4,368.04540584539814,254.04540584539816,0.0
338,6,174.04540584539816,513.0454058453981,0.0
338,7,375.0,259.0,0.0
338,2,264.0,274.0,0.3200000000000001
338,10,137.04540584539816,283.04540584539814,0.0
338,9,581.0,850.0,0.0
338,8,317.0,469.0,0.4700000000000002
338,3,314.04540584539814,163.95459415460184,0.0
338,1,149.04540584539816,317.04540584539814,0.0
339,5,408.04540584539814,210.04540584539816,0.0
339,4,368.0,254.0,0.0
339,6,174.0,513.0,0.0
339,7,374.0,259.0,0.0
339,2,263.0,275.0,0.3200000000000001
339,10,137.0,283.0,0.0
339,9,581.9545941546019,850.9545941546019,0.0
339,8,316.0,468.0,0.4850000000000002
339,3,314.0,164.0,0.0
339,1,149.0,317.0,0.0
340,5,408.0,210.0,0.0
340,4,367.04540584539814,253.04540584539816,0.0
340,6,173.04540584539816,513.9545941546019,0.0
340,7,373.04540584539814,258.04540584539814,0.0
340,2,262.0,276.0,0.3200000000000001
340,10,136.04540584539816,282.04540584539814,0.0
340,9,582.0,851.0,0.0
340,8,316.0,467.0,0.5000000000000002
340,3,313.04540584539814,164.95459415460184,0.0
340,1,149.0,316.0,0.0
341,5,407.04540584539814,209.04540584539816,0.0
341,4,367.0,253.0,0.0
341,6,173.0,514.0,0.0
341,7,373.0,258.0,0.0
341,2,261.0,276.0,0.3200000000000001
341,10,136.0,282.0,0.0
341,9,582.0,852.0,0.0
341,8,315.0,466.0,0.5150000000000002
341,3,313.0,165.0,0.0
341,1,148.04540584539816,315.04540584539814,0.0
342,5,407.0,209.0,0.0
342,4,366.04540584539814,252.04540584539816,0.0
342,6,172.0,514.0,0.0
342,7,372.04540584539814,258.95459415460186,0.0
342,2,260.0,275.0,0.3200000000000001
342,10,136.95459415460184,281.04540584539814,0.0
342,9,582.9545941546019,852.9545941546019,0.0
342,8,314.0,465.0,0.5300000000000002
342,3,312.04540584539814,165.95459415460184,0.0
342,1,148.0,315.0,0.0
343,5,406.04540584539814,208.04540584539816,0.0
343,4,366.0,252.0,0.0
343,6,171.04540584539816,514.9545941546019,0.0
343,7,372.0,259.0,0.0
343,2,259.0,275.0,0.3200000000000001
343,10,137.0,281.0,0.0
343,9,583.0,853.0,0.0
343,8,314.0,464.0,0.5450000000000003
343,3,312.0,166.0,0.0
343,1,147.0,315.0,0.0
344,5,406.0,208.0,0.0
344,4,365.04540584539814,251.04540584539816,0.0
344,6,171.0,515.0,0.0
344,7,371.04540584539814,258.04540584539814,0.0
344,2,258.0,276.0,0.3200000000000001
344,10,136.04540584539816,280.04540584539814,0.0
344,9,584.0,853.0,0.0
344,8,313.0,463.0,0.5600000000000003
344,3,311.04540584539814,166.95459415460184,0.0
344,1,146.04540584539816,314.04540584539814,0.0
345,5,405.04540584539814,207.04540584539816,0.0
345,4,365.0,251.0,0.0
345,6,170.04540584539816,514.0454058453981,0.0
345,7,371.0,258.0,0.0
345,2,257.0,277.0,0.3200000000000001
345,10,136.0,280.0,0.0
345,9,584.9545941546019,853.9545941546019,0.0
345,8,312.0,462.0,0.5750000000000003
345,3,311.0,167.0,0.0
345,1,146.0,314.0,0.0
346,5,405.0,207.0,0.0
346,4,364.04540584539814,250.04540584539816,0.0
346,6,170.0,514.0,0.0
346,7,371.0,257.0,0.0
346,2,256.0,278.0,0.3200000000000001
346,10,135.0,280.0,0.0
346,9,585.0,854.0,0.0
346,8,312.0,461.0,0.5900000000000003
346,3,310.0,167.0,0.0
346,1,145.0,314.0,0.0
347,5,404.04540584539814,206.04540584539816,0.0
347,4,364.0,250.0,0.0
347,6,169.04540584539816,514.9545941546019,0.0
347,7,370.04540584539814,256.04540584539814,0.0
347,2,255.0,279.0,0.3200000000000001
347,10,134.04540584539816,279.04540584539814,0.0
347,9,585.9545941546019,854.9545941546019,0.0
347,8,311.0,460.0,0.6050000000000003
347,3,309.04540584539814,166.04540584539816,0.0
347,1,144.04540584539816,313.04540584539814,0.0
348,5,404.0,206.0,0.0
348,4,363.04540584539814,249.04540584539816,0.0
348,6,169.0,515.0,0.0
348,7,370.0,256.0,0.0
348,2,254.0,280.0,0.3200000000000001
348,10,134.0,279.0,0.0
348,9,586.0,855.0,0.0
348,8,310.0,461.0,0.6200000000000003
348,3,309.0,166.0,0.0
348,1,144.0,313.0,0.0
349,5,403.04540584539814,205.04540584539816,0.0
349,4,363.0,249.0,0.0
349,6,168.04540584539816,515.9545941546019,0.0
349,7,369.04540584539814,255.04540584539816,0.0
349,2,253.0,281.0,0.3200000000000001
349,10,134.0,278.0,0.0
349,9,586.9545941546019,854.0454058453981,0.0
349,8,309.0,462.0,0.6350000000000003
349,3,308.0,166.0,0.0
349,1,144.0,312.0,0.0
350,5,403.0,205.0,0.0
350,4,362.0,249.0,0.0
350,6,168.0,516.0,0.0
350,7,369.0,255.0,0.0
350,2,252.0,281.0,0.3200000000000001
350,10,133.04540584539816,277.04540584539814,0.0
350,9,587.0,854.0,0.0
350,8,309.0,463.0,0.6500000000000004
350,3,307.04540584539814,166.95459415460184,0.0
350,1,144.95459415460184,311.04540584539814,0.0
351,5,402.04540584539814,204.04540584539816,0.0
351,4,361.0,249.0,0.0
351,6,167.0,516.0,0.0
351,7,368.04540584539814,254.04540584539816,0.0
351,2,251.0,282.0,0.3200000000000001
351,10,133.0,277.0,0.0
351,9,588.0,854.0,0.0
351,8,308.0,464.0,0.6650000000000003
351,3,307.0,167.0,0.0
351,1,145.0,311.0,0.0
352,5,402.0,204.0,0.0
352,4,360.04540584539814,248.04540584539816,0.0
352,6,166.0,516.0,0.0
352,7,368.0,254.0,0.0
352,2,250.0,283.0,0.3200000000000001
352,10,133.95459415460184,276.04540584539814,0.0
352,9,588.9545941546019,854.9545941546019,0.0
352,8,307.0,463.0,0.6800000000000003
352,3,306.04540584539814,167.95459415460184,0.0
352,1,145.0,310.0,0.0
353,5,401.04540584539814,203.04540584539816,0.0
353,4,360.0,248.0,0.0
353,6,165.04540584539816,516.9545941546019,0.0
353,7,367.04540584539814,253.04540584539816,0.0
353,2,249.0,283.0,0.3200000000000001
353,10,134.0,276.0,0.0
353,9,589.0,855.0,0.0
353,8,306.0,462.0,0.6950000000000003
353,3,306.0,168.0,0.0
353,1,144.04540584539816,309.04540584539814,0.0
354,5,401.0,203.0,0.0
354,4,359.04540584539814,247.04540584539816,0.0
354,6,165.0,517.0,0.0
354,7,367.0,253.0,0.0
354,2,248.0,283.0,0.3200000000000001
354,10,133.04540584539816,275.04540584539814,0.0
354,9,589.9545941546019,855.9545941546019,0.0
354,8,305.0,463.0,0.7100000000000003
354,3,306.0,169.0,0.0
354,1,144.0,309.0,0.0
355,5,400.04540584539814,202.04540584539816,0.0
355,4,359.0,247.0,0.0
355,6,164.0,517.0,0.0
355,7,366.04540584539814,252.04540584539816,0.0
355,2,247.0,282.0,0.3200000000000001
355,10,133.0,275.0,0.0
355,9,590.0,856.0,0.0
355,8,304.0,463.0,0.7250000000000003
355,3,305.04540584539814,169.95459415460184,0.0
355,1,143.04540584539816,308.04540584539814,0.0
356,5,400.0,202.0,0.0
356,4,358.04540584539814,246.04540584539816,0.0
356,6,163.0,517.0,0.0
356,7,366.0,252.0,0.0
356,2,246.0,283.0,0.3200000000000001
356,10,132.04540584539816,274.04540584539814,0.0
356,9,590.9545941546019,856.9545941546019,0.0
356,8,303.0,464.0,0.7400000000000003
356,3,305.0,170.0,0.0
356,1,143.0,308.0,0.0
357,5,399.04540584539814,201.04540584539816,0.0
357,4,358.0,246.0,0.0
357,6,162.04540584539816,517.9545941546019,0.0
357,7,365.04540584539814,251.04540584539816,0.0
357,2,245.0,284.0,0.3200000000000001
357,10,132.0,274.0,0.0
357,9,591.0,857.0,0.0
357,8,302.0,465.0,0.7550000000000003
357,3,304.0,170.0,0.0
357,1,142.04540584539816,307.04540584539814,0.0
358,5,399.0,201.0,0.0
358,4,357.04540584539814,245.04540584539816,0.0
358,6,162.0,518.0,0.0
358,7,365.0,251.0,0.0
358,2,244.0,284.0,0.3200000000000001
358,10,131.04540584539816,273.04540584539814,0.0
358,9,591.9545941546019,857.9545941546019,0.0
358,8,301.0,466.0,0.7700000000000004
358,3,303.04540584539814,170.95459415460184,0.0
358,1,142.0,307.0,0.0
359,5,398.04540584539814,200.04540584539816,0.0
359,4,357.0,245.0,0.0
359,6,161.04540584539816,518.9545941546019,0.0
359,7,364.04540584539814,250.04540584539816,0.0
359,2,243.0,283.0,0.3200000000000001
359,10,131.0,273.0,0.0
359,9,592.0,858.0,0.0
359,8,300.0,466.0,0.7850000000000004
359,3,303.0,171.0,0.0
359,1,141.04540584539816,306.04540584539814,0.0
360,5,398.0,200.0,0.0
360,4,356.04540584539814,244.04540584539816,0.0
360,6,161.0,519.0,0.0
360,7,364.0,250.0,0.0
360,2,242.0,283.0,0.3200000000000001
360,10,131.0,272.0,0.0
360,9,592.9545941546019,858.9545941546019,0.0
360,8,299.0,465.0,0.8000000000000004
360,3,302.04540584539814,170.04540584539816,0.0
360,1,141.0,306.0,0.0
361,5,397.04540584539814,199.04540584539816,0.0
361,4,356.0,244.0,0.0
361,6,161.95459415460184,519.9545941546019,0.0
361,7,363.04540584539814,249.04540584539816,0.0
361,2,241.0,284.0,0.3200000000000001
361,10,131.0,271.0,0.0
361,9,593.0,859.0,0.0
361,8,298.0,466.0,0.8150000000000004
361,3,302.0,170.0,0.0
361,1,140.04540584539816,305.04540584539814,0.0
362,5,397.0,199.0,0.0
362,4,356.0,244.0,0.0
362,6,161.0,519.0,0.0
362,7,363.0,249.0,0.0
362,2,241.0,284.0,0.3300000000000001
362,10,131.0,271.0,0.0
362,9,593.0,859.0,0.0
362,8,298.0,466.0,0.8300000000000004
362,3,302.0,170.0,0.0
362,1,140.0,305.0,0.0
363,5,396.04540584539814,198.04540584539816,0.0
363,4,356.95459415460186,244.95459415460184,0.0
363,6,161.0,519.0,0.0
363,7,363.95459415460186,249.95459415460184,0.0
363,2,242.0,283.0,0.34000000000000014
363,10,131.0,270.0,0.0
363,9,593.0,860.0,0.0
363,8,299.0,467.0,0.8450000000000004
363,3,301.04540584539814,170.95459415460184,0.0
363,1,140.0,304.0,0.0
364,5,396.0,198.0,0.0
364,4,357.0,245.0,0.0
364,6,161.95459415460184,519.9545941546019,0.0
364,7,364.0,250.0,0.0
364,2,243.0,283.0,0.35000000000000014
364,10,130.04540584539816,269.04540584539814,0.0
364,9,592.0454058453981,860.9545941546019,0.0
364,8,300.0,466.0,0.8600000000000004
364,3,301.0,171.0,0.0
364,1,139.04540584539816,303.04540584539814,0.0
365,5,395.04540584539814,197.04540584539816,0.0
365,4,357.95459415460186,245.95459415460184,0.0
365,6,162.0,520.0,0.0
365,7,364.95459415460186,250.95459415460184,0.0
365,2,244.0,284.0,0.36000000000000015
365,10,130.0,269.0,0.0
365,9,592.0,861.0,0.0
365,8,301.0,466.0,0.8750000000000004
365,3,300.0,171.0,0.0
365,1,139.0,303.0,0.0
366,5,395.0,197.0,0.0
366,4,358.0,246.0,0.0
366,6,161.04540584539816,520.9545941546019,0.0
366,7,365.0,251.0,0.0
366,2,245.0,284.0,0.37000000000000016
366,10,129.04540584539816,268.04540584539814,0.0
366,9,592.9545941546019,861.9545941546019,0.0
366,8,302.0,465.0,0.8900000000000005
366,3,299.04540584539814,170.04540584539816,0.0
366,1,139.95459415460184,302.04540584539814,0.0
367,5,394.04540584539814,196.04540584539816,0.0
367,4,358.95459415460186,246.95459415460184,0.0
367,6,161.0,521.0,0.0
367,7,365.95459415460186,251.95459415460184,0.0
367,2,246.0,283.0,0.38000000000000017
367,10,129.0,268.0,0.0
367,9,593.0,862.0,0.0
367,8,303.0,464.0,0.9050000000000005
367,3,299.0,170.0,0.0
367,1,140.0,302.0,0.0
368,5,394.0,196.0,0.0
368,4,359.0,247.0,0.0
368,6,160.04540584539816,521.9545941546019,0.0
368,7,366.0,252.0,0.0
368,2,247.0,282.0,0.3900000000000002
368,10,129.0,267.0,0.0
368,9,593.0,863.0,0.0
368,8,304.0,463.0,0.9200000000000005
368,3,298.04540584539814,170.95459415460184,0.0
368,1,140.0,301.0,0.0
369,5,393.04540584539814,195.04540584539816,0.0
369,4,359.95459415460186,247.95459415460184,0.0
369,6,160.0,522.0,0.0
369,7,366.95459415460186,252.95459415460184,0.0
369,2,248.0,283.0,0.4000000000000002
369,10,128.04540584539816,266.04540584539814,0.0
369,9,593.0,864.0,0.0
369,8,305.0,463.0,0.9350000000000005
369,3,298.0,171.0,0.0
369,1,140.0,300.0,0.0
370,5,393.0,195.0,0.0
370,4,360.0,248.0,0.0
370,6,159.04540584539816,521.0454058453981,0.0
370,7,367.0,253.0,0.0
370,2,249.0,283.0,0.4100000000000002
370,10,128.0,266.0,0.0
370,9,592.0454058453981,864.9545941546019,0.0
370,8,306.0,462.0,0.9500000000000005
370,3,297.0,171.0,0.0
370,1,139.04540584539816,299.04540584539814,0.0
371,5,392.04540584539814,194.04540584539816,0.0
371,4,360.95459415460186,248.95459415460184,0.0
371,6,159.0,521.0,0.0
371,7,367.95459415460186,253.95459415460184,0.0
371,2,250.0,283.0,0.4200000000000002
371,10,127.04540584539816,265.04540584539814,0.0
371,9,592.0,865.0,0.0
371,8,307.0,463.0,0.9650000000000005
371,3,296.04540584539814,171.95459415460184,0.0
371,1,139.0,299.0,0.0
372,5,392.0,194.0,0.0
372,4,361.0,249.0,0.0
372,6,158.04540584539816,520.0454058453981,0.0
372,7,368.0,254.0,0.0
372,2,251.0,282.0,0.4300000000000002
372,10,127.0,265.0,0.0
372,9,592.9545941546019,865.9545941546019,0.0
372,8,308.0,464.0,0.9800000000000005
372,3,296.0,172.0,0.0
372,1,139.0,298.0,0.0
373,5,391.04540584539814,193.04540584539816,0.0
373,4,362.0,249.0,0.0
373,6,158.0,520.0,0.0
373,7,368.95459415460186,254.95459415460184,0.0
373,2,252.0,281.0,0.4400000000000002
373,10,126.04540584539816,264.04540584539814,0.0
373,9,593.0,866.0,0.0
373,8,309.0,463.0,0.9950000000000006
373,3,295.04540584539814,172.95459415460184,0.0
373,1,139.95459415460184,297.04540584539814,0.0
374,5,391.0,193.0,0.0
374,4,363.0,249.0,0.0
374,6,158.0,519.0,0.0
374,7,369.0,255.0,0.0
374,2,253.0,281.0,0.45000000000000023
374,10,126.0,264.0,0.0
374,9,593.0,867.0,0.0
374,8,309.0,462.0,1.0100000000000007
374,3,295.0,173.0,0.0
374,1,140.0,297.0,0.0
375,5,390.04540584539814,192.04540584539816,0.0
375,4,363.95459415460186,249.95459415460184,0.0
375,6,157.04540584539816,518.0454058453981,0.0
375,7,369.95459415460186,255.95459415460184,0.0
375,2,254.0,280.0,0.46000000000000024
375,10,125.04540584539816,263.04540584539814,0.0
375,9,593.9545941546019,867.9545941546019,0.0
375,8,310.0,461.0,1.0250000000000006
375,3,294.0,173.0,0.0
375,1,140.95459415460184,296.04540584539814,0.0
376,5,390.0,192.0,0.0
376,4,364.0,250.0,0.0
376,6,157.0,518.0,0.0
376,7,370.0,256.0,0.0
376,2,255.0,279.0,0.47000000000000025
376,10,125.0,263.0,0.0
376,9,594.0,868.0,0.0
376,8,311.0,460.0,1.0400000000000005
376,3,293.0,173.0,0.0
376,1,141.0,296.0,0.0
377,5,389.04540584539814,191.04540584539816,0.0
377,4,364.95459415460186,250.95459415460184,0.0
377,6,157.0,517.0,0.0
377,7,370.95459415460186,256.95459415460186,0.0
377,2,256.0,278.0,0.48000000000000026
377,10,125.0,262.0,0.0
377,9,594.9545941546019,868.9545941546019,0.0
377,8,311.0,459.0,1.0550000000000006
377,3,292.04540584539814,173.95459415460184,0.0
377,1,141.95459415460184,295.04540584539814,0.0
378,5,389.0,191.0,0.0
378,4,365.0,251.0,0.0
378,6,156.04540584539816,516.0454058453981,0.0
378,7,371.0,257.0,0.0
378,2,257.0,277.0,0.49000000000000027
378,10,124.04540584539816,261.04540584539814,0.0
378,9,595.0,869.0,0.0
378,8,312.0,458.0,1.0700000000000007
378,3,292.0,174.0,0.0
378,1,142.0,295.0,0.0
379,5,388.04540584539814,190.04540584539816,0.0
379,4,365.95459415460186,251.95459415460184,0.0
379,6,156.0,516.0,0.0
379,7,372.0,257.0,0.0
379,2,258.0,277.0,0.5000000000000002
379,10,124.0,261.0,0.0
379,9,595.9545941546019,869.9545941546019,0.0
379,8,311.0,457.0,1.0850000000000006
379,3,291.04540584539814,174.95459415460184,0.0
379,1,141.04540584539816,294.04540584539814,0.0
380,5,388.0,190.0,0.0
380,4,366.0,252.0,0.0
380,6,156.0,515.0,0.0
380,7,373.0,257.0,0.0
380,2,259.0,276.0,0.5100000000000002
380,10,124.0,260.0,0.0
380,9,596.0,870.0,0.0
380,8,312.0,456.0,1.1000000000000005
380,3,291.0,175.0,0.0
380,1,141.0,294.0,0.0
381,5,387.04540584539814,189.04540584539816,0.0
381,4,366.95459415460186,252.95459415460184,0.0
381,6,155.04540584539816,514.0454058453981,0.0
381,7,374.0,257.0,0.0
381,2,258.0,275.0,0.5200000000000002
381,10,123.04540584539816,259.04540584539814,0.0
381,9,596.9545941546019,870.9545941546019,0.0
381,8,311.0,455.0,1.1150000000000007
381,3,290.04540584539814,175.95459415460184,0.0
381,1,141.0,293.0,0.0
382,5,387.0,189.0,0.0
382,4,367.0,253.0,0.0
382,6,155.0,514.0,0.0
382,7,375.0,257.0,0.0
382,2,258.0,274.0,0.5300000000000002
382,10,123.0,259.0,0.0
382,9,597.0,871.0,0.0
382,8,310.0,455.0,1.1300000000000008
382,3,290.0,176.0,0.0
382,1,140.04540584539816,292.04540584539814,0.0
383,5,386.04540584539814,188.04540584539816,0.0
383,4,367.95459415460186,253.95459415460184,0.0
383,6,155.95459415460184,513.0454058453981,0.0
383,7,376.0,257.0,0.0
383,2,258.0,273.0,0.5400000000000003
383,10,122.04540584539816,258.04540584539814,0.0
383,9,597.9545941546019,871.9545941546019,0.0
383,8,309.0,454.0,1.1450000000000007
383,3,289.04540584539814,175.04540584539816,0.0
383,1,140.0,292.0,0.0
384,5,386.0,188.0,0.0
384,4,368.0,254.0,0.0
384,6,156.0,513.0,0.0
384,7,377.0,257.0,0.0
384,2,259.0,272.0,0.5500000000000003
384,10,122.0,258.0,0.0
384,9,598.0,872.0,0.0
384,8,309.0,453.0,1.1600000000000006
384,3,289.0,175.0,0.0
384,1,139.04540584539816,291.04540584539814,0.0
385,5,385.04540584539814,187.04540584539816,0.0
385,4,368.95459415460186,254.95459415460184,0.0
385,6,156.0,512.0,0.0
385,7,377.95459415460186,256.04540584539814,0.0
385,2,258.0,271.0,0.5600000000000003
385,10,121.04540584539816,257.04540584539814,0.0
385,9,598.0,873.0,0.0
385,8,308.0,452.0,1.1750000000000007
385,3,288.0,175.0,0.0
385,1,139.0,291.0,0.0
386,5,385.0,187.0,0.0
386,4,369.0,255.0,0.0
386,6,155.04540584539816,511.04540584539814,0.0
386,7,378.0,256.0,0.0
386,2,257.0,271.0,0.5700000000000003
386,10,121.0,257.0,0.0
386,9,598.9545941546019,873.9545941546019,0.0
386,8,307.0,451.0,1.1900000000000008
386,3,287.04540584539814,175.95459415460184,0.0
386,1,139.95459415460184,290.04540584539814,0.0
387,5,385.0,186.0,0.0
387,4,369.95459415460186,255.95459415460184,0.0
387,6,155.0,511.0,0.0
387,7,378.95459415460186,255.04540584539816,0.0
387,2,256.0,270.0,0.5800000000000003
387,10,120.04540584539816,256.04540584539814,0.0
387,9,599.0,874.0,0.0
387,8,307.0,450.0,1.2050000000000007
387,3,287.0,176.0,0.0
387,1,140.0,290.0,0.0
388,5,385.0,185.0,0.0
388,4,370.0,256.0,0.0
388,6,154.04540584539816,510.04540584539814,0.0
388,7,379.0,255.0,0.0
388,2,256.0,269.0,0.5900000000000003
388,10,120.0,256.0,0.0
388,9,598.0454058453981,874.9545941546019,0.0
388,8,307.0,449.0,1.2200000000000006
388,3,286.04540584539814,176.95459415460184,0.0
388,1,140.95459415460184,289.04540584539814,0.0
389,5,385.0,184.0,0.0
389,4,370.95459415460186,256.95459415460186,0.0
389,6,154.0,510.0,0.0
389,7,378.04540584539814,254.04540584539816,0.0
389,2,256.0,268.0,0.6000000000000003
389,10,120.0,255.0,0.0
389,9,598.0,875.0,0.0
389,8,308.0,448.0,1.2350000000000008
389,3,286.0,177.0,0.0
389,1,141.0,289.0,0.0
390,5,385.0,183.0,0.0
390,4,371.0,257.0,0.0
390,6,154.95459415460184,509.04540584539814,0.0
390,7,378.0,254.0,0.0
390,2,255.0,267.0,0.6100000000000003
390,10,120.95459415460184,254.04540584539816,0.0
390,9,597.0454058453981,875.9545941546019,0.0
390,8,308.0,447.0,1.2500000000000009
390,3,285.0,177.0,0.0
390,1,140.04540584539816,288.04540584539814,0.0
391,5,385.0,182.0,0.0
391,4,372.0,257.0,0.0
391,6,155.0,509.0,0.0
391,7,378.95459415460186,253.04540584539816,0.0
391,2,256.0,266.0,0.6200000000000003
391,10,121.0,254.0,0.0
391,9,597.0,876.0,0.0
391,8,307.0,446.0,1.2650000000000008
391,3,284.04540584539814,177.95459415460184,0.0
391,1,140.0,288.0,0.0
392,5,385.0,181.0,0.0
392,4,373.0,257.0,0.0
392,6,154.04540584539816,508.04540584539814,0.0
392,7,379.0,253.0,0.0
392,2,255.0,265.0,0.6300000000000003
392,10,121.95459415460184,253.04540584539816,0.0
392,9,597.9545941546019,876.9545941546019,0.0
392,8,307.0,445.0,1.2800000000000007
392,3,284.0,178.0,0.0
392,1,139.04540584539816,287.04540584539814,0.0
393,5,385.0,180.0,0.0
393,4,374.0,257.0,0.0
393,6,154.0,508.0,0.0
393,7,378.04540584539814,252.04540584539816,0.0
393,2,254.0,265.0,0.6400000000000003
393,10,122.0,253.0,0.0
393,9,598.0,877.0,0.0
393,8,306.0,444.0,1.2950000000000008
393,3,283.04540584539814,178.95459415460184,0.0
393,1,139.0,287.0,0.0
394,5,385.0,179.0,0.0
394,4,375.0,257.0,0.0
394,6,154.0,507.0,0.0
394,7,378.0,252.0,0.0
394,2,253.0,264.0,0.6500000000000004
394,10,122.0,252.0,0.0
394,9,598.9545941546019,877.9545941546019,0.0
394,8,306.0,443.0,1.310000000000001
394,3,283.0,179.0,0.0
394,1,139.0,286.0,0.0
395,5,385.0,178.0,0.0
395,4,376.0,257.0,0.0
395,6,153.04540584539816,506.04540584539814,0.0
395,7,378.0,251.0,0.0
395,2,254.0,263.0,0.6600000000000004
395,10,121.04540584539816,251.04540584539816,0.0
395,9,599.0,878.0,0.0
395,8,305.0,442.0,1.3250000000000008
395,3,282.04540584539814,178.04540584539816,0.0
395,1,138.04540584539816,285.04540584539814,0.0
396,5,385.0,177.0,0.0
396,4,377.0,257.0,0.0
396,6,153.0,506.0,0.0
396,7,377.04540584539814,250.04540584539816,0.0
396,2,253.0,262.0,0.6700000000000004
396,10,121.0,251.0,0.0
396,9,598.0454058453981,878.9545941546019,0.0
396,8,304.0,441.0,1.3400000000000007
396,3,282.0,178.0,0.0
396,1,138.0,285.0,0.0
397,5,384.04540584539814,176.04540584539816,0.0
397,4,377.95459415460186,256.04540584539814,0.0
397,6,153.0,505.0,0.0
397,7,377.0,250.0,0.0
397,2,252.0,261.0,0.6800000000000004
397,10,120.04540584539816,250.04540584539816,0.0
397,9,598.0,879.0,0.0
397,8,304.0,440.0,1.3550000000000009
397,3,281.04540584539814,178.95459415460184,0.0
397,1,138.0,284.0,0.0
398,5,384.0,176.0,0.0
398,4,378.0,256.0,0.0
398,6,152.04540584539816,504.04540584539814,0.0
398,7,377.0,249.0,0.0
398,2,252.0,260.0,0.6900000000000004
398,10,120.0,250.0,0.0
398,9,598.0,880.0,0.0
398,8,303.0,439.0,1.370000000000001
398,3,281.0,179.0,0.0
398,1,137.04540584539816,283.04540584539814,0.0
399,5,383.04540584539814,175.04540584539816,0.0
399,4,378.95459415460186,255.04540584539816,0.0
399,6,152.0,504.0,0.0
399,7,377.0,248.0,0.0
399,2,251.0,259.0,0.7000000000000004
399,10,119.04540584539816,249.04540584539816,0.0
399,9,598.9545941546019,880.9545941546019,0.0
399,8,302.0,438.0,1.385000000000001
399,3,280.04540584539814,179.95459415460184,0.0
399,1,137.0,283.0,0.0
400,5,383.0,175.0,0.0
400,4,379.0,255.0,0.0
400,6,151.04540584539816,503.04540584539814,0.0
400,7,376.04540584539814,247.04540584539816,0.0
400,2,252.0,258.0,0.7100000000000004
400,10,119.0,249.0,0.0
400,9,599.0,881.0,0.0
400,8,301.0,437.0,1.4000000000000008
400,3,280.0,180.0,0.0
400,1,136.04540584539816,282.04540584539814,0.0
401,5,382.04540584539814,174.04540584539816,0.0
401,4,378.04540584539814,254.04540584539816,0.0
401,6,151.0,503.0,0.0
401,7,376.0,247.0,0.0
401,2,251.0,257.0,0.7200000000000004
401,10,119.0,248.0,0.0
401,9,598.0454058453981,881.9545941546019,0.0
401,8,301.0,436.0,1.415000000000001
401,3,279.04540584539814,179.04540584539816,0.0
401,1,136.0,282.0,0.0
402,5,382.0,174.0,0.0
402,4,378.0,254.0,0.0
402,6,150.04540584539816,502.04540584539814,0.0
402,7,376.95459415460186,246.04540584539816,0.0
402,2,250.0,256.0,0.7300000000000004
402,10,119.0,247.0,0.0
402,9,598.0,882.0,0.0
402,8,300.0,435.0,1.430000000000001
402,3,279.0,179.0,0.0
402,1,136.95459415460184,281.04540584539814,0.0
403,5,381.04540584539814,173.04540584539816,0.0
403,4,378.95459415460186,253.04540584539816,0.0
403,6,150.0,502.0,0.0
403,7,377.0,246.0,0.0
403,2,249.0,255.0,0.7400000000000004
403,10,119.0,246.0,0.0
403,9,598.0,883.0,0.0
403,8,300.0,434.0,1.445000000000001
403,3,278.04540584539814,179.95459415460184,0.0
403,1,137.0,281.0,0.0
404,5,381.0,173.0,0.0
404,4,379.0,253.0,0.0
404,6,149.04540584539816,501.04540584539814,0.0
404,7,377.0,245.0,0.0
404,2,250.0,254.0,0.7500000000000004
404,10,119.0,245.0,0.0
404,9,598.9545941546019,883.9545941546019,0.0
404,8,299.0175577569158,433.0175577569158,1.4600000000000009
404,3,278.0,180.0,0.0
404,1,136.04540584539816,280.04540584539814,0.0
405,5,380.04540584539814,172.04540584539816,0.0
405,4,378.04540584539814,252.04540584539816,0.0
405,6,149.0,501.0,0.0
405,7,377.0,244.0,0.0
405,2,249.0,253.0,0.7600000000000005
405,10,119.0,244.0,0.0
405,9,599.0,884.0,0.0
405,8,299.0,433.0,1.475000000000001
405,3,277.0,180.0,0.0
405,1,136.0,280.0,0.0
406,5,380.0,172.0,0.0
406,4,378.0,252.0,0.0
406,6,149.0,500.0,0.0
406,7,377.0,243.0,0.0
406,2,249.0,252.0,0.7700000000000005
406,10,118.04540584539816,243.04540584539816,0.0
406,9,599.9545941546019,884.9545941546019,0.0
406,8,298.043158301915,432.043158301915,1.490000000000001
406,3,276.04540584539814,180.95459415460184,0.0
406,1,135.0,280.0,0.0
407,5,379.04540584539814,171.04540584539816,0.0
407,4,378.0,251.0,0.0
407,6,149.95459415460184,499.04540584539814,0.0
407,7,377.0,242.0,0.0
407,2,250.0,251.0,0.7800000000000005
407,10,118.0,243.0,0.0
407,9,600.0,885.0,0.0
407,8,298.0,432.0,1.505000000000001
407,3,276.0,181.0,0.0
407,1,134.04540584539816,279.04540584539814,0.0
408,5,379.0,171.0,0.0
408,4,377.04540584539814,250.04540584539816,0.0
408,6,150.0,499.0,0.01
408,7,377.0,241.0,0.0
408,2,250.0,250.0,0.7900000000000005
408,10,118.95459415460184,242.04540584539816,0.0
408,9,600.9545941546019,885.9545941546019,0.0
408,8,298.93175149709447,431.06824850290553,1.520000000000001
408,3,275.04540584539814,181.95459415460184,0.0
408,1,134.0,279.0,0.0
409,5,378.04540584539814,170.04540584539816,0.0
409,4,377.0,250.0,0.0
409,6,149.0378731707119,498.0378731707119,0.02
409,7,377.0,240.0,0.0
409,2,249.0,249.0,0.8000000000000005
409,10,119.0,242.0,0.0
409,9,601.0,886.0,0.0
409,8,299.0,431.0,1.535000000000001
409,3,275.0,182.0,0.0
409,1,134.0,278.0,0.0
410,5,378.0,170.0,0.0
410,4,377.0,249.0,0.0
410,6,149.0,498.0,0.03
410,7,377.0,239.0,0.0
410,2,248.0,248.0,0.8100000000000005
410,10,119.95459415460184,241.04540584539816,0.0
410,9,600.0454058453981,886.9545941546019,0.0
410,8,299.0,430.0,1.5500000000000012
410,3,274.04540584539814,182.95459415460184,0.0
410,1,133.04540584539816,277.04540584539814,0.0
411,5,377.04540584539814,169.04540584539816,0.0
411,4,377.0,248.0,0.0
411,6,148.03028105590897,497.030281055909,0.04
411,7,377.0,238.0,0.0
411,2,247.0,249.0,0.8200000000000005
411,10,120.0,241.0,0.0
411,9,600.0,887.0,0.0
411,8,298.1049702343612,429.1049702343612,1.565000000000001
411,3,274.0,183.0,0.0
411,1,133.0,277.0,0.0
412,5,377.0,169.0,0.0
412,4,376.04540584539814,247.04540584539816,0.0
412,6,148.0,497.0,0.05
412,7,377.0,237.0,0.0
412,2,246.0,248.0,0.8300000000000005
412,10,120.95459415460184,240.04540584539816,0.0
412,9,600.9545941546019,887.9545941546019,0.0
412,8,298.0,429.0,1.580000000000001
412,3,273.04540584539814,182.04540584539816,0.0
412,1,133.95459415460184,276.04540584539814,0.0
413,5,376.04540584539814,168.04540584539816,0.0
413,4,376.0,247.0,0.0
413,6,148.0,496.0,0.060000000000000005
413,7,376.04540584539814,236.04540584539816,0.0
413,2,245.0,247.0,0.8400000000000005
413,10,121.0,240.0,0.0
413,9,601.0,888.0,0.0
413,8,297.0,429.0,1.595000000000001
413,3,273.0,182.0,0.0
413,1,134.0,276.0,0.0
414,5,376.0,168.0,0.0
414,4,376.95459415460186,246.04540584539816,0.0
414,6,147.01878040644905,495.018780406449,0.07
414,7,376.0,236.0,0.0
414,2,244.0,247.0,0.8400000000000005
414,10,120.04540584539816,239.04540584539816,0.0
414,9,601.9545941546019,888.9545941546019,0.0
414,8,296.1406508933862,428.1406508933862,1.6100000000000012
414,3,272.04540584539814,182.95459415460184,0.0
414,1,133.04540584539816,275.04540584539814,0.0
415,5,375.04540584539814,167.04540584539816,0.0
415,4,377.0,246.0,0.0
415,6,147.0,495.0,0.08
415,7,376.95459415460186,235.04540584539816,0.0
415,2,243.0,246.0,0.8400000000000005
415,10,120.0,239.0,0.0
415,9,602.0,889.0,0.0
415,8,296.0,428.0,1.625000000000001
415,3,272.0,183.0,0.0
415,1,133.0,275.0,0.0
416,5,375.0,167.0,0.0
416,4,377.0,245.0,0.0
416,6,146.0110376311991,494.0110376311991,0.09
416,7,377.0,235.0,0.0
416,2,242.0,245.0,0.8400000000000005
416,10,120.0,238.0,0.0
416,9,602.0,890.0,0.0
416,8,295.16388817008124,427.16388817008124,1.640000000000001
416,3,271.04540584539814,183.95459415460184,0.0
416,1,132.04540584539816,274.04540584539814,0.0
417,5,374.04540584539814,166.04540584539816,0.0
417,4,377.0,244.0,0.0
417,6,146.0,494.0,0.09999999999999999
417,7,377.0,234.0,0.0
417,2,241.0,244.0,0.8400000000000005
417,10,119.04540584539816,237.04540584539816,0.0
417,9,602.9545941546019,890.9545941546019,0.0
417,8,295.0,427.0,1.6550000000000011
417,3,271.0,184.0,0.0
417,1,132.0,274.0,0.0
418,5,374.0,166.0,0.0
418,4,377.0,243.0,0.0
418,6,146.0,493.0,0.10999999999999999
418,7,377.0,233.0,0.0
418,2,240.0,243.0,0.8400000000000005
418,10,119.0,237.0,0.0
418,9,603.0,891.0,0.0
418,8,294.0,427.0,1.6700000000000013
418,3,270.04540584539814,184.95459415460184,0.0
418,1,131.04540584539816,273.04540584539814,0.0
419,5,373.04540584539814,165.04540584539816,0.0
419,4,377.0,242.0,0.0
419,6,147.0,492.0,0.11999999999999998
419,7,376.04540584539814,232.04540584539816,0.0
419,2,239.0,242.0,0.8400000000000005
419,10,118.04540584539816,236.04540584539816,0.0
419,9,603.9545941546019,890.0454058453981,0.0
419,8,293.0,427.0,1.6850000000000012
419,3,270.0,185.0,0.0
419,1,131.0,273.0,0.0
420,5,373.0,165.0,0.0
420,4,377.0,241.0,0.0
420,6,147.0,491.0,0.12999999999999998
420,7,376.0,232.0,0.0
420,2,238.0,241.0,0.8400000000000005
420,10,118.0,236.0,0.0
420,9,604.0,890.0,0.0
420,8,292.20911399602727,427.79088600397273,1.700000000000001
420,3,269.04540584539814,185.95459415460184,0.0
420,1,131.0,272.0,0.0
421,5,372.04540584539814,164.04540584539816,0.0
421,4,377.0,240.0,0.0
421,6,147.0,490.0,0.13999999999999999
421,7,375.04540584539814,231.04540584539816,0.0
421,2,237.0,241.0,0.8400000000000005
421,10,117.04540584539816,235.04540584539816,0.0
421,9,604.9545941546019,890.9545941546019,0.0
421,8,292.0,428.0,1.7150000000000012
421,3,269.0,186.0,0.0
421,1,131.0,271.0,0.0
422,5,372.0,164.0,0.0
422,4,377.0,240.0,0.0
422,6,147.0,490.0,0.15
422,7,375.0,231.0,0.0
422,2,237.0,241.0,0.8500000000000005
422,10,117.0,235.0,0.0
422,9,604.0,890.0,0.0
422,8,292.0,428.0,1.7300000000000013
422,3,269.0,186.0,0.0
422,1,131.0,271.0,0.0
423,5,371.04540584539814,163.04540584539816,0.0
423,4,377.0,239.0,0.0
423,6,146.0,489.0,0.16
423,7,374.04540584539814,230.04540584539816,0.0
423,2,236.0,241.0,0.8600000000000005
423,10,117.0,234.0,0.0
423,9,604.0,890.0,0.0
423,8,292.75800212885554,427.24199787114446,1.7450000000000012
423,3,268.04540584539814,186.95459415460184,0.0
423,1,131.0,270.0,0.0
424,5,371.0,163.0,0.0
424,4,377.0,238.0,0.0
424,6,145.0,488.0,0.17
424,7,374.0,230.0,0.0
424,2,235.0,241.0,0.8700000000000006
424,10,116.04540584539816,233.04540584539816,0.0
424,9,604.9545941546019,890.9545941546019,0.0
424,8,293.0,427.0,1.7600000000000011
424,3,268.0,187.0,0.0
424,1,130.04540584539816,269.04540584539814,0.0
425,5,370.04540584539814,162.04540584539816,0.0
425,4,377.0,237.0,0.0
425,6,144.0,487.0,0.18000000000000002
425,7,373.04540584539814,229.04540584539816,0.0
425,2,234.0,241.0,0.8800000000000006
425,10,116.0,233.0,0.0
425,9,605.0,891.0,0.0
425,8,294.0,427.0,1.7750000000000012
425,3,267.04540584539814,187.95459415460184,0.0
425,1,130.0,269.0,0.0
426,5,370.0,162.0,0.0
426,4,376.04540584539814,236.04540584539816,0.0
426,6,143.0,486.0,0.19000000000000003
426,7,373.0,229.0,0.0
426,2,233.0,241.0,0.8900000000000006
426,10,116.0,232.0,0.0
426,9,605.0,892.0,0.0
426,8,294.7259555586071,426.2740444413929,1.7900000000000014
426,3,267.0,188.0,0.0
426,1,129.04540584539816,268.04540584539814,0.0
427,5,369.04540584539814,161.04540584539816,0.0
427,4,376.0,236.0,0.0
427,6,143.0,485.0,0.20000000000000004
427,7,372.04540584539814,228.04540584539816,0.0
427,2,232.0,240.0,0.9000000000000006
427,10,116.0,231.0,0.0
427,9,605.0,893.0,0.0
427,8,295.0,426.0,1.8050000000000013
427,3,266.04540584539814,187.04540584539816,0.0
427,1,129.0,268.0,0.0
428,5,369.0,161.0,0.0
428,4,376.95459415460186,235.04540584539816,0.0
428,6,142.0,484.0,0.21000000000000005
428,7,372.0,228.0,0.0
428,2,231.0,239.0,0.9100000000000006
428,10,115.04540584539816,230.04540584539816,0.0
428,9,605.9545941546019,893.9545941546019,0.0
428,8,295.7050356852674,425.2949643147326,1.8200000000000012
428,3,266.0,187.0,0.0
428,1,129.0,267.0,0.0
429,5,368.04540584539814,160.04540584539816,0.0
429,4,377.0,235.0,0.0
429,6,142.0,483.0,0.22000000000000006
429,7,371.04540584539814,227.04540584539816,0.0
429,2,230.0,238.0,0.9200000000000006
429,10,115.0,230.0,0.0
429,9,606.0,894.0,0.0
429,8,296.0,425.0,1.8350000000000013
429,3,265.0,187.0,0.0
429,1,128.04540584539816,266.04540584539814,0.0
430,5,368.0,160.0,0.0
430,4,377.0,234.0,0.0
430,6,141.0,482.0,0.23000000000000007
430,7,371.0,227.0,0.0
430,2,229.0,237.0,0.9300000000000006
430,10,115.0,229.0,0.0
430,9,606.0,895.0,0.0
430,8,296.6844578415689,424.3155421584311,1.8500000000000014
430,3,264.04540584539814,187.95459415460184,0.0
430,1,128.0,266.0,0.0
431,5,367.04540584539814,159.04540584539816,0.0
431,4,377.0,233.0,0.0
431,6,142.0,481.0,0.24000000000000007
431,7,370.04540584539814,226.04540584539816,0.0
431,2,228.0,236.0,0.9400000000000006
431,10,115.0,228.0,0.0
431,9,606.9545941546019,895.9545941546019,0.0
431,8,297.0,424.0,1.8650000000000013
431,3,264.0,188.0,0.0
431,1,127.04540584539816,265.04540584539814,0.0
432,5,367.0,159.0,0.0
432,4,376.04540584539814,232.04540584539816,0.0
432,6,142.0,480.0,0.25000000000000006
432,7,370.0,226.0,0.0
432,2,227.0,235.0,0.9500000000000006
432,10,115.95459415460184,227.04540584539816,0.0
432,9,607.0,896.0,0.0
432,8,296.3357889768464,423.3357889768464,1.8800000000000012
432,3,263.04540584539814,188.95459415460184,0.0
432,1,127.0,265.0,0.0
433,5,366.04540584539814,158.04540584539816,0.0
433,4,376.0,232.0,0.0
433,6,141.0,479.0,0.26000000000000006
433,7,369.04540584539814,225.04540584539816,0.0
433,2,226.0,234.0,0.9600000000000006
433,10,116.0,227.0,0.0
433,9,607.0,897.0,0.0
433,8,296.0,423.0,1.8950000000000014
433,3,263.0,189.0,0.0
433,1,126.04540584539816,264.04540584539814,0.0
434,5,366.0,158.0,0.0
434,4,375.04540584539814,231.04540584539816,0.0
434,6,141.0,478.0,0.2700000000000001
434,7,369.0,225.0,0.0
434,2,225.0,233.0,0.9700000000000006
434,10,115.04540584539816,226.04540584539816,0.0
434,9,607.0,898.0,0.0
434,8,296.0,422.0888437708642,1.9100000000000015
434,3,262.0,189.0,0.0
434,1,126.0,264.0,0.0
435,5,365.04540584539814,157.04540584539816,0.0
435,4,375.0,231.0,0.0
435,6,140.0,477.0,0.2800000000000001
435,7,369.0,224.0,0.0
435,2,224.0,232.0,0.9800000000000006
435,10,115.0,226.0,0.0
435,9,607.0,899.0,0.0
435,8,296.0,422.0,1.9250000000000014
435,3,261.04540584539814,189.95459415460184,0.0
435,1,125.04540584539816,263.04540584539814,0.0
436,5,365.0,157.0,0.0
436,4,374.04540584539814,230.04540584539816,0.0
436,6,140.0,476.0,0.2900000000000001
436,7,369.0,223.0,0.0
436,2,223.0,231.0,0.9900000000000007
436,10,114.04540584539816,225.04540584539816,0.0
436,9,607.0,900.0,0.0
436,8,296.0,421.11658459207393,1.9400000000000013
436,3,261.0,190.0,0.0
436,1,125.0,263.0,0.0
437,5,364.04540584539814,156.04540584539816,0.0
437,4,374.0,230.0,0.0
437,6,139.0,475.0,0.3000000000000001
437,7,369.0,222.0,0.0
437,2,222.0,230.0,1.0000000000000007
437,10,114.0,225.0,0.0
437,9,607.9545941546019,900.9545941546019,0.0
437,8,296.0,421.0,1.9550000000000014
437,3,260.04540584539814,189.04540584539816,0.0
437,1,125.0,262.0,0.0
438,5,364.0,156.0,0.0
438,4,373.04540584539814,229.04540584539816,0.0
438,6,138.0,474.0,0.3100000000000001
438,7,369.0,221.0,0.0
438,2,221.0,229.0,1.0100000000000007
438,10,114.0,224.0,0.0
438,9,608.0,901.0,0.0
438,8,295.39464567680386,420.39464567680386,1.9700000000000015
438,3,260.0,189.0,0.0
438,1,124.04540584539816,261.04540584539814,0.0
439,5,363.04540584539814,155.04540584539816,0.0
439,4,373.0,229.0,0.0
439,6,137.0,474.0,0.3200000000000001
439,7,369.0,220.0,0.0
439,2,220.0,228.0,1.0200000000000007
439,10,114.95459415460184,223.04540584539816,0.0
439,9,608.9545941546019,901.9545941546019,0.0
439,8,295.0,420.0,1.9850000000000014
439,3,259.04540584539814,189.95459415460184,0.0
439,1,124.0,261.0,0.0
440,5,363.0,155.0,0.0
440,4,372.04540584539814,228.04540584539816,0.0
440,6,136.0,473.0,0.3300000000000001
440,7,369.0,219.0,0.0
440,2,219.0,227.0,1.0300000000000007
440,10,115.0,223.0,0.0
440,9,609.0,902.0,0.0
440,8,295.0,419.1708019813967,2.0000000000000013
440,3,259.0,190.0,0.0
440,1,124.0,260.0,0.0
441,5,362.04540584539814,154.04540584539816,0.0
441,4,372.0,228.0,0.0
441,6,135.0,474.0,0.34000000000000014
441,7,369.0,218.0,0.0
441,2,218.0,226.0,1.0400000000000007
441,10,114.04540584539816,222.04540584539816,0.0
441,9,609.9545941546019,902.9545941546019,0.0
441,8,295.0,419.0,2.0150000000000015
441,3,258.04540584539814,190.95459415460184,0.0
441,1,123.04540584539816,259.04540584539814,0.0
442,5,362.0,154.0,0.0
442,4,371.04540584539814,227.04540584539816,0.0
442,6,134.0,474.0,0.35000000000000014
442,7,369.0,217.0,0.0
442,2,217.0,225.0,1.0500000000000007
442,10,114.0,222.0,0.0
442,9,610.0,903.0,0.0
442,8,295.5675919887357,418.4324080112643,2.0300000000000016
442,3,258.0,191.0,0.0
442,1,123.0,259.0,0.0
443,5,361.04540584539814,153.04540584539816,0.0
443,4,371.0,227.0,0.0
443,6,133.0,475.0,0.36000000000000015
443,7,368.04540584539814,216.04540584539816,0.0
443,2,216.0,224.0,1.0600000000000007
443,10,114.0,221.0,0.0
443,9,610.9545941546019,903.9545941546019,0.0
443,8,296.0,418.0,2.0450000000000017
443,3,257.04540584539814,191.95459415460184,0.0
443,1,122.04540584539816,258.04540584539814,0.0
444,5,361.0,153.0,0.0
444,4,370.04540584539814,226.04540584539816,0.0
444,6,132.0,475.0,0.37000000000000016
444,7,368.0,216.0,0.0
444,2,217.0,223.0,1.0700000000000007
444,10,113.04540584539816,220.04540584539816,0.0
444,9,611.0,904.0,0.0
444,8,295.45087264662476,417.45087264662476,2.0600000000000014
444,3,257.0,192.0,0.0
444,1,122.0,258.0,0.0
445,5,360.04540584539814,152.04540584539816,0.0
445,4,370.0,226.0,0.0
445,6,131.0,474.0,0.38000000000000017
445,7,367.04540584539814,215.04540584539816,0.0
445,2,218.0,222.0,1.0800000000000007
445,10,113.0,220.0,0.0
445,9,611.0,905.0,0.0
445,8,295.0,417.0,2.0750000000000015
445,3,256.0,192.0,0.0
445,1,121.04540584539816,257.04540584539814,0.0
446,5,360.0,152.0,0.0
446,4,369.04540584539814,225.04540584539816,0.0
446,6,130.0,475.0,0.3900000000000002
446,7,367.0,215.0,0.0
446,2,219.0,221.0,1.0900000000000007
446,10,112.04540584539816,219.04540584539816,0.0
446,9,611.9545941546019,905.9545941546019,0.0
446,8,294.4690703140327,416.4690703140327,2.0900000000000016
446,3,255.0,192.0,0.0
446,1,121.0,257.0,0.0
447,5,359.04540584539814,152.95459415460184,0.0
447,4,369.0,225.0,0.0
447,6,129.0,475.0,0.4000000000000002
447,7,366.04540584539814,214.04540584539816,0.0
447,2,220.0,220.0,1.1000000000000008
447,10,112.0,219.0,0.0
447,9,612.0,906.0,0.0
447,8,294.0,416.0,2.1050000000000013
447,3,254.04540584539816,192.95459415460184,0.0
447,1,120.04540584539816,256.04540584539814,0.0
448,5,359.0,153.0,0.0
448,4,369.0,224.0,0.0
448,6,128.0,476.0,0.4100000000000002
448,7,366.0,214.0,0.0
448,2,221.0,219.0,1.1100000000000008
448,10,112.95459415460184,218.04540584539816,0.0
448,9,612.9545941546019,906.9545941546019,0.0
448,8,293.48700862341803,415.48700862341803,2.1200000000000014
448,3,254.0,193.0,0.0
448,1,120.0,256.0,0.0
449,5,358.04540584539814,152.04540584539816,0.0
449,4,369.0,223.0,0.0
449,6,127.0,477.0,0.4200000000000002
449,7,365.04540584539814,213.04540584539816,0.0
449,2,222.0,218.0,1.1200000000000008
449,10,113.0,218.0,0.0
449,9,613.0,907.0,0.0
449,8,293.0,415.0,2.1350000000000016
449,3,253.04540584539816,193.95459415460184,0.0
449,1,120.0,255.0,0.0
450,5,358.0,152.0,0.0
450,4,369.0,222.0,0.0
450,6,127.0,478.0,0.4300000000000002
450,7,365.0,213.0,0.0
450,2,223.0,217.0,1.1300000000000008
450,10,112.04540584539816,217.04540584539816,0.0
450,9,613.9545941546019,907.9545941546019,0.0
450,8,293.0,414.29953275900846,2.1500000000000017
450,3,253.0,194.0,0.0
450,1,120.95459415460184,254.04540584539816,0.0
451,5,357.04540584539814,152.95459415460184,0.0
451,4,369.0,221.0,0.0
451,6,126.0,479.0,0.4400000000000002
451,7,365.0,212.0,0.0
451,2,224.0,216.0,1.1400000000000008
451,10,112.0,217.0,0.0
451,9,614.0,908.0,0.0
451,8,293.0,414.0,2.165000000000002
451,3,252.0,194.0,0.0
451,1,121.0,254.0,0.0
452,5,357.0,153.0,0.0
452,4,369.0,220.0,0.0
452,6,125.0,478.0,0.45000000000000023
452,7,365.95459415460186,211.04540584539816,0.0
452,2,224.0,215.0,1.1500000000000008
452,10,112.95459415460184,216.04540584539816,0.0
452,9,613.0454058453981,908.9545941546019,0.0
452,8,292.5221360215495,413.5221360215495,2.1800000000000015
452,3,251.04540584539816,193.04540584539816,0.0
452,1,121.95459415460184,253.04540584539816,0.0
453,5,356.0,153.0,0.0
453,4,369.0,219.0,0.0
453,6,124.0,478.0,0.46000000000000024
453,7,366.0,211.0,0.0
453,2,225.0,214.0,1.1600000000000008
453,10,113.0,216.0,0.0
453,9,613.0,909.0,0.0
453,8,292.05290282025834,413.05290282025834,2.1950000000000016
453,3,251.0,193.0,0.0
453,1,122.0,253.0,0.0
454,5,355.0,153.0,0.0
454,4,369.0,218.0,0.0
454,6,123.0,479.0,0.47000000000000025
454,7,366.95459415460186,210.04540584539816,0.0
454,2,224.0,213.0,1.1700000000000008
454,10,113.0,215.0,0.0
454,9,613.0,910.0,0.0
454,8,292.0,413.0,2.2100000000000017
454,3,250.0,193.0,0.0
454,1,122.0,252.0,0.0
455,5,354.0,153.0,0.0
455,4,369.0,217.0,0.0
455,6,122.0,478.0,0.48000000000000026
455,7,367.0,210.0,0.0
455,2,225.0,212.0,1.1800000000000008
455,10,112.04540584539816,214.04540584539816,0.0
455,9,613.0,911.0,0.0
455,8,292.0,412.3605673098004,2.2250000000000014
455,3,249.04540584539816,193.95459415460184,0.0
455,1,121.04540584539816,251.04540584539816,0.0
456,5,353.0,153.0,0.0
456,4,368.04540584539814,216.04540584539816,0.0
456,6,121.0,478.0,0.49000000000000027
456,7,367.95459415460186,209.04540584539816,0.0
456,2,224.0,211.0,1.1900000000000008
456,10,112.0,214.0,0.0
456,9,613.9545941546019,911.9545941546019,0.0
456,8,292.0,412.0,2.2400000000000015
456,3,249.0,194.0,0.0
456,1,121.0,251.0,0.0
457,5,352.0,153.0,0.0
457,4,368.0,216.0,0.0
457,6,120.0,479.0,0.5000000000000002
457,7,368.0,209.0,0.0
457,2,224.0,210.0,1.2000000000000008
457,10,111.04540584539816,213.04540584539816,0.0
457,9,614.0,912.0,0.0
457,8,291.5647099812084,411.5647099812084,2.2550000000000017
457,3,248.0,194.0,0.0
457,1,120.04540584539816,250.04540584539816,0.0
458,5,351.0,153.0,0.0
458,4,367.04540584539814,215.04540584539816,0.0
458,6,119.0,480.0,0.5100000000000002
458,7,368.95459415460186,208.04540584539816,0.0
458,2,224.0,209.0,1.2100000000000009
458,10,111.0,213.0,0.0
458,9,613.0454058453981,912.9545941546019,0.0
458,8,291.13776463433396,411.13776463433396,2.270000000000002
458,3,247.0,194.0,0.0
458,1,120.0,250.0,0.0
459,5,350.04540584539814,152.04540584539816,0.0
459,4,367.0,215.0,0.0
459,6,118.0,480.0,0.5200000000000002
459,7,369.0,208.0,0.0
459,2,225.0,208.0,1.2200000000000009
459,10,110.04540584539816,212.04540584539816,0.0
459,9,613.0,913.0,0.0
459,8,291.0,411.0,2.285000000000002
459,3,246.0,194.0,0.0
459,1,119.04540584539816,249.04540584539816,0.0
460,5,350.0,152.0,0.0
460,4,366.04540584539814,214.04540584539816,0.0
460,6,117.0,480.0,0.5300000000000002
460,7,369.95459415460186,207.04540584539816,0.0
460,2,225.0,207.0,1.2300000000000009
460,10,110.0,212.0,0.0
460,9,613.9545941546019,913.9545941546019,0.0
460,8,290.58957983672457,410.58957983672457,2.3000000000000016
460,3,245.04540584539816,193.04540584539816,0.0
460,1,119.0,249.0,0.0
461,5,349.04540584539814,152.95459415460184,0.0
461,4,366.0,214.0,0.0
461,6,116.0,481.0,0.5400000000000003
461,7,370.0,207.0,0.0
461,2,226.0,206.0,1.2400000000000009
461,10,109.04540584539816,211.04540584539816,0.0
461,9,614.0,914.0,0.0
461,8,290.1873416095452,410.1873416095452,2.3150000000000017
461,3,245.0,193.0,0.0
461,1,119.0,248.0,0.0
462,5,349.0,153.0,0.0
462,4,365.04540584539814,213.04540584539816,0.0
462,6,115.0,481.0,0.5500000000000003
462,7,370.95459415460186,206.04540584539816,0.0
462,2,226.0,205.0,1.2500000000000009
462,10,109.0,211.0,0.0
462,9,614.0,915.0,0.0
462,8,290.0,410.0,2.330000000000002
462,3,244.04540584539816,192.04540584539816,0.0
462,1,119.0,247.0,0.0
463,5,348.0,153.0,0.0
463,4,365.0,213.0,0.0
463,6,114.0,481.0,0.5600000000000003
463,7,371.0,206.0,0.0
463,2,225.0,204.0,1.260000000000001
463,10,108.04540584539816,210.04540584539816,0.0
463,9,614.9545941546019,915.9545941546019,0.0
463,8,290.38603220839224,409.61396779160776,2.3450000000000015
463,3,244.0,192.0,0.0
463,1,119.0,246.0,0.0
464,5,347.0,153.0,0.0
464,4,365.0,212.0,0.0
464,6,113.0,482.0,0.5700000000000003
464,7,371.95459415460186,205.04540584539816,0.0
464,2,224.0,203.0,1.260000000000001
464,10,108.0,210.0,0.0
464,9,615.0,916.0,0.0
464,8,290.7640389906325,409.2359610093675,2.3600000000000017
464,3,243.04540584539816,192.95459415460184,0.0
464,1,119.0,245.0,0.0
465,5,346.0,153.0,0.0
465,4,365.95459415460186,211.04540584539816,0.0
465,6,112.0,483.0,0.5800000000000003
465,7,372.0,205.0,0.0
465,2,223.0,203.0,1.260000000000001
465,10,107.04540584539816,209.04540584539816,0.0
465,9,615.0,917.0,0.0
465,8,291.0,409.0,2.3750000000000018
465,3,243.0,193.0,0.0
465,1,119.0,244.0,0.0
466,5,345.04540584539814,153.95459415460184,0.0
466,4,366.0,211.0,0.0
466,6,111.0,484.0,0.5900000000000003
466,7,372.95459415460186,204.04540584539816,0.0
466,2,222.0,203.0,1.260000000000001
466,10,107.0,209.0,0.0
466,9,615.9545941546019,917.9545941546019,0.0
466,8,290.63789216689355,408.63789216689355,2.390000000000002
466,3,242.04540584539816,193.95459415460184,0.0
466,1,118.04540584539816,243.04540584539816,0.0
467,5,345.0,154.0,0.0
467,4,366.95459415460186,210.04540584539816,0.0
467,6,110.0,483.0,0.6000000000000003
467,7,373.0,204.0,0.0
467,2,221.0,204.0,1.260000000000001
467,10,107.0,208.0,0.0
467,9,616.0,918.0,0.0
467,8,290.2836591252965,408.2836591252965,2.405000000000002
467,3,242.0,194.0,0.0
467,1,118.0,243.0,0.0
468,5,344.04540584539814,154.95459415460184,0.0
468,4,367.0,210.0,0.0
468,6,109.0,482.0,0.6100000000000003
468,7,373.95459415460186,203.04540584539816,0.0
468,2,220.0,205.0,1.260000000000001
468,10,106.04540584539816,207.04540584539816,0.0
468,9,616.9545941546019,918.9545941546019,0.0
468,8,290.0,408.0,2.4200000000000017
468,3,241.04540584539816,194.95459415460184,0.0
468,1,118.95459415460184,242.04540584539816,0.0
469,5,344.0,155.0,0.0
469,4,367.95459415460186,209.04540584539816,0.0
469,6,108.0,481.0,0.6100000000000003
469,7,374.0,203.0,0.0
469,2,219.0,204.0,1.260000000000001
469,10,106.0,207.0,0.0
469,9,617.0,919.0,0.0
469,8,289.66137025827635,407.66137025827635,2.435000000000002
469,3,241.0,195.0,0.0
469,1,119.0,242.0,0.0
470,5,343.04540584539814,154.04540584539816,0.0
470,4,368.0,209.0,0.0
470,6,107.0,480.0,0.6100000000000003
470,7,374.95459415460186,202.04540584539816,0.0
470,2,218.0,205.0,1.260000000000001
470,10,106.0,206.0,0.0
470,9,617.9545941546019,919.9545941546019,0.0
470,8,289.3304702239817,407.3304702239817,2.450000000000002
470,3,240.0,195.0,0.0
470,1,119.95459415460184,241.04540584539816,0.0
471,5,343.0,154.0,0.0
471,4,368.95459415460186,208.04540584539816,0.0
471,6,106.0,479.0,0.6100000000000003
471,7,375.0,202.0,0.0
471,2,217.0,206.0,1.260000000000001
471,10,105.04540584539816,205.04540584539816,0.0
471,9,618.0,920.0,0.0
471,8,289.0072527165124,407.0072527165124,2.4650000000000016
471,3,239.04540584539816,195.95459415460184,0.0
471,1,120.0,241.0,0.0
472,5,342.0,154.0,0.0
472,4,369.0,208.0,0.0
472,6,105.0,478.0,0.6100000000000003
472,7,375.95459415460186,201.04540584539816,0.0
472,2,216.0,205.0,1.260000000000001
472,10,105.0,205.0,0.0
472,9,618.0,921.0,0.0
472,8,289.0,407.0,2.4800000000000018
472,3,239.0,196.0,0.0
472,1,120.95459415460184,240.04540584539816,0.0
473,5,341.04540584539814,153.04540584539816,0.0
473,4,369.95459415460186,207.04540584539816,0.0
473,6,104.0,477.0,0.6100000000000003
473,7,376.0,201.0,0.0
473,2,215.0,206.0,1.260000000000001
473,10,104.04540584539816,204.04540584539816,0.0
473,9,618.0,922.0,0.0
473,8,289.0,406.5644339379822,2.495000000000002
473,3,238.0,196.0,0.0
473,1,121.0,240.0,0.0
474,5,341.0,153.0,0.0
474,4,370.0,207.0,0.0
474,6,103.0,476.0,0.6100000000000003
474,7,376.95459415460186,200.04540584539816,0.0
474,2,215.0,207.0,1.260000000000001
474,10,104.0,204.0,0.0
474,9,618.0,923.0,0.0
474,8,289.0,406.139537238578,2.510000000000002
474,3,237.04540584539816,195.04540584539816,0.0
474,1,120.04540584539816,239.04540584539816,0.0
475,5,340.0,153.0,0.0
475,4,370.95459415460186,206.04540584539816,0.0
475,6,102.0,475.0,0.6100000000000003
475,7,377.0,200.0,0.0
475,2,214.0,208.0,1.260000000000001
475,10,103.04540584539816,203.04540584539816,0.0
475,9,618.0,924.0,0.0
475,8,289.0,406.0,2.525000000000002
475,3,237.0,195.0,0.0
475,1,120.0,239.0,0.0
476,5,339.04540584539814,152.04540584539816,0.0
476,4,371.0,206.0,0.0
476,6,101.0,474.0,0.6100000000000003
476,7,377.95459415460186,199.04540584539816,0.0
476,2,213.0,209.0,1.260000000000001
476,10,103.0,203.0,0.0
476,9,618.0,925.0,0.0
476,8,289.0,405.5962520642342,2.540000000000002
476,3,236.0,195.0,0.0
476,1,120.0,238.0,0.0
477,5,339.0,152.0,0.0
477,4,371.95459415460186,205.04540584539816,0.0
477,6,100.0,473.0,0.6100000000000003
477,7,378.0,199.0,0.0
477,2,212.0,210.0,1.260000000000001
477,10,103.95459415460184,202.04540584539816,0.0
477,9,618.0,926.0,0.0
477,8,289.0,405.2029850223413,2.555000000000002
477,3,235.04540584539816,195.95459415460184,0.0
477,1,119.04540584539816,237.04540584539816,0.0
478,5,338.04540584539814,152.95459415460184,0.0
478,4,372.0,205.0,0.0
478,6,99.0,472.0,0.6100000000000003
478,7,378.95459415460186,198.04540584539816,0.0
478,2,211.0,209.0,1.260000000000001
478,10,104.0,202.0,0.0
478,9,618.0,927.0,0.0
478,8,289.0,405.0,2.570000000000002
478,3,235.0,196.0,0.0
478,1,119.0,237.0,0.0
479,5,338.0,153.0,0.0
479,4,372.95459415460186,204.04540584539816,0.0
479,6,98.0,471.0,0.6100000000000003
479,7,379.0,198.0,0.0
479,2,210.0,209.0,1.260000000000001
479,10,103.04540584539816,201.04540584539816,0.0
479,9,617.0454058453981,927.9545941546019,0.0
479,8,288.7366107879736,404.7366107879736,2.5850000000000017
479,3,234.04540584539816,195.04540584539816,0.0
479,1,118.04540584539816,236.04540584539816,0.0
480,5,337.04540584539814,153.95459415460184,0.0
480,4,373.0,204.0,0.0
480,6,97.0,470.0,0.6100000000000003
480,7,379.95459415460186,197.04540584539816,0.0
480,2,209.0,208.0,1.260000000000001
480,10,103.0,201.0,0.0
480,9,617.0,928.0,0.0
480,8,288.4805040460446,404.4805040460446,2.600000000000002
480,3,234.0,195.0,0.0
480,1,118.0,236.0,0.0
481,5,337.0,154.0,0.0
481,4,373.95459415460186,203.04540584539816,0.0
481,6,96.0,469.0,0.6100000000000003
481,7,380.0,197.0,0.0
481,2,208.0,209.0,1.260000000000001
481,10,102.04540584539816,200.04540584539816,0.0
481,9,616.0454058453981,928.9545941546019,0.0
481,8,288.23163788057707,404.23163788057707,2.615000000000002
481,3,233.04540584539816,195.95459415460184,0.0
481,1,117.04540584539816,235.04540584539816,0.0
482,5,337.0,154.0,0.0
482,4,373.0,203.0,0.01
482,6,96.0,469.0,0.6200000000000003
482,7,380.0,197.0,0.01
482,2,208.0,209.0,1.270000000000001
482,10,102.0,200.0,0.0
482,9,616.0,928.0,0.0
482,8,288.0,404.0,2.630000000000002
482,3,233.0,195.0,0.01
482,1,117.0,235.0,0.01
483,5,337.95459415460186,153.04540584539816,0.0
483,4,372.0378731707119,203.9621268292881,0.02
483,6,95.0,468.0,0.6300000000000003
483,7,379.0378731707119,197.9621268292881,0.02
483,2,207.0,210.0,1.280000000000001
483,10,101.0,200.0,0.0
483,9,615.0454058453981,928.9545941546019,0.0
483,8,287.7654912153499,403.7654912153499,2.6450000000000022
483,3,233.0,196.0,0.02
483,1,117.0,234.0,0.02
484,5,338.0,153.0,0.0
484,4,372.0,204.0,0.03
484,6,94.0,467.0,0.6400000000000003
484,7,379.0,198.0,0.03
484,2,206.0,210.0,1.290000000000001
484,10,100.0,200.0,0.0
484,9,615.0,929.0,0.0
484,8,287.53810016920005,403.53810016920005,2.660000000000002
484,3,232.03408457255364,196.96591542744636,0.03
484,1,116.03408457255362,233.03408457255364,0.03
485,5,338.95459415460186,152.04540584539816,0.0
485,4,371.030281055909,204.96971894409103,0.04
485,6,93.0,466.0,0.6500000000000004
485,7,378.030281055909,198.96971894409103,0.04
485,2,205.0,209.0,1.300000000000001
485,10,100.0,200.0,0.0
485,9,615.0,930.0,0.0
485,8,287.31778683656745,403.31778683656745,2.675000000000002
485,3,232.0,197.0,0.04
485,1,116.0,233.0,0.04
486,5,339.0,152.0,0.0
486,4,371.0,205.0,0.05
486,6,92.0,465.0,0.6600000000000004
486,7,378.0,199.0,0.05
486,2,204.0,210.0,1.310000000000001
486,10,100.0,200.0,0.0
486,9,615.9545941546019,930.9545941546019,0.0
486,8,287.1045116400961,403.1045116400961,2.690000000000002
486,3,231.02646256203292,197.97353743796708,0.05
486,1,116.0,232.0,0.05
487,5,339.0,151.0,0.0
487,4,370.0226290319491,205.97737096805088,0.060000000000000005
487,6,91.0,464.0,0.6700000000000004
487,7,377.0226290319491,199.97737096805088,0.060000000000000005
487,2,203.0,210.0,1.320000000000001
487,10,100.0,200.0,0.0
487,9,616.0,931.0,0.0
487,8,287.0,403.0,2.705000000000002
487,3,231.0,198.0,0.060000000000000005
487,1,116.0,231.0,0.060000000000000005
488,5,338.04540584539814,150.04540584539816,0.0
488,4,370.0,206.0,0.07
488,6,90.0,463.0,0.6800000000000004
488,7,377.0,200.0,0.07
488,2,202.0,211.0,1.330000000000001
488,10,100.0,200.0,0.0
488,9,616.9545941546019,931.9545941546019,0.0
488,8,287.19931590288166,402.80068409711834,2.720000000000002
488,3,230.01878040644905,198.98121959355095,0.07
488,1,115.01878040644904,230.01878040644905,0.07
489,5,338.0,150.0,0.0
489,4,369.01491662609095,206.98508337390905,0.08
489,6,89.0,462.0,0.6900000000000004
489,7,376.01491662609095,200.98508337390905,0.08
489,2,201.0,212.0,1.340000000000001
489,10,100.0,200.0,0.0
489,9,617.0,932.0,0.0
489,8,287.3917097897624,402.6082902102376,2.735000000000002
489,3,230.0,199.0,0.08
489,1,115.0,230.0,0.08
490,5,337.04540584539814,149.04540584539816,0.0
490,4,369.0,207.0,0.09
490,6,88.0,461.0,0.7000000000000004
490,7,376.0,201.0,0.09
490,2,200.0,213.0,1.350000000000001
490,10,100.0,200.0,0.0
490,9,616.0454058453981,932.9545941546019,0.0
490,8,287.57721952053606,402.42278047946394,2.750000000000002
490,3,229.0110376311991,198.0110376311991,0.09
490,1,115.0,229.0,0.09
491,5,337.0,149.0,0.0
491,4,368.0071433618627,207.99285663813734,0.09999999999999999
491,6,89.0,460.0,0.7100000000000004
491,7,375.0071433618627,201.99285663813734,0.09999999999999999
491,2,199.0,212.0,1.360000000000001
491,10,100.0,200.0,0.0
491,9,616.0,933.0,0.0
491,8,287.7558825431999,402.2441174568001,2.7650000000000023
491,3,229.0,198.0,0.09999999999999999
491,1,115.0,228.0,0.09999999999999999
492,5,336.04540584539814,148.04540584539816,0.0
492,4,368.0,208.0,0.10999999999999999
492,6,89.0,459.0,0.7200000000000004
492,7,375.0,202.0,0.10999999999999999
492,2,198.0,212.0,1.370000000000001
492,10,100.0,200.0,0.0
492,9,616.0,934.0,0.0
492,8,287.9277359005398,402.0722640994602,2.780000000000002
492,3,228.0,198.0,0.10999999999999999
492,1,115.99676624206498,227.00323375793502,0.10999999999999999
493,5,336.0,148.0,0.0
493,4,367.0,209.0,0.11999999999999998
493,6,89.0,458.0,0.7300000000000004
493,7,374.0,203.0,0.11999999999999998
493,2,197.0,213.0,1.380000000000001
493,10,100.0,200.0,0.0
493,9,616.9545941546019,934.9545941546019,0.0
493,8,288.0,402.0,2.795000000000002
493,3,227.0,199.0,0.11999999999999998
493,1,116.0,227.0,0.11999999999999998
494,5,335.04540584539814,147.04540584539816,0.0
494,4,366.0,210.0,0.12999999999999998
494,6,89.0,457.0,0.7400000000000004
494,7,373.0,204.0,0.12999999999999998
494,2,196.0,213.0,1.390000000000001
494,10,100.0,200.0,0.0
494,9,617.0,935.0,0.0
494,8,287.8416564332271,401.8416564332271,2.8100000000000023
494,3,226.0,200.0,0.12999999999999998
494,1,115.0,226.0,0.12999999999999998
495,5,335.0,147.0,0.0
495,4,365.0,211.0,0.13999999999999999
495,6,88.0,456.0,0.7500000000000004
495,7,372.0,205.0,0.13999999999999999
495,2,195.0,214.0,1.400000000000001
495,10,100.0,200.0,0.0
495,9,618.0,935.0,0.0
495,8,287.6900137699684,401.6900137699684,2.825000000000002
495,3,225.0,201.0,0.13999999999999999
495,1,114.0,225.0,0.13999999999999999
496,5,334.04540584539814,146.04540584539816,0.0
496,4,364.0,212.0,0.15
496,6,87.0,455.0,0.7600000000000005
496,7,371.0,206.0,0.15
496,2,194.0,215.0,1.410000000000001
496,10,100.0,200.0,0.0
496,9,618.9545941546019,935.9545941546019,0.0
496,8,287.54503652424904,401.54503652424904,2.840000000000002
496,3,225.0,202.0,0.15
496,1,114.0,224.0,0.15
497,5,334.0,146.0,0.0
497,4,365.0,213.0,0.16
497,6,86.0,454.0,0.7700000000000005
497,7,370.0,207.0,0.16
497,2,193.0,214.0,1.420000000000001
497,10,100.0,200.0,0.0
497,9,619.0,936.0,0.0
497,8,287.4066895839613,401.4066895839613,2.855000000000002
497,3,224.0,203.0,0.16
497,1,115.0,223.0,0.16
498,5,333.04540584539814,145.04540584539816,0.0
498,4,366.0,214.0,0.17
498,6,85.0,453.0,0.7800000000000005
498,7,369.0,208.0,0.17
498,2,192.0,215.0,1.430000000000001
498,10,100.0,200.0,0.0
498,9,619.0,937.0,0.0
498,8,287.27493820498705,401.27493820498705,2.8700000000000023
498,3,223.0,203.0,0.17
498,1,114.0,222.0,0.17
499,5,333.0,145.0,0.0
499,4,367.0,215.0,0.18000000000000002
499,6,84.0,452.0,0.7900000000000005
499,7,368.0,209.0,0.18000000000000002
499,2,191.0001967910413,215.9998032089587,1.440000000000001
499,10,100.0,200.0,0.0
499,9,618.0454058453981,937.9545941546019,0.0
499,8,287.1497480054432,401.1497480054432,2.8850000000000025
499,3,222.0,203.0,0.18000000000000002
499,1,114.0,221.0,0.18000000000000002
500,5,333.0,144.0,0.0
500,4,368.0,216.0,0.19000000000000003
500,6,83.0,451.0,0.8000000000000005
500,7,367.0,210.0,0.19000000000000003
500,2,191.0,216.0,1.450000000000001
500,10,100.0,200.0,0.0
500,9,618.0,938.0,0.0
500,8,287.0310849600458,401.0310849600458,2.900000000000002
500,3,221.0,204.0,0.19000000000000003
500,1,113.0,220.0,0.19000000000000003
501,5,333.95459415460186,143.04540584539816,0.0
501,4,369.0,217.0,0.20000000000000004
501,6,82.0,450.0,0.8100000000000005
501,7,366.0,211.0,0.20000000000000004
501,2,190.01755775691578,215.01755775691578,1.460000000000001
501,10,100.0,200.0,0.0
501,9,618.0,939.0,0.0
501,8,287.0,401.0,2.915000000000001
501,3,220.0,205.0,0.20000000000000004
501,1,112.0,219.0,0.20000000000000004
502,5,334.0,143.0,0.0
502,4,369.0,218.0,0.21000000000000005
502,6,81.0,449.0,0.8200000000000005
502,7,365.0,212.0,0.21000000000000005
502,2,190.0,215.0,1.470000000000001
502,10,100.0,200.0,0.0
502,9,617.0454058453981,939.9545941546019,0.0
502,8,286.8444188369787,401.0,2.920000000000001
502,3,219.0,204.0,0.21000000000000005
502,1,113.0,218.0,0.21000000000000005
503,5,334.0,142.0,0.0
503,4,369.0,219.0,0.22000000000000006
503,6,81.0,448.0,0.8300000000000005
503,7,365.0,213.0,0.22000000000000006
503,2,189.0,215.0,1.480000000000001
503,10,100.0,200.0,0.0
503,9,617.0,940.0,0.0
503,8,286.6918830125959,401.0,2.9250000000000007
503,3,218.0,205.0,0.22000000000000006
503,1,112.0,217.0,0.22000000000000006
504,5,333.04540584539814,141.04540584539816,0.0
504,4,369.0,220.0,0.23000000000000007
504,6,81.0,447.0,0.8400000000000005
504,7,366.0,214.0,0.23000000000000007
504,2,188.0,215.0,1.490000000000001
504,10,100.0,200.0,0.0
504,9,617.9545941546019,940.9545941546019,0.0
504,8,286.54238732558747,401.0,2.9300000000000006
504,3,217.0,206.0,0.23000000000000007
504,1,113.0,216.0,0.23000000000000007
505,5,333.0,141.0,0.0
505,4,369.0,221.0,0.24000000000000007
505,6,80.0,446.0,0.8500000000000005
505,7,367.0,215.0,0.24000000000000007
505,2,187.05157739732266,214.05157739732266,1.500000000000001
505,10,100.0,200.0,0.0
505,9,618.0,941.0,0.0
505,8,286.39592659242595,401.0,2.9350000000000005
505,3,216.0,205.0,0.24000000000000007
505,1,113.0,215.0,0.24000000000000007
506,5,332.04540584539814,140.04540584539816,0.0
506,4,369.0,222.0,0.25000000000000006
506,6,81.0,445.0,0.8600000000000005
506,7,368.0,216.0,0.25000000000000006
506,2,187.0,214.0,1.5100000000000011
506,10,100.0,200.0,0.0
506,9,618.0,942.0,0.0
506,8,286.25249564723,401.0,2.940000000000001
506,3,215.0,206.0,0.25000000000000006
506,1,112.0,214.0,0.25000000000000006
507,5,332.0,140.0,0.0
507,4,369.0,223.0,0.26000000000000006
507,6,81.0,444.0,0.8700000000000006
507,7,369.0,217.0,0.26000000000000006
507,2,186.06824850290553,214.93175149709447,1.5200000000000011
507,10,100.0,200.0,0.0
507,9,618.0,943.0,0.0
507,8,286.1120893416743,401.0,2.9450000000000007
507,3,215.0,207.0,0.26000000000000006
507,1,113.0,213.0,0.26000000000000006
508,5,331.04540584539814,139.04540584539816,0.0
508,4,369.0,224.0,0.2700000000000001
508,6,81.0,443.0,0.8800000000000006
508,7,369.0,218.0,0.2700000000000001
508,2,186.0,215.0,1.5300000000000011
508,10,100.0,200.0,0.0
508,9,617.0454058453981,943.9545941546019,0.0
508,8,286.0,401.0,2.9500000000000006
508,3,214.0,208.0,0.2700000000000001
508,1,114.0,212.0,0.2700000000000001
509,5,331.0,139.0,0.0
509,4,369.0,225.0,0.2800000000000001
509,6,81.0,442.0,0.8900000000000006
509,7,369.0,219.0,0.2800000000000001
509,2,185.0,215.0,1.5400000000000011
509,10,100.0,200.0,0.0
509,9,617.0,944.0,0.0
509,8,285.9049843637144,400.9049843637144,2.955000000000001
509,3,213.0,209.0,0.2800000000000001
509,1,113.0,211.0,0.2800000000000001
510,5,330.04540584539814,138.04540584539816,0.0
510,4,370.0,226.0,0.2900000000000001
510,6,81.0,441.0,0.9000000000000006
510,7,369.0,220.0,0.2900000000000001
510,2,184.0,215.0,1.5500000000000012
510,10,100.0,200.0,0.0
510,9,616.0454058453981,944.9545941546019,0.0
510,8,285.8120966232365,400.8120966232365,2.960000000000001
510,3,212.0,210.0,0.2900000000000001
510,1,112.0,211.0,0.2800000000000001
511,5,330.0,138.0,0.0
511,4,371.0,227.0,0.3000000000000001
511,6,80.0,440.0,0.9100000000000006
511,7,369.0,221.0,0.3000000000000001
511,2,183.1009425506986,215.8990574493014,1.5600000000000012
511,10,100.0,200.0,0.0
511,9,616.0,945.0,0.0
511,8,285.7213331871794,400.7213331871794,2.9650000000000007
511,3,211.0,209.0,0.3000000000000001
511,1,111.0,211.0,0.2800000000000001
512,5,329.04540584539814,137.04540584539816,0.0
512,4,372.0,228.0,0.3100000000000001
512,6,81.0,439.0,0.9200000000000006
512,7,369.0,222.0,0.3100000000000001
512,2,183.0,216.0,1.5700000000000012
512,10,100.0,200.0,0.0
512,9,616.0,946.0,0.0
512,8,285.6326904762584,400.6326904762584,2.9700000000000006
512,3,210.0,209.0,0.3100000000000001
512,1,110.0,211.0,0.2800000000000001
513,5,329.0,137.0,0.0
513,4,373.0,229.0,0.3200000000000001
513,6,81.0,438.0,0.9300000000000006
513,7,369.0,223.0,0.3200000000000001
513,2,182.1169765263916,216.8830234736084,1.5800000000000012
513,10,100.0,200.0,0.0
513,9,616.0,947.0,0.0
513,8,285.5461649232302,400.5461649232302,2.9750000000000005
513,3,209.0,208.0,0.3200000000000001
513,1,109.0,210.0,0.2800000000000001
514,5,329.0,136.0,0.0
514,4,374.0,230.0,0.3300000000000001
514,6,82.0,437.0,0.9400000000000006
514,7,369.0,224.0,0.3300000000000001
514,2,182.0,217.0,1.5900000000000012
514,10,100.0,200.0,0.0
514,9,615.0454058453981,947.9545941546019,0.0
514,8,285.46175297283224,400.46175297283224,2.980000000000001
514,3,208.0,209.0,0.3300000000000001
514,1,108.0,209.0,0.2800000000000001
515,5,329.0,135.0,0.0
515,4,375.0,231.0,0.34000000000000014
515,6,82.0,436.0,0.9500000000000006
515,7,369.0,225.0,0.34000000000000014
515,2,181.0,217.0,1.6000000000000012
515,10,100.0,200.0,0.0
515,9,615.0,948.0,0.0
515,8,285.37945108172227,400.37945108172227,2.9850000000000008
515,3,207.0,210.0,0.34000000000000014
515,1,107.0,208.0,0.2800000000000001
516,5,329.0,134.0,0.0
516,4,376.0,232.0,0.35000000000000014
516,6,82.0,435.0,0.9600000000000006
516,7,370.0,226.0,0.35000000000000014
516,2,180.14065089338618,216.14065089338618,1.6100000000000012
516,10,100.0,200.0,0.0
516,9,614.0454058453981,948.9545941546019,0.0
516,8,285.2992557184187,400.2992557184187,2.9900000000000007
516,3,206.0,210.0,0.35000000000000014
516,1,106.0,207.0,0.2800000000000001
517,5,328.04540584539814,133.04540584539816,0.0
517,4,377.0,233.0,0.36000000000000015
517,6,82.0,434.0,0.9700000000000006
517,7,371.0,227.0,0.36000000000000015
517,2,180.0,216.0,1.6200000000000012
517,10,100.0,200.0,0.0
517,9,614.0,949.0,0.0
517,8,285.221163363241,400.221163363241,2.995000000000001
517,3,205.0,209.0,0.36000000000000015
517,1,106.0,206.0,0.2800000000000001
518,5,328.0,133.0,0.0
518,4,377.0,234.0,0.37000000000000016
518,6,82.0,433.0,0.9800000000000006
518,7,372.0,228.0,0.37000000000000016
518,2,179.0,216.0,1.6300000000000012
518,10,100.0,200.0,0.0
518,9,613.0454058453981,949.9545941546019,0.0
518,8,285.221163363241,400.221163363241,3.0
518,3,204.0,210.0,0.37000000000000016
518,1,105.0,205.0,0.2800000000000001
519,5,327.04540584539814,132.04540584539816,0.0
519,4,377.0,235.0,0.38000000000000017
519,6,81.0,432.0,0.9900000000000007
519,7,373.0,229.0,0.38000000000000017
519,2,178.0,216.0,1.6400000000000012
519,10,100.0,200.0,0.0
519,9,613.0,950.0,0.0
519,8,285.221163363241,400.221163363241,3.0
519,3,203.0,210.0,0.38000000000000017
519,1,104.0,204.0,0.2800000000000001
520,5,327.0,132.0,0.0
520,4,376.0,236.0,0.3900000000000002
520,6,80.0,431.0,1.0000000000000007
520,7,374.0,230.0,0.3900000000000002
520,2,177.0,216.0,1.6500000000000012
520,10,100.0,200.0,0.0
520,9,612.0454058453981,950.9545941546019,0.0
520,8,285.221163363241,400.221163363241,3.0
520,3,202.0,211.0,0.3900000000000002
520,1,103.0,203.0,0.2800000000000001
521,5,326.04540584539814,132.95459415460184,0.0
521,4,377.0,237.0,0.4000000000000002
521,6,79.0,430.0,1.0100000000000007
521,7,375.0,231.0,0.4000000000000002
521,2,176.17914472136997,215.17914472136997,1.6600000000000013
521,10,100.0,200.0,0.0
521,9,612.0,951.0,0.0
521,8,285.221163363241,400.221163363241,3.0
521,3,201.0,212.0,0.4000000000000002
521,1,104.0,202.0,0.2800000000000001
522,5,326.0,133.0,0.0
522,4,377.0,238.0,0.4100000000000002
522,6,78.0,429.0,1.0200000000000007
522,7,376.0,232.0,0.4100000000000002
522,2,176.0,215.0,1.6700000000000013
522,10,100.0,200.0,0.0
522,9,611.0454058453981,951.9545941546019,0.0
522,8,285.221163363241,400.221163363241,3.0
522,3,200.0,213.0,0.4100000000000002
522,1,103.0,201.0,0.2800000000000001
523,5,325.04540584539814,132.04540584539816,0.0
523,4,377.0,239.0,0.4200000000000002
523,6,77.0,428.0,1.0300000000000007
523,7,377.0,233.0,0.4200000000000002
523,2,175.19421855507537,215.80578144492463,1.6800000000000013
523,10,100.0,200.0,0.0
523,9,611.0,952.0,0.0
523,8,285.221163363241,400.221163363241,3.0
523,3,199.0,212.0,0.4200000000000002
523,1,102.0,200.0,0.2800000000000001
524,5,325.0,132.0,0.0
524,4,377.0,240.0,0.4300000000000002
524,6,76.0,427.0,1.0400000000000007
524,7,377.0,234.0,0.4300000000000002
524,2,175.0,216.0,1.6900000000000013
524,10,100.0,200.0,0.0
524,9,610.0454058453981,952.9545941546019,0.0
524,8,285.221163363241,400.221163363241,3.0
524,3,198.0,212.0,0.4300000000000002
524,1,101.0,200.0,0.2800000000000001
525,5,325.0,131.0,0.0
525,4,377.0,241.0,0.4400000000000002
525,6,75.0,426.0,1.0500000000000007
525,7,377.0,235.0,0.4400000000000002
525,2,174.0,216.0,1.7000000000000013
525,10,100.0,200.0,0.0
525,9,610.0,953.0,0.0
525,8,285.221163363241,400.221163363241,3.0
525,3,197.0,213.0,0.4400000000000002
525,1,100.0,200.0,0.2800000000000001
526,5,325.0,130.0,0.0
526,4,378.0,242.0,0.45000000000000023
526,6,74.0,425.0,1.0600000000000007
526,7,376.0,236.0,0.45000000000000023
526,2,173.0,216.0,1.7100000000000013
526,10,100.0,200.0,0.0
526,9,609.0454058453981,953.9545941546019,0.0
526,8,285.221163363241,400.221163363241,3.0
526,3,196.0,213.0,0.45000000000000023
526,1,100.0,200.0,0.2800000000000001
527,5,324.04540584539814,129.04540584539816,0.0
527,4,379.0,243.0,0.46000000000000024
527,6,73.0,424.0,1.0700000000000007
527,7,377.0,237.0,0.46000000000000024
527,2,172.0,216.0,1.7200000000000013
527,10,100.0,200.0,0.0
527,9,609.0,954.0,0.0
527,8,285.221163363241,400.221163363241,3.0
527,3,195.0,214.0,0.46000000000000024
527,1,100.0,200.0,0.2800000000000001
528,5,324.0,129.0,0.0
528,4,380.0,244.0,0.47000000000000025
528,6,72.0,423.0,1.0800000000000007
528,7,377.0,238.0,0.47000000000000025
528,2,171.23113175988203,215.23113175988203,1.7300000000000013
528,10,100.0,200.0,0.0
528,9,609.0,955.0,0.0
528,8,285.221163363241,400.221163363241,3.0
528,3,194.0,215.0,0.47000000000000025
528,1,100.0,200.0,0.2800000000000001
529,5,323.04540584539814,128.04540584539816,0.0
529,4,381.0,245.0,0.48000000000000026
529,6,73.0,422.0,1.0900000000000007
529,7,377.0,239.0,0.48000000000000026
529,2,171.0,215.0,1.7400000000000013
529,10,100.0,200.0,0.0
529,9,609.0,956.0,0.0
529,8,285.221163363241,400.221163363241,3.0
529,3,193.0,214.0,0.48000000000000026
529,1,100.0,200.0,0.2800000000000001
530,5,323.0,128.0,0.0
530,4,382.0,246.0,0.49000000000000027
530,6,72.0,421.0,1.1000000000000008
530,7,377.0,240.0,0.49000000000000027
530,2,171.0,214.0,1.7500000000000013
530,10,100.0,200.0,0.0
530,9,609.0,957.0,0.0
530,8,285.221163363241,400.221163363241,3.0
530,3,192.0,215.0,0.49000000000000027
530,1,100.0,200.0,0.2800000000000001
531,5,322.0,128.0,0.0
531,4,383.0,247.0,0.5000000000000002
531,6,73.0,420.0,1.1100000000000008
531,7,377.0,241.0,0.5000000000000002
531,2,170.25277097603444,213.25277097603444,1.7600000000000013
531,10,100.0,200.0,0.0
531,9,609.0,958.0,0.0
531,8,285.221163363241,400.221163363241,3.0
531,3,191.0,216.0,0.5000000000000002
531,1,100.0,200.0,0.2800000000000001
532,5,321.04540584539814,127.04540584539816,0.0
532,4,384.0,248.0,0.5100000000000002
532,6,73.0,419.0,1.1200000000000008
532,7,378.0,242.0,0.5100000000000002
532,2,170.0,213.0,1.7700000000000014
532,10,100.0,200.0,0.0
532,9,609.9545941546019,958.9545941546019,0.0
532,8,285.221163363241,400.221163363241,3.0
532,3,190.0,215.0,0.5100000000000002
532,1,100.0,200.0,0.2800000000000001
533,5,321.0,127.0,0.0
533,4,385.0,249.0,0.5200000000000002
533,6,73.0,418.0,1.1300000000000008
533,7,379.0,243.0,0.5200000000000002
533,2,169.26699316205156,212.26699316205156,1.7800000000000014
533,10,100.0,200.0,0.0
533,9,610.0,959.0,0.0
533,8,285.221163363241,400.221163363241,3.0
533,3,189.0,215.0,0.5200000000000002
533,1,100.0,200.0,0.2800000000000001
534,5,320.04540584539814,126.04540584539816,0.0
534,4,385.0,250.0,0.5300000000000002
534,6,73.0,417.0,1.1400000000000008
534,7,380.0,244.0,0.5300000000000002
534,2,169.0,212.0,1.7900000000000014
534,10,100.0,200.0,0.0
534,9,610.0,960.0,0.0
534,8,285.221163363241,400.221163363241,3.0
534,3,188.0,215.0,0.5300000000000002
534,1,100.0,200.0,0.2800000000000001
535,5,320.0,126.0,0.0
535,4,385.0,251.0,0.5400000000000003
535,6,72.0,416.0,1.1500000000000008
535,7,381.0,245.0,0.5400000000000003
535,2,168.0,212.0,1.8000000000000014
535,10,100.0,200.0,0.0
535,9,610.9545941546019,960.9545941546019,0.0
535,8,285.221163363241,400.221163363241,3.0
535,3,187.0,214.0,0.5400000000000003
535,1,100.0,200.0,0.2800000000000001
536,5,319.04540584539814,125.04540584539816,0.0
536,4,385.0,252.0,0.5500000000000003
536,6,71.0,415.0,1.1600000000000008
536,7,382.0,246.0,0.5500000000000003
536,2,167.0,212.0,1.8100000000000014
536,10,100.0,200.0,0.0
536,9,611.0,961.0,0.0
536,8,285.221163363241,400.221163363241,3.0
536,3,186.0,215.0,0.5500000000000003
536,1,100.0,200.0,0.2800000000000001
537,5,319.0,125.0,0.0
537,4,385.0,253.0,0.5600000000000003
537,6,70.0,414.0,1.1700000000000008
537,7,383.0,247.0,0.5600000000000003
537,2,166.29496431473265,211.29496431473265,1.8200000000000014
537,10,100.0,200.0,0.0
537,9,611.0,962.0,0.0
537,8,285.221163363241,400.221163363241,3.0
537,3,185.0,215.0,0.5600000000000003
537,1,100.0,200.0,0.2800000000000001
538,5,318.04540584539814,124.04540584539816,0.0
538,4,385.0,254.0,0.5700000000000003
538,6,69.0,413.0,1.1800000000000008
538,7,384.0,248.0,0.5700000000000003
538,2,166.0,211.0,1.8300000000000014
538,10,100.0,200.0,0.0
538,9,610.0454058453981,962.9545941546019,0.0
538,8,285.221163363241,400.221163363241,3.0
538,3,184.0,215.0,0.5700000000000003
538,1,100.0,200.0,0.2800000000000001
539,5,318.0,124.0,0.0
539,4,385.0,255.0,0.5800000000000003
539,6,68.0,412.0,1.1900000000000008
539,7,385.0,249.0,0.5800000000000003
539,2,165.3087201901286,211.6912798098714,1.8400000000000014
539,10,100.0,200.0,0.0
539,9,610.0,963.0,0.0
539,8,285.221163363241,400.221163363241,3.0
539,3,183.0,216.0,0.5800000000000003
539,1,100.0,200.0,0.2800000000000001
540,5,317.0,124.0,0.0
540,4,385.0,256.0,0.5900000000000003
540,6,67.0,411.0,1.2000000000000008
540,7,385.0,250.0,0.5900000000000003
540,2,165.0,212.0,1.8500000000000014
540,10,100.0,200.0,0.0
540,9,609.0454058453981,963.9545941546019,0.0
540,8,285.221163363241,400.221163363241,3.0
540,3,182.0,217.0,0.5900000000000003
540,1,100.0,200.0,0.2800000000000001
541,5,316.0,124.0,0.0
541,4,385.0,257.0,0.6000000000000003
541,6,66.0,410.0,1.2100000000000009
541,7,385.0,251.0,0.6000000000000003
541,2,164.0416261481507,212.0,1.8600000000000014
541,10,100.0,200.0,0.0
541,9,609.0,964.0,0.0
541,8,285.221163363241,400.221163363241,3.0
541,3,181.0,217.0,0.6000000000000003
541,1,100.0,200.0,0.2800000000000001
542,5,316.0,124.0,0.01
542,4,385.0,257.0,0.6150000000000003
542,6,66.0,410.0,1.2200000000000009
542,7,385.0,251.0,0.6150000000000003
542,2,164.0,212.0,1.8700000000000014
542,10,100.0,200.0,0.01
542,9,609.0,964.0,0.0
542,8,285.221163363241,400.221163363241,3.0
542,3,181.0,217.0,0.6100000000000003
542,1,100.0,200.0,0.2900000000000001
543,5,315.0378731707119,124.9621268292881,0.02
543,4,384.0,256.0,0.6300000000000003
543,6,65.0,409.0,1.2300000000000009
543,7,384.0,252.0,0.6300000000000003
543,2,163.06066376277852,212.0,1.8800000000000014
543,10,100.0,200.0,0.02
543,9,609.0,965.0,0.0
543,8,285.221163363241,400.221163363241,3.0
543,3,180.0,216.0,0.6200000000000003
543,1,100.0,200.0,0.3000000000000001
544,5,315.0,125.0,0.03
544,4,383.0,255.0,0.6450000000000004
544,6,64.0,408.0,1.2400000000000009
544,7,383.0,251.0,0.6450000000000004
544,2,163.0,212.0,1.8900000000000015
544,10,100.0,200.0,0.03
544,9,608.0454058453981,965.9545941546019,0.0
544,8,285.221163363241,400.221163363241,3.0
544,3,179.0,216.0,0.6300000000000003
544,1,100.0,200.0,0.3100000000000001
545,5,315.0,126.0,0.04
545,4,382.0,256.0,0.6600000000000004
545,6,65.0,407.0,1.2500000000000009
545,7,382.0,251.0,0.6600000000000004
545,2,162.34910814950146,211.34910814950146,1.9000000000000015
545,10,100.0,200.0,0.04
545,9,608.0,966.0,0.0
545,8,285.221163363241,400.221163363241,3.0
545,3,178.0,216.0,0.6400000000000003
545,1,100.0,200.0,0.3200000000000001
546,5,314.0264625620329,126.9735374379671,0.05
546,4,381.0,257.0,0.6750000000000004
546,6,64.0,406.0,1.260000000000001
546,7,381.0,252.0,0.6750000000000004
546,2,162.0,211.0,1.9100000000000015
546,10,100.0,200.0,0.05
546,9,607.0454058453981,966.9545941546019,0.0
546,8,285.221163363241,400.221163363241,3.0
546,3,177.0,216.0,0.6500000000000004
546,1,100.0,200.0,0.3300000000000001
547,5,314.0,127.0,0.060000000000000005
547,4,380.0,257.0,0.6900000000000004
547,6,65.0,405.0,1.270000000000001
547,7,380.0,253.0,0.6900000000000004
547,2,161.3622878518178,210.3622878518178,1.9200000000000015
547,10,100.0,200.0,0.060000000000000005
547,9,607.0,967.0,0.0
547,8,285.221163363241,400.221163363241,3.0
547,3,176.0,215.0,0.6600000000000004
547,1,100.0,200.0,0.34000000000000014
548,5,313.018780406449,127.98121959355096,0.07
548,4,379.0,256.0,0.7050000000000004
548,6,65.0,404.0,1.280000000000001
548,7,379.0,253.0,0.7050000000000004
548,2,161.0,210.0,1.9300000000000015
548,10,100.0,200.0,0.07
548,9,606.0454058453981,967.9545941546019,0.0
548,8,285.221163363241,400.221163363241,3.0
548,3,175.0,216.0,0.6700000000000004
548,1,100.0,200.0,0.35000000000000014
549,5,313.0,128.0,0.08
549,4,378.0,256.0,0.7200000000000004
549,6,65.0,403.0,1.290000000000001
549,7,378.0,254.0,0.7200000000000004
549,2,160.11658459207393,210.0,1.9400000000000015
549,10,100.0,200.0,0.08
549,9,606.0,968.0,0.0
549,8,285.221163363241,400.221163363241,3.0
549,3,174.0,216.0,0.6800000000000004
549,1,100.0,200.0,0.36000000000000015
550,5,312.0110376311991,128.9889623688009,0.09
550,4,377.0,257.0,0.7350000000000004
550,6,65.0,402.0,1.300000000000001
550,7,379.0,255.0,0.7350000000000004
550,2,160.0,210.0,1.9500000000000015
550,10,100.0,200.0,0.09
550,9,606.0,969.0,0.0
550,8,285.221163363241,400.221163363241,3.0
550,3,173.0,216.0,0.6900000000000004
550,1,100.0,200.0,0.37000000000000016
551,5,312.0,129.0,0.09999999999999999
551,4,376.0,257.0,0.7500000000000004
551,6,65.0,401.0,1.310000000000001
551,7,378.0,256.0,0.7500000000000004
551,2,159.38824031910943,210.61175968089057,1.9600000000000015
551,10,100.0,200.0,0.09999999999999999
551,9,606.0,970.0,0.0
551,8,285.221163363241,400.221163363241,3.0
551,3,172.0,216.0,0.7000000000000004
551,1,100.0,200.0,0.38000000000000017
552,5,311.00323375793505,129.99676624206498,0.10999999999999999
552,4,375.0,257.0,0.7650000000000003
552,6,64.0,400.0,1.320000000000001
552,7,377.0,257.0,0.7650000000000003
552,2,159.0,211.0,1.9700000000000015
552,10,100.0,200.0,0.10999999999999999
552,9,606.0,971.0,0.0
552,8,285.221163363241,400.221163363241,3.0
552,3,171.0,215.0,0.7100000000000004
552,1,100.0,200.0,0.3900000000000002
553,5,311.0,130.0,0.11999999999999998
553,4,374.0,257.0,0.7800000000000004
553,6,63.0,399.0,1.330000000000001
553,7,376.0,257.0,0.7800000000000004
553,2,158.15291238357747,211.0,1.9800000000000015
553,10,100.0,200.0,0.11999999999999998
553,9,606.0,972.0,0.0
553,8,285.221163363241,400.221163363241,3.0
553,3,171.0,214.0,0.7200000000000004
553,1,100.0,200.0,0.4000000000000002
554,5,310.0,131.0,0.12999999999999998
554,4,373.0,257.0,0.7950000000000004
554,6,62.0,398.0,1.340000000000001
554,7,375.0,257.0,0.7950000000000004
554,2,158.0,211.0,1.9900000000000015
554,10,100.0,200.0,0.12999999999999998
554,9,606.0,973.0,0.0
554,8,285.221163363241,400.221163363241,3.0
554,3,170.0,213.0,0.7300000000000004
554,1,100.0,200.0,0.4100000000000002
555,5,309.0,131.0,0.13999999999999999
555,4,372.0,257.0,0.8100000000000004
555,6,61.0,397.0,1.350000000000001
555,7,374.0,257.0,0.8100000000000004
555,2,157.41366845809915,210.41366845809915,2.0
555,10,100.0,200.0,0.13999999999999999
555,9,606.9545941546019,973.9545941546019,0.0
555,8,285.221163363241,400.221163363241,3.0
555,3,169.0,212.0,0.7400000000000004
555,1,100.0,200.0,0.4200000000000002
556,5,308.0,131.0,0.15
556,4,371.0,257.0,0.8250000000000004
556,6,60.0,396.0,1.360000000000001
556,7,373.0,257.0,0.8250000000000004
556,2,157.0,210.0,2.0
556,10,100.0,200.0,0.15
556,9,607.0,974.0,0.0
556,8,285.221163363241,400.221163363241,3.0
556,3,168.0,212.0,0.7500000000000004
556,1,100.0,200.0,0.4300000000000002
557,5,307.0,130.0,0.16
557,4,370.0,256.0,0.8400000000000004
557,6,59.0,395.0,1.370000000000001
557,7,372.0,257.0,0.8400000000000004
557,2,156.1708019813967,210.0,2.0
557,10,100.0,200.0,0.16
557,9,606.0454058453981,974.9545941546019,0.0
557,8,285.221163363241,400.221163363241,3.0
557,3,167.0,212.0,0.7600000000000005
557,1,100.0,200.0,0.4400000000000002
558,5,306.0,129.0,0.17
558,4,369.0,255.0,0.8550000000000004
558,6,58.0,394.0,1.380000000000001
558,7,371.0,257.0,0.8550000000000004
558,2,156.0,210.0,2.0
558,10,100.0,200.0,0.17
558,9,606.0,975.0,0.0
558,8,285.221163363241,400.221163363241,3.0
558,3,166.0,211.0,0.7700000000000005
558,1,100.0,200.0,0.45000000000000023
559,5,305.0,128.0,0.18000000000000002
559,4,368.0,255.0,0.8700000000000004
559,6,57.0,393.0,1.390000000000001
559,7,370.0,256.0,0.8700000000000004
559,2,155.1708019813967,210.0,2.0
559,10,100.0,200.0,0.18000000000000002
559,9,605.0,975.0,0.0
559,8,285.221163363241,400.221163363241,3.0
559,3,165.0,212.0,0.7800000000000005
559,1,100.0,200.0,0.46000000000000024
560,5,304.0,127.0,0.19000000000000003
560,4,367.0,255.0,0.8850000000000005
560,6,56.0,392.0,1.400000000000001
560,7,369.0,255.0,0.8850000000000005
560,2,155.0,210.0,2.0
560,10,100.0,200.0,0.19000000000000003
560,9,604.0,975.0,0.0
560,8,285.221163363241,400.221163363241,3.0
560,3,164.0,212.0,0.7900000000000005
560,1,100.0,200.0,0.47000000000000025
561,5,303.0,127.0,0.20000000000000004
561,4,366.0,255.0,0.9000000000000005
561,6,57.0,391.0,1.410000000000001
561,7,368.0,255.0,0.9000000000000005
561,2,154.1708019813967,210.0,2.0
561,10,100.0,200.0,0.20000000000000004
561,9,603.0,975.0,0.0
561,8,285.221163363241,400.221163363241,3.0
561,3,163.0,212.0,0.8000000000000005
561,1,100.0,200.0,0.48000000000000026
562,5,302.0,127.0,0.21000000000000005
562,4,365.0,255.0,0.9150000000000005
562,6,57.0,390.0,1.420000000000001
562,7,367.0,255.0,0.9150000000000005
562,2,154.0,210.0,2.0
562,10,100.0,200.0,0.21000000000000005
562,9,602.0454058453981,975.9545941546019,0.0
562,8,285.221163363241,400.221163363241,3.0
562,3,162.0,211.0,0.8100000000000005
562,1,100.0,200.0,0.49000000000000027
563,5,301.0,127.0,0.22000000000000006
563,4,364.0,254.0,0.9300000000000005
563,6,57.0,389.0,1.430000000000001
563,7,366.0,255.0,0.9300000000000005
563,2,153.1708019813967,210.0,2.0
563,10,100.0,200.0,0.22000000000000006
563,9,602.0,976.0,0.0
563,8,285.221163363241,400.221163363241,3.0
563,3,161.0,210.0,0.8200000000000005
563,1,100.0,200.0,0.5000000000000002
564,5,300.0,126.0,0.23000000000000007
564,4,363.0,254.0,0.9450000000000005
564,6,56.00019679104131,388.00019679104133,1.440000000000001
564,7,365.0,255.0,0.9450000000000005
564,2,153.0,210.0,2.0
564,10,100.0,200.0,0.23000000000000007
564,9,601.0,976.0,0.0
564,8,285.221163363241,400.221163363241,3.0
564,3,160.0,210.0,0.8300000000000005
564,1,100.0,200.0,0.5100000000000002
565,5,299.0,126.0,0.24000000000000007
565,4,362.0,253.0,0.9600000000000005
565,6,56.0,388.0,1.450000000000001
565,7,364.0,254.0,0.9600000000000005
565,2,152.41366845809915,209.41366845809915,2.0
565,10,100.0,200.0,0.24000000000000007
565,9,600.0454058453981,976.9545941546019,0.0
565,8,285.221163363241,400.221163363241,3.0
565,3,159.0,211.0,0.8400000000000005
565,1,100.0,200.0,0.5200000000000002
566,5,298.0,125.0,0.25000000000000006
566,4,361.0,253.0,0.9750000000000005
566,6,56.98244224308423,387.0175577569158,1.460000000000001
566,7,363.0,254.0,0.9750000000000005
566,2,152.0,209.0,2.0
566,10,100.0,200.0,0.25000000000000006
566,9,600.0,977.0,0.0
566,8,285.221163363241,400.221163363241,3.0
566,3,158.0,211.0,0.8500000000000005
566,1,100.0,200.0,0.5300000000000002
567,5,297.0,124.0,0.26000000000000006
567,4,360.0,253.0,0.9900000000000005
567,6,57.0,387.0,1.470000000000001
567,7,362.0,253.0,0.9900000000000005
567,2,151.41366845809915,208.41366845809915,2.0
567,10,100.0,200.0,0.26000000000000006
567,9,599.0454058453981,977.9545941546019,0.0
567,8,285.221163363241,400.221163363241,3.0
567,3,157.0,210.0,0.8600000000000005
567,1,100.0,200.0,0.5400000000000003
568,5,296.0,125.0,0.2700000000000001
568,4,359.0,253.0,1.0050000000000006
568,6,57.0,386.0,1.480000000000001
568,7,361.0,253.0,1.0050000000000006
568,2,151.0,208.0,2.0
568,10,100.0,200.0,0.2700000000000001
568,9,599.0,978.0,0.0
568,8,285.221163363241,400.221163363241,3.0
568,3,156.0,210.0,0.8700000000000006
568,1,100.0,200.0,0.5500000000000003
569,5,295.0,124.0,0.2800000000000001
569,4,358.0,252.0,1.0200000000000007
569,6,57.0,385.0,1.490000000000001
569,7,360.0,253.0,1.0200000000000007
569,2,151.0,207.1708019813967,2.0
569,10,100.0,200.0,0.2800000000000001
569,9,599.9545941546019,978.9545941546019,0.0
569,8,285.221163363241,400.221163363241,3.0
569,3,155.0,210.0,0.8800000000000006
569,1,100.0,200.0,0.5600000000000003
570,5,294.0,124.0,0.2900000000000001
570,4,357.0,252.0,1.0350000000000006
570,6,56.051577397322674,384.05157739732266,1.500000000000001
570,7,359.0,253.0,1.0350000000000006
570,2,151.0,207.0,2.0
570,10,100.0,200.0,0.2900000000000001
570,9,600.0,979.0,0.0
570,8,285.221163363241,400.221163363241,3.0
570,3,154.0,210.0,0.8900000000000006
570,1,100.0,200.0,0.5700000000000003
571,5,293.0,123.0,0.3000000000000001
571,4,356.0,252.0,1.0500000000000007
571,6,56.0,384.0,1.5100000000000011
571,7,358.0,252.0,1.0500000000000007
571,2,150.41366845809915,206.41366845809915,2.0
571,10,100.0,200.0,0.3000000000000001
571,9,600.0,980.0,0.0
571,8,285.221163363241,400.221163363241,3.0
571,3,153.0,210.0,0.9000000000000006
571,1,100.0,200.0,0.5800000000000003
572,5,292.0,122.0,0.3100000000000001
572,4,355.0,252.0,1.0650000000000006
572,6,55.06824850290553,383.06824850290553,1.5200000000000011
572,7,357.0,252.0,1.0650000000000006
572,2,150.0,206.0,2.0
572,10,100.0,200.0,0.3100000000000001
572,9,600.0,980.0,0.0
572,8,285.221163363241,400.221163363241,3.0
572,3,152.0,209.0,0.9100000000000006
572,1,100.0,200.0,0.5900000000000003
573,5,291.0,122.0,0.3200000000000001
573,4,354.0,251.0,1.0800000000000007
573,6,55.0,383.0,1.5300000000000011
573,7,356.0,252.0,1.0800000000000007
573,2,149.1708019813967,206.0,2.0
573,10,100.0,200.0,0.3200000000000001
573,9,600.0,980.0,0.0
573,8,285.221163363241,400.221163363241,3.0
573,3,151.0,208.0,0.9200000000000006
573,1,100.0,200.0,0.6000000000000003
574,5,290.0,121.0,0.3300000000000001
574,4,353.0,251.0,1.0950000000000006
574,6,54.084701679292024,382.08470167929204,1.5400000000000011
574,7,355.0,252.0,1.0950000000000006
574,2,149.0,206.0,2.0
574,10,100.0,200.0,0.3300000000000001
574,9,600.0,980.0,0.0
574,8,285.221163363241,400.221163363241,3.0
574,3,151.0,207.0,0.9300000000000006
574,1,100.0,200.0,0.6100000000000003
575,5,289.0,120.0,0.34000000000000014
575,4,352.0,251.0,1.1100000000000008
575,6,54.0,382.0,1.5500000000000012
575,7,354.0,251.0,1.1100000000000008
575,2,148.41366845809915,205.41366845809915,2.0
575,10,100.0,200.0,0.34000000000000014
575,9,600.0,980.0,0.0
575,8,285.221163363241,400.221163363241,3.0
575,3,150.0,206.0,0.9400000000000006
575,1,100.0,200.0,0.6200000000000003
576,5,288.0,119.0,0.35000000000000014
576,4,351.0,251.0,1.1250000000000007
576,6,53.10094255069858,381.10094255069856,1.5600000000000012
576,7,353.0,251.0,1.1250000000000007
576,2,148.0,205.0,2.0
576,10,100.0,200.0,0.35000000000000014
576,9,600.0,980.0,0.0
576,8,285.221163363241,400.221163363241,3.0
576,3,149.0,206.0,0.9500000000000006
576,1,100.0,200.0,0.6300000000000003
577,5,287.0,120.0,0.36000000000000015
577,4,350.0,251.0,1.1400000000000008
577,6,53.0,381.0,1.5700000000000012
577,7,352.0,251.0,1.1400000000000008
577,2,147.1708019813967,205.0,2.0
577,10,100.0,200.0,0.36000000000000015
577,9,600.0,980.0,0.0
577,8,285.221163363241,400.221163363241,3.0
577,3,148.0,205.0,0.9600000000000006
577,1,100.0,200.0,0.6400000000000003
578,5,286.0,120.0,0.37000000000000016
578,4,349.0,251.0,1.1550000000000007
578,6,52.116976526391596,380.1169765263916,1.5800000000000012
578,7,351.0,251.0,1.1550000000000007
578,2,147.0,205.0,2.0
578,10,100.0,200.0,0.37000000000000016
578,9,600.0,980.0,0.0
578,8,285.221163363241,400.221163363241,3.0
578,3,147.0,205.0,0.9700000000000006
578,1,100.0,200.0,0.6500000000000004
579,5,285.0,120.0,0.38000000000000017
579,4,348.0,250.0,1.1700000000000008
579,6,52.0,380.0,1.5900000000000012
579,7,350.0,251.0,1.1700000000000008
579,2,146.41366845809915,204.41366845809915,2.0
579,10,100.0,200.0,0.38000000000000017
579,9,600.0,980.0,0.0
579,8,285.221163363241,400.221163363241,3.0
579,3,146.0,204.0,0.9800000000000006
579,1,100.0,200.0,0.6600000000000004
580,5,284.0,119.0,0.3900000000000002
580,4,347.0,250.0,1.1850000000000007
580,6,51.13280881150322,379.1328088115032,1.6000000000000012
580,7,349.0,251.0,1.1850000000000007
580,2,146.0,204.0,2.0
580,10,100.0,200.0,0.3900000000000002
580,9,600.0,980.0,0.0
580,8,285.221163363241,400.221163363241,3.0
580,3,145.0,205.0,0.9900000000000007
580,1,100.0,200.0,0.6700000000000004
581,5,283.0,119.0,0.4000000000000002
581,4,346.0,250.0,1.2000000000000008
581,6,51.0,379.0,1.6100000000000012
581,7,348.0,250.0,1.2000000000000008
581,2,145.41366845809915,204.58633154190085,2.0
581,10,100.0,200.0,0.4000000000000002
581,9,600.0,980.0,0.0
581,8,285.221163363241,400.221163363241,3.0
581,3,144.0,205.0,1.0000000000000007
581,1,100.0,200.0,0.6800000000000004
582,5,282.0,119.0,0.4100000000000002
582,4,345.0,250.0,1.2150000000000007
582,6,50.14844441717534,378.14844441717537,1.6200000000000012
582,7,347.0,250.0,1.2150000000000007
582,2,145.0,205.0,2.0
582,10,100.0,200.0,0.4100000000000002
582,9,600.0,980.0,0.0
582,8,285.221163363241,400.221163363241,3.0
582,3,143.0,205.0,1.0100000000000007
582,1,100.0,200.0,0.6900000000000004
583,5,281.0,119.0,0.4200000000000002
583,4,344.0,250.0,1.2300000000000009
583,6,50.0,378.0,1.6300000000000012
583,7,346.0,250.0,1.2300000000000009
583,2,144.1708019813967,205.0,2.0
583,10,100.0,200.0,0.4200000000000002
583,9,600.0,980.0,0.0
583,8,285.221163363241,400.221163363241,3.0
583,3,142.0,206.0,1.0200000000000007
583,1,100.0,200.0,0.7000000000000004
584,5,280.0,119.0,0.4300000000000002
584,4,343.0,250.0,1.2450000000000008
584,6,49.163888170081215,377.16388817008124,1.6400000000000012
584,7,345.0,250.0,1.2450000000000008
584,2,144.0,205.0,2.0
584,10,100.0,200.0,0.4300000000000002
584,9,600.0,980.0,0.0
584,8,285.221163363241,400.221163363241,3.0
584,3,141.0,207.0,1.0300000000000007
584,1,100.0,200.0,0.7100000000000004
585,5,279.0,118.0,0.4400000000000002
585,4,342.0,250.0,1.260000000000001
585,6,49.0,377.0,1.6500000000000012
585,7,344.0,250.0,1.260000000000001
585,2,143.1708019813967,205.0,2.0
585,10,100.0,200.0,0.4400000000000002
585,9,600.0,980.0,0.0
585,8,285.221163363241,400.221163363241,3.0
585,3,140.0,207.0,1.0400000000000007
585,1,100.0,200.0,0.7200000000000004
586,5,278.0,117.0,0.45000000000000023
586,4,341.0,250.0,1.2750000000000008
586,6,49.0,376.0,1.6600000000000013
586,7,343.0,250.0,1.2750000000000008
586,2,143.0,205.0,2.0
586,10,100.0,200.0,0.45000000000000023
586,9,600.0,980.0,0.0
586,8,285.221163363241,400.221163363241,3.0
586,3,139.0,206.0,1.0500000000000007
586,1,100.0,200.0,0.7300000000000004
587,5,277.0,117.0,0.46000000000000024
587,4,340.0,250.0,1.290000000000001
587,6,49.81329579602316,375.18670420397683,1.6700000000000013
587,7,342.0,250.0,1.290000000000001
587,2,142.41366845809915,205.58633154190085,2.0
587,10,100.0,200.0,0.46000000000000024
587,9,600.0,980.0,0.0
587,8,285.221163363241,400.221163363241,3.0
587,3,138.0,205.0,1.0600000000000007
587,1,100.0,200.0,0.7400000000000004
588,5,276.0,117.0,0.47000000000000025
588,4,339.0,250.0,1.3050000000000008
588,6,50.0,375.0,1.6800000000000013
588,7,341.0,250.0,1.3050000000000008
588,2,142.0,206.0,2.0
588,10,100.0,200.0,0.47000000000000025
588,9,600.0,980.0,0.0
588,8,285.221163363241,400.221163363241,3.0
588,3,137.0,206.0,1.0700000000000007
588,1,100.0,200.0,0.7500000000000004
589,5,275.0,118.0,0.48000000000000026
589,4,338.0,250.0,1.320000000000001
589,6,50.798311689644144,374.20168831035585,1.6900000000000013
589,7,340.0,250.0,1.320000000000001
589,2,141.41366845809915,206.58633154190085,2.0
589,10,100.0,200.0,0.48000000000000026
589,9,600.0,980.0,0.0
589,8,285.221163363241,400.221163363241,3.0
589,3,136.0,205.0,1.0800000000000007
589,1,100.0,200.0,0.7600000000000005
590,5,274.0,119.0,0.49000000000000027
590,4,337.0,250.0,1.3350000000000009
590,6,51.0,374.0,1.7000000000000013
590,7,339.0,250.0,1.3350000000000009
590,2,141.0,207.0,2.0
590,10,100.0,200.0,0.49000000000000027
590,9,600.0,980.0,0.0
590,8,285.221163363241,400.221163363241,3.0
590,3,135.0,204.0,1.0900000000000007
590,1,100.0,200.0,0.7700000000000005
591,5,273.0,119.0,0.5000000000000002
591,4,336.0,249.0,1.350000000000001
591,6,51.78350387096044,373.21649612903957,1.7100000000000013
591,7,338.0,250.0,1.350000000000001
591,2,140.1708019813967,207.0,2.0
591,10,100.0,200.0,0.5000000000000002
591,9,600.0,980.0,0.0
591,8,285.221163363241,400.221163363241,3.0
591,3,134.0,203.0,1.1000000000000008
591,1,100.0,200.0,0.7800000000000005
592,5,272.0,119.0,0.5100000000000002
592,4,335.0,249.0,1.3650000000000009
592,6,52.0,373.0,1.7200000000000013
592,7,337.0,250.0,1.3650000000000009
592,2,140.0,207.0,2.0
592,10,100.0,200.0,0.5100000000000002
592,9,600.0,980.0,0.0
592,8,285.221163363241,400.221163363241,3.0
592,3,133.0,204.0,1.1100000000000008
592,1,100.0,200.0,0.7900000000000005
593,5,271.0,119.0,0.5200000000000002
593,4,334.0,249.0,1.3800000000000008
593,6,52.76886824011796,372.23113175988203,1.7300000000000013
593,7,336.0,249.0,1.3800000000000008
593,2,139.41366845809915,206.41366845809915,2.0
593,10,100.0,200.0,0.5200000000000002
593,9,600.0,980.0,0.0
593,8,285.221163363241,400.221163363241,3.0
593,3,132.0,205.0,1.1200000000000008
593,1,100.0,200.0,0.8000000000000005
594,5,270.0,119.0,0.5300000000000002
594,4,333.0,249.0,1.395000000000001
594,6,53.0,372.0,1.7400000000000013
594,7,335.0,249.0,1.395000000000001
594,2,139.0,206.0,2.0
594,10,100.0,200.0,0.5300000000000002
594,9,600.0,980.0,0.0
594,8,285.221163363241,400.221163363241,3.0
594,3,131.0,205.0,1.1300000000000008
594,1,100.0,200.0,0.8100000000000005
595,5,269.0,120.0,0.5400000000000003
595,4,332.0,249.0,1.410000000000001
595,6,53.75440083864327,371.2455991613567,1.7500000000000013
595,7,334.0,249.0,1.410000000000001
595,2,138.41366845809915,205.41366845809915,2.0
595,10,100.0,200.0,0.5400000000000003
595,9,600.0,980.0,0.0
595,8,285.221163363241,400.221163363241,3.0
595,3,130.0,205.0,1.1400000000000008
595,1,100.0,200.0,0.8200000000000005
596,5,268.0,121.0,0.5500000000000003
596,4,331.0,249.0,1.425000000000001
596,6,54.0,371.0,1.7600000000000013
596,7,333.0,249.0,1.425000000000001
596,2,138.0,205.0,2.0
596,10,100.0,200.0,0.5500000000000003
596,9,600.0,980.0,0.0
596,8,285.221163363241,400.221163363241,3.0
596,3,129.0,205.0,1.1500000000000008
596,1,100.0,200.0,0.8300000000000005
597,5,267.0,122.0,0.5600000000000003
597,4,330.0,249.0,1.4400000000000008
597,6,54.74009784301677,370.25990215698323,1.7700000000000014
597,7,332.0,249.0,1.4400000000000008
597,2,137.41366845809915,205.58633154190085,2.0
597,10,100.0,200.0,0.5600000000000003
597,9,600.0,980.0,0.0
597,8,285.221163363241,400.221163363241,3.0
597,3,128.0,206.0,1.1600000000000008
597,1,100.0,200.0,0.8400000000000005
598,5,266.0,123.0,0.5700000000000003
598,4,329.0,249.0,1.455000000000001
598,6,55.0,370.0,1.7800000000000014
598,7,331.0,249.0,1.455000000000001
598,2,137.0,206.0,2.0
598,10,100.0,200.0,0.5700000000000003
598,9,600.0,980.0,0.0
598,8,285.221163363241,400.221163363241,3.0
598,3,127.0,206.0,1.1700000000000008
598,1,100.0,200.0,0.8500000000000005
599,5,267.0,124.0,0.5800000000000003
599,4,328.0,249.0,1.470000000000001
599,6,55.72595555860707,369.2740444413929,1.7900000000000014
599,7,330.0,249.0,1.470000000000001
599,2,136.41366845809915,205.41366845809915,2.0
599,10,100.0,200.0,0.5800000000000003
599,9,600.0,980.0,0.0
599,8,285.221163363241,400.221163363241,3.0
599,3,126.0,207.0,1.1800000000000008
599,1,100.0,200.0,0.8600000000000005
600,5,266.0,125.0,0.5900000000000003
600,4,327.0,249.0,1.485000000000001
600,6,56.0,369.0,1.8000000000000014
600,7,329.0,249.0,1.485000000000001
600,2,136.0,205.0,2.0
600,10,100.0,200.0,0.5900000000000003
600,9,600.0,980.0,0.0
600,8,285.221163363241,400.221163363241,3.0
600,3,125.0,207.0,1.1900000000000008
600,1,100.0,200.0,0.8700000000000006
