step,agent_id,x,y,toxicload
1,2,450.57309251587725,480.2807224523682,0.0
1,3,460.04540584539814,449.95459415460186,0.0
1,1,407.04540584539814,494.9545941546018,0.0
2,2,449.7088456795462,481.2911543204538,0.0
2,3,459.0870527542965,450.0870527542965,0.01
2,1,406.09081169079633,495.90918830920367,0.0
3,2,450.2457484750557,482.2457484750557,0.0
3,3,457.9695651562524,449.5,0.02
3,1,404.98553390593275,496.5,0.0
4,2,450.5,483.4904340451697,0.0
4,3,456.8661172787486,450.1338827212514,0.03
4,1,403.63553390593273,496.5,0.0
5,2,450.25927677811376,484.74072322188624,0.0
5,3,455.8963983346576,449.8963983346576,0.04
5,1,402.6412427893639,497.35875721063616,0.0
6,2,449.3046826235119,485.6953173764881,0.0
6,3,454.9228608966905,450.0771391033095,0.05
6,1,401.3937554159486,497.60624458405147,0.0
7,2,448.64991153108997,486.64991153108997,0.0
7,3,453.94548992863963,451.05451007136037,0.060000000000000005
7,1,400.4391612613467,498.5608387386533,0.0
8,2,449.39549431430817,487.60450568569183,0.0
8,3,452.96427033508866,452.03572966491134,0.07
8,1,399.5,499.52182540694804,0.0
9,2,448.4164202043226,488.5,0.0
9,3,451.7634591370395,452.5,0.08
9,1,399.7629202666704,500.7629202666704,0.0
10,2,447.19341278629105,488.80658721370895,0.0
10,3,450.69733137356525,451.69733137356525,0.09
10,1,400.7175144212722,501.71751442127226,0.0
11,2,446.5,489.8693662333043,0.0
11,3,449.70447473542794,452.29552526457206,0.09999999999999999
11,1,401.32789142412594,502.67210857587406,0.0
12,2,445.99133125827393,491.00866874172607,0.0
12,3,448.707708493363,453.292291506637,0.10999999999999999
12,1,400.5,503.6791847198287,0.0
13,2,445.96326289632793,491.9632628963279,0.0
13,3,447.70701725239564,452.70701725239564,0.11999999999999998
13,1,400.8741901038912,504.8741901038912,0.0
14,2,446.08214294907026,492.91785705092974,0.0
14,3,446.70238555692987,453.29761444307013,0.12999999999999998
14,1,401.82878425849304,505.828784258493,0.0
15,2,445.1275487944684,493.87245120553155,0.0
15,3,445.6937978905096,454.3062021094904,0.13999999999999999
15,1,402.5,506.9007575950825,0.0
16,2,444.1729546398666,494.8270453601334,0.0
16,3,444.68123867557915,455.31876132442085,0.15
16,1,401.9691342134899,508.03086578651016,0.0
17,2,443.2183604852647,495.7816395147352,0.0
17,3,443.66469227324257,456.33530772675743,0.16
17,1,401.5,509.18654403270943,0.0
18,2,442.2637663306629,496.2637663306629,0.0
18,3,442.28963539913775,456.5,0.17
18,1,402.2329473145273,510.23294731452734,0.0
19,2,441.3091721760611,495.69082782393883,0.0
19,3,441.03378860498896,456.96621139501104,0.18000000000000002
19,1,403.18754146912914,511.18754146912914,0.0
20,2,440.3545780214593,496.6454219785407,0.0
20,3,440.005186190027,457.994813809973,0.19000000000000003
20,1,404.142135623731,512.142135623731,0.0
21,2,439.3999838668575,497.60001613314256,0.0
21,3,438.9725334138276,459.0274665861724,0.20000000000000004
21,1,405.0967297783328,513.0967297783328,0.0
22,2,438.44538971225563,498.55461028774437,0.0
22,3,437.93581432715126,458.93581432715126,0.21000000000000005
22,1,404.9486760670653,514.0513239329347,0.0
23,2,437.4907955576538,499.4907955576539,0.0
23,3,436.8950129179548,459.1049870820452,0.22000000000000006
23,1,404.5,515.215476220844,0.0
24,2,436.536201403052,498.536201403052,0.0
24,3,435.85011311114374,458.85011311114374,0.23000000000000007
24,1,405.25340546095185,516.2534054609519,0.0
25,2,435.2011965151731,498.5,0.0
25,3,434.51160439940514,458.5,0.24000000000000007
25,1,404.7920003844463,517.2079996155537,0.0
26,2,434.04122665622145,498.9587733437786,0.0
26,3,433.4364459054067,459.5,0.25000000000000006
26,1,404.5,518.4370490960979,0.0
27,2,432.9154100775462,499.50000000000006,0.0
27,3,432.10487516546516,459.89512483453484,0.26000000000000006
27,1,405.41008114357084,519.4100811435709,0.0
28,2,431.8391451282043,500.1608548717957,0.0
28,3,431.0434197475192,460.9565802524808,0.2700000000000001
28,1,406.3646752981727,520.3646752981728,0.0
29,2,430.8845509736025,501.1154490263976,0.0
29,3,429.7614759016621,461.5,0.2800000000000001
29,1,407.31926945277456,521.3192694527746,0.0
30,2,429.92995681900067,500.92995681900067,0.0
30,3,428.6150600514315,462.3849399485685,0.2900000000000001
30,1,406.7261363926236,522.2738636073765,0.0
31,2,428.97536266439886,501.0246373356012,0.0
31,3,427.5410160099946,463.4589839900054,0.3000000000000001
31,1,407.2284577619783,523.2284577619783,0.0
32,2,428.020768509797,501.979231490203,0.0
32,3,426.4627426703473,462.5372573296527,0.3100000000000001
32,1,407.5,524.4659812842326,0.0
33,2,427.06617435519513,502.93382564480487,0.0
33,3,425.5,463.6693897223764,0.3200000000000001
33,1,407.7234325088089,525.723432508809,0.0
34,2,426.11158020059327,503.8884197994067,0.0
34,3,425.00054819664837,464.99945180335163,0.3300000000000001
34,1,408.6780266634108,526.6780266634108,0.0
35,2,425.15698604599146,504.84301395400854,0.0
35,3,423.66488819088534,465.5,0.34000000000000014
35,1,409.5,527.6875541594865,0.0
36,2,424.20239189138965,505.2023918913896,0.0
36,3,422.52123582989424,464.52123582989424,0.35000000000000014
36,1,409.8801081914279,528.8801081914279,0.0
37,2,423.14333213890416,504.49999999999994,0.0
37,3,421.4215648760675,465.5784351239325,0.36000000000000015
37,1,410.83470234602976,529.8347023460298,0.0
38,2,422.00031036337253,504.9996896366274,0.0
38,3,420.2419961273865,466.5,0.37000000000000016
38,1,411.5,530.9091270347403,0.0
39,2,421.0457162087707,505.9542837912293,0.0
39,3,418.9163220679766,467.0836779320234,0.38000000000000017
39,1,412.03678387404693,532.0367838740469,0.0
40,2,420.09112205416886,506.9088779458311,0.0
40,3,417.80360926296373,468.19639073703627,0.3900000000000002
40,1,412.5,533.1949134723673,0.0
41,2,419.13652789956706,507.86347210043294,0.0
41,3,416.34955832817144,468.5,0.4000000000000002
41,1,412.5317586208775,534.5317586208776,0.0
42,2,418.18193374496525,508.1819337449653,0.0
42,3,414.7635274496599,468.5,0.4100000000000002
42,1,413.48635277547936,535.4863527754794,0.0
43,2,417.22733959036344,507.77266040963656,0.0
43,3,413.2675394982371,468.7324605017629,0.4200000000000002
43,1,413.73384014889467,536.7338401488947,0.0
44,2,416.27274543576164,508.7272545642384,0.0
44,3,412.13719663875906,469.86280336124094,0.4300000000000002
44,1,414.5,537.7664863476211,0.0
45,2,415.24282707551595,509.5,0.0
45,3,410.79629127897175,470.5,0.4400000000000002
45,1,414.93592167691185,538.9359216769118,0.0
46,2,413.8928270755159,509.5,0.0
46,3,409.57024721048884,471.42975278951116,0.45000000000000023
46,1,416.052272785248,539.5,0.0
47,2,412.5428270755159,509.5,0.0
47,3,408.4264987378942,472.5735012621058,0.46000000000000024
47,1,417.13800320492896,540.138003204929,0.0
48,2,411.2827959421004,509.7172040578996,0.0
48,3,407.2782464896798,473.2782464896798,0.47000000000000025
48,1,417.5,541.3380592228749,0.0
49,2,410.3282017874986,510.67179821250147,0.0
49,3,406.1254727311818,472.8745272688182,0.48000000000000026
49,1,418.3400847329461,542.340084732946,0.0
50,2,409.3736076328967,511.6263923671033,0.0
50,3,404.9681596579017,472.9681596579017,0.49000000000000027
50,1,417.7053211124521,543.2946788875479,0.0
51,2,408.3854677626352,512.5,0.0
51,3,403.80628939523194,473.19371060476806,0.5000000000000002
51,1,417.5421662609632,544.5421662609632,0.0
52,2,407.1715261048796,512.8284738951204,0.0
52,3,402.63984399817934,474.36015600182066,0.5100000000000002
52,1,418.49676041556506,545.4967604155651,0.0
53,2,406.21693195027774,513.7830680497223,0.0
53,3,401.47339860112675,475.52660139887325,0.5100000000000002
53,1,419.4513545701669,546.4513545701669,0.0
54,2,405.2623377956759,514.7376622043241,0.0
54,3,400.30695320407415,476.30695320407415,0.5100000000000002
54,1,419.30115805641776,547.6988419435822,0.0
55,2,404.307743641074,515.692256358926,0.0
55,3,398.99160126512265,475.5,0.5100000000000002
55,1,418.6534360981841,548.6534360981841,0.0
56,2,403.64685051352785,516.6468505135279,0.0
56,3,397.68116919115556,476.31883080884444,0.5100000000000002
56,1,419.60803025278597,549.608030252786,0.0
57,2,404.5,517.6434644254995,0.0
57,3,396.51472379410296,477.48527620589704,0.5100000000000002
57,1,420.56262440738783,550.5626244073878,0.0
58,2,404.848932041545,518.848932041545,0.0
58,3,395.2854332514037,478.5,0.5100000000000002
58,1,421.5,551.5243507238904,0.0
59,2,405.8035261961469,519.8035261961469,0.0
59,3,393.8889397811844,479.1110602188156,0.5100000000000002
59,1,421.764705935405,552.764705935405,0.0
60,2,406.75812035074875,520.7581203507488,0.0
60,3,392.7224943841318,480.2775056158682,0.5100000000000002
60,1,422.5,553.8101371615173,0.0
61,2,407.2872854946494,521.7127145053506,0.0
61,3,391.26315576826573,480.73684423173427,0.5100000000000002
61,1,422.5,555.1601371615174,0.0
62,2,406.6673086599525,522.6673086599525,0.0
62,3,390.5,482.07033766259474,0.5100000000000002
62,1,423.21427483683743,556.2142748368375,0.0
63,2,407.5,523.6723966136342,0.0
63,3,391.36262824465285,483.36262824465285,0.5100000000000002
63,1,422.8311310085607,557.1688689914394,0.0
64,2,407.5,525.0223966136342,0.0
64,3,390.52907364170545,484.52907364170545,0.5100000000000002
64,1,423.12346314604116,558.1234631460412,0.0
65,2,408.1168775613849,526.116877561385,0.0
65,3,391.69551903875805,485.69551903875805,0.5100000000000002
65,1,424.078057300643,559.0780573006431,0.0
66,2,409.0714717159868,527.0714717159868,0.0
66,3,392.86196443581065,486.86196443581065,0.5100000000000002
66,1,425.0326514552449,560.032651455245,0.0
67,2,409.5,528.2439694888881,0.0
67,3,393.5,488.2472843521265,0.5100000000000002
67,1,425.98724560984675,560.9872456098468,0.0
68,2,410.27355324400395,529.2735532440039,0.0
68,3,393.78064166754274,489.78064166754274,0.5100000000000002
68,1,426.9418397644486,561.9418397644487,0.0
69,2,411.22814739860576,530.2281473986058,0.0
69,3,394.94708706459534,490.9470870645953,0.5100000000000002
69,1,427.5,563.0606422249059,0.0
70,2,411.5,531.4655423641418,0.0
70,3,396.1135324616479,492.1135324616479,0.5100000000000002
70,1,428.1439212924658,564.1439212924657,0.0
71,2,412.4302289266229,532.4302289266228,0.0
71,3,396.5728710775139,493.57287107751387,0.5100000000000002
71,1,429.0985154470676,565.0985154470676,0.0
72,2,412.5,533.7513288017688,0.0
72,3,397.5,494.8384446040312,0.5100000000000002
72,1,429.5,566.2822151001596,0.0
73,2,412.92520367345344,534.9252036734534,0.0
73,3,398.1986550904325,496.1986550904325,0.5100000000000002
73,1,430.3005969750847,567.3005969750847,0.0
74,2,413.5,536.0371152393956,0.0
74,3,397.63489951251495,497.3651004874851,0.5100000000000002
74,1,429.7448088703135,568.2551911296865,0.0
75,2,414.12728520147056,537.1272852014705,0.0
75,3,398.53154588453765,498.53154588453765,0.5100000000000002
75,1,428.7902147157116,569.2097852842884,0.0
76,2,414.5,538.3229016770225,0.0
76,3,399.5,499.78000195565653,0.5100000000000002
76,1,428.5,570.4395744130404,0.0
77,2,415.3293667294877,539.3293667294877,0.0
77,3,400.15732989745624,501.1573298974563,0.5100000000000002
77,1,429.41186681230556,571.4118668123056,0.0
78,2,416.576854102903,539.576854102903,0.0
78,3,401.32377529450883,502.32377529450883,0.5100000000000002
78,1,430.3664609669074,572.3664609669074,0.0
79,2,417.5,540.5444745522764,0.0
79,3,400.50977930843857,503.49022069156143,0.5100000000000002
79,1,431.3210551215093,571.6789448784907,0.0
80,2,417.77893563092016,541.7789356309202,0.0
80,3,400.9495593074275,504.9495593074275,0.5100000000000002
80,1,432.27564927611115,572.2756492761112,0.0
81,2,418.266470214478,542.733529785522,0.0
81,3,402.1160047044801,506.11600470448,0.5100000000000002
81,1,433.52313664952646,572.5231366495265,0.0
82,2,417.5,543.7660474275302,0.0
82,3,402.57534332034606,507.57534332034606,0.5100000000000002
82,1,434.4777308041283,573.4777308041283,0.0
83,2,417.93561131353914,544.9356113135392,0.0
83,3,403.5,508.841940883374,0.5100000000000002
83,1,435.4323249587302,572.5676750412698,0.0
84,2,418.890205468141,545.8902054681411,0.0
84,3,404.20112733326465,510.2011273332647,0.5100000000000002
84,1,436.6798123321455,572.3201876678545,0.0
85,2,419.5,546.9876203027841,0.0
85,3,405.36757273031725,511.36757273031725,0.5100000000000002
85,1,437.63440648674737,571.3655935132526,0.0
86,2,418.9077130038418,548.0922869961581,0.0
86,3,406.5,512.5481088970929,0.5100000000000002
86,1,438.58900064134923,570.5890006413492,0.0
87,2,419.04688115076,549.04688115076,0.0
87,3,406.00664325676416,513.9933567432358,0.5100000000000002
87,1,439.5435947959511,571.5435947959511,0.0
88,2,420.00147530536185,550.0014753053619,0.0
88,3,404.84019785971157,515.1598021402884,0.5100000000000002
88,1,440.49818895055296,572.498188950553,0.0
89,2,420.9560694599637,550.9560694599637,0.0
89,3,405.32624753734103,516.326247537341,0.5100000000000002
89,1,439.5472168948452,573.4527831051548,0.0
90,2,421.5,552.0807660532918,0.0
90,3,404.50730706560637,517.4926929343936,0.5100000000000002
90,1,440.4073772597567,574.4073772597567,0.0
91,2,422.15815098798083,553.1581509879809,0.0
91,3,404.9520315502597,518.9520315502597,0.5100000000000002
91,1,441.36197141435855,575.3619714143585,0.0
92,2,422.5,554.3665524909187,0.0
92,3,406.1184769473123,520.1184769473123,0.5100000000000002
92,1,442.3165655689604,576.3165655689604,0.0
93,2,422.65312573481145,555.6531257348115,0.0
93,3,407.2849223443649,521.2849223443649,0.5100000000000002
93,1,443.2711597235623,577.2711597235623,0.0
94,2,423.3922801105867,556.6077198894134,0.0
94,3,408.45136774141747,522.4513677414175,0.5100000000000002
94,1,444.22575387816414,578.2257538781641,0.0
95,2,422.5623140440152,557.5623140440152,0.0
95,3,407.5,523.6666129382501,0.5100000000000002
95,1,444.5,579.4621574150715,0.0
96,2,423.51690819861705,558.5169081986171,0.0
96,3,407.5,525.3162158385295,0.5100000000000002
96,1,443.57216459381874,580.4278354061813,0.0
97,2,424.4715023532189,559.471502353219,0.0
97,3,408.5364903702021,526.536490370202,0.5100000000000002
97,1,444.3824295607831,581.3824295607832,0.0
98,2,425.4260965078208,560.4260965078208,0.0
98,3,409.5,527.7869945143422,0.5100000000000002
98,1,445.337023715385,582.337023715385,0.0
99,2,426.38069066242264,561.3806906624227,0.0
99,3,410.1622743831207,529.1622743831207,0.5100000000000002
99,1,446.29161786998685,583.2916178699869,0.0
100,2,427.3352848170245,562.3352848170246,0.0
100,3,411.3287197801733,530.3287197801733,0.5100000000000002
100,1,446.53910524340216,584.5391052434022,0.0
101,2,427.5,563.6170575543073,0.0
101,3,411.78805839603933,531.7880583960393,0.5100000000000002
101,1,447.493699398004,585.4936993980041,0.0
102,2,427.5,564.9670575543073,0.0
102,3,412.5,533.1427654283406,0.5100000000000002
102,1,446.5517064473941,586.448293552606,0.0
103,2,428.0777469372704,566.0777469372704,0.0
103,3,412.70673562777137,534.7067356277714,0.5100000000000002
103,1,446.6957809260212,587.6957809260213,0.0
104,2,428.5,567.2528439919342,0.0
104,3,413.5,536.0277576665263,0.5100000000000002
104,1,447.34962491937694,588.6503750806231,0.0
105,2,429.27982846528755,568.2798284652876,0.0
105,3,414.33251964068995,537.33251964069,0.5100000000000002
105,1,446.6049692352249,589.604969235225,0.0
106,2,428.7655773801106,569.2344226198894,0.0
106,3,414.791858256556,538.791858256556,0.5100000000000002
106,1,447.58423535371395,590.5,0.0
107,2,428.5,570.4744168671881,0.0
107,3,416.14813924261836,539.5,0.5100000000000002
107,1,448.80705076324205,590.807050763242,0.0
108,2,429.43650414790653,571.4365041479066,0.0
108,3,417.4176422694746,540.4176422694745,0.5100000000000002
108,1,449.5,591.8700217913408,0.0
109,2,430.3910983025084,572.3910983025085,0.0
109,3,417.8769808853406,541.8769808853406,0.5100000000000002
109,1,448.99086770874084,593.0091322912592,0.0
110,2,431.34569245711026,571.6543075428897,0.0
110,3,417.95657371760683,543.0434262823932,0.5100000000000002
110,1,448.963726445861,593.9637264458611,0.0
111,2,432.3002866117121,572.3002866117122,0.0
111,3,417.5027648982592,544.5027648982592,0.5100000000000002
111,1,449.9183206004629,594.918320600463,0.0
112,2,433.54777398512744,572.5477739851275,0.0
112,3,418.6692102953118,545.6692102953118,0.5100000000000002
112,1,450.5,596.0273811042216,0.0
113,2,434.5023681397293,573.4976318602706,0.0
113,3,419.5,546.9746888324295,0.5100000000000002
113,1,451.12040212848,597.12040212848,0.0
114,2,435.45696229433116,572.5430377056688,0.0
114,3,418.70500569176954,548.2949943082305,0.5100000000000002
114,1,452.0749962830819,598.0749962830819,0.0
115,2,436.7044496677465,572.2955503322535,0.0
115,3,419.46143970528306,549.461439705283,0.5100000000000002
115,1,451.97040956231626,599.0295904376837,0.0
116,2,437.65904382234834,571.3409561776516,0.0
116,3,420.62788510233565,550.6278851023357,0.5100000000000002
116,1,451.9841845922856,599.9841845922856,0.0
117,2,438.6136379769502,570.6136379769503,0.0
117,3,421.5,551.9162461840549,0.5100000000000002
117,1,452.5,601.1205268547293,0.0
118,2,439.56823213155207,571.5682321315521,0.0
118,3,422.25366911525424,553.2536691152543,0.5100000000000002
118,1,453.1862661203027,602.1862661203028,0.0
119,2,440.47717371384607,572.522826286154,0.0
119,3,422.5,554.8012384222407,0.5100000000000002
119,1,452.8591397250954,603.1408602749046,0.0
120,2,439.5225795592442,573.4774204407558,0.0
120,3,423.17234634698633,556.1723463469864,0.5100000000000002
120,1,453.09545442950645,604.0954544295065,0.0
121,2,440.43201459535766,574.4320145953577,0.0
121,3,422.66120825596107,557.338791744039,0.5100000000000002
121,1,454.0500485841083,605.0500485841084,0.0
122,2,441.3866087499595,575.3866087499596,0.0
122,3,423.5052371410915,558.5052371410916,0.5100000000000002
122,1,455.0046427387102,606.0046427387102,0.0
123,2,442.3412029045614,576.3412029045614,0.0
123,3,424.6716825381441,559.6716825381442,0.5100000000000002
123,1,455.5,607.149459042864,0.0
124,2,443.29579705916325,577.2957970591633,0.0
124,3,425.8381279351967,560.8381279351968,0.5100000000000002
124,1,455.5,608.499459042864,0.0
125,2,444.2503912137651,578.2503912137652,0.0
125,3,427.0045733322493,562.0045733322494,0.5100000000000002
125,1,455.7471048589561,609.7471048589562,0.0
126,2,444.5,579.4969998692192,0.0
126,3,427.5,563.4489637875852,0.5100000000000002
126,1,456.70169901355797,610.701699013558,0.0
127,2,443.5475272582177,580.4524727417822,0.0
127,3,428.63035734516797,564.630357345168,0.5100000000000002
127,1,457.65629316815983,611.6562931681599,0.0
128,2,444.4070668963841,581.4070668963841,0.0
128,3,429.5,565.9197424633978,0.5100000000000002
128,1,458.5,612.6568183557448,0.0
129,2,443.63833894901404,582.361661050986,0.0
129,3,428.74385864191345,567.2561413580866,0.5100000000000002
129,1,458.14162530382305,613.858374696177,0.0
130,2,444.3162552055878,583.3162552055878,0.0
130,3,429.42258675513915,568.4225867551392,0.5100000000000002
130,1,457.49999999999994,614.9426047933716,0.0
131,2,444.56374257900313,584.5637425790031,0.0
131,3,428.5,569.6259104771168,0.5100000000000002
131,1,458.060456224194,616.060456224194,0.0
132,2,445.5,585.5259320573538,0.0
132,3,429.04837076805774,571.0483707680578,0.5100000000000002
132,1,459.2283912309985,616.5,0.0
133,2,445.76582410702025,586.7658241070203,0.0
133,3,430.21481616511034,572.2148161651104,0.5100000000000002
133,1,460.26253775221113,617.2625377522112,0.0
134,2,446.7204182616221,587.7204182616222,0.0
134,3,431.38126156216293,571.618738437837,0.5100000000000002
134,1,461.217131906813,618.2171319068129,0.0
135,2,447.324987583776,588.675012416224,0.0
135,3,432.56746782874217,572.5,0.5100000000000002
135,1,462.1717260614148,619.1717260614148,0.0
136,2,446.62960657082584,589.6296065708259,0.0
136,3,434.0070455750815,573.0070455750815,0.5100000000000002
136,1,462.49999999999994,620.3857505438792,0.0
137,2,447.6190778078615,590.5,0.0
137,3,435.1734909721341,572.8265090278659,0.5100000000000002
137,1,461.626192410568,621.373807589432,0.0
138,2,448.831688098843,590.831688098843,0.0
138,3,436.63282958800016,572.3671704119998,0.5100000000000002
138,1,461.62129496284734,622.6212949628473,0.0
139,2,449.5,591.9048642454884,0.0
139,3,437.79927498505276,571.2007250149472,0.5100000000000002
139,1,462.49999999999994,623.6073234191332,0.0
140,2,448.96623037313987,593.0337696268601,0.0
140,3,438.96572038210536,570.9657203821054,0.5100000000000002
140,1,462.82337649086446,624.8233764908645,0.0
141,2,448.988363781462,593.988363781462,0.0
141,3,440.13216577915796,572.132165779158,0.5100000000000002
141,1,463.7779706454663,625.7779706454663,0.0
142,2,449.94295793606386,594.9429579360639,0.0
142,3,439.70138882378944,573.2986111762106,0.5100000000000002
142,1,464.7325648000682,626.7325648000682,0.0
143,2,450.5,596.0622235583692,0.0
143,3,440.46505657326315,574.4650565732632,0.5100000000000002
143,1,465.50000000000006,627.7646827320139,0.0
144,2,451.145039464081,597.1450394640809,0.0
144,3,441.63150197031575,575.6315019703158,0.5100000000000002
144,1,465.9346463280853,628.9346463280853,0.0
145,2,452.0996336186828,598.0996336186828,0.0
145,3,442.79794736736835,576.7979473673684,0.5100000000000002
145,1,466.49999999999994,630.0504691696408,0.0
146,2,451.94577222671535,599.0542277732847,0.0
146,3,443.96439276442095,577.964392764421,0.5100000000000002
146,1,467.13672785610237,631.1367278561024,0.0
147,2,452.0088219278865,600.0088219278865,0.0
147,3,444.5,579.3921398836184,0.5100000000000002
147,1,466.90867798929565,632.0913220107043,0.0
148,2,452.5,601.1553693088769,0.0
148,3,443.59017677733954,580.5901767773396,0.5100000000000002
148,1,466.49999999999994,633.2720420448946,0.0
149,2,453.21090345590363,602.2109034559037,0.0
149,3,444.24337782560787,581.7566221743922,0.5100000000000002
149,1,467.29340353872135,634.2934035387215,0.0
150,2,452.8345023894945,603.1654976105056,0.0
150,3,443.92306757144473,582.9230675714448,0.5100000000000002
150,1,466.7520023066767,635.2479976933233,0.0
151,2,453.12009176510736,604.1200917651074,0.0
151,3,444.5,584.3336972352438,0.5100000000000002
151,1,466.49999999999994,636.4936149201485,0.0
152,2,454.0746859197092,605.0746859197093,0.0
152,3,445.5,585.5690865731501,0.5100000000000002
152,1,467.4500792213404,637.4500792213404,0.0
153,2,455.0292800743111,606.0292800743111,0.0
153,3,446.0081902002294,587.0081902002294,0.5100000000000002
153,1,468.40467337594225,638.4046733759423,0.0
154,2,455.5,607.1843014970116,0.0
154,3,447.17463559728196,588.174635597282,0.5100000000000002
154,1,468.65216074935756,639.6521607493576,0.0
155,2,455.5,608.5343014970116,0.0
155,3,446.65891900566544,589.3410809943346,0.5100000000000002
155,1,469.6067549039594,640.6067549039594,0.0
156,2,455.771742194557,609.7717421945571,0.0
156,3,447.5106439247754,590.5,0.5100000000000002
156,1,470.4386509414388,641.5613490585613,0.0
157,2,456.7263363491589,610.7263363491589,0.0
157,3,448.96686500725315,590.9668650072532,0.5100000000000002
157,1,469.5159432131631,642.515943213163,0.0
158,2,457.68093050376075,611.6809305037608,0.0
158,3,449.5,592.3956361629612,0.5100000000000002
158,1,470.47053736776496,643.4705373677649,0.0
159,2,458.5,612.6916608098924,0.0
159,3,448.5926490201718,593.5926490201717,0.5100000000000002
159,1,470.7180247411802,644.7180247411802,0.0
160,2,458.1169879682221,613.8830120317779,0.0
160,3,449.75909441722433,594.7590944172243,0.5100000000000002
160,1,471.672618895782,645.6726188957821,0.0
161,2,457.49999999999994,614.9774472475192,0.0
161,3,450.5,596.1018041766802,0.5100000000000002
161,1,472.6272130503839,646.627213050384,0.0
162,2,458.0850935597949,616.0850935597949,0.0
162,3,451.384878430143,597.384878430143,0.5100000000000002
162,1,473.58180720498575,647.5818072049858,0.0
163,2,459.263233685146,616.5,0.0
163,3,452.4486761728044,598.5513238271956,0.5100000000000002
163,1,474.5364013595876,648.5364013595877,0.0
164,2,460.28717508781205,617.287175087812,0.0
164,3,451.7177692242482,599.7177692242482,0.5100000000000002
164,1,475.49099551418954,649.4909955141894,0.0
165,2,461.24176924241385,618.2417692424139,0.0
165,3,452.5,601.0433615283056,0.5100000000000002
165,1,475.7384828876048,650.7384828876047,0.0
166,2,462.19636339701566,619.1963633970157,0.0
166,3,453.3435532371668,602.3435532371668,0.5100000000000002
166,1,476.6930770422066,651.6930770422066,0.0
167,2,462.49999999999994,620.4205929980267,0.0
167,3,452.5099986342194,603.5099986342194,0.5100000000000002
167,1,477.5,652.7088386092984,0.0
168,2,461.60155507496717,621.3984449250329,0.0
168,3,453.676444031272,604.676444031272,0.5100000000000002
168,1,477.5,654.0588386092984,0.0
169,2,462.35303907963475,622.3530390796348,0.0
169,3,454.8428894283246,605.8428894283246,0.5100000000000002
169,1,477.5,655.4088386092984,0.0
170,2,462.49999999999994,623.6421658732806,0.0
170,3,455.5,607.2203082178373,0.5100000000000002
170,1,476.6098666829456,656.3901333170543,0.0
171,2,462.8480138264653,624.8480138264654,0.0
171,3,455.5,608.8699111181168,0.5100000000000002
171,1,477.3447274716561,657.3447274716561,0.0
172,2,463.8026079810672,625.8026079810672,0.0
172,3,456.2209052759227,610.2209052759226,0.5100000000000002
172,1,478.29932162625795,658.299321626258,0.0
173,2,464.75720213566905,626.757202135669,0.0
173,3,457.38735067297523,611.3873506729752,0.5100000000000002
173,1,478.54680899967326,659.5468089996733,0.0
174,2,465.50000000000006,627.7995251861613,0.0
174,3,458.5,612.5760791318357,0.5100000000000002
174,1,479.5,660.501984359806,0.0
175,2,465.95928366368616,628.9592836636862,0.0
175,3,457.9868653141061,614.0131346858939,0.5100000000000002
175,1,479.74889052769043,661.7488905276904,0.0
176,2,466.49999999999994,630.0853116237884,0.0
176,3,457.49999999999994,615.4610713700215,0.5100000000000002
176,1,480.50000000000006,662.7877707974328,0.0
177,2,467.1613651917033,631.1613651917033,0.0
177,3,458.69646070792777,616.5,0.5100000000000002
177,1,480.50000000000006,664.1377707974328,0.0
178,2,466.88404065369474,632.1159593463052,0.0
178,3,460.09825731467845,617.0982573146784,0.5100000000000002
178,1,481.1984594291228,665.1984594291229,0.0
179,2,466.49999999999994,633.3068844990422,0.0
179,3,461.26470271173105,618.264702711731,0.5100000000000002
179,1,482.15305358372467,666.1530535837247,0.0
180,2,467.3180408743223,634.3180408743224,0.0
180,3,462.4311481087836,619.4311481087836,0.5100000000000002
180,1,483.10764773832653,667.1076477383266,0.0
181,2,466.7273649710757,635.2726350289242,0.0
181,3,462.1095132753503,620.8904867246497,0.5100000000000002
181,1,482.9377581070716,668.0622418929285,0.0
182,2,466.5201224023395,636.5201224023396,0.0
182,3,461.50000000000006,622.2876209598326,0.5100000000000002
182,1,482.5,669.2309165479406,0.0
183,2,467.47471655694136,637.4747165569414,0.0
183,3,462.49999999999994,623.523010297739,0.5100000000000002
183,1,483.2643234209456,670.2643234209456,0.0
184,2,468.4293107115432,638.4293107115433,0.0
184,3,462.9756093534344,624.9756093534344,0.5100000000000002
184,1,484.21891757554744,671.2189175755474,0.0
185,2,468.67679808495853,639.6767980849586,0.0
185,3,464.142054750487,626.142054750487,0.5100000000000002
185,1,484.50000000000006,672.4524894231944,0.0
186,2,469.6313922395604,640.6313922395603,0.0
186,3,465.3085001475396,627.3085001475396,0.5100000000000002
186,1,484.713892322378,673.713892322378,0.0
187,2,470.41401360583785,641.5859863941622,0.0
187,3,465.7678387634056,628.7678387634056,0.5100000000000002
187,1,485.6684864769798,674.6684864769799,0.0
188,2,469.540580548764,642.5405805487641,0.0
188,3,466.49999999999994,630.1141705496439,0.5100000000000002
188,1,486.6230806315817,675.6230806315817,0.0
189,2,470.49517470336593,643.4951747033658,0.0
189,3,467.3936227763242,631.3936227763243,0.5100000000000002
189,1,487.57767478618354,676.5776747861836,0.0
190,2,470.7426620767812,644.7426620767811,0.0
190,3,466.49999999999994,632.5849492254565,0.5100000000000002
190,1,488.4677310592146,677.5322689407855,0.0
191,2,471.697256231383,645.697256231383,0.0
191,3,467.0194067892428,634.0194067892429,0.5100000000000002
191,1,487.51313690461274,678.4868630953873,0.0
192,2,472.65185038598486,646.6518503859849,0.0
192,3,466.8141478137045,635.1858521862955,0.5100000000000002
192,1,488.4414572499891,679.4414572499892,0.0
193,2,473.6064445405867,647.6064445405867,0.0
193,3,466.64519080216144,636.6451908021616,0.5100000000000002
193,1,489.39605140459105,680.3960514045909,0.0
194,2,474.5610386951886,648.5610386951886,0.0
194,3,467.81163619921404,637.811636199214,0.5100000000000002
194,1,488.64935444080726,681.3506455591928,0.0
195,2,475.50000000000006,649.5221081881921,0.0
195,3,468.5,639.1761094773613,0.5100000000000002
195,1,489.3052397137946,682.3052397137945,0.0
196,2,475.7631202232057,650.7631202232056,0.0
196,3,469.4374202121327,640.4374202121327,0.5100000000000002
196,1,490.2598338683964,683.2598338683964,0.0
197,2,476.7177143778075,651.7177143778075,0.0
197,3,470.39613439081484,641.6038656091852,0.5100000000000002
197,1,490.4926787581882,684.5073212418117,0.0
198,2,477.5,652.7436810634459,0.0
198,3,469.77031100623776,642.7703110062378,0.5100000000000002
198,1,489.5380846035864,685.4619153964136,0.0
199,2,477.5,654.093681063446,0.0
199,3,470.50000000000006,644.1176668289864,0.5100000000000002
199,1,489.70940276982896,686.7094027698289,0.0
200,2,477.5,655.443681063446,0.0
200,3,471.39609501915635,645.3960950191564,0.5100000000000002
200,1,490.49999999999994,687.7319266747176,0.0
201,2,476.5852293473447,656.4147706526553,0.0
201,3,472.56254041620895,646.562540416209,0.5100000000000002
201,1,490.9114842978461,688.9114842978461,0.0
202,2,477.36936480725706,657.369364807257,0.0
202,3,473.72898581326154,647.7289858132616,0.5100000000000002
202,1,491.86607845244794,689.8660784524479,0.0
203,2,478.3239589618589,658.3239589618589,0.0
203,3,474.89543121031414,648.8954312103141,0.5100000000000002
203,1,492.5,690.9534995499713,0.0
204,2,478.57144633527423,659.5714463352742,0.0
204,3,475.50000000000006,650.2946135185181,0.5100000000000002
204,1,493.06815998046505,692.068159980465,0.0
205,2,479.5,660.5368268139536,0.0
205,3,476.5212152232327,651.5212152232327,0.5100000000000002
205,1,494.02275413506686,693.0227541350669,0.0
206,2,479.77352786329135,661.7735278632913,0.0
206,3,477.5,652.7653921943307,0.5100000000000002
206,1,494.0226517103314,693.9773482896686,0.0
207,2,480.50000000000006,662.8226132515804,0.0
207,3,477.5,654.4149950946102,0.5100000000000002
207,1,493.9319424442705,694.9319424442705,0.0
208,2,480.50000000000006,664.1726132515804,0.0
208,3,477.10076892916925,655.8992310708308,0.5100000000000002
208,1,494.50000000000006,696.0466453004788,0.0
209,2,481.2230967647237,665.2230967647238,0.0
209,3,477.06567646788324,657.0656764678832,0.5100000000000002
209,1,494.50000000000006,697.3966453004788,0.0
210,2,482.1776909193256,666.1776909193256,0.0
210,3,478.23212186493583,658.2321218649358,0.5100000000000002
210,1,495.3815113457029,698.381511345703,0.0
211,2,482.5,667.3941861268343,0.0
211,3,478.6914604808019,659.6914604808019,0.5100000000000002
211,1,496.33610550030477,699.3361055003048,0.0
212,2,483.3797724473427,668.3797724473427,0.0
212,3,479.5,661.0061553465148,0.5100000000000002
212,1,497.29069965490663,700.2906996549067,0.0
213,2,484.33436660194457,669.3343666019446,0.0
213,3,480.31724449372047,662.3172444937204,0.5100000000000002
213,1,496.7547061904915,701.2452938095086,0.0
214,2,485.2889607565464,670.2889607565464,0.0
214,3,479.51631010922705,663.483689890773,0.5100000000000002
214,1,497.19988796411036,702.1998879641104,0.0
215,2,484.7564450888517,671.2435549111483,0.0
215,3,480.65013528782555,664.6501352878255,0.5100000000000002
215,1,498.1544821187122,703.1544821187123,0.0
216,2,484.50000000000006,672.487331877342,0.0
216,3,481.8165806848781,665.8165806848781,0.5100000000000002
216,1,499.1090762733141,704.109076273314,0.0
217,2,484.7385296579789,673.7385296579789,0.0
217,3,482.9830260819307,666.9830260819307,0.5100000000000002
217,1,500.0636704279159,705.0636704279159,0.0
218,2,485.6931238125807,674.6931238125808,0.0
218,3,482.8505285210167,668.1494714789833,0.5100000000000002
218,1,501.0182645825177,706.0182645825178,0.0
219,2,486.6477179671826,675.6477179671826,0.0
219,3,482.60881009484933,669.6088100948493,0.5100000000000002
219,1,501.02714126288043,706.9728587371195,0.0
220,2,487.60231212178445,676.6023121217845,0.0
220,3,483.77525549190193,670.7752554919019,0.5100000000000002
220,1,500.49999999999994,708.104509676748,0.0
221,2,488.4430937236137,677.5569062763864,0.0
221,3,484.50000000000006,672.1246593876717,0.5100000000000002
221,1,501.1749402651366,709.1749402651367,0.0
222,2,487.5115004309882,678.5115004309882,0.0
222,3,484.693932723634,673.693932723634,0.5100000000000002
222,1,502.1295344197385,710.1295344197385,0.0
223,2,488.46609458559004,679.4660945855901,0.0
223,3,485.86037812068656,674.8603781206866,0.5100000000000002
223,1,502.5,711.3260825520018,0.0
224,2,489.42068874019196,680.4206887401918,0.0
224,3,487.02682351773916,676.0268235177392,0.5100000000000002
224,1,501.66838405224433,712.3316159477557,0.0
225,2,488.6247171052063,681.3752828947937,0.0
225,3,488.19326891479176,677.1932689147918,0.5100000000000002
225,1,502.28621010235753,713.2862101023576,0.0
226,2,489.3298770493956,682.3298770493956,0.0
226,3,487.64028568815564,678.3597143118444,0.5100000000000002
226,1,502.5,714.5476554272557,0.0
227,2,490.2844712039974,683.2844712039974,0.0
227,3,488.52615970889696,679.526159708897,0.5100000000000002
227,1,502.78118484918815,715.7811848491881,0.0
228,2,490.4680414225872,684.5319585774128,0.0
228,3,489.3073948940505,680.6926051059495,0.5100000000000002
228,1,503.50000000000006,716.8334418648825,0.0
229,2,489.5134472679854,685.4865527320146,0.0
229,3,488.8590505030021,681.8590505030021,0.5100000000000002
229,1,503.50000000000006,718.1834418648825,0.0
230,2,489.73404010543,686.7340401054299,0.0
230,3,490.0254959000547,683.0254959000547,0.5100000000000002
230,1,504.2307537506205,719.2307537506206,0.0
231,2,490.49999999999994,687.7667691288652,0.0
231,3,490.49999999999994,684.4785527667352,0.5100000000000002
231,1,505.1853479052224,720.1853479052224,0.0
232,2,490.9361216334471,688.9361216334471,0.0
232,3,489.50000000000006,685.7139421046417,0.5100000000000002
232,1,506.13994205982425,721.1399420598243,0.0
233,2,491.89071578804896,689.890715788049,0.0
233,3,490.1106185288395,687.1106185288395,0.5100000000000002
233,1,507.0945362144261,722.0945362144262,0.0
234,2,492.5,690.9883420041191,0.0
234,3,490.5699571447055,688.5699571447055,0.5100000000000002
234,1,507.5,723.2765876153903,0.0
235,2,493.09279731606614,692.0927973160661,0.0
235,3,491.7364025417581,689.7364025417581,0.5100000000000002
235,1,506.7033822575567,724.2966177424432,0.0
236,2,494.047391470668,693.047391470668,0.0
236,3,492.5,691.0697130186401,0.5100000000000002
236,1,507.2512118970451,725.2512118970451,0.0
237,2,493.99801437473025,694.0019856252698,0.0
237,3,493.36218655467667,692.3621865546767,0.5100000000000002
237,1,506.79419394835304,726.205806051647,0.0
238,2,493.9565797798716,694.9565797798716,0.0
238,3,494.47136804827085,693.5286319517293,0.5100000000000002
238,1,507.1604002062488,727.1604002062488,0.0
239,2,494.50000000000006,696.0814877546267,0.0
239,3,493.6950773487818,694.6950773487818,0.5100000000000002
239,1,508.36973336589796,727.5,0.0
240,2,494.50000000000006,697.4314877546267,0.0
240,3,494.50000000000006,696.0112703702653,0.5100000000000002
240,1,509.6553749530794,727.6553749530794,0.0
241,2,495.40614868130405,698.4061486813041,0.0
241,3,494.61375458051384,697.6137545805138,0.5100000000000002
241,1,510.39003089231875,728.6099691076813,0.0
242,2,496.3607428359059,699.360742835906,0.0
242,3,495.7801999775664,698.7801999775664,0.5100000000000002
242,1,509.49999999999994,729.5913062411518,0.0
243,2,497.3153369905078,700.3153369905078,0.0
243,3,496.946645374619,699.946645374619,0.5100000000000002
243,1,509.8120506356983,730.8120506356984,0.0
244,2,496.73006885489036,701.2699311451097,0.0
244,3,496.8869092283284,701.1130907716716,0.5100000000000002
244,1,510.5,731.8770926787787,0.0
245,2,497.2245252997115,702.2245252997116,0.0
245,3,497.2795361687242,702.2795361687242,0.5100000000000002
245,1,509.98586783628446,733.0141321637155,0.0
246,2,498.17911945431337,703.1791194543134,0.0
246,3,498.4459815657768,703.4459815657768,0.5100000000000002
246,1,509.9687263183173,733.9687263183173,0.0
247,2,499.13371360891523,704.1337136089152,0.0
247,3,499.6124269628294,704.6124269628293,0.5100000000000002
247,1,510.92332047291916,734.9233204729192,0.0
248,2,500.08830776351704,705.088307763517,0.0
248,3,500.7788723598819,705.7788723598819,0.5100000000000002
248,1,511.877914627521,735.877914627521,0.0
249,2,501.04290191811884,706.0429019181189,0.0
249,3,501.0546822430655,706.9453177569345,0.5100000000000002
249,1,512.9702384292863,736.5,0.0
250,2,501.0025039272793,706.9974960727207,0.0
250,3,500.49999999999994,708.3651637493286,0.5100000000000002
250,1,514.0799961555381,737.0799961555381,0.0
251,2,500.49999999999994,708.1393521308958,0.0
251,3,501.57110176985304,709.571101769853,0.5100000000000002
251,1,515.03459031014,738.03459031014,0.0
252,2,501.1995776007377,709.1995776007377,0.0
252,3,502.5,710.8359424251412,0.5100000000000002
252,1,515.0108155352582,738.9891844647418,0.0
253,2,502.1541717553396,710.1541717553396,0.0
253,3,501.80311421722837,712.1968857827716,0.5100000000000002
253,1,514.0562213806563,739.9437786193437,0.0
254,2,503.10876590994144,711.1087659099414,0.0
254,3,502.3633311798242,713.3633311798242,0.5100000000000002
254,1,513.1016272260545,740.8983727739455,0.0
255,2,503.50000000000006,712.2967114437764,0.0
255,3,502.5,714.9563240012333,0.5100000000000002
255,1,512.1470330714526,741.8529669285474,0.0
256,2,502.6891525620415,713.3108474379585,0.0
256,3,503.28200841155626,716.2820084115563,0.5100000000000002
256,1,511.19243891685073,742.1924389168507,0.0
257,2,502.5,714.5824978814032,0.0
257,3,503.50000000000006,717.841316239419,0.5100000000000002
257,1,510.23784476224887,741.7621552377511,0.0
258,2,502.80582218478906,715.805822184789,0.0
258,3,504.20068564328835,719.2006856432884,0.5100000000000002
258,1,509.283250607647,742.716749392353,0.0
259,2,503.50000000000006,716.8682843190301,0.0
259,3,505.3671310403409,720.367131040341,0.5100000000000002
259,1,508.2576836320714,743.5,0.0
260,2,503.50000000000006,718.2182843190301,0.0
260,3,506.5335764373935,721.5335764373935,0.5100000000000002
260,1,506.9076836320714,743.5,0.0
261,2,504.25539108622144,719.2553910862215,0.0
261,3,507.5,722.7828735910444,0.5100000000000002
261,1,505.55768363207136,743.5,0.0
262,2,505.2099852408233,720.2099852408234,0.0
262,3,506.84063954968786,724.1593604503122,0.5100000000000002
262,1,504.58619433279927,744.4138056672007,0.0
263,2,506.16457939542516,721.1645793954252,0.0
263,3,507.32580584736473,725.3258058473648,0.5100000000000002
263,1,503.338706959384,744.6612930406161,0.0
264,2,507.119173550027,722.1191735500271,0.0
264,3,506.50774875558267,726.4922512444174,0.5100000000000002
264,1,502.3841128047821,745.6158871952179,0.0
265,2,507.5,723.3114300695379,0.0
265,3,507.7244309426698,727.5,0.5100000000000002
265,1,501.4003243191906,746.5,0.0
266,2,506.6787449219558,724.3212550780443,0.0
266,3,509.37403384294925,727.5,0.5100000000000002
266,1,500.05032431919057,746.5,0.0
267,2,507.27584923264607,725.2758492326461,0.0
267,3,510.42262612679804,728.577373873202,0.5100000000000002
267,1,498.93454390334966,747.0654560966503,0.0
268,2,506.76955661275207,726.230443387248,0.0
268,3,509.49999999999994,729.8448125187618,0.5100000000000002
268,1,497.7645378815636,747.5,0.0
269,2,507.1850375418498,727.1850375418499,0.0
269,3,510.2031578861205,731.2031578861205,0.5100000000000002
269,1,496.73246237533255,748.2675376246675,0.0
270,2,508.40457582004564,727.5,0.0
270,3,510.33750349801346,732.6624965019865,0.5100000000000002
270,1,495.7778682207307,749.2221317792693,0.0
271,2,509.68001228868036,727.6800122886805,0.0
271,3,509.828941899039,733.828941899039,0.5100000000000002
271,1,494.8232740661289,748.8232740661289,0.0
272,2,510.3653935567177,728.6346064432822,0.0
272,3,510.9953872960916,734.9953872960916,0.5100000000000002
272,1,493.60717856868297,748.5,0.0
273,2,509.49999999999994,729.6261486952994,0.0
273,3,512.1618326931442,736.1618326931442,0.5100000000000002
273,1,492.62119253811176,747.6211925381117,0.0
274,2,509.8366879712993,730.8366879712994,0.0
274,3,513.6211713090103,736.6211713090103,0.5100000000000002
274,1,491.6665983835099,748.3334016164902,0.0
275,2,510.5,731.9119351329263,0.0
275,3,514.5,737.9067514464791,0.5100000000000002
275,1,490.71200422890803,749.2879957710919,0.0
276,2,509.96123050068354,733.0387694993165,0.0
276,3,513.7530446780712,739.2469553219288,0.5100000000000002
276,1,490.4645168554927,750.5354831445072,0.0
277,2,509.9933636539182,733.9933636539182,0.0
277,3,513.2937060622052,740.7062939377948,0.5100000000000002
277,1,489.5099227008909,751.4900772991091,0.0
278,2,510.9479578085201,734.9479578085201,0.0
278,3,512.1272606651526,741.8727393348474,0.5100000000000002
278,1,488.26243532747566,751.7375646725244,0.0
279,2,511.90255196312194,735.9025519631219,0.0
279,3,510.96081526809996,741.9608152681,0.5100000000000002
279,1,487.3078411728738,752.3078411728737,0.0
280,2,513.0050808834338,736.5,0.0
280,3,509.79436987104737,742.2056301289526,0.5100000000000002
280,1,486.35324701827193,751.646752981728,0.0
281,2,514.104633491139,737.104633491139,0.0
281,3,508.6279244739948,743.3720755260052,0.5100000000000002
281,1,485.3986528636701,752.3986528636701,0.0
282,2,514.5,738.2908673210607,0.0
282,3,507.0313096258035,743.5,0.5100000000000002
282,1,484.4440587090683,751.5559412909317,0.0
283,2,513.6932849808438,739.3067150191562,0.0
283,3,505.4163540234493,743.5836459765507,0.5100000000000002
283,1,483.48946455446645,752.5105354455336,0.0
284,2,513.4457976074285,740.5542023925715,0.0
284,3,504.1463173876177,744.5,0.5100000000000002
284,1,482.5348703998646,753.4651296001355,0.0
285,2,512.4912034528267,741.5087965471733,0.0
285,3,502.7905700105307,745.2094299894693,0.5100000000000002
285,1,481.58027624526267,754.4197237547372,0.0
286,2,511.5366092982248,742.4633907017752,0.0
286,3,501.6241246134781,746.3758753865219,0.5100000000000002
286,1,480.3327888718474,754.6672111281526,0.0
287,2,510.5820151436229,741.5820151436229,0.0
287,3,500.02593581152564,746.5,0.5100000000000002
287,1,479.37819471724555,755.6218052827545,0.0
288,2,509.62742098902106,742.3725790109789,0.0
288,3,498.70544738174607,747.294552618254,0.5100000000000002
288,1,478.39195487953305,756.5,0.0
289,2,508.67282683441925,743.3271731655808,0.0
289,3,497.24610876588,747.75389123412,0.5100000000000002
289,1,477.1761131892284,756.8238868107716,0.0
290,2,507.3944140531777,743.5,0.0
290,3,496.0796633688274,748.9203366311725,0.5100000000000002
290,1,476.1061684419061,757.5,0.0
291,2,506.04441405317766,743.5,0.0
291,3,494.9132179717749,748.9132179717749,0.5100000000000002
291,1,474.7561684419061,757.5,0.0
292,2,504.9303647141733,744.0696352858266,0.0
292,3,493.4538793559089,748.4538793559088,0.5100000000000002
292,1,473.72654428779595,758.273455712204,0.0
293,2,503.7586276155508,744.5,0.0
293,3,492.2874339588563,747.7125660411438,0.5100000000000002
293,1,472.47905691438064,758.5209430856194,0.0
294,2,502.7282831861562,745.2717168138438,0.0
294,3,491.1209885618037,748.8790114381962,0.5100000000000002
294,1,471.52446275977877,759.4755372402212,0.0
295,2,501.77368903155434,746.2263109684457,0.0
295,3,490.49999999999994,750.271392454098,0.5100000000000002
295,1,470.56986860517696,758.5698686051769,0.0
296,2,500.5370547402969,746.5,0.0
296,3,489.4932182079957,751.5,0.5100000000000002
296,1,469.6152744505751,759.384725549425,0.0
297,2,499.2787142847238,746.7212857152763,0.0
297,3,488.0358659330191,751.9641340669808,0.5100000000000002
297,1,468.66068029597324,758.6606802959732,0.0
298,2,498.25126830267,747.5,0.0
298,3,486.8694205359666,751.8694205359666,0.5100000000000002
298,1,467.4131929225579,758.586807077442,0.0
299,2,497.0766327567066,747.9233672432933,0.0
299,3,485.702975138914,752.297024861086,0.5100000000000002
299,1,466.45859876795606,759.5414012320439,0.0
300,2,496.1220386021048,748.8779613978952,0.0
300,3,484.53652974186144,751.5365297418614,0.5100000000000002
300,1,465.50400461335425,760.4959953866457,0.0
301,2,495.16744444750293,749.1674444475029,0.0
301,3,483.37008434480884,752.6299156551912,0.5100000000000002
301,1,464.5494104587524,761.4505895412476,0.0
302,2,494.09390898978927,748.5,0.0
302,3,482.20363894775625,753.7963610522437,0.5100000000000002
302,1,463.2198769408907,761.5,0.0
303,2,492.9653629194858,747.9653629194858,0.0
303,3,480.8454928426514,754.5,0.5100000000000002
303,1,461.86987694089066,761.5,0.0
304,2,492.01076876488395,747.9892312351161,0.0
304,3,479.57785493483766,755.4221450651623,0.5100000000000002
304,1,460.80694833850646,762.1930516614935,0.0
305,2,491.0561746102821,748.9438253897179,0.0
305,3,478.37471416683877,756.5,0.5100000000000002
305,1,459.8523541839046,761.8523541839046,0.0
306,2,490.49999999999994,750.0634503230914,0.0
306,3,476.9520709219191,757.0479290780809,0.5100000000000002
306,1,458.89776002930273,762.1022399706973,0.0
307,2,489.854093082265,751.145906917735,0.0
307,3,475.48972192865307,757.5,0.5100000000000002
307,1,457.71251762800983,762.5,0.0
308,2,488.6507632392817,751.5,0.0
308,3,474.03339369018704,757.966606309813,0.5100000000000002
308,1,456.6956785012856,763.3043214987144,0.0
309,2,487.6520115542479,752.3479884457521,0.0
309,3,472.6047296904673,758.5,0.5100000000000002
309,1,455.74108434668375,764.2589156533163,0.0
310,2,486.69741739964604,751.697417399646,0.0
310,3,471.4076096772684,759.4076096772684,0.5100000000000002
310,1,454.7864901920819,765.2135098079182,0.0
311,2,485.7428232450442,752.2571767549558,0.0
311,3,470.24116428021586,758.7588357197842,0.5100000000000002
311,1,453.55515831512906,765.5,0.0
312,2,484.78822909044237,751.7882290904423,0.0
312,3,469.07471888316326,759.0747188831632,0.5100000000000002
312,1,452.58440866406477,766.4155913359352,0.0
313,2,483.8336349358405,752.1663650641595,0.0
313,3,467.66317233884195,758.5,0.5100000000000002
313,1,451.6298145094629,765.6298145094629,0.0
314,2,482.87904078123864,753.1209592187614,0.0
314,3,466.4489348702446,759.5510651297553,0.5100000000000002
314,1,450.67522035486104,766.324779645139,0.0
315,2,481.9244466266368,754.0755533733632,0.0
315,3,465.2824894731921,760.7175105268079,0.5100000000000002
315,1,449.7206262002592,767.2793737997408,0.0
316,2,480.7502581758933,754.5,0.0
316,3,463.95700432512297,761.5,0.5100000000000002
316,1,448.7660320456573,768.2339679543427,0.0
317,2,479.72236509861966,755.2776349013803,0.0
317,3,462.30740142484353,761.5,0.5100000000000002
317,1,447.81143789105545,769.1885621089446,0.0
318,2,478.7677709440178,756.2322290559822,0.0
318,3,460.904473625594,762.0955263744061,0.5100000000000002
318,1,446.5904396893675,769.5,0.0
319,2,477.52868530063944,756.5,0.0
319,3,459.7380282285414,761.7380282285413,0.5100000000000002
319,1,445.60935636303833,770.3906436369617,0.0
320,2,476.5656894160007,757.4343105839993,0.0
320,3,458.5715828314888,762.4284171685113,0.5100000000000002
320,1,446.34523779156353,771.3452377915636,0.0
321,2,475.24289886301256,757.5,0.0
321,3,457.11224421562275,762.8877557843772,0.5100000000000002
321,1,446.5,772.6311331858864,0.0
322,2,474.0707146691701,757.9292853308299,0.0
322,3,455.9457988185702,764.0542011814298,0.5100000000000002
322,1,446.84021253839416,773.8402125383941,0.0
323,2,472.9571124253857,758.5,0.0
323,3,454.7793534215176,765.2206465784824,0.5100000000000002
323,1,447.79480669299596,774.794806692996,0.0
324,2,471.868633141153,759.131366858847,0.0
324,3,453.32001480565157,765.6799851943484,0.5100000000000002
324,1,448.7494008475978,775.7494008475978,0.0
325,2,470.9140389865512,758.9140389865512,0.0
325,3,452.15356940859897,766.153569408599,0.5100000000000002
325,1,449.5,776.7884924987671,0.0
326,2,469.9594448319494,759.0405551680507,0.0
326,3,450.98712401154637,766.0128759884536,0.5100000000000002
326,1,449.951482375615,777.951482375615,0.0
327,2,469.0048506773475,759.0048506773475,0.0
327,3,449.8206786144938,767.1793213855062,0.5100000000000002
327,1,450.09392346978314,778.9060765302169,0.0
328,2,467.86396667487804,758.5,0.0
328,3,448.6542332174412,768.3457667825588,0.5100000000000002
328,1,449.86067068481873,779.8606706848187,0.0
329,2,466.80276914933035,759.1972308506696,0.0
329,3,447.48272936996744,769.5,0.5100000000000002
329,1,450.8152648394206,780.8152648394206,0.0
330,2,465.84817499472854,760.1518250052715,0.0
330,3,446.0284492045226,769.9715507954774,0.5100000000000002
330,1,451.76985899402246,781.7698589940225,0.0
331,2,464.89358084012673,761.1064191598733,0.0
331,3,446.13799619252995,771.13799619253,0.5100000000000002
331,1,452.2755468513757,782.7244531486243,0.0
332,2,463.7066073619974,761.5,0.0
332,3,446.5,772.6376522061246,0.5100000000000002
332,1,451.6790473032262,783.6790473032262,0.0
333,2,462.35660736199736,761.5,0.0
333,3,447.056673424262,774.056673424262,0.5100000000000002
333,1,452.5,784.6889975621557,0.0
334,2,461.1511187198808,761.8488812801193,0.0
334,3,448.2231188213146,775.2231188213146,0.5100000000000002
334,1,452.8811288312433,785.8811288312434,0.0
335,2,460.19652456527893,762.1965245652789,0.0
335,3,449.3895642183672,776.3895642183672,0.5100000000000002
335,1,453.5,786.9747839997826,0.0
336,2,459.24193041067707,761.758069589323,0.0
336,3,449.84890283423323,777.8489028342333,0.5100000000000002
336,1,452.9167896407395,788.0832103592604,0.0
337,2,458.19924804911653,762.5,0.0
337,3,451.0153482312858,779.0153482312859,0.5100000000000002
337,1,453.0378045138623,789.0378045138623,0.0
338,2,457.0398488826599,762.96015111734,0.0
338,3,450.8182063716616,780.1817936283385,0.5100000000000002
338,1,453.99239866846415,789.9923986684641,0.0
339,2,456.0852547280581,763.9147452719419,0.0
339,3,451.348239025391,781.3482390253911,0.5100000000000002
339,1,454.946992823066,790.946992823066,0.0
340,2,455.1306605734562,764.8693394265438,0.0
340,3,452.4853155775564,782.5146844224437,0.5100000000000002
340,1,455.9015869776679,791.9015869776679,0.0
341,2,454.04188873623576,765.5,0.0
341,3,451.6811298194962,783.6811298194963,0.5100000000000002
341,1,456.8561811322697,792.8561811322697,0.0
342,2,452.92857904543905,766.071420954561,0.0
342,3,452.5,784.9915455851881,0.5100000000000002
342,1,457.49999999999994,793.9395026255442,0.0
343,2,451.9739848908372,765.9739848908372,0.0
343,3,453.3069138324148,786.3069138324148,0.5100000000000002
343,1,456.9417373397131,795.0582626602869,0.0
344,2,451.0193907362353,765.9806092637647,0.0
344,3,453.23374755171915,787.7662524482809,0.5100000000000002
344,1,457.0128568148887,796.0128568148888,0.0
345,2,450.06479658163346,766.9352034183665,0.0
345,3,452.93269784533345,788.9326978453335,0.5100000000000002
345,1,457.9674509694906,796.9674509694906,0.0
346,2,449.1102024270316,767.8897975729684,0.0
346,3,454.09914324238605,790.099143242386,0.5100000000000002
346,1,458.5,798.096861938425,0.0
347,2,448.15560827242973,768.8443917275703,0.0
347,3,455.26558863943865,791.2655886394386,0.5100000000000002
347,1,459.16953249750776,799.1695324975078,0.0
348,2,447.0771701104741,769.5,0.0
348,3,456.43203403649125,792.4320340364912,0.5100000000000002
348,1,458.8758733478904,800.1241266521097,0.0
349,2,445.9535267444126,770.0464732555874,0.0
349,3,457.49999999999994,793.6392709505325,0.5100000000000002
349,1,458.5,801.3184348136789,0.0
350,2,446.00106741018925,771.0010674101893,0.0
350,3,456.9421819505901,795.0578180494099,0.5100000000000002
350,1,459.3262081801268,802.3262081801267,0.0
351,2,446.5,772.1444027647798,0.0
351,3,457.22426344646243,796.2242634464625,0.5100000000000002
351,1,460.57369555354205,802.573695553542,0.0
352,2,446.5,773.4944027647798,0.0
352,3,458.39070884351503,797.3907088435151,0.5100000000000002
352,1,461.5282897081439,803.5282897081439,0.0
353,2,447.45063631162174,774.4506363116218,0.0
353,3,458.8500474593811,798.8500474593811,0.5100000000000002
353,1,462.4828838627457,804.4828838627458,0.0
354,2,448.4052304662236,775.4052304662237,0.0
354,3,458.9835071435663,800.0164928564337,0.5100000000000002
354,1,462.2696287638389,805.7303712361611,0.0
355,2,449.35982462082546,776.3598246208255,0.0
355,3,458.5,801.4658205403437,0.5100000000000002
355,1,461.684965390763,806.684965390763,0.0
356,2,449.6073119942408,777.6073119942408,0.0
356,3,459.70120987825,802.5,0.5100000000000002
356,1,462.6395595453648,807.6395595453648,0.0
357,2,450.43809385115736,778.5619061488427,0.0
357,3,461.1016154852183,803.1016154852183,0.5100000000000002
357,1,463.5,808.6331534394404,0.0
358,2,449.5165003034445,779.5165003034446,0.0
358,3,462.26806088227085,804.2680608822709,0.5100000000000002
358,1,463.5,809.9831534394405,0.0
359,2,450.47109445804637,780.4710944580464,0.0
359,3,462.27260050186305,805.727399498137,0.5100000000000002
359,1,463.5,811.3331534394405,0.0
360,2,451.42568861264823,781.4256886126483,0.0
360,3,461.8938448951896,806.8938448951895,0.5100000000000002
360,1,464.33661582021256,812.3366158202125,0.0
361,2,452.3802827672501,782.3802827672502,0.0
361,3,463.06029029224214,808.0602902922421,0.5100000000000002
361,1,465.29120997481436,813.2912099748144,0.0
362,2,451.66512307814804,783.334876921852,0.0
362,3,463.5,809.5277594680612,0.5100000000000002
362,1,466.2458041294162,814.2458041294162,0.0
363,2,452.2894710764538,784.2894710764539,0.0
363,3,463.5,811.1773623683406,0.5100000000000002
363,1,467.20039828401804,815.2003982840181,0.0
364,2,452.53695844986913,785.5369584498692,0.0
364,3,464.4383061398402,812.4383061398403,0.5100000000000002
364,1,466.84500756138,816.15499243862,0.0
365,2,453.491552604471,786.491552604471,0.0
365,3,465.6047515368928,813.6047515368928,0.5100000000000002
365,1,467.10958659322176,817.1095865932218,0.0
366,2,453.2609600221137,787.7390399778864,0.0
366,3,466.77119693394536,814.7711969339454,0.5100000000000002
366,1,468.0641807478236,818.0641807478237,0.0
367,2,452.69363413248817,788.6936341324882,0.0
367,3,467.062357669002,815.937642330998,0.5100000000000002
367,1,467.9812250975745,819.0187749024254,0.0
368,2,453.64822828709003,789.6482282870901,0.0
368,3,467.1040877280505,817.1040877280506,0.5100000000000002
368,1,467.49999999999994,820.1694449404557,0.0
369,2,454.6028224416919,790.602822441692,0.0
369,3,468.2705331251031,818.2705331251032,0.5100000000000002
369,1,467.51374964925594,821.513749649256,0.0
370,2,455.55741659629376,791.5574165962938,0.0
370,3,467.56302147784425,819.4369785221556,0.5100000000000002
370,1,468.46834380385786,822.4683438038578,0.0
371,2,456.5120107508956,792.5120107508957,0.0
371,3,467.49999999999994,821.0604770715912,0.5100000000000002
371,1,468.7158311772731,823.7158311772731,0.0
372,2,457.4666049054975,793.4666049054975,0.0
372,3,468.35565575388773,822.3556557538877,0.5100000000000002
372,1,469.670425331875,824.670425331875,0.0
373,2,457.2859077210871,794.7140922789129,0.0
373,3,468.8149943697538,823.8149943697538,0.5100000000000002
373,1,470.62501948647684,825.6250194864768,0.0
374,2,456.6686864335147,795.6686864335147,0.0
374,3,469.9814397668064,824.9814397668064,0.5100000000000002
374,1,471.57961364107865,826.5796136410787,0.0
375,2,457.62328058811653,796.6232805881166,0.0
375,3,471.1478851638589,826.147885163859,0.5100000000000002
375,1,472.5,827.5483771285902,0.0
376,2,458.5,797.6101315173187,0.0
376,3,472.3143305609115,827.3143305609116,0.5100000000000002
376,1,472.78169516909577,828.7816951690958,0.0
377,2,458.8253621161337,798.8253621161336,0.0
377,3,472.77366917677756,828.7736691767776,0.5100000000000002
377,1,473.26371067630237,829.7362893236976,0.0
378,2,459.2200437292645,799.7799562707355,0.0
378,3,473.05988542616984,829.9401145738302,0.5100000000000002
378,1,472.5,830.7699500038441,0.0
379,2,458.5,800.8317043925724,0.0
379,3,472.5,831.357805337215,0.5100000000000002
379,1,472.5,832.1199500038441,0.0
380,2,458.98203779875263,801.9820377987526,0.0
380,3,472.85879180556225,832.8587918055622,0.5100000000000002
380,1,473.18585822513006,833.1858582251301,0.0
381,2,460.1174908301993,802.5,0.0
381,3,474.0252372026148,834.0252372026148,0.5100000000000002
381,1,474.1404523797319,834.140452379732,0.0
382,2,461.18411932676975,803.1841193267697,0.0
382,3,474.5,835.478186913307,0.5100000000000002
382,1,474.5,835.341522879098,0.0
383,2,462.13871348137155,804.1387134813716,0.0
383,3,473.3489787844666,836.6510212155333,0.5100000000000002
383,1,473.6574660922509,836.342533907749,0.0
384,2,462.49999999999994,805.3390637054532,0.0
384,3,472.1825333874141,837.1825333874141,0.5100000000000002
384,1,472.7028719376491,837.2971280623509,0.0
385,2,461.6592049906112,806.3407950093888,0.0
385,3,471.0160879903615,836.9839120096385,0.5100000000000002
385,1,471.74827778304723,836.7482777830472,0.0
386,2,462.29538916399065,807.2953891639906,0.0
386,3,469.84964259330894,838.1503574066911,0.5100000000000002
386,1,470.7936836284454,837.2063163715546,0.0
387,2,463.24998331859246,808.2499833185925,0.0
387,3,468.68319719625634,839.3168028037437,0.5100000000000002
387,1,469.83908947384356,838.1609105261565,0.0
388,2,463.5,809.496423018334,0.0
388,3,467.5167517992037,840.4832482007962,0.5100000000000002
388,1,468.8844953192417,839.1155046807584,0.0
389,2,463.5,810.846423018334,0.0
389,3,466.35030640215115,841.6496935978488,0.5100000000000002
389,1,467.92990116463983,840.0700988353601,0.0
390,2,463.9924454388384,811.9924454388383,0.0
390,3,465.1838610050986,842.1838610050986,0.5100000000000002
390,1,466.97530701003797,841.024692989962,0.0
391,2,464.9470395934402,812.9470395934402,0.0
391,3,464.017415608046,841.982584391954,0.5100000000000002
391,1,466.02071285543616,841.9792871445638,0.0
392,2,465.90163374804206,813.9016337480421,0.0
392,3,462.8509702109934,843.1490297890066,0.5100000000000002
392,1,465.06611870083435,842.0661187008343,0.0
393,2,466.85622790264387,814.8562279026439,0.0
393,3,461.68452481394087,842.6845248139408,0.5100000000000002
393,1,464.1115245462325,841.8884754537676,0.0
394,2,467.18917794275416,815.8108220572458,0.0
394,3,460.2251861980748,842.7748138019251,0.5100000000000002
394,1,463.1569303916306,842.8430696083693,0.0
395,2,466.7654162118476,816.7654162118477,0.0
395,3,459.0587408010223,843.9412591989777,0.5100000000000002
395,1,462.2023362370288,843.2023362370288,0.0
396,2,467.72001036644946,817.7200103664495,0.0
396,3,457.8922954039697,845.1077045960303,0.5100000000000002
396,1,461.247742082427,842.752257917573,0.0
397,2,468.3253954789487,818.6746045210513,0.0
397,3,456.7258500069171,846.2741499930829,0.5100000000000002
397,1,460.20746699412535,843.5,0.0
398,2,467.49999999999994,819.6827145193492,0.0
398,3,455.5594046098645,845.5594046098645,0.5100000000000002
398,1,459.04566055440984,843.9543394455901,0.0
399,2,467.49999999999994,821.0327145193493,0.0
399,3,454.3929592128119,846.6070407871881,0.5100000000000002
399,1,458.091066399808,844.908933600192,0.0
400,2,468.12417342248364,822.1241734224836,0.0
400,3,453.2265138157593,847.7734861842407,0.5100000000000002
400,1,457.13647224520616,845.8635277547938,0.0
401,2,468.5,823.3185009569761,0.0
401,3,452.0600684187067,848.0600684187067,0.5100000000000002
401,1,456.1818780906043,846.1818780906043,0.0
402,2,469.32625495050075,824.3262549505008,0.0
402,3,450.8936230216541,848.1063769783459,0.5100000000000002
402,1,455.22728393600244,845.7727160639976,0.0
403,2,470.2808491051026,825.2808491051026,0.0
403,3,449.7271776246015,847.7271776246015,0.5100000000000002
403,1,454.2726897814006,846.7273102185994,0.0
404,2,471.2354432597044,826.2354432597044,0.0
404,3,448.17167477749973,847.5,0.5100000000000002
404,1,453.3180956267987,847.6819043732013,0.0
405,2,472.19003741430623,827.1900374143063,0.0
405,3,446.80850039286946,848.1914996071306,0.5100000000000002
405,1,452.36350147219684,848.3635014721968,0.0
406,2,472.5,828.4116467074837,0.0
406,3,445.64205499581686,849.3579450041832,0.5100000000000002
406,1,451.3711754931099,847.5,0.0
407,2,473.3921189423234,829.3921189423233,0.0
407,3,444.47560959876427,850.4756095987642,0.5100000000000002
407,1,450.02117549310987,847.5,0.0
408,2,472.6532869030748,830.3467130969252,0.0
408,3,443.30916420171167,849.6908357982884,0.5100000000000002
408,1,448.9139325707644,848.0860674292356,0.0
409,2,472.5,831.6332195827374,0.0
409,3,442.14271880465907,850.857281195341,0.5100000000000002
409,1,447.95933841616255,849.0406615838375,0.0
410,2,472.8416878437558,832.8416878437557,0.0
410,3,440.97627340760647,852.0237265923936,0.5100000000000002
410,1,447.0047442615607,849.0047442615606,0.0
411,2,473.7962819983576,833.7962819983576,0.0
411,3,439.8098280105539,853.1901719894462,0.5100000000000002
411,1,446.0501501069588,848.9498498930412,0.0
412,2,474.5,834.8547924579912,0.0
412,3,438.6433826135013,854.3566173864988,0.5100000000000002
412,1,445.09555595235696,849.9044440476431,0.0
413,2,474.0016364736253,835.9983635263746,0.0
413,3,439.4769372164487,855.5230627835514,0.5100000000000002
413,1,444.1409617977551,850.140961797755,0.0
414,2,473.0470423190235,836.9529576809765,0.0
414,3,438.6895081806039,856.689508180604,0.5100000000000002
414,1,443.18636764315323,849.8136323568468,0.0
415,2,472.0924481644216,837.0924481644216,0.0
415,3,440.0033943770971,857.5,0.5100000000000002
415,1,442.23177348855137,850.7682265114487,0.0
416,2,471.13785400981976,836.8621459901802,0.0
416,3,441.31529219352257,858.3152921935225,0.5100000000000002
416,1,441.2771793339495,851.7228206660506,0.0
417,2,470.18325985521795,837.8167401447821,0.0
417,3,441.77463080938855,859.7746308093886,0.5100000000000002
417,1,440.32258517934764,852.6774148206524,0.0
418,2,469.2286657006161,838.771334299384,0.0
418,3,442.94107620644115,860.9410762064412,0.5100000000000002
418,1,439.3679910247458,853.6320089752543,0.0
419,2,468.2740715460142,839.7259284539857,0.0
419,3,444.35916529109545,861.5,0.5100000000000002
419,1,438.5866031298561,854.5866031298561,0.0
420,2,467.31947739141236,840.6805226085876,0.0
420,3,445.8597534381732,861.8597534381731,0.5100000000000002
420,1,439.45880271554205,855.541197284458,0.0
421,2,466.36488323681056,841.6351167631894,0.0
421,3,447.0261988352257,863.0261988352257,0.5100000000000002
421,1,438.5042085609402,856.4957914390599,0.0
422,2,465.41028908220875,842.4102890822087,0.0
422,3,448.4795468671875,863.5,0.5100000000000002
422,1,439.4503855936617,857.4503855936617,0.0
423,2,464.4556949276069,841.5443050723932,0.0
423,3,449.94487606695776,863.9448760669578,0.5100000000000002
423,1,440.697872967077,857.697872967077,0.0
424,2,463.501100773005,842.498899226995,0.0
424,3,450.5,865.3645391053732,0.5100000000000002
424,1,441.34753287832115,858.6524671216789,0.0
425,2,462.5465066184031,841.5465066184032,0.0
425,3,449.57066007987635,866.5706600798763,0.5100000000000002
425,1,440.5,859.6514075089211,0.0
426,2,461.29901924498785,841.7009807550122,0.0
426,3,450.73710547692895,867.737105476929,0.5100000000000002
426,1,440.85454864969597,860.854548649696,0.0
427,2,460.344425090386,842.6555749096141,0.0
427,3,451.90355087398154,868.9035508739815,0.5100000000000002
427,1,441.80914280429784,861.8091428042978,0.0
428,2,459.3898309357841,843.6101690642159,0.0
428,3,453.06999627103414,870.0699962710341,0.5100000000000002
428,1,442.7637369588997,862.2362630411003,0.0
429,2,458.43523678118225,844.5647632188178,0.0
429,3,454.5293348869002,870.5293348869002,0.5100000000000002
429,1,443.8087668218019,861.5,0.0
430,2,457.48064262658033,845.5193573734196,0.0
430,3,455.6957802839528,871.6957802839528,0.5100000000000002
430,1,445.1587668218019,861.5,0.0
431,2,456.5260484719785,846.4739515280214,0.0
431,3,456.8622256810053,872.8622256810054,0.5100000000000002
431,1,446.2133058603321,862.2133058603322,0.0
432,2,455.5714543173767,845.5714543173767,0.0
432,3,458.0286710780579,872.971328921942,0.5100000000000002
432,1,447.167900014934,863.167900014934,0.0
433,2,454.61686016277486,846.3831398372251,0.0
433,3,459.1951164751105,873.1951164751106,0.5100000000000002
433,1,448.3803396970558,863.5,0.0
434,2,453.662266008173,847.337733991827,0.0
434,3,460.3615618721631,874.3615618721632,0.5100000000000002
434,1,449.6628747617646,863.6628747617646,0.0
435,2,452.7076718535711,848.2923281464289,0.0
435,3,461.5280072692158,875.5280072692157,0.5100000000000002
435,1,450.5,864.6661261346827,0.0
436,2,451.75307769896926,847.7530776989693,0.0
436,3,462.49999999999994,876.7749975978762,0.5100000000000002
436,1,450.13504371021827,865.8649562897817,0.0
437,2,450.5079059142165,847.5,0.0
437,3,462.49999999999994,878.4246004981557,0.5100000000000002
437,1,449.8195504443836,866.8195504443836,0.0
438,2,449.2581029521387,847.7418970478614,0.0
438,3,462.90602311681374,879.9060231168138,0.5100000000000002
438,1,450.77414459898546,867.7741445989855,0.0
439,2,448.30350879753684,848.6964912024632,0.0
439,3,464.30959273634136,880.5,0.5100000000000002
439,1,451.7287387535873,868.7287387535873,0.0
440,2,447.348914642935,849.3489146429349,0.0
440,3,465.5318071297324,881.5318071297323,0.5100000000000002
440,1,452.6833329081892,869.6833329081892,0.0
441,2,446.3943204883331,848.605679511667,0.0
441,3,466.301747473215,882.6982525267849,0.5100000000000002
441,1,453.6950583228174,870.5,0.0
442,2,445.41476016370876,849.5,0.0
442,3,465.1353020761625,883.8646979238375,0.5100000000000002
442,1,454.8854144362063,870.8854144362064,0.0
443,2,444.06476016370874,849.5,0.0
443,3,464.5,885.2511500879666,0.5100000000000002
443,1,455.84000859080817,871.8400085908082,0.0
444,2,442.9447515869006,850.0552484130993,0.0
444,3,463.5095180632439,886.490481936756,0.5100000000000002
444,1,456.79460274541003,872.7946027454101,0.0
445,2,441.9901574322988,851.0098425677012,0.0
445,3,464.65692733380865,887.6569273338087,0.5100000000000002
445,1,457.7491969000119,873.250803099988,0.0
446,2,441.03556327769695,851.964436722303,0.0
446,3,465.82337273086125,888.8233727308613,0.5100000000000002
446,1,458.70379105461376,872.7037910546138,0.0
447,2,440.0809691230951,852.9190308769049,0.0
447,3,467.1927074395919,889.5,0.5100000000000002
447,1,459.6583852092156,873.6583852092157,0.0
448,2,439.1263749684932,853.8736250315068,0.0
448,3,468.44915674377984,890.4491567437799,0.5100000000000002
448,1,460.6129793638175,874.6129793638175,0.0
449,2,438.82821918610864,854.8282191861086,0.0
449,3,469.38439785916756,891.6156021408325,0.5100000000000002
449,1,461.56757351841935,875.5675735184193,0.0
450,2,439.2171866592895,855.7828133407105,0.0
450,3,468.78204753788503,892.7820475378851,0.5100000000000002
450,1,462.49999999999994,876.5313498238328,0.0
451,2,438.73740749531237,856.7374074953124,0.0
451,3,470.13426479121733,893.5,0.5100000000000002
451,1,462.49999999999994,877.8813498238328,0.0
452,2,439.77153133730667,857.5,0.0
452,3,471.78386769149677,893.5,0.5100000000000002
452,1,462.49999999999994,879.2313498238328,0.0
453,2,440.9394890233295,857.9394890233295,0.0
453,3,473.16006338548317,894.1600633854831,0.5100000000000002
453,1,463.26462979326703,880.2646297932671,0.0
454,2,441.5,859.0573177749336,0.0
454,3,474.3265087825357,895.3265087825357,0.5100000000000002
454,1,464.51211716668234,880.5121171666824,0.0
455,2,442.14157055134666,860.1415705513466,0.0
455,3,475.4929541795883,896.4929541795883,0.5100000000000002
455,1,465.46671132128427,881.4667113212842,0.0
456,2,443.09616470594847,861.0961647059485,0.0
456,3,476.49999999999994,897.7254250431221,0.5100000000000002
456,1,466.421305475886,882.421305475886,0.0
457,2,444.2788906501874,861.5,0.0
457,3,476.49999999999994,899.3750279434015,0.5100000000000002
457,1,465.6241003695121,883.3758996304879,0.0
458,2,445.59113945277903,861.5911394527791,0.0
458,3,477.42192319162706,900.5780768083729,0.5100000000000002
458,1,464.6695062149103,884.3304937850897,0.0
459,2,446.5457336073809,862.545733607381,0.0
459,3,476.7445222054254,901.7445222054255,0.5100000000000002
459,1,464.422018841495,885.577981158505,0.0
460,2,447.50046352544126,863.5,0.0
460,3,478.08119595712037,902.5,0.5100000000000002
460,1,463.53257531310686,886.5325753131069,0.0
461,2,448.8504635254413,863.5,0.0
461,3,479.37030621834407,903.370306218344,0.5100000000000002
461,1,464.4871694677087,887.4871694677088,0.0
462,2,449.9953025088134,863.9953025088133,0.0
462,3,480.53675161539667,904.5367516153966,0.5100000000000002
462,1,465.44176362231065,888.4417636223105,0.0
463,2,450.5,865.1362499630682,0.0
463,3,481.78736397083935,905.5,0.5100000000000002
463,1,466.3963577769124,889.3963577769124,0.0
464,2,449.8026159631695,866.1973840368305,0.0
464,3,483.1625356283152,904.8374643716847,0.5100000000000002
464,1,467.64384515032765,889.6438451503277,0.0
465,2,450.15197819143236,867.1519781914324,0.0
465,3,484.6723562090251,904.5,0.5100000000000002
465,1,468.5984393049295,890.5984393049296,0.0
466,2,451.1065723460342,868.1065723460342,0.0
466,3,486.32195910930454,904.5,0.5100000000000002
466,1,469.4469665404686,891.5530334595314,0.0
467,2,452.0611665006361,869.0611665006361,0.0
467,3,487.8334446947268,904.1665553052733,0.5100000000000002
467,1,468.50762761413324,892.5076276141333,0.0
468,2,453.01576065523795,870.015760655238,0.0
468,3,489.20695134749025,903.5,0.5100000000000002
468,1,469.4622217687351,893.4622217687352,0.0
469,2,454.1651821512028,870.5,0.0
469,3,490.7521219264588,903.2478780735412,0.5100000000000002
469,1,470.7965735129828,893.5,0.0
470,2,455.2178421832551,871.217842183255,0.0
470,3,492.091943585676,902.5,0.5100000000000002
470,1,472.1465735129828,893.5,0.0
471,2,456.1724363378569,872.1724363378569,0.0
471,3,493.67079915819085,902.6707991581909,0.5100000000000002
471,1,473.20468388898104,894.204683888981,0.0
472,2,457.1270304924587,873.1270304924587,0.0
472,3,494.83724455524344,903.8372445552434,0.5100000000000002
472,1,474.15927804358284,895.1592780435828,0.0
473,2,458.08162464706055,872.9183753529394,0.0
473,3,496.003689952296,903.996310047704,0.5100000000000002
473,1,475.1138721981847,896.1138721981847,0.0
474,2,459.0362188016624,873.0362188016625,0.0
474,3,497.1701353493486,902.8298646506514,0.5100000000000002
474,1,476.0684663527865,897.0684663527866,0.0
475,2,459.9908129562643,873.9908129562643,0.0
475,3,498.3365807464012,901.6634192535988,0.5100000000000002
475,1,476.49999999999994,898.2397192634904,0.0
476,2,460.94540711086614,874.9454071108661,0.0
476,3,498.7959193622672,900.2040806377328,0.5100000000000002
476,1,476.4365589003828,899.5634410996172,0.0
477,2,461.90000126546795,875.900001265468,0.0
477,3,499.9623647593198,899.9623647593198,0.5100000000000002
477,1,475.5180352542191,900.5180352542191,0.0
478,2,462.49999999999994,877.0014736522181,0.0
478,3,501.12881015637237,899.8711898436276,0.5100000000000002
478,1,476.4726294088209,901.4726294088209,0.0
479,2,462.49999999999994,878.3514736522181,0.0
479,3,502.29525555342497,898.704744446575,0.5100000000000002
479,1,477.4272235634228,902.4272235634228,0.0
480,2,462.6424633857138,879.6424633857139,0.0
480,3,503.8600505271125,898.5,0.5100000000000002
480,1,478.6747109368381,902.6747109368381,0.0
481,2,463.63726008984503,880.5,0.0
481,3,505.21393278515706,897.7860672148429,0.5100000000000002
481,1,479.62930509143996,903.62930509144,0.0
482,2,464.844544913731,880.8445449137309,0.0
482,3,506.6732714010231,897.3267285989768,0.5100000000000002
482,1,480.5838992460418,904.5838992460418,0.0
483,2,465.7991390683328,881.7991390683328,0.0
483,3,507.8397167980757,896.1602832019244,0.5100000000000002
483,1,481.5544378892521,905.5,0.0
484,2,466.2462667770653,882.7537332229347,0.0
484,3,509.2158214411109,895.5,0.5100000000000002
484,1,482.78598077405894,905.2140192259411,0.0
485,2,465.29167262246347,883.7083273775365,0.0
485,3,510.4655008109943,896.4655008109943,0.5100000000000002
485,1,483.84022432687897,904.5,0.0
486,2,464.5,884.7304058403527,0.0
486,3,511.6319462080469,897.3680537919531,0.5100000000000002
486,1,485.190224326879,904.5,0.0
487,2,464.08959109444635,885.9104089055536,0.0
487,3,512.7983916050995,896.7983916050995,0.5100000000000002
487,1,486.540224326879,904.5,0.0
488,2,463.86500306015546,886.8650030601555,0.0
488,3,513.9648370021521,897.9648370021521,0.5100000000000002
488,1,487.7759302677201,904.2240697322799,0.0
489,2,464.8195972147573,887.8195972147573,0.0
489,3,514.5,899.3927681306426,0.5100000000000002
489,1,488.82601076450595,903.5,0.0
490,2,465.7741913693592,888.7741913693592,0.0
490,3,515.5906210150706,900.5906210150706,0.5100000000000002
490,1,490.176010764506,903.5,0.0
491,2,466.8235515908603,889.5,0.0
491,3,516.2429335878768,901.7570664121232,0.5100000000000002
491,1,491.22549916915256,902.7745008308474,0.0
492,2,467.9762728973763,889.9762728973764,0.0
492,3,515.5,903.0989361443616,0.5100000000000002
492,1,492.4617972021329,902.5,0.0
493,2,468.93086705197817,890.9308670519782,0.0
493,3,516.3828504250419,904.3828504250419,0.5100000000000002
493,1,493.7204739159832,902.7204739159831,0.0
494,2,469.11453879341997,891.8854612065801,0.0
494,3,517.5492958220945,905.5492958220945,0.5100000000000002
494,1,494.675068070585,903.675068070585,0.0
495,2,468.8400553611819,892.840055361182,0.0
495,3,518.5,906.8051041580807,0.5100000000000002
495,1,495.6296622251868,904.3703377748132,0.0
496,2,469.9166973413681,893.5,0.0
496,3,518.5,908.4547070583601,0.5100000000000002
496,1,496.58425637978866,903.4157436202113,0.0
497,2,471.2666973413681,893.5,0.0
497,3,519.6344184508791,909.6344184508791,0.5100000000000002
497,1,497.5388505343905,902.4611494656094,0.0
498,2,472.58251748142783,893.5825174814279,0.0
498,3,520.5,910.9254857341728,0.5100000000000002
498,1,498.4934446889924,901.5065553110076,0.0
499,2,473.5371116360297,894.5371116360297,0.0
499,3,521.2602024637977,912.2602024637977,0.5100000000000002
499,1,498.7409320624077,900.2590679375922,0.0
500,2,474.49170579063156,895.4917057906316,0.0
500,3,522.4266478608503,913.4266478608503,0.5100000000000002
500,1,499.77651582789446,899.5,0.0
501,2,475.4462999452335,896.4462999452334,0.0
501,3,523.5,914.6316537478917,0.5100000000000002
501,1,501.1265158278945,899.5,0.0
502,2,476.4008940998352,897.4008940998352,0.0
502,3,524.0524318737689,916.0524318737689,0.5100000000000002
502,1,502.1905009638402,898.8094990361598,0.0
503,2,476.49999999999994,898.7098430918758,0.0
503,3,525.2188772708215,917.2188772708215,0.5100000000000002
503,1,503.4123022655214,898.5,0.0
504,2,476.10413115333415,899.8958688466658,0.0
504,3,526.3853226678741,918.3853226678741,0.5100000000000002
504,1,504.6854757106708,898.3145242893291,0.0
505,2,475.85046300126777,900.8504630012677,0.0
505,3,527.5517680649267,917.5517680649267,0.5100000000000002
505,1,505.69808870314836,897.5,0.0
506,2,476.8050571558696,901.8050571558696,0.0
506,3,528.8086004374235,918.5,0.5100000000000002
506,1,506.8875572386879,897.1124427613121,0.0
507,2,477.8672024047566,902.5,0.0
507,3,530.1775520778453,919.1775520778453,0.5100000000000002
507,1,507.8421513932898,896.1578486067102,0.0
508,2,479.0071386838867,903.0071386838866,0.0
508,3,531.343997474898,920.343997474898,0.5100000000000002
508,1,508.91966157840216,895.5,0.0
509,2,479.9617328384885,903.9617328384885,0.0
509,3,532.5,921.5147684511426,0.5100000000000002
509,1,510.0442329213069,896.044232921307,0.0
510,2,480.91632699309037,904.9163269930904,0.0
510,3,532.9697814878166,922.9697814878166,0.5100000000000002
510,1,510.99882707590876,896.9988270759088,0.0
511,2,482.0245617176373,905.5,0.0
511,3,532.8637731151308,924.1362268848692,0.5100000000000002
511,1,511.9534212305106,897.0465787694893,0.0
512,2,483.1184085211075,904.8815914788925,0.0
512,3,531.6973277180782,925.3026722819218,0.5100000000000002
512,1,512.9080153851125,896.9080153851125,0.0
513,2,484.31034815526425,904.5,0.0
513,3,532.4691176789744,926.4691176789744,0.5100000000000002
513,1,513.8626095397144,897.8626095397144,0.0
514,2,485.6603481552643,904.5,0.0
514,3,532.9284562948404,927.9284562948404,0.5100000000000002
514,1,514.5,898.9485937665369,0.0
515,2,487.0103481552643,904.5,0.0
515,3,534.094901691893,929.094901691893,0.5100000000000002
515,1,515.0646910677315,900.0646910677315,0.0
516,2,488.1083580147687,903.8916419852313,0.0
516,3,535.2613470889456,930.2613470889456,0.5100000000000002
516,1,516.0192852223333,901.0192852223333,0.0
517,2,489.2961345928912,903.5,0.0
517,3,536.4277924859982,931.4277924859982,0.5100000000000002
517,1,516.0261206230648,901.9738793769352,0.0
518,2,490.6033327615993,903.3966672384007,0.0
518,3,537.4057621169492,932.5942378830508,0.5100000000000002
518,1,515.5,903.1059530794175,0.0
519,2,491.58192103051806,902.5,0.0
519,3,536.5,933.8686618302062,0.5100000000000002
519,1,516.1759609049523,904.1759609049523,0.0
520,2,492.9319210305181,902.5,0.0
520,3,537.2200218959695,935.2200218959695,0.5100000000000002
520,1,517.1305550595541,905.1305550595541,0.0
521,2,494.0529016630317,903.0529016630317,0.0
521,3,538.3864672930221,936.3864672930221,0.5100000000000002
521,1,518.085149214156,906.085149214156,0.0
522,2,495.0074958176335,904.0074958176335,0.0
522,3,539.5529126900747,937.5529126900747,0.5100000000000002
522,1,518.5,907.2633123922983,0.0
523,2,495.96208997223533,904.0379100277646,0.0
523,3,540.7193580871273,938.7193580871273,0.5100000000000002
523,1,518.5801239609866,908.5801239609866,0.0
524,2,496.9166841268372,903.0833158731627,0.0
524,3,541.1141965158201,939.8858034841799,0.5100000000000002
524,1,519.5347181155885,909.5347181155885,0.0
525,2,497.87127828143906,902.1287217185609,0.0
525,3,539.9477511187675,941.0522488812325,0.5100000000000002
525,1,520.4893122701903,910.4893122701903,0.0
526,2,498.5,901.0391467813473,0.0
526,3,540.218694278285,942.218694278285,0.5100000000000002
526,1,520.7367996436057,911.7367996436057,0.0
527,2,499.0733598094563,899.9266401905437,0.0
527,3,541.3851396753377,943.3851396753377,0.5100000000000002
527,1,521.6913937982075,912.6913937982075,0.0
528,2,500.2466396562797,899.5,0.0
528,3,542.5515850723903,944.5515850723903,0.5100000000000002
528,1,522.6459879528094,913.6459879528094,0.0
529,2,501.5683345562869,899.4316654437131,0.0
529,3,543.7180304694429,945.7180304694429,0.5100000000000002
529,1,523.5,914.642244580433,0.0
530,2,502.5324260939066,898.5,0.0
530,3,544.1155241335046,946.8844758664954,0.5100000000000002
530,1,523.8480694808266,915.8480694808266,0.0
531,2,503.88242609390664,898.5,0.0
531,3,544.050921263548,948.050921263548,0.5100000000000002
531,1,524.8026636354284,916.8026636354284,0.0
532,2,505.01790345771934,897.9820965422806,0.0
532,3,545.2173666606006,949.2173666606006,0.5100000000000002
532,1,525.7572577900303,917.7572577900303,0.0
533,2,506.1682125315336,897.5,0.0
533,3,546.3838120576532,950.3838120576532,0.5100000000000002
533,1,526.7118519446321,918.2881480553679,0.0
534,2,507.2199849857365,896.7800150142634,0.0
534,3,547.5502574547058,951.5502574547058,0.5100000000000002
534,1,527.7353903309408,917.5,0.0
535,2,508.1745791403384,895.8254208596617,0.0
535,3,548.8064641119616,952.5,0.5100000000000002
535,1,528.9139334726493,917.9139334726493,0.0
536,2,509.1291732949402,896.1291732949402,0.0
536,3,550.1760414676244,953.1760414676244,0.5100000000000002
536,1,529.8685276272512,918.8685276272512,0.0
537,2,510.32557184441424,896.5,0.0
537,3,551.6914563501473,953.5,0.5100000000000002
537,1,530.823121781853,919.823121781853,0.0
538,2,511.3312548229573,897.3312548229572,0.0
538,3,553.0947186993563,954.0947186993563,0.5100000000000002
538,1,531.7777159364549,920.7777159364549,0.0
539,2,512.2858489775591,896.7141510224409,0.0
539,3,554.261164096409,955.261164096409,0.5100000000000002
539,1,532.5,921.8285360814485,0.0
540,2,513.240443132161,897.240443132161,0.0
540,3,555.8118379262393,955.5,0.5100000000000002
540,1,532.979797464472,922.979797464472,0.0
541,2,514.1950372867628,898.1950372867628,0.0
541,3,557.1798413281409,954.8201586718591,0.5100000000000002
541,1,533.0656083809262,923.9343916190738,0.0
542,2,514.5,899.4187175949219,0.0
542,3,558.3462867251935,953.6537132748065,0.5100000000000002
542,1,532.1110142263243,924.8889857736757,0.0
543,2,515.3971188147799,900.3971188147799,0.0
543,3,559.5180059399582,954.5,0.5100000000000002
543,1,531.8435799282776,925.8435799282776,0.0
544,2,516.3517129693818,901.3517129693818,0.0
544,3,560.9720707381122,954.9720707381122,0.5100000000000002
544,1,532.5,926.9216818319562,0.0
545,2,515.6936928760164,902.3063071239836,0.0
545,3,561.5,956.402998178144,0.5100000000000002
545,1,533.0456614562947,928.0456614562947,0.0
546,2,515.5537944973989,903.5537944973989,0.0
546,3,562.5978547510307,957.5978547510307,0.5100000000000002
546,1,534.0002556108966,929.0002556108966,0.0
547,2,516.5083886520008,904.5083886520008,0.0
547,3,563.8737768539565,958.5,0.5100000000000002
547,1,534.9548497654985,929.9548497654985,0.0
548,2,517.4629828066027,905.4629828066027,0.0
548,3,565.2236387639492,959.2236387639492,0.5100000000000002
548,1,535.9094439201003,930.9094439201003,0.0
549,2,518.4175769612045,906.4175769612045,0.0
549,3,566.6829773798153,959.6829773798153,0.5100000000000002
549,1,536.8640380747022,931.8640380747022,0.0
550,2,518.5,907.7334362206834,0.0
550,3,567.5,960.9941584300485,0.5100000000000002
550,1,537.1813677706959,932.8186322293041,0.0
551,2,518.912551708035,908.912551708035,0.0
551,3,568.3087613927338,962.3087613927338,0.5100000000000002
551,1,536.5,933.8864004577179,0.0
552,2,519.8671458626369,909.8671458626369,0.0
552,3,569.4752067897864,963.4752067897864,0.5100000000000002
552,1,537.0207137573211,935.0207137573211,0.0
553,2,520.5,910.9550090959372,0.0
553,3,570.5,964.7003264437675,0.5100000000000002
553,1,537.975307911923,935.975307911923,0.0
554,2,521.069227390654,912.069227390654,0.0
554,3,570.5,966.3499293440469,0.5100000000000002
554,1,538.9299020665248,936.9299020665248,0.0
555,2,522.0238215452558,913.0238215452558,0.0
555,3,571.5603294185711,967.5603294185711,0.5100000000000002
555,1,539.8844962211267,937.8844962211267,0.0
556,2,522.9784156998577,913.9784156998577,0.0
556,3,572.7267748156237,968.7267748156237,0.5100000000000002
556,1,540.8390903757286,938.8390903757286,0.0
557,2,523.5,915.1123684088178,0.0
557,3,573.8932202126763,969.1067797873237,0.5100000000000002
557,1,541.2063154696696,939.7936845303304,0.0
558,2,524.1804972278748,916.1804972278748,0.0
558,3,575.0596656097289,969.0596656097289,0.5100000000000002
558,1,540.2517213150677,940.7482786849323,0.0
559,2,525.1350913824766,917.1350913824766,0.0
559,3,576.2261110067815,970.2261110067815,0.5100000000000002
559,1,539.7028728395342,941.7028728395342,0.0
560,2,526.0896855370785,918.0896855370785,0.0
560,3,577.3925564038341,971.3925564038341,0.5100000000000002
560,1,540.657466994136,942.657466994136,0.0
561,2,527.0442796916803,917.9557203083197,0.0
561,3,578.5,972.5834411470183,0.5100000000000002
561,1,541.6120611487379,943.6120611487379,0.0
562,2,528.2055141593255,917.5,0.0
562,3,579.0183404167527,974.0183404167527,0.5100000000000002
562,1,542.5666553033398,944.5666553033398,0.0
563,2,529.2463612196975,918.2463612196975,0.0
563,3,580.1847858138053,973.8152141861947,0.5100000000000002
563,1,543.5212494579416,945.5212494579416,0.0
564,2,530.2009553742994,919.2009553742994,0.0
564,3,581.3512312108579,974.3512312108579,0.5100000000000002
564,1,544.4758436125435,946.4758436125435,0.0
565,2,531.1555495289012,920.1555495289012,0.0
565,3,582.5176766079105,975.5176766079105,0.5100000000000002
565,1,543.5695622328547,947.4304377671453,0.0
566,2,532.1101436835031,921.1101436835031,0.0
566,3,583.6841220049631,976.6841220049631,0.5100000000000002
566,1,544.3850319217472,948.3850319217472,0.0
567,2,532.5,922.2986599098333,0.0
567,3,584.8505674020157,977.1494325979843,0.5100000000000002
567,1,545.3396260763491,949.3396260763491,0.0
568,2,533.3122252115203,923.3122252115203,0.0
568,3,586.2311665123628,976.5,0.5100000000000002
568,1,546.2942202309509,950.2942202309509,0.0
569,2,532.7331806338779,924.2668193661221,0.0
569,3,587.7692446337478,976.7692446337478,0.5100000000000002
569,1,547.2488143855528,951.2488143855528,0.0
570,2,531.778586479276,925.221413520724,0.0
570,3,588.9356900308004,977.9356900308004,0.5100000000000002
570,1,548.2034085401547,952.2034085401547,0.0
571,2,532.1760076753259,926.1760076753259,0.0
571,3,590.102135427853,977.897864572147,0.5100000000000002
571,1,549.4305563350027,952.5,0.0
572,2,532.5,927.3918056603411,0.0
572,3,591.2685808249056,978.2685808249056,0.5100000000000002
572,1,550.4054900681718,953.4054900681718,0.0
573,2,533.378089203343,928.378089203343,0.0
573,3,592.4350262219582,977.5649737780418,0.5100000000000002
573,1,551.7163427726297,953.5,0.0
574,2,534.3326833579449,929.3326833579449,0.0
574,3,593.8943648378242,977.8943648378242,0.5100000000000002
574,1,552.9004648150025,953.9004648150025,0.0
575,2,535.2872775125468,930.2872775125468,0.0
575,3,595.2931054400805,978.5,0.5100000000000002
575,1,553.8550589696043,954.8550589696043,0.0
576,2,536.2418716671486,931.2418716671486,0.0
576,3,596.5284947779868,979.5,0.5100000000000002
576,1,554.9379156478835,955.5,0.0
577,2,537.1964658217505,932.1964658217505,0.0
577,3,598.1780976782662,979.5,0.5100000000000002
577,1,556.2879156478836,955.5,0.0
578,2,536.8489400236476,933.1510599763524,0.0
578,3,599.438826082475,980.438826082475,0.5100000000000002
578,1,557.3046278710367,954.6953721289633,0.0
579,2,536.5,934.3565242861027,0.0
579,3,600.0,980.0,0.5100000000000002
579,1,558.2592220256386,953.7407779743614,0.0
580,2,537.3531415043695,935.3531415043695,0.0
580,3,600.0,980.0,0.5100000000000002
580,1,559.2138161802404,954.2138161802404,0.0
581,2,538.3077356589714,936.3077356589714,0.0
581,3,600.0,980.0,0.5100000000000002
581,1,560.4452749607643,954.5,0.0
582,2,539.2623298135733,937.2623298135733,0.0
582,3,600.0,980.0,0.5100000000000002
582,1,561.4158977082576,955.4158977082576,0.0
583,2,540.2169239681751,938.2169239681751,0.0
583,3,600.0,980.0,0.5100000000000002
583,1,561.6633850816729,956.6633850816729,0.0
584,2,541.171518122777,939.171518122777,0.0
584,3,600.0,980.0,0.5100000000000002
584,1,562.6179792362748,957.6179792362748,0.0
585,2,540.8738877226211,940.1261122773789,0.0
585,3,600.0,980.0,0.5100000000000002
585,1,563.6026342736451,958.5,0.0
586,2,539.9192935680193,941.0807064319807,0.0
586,3,600.0,980.0,0.5100000000000002
586,1,564.8200607642918,958.8200607642918,0.0
587,2,540.0353005865826,942.0353005865826,0.0
587,3,600.0,980.0,0.5100000000000002
587,1,565.8884207112719,959.5,0.0
588,2,540.9898947411845,942.9898947411845,0.0
588,3,600.0,980.0,0.5100000000000002
588,1,567.022142292309,960.022142292309,0.0
589,2,541.9444888957863,943.9444888957863,0.0
589,3,600.0,980.0,0.5100000000000002
589,1,567.5,961.1742071488989,0.0
590,2,542.8990830503882,944.8990830503882,0.0
590,3,600.0,980.0,0.5100000000000002
590,1,568.2242238203261,962.2242238203261,0.0
591,2,543.85367720499,945.85367720499,0.0
591,3,600.0,980.0,0.5100000000000002
591,1,569.1788179749279,963.1788179749279,0.0
592,2,544.1917286404081,946.8082713595919,0.0
592,3,600.0,980.0,0.5100000000000002
592,1,570.1334121295298,964.1334121295298,0.0
593,2,543.7628655141938,947.7628655141938,0.0
593,3,600.0,980.0,0.5100000000000002
593,1,570.5,965.3315664617796,0.0
594,2,544.7174596687956,948.7174596687956,0.0
594,3,600.0,980.0,0.5100000000000002
594,1,570.6283868763604,966.6283868763604,0.0
595,2,545.6720538233975,949.6720538233975,0.0
595,3,600.0,980.0,0.5100000000000002
595,1,571.5829810309623,967.5829810309623,0.0
596,2,546.6266479779994,950.6266479779994,0.0
596,3,600.0,980.0,0.5100000000000002
596,1,572.5375751855642,968.5375751855642,0.0
597,2,547.5812421326012,951.5812421326012,0.0
597,3,600.0,980.0,0.5100000000000002
597,1,573.492169340166,969.492169340166,0.0
598,2,548.5506801633877,952.5,0.0
598,3,600.0,980.0,0.5100000000000002
598,1,574.4467634947679,968.5532365052321,0.0
599,2,549.7833236606184,952.7833236606184,0.0
599,3,600.0,980.0,0.5100000000000002
599,1,575.4013576493697,969.4013576493697,0.0
600,2,550.8364666010146,953.5,0.0
600,3,600.0,980.0,0.5100000000000002
600,1,576.3559518039716,970.3559518039716,0.0
601,2,552.1864666010147,953.5,0.0
601,3,600.0,980.0,0.5100000000000002
601,1,577.3105459585735,971.3105459585735,0.0
602,2,553.2328925620509,954.2328925620509,0.0
602,3,600.0,980.0,0.5100000000000002
602,1,578.2651401131753,972.2651401131753,0.0
603,2,554.1874867166528,955.1874867166528,0.0
603,3,600.0,980.0,0.5100000000000002
603,1,578.5126274865906,973.5126274865906,0.0
604,2,555.4080394762685,955.5,0.0
604,3,600.0,980.0,0.5100000000000002
604,1,579.4672216411925,974.4672216411925,0.0
605,2,556.6824614634833,955.3175385365167,0.0
605,3,600.0,980.0,0.5100000000000002
605,1,580.4218157957944,973.5781842042056,0.0
606,2,557.6370556180851,954.3629443819149,0.0
606,3,600.0,980.0,0.5100000000000002
606,1,581.3764099503962,974.3764099503962,0.0
607,2,558.591649772687,953.591649772687,0.0
607,3,600.0,980.0,0.5100000000000002
607,1,582.3310041049981,975.3310041049981,0.0
608,2,559.5653987891493,954.5,0.0
608,3,600.0,980.0,0.5100000000000002
608,1,583.2855982596,976.2855982596,0.0
609,2,560.7937313007042,954.7937313007042,0.0
609,3,600.0,980.0,0.5100000000000002
609,1,584.2401924142018,977.2401924142018,0.0
610,2,561.5,955.8511852267762,0.0
610,3,600.0,980.0,0.5100000000000002
610,1,585.1947865688037,976.8052134311963,0.0
611,2,561.9958128287213,956.9958128287213,0.0
611,3,600.0,980.0,0.5100000000000002
611,1,586.4183630261838,976.5,0.0
612,2,562.9504069833232,957.9504069833232,0.0
612,3,600.0,980.0,0.5100000000000002
612,1,587.6897613156343,976.6897613156343,0.0
613,2,564.0727581020301,958.5,0.0
613,3,600.0,980.0,0.5100000000000002
613,1,588.6443554702362,977.6443554702362,0.0
614,2,565.1524885113403,959.1524885113403,0.0
614,3,600.0,980.0,0.5100000000000002
614,1,589.598949624838,978.401050375162,0.0
615,2,566.3585445396569,959.5,0.0
615,3,600.0,980.0,0.5100000000000002
615,1,590.5535437794399,977.5535437794399,0.0
616,2,567.3545700393573,960.3545700393573,0.0
616,3,600.0,980.0,0.5100000000000002
616,1,591.5081379340418,978.4918620659582,0.0
617,2,567.6020574127726,961.6020574127726,0.0
617,3,600.0,980.0,0.5100000000000002
617,1,592.4627320886436,977.5372679113564,0.0
618,2,568.5566515673745,962.5566515673745,0.0
618,3,600.0,980.0,0.5100000000000002
618,1,593.710219462059,977.710219462059,0.0
619,2,569.5112457219764,963.5112457219764,0.0
619,3,600.0,980.0,0.5100000000000002
619,1,594.7330816519454,978.5,0.0
620,2,570.4658398765782,964.4658398765782,0.0
620,3,600.0,980.0,0.5100000000000002
620,1,595.9123009900761,978.9123009900761,0.0
621,2,570.5,965.8016902901646,0.0
621,3,600.0,980.0,0.5100000000000002
621,1,597.0188680895724,979.5,0.0
622,2,570.9608146234089,966.9608146234089,0.0
622,3,600.0,980.0,0.5100000000000002
622,1,598.3688680895724,979.5,0.0
623,2,571.9154087780107,967.9154087780107,0.0
623,3,600.0,980.0,0.5100000000000002
623,1,599.3618698915085,980.3618698915085,0.0
624,2,572.8700029326126,968.8700029326126,0.0
624,3,600.0,980.0,0.5100000000000002
624,1,600.0,980.0,0.0
625,2,573.8245970872144,969.1754029127856,0.0
625,3,600.0,980.0,0.5100000000000002
625,1,600.0,980.0,0.0
626,2,574.7791912418163,968.7791912418163,0.0
626,3,600.0,980.0,0.5100000000000002
626,1,600.0,980.0,0.0
627,2,575.7337853964182,969.7337853964182,0.0
627,3,600.0,980.0,0.5100000000000002
627,1,600.0,980.0,0.0
628,2,576.68837955102,970.68837955102,0.0
628,3,600.0,980.0,0.5100000000000002
628,1,600.0,980.0,0.0
629,2,577.6429737056219,971.6429737056219,0.0
629,3,600.0,980.0,0.5100000000000002
629,1,600.0,980.0,0.0
630,2,578.5,972.6379817911801,0.0
630,3,600.0,980.0,0.5100000000000002
630,1,600.0,980.0,0.0
631,2,578.845055233639,973.845055233639,0.0
631,3,600.0,980.0,0.5100000000000002
631,1,600.0,980.0,0.0
632,2,579.7996493882408,974.2003506117592,0.0
632,3,600.0,980.0,0.5100000000000002
632,1,600.0,980.0,0.0
633,2,580.7542435428427,973.7542435428427,0.0
633,3,600.0,980.0,0.5100000000000002
633,1,600.0,980.0,0.0
634,2,581.7088376974446,974.7088376974446,0.0
634,3,600.0,980.0,0.5100000000000002
634,1,600.0,980.0,0.0
635,2,582.6634318520464,975.6634318520464,0.0
635,3,600.0,980.0,0.5100000000000002
635,1,600.0,980.0,0.0
636,2,583.6180260066483,976.6180260066483,0.0
636,3,600.0,980.0,0.5100000000000002
636,1,600.0,980.0,0.0
637,2,584.5726201612501,977.4273798387499,0.0
637,3,600.0,980.0,0.5100000000000002
637,1,600.0,980.0,0.0
638,2,585.5384868545685,976.5,0.0
638,3,600.0,980.0,0.5100000000000002
638,1,600.0,980.0,0.0
639,2,586.8884868545686,976.5,0.0
639,3,600.0,980.0,0.5100000000000002
639,1,600.0,980.0,0.0
640,2,588.0221890626825,977.0221890626825,0.0
640,3,600.0,980.0,0.5100000000000002
640,1,600.0,980.0,0.0
641,2,588.9767832172844,977.9767832172844,0.0
641,3,600.0,980.0,0.5100000000000002
641,1,600.0,980.0,0.0
642,2,589.9313773718862,978.0686226281138,0.0
642,3,600.0,980.0,0.5100000000000002
642,1,600.0,980.0,0.0
643,2,590.8859715264881,977.8859715264881,0.0
643,3,600.0,980.0,0.5100000000000002
643,1,600.0,980.0,0.0
644,2,591.84056568109,978.15943431891,0.0
644,3,600.0,980.0,0.5100000000000002
644,1,600.0,980.0,0.0
645,2,592.9174190427032,977.5,0.0
645,3,600.0,980.0,0.5100000000000002
645,1,600.0,980.0,0.0
646,2,594.0426472091071,978.0426472091071,0.0
646,3,600.0,980.0,0.5100000000000002
646,1,600.0,980.0,0.0
647,2,595.2032054803301,978.5,0.0
647,3,600.0,980.0,0.5100000000000002
647,1,600.0,980.0,0.0
648,2,596.2447287371242,979.2447287371242,0.0
648,3,600.0,980.0,0.5100000000000002
648,1,600.0,980.0,0.0
649,2,597.4889919179569,979.5,0.0
649,3,600.0,980.0,0.5100000000000002
649,1,600.0,980.0,0.0
650,2,598.7397034839548,979.7397034839548,0.0
650,3,600.0,980.0,0.5100000000000002
650,1,600.0,980.0,0.0
651,2,599.6942976385567,980.3057023614433,0.0
651,3,600.0,980.0,0.5100000000000002
651,1,600.0,980.0,0.0
652,2,600.0,980.0,0.0
652,3,600.0,980.0,0.5100000000000002
652,1,600.0,980.0,0.0
653,2,600.0,980.0,0.0
653,3,600.0,980.0,0.5100000000000002
653,1,600.0,980.0,0.0
654,2,600.0,980.0,0.0
654,3,600.0,980.0,0.5100000000000002
654,1,600.0,980.0,0.0
655,2,600.0,980.0,0.0
655,3,600.0,980.0,0.5100000000000002
655,1,600.0,980.0,0.0
656,2,600.0,980.0,0.0
656,3,600.0,980.0,0.5100000000000002
656,1,600.0,980.0,0.0
657,2,600.0,980.0,0.0
657,3,600.0,980.0,0.5100000000000002
657,1,600.0,980.0,0.0
658,2,600.0,980.0,0.0
658,3,600.0,980.0,0.5100000000000002
658,1,600.0,980.0,0.0
659,2,600.0,980.0,0.0
659,3,600.0,980.0,0.5100000000000002
659,1,600.0,980.0,0.0
660,2,600.0,980.0,0.0
660,3,600.0,980.0,0.5100000000000002
660,1,600.0,980.0,0.0
661,2,600.0,980.0,0.0
661,3,600.0,980.0,0.5100000000000002
661,1,600.0,980.0,0.0
662,2,600.0,980.0,0.0
662,3,600.0,980.0,0.5100000000000002
662,1,600.0,980.0,0.0
663,2,600.0,980.0,0.0
663,3,600.0,980.0,0.5100000000000002
663,1,600.0,980.0,0.0
664,2,600.0,980.0,0.0
664,3,600.0,980.0,0.5100000000000002
664,1,600.0,980.0,0.0
665,2,600.0,980.0,0.0
665,3,600.0,980.0,0.5100000000000002
665,1,600.0,980.0,0.0
666,2,600.0,980.0,0.0
666,3,600.0,980.0,0.5100000000000002
666,1,600.0,980.0,0.0
667,2,600.0,980.0,0.0
667,3,600.0,980.0,0.5100000000000002
667,1,600.0,980.0,0.0
668,2,600.0,980.0,0.0
668,3,600.0,980.0,0.5100000000000002
668,1,600.0,980.0,0.0
669,2,600.0,980.0,0.0
669,3,600.0,980.0,0.5100000000000002
669,1,600.0,980.0,0.0
670,2,600.0,980.0,0.0
670,3,600.0,980.0,0.5100000000000002
670,1,600.0,980.0,0.0
671,2,600.0,980.0,0.0
671,3,600.0,980.0,0.5100000000000002
671,1,600.0,980.0,0.0
672,2,600.0,980.0,0.0
672,3,600.0,980.0,0.5100000000000002
672,1,600.0,980.0,0.0
673,2,600.0,980.0,0.0
673,3,600.0,980.0,0.5100000000000002
673,1,600.0,980.0,0.0
674,2,600.0,980.0,0.0
674,3,600.0,980.0,0.5100000000000002
674,1,600.0,980.0,0.0
675,2,600.0,980.0,0.0
675,3,600.0,980.0,0.5100000000000002
675,1,600.0,980.0,0.0
676,2,600.0,980.0,0.0
676,3,600.0,980.0,0.5100000000000002
676,1,600.0,980.0,0.0
677,2,600.0,980.0,0.0
677,3,600.0,980.0,0.5100000000000002
677,1,600.0,980.0,0.0
678,2,600.0,980.0,0.0
678,3,600.0,980.0,0.5100000000000002
678,1,600.0,980.0,0.0
679,2,600.0,980.0,0.0
679,3,600.0,980.0,0.5100000000000002
679,1,600.0,980.0,0.0
680,2,600.0,980.0,0.0
680,3,600.0,980.0,0.5100000000000002
680,1,600.0,980.0,0.0
681,2,600.0,980.0,0.0
681,3,600.0,980.0,0.5100000000000002
681,1,600.0,980.0,0.0
682,2,600.0,980.0,0.0
682,3,600.0,980.0,0.5100000000000002
682,1,600.0,980.0,0.0
683,2,600.0,980.0,0.0
683,3,600.0,980.0,0.5100000000000002
683,1,600.0,980.0,0.0
684,2,600.0,980.0,0.0
684,3,600.0,980.0,0.5100000000000002
684,1,600.0,980.0,0.0
685,2,600.0,980.0,0.0
685,3,600.0,980.0,0.5100000000000002
685,1,600.0,980.0,0.0
686,2,600.0,980.0,0.0
686,3,600.0,980.0,0.5100000000000002
686,1,600.0,980.0,0.0
687,2,600.0,980.0,0.0
687,3,600.0,980.0,0.5100000000000002
687,1,600.0,980.0,0.0
688,2,600.0,980.0,0.0
688,3,600.0,980.0,0.5100000000000002
688,1,600.0,980.0,0.0
689,2,600.0,980.0,0.0
689,3,600.0,980.0,0.5100000000000002
689,1,600.0,980.0,0.0
690,2,600.0,980.0,0.0
690,3,600.0,980.0,0.5100000000000002
690,1,600.0,980.0,0.0
691,2,600.0,980.0,0.0
691,3,600.0,980.0,0.5100000000000002
691,1,600.0,980.0,0.0
692,2,600.0,980.0,0.0
692,3,600.0,980.0,0.5100000000000002
692,1,600.0,980.0,0.0
693,2,600.0,980.0,0.0
693,3,600.0,980.0,0.5100000000000002
693,1,600.0,980.0,0.0
694,2,600.0,980.0,0.0
694,3,600.0,980.0,0.5100000000000002
694,1,600.0,980.0,0.0
695,2,600.0,980.0,0.0
695,3,600.0,980.0,0.5100000000000002
695,1,600.0,980.0,0.0
696,2,600.0,980.0,0.0
696,3,600.0,980.0,0.5100000000000002
696,1,600.0,980.0,0.0
697,2,600.0,980.0,0.0
697,3,600.0,980.0,0.5100000000000002
697,1,600.0,980.0,0.0
698,2,600.0,980.0,0.0
698,3,600.0,980.0,0.5100000000000002
698,1,600.0,980.0,0.0
699,2,600.0,980.0,0.0
699,3,600.0,980.0,0.5100000000000002
699,1,600.0,980.0,0.0
700,2,600.0,980.0,0.0
700,3,600.0,980.0,0.5100000000000002
700,1,600.0,980.0,0.0
701,2,600.0,980.0,0.0
701,3,600.0,980.0,0.5100000000000002
701,1,600.0,980.0,0.0
702,2,600.0,980.0,0.0
702,3,600.0,980.0,0.5100000000000002
702,1,600.0,980.0,0.0
703,2,600.0,980.0,0.0
703,3,600.0,980.0,0.5100000000000002
703,1,600.0,980.0,0.0
704,2,600.0,980.0,0.0
704,3,600.0,980.0,0.5100000000000002
704,1,600.0,980.0,0.0
705,2,600.0,980.0,0.0
705,3,600.0,980.0,0.5100000000000002
705,1,600.0,980.0,0.0
706,2,600.0,980.0,0.0
706,3,600.0,980.0,0.5100000000000002
706,1,600.0,980.0,0.0
707,2,600.0,980.0,0.0
707,3,600.0,980.0,0.5100000000000002
707,1,600.0,980.0,0.0
708,2,600.0,980.0,0.0
708,3,600.0,980.0,0.5100000000000002
708,1,600.0,980.0,0.0
709,2,600.0,980.0,0.0
709,3,600.0,980.0,0.5100000000000002
709,1,600.0,980.0,0.0
710,2,600.0,980.0,0.0
710,3,600.0,980.0,0.5100000000000002
710,1,600.0,980.0,0.0
711,2,600.0,980.0,0.0
711,3,600.0,980.0,0.5100000000000002
711,1,600.0,980.0,0.0
712,2,600.0,980.0,0.0
712,3,600.0,980.0,0.5100000000000002
712,1,600.0,980.0,0.0
713,2,600.0,980.0,0.0
713,3,600.0,980.0,0.5100000000000002
713,1,600.0,980.0,0.0
714,2,600.0,980.0,0.0
714,3,600.0,980.0,0.5100000000000002
714,1,600.0,980.0,0.0
715,2,600.0,980.0,0.0
715,3,600.0,980.0,0.5100000000000002
715,1,600.0,980.0,0.0
716,2,600.0,980.0,0.0
716,3,600.0,980.0,0.5100000000000002
716,1,600.0,980.0,0.0
717,2,600.0,980.0,0.0
717,3,600.0,980.0,0.5100000000000002
717,1,600.0,980.0,0.0
718,2,600.0,980.0,0.0
718,3,600.0,980.0,0.5100000000000002
718,1,600.0,980.0,0.0
719,2,600.0,980.0,0.0
719,3,600.0,980.0,0.5100000000000002
719,1,600.0,980.0,0.0
720,2,600.0,980.0,0.0
720,3,600.0,980.0,0.5100000000000002
720,1,600.0,980.0,0.0
721,2,600.0,980.0,0.0
721,3,600.0,980.0,0.5100000000000002
721,1,600.0,980.0,0.0
722,2,600.0,980.0,0.0
722,3,600.0,980.0,0.5100000000000002
722,1,600.0,980.0,0.0
723,2,600.0,980.0,0.0
723,3,600.0,980.0,0.5100000000000002
723,1,600.0,980.0,0.0
724,2,600.0,980.0,0.0
724,3,600.0,980.0,0.5100000000000002
724,1,600.0,980.0,0.0
725,2,600.0,980.0,0.0
725,3,600.0,980.0,0.5100000000000002
725,1,600.0,980.0,0.0
726,2,600.0,980.0,0.0
726,3,600.0,980.0,0.5100000000000002
726,1,600.0,980.0,0.0
727,2,600.0,980.0,0.0
727,3,600.0,980.0,0.5100000000000002
727,1,600.0,980.0,0.0
728,2,600.0,980.0,0.0
728,3,600.0,980.0,0.5100000000000002
728,1,600.0,980.0,0.0
729,2,600.0,980.0,0.0
729,3,600.0,980.0,0.5100000000000002
729,1,600.0,980.0,0.0
730,2,600.0,980.0,0.0
730,3,600.0,980.0,0.5100000000000002
730,1,600.0,980.0,0.0
731,2,600.0,980.0,0.0
731,3,600.0,980.0,0.5100000000000002
731,1,600.0,980.0,0.0
732,2,600.0,980.0,0.0
732,3,600.0,980.0,0.5100000000000002
732,1,600.0,980.0,0.0
733,2,600.0,980.0,0.0
733,3,600.0,980.0,0.5100000000000002
733,1,600.0,980.0,0.0
734,2,600.0,980.0,0.0
734,3,600.0,980.0,0.5100000000000002
734,1,600.0,980.0,0.0
735,2,600.0,980.0,0.0
735,3,600.0,980.0,0.5100000000000002
735,1,600.0,980.0,0.0
736,2,600.0,980.0,0.0
736,3,600.0,980.0,0.5100000000000002
736,1,600.0,980.0,0.0
737,2,600.0,980.0,0.0
737,3,600.0,980.0,0.5100000000000002
737,1,600.0,980.0,0.0
738,2,600.0,980.0,0.0
738,3,600.0,980.0,0.5100000000000002
738,1,600.0,980.0,0.0
739,2,600.0,980.0,0.0
739,3,600.0,980.0,0.5100000000000002
739,1,600.0,980.0,0.0
740,2,600.0,980.0,0.0
740,3,600.0,980.0,0.5100000000000002
740,1,600.0,980.0,0.0
741,2,600.0,980.0,0.0
741,3,600.0,980.0,0.5100000000000002
741,1,600.0,980.0,0.0
742,2,600.0,980.0,0.0
742,3,600.0,980.0,0.5100000000000002
742,1,600.0,980.0,0.0
743,2,600.0,980.0,0.0
743,3,600.0,980.0,0.5100000000000002
743,1,600.0,980.0,0.0
744,2,600.0,980.0,0.0
744,3,600.0,980.0,0.5100000000000002
744,1,600.0,980.0,0.0
745,2,600.0,980.0,0.0
745,3,600.0,980.0,0.5100000000000002
745,1,600.0,980.0,0.0
746,2,600.0,980.0,0.0
746,3,600.0,980.0,0.5100000000000002
746,1,600.0,980.0,0.0
747,2,600.0,980.0,0.0
747,3,600.0,980.0,0.5100000000000002
747,1,600.0,980.0,0.0
748,2,600.0,980.0,0.0
748,3,600.0,980.0,0.5100000000000002
748,1,600.0,980.0,0.0
749,2,600.0,980.0,0.0
749,3,600.0,980.0,0.5100000000000002
749,1,600.0,980.0,0.0
750,2,600.0,980.0,0.0
750,3,600.0,980.0,0.5100000000000002
750,1,600.0,980.0,0.0
751,2,600.0,980.0,0.0
751,3,600.0,980.0,0.5100000000000002
751,1,600.0,980.0,0.0
752,2,600.0,980.0,0.0
752,3,600.0,980.0,0.5100000000000002
752,1,600.0,980.0,0.0
753,2,600.0,980.0,0.0
753,3,600.0,980.0,0.5100000000000002
753,1,600.0,980.0,0.0
754,2,600.0,980.0,0.0
754,3,600.0,980.0,0.5100000000000002
754,1,600.0,980.0,0.0
755,2,600.0,980.0,0.0
755,3,600.0,980.0,0.5100000000000002
755,1,600.0,980.0,0.0
756,2,600.0,980.0,0.0
756,3,600.0,980.0,0.5100000000000002
756,1,600.0,980.0,0.0
757,2,600.0,980.0,0.0
757,3,600.0,980.0,0.5100000000000002
757,1,600.0,980.0,0.0
758,2,600.0,980.0,0.0
758,3,600.0,980.0,0.5100000000000002
758,1,600.0,980.0,0.0
759,2,600.0,980.0,0.0
759,3,600.0,980.0,0.5100000000000002
759,1,600.0,980.0,0.0
760,2,600.0,980.0,0.0
760,3,600.0,980.0,0.5100000000000002
760,1,600.0,980.0,0.0
761,2,600.0,980.0,0.0
761,3,600.0,980.0,0.5100000000000002
761,1,600.0,980.0,0.0
762,2,600.0,980.0,0.0
762,3,600.0,980.0,0.5100000000000002
762,1,600.0,980.0,0.0
763,2,600.0,980.0,0.0
763,3,600.0,980.0,0.5100000000000002
763,1,600.0,980.0,0.0
764,2,600.0,980.0,0.0
764,3,600.0,980.0,0.5100000000000002
764,1,600.0,980.0,0.0
765,2,600.0,980.0,0.0
765,3,600.0,980.0,0.5100000000000002
765,1,600.0,980.0,0.0
766,2,600.0,980.0,0.0
766,3,600.0,980.0,0.5100000000000002
766,1,600.0,980.0,0.0
767,2,600.0,980.0,0.0
767,3,600.0,980.0,0.5100000000000002
767,1,600.0,980.0,0.0
768,2,600.0,980.0,0.0
768,3,600.0,980.0,0.5100000000000002
768,1,600.0,980.0,0.0
769,2,600.0,980.0,0.0
769,3,600.0,980.0,0.5100000000000002
769,1,600.0,980.0,0.0
770,2,600.0,980.0,0.0
770,3,600.0,980.0,0.5100000000000002
770,1,600.0,980.0,0.0
771,2,600.0,980.0,0.0
771,3,600.0,980.0,0.5100000000000002
771,1,600.0,980.0,0.0
772,2,600.0,980.0,0.0
772,3,600.0,980.0,0.5100000000000002
772,1,600.0,980.0,0.0
773,2,600.0,980.0,0.0
773,3,600.0,980.0,0.5100000000000002
773,1,600.0,980.0,0.0
774,2,600.0,980.0,0.0
774,3,600.0,980.0,0.5100000000000002
774,1,600.0,980.0,0.0
775,2,600.0,980.0,0.0
775,3,600.0,980.0,0.5100000000000002
775,1,600.0,980.0,0.0
776,2,600.0,980.0,0.0
776,3,600.0,980.0,0.5100000000000002
776,1,600.0,980.0,0.0
777,2,600.0,980.0,0.0
777,3,600.0,980.0,0.5100000000000002
777,1,600.0,980.0,0.0
778,2,600.0,980.0,0.0
778,3,600.0,980.0,0.5100000000000002
778,1,600.0,980.0,0.0
779,2,600.0,980.0,0.0
779,3,600.0,980.0,0.5100000000000002
779,1,600.0,980.0,0.0
780,2,600.0,980.0,0.0
780,3,600.0,980.0,0.5100000000000002
780,1,600.0,980.0,0.0
781,2,600.0,980.0,0.0
781,3,600.0,980.0,0.5100000000000002
781,1,600.0,980.0,0.0
782,2,600.0,980.0,0.0
782,3,600.0,980.0,0.5100000000000002
782,1,600.0,980.0,0.0
783,2,600.0,980.0,0.0
783,3,600.0,980.0,0.5100000000000002
783,1,600.0,980.0,0.0
784,2,600.0,980.0,0.0
784,3,600.0,980.0,0.5100000000000002
784,1,600.0,980.0,0.0
785,2,600.0,980.0,0.0
785,3,600.0,980.0,0.5100000000000002
785,1,600.0,980.0,0.0
786,2,600.0,980.0,0.0
786,3,600.0,980.0,0.5100000000000002
786,1,600.0,980.0,0.0
787,2,600.0,980.0,0.0
787,3,600.0,980.0,0.5100000000000002
787,1,600.0,980.0,0.0
788,2,600.0,980.0,0.0
788,3,600.0,980.0,0.5100000000000002
788,1,600.0,980.0,0.0
789,2,600.0,980.0,0.0
789,3,600.0,980.0,0.5100000000000002
789,1,600.0,980.0,0.0
790,2,600.0,980.0,0.0
790,3,600.0,980.0,0.5100000000000002
790,1,600.0,980.0,0.0
791,2,600.0,980.0,0.0
791,3,600.0,980.0,0.5100000000000002
791,1,600.0,980.0,0.0
792,2,600.0,980.0,0.0
792,3,600.0,980.0,0.5100000000000002
792,1,600.0,980.0,0.0
793,2,600.0,980.0,0.0
793,3,600.0,980.0,0.5100000000000002
793,1,600.0,980.0,0.0
794,2,600.0,980.0,0.0
794,3,600.0,980.0,0.5100000000000002
794,1,600.0,980.0,0.0
795,2,600.0,980.0,0.0
795,3,600.0,980.0,0.5100000000000002
795,1,600.0,980.0,0.0
796,2,600.0,980.0,0.0
796,3,600.0,980.0,0.5100000000000002
796,1,600.0,980.0,0.0
797,2,600.0,980.0,0.0
797,3,600.0,980.0,0.5100000000000002
797,1,600.0,980.0,0.0
798,2,600.0,980.0,0.0
798,3,600.0,980.0,0.5100000000000002
798,1,600.0,980.0,0.0
799,2,600.0,980.0,0.0
799,3,600.0,980.0,0.5100000000000002
799,1,600.0,980.0,0.0
800,2,600.0,980.0,0.0
800,3,600.0,980.0,0.5100000000000002
800,1,600.0,980.0,0.0
801,2,600.0,980.0,0.0
801,3,600.0,980.0,0.5100000000000002
801,1,600.0,980.0,0.0
802,2,600.0,980.0,0.0
802,3,600.0,980.0,0.5100000000000002
802,1,600.0,980.0,0.0
803,2,600.0,980.0,0.0
803,3,600.0,980.0,0.5100000000000002
803,1,600.0,980.0,0.0
804,2,600.0,980.0,0.0
804,3,600.0,980.0,0.5100000000000002
804,1,600.0,980.0,0.0
805,2,600.0,980.0,0.0
805,3,600.0,980.0,0.5100000000000002
805,1,600.0,980.0,0.0
806,2,600.0,980.0,0.0
806,3,600.0,980.0,0.5100000000000002
806,1,600.0,980.0,0.0
807,2,600.0,980.0,0.0
807,3,600.0,980.0,0.5100000000000002
807,1,600.0,980.0,0.0
808,2,600.0,980.0,0.0
808,3,600.0,980.0,0.5100000000000002
808,1,600.0,980.0,0.0
809,2,600.0,980.0,0.0
809,3,600.0,980.0,0.5100000000000002
809,1,600.0,980.0,0.0
810,2,600.0,980.0,0.0
810,3,600.0,980.0,0.5100000000000002
810,1,600.0,980.0,0.0
811,2,600.0,980.0,0.0
811,3,600.0,980.0,0.5100000000000002
811,1,600.0,980.0,0.0
812,2,600.0,980.0,0.0
812,3,600.0,980.0,0.5100000000000002
812,1,600.0,980.0,0.0
813,2,600.0,980.0,0.0
813,3,600.0,980.0,0.5100000000000002
813,1,600.0,980.0,0.0
814,2,600.0,980.0,0.0
814,3,600.0,980.0,0.5100000000000002
814,1,600.0,980.0,0.0
815,2,600.0,980.0,0.0
815,3,600.0,980.0,0.5100000000000002
815,1,600.0,980.0,0.0
816,2,600.0,980.0,0.0
816,3,600.0,980.0,0.5100000000000002
816,1,600.0,980.0,0.0
817,2,600.0,980.0,0.0
817,3,600.0,980.0,0.5100000000000002
817,1,600.0,980.0,0.0
818,2,600.0,980.0,0.0
818,3,600.0,980.0,0.5100000000000002
818,1,600.0,980.0,0.0
819,2,600.0,980.0,0.0
819,3,600.0,980.0,0.5100000000000002
819,1,600.0,980.0,0.0
820,2,600.0,980.0,0.0
820,3,600.0,980.0,0.5100000000000002
820,1,600.0,980.0,0.0
821,2,600.0,980.0,0.0
821,3,600.0,980.0,0.5100000000000002
821,1,600.0,980.0,0.0
822,2,600.0,980.0,0.0
822,3,600.0,980.0,0.5100000000000002
822,1,600.0,980.0,0.0
823,2,600.0,980.0,0.0
823,3,600.0,980.0,0.5100000000000002
823,1,600.0,980.0,0.0
824,2,600.0,980.0,0.0
824,3,600.0,980.0,0.5100000000000002
824,1,600.0,980.0,0.0
825,2,600.0,980.0,0.0
825,3,600.0,980.0,0.5100000000000002
825,1,600.0,980.0,0.0
826,2,600.0,980.0,0.0
826,3,600.0,980.0,0.5100000000000002
826,1,600.0,980.0,0.0
827,2,600.0,980.0,0.0
827,3,600.0,980.0,0.5100000000000002
827,1,600.0,980.0,0.0
828,2,600.0,980.0,0.0
828,3,600.0,980.0,0.5100000000000002
828,1,600.0,980.0,0.0
829,2,600.0,980.0,0.0
829,3,600.0,980.0,0.5100000000000002
829,1,600.0,980.0,0.0
830,2,600.0,980.0,0.0
830,3,600.0,980.0,0.5100000000000002
830,1,600.0,980.0,0.0
831,2,600.0,980.0,0.0
831,3,600.0,980.0,0.5100000000000002
831,1,600.0,980.0,0.0
832,2,600.0,980.0,0.0
832,3,600.0,980.0,0.5100000000000002
832,1,600.0,980.0,0.0
833,2,600.0,980.0,0.0
833,3,600.0,980.0,0.5100000000000002
833,1,600.0,980.0,0.0
834,2,600.0,980.0,0.0
834,3,600.0,980.0,0.5100000000000002
834,1,600.0,980.0,0.0
835,2,600.0,980.0,0.0
835,3,600.0,980.0,0.5100000000000002
835,1,600.0,980.0,0.0
836,2,600.0,980.0,0.0
836,3,600.0,980.0,0.5100000000000002
836,1,600.0,980.0,0.0
837,2,600.0,980.0,0.0
837,3,600.0,980.0,0.5100000000000002
837,1,600.0,980.0,0.0
838,2,600.0,980.0,0.0
838,3,600.0,980.0,0.5100000000000002
838,1,600.0,980.0,0.0
839,2,600.0,980.0,0.0
839,3,600.0,980.0,0.5100000000000002
839,1,600.0,980.0,0.0
840,2,600.0,980.0,0.0
840,3,600.0,980.0,0.5100000000000002
840,1,600.0,980.0,0.0
841,2,600.0,980.0,0.0
841,3,600.0,980.0,0.5100000000000002
841,1,600.0,980.0,0.0
842,2,600.0,980.0,0.0
842,3,600.0,980.0,0.5100000000000002
842,1,600.0,980.0,0.0
843,2,600.0,980.0,0.0
843,3,600.0,980.0,0.5100000000000002
843,1,600.0,980.0,0.0
844,2,600.0,980.0,0.0
844,3,600.0,980.0,0.5100000000000002
844,1,600.0,980.0,0.0
845,2,600.0,980.0,0.0
845,3,600.0,980.0,0.5100000000000002
845,1,600.0,980.0,0.0
846,2,600.0,980.0,0.0
846,3,600.0,980.0,0.5100000000000002
846,1,600.0,980.0,0.0
847,2,600.0,980.0,0.0
847,3,600.0,980.0,0.5100000000000002
847,1,600.0,980.0,0.0
848,2,600.0,980.0,0.0
848,3,600.0,980.0,0.5100000000000002
848,1,600.0,980.0,0.0
849,2,600.0,980.0,0.0
849,3,600.0,980.0,0.5100000000000002
849,1,600.0,980.0,0.0
850,2,600.0,980.0,0.0
850,3,600.0,980.0,0.5100000000000002
850,1,600.0,980.0,0.0
851,2,600.0,980.0,0.0
851,3,600.0,980.0,0.5100000000000002
851,1,600.0,980.0,0.0
852,2,600.0,980.0,0.0
852,3,600.0,980.0,0.5100000000000002
852,1,600.0,980.0,0.0
853,2,600.0,980.0,0.0
853,3,600.0,980.0,0.5100000000000002
853,1,600.0,980.0,0.0
854,2,600.0,980.0,0.0
854,3,600.0,980.0,0.5100000000000002
854,1,600.0,980.0,0.0
855,2,600.0,980.0,0.0
855,3,600.0,980.0,0.5100000000000002
855,1,600.0,980.0,0.0
856,2,600.0,980.0,0.0
856,3,600.0,980.0,0.5100000000000002
856,1,600.0,980.0,0.0
857,2,600.0,980.0,0.0
857,3,600.0,980.0,0.5100000000000002
857,1,600.0,980.0,0.0
858,2,600.0,980.0,0.0
858,3,600.0,980.0,0.5100000000000002
858,1,600.0,980.0,0.0
859,2,600.0,980.0,0.0
859,3,600.0,980.0,0.5100000000000002
859,1,600.0,980.0,0.0
860,2,600.0,980.0,0.0
860,3,600.0,980.0,0.5100000000000002
860,1,600.0,980.0,0.0
861,2,600.0,980.0,0.0
861,3,600.0,980.0,0.5100000000000002
861,1,600.0,980.0,0.0
862,2,600.0,980.0,0.0
862,3,600.0,980.0,0.5100000000000002
862,1,600.0,980.0,0.0
863,2,600.0,980.0,0.0
863,3,600.0,980.0,0.5100000000000002
863,1,600.0,980.0,0.0
864,2,600.0,980.0,0.0
864,3,600.0,980.0,0.5100000000000002
864,1,600.0,980.0,0.0
865,2,600.0,980.0,0.0
865,3,600.0,980.0,0.5100000000000002
865,1,600.0,980.0,0.0
866,2,600.0,980.0,0.0
866,3,600.0,980.0,0.5100000000000002
866,1,600.0,980.0,0.0
867,2,600.0,980.0,0.0
867,3,600.0,980.0,0.5100000000000002
867,1,600.0,980.0,0.0
868,2,600.0,980.0,0.0
868,3,600.0,980.0,0.5100000000000002
868,1,600.0,980.0,0.0
869,2,600.0,980.0,0.0
869,3,600.0,980.0,0.5100000000000002
869,1,600.0,980.0,0.0
870,2,600.0,980.0,0.0
870,3,600.0,980.0,0.5100000000000002
870,1,600.0,980.0,0.0
871,2,600.0,980.0,0.0
871,3,600.0,980.0,0.5100000000000002
871,1,600.0,980.0,0.0
872,2,600.0,980.0,0.0
872,3,600.0,980.0,0.5100000000000002
872,1,600.0,980.0,0.0
873,2,600.0,980.0,0.0
873,3,600.0,980.0,0.5100000000000002
873,1,600.0,980.0,0.0
874,2,600.0,980.0,0.0
874,3,600.0,980.0,0.5100000000000002
874,1,600.0,980.0,0.0
875,2,600.0,980.0,0.0
875,3,600.0,980.0,0.5100000000000002
875,1,600.0,980.0,0.0
876,2,600.0,980.0,0.0
876,3,600.0,980.0,0.5100000000000002
876,1,600.0,980.0,0.0
877,2,600.0,980.0,0.0
877,3,600.0,980.0,0.5100000000000002
877,1,600.0,980.0,0.0
878,2,600.0,980.0,0.0
878,3,600.0,980.0,0.5100000000000002
878,1,600.0,980.0,0.0
879,2,600.0,980.0,0.0
879,3,600.0,980.0,0.5100000000000002
879,1,600.0,980.0,0.0
880,2,600.0,980.0,0.0
880,3,600.0,980.0,0.5100000000000002
880,1,600.0,980.0,0.0
881,2,600.0,980.0,0.0
881,3,600.0,980.0,0.5100000000000002
881,1,600.0,980.0,0.0
882,2,600.0,980.0,0.0
882,3,600.0,980.0,0.5100000000000002
882,1,600.0,980.0,0.0
883,2,600.0,980.0,0.0
883,3,600.0,980.0,0.5100000000000002
883,1,600.0,980.0,0.0
884,2,600.0,980.0,0.0
884,3,600.0,980.0,0.5100000000000002
884,1,600.0,980.0,0.0
885,2,600.0,980.0,0.0
885,3,600.0,980.0,0.5100000000000002
885,1,600.0,980.0,0.0
886,2,600.0,980.0,0.0
886,3,600.0,980.0,0.5100000000000002
886,1,600.0,980.0,0.0
887,2,600.0,980.0,0.0
887,3,600.0,980.0,0.5100000000000002
887,1,600.0,980.0,0.0
888,2,600.0,980.0,0.0
888,3,600.0,980.0,0.5100000000000002
888,1,600.0,980.0,0.0
889,2,600.0,980.0,0.0
889,3,600.0,980.0,0.5100000000000002
889,1,600.0,980.0,0.0
890,2,600.0,980.0,0.0
890,3,600.0,980.0,0.5100000000000002
890,1,600.0,980.0,0.0
891,2,600.0,980.0,0.0
891,3,600.0,980.0,0.5100000000000002
891,1,600.0,980.0,0.0
892,2,600.0,980.0,0.0
892,3,600.0,980.0,0.5100000000000002
892,1,600.0,980.0,0.0
893,2,600.0,980.0,0.0
893,3,600.0,980.0,0.5100000000000002
893,1,600.0,980.0,0.0
894,2,600.0,980.0,0.0
894,3,600.0,980.0,0.5100000000000002
894,1,600.0,980.0,0.0
895,2,600.0,980.0,0.0
895,3,600.0,980.0,0.5100000000000002
895,1,600.0,980.0,0.0
896,2,600.0,980.0,0.0
896,3,600.0,980.0,0.5100000000000002
896,1,600.0,980.0,0.0
897,2,600.0,980.0,0.0
897,3,600.0,980.0,0.5100000000000002
897,1,600.0,980.0,0.0
898,2,600.0,980.0,0.0
898,3,600.0,980.0,0.5100000000000002
898,1,600.0,980.0,0.0
899,2,600.0,980.0,0.0
899,3,600.0,980.0,0.5100000000000002
899,1,600.0,980.0,0.0
900,2,600.0,980.0,0.0
900,3,600.0,980.0,0.5100000000000002
900,1,600.0,980.0,0.0
901,2,600.0,980.0,0.0
901,3,600.0,980.0,0.5100000000000002
901,1,600.0,980.0,0.0
902,2,600.0,980.0,0.0
902,3,600.0,980.0,0.5100000000000002
902,1,600.0,980.0,0.0
903,2,600.0,980.0,0.0
903,3,600.0,980.0,0.5100000000000002
903,1,600.0,980.0,0.0
904,2,600.0,980.0,0.0
904,3,600.0,980.0,0.5100000000000002
904,1,600.0,980.0,0.0
905,2,600.0,980.0,0.0
905,3,600.0,980.0,0.5100000000000002
905,1,600.0,980.0,0.0
906,2,600.0,980.0,0.0
906,3,600.0,980.0,0.5100000000000002
906,1,600.0,980.0,0.0
907,2,600.0,980.0,0.0
907,3,600.0,980.0,0.5100000000000002
907,1,600.0,980.0,0.0
908,2,600.0,980.0,0.0
908,3,600.0,980.0,0.5100000000000002
908,1,600.0,980.0,0.0
909,2,600.0,980.0,0.0
909,3,600.0,980.0,0.5100000000000002
909,1,600.0,980.0,0.0
910,2,600.0,980.0,0.0
910,3,600.0,980.0,0.5100000000000002
910,1,600.0,980.0,0.0
911,2,600.0,980.0,0.0
911,3,600.0,980.0,0.5100000000000002
911,1,600.0,980.0,0.0
912,2,600.0,980.0,0.0
912,3,600.0,980.0,0.5100000000000002
912,1,600.0,980.0,0.0
913,2,600.0,980.0,0.0
913,3,600.0,980.0,0.5100000000000002
913,1,600.0,980.0,0.0
914,2,600.0,980.0,0.0
914,3,600.0,980.0,0.5100000000000002
914,1,600.0,980.0,0.0
915,2,600.0,980.0,0.0
915,3,600.0,980.0,0.5100000000000002
915,1,600.0,980.0,0.0
916,2,600.0,980.0,0.0
916,3,600.0,980.0,0.5100000000000002
916,1,600.0,980.0,0.0
917,2,600.0,980.0,0.0
917,3,600.0,980.0,0.5100000000000002
917,1,600.0,980.0,0.0
918,2,600.0,980.0,0.0
918,3,600.0,980.0,0.5100000000000002
918,1,600.0,980.0,0.0
919,2,600.0,980.0,0.0
919,3,600.0,980.0,0.5100000000000002
919,1,600.0,980.0,0.0
920,2,600.0,980.0,0.0
920,3,600.0,980.0,0.5100000000000002
920,1,600.0,980.0,0.0
921,2,600.0,980.0,0.0
921,3,600.0,980.0,0.5100000000000002
921,1,600.0,980.0,0.0
922,2,600.0,980.0,0.0
922,3,600.0,980.0,0.5100000000000002
922,1,600.0,980.0,0.0
923,2,600.0,980.0,0.0
923,3,600.0,980.0,0.5100000000000002
923,1,600.0,980.0,0.0
924,2,600.0,980.0,0.0
924,3,600.0,980.0,0.5100000000000002
924,1,600.0,980.0,0.0
925,2,600.0,980.0,0.0
925,3,600.0,980.0,0.5100000000000002
925,1,600.0,980.0,0.0
926,2,600.0,980.0,0.0
926,3,600.0,980.0,0.5100000000000002
926,1,600.0,980.0,0.0
927,2,600.0,980.0,0.0
927,3,600.0,980.0,0.5100000000000002
927,1,600.0,980.0,0.0
928,2,600.0,980.0,0.0
928,3,600.0,980.0,0.5100000000000002
928,1,600.0,980.0,0.0
929,2,600.0,980.0,0.0
929,3,600.0,980.0,0.5100000000000002
929,1,600.0,980.0,0.0
930,2,600.0,980.0,0.0
930,3,600.0,980.0,0.5100000000000002
930,1,600.0,980.0,0.0
931,2,600.0,980.0,0.0
931,3,600.0,980.0,0.5100000000000002
931,1,600.0,980.0,0.0
932,2,600.0,980.0,0.0
932,3,600.0,980.0,0.5100000000000002
932,1,600.0,980.0,0.0
933,2,600.0,980.0,0.0
933,3,600.0,980.0,0.5100000000000002
933,1,600.0,980.0,0.0
934,2,600.0,980.0,0.0
934,3,600.0,980.0,0.5100000000000002
934,1,600.0,980.0,0.0
935,2,600.0,980.0,0.0
935,3,600.0,980.0,0.5100000000000002
935,1,600.0,980.0,0.0
936,2,600.0,980.0,0.0
936,3,600.0,980.0,0.5100000000000002
936,1,600.0,980.0,0.0
937,2,600.0,980.0,0.0
937,3,600.0,980.0,0.5100000000000002
937,1,600.0,980.0,0.0
938,2,600.0,980.0,0.0
938,3,600.0,980.0,0.5100000000000002
938,1,600.0,980.0,0.0
939,2,600.0,980.0,0.0
939,3,600.0,980.0,0.5100000000000002
939,1,600.0,980.0,0.0
940,2,600.0,980.0,0.0
940,3,600.0,980.0,0.5100000000000002
940,1,600.0,980.0,0.0
941,2,600.0,980.0,0.0
941,3,600.0,980.0,0.5100000000000002
941,1,600.0,980.0,0.0
942,2,600.0,980.0,0.0
942,3,600.0,980.0,0.5100000000000002
942,1,600.0,980.0,0.0
943,2,600.0,980.0,0.0
943,3,600.0,980.0,0.5100000000000002
943,1,600.0,980.0,0.0
944,2,600.0,980.0,0.0
944,3,600.0,980.0,0.5100000000000002
944,1,600.0,980.0,0.0
945,2,600.0,980.0,0.0
945,3,600.0,980.0,0.5100000000000002
945,1,600.0,980.0,0.0
946,2,600.0,980.0,0.0
946,3,600.0,980.0,0.5100000000000002
946,1,600.0,980.0,0.0
947,2,600.0,980.0,0.0
947,3,600.0,980.0,0.5100000000000002
947,1,600.0,980.0,0.0
948,2,600.0,980.0,0.0
948,3,600.0,980.0,0.5100000000000002
948,1,600.0,980.0,0.0
949,2,600.0,980.0,0.0
949,3,600.0,980.0,0.5100000000000002
949,1,600.0,980.0,0.0
950,2,600.0,980.0,0.0
950,3,600.0,980.0,0.5100000000000002
950,1,600.0,980.0,0.0
951,2,600.0,980.0,0.0
951,3,600.0,980.0,0.5100000000000002
951,1,600.0,980.0,0.0
952,2,600.0,980.0,0.0
952,3,600.0,980.0,0.5100000000000002
952,1,600.0,980.0,0.0
953,2,600.0,980.0,0.0
953,3,600.0,980.0,0.5100000000000002
953,1,600.0,980.0,0.0
954,2,600.0,980.0,0.0
954,3,600.0,980.0,0.5100000000000002
954,1,600.0,980.0,0.0
955,2,600.0,980.0,0.0
955,3,600.0,980.0,0.5100000000000002
955,1,600.0,980.0,0.0
956,2,600.0,980.0,0.0
956,3,600.0,980.0,0.5100000000000002
956,1,600.0,980.0,0.0
957,2,600.0,980.0,0.0
957,3,600.0,980.0,0.5100000000000002
957,1,600.0,980.0,0.0
958,2,600.0,980.0,0.0
958,3,600.0,980.0,0.5100000000000002
958,1,600.0,980.0,0.0
959,2,600.0,980.0,0.0
959,3,600.0,980.0,0.5100000000000002
959,1,600.0,980.0,0.0
960,2,600.0,980.0,0.0
960,3,600.0,980.0,0.5100000000000002
960,1,600.0,980.0,0.0
961,2,600.0,980.0,0.0
961,3,600.0,980.0,0.5100000000000002
961,1,600.0,980.0,0.0
962,2,600.0,980.0,0.0
962,3,600.0,980.0,0.5100000000000002
962,1,600.0,980.0,0.0
963,2,600.0,980.0,0.0
963,3,600.0,980.0,0.5100000000000002
963,1,600.0,980.0,0.0
964,2,600.0,980.0,0.0
964,3,600.0,980.0,0.5100000000000002
964,1,600.0,980.0,0.0
965,2,600.0,980.0,0.0
965,3,600.0,980.0,0.5100000000000002
965,1,600.0,980.0,0.0
966,2,600.0,980.0,0.0
966,3,600.0,980.0,0.5100000000000002
966,1,600.0,980.0,0.0
967,2,600.0,980.0,0.0
967,3,600.0,980.0,0.5100000000000002
967,1,600.0,980.0,0.0
968,2,600.0,980.0,0.0
968,3,600.0,980.0,0.5100000000000002
968,1,600.0,980.0,0.0
969,2,600.0,980.0,0.0
969,3,600.0,980.0,0.5100000000000002
969,1,600.0,980.0,0.0
970,2,600.0,980.0,0.0
970,3,600.0,980.0,0.5100000000000002
970,1,600.0,980.0,0.0
971,2,600.0,980.0,0.0
971,3,600.0,980.0,0.5100000000000002
971,1,600.0,980.0,0.0
972,2,600.0,980.0,0.0
972,3,600.0,980.0,0.5100000000000002
972,1,600.0,980.0,0.0
973,2,600.0,980.0,0.0
973,3,600.0,980.0,0.5100000000000002
973,1,600.0,980.0,0.0
974,2,600.0,980.0,0.0
974,3,600.0,980.0,0.5100000000000002
974,1,600.0,980.0,0.0
975,2,600.0,980.0,0.0
975,3,600.0,980.0,0.5100000000000002
975,1,600.0,980.0,0.0
976,2,600.0,980.0,0.0
976,3,600.0,980.0,0.5100000000000002
976,1,600.0,980.0,0.0
977,2,600.0,980.0,0.0
977,3,600.0,980.0,0.5100000000000002
977,1,600.0,980.0,0.0
978,2,600.0,980.0,0.0
978,3,600.0,980.0,0.5100000000000002
978,1,600.0,980.0,0.0
979,2,600.0,980.0,0.0
979,3,600.0,980.0,0.5100000000000002
979,1,600.0,980.0,0.0
980,2,600.0,980.0,0.0
980,3,600.0,980.0,0.5100000000000002
980,1,600.0,980.0,0.0
981,2,600.0,980.0,0.0
981,3,600.0,980.0,0.5100000000000002
981,1,600.0,980.0,0.0
982,2,600.0,980.0,0.0
982,3,600.0,980.0,0.5100000000000002
982,1,600.0,980.0,0.0
983,2,600.0,980.0,0.0
983,3,600.0,980.0,0.5100000000000002
983,1,600.0,980.0,0.0
984,2,600.0,980.0,0.0
984,3,600.0,980.0,0.5100000000000002
984,1,600.0,980.0,0.0
985,2,600.0,980.0,0.0
985,3,600.0,980.0,0.5100000000000002
985,1,600.0,980.0,0.0
986,2,600.0,980.0,0.0
986,3,600.0,980.0,0.5100000000000002
986,1,600.0,980.0,0.0
987,2,600.0,980.0,0.0
987,3,600.0,980.0,0.5100000000000002
987,1,600.0,980.0,0.0
988,2,600.0,980.0,0.0
988,3,600.0,980.0,0.5100000000000002
988,1,600.0,980.0,0.0
989,2,600.0,980.0,0.0
989,3,600.0,980.0,0.5100000000000002
989,1,600.0,980.0,0.0
990,2,600.0,980.0,0.0
990,3,600.0,980.0,0.5100000000000002
990,1,600.0,980.0,0.0
991,2,600.0,980.0,0.0
991,3,600.0,980.0,0.5100000000000002
991,1,600.0,980.0,0.0
992,2,600.0,980.0,0.0
992,3,600.0,980.0,0.5100000000000002
992,1,600.0,980.0,0.0
993,2,600.0,980.0,0.0
993,3,600.0,980.0,0.5100000000000002
993,1,600.0,980.0,0.0
994,2,600.0,980.0,0.0
994,3,600.0,980.0,0.5100000000000002
994,1,600.0,980.0,0.0
995,2,600.0,980.0,0.0
995,3,600.0,980.0,0.5100000000000002
995,1,600.0,980.0,0.0
996,2,600.0,980.0,0.0
996,3,600.0,980.0,0.5100000000000002
996,1,600.0,980.0,0.0
997,2,600.0,980.0,0.0
997,3,600.0,980.0,0.5100000000000002
997,1,600.0,980.0,0.0
998,2,600.0,980.0,0.0
998,3,600.0,980.0,0.5100000000000002
998,1,600.0,980.0,0.0
999,2,600.0,980.0,0.0
999,3,600.0,980.0,0.5100000000000002
999,1,600.0,980.0,0.0
1000,2,600.0,980.0,0.0
1000,3,600.0,980.0,0.5100000000000002
1000,1,600.0,980.0,0.0
1001,2,600.0,980.0,0.0
1001,3,600.0,980.0,0.5100000000000002
1001,1,600.0,980.0,0.0
1002,2,600.0,980.0,0.0
1002,3,600.0,980.0,0.5100000000000002
1002,1,600.0,980.0,0.0
1003,2,600.0,980.0,0.0
1003,3,600.0,980.0,0.5100000000000002
1003,1,600.0,980.0,0.0
1004,2,600.0,980.0,0.0
1004,3,600.0,980.0,0.5100000000000002
1004,1,600.0,980.0,0.0
1005,2,600.0,980.0,0.0
1005,3,600.0,980.0,0.5100000000000002
1005,1,600.0,980.0,0.0
1006,2,600.0,980.0,0.0
1006,3,600.0,980.0,0.5100000000000002
1006,1,600.0,980.0,0.0
1007,2,600.0,980.0,0.0
1007,3,600.0,980.0,0.5100000000000002
1007,1,600.0,980.0,0.0
1008,2,600.0,980.0,0.0
1008,3,600.0,980.0,0.5100000000000002
1008,1,600.0,980.0,0.0
1009,2,600.0,980.0,0.0
1009,3,600.0,980.0,0.5100000000000002
1009,1,600.0,980.0,0.0
1010,2,600.0,980.0,0.0
1010,3,600.0,980.0,0.5100000000000002
1010,1,600.0,980.0,0.0
1011,2,600.0,980.0,0.0
1011,3,600.0,980.0,0.5100000000000002
1011,1,600.0,980.0,0.0
1012,2,600.0,980.0,0.0
1012,3,600.0,980.0,0.5100000000000002
1012,1,600.0,980.0,0.0
1013,2,600.0,980.0,0.0
1013,3,600.0,980.0,0.5100000000000002
1013,1,600.0,980.0,0.0
1014,2,600.0,980.0,0.0
1014,3,600.0,980.0,0.5100000000000002
1014,1,600.0,980.0,0.0
1015,2,600.0,980.0,0.0
1015,3,600.0,980.0,0.5100000000000002
1015,1,600.0,980.0,0.0
1016,2,600.0,980.0,0.0
1016,3,600.0,980.0,0.5100000000000002
1016,1,600.0,980.0,0.0
1017,2,600.0,980.0,0.0
1017,3,600.0,980.0,0.5100000000000002
1017,1,600.0,980.0,0.0
1018,2,600.0,980.0,0.0
1018,3,600.0,980.0,0.5100000000000002
1018,1,600.0,980.0,0.0
1019,2,600.0,980.0,0.0
1019,3,600.0,980.0,0.5100000000000002
1019,1,600.0,980.0,0.0
1020,2,600.0,980.0,0.0
1020,3,600.0,980.0,0.5100000000000002
1020,1,600.0,980.0,0.0
1021,2,600.0,980.0,0.0
1021,3,600.0,980.0,0.5100000000000002
1021,1,600.0,980.0,0.0
1022,2,600.0,980.0,0.0
1022,3,600.0,980.0,0.5100000000000002
1022,1,600.0,980.0,0.0
1023,2,600.0,980.0,0.0
1023,3,600.0,980.0,0.5100000000000002
1023,1,600.0,980.0,0.0
1024,2,600.0,980.0,0.0
1024,3,600.0,980.0,0.5100000000000002
1024,1,600.0,980.0,0.0
1025,2,600.0,980.0,0.0
1025,3,600.0,980.0,0.5100000000000002
1025,1,600.0,980.0,0.0
1026,2,600.0,980.0,0.0
1026,3,600.0,980.0,0.5100000000000002
1026,1,600.0,980.0,0.0
1027,2,600.0,980.0,0.0
1027,3,600.0,980.0,0.5100000000000002
1027,1,600.0,980.0,0.0
1028,2,600.0,980.0,0.0
1028,3,600.0,980.0,0.5100000000000002
1028,1,600.0,980.0,0.0
1029,2,600.0,980.0,0.0
1029,3,600.0,980.0,0.5100000000000002
1029,1,600.0,980.0,0.0
1030,2,600.0,980.0,0.0
1030,3,600.0,980.0,0.5100000000000002
1030,1,600.0,980.0,0.0
1031,2,600.0,980.0,0.0
1031,3,600.0,980.0,0.5100000000000002
1031,1,600.0,980.0,0.0
1032,2,600.0,980.0,0.0
1032,3,600.0,980.0,0.5100000000000002
1032,1,600.0,980.0,0.0
1033,2,600.0,980.0,0.0
1033,3,600.0,980.0,0.5100000000000002
1033,1,600.0,980.0,0.0
1034,2,600.0,980.0,0.0
1034,3,600.0,980.0,0.5100000000000002
1034,1,600.0,980.0,0.0
1035,2,600.0,980.0,0.0
1035,3,600.0,980.0,0.5100000000000002
1035,1,600.0,980.0,0.0
1036,2,600.0,980.0,0.0
1036,3,600.0,980.0,0.5100000000000002
1036,1,600.0,980.0,0.0
1037,2,600.0,980.0,0.0
1037,3,600.0,980.0,0.5100000000000002
1037,1,600.0,980.0,0.0
1038,2,600.0,980.0,0.0
1038,3,600.0,980.0,0.5100000000000002
1038,1,600.0,980.0,0.0
1039,2,600.0,980.0,0.0
1039,3,600.0,980.0,0.5100000000000002
1039,1,600.0,980.0,0.0
1040,2,600.0,980.0,0.0
1040,3,600.0,980.0,0.5100000000000002
1040,1,600.0,980.0,0.0
1041,2,600.0,980.0,0.0
1041,3,600.0,980.0,0.5100000000000002
1041,1,600.0,980.0,0.0
1042,2,600.0,980.0,0.0
1042,3,600.0,980.0,0.5100000000000002
1042,1,600.0,980.0,0.0
1043,2,600.0,980.0,0.0
1043,3,600.0,980.0,0.5100000000000002
1043,1,600.0,980.0,0.0
1044,2,600.0,980.0,0.0
1044,3,600.0,980.0,0.5100000000000002
1044,1,600.0,980.0,0.0
1045,2,600.0,980.0,0.0
1045,3,600.0,980.0,0.5100000000000002
1045,1,600.0,980.0,0.0
1046,2,600.0,980.0,0.0
1046,3,600.0,980.0,0.5100000000000002
1046,1,600.0,980.0,0.0
1047,2,600.0,980.0,0.0
1047,3,600.0,980.0,0.5100000000000002
1047,1,600.0,980.0,0.0
1048,2,600.0,980.0,0.0
1048,3,600.0,980.0,0.5100000000000002
1048,1,600.0,980.0,0.0
1049,2,600.0,980.0,0.0
1049,3,600.0,980.0,0.5100000000000002
1049,1,600.0,980.0,0.0
1050,2,600.0,980.0,0.0
1050,3,600.0,980.0,0.5100000000000002
1050,1,600.0,980.0,0.0
1051,2,600.0,980.0,0.0
1051,3,600.0,980.0,0.5100000000000002
1051,1,600.0,980.0,0.0
1052,2,600.0,980.0,0.0
1052,3,600.0,980.0,0.5100000000000002
1052,1,600.0,980.0,0.0
1053,2,600.0,980.0,0.0
1053,3,600.0,980.0,0.5100000000000002
1053,1,600.0,980.0,0.0
1054,2,600.0,980.0,0.0
1054,3,600.0,980.0,0.5100000000000002
1054,1,600.0,980.0,0.0
1055,2,600.0,980.0,0.0
1055,3,600.0,980.0,0.5100000000000002
1055,1,600.0,980.0,0.0
1056,2,600.0,980.0,0.0
1056,3,600.0,980.0,0.5100000000000002
1056,1,600.0,980.0,0.0
1057,2,600.0,980.0,0.0
1057,3,600.0,980.0,0.5100000000000002
1057,1,600.0,980.0,0.0
1058,2,600.0,980.0,0.0
1058,3,600.0,980.0,0.5100000000000002
1058,1,600.0,980.0,0.0
1059,2,600.0,980.0,0.0
1059,3,600.0,980.0,0.5100000000000002
1059,1,600.0,980.0,0.0
1060,2,600.0,980.0,0.0
1060,3,600.0,980.0,0.5100000000000002
1060,1,600.0,980.0,0.0
1061,2,600.0,980.0,0.0
1061,3,600.0,980.0,0.5100000000000002
1061,1,600.0,980.0,0.0
1062,2,600.0,980.0,0.0
1062,3,600.0,980.0,0.5100000000000002
1062,1,600.0,980.0,0.0
1063,2,600.0,980.0,0.0
1063,3,600.0,980.0,0.5100000000000002
1063,1,600.0,980.0,0.0
1064,2,600.0,980.0,0.0
1064,3,600.0,980.0,0.5100000000000002
1064,1,600.0,980.0,0.0
1065,2,600.0,980.0,0.0
1065,3,600.0,980.0,0.5100000000000002
1065,1,600.0,980.0,0.0
1066,2,600.0,980.0,0.0
1066,3,600.0,980.0,0.5100000000000002
1066,1,600.0,980.0,0.0
1067,2,600.0,980.0,0.0
1067,3,600.0,980.0,0.5100000000000002
1067,1,600.0,980.0,0.0
1068,2,600.0,980.0,0.0
1068,3,600.0,980.0,0.5100000000000002
1068,1,600.0,980.0,0.0
1069,2,600.0,980.0,0.0
1069,3,600.0,980.0,0.5100000000000002
1069,1,600.0,980.0,0.0
1070,2,600.0,980.0,0.0
1070,3,600.0,980.0,0.5100000000000002
1070,1,600.0,980.0,0.0
1071,2,600.0,980.0,0.0
1071,3,600.0,980.0,0.5100000000000002
1071,1,600.0,980.0,0.0
1072,2,600.0,980.0,0.0
1072,3,600.0,980.0,0.5100000000000002
1072,1,600.0,980.0,0.0
1073,2,600.0,980.0,0.0
1073,3,600.0,980.0,0.5100000000000002
1073,1,600.0,980.0,0.0
1074,2,600.0,980.0,0.0
1074,3,600.0,980.0,0.5100000000000002
1074,1,600.0,980.0,0.0
1075,2,600.0,980.0,0.0
1075,3,600.0,980.0,0.5100000000000002
1075,1,600.0,980.0,0.0
1076,2,600.0,980.0,0.0
1076,3,600.0,980.0,0.5100000000000002
1076,1,600.0,980.0,0.0
1077,2,600.0,980.0,0.0
1077,3,600.0,980.0,0.5100000000000002
1077,1,600.0,980.0,0.0
1078,2,600.0,980.0,0.0
1078,3,600.0,980.0,0.5100000000000002
1078,1,600.0,980.0,0.0
1079,2,600.0,980.0,0.0
1079,3,600.0,980.0,0.5100000000000002
1079,1,600.0,980.0,0.0
1080,2,600.0,980.0,0.0
1080,3,600.0,980.0,0.5100000000000002
1080,1,600.0,980.0,0.0
1081,2,600.0,980.0,0.0
1081,3,600.0,980.0,0.5100000000000002
1081,1,600.0,980.0,0.0
1082,2,600.0,980.0,0.0
1082,3,600.0,980.0,0.5100000000000002
1082,1,600.0,980.0,0.0
1083,2,600.0,980.0,0.0
1083,3,600.0,980.0,0.5100000000000002
1083,1,600.0,980.0,0.0
1084,2,600.0,980.0,0.0
1084,3,600.0,980.0,0.5100000000000002
1084,1,600.0,980.0,0.0
1085,2,600.0,980.0,0.0
1085,3,600.0,980.0,0.5100000000000002
1085,1,600.0,980.0,0.0
1086,2,600.0,980.0,0.0
1086,3,600.0,980.0,0.5100000000000002
1086,1,600.0,980.0,0.0
1087,2,600.0,980.0,0.0
1087,3,600.0,980.0,0.5100000000000002
1087,1,600.0,980.0,0.0
1088,2,600.0,980.0,0.0
1088,3,600.0,980.0,0.5100000000000002
1088,1,600.0,980.0,0.0
1089,2,600.0,980.0,0.0
1089,3,600.0,980.0,0.5100000000000002
1089,1,600.0,980.0,0.0
1090,2,600.0,980.0,0.0
1090,3,600.0,980.0,0.5100000000000002
1090,1,600.0,980.0,0.0
1091,2,600.0,980.0,0.0
1091,3,600.0,980.0,0.5100000000000002
1091,1,600.0,980.0,0.0
1092,2,600.0,980.0,0.0
1092,3,600.0,980.0,0.5100000000000002
1092,1,600.0,980.0,0.0
1093,2,600.0,980.0,0.0
1093,3,600.0,980.0,0.5100000000000002
1093,1,600.0,980.0,0.0
1094,2,600.0,980.0,0.0
1094,3,600.0,980.0,0.5100000000000002
1094,1,600.0,980.0,0.0
1095,2,600.0,980.0,0.0
1095,3,600.0,980.0,0.5100000000000002
1095,1,600.0,980.0,0.0
1096,2,600.0,980.0,0.0
1096,3,600.0,980.0,0.5100000000000002
1096,1,600.0,980.0,0.0
1097,2,600.0,980.0,0.0
1097,3,600.0,980.0,0.5100000000000002
1097,1,600.0,980.0,0.0
1098,2,600.0,980.0,0.0
1098,3,600.0,980.0,0.5100000000000002
1098,1,600.0,980.0,0.0
1099,2,600.0,980.0,0.0
1099,3,600.0,980.0,0.5100000000000002
1099,1,600.0,980.0,0.0
1100,2,600.0,980.0,0.0
1100,3,600.0,980.0,0.5100000000000002
1100,1,600.0,980.0,0.0
1101,2,600.0,980.0,0.0
1101,3,600.0,980.0,0.5100000000000002
1101,1,600.0,980.0,0.0
1102,2,600.0,980.0,0.0
1102,3,600.0,980.0,0.5100000000000002
1102,1,600.0,980.0,0.0
1103,2,600.0,980.0,0.0
1103,3,600.0,980.0,0.5100000000000002
1103,1,600.0,980.0,0.0
1104,2,600.0,980.0,0.0
1104,3,600.0,980.0,0.5100000000000002
1104,1,600.0,980.0,0.0
1105,2,600.0,980.0,0.0
1105,3,600.0,980.0,0.5100000000000002
1105,1,600.0,980.0,0.0
1106,2,600.0,980.0,0.0
1106,3,600.0,980.0,0.5100000000000002
1106,1,600.0,980.0,0.0
1107,2,600.0,980.0,0.0
1107,3,600.0,980.0,0.5100000000000002
1107,1,600.0,980.0,0.0
1108,2,600.0,980.0,0.0
1108,3,600.0,980.0,0.5100000000000002
1108,1,600.0,980.0,0.0
1109,2,600.0,980.0,0.0
1109,3,600.0,980.0,0.5100000000000002
1109,1,600.0,980.0,0.0
1110,2,600.0,980.0,0.0
1110,3,600.0,980.0,0.5100000000000002
1110,1,600.0,980.0,0.0
1111,2,600.0,980.0,0.0
1111,3,600.0,980.0,0.5100000000000002
1111,1,600.0,980.0,0.0
1112,2,600.0,980.0,0.0
1112,3,600.0,980.0,0.5100000000000002
1112,1,600.0,980.0,0.0
1113,2,600.0,980.0,0.0
1113,3,600.0,980.0,0.5100000000000002
1113,1,600.0,980.0,0.0
1114,2,600.0,980.0,0.0
1114,3,600.0,980.0,0.5100000000000002
1114,1,600.0,980.0,0.0
1115,2,600.0,980.0,0.0
1115,3,600.0,980.0,0.5100000000000002
1115,1,600.0,980.0,0.0
1116,2,600.0,980.0,0.0
1116,3,600.0,980.0,0.5100000000000002
1116,1,600.0,980.0,0.0
1117,2,600.0,980.0,0.0
1117,3,600.0,980.0,0.5100000000000002
1117,1,600.0,980.0,0.0
1118,2,600.0,980.0,0.0
1118,3,600.0,980.0,0.5100000000000002
1118,1,600.0,980.0,0.0
1119,2,600.0,980.0,0.0
1119,3,600.0,980.0,0.5100000000000002
1119,1,600.0,980.0,0.0
1120,2,600.0,980.0,0.0
1120,3,600.0,980.0,0.5100000000000002
1120,1,600.0,980.0,0.0
1121,2,600.0,980.0,0.0
1121,3,600.0,980.0,0.5100000000000002
1121,1,600.0,980.0,0.0
1122,2,600.0,980.0,0.0
1122,3,600.0,980.0,0.5100000000000002
1122,1,600.0,980.0,0.0
1123,2,600.0,980.0,0.0
1123,3,600.0,980.0,0.5100000000000002
1123,1,600.0,980.0,0.0
1124,2,600.0,980.0,0.0
1124,3,600.0,980.0,0.5100000000000002
1124,1,600.0,980.0,0.0
1125,2,600.0,980.0,0.0
1125,3,600.0,980.0,0.5100000000000002
1125,1,600.0,980.0,0.0
1126,2,600.0,980.0,0.0
1126,3,600.0,980.0,0.5100000000000002
1126,1,600.0,980.0,0.0
1127,2,600.0,980.0,0.0
1127,3,600.0,980.0,0.5100000000000002
1127,1,600.0,980.0,0.0
1128,2,600.0,980.0,0.0
1128,3,600.0,980.0,0.5100000000000002
1128,1,600.0,980.0,0.0
1129,2,600.0,980.0,0.0
1129,3,600.0,980.0,0.5100000000000002
1129,1,600.0,980.0,0.0
1130,2,600.0,980.0,0.0
1130,3,600.0,980.0,0.5100000000000002
1130,1,600.0,980.0,0.0
1131,2,600.0,980.0,0.0
1131,3,600.0,980.0,0.5100000000000002
1131,1,600.0,980.0,0.0
1132,2,600.0,980.0,0.0
1132,3,600.0,980.0,0.5100000000000002
1132,1,600.0,980.0,0.0
1133,2,600.0,980.0,0.0
1133,3,600.0,980.0,0.5100000000000002
1133,1,600.0,980.0,0.0
1134,2,600.0,980.0,0.0
1134,3,600.0,980.0,0.5100000000000002
1134,1,600.0,980.0,0.0
1135,2,600.0,980.0,0.0
1135,3,600.0,980.0,0.5100000000000002
1135,1,600.0,980.0,0.0
1136,2,600.0,980.0,0.0
1136,3,600.0,980.0,0.5100000000000002
1136,1,600.0,980.0,0.0
1137,2,600.0,980.0,0.0
1137,3,600.0,980.0,0.5100000000000002
1137,1,600.0,980.0,0.0
1138,2,600.0,980.0,0.0
1138,3,600.0,980.0,0.5100000000000002
1138,1,600.0,980.0,0.0
1139,2,600.0,980.0,0.0
1139,3,600.0,980.0,0.5100000000000002
1139,1,600.0,980.0,0.0
1140,2,600.0,980.0,0.0
1140,3,600.0,980.0,0.5100000000000002
1140,1,600.0,980.0,0.0
1141,2,600.0,980.0,0.0
1141,3,600.0,980.0,0.5100000000000002
1141,1,600.0,980.0,0.0
1142,2,600.0,980.0,0.0
1142,3,600.0,980.0,0.5100000000000002
1142,1,600.0,980.0,0.0
1143,2,600.0,980.0,0.0
1143,3,600.0,980.0,0.5100000000000002
1143,1,600.0,980.0,0.0
1144,2,600.0,980.0,0.0
1144,3,600.0,980.0,0.5100000000000002
1144,1,600.0,980.0,0.0
1145,2,600.0,980.0,0.0
1145,3,600.0,980.0,0.5100000000000002
1145,1,600.0,980.0,0.0
1146,2,600.0,980.0,0.0
1146,3,600.0,980.0,0.5100000000000002
1146,1,600.0,980.0,0.0
1147,2,600.0,980.0,0.0
1147,3,600.0,980.0,0.5100000000000002
1147,1,600.0,980.0,0.0
1148,2,600.0,980.0,0.0
1148,3,600.0,980.0,0.5100000000000002
1148,1,600.0,980.0,0.0
1149,2,600.0,980.0,0.0
1149,3,600.0,980.0,0.5100000000000002
1149,1,600.0,980.0,0.0
1150,2,600.0,980.0,0.0
1150,3,600.0,980.0,0.5100000000000002
1150,1,600.0,980.0,0.0
1151,2,600.0,980.0,0.0
1151,3,600.0,980.0,0.5100000000000002
1151,1,600.0,980.0,0.0
1152,2,600.0,980.0,0.0
1152,3,600.0,980.0,0.5100000000000002
1152,1,600.0,980.0,0.0
1153,2,600.0,980.0,0.0
1153,3,600.0,980.0,0.5100000000000002
1153,1,600.0,980.0,0.0
1154,2,600.0,980.0,0.0
1154,3,600.0,980.0,0.5100000000000002
1154,1,600.0,980.0,0.0
1155,2,600.0,980.0,0.0
1155,3,600.0,980.0,0.5100000000000002
1155,1,600.0,980.0,0.0
1156,2,600.0,980.0,0.0
1156,3,600.0,980.0,0.5100000000000002
1156,1,600.0,980.0,0.0
1157,2,600.0,980.0,0.0
1157,3,600.0,980.0,0.5100000000000002
1157,1,600.0,980.0,0.0
1158,2,600.0,980.0,0.0
1158,3,600.0,980.0,0.5100000000000002
1158,1,600.0,980.0,0.0
1159,2,600.0,980.0,0.0
1159,3,600.0,980.0,0.5100000000000002
1159,1,600.0,980.0,0.0
1160,2,600.0,980.0,0.0
1160,3,600.0,980.0,0.5100000000000002
1160,1,600.0,980.0,0.0
1161,2,600.0,980.0,0.0
1161,3,600.0,980.0,0.5100000000000002
1161,1,600.0,980.0,0.0
1162,2,600.0,980.0,0.0
1162,3,600.0,980.0,0.5100000000000002
1162,1,600.0,980.0,0.0
1163,2,600.0,980.0,0.0
1163,3,600.0,980.0,0.5100000000000002
1163,1,600.0,980.0,0.0
1164,2,600.0,980.0,0.0
1164,3,600.0,980.0,0.5100000000000002
1164,1,600.0,980.0,0.0
1165,2,600.0,980.0,0.0
1165,3,600.0,980.0,0.5100000000000002
1165,1,600.0,980.0,0.0
1166,2,600.0,980.0,0.0
1166,3,600.0,980.0,0.5100000000000002
1166,1,600.0,980.0,0.0
1167,2,600.0,980.0,0.0
1167,3,600.0,980.0,0.5100000000000002
1167,1,600.0,980.0,0.0
1168,2,600.0,980.0,0.0
1168,3,600.0,980.0,0.5100000000000002
1168,1,600.0,980.0,0.0
1169,2,600.0,980.0,0.0
1169,3,600.0,980.0,0.5100000000000002
1169,1,600.0,980.0,0.0
1170,2,600.0,980.0,0.0
1170,3,600.0,980.0,0.5100000000000002
1170,1,600.0,980.0,0.0
1171,2,600.0,980.0,0.0
1171,3,600.0,980.0,0.5100000000000002
1171,1,600.0,980.0,0.0
1172,2,600.0,980.0,0.0
1172,3,600.0,980.0,0.5100000000000002
1172,1,600.0,980.0,0.0
1173,2,600.0,980.0,0.0
1173,3,600.0,980.0,0.5100000000000002
1173,1,600.0,980.0,0.0
1174,2,600.0,980.0,0.0
1174,3,600.0,980.0,0.5100000000000002
1174,1,600.0,980.0,0.0
1175,2,600.0,980.0,0.0
1175,3,600.0,980.0,0.5100000000000002
1175,1,600.0,980.0,0.0
1176,2,600.0,980.0,0.0
1176,3,600.0,980.0,0.5100000000000002
1176,1,600.0,980.0,0.0
1177,2,600.0,980.0,0.0
1177,3,600.0,980.0,0.5100000000000002
1177,1,600.0,980.0,0.0
1178,2,600.0,980.0,0.0
1178,3,600.0,980.0,0.5100000000000002
1178,1,600.0,980.0,0.0
1179,2,600.0,980.0,0.0
1179,3,600.0,980.0,0.5100000000000002
1179,1,600.0,980.0,0.0
1180,2,600.0,980.0,0.0
1180,3,600.0,980.0,0.5100000000000002
1180,1,600.0,980.0,0.0
1181,2,600.0,980.0,0.0
1181,3,600.0,980.0,0.5100000000000002
1181,1,600.0,980.0,0.0
1182,2,600.0,980.0,0.0
1182,3,600.0,980.0,0.5100000000000002
1182,1,600.0,980.0,0.0
1183,2,600.0,980.0,0.0
1183,3,600.0,980.0,0.5100000000000002
1183,1,600.0,980.0,0.0
1184,2,600.0,980.0,0.0
1184,3,600.0,980.0,0.5100000000000002
1184,1,600.0,980.0,0.0
1185,2,600.0,980.0,0.0
1185,3,600.0,980.0,0.5100000000000002
1185,1,600.0,980.0,0.0
1186,2,600.0,980.0,0.0
1186,3,600.0,980.0,0.5100000000000002
1186,1,600.0,980.0,0.0
1187,2,600.0,980.0,0.0
1187,3,600.0,980.0,0.5100000000000002
1187,1,600.0,980.0,0.0
1188,2,600.0,980.0,0.0
1188,3,600.0,980.0,0.5100000000000002
1188,1,600.0,980.0,0.0
1189,2,600.0,980.0,0.0
1189,3,600.0,980.0,0.5100000000000002
1189,1,600.0,980.0,0.0
1190,2,600.0,980.0,0.0
1190,3,600.0,980.0,0.5100000000000002
1190,1,600.0,980.0,0.0
1191,2,600.0,980.0,0.0
1191,3,600.0,980.0,0.5100000000000002
1191,1,600.0,980.0,0.0
1192,2,600.0,980.0,0.0
1192,3,600.0,980.0,0.5100000000000002
1192,1,600.0,980.0,0.0
1193,2,600.0,980.0,0.0
1193,3,600.0,980.0,0.5100000000000002
1193,1,600.0,980.0,0.0
1194,2,600.0,980.0,0.0
1194,3,600.0,980.0,0.5100000000000002
1194,1,600.0,980.0,0.0
1195,2,600.0,980.0,0.0
1195,3,600.0,980.0,0.5100000000000002
1195,1,600.0,980.0,0.0
1196,2,600.0,980.0,0.0
1196,3,600.0,980.0,0.5100000000000002
1196,1,600.0,980.0,0.0
1197,2,600.0,980.0,0.0
1197,3,600.0,980.0,0.5100000000000002
1197,1,600.0,980.0,0.0
1198,2,600.0,980.0,0.0
1198,3,600.0,980.0,0.5100000000000002
1198,1,600.0,980.0,0.0
1199,2,600.0,980.0,0.0
1199,3,600.0,980.0,0.5100000000000002
1199,1,600.0,980.0,0.0
1200,2,600.0,980.0,0.0
1200,3,600.0,980.0,0.5100000000000002
1200,1,600.0,980.0,0.0
