step,agent_id,x,y,toxicload
1,2,451.04540584539814,478.04540584539814,0.0
1,3,460.04540584539814,449.95459415460186,0.0
1,1,407.04540584539814,494.9545941546018,0.0
2,2,450.0908116907963,477.0908116907963,0.0
2,3,459.0870527542965,450.0870527542965,0.01
2,1,405.9213203435596,495.49999999999994,0.0
3,2,449.5,475.98553390593264,0.0
3,3,457.9695651562524,449.5,0.02
3,1,404.843324317381,494.84332431738096,0.0
4,2,448.8887301627791,474.8887301627791,0.0
4,3,456.6035544586523,449.5,0.03
4,1,403.88873016277915,493.88873016277915,0.0
5,2,447.93413600817723,473.93413600817723,0.0
5,3,455.31061189703064,449.68938810296936,0.04
5,1,402.93413600817735,492.9341360081773,0.0
6,2,446.97954185357537,474.02045814642463,0.0
6,3,454.33707445906356,450.66292554093644,0.05
6,1,401.7639610306789,492.5,0.0
7,2,446.0249476989735,474.0249476989735,0.0
7,3,453.3597034910127,451.6402965089873,0.060000000000000005
7,1,400.4391612613467,492.4391612613467,0.0
8,2,445.07035354437164,473.07035354437164,0.0
8,3,452.3784838974617,452.3784838974617,0.07
8,1,399.478174593052,491.49999999999994,0.0
9,2,444.8842406102302,472.1157593897698,0.0
9,3,451.3492455746663,451.5,0.08
9,1,398.128174593052,491.49999999999994,0.0
10,2,445.1611652351679,471.1611652351679,0.0
10,3,450.1115449359383,451.8884550640617,0.09
10,1,396.98959235991435,492.01040764008565,0.0
11,2,444.5,470.08502884254403,0.0
11,3,449.118688297801,452.881311702199,0.09999999999999999
11,1,396.03499820531255,492.0349982053125,0.0
12,2,444.5,468.72971290356594,0.01
12,3,448.12192205573604,453.12192205573604,0.10999999999999999
12,1,395.0804040507107,491.0804040507107,0.0
13,2,443.70030472254945,467.70030472254945,0.02
13,3,447.1212308147687,452.8787691852313,0.11999999999999998
13,1,394.1258098961088,490.1258098961088,0.0
14,2,443.5,466.41726295763675,0.03
14,3,446.1165991193029,453.8834008806971,0.12999999999999998
14,1,393.5,489.03502884254436,0.0
15,2,443.17888391338516,465.17888391338516,0.04
15,3,445.10801145288264,454.89198854711736,0.13999999999999999
15,1,393.5,487.68502884254434,0.0
16,2,442.5,464.0832969893352,0.05
16,3,443.9278830682843,455.5,0.15
16,1,392.67624099467633,486.67624099467633,0.0
17,2,442.5,462.70108571084796,0.060000000000000005
17,3,442.78601261680217,456.21398738319783,0.16
17,1,391.72164684007447,485.72164684007447,0.0
18,2,442.3680762573759,461.3680762573759,0.07
18,3,441.47257010776826,456.52742989223174,0.17
18,1,390.7670526854726,484.7670526854726,0.0
19,2,441.3345269489046,460.5,0.08
19,3,440.44800216736195,457.55199783263805,0.18000000000000002
19,1,391.18754146912926,483.81245853087074,0.0
20,2,440.1011372958525,460.1011372958525,0.09
20,3,439.4193997524,458.5806002476,0.19000000000000003
20,1,390.8578643762689,482.8578643762689,0.0
21,2,439.10828065771517,459.10828065771517,0.09999999999999999
21,3,438.3867469762006,459.3867469762006,0.20000000000000004
21,1,389.903270221667,481.903270221667,0.0
22,2,437.9505984178261,458.5,0.10999999999999999
22,3,437.35002788952426,458.64997211047574,0.21000000000000005
22,1,388.94867606706515,480.94867606706515,0.0
23,2,436.8179299558694,459.1820700441306,0.11999999999999998
23,3,436.30922648032777,459.30922648032777,0.22000000000000006
23,1,387.78452377915573,480.5,0.0
24,2,435.8132982604036,458.8132982604036,0.12999999999999998
24,3,435.16670758539783,458.5,0.23000000000000007
24,1,386.746594539048,481.253405460952,0.0
25,2,434.5167122922369,458.5,0.13999999999999999
25,3,433.922419111884,459.077580888116,0.24000000000000007
25,1,386.49910716563267,482.50089283436733,0.0
26,2,433.4989508801495,459.5,0.15
26,3,432.60801878066036,459.5,0.25000000000000006
26,1,385.5445130110308,483.4554869889692,0.0
27,2,432.1898185390894,459.8101814609106,0.16
27,3,431.51908872783815,460.48091127216185,0.26000000000000006
27,1,384.58991885642894,482.58991885642894,0.0
28,2,431.169269248869,460.830730751131,0.17
28,3,430.44008445225666,461.5,0.2700000000000001
28,1,383.6353247018271,483.3646752981729,0.0
29,2,429.99753177173454,461.5,0.18000000000000002
29,3,428.93304877691577,461.5,0.2800000000000001
29,1,382.6807305472252,484.3192694527748,0.0
30,2,428.54286828620565,461.5,0.19000000000000003
30,3,427.73638039499104,462.26361960500896,0.2900000000000001
30,1,381.4332431738099,484.5667568261901,0.0
31,2,427.49669028725526,462.5,0.20000000000000004
31,3,426.3694431347407,462.6305568652593,0.3000000000000001
31,1,380.47864901920804,485.47864901920804,0.0
32,2,426.1680473741846,462.8319526258154,0.21000000000000005
32,3,425.5,463.795330508012,0.3100000000000001
32,1,379.52405486460617,484.52405486460617,0.0
33,2,425.5,464.0271538117431,0.22000000000000006
33,3,424.91575728457696,465.08424271542304,0.3200000000000001
33,1,378.5694607100043,485.4305392899957,0.0
34,2,424.7894529393636,465.2105470606364,0.23000000000000007
34,3,423.551027798829,465.5,0.3300000000000001
34,1,377.61486655540244,484.61486655540244,0.0
35,2,423.4475453777309,465.4475453777309,0.24000000000000007
35,3,422.4450206826587,464.5549793173413,0.34000000000000014
35,1,376.6565134643008,485.3434865356992,0.01
36,2,422.3944002969608,464.6055997030392,0.25000000000000006
36,3,421.2873913115253,465.5,0.35000000000000014
36,1,375.4014934161993,485.5985065838007,0.02
37,2,421.2696362249162,465.5,0.26000000000000006
37,3,419.9570987820002,466.0429012179998,0.36000000000000015
37,1,374.4355779887529,486.5644220112471,0.03
38,2,419.98275957573907,466.01724042426093,0.2700000000000001
38,3,418.58514187789405,466.5,0.37000000000000016
38,1,373.45171739792846,487.5,0.04
39,2,418.6756894640348,466.5,0.2800000000000001
39,3,417.15896275509584,466.84103724490416,0.38000000000000017
39,1,372.07492754967745,487.5,0.05
40,2,417.26150666083794,466.73849333916206,0.2900000000000001
40,3,416.046249950083,467.953750049917,0.3900000000000002
40,1,370.92916420101704,488.07083579898296,0.060000000000000005
41,2,416.18746261940106,467.81253738059894,0.3000000000000001
41,3,414.9291555796097,467.9291555796097,0.4000000000000002
41,1,369.94794460746607,489.05205539253393,0.07
42,2,415.10918927975376,468.10918927975376,0.3100000000000001
42,3,413.8076623902429,468.1923376097571,0.4100000000000002
42,1,368.962861233557,488.962861233557,0.08
43,2,414.02666998805074,467.97333001194926,0.3200000000000001
43,3,412.3428240809447,468.5,0.4200000000000002
43,1,367.7559806393582,488.5,0.09
44,2,412.93988802486825,469.06011197513175,0.3300000000000001
44,3,410.9656237635053,467.9656237635053,0.4300000000000002
44,1,366.68814900780535,487.68814900780535,0.09999999999999999
45,2,411.84882660494594,468.84882660494594,0.34000000000000014
45,3,409.830829916127,466.830829916127,0.4400000000000002
45,1,367.3086172342596,486.6913827657404,0.10999999999999999
46,2,410.75346887692757,467.75346887692757,0.35000000000000014
46,3,408.6915675540485,465.6915675540485,0.45000000000000023
46,1,366.69069152477306,485.69069152477306,0.11999999999999998
47,2,409.65379792310085,466.65379792310085,0.36000000000000015
47,3,409.45218091854616,464.54781908145384,0.46000000000000024
47,1,365.6860598293073,484.6860598293073,0.12999999999999998
48,2,408.549796759136,465.549796759136,0.37000000000000016
48,3,408.3995668332395,463.3995668332395,0.47000000000000025
48,1,364.677472162887,483.677472162887,0.13999999999999999
49,2,409.4414483338234,464.4414483338234,0.38000000000000017
49,3,407.5,462.14191133221254,0.48000000000000026
49,1,365.33508705204343,482.66491294795657,0.15
50,2,408.32873552881057,463.32873552881057,0.3900000000000002
50,3,408.2034132173521,460.7965867826479,0.49000000000000027
50,1,365.35547332680653,481.35547332680653,0.16
51,2,407.5,462.09219901529036,0.4000000000000002
51,3,407.63471651997816,459.63471651997816,0.5000000000000002
51,1,364.5,480.2665473337183,0.17
52,2,408.20274524984296,460.79725475015704,0.4100000000000002
52,3,406.5,458.4551285917225,0.5100000000000002
52,1,364.01746287736637,479.01746287736637,0.18000000000000002
53,2,407.67134542052435,459.67134542052435,0.4200000000000002
53,3,406.004339357021,457.004339357021,0.5200000000000002
53,1,363.5,477.77713953366725,0.19000000000000003
54,2,406.5410025610463,458.5410025610463,0.4300000000000002
54,3,406.17131042670513,455.82868957329487,0.5300000000000002
54,1,362.66331446739156,476.66331446739156,0.20000000000000004
55,2,406.1133154948546,457.1133154948546,0.4400000000000002
55,3,405.64841039511697,454.64841039511697,0.5400000000000003
55,1,362.5,475.2648193419681,0.21000000000000005
56,2,406.0259468672239,455.9740531327761,0.45000000000000023
56,3,404.5,453.4483580022118,0.5500000000000003
56,1,362.0000075338918,474.0000075338918,0.22000000000000006
57,2,405.8303046601814,454.8303046601814,0.46000000000000024
57,3,403.98099764754085,451.98099764754085,0.5600000000000003
57,1,360.72649939979306,473.5,0.23500000000000007
58,2,404.68205241196705,453.68205241196705,0.47000000000000025
58,3,402.78672062269226,450.78672062269226,0.5700000000000003
58,1,359.60701418075826,472.60701418075826,0.25000000000000006
59,2,404.2363854346555,452.2363854346555,0.48000000000000026
59,3,402.5,449.2098707437489,0.5800000000000003
59,1,358.547642474791,471.547642474791,0.26500000000000007
60,2,403.07907236137544,451.07907236137544,0.49000000000000027
60,3,401.79825338658384,447.79825338658384,0.5900000000000003
60,1,358.189114110454,470.189114110454,0.2800000000000001
61,2,402.5,449.675799303867,0.5000000000000002
61,3,400.58981250373853,446.58981250373853,0.6000000000000003
61,1,357.5,468.958608633332,0.2950000000000001
62,2,402.1649702640262,448.1649702640262,0.5100000000000002
62,3,399.5,445.32550457806286,0.6100000000000003
62,1,356.74601193489246,467.74601193489246,0.3100000000000001
63,2,400.9939317169351,446.9939317169351,0.5200000000000002
63,3,398.865743230374,443.865743230374,0.6200000000000003
63,1,357.3386365985136,466.6613634014864,0.32500000000000007
64,2,399.81828193320894,445.81828193320894,0.5300000000000002
64,3,398.64992270946465,442.35007729053535,0.6300000000000003
64,1,356.5703019815641,465.5703019815641,0.3400000000000001
65,2,399.3451095362176,444.3451095362176,0.5400000000000003
65,3,399.1224896175331,441.1224896175331,0.6400000000000003
65,1,355.4727897595131,464.4727897595131,0.3550000000000001
66,2,398.5,443.0194258140769,0.5500000000000003
66,3,397.8900680325606,439.8900680325606,0.6500000000000004
66,1,354.3687885955482,463.6312114044518,0.3700000000000001
67,2,399.32230321135853,441.67769678864147,0.5600000000000003
67,3,396.65279350096506,438.65279350096506,0.6600000000000004
67,1,353.15812818934074,464.5,0.3850000000000001
68,2,398.4834197637929,440.4834197637929,0.5700000000000003
68,3,397.4106469131406,437.4106469131406,0.6700000000000004
68,1,351.5783181801668,464.5,0.40000000000000013
69,2,397.2844399953983,439.2844399953983,0.5800000000000003
69,3,396.1636090842327,436.1636090842327,0.6800000000000004
69,1,350.4033812493344,465.5,0.41500000000000015
70,2,396.91926103468865,438.08073896531135,0.5900000000000003
70,3,395.5,434.66448016203867,0.6950000000000004
70,1,349.0084441479231,465.9915558520769,0.43000000000000016
71,2,396.87229808246605,436.87229808246605,0.6000000000000003
71,3,394.35447761972586,433.35447761972586,0.7100000000000004
71,1,347.6110511476168,466.5,0.4450000000000002
72,2,395.6567124020161,435.6567124020161,0.6150000000000003
72,3,393.5,431.9133697339531,0.7250000000000004
72,1,346.43477654694374,467.56522345305626,0.4600000000000002
73,2,395.1410464621775,434.1410464621775,0.6300000000000003
73,3,392.5155041332623,430.5155041332623,0.7400000000000004
73,1,345.28426576477875,468.28426576477875,0.4750000000000002
74,2,393.9110442078486,432.9110442078486,0.6450000000000004
74,3,393.0617304141341,428.9382695858659,0.7550000000000004
74,1,343.97243143691065,467.5,0.4900000000000002
75,2,393.3808764574396,431.3808764574396,0.6600000000000004
75,3,393.3534414863329,427.3534414863329,0.7700000000000005
75,1,342.6699038903581,468.3300961096419,0.5050000000000002
76,2,392.5,429.98563165029356,0.6750000000000004
76,3,392.0538681572853,426.0538681572853,0.7850000000000005
76,1,341.498865343267,467.501134656733,0.5200000000000002
77,2,393.4085548973094,428.5914451026906,0.6900000000000004
77,3,392.25338878172624,424.74661121827376,0.8000000000000005
77,1,340.2467187866659,468.5,0.5350000000000003
78,2,393.03920152202664,427.03920152202664,0.7050000000000004
78,3,391.40330348800046,423.5,0.8150000000000005
78,1,338.8430831157438,469.1569168842562,0.5500000000000003
79,2,391.7724053648738,425.7724053648738,0.7200000000000004
79,3,389.81597130835183,422.81597130835183,0.8300000000000005
79,1,337.65115054107235,470.34884945892765,0.5650000000000003
80,2,392.4981193898262,424.4981193898262,0.7350000000000004
80,3,389.19249667277484,421.19249667277484,0.8450000000000004
80,1,336.4323592580431,471.5,0.5800000000000003
81,2,391.0987866422209,423.5,0.7500000000000004
81,3,387.8540483135285,419.8540483135285,0.8600000000000004
81,1,334.72672064715266,471.5,0.5950000000000003
82,2,389.63400737392664,422.63400737392664,0.7650000000000003
82,3,387.78520671960115,418.21479328039885,0.8750000000000004
82,1,333.1542230883469,471.8457769116531,0.6100000000000003
83,2,389.04409198032727,421.04409198032727,0.7800000000000004
83,3,388.5,416.59556973063866,0.8900000000000005
83,1,331.93385075656374,473.06614924343626,0.6250000000000003
84,2,387.73940127904655,419.73940127904655,0.7950000000000004
84,3,387.9123554219483,414.9123554219483,0.9050000000000005
84,1,331.41336986474806,474.58663013525194,0.6400000000000002
85,2,387.8658965070129,418.1341034929871,0.8100000000000004
85,3,386.541971408746,413.541971408746,0.9200000000000005
85,1,330.04536455019246,475.5,0.6550000000000002
86,2,388.5,416.5297638687485,0.8250000000000004
86,3,385.16348512380347,412.16348512380347,0.9350000000000005
86,1,328.64348438383536,476.35651561616464,0.6700000000000003
87,2,387.900183623178,414.900183623178,0.8400000000000004
87,3,385.2231513368294,410.7768486631706,0.9500000000000005
87,1,327.10110049765564,476.89889950234436,0.6850000000000003
88,2,386.5643627326242,413.5643627326242,0.8550000000000004
88,3,384.6179861603305,409.3820138396695,0.9650000000000005
88,1,325.57259032453453,477.5,0.7000000000000003
89,2,385.2206439216719,412.2206439216719,0.8700000000000004
89,3,384.97893218122005,407.97893218122005,0.9800000000000005
89,1,324.1988004616345,476.5,0.7150000000000003
90,2,385.13101950542006,410.86898049457994,0.8850000000000005
90,3,383.2746617103417,407.2746617103417,0.9950000000000006
90,1,322.7223420834696,477.2776579165304,0.7300000000000003
91,2,384.5093254795227,409.5093254795227,0.9000000000000005
91,3,381.8284244053838,405.8284244053838,1.0100000000000007
91,1,321.44303831102644,476.44303831102644,0.7450000000000003
92,2,385.141631626958,408.141631626958,0.9150000000000005
92,3,382.400742474374,404.400742474374,1.0250000000000006
92,1,320.01375204056086,475.5,0.7600000000000003
93,2,383.4729581891714,407.4729581891714,0.9300000000000005
93,3,382.0086536618379,402.9913463381621,1.0400000000000007
93,1,318.5688015231087,474.5688015231087,0.7750000000000004
94,2,382.08904379387855,406.08904379387855,0.9450000000000005
94,3,382.30708091983,401.30708091983,1.0550000000000006
94,1,317.9737788030394,472.9737788030394,0.7900000000000004
95,2,382.30305287031695,404.69694712968305,0.9600000000000005
95,3,380.9334781929145,399.9334781929145,1.0700000000000007
95,1,316.6639505786822,471.6639505786822,0.8050000000000004
96,2,381.7033801803412,403.2966198196588,0.9750000000000005
96,3,379.2845043408936,399.2845043408936,1.0850000000000006
96,1,317.5,470.28274584423616,0.8200000000000004
97,2,382.5,401.63451996865666,0.9900000000000005
97,3,379.054294784163,397.945705215837,1.1000000000000008
97,1,316.72812240070834,468.72812240070834,0.8350000000000004
98,2,381.1426362619288,400.1426362619288,1.0050000000000006
98,3,378.6239535306673,396.6239535306673,1.1150000000000007
98,1,315.5,467.35139984249145,0.8500000000000004
99,2,379.4159063317702,399.4159063317702,1.0200000000000007
99,3,378.0261282543122,395.0261282543122,1.1300000000000008
99,1,314.76094960613614,465.76094960613614,0.8650000000000004
100,2,378.9995555996542,398.0004444003458,1.0350000000000006
100,3,377.5,393.422077966667,1.1450000000000007
100,1,313.5,464.3754637736556,0.8800000000000004
101,2,378.60309285433016,396.60309285433016,1.0500000000000007
101,3,377.5,391.62326557577757,1.1600000000000008
101,1,312.76206045483394,462.76206045483394,0.8950000000000005
102,2,377.93070158133384,394.93070158133384,1.0650000000000006
102,3,376.5,390.26153644087174,1.1750000000000007
102,1,311.5,461.35440880952103,0.9100000000000005
103,2,377.5,393.18309467088017,1.0800000000000007
103,3,376.5,388.50817332755145,1.1900000000000008
103,1,310.73107879791536,459.73107879791536,0.9250000000000005
104,2,377.34559435129756,391.34559435129756,1.0950000000000006
104,3,375.5,387.1913205190824,1.2050000000000007
104,1,310.9430120944574,458.0569879055426,0.9400000000000005
105,2,376.5,389.81861182714823,1.1100000000000008
105,3,374.7803597848097,385.7803597848097,1.2200000000000009
105,1,310.66762402545254,456.66762402545254,0.9550000000000005
106,2,376.12188570127546,388.12188570127546,1.1250000000000007
106,3,375.41273701340396,384.58726298659604,1.2350000000000008
106,1,311.27004565687304,455.27004565687304,0.9700000000000005
107,2,375.5,386.54970950007305,1.1400000000000008
107,3,374.40936134360413,383.40936134360413,1.2500000000000009
107,1,309.600849002536,454.5,0.9850000000000005
108,2,374.7422394568934,385.2577605431066,1.1550000000000007
108,3,373.2464735971729,382.2464735971729,1.2650000000000008
108,1,308.5,452.9520625649091,1.0000000000000004
109,2,374.99661203302867,383.99661203302867,1.1700000000000008
109,3,372.0984227620802,381.0984227620802,1.280000000000001
109,1,307.37963476874506,451.37963476874506,1.0150000000000006
110,2,373.7514974986438,382.7514974986438,1.1850000000000007
110,3,370.9650359771729,379.9650359771729,1.2950000000000008
110,1,306.5,449.73360608788414,1.0300000000000007
111,2,372.52221524937056,381.52221524937056,1.2000000000000008
111,3,370.5,378.57530849014853,1.310000000000001
111,1,307.0310682035984,447.9689317964016,1.0450000000000006
112,2,371.30856860576944,380.30856860576944,1.2150000000000007
112,3,370.1557964475785,377.1557964475785,1.3250000000000008
112,1,307.2906174533192,446.2906174533192,1.0600000000000005
113,2,370.5,378.94897390989235,1.2300000000000009
113,3,369.5,375.8853881431754,1.340000000000001
113,1,306.5,444.68383270274467,1.0750000000000006
114,2,370.34163293804073,377.34163293804073,1.2450000000000008
114,3,369.40323578294317,374.40323578294317,1.3550000000000009
114,1,305.5,443.18844256442685,1.0900000000000007
115,2,369.5,376.03862757883195,1.260000000000001
115,3,368.34071105325296,373.34071105325296,1.370000000000001
115,1,304.6537114540758,441.6537114540758,1.1050000000000006
116,2,369.43499692996346,374.43499692996346,1.2750000000000008
116,3,367.2918922673879,372.2918922673879,1.385000000000001
116,1,303.5,440.2703194452656,1.1200000000000006
117,2,368.29674108648686,373.29674108648686,1.290000000000001
117,3,366.74336821785135,371.25663178214865,1.400000000000001
117,1,302.74532300886574,438.74532300886574,1.1350000000000007
118,2,367.1730362729406,372.1730362729406,1.3050000000000008
118,3,367.5,370.1249294933866,1.415000000000001
118,1,301.4624730979033,437.4624730979033,1.1500000000000008
119,2,366.93628381180145,371.06371618819855,1.320000000000001
119,3,366.93331755745237,368.93331755745237,1.430000000000001
119,1,300.5,436.06998604336553,1.1650000000000007
120,2,367.5,369.7485127781766,1.3350000000000009
120,3,365.9378770914077,367.9378770914077,1.445000000000001
120,1,299.6526044665182,434.6526044665182,1.1800000000000006
121,2,366.5946904475209,368.5946904475209,1.350000000000001
121,3,364.9554348483235,366.9554348483235,1.4600000000000009
121,1,299.1251736669113,433.1251736669113,1.1950000000000007
122,2,365.52756370147705,367.52756370147705,1.3650000000000009
122,3,364.5,365.7728933611058,1.475000000000001
122,1,297.9063367063859,431.9063367063859,1.2100000000000009
123,2,364.5,366.46350315135214,1.3800000000000008
123,3,363.7361230480937,364.7361230480937,1.490000000000001
123,1,298.2969930755957,430.7030069244043,1.2250000000000008
124,2,364.14153590168473,365.14153590168473,1.395000000000001
124,3,364.20811103134884,363.79188896865116,1.505000000000001
124,1,298.2221023691258,429.2221023691258,1.2400000000000007
125,2,363.8847661822453,364.1152338177547,1.410000000000001
125,3,365.1398625284433,362.8601374715567,1.520000000000001
125,1,296.86250828303855,428.5,1.2550000000000008
126,2,364.8977490935203,363.1022509064797,1.425000000000001
126,3,364.94074597628037,361.94074597628037,1.535000000000001
126,1,295.5984094142158,427.5984094142158,1.270000000000001
127,2,365.10244769752103,362.10244769752103,1.4400000000000008
127,3,364.0335942864113,361.0335942864113,1.5500000000000012
127,1,294.4552656031571,426.5447343968429,1.2850000000000008
128,2,364.1156876111953,361.1156876111953,1.455000000000001
128,3,363.1385645207725,360.1385645207725,1.565000000000001
128,1,293.3267291135411,427.6732708864589,1.3000000000000007
129,2,363.1418368695283,360.1418368695283,1.470000000000001
129,3,362.7444589528359,359.2555410471641,1.580000000000001
129,1,292.2126323624569,428.7873676375431,1.3150000000000008
130,2,362.8192355890797,359.1807644109203,1.485000000000001
130,3,363.38441041861097,358.38441041861097,1.595000000000001
130,1,291.11281156862,429.88718843138,1.330000000000001
131,2,363.23234180824295,358.23234180824295,1.5000000000000009
131,3,362.52506131199715,357.52506131199715,1.6100000000000012
131,1,290.0271066244616,430.0271066244616,1.3450000000000009
132,2,362.2121271988612,357.5,1.515000000000001
132,3,361.38449125016365,357.38449125016365,1.625000000000001
132,1,288.95536097389294,430.04463902610706,1.3600000000000008
133,2,361.0800519469475,357.0800519469475,1.5300000000000011
133,3,360.5483794202449,356.5483794202449,1.640000000000001
133,1,287.6478253064458,430.5,1.3750000000000009
134,2,360.83116646720424,356.16883353279576,1.545000000000001
134,3,361.2762726940563,355.7237273059437,1.6550000000000011
134,1,286.2673519527784,430.7326480472216,1.390000000000001
135,2,361.5,355.174414214895,1.560000000000001
135,3,361.5,354.66622424538184,1.6700000000000013
135,1,285.2365786383185,431.7634213616815,1.405000000000001
136,2,361.0898700055757,354.0898700055757,1.575000000000001
136,3,360.81549726519233,353.81549726519233,1.6850000000000012
136,1,284.1028487315358,432.5,1.4200000000000008
137,2,360.09664871081543,353.5,1.5900000000000012
137,3,359.8224557900083,353.5,1.6950000000000012
137,1,282.68272216313244,432.5,1.435000000000001
138,2,359.054703160907,353.054703160907,1.600000000000001
138,3,358.9408211504099,352.9408211504099,1.7050000000000012
138,1,281.63811128753963,431.63811128753963,1.450000000000001
139,2,358.1953540542932,352.1953540542932,1.6100000000000012
139,3,358.1609921727769,352.1609921727769,1.7150000000000012
139,1,280.65997212581084,432.34002787418916,1.465000000000001
140,2,357.5,351.2790976798874,1.620000000000001
140,3,357.5,351.34228824522387,1.7250000000000012
140,1,279.69465463764595,433.30534536235405,1.4800000000000009
141,2,357.5,350.08577010626465,1.6300000000000012
141,3,357.5,350.2600814410738,1.7350000000000012
141,1,278.74202952665536,434.25797047334464,1.495000000000001
142,2,357.5,348.9033294167329,1.640000000000001
142,3,357.5,349.18810455013863,1.7450000000000012
142,1,277.8019700781394,435.1980299218606,1.5100000000000011
143,2,356.95673652747774,347.95673652747774,1.6500000000000012
143,3,357.23575357040096,348.23575357040096,1.7550000000000012
143,1,276.87435208252845,436.12564791747155,1.525000000000001
144,2,355.9850583238061,347.5,1.660000000000001
144,3,356.4888209067112,347.5,1.7650000000000012
144,1,275.9590537618205,435.9590537618205,1.540000000000001
145,2,355.02969223401107,347.97030776598893,1.6700000000000013
145,3,355.4626546217041,347.5373453782959,1.7750000000000012
145,1,274.87202652704843,435.5,1.555000000000001
146,2,354.5,348.89044910649886,1.680000000000001
146,3,354.7331783613035,348.2668216386965,1.7850000000000013
146,1,273.8720475505834,436.1279524494166,1.5700000000000012
147,2,354.1327058806288,349.8672941193712,1.6900000000000013
147,3,354.5,349.191927059939,1.7950000000000013
147,1,272.78299493692873,436.5,1.585000000000001
148,2,353.2762995242691,350.5,1.700000000000001
148,3,354.002388305921,349.997611694079,1.8050000000000013
148,1,271.832916450447,437.167083549553,1.600000000000001
149,2,352.1682577237851,350.5,1.7100000000000013
149,3,353.208516488347,350.5,1.8150000000000013
149,1,270.97747013787654,438.02252986212346,1.615000000000001
150,2,351.1963647853686,350.1963647853686,1.720000000000001
150,3,352.21632886526834,350.5,1.8250000000000013
150,1,270.133660118391,438.133660118391,1.6300000000000012
151,2,350.4274965452506,349.5725034547494,1.7300000000000013
151,3,351.3118162880552,350.3118162880552,1.8350000000000013
151,1,269.21910861727036,437.5,1.6450000000000011
152,2,349.66588279248083,350.33411720751917,1.740000000000001
152,3,350.62395208427046,349.62395208427046,1.8450000000000013
152,1,268.1876313010515,437.8123686989485,1.660000000000001
153,2,348.91148195383755,351.08851804616245,1.7500000000000013
153,3,349.9428914109461,350.0571085890539,1.8550000000000013
153,1,267.37809828831064,438.62190171168936,1.6750000000000012
154,2,348.164252929872,351.835747070128,1.7600000000000011
154,3,349.2685976897847,350.7314023102153,1.8650000000000013
154,1,266.5797865986665,439.4202134013335,1.6900000000000013
155,2,347.42415508685525,352.57584491314475,1.7700000000000014
155,3,348.60103473370333,351.39896526629667,1.8750000000000013
155,1,265.79259707332864,440.20740292667136,1.7050000000000012
156,2,346.6911482489068,353.3088517510932,1.7800000000000011
156,3,347.94016674059077,352.05983325940923,1.8850000000000013
156,1,264.8161319870812,440.5,1.720000000000001
157,2,345.96870357143393,352.96870357143393,1.7950000000000013
157,3,347.2859582871969,352.2859582871969,1.8950000000000014
157,1,263.95830330195434,441.04169669804566,1.7350000000000012
158,2,345.2532514123377,352.7467485876623,1.8050000000000013
158,3,346.63837432315034,351.63837432315034,1.9050000000000014
158,1,263.20390246331107,441.79609753668893,1.7500000000000013
159,2,344.54475313872285,353.45524686127715,1.8150000000000013
159,3,345.99738016510196,352.00261983489804,1.9150000000000014
159,1,262.4437766390881,442.5,1.7650000000000012
160,2,343.84661418342654,354.15338581657346,1.8300000000000014
160,3,345.3629414909899,352.6370585090101,1.9250000000000014
160,1,261.4343440234762,442.4343440234762,1.7800000000000011
161,2,343.1587499796418,354.8412500203582,1.8450000000000013
161,3,344.7350243344238,353.2649756655762,1.9350000000000014
161,1,260.71189934600335,441.71189934600335,1.7950000000000013
162,2,342.4810773300873,355.4810773300873,1.8600000000000012
162,3,344.11682653171835,353.88317346828165,1.9500000000000015
162,1,259.7927927135703,441.5,1.8100000000000014
163,2,341.81351437400593,354.81351437400593,1.8750000000000013
163,3,343.5082736043344,354.4917263956656,1.9650000000000014
163,1,259.00545311675927,441.99454688324073,1.8250000000000013
164,2,341.1559805552153,354.8440194447847,1.8900000000000015
164,3,342.9092922065029,355.0907077934971,1.9800000000000013
164,1,258.3141733068879,442.6858266931121,1.8400000000000012
165,2,340.5083965911688,355.4916034088312,1.9050000000000014
165,3,342.31981009957656,355.31981009957656,1.9950000000000014
165,1,257.63311263356354,443.36688736643646,1.8550000000000013
166,2,339.8706844429866,356.1293155570134,1.9200000000000013
166,3,341.73975612715026,354.73975612715026,2.0100000000000016
166,1,256.962188794122,444.037811205878,1.8700000000000014
167,2,339.24276728642053,356.24276728642053,1.9350000000000014
167,3,341.1690601909215,354.8309398090785,2.0250000000000012
167,1,256.30132080100947,444.30132080100947,1.8850000000000013
168,2,338.62456948371505,355.62456948371505,1.9500000000000015
168,3,340.60765322726337,355.39234677273663,2.0400000000000014
168,1,255.65042895051093,443.65042895051096,1.9000000000000012
169,2,338.0160165563311,355.9839834436689,1.9650000000000014
169,3,340.05546718448363,355.94453281551637,2.0550000000000015
169,1,255.00943479246254,443.99056520753743,1.9150000000000014
170,2,337.41703515849963,356.58296484150037,1.9800000000000013
170,3,339.5124350007463,356.4875649992537,2.0700000000000016
170,1,254.37826110090901,444.621738899091,1.9300000000000015
171,2,336.82755305157326,357.17244694842674,1.9950000000000014
171,3,338.9784905826299,355.9784905826299,2.0850000000000017
171,1,253.75683184566984,445.2431681543302,1.9450000000000014
172,2,336.142909773218,357.5,2.0100000000000016
172,3,338.4535687843012,355.5464312156988,2.1000000000000014
172,1,253.14507216477926,445.85492783522074,1.9600000000000013
173,2,335.38390992410484,357.61609007589516,2.0250000000000012
173,3,337.9376053872816,356.0623946127184,2.1150000000000015
173,1,252.54290833776682,446.4570916622332,1.9750000000000014
174,2,334.8225029604467,358.1774970395533,2.0400000000000014
174,3,337.43053708078577,356.56946291921423,2.1300000000000017
174,1,251.9502677597463,447.0497322402537,1.9900000000000015
175,2,334.17517906991696,358.5,2.0550000000000015
175,3,336.9323014426115,357.0676985573885,2.1450000000000014
175,1,251.36707891628348,447.63292108371655,2.0050000000000017
176,2,333.43439151511615,358.56560848488385,2.0700000000000016
176,3,336.41915919779365,357.5,2.1600000000000015
176,1,250.79327135901258,448.2067286409874,2.0200000000000014
177,2,332.90044709699976,359.09955290300024,2.0850000000000017
177,3,335.739270220676,357.5,2.1750000000000016
177,1,250.2287756819749,448.22877568197487,2.0350000000000015
178,2,332.37552529867105,359.62447470132895,2.1000000000000014
178,3,335.1970860394023,357.8029139605977,2.1900000000000017
178,1,249.67352349865206,447.673523498652,2.0500000000000016
179,2,331.8595619016515,360.1404380983485,2.1150000000000015
179,3,334.7335739846457,358.2664260153543,2.205000000000002
179,1,249.12744741966932,447.8725525803307,2.0650000000000013
180,2,331.35249359515564,360.64750640484436,2.1300000000000017
180,3,334.18688630557733,358.5,2.2200000000000015
180,1,248.59048103114438,448.40951896885565,2.0800000000000014
181,2,330.85425795698137,361.14574204301863,2.1450000000000014
181,3,333.555435691534,358.5,2.2350000000000017
181,1,247.88136482638777,448.5,2.0950000000000015
182,2,330.30878904196067,361.5,2.1600000000000015
182,3,333.10111503763665,358.89888496236335,2.2500000000000018
182,1,247.25072320301322,448.74927679698675,2.1100000000000017
183,2,329.62890006484304,361.5,2.1750000000000016
183,3,332.6713942760312,359.3286057239688,2.2650000000000015
183,1,246.74069684563642,449.2593031543636,2.1250000000000018
184,2,329.1190425537722,361.8809574462278,2.1900000000000017
184,3,332.24998146584727,359.75001853415273,2.2800000000000016
184,1,246.2395238664079,449.7604761335921,2.1400000000000015
185,2,328.65553049901564,362.34446950098436,2.205000000000002
185,3,331.83682212832315,360.16317787167685,2.2950000000000017
185,1,245.74714242516194,450.25285757483806,2.1550000000000016
186,2,328.2005516977613,362.2005516977613,2.2200000000000015
186,3,331.4318624945257,360.5681375054743,2.310000000000002
186,1,245.16552652774502,450.5,2.1700000000000017
187,2,327.7540486865868,361.7540486865868,2.2350000000000017
187,3,331.0350494915671,360.9649505084329,2.325000000000002
187,1,244.49380270255966,450.5,2.1850000000000014
188,2,327.31596477082,361.68403522918,2.2500000000000018
188,3,330.6463307291762,361.3536692708238,2.3400000000000016
188,1,243.83425680400808,450.5,2.2000000000000015
189,2,326.8862440092146,362.1137559907854,2.2650000000000015
189,3,330.16858539668664,361.5,2.3550000000000018
189,1,243.18680608223292,450.5,2.2150000000000016
190,2,326.46483119903064,362.53516880096936,2.2800000000000016
190,3,329.6415295168484,361.5,2.370000000000002
190,1,242.55136890437313,450.5,2.2300000000000018
191,2,326.0516718615065,362.9483281384935,2.2950000000000017
191,3,329.2353327306536,361.7646672693464,2.3850000000000016
191,1,242.0954392723111,450.9045607276889,2.245000000000002
192,2,325.6467122277091,363.3532877722909,2.310000000000002
192,3,328.87848022906735,362.12151977093265,2.4000000000000017
192,1,241.66293696245646,451.33706303754354,2.2600000000000016
193,2,325.14630409168217,363.5,2.325000000000002
193,3,328.52946980936406,362.47053019063594,2.415000000000002
193,1,241.23876092378504,451.76123907621496,2.2750000000000017
194,2,324.5965727459601,363.5,2.3400000000000016
194,3,328.1882529134499,362.1882529134499,2.430000000000002
194,1,240.82285643779971,452.1771435622003,2.290000000000002
195,2,324.1876110009829,363.1876110009829,2.3550000000000018
195,3,327.8547815808749,361.8547815808749,2.445000000000002
195,1,240.41516950050715,452.5848304994928,2.3050000000000015
196,2,323.814926214285,362.814926214285,2.370000000000002
196,3,327.5290084378666,361.5290084378666,2.4600000000000017
196,1,240.01564680851382,452.98435319148615,2.3200000000000016
197,2,323.4295473647144,362.5,2.3850000000000016
197,3,327.210886686631,361.789113313369,2.475000000000002
197,1,239.62423574548032,453.37576425451965,2.3350000000000017
198,2,322.9248817172043,362.5,2.4000000000000017
198,3,326.90037009491147,362.09962990508853,2.490000000000002
198,1,239.2382035370881,453.2382035370881,2.3450000000000015
199,2,322.45142632373404,362.54857367626596,2.415000000000002
199,3,326.5974129857988,362.4025870142012,2.5050000000000017
199,1,238.8575272945248,452.8575272945248,2.3550000000000018
200,2,322.1102094278199,362.8897905721801,2.430000000000002
200,3,326.3019702277847,362.6980297722153,2.520000000000002
200,1,238.47480482789567,452.5,2.365000000000002
201,2,321.77673809524487,363.22326190475513,2.445000000000002
201,3,326.01399722505107,362.98600277494893,2.535
201,1,237.95150026662182,452.5,2.3750000000000018
202,2,321.4509649522366,363.5490350477634,2.4600000000000017
202,3,325.728504321781,363.271495678219,2.5400000000000005
202,1,237.45451514978794,452.5454848502121,2.3850000000000016
203,2,321.132843201001,363.867156798999,2.475000000000002
203,3,325.42290646792793,363.5,2.5450000000000004
203,1,237.09503772530968,452.9049622746903,2.395000000000002
204,2,320.82232660928145,364.17767339071855,2.490000000000002
204,3,325.02615264725114,363.5,2.5500000000000003
204,1,236.7408046837126,453.2591953162874,2.405000000000002
205,2,320.5193695001688,364.4806304998312,2.5050000000000017
205,3,324.63288560535824,363.5,2.5550000000000006
205,1,236.39179426400932,453.6082057359907,2.415000000000002
206,2,320.2239267421547,364.7760732578453,2.520000000000002
206,3,324.31834322526515,363.31834322526515,2.5600000000000005
206,1,236.04798488505605,453.95201511494395,2.4250000000000016
207,2,319.93595373942105,365.06404626057895,2.535000000000002
207,3,324.04517804121525,363.04517804121525,2.5650000000000004
207,1,235.70935514333237,454.2906448566676,2.435000000000002
208,2,319.6554064223588,365.3445935776412,2.550000000000002
208,3,323.7744639778436,362.7744639778436,2.5700000000000003
208,1,235.37588381075736,454.6241161892426,2.445000000000002
209,2,319.3822412383089,365.6177587616911,2.565000000000002
209,3,323.50619627106425,362.50619627106425,2.575
209,1,235.04754983254116,454.95245016745884,2.455000000000002
210,2,319.1164151425193,365.8835848574807,2.580000000000002
210,3,323.2403701752747,362.7596298247253,2.5800000000000005
210,1,234.72433232507186,455.2756676749281,2.4650000000000016
211,2,318.8578855893119,366.1421144106881,2.5950000000000006
211,3,322.97698096324825,363.02301903675175,2.5850000000000004
211,1,234.36736172151208,455.5,2.475000000000002
212,2,318.6017788473829,366.3982211526171,2.6000000000000005
212,3,322.71602392602796,363.28397607397204,2.5900000000000003
212,1,233.9246470555086,455.5,2.485000000000002
213,2,318.3480902619528,366.3480902619528,2.6050000000000004
213,3,322.4398879655656,363.5,2.5950000000000006
213,1,233.4922790964535,455.49227909645356,2.495000000000002
214,2,318.0968151960935,366.0968151960935,2.6100000000000003
214,3,322.0776983377145,363.5,2.6000000000000005
214,1,233.18932198734086,455.1893219873409,2.5050000000000017
215,2,317.84794903062595,365.84794903062595,2.615
215,3,321.71892849958,363.5,2.6050000000000004
215,1,232.89137942697474,454.89137942697477,2.515000000000002
216,2,317.6014871640185,365.6014871640185,2.6200000000000006
216,3,321.4035307607887,363.5964692392113,2.6100000000000003
216,1,232.59843151629983,454.5984315162998,2.525000000000002
217,2,317.3574250122858,365.6425749877142,2.6250000000000004
217,3,321.1546645953212,363.8453354046788,2.615
217,1,232.3104585135662,454.6895414864338,2.535000000000002
218,2,317.1157580088886,365.8842419911114,2.6300000000000003
218,3,320.9082027287138,364.0917972712862,2.6200000000000006
218,1,232.02744083247146,454.9725591675286,2.5450000000000017
219,2,316.8764816046346,366.1235183953654,2.6350000000000007
219,3,320.664140576981,364.335859423019,2.6250000000000004
219,1,231.7493590403318,455.2506409596682,2.555000000000002
220,2,316.63959126757953,366.36040873242047,2.6400000000000006
220,3,320.42247357358383,364.57752642641617,2.6300000000000003
220,1,231.47619385628187,455.5238061437181,2.565000000000002
221,2,316.40508248292946,366.40508248292946,2.6450000000000005
221,3,320.18319716932984,364.81680283067016,2.6350000000000007
221,1,231.20792614950255,455.79207385049745,2.575000000000002
222,2,316.17295075294345,366.17295075294345,2.6500000000000004
222,3,319.9463068322748,365.0536931677252,2.6400000000000006
222,1,230.94453693747616,456.05546306252387,2.5850000000000017
223,2,315.9431915968372,365.9431915968372,2.6550000000000002
223,3,319.7117980476247,365.2882019523753,2.6450000000000005
223,1,230.68600738426872,456.3139926157313,2.595000000000002
224,2,315.71580055068733,365.71580055068733,2.6600000000000006
224,3,319.4796663176387,365.5203336823613,2.6500000000000004
224,1,230.4323187988386,456.5676812011614,2.605000000000002
225,2,315.4869512881093,365.5,2.6650000000000005
225,3,319.24990716153246,365.75009283846754,2.6550000000000002
225,1,230.18345263337108,456.8165473666289,2.615000000000002
226,2,315.17205096900295,365.5,2.6700000000000004
226,3,319.0225161153826,365.9774838846174,2.6600000000000006
226,1,229.93939048163833,457.0606095183617,2.6250000000000018
227,2,314.86048086602233,365.5,2.6750000000000007
227,3,318.7974887320316,366.2025112679684,2.6650000000000005
227,1,229.7001140773843,457.29988592261566,2.635000000000002
228,2,314.5522347602728,365.5,2.6800000000000006
228,3,318.5748205809937,366.4251794190063,2.6700000000000004
228,1,229.45135853851096,457.5,2.6450000000000022
229,2,314.321318681506,365.321318681506,2.6850000000000005
229,3,318.3545072483611,366.3545072483611,2.6750000000000007
229,1,229.1264300238661,457.5,2.655000000000002
230,2,314.10804348503467,365.10804348503467,2.6900000000000004
230,3,318.13654433671127,366.13654433671127,2.6800000000000006
230,1,228.80819324642582,457.5,2.665000000000002
231,2,313.89710561527124,364.89710561527124,2.6950000000000003
231,3,317.9209274650147,365.9209274650147,2.6850000000000005
231,1,228.497612201831,457.50238779816897,2.675000000000002
232,2,313.688500739819,364.688500739819,2.7000000000000006
232,3,317.70765226854337,365.70765226854337,2.6900000000000004
232,1,228.28199533013446,457.71800466986554,2.6850000000000023
233,2,313.4822245423123,364.4822245423123,2.7050000000000005
233,3,317.49671439877994,365.50328560122006,2.6950000000000003
233,1,228.07105746037107,457.92894253962896,2.695000000000002
234,2,313.27827272232764,364.27827272232764,2.7100000000000004
234,3,317.2881095233277,365.7118904766723,2.7000000000000006
234,1,227.86478126286434,458.1352187371357,2.7050000000000005
235,2,313.0766409952958,364.0766409952958,2.7150000000000007
235,3,317.081833325821,365.918166674179,2.7050000000000005
235,1,227.65850506535762,458.3414949346424,2.7050000000000005
236,2,312.87732509241414,363.87732509241414,2.7200000000000006
236,3,316.87788150583634,366.12211849416366,2.7100000000000004
236,1,227.45222886785086,458.54777113214914,2.7050000000000005
237,2,312.6803207605596,363.6803207605596,2.7250000000000005
237,3,316.6762497788045,366.3237502211955,2.7150000000000007
237,1,227.24595267034414,458.75404732965586,2.7050000000000005
238,2,312.51437623779725,363.48562376220275,2.7300000000000004
238,3,316.47693387592284,366.47693387592284,2.7200000000000006
238,1,227.0396764728374,458.9603235271626,2.7050000000000005
239,2,312.706770124678,363.293229875322,2.7350000000000003
239,3,316.2799295440683,366.2799295440683,2.7250000000000005
239,1,226.8334002753307,459.1665997246693,2.7050000000000005
240,2,312.8968651066812,363.1031348933188,2.7400000000000007
240,3,316.08523254571145,366.08523254571145,2.7300000000000004
240,1,226.62712407782396,459.37287592217604,2.7050000000000005
241,2,313.08466537506706,362.91533462493294,2.7450000000000006
241,3,315.8928386588307,365.8928386588307,2.7350000000000003
241,1,226.38806199885406,459.5,2.7050000000000005
242,2,313.27017510584074,362.72982489415926,2.7500000000000004
242,3,315.7027436768275,365.7027436768275,2.7400000000000007
242,1,226.09634340274528,459.5,2.7050000000000005
243,2,313.4533984598358,362.5466015401642,2.755000000000001
243,3,315.51494340844164,365.51494340844164,2.7450000000000006
243,1,225.8046248066365,459.5,2.7050000000000005
244,2,313.5,362.31001514004544,2.7600000000000007
244,3,315.25878279367396,365.5,2.7500000000000004
244,1,225.51290621052772,459.5,2.7050000000000005
245,2,313.5,362.0573474702997,2.7650000000000006
245,3,314.99966584151065,365.5,2.755000000000001
245,1,225.30284987147684,459.69715012852316,2.7050000000000005
246,2,313.5,361.8078957002544,2.7700000000000005
246,3,314.74377645142835,365.5,2.7600000000000007
246,1,225.0965736739701,459.9034263260299,2.7050000000000005
247,2,313.5,361.56165403026756,2.7750000000000004
247,3,314.49371295923476,365.49371295923476,2.7650000000000006
247,1,224.8902974764634,460.1097025235366,2.7050000000000005
248,2,313.37174262554976,361.37174262554976,2.7800000000000007
248,3,314.3173239210567,365.3173239210567,2.7700000000000005
248,1,224.68402127895666,460.31597872104334,2.7050000000000005
249,2,313.2021509940125,361.2021509940125,2.7850000000000006
249,3,314.1432047663983,365.1432047663983,2.7750000000000004
249,1,224.46852679235698,460.5,2.7050000000000005
250,2,313.0348170313685,361.0348170313685,2.7900000000000005
250,3,313.9713514090584,364.9713514090584,2.7800000000000007
250,1,224.1768081962482,460.5,2.7050000000000005
251,2,312.8697366952362,360.8697366952362,2.795000000000001
251,3,313.80175977752117,364.80175977752117,2.7850000000000006
251,1,223.88508960013942,460.5,2.7050000000000005
252,2,312.706905957684,360.706905957684,2.8000000000000007
252,3,313.63442581487715,364.63442581487715,2.7900000000000005
252,1,223.59337100403064,460.5,2.7050000000000005
253,2,312.546320805153,360.546320805153,2.8050000000000006
253,3,313.46934547874486,364.46934547874486,2.795000000000001
253,1,223.35974707260954,460.35974707260954,2.7050000000000005
254,2,312.38797723838013,360.38797723838013,2.8100000000000005
254,3,313.30651474119264,364.30651474119264,2.8000000000000007
254,1,223.1534708751028,460.1534708751028,2.7050000000000005
255,2,312.23187127232194,360.23187127232194,2.8150000000000004
255,3,313.14592958866166,364.14592958866166,2.8050000000000006
255,1,222.9471946775961,459.9471946775961,2.7050000000000005
256,2,312.07799893607887,360.07799893607887,2.8200000000000007
256,3,312.9875860218888,363.9875860218888,2.8100000000000005
256,1,222.74091848008936,459.74091848008936,2.7050000000000005
257,2,311.92635627282016,359.92635627282016,2.8250000000000006
257,3,312.8314800558306,363.8314800558306,2.8150000000000004
257,1,222.53464228258264,459.53464228258264,2.7050000000000005
258,2,311.7769393397091,359.7769393397091,2.8300000000000005
258,3,312.6776077195875,363.6776077195875,2.8200000000000007
258,1,222.3283660850759,459.6716339149241,2.7050000000000005
259,2,311.629744207829,359.629744207829,2.835000000000001
259,3,312.5259650563288,363.5259650563288,2.8250000000000006
259,1,222.1220898875692,459.8779101124308,2.7050000000000005
260,2,311.5,359.47845723121924,2.8400000000000007
260,3,312.62345187678227,363.37654812321773,2.8300000000000005
260,1,221.91581369006246,460.08418630993754,2.7050000000000005
261,2,311.5,359.2765594915086,2.8450000000000006
261,3,312.77064700866237,363.22935299133763,2.835000000000001
261,1,221.70953749255574,460.29046250744426,2.7050000000000005
262,2,311.5,359.077787301328,2.8500000000000005
262,3,312.9156242543817,363.0843757456183,2.8400000000000007
262,1,221.50326129504901,460.496738704951,2.7050000000000005
263,2,311.5,358.88213518206015,2.8550000000000004
263,3,313.05838751523737,362.94161248476263,2.8450000000000006
263,1,221.2969850975423,460.7030149024577,2.7050000000000005
264,2,311.5,358.6895976742607,2.8600000000000008
264,3,313.19894067882535,362.80105932117465,2.8500000000000005
264,1,221.09070890003557,460.90929109996443,2.7050000000000005
265,2,311.5,358.50016933755745,2.8650000000000007
265,3,313.3372876191131,362.6627123808869,2.8550000000000004
265,1,220.88443270252884,461.11556729747116,2.7050000000000005
266,2,311.368368360761,358.368368360761,2.8700000000000006
266,3,313.4734321965109,362.5265678034891,2.8600000000000008
266,1,220.67815650502212,461.3218434949779,2.7050000000000005
267,2,311.23880784408146,358.23880784408146,2.875000000000001
267,3,313.5,362.3481442113135,2.8650000000000007
267,1,220.4718803075154,461.5281196924846,2.7050000000000005
268,2,311.11143438280976,358.11143438280976,2.880000000000001
268,3,313.5,362.1618196243069,2.8700000000000006
268,1,220.26560411000867,461.73439588999133,2.7050000000000005
269,2,310.9862441832659,357.9862441832659,2.8850000000000007
269,3,313.5,361.9785933844706,2.875000000000001
269,1,220.05932791250194,461.94067208749806,2.7050000000000005
270,2,310.86323346490826,357.86323346490826,2.8900000000000006
270,3,313.5,361.7984601080538,2.880000000000001
270,1,219.85305171499522,462.1469482850048,2.7050000000000005
271,2,310.74239846026524,357.74239846026524,2.8950000000000005
271,3,313.5,361.62141442998274,2.8850000000000007
271,1,219.6467755174885,462.3532244825115,2.7050000000000005
272,2,310.62373541486784,357.62373541486784,2.900000000000001
272,3,313.462842248417,361.462842248417,2.8900000000000006
272,1,219.44049931998177,462.55950068001823,2.7050000000000005
273,2,310.50724058718237,357.50724058718237,2.9050000000000007
273,3,313.342007243774,361.342007243774,2.8950000000000005
273,1,219.23422312247504,462.76577687752496,2.7050000000000005
274,2,310.39291024854367,357.39291024854367,2.9100000000000006
274,3,313.2233441983766,361.2233441983766,2.900000000000001
274,1,219.02794692496832,462.9720530750317,2.7050000000000005
275,2,310.2807406830889,357.2807406830889,2.915000000000001
275,3,313.1068493706911,361.1068493706911,2.9050000000000007
275,1,218.8216707274616,463.1783292725384,2.7050000000000005
276,2,310.1707281876917,357.1707281876917,2.920000000000001
276,3,312.9925190320524,360.9925190320524,2.9100000000000006
276,1,218.61539452995487,463.38460547004513,2.7050000000000005
277,2,310.0628690718967,357.0628690718967,2.9250000000000007
277,3,312.88034946659764,360.88034946659764,2.915000000000001
277,1,218.40911833244814,463.40911833244814,2.7050000000000005
278,2,309.9571596578549,356.9571596578549,2.9300000000000006
278,3,312.77033697120044,360.77033697120044,2.920000000000001
278,1,218.20284213494142,463.2028421349414,2.7050000000000005
279,2,309.85359628025884,356.85359628025884,2.9350000000000005
279,3,312.6624778554055,360.6624778554055,2.9250000000000007
279,1,217.9965659374347,462.9965659374347,2.7050000000000005
280,2,309.75217528627877,356.75217528627877,2.940000000000001
280,3,312.55676844136366,360.55676844136366,2.9300000000000006
280,1,217.79028973992797,462.79028973992797,2.7050000000000005
281,2,309.652893035499,356.652893035499,2.9450000000000007
281,3,312.4532050637676,360.4532050637676,2.9350000000000005
281,1,217.58401354242125,462.58401354242125,2.7050000000000005
282,2,309.5557458998547,356.5557458998547,2.9500000000000006
282,3,312.3517840697875,360.3517840697875,2.940000000000001
282,1,217.32709449500638,462.5,2.7050000000000005
283,2,309.5,356.44446420614855,2.955000000000001
283,3,312.25250181900776,360.25250181900776,2.9450000000000007
283,1,217.0353758988976,462.5,2.7050000000000005
284,2,309.5,356.31310110378655,2.960000000000001
284,3,312.15535468336344,360.15535468336344,2.9500000000000006
284,1,216.74365730278882,462.5,2.7050000000000005
285,2,309.5,356.18474222154697,2.9650000000000007
285,3,312.06033904707783,360.06033904707783,2.955000000000001
285,1,216.45193870668004,462.5,2.7050000000000005
286,2,309.5,356.05938249755695,2.9700000000000006
286,3,311.96745130659997,359.96745130659997,2.960000000000001
286,1,216.16022011057126,462.5,2.7050000000000005
287,2,309.5,355.9370168869727,2.9750000000000005
287,3,311.87668787054287,359.87668787054287,2.9650000000000007
287,1,215.86850151446248,462.5,2.7050000000000005
288,2,309.5,355.8176403618935,2.980000000000001
288,3,311.78804515962184,359.78804515962184,2.9700000000000006
288,1,215.5767829183537,462.5,2.7050000000000005
289,2,309.5,355.7012479112768,2.9850000000000008
289,3,311.70151960659365,359.70151960659365,2.9750000000000005
289,1,215.34801752474047,462.65198247525956,2.7050000000000005
290,2,309.5,355.58783454085346,2.9900000000000007
290,3,311.6171076561957,359.6171076561957,2.980000000000001
290,1,215.14174132723375,462.8582586727663,2.7050000000000005
291,2,309.48401604428216,355.48401604428216,2.995000000000001
291,3,311.5348057650857,359.5348057650857,2.9850000000000008
291,1,214.93546512972702,463.064534870273,2.7050000000000005
292,2,309.48401604428216,355.48401604428216,3.0
292,3,311.5,359.4358094146096,2.9900000000000007
292,1,214.7291889322203,463.27081106777973,2.7050000000000005
293,2,309.48401604428216,355.48401604428216,3.0
293,3,311.5,359.32537014679957,2.995000000000001
293,1,214.52291273471354,463.47708726528646,2.7050000000000005
294,2,309.48401604428216,355.48401604428216,3.0
294,3,311.5,359.32537014679957,3.0
294,1,214.2406849040742,463.5,2.7050000000000005
295,2,309.48401604428216,355.48401604428216,3.0
295,3,311.5,359.32537014679957,3.0
295,1,213.9489663079654,463.5,2.7050000000000005
296,2,309.48401604428216,355.48401604428216,3.0
296,3,311.5,359.32537014679957,3.0
296,1,213.65724771185663,463.5,2.7050000000000005
297,2,309.48401604428216,355.48401604428216,3.0
297,3,311.5,359.32537014679957,3.0
297,1,213.40491472587317,463.40491472587314,2.7050000000000005
298,2,309.48401604428216,355.48401604428216,3.0
298,3,311.5,359.32537014679957,3.0
298,1,213.19863852836644,463.1986385283664,2.7050000000000005
299,2,309.48401604428216,355.48401604428216,3.0
299,3,311.5,359.32537014679957,3.0
299,1,212.99236233085972,462.9923623308597,2.7050000000000005
300,2,309.48401604428216,355.48401604428216,3.0
300,3,311.5,359.32537014679957,3.0
300,1,212.786086133353,462.78608613335297,2.7050000000000005
301,2,309.48401604428216,355.48401604428216,3.0
301,3,311.5,359.32537014679957,3.0
301,1,212.57980993584624,462.57980993584624,2.7050000000000005
302,2,309.48401604428216,355.48401604428216,3.0
302,3,311.5,359.32537014679957,3.0
302,1,212.37353373833952,462.3735337383395,2.7050000000000005
303,2,309.48401604428216,355.48401604428216,3.0
303,3,311.5,359.32537014679957,3.0
303,1,212.1672575408328,462.1672575408328,2.7050000000000005
304,2,309.48401604428216,355.48401604428216,3.0
304,3,311.5,359.32537014679957,3.0
304,1,211.96098134332607,461.96098134332607,2.7050000000000005
305,2,309.48401604428216,355.48401604428216,3.0
305,3,311.5,359.32537014679957,3.0
305,1,211.75470514581934,461.75470514581934,2.7050000000000005
306,2,309.48401604428216,355.48401604428216,3.0
306,3,311.5,359.32537014679957,3.0
306,1,211.54842894831262,461.5484289483126,2.7050000000000005
307,2,309.48401604428216,355.48401604428216,3.0
307,3,311.5,359.32537014679957,3.0
307,1,211.3421527508059,461.3421527508059,2.7050000000000005
308,2,309.48401604428216,355.48401604428216,3.0
308,3,311.5,359.32537014679957,3.0
308,1,211.13587655329917,461.13587655329917,2.7050000000000005
309,2,309.48401604428216,355.48401604428216,3.0
309,3,311.5,359.32537014679957,3.0
309,1,210.92960035579245,460.92960035579245,2.7050000000000005
310,2,309.48401604428216,355.48401604428216,3.0
310,3,311.5,359.32537014679957,3.0
310,1,210.72332415828572,460.7233241582857,2.7050000000000005
311,2,309.48401604428216,355.48401604428216,3.0
311,3,311.5,359.32537014679957,3.0
311,1,210.517047960779,460.517047960779,2.7050000000000005
312,2,309.48401604428216,355.48401604428216,3.0
312,3,311.5,359.32537014679957,3.0
312,1,210.31077176327227,460.31077176327227,2.7050000000000005
313,2,309.48401604428216,355.48401604428216,3.0
313,3,311.5,359.32537014679957,3.0
313,1,210.10449556576555,460.10449556576555,2.7050000000000005
314,2,309.48401604428216,355.48401604428216,3.0
314,3,311.5,359.32537014679957,3.0
314,1,209.89821936825882,459.8982193682588,2.7050000000000005
315,2,309.48401604428216,355.48401604428216,3.0
315,3,311.5,359.32537014679957,3.0
315,1,209.6919431707521,459.6919431707521,2.7050000000000005
316,2,309.48401604428216,355.48401604428216,3.0
316,3,311.5,359.32537014679957,3.0
316,1,209.51433302675463,459.4856669732454,2.7050000000000005
317,2,309.48401604428216,355.48401604428216,3.0
317,3,311.5,359.32537014679957,3.0
317,1,209.72060922426135,459.27939077573865,2.7050000000000005
318,2,309.48401604428216,355.48401604428216,3.0
318,3,311.5,359.32537014679957,3.0
318,1,209.92688542176808,459.0731145782319,2.7050000000000005
319,2,309.48401604428216,355.48401604428216,3.0
319,3,311.5,359.32537014679957,3.0
319,1,210.1331616192748,458.8668383807252,2.7050000000000005
320,2,309.48401604428216,355.48401604428216,3.0
320,3,311.5,359.32537014679957,3.0
320,1,210.33943781678153,458.6605621832185,2.7050000000000005
321,2,309.48401604428216,355.48401604428216,3.0
321,3,311.5,359.32537014679957,3.0
321,1,210.45428598571175,458.45428598571175,2.7050000000000005
322,2,309.48401604428216,355.48401604428216,3.0
322,3,311.5,359.32537014679957,3.0
322,1,210.24800978820502,458.248009788205,2.7050000000000005
323,2,309.48401604428216,355.48401604428216,3.0
323,3,311.5,359.32537014679957,3.0
323,1,210.0417335906983,458.0417335906983,2.7050000000000005
324,2,309.48401604428216,355.48401604428216,3.0
324,3,311.5,359.32537014679957,3.0
324,1,209.83545739319158,457.8354573931916,2.7050000000000005
325,2,309.48401604428216,355.48401604428216,3.0
325,3,311.5,359.32537014679957,3.0
325,1,209.62918119568485,457.62918119568485,2.7050000000000005
326,2,309.48401604428216,355.48401604428216,3.0
326,3,311.5,359.32537014679957,3.0
326,1,209.5,457.3909712028323,2.7050000000000005
327,2,309.48401604428216,355.48401604428216,3.0
327,3,311.5,359.32537014679957,3.0
327,1,209.5,457.09925260672355,2.7050000000000005
328,2,309.48401604428216,355.48401604428216,3.0
328,3,311.5,359.32537014679957,3.0
328,1,209.5,456.8075340106148,2.7050000000000005
329,2,309.48401604428216,355.48401604428216,3.0
329,3,311.5,359.32537014679957,3.0
329,1,209.5,456.51581541450605,2.7050000000000005
330,2,309.48401604428216,355.48401604428216,3.0
330,3,311.5,359.32537014679957,3.0
330,1,209.5,456.2240968183973,2.7050000000000005
331,2,309.48401604428216,355.48401604428216,3.0
331,3,311.5,359.32537014679957,3.0
331,1,209.5,455.93237822228855,2.7050000000000005
332,2,309.48401604428216,355.48401604428216,3.0
332,3,311.5,359.32537014679957,3.0
332,1,209.5,455.6406596261798,2.7050000000000005
333,2,309.48401604428216,355.48401604428216,3.0
333,3,311.5,359.32537014679957,3.0
333,1,209.39318517800416,455.39318517800416,2.7050000000000005
334,2,309.48401604428216,355.48401604428216,3.0
334,3,311.5,359.32537014679957,3.0
334,1,209.18690898049744,455.18690898049744,2.7050000000000005
335,2,309.48401604428216,355.48401604428216,3.0
335,3,311.5,359.32537014679957,3.0
335,1,208.9806327829907,454.9806327829907,2.7050000000000005
336,2,309.48401604428216,355.48401604428216,3.0
336,3,311.5,359.32537014679957,3.0
336,1,208.77435658548399,454.774356585484,2.7050000000000005
337,2,309.48401604428216,355.48401604428216,3.0
337,3,311.5,359.32537014679957,3.0
337,1,208.56808038797726,454.56808038797726,2.7050000000000005
338,2,309.48401604428216,355.48401604428216,3.0
338,3,311.5,359.32537014679957,3.0
338,1,208.36180419047054,454.36180419047054,2.7050000000000005
339,2,309.48401604428216,355.48401604428216,3.0
339,3,311.5,359.32537014679957,3.0
339,1,208.1555279929638,454.1555279929638,2.7050000000000005
340,2,309.48401604428216,355.48401604428216,3.0
340,3,311.5,359.32537014679957,3.0
340,1,207.9492517954571,453.9492517954571,2.7050000000000005
341,2,309.48401604428216,355.48401604428216,3.0
341,3,311.5,359.32537014679957,3.0
341,1,207.74297559795036,453.74297559795036,2.7050000000000005
342,2,309.48401604428216,355.48401604428216,3.0
342,3,311.5,359.32537014679957,3.0
342,1,207.53669940044364,453.53669940044364,2.7050000000000005
343,2,309.48401604428216,355.48401604428216,3.0
343,3,311.5,359.32537014679957,3.0
343,1,207.3304232029369,453.3304232029369,2.7050000000000005
344,2,309.48401604428216,355.48401604428216,3.0
344,3,311.5,359.32537014679957,3.0
344,1,207.1241470054302,453.1241470054302,2.7050000000000005
345,2,309.48401604428216,355.48401604428216,3.0
345,3,311.5,359.32537014679957,3.0
345,1,206.91787080792346,452.91787080792346,2.7050000000000005
346,2,309.48401604428216,355.48401604428216,3.0
346,3,311.5,359.32537014679957,3.0
346,1,206.71159461041674,452.71159461041674,2.7050000000000005
347,2,309.48401604428216,355.48401604428216,3.0
347,3,311.5,359.32537014679957,3.0
347,1,206.50531841291001,452.50531841291,2.7050000000000005
348,2,309.48401604428216,355.48401604428216,3.0
348,3,311.5,359.32537014679957,3.0
348,1,206.7009577845967,452.2990422154033,2.7050000000000005
349,2,309.48401604428216,355.48401604428216,3.0
349,3,311.5,359.32537014679957,3.0
349,1,206.90723398210343,452.09276601789657,2.7050000000000005
350,2,309.48401604428216,355.48401604428216,3.0
350,3,311.5,359.32537014679957,3.0
350,1,207.11351017961016,451.88648982038984,2.7050000000000005
351,2,309.48401604428216,355.48401604428216,3.0
351,3,311.5,359.32537014679957,3.0
351,1,207.31978637711688,451.6802136228831,2.7050000000000005
352,2,309.48401604428216,355.48401604428216,3.0
352,3,311.5,359.32537014679957,3.0
352,1,207.4739374253764,451.4739374253764,2.7050000000000005
353,2,309.48401604428216,355.48401604428216,3.0
353,3,311.5,359.32537014679957,3.0
353,1,207.26766122786967,451.26766122786967,2.7050000000000005
354,2,309.48401604428216,355.48401604428216,3.0
354,3,311.5,359.32537014679957,3.0
354,1,207.06138503036294,451.06138503036294,2.7050000000000005
355,2,309.48401604428216,355.48401604428216,3.0
355,3,311.5,359.32537014679957,3.0
355,1,206.85510883285622,450.8551088328562,2.7050000000000005
356,2,309.48401604428216,355.48401604428216,3.0
356,3,311.5,359.32537014679957,3.0
356,1,206.6488326353495,450.6488326353495,2.7050000000000005
357,2,309.48401604428216,355.48401604428216,3.0
357,3,311.5,359.32537014679957,3.0
357,1,206.44255643784277,450.44255643784277,2.7050000000000005
358,2,309.48401604428216,355.48401604428216,3.0
358,3,311.5,359.32537014679957,3.0
358,1,206.23628024033604,450.23628024033604,2.7050000000000005
359,2,309.48401604428216,355.48401604428216,3.0
359,3,311.5,359.32537014679957,3.0
359,1,206.03000404282932,450.0300040428293,2.7050000000000005
360,2,309.48401604428216,355.48401604428216,3.0
360,3,311.5,359.32537014679957,3.0
360,1,205.8237278453226,449.8237278453226,2.7050000000000005
361,2,309.48401604428216,355.48401604428216,3.0
361,3,311.5,359.32537014679957,3.0
361,1,205.61745164781587,449.61745164781587,2.7050000000000005
362,2,309.48401604428216,355.48401604428216,3.0
362,3,311.5,359.32537014679957,3.0
362,1,205.41117545030914,449.41117545030914,2.7050000000000005
363,2,309.48401604428216,355.48401604428216,3.0
363,3,311.5,359.32537014679957,3.0
363,1,205.20489925280242,449.2048992528024,2.7050000000000005
364,2,309.48401604428216,355.48401604428216,3.0
364,3,311.5,359.32537014679957,3.0
364,1,204.9986230552957,448.9986230552957,2.7050000000000005
365,2,309.48401604428216,355.48401604428216,3.0
365,3,311.5,359.32537014679957,3.0
365,1,204.79234685778897,448.79234685778897,2.7050000000000005
366,2,309.48401604428216,355.48401604428216,3.0
366,3,311.5,359.32537014679957,3.0
366,1,204.58607066028225,448.58607066028225,2.7050000000000005
367,2,309.48401604428216,355.48401604428216,3.0
367,3,311.5,359.32537014679957,3.0
367,1,204.62020553722448,448.3797944627755,2.7050000000000005
368,2,309.48401604428216,355.48401604428216,3.0
368,3,311.5,359.32537014679957,3.0
368,1,204.8264817347312,448.1735182652688,2.7050000000000005
369,2,309.48401604428216,355.48401604428216,3.0
369,3,311.5,359.32537014679957,3.0
369,1,205.03275793223793,447.9672420677621,2.7050000000000005
370,2,309.48401604428216,355.48401604428216,3.0
370,3,311.5,359.32537014679957,3.0
370,1,205.23903412974465,447.76096587025535,2.7050000000000005
371,2,309.48401604428216,355.48401604428216,3.0
371,3,311.5,359.32537014679957,3.0
371,1,205.44531032725138,447.5546896727486,2.7050000000000005
372,2,309.48401604428216,355.48401604428216,3.0
372,3,311.5,359.32537014679957,3.0
372,1,205.3484134752419,447.3484134752419,2.7050000000000005
373,2,309.48401604428216,355.48401604428216,3.0
373,3,311.5,359.32537014679957,3.0
373,1,205.14213727773517,447.1421372777352,2.7050000000000005
374,2,309.48401604428216,355.48401604428216,3.0
374,3,311.5,359.32537014679957,3.0
374,1,204.93586108022845,446.93586108022845,2.7050000000000005
375,2,309.48401604428216,355.48401604428216,3.0
375,3,311.5,359.32537014679957,3.0
375,1,204.72958488272172,446.7295848827217,2.7050000000000005
376,2,309.48401604428216,355.48401604428216,3.0
376,3,311.5,359.32537014679957,3.0
376,1,204.523308685215,446.523308685215,2.7050000000000005
377,2,309.48401604428216,355.48401604428216,3.0
377,3,311.5,359.32537014679957,3.0
377,1,204.5,446.2412448626434,2.7050000000000005
378,2,309.48401604428216,355.48401604428216,3.0
378,3,311.5,359.32537014679957,3.0
378,1,204.5,445.94952626653463,2.7050000000000005
379,2,309.48401604428216,355.48401604428216,3.0
379,3,311.5,359.32537014679957,3.0
379,1,204.5,445.6578076704259,2.7050000000000005
380,2,309.48401604428216,355.48401604428216,3.0
380,3,311.5,359.32537014679957,3.0
380,1,204.59468932362535,445.40531067637465,2.7050000000000005
381,2,309.48401604428216,355.48401604428216,3.0
381,3,311.5,359.32537014679957,3.0
381,1,204.80096552113207,445.19903447886793,2.7050000000000005
382,2,309.48401604428216,355.48401604428216,3.0
382,3,311.5,359.32537014679957,3.0
382,1,205.0072417186388,444.9927582813612,2.7050000000000005
383,2,309.48401604428216,355.48401604428216,3.0
383,3,311.5,359.32537014679957,3.0
383,1,205.21351791614552,444.7864820838545,2.7050000000000005
384,2,309.48401604428216,355.48401604428216,3.0
384,3,311.5,359.32537014679957,3.0
384,1,205.41979411365224,444.58020588634776,2.7050000000000005
385,2,309.48401604428216,355.48401604428216,3.0
385,3,311.5,359.32537014679957,3.0
385,1,205.37392968884103,444.37392968884103,2.7050000000000005
386,2,309.48401604428216,355.48401604428216,3.0
386,3,311.5,359.32537014679957,3.0
386,1,205.1676534913343,444.1676534913343,2.7050000000000005
387,2,309.48401604428216,355.48401604428216,3.0
387,3,311.5,359.32537014679957,3.0
387,1,204.96137729382758,443.9613772938276,2.7050000000000005
388,2,309.48401604428216,355.48401604428216,3.0
388,3,311.5,359.32537014679957,3.0
388,1,204.75510109632086,443.75510109632086,2.7050000000000005
389,2,309.48401604428216,355.48401604428216,3.0
389,3,311.5,359.32537014679957,3.0
389,1,204.54882489881413,443.54882489881413,2.7050000000000005
390,2,309.48401604428216,355.48401604428216,3.0
390,3,311.5,359.32537014679957,3.0
390,1,204.3425487013074,443.3425487013074,2.7050000000000005
391,2,309.48401604428216,355.48401604428216,3.0
391,3,311.5,359.32537014679957,3.0
391,1,204.13627250380068,443.1362725038007,2.7050000000000005
392,2,309.48401604428216,355.48401604428216,3.0
392,3,311.5,359.32537014679957,3.0
392,1,203.92999630629396,442.92999630629396,2.7050000000000005
393,2,309.48401604428216,355.48401604428216,3.0
393,3,311.5,359.32537014679957,3.0
393,1,203.72372010878723,442.72372010878723,2.7050000000000005
394,2,309.48401604428216,355.48401604428216,3.0
394,3,311.5,359.32537014679957,3.0
394,1,203.5174439112805,442.5174439112805,2.7050000000000005
395,2,309.48401604428216,355.48401604428216,3.0
395,3,311.5,359.32537014679957,3.0
395,1,203.31116771377378,442.3111677137738,2.7050000000000005
396,2,309.48401604428216,355.48401604428216,3.0
396,3,311.5,359.32537014679957,3.0
396,1,203.10489151626706,442.10489151626706,2.7050000000000005
397,2,309.48401604428216,355.48401604428216,3.0
397,3,311.5,359.32537014679957,3.0
397,1,202.89861531876033,441.89861531876033,2.7050000000000005
398,2,309.48401604428216,355.48401604428216,3.0
398,3,311.5,359.32537014679957,3.0
398,1,202.6923391212536,441.6923391212536,2.7050000000000005
399,2,309.48401604428216,355.48401604428216,3.0
399,3,311.5,359.32537014679957,3.0
399,1,202.5,441.480289997743,2.7050000000000005
400,2,309.48401604428216,355.48401604428216,3.0
400,3,311.5,359.32537014679957,3.0
400,1,202.5,441.18857140163425,2.7050000000000005
401,2,309.48401604428216,355.48401604428216,3.0
401,3,311.5,359.32537014679957,3.0
401,1,202.5,440.8968528055255,2.7050000000000005
402,2,309.48401604428216,355.48401604428216,3.0
402,3,311.5,359.32537014679957,3.0
402,1,202.5,440.60513420941675,2.7050000000000005
403,2,309.48401604428216,355.48401604428216,3.0
403,3,311.5,359.32537014679957,3.0
403,1,202.5,440.313415613308,2.7050000000000005
404,2,309.48401604428216,355.48401604428216,3.0
404,3,311.5,359.32537014679957,3.0
404,1,202.5,440.02169701719924,2.7050000000000005
405,2,309.48401604428216,355.48401604428216,3.0
405,3,311.5,359.32537014679957,3.0
405,1,202.5,439.7299784210905,2.7050000000000005
406,2,309.48401604428216,355.48401604428216,3.0
406,3,311.5,359.32537014679957,3.0
406,1,202.45634310357292,439.4563431035729,2.7050000000000005
407,2,309.48401604428216,355.48401604428216,3.0
407,3,311.5,359.32537014679957,3.0
407,1,202.2500669060662,439.2500669060662,2.7050000000000005
408,2,309.48401604428216,355.48401604428216,3.0
408,3,311.5,359.32537014679957,3.0
408,1,202.04379070855947,439.04379070855947,2.7050000000000005
409,2,309.48401604428216,355.48401604428216,3.0
409,3,311.5,359.32537014679957,3.0
409,1,201.83751451105275,438.83751451105275,2.7050000000000005
410,2,309.48401604428216,355.48401604428216,3.0
410,3,311.5,359.32537014679957,3.0
410,1,201.63123831354602,438.631238313546,2.7050000000000005
411,2,309.48401604428216,355.48401604428216,3.0
411,3,311.5,359.32537014679957,3.0
411,1,201.5,438.393880406811,2.7050000000000005
412,2,309.48401604428216,355.48401604428216,3.0
412,3,311.5,359.32537014679957,3.0
412,1,201.5,438.1021618107022,2.7050000000000005
413,2,309.48401604428216,355.48401604428216,3.0
413,3,311.5,359.32537014679957,3.0
413,1,201.5,437.8104432145935,2.7050000000000005
414,2,309.48401604428216,355.48401604428216,3.0
414,3,311.5,359.32537014679957,3.0
414,1,201.5,437.5187246184847,2.7050000000000005
415,2,309.48401604428216,355.48401604428216,3.0
415,3,311.5,359.32537014679957,3.0
415,1,201.30696410719895,437.30696410719895,2.7050000000000005
416,2,309.48401604428216,355.48401604428216,3.0
416,3,311.5,359.32537014679957,3.0
416,1,201.10068790969223,437.1006879096922,2.7050000000000005
417,2,309.48401604428216,355.48401604428216,3.0
417,3,311.5,359.32537014679957,3.0
417,1,200.8944117121855,436.8944117121855,2.7050000000000005
418,2,309.48401604428216,355.48401604428216,3.0
418,3,311.5,359.32537014679957,3.0
418,1,200.68813551467878,436.6881355146788,2.7050000000000005
419,2,309.48401604428216,355.48401604428216,3.0
419,3,311.5,359.32537014679957,3.0
419,1,200.5,436.474345200314,2.7050000000000005
420,2,309.48401604428216,355.48401604428216,3.0
420,3,311.5,359.32537014679957,3.0
420,1,200.5,436.18262660420527,2.7050000000000005
421,2,309.48401604428216,355.48401604428216,3.0
421,3,311.5,359.32537014679957,3.0
421,1,200.5,435.8909080080965,2.7050000000000005
422,2,309.48401604428216,355.48401604428216,3.0
422,3,311.5,359.32537014679957,3.0
422,1,200.5,435.59918941198777,2.7050000000000005
423,2,309.48401604428216,355.48401604428216,3.0
423,3,311.5,359.32537014679957,3.0
423,1,200.5,435.307470815879,2.7050000000000005
424,2,309.48401604428216,355.48401604428216,3.0
424,3,311.5,359.32537014679957,3.0
424,1,200.5,435.01575221977026,2.7050000000000005
425,2,309.48401604428216,355.48401604428216,3.0
425,3,311.5,359.32537014679957,3.0
425,1,200.5,434.7240336236615,2.7050000000000005
426,2,309.48401604428216,355.48401604428216,3.0
426,3,311.5,359.32537014679957,3.0
426,1,200.45213949699811,434.45213949699814,2.7050000000000005
427,2,309.48401604428216,355.48401604428216,3.0
427,3,311.5,359.32537014679957,3.0
427,1,200.2458632994914,434.2458632994914,2.7050000000000005
428,2,309.48401604428216,355.48401604428216,3.0
428,3,311.5,359.32537014679957,3.0
428,1,200.03958710198467,434.0395871019847,2.7050000000000005
429,2,309.48401604428216,355.48401604428216,3.0
429,3,311.5,359.32537014679957,3.0
429,1,199.83331090447794,433.83331090447797,2.7050000000000005
430,2,309.48401604428216,355.48401604428216,3.0
430,3,311.5,359.32537014679957,3.0
430,1,199.62703470697122,433.62703470697124,2.7050000000000005
431,2,309.48401604428216,355.48401604428216,3.0
431,3,311.5,359.32537014679957,3.0
431,1,199.4207585094645,433.4207585094645,2.7050000000000005
432,2,309.48401604428216,355.48401604428216,3.0
432,3,311.5,359.32537014679957,3.0
432,1,199.21448231195777,433.2144823119578,2.7050000000000005
433,2,309.48401604428216,355.48401604428216,3.0
433,3,311.5,359.32537014679957,3.0
433,1,199.00820611445104,433.00820611445107,2.7050000000000005
434,2,309.48401604428216,355.48401604428216,3.0
434,3,311.5,359.32537014679957,3.0
434,1,198.80192991694432,432.80192991694435,2.7050000000000005
435,2,309.48401604428216,355.48401604428216,3.0
435,3,311.5,359.32537014679957,3.0
435,1,198.5956537194376,432.5956537194376,2.7050000000000005
436,2,309.48401604428216,355.48401604428216,3.0
436,3,311.5,359.32537014679957,3.0
436,1,198.38937752193087,432.3893775219309,2.7050000000000005
437,2,309.48401604428216,355.48401604428216,3.0
437,3,311.5,359.32537014679957,3.0
437,1,198.18310132442414,432.1831013244242,2.7050000000000005
438,2,309.48401604428216,355.48401604428216,3.0
438,3,311.5,359.32537014679957,3.0
438,1,197.97682512691742,431.97682512691745,2.7050000000000005
439,2,309.48401604428216,355.48401604428216,3.0
439,3,311.5,359.32537014679957,3.0
439,1,197.7705489294107,431.7705489294107,2.7050000000000005
440,2,309.48401604428216,355.48401604428216,3.0
440,3,311.5,359.32537014679957,3.0
440,1,197.56427273190397,431.564272731904,2.7050000000000005
441,2,309.48401604428216,355.48401604428216,3.0
441,3,311.5,359.32537014679957,3.0
441,1,197.35799653439724,431.3579965343973,2.7050000000000005
442,2,309.48401604428216,355.48401604428216,3.0
442,3,311.5,359.32537014679957,3.0
442,1,197.15172033689052,431.15172033689055,2.7050000000000005
443,2,309.48401604428216,355.48401604428216,3.0
443,3,311.5,359.32537014679957,3.0
443,1,196.9454441393838,430.9454441393838,2.7050000000000005
444,2,309.48401604428216,355.48401604428216,3.0
444,3,311.5,359.32537014679957,3.0
444,1,196.73916794187707,430.7391679418771,2.7050000000000005
445,2,309.48401604428216,355.48401604428216,3.0
445,3,311.5,359.32537014679957,3.0
445,1,196.53289174437035,430.5328917443704,2.7050000000000005
446,2,309.48401604428216,355.48401604428216,3.0
446,3,311.5,359.32537014679957,3.0
446,1,196.67338445313638,430.32661554686365,2.7050000000000005
447,2,309.48401604428216,355.48401604428216,3.0
447,3,311.5,359.32537014679957,3.0
447,1,196.8796606506431,430.1203393493569,2.7050000000000005
448,2,309.48401604428216,355.48401604428216,3.0
448,3,311.5,359.32537014679957,3.0
448,1,197.08593684814983,429.9140631518502,2.7050000000000005
449,2,309.48401604428216,355.48401604428216,3.0
449,3,311.5,359.32537014679957,3.0
449,1,197.29221304565655,429.7077869543435,2.7050000000000005
450,2,309.48401604428216,355.48401604428216,3.0
450,3,311.5,359.32537014679957,3.0
450,1,197.49848924316328,429.50151075683675,2.7050000000000005
451,2,309.48401604428216,355.48401604428216,3.0
451,3,311.5,359.32537014679957,3.0
451,1,197.70476544067,429.29523455933,2.7050000000000005
452,2,309.48401604428216,355.48401604428216,3.0
452,3,311.5,359.32537014679957,3.0
452,1,197.91104163817673,429.0889583618233,2.7050000000000005
453,2,309.48401604428216,355.48401604428216,3.0
453,3,311.5,359.32537014679957,3.0
453,1,198.11731783568345,428.8826821643166,2.7050000000000005
454,2,309.48401604428216,355.48401604428216,3.0
454,3,311.5,359.32537014679957,3.0
454,1,198.32359403319018,428.67640596680985,2.7050000000000005
455,2,309.48401604428216,355.48401604428216,3.0
455,3,311.5,359.32537014679957,3.0
455,1,198.4701297693031,428.4701297693031,2.7050000000000005
456,2,309.48401604428216,355.48401604428216,3.0
456,3,311.5,359.32537014679957,3.0
456,1,198.26385357179637,428.2638535717964,2.7050000000000005
457,2,309.48401604428216,355.48401604428216,3.0
457,3,311.5,359.32537014679957,3.0
457,1,198.05757737428965,428.0575773742897,2.7050000000000005
458,2,309.48401604428216,355.48401604428216,3.0
458,3,311.5,359.32537014679957,3.0
458,1,197.85130117678293,427.85130117678295,2.7050000000000005
459,2,309.48401604428216,355.48401604428216,3.0
459,3,311.5,359.32537014679957,3.0
459,1,197.6450249792762,427.64502497927623,2.7050000000000005
460,2,309.48401604428216,355.48401604428216,3.0
460,3,311.5,359.32537014679957,3.0
460,1,197.43874878176948,427.4387487817695,2.7050000000000005
461,2,309.48401604428216,355.48401604428216,3.0
461,3,311.5,359.32537014679957,3.0
461,1,197.23247258426275,427.2324725842628,2.7050000000000005
462,2,309.48401604428216,355.48401604428216,3.0
462,3,311.5,359.32537014679957,3.0
462,1,197.02619638675603,427.02619638675606,2.7050000000000005
463,2,309.48401604428216,355.48401604428216,3.0
463,3,311.5,359.32537014679957,3.0
463,1,196.8199201892493,426.81992018924933,2.7050000000000005
464,2,309.48401604428216,355.48401604428216,3.0
464,3,311.5,359.32537014679957,3.0
464,1,196.61364399174258,426.6136439917426,2.7050000000000005
465,2,309.48401604428216,355.48401604428216,3.0
465,3,311.5,359.32537014679957,3.0
465,1,196.40736779423585,426.4073677942359,2.7050000000000005
466,2,309.48401604428216,355.48401604428216,3.0
466,3,311.5,359.32537014679957,3.0
466,1,196.20109159672913,426.20109159672916,2.7050000000000005
467,2,309.48401604428216,355.48401604428216,3.0
467,3,311.5,359.32537014679957,3.0
467,1,195.9948153992224,425.99481539922243,2.7050000000000005
468,2,309.48401604428216,355.48401604428216,3.0
468,3,311.5,359.32537014679957,3.0
468,1,195.78853920171568,425.7885392017157,2.7050000000000005
469,2,309.48401604428216,355.48401604428216,3.0
469,3,311.5,359.32537014679957,3.0
469,1,195.58226300420895,425.582263004209,2.7050000000000005
470,2,309.48401604428216,355.48401604428216,3.0
470,3,311.5,359.32537014679957,3.0
470,1,195.37598680670223,425.37598680670226,2.7050000000000005
471,2,309.48401604428216,355.48401604428216,3.0
471,3,311.5,359.32537014679957,3.0
471,1,195.1697106091955,425.16971060919553,2.7050000000000005
472,2,309.48401604428216,355.48401604428216,3.0
472,3,311.5,359.32537014679957,3.0
472,1,194.96343441168878,424.9634344116888,2.7050000000000005
473,2,309.48401604428216,355.48401604428216,3.0
473,3,311.5,359.32537014679957,3.0
473,1,194.75715821418206,424.7571582141821,2.7050000000000005
474,2,309.48401604428216,355.48401604428216,3.0
474,3,311.5,359.32537014679957,3.0
474,1,194.55088201667533,424.55088201667536,2.7050000000000005
475,2,309.48401604428216,355.48401604428216,3.0
475,3,311.5,359.32537014679957,3.0
475,1,194.3446058191686,424.34460581916863,2.7050000000000005
476,2,309.48401604428216,355.48401604428216,3.0
476,3,311.5,359.32537014679957,3.0
476,1,194.13832962166188,424.1383296216619,2.7050000000000005
477,2,309.48401604428216,355.48401604428216,3.0
477,3,311.5,359.32537014679957,3.0
477,1,193.93205342415516,423.9320534241552,2.7050000000000005
478,2,309.48401604428216,355.48401604428216,3.0
478,3,311.5,359.32537014679957,3.0
478,1,193.72577722664843,423.72577722664846,2.7050000000000005
479,2,309.48401604428216,355.48401604428216,3.0
479,3,311.5,359.32537014679957,3.0
479,1,193.5195010291417,423.51950102914174,2.7050000000000005
480,2,309.48401604428216,355.48401604428216,3.0
480,3,311.5,359.32537014679957,3.0
480,1,193.68677516836502,423.313224831635,2.7050000000000005
481,2,309.48401604428216,355.48401604428216,3.0
481,3,311.5,359.32537014679957,3.0
481,1,193.89305136587174,423.1069486341283,2.7050000000000005
482,2,309.48401604428216,355.48401604428216,3.0
482,3,311.5,359.32537014679957,3.0
482,1,194.09932756337847,422.90067243662156,2.7050000000000005
483,2,309.48401604428216,355.48401604428216,3.0
483,3,311.5,359.32537014679957,3.0
483,1,194.3056037608852,422.69439623911484,2.7050000000000005
484,2,309.48401604428216,355.48401604428216,3.0
484,3,311.5,359.32537014679957,3.0
484,1,194.51187995839192,422.4881200416081,2.7050000000000005
485,2,309.48401604428216,355.48401604428216,3.0
485,3,311.5,359.32537014679957,3.0
485,1,194.71815615589864,422.2818438441014,2.7050000000000005
486,2,309.48401604428216,355.48401604428216,3.0
486,3,311.5,359.32537014679957,3.0
486,1,194.92443235340536,422.07556764659466,2.7050000000000005
487,2,309.48401604428216,355.48401604428216,3.0
487,3,311.5,359.32537014679957,3.0
487,1,195.1307085509121,421.86929144908794,2.7050000000000005
488,2,309.48401604428216,355.48401604428216,3.0
488,3,311.5,359.32537014679957,3.0
488,1,195.3369847484188,421.6630152515812,2.7050000000000005
489,2,309.48401604428216,355.48401604428216,3.0
489,3,311.5,359.32537014679957,3.0
489,1,195.45673905407446,421.4567390540745,2.7050000000000005
490,2,309.48401604428216,355.48401604428216,3.0
490,3,311.5,359.32537014679957,3.0
490,1,195.25046285656774,421.25046285656776,2.7050000000000005
491,2,309.48401604428216,355.48401604428216,3.0
491,3,311.5,359.32537014679957,3.0
491,1,195.044186659061,421.04418665906104,2.7050000000000005
492,2,309.48401604428216,355.48401604428216,3.0
492,3,311.5,359.32537014679957,3.0
492,1,194.8379104615543,420.8379104615543,2.7050000000000005
493,2,309.48401604428216,355.48401604428216,3.0
493,3,311.5,359.32537014679957,3.0
493,1,194.63163426404756,420.6316342640476,2.7050000000000005
494,2,309.48401604428216,355.48401604428216,3.0
494,3,311.5,359.32537014679957,3.0
494,1,194.39444036538032,420.5,2.7050000000000005
495,2,309.48401604428216,355.48401604428216,3.0
495,3,311.5,359.32537014679957,3.0
495,1,194.10272176927154,420.5,2.7050000000000005
496,2,309.48401604428216,355.48401604428216,3.0
496,3,311.5,359.32537014679957,3.0
496,1,193.81100317316276,420.5,2.7050000000000005
497,2,309.48401604428216,355.48401604428216,3.0
497,3,311.5,359.32537014679957,3.0
497,1,193.51928457705398,420.5,2.7050000000000005
498,2,309.48401604428216,355.48401604428216,3.0
498,3,311.5,359.32537014679957,3.0
498,1,193.30736005770046,420.30736005770046,2.7050000000000005
499,2,309.48401604428216,355.48401604428216,3.0
499,3,311.5,359.32537014679957,3.0
499,1,193.10108386019374,420.10108386019374,2.7050000000000005
500,2,309.48401604428216,355.48401604428216,3.0
500,3,311.5,359.32537014679957,3.0
500,1,192.89480766268701,419.894807662687,2.7050000000000005
501,2,309.48401604428216,355.48401604428216,3.0
501,3,311.5,359.32537014679957,3.0
501,1,192.6885314651803,419.6885314651803,2.7050000000000005
502,2,309.48401604428216,355.48401604428216,3.0
502,3,311.5,359.32537014679957,3.0
502,1,192.5,419.47490515888325,2.7050000000000005
503,2,309.48401604428216,355.48401604428216,3.0
503,3,311.5,359.32537014679957,3.0
503,1,192.5,419.1831865627745,2.7050000000000005
504,2,309.48401604428216,355.48401604428216,3.0
504,3,311.5,359.32537014679957,3.0
504,1,192.5,418.89146796666574,2.7050000000000005
505,2,309.48401604428216,355.48401604428216,3.0
505,3,311.5,359.32537014679957,3.0
505,1,192.5,418.599749370557,2.7050000000000005
506,2,309.48401604428216,355.48401604428216,3.0
506,3,311.5,359.32537014679957,3.0
506,1,192.36425725883322,418.3642572588332,2.7050000000000005
507,2,309.48401604428216,355.48401604428216,3.0
507,3,311.5,359.32537014679957,3.0
507,1,192.1579810613265,418.1579810613265,2.7050000000000005
508,2,309.48401604428216,355.48401604428216,3.0
508,3,311.5,359.32537014679957,3.0
508,1,191.95170486381977,417.95170486381977,2.7050000000000005
509,2,309.48401604428216,355.48401604428216,3.0
509,3,311.5,359.32537014679957,3.0
509,1,191.74542866631305,417.74542866631305,2.7050000000000005
510,2,309.48401604428216,355.48401604428216,3.0
510,3,311.5,359.32537014679957,3.0
510,1,191.53915246880632,417.5391524688063,2.7050000000000005
511,2,309.48401604428216,355.48401604428216,3.0
511,3,311.5,359.32537014679957,3.0
511,1,191.5,417.26365135627753,2.7050000000000005
512,2,309.48401604428216,355.48401604428216,3.0
512,3,311.5,359.32537014679957,3.0
512,1,191.5,416.9719327601688,2.7050000000000005
513,2,309.48401604428216,355.48401604428216,3.0
513,3,311.5,359.32537014679957,3.0
513,1,191.5,416.68021416406003,2.7050000000000005
514,2,309.48401604428216,355.48401604428216,3.0
514,3,311.5,359.32537014679957,3.0
514,1,191.57884554003402,416.421154459966,2.7050000000000005
515,2,309.48401604428216,355.48401604428216,3.0
515,3,311.5,359.32537014679957,3.0
515,1,191.78512173754075,416.21487826245925,2.7050000000000005
516,2,309.48401604428216,355.48401604428216,3.0
516,3,311.5,359.32537014679957,3.0
516,1,191.99139793504747,416.0086020649525,2.7050000000000005
517,2,309.48401604428216,355.48401604428216,3.0
517,3,311.5,359.32537014679957,3.0
517,1,192.1976741325542,415.8023258674458,2.7050000000000005
518,2,309.48401604428216,355.48401604428216,3.0
518,3,311.5,359.32537014679957,3.0
518,1,192.40395033006092,415.5960496699391,2.7050000000000005
519,2,309.48401604428216,355.48401604428216,3.0
519,3,311.5,359.32537014679957,3.0
519,1,192.38977347243235,415.38977347243235,2.7050000000000005
520,2,309.48401604428216,355.48401604428216,3.0
520,3,311.5,359.32537014679957,3.0
520,1,192.18349727492563,415.1834972749256,2.7050000000000005
521,2,309.48401604428216,355.48401604428216,3.0
521,3,311.5,359.32537014679957,3.0
521,1,191.9772210774189,414.9772210774189,2.7050000000000005
522,2,309.48401604428216,355.48401604428216,3.0
522,3,311.5,359.32537014679957,3.0
522,1,191.77094487991218,414.7709448799122,2.7050000000000005
523,2,309.48401604428216,355.48401604428216,3.0
523,3,311.5,359.32537014679957,3.0
523,1,191.56466868240545,414.56466868240545,2.7050000000000005
524,2,309.48401604428216,355.48401604428216,3.0
524,3,311.5,359.32537014679957,3.0
524,1,191.2997367316098,414.5,2.7050000000000005
525,2,309.48401604428216,355.48401604428216,3.0
525,3,311.5,359.32537014679957,3.0
525,1,191.00801813550103,414.5,2.7050000000000005
526,2,309.48401604428216,355.48401604428216,3.0
526,3,311.5,359.32537014679957,3.0
526,1,190.71629953939225,414.5,2.7050000000000005
527,2,309.48401604428216,355.48401604428216,3.0
527,3,311.5,359.32537014679957,3.0
527,1,190.44667067356505,414.44667067356505,2.7050000000000005
528,2,309.48401604428216,355.48401604428216,3.0
528,3,311.5,359.32537014679957,3.0
528,1,190.24039447605833,414.2403944760583,2.7050000000000005
529,2,309.48401604428216,355.48401604428216,3.0
529,3,311.5,359.32537014679957,3.0
529,1,190.0341182785516,414.0341182785516,2.7050000000000005
530,2,309.48401604428216,355.48401604428216,3.0
530,3,311.5,359.32537014679957,3.0
530,1,189.82784208104488,413.8278420810449,2.7050000000000005
531,2,309.48401604428216,355.48401604428216,3.0
531,3,311.5,359.32537014679957,3.0
531,1,189.62156588353815,413.62156588353815,2.7050000000000005
532,2,309.48401604428216,355.48401604428216,3.0
532,3,311.5,359.32537014679957,3.0
532,1,189.58471031396857,413.41528968603143,2.7050000000000005
533,2,309.48401604428216,355.48401604428216,3.0
533,3,311.5,359.32537014679957,3.0
533,1,189.7909865114753,413.2090134885247,2.7050000000000005
534,2,309.48401604428216,355.48401604428216,3.0
534,3,311.5,359.32537014679957,3.0
534,1,189.99726270898202,413.002737291018,2.7050000000000005
535,2,309.48401604428216,355.48401604428216,3.0
535,3,311.5,359.32537014679957,3.0
535,1,190.20353890648875,412.79646109351125,2.7050000000000005
536,2,309.48401604428216,355.48401604428216,3.0
536,3,311.5,359.32537014679957,3.0
536,1,190.40981510399547,412.59018489600453,2.7050000000000005
537,2,309.48401604428216,355.48401604428216,3.0
537,3,311.5,359.32537014679957,3.0
537,1,190.3839086984978,412.3839086984978,2.7050000000000005
538,2,309.48401604428216,355.48401604428216,3.0
538,3,311.5,359.32537014679957,3.0
538,1,190.17763250099108,412.1776325009911,2.7050000000000005
539,2,309.48401604428216,355.48401604428216,3.0
539,3,311.5,359.32537014679957,3.0
539,1,189.97135630348436,411.97135630348436,2.7050000000000005
540,2,309.48401604428216,355.48401604428216,3.0
540,3,311.5,359.32537014679957,3.0
540,1,189.76508010597763,411.76508010597763,2.7050000000000005
541,2,309.48401604428216,355.48401604428216,3.0
541,3,311.5,359.32537014679957,3.0
541,1,189.5588039084709,411.5588039084709,2.7050000000000005
542,2,309.48401604428216,355.48401604428216,3.0
542,3,311.5,359.32537014679957,3.0
542,1,189.35252771096418,411.3525277109642,2.7050000000000005
543,2,309.48401604428216,355.48401604428216,3.0
543,3,311.5,359.32537014679957,3.0
543,1,189.14625151345746,411.14625151345746,2.7050000000000005
544,2,309.48401604428216,355.48401604428216,3.0
544,3,311.5,359.32537014679957,3.0
544,1,188.93997531595073,410.93997531595073,2.7050000000000005
545,2,309.48401604428216,355.48401604428216,3.0
545,3,311.5,359.32537014679957,3.0
545,1,188.733699118444,410.733699118444,2.7050000000000005
546,2,309.48401604428216,355.48401604428216,3.0
546,3,311.5,359.32537014679957,3.0
546,1,188.52742292093728,410.5274229209373,2.7050000000000005
547,2,309.48401604428216,355.48401604428216,3.0
547,3,311.5,359.32537014679957,3.0
547,1,188.5,410.2470632706006,2.7050000000000005
548,2,309.48401604428216,355.48401604428216,3.0
548,3,311.5,359.32537014679957,3.0
548,1,188.5,409.95534467449187,2.7050000000000005
549,2,309.48401604428216,355.48401604428216,3.0
549,3,311.5,359.32537014679957,3.0
549,1,188.5,409.6636260783831,2.7050000000000005
550,2,309.48401604428216,355.48401604428216,3.0
550,3,311.5,359.32537014679957,3.0
550,1,188.5,409.37190748227437,2.7050000000000005
551,2,309.48401604428216,355.48401604428216,3.0
551,3,311.5,359.32537014679957,3.0
551,1,188.5,409.0801888861656,2.7050000000000005
552,2,309.48401604428216,355.48401604428216,3.0
552,3,311.5,359.32537014679957,3.0
552,1,188.5,408.78847029005686,2.7050000000000005
553,2,309.48401604428216,355.48401604428216,3.0
553,3,311.5,359.32537014679957,3.0
553,1,188.50229689923668,408.4977031007633,2.7050000000000005
554,2,309.48401604428216,355.48401604428216,3.0
554,3,311.5,359.32537014679957,3.0
554,1,188.7085730967434,408.2914269032566,2.7050000000000005
555,2,309.48401604428216,355.48401604428216,3.0
555,3,311.5,359.32537014679957,3.0
555,1,188.91484929425013,408.08515070574987,2.7050000000000005
556,2,309.48401604428216,355.48401604428216,3.0
556,3,311.5,359.32537014679957,3.0
556,1,189.12112549175686,407.87887450824314,2.7050000000000005
557,2,309.48401604428216,355.48401604428216,3.0
557,3,311.5,359.32537014679957,3.0
557,1,189.32740168926358,407.6725983107364,2.7050000000000005
558,2,309.48401604428216,355.48401604428216,3.0
558,3,311.5,359.32537014679957,3.0
558,1,189.4663221132297,407.4663221132297,2.7050000000000005
559,2,309.48401604428216,355.48401604428216,3.0
559,3,311.5,359.32537014679957,3.0
559,1,189.26004591572297,407.26004591572297,2.7050000000000005
560,2,309.48401604428216,355.48401604428216,3.0
560,3,311.5,359.32537014679957,3.0
560,1,189.05376971821624,407.05376971821624,2.7050000000000005
561,2,309.48401604428216,355.48401604428216,3.0
561,3,311.5,359.32537014679957,3.0
561,1,188.84749352070952,406.8474935207095,2.7050000000000005
562,2,309.48401604428216,355.48401604428216,3.0
562,3,311.5,359.32537014679957,3.0
562,1,188.6412173232028,406.6412173232028,2.7050000000000005
563,2,309.48401604428216,355.48401604428216,3.0
563,3,311.5,359.32537014679957,3.0
563,1,188.43494112569607,406.43494112569607,2.7050000000000005
564,2,309.48401604428216,355.48401604428216,3.0
564,3,311.5,359.32537014679957,3.0
564,1,188.22866492818935,406.22866492818935,2.7050000000000005
565,2,309.48401604428216,355.48401604428216,3.0
565,3,311.5,359.32537014679957,3.0
565,1,188.02238873068262,406.0223887306826,2.7050000000000005
566,2,309.48401604428216,355.48401604428216,3.0
566,3,311.5,359.32537014679957,3.0
566,1,187.8161125331759,405.8161125331759,2.7050000000000005
567,2,309.48401604428216,355.48401604428216,3.0
567,3,311.5,359.32537014679957,3.0
567,1,187.60983633566917,405.6098363356692,2.7050000000000005
568,2,309.48401604428216,355.48401604428216,3.0
568,3,311.5,359.32537014679957,3.0
568,1,187.40356013816245,405.40356013816245,2.7050000000000005
569,2,309.48401604428216,355.48401604428216,3.0
569,3,311.5,359.32537014679957,3.0
569,1,187.19728394065572,405.1972839406557,2.7050000000000005
570,2,309.48401604428216,355.48401604428216,3.0
570,3,311.5,359.32537014679957,3.0
570,1,186.991007743149,404.991007743149,2.7050000000000005
571,2,309.48401604428216,355.48401604428216,3.0
571,3,311.5,359.32537014679957,3.0
571,1,186.78473154564227,404.7847315456423,2.7050000000000005
572,2,309.48401604428216,355.48401604428216,3.0
572,3,311.5,359.32537014679957,3.0
572,1,186.57845534813555,404.57845534813555,2.7050000000000005
573,2,309.48401604428216,355.48401604428216,3.0
573,3,311.5,359.32537014679957,3.0
573,1,186.37217915062882,404.3721791506288,2.7050000000000005
574,2,309.48401604428216,355.48401604428216,3.0
574,3,311.5,359.32537014679957,3.0
574,1,186.1659029531221,404.1659029531221,2.7050000000000005
575,2,309.48401604428216,355.48401604428216,3.0
575,3,311.5,359.32537014679957,3.0
575,1,185.95962675561537,403.9596267556154,2.7050000000000005
576,2,309.48401604428216,355.48401604428216,3.0
576,3,311.5,359.32537014679957,3.0
576,1,185.75335055810865,403.75335055810865,2.7050000000000005
577,2,309.48401604428216,355.48401604428216,3.0
577,3,311.5,359.32537014679957,3.0
577,1,185.54707436060193,403.5470743606019,2.7050000000000005
578,2,309.48401604428216,355.48401604428216,3.0
578,3,311.5,359.32537014679957,3.0
578,1,185.5,403.2748546030945,2.7050000000000005
579,2,309.48401604428216,355.48401604428216,3.0
579,3,311.5,359.32537014679957,3.0
579,1,185.5,402.9831360069858,2.7050000000000005
580,2,309.48401604428216,355.48401604428216,3.0
580,3,311.5,359.32537014679957,3.0
580,1,185.5,402.691417410877,2.7050000000000005
581,2,309.48401604428216,355.48401604428216,3.0
581,3,311.5,359.32537014679957,3.0
581,1,185.42907635176158,402.4290763517616,2.7050000000000005
582,2,309.48401604428216,355.48401604428216,3.0
582,3,311.5,359.32537014679957,3.0
582,1,185.22280015425486,402.22280015425486,2.7050000000000005
583,2,309.48401604428216,355.48401604428216,3.0
583,3,311.5,359.32537014679957,3.0
583,1,185.01652395674813,402.01652395674813,2.7050000000000005
584,2,309.48401604428216,355.48401604428216,3.0
584,3,311.5,359.32537014679957,3.0
584,1,184.8102477592414,401.8102477592414,2.7050000000000005
585,2,309.48401604428216,355.48401604428216,3.0
585,3,311.5,359.32537014679957,3.0
585,1,184.60397156173468,401.6039715617347,2.7050000000000005
586,2,309.48401604428216,355.48401604428216,3.0
586,3,311.5,359.32537014679957,3.0
586,1,184.60230463577204,401.39769536422796,2.7050000000000005
587,2,309.48401604428216,355.48401604428216,3.0
587,3,311.5,359.32537014679957,3.0
587,1,184.80858083327877,401.19141916672123,2.7050000000000005
588,2,309.48401604428216,355.48401604428216,3.0
588,3,311.5,359.32537014679957,3.0
588,1,185.0148570307855,400.9851429692145,2.7050000000000005
589,2,309.48401604428216,355.48401604428216,3.0
589,3,311.5,359.32537014679957,3.0
589,1,185.22113322829222,400.7788667717078,2.7050000000000005
590,2,309.48401604428216,355.48401604428216,3.0
590,3,311.5,359.32537014679957,3.0
590,1,185.42740942579894,400.57259057420106,2.7050000000000005
591,2,309.48401604428216,355.48401604428216,3.0
591,3,311.5,359.32537014679957,3.0
591,1,185.36631437669433,400.36631437669433,2.7050000000000005
592,2,309.48401604428216,355.48401604428216,3.0
592,3,311.5,359.32537014679957,3.0
592,1,185.1600381791876,400.1600381791876,2.7050000000000005
593,2,309.48401604428216,355.48401604428216,3.0
593,3,311.5,359.32537014679957,3.0
593,1,184.95376198168088,399.9537619816809,2.7050000000000005
594,2,309.48401604428216,355.48401604428216,3.0
594,3,311.5,359.32537014679957,3.0
594,1,184.74748578417416,399.74748578417416,2.7050000000000005
595,2,309.48401604428216,355.48401604428216,3.0
595,3,311.5,359.32537014679957,3.0
595,1,184.54120958666743,399.54120958666743,2.7050000000000005
596,2,309.48401604428216,355.48401604428216,3.0
596,3,311.5,359.32537014679957,3.0
596,1,184.6650666108393,399.3349333891607,2.7050000000000005
597,2,309.48401604428216,355.48401604428216,3.0
597,3,311.5,359.32537014679957,3.0
597,1,184.87134280834601,399.128657191654,2.7050000000000005
598,2,309.48401604428216,355.48401604428216,3.0
598,3,311.5,359.32537014679957,3.0
598,1,185.07761900585274,398.92238099414726,2.7050000000000005
599,2,309.48401604428216,355.48401604428216,3.0
599,3,311.5,359.32537014679957,3.0
599,1,185.28389520335946,398.71610479664054,2.7050000000000005
600,2,309.48401604428216,355.48401604428216,3.0
600,3,311.5,359.32537014679957,3.0
600,1,185.4901714008662,398.5098285991338,2.7050000000000005
601,2,309.48401604428216,355.48401604428216,3.0
601,3,311.5,359.32537014679957,3.0
601,1,185.3035524016271,398.3035524016271,2.7050000000000005
602,2,309.48401604428216,355.48401604428216,3.0
602,3,311.5,359.32537014679957,3.0
602,1,185.09727620412036,398.09727620412036,2.7050000000000005
603,2,309.48401604428216,355.48401604428216,3.0
603,3,311.5,359.32537014679957,3.0
603,1,184.89100000661364,397.89100000661364,2.7050000000000005
604,2,309.48401604428216,355.48401604428216,3.0
604,3,311.5,359.32537014679957,3.0
604,1,184.6847238091069,397.6847238091069,2.7050000000000005
605,2,309.48401604428216,355.48401604428216,3.0
605,3,311.5,359.32537014679957,3.0
605,1,184.5,397.46952032002343,2.7050000000000005
606,2,309.48401604428216,355.48401604428216,3.0
606,3,311.5,359.32537014679957,3.0
606,1,184.5,397.1778017239147,2.7050000000000005
607,2,309.48401604428216,355.48401604428216,3.0
607,3,311.5,359.32537014679957,3.0
607,1,184.5,396.88608312780593,2.7050000000000005
608,2,309.48401604428216,355.48401604428216,3.0
608,3,311.5,359.32537014679957,3.0
608,1,184.5,396.5943645316972,2.7050000000000005
609,2,309.48401604428216,355.48401604428216,3.0
609,3,311.5,359.32537014679957,3.0
609,1,184.5,396.30264593558843,2.7050000000000005
610,2,309.48401604428216,355.48401604428216,3.0
610,3,311.5,359.32537014679957,3.0
610,1,184.5,396.0109273394797,2.7050000000000005
611,2,309.48401604428216,355.48401604428216,3.0
611,3,311.5,359.32537014679957,3.0
611,1,184.5,395.7192087433709,2.7050000000000005
612,2,309.48401604428216,355.48401604428216,3.0
612,3,311.5,359.32537014679957,3.0
612,1,184.44872779142622,395.4487277914262,2.7050000000000005
613,2,309.48401604428216,355.48401604428216,3.0
613,3,311.5,359.32537014679957,3.0
613,1,184.2424515939195,395.2424515939195,2.7050000000000005
614,2,309.48401604428216,355.48401604428216,3.0
614,3,311.5,359.32537014679957,3.0
614,1,184.03617539641277,395.0361753964128,2.7050000000000005
615,2,309.48401604428216,355.48401604428216,3.0
615,3,311.5,359.32537014679957,3.0
615,1,183.82989919890605,394.82989919890605,2.7050000000000005
616,2,309.48401604428216,355.48401604428216,3.0
616,3,311.5,359.32537014679957,3.0
616,1,183.62362300139932,394.6236230013993,2.7050000000000005
617,2,309.48401604428216,355.48401604428216,3.0
617,3,311.5,359.32537014679957,3.0
617,1,183.4173468038926,394.4173468038926,2.7050000000000005
618,2,309.48401604428216,355.48401604428216,3.0
618,3,311.5,359.32537014679957,3.0
618,1,183.21107060638587,394.2110706063859,2.7050000000000005
619,2,309.48401604428216,355.48401604428216,3.0
619,3,311.5,359.32537014679957,3.0
619,1,183.00479440887915,394.00479440887915,2.7050000000000005
620,2,309.48401604428216,355.48401604428216,3.0
620,3,311.5,359.32537014679957,3.0
620,1,182.79851821137242,393.7985182113724,2.7050000000000005
621,2,309.48401604428216,355.48401604428216,3.0
621,3,311.5,359.32537014679957,3.0
621,1,182.5922420138657,393.5922420138657,2.7050000000000005
622,2,309.48401604428216,355.48401604428216,3.0
622,3,311.5,359.32537014679957,3.0
622,1,182.38596581635898,393.385965816359,2.7050000000000005
623,2,309.48401604428216,355.48401604428216,3.0
623,3,311.5,359.32537014679957,3.0
623,1,182.17968961885225,393.17968961885225,2.7050000000000005
624,2,309.48401604428216,355.48401604428216,3.0
624,3,311.5,359.32537014679957,3.0
624,1,181.97341342134553,392.9734134213455,2.7050000000000005
625,2,309.48401604428216,355.48401604428216,3.0
625,3,311.5,359.32537014679957,3.0
625,1,181.7671372238388,392.7671372238388,2.7050000000000005
626,2,309.48401604428216,355.48401604428216,3.0
626,3,311.5,359.32537014679957,3.0
626,1,181.56086102633208,392.5608610263321,2.7050000000000005
627,2,309.48401604428216,355.48401604428216,3.0
627,3,311.5,359.32537014679957,3.0
627,1,181.5,392.29435189275,2.7050000000000005
628,2,309.48401604428216,355.48401604428216,3.0
628,3,311.5,359.32537014679957,3.0
628,1,181.5,392.00263329664125,2.7050000000000005
629,2,309.48401604428216,355.48401604428216,3.0
629,3,311.5,359.32537014679957,3.0
629,1,181.5,391.7109147005325,2.7050000000000005
630,2,309.48401604428216,355.48401604428216,3.0
630,3,311.5,359.32537014679957,3.0
630,1,181.44286301749173,391.44286301749173,2.7050000000000005
631,2,309.48401604428216,355.48401604428216,3.0
631,3,311.5,359.32537014679957,3.0
631,1,181.236586819985,391.236586819985,2.7050000000000005
632,2,309.48401604428216,355.48401604428216,3.0
632,3,311.5,359.32537014679957,3.0
632,1,181.03031062247828,391.0303106224783,2.7050000000000005
633,2,309.48401604428216,355.48401604428216,3.0
633,3,311.5,359.32537014679957,3.0
633,1,180.82403442497156,390.82403442497156,2.7050000000000005
634,2,309.48401604428216,355.48401604428216,3.0
634,3,311.5,359.32537014679957,3.0
634,1,180.61775822746483,390.61775822746483,2.7050000000000005
635,2,309.48401604428216,355.48401604428216,3.0
635,3,311.5,359.32537014679957,3.0
635,1,180.5,390.37481668625304,2.7050000000000005
636,2,309.48401604428216,355.48401604428216,3.0
636,3,311.5,359.32537014679957,3.0
636,1,180.5,390.0830980901443,2.7050000000000005
637,2,309.48401604428216,355.48401604428216,3.0
637,3,311.5,359.32537014679957,3.0
637,1,180.5,389.79137949403554,2.7050000000000005
638,2,309.48401604428216,355.48401604428216,3.0
638,3,311.5,359.32537014679957,3.0
638,1,180.5,389.4996608979268,2.7050000000000005
639,2,309.48401604428216,355.48401604428216,3.0
639,3,311.5,359.32537014679957,3.0
639,1,180.5,389.20794230181804,2.7050000000000005
640,2,309.48401604428216,355.48401604428216,3.0
640,3,311.5,359.32537014679957,3.0
640,1,180.5,388.9162237057093,2.7050000000000005
641,2,309.48401604428216,355.48401604428216,3.0
641,3,311.5,359.32537014679957,3.0
641,1,180.5,388.62450510960053,2.7050000000000005
642,2,309.48401604428216,355.48401604428216,3.0
642,3,311.5,359.32537014679957,3.0
642,1,180.5,388.3327865134918,2.7050000000000005
643,2,309.48401604428216,355.48401604428216,3.0
643,3,311.5,359.32537014679957,3.0
643,1,180.5,388.04106791738303,2.7050000000000005
644,2,309.48401604428216,355.48401604428216,3.0
644,3,311.5,359.32537014679957,3.0
644,1,180.5,387.7493493212743,2.7050000000000005
645,2,309.48401604428216,355.48401604428216,3.0
645,3,311.5,359.32537014679957,3.0
645,1,180.47004039845058,387.4700403984506,2.7050000000000005
646,2,309.48401604428216,355.48401604428216,3.0
646,3,311.5,359.32537014679957,3.0
646,1,180.26376420094385,387.26376420094385,2.7050000000000005
647,2,309.48401604428216,355.48401604428216,3.0
647,3,311.5,359.32537014679957,3.0
647,1,180.05748800343713,387.05748800343713,2.7050000000000005
648,2,309.48401604428216,355.48401604428216,3.0
648,3,311.5,359.32537014679957,3.0
648,1,179.8512118059304,386.8512118059304,2.7050000000000005
649,2,309.48401604428216,355.48401604428216,3.0
649,3,311.5,359.32537014679957,3.0
649,1,179.64493560842368,386.6449356084237,2.7050000000000005
650,2,309.48401604428216,355.48401604428216,3.0
650,3,311.5,359.32537014679957,3.0
650,1,179.43865941091696,386.43865941091696,2.7050000000000005
651,2,309.48401604428216,355.48401604428216,3.0
651,3,311.5,359.32537014679957,3.0
651,1,179.23238321341023,386.23238321341023,2.7050000000000005
652,2,309.48401604428216,355.48401604428216,3.0
652,3,311.5,359.32537014679957,3.0
652,1,179.0261070159035,386.0261070159035,2.7050000000000005
653,2,309.48401604428216,355.48401604428216,3.0
653,3,311.5,359.32537014679957,3.0
653,1,178.81983081839678,385.8198308183968,2.7050000000000005
654,2,309.48401604428216,355.48401604428216,3.0
654,3,311.5,359.32537014679957,3.0
654,1,178.61355462089006,385.61355462089006,2.7050000000000005
655,2,309.48401604428216,355.48401604428216,3.0
655,3,311.5,359.32537014679957,3.0
655,1,178.5,385.36887188882406,2.7050000000000005
656,2,309.48401604428216,355.48401604428216,3.0
656,3,311.5,359.32537014679957,3.0
656,1,178.5,385.0771532927153,2.7050000000000005
657,2,309.48401604428216,355.48401604428216,3.0
657,3,311.5,359.32537014679957,3.0
657,1,178.5,384.78543469660656,2.7050000000000005
658,2,309.48401604428216,355.48401604428216,3.0
658,3,311.5,359.32537014679957,3.0
658,1,178.5,384.4937161004978,2.7050000000000005
659,2,309.48401604428216,355.48401604428216,3.0
659,3,311.5,359.32537014679957,3.0
659,1,178.5,384.20199750438906,2.7050000000000005
660,2,309.48401604428216,355.48401604428216,3.0
660,3,311.5,359.32537014679957,3.0
660,1,178.5,383.9102789082803,2.7050000000000005
661,2,309.48401604428216,355.48401604428216,3.0
661,3,311.5,359.32537014679957,3.0
661,1,178.5,383.61856031217155,2.7050000000000005
662,2,309.48401604428216,355.48401604428216,3.0
662,3,311.5,359.32537014679957,3.0
662,1,178.62244139679063,383.37755860320937,2.7050000000000005
663,2,309.48401604428216,355.48401604428216,3.0
663,3,311.5,359.32537014679957,3.0
663,1,178.82871759429736,383.17128240570264,2.7050000000000005
664,2,309.48401604428216,355.48401604428216,3.0
664,3,311.5,359.32537014679957,3.0
664,1,179.03499379180408,382.9650062081959,2.7050000000000005
665,2,309.48401604428216,355.48401604428216,3.0
665,3,311.5,359.32537014679957,3.0
665,1,179.2412699893108,382.7587300106892,2.7050000000000005
666,2,309.48401604428216,355.48401604428216,3.0
666,3,311.5,359.32537014679957,3.0
666,1,179.44754618681753,382.55245381318247,2.7050000000000005
667,2,309.48401604428216,355.48401604428216,3.0
667,3,311.5,359.32537014679957,3.0
667,1,179.34617761567574,382.34617761567574,2.7050000000000005
668,2,309.48401604428216,355.48401604428216,3.0
668,3,311.5,359.32537014679957,3.0
668,1,179.13990141816902,382.139901418169,2.7050000000000005
669,2,309.48401604428216,355.48401604428216,3.0
669,3,311.5,359.32537014679957,3.0
669,1,178.9336252206623,381.9336252206623,2.7050000000000005
670,2,309.48401604428216,355.48401604428216,3.0
670,3,311.5,359.32537014679957,3.0
670,1,178.72734902315557,381.72734902315557,2.7050000000000005
671,2,309.48401604428216,355.48401604428216,3.0
671,3,311.5,359.32537014679957,3.0
671,1,178.52107282564884,381.52107282564884,2.7050000000000005
672,2,309.48401604428216,355.48401604428216,3.0
672,3,311.5,359.32537014679957,3.0
672,1,178.5,381.23808287972133,2.7050000000000005
673,2,309.48401604428216,355.48401604428216,3.0
673,3,311.5,359.32537014679957,3.0
673,1,178.5,380.9463642836126,2.7050000000000005
674,2,309.48401604428216,355.48401604428216,3.0
674,3,311.5,359.32537014679957,3.0
674,1,178.5,380.65464568750383,2.7050000000000005
675,2,309.48401604428216,355.48401604428216,3.0
675,3,311.5,359.32537014679957,3.0
675,1,178.4030748168085,380.4030748168085,2.7050000000000005
676,2,309.48401604428216,355.48401604428216,3.0
676,3,311.5,359.32537014679957,3.0
676,1,178.19679861930177,380.1967986193018,2.7050000000000005
677,2,309.48401604428216,355.48401604428216,3.0
677,3,311.5,359.32537014679957,3.0
677,1,177.99052242179505,379.99052242179505,2.7050000000000005
678,2,309.48401604428216,355.48401604428216,3.0
678,3,311.5,359.32537014679957,3.0
678,1,177.78424622428832,379.7842462242883,2.7050000000000005
679,2,309.48401604428216,355.48401604428216,3.0
679,3,311.5,359.32537014679957,3.0
679,1,177.5779700267816,379.5779700267816,2.7050000000000005
680,2,309.48401604428216,355.48401604428216,3.0
680,3,311.5,359.32537014679957,3.0
680,1,177.37169382927488,379.3716938292749,2.7050000000000005
681,2,309.48401604428216,355.48401604428216,3.0
681,3,311.5,359.32537014679957,3.0
681,1,177.16541763176815,379.16541763176815,2.7050000000000005
682,2,309.48401604428216,355.48401604428216,3.0
682,3,311.5,359.32537014679957,3.0
682,1,176.95914143426143,378.9591414342614,2.7050000000000005
683,2,309.48401604428216,355.48401604428216,3.0
683,3,311.5,359.32537014679957,3.0
683,1,176.7528652367547,378.7528652367547,2.7050000000000005
684,2,309.48401604428216,355.48401604428216,3.0
684,3,311.5,359.32537014679957,3.0
684,1,176.54658903924798,378.546589039248,2.7050000000000005
685,2,309.48401604428216,355.48401604428216,3.0
685,3,311.5,359.32537014679957,3.0
685,1,176.34031284174125,378.34031284174125,2.7050000000000005
686,2,309.48401604428216,355.48401604428216,3.0
686,3,311.5,359.32537014679957,3.0
686,1,176.13403664423453,378.1340366442345,2.7050000000000005
687,2,309.48401604428216,355.48401604428216,3.0
687,3,311.5,359.32537014679957,3.0
687,1,175.9277604467278,377.9277604467278,2.7050000000000005
688,2,309.48401604428216,355.48401604428216,3.0
688,3,311.5,359.32537014679957,3.0
688,1,175.72148424922108,377.7214842492211,2.7050000000000005
689,2,309.48401604428216,355.48401604428216,3.0
689,3,311.5,359.32537014679957,3.0
689,1,175.51520805171435,377.51520805171435,2.7050000000000005
690,2,309.48401604428216,355.48401604428216,3.0
690,3,311.5,359.32537014679957,3.0
690,1,175.30893185420763,377.30893185420763,2.7050000000000005
691,2,309.48401604428216,355.48401604428216,3.0
691,3,311.5,359.32537014679957,3.0
691,1,175.1026556567009,377.1026556567009,2.7050000000000005
692,2,309.48401604428216,355.48401604428216,3.0
692,3,311.5,359.32537014679957,3.0
692,1,174.89637945919418,376.8963794591942,2.7050000000000005
693,2,309.48401604428216,355.48401604428216,3.0
693,3,311.5,359.32537014679957,3.0
693,1,174.69010326168745,376.69010326168745,2.7050000000000005
694,2,309.48401604428216,355.48401604428216,3.0
694,3,311.5,359.32537014679957,3.0
694,1,174.48382706418073,376.48382706418073,2.7050000000000005
695,2,309.48401604428216,355.48401604428216,3.0
695,3,311.5,359.32537014679957,3.0
695,1,174.277550866674,376.277550866674,2.7050000000000005
696,2,309.48401604428216,355.48401604428216,3.0
696,3,311.5,359.32537014679957,3.0
696,1,174.07127466916728,376.0712746691673,2.7050000000000005
697,2,309.48401604428216,355.48401604428216,3.0
697,3,311.5,359.32537014679957,3.0
697,1,173.86499847166056,375.86499847166056,2.7050000000000005
698,2,309.48401604428216,355.48401604428216,3.0
698,3,311.5,359.32537014679957,3.0
698,1,173.65872227415383,375.65872227415383,2.7050000000000005
699,2,309.48401604428216,355.48401604428216,3.0
699,3,311.5,359.32537014679957,3.0
699,1,173.4524460766471,375.4524460766471,2.7050000000000005
700,2,309.48401604428216,355.48401604428216,3.0
700,3,311.5,359.32537014679957,3.0
700,1,173.24616987914038,375.2461698791404,2.7050000000000005
701,2,309.48401604428216,355.48401604428216,3.0
701,3,311.5,359.32537014679957,3.0
701,1,173.03989368163366,375.03989368163366,2.7050000000000005
702,2,309.48401604428216,355.48401604428216,3.0
702,3,311.5,359.32537014679957,3.0
702,1,172.83361748412693,374.83361748412693,2.7050000000000005
703,2,309.48401604428216,355.48401604428216,3.0
703,3,311.5,359.32537014679957,3.0
703,1,172.6273412866202,374.6273412866202,2.7050000000000005
704,2,309.48401604428216,355.48401604428216,3.0
704,3,311.5,359.32537014679957,3.0
704,1,172.57893491088652,374.4210650891135,2.7050000000000005
705,2,309.48401604428216,355.48401604428216,3.0
705,3,311.5,359.32537014679957,3.0
705,1,172.78521110839324,374.21478889160676,2.7050000000000005
706,2,309.48401604428216,355.48401604428216,3.0
706,3,311.5,359.32537014679957,3.0
706,1,172.99148730589997,374.00851269410003,2.7050000000000005
707,2,309.48401604428216,355.48401604428216,3.0
707,3,311.5,359.32537014679957,3.0
707,1,173.1977635034067,373.8022364965933,2.7050000000000005
708,2,309.48401604428216,355.48401604428216,3.0
708,3,311.5,359.32537014679957,3.0
708,1,173.40403970091342,373.5959602990866,2.7050000000000005
709,2,309.48401604428216,355.48401604428216,3.0
709,3,311.5,359.32537014679957,3.0
709,1,173.38968410157986,373.38968410157986,2.7050000000000005
710,2,309.48401604428216,355.48401604428216,3.0
710,3,311.5,359.32537014679957,3.0
710,1,173.18340790407314,373.18340790407314,2.7050000000000005
711,2,309.48401604428216,355.48401604428216,3.0
711,3,311.5,359.32537014679957,3.0
711,1,172.9771317065664,372.9771317065664,2.7050000000000005
712,2,309.48401604428216,355.48401604428216,3.0
712,3,311.5,359.32537014679957,3.0
712,1,172.7708555090597,372.7708555090597,2.7050000000000005
713,2,309.48401604428216,355.48401604428216,3.0
713,3,311.5,359.32537014679957,3.0
713,1,172.56457931155296,372.56457931155296,2.7050000000000005
714,2,309.48401604428216,355.48401604428216,3.0
714,3,311.5,359.32537014679957,3.0
714,1,172.64169688595376,372.35830311404624,2.7050000000000005
715,2,309.48401604428216,355.48401604428216,3.0
715,3,311.5,359.32537014679957,3.0
715,1,172.8479730834605,372.1520269165395,2.7050000000000005
716,2,309.48401604428216,355.48401604428216,3.0
716,3,311.5,359.32537014679957,3.0
716,1,173.0542492809672,371.9457507190328,2.7050000000000005
717,2,309.48401604428216,355.48401604428216,3.0
717,3,311.5,359.32537014679957,3.0
717,1,173.26052547847394,371.73947452152606,2.7050000000000005
718,2,309.48401604428216,355.48401604428216,3.0
718,3,311.5,359.32537014679957,3.0
718,1,173.46680167598066,371.53319832401934,2.7050000000000005
719,2,309.48401604428216,355.48401604428216,3.0
719,3,311.5,359.32537014679957,3.0
719,1,173.3269221265126,371.3269221265126,2.7050000000000005
720,2,309.48401604428216,355.48401604428216,3.0
720,3,311.5,359.32537014679957,3.0
720,1,173.1206459290059,371.1206459290059,2.7050000000000005
721,2,309.48401604428216,355.48401604428216,3.0
721,3,311.5,359.32537014679957,3.0
721,1,172.91436973149916,370.91436973149916,2.7050000000000005
722,2,309.48401604428216,355.48401604428216,3.0
722,3,311.5,359.32537014679957,3.0
722,1,172.70809353399244,370.70809353399244,2.7050000000000005
723,2,309.48401604428216,355.48401604428216,3.0
723,3,311.5,359.32537014679957,3.0
723,1,172.50181733648571,370.5018173364857,2.7050000000000005
724,2,309.48401604428216,355.48401604428216,3.0
724,3,311.5,359.32537014679957,3.0
724,1,172.5,370.2108515057967,2.7050000000000005
725,2,309.48401604428216,355.48401604428216,3.0
725,3,311.5,359.32537014679957,3.0
725,1,172.5,369.91913290968796,2.7050000000000005
726,2,309.48401604428216,355.48401604428216,3.0
726,3,311.5,359.32537014679957,3.0
726,1,172.5,369.6274143135792,2.7050000000000005
727,2,309.48401604428216,355.48401604428216,3.0
727,3,311.5,359.32537014679957,3.0
727,1,172.38381932764537,369.38381932764537,2.7050000000000005
728,2,309.48401604428216,355.48401604428216,3.0
728,3,311.5,359.32537014679957,3.0
728,1,172.17754313013864,369.17754313013864,2.7050000000000005
729,2,309.48401604428216,355.48401604428216,3.0
729,3,311.5,359.32537014679957,3.0
729,1,171.97126693263192,368.9712669326319,2.7050000000000005
730,2,309.48401604428216,355.48401604428216,3.0
730,3,311.5,359.32537014679957,3.0
730,1,171.7649907351252,368.7649907351252,2.7050000000000005
731,2,309.48401604428216,355.48401604428216,3.0
731,3,311.5,359.32537014679957,3.0
731,1,171.55871453761847,368.55871453761847,2.7050000000000005
732,2,309.48401604428216,355.48401604428216,3.0
732,3,311.5,359.32537014679957,3.0
732,1,171.5,368.29131629929975,2.7050000000000005
733,2,309.48401604428216,355.48401604428216,3.0
733,3,311.5,359.32537014679957,3.0
733,1,171.5,367.999597703191,2.7050000000000005
734,2,309.48401604428216,355.48401604428216,3.0
734,3,311.5,359.32537014679957,3.0
734,1,171.5,367.70787910708225,2.7050000000000005
735,2,309.48401604428216,355.48401604428216,3.0
735,3,311.5,359.32537014679957,3.0
735,1,171.44071652877813,367.4407165287781,2.7050000000000005
736,2,309.48401604428216,355.48401604428216,3.0
736,3,311.5,359.32537014679957,3.0
736,1,171.2344403312714,367.2344403312714,2.7050000000000005
737,2,309.48401604428216,355.48401604428216,3.0
737,3,311.5,359.32537014679957,3.0
737,1,171.02816413376468,367.0281641337647,2.7050000000000005
738,2,309.48401604428216,355.48401604428216,3.0
738,3,311.5,359.32537014679957,3.0
738,1,170.82188793625795,366.82188793625795,2.7050000000000005
739,2,309.48401604428216,355.48401604428216,3.0
739,3,311.5,359.32537014679957,3.0
739,1,170.61561173875123,366.6156117387512,2.7050000000000005
740,2,309.48401604428216,355.48401604428216,3.0
740,3,311.5,359.32537014679957,3.0
740,1,170.4093355412445,366.4093355412445,2.7050000000000005
741,2,309.48401604428216,355.48401604428216,3.0
741,3,311.5,359.32537014679957,3.0
741,1,170.20305934373778,366.2030593437378,2.7050000000000005
742,2,309.48401604428216,355.48401604428216,3.0
742,3,311.5,359.32537014679957,3.0
742,1,169.99678314623105,365.99678314623105,2.7050000000000005
743,2,309.48401604428216,355.48401604428216,3.0
743,3,311.5,359.32537014679957,3.0
743,1,169.79050694872433,365.7905069487243,2.7050000000000005
744,2,309.48401604428216,355.48401604428216,3.0
744,3,311.5,359.32537014679957,3.0
744,1,169.5842307512176,365.5842307512176,2.7050000000000005
745,2,309.48401604428216,355.48401604428216,3.0
745,3,311.5,359.32537014679957,3.0
745,1,169.37795455371088,365.3779545537109,2.7050000000000005
746,2,309.48401604428216,355.48401604428216,3.0
746,3,311.5,359.32537014679957,3.0
746,1,169.17167835620415,365.17167835620415,2.7050000000000005
747,2,309.48401604428216,355.48401604428216,3.0
747,3,311.5,359.32537014679957,3.0
747,1,168.96540215869743,364.96540215869743,2.7050000000000005
748,2,309.48401604428216,355.48401604428216,3.0
748,3,311.5,359.32537014679957,3.0
748,1,168.7591259611907,364.7591259611907,2.7050000000000005
749,2,309.48401604428216,355.48401604428216,3.0
749,3,311.5,359.32537014679957,3.0
749,1,168.55284976368398,364.552849763684,2.7050000000000005
750,2,309.48401604428216,355.48401604428216,3.0
750,3,311.5,359.32537014679957,3.0
750,1,168.65342643382274,364.34657356617726,2.7050000000000005
751,2,309.48401604428216,355.48401604428216,3.0
751,3,311.5,359.32537014679957,3.0
751,1,168.85970263132947,364.14029736867053,2.7050000000000005
752,2,309.48401604428216,355.48401604428216,3.0
752,3,311.5,359.32537014679957,3.0
752,1,169.0659788288362,363.9340211711638,2.7050000000000005
753,2,309.48401604428216,355.48401604428216,3.0
753,3,311.5,359.32537014679957,3.0
753,1,169.27225502634292,363.7277449736571,2.7050000000000005
754,2,309.48401604428216,355.48401604428216,3.0
754,3,311.5,359.32537014679957,3.0
754,1,169.47853122384964,363.52146877615036,2.7050000000000005
755,2,309.48401604428216,355.48401604428216,3.0
755,3,311.5,359.32537014679957,3.0
755,1,169.31519257864363,363.31519257864363,2.7050000000000005
756,2,309.48401604428216,355.48401604428216,3.0
756,3,311.5,359.32537014679957,3.0
756,1,169.1089163811369,363.1089163811369,2.7050000000000005
757,2,309.48401604428216,355.48401604428216,3.0
757,3,311.5,359.32537014679957,3.0
757,1,168.90264018363018,362.9026401836302,2.7050000000000005
758,2,309.48401604428216,355.48401604428216,3.0
758,3,311.5,359.32537014679957,3.0
758,1,168.69636398612346,362.69636398612346,2.7050000000000005
759,2,309.48401604428216,355.48401604428216,3.0
759,3,311.5,359.32537014679957,3.0
759,1,168.49008778861673,362.49008778861673,2.7050000000000005
760,2,309.48401604428216,355.48401604428216,3.0
760,3,311.5,359.32537014679957,3.0
760,1,168.28381159111,362.28381159111,2.7050000000000005
761,2,309.48401604428216,355.48401604428216,3.0
761,3,311.5,359.32537014679957,3.0
761,1,168.07753539360328,362.0775353936033,2.7050000000000005
762,2,309.48401604428216,355.48401604428216,3.0
762,3,311.5,359.32537014679957,3.0
762,1,167.87125919609656,361.87125919609656,2.7050000000000005
763,2,309.48401604428216,355.48401604428216,3.0
763,3,311.5,359.32537014679957,3.0
763,1,167.66498299858984,361.66498299858984,2.7050000000000005
764,2,309.48401604428216,355.48401604428216,3.0
764,3,311.5,359.32537014679957,3.0
764,1,167.5412931989169,361.4587068010831,2.7050000000000005
765,2,309.48401604428216,355.48401604428216,3.0
765,3,311.5,359.32537014679957,3.0
765,1,167.74756939642361,361.2524306035764,2.7050000000000005
766,2,309.48401604428216,355.48401604428216,3.0
766,3,311.5,359.32537014679957,3.0
766,1,167.95384559393034,361.04615440606966,2.7050000000000005
767,2,309.48401604428216,355.48401604428216,3.0
767,3,311.5,359.32537014679957,3.0
767,1,168.16012179143706,360.83987820856294,2.7050000000000005
768,2,309.48401604428216,355.48401604428216,3.0
768,3,311.5,359.32537014679957,3.0
768,1,168.3663979889438,360.6336020110562,2.7050000000000005
769,2,309.48401604428216,355.48401604428216,3.0
769,3,311.5,359.32537014679957,3.0
769,1,168.4273258135495,360.4273258135495,2.7050000000000005
770,2,309.48401604428216,355.48401604428216,3.0
770,3,311.5,359.32537014679957,3.0
770,1,168.22104961604276,360.22104961604276,2.7050000000000005
771,2,309.48401604428216,355.48401604428216,3.0
771,3,311.5,359.32537014679957,3.0
771,1,168.01477341853604,360.01477341853604,2.7050000000000005
772,2,309.48401604428216,355.48401604428216,3.0
772,3,311.5,359.32537014679957,3.0
772,1,167.8084972210293,359.8084972210293,2.7050000000000005
773,2,309.48401604428216,355.48401604428216,3.0
773,3,311.5,359.32537014679957,3.0
773,1,167.6022210235226,359.6022210235226,2.7050000000000005
774,2,309.48401604428216,355.48401604428216,3.0
774,3,311.5,359.32537014679957,3.0
774,1,167.5,359.35284376171654,2.7050000000000005
775,2,309.48401604428216,355.48401604428216,3.0
775,3,311.5,359.32537014679957,3.0
775,1,167.5,359.0611251656078,2.7050000000000005
776,2,309.48401604428216,355.48401604428216,3.0
776,3,311.5,359.32537014679957,3.0
776,1,167.5,358.76940656949904,2.7050000000000005
777,2,309.48401604428216,355.48401604428216,3.0
777,3,311.5,359.32537014679957,3.0
777,1,167.48422301468224,358.48422301468224,2.7050000000000005
778,2,309.48401604428216,355.48401604428216,3.0
778,3,311.5,359.32537014679957,3.0
778,1,167.27794681717552,358.2779468171755,2.7050000000000005
779,2,309.48401604428216,355.48401604428216,3.0
779,3,311.5,359.32537014679957,3.0
779,1,167.0716706196688,358.0716706196688,2.7050000000000005
780,2,309.48401604428216,355.48401604428216,3.0
780,3,311.5,359.32537014679957,3.0
780,1,166.86539442216207,357.86539442216207,2.7050000000000005
781,2,309.48401604428216,355.48401604428216,3.0
781,3,311.5,359.32537014679957,3.0
781,1,166.65911822465534,357.65911822465534,2.7050000000000005
782,2,309.48401604428216,355.48401604428216,3.0
782,3,311.5,359.32537014679957,3.0
782,1,166.5,357.4333085552195,2.7050000000000005
783,2,309.48401604428216,355.48401604428216,3.0
783,3,311.5,359.32537014679957,3.0
783,1,166.5,357.1415899591108,2.7050000000000005
784,2,309.48401604428216,355.48401604428216,3.0
784,3,311.5,359.32537014679957,3.0
784,1,166.5,356.849871363002,2.7050000000000005
785,2,309.48401604428216,355.48401604428216,3.0
785,3,311.5,359.32537014679957,3.0
785,1,166.5,356.5581527668933,2.7050000000000005
786,2,309.48401604428216,355.48401604428216,3.0
786,3,311.5,359.32537014679957,3.0
786,1,166.33484401830827,356.3348440183083,2.7050000000000005
787,2,309.48401604428216,355.48401604428216,3.0
787,3,311.5,359.32537014679957,3.0
787,1,166.12856782080155,356.12856782080155,2.7050000000000005
788,2,309.48401604428216,355.48401604428216,3.0
788,3,311.5,359.32537014679957,3.0
788,1,165.92229162329483,355.9222916232948,2.7050000000000005
789,2,309.48401604428216,355.48401604428216,3.0
789,3,311.5,359.32537014679957,3.0
789,1,165.7160154257881,355.7160154257881,2.7050000000000005
790,2,309.48401604428216,355.48401604428216,3.0
790,3,311.5,359.32537014679957,3.0
790,1,165.50973922828138,355.5097392282814,2.7050000000000005
791,2,309.48401604428216,355.48401604428216,3.0
791,3,311.5,359.32537014679957,3.0
791,1,165.30346303077465,355.30346303077465,2.7050000000000005
792,2,309.48401604428216,355.48401604428216,3.0
792,3,311.5,359.32537014679957,3.0
792,1,165.09718683326793,355.0971868332679,2.7050000000000005
793,2,309.48401604428216,355.48401604428216,3.0
793,3,311.5,359.32537014679957,3.0
793,1,164.8909106357612,354.8909106357612,2.7050000000000005
794,2,309.48401604428216,355.48401604428216,3.0
794,3,311.5,359.32537014679957,3.0
794,1,164.68463443825448,354.6846344382545,2.7050000000000005
795,2,309.48401604428216,355.48401604428216,3.0
795,3,311.5,359.32537014679957,3.0
795,1,164.5,354.46939393055186,2.7050000000000005
796,2,309.48401604428216,355.48401604428216,3.0
796,3,311.5,359.32537014679957,3.0
796,1,164.5,354.1776753344431,2.7050000000000005
797,2,309.48401604428216,355.48401604428216,3.0
797,3,311.5,359.32537014679957,3.0
797,1,164.5,353.88595673833436,2.7050000000000005
798,2,309.48401604428216,355.48401604428216,3.0
798,3,311.5,359.32537014679957,3.0
798,1,164.5,353.5942381422256,2.7050000000000005
799,2,309.48401604428216,355.48401604428216,3.0
799,3,311.5,359.32537014679957,3.0
799,1,164.6396397680926,353.3603602319074,2.7050000000000005
800,2,309.48401604428216,355.48401604428216,3.0
800,3,311.5,359.32537014679957,3.0
800,1,164.84591596559932,353.1540840344007,2.7050000000000005
801,2,309.48401604428216,355.48401604428216,3.0
801,3,311.5,359.32537014679957,3.0
801,1,165.05219216310604,352.94780783689396,2.7050000000000005
802,2,309.48401604428216,355.48401604428216,3.0
802,3,311.5,359.32537014679957,3.0
802,1,165.25846836061277,352.74153163938723,2.7050000000000005
803,2,309.48401604428216,355.48401604428216,3.0
803,3,311.5,359.32537014679957,3.0
803,1,165.4647445581195,352.5352554418805,2.7050000000000005
804,2,309.48401604428216,355.48401604428216,3.0
804,3,311.5,359.32537014679957,3.0
804,1,165.32897924437378,352.3289792443738,2.7050000000000005
805,2,309.48401604428216,355.48401604428216,3.0
805,3,311.5,359.32537014679957,3.0
805,1,165.12270304686706,352.12270304686706,2.7050000000000005
806,2,309.48401604428216,355.48401604428216,3.0
806,3,311.5,359.32537014679957,3.0
806,1,164.91642684936033,351.91642684936033,2.7050000000000005
807,2,309.48401604428216,355.48401604428216,3.0
807,3,311.5,359.32537014679957,3.0
807,1,164.7101506518536,351.7101506518536,2.7050000000000005
808,2,309.48401604428216,355.48401604428216,3.0
808,3,311.5,359.32537014679957,3.0
808,1,164.50387445434689,351.5038744543469,2.7050000000000005
809,2,309.48401604428216,355.48401604428216,3.0
809,3,311.5,359.32537014679957,3.0
809,1,164.21376070977539,351.5,2.7050000000000005
810,2,309.48401604428216,355.48401604428216,3.0
810,3,311.5,359.32537014679957,3.0
810,1,163.9220421136666,351.5,2.7050000000000005
811,2,309.48401604428216,355.48401604428216,3.0
811,3,311.5,359.32537014679957,3.0
811,1,163.63032351755783,351.5,2.7050000000000005
812,2,309.48401604428216,355.48401604428216,3.0
812,3,311.5,359.32537014679957,3.0
812,1,163.38587644550648,351.3858764455065,2.7050000000000005
813,2,309.48401604428216,355.48401604428216,3.0
813,3,311.5,359.32537014679957,3.0
813,1,163.17960024799976,351.17960024799976,2.7050000000000005
814,2,309.48401604428216,355.48401604428216,3.0
814,3,311.5,359.32537014679957,3.0
814,1,162.97332405049303,350.97332405049303,2.7050000000000005
815,2,309.48401604428216,355.48401604428216,3.0
815,3,311.5,359.32537014679957,3.0
815,1,162.7670478529863,350.7670478529863,2.7050000000000005
816,2,309.48401604428216,355.48401604428216,3.0
816,3,311.5,359.32537014679957,3.0
816,1,162.56077165547958,350.5607716554796,2.7050000000000005
817,2,309.48401604428216,355.48401604428216,3.0
817,3,311.5,359.32537014679957,3.0
817,1,162.5,350.2942255032783,2.7050000000000005
818,2,309.48401604428216,355.48401604428216,3.0
818,3,311.5,359.32537014679957,3.0
818,1,162.5,350.00250690716956,2.7050000000000005
819,2,309.48401604428216,355.48401604428216,3.0
819,3,311.5,359.32537014679957,3.0
819,1,162.5,349.7107883110608,2.7050000000000005
820,2,309.48401604428216,355.48401604428216,3.0
820,3,311.5,359.32537014679957,3.0
820,1,162.55722635336076,349.44277364663924,2.7050000000000005
821,2,309.48401604428216,355.48401604428216,3.0
821,3,311.5,359.32537014679957,3.0
821,1,162.76350255086749,349.2364974491325,2.7050000000000005
822,2,309.48401604428216,355.48401604428216,3.0
822,3,311.5,359.32537014679957,3.0
822,1,162.9697787483742,349.0302212516258,2.7050000000000005
823,2,309.48401604428216,355.48401604428216,3.0
823,3,311.5,359.32537014679957,3.0
823,1,163.17605494588094,348.82394505411906,2.7050000000000005
824,2,309.48401604428216,355.48401604428216,3.0
824,3,311.5,359.32537014679957,3.0
824,1,163.38233114338766,348.61766885661234,2.7050000000000005
825,2,309.48401604428216,355.48401604428216,3.0
825,3,311.5,359.32537014679957,3.0
825,1,163.5,348.37469029678135,2.7050000000000005
826,2,309.48401604428216,355.48401604428216,3.0
826,3,311.5,359.32537014679957,3.0
826,1,163.5,348.0829717006726,2.7050000000000005
827,2,309.48401604428216,355.48401604428216,3.0
827,3,311.5,359.32537014679957,3.0
827,1,163.5,347.79125310456385,2.7050000000000005
828,2,309.48401604428216,355.48401604428216,3.0
828,3,311.5,359.32537014679957,3.0
828,1,163.499670847772,347.499670847772,2.7050000000000005
829,2,309.48401604428216,355.48401604428216,3.0
829,3,311.5,359.32537014679957,3.0
829,1,163.29339465026527,347.29339465026527,2.7050000000000005
830,2,309.48401604428216,355.48401604428216,3.0
830,3,311.5,359.32537014679957,3.0
830,1,163.08711845275855,347.08711845275855,2.7050000000000005
831,2,309.48401604428216,355.48401604428216,3.0
831,3,311.5,359.32537014679957,3.0
831,1,162.88084225525182,346.8808422552518,2.7050000000000005
832,2,309.48401604428216,355.48401604428216,3.0
832,3,311.5,359.32537014679957,3.0
832,1,162.6745660577451,346.6745660577451,2.7050000000000005
833,2,309.48401604428216,355.48401604428216,3.0
833,3,311.5,359.32537014679957,3.0
833,1,162.46828986023837,346.4682898602384,2.7050000000000005
834,2,309.48401604428216,355.48401604428216,3.0
834,3,311.5,359.32537014679957,3.0
834,1,162.26201366273165,346.26201366273165,2.7050000000000005
835,2,309.48401604428216,355.48401604428216,3.0
835,3,311.5,359.32537014679957,3.0
835,1,162.05573746522492,346.0557374652249,2.7050000000000005
836,2,309.48401604428216,355.48401604428216,3.0
836,3,311.5,359.32537014679957,3.0
836,1,161.8494612677182,345.8494612677182,2.7050000000000005
837,2,309.48401604428216,355.48401604428216,3.0
837,3,311.5,359.32537014679957,3.0
837,1,161.64318507021147,345.6431850702115,2.7050000000000005
838,2,309.48401604428216,355.48401604428216,3.0
838,3,311.5,359.32537014679957,3.0
838,1,161.43690887270475,345.43690887270475,2.7050000000000005
839,2,309.48401604428216,355.48401604428216,3.0
839,3,311.5,359.32537014679957,3.0
839,1,161.23063267519802,345.230632675198,2.7050000000000005
840,2,309.48401604428216,355.48401604428216,3.0
840,3,311.5,359.32537014679957,3.0
840,1,161.0243564776913,345.0243564776913,2.7050000000000005
841,2,309.48401604428216,355.48401604428216,3.0
841,3,311.5,359.32537014679957,3.0
841,1,160.81808028018457,344.8180802801846,2.7050000000000005
842,2,309.48401604428216,355.48401604428216,3.0
842,3,311.5,359.32537014679957,3.0
842,1,160.61180408267785,344.61180408267785,2.7050000000000005
843,2,309.48401604428216,355.48401604428216,3.0
843,3,311.5,359.32537014679957,3.0
843,1,160.40552788517113,344.4055278851711,2.7050000000000005
844,2,309.48401604428216,355.48401604428216,3.0
844,3,311.5,359.32537014679957,3.0
844,1,160.1992516876644,344.1992516876644,2.7050000000000005
845,2,309.48401604428216,355.48401604428216,3.0
845,3,311.5,359.32537014679957,3.0
845,1,159.99297549015768,343.9929754901577,2.7050000000000005
846,2,309.48401604428216,355.48401604428216,3.0
846,3,311.5,359.32537014679957,3.0
846,1,159.78669929265095,343.78669929265095,2.7050000000000005
847,2,309.48401604428216,355.48401604428216,3.0
847,3,311.5,359.32537014679957,3.0
847,1,159.58042309514423,343.5804230951442,2.7050000000000005
848,2,309.48401604428216,355.48401604428216,3.0
848,3,311.5,359.32537014679957,3.0
848,1,159.6258531023625,343.3741468976375,2.7050000000000005
849,2,309.48401604428216,355.48401604428216,3.0
849,3,311.5,359.32537014679957,3.0
849,1,159.83212929986922,343.1678707001308,2.7050000000000005
850,2,309.48401604428216,355.48401604428216,3.0
850,3,311.5,359.32537014679957,3.0
850,1,160.03840549737595,342.96159450262405,2.7050000000000005
851,2,309.48401604428216,355.48401604428216,3.0
851,3,311.5,359.32537014679957,3.0
851,1,160.24468169488267,342.7553183051173,2.7050000000000005
852,2,309.48401604428216,355.48401604428216,3.0
852,3,311.5,359.32537014679957,3.0
852,1,160.4509578923894,342.5490421076106,2.7050000000000005
853,2,309.48401604428216,355.48401604428216,3.0
853,3,311.5,359.32537014679957,3.0
853,1,160.65723408989612,342.3427659101039,2.7050000000000005
854,2,309.48401604428216,355.48401604428216,3.0
854,3,311.5,359.32537014679957,3.0
854,1,160.86351028740285,342.13648971259715,2.7050000000000005
855,2,309.48401604428216,355.48401604428216,3.0
855,3,311.5,359.32537014679957,3.0
855,1,161.06978648490957,341.93021351509043,2.7050000000000005
856,2,309.48401604428216,355.48401604428216,3.0
856,3,311.5,359.32537014679957,3.0
856,1,161.2760626824163,341.7239373175837,2.7050000000000005
857,2,309.48401604428216,355.48401604428216,3.0
857,3,311.5,359.32537014679957,3.0
857,1,161.48233887992302,341.517661120077,2.7050000000000005
858,2,309.48401604428216,355.48401604428216,3.0
858,3,311.5,359.32537014679957,3.0
858,1,161.31138492257026,341.31138492257026,2.7050000000000005
859,2,309.48401604428216,355.48401604428216,3.0
859,3,311.5,359.32537014679957,3.0
859,1,161.10510872506353,341.10510872506353,2.7050000000000005
860,2,309.48401604428216,355.48401604428216,3.0
860,3,311.5,359.32537014679957,3.0
860,1,160.8988325275568,340.8988325275568,2.7050000000000005
861,2,309.48401604428216,355.48401604428216,3.0
861,3,311.5,359.32537014679957,3.0
861,1,160.69255633005008,340.6925563300501,2.7050000000000005
862,2,309.48401604428216,355.48401604428216,3.0
862,3,311.5,359.32537014679957,3.0
862,1,160.5,340.48059717736885,2.7050000000000005
863,2,309.48401604428216,355.48401604428216,3.0
863,3,311.5,359.32537014679957,3.0
863,1,160.5,340.1888785812601,2.7050000000000005
864,2,309.48401604428216,355.48401604428216,3.0
864,3,311.5,359.32537014679957,3.0
864,1,160.5,339.89715998515135,2.7050000000000005
865,2,309.48401604428216,355.48401604428216,3.0
865,3,311.5,359.32537014679957,3.0
865,1,160.5,339.6054413890426,2.7050000000000005
866,2,309.48401604428216,355.48401604428216,3.0
866,3,311.5,359.32537014679957,3.0
866,1,160.368282123703,339.368282123703,2.7050000000000005
867,2,309.48401604428216,355.48401604428216,3.0
867,3,311.5,359.32537014679957,3.0
867,1,160.1620059261963,339.1620059261963,2.7050000000000005
868,2,309.48401604428216,355.48401604428216,3.0
868,3,311.5,359.32537014679957,3.0
868,1,159.95572972868956,338.95572972868956,2.7050000000000005
869,2,309.48401604428216,355.48401604428216,3.0
869,3,311.5,359.32537014679957,3.0
869,1,159.74945353118284,338.74945353118284,2.7050000000000005
870,2,309.48401604428216,355.48401604428216,3.0
870,3,311.5,359.32537014679957,3.0
870,1,159.5431773336761,338.5431773336761,2.7050000000000005
871,2,309.48401604428216,355.48401604428216,3.0
871,3,311.5,359.32537014679957,3.0
871,1,159.3369011361694,338.3369011361694,2.7050000000000005
872,2,309.48401604428216,355.48401604428216,3.0
872,3,311.5,359.32537014679957,3.0
872,1,159.13062493866266,338.13062493866266,2.7050000000000005
873,2,309.48401604428216,355.48401604428216,3.0
873,3,311.5,359.32537014679957,3.0
873,1,158.92434874115594,337.92434874115594,2.7050000000000005
874,2,309.48401604428216,355.48401604428216,3.0
874,3,311.5,359.32537014679957,3.0
874,1,158.7180725436492,337.7180725436492,2.7050000000000005
875,2,309.48401604428216,355.48401604428216,3.0
875,3,311.5,359.32537014679957,3.0
875,1,158.5117963461425,337.5117963461425,2.7050000000000005
876,2,309.48401604428216,355.48401604428216,3.0
876,3,311.5,359.32537014679957,3.0
876,1,158.30552014863576,337.30552014863576,2.7050000000000005
877,2,309.48401604428216,355.48401604428216,3.0
877,3,311.5,359.32537014679957,3.0
877,1,158.09924395112904,337.09924395112904,2.7050000000000005
878,2,309.48401604428216,355.48401604428216,3.0
878,3,311.5,359.32537014679957,3.0
878,1,157.89296775362232,336.8929677536223,2.7050000000000005
879,2,309.48401604428216,355.48401604428216,3.0
879,3,311.5,359.32537014679957,3.0
879,1,157.6866915561156,336.6866915561156,2.7050000000000005
880,2,309.48401604428216,355.48401604428216,3.0
880,3,311.5,359.32537014679957,3.0
880,1,157.48041535860887,336.48041535860887,2.7050000000000005
881,2,309.48401604428216,355.48401604428216,3.0
881,3,311.5,359.32537014679957,3.0
881,1,157.27413916110214,336.27413916110214,2.7050000000000005
882,2,309.48401604428216,355.48401604428216,3.0
882,3,311.5,359.32537014679957,3.0
882,1,157.06786296359542,336.0678629635954,2.7050000000000005
883,2,309.48401604428216,355.48401604428216,3.0
883,3,311.5,359.32537014679957,3.0
883,1,156.8615867660887,335.8615867660887,2.7050000000000005
884,2,309.48401604428216,355.48401604428216,3.0
884,3,311.5,359.32537014679957,3.0
884,1,156.65531056858197,335.65531056858197,2.7050000000000005
885,2,309.48401604428216,355.48401604428216,3.0
885,3,311.5,359.32537014679957,3.0
885,1,156.44903437107524,335.44903437107524,2.7050000000000005
886,2,309.48401604428216,355.48401604428216,3.0
886,3,311.5,359.32537014679957,3.0
886,1,156.24275817356852,335.2427581735685,2.7050000000000005
887,2,309.48401604428216,355.48401604428216,3.0
887,3,311.5,359.32537014679957,3.0
887,1,156.0364819760618,335.0364819760618,2.7050000000000005
888,2,309.48401604428216,355.48401604428216,3.0
888,3,311.5,359.32537014679957,3.0
888,1,155.83020577855507,334.83020577855507,2.7050000000000005
889,2,309.48401604428216,355.48401604428216,3.0
889,3,311.5,359.32537014679957,3.0
889,1,155.62392958104834,334.62392958104834,2.7050000000000005
890,2,309.48401604428216,355.48401604428216,3.0
890,3,311.5,359.32537014679957,3.0
890,1,155.5,334.383544298189,2.7050000000000005
891,2,309.48401604428216,355.48401604428216,3.0
891,3,311.5,359.32537014679957,3.0
891,1,155.5,334.09182570208026,2.7050000000000005
892,2,309.48401604428216,355.48401604428216,3.0
892,3,311.5,359.32537014679957,3.0
892,1,155.5,333.8001071059715,2.7050000000000005
893,2,309.48401604428216,355.48401604428216,3.0
893,3,311.5,359.32537014679957,3.0
893,1,155.5,333.50838850986275,2.7050000000000005
894,2,309.48401604428216,355.48401604428216,3.0
894,3,311.5,359.32537014679957,3.0
894,1,155.5,333.216669913754,2.7050000000000005
895,2,309.48401604428216,355.48401604428216,3.0
895,3,311.5,359.32537014679957,3.0
895,1,155.5,332.92495131764525,2.7050000000000005
896,2,309.48401604428216,355.48401604428216,3.0
896,3,311.5,359.32537014679957,3.0
896,1,155.5,332.6332327215365,2.7050000000000005
897,2,309.48401604428216,355.48401604428216,3.0
897,3,311.5,359.32537014679957,3.0
897,1,155.61206643663232,332.38793356336765,2.7050000000000005
898,2,309.48401604428216,355.48401604428216,3.0
898,3,311.5,359.32537014679957,3.0
898,1,155.81834263413904,332.18165736586093,2.7050000000000005
899,2,309.48401604428216,355.48401604428216,3.0
899,3,311.5,359.32537014679957,3.0
899,1,156.02461883164577,331.9753811683542,2.7050000000000005
900,2,309.48401604428216,355.48401604428216,3.0
900,3,311.5,359.32537014679957,3.0
900,1,156.2308950291525,331.7691049708475,2.7050000000000005
901,2,309.48401604428216,355.48401604428216,3.0
901,3,311.5,359.32537014679957,3.0
901,1,156.43717122665925,331.56282877334075,2.7050000000000005
902,2,309.48401604428216,355.48401604428216,3.0
902,3,311.5,359.32537014679957,3.0
902,1,156.5,331.297134707257,2.7050000000000005
903,2,309.48401604428216,355.48401604428216,3.0
903,3,311.5,359.32537014679957,3.0
903,1,156.5,331.00541611114824,2.7050000000000005
904,2,309.48401604428216,355.48401604428216,3.0
904,3,311.5,359.32537014679957,3.0
904,1,156.5,330.7136975150395,2.7050000000000005
905,2,309.48401604428216,355.48401604428216,3.0
905,3,311.5,359.32537014679957,3.0
905,1,156.4448307645004,330.4448307645004,2.7050000000000005
906,2,309.48401604428216,355.48401604428216,3.0
906,3,311.5,359.32537014679957,3.0
906,1,156.23855456699368,330.2385545669937,2.7050000000000005
907,2,309.48401604428216,355.48401604428216,3.0
907,3,311.5,359.32537014679957,3.0
907,1,156.03227836948696,330.03227836948696,2.7050000000000005
908,2,309.48401604428216,355.48401604428216,3.0
908,3,311.5,359.32537014679957,3.0
908,1,155.82600217198024,329.82600217198024,2.7050000000000005
909,2,309.48401604428216,355.48401604428216,3.0
909,3,311.5,359.32537014679957,3.0
909,1,155.6197259744735,329.6197259744735,2.7050000000000005
910,2,309.48401604428216,355.48401604428216,3.0
910,3,311.5,359.32537014679957,3.0
910,1,155.4134497769668,329.4134497769668,2.7050000000000005
911,2,309.48401604428216,355.48401604428216,3.0
911,3,311.5,359.32537014679957,3.0
911,1,155.20717357946006,329.20717357946006,2.7050000000000005
912,2,309.48401604428216,355.48401604428216,3.0
912,3,311.5,359.32537014679957,3.0
912,1,155.00089738195334,329.00089738195334,2.7050000000000005
913,2,309.48401604428216,355.48401604428216,3.0
913,3,311.5,359.32537014679957,3.0
913,1,154.7946211844466,328.7946211844466,2.7050000000000005
914,2,309.48401604428216,355.48401604428216,3.0
914,3,311.5,359.32537014679957,3.0
914,1,154.5883449869399,328.5883449869399,2.7050000000000005
915,2,309.48401604428216,355.48401604428216,3.0
915,3,311.5,359.32537014679957,3.0
915,1,154.5,328.3332200825893,2.7050000000000005
916,2,309.48401604428216,355.48401604428216,3.0
916,3,311.5,359.32537014679957,3.0
916,1,154.5,328.04150148648057,2.7050000000000005
917,2,309.48401604428216,355.48401604428216,3.0
917,3,311.5,359.32537014679957,3.0
917,1,154.5,327.7497828903718,2.7050000000000005
918,2,309.48401604428216,355.48401604428216,3.0
918,3,311.5,359.32537014679957,3.0
918,1,154.47034697809957,327.47034697809954,2.7050000000000005
919,2,309.48401604428216,355.48401604428216,3.0
919,3,311.5,359.32537014679957,3.0
919,1,154.26407078059285,327.2640707805928,2.7050000000000005
920,2,309.48401604428216,355.48401604428216,3.0
920,3,311.5,359.32537014679957,3.0
920,1,154.05779458308612,327.0577945830861,2.7050000000000005
921,2,309.48401604428216,355.48401604428216,3.0
921,3,311.5,359.32537014679957,3.0
921,1,153.8515183855794,326.85151838557937,2.7050000000000005
922,2,309.48401604428216,355.48401604428216,3.0
922,3,311.5,359.32537014679957,3.0
922,1,153.64524218807267,326.64524218807264,2.7050000000000005
923,2,309.48401604428216,355.48401604428216,3.0
923,3,311.5,359.32537014679957,3.0
923,1,153.43896599056592,326.4389659905659,2.7050000000000005
924,2,309.48401604428216,355.48401604428216,3.0
924,3,311.5,359.32537014679957,3.0
924,1,153.2326897930592,326.2326897930592,2.7050000000000005
925,2,309.48401604428216,355.48401604428216,3.0
925,3,311.5,359.32537014679957,3.0
925,1,153.02641359555247,326.02641359555247,2.7050000000000005
926,2,309.48401604428216,355.48401604428216,3.0
926,3,311.5,359.32537014679957,3.0
926,1,152.82013739804574,325.82013739804574,2.7050000000000005
927,2,309.48401604428216,355.48401604428216,3.0
927,3,311.5,359.32537014679957,3.0
927,1,152.61386120053902,325.613861200539,2.7050000000000005
928,2,309.48401604428216,355.48401604428216,3.0
928,3,311.5,359.32537014679957,3.0
928,1,152.4075850030323,325.4075850030323,2.7050000000000005
929,2,309.48401604428216,355.48401604428216,3.0
929,3,311.5,359.32537014679957,3.0
929,1,152.20130880552557,325.20130880552557,2.7050000000000005
930,2,309.48401604428216,355.48401604428216,3.0
930,3,311.5,359.32537014679957,3.0
930,1,151.99503260801885,324.99503260801885,2.7050000000000005
931,2,309.48401604428216,355.48401604428216,3.0
931,3,311.5,359.32537014679957,3.0
931,1,151.78875641051212,324.7887564105121,2.7050000000000005
932,2,309.48401604428216,355.48401604428216,3.0
932,3,311.5,359.32537014679957,3.0
932,1,151.5824802130054,324.5824802130054,2.7050000000000005
933,2,309.48401604428216,355.48401604428216,3.0
933,3,311.5,359.32537014679957,3.0
933,1,151.62379598450133,324.3762040154987,2.7050000000000005
934,2,309.48401604428216,355.48401604428216,3.0
934,3,311.5,359.32537014679957,3.0
934,1,151.83007218200805,324.16992781799195,2.7050000000000005
935,2,309.48401604428216,355.48401604428216,3.0
935,3,311.5,359.32537014679957,3.0
935,1,152.03634837951478,323.9636516204852,2.7050000000000005
936,2,309.48401604428216,355.48401604428216,3.0
936,3,311.5,359.32537014679957,3.0
936,1,152.2426245770215,323.7573754229785,2.7050000000000005
937,2,309.48401604428216,355.48401604428216,3.0
937,3,311.5,359.32537014679957,3.0
937,1,152.44890077452823,323.5510992254718,2.7050000000000005
938,2,309.48401604428216,355.48401604428216,3.0
938,3,311.5,359.32537014679957,3.0
938,1,152.65517697203495,323.34482302796505,2.7050000000000005
939,2,309.48401604428216,355.48401604428216,3.0
939,3,311.5,359.32537014679957,3.0
939,1,152.86145316954168,323.1385468304583,2.7050000000000005
940,2,309.48401604428216,355.48401604428216,3.0
940,3,311.5,359.32537014679957,3.0
940,1,153.0677293670484,322.9322706329516,2.7050000000000005
941,2,309.48401604428216,355.48401604428216,3.0
941,3,311.5,359.32537014679957,3.0
941,1,153.27400556455513,322.7259944354449,2.7050000000000005
942,2,309.48401604428216,355.48401604428216,3.0
942,3,311.5,359.32537014679957,3.0
942,1,153.48028176206185,322.51971823793815,2.7050000000000005
943,2,309.48401604428216,355.48401604428216,3.0
943,3,311.5,359.32537014679957,3.0
943,1,153.31344204043143,322.3134420404314,2.7050000000000005
944,2,309.48401604428216,355.48401604428216,3.0
944,3,311.5,359.32537014679957,3.0
944,1,153.1071658429247,322.1071658429247,2.7050000000000005
945,2,309.48401604428216,355.48401604428216,3.0
945,3,311.5,359.32537014679957,3.0
945,1,152.90088964541798,321.900889645418,2.7050000000000005
946,2,309.48401604428216,355.48401604428216,3.0
946,3,311.5,359.32537014679957,3.0
946,1,152.69461344791125,321.69461344791125,2.7050000000000005
947,2,309.48401604428216,355.48401604428216,3.0
947,3,311.5,359.32537014679957,3.0
947,1,152.48833725040453,321.4883372504045,2.7050000000000005
948,2,309.48401604428216,355.48401604428216,3.0
948,3,311.5,359.32537014679957,3.0
948,1,152.2820610528978,321.2820610528978,2.7050000000000005
949,2,309.48401604428216,355.48401604428216,3.0
949,3,311.5,359.32537014679957,3.0
949,1,152.07578485539108,321.0757848553911,2.7050000000000005
950,2,309.48401604428216,355.48401604428216,3.0
950,3,311.5,359.32537014679957,3.0
950,1,151.86950865788435,320.86950865788435,2.7050000000000005
951,2,309.48401604428216,355.48401604428216,3.0
951,3,311.5,359.32537014679957,3.0
951,1,151.66323246037763,320.6632324603776,2.7050000000000005
952,2,309.48401604428216,355.48401604428216,3.0
952,3,311.5,359.32537014679957,3.0
952,1,151.4569562628709,320.4569562628709,2.7050000000000005
953,2,309.48401604428216,355.48401604428216,3.0
953,3,311.5,359.32537014679957,3.0
953,1,151.25068006536418,320.2506800653642,2.7050000000000005
954,2,309.48401604428216,355.48401604428216,3.0
954,3,311.5,359.32537014679957,3.0
954,1,151.04440386785745,320.04440386785745,2.7050000000000005
955,2,309.48401604428216,355.48401604428216,3.0
955,3,311.5,359.32537014679957,3.0
955,1,150.83812767035073,319.83812767035073,2.7050000000000005
956,2,309.48401604428216,355.48401604428216,3.0
956,3,311.5,359.32537014679957,3.0
956,1,150.631851472844,319.631851472844,2.7050000000000005
957,2,309.48401604428216,355.48401604428216,3.0
957,3,311.5,359.32537014679957,3.0
957,1,150.42557527533728,319.4255752753373,2.7050000000000005
958,2,309.48401604428216,355.48401604428216,3.0
958,3,311.5,359.32537014679957,3.0
958,1,150.21929907783056,319.21929907783056,2.7050000000000005
959,2,309.48401604428216,355.48401604428216,3.0
959,3,311.5,359.32537014679957,3.0
959,1,150.01302288032383,319.01302288032383,2.7050000000000005
960,2,309.48401604428216,355.48401604428216,3.0
960,3,311.5,359.32537014679957,3.0
960,1,149.8067466828171,318.8067466828171,2.7050000000000005
961,2,309.48401604428216,355.48401604428216,3.0
961,3,311.5,359.32537014679957,3.0
961,1,149.60047048531038,318.6004704853104,2.7050000000000005
962,2,309.48401604428216,355.48401604428216,3.0
962,3,311.5,359.32537014679957,3.0
962,1,149.5,318.3503681268354,2.7050000000000005
963,2,309.48401604428216,355.48401604428216,3.0
963,3,311.5,359.32537014679957,3.0
963,1,149.5,318.05864953072665,2.7050000000000005
964,2,309.48401604428216,355.48401604428216,3.0
964,3,311.5,359.32537014679957,3.0
964,1,149.5,317.7669309346179,2.7050000000000005
965,2,309.48401604428216,355.48401604428216,3.0
965,3,311.5,359.32537014679957,3.0
965,1,149.48247247647006,317.48247247647004,2.7050000000000005
966,2,309.48401604428216,355.48401604428216,3.0
966,3,311.5,359.32537014679957,3.0
966,1,149.27619627896334,317.2761962789633,2.7050000000000005
967,2,309.48401604428216,355.48401604428216,3.0
967,3,311.5,359.32537014679957,3.0
967,1,149.06992008145662,317.0699200814566,2.7050000000000005
968,2,309.48401604428216,355.48401604428216,3.0
968,3,311.5,359.32537014679957,3.0
968,1,148.8636438839499,316.86364388394986,2.7050000000000005
969,2,309.48401604428216,355.48401604428216,3.0
969,3,311.5,359.32537014679957,3.0
969,1,148.65736768644317,316.65736768644314,2.7050000000000005
970,2,309.48401604428216,355.48401604428216,3.0
970,3,311.5,359.32537014679957,3.0
970,1,148.5,316.4308329203384,2.7050000000000005
971,2,309.48401604428216,355.48401604428216,3.0
971,3,311.5,359.32537014679957,3.0
971,1,148.5,316.13911432422964,2.7050000000000005
972,2,309.48401604428216,355.48401604428216,3.0
972,3,311.5,359.32537014679957,3.0
972,1,148.5,315.8473957281209,2.7050000000000005
973,2,309.48401604428216,355.48401604428216,3.0
973,3,311.5,359.32537014679957,3.0
973,1,148.5,315.55567713201214,2.7050000000000005
974,2,309.48401604428216,355.48401604428216,3.0
974,3,311.5,359.32537014679957,3.0
974,1,148.33309348009607,315.33309348009607,2.7050000000000005
975,2,309.48401604428216,355.48401604428216,3.0
975,3,311.5,359.32537014679957,3.0
975,1,148.12681728258934,315.12681728258934,2.7050000000000005
976,2,309.48401604428216,355.48401604428216,3.0
976,3,311.5,359.32537014679957,3.0
976,1,147.92054108508262,314.9205410850826,2.7050000000000005
977,2,309.48401604428216,355.48401604428216,3.0
977,3,311.5,359.32537014679957,3.0
977,1,147.7142648875759,314.7142648875759,2.7050000000000005
978,2,309.48401604428216,355.48401604428216,3.0
978,3,311.5,359.32537014679957,3.0
978,1,147.50798869006917,314.50798869006917,2.7050000000000005
979,2,309.48401604428216,355.48401604428216,3.0
979,3,311.5,359.32537014679957,3.0
979,1,147.21957911773265,314.5,2.7050000000000005
980,2,309.48401604428216,355.48401604428216,3.0
980,3,311.5,359.32537014679957,3.0
980,1,146.92786052162387,314.5,2.7050000000000005
981,2,309.48401604428216,355.48401604428216,3.0
981,3,311.5,359.32537014679957,3.0
981,1,146.6361419255151,314.5,2.7050000000000005
982,2,309.48401604428216,355.48401604428216,3.0
982,3,311.5,359.32537014679957,3.0
982,1,146.3899906812288,314.38999068122877,2.7050000000000005
983,2,309.48401604428216,355.48401604428216,3.0
983,3,311.5,359.32537014679957,3.0
983,1,146.18371448372207,314.18371448372204,2.7050000000000005
984,2,309.48401604428216,355.48401604428216,3.0
984,3,311.5,359.32537014679957,3.0
984,1,145.97743828621535,313.9774382862153,2.7050000000000005
985,2,309.48401604428216,355.48401604428216,3.0
985,3,311.5,359.32537014679957,3.0
985,1,145.77116208870862,313.7711620887086,2.7050000000000005
986,2,309.48401604428216,355.48401604428216,3.0
986,3,311.5,359.32537014679957,3.0
986,1,145.56488589120187,313.56488589120187,2.7050000000000005
987,2,309.48401604428216,355.48401604428216,3.0
987,3,311.5,359.32537014679957,3.0
987,1,145.30004391123558,313.5,2.7050000000000005
988,2,309.48401604428216,355.48401604428216,3.0
988,3,311.5,359.32537014679957,3.0
988,1,145.0083253151268,313.5,2.7050000000000005
989,2,309.48401604428216,355.48401604428216,3.0
989,3,311.5,359.32537014679957,3.0
989,1,144.71660671901802,313.5,2.7050000000000005
990,2,309.48401604428216,355.48401604428216,3.0
990,3,311.5,359.32537014679957,3.0
990,1,144.44688788236147,313.44688788236147,2.7050000000000005
991,2,309.48401604428216,355.48401604428216,3.0
991,3,311.5,359.32537014679957,3.0
991,1,144.24061168485474,313.24061168485474,2.7050000000000005
992,2,309.48401604428216,355.48401604428216,3.0
992,3,311.5,359.32537014679957,3.0
992,1,144.03433548734802,313.034335487348,2.7050000000000005
993,2,309.48401604428216,355.48401604428216,3.0
993,3,311.5,359.32537014679957,3.0
993,1,143.8280592898413,312.8280592898413,2.7050000000000005
994,2,309.48401604428216,355.48401604428216,3.0
994,3,311.5,359.32537014679957,3.0
994,1,143.62178309233457,312.62178309233457,2.7050000000000005
995,2,309.48401604428216,355.48401604428216,3.0
995,3,311.5,359.32537014679957,3.0
995,1,143.5,312.38050870473853,2.7050000000000005
996,2,309.48401604428216,355.48401604428216,3.0
996,3,311.5,359.32537014679957,3.0
996,1,143.5,312.0887901086298,2.7050000000000005
997,2,309.48401604428216,355.48401604428216,3.0
997,3,311.5,359.32537014679957,3.0
997,1,143.5,311.79707151252103,2.7050000000000005
998,2,309.48401604428216,355.48401604428216,3.0
998,3,311.5,359.32537014679957,3.0
998,1,143.5,311.5053529164123,2.7050000000000005
999,2,309.48401604428216,355.48401604428216,3.0
999,3,311.5,359.32537014679957,3.0
999,1,143.70249111401247,311.2975088859875,2.7050000000000005
1000,2,309.48401604428216,355.48401604428216,3.0
1000,3,311.5,359.32537014679957,3.0
1000,1,143.9087673115192,311.0912326884808,2.7050000000000005
1001,2,309.48401604428216,355.48401604428216,3.0
1001,3,311.5,359.32537014679957,3.0
1001,1,144.11504350902592,310.88495649097405,2.7050000000000005
1002,2,309.48401604428216,355.48401604428216,3.0
1002,3,311.5,359.32537014679957,3.0
1002,1,144.32131970653265,310.6786802934673,2.7050000000000005
1003,2,309.48401604428216,355.48401604428216,3.0
1003,3,311.5,359.32537014679957,3.0
1003,1,144.5,310.4609734982416,2.7050000000000005
1004,2,309.48401604428216,355.48401604428216,3.0
1004,3,311.5,359.32537014679957,3.0
1004,1,144.5,310.1692549021328,2.7050000000000005
1005,2,309.48401604428216,355.48401604428216,3.0
1005,3,311.5,359.32537014679957,3.0
1005,1,144.5,309.87753630602407,2.7050000000000005
1006,2,309.48401604428216,355.48401604428216,3.0
1006,3,311.5,359.32537014679957,3.0
1006,1,144.5,309.5858177099153,2.7050000000000005
1007,2,309.48401604428216,355.48401604428216,3.0
1007,3,311.5,359.32537014679957,3.0
1007,1,144.35440608712028,309.3544060871203,2.7050000000000005
1008,2,309.48401604428216,355.48401604428216,3.0
1008,3,311.5,359.32537014679957,3.0
1008,1,144.14812988961356,309.1481298896136,2.7050000000000005
1009,2,309.48401604428216,355.48401604428216,3.0
1009,3,311.5,359.32537014679957,3.0
1009,1,143.94185369210683,308.94185369210686,2.7050000000000005
1010,2,309.48401604428216,355.48401604428216,3.0
1010,3,311.5,359.32537014679957,3.0
1010,1,143.7355774946001,308.73557749460014,2.7050000000000005
1011,2,309.48401604428216,355.48401604428216,3.0
1011,3,311.5,359.32537014679957,3.0
1011,1,143.52930129709338,308.5293012970934,2.7050000000000005
1012,2,309.48401604428216,355.48401604428216,3.0
1012,3,311.5,359.32537014679957,3.0
1012,1,143.32302509958666,308.3230250995867,2.7050000000000005
1013,2,309.48401604428216,355.48401604428216,3.0
1013,3,311.5,359.32537014679957,3.0
1013,1,143.11674890207993,308.11674890207996,2.7050000000000005
1014,2,309.48401604428216,355.48401604428216,3.0
1014,3,311.5,359.32537014679957,3.0
1014,1,142.9104727045732,307.91047270457324,2.7050000000000005
1015,2,309.48401604428216,355.48401604428216,3.0
1015,3,311.5,359.32537014679957,3.0
1015,1,142.70419650706648,307.7041965070665,2.7050000000000005
1016,2,309.48401604428216,355.48401604428216,3.0
1016,3,311.5,359.32537014679957,3.0
1016,1,142.49792030955976,307.4979203095598,2.7050000000000005
1017,2,309.48401604428216,355.48401604428216,3.0
1017,3,311.5,359.32537014679957,3.0
1017,1,142.29164411205304,307.29164411205306,2.7050000000000005
1018,2,309.48401604428216,355.48401604428216,3.0
1018,3,311.5,359.32537014679957,3.0
1018,1,142.0853679145463,307.08536791454634,2.7050000000000005
1019,2,309.48401604428216,355.48401604428216,3.0
1019,3,311.5,359.32537014679957,3.0
1019,1,141.87909171703959,306.8790917170396,2.7050000000000005
1020,2,309.48401604428216,355.48401604428216,3.0
1020,3,311.5,359.32537014679957,3.0
1020,1,141.67281551953286,306.6728155195329,2.7050000000000005
1021,2,309.48401604428216,355.48401604428216,3.0
1021,3,311.5,359.32537014679957,3.0
1021,1,141.46653932202614,306.46653932202616,2.7050000000000005
1022,2,309.48401604428216,355.48401604428216,3.0
1022,3,311.5,359.32537014679957,3.0
1022,1,141.2602631245194,306.26026312451944,2.7050000000000005
1023,2,309.48401604428216,355.48401604428216,3.0
1023,3,311.5,359.32537014679957,3.0
1023,1,141.0539869270127,306.0539869270127,2.7050000000000005
1024,2,309.48401604428216,355.48401604428216,3.0
1024,3,311.5,359.32537014679957,3.0
1024,1,140.84771072950596,305.847710729506,2.7050000000000005
1025,2,309.48401604428216,355.48401604428216,3.0
1025,3,311.5,359.32537014679957,3.0
1025,1,140.64143453199924,305.64143453199927,2.7050000000000005
1026,2,309.48401604428216,355.48401604428216,3.0
1026,3,311.5,359.32537014679957,3.0
1026,1,140.4351583344925,305.43515833449254,2.7050000000000005
1027,2,309.48401604428216,355.48401604428216,3.0
1027,3,311.5,359.32537014679957,3.0
1027,1,140.2288821369858,305.2288821369858,2.7050000000000005
1028,2,309.48401604428216,355.48401604428216,3.0
1028,3,311.5,359.32537014679957,3.0
1028,1,140.02260593947906,305.0226059394791,2.7050000000000005
1029,2,309.48401604428216,355.48401604428216,3.0
1029,3,311.5,359.32537014679957,3.0
1029,1,139.81632974197234,304.81632974197237,2.7050000000000005
1030,2,309.48401604428216,355.48401604428216,3.0
1030,3,311.5,359.32537014679957,3.0
1030,1,139.61005354446561,304.61005354446564,2.7050000000000005
1031,2,309.48401604428216,355.48401604428216,3.0
1031,3,311.5,359.32537014679957,3.0
1031,1,139.5,304.36392061906173,2.7050000000000005
1032,2,309.48401604428216,355.48401604428216,3.0
1032,3,311.5,359.32537014679957,3.0
1032,1,139.5,304.072202022953,2.7050000000000005
1033,2,309.48401604428216,355.48401604428216,3.0
1033,3,311.5,359.32537014679957,3.0
1033,1,139.5,303.7804834268442,2.7050000000000005
1034,2,309.48401604428216,355.48401604428216,3.0
1034,3,311.5,359.32537014679957,3.0
1034,1,139.49205553562527,303.49205553562524,2.7050000000000005
1035,2,309.48401604428216,355.48401604428216,3.0
1035,3,311.5,359.32537014679957,3.0
1035,1,139.28577933811854,303.2857793381185,2.7050000000000005
1036,2,309.48401604428216,355.48401604428216,3.0
1036,3,311.5,359.32537014679957,3.0
1036,1,139.07950314061182,303.0795031406118,2.7050000000000005
1037,2,309.48401604428216,355.48401604428216,3.0
1037,3,311.5,359.32537014679957,3.0
1037,1,138.8732269431051,302.87322694310507,2.7050000000000005
1038,2,309.48401604428216,355.48401604428216,3.0
1038,3,311.5,359.32537014679957,3.0
1038,1,138.66695074559837,302.66695074559834,2.7050000000000005
1039,2,309.48401604428216,355.48401604428216,3.0
1039,3,311.5,359.32537014679957,3.0
1039,1,138.53932545190838,302.4606745480916,2.7050000000000005
1040,2,309.48401604428216,355.48401604428216,3.0
1040,3,311.5,359.32537014679957,3.0
1040,1,138.7456016494151,302.2543983505849,2.7050000000000005
1041,2,309.48401604428216,355.48401604428216,3.0
1041,3,311.5,359.32537014679957,3.0
1041,1,138.95187784692183,302.04812215307817,2.7050000000000005
1042,2,309.48401604428216,355.48401604428216,3.0
1042,3,311.5,359.32537014679957,3.0
1042,1,139.15815404442856,301.84184595557144,2.7050000000000005
1043,2,309.48401604428216,355.48401604428216,3.0
1043,3,311.5,359.32537014679957,3.0
1043,1,139.36443024193528,301.6355697580647,2.7050000000000005
1044,2,309.48401604428216,355.48401604428216,3.0
1044,3,311.5,359.32537014679957,3.0
1044,1,139.5,301.400005994394,2.7050000000000005
1045,2,309.48401604428216,355.48401604428216,3.0
1045,3,311.5,359.32537014679957,3.0
1045,1,139.5,301.10828739828526,2.7050000000000005
1046,2,309.48401604428216,355.48401604428216,3.0
1046,3,311.5,359.32537014679957,3.0
1046,1,139.5,300.8165688021765,2.7050000000000005
1047,2,309.48401604428216,355.48401604428216,3.0
1047,3,311.5,359.32537014679957,3.0
1047,1,139.5,300.52485020606775,2.7050000000000005
1048,2,309.48401604428216,355.48401604428216,3.0
1048,3,311.5,359.32537014679957,3.0
1048,1,139.5,300.233131609959,2.7050000000000005
1049,2,309.48401604428216,355.48401604428216,3.0
1049,3,311.5,359.32537014679957,3.0
1049,1,139.5,299.94141301385025,2.7050000000000005
1050,2,309.48401604428216,355.48401604428216,3.0
1050,3,311.5,359.32537014679957,3.0
1050,1,139.5,299.6496944177415,2.7050000000000005
1051,2,309.48401604428216,355.48401604428216,3.0
1051,3,311.5,359.32537014679957,3.0
1051,1,139.5,299.35797582163275,2.7050000000000005
1052,2,309.48401604428216,355.48401604428216,3.0
1052,3,311.5,359.32537014679957,3.0
1052,1,139.5,299.066257225524,2.7050000000000005
1053,2,309.48401604428216,355.48401604428216,3.0
1053,3,311.5,359.32537014679957,3.0
1053,1,139.5,298.77453862941525,2.7050000000000005
1054,2,309.48401604428216,355.48401604428216,3.0
1054,3,311.5,359.32537014679957,3.0
1054,1,139.48785192905046,298.48785192905046,2.7050000000000005
1055,2,309.48401604428216,355.48401604428216,3.0
1055,3,311.5,359.32537014679957,3.0
1055,1,139.28157573154374,298.28157573154374,2.7050000000000005
1056,2,309.48401604428216,355.48401604428216,3.0
1056,3,311.5,359.32537014679957,3.0
1056,1,139.07529953403701,298.075299534037,2.7050000000000005
1057,2,309.48401604428216,355.48401604428216,3.0
1057,3,311.5,359.32537014679957,3.0
1057,1,138.8690233365303,297.8690233365303,2.7050000000000005
1058,2,309.48401604428216,355.48401604428216,3.0
1058,3,311.5,359.32537014679957,3.0
1058,1,138.66274713902357,297.66274713902357,2.7050000000000005
1059,2,309.48401604428216,355.48401604428216,3.0
1059,3,311.5,359.32537014679957,3.0
1059,1,138.54352905848316,297.45647094151684,2.7050000000000005
1060,2,309.48401604428216,355.48401604428216,3.0
1060,3,311.5,359.32537014679957,3.0
1060,1,138.74980525598988,297.2501947440101,2.7050000000000005
1061,2,309.48401604428216,355.48401604428216,3.0
1061,3,311.5,359.32537014679957,3.0
1061,1,138.9560814534966,297.0439185465034,2.7050000000000005
1062,2,309.48401604428216,355.48401604428216,3.0
1062,3,311.5,359.32537014679957,3.0
1062,1,139.16235765100333,296.83764234899667,2.7050000000000005
1063,2,309.48401604428216,355.48401604428216,3.0
1063,3,311.5,359.32537014679957,3.0
1063,1,139.36863384851006,296.63136615148994,2.7050000000000005
1064,2,309.48401604428216,355.48401604428216,3.0
1064,3,311.5,359.32537014679957,3.0
1064,1,139.57491004601678,296.4250899539832,2.7050000000000005
1065,2,309.48401604428216,355.48401604428216,3.0
1065,3,311.5,359.32537014679957,3.0
1065,1,139.7811862435235,296.2188137564765,2.7050000000000005
1066,2,309.48401604428216,355.48401604428216,3.0
1066,3,311.5,359.32537014679957,3.0
1066,1,139.98746244103023,296.01253755896977,2.7050000000000005
1067,2,309.48401604428216,355.48401604428216,3.0
1067,3,311.5,359.32537014679957,3.0
1067,1,140.19373863853696,295.80626136146304,2.7050000000000005
1068,2,309.48401604428216,355.48401604428216,3.0
1068,3,311.5,359.32537014679957,3.0
1068,1,140.40001483604368,295.5999851639563,2.7050000000000005
1069,2,309.48401604428216,355.48401604428216,3.0
1069,3,311.5,359.32537014679957,3.0
1069,1,140.6062910335504,295.3937089664496,2.7050000000000005
1070,2,309.48401604428216,355.48401604428216,3.0
1070,3,311.5,359.32537014679957,3.0
1070,1,140.81256723105713,295.18743276894287,2.7050000000000005
1071,2,309.48401604428216,355.48401604428216,3.0
1071,3,311.5,359.32537014679957,3.0
1071,1,141.01884342856386,294.98115657143614,2.7050000000000005
1072,2,309.48401604428216,355.48401604428216,3.0
1072,3,311.5,359.32537014679957,3.0
1072,1,141.22511962607058,294.7748803739294,2.7050000000000005
1073,2,309.48401604428216,355.48401604428216,3.0
1073,3,311.5,359.32537014679957,3.0
1073,1,141.4313958235773,294.5686041764227,2.7050000000000005
1074,2,309.48401604428216,355.48401604428216,3.0
1074,3,311.5,359.32537014679957,3.0
1074,1,141.36232797891597,294.36232797891597,2.7050000000000005
1075,2,309.48401604428216,355.48401604428216,3.0
1075,3,311.5,359.32537014679957,3.0
1075,1,141.15605178140925,294.15605178140925,2.7050000000000005
1076,2,309.48401604428216,355.48401604428216,3.0
1076,3,311.5,359.32537014679957,3.0
1076,1,140.94977558390252,293.9497755839025,2.7050000000000005
1077,2,309.48401604428216,355.48401604428216,3.0
1077,3,311.5,359.32537014679957,3.0
1077,1,140.7434993863958,293.7434993863958,2.7050000000000005
1078,2,309.48401604428216,355.48401604428216,3.0
1078,3,311.5,359.32537014679957,3.0
1078,1,140.53722318888907,293.5372231888891,2.7050000000000005
1079,2,309.48401604428216,355.48401604428216,3.0
1079,3,311.5,359.32537014679957,3.0
1079,1,140.5,293.2609229424529,2.7050000000000005
1080,2,309.48401604428216,355.48401604428216,3.0
1080,3,311.5,359.32537014679957,3.0
1080,1,140.5,292.96920434634416,2.7050000000000005
1081,2,309.48401604428216,355.48401604428216,3.0
1081,3,311.5,359.32537014679957,3.0
1081,1,140.5,292.6774857502354,2.7050000000000005
1082,2,309.48401604428216,355.48401604428216,3.0
1082,3,311.5,359.32537014679957,3.0
1082,1,140.4192251800487,292.4192251800487,2.7050000000000005
1083,2,309.48401604428216,355.48401604428216,3.0
1083,3,311.5,359.32537014679957,3.0
1083,1,140.21294898254197,292.212948982542,2.7050000000000005
1084,2,309.48401604428216,355.48401604428216,3.0
1084,3,311.5,359.32537014679957,3.0
1084,1,140.00667278503525,292.0066727850353,2.7050000000000005
1085,2,309.48401604428216,355.48401604428216,3.0
1085,3,311.5,359.32537014679957,3.0
1085,1,139.80039658752852,291.80039658752855,2.7050000000000005
1086,2,309.48401604428216,355.48401604428216,3.0
1086,3,311.5,359.32537014679957,3.0
1086,1,139.5941203900218,291.5941203900218,2.7050000000000005
1087,2,309.48401604428216,355.48401604428216,3.0
1087,3,311.5,359.32537014679957,3.0
1087,1,139.38784419251508,291.3878441925151,2.7050000000000005
1088,2,309.48401604428216,355.48401604428216,3.0
1088,3,311.5,359.32537014679957,3.0
1088,1,139.18156799500835,291.1815679950084,2.7050000000000005
1089,2,309.48401604428216,355.48401604428216,3.0
1089,3,311.5,359.32537014679957,3.0
1089,1,138.97529179750163,290.97529179750165,2.7050000000000005
1090,2,309.48401604428216,355.48401604428216,3.0
1090,3,311.5,359.32537014679957,3.0
1090,1,138.7690155999949,290.76901559999493,2.7050000000000005
1091,2,309.48401604428216,355.48401604428216,3.0
1091,3,311.5,359.32537014679957,3.0
1091,1,138.56273940248818,290.5627394024882,2.7050000000000005
1092,2,309.48401604428216,355.48401604428216,3.0
1092,3,311.5,359.32537014679957,3.0
1092,1,138.64353679501855,290.3564632049815,2.7050000000000005
1093,2,309.48401604428216,355.48401604428216,3.0
1093,3,311.5,359.32537014679957,3.0
1093,1,138.84981299252527,290.15018700747476,2.7050000000000005
1094,2,309.48401604428216,355.48401604428216,3.0
1094,3,311.5,359.32537014679957,3.0
1094,1,139.056089190032,289.94391080996803,2.7050000000000005
1095,2,309.48401604428216,355.48401604428216,3.0
1095,3,311.5,359.32537014679957,3.0
1095,1,139.26236538753872,289.7376346124613,2.7050000000000005
1096,2,309.48401604428216,355.48401604428216,3.0
1096,3,311.5,359.32537014679957,3.0
1096,1,139.46864158504545,289.5313584149546,2.7050000000000005
1097,2,309.48401604428216,355.48401604428216,3.0
1097,3,311.5,359.32537014679957,3.0
1097,1,139.67491778255217,289.32508221744786,2.7050000000000005
1098,2,309.48401604428216,355.48401604428216,3.0
1098,3,311.5,359.32537014679957,3.0
1098,1,139.8811939800589,289.11880601994113,2.7050000000000005
1099,2,309.48401604428216,355.48401604428216,3.0
1099,3,311.5,359.32537014679957,3.0
1099,1,140.08747017756562,288.9125298224344,2.7050000000000005
1100,2,309.48401604428216,355.48401604428216,3.0
1100,3,311.5,359.32537014679957,3.0
1100,1,140.29374637507235,288.7062536249277,2.7050000000000005
1101,2,309.48401604428216,355.48401604428216,3.0
1101,3,311.5,359.32537014679957,3.0
1101,1,140.49997742742093,288.49997742742096,2.7050000000000005
1102,2,309.48401604428216,355.48401604428216,3.0
1102,3,311.5,359.32537014679957,3.0
1102,1,140.2937012299142,288.29370122991423,2.7050000000000005
1103,2,309.48401604428216,355.48401604428216,3.0
1103,3,311.5,359.32537014679957,3.0
1103,1,140.08742503240748,288.0874250324075,2.7050000000000005
1104,2,309.48401604428216,355.48401604428216,3.0
1104,3,311.5,359.32537014679957,3.0
1104,1,139.88114883490076,287.8811488349008,2.7050000000000005
1105,2,309.48401604428216,355.48401604428216,3.0
1105,3,311.5,359.32537014679957,3.0
1105,1,139.67487263739403,287.67487263739406,2.7050000000000005
1106,2,309.48401604428216,355.48401604428216,3.0
1106,3,311.5,359.32537014679957,3.0
1106,1,139.4685964398873,287.46859643988734,2.7050000000000005
1107,2,309.48401604428216,355.48401604428216,3.0
1107,3,311.5,359.32537014679957,3.0
1107,1,139.26232024238058,287.2623202423806,2.7050000000000005
1108,2,309.48401604428216,355.48401604428216,3.0
1108,3,311.5,359.32537014679957,3.0
1108,1,139.05604404487386,287.0560440448739,2.7050000000000005
1109,2,309.48401604428216,355.48401604428216,3.0
1109,3,311.5,359.32537014679957,3.0
1109,1,138.84976784736713,286.84976784736716,2.7050000000000005
1110,2,309.48401604428216,355.48401604428216,3.0
1110,3,311.5,359.32537014679957,3.0
1110,1,138.6434916498604,286.64349164986044,2.7050000000000005
1111,2,309.48401604428216,355.48401604428216,3.0
1111,3,311.5,359.32537014679957,3.0
1111,1,138.5,286.4112092412111,2.7050000000000005
1112,2,309.48401604428216,355.48401604428216,3.0
1112,3,311.5,359.32537014679957,3.0
1112,1,138.5,286.11949064510236,2.7050000000000005
1113,2,309.48401604428216,355.48401604428216,3.0
1113,3,311.5,359.32537014679957,3.0
1113,1,138.5,285.8277720489936,2.7050000000000005
1114,2,309.48401604428216,355.48401604428216,3.0
1114,3,311.5,359.32537014679957,3.0
1114,1,138.5,285.53605345288486,2.7050000000000005
1115,2,309.48401604428216,355.48401604428216,3.0
1115,3,311.5,359.32537014679957,3.0
1115,1,138.31921744351334,285.31921744351337,2.7050000000000005
1116,2,309.48401604428216,355.48401604428216,3.0
1116,3,311.5,359.32537014679957,3.0
1116,1,138.1129412460066,285.11294124600664,2.7050000000000005
1117,2,309.48401604428216,355.48401604428216,3.0
1117,3,311.5,359.32537014679957,3.0
1117,1,137.9066650484999,284.9066650484999,2.7050000000000005
1118,2,309.48401604428216,355.48401604428216,3.0
1118,3,311.5,359.32537014679957,3.0
1118,1,137.70038885099316,284.7003888509932,2.7050000000000005
1119,2,309.48401604428216,355.48401604428216,3.0
1119,3,311.5,359.32537014679957,3.0
1119,1,137.5,284.49167403471415,2.7050000000000005
1120,2,309.48401604428216,355.48401604428216,3.0
1120,3,311.5,359.32537014679957,3.0
1120,1,137.5,284.1999554386054,2.7050000000000005
1121,2,309.48401604428216,355.48401604428216,3.0
1121,3,311.5,359.32537014679957,3.0
1121,1,137.5,283.90823684249665,2.7050000000000005
1122,2,309.48401604428216,355.48401604428216,3.0
1122,3,311.5,359.32537014679957,3.0
1122,1,137.5,283.6165182463879,2.7050000000000005
1123,2,309.48401604428216,355.48401604428216,3.0
1123,3,311.5,359.32537014679957,3.0
1123,1,137.37611464464612,283.3761146446461,2.7050000000000005
1124,2,309.48401604428216,355.48401604428216,3.0
1124,3,311.5,359.32537014679957,3.0
1124,1,137.1698384471394,283.1698384471394,2.7050000000000005
1125,2,309.48401604428216,355.48401604428216,3.0
1125,3,311.5,359.32537014679957,3.0
1125,1,136.96356224963267,282.9635622496327,2.7050000000000005
1126,2,309.48401604428216,355.48401604428216,3.0
1126,3,311.5,359.32537014679957,3.0
1126,1,136.75728605212595,282.75728605212595,2.7050000000000005
1127,2,309.48401604428216,355.48401604428216,3.0
1127,3,311.5,359.32537014679957,3.0
1127,1,136.55100985461922,282.5510098546192,2.7050000000000005
1128,2,309.48401604428216,355.48401604428216,3.0
1128,3,311.5,359.32537014679957,3.0
1128,1,136.3447336571125,282.3447336571125,2.7050000000000005
1129,2,309.48401604428216,355.48401604428216,3.0
1129,3,311.5,359.32537014679957,3.0
1129,1,136.13845745960577,282.1384574596058,2.7050000000000005
1130,2,309.48401604428216,355.48401604428216,3.0
1130,3,311.5,359.32537014679957,3.0
1130,1,135.93218126209905,281.93218126209905,2.7050000000000005
1131,2,309.48401604428216,355.48401604428216,3.0
1131,3,311.5,359.32537014679957,3.0
1131,1,135.72590506459233,281.7259050645923,2.7050000000000005
1132,2,309.48401604428216,355.48401604428216,3.0
1132,3,311.5,359.32537014679957,3.0
1132,1,135.5196288670856,281.5196288670856,2.7050000000000005
1133,2,309.48401604428216,355.48401604428216,3.0
1133,3,311.5,359.32537014679957,3.0
1133,1,135.68664733042112,281.3133526695789,2.7050000000000005
1134,2,309.48401604428216,355.48401604428216,3.0
1134,3,311.5,359.32537014679957,3.0
1134,1,135.89292352792785,281.10707647207215,2.7050000000000005
1135,2,309.48401604428216,355.48401604428216,3.0
1135,3,311.5,359.32537014679957,3.0
1135,1,136.09919972543457,280.9008002745654,2.7050000000000005
1136,2,309.48401604428216,355.48401604428216,3.0
1136,3,311.5,359.32537014679957,3.0
1136,1,136.3054759229413,280.6945240770587,2.7050000000000005
1137,2,309.48401604428216,355.48401604428216,3.0
1137,3,311.5,359.32537014679957,3.0
1137,1,136.48824787955198,280.488247879552,2.7050000000000005
1138,2,309.48401604428216,355.48401604428216,3.0
1138,3,311.5,359.32537014679957,3.0
1138,1,136.28197168204525,280.28197168204525,2.7050000000000005
1139,2,309.48401604428216,355.48401604428216,3.0
1139,3,311.5,359.32537014679957,3.0
1139,1,136.07569548453853,280.0756954845385,2.7050000000000005
1140,2,309.48401604428216,355.48401604428216,3.0
1140,3,311.5,359.32537014679957,3.0
1140,1,135.8694192870318,279.8694192870318,2.7050000000000005
1141,2,309.48401604428216,355.48401604428216,3.0
1141,3,311.5,359.32537014679957,3.0
1141,1,135.66314308952508,279.6631430895251,2.7050000000000005
1142,2,309.48401604428216,355.48401604428216,3.0
1142,3,311.5,359.32537014679957,3.0
1142,1,135.43900057370504,279.5,2.7050000000000005
1143,2,309.48401604428216,355.48401604428216,3.0
1143,3,311.5,359.32537014679957,3.0
1143,1,135.14728197759626,279.5,2.7050000000000005
1144,2,309.48401604428216,355.48401604428216,3.0
1144,3,311.5,359.32537014679957,3.0
1144,1,134.85556338148749,279.5,2.7050000000000005
1145,2,309.48401604428216,355.48401604428216,3.0
1145,3,311.5,359.32537014679957,3.0
1145,1,134.5638447853787,279.5,2.7050000000000005
1146,2,309.48401604428216,355.48401604428216,3.0
1146,3,311.5,359.32537014679957,3.0
1146,1,134.33886888317795,279.33886888317795,2.7050000000000005
1147,2,309.48401604428216,355.48401604428216,3.0
1147,3,311.5,359.32537014679957,3.0
1147,1,134.13259268567123,279.1325926856712,2.7050000000000005
1148,2,309.48401604428216,355.48401604428216,3.0
1148,3,311.5,359.32537014679957,3.0
1148,1,133.9263164881645,278.9263164881645,2.7050000000000005
1149,2,309.48401604428216,355.48401604428216,3.0
1149,3,311.5,359.32537014679957,3.0
1149,1,133.72004029065778,278.7200402906578,2.7050000000000005
1150,2,309.48401604428216,355.48401604428216,3.0
1150,3,311.5,359.32537014679957,3.0
1150,1,133.51376409315105,278.51376409315105,2.7050000000000005
1151,2,309.48401604428216,355.48401604428216,3.0
1151,3,311.5,359.32537014679957,3.0
1151,1,133.5,278.2277467710992,2.7050000000000005
1152,2,309.48401604428216,355.48401604428216,3.0
1152,3,311.5,359.32537014679957,3.0
1152,1,133.5,277.93602817499044,2.7050000000000005
1153,2,309.48401604428216,355.48401604428216,3.0
1153,3,311.5,359.32537014679957,3.0
1153,1,133.5,277.6443095788817,2.7050000000000005
1154,2,309.48401604428216,355.48401604428216,3.0
1154,3,311.5,359.32537014679957,3.0
1154,1,133.39576608431068,277.3957660843107,2.7050000000000005
1155,2,309.48401604428216,355.48401604428216,3.0
1155,3,311.5,359.32537014679957,3.0
1155,1,133.18948988680395,277.189489886804,2.7050000000000005
1156,2,309.48401604428216,355.48401604428216,3.0
1156,3,311.5,359.32537014679957,3.0
1156,1,132.98321368929723,276.98321368929726,2.7050000000000005
1157,2,309.48401604428216,355.48401604428216,3.0
1157,3,311.5,359.32537014679957,3.0
1157,1,132.7769374917905,276.77693749179053,2.7050000000000005
1158,2,309.48401604428216,355.48401604428216,3.0
1158,3,311.5,359.32537014679957,3.0
1158,1,132.57066129428378,276.5706612942838,2.7050000000000005
1159,2,309.48401604428216,355.48401604428216,3.0
1159,3,311.5,359.32537014679957,3.0
1159,1,132.63561490322294,276.3643850967771,2.7050000000000005
1160,2,309.48401604428216,355.48401604428216,3.0
1160,3,311.5,359.32537014679957,3.0
1160,1,132.84189110072967,276.15810889927036,2.7050000000000005
1161,2,309.48401604428216,355.48401604428216,3.0
1161,3,311.5,359.32537014679957,3.0
1161,1,133.0481672982364,275.95183270176364,2.7050000000000005
1162,2,309.48401604428216,355.48401604428216,3.0
1162,3,311.5,359.32537014679957,3.0
1162,1,133.25444349574312,275.7455565042569,2.7050000000000005
1163,2,309.48401604428216,355.48401604428216,3.0
1163,3,311.5,359.32537014679957,3.0
1163,1,133.46071969324984,275.5392803067502,2.7050000000000005
1164,2,309.48401604428216,355.48401604428216,3.0
1164,3,311.5,359.32537014679957,3.0
1164,1,133.33300410924343,275.33300410924346,2.7050000000000005
1165,2,309.48401604428216,355.48401604428216,3.0
1165,3,311.5,359.32537014679957,3.0
1165,1,133.1267279117367,275.12672791173674,2.7050000000000005
1166,2,309.48401604428216,355.48401604428216,3.0
1166,3,311.5,359.32537014679957,3.0
1166,1,132.92045171422998,274.92045171423,2.7050000000000005
1167,2,309.48401604428216,355.48401604428216,3.0
1167,3,311.5,359.32537014679957,3.0
1167,1,132.71417551672326,274.7141755167233,2.7050000000000005
1168,2,309.48401604428216,355.48401604428216,3.0
1168,3,311.5,359.32537014679957,3.0
1168,1,132.50789931921653,274.50789931921656,2.7050000000000005
1169,2,309.48401604428216,355.48401604428216,3.0
1169,3,311.5,359.32537014679957,3.0
1169,1,132.3016231217098,274.30162312170984,2.7050000000000005
1170,2,309.48401604428216,355.48401604428216,3.0
1170,3,311.5,359.32537014679957,3.0
1170,1,132.09534692420308,274.0953469242031,2.7050000000000005
1171,2,309.48401604428216,355.48401604428216,3.0
1171,3,311.5,359.32537014679957,3.0
1171,1,131.88907072669636,273.8890707266964,2.7050000000000005
1172,2,309.48401604428216,355.48401604428216,3.0
1172,3,311.5,359.32537014679957,3.0
1172,1,131.68279452918964,273.68279452918966,2.7050000000000005
1173,2,309.48401604428216,355.48401604428216,3.0
1173,3,311.5,359.32537014679957,3.0
1173,1,131.4765183316829,273.47651833168294,2.7050000000000005
1174,2,309.48401604428216,355.48401604428216,3.0
1174,3,311.5,359.32537014679957,3.0
1174,1,131.2702421341762,273.2702421341762,2.7050000000000005
1175,2,309.48401604428216,355.48401604428216,3.0
1175,3,311.5,359.32537014679957,3.0
1175,1,131.06396593666946,273.0639659366695,2.7050000000000005
1176,2,309.48401604428216,355.48401604428216,3.0
1176,3,311.5,359.32537014679957,3.0
1176,1,130.85768973916274,272.85768973916277,2.7050000000000005
1177,2,309.48401604428216,355.48401604428216,3.0
1177,3,311.5,359.32537014679957,3.0
1177,1,130.651413541656,272.65141354165604,2.7050000000000005
1178,2,309.48401604428216,355.48401604428216,3.0
1178,3,311.5,359.32537014679957,3.0
1178,1,130.5,272.4224124880281,2.7050000000000005
1179,2,309.48401604428216,355.48401604428216,3.0
1179,3,311.5,359.32537014679957,3.0
1179,1,130.5,272.13069389191935,2.7050000000000005
1180,2,309.48401604428216,355.48401604428216,3.0
1180,3,311.5,359.32537014679957,3.0
1180,1,130.5,271.8389752958106,2.7050000000000005
1181,2,309.48401604428216,355.48401604428216,3.0
1181,3,311.5,359.32537014679957,3.0
1181,1,130.5,271.54725669970185,2.7050000000000005
1182,2,309.48401604428216,355.48401604428216,3.0
1182,3,311.5,359.32537014679957,3.0
1182,1,130.5,271.2555381035931,2.7050000000000005
1183,2,309.48401604428216,355.48401604428216,3.0
1183,3,311.5,359.32537014679957,3.0
1183,1,130.5,270.96381950748435,2.7050000000000005
1184,2,309.48401604428216,355.48401604428216,3.0
1184,3,311.5,359.32537014679957,3.0
1184,1,130.5,270.6721009113756,2.7050000000000005
1185,2,309.48401604428216,355.48401604428216,3.0
1185,3,311.5,359.32537014679957,3.0
1185,1,130.5,270.38038231526684,2.7050000000000005
1186,2,309.48401604428216,355.48401604428216,3.0
1186,3,311.5,359.32537014679957,3.0
1186,1,130.5,270.0886637191581,2.7050000000000005
1187,2,309.48401604428216,355.48401604428216,3.0
1187,3,311.5,359.32537014679957,3.0
1187,1,130.5,269.79694512304934,2.7050000000000005
1188,2,309.48401604428216,355.48401604428216,3.0
1188,3,311.5,359.32537014679957,3.0
1188,1,130.5,269.5052265269406,2.7050000000000005
1189,2,309.48401604428216,355.48401604428216,3.0
1189,3,311.5,359.32537014679957,3.0
1189,1,130.297419515135,269.297419515135,2.7050000000000005
1190,2,309.48401604428216,355.48401604428216,3.0
1190,3,311.5,359.32537014679957,3.0
1190,1,130.09114331762828,269.0911433176283,2.7050000000000005
1191,2,309.48401604428216,355.48401604428216,3.0
1191,3,311.5,359.32537014679957,3.0
1191,1,129.88486712012156,268.88486712012156,2.7050000000000005
1192,2,309.48401604428216,355.48401604428216,3.0
1192,3,311.5,359.32537014679957,3.0
1192,1,129.67859092261483,268.67859092261483,2.7050000000000005
1193,2,309.48401604428216,355.48401604428216,3.0
1193,3,311.5,359.32537014679957,3.0
1193,1,129.4723147251081,268.4723147251081,2.7050000000000005
1194,2,309.48401604428216,355.48401604428216,3.0
1194,3,311.5,359.32537014679957,3.0
1194,1,129.26603852760138,268.2660385276014,2.7050000000000005
1195,2,309.48401604428216,355.48401604428216,3.0
1195,3,311.5,359.32537014679957,3.0
1195,1,129.05976233009466,268.05976233009466,2.7050000000000005
1196,2,309.48401604428216,355.48401604428216,3.0
1196,3,311.5,359.32537014679957,3.0
1196,1,128.85348613258793,267.85348613258793,2.7050000000000005
1197,2,309.48401604428216,355.48401604428216,3.0
1197,3,311.5,359.32537014679957,3.0
1197,1,128.6472099350812,267.6472099350812,2.7050000000000005
1198,2,309.48401604428216,355.48401604428216,3.0
1198,3,311.5,359.32537014679957,3.0
1198,1,128.5,267.4164676905991,2.7050000000000005
1199,2,309.48401604428216,355.48401604428216,3.0
1199,3,311.5,359.32537014679957,3.0
1199,1,128.5,267.12474909449037,2.7050000000000005
1200,2,309.48401604428216,355.48401604428216,3.0
1200,3,311.5,359.32537014679957,3.0
1200,1,128.5,266.8330304983816,2.7050000000000005
