step,agent_id,x,y,toxicload
1,5,578.2807224523682,309.57309251587725,0.0
1,16,441.2807224523682,641.5730925158773,0.0
1,20,302.95459415460186,594.9545941546019,0.0
1,12,247.9545941546018,295.0454058453982,0.0
1,24,236.95459415460184,588.0454058453981,0.0
1,8,476.4269074841227,474.2807224523682,0.0
1,17,493.42690748412275,476.2807224523682,0.0
1,1,232.2807224523682,505.57309251587725,0.0
1,19,232.04540584539816,524.0454058453981,0.0
1,22,253.95459415460184,667.9545941546019,0.0
1,23,543.0454058453981,314.04540584539814,0.0
1,6,290.04540584539814,636.0454058453981,0.0
1,11,514.8571067811865,364.5,0.0
1,9,659.9545941546019,718.9545941546019,0.0
1,14,284.57141146836994,491.28576559489017,0.01
1,3,474.04540584539814,289.04540584539814,0.0
1,7,515.0454058453981,337.04540584539814,0.0
1,25,260.0416469088984,492.0416469088984,0.01
1,4,538.0454058453981,346.04540584539814,0.0
1,13,668.0454058453981,397.04540584539814,0.0
1,15,663.0454058453981,308.04540584539814,0.0
1,2,428.85179084220846,433.5,0.01
1,10,289.0416469088984,341.9583530911016,0.01
1,18,309.95459415460186,303.95459415460186,0.0
1,21,557.2807224523682,584.4269074841227,0.0
2,5,579.2911543204538,308.7088456795462,0.0
2,16,442.29115432045376,640.7088456795462,0.0
2,20,303.5,596.0786796564404,0.0
2,12,248.09081169079636,294.0908116907964,0.0
2,24,237.09081169079636,587.0908116907964,0.0
2,8,475.7088456795462,475.2911543204538,0.0
2,17,492.7088456795462,477.2911543204538,0.0
2,1,231.70884567954627,504.70884567954624,0.0
2,19,231.09081169079633,523.0908116907963,0.0
2,22,254.90918830920367,668.9091883092037,0.0
2,23,542.0908116907963,313.0908116907963,0.0
2,6,289.0908116907963,635.0908116907963,0.0
2,11,513.7979184719828,363.7979184719829,0.0
2,9,660.9091883092037,719.9091883092037,0.0
2,14,283.6975540683601,490.6975540683601,0.02
2,3,473.0908116907963,288.0908116907963,0.0
2,7,514.0908116907963,336.0908116907963,0.0
2,25,258.90535159387935,491.49999999999994,0.02
2,4,537.0908116907963,345.0908116907963,0.0
2,13,667.9091883092037,396.0908116907963,0.0
2,15,662.0908116907963,307.0908116907963,0.0
2,2,427.78662686079684,432.78662686079684,0.02
2,10,288.0795200796103,342.0795200796103,0.02
2,18,310.9091883092037,304.0908116907963,0.0
2,21,558.5840475392672,584.5840475392672,0.0
3,5,580.2457484750556,307.7542515249444,0.0
3,16,443.2457484750556,639.7542515249444,0.0
3,20,304.156675682619,597.156675682619,0.0
3,12,247.13621753619452,293.1362175361945,0.0
3,24,236.86378246380548,586.1362175361945,0.0
3,8,475.46135830613093,476.5386416938691,0.0
3,17,493.2457484750557,478.2457484750557,0.0
3,1,232.2457484750556,503.75425152494444,0.0
3,19,230.50000000000003,521.9855339059327,0.0
3,22,255.86378246380553,669.8637824638056,0.0
3,23,541.1362175361944,312.1362175361944,0.0
3,6,287.98553390593264,634.5,0.0
3,11,512.843324317381,362.843324317381,0.0
3,9,661.8637824638056,720.8637824638056,0.0
3,14,282.7316386409137,491.26836135908627,0.03
3,3,472.1362175361944,287.13621753619447,0.0
3,7,513.1362175361944,335.1362175361944,0.0
3,25,257.8207114333505,490.8207114333504,0.03
3,4,536.1362175361944,344.1362175361944,0.0
3,13,668.8637824638056,395.1362175361944,0.0
3,15,661.1362175361944,306.1362175361944,0.0
3,2,426.8207114333505,431.8207114333505,0.03
3,10,287.11360465216393,341.11360465216393,0.03
3,18,311.8637824638056,303.8637824638056,0.0
3,21,559.5386416938691,585.5386416938691,0.0
4,5,581.2003426296575,306.7996573703425,0.0
4,16,444.4904340451696,639.5,0.0
4,20,305.11126983722085,598.1112698372209,0.0
4,12,246.1816233815927,292.18162338159266,0.0
4,24,237.18162338159271,585.1816233815927,0.0
4,8,474.50676415152907,477.49323584847093,0.0
4,17,492.79965737034246,479.20034262965754,0.0
4,1,233.2003426296574,502.7996573703426,0.0
4,19,231.11126983722085,520.8887301627791,0.0
4,22,256.8183766184074,670.8183766184075,0.0
4,23,540.8183766184075,311.18162338159254,0.0
4,6,286.8887301627791,633.8887301627791,0.0
4,11,511.88873016277915,361.88873016277915,0.0
4,9,662.8183766184075,721.8183766184075,0.0
4,14,281.76191969682264,490.7619196968226,0.04
4,3,471.1816233815926,286.1816233815926,0.0
4,7,512.1816233815925,334.18162338159254,0.0
4,25,257.5,489.5821647762287,0.04
4,4,535.1816233815925,343.18162338159254,0.0
4,13,669.1816233815925,394.18162338159254,0.0
4,15,660.1816233815925,305.18162338159254,0.0
4,2,425.5821647762287,431.5,0.04
4,10,286.1438857080729,340.1438857080729,0.04
4,18,312.9502525316943,304.5,0.0
4,21,560.4932358484709,586.4932358484709,0.0
5,5,582.1549367842593,305.84506321574065,0.0
5,16,445.8404340451696,639.5,0.0
5,20,304.9341360081773,599.0658639918228,0.0
5,12,245.22702922699085,291.22702922699085,0.0
5,24,236.22702922699085,584.2270292269909,0.0
5,8,473.5521699969272,478.4478300030728,0.0
5,17,491.8450632157406,480.1549367842594,0.0
5,1,233.49999999999997,501.57377951720355,0.0
5,19,231.5,519.6997474683058,0.0
5,22,257.77297077300926,671.7729707730093,0.0
5,23,541.5,310.1139610306788,0.0
5,6,285.93413600817723,632.9341360081772,0.0
5,11,510.9341360081773,360.9341360081773,0.0
5,9,663.7729707730093,722.7729707730093,0.0
5,14,280.4936205392482,490.5,0.05
5,3,470.2270292269908,285.22702922699074,0.0
5,7,511.2270292269907,333.2270292269907,0.0
5,25,256.58456183247887,488.58456183247887,0.05
5,4,534.2270292269907,342.2270292269907,0.0
5,13,668.7729707730093,393.2270292269907,0.0
5,15,659.2270292269907,304.2270292269907,0.0
5,2,424.2053749279777,431.5,0.05
5,10,285.1703482701058,339.1703482701058,0.05
5,18,314.0658639918227,303.9341360081773,0.0
5,21,561.4478300030728,587.4478300030728,0.0
6,5,583.1095309388612,304.8904690611388,0.0
6,16,446.9882105953015,639.9882105953014,0.0
6,20,303.9795418535754,600.0204581464246,0.0
6,12,244.27243507238902,290.272435072389,0.0
6,24,235.27243507238902,583.272435072389,0.0
6,8,472.59757584232534,479.40242415767466,0.0
6,17,490.89046906113873,481.1095309388612,0.0
6,1,233.30468262351198,500.304682623512,0.0
6,19,230.686648634762,518.686648634762,0.0
6,22,258.7275649276111,672.7275649276112,0.0
6,23,540.9795418535755,308.9795418535754,0.0
6,6,284.97954185357537,631.9795418535754,0.0
6,11,509.9795418535754,359.9795418535755,0.0
6,9,664.7275649276112,723.7275649276112,0.0
6,14,279.22522485317774,490.22522485317774,0.060000000000000005
6,3,469.27243507238893,284.27243507238893,0.0
6,7,510.2724350723888,332.2724350723889,0.0
6,25,255.607190864428,487.607190864428,0.060000000000000005
6,4,533.2724350723888,341.2724350723888,0.0
6,13,669.2724350723888,392.2724350723888,0.0
6,15,658.2724350723888,303.2724350723888,0.0
6,2,423.0214044268011,431.0214044268011,0.060000000000000005
6,10,284.06580433660974,338.5,0.060000000000000005
6,18,315.0204581464246,302.9795418535754,0.0
6,21,561.3046826235119,588.6953173764881,0.0
7,5,584.0641250934631,303.9358749065369,0.0
7,16,447.9428047499033,640.0571952500967,0.0
7,20,303.02494769897356,600.9750523010265,0.0
7,12,243.5,289.24238815542515,0.0
7,24,234.31784091778718,582.3178409177872,0.0
7,8,473.3570183122765,480.3570183122765,0.0
7,17,490.49999999999994,482.29779335805046,0.0
7,1,232.35008846891014,499.35008846891014,0.0
7,19,229.43916126134673,518.4391612613467,0.0
7,22,259.682159082213,673.682159082213,0.0
7,23,540.0249476989736,308.0249476989736,0.0
7,6,284.5,630.8281745930518,0.0
7,11,509.0249476989736,359.0249476989736,0.0
7,9,665.682159082213,724.682159082213,0.0
7,14,278.24400525962676,489.24400525962676,0.07
7,3,468.31784091778707,283.3178409177871,0.0
7,7,509.317840917787,331.317840917787,0.0
7,25,254.62597127087702,486.6259712708771,0.07
7,4,532.317840917787,340.31784091778695,0.0
7,13,668.682159082213,391.31784091778695,0.0
7,15,657.317840917787,302.31784091778695,0.0
7,2,422.0401848332501,430.0401848332501,0.07
7,10,282.9188644896906,337.9188644896906,0.07
7,18,315.97505230102644,302.02494769897356,0.0
7,21,560.64991153109,589.64991153109,0.0
8,5,585.2335797956774,303.5,0.0
8,16,449.06200692042336,639.5,0.0
8,20,302.0703535443717,601.9296464556284,0.0
8,12,243.5,287.8923881554251,0.0
8,24,233.36324676318534,581.3632467631853,0.0
8,8,473.39549431430817,481.60450568569183,0.0
8,17,491.31161246687833,483.31161246687833,0.0
8,1,231.3954943143083,498.3954943143083,0.0
8,19,228.48456710674486,517.4845671067449,0.0
8,22,260.63675323681485,674.6367532368149,0.0
8,23,539.0703535443718,307.07035354437176,0.0
8,6,284.4845671067448,629.4845671067447,0.0
8,11,508.0703535443718,358.07035354437176,0.0
8,9,666.6367532368149,725.6367532368149,0.0
8,14,277.1590640611907,488.5,0.08
8,3,467.3632467631852,282.36324676318526,0.0
8,7,508.3632467631852,330.36324676318515,0.0
8,25,253.640887896968,485.640887896968,0.08
8,4,531.3632467631851,339.3632467631851,0.0
8,13,669.693398282202,390.5,0.0
8,15,656.3632467631851,301.3632467631851,0.0
8,2,421.0551014593411,429.0551014593411,0.08
8,10,281.9337811157815,338.0662188842185,0.08
8,18,316.0703535443717,301.0703535443717,0.0
8,21,561.6477933580504,590.5,0.0
9,5,586.5835797956775,303.5,0.0
9,16,450.4120069204234,639.5,0.0
9,20,300.956601717798,602.5,0.0
9,12,242.82286617095653,286.82286617095656,0.0
9,24,232.4086526085835,580.4086526085835,0.0
9,8,472.4409001597063,482.5590998402937,0.0
9,17,492.2662066214802,484.2662066214802,0.0
9,1,230.50000000000003,497.4164202043228,0.0
9,19,227.52997295214303,516.529972952143,0.0
9,22,261.5913473914167,675.5913473914168,0.0
9,23,538.8842406102301,306.1157593897699,0.0
9,6,283.52997295214294,628.5299729521429,0.0
9,11,507.11575938976995,357.11575938976995,0.0
9,9,667.5913473914168,726.5913473914168,0.0
9,14,275.7604600665558,488.5,0.09
9,3,466.4086526085834,281.4086526085834,0.0
9,7,507.40865260858334,329.40865260858334,0.0
9,25,252.6519255281671,486.3480744718329,0.09
9,4,530.4086526085832,338.4086526085832,0.0
9,13,670.8842406102301,390.11575938976983,0.0
9,15,655.4086526085832,300.4086526085832,0.0
9,2,420.06613909054016,428.06613909054016,0.09
9,10,280.7148551424047,338.5,0.09
9,18,315.5,299.95660171779804,0.0
9,21,562.851993059107,590.851993059107,0.0
10,5,587.806587213709,303.193412786291,0.0
10,16,451.7620069204234,639.5,0.0
10,20,299.60660171779796,602.5,0.0
10,12,241.8682720163547,285.8682720163547,0.0
10,24,231.45405845398165,579.4540584539816,0.0
10,8,471.48630600510444,483.5136939948955,0.0
10,17,493.22080077608206,485.22080077608206,0.0
10,1,230.1934127862912,496.19341278629116,0.0
10,19,227.5,515.192388155425,0.0
10,22,262.5459415460186,676.5459415460186,0.0
10,23,539.161165235168,305.161165235168,0.0
10,6,283.5,627.1923881554249,0.0
10,11,506.1611652351681,356.1611652351681,0.0
10,9,668.564971157456,727.5,0.0
10,14,274.6913164411526,489.3086835588474,0.09999999999999999
10,3,465.4540584539816,280.45405845398153,0.0
10,7,506.4540584539815,328.4540584539815,0.0
10,25,251.36617567121633,486.6338243287837,0.09999999999999999
10,4,529.4540584539814,337.45405845398136,0.0
10,13,671.838834764832,389.161165235168,0.0
10,15,654.4540584539814,299.45405845398136,0.0
10,2,419.07328245240285,427.92671754759715,0.09999999999999999
10,10,279.65906889002986,337.65906889002986,0.09999999999999999
10,18,314.8682720163546,298.8682720163546,0.0
10,21,563.8065872137089,591.8065872137089,0.0
11,5,588.7611813683109,302.7611813683109,0.0
11,16,453.1120069204234,639.5,0.0
11,20,298.6207846429392,603.3792153570607,0.0
11,12,240.91367786175286,284.9136778617529,0.0
11,24,230.49946429937978,578.4994642993797,0.0
11,8,470.53171185050263,484.4682881494974,0.0
11,17,492.8246050693161,486.1753949306839,0.0
11,1,229.2350596951896,495.23505969518953,0.01
11,19,227.5,513.8423881554249,0.0
11,22,263.50053570062045,677.5005357006205,0.0
11,23,538.2065710805662,304.20657108056616,0.0
11,6,283.0349982053123,626.0349982053123,0.0
11,11,505.2065710805662,355.2065710805663,0.0
11,9,669.914971157456,727.5,0.0
11,14,273.360921967739,489.5,0.10999999999999999
11,3,464.4994642993797,279.4994642993797,0.0
11,7,505.4994642993796,327.4994642993796,0.0
11,25,250.36940942915135,487.63059057084865,0.10999999999999999
11,4,528.4994642993795,336.4994642993795,0.0
11,13,672.7934289194338,388.20657108056616,0.0
11,15,653.4994642993795,298.4994642993795,0.0
11,2,418.5,429.09889651878535,0.10999999999999999
11,10,278.3153170435879,337.5,0.10999999999999999
11,18,315.0863221382473,297.9136778617527,0.0
11,21,564.7611813683108,592.2388186316892,0.0
12,5,589.7157755229127,303.28422447708726,0.0
12,16,454.46200692042345,639.5,0.0
12,20,297.37329726952396,603.626702730476,0.0
12,12,239.7350288425444,284.5,0.0
12,24,229.54487014477792,577.5448701447779,0.0
12,8,469.57711769590077,483.57711769590077,0.0
12,17,491.8700109147142,487.1299890852858,0.0
12,1,228.27293286590145,494.27293286590145,0.02
12,19,228.2124891681029,512.7875108318971,0.0
12,22,264.4551298552223,678.4551298552224,0.0
12,23,537.5,303.1492424049173,0.0
12,6,282.5,624.9066017177979,0.0
12,11,504.2519769259644,354.2519769259644,0.0
12,9,671.0409162928493,726.9590837071507,0.0
12,14,272.10807252049335,489.10807252049335,0.11999999999999998
12,3,463.54487014477786,278.54487014477786,0.0
12,7,504.54487014477775,326.5448701447778,0.0
12,25,249.31433948123689,488.5,0.11999999999999998
12,4,527.5448701447776,335.54487014477763,0.0
12,13,673.7480230740357,387.2519769259643,0.0
12,15,652.5448701447776,297.54487014477763,0.0
12,2,417.78293175055705,430.21706824944295,0.11999999999999998
12,10,277.0758249693706,337.9241750306294,0.11999999999999998
12,18,314.95908370715085,296.95908370715085,0.0
12,21,565.7157755229126,591.2842244770874,0.0
13,5,590.6703696775146,302.3296303224854,0.0
13,16,455.4277289903951,640.427728990395,0.0
13,20,296.4187031149221,604.5812968850779,0.0
13,12,238.71159633373574,285.2884036662643,0.0
13,24,228.59027599017602,576.5902759901761,0.0
13,8,468.6225235412989,484.3774764587011,0.0
13,17,490.91541676011235,488.0845832398876,0.0
13,1,227.3070174384551,493.30701743845503,0.03
13,19,228.49999999999997,511.556601717798,0.0
13,22,264.2973827713624,679.7026172286377,0.0
13,23,537.004489552549,302.00448955254905,0.0
13,6,281.83291667729515,623.8329166772952,0.0
13,11,503.2973827713626,353.29738277136255,0.0
13,9,671.9955104474511,726.0044895525489,0.0
13,14,271.1034408250276,488.1034408250276,0.12999999999999998
13,3,462.590275990176,277.59027599017605,0.0
13,7,503.59027599017594,325.59027599017594,0.0
13,25,247.8935757123193,488.5,0.12999999999999998
13,4,526.5902759901758,334.59027599017577,0.0
13,13,674.7026172286376,386.29738277136244,0.0
13,15,651.5902759901758,296.59027599017577,0.0
13,2,416.7783000550913,429.7783000550913,0.12999999999999998
13,10,275.8935757123194,338.5,0.12999999999999998
13,18,314.5,295.79924240491727,0.0
13,21,566.6703696775145,590.6703696775145,0.0
14,5,591.6249638321165,301.37503616788354,0.0
14,16,456.3823231449969,639.6176768550031,0.0
14,20,295.46410896032023,605.5358910396798,0.0
14,12,237.46410896032043,285.4641089603204,0.0
14,24,227.63568183557422,575.6356818355742,0.0
14,8,467.66792938669704,485.3320706133029,0.0
14,17,490.49999999999994,489.2625119838119,0.0
14,1,226.33729849436403,492.337298494364,0.04
14,19,227.5854293038799,510.58542930387995,0.0
14,22,263.3427886167605,680.6572113832395,0.0
14,23,536.0498953979471,301.0498953979472,0.0
14,6,280.87832252269334,622.8783225226933,0.0
14,11,502.34278861676074,352.34278861676074,0.0
14,9,672.950104602053,725.049895397947,0.0
14,14,270.0948531586073,487.9051468413927,0.13999999999999999
14,3,461.6356818355742,276.6356818355742,0.0
14,7,502.63568183557413,324.6356818355741,0.0
14,25,246.47681916985758,488.52318083014245,0.13999999999999999
14,4,525.6356818355739,333.6356818355739,0.0
14,13,675.7223304703366,385.5,0.0
14,15,650.6356818355739,295.6356818355739,0.0
14,2,415.47681916985755,429.52318083014245,0.13999999999999999
14,10,274.7697123886711,337.7697123886711,0.13999999999999999
14,18,315.24299782086626,294.75700217913374,0.0
14,21,567.676725546185,591.5,0.0
15,5,592.5795579867183,300.4204420132817,0.0
15,16,457.3369172995987,640.3369172995988,0.0
15,20,294.50951480571837,606.4904851942816,0.0
15,12,236.50951480571857,284.5095148057186,0.0
15,24,226.68108768097238,574.6810876809724,0.0
15,8,466.42044201328173,485.5795579867182,0.0
15,17,491.28666476790465,490.2866647679047,0.0
15,1,225.36376105639695,491.3637610563969,0.05
15,19,226.63083514927808,509.6308351492781,0.0
15,22,262.38819446215865,681.6118055378414,0.0
15,23,535.9046987566547,300.0953012433453,0.0
15,6,281.0762716319085,621.9237283680915,0.0
15,11,501.3881944621589,351.3881944621589,0.0
15,9,673.5,723.9276695296633,0.0
15,14,269.08229394367686,488.08229394367686,0.15
15,3,460.6810876809724,275.6810876809723,0.0
15,7,501.68108768097227,323.68108768097227,0.0
15,25,245.4494559435381,489.5,0.15
15,4,524.681087680972,332.68108768097204,0.0
15,13,676.9046987566547,385.9046987566547,0.0
15,15,649.681087680972,294.68108768097204,0.0
15,2,414.4642599549271,430.5357400450729,0.15
15,10,273.7571531737407,338.2428468262593,0.15
15,18,314.80240802453187,293.80240802453187,0.0
15,21,568.8724512055317,591.1275487944683,0.0
16,5,593.5341521413202,299.4658478586798,0.0
16,16,458.2915114542006,641.2915114542006,0.0
16,20,293.16345596729025,606.5,0.0
16,12,235.55492065111673,285.44507934888327,0.0
16,24,225.72649352637055,573.7264935263705,0.0
16,8,465.4658478586799,486.53415214132013,0.0
16,17,492.2412589225065,491.2412589225065,0.0
16,1,224.38639008834608,490.38639008834605,0.060000000000000005
16,19,225.67624099467622,508.6762409946763,0.0
16,22,261.4336003075568,682.5663996924433,0.0
16,23,536.1407070887434,299.14070708874345,0.0
16,6,281.5,620.7492424049171,0.0
16,11,500.433600307557,350.43360030755707,0.0
16,9,674.15218613007,722.84781386993,0.0
16,14,268.0657475413403,487.0657475413403,0.16
16,3,459.7264935263705,274.7264935263705,0.0
16,7,500.7264935263704,322.72649352637046,0.0
16,25,244.1548203337771,489.8451796662229,0.16
16,4,523.7264935263702,331.7264935263702,0.0
16,13,678.0081169079635,386.5,0.0
16,15,648.7264935263702,293.7264935263702,0.0
16,2,413.4477135525905,431.5522864474095,0.16
16,10,272.7406067714041,339.2593932285959,0.16
16,18,313.84781386993,292.84781386993,0.0
16,21,569.8270453601335,590.1729546398665,0.0
17,5,594.488746295922,298.51125370407794,0.0
17,16,459.5389988276159,641.461001172384,0.0
17,20,292.01454005888775,606.9854599411123,0.0
17,12,234.30743327770142,285.6925667222986,0.0
17,24,224.77189937176868,572.7718993717687,0.0
17,8,464.51125370407806,487.48874629592194,0.0
17,17,493.1958530771084,492.1958530771083,0.0
17,1,223.5948295052049,489.40517049479513,0.07
17,19,225.57124637873903,507.42875362126097,0.0
17,22,260.4790061529549,683.5209938470451,0.0
17,23,535.5,298.05609665440954,0.0
17,6,280.7216468400743,619.7216468400743,0.0
17,11,499.4790061529552,349.47900615295515,0.0
17,9,675.3581169079636,722.5,0.0
17,14,266.8568131985427,486.5,0.17
17,3,458.77189937176865,273.77189937176865,0.0
17,7,499.7718993717686,321.7718993717686,0.0
17,25,243.13427104355665,490.1342710435567,0.17
17,4,522.7718993717683,330.7718993717683,0.0
17,13,679.3581169079636,386.5,0.0
17,15,647.7718993717683,292.7718993717683,0.0
17,2,412.4271642623701,432.5728357376299,0.17
17,10,271.7200574811837,338.7200574811837,0.17
17,18,312.6418830920365,292.5,0.0
17,21,570.8982984214389,589.5,0.0
18,5,595.4433404505239,297.5566595494761,0.0
18,16,460.49359298221776,640.5064070177822,0.0
18,20,291.0599459042859,607.9400540957141,0.0
18,12,233.2918830920367,286.5,0.0
18,24,223.81730521716682,571.8173052171668,0.0
18,8,463.26376633066275,487.26376633066275,0.0
18,17,494.15044723171025,493.15044723171013,0.0
18,1,224.42008712088608,488.4200871208861,0.08
18,19,226.5,506.4634559672904,0.0
18,22,259.52441199835306,684.475588001647,0.0
18,23,534.9386255607263,296.9386255607263,0.0
18,6,281.23294731452756,618.7670526854724,0.0
18,11,498.52441199835334,348.52441199835334,0.0
18,9,676.3542676580871,721.6457323419129,0.0
18,14,265.4348438730866,486.5651561269134,0.18000000000000002
18,3,457.8173052171668,272.81730521716685,0.0
18,7,498.8173052171668,320.81730521716673,0.0
18,25,241.9480368351231,489.5,0.18000000000000002
18,4,521.8173052171664,329.81730521716645,0.0
18,13,680.3542676580871,385.64573234191283,0.0
18,15,646.8173052171664,291.81730521716645,0.0
18,2,411.3622503974962,433.5,0.18000000000000002
18,10,270.6954895407774,339.3045104592226,0.18000000000000002
18,18,311.6457323419129,291.6457323419129,0.0
18,21,572.2482984214389,589.5,0.0
19,5,596.3979346051258,296.6020653948742,0.0
19,16,460.7410803556331,639.2589196443669,0.0
19,20,290.105351749684,608.894648250316,0.0
19,12,232.10535174968427,286.89464825031575,0.0
19,24,222.86271106256496,570.8627110625649,0.0
19,8,462.2301287033072,486.5,0.0
19,17,494.50000000000006,494.35565773431944,0.0
19,1,223.43112475208517,487.43112475208517,0.09
19,19,226.22667209324385,505.2266720932438,0.0
19,22,258.5698178437512,685.4301821562489,0.0
19,23,534.5,295.77031021678266,0.0
19,6,280.8124585308706,617.8124585308706,0.0
19,11,497.5698178437515,347.5698178437515,0.0
19,9,677.308861812689,722.308861812689,0.0
19,14,264.40624145812467,487.59375854187533,0.19000000000000003
19,3,456.862711062565,271.862711062565,0.0
19,7,497.8627110625649,319.8627110625649,0.0
19,25,240.4953142505615,489.50468574943847,0.19000000000000003
19,4,520.8627110625646,328.8627110625646,0.0
19,13,681.6017550315024,385.3982449684976,0.0
19,15,645.8627110625646,290.8627110625646,0.0
19,2,410.0811006881884,433.0811006881884,0.19000000000000003
19,10,269.32180047434053,339.5,0.19000000000000003
19,18,310.691138187311,290.691138187311,0.0
19,21,573.5982984214389,589.5,0.0
20,5,597.3525287597276,295.64747124027235,0.0
20,16,461.69567451023494,638.6956745102349,0.0
20,20,289.0060966544094,609.5,0.0
20,12,231.15075759508244,287.84924240491756,0.0
20,24,221.9081169079631,569.9081169079631,0.0
20,8,461.06168480264563,486.9383151973544,0.0
20,17,495.3525287597273,495.3525287597273,0.0
20,1,222.56173188605217,486.43826811394786,0.09999999999999999
20,19,225.727922061358,504.272077938642,0.0
20,22,257.61522368914933,686.3847763108507,0.0
20,23,533.7365440327092,294.73654403270916,0.0
20,6,279.5918830920363,617.5,0.0
20,11,496.6152236891496,346.6152236891496,0.0
20,9,678.2634559672908,723.2634559672908,0.0
20,14,263.37358868192524,488.37358868192524,0.20000000000000004
20,3,455.9081169079631,270.9081169079631,0.0
20,7,496.90811690796306,318.90811690796306,0.0
20,25,239.46266147436208,490.53733852563795,0.20000000000000004
20,4,519.9081169079627,327.9081169079627,0.0
20,13,682.5796897832173,384.5,0.0
20,15,644.9081169079627,289.9081169079627,0.0
20,2,409.048447911989,432.951552088011,0.20000000000000004
20,10,268.04844791198906,339.95155208801094,0.20000000000000004
20,18,309.4436508138957,290.4436508138957,0.0
20,21,574.948298421439,589.5,0.0
21,5,598.3071229143295,294.6928770856705,0.0
21,16,462.65026866483674,639.6502686648367,0.0
21,20,287.6560966544094,609.5,0.0
21,12,230.1961634404806,288.8038365595194,0.0
21,24,220.95352275336123,568.9535227533612,0.0
21,8,460.5,488.0556577343197,0.0
21,17,496.30712291432917,496.30712291432917,0.0
21,1,223.44150187188288,485.44150187188285,0.10999999999999999
21,19,226.31748378404015,503.3174837840402,0.0
21,22,256.66062953454747,687.3393704654526,0.0
21,23,532.7819498781073,293.7819498781073,0.0
21,6,278.6103770028534,616.6103770028534,0.0
21,11,495.66062953454775,345.6606295345478,0.0
21,9,679.2180501218927,724.2180501218927,0.0
21,14,262.3368695952489,487.3368695952489,0.21000000000000005
21,3,454.95352275336126,269.95352275336126,0.0
21,7,495.9535227533612,317.95352275336126,0.0
21,25,238.39526672026813,491.49999999999994,0.21000000000000005
21,4,518.9535227533609,326.95352275336086,0.0
21,13,683.9296897832173,384.5,0.0
21,15,643.9535227533609,288.95352275336086,0.0
21,2,408.0117288253127,433.9882711746873,0.21000000000000005
21,10,267.01172882531273,340.98827117468727,0.21000000000000005
21,18,308.48905665929385,289.48905665929385,0.0
21,21,576.06448222721,588.93551777279,0.0
22,5,599.2617170689314,293.7382829310686,0.0
22,16,463.6482984214387,640.5,0.0
22,20,286.3060966544094,609.5,0.0
22,12,229.24156928587874,289.75843071412123,0.0
22,24,219.7913780286482,568.5,0.0
22,8,459.8596032746285,489.1403967253715,0.0
22,17,496.5,497.5772306095733,0.0
22,1,222.5,484.4162935914924,0.11999999999999998
22,19,225.6371103705617,502.3628896294383,0.0
22,22,255.7060353799456,688.2939646200545,0.0
22,23,531.8273557235054,292.82735572350543,0.0
22,6,278.6371103705619,615.3628896294381,0.0
22,11,494.70603537994594,344.70603537994594,0.0
22,9,680.1726442764946,725.1726442764946,0.0
22,14,261.211596862916,486.5,0.22000000000000006
22,3,453.9989285987594,268.9989285987594,0.0
22,7,494.9989285987594,316.9989285987594,0.0
22,25,237.09224775967576,491.9077522403242,0.22000000000000006
22,4,517.998928598759,325.998928598759,0.0
22,13,685.2796897832173,384.5,0.0
22,15,642.998928598759,287.998928598759,0.0
22,2,406.9709274161162,433.9709274161162,0.22000000000000006
22,10,265.97092741611624,342.02907258388376,0.22000000000000006
22,18,307.534462504692,288.534462504692,0.0
22,21,577.2340848590658,588.5,0.0
23,5,600.2163112235332,292.78368877646676,0.0
23,16,464.85235019285386,640.8523501928538,0.0
23,20,285.11540225602283,609.1154022560228,0.0
23,12,228.19873734152907,290.5,0.0
23,24,218.75144122534408,567.751441225344,0.0
23,8,458.90500912002665,488.90500912002665,0.0
23,17,496.19790233884027,498.80209766115973,0.0
23,1,222.14328571663623,483.1432857166362,0.12999999999999998
23,19,226.40829547483645,501.4082954748365,0.0
23,22,255.5,689.5586219713523,0.0
23,23,531.5,291.61295090390183,0.0
23,6,279.4082954748362,614.4082954748362,0.0
23,11,493.75144122534414,343.7514412253441,0.0
23,9,681.1272384310964,726.1272384310964,0.0
23,14,259.95827516042795,485.95827516042795,0.23000000000000007
23,3,453.0443344441575,268.0443344441575,0.0
23,7,494.0443344441576,316.0443344441575,0.0
23,25,235.8598533359054,492.5,0.23000000000000007
23,4,517.0443344441571,325.04433444415713,0.0
23,13,686.2988113063501,385.29881130635016,0.0
23,15,642.0443344441571,287.04433444415713,0.0
23,2,405.6882804606517,433.5,0.23000000000000007
23,10,264.9260276093052,341.9260276093052,0.23000000000000007
23,18,306.5798683500901,287.5798683500901,0.0
23,21,578.5594569740405,588.4405430259595,0.0
24,5,601.1709053781351,291.8290946218649,0.0
24,16,465.80694434745567,641.1930556525443,0.0
24,20,284.16080810142097,608.1608081014209,0.0
24,12,227.03948775786162,290.96051224213835,0.0
24,24,217.79684707074222,568.2031529292578,0.0
24,8,457.9504149654248,489.04958503457516,0.0
24,17,495.24330818423846,499.7566918157616,0.0
24,1,221.13469805021595,482.13469805021595,0.13999999999999999
24,19,225.45370132023464,500.45370132023464,0.0
24,22,255.5,690.9086219713523,0.0
24,23,530.6252741954883,290.6252741954883,0.0
24,6,278.45370132023436,613.4537013202344,0.0
24,11,492.7968470707423,342.7968470707423,0.0
24,9,680.9181674143017,727.0818325856983,0.0
24,14,258.6645686364369,485.5,0.24000000000000007
24,3,452.08974028955566,267.08974028955566,0.0
24,7,493.0897402895557,315.0897402895557,0.0
24,25,234.70544039123197,493.294559608768,0.24000000000000007
24,4,516.0897402895553,324.08974028955527,0.0
24,13,687.253405460952,386.25340546095197,0.0
24,15,641.0897402895553,286.08974028955527,0.0
24,2,404.58412004767246,434.41587995232754,0.24000000000000007
24,10,263.8770132664859,340.8770132664859,0.24000000000000007
24,18,305.62527419548826,286.62527419548826,0.0
24,21,579.5140511286423,587.5140511286423,0.0
25,5,602.125499532737,290.87450046726303,0.0
25,16,466.86987129669245,640.5,0.0
25,20,283.0845237791555,607.5,0.0
25,12,226.0848936032598,291.9151063967402,0.0
25,24,216.56980515339433,568.5,0.0
25,8,456.7869829527996,489.5,0.0
25,17,494.2887140296366,500.71128597036346,0.0
25,1,220.1221388352855,481.1221388352855,0.15
25,19,224.50089283436722,499.49910716563284,0.0
25,22,255.5,692.2586219713523,0.0
25,23,530.377786822073,289.377786822073,0.0
25,6,277.4991071656325,612.4991071656325,0.0
25,11,491.8422529161404,341.8422529161404,0.0
25,9,679.9635732596998,728.0364267403002,0.0
25,14,257.2703292992116,485.2703292992116,0.25000000000000006
25,3,451.1351461349538,266.1351461349538,0.0
25,7,492.13514613495386,314.13514613495386,0.0
25,25,233.65229531046188,494.3477046895381,0.25000000000000006
25,4,515.1351461349534,323.1351461349534,0.0
25,13,686.7920003844462,387.20799961555383,0.0
25,15,640.1351461349534,285.1351461349534,0.0
25,2,403.2380817480889,434.7619182519111,0.25000000000000006
25,10,262.8238681857158,339.8238681857158,0.25000000000000006
25,18,304.6706800408864,285.6706800408864,0.0
25,21,580.4686452832442,588.4686452832442,0.0
26,5,603.0800936873388,289.91990631266117,0.0
26,16,468.0090258754728,639.9909741245272,0.0
26,20,281.9587265734038,608.0412734265961,0.0
26,12,224.97716446627527,292.5,0.0
26,24,215.21980515339433,568.5,0.0
26,8,455.74833343740767,490.25166656259233,0.0
26,17,493.5,501.73458992245406,0.0
26,1,219.5,479.94222346957383,0.16
26,19,225.45548698896903,498.544513011031,0.0
26,22,255.57680733252909,693.5768073325291,0.0
26,23,529.5768073325289,288.42319266747114,0.0
26,6,276.54451301103063,611.5445130110306,0.0
26,11,490.88765876153855,340.8876587615386,0.0
26,9,679.008979105098,728.991020894902,0.0
26,14,256.2130372147493,484.7869627852507,0.26000000000000006
26,3,450.18055198035194,265.18055198035194,0.0
26,7,491.180551980352,313.18055198035205,0.0
26,25,232.30211000718617,494.6978899928138,0.26000000000000006
26,4,514.1805519803515,322.18055198035154,0.0
26,13,687.1625937701557,388.1625937701557,0.0
26,15,639.1805519803515,284.18055198035154,0.0
26,2,402.1807896636266,435.8192103363734,0.26000000000000006
26,10,261.7665761012535,338.7665761012535,0.26000000000000006
26,18,303.71608588628453,286.28391411371547,0.0
26,21,581.4232394378461,587.5767605621539,0.0
27,5,604.0346878419407,288.9653121580593,0.0
27,16,468.96362003007465,639.9636200300747,0.0
27,20,281.004132418802,608.004132418802,0.0
27,12,223.88281207524267,291.88281207524267,0.0
27,24,214.0543849504963,568.9456150495037,0.0
27,8,454.7937392828058,491.20626071719414,0.0
27,17,493.9133674983806,502.9133674983806,0.0
27,1,218.79214992391508,478.7921499239151,0.17
27,19,224.5899188564291,497.58991885642916,0.0
27,22,256.46859851286905,694.531401487131,0.0
27,23,530.5314014871308,287.4685985128693,0.0
27,6,275.58991885642877,610.5899188564288,0.0
27,11,489.93306460693674,339.93306460693674,0.0
27,9,678.5,730.130194846606,0.0
27,14,255.15158179680333,485.8484182031967,0.2700000000000001
27,3,449.2259578257501,264.2259578257501,0.0
27,7,490.2259578257502,312.2259578257502,0.0
27,25,231.24065458924017,495.2406545892401,0.2700000000000001
27,4,513.2259578257497,321.2259578257497,0.0
27,13,688.1171879247576,389.11718792475756,0.0
27,15,638.2259578257497,283.2259578257497,0.0
27,2,401.11933424568065,436.88066575431935,0.2700000000000001
27,10,260.70512068330754,339.29487931669246,0.2700000000000001
27,18,302.76149173168267,285.76149173168267,0.0
27,21,582.3778335924479,586.6221664075521,0.0
28,5,604.9892819965426,288.01071800345744,0.0
28,16,469.9182141846765,640.9182141846765,0.0
28,20,280.5,606.8629509039017,0.0
28,12,222.69137802864836,291.5,0.0
28,24,213.09979079589448,569.9002092041055,0.0
28,8,453.839145128204,492.160854871796,0.0
28,17,494.86796165298244,503.8679616529824,0.0
28,1,217.76758198350876,477.76758198350876,0.18000000000000002
28,19,223.6353247018273,496.6353247018273,0.0
28,22,255.5140043582672,695.4859956417329,0.0
28,23,531.4859956417326,286.5140043582674,0.0
28,6,276.3646752981731,609.6353247018269,0.0
28,11,488.76244584051375,339.5,0.0
28,9,678.5,731.480194846606,0.0
28,14,254.08594665127973,486.08594665127976,0.2800000000000001
28,3,448.2713636711482,263.2713636711482,0.0
28,7,489.2713636711484,311.2713636711483,0.0
28,25,230.17501944371654,494.82498055628344,0.2800000000000001
28,4,512.2713636711478,320.2713636711478,0.0
28,13,689.308621971352,389.5,0.0
28,15,637.2713636711478,282.2713636711478,0.0
28,2,400.0536991001571,437.9463008998429,0.2800000000000001
28,10,259.63948553778397,338.63948553778397,0.2800000000000001
28,18,301.8068975770808,284.8068975770808,0.0
28,21,583.3324277470498,585.6675722529502,0.0
29,5,605.9438761511444,287.0561238488556,0.0
29,16,470.12719166072173,641.8728083392783,0.0
29,20,280.5,605.5129509039017,0.0
29,12,221.68073054722552,292.31926945277445,0.0
29,24,212.14519664129264,570.8548033587074,0.0
29,8,452.8845509736022,491.88455097360213,0.0
29,17,495.82255580758425,504.82255580758425,0.0
29,1,218.26102043145318,476.7389795685468,0.19000000000000003
29,19,224.3192694527745,495.68073054722544,0.0
29,22,255.5,696.8301948466062,0.0
29,23,531.266516984852,285.2665169848521,0.0
29,6,276.3878373284116,608.3878373284116,0.0
29,11,487.4124458405137,339.5,0.0
29,9,678.5,732.830194846606,0.0
29,14,253.01611531952912,485.9838846804709,0.2900000000000001
29,3,447.31676951654634,262.31676951654634,0.0
29,7,488.3167695165465,310.3167695165465,0.0
29,25,229.10518811196587,495.10518811196584,0.2900000000000001
29,4,511.31676951654595,319.31676951654595,0.0
29,13,690.3192694527747,390.3192694527747,0.0
29,15,636.316769516546,281.31676951654595,0.0
29,2,398.98386776840647,439.01613223159353,0.2900000000000001
29,10,258.5738503922604,337.5738503922604,0.2800000000000001
29,18,300.85230342247894,283.85230342247894,0.0
29,21,584.2870219016517,584.7129780983483,0.0
30,5,606.8984703057463,286.1015296942537,0.0
30,16,469.82740249388013,642.8274024938801,0.0
30,20,279.55456351736956,604.5545635173695,0.0
30,12,220.7261363926237,293.2738636073763,0.0
30,24,211.19060248669078,571.8093975133092,0.0
30,8,451.9299568190004,492.0700431809996,0.0
30,17,496.7771499621861,505.77714996218606,0.0
30,1,219.29367320765263,475.7063267923474,0.20000000000000004
30,19,225.27762254387613,494.72237745612387,0.01
30,22,255.5,698.1801948466062,0.0
30,23,530.3119228302502,284.31192283025024,0.0
30,6,275.5,607.4055915910208,0.0
30,11,486.0624458405137,339.5,0.0
30,9,678.0190296114367,733.9809703885633,0.0
30,14,251.71096963464058,486.5,0.3000000000000001
30,3,446.3621753619445,261.3621753619445,0.0
30,7,487.36217536194465,309.36217536194465,0.0
30,25,228.031144070529,494.03114407052897,0.3000000000000001
30,4,510.3621753619441,318.36217536194414,0.0
30,13,690.56675682619,391.56675682619,0.0
30,15,635.3621753619441,280.3621753619441,0.0
30,2,398.5,440.3346352895104,0.3000000000000001
30,10,258.2153220279234,336.2153220279234,0.2800000000000001
30,18,299.8977092678771,282.8977092678771,0.0
30,21,585.2416160562535,583.7583839437465,0.0
31,5,607.8530644603482,285.14693553965185,0.0
31,16,470.50000000000006,643.8988034848269,0.0
31,20,278.5999693627677,603.5999693627676,0.0
31,12,219.77154223802185,294.2284577619782,0.0
31,24,210.23600833208891,572.7639916679111,0.0
31,8,450.9753626643985,493.0246373356014,0.0
31,17,497.7317441167879,506.7317441167879,0.0
31,1,218.66960770567104,474.669607705671,0.21000000000000005
31,19,226.23974937316422,493.7602506268357,0.02
31,22,255.5,699.5301948466063,0.0
31,23,529.3573286756483,283.3573286756484,0.0
31,6,275.5,606.0555915910207,0.0
31,11,484.9431151132756,340.05688488672445,0.0
31,9,677.9355645431651,734.9355645431651,0.0
31,14,250.57090471963153,487.4290952803685,0.3100000000000001
31,3,445.4075812073426,260.4075812073426,0.0
31,7,486.4075812073428,308.4075812073428,0.0
31,25,226.95287073088173,492.95287073088167,0.3100000000000001
31,4,509.4075812073423,317.4075812073423,0.0
31,13,691.4786490192081,392.52135098079185,0.0
31,15,634.4075812073422,279.4075812073422,0.0
31,2,399.46134283149115,441.46134283149115,0.3100000000000001
31,10,257.8503131176002,335.1496868823998,0.2800000000000001
31,18,298.9431151132752,283.0568848867248,0.0
31,21,586.1962102108554,584.1962102108554,0.0
32,5,608.80765861495,284.19234138505,0.0
32,16,471.02948402189725,645.0294840218972,0.0
32,20,277.64537520816583,604.3546247918342,0.0
32,12,218.81694808342,295.18305191658,0.0
32,24,209.28141417748705,573.718585822513,0.0
32,8,450.0207685097967,493.9792314902033,0.0
32,17,498.6863382713898,507.6863382713898,0.0
32,1,217.62880629647452,473.6288062964745,0.22000000000000006
32,19,225.7943351993894,492.79433519938937,0.03
32,22,255.5,700.8801948466063,0.0
32,23,528.4027345210465,282.4027345210465,0.0
32,6,274.93826842697916,604.9382684269791,0.0
32,11,483.7766594028868,340.5,0.0
32,9,678.109841302233,735.890158697767,0.0
32,14,249.48357451465534,488.5,0.3200000000000001
32,3,444.45298705274075,259.45298705274075,0.0
32,7,485.49999999999994,307.43351365237913,0.0
32,25,225.8703514391787,491.87035143917865,0.3200000000000001
32,4,508.45298705274047,316.4529870527404,0.0
32,13,690.5240548646062,393.4759451353937,0.0
32,15,633.4529870527404,278.45298705274035,0.0
32,2,398.43796959050434,442.5,0.3200000000000001
32,10,258.08405173687623,334.08405173687623,0.2800000000000001
32,18,297.98852095867335,282.98852095867335,0.0
32,21,587.4203763600813,584.5,0.0
33,5,609.7622527695519,283.2377472304481,0.0
33,16,471.98407817649905,645.9840781764991,0.0
33,20,276.69078105356397,603.6907810535639,0.0
33,12,217.86235392881815,294.86235392881815,0.0
33,24,208.3268200228852,574.6731799771148,0.0
33,8,449.0661743551949,494.06617435519485,0.0
33,17,499.6409324259916,508.64093242599165,0.0
33,1,216.58390648966352,472.5839064896635,0.23000000000000007
33,19,224.82461625529837,491.82461625529834,0.04
33,22,255.5,702.2301948466063,0.0
33,23,527.5,281.42665940288634,0.0
33,6,273.9836742723773,603.9836742723772,0.0
33,11,482.4266594028868,340.5,0.0
33,9,677.5,736.9875541594868,0.0
33,14,247.9466327229802,488.5,0.3300000000000001
33,3,443.4983928981389,258.4983928981389,0.0
33,7,485.7945003206743,306.20549967932567,0.0
33,25,224.7835694759962,490.78356947599616,0.3300000000000001
33,4,507.4983928981386,315.4983928981386,0.0
33,13,691.4305392899956,394.4305392899956,0.0
33,15,632.4983928981385,277.4983928981385,0.0
33,2,397.0764626948099,442.9235373051901,0.3300000000000001
33,10,257.01841659135266,333.01841659135266,0.2800000000000001
33,18,297.0339268040715,282.0339268040715,0.0
33,21,588.3982917388726,585.3982917388726,0.0
34,5,610.7168469241537,282.28315307584626,0.0
34,16,472.9386723311009,646.938672331101,0.0
34,20,275.44329368014866,603.4432936801486,0.0
34,12,216.90775977421632,293.9077597742163,0.0
34,24,207.37222586828332,575.6277741317167,0.0
34,8,447.95069145178445,493.49999999999994,0.0
34,17,500.49999999999994,509.63509498584244,0.0
34,1,215.5348921468442,471.5348921468442,0.24000000000000007
34,19,225.14892118266872,490.85107881733126,0.05
34,22,256.26381310103807,703.2638131010381,0.0
34,23,527.2006529930294,280.2006529930294,0.0
34,6,273.97091988222456,603.0290801177754,0.0
34,11,481.0766594028868,340.5,0.0
34,9,676.907759774216,738.092240225784,0.0
34,14,246.43186238838337,488.56813761161663,0.34000000000000014
34,3,442.543798743537,257.543798743537,0.0
34,7,486.74909447527614,305.25090552472386,0.0
34,25,223.69250805607388,489.69250805607385,0.34000000000000014
34,4,506.54379874353674,314.54379874353674,0.0
34,13,691.678026663411,395.6780266634109,0.0
34,15,631.5437987435366,276.5437987435366,0.0
34,2,395.9854012748876,444.0145987251124,0.34000000000000014
34,10,255.9527814458291,331.9527814458291,0.2800000000000001
34,18,296.0793326494696,281.0793326494696,0.0
34,21,589.3528858934744,584.6471141065256,0.0
35,5,611.6714410787556,281.3285589212444,0.0
35,16,473.8932664857028,647.8932664857028,0.0
35,20,274.4886995255468,602.4886995255467,0.0
35,12,215.95316561961445,294.0468343803855,0.0
35,24,206.3835136523789,576.5,0.0
35,8,446.8640928271778,494.1359071728222,0.0
35,17,500.49999999999994,510.98509498584247,0.0
35,1,215.81114615273935,470.18885384726065,0.25000000000000006
35,19,225.5,489.6142891464445,0.060000000000000005
35,22,257.21840725563993,704.2184072556399,0.0
35,23,526.2460588384275,279.24605883842753,0.0
35,6,274.0744859631736,602.0744859631735,0.0
35,11,479.95316561961437,341.04683438038563,0.0
35,9,675.9531656196141,739.0468343803859,0.0
35,14,245.2687826733034,489.5,0.35000000000000014
35,3,441.58920458893516,256.58920458893516,0.0
35,7,487.703688629878,304.296311370122,0.0
35,25,224.4028496719445,488.59715032805553,0.35000000000000014
35,4,505.5892045889349,313.5892045889349,0.0
35,13,692.6326208180128,396.63262081801275,0.0
35,15,630.5892045889348,275.58920458893476,0.0
35,2,394.8900435468692,445.1099564531308,0.35000000000000014
35,10,254.8871463003055,330.8871463003055,0.2800000000000001
35,18,294.96930009000545,280.5,0.0
35,21,590.6003732668897,584.3996267331103,0.0
36,5,612.6260352333575,280.37396476664253,0.0
36,16,474.84786064030465,648.8478606403046,0.0
36,20,273.5341053709449,601.5341053709449,0.0
36,12,214.99857146501262,295.0014285349874,0.0
36,24,205.0335136523789,576.5,0.0
36,8,445.9094986725759,495.090501327424,0.0
36,17,501.0905013274241,512.090501327424,0.0
36,1,216.13156176279838,469.13156176279836,0.26000000000000006
36,19,224.59959503691596,488.59959503691596,0.07
36,22,258.1730014102418,705.1730014102418,0.0
36,23,525.2914646838257,278.29146468382567,0.0
36,6,273.1198918085717,601.1198918085717,0.0
36,11,478.79087296525984,341.5,0.0
36,9,674.9985714650122,740.0014285349878,0.0
36,14,243.94394048772483,490.05605951227517,0.36000000000000015
36,3,440.6346104343333,255.63461043433333,0.0
36,7,488.65828278447987,303.3417172155202,0.0
36,25,223.4974793742288,487.4974793742288,0.36000000000000015
36,4,504.634610434333,312.63461043433307,0.0
36,13,693.5872149726147,397.5872149726146,0.0
36,15,629.6346104343329,274.6346104343329,0.0
36,2,393.7903725930425,444.7903725930425,0.36000000000000015
36,10,255.17848884521806,329.82151115478194,0.2800000000000001
36,18,293.87725112145245,279.87725112145245,0.0
36,21,591.4450325785084,583.4450325785084,0.0
37,5,613.5806293879593,279.41937061204067,0.0
37,16,475.50000000000006,649.9277356729615,0.0
37,20,272.57951121634306,600.579511216343,0.0
37,12,214.04397731041078,295.95602268958925,0.0
37,24,203.6835136523789,576.5,0.0
37,8,444.95490451797406,494.95490451797406,0.0
37,17,502.0450954820259,513.0450954820259,0.0
37,1,215.07010634485238,468.0701063448524,0.2700000000000001
37,19,223.6145116630069,487.6145116630069,0.08
37,22,259.12759556484366,706.1275955648437,0.0
37,23,524.6631294707762,277.3368705292238,0.0
37,6,272.16529765396984,600.1652976539698,0.0
37,11,477.75108409159725,340.75108409159725,0.0
37,9,673.8550865276325,740.5,0.0
37,14,242.83993932375995,489.83993932375995,0.37000000000000016
37,3,439.6800162797315,254.68001627973146,0.0
37,7,489.6128769390817,302.3871230609183,0.0
37,25,222.6065217897361,486.39347821026394,0.37000000000000016
37,4,503.6800162797312,311.6800162797312,0.0
37,13,694.5,398.5591270347405,0.0
37,15,628.680016279731,273.68001627973103,0.0
37,2,392.39347821026416,444.60652178973584,0.37000000000000016
37,10,254.75587600925834,328.7558760092584,0.2800000000000001
37,18,292.9226569668506,280.0773430331494,0.0
37,21,590.5095615760935,582.4904384239065,0.0
38,5,614.5352235425612,278.4647764574388,0.0
38,16,476.04994216832176,651.0499421683218,0.0
38,20,271.6249170617412,599.6249170617411,0.0
38,12,213.08938315580892,296.91061684419105,0.0
38,24,202.67516959343558,575.6751695934356,0.0
38,8,444.0003103633722,494.99968963662775,0.0
38,17,502.99968963662775,513.9996896366277,0.0
38,1,214.0044711993288,467.0044711993288,0.2800000000000001
38,19,222.625549294206,486.625549294206,0.09
38,22,260.0821897194455,707.0821897194455,0.0
38,23,525.3822763746219,276.38227637462194,0.0
38,6,271.210703499368,599.2107034993679,0.0
38,11,476.50508652763295,340.5,0.0
38,9,672.796489936995,741.203510063005,0.0
38,14,241.41330542713337,489.5,0.38000000000000017
38,3,438.7254221251296,253.72542212512963,0.0
38,7,490.5674710936835,301.43252890631646,0.0
38,25,223.28512978495135,485.2851297849514,0.38000000000000017
38,4,502.7254221251294,310.72542212512934,0.0
38,13,694.2107034993683,399.7892965006318,0.0
38,15,627.7254221251292,272.72542212512917,0.0
38,2,391.28294973910226,445.71705026089774,0.3850000000000002
38,10,253.69024086373477,327.6902408637348,0.2800000000000001
38,18,291.9680628122487,279.9680628122487,0.0
38,21,591.4641557306953,581.5358442693047,0.0
39,5,615.4898176971631,277.51018230283694,0.0
39,16,477.00453632292357,652.0045363229236,0.0
39,20,270.67032290713934,598.6703229071393,0.0
39,12,212.13478900120708,297.8652109987929,0.0
39,24,201.72057543883375,576.2794245611663,0.0
39,8,443.0457162087704,495.9542837912296,0.0
39,17,503.0457162087705,514.9542837912295,0.0
39,1,213.5,465.70046003310404,0.2900000000000001
39,19,223.36730734393134,485.6326926560687,0.09999999999999999
39,22,261.0367838740474,708.0367838740474,0.0
39,23,524.4276822200201,275.4276822200201,0.0
39,6,270.2561093447661,598.2561093447661,0.0
39,11,475.54900256358013,339.5490025635801,0.0
39,9,671.8418957823932,742.1581042176068,0.0
39,14,240.0330916558076,489.9669083441924,0.3900000000000002
39,3,437.77082797052776,252.7708279705278,0.0
39,7,491.52206524828534,300.47793475171466,0.0
39,25,222.5,484.0367276502259,0.3900000000000002
39,4,501.77082797052753,309.77082797052753,0.0
39,13,693.5,400.8449134723674,0.0
39,15,626.7708279705273,271.7708279705273,0.0
39,2,390.16585536862897,446.83414463137103,0.4000000000000002
39,10,254.37539428178877,326.62460571821117,0.2800000000000001
39,18,291.01346865764685,279.98653134235315,0.0
39,21,591.7116431041106,580.2883568958894,0.0
40,5,616.4444118517649,276.5555881482351,0.0
40,16,477.5,653.1493085482153,0.0
40,20,269.7157287525375,597.7157287525374,0.0
40,12,211.0477272147523,298.5,0.0
40,24,200.46194077712508,576.5,0.0
40,8,442.0911220541686,496.0911220541685,0.0
40,17,502.5,516.0782407363499,0.0
40,1,212.56770260732787,464.5677026073279,0.3000000000000001
40,19,222.6359264140037,484.6359264140037,0.10999999999999999
40,22,261.99137802864925,708.9913780286493,0.0
40,23,523.4730880654182,274.4730880654182,0.0
40,6,269.5,597.2193000900053,0.0
40,11,474.59440840897827,338.59440840897827,0.0
40,9,672.1126983722087,743.1126983722087,0.0
40,14,238.91599728533427,491.0840027146657,0.4000000000000002
40,3,436.81623381592595,251.81623381592593,0.0
40,7,492.4766594028872,299.5233405971128,0.0
40,25,221.76242939065173,482.76242939065173,0.4000000000000002
40,4,500.81623381592567,308.8162338159257,0.0
40,13,693.9913780286489,401.9913780286489,0.0
40,15,625.8162338159254,270.81623381592544,0.0
40,2,388.8556308143825,447.5,0.4100000000000002
40,10,254.26607735387412,325.26607735387415,0.2800000000000001
40,18,289.8761543394977,280.5,0.0
40,21,592.6662372587125,579.3337627412875,0.0
41,5,617.3990060063668,275.6009939936332,0.0
41,16,477.5,654.4993085482154,0.0
41,20,269.5,596.4550865276323,0.0
41,12,209.93270747318994,297.93270747318996,0.0
41,24,199.11194077712508,576.5,0.0
41,8,441.1365278995668,495.8634721004332,0.0
41,17,503.1563653192466,517.1563653192466,0.0
41,1,211.4894292676806,463.4894292676806,0.3100000000000001
41,19,222.34234195422286,483.3423419542229,0.11999999999999998
41,22,262.9459721832511,709.9459721832511,0.0
41,23,522.5184939108163,273.51849391081635,0.0
41,6,269.5,595.8693000900053,0.0
41,11,473.6398142543764,337.6398142543764,0.0
41,9,671.9327074731895,744.0672925268105,0.0
41,14,237.50227812431854,491.49999999999994,0.4100000000000002
41,3,435.8616396613241,250.86163966132412,0.0
41,7,493.4312535574891,298.5687464425109,0.0
41,25,220.64093620128494,481.64093620128494,0.4100000000000002
41,4,499.86163966132386,307.86163966132386,0.0
41,13,694.9459721832508,402.9459721832508,0.0
41,15,624.8616396613236,269.8616396613236,0.0
41,2,387.3326664120026,447.6673335879974,0.4200000000000002
41,10,253.20044220835055,324.2004422083506,0.2800000000000001
41,18,288.81138712962974,279.81138712962974,0.0
41,21,593.5,578.3291185765302,0.0
42,5,618.3536001609687,274.64639983903135,0.0
42,16,477.2530015568305,655.7469984431696,0.0
42,20,269.5,595.1050865276322,0.0
42,12,208.9781133185881,298.0218866814119,0.0
42,24,197.7619407771251,576.5,0.0
42,8,440.18193374496497,496.8180662550351,0.0
42,17,504.1109594738484,518.1109594738484,0.0
42,1,210.59309002402242,462.40690997597756,0.3200000000000001
42,19,221.33771025875708,482.33771025875706,0.12999999999999998
42,22,263.5,711.0664863476218,0.0
42,23,521.5638997562145,272.5638997562145,0.0
42,6,269.5,594.5193000900052,0.0
42,11,472.68522009977454,336.68522009977454,0.0
42,9,670.9781133185876,745.0218866814124,0.0
42,14,236.32421544272268,492.5,0.4200000000000002
42,3,434.9070455067222,249.90704550672228,0.0
42,7,494.38584771209094,297.6141522879091,0.0
42,25,219.51502687165222,480.51502687165225,0.4200000000000002
42,4,498.90704550672206,306.907045506722,0.0
42,13,695.5,404.06648634762126,0.0
42,15,625.0929544932783,268.9070455067217,0.0
42,2,386.5,448.9209780692188,0.4300000000000002
42,10,252.13480706282698,323.13480706282695,0.2800000000000001
42,18,287.8567929750279,280.1432070249721,0.0
42,21,593.8683187867297,577.1316812132703,0.0
43,5,619.3081943155705,273.6918056844295,0.0
43,16,476.7015925977713,656.7015925977713,0.0
43,20,268.97326663229154,593.9732666322915,0.0
43,12,207.8261543394985,298.5,0.0
43,24,196.7306259451726,575.7306259451726,0.0
43,8,439.2273395903631,497.7726604096369,0.0
43,17,505.06555362845023,519.0655536284503,0.0
43,1,211.32012801279507,461.32012801279507,0.3300000000000001
43,19,220.3291225923368,481.3291225923368,0.13999999999999999
43,22,263.5,712.4164863476218,0.0
43,23,520.6093056016126,273.3906943983874,0.0
43,6,268.5590530699184,593.5590530699184,0.0
43,11,471.43773272635923,336.4377327263593,0.0
43,9,670.5,746.1738456605023,0.0
43,14,234.95246546922982,493.0475345307701,0.4300000000000002
43,3,433.9524513521204,248.95245135212042,0.0
43,7,495.34044186669274,296.65955813330726,0.0
43,25,219.09179079336076,479.09179079336076,0.4300000000000002
43,4,497.9524513521202,305.9524513521202,0.0
43,13,696.1480537112678,405.1480537112679,0.0
43,15,626.0475486478801,267.95245135211985,0.0
43,2,385.7746364863329,450.2253635136671,0.4400000000000002
43,10,251.50000000000003,321.89071708239925,0.2800000000000001
43,18,286.902198820426,279.902198820426,0.0
43,21,594.9566678610968,576.5,0.0
44,5,620.2627884701724,272.7372115298276,0.0
44,16,477.6561867523732,657.6561867523732,0.0
44,20,268.9813275223103,593.0186724776896,0.0
44,12,206.77603179057095,299.223968209429,0.0
44,24,195.77603179057076,576.2239682094292,0.0
44,8,438.2727454357613,498.72725456423876,0.0
44,17,506.0201477830521,520.0201477830522,0.0
44,1,210.22906659287275,460.22906659287275,0.34000000000000014
44,19,219.5,480.2405814404921,0.15
44,22,262.60445891531646,713.3955410846836,0.0
44,23,519.3045814642439,273.5,0.0
44,6,269.3955410846835,592.6044589153165,0.0
44,11,470.4831385717574,335.48313857175737,0.0
44,9,669.7760317905704,747.2239682094296,0.0
44,14,233.8176716218516,494.1823283781484,0.4400000000000002
44,3,432.99785719751856,247.99785719751858,0.0
44,7,496.29503602129455,295.7049639787054,0.0
44,25,217.95699694598252,477.9569969459825,0.4400000000000002
44,4,496.99785719751833,304.99785719751833,0.0
44,13,697.1026478658697,406.1026478658697,0.0
44,15,627.002142802482,266.997857197518,0.0
44,2,384.27723436014185,450.5,0.45000000000000023
44,10,250.71064355296636,320.71064355296636,0.2800000000000001
44,18,285.71879502661693,279.5,0.0
44,21,596.0704003147467,575.9295996852533,0.0
45,5,621.2173826247742,271.78261737522575,0.0
45,16,478.5,658.656667861096,0.0
45,20,269.5,591.8835136523784,0.0
45,12,205.82143763596912,300.1785623640309,0.0
45,24,194.82143763596892,575.8214376359689,0.0
45,8,437.3181512811595,499.3181512811595,0.0
45,17,506.02525806234604,520.974741937654,0.0
45,1,209.8662911351456,459.1337088648544,0.35000000000000014
45,19,219.0071237562563,479.0071237562563,0.16
45,22,261.6498647607146,714.3501352392855,0.0
45,23,518.114330854782,273.11433085478205,0.0
45,6,269.3569715419012,591.3569715419012,0.0
45,11,469.52854441715556,334.52854441715556,0.0
45,9,668.8214376359686,748.1785623640314,0.0
45,14,232.38551604095963,494.6144839590404,0.45000000000000023
45,3,432.04326304291675,247.04326304291672,0.0
45,7,497.2496301758964,294.7503698241036,0.0
45,25,218.18226541609602,476.817734583904,0.45000000000000023
45,4,496.04326304291646,304.0432630429165,0.0
45,13,696.9427579795284,407.05724202047156,0.0
45,15,627.9567369570839,266.0432630429161,0.0
45,2,382.6597297582549,450.5,0.46000000000000024
45,10,249.6450084074428,319.6450084074428,0.2800000000000001
45,18,284.7001172924089,280.2998827075911,0.0
45,21,597.2424542987236,575.5,0.0
46,5,622.1719767793761,270.8280232206239,0.0
46,16,478.8582682803903,659.8582682803902,0.0
46,20,268.81659094967256,590.8165909496726,0.0
46,12,204.86684348136728,301.13315651863275,0.0
46,24,193.86684348136706,574.866843481367,0.0
46,8,436.3070406378887,498.5,0.0
46,17,505.0706639077442,521.9293360922558,0.0
46,1,210.03403791102767,458.03403791102767,0.36000000000000015
46,19,217.98657446603588,477.9865744660359,0.17
46,22,260.69527060611273,715.3047293938873,0.0
46,23,517.1597367001801,272.1597367001802,0.0
46,6,268.40237738729934,590.4023773872993,0.0
46,11,468.5739502625537,333.5739502625537,0.0
46,9,667.8668434813667,749.1331565186333,0.0
46,14,231.2417675683649,495.2417675683648,0.46000000000000024
46,3,431.0886688883149,246.08866888831488,0.0
46,7,498.2042243304983,293.7957756695017,0.0
46,25,219.3260138886907,475.6739861113093,0.46000000000000024
46,4,495.08866888831466,303.08866888831466,0.0
46,13,697.0118361750734,408.0118361750734,0.0
46,15,628.9113311116857,265.08866888831426,0.0
46,2,381.46469374700496,451.53530625299504,0.47000000000000025
46,10,248.57937326191922,320.4206267380808,0.2800000000000001
46,18,283.745523137807,279.745523137807,0.0
46,21,598.5924542987236,575.5,0.0
47,5,623.126570933978,269.873429066022,0.0
47,16,479.5,660.9424542987229,0.0
47,20,267.8619967950707,589.8619967950707,0.0
47,12,203.91224932676542,302.08775067323455,0.0
47,24,192.66879502661743,574.5,0.0
47,8,434.95704063788867,498.5,0.0
47,17,504.49999999999994,523.0429593621113,0.0
47,1,209.5,456.6939502376419,0.37000000000000016
47,19,218.0379934743704,476.9620065256296,0.18000000000000002
47,22,259.74067645151086,716.2593235484892,0.0
47,23,516.2051425455783,271.2051425455783,0.0
47,6,267.4477832326975,589.4477832326975,0.0
47,11,467.61935610795183,332.6193561079519,0.0
47,9,666.9122493267648,750.0877506732352,0.0
47,14,230.0935153201505,494.90648467984954,0.47000000000000025
47,3,430.1340747337131,245.13407473371305,0.0
47,7,499.15881848510014,292.8411815148999,0.0
47,25,218.52573386309493,474.5257338630949,0.47000000000000025
47,4,494.13407473371285,302.1340747337128,0.0
47,13,697.9664303296753,408.9664303296753,0.0
47,15,629.8659252662876,264.1340747337124,0.0
47,2,380.31191998850693,452.31191998850693,0.48000000000000026
47,10,247.51373811639561,321.48626188360436,0.2800000000000001
47,18,282.79092898320516,278.79092898320516,0.0
47,21,599.8128624349927,575.8128624349927,0.0
48,5,624.0811650885798,268.91883491142016,0.0
48,16,480.06034980840735,662.0603498084073,0.0
48,20,266.90740264046883,588.9074026404688,0.0
48,12,202.73300858899086,302.5,0.0
48,24,191.37186873453646,574.6281312654636,0.0
48,8,433.86858237972706,499.13141762027294,0.0
48,17,504.49999999999994,524.3929593621114,0.0
48,1,208.52879510293675,455.5287951029368,0.38000000000000017
48,19,219.06659588933235,475.93340411066765,0.19000000000000003
48,22,258.786082296909,717.213917703091,0.0
48,23,515.2505483909764,270.25054839097646,0.0
48,6,266.5,588.4903679018706,0.0
48,11,466.66476195334997,331.66476195335,0.0
48,9,665.957655172163,751.042344827837,0.0
48,14,228.94074156165237,494.9407415616524,0.48000000000000026
48,3,429.1794805791112,244.1794805791112,0.0
48,7,500.11341263970195,291.88658736029805,0.0
48,25,217.5,473.32033845695844,0.48000000000000026
48,4,493.179480579111,301.179480579111,0.0
48,13,698.9210244842772,409.92102448427715,0.0
48,15,630.8205194208895,263.17948057911053,0.0
48,2,379.01154041516395,451.5,0.49000000000000027
48,10,246.01239295518727,321.5,0.2800000000000001
48,18,281.8363348286033,277.8363348286033,0.0
48,21,600.7674565895945,576.2325434104055,0.0
49,5,625.0357592431817,267.9642407568183,0.0
49,16,479.9850560369909,663.0149439630092,0.0
49,20,266.5,587.7261543394976,0.0
49,12,201.7101677987483,301.71016779874833,0.0
49,24,190.4172745799346,575.4172745799345,0.0
49,8,432.6712542002618,499.50000000000006,0.0
49,17,505.3789049936882,525.3789049936883,0.0
49,1,208.12318907911043,454.12318907911043,0.3900000000000002
49,19,218.9007513344682,474.9007513344682,0.20000000000000004
49,22,257.83148814230714,718.1685118576929,0.0
49,23,514.2959542363745,269.2959542363746,0.0
49,6,266.75429829531964,587.2457017046804,0.0
49,11,465.71016779874816,330.71016779874816,0.0
49,9,665.0030610175611,751.9969389824389,0.0
49,14,227.78342848837232,493.7834284883723,0.49000000000000027
49,3,428.22488642450935,243.22488642450938,0.0
49,7,501.06800679430376,290.9319932056962,0.0
49,25,216.92275381250337,471.92275381250334,0.49000000000000027
49,4,492.5,300.1109306503479,0.0
49,13,699.5,411.0312049733828,0.0
49,15,631.7751135754913,262.22488642450867,0.0
49,2,377.4069502149302,451.5930497850698,0.5000000000000002
49,10,244.50535727984638,321.5,0.2800000000000001
49,18,280.88174067400143,278.11825932599857,0.0
49,21,601.8140271739776,575.5,0.0
50,5,625.9903533977836,267.00964660221643,0.0
50,16,479.96953811761097,663.9695381176109,0.0
50,20,267.2946788875483,586.7053211124517,0.0
50,12,200.75557364414647,302.24442635585353,0.0
50,24,189.44722215136355,574.5,0.0
50,8,431.66650085170994,500.33349914829006,0.0
50,17,505.6263923671035,526.6263923671036,0.0
50,1,207.00609470863714,453.00609470863714,0.4000000000000002
50,19,217.86403224779187,473.86403224779184,0.21000000000000005
50,22,256.8768939877053,719.1231060122948,0.0
50,23,513.3413600817727,268.34136008177273,0.0
50,6,267.29110755007855,586.2911075500786,0.0
50,11,464.75557364414635,329.7555736441463,0.0
50,9,664.0484668629592,752.9515331370408,0.0
50,14,226.62155822570256,492.62155822570253,0.5000000000000002
50,3,427.27029226990754,242.27029226990751,0.0
50,7,502.0226009489056,289.9773990510944,0.0
50,25,215.7608835498336,470.7608835498336,0.5000000000000002
50,4,493.02260094890613,298.97739905109387,0.0
50,13,698.8768939877057,412.1231060122943,0.0
50,15,632.7297077300932,261.2702922699068,0.0
50,2,376.2382104992426,452.7617895007574,0.5150000000000002
50,10,243.14525980457105,321.8547401954289,0.2800000000000001
50,18,279.92714651939957,277.92714651939957,0.0
50,21,603.1640271739776,575.5,0.0
51,5,626.9449475523854,266.05505244761457,0.0
51,16,480.9241322722128,664.9241322722128,0.0
51,20,266.75072695784985,585.7507269578498,0.0
51,12,199.51143571373706,302.5,0.0
51,24,188.21519305191742,574.7848069480825,0.0
51,8,430.71190669710813,501.2880933028919,0.0
51,17,506.5,527.6145322373652,0.0
51,1,207.11539848072965,451.88460151927035,0.4100000000000002
51,19,216.82323083859535,472.82323083859535,0.22000000000000006
51,22,255.9222998331034,720.0777001668966,0.0
51,23,512.3867659271708,267.38676592717087,0.0
51,6,266.5,585.2687950266169,0.0
51,11,463.8009794895445,328.8009794895445,0.0
51,9,663.0938727083574,753.9061272916426,0.0
51,14,225.45511282865,491.45511282864993,0.5100000000000002
51,3,426.3156981153057,241.31569811530568,0.0
51,7,502.9771951035075,289.0228048964926,0.0
51,25,216.405561847219,469.59443815278104,0.5100000000000002
51,4,493.977195103508,298.02280489649206,0.0
51,13,699.0777001668962,413.07770016689614,0.0
51,15,633.6843018846951,260.31569811530494,0.0
51,2,375.06256071551644,453.93743928448356,0.5300000000000002
51,10,242.07962465904748,322.0796246590475,0.2800000000000001
51,18,278.9725523647977,278.0274476352023,0.0
51,21,604.5099187098405,575.5099187098405,0.0
52,5,627.8995417069873,265.1004582930127,0.0
52,16,481.8787264268146,665.8787264268146,0.0
52,20,266.5,584.5045814642438,0.0
52,12,198.55349211612935,301.55349211612935,0.0
52,24,187.26059889731562,575.7394011026844,0.0
52,8,429.7573125425063,500.7573125425063,0.0
52,17,506.5,528.9645322373652,0.0
52,1,206.75869218963763,450.75869218963766,0.4200000000000002
52,19,215.77833103178435,471.7783310317843,0.23000000000000007
52,22,255.5,721.2527778486373,0.0
52,23,511.432171772569,266.432171772569,0.0
52,6,266.08902602206143,584.0890260220615,0.0
52,11,462.8463853349426,327.8463853349427,0.0
52,9,662.5,755.0101371615177,0.0
52,14,224.28407428155887,490.28407428155884,0.5200000000000002
52,3,425.3611039607038,240.36110396070384,0.0
52,7,503.9317892581093,288.0682107418907,0.0
52,25,215.42339960568992,468.42339960568995,0.5200000000000002
52,4,494.9317892581098,297.0682107418902,0.0
52,13,700.2527778486367,413.5,0.0
52,15,634.6388960392969,259.3611039607031,0.0
52,2,373.8799600085984,455.1200399914016,0.5450000000000003
52,10,241.0139895135239,321.98601048647606,0.2800000000000001
52,18,277.8182899632284,278.5,0.0
52,21,605.4645128644423,576.4645128644423,0.0
53,5,628.8541358615892,264.14586413841084,0.0
53,16,482.83332058141644,666.8333205814165,0.0
53,20,265.5486454298327,583.5486454298327,0.0
53,12,197.5988979615275,300.5988979615275,0.0
53,24,186.22564927610978,576.5,0.0
53,8,428.8027183879045,501.19728161209554,0.0
53,17,506.5,530.3145322373653,0.0
53,1,206.66454388865384,449.33545611134616,0.4300000000000002
53,19,215.56357652984843,470.43642347015157,0.24000000000000007
53,22,255.42732508627282,722.5726749137272,0.0
53,23,510.47757761796714,265.47757761796714,0.0
53,6,265.5,582.98300858899,0.0
53,11,461.8917911803408,326.8917911803408,0.0
53,9,661.8917911803403,756.1082088196597,0.0
53,14,223.89157550216729,489.10842449783274,0.5300000000000002
53,3,424.406509806102,239.40650980610198,0.0
53,7,504.1136165872888,287.11361658728885,0.0
53,25,214.2477498219638,467.2477498219638,0.5300000000000002
53,4,495.8863834127116,296.11361658728833,0.0
53,13,701.2797816949134,414.2797816949133,0.0
53,15,635.5934901938988,258.4065098061012,0.0
53,2,372.3974740629693,455.6025259370307,0.5600000000000003
53,10,239.7198552656022,322.5,0.2800000000000001
53,18,276.7704708367806,279.2295291632194,0.0
53,21,606.4191070190442,575.5808929809558,0.0
54,5,629.808730016191,263.191269983809,0.0
54,16,483.2120852639817,667.7879147360184,0.0
54,20,265.3011580564174,582.3011580564174,0.0
54,12,196.64430380692565,299.6443038069257,0.0
54,24,185.0585173692985,576.9414826307016,0.0
54,8,427.84812423330266,502.15187576669734,0.0
54,17,506.5,531.6645322373653,0.0
54,1,207.20066226396793,448.2006622639679,0.4400000000000002
54,19,216.38327838938147,469.3832783893815,0.25000000000000006
54,22,254.47273093167098,723.527269068329,0.0
54,23,509.5229834633653,264.52298346336534,0.0
54,6,264.8869444940443,581.8869444940443,0.0
54,11,460.937197025739,325.93719702573895,0.0
54,9,660.9371970257384,757.0628029742616,0.0
54,14,223.92814531965482,487.92814531965485,0.5400000000000003
54,3,423.45191565150014,238.45191565150014,0.0
54,7,503.50000000000006,286.0177848998409,0.0
54,25,213.5,465.8883111183175,0.5400000000000003
54,4,496.8409775673135,295.1590224326865,0.0
54,13,702.5272690683287,414.5272690683286,0.0
54,15,636.5480843485007,257.45191565149935,0.0
54,2,371.2008479765698,456.7991520234302,0.5750000000000003
54,10,238.58982600366332,323.4101739963367,0.2800000000000001
54,18,275.5325035256015,279.5,0.0
54,21,607.373701173646,576.373701173646,0.0
55,5,630.7633241707929,262.2366758292071,0.0
55,16,482.5,668.8429593621111,0.0
55,20,264.65343609818444,581.3465639018156,0.0
55,12,196.39681643351037,298.39681643351037,0.0
55,24,183.93986283848284,577.5,0.0
55,8,426.8935300787008,503.1064699212992,0.0
55,17,506.13617076581994,532.8638292341801,0.0
55,1,206.0613999018894,447.0613999018894,0.45000000000000023
55,19,215.3259863049192,468.3259863049192,0.26000000000000006
55,22,253.51813677706915,724.4818632229309,0.0
55,23,508.56838930876347,263.56838930876347,0.0
55,6,265.06764966055755,580.9323503394425,0.0
55,11,459.98260287113715,324.98260287113715,0.0
55,9,659.9826028711366,758.0173971288634,0.0
55,14,222.74321851770782,486.7432185177078,0.5500000000000003
55,3,422.4973214968983,237.4973214968983,0.0
55,7,502.91153505927167,284.91153505927167,0.0
55,25,212.58965062302545,464.5896506230254,0.5500000000000003
55,4,497.79557172191534,294.20442827808466,0.0
55,13,703.4818632229305,415.4818632229305,0.0
55,15,637.5026785031025,256.4973214968975,0.0
55,2,369.7888583918353,457.5,0.5900000000000003
55,10,237.23129763932627,323.76870236067373,0.2800000000000001
55,18,274.56838930876347,278.56838930876347,0.0
55,21,608.3282953282479,577.3282953282479,0.0
56,5,631.7179183253947,261.28208167460525,0.0
56,16,482.9899962640354,669.9899962640354,0.0
56,20,265.3919697472137,580.3919697472137,0.0
56,12,195.44222227890853,297.4422222789085,0.0
56,24,182.85643584128132,576.8564358412814,0.0
56,8,425.9389359240989,504.061064075901,0.0
56,17,505.1815766112181,533.8184233887819,0.0
56,1,206.0823485707053,445.9176514292947,0.46000000000000024
56,19,214.2645308869732,467.2645308869732,0.2700000000000001
56,22,252.56354262246728,725.4364573775327,0.0
56,23,507.6137951541616,262.6137951541616,0.0
56,6,264.9777561848406,579.9777561848406,0.0
56,11,459.0280087165353,324.0280087165353,0.0
56,9,659.0280087165347,758.9719912834653,0.0
56,14,223.44637420910783,485.55362579089217,0.5600000000000003
56,3,421.5427273422965,236.54272734229644,0.0
56,7,502.5,283.731998462214,0.0
56,25,211.4000578962098,463.4000578962098,0.5600000000000003
56,4,498.7501658765172,293.24983412348286,0.0
56,13,704.4364573775324,414.56354262246765,0.0
56,15,638.4572726577044,255.54272734229565,0.0
56,2,368.49071699459637,456.5,0.6050000000000003
56,10,236.16566249380267,324.8343375061973,0.2800000000000001
56,18,273.6137951541616,277.6137951541616,0.0
56,21,608.5757827016632,578.5757827016632,0.0
57,5,632.6725124799966,260.3274875200034,0.0
57,16,483.9445904186373,670.9445904186373,0.0
57,20,264.5,579.4114357137361,0.0
57,12,194.48762812430667,296.4876281243067,0.0
57,24,181.90184168667952,575.9018416866795,0.0
57,8,424.9843417694971,505.0156582305029,0.0
57,17,504.7730175433837,534.7730175433837,0.0
57,1,205.76939918108033,444.7693991810803,0.47000000000000025
57,19,213.5,466.07417427386974,0.2800000000000001
57,22,251.60894846786545,726.3910515321346,0.0
57,23,506.65920099955974,261.65920099955974,0.0
57,6,264.5,578.8256492761092,0.0
57,11,458.0734145619334,323.0734145619335,0.0
57,9,658.0734145619329,759.9265854380671,0.0
57,14,222.5,484.30108911737426,0.5700000000000003
57,3,420.5881331876946,235.5881331876946,0.0
57,7,501.70945353125455,282.70945353125455,0.0
57,25,210.79421912863882,462.2057808713612,0.5700000000000003
57,4,499.704760031119,292.295239968881,0.0
57,13,705.3910515321343,413.6089484678658,0.0
57,15,639.4118668123062,254.58813318769378,0.0
57,2,366.98256605044105,457.01743394955895,0.6200000000000003
57,10,235.1000273482791,325.8999726517209,0.2800000000000001
57,18,272.65920099955974,276.65920099955974,0.0
57,21,609.5429593621124,579.5,0.0
58,5,633.6271066345985,259.3728933654015,0.0
58,16,484.50000000000006,672.0645322373648,0.0
58,20,264.1898882191965,578.1898882191965,0.0
58,12,193.53303396970483,295.53303396970483,0.0
58,24,180.94724753207768,574.9472475320777,0.0
58,8,424.0297476148953,505.02974761489526,0.0
58,17,505.5,535.8218915502459,0.0
58,1,204.61662542258227,443.6166254225823,0.48000000000000026
58,19,212.83617119088552,464.8361711908855,0.2900000000000001
58,22,250.65435431326358,727.3456456867365,0.0
58,23,505.7046068449579,260.7046068449579,0.0
58,6,263.77567465682347,577.7756746568234,0.0
58,11,457.1188204073316,322.1188204073316,0.0
58,9,657.118820407331,760.881179592669,0.0
58,14,221.86747577883554,482.8674757788355,0.5800000000000003
58,3,419.63353903309275,234.63353903309277,0.0
58,7,500.7548593766527,281.75485937665275,0.0
58,25,211.00680110296662,461.0068011029666,0.5800000000000003
58,4,500.6593541857208,291.3406458142791,0.0
58,13,706.3456456867361,414.3456456867361,0.0
58,15,640.3664609669081,253.63353903309192,0.0
58,2,365.7573882187717,458.2426117812283,0.6350000000000002
58,10,233.8415311383902,326.5,0.2800000000000001
58,18,271.41171362614443,276.41171362614443,0.0
58,21,610.7778642296804,579.7778642296804,0.0
59,5,634.5817007892003,258.41829921079966,0.0
59,16,484.50000000000006,673.4145322373648,0.0
59,20,263.23529406459465,577.2352940645947,0.0
59,12,193.28554659628955,294.2855465962895,0.0
59,24,181.00734662252418,573.9926533774758,0.0
59,8,422.89917626161974,504.49999999999994,0.0
59,17,505.5,537.171891550246,0.0
59,1,203.45931234930222,442.4593123493022,0.49000000000000027
59,19,211.76212714944867,463.76212714944865,0.3000000000000001
59,22,249.69976015866172,728.3002398413383,0.0
59,23,504.750012690356,259.7500126903561,0.0
59,6,262.8210805022216,576.8210805022215,0.0
59,11,456.16422625272975,321.16422625272975,0.0
59,9,656.1642262527291,761.8357737472709,0.0
59,14,220.66377474874858,481.66377474874855,0.5900000000000003
59,3,418.67894487849094,233.6789448784909,0.0
59,7,499.8002652220509,280.8002652220509,0.0
59,25,209.80310007287966,459.80310007287966,0.5900000000000003
59,4,501.6139483403227,290.3860516596773,0.0
59,13,707.6317100367714,414.5,0.0
59,15,641.32105512151,252.67894487849006,0.0
59,2,364.5249666337992,459.4750333662008,0.6500000000000002
59,10,232.6758638384185,327.3241361615815,0.2800000000000001
59,18,270.45711947154257,275.45711947154257,0.0
59,21,611.2675416157177,580.7324583842823,0.0
60,5,635.5362949438022,257.4637050561978,0.0
60,16,485.39415932006966,674.3941593200697,0.0
60,20,262.5,576.1898628384822,0.0
60,12,192.66904755831231,293.3309524416877,0.0
60,24,181.5,572.8467170879752,0.0
60,8,421.8276660868782,505.1723339131218,0.0
60,17,506.22258644481616,538.2225864448161,0.0
60,1,202.5,441.2135398517496,0.5000000000000002
60,19,210.68385380980138,462.6838538098014,0.3100000000000001
60,22,248.74516600405985,729.2548339959402,0.0
60,23,503.7954185357542,258.7954185357542,0.0
60,6,262.5,575.6040764008553,0.0
60,11,455.2096320981279,320.2096320981279,0.0
60,9,655.2096320981273,762.2096320981273,0.0
60,14,219.5,480.4368325473816,0.6000000000000003
60,3,417.7243507238891,232.72435072388907,0.0
60,7,498.8456710674491,279.845671067449,0.0
60,25,210.40534080996565,458.59465919003435,0.6000000000000003
60,4,502.56854249492454,289.43145750507546,0.0
60,13,708.8406204335668,414.1593795664333,0.0
60,15,642.2756492761118,251.7243507238882,0.0
60,2,362.9923652486726,458.9923652486726,0.6650000000000003
60,10,231.6102286928949,328.3897713071051,0.2800000000000001
60,18,269.5025253169407,274.5025253169407,0.0
60,21,610.5,581.7645322373662,0.0
61,5,636.4908890984041,256.50911090159593,0.0
61,16,486.34875347467147,675.3487534746715,0.0
61,20,262.03321253657754,575.0332125365775,0.0
61,12,193.37635828708585,292.37635828708585,0.0
61,24,180.79057184945867,571.7905718494587,0.0
61,8,420.87307193227633,506.1269280677236,0.0
61,17,506.5,539.4576779878728,0.0
61,1,202.5,439.56393695147017,0.5100000000000002
61,19,211.39866548190162,461.6013345180984,0.3200000000000001
61,22,247.790571849458,730.209428150542,0.0
61,23,502.8408243811524,257.84082438115234,0.0
61,6,261.61899897420443,574.6189989742045,0.0
61,11,454.255037943526,319.255037943526,0.0
61,9,654.2550379435254,761.7449620564746,0.0
61,14,218.94924124721348,478.9492412472135,0.6100000000000003
61,3,416.7697565692872,231.76975656928724,0.0
61,7,497.8910769128472,278.8910769128472,0.0
61,25,209.5,457.33235882755497,0.6100000000000003
61,4,503.5231366495264,288.47686335047365,0.0
61,13,709.7952145881686,413.79521458816856,0.0
61,15,643.2302434307137,250.76975656928636,0.0
61,2,361.45243420095125,458.54756579904875,0.6800000000000003
61,10,230.54459354737133,329.45540645262867,0.2800000000000001
61,18,268.54793116233884,273.54793116233884,0.0
61,21,610.5,583.1145322373662,0.0
62,5,637.4454832530059,255.5545167469941,0.0
62,16,487.30334762927333,676.3033476292734,0.0
62,20,261.0786183819757,574.0786183819756,0.0
62,12,192.42176413248401,291.421764132484,0.0
62,24,179.83597769485687,570.8359776948569,0.0
62,8,419.9184777776745,507.0815222223255,0.0
62,17,505.5753320271668,540.4246679728333,0.0
62,1,201.5,438.3220519184854,0.5200000000000002
62,19,210.5145525549159,460.5145525549159,0.3300000000000001
62,22,246.83597769485618,731.1640223051438,0.0
62,23,501.6319984622131,257.5,0.0
62,6,260.6644048196026,573.6644048196026,0.0
62,11,453.30044378892416,318.30044378892416,0.0
62,9,653.3004437889235,762.6995562110765,0.0
62,14,217.73126459253868,477.73126459253865,0.6200000000000003
62,3,415.8151624146854,230.81516241468537,0.0
62,7,496.93648275824535,277.93648275824535,0.0
62,25,208.8705899166698,455.8705899166698,0.6200000000000003
62,4,504.4777308041282,287.52226919587173,0.0
62,13,710.7498087427705,414.2501912572296,0.0
62,15,644.1848375853156,249.8151624146845,0.0
62,2,360.1980233734802,459.8019766265198,0.6950000000000003
62,10,229.1860651830343,329.1860651830343,0.2800000000000001
62,18,267.593337007737,272.593337007737,0.0
62,21,611.1820272857148,584.1820272857148,0.0
63,5,638.4000774076078,254.59992259239223,0.0
63,16,488.2579417838752,677.2579417838753,0.0
63,20,260.8759757726262,573.1240242273738,0.0
63,12,191.46716997788215,290.4671699778822,0.0
63,24,179.5,569.6251442127215,0.0
63,8,418.9638836230727,508.03611637692734,0.0
63,17,505.32784465375147,541.6721553462486,0.0
63,1,200.9056287023223,436.9056287023223,0.5300000000000002
63,19,209.57650886500642,459.4234911349936,0.34000000000000014
63,22,245.88138354025435,732.1186164597457,0.0
63,23,500.6387428531352,256.6387428531353,0.0
63,6,261.29018933499924,572.7098106650008,0.0
63,11,452.3458496343223,317.3458496343223,0.0
63,9,652.281998462213,763.5,0.0
63,14,218.49150812848652,476.5084918715135,0.6300000000000003
63,3,414.86056826008354,229.86056826008354,0.0
63,7,495.9818886036435,276.98188860364354,0.0
63,25,208.35492397683117,454.3549239768312,0.6300000000000003
63,4,503.56767504126987,286.56767504126987,0.0
63,13,711.7044028973723,413.2955971026277,0.0
63,15,645.1394317399174,248.86056826008263,0.0
63,2,358.93619595525786,461.06380404474214,0.7100000000000003
63,10,228.12043003751072,328.87956996248926,0.2800000000000001
63,18,266.6387428531351,273.3612571468649,0.0
63,21,612.1366214403166,585.1366214403166,0.0
64,5,639.3546715622097,253.64532843779037,0.0
64,16,487.78746406152294,678.2125359384771,0.0
64,20,261.16943007277195,572.1694300727719,0.0
64,12,190.51257582328032,289.5125758232803,0.0
64,24,178.63389616683975,568.6338961668398,0.0
64,8,418.0092894684709,508.0092894684709,0.0
64,17,504.3732504991496,542.6267495008503,0.0
64,1,200.43245630533096,435.43245630533096,0.5400000000000003
64,19,210.5,458.2569439332255,0.35000000000000014
64,22,246.07321061434752,733.0732106143475,0.0
64,23,499.39125547972,256.3912554797199,0.0
64,6,260.7552165103989,571.7552165103989,0.0
64,11,451.3912554797204,316.3912554797204,0.0
64,9,651.0983622609065,763.9016377390935,0.0
64,14,219.28090419851128,475.2809041985113,0.6400000000000003
64,3,413.9059741054817,228.9059741054817,0.0
64,7,495.0272944490417,276.0272944490417,0.0
64,25,207.12733630382894,453.12733630382894,0.6400000000000003
64,4,503.3201876678546,285.32018766785455,0.0
64,13,712.6589970519742,412.65899705197415,0.0
64,15,646.0940258945193,247.90597410548077,0.0
64,2,357.666908096361,462.333091903639,0.7250000000000003
64,10,227.05479489198714,329.94520510801283,0.2800000000000001
64,18,265.68414869853325,274.31585130146675,0.0
64,21,613.0912155949185,586.0912155949185,0.0
65,5,640.3092657168115,252.6907342831885,0.0
65,16,488.1671300930789,679.167130093079,0.0
65,20,260.2148359181701,571.21483591817,0.0
65,12,190.26508844986503,288.265088449865,0.0
65,24,178.3864087934245,567.3864087934245,0.0
65,8,417.0546953138691,507.94530468613095,0.0
65,17,503.4186563445478,543.5813436554522,0.0
65,1,199.5,434.1429527995865,0.5500000000000003
65,19,209.93556923433505,456.93556923433505,0.36000000000000015
65,22,245.97219523105062,734.0278047689494,0.0
65,23,498.4366613251181,255.4366613251181,0.0
65,6,259.80062235579703,570.800622355797,0.0
65,11,450.43666132511856,315.43666132511856,0.0
65,9,649.9962120245862,764.5,0.0
65,14,218.04848261353874,474.04848261353874,0.6500000000000004
65,3,412.95137995087987,227.95137995087984,0.0
65,7,494.07270029443987,275.0727002944398,0.0
65,25,207.1050852811436,451.8949147188564,0.6500000000000004
65,4,502.5,284.3099205235711,0.0
65,13,713.6135912065761,413.613591206576,0.0
65,15,647.048620049121,246.95137995087887,0.0
65,2,356.0972224687943,462.9027775312057,0.7400000000000003
65,10,225.98915974646357,331.0108402535364,0.2800000000000001
65,18,264.43666132511794,274.43666132511794,0.0
65,21,614.0458097495203,587.0458097495203,0.0
66,5,641.2638598714134,251.73614012858664,0.0
66,16,489.1217242476808,680.1217242476807,0.0
66,20,259.7397582364318,570.2602417635682,0.0
66,12,189.31049429526317,287.3104942952632,0.0
66,24,177.56818536117734,566.4318146388226,0.0
66,8,416.10010115926724,508.89989884073276,0.0
66,17,502.4491762616196,544.5,0.0
66,1,198.76504355775486,432.76504355775484,0.5600000000000003
66,19,208.83156807037017,455.83156807037017,0.37000000000000016
66,22,245.5,735.1822151001603,0.0
66,23,497.4746391493324,254.5,0.0
66,6,260.15397179880483,569.8460282011952,0.0
66,11,449.4820671705167,314.4820671705167,0.0
66,9,648.6462120245861,764.5,0.0
66,14,217.5,472.52590112783116,0.6600000000000004
66,3,411.996785796278,226.996785796278,0.0
66,7,493.118106139838,274.118106139838,0.0
66,25,206.6576401872609,450.6576401872609,0.6600000000000004
66,4,502.11810613983744,283.11810613983744,0.0
66,13,714.5681853611779,414.5681853611779,0.0
66,15,648.0032142037229,245.99678579627707,0.0
66,2,354.52826718952457,463.5,0.7550000000000003
66,10,224.6847406722749,331.5,0.2800000000000001
66,18,263.4820671705161,273.5179328294839,0.0
66,21,615.0004039041222,588.0004039041222,0.0
67,5,642.2184540260153,250.7815459739848,0.0
67,16,488.92368159771746,681.0763184022826,0.0
67,20,260.30564760896635,569.3056476089663,0.0
67,12,188.5,286.2962120245872,0.0
67,24,178.4772204842208,565.4772204842208,0.0
67,8,414.99867119823153,509.5,0.0
67,17,501.2165748165307,544.7834251834694,0.0
67,1,197.57076653290625,431.57076653290625,0.5700000000000003
67,19,208.43032642624416,454.43032642624416,0.38000000000000017
67,22,246.2298862969665,736.2298862969665,0.0
67,23,496.234579797101,254.234579797101,0.0
67,6,259.8914340465933,568.8914340465933,0.0
67,11,448.52747301591484,313.52747301591484,0.0
67,9,647.648793359474,765.351206640526,0.0
67,14,216.27616827530534,471.27616827530534,0.6700000000000004
67,3,411.04219164167614,226.04219164167617,0.0
67,7,492.16351198523614,273.16351198523614,0.0
67,25,206.877399619377,449.122600380623,0.6700000000000004
67,4,501.1635119852356,282.16351198523563,0.0
67,13,715.5227795157798,415.52277951577975,0.0
67,15,648.9578083583248,245.04219164167523,0.0
67,2,353.11540892188117,464.5,0.7700000000000004
67,10,223.2721030177895,331.2721030177895,0.2800000000000001
67,18,262.5274730159142,274.4725269840858,0.0
67,21,615.9549980587241,588.9549980587241,0.0
68,5,643.1730481806171,249.82695181938294,0.0
68,16,489.0309125568844,682.0309125568843,0.0
68,20,259.3510534543645,568.3510534543644,0.0
68,12,188.5,284.94621202458717,0.0
68,24,177.52262632961893,564.5226263296189,0.0
68,8,413.6486711982315,509.5,0.0
68,17,500.2619806619288,545.2619806619289,0.0
68,1,196.62821323548832,430.3717867645117,0.5800000000000003
68,19,207.3176136212313,453.3176136212313,0.3900000000000002
68,22,247.1844804515683,737.1844804515683,0.0
68,23,495.2799856424991,253.27998564249916,0.0
68,6,258.93683989199144,567.9368398919914,0.0
68,11,447.18885271170603,313.5,0.0
68,9,646.6941992048721,764.6941992048721,0.0
68,14,215.9708695536026,470.0291304463974,0.6800000000000004
68,3,410.08759748707433,225.0875974870743,0.0
68,7,491.2089178306343,272.79108216936567,0.0
68,25,206.87556255171506,447.87556255171506,0.6800000000000004
68,4,500.20891783063377,281.20891783063377,0.0
68,13,716.4773736703817,416.4773736703816,0.0
68,15,649.9124025129266,244.0875974870734,0.0
68,2,351.34269327400386,464.65730672599614,0.7850000000000004
68,10,222.08488288396623,330.5,0.2800000000000001
68,18,261.57287886131235,275.42712113868765,0.0
68,21,616.9095922133259,589.9095922133259,0.0
69,5,644.127642335219,248.87235766478108,0.0
69,16,489.9855067114862,682.9855067114862,0.0
69,20,258.3964592997626,567.3964592997626,0.0
69,12,187.86092539383074,283.8609253938307,0.0
69,24,176.56803217501707,563.568032175017,0.0
69,8,412.2986711982315,509.5,0.0
69,17,499.307386507327,544.307386507327,0.0
69,1,197.83191426557528,429.1680857344247,0.5900000000000003
69,19,206.799480749242,452.200519250758,0.4000000000000002
69,22,248.13907460617014,738.1390746061702,0.0
69,23,494.3253914878973,252.3253914878973,0.0
69,6,257.9822457373896,566.9822457373896,0.0
69,11,446.0324982690842,313.0324982690842,0.0
69,9,645.7396050502703,765.2603949497297,0.0
69,14,215.77718211600663,468.7771821160066,0.6900000000000004
69,3,409.13300333247247,224.13300333247247,0.0
69,7,490.25432367603247,273.25432367603247,0.0
69,25,205.6236142213243,446.62361422132426,0.6900000000000004
69,4,499.25432367603196,280.2543236760319,0.0
69,13,715.5680321750165,417.4319678249835,0.0
69,15,650.8669966675285,243.13300333247153,0.0
69,2,349.8430077643604,465.5,0.8000000000000004
69,10,220.84793950792888,331.15206049207114,0.2800000000000001
69,18,260.32539148789704,275.32539148789704,0.0
69,21,617.8641863679278,590.8641863679278,0.0
70,5,645.0822364898208,247.9177635101792,0.0
70,16,490.49999999999994,684.1223966136339,0.0
70,20,257.5,566.4177848998397,0.0
70,12,188.09366876077112,282.9063312392289,0.0
70,24,175.6134380204152,562.6134380204152,0.0
70,8,411.11015166560605,509.889848334394,0.0
70,17,498.2918169487389,543.5,0.0
70,1,197.9596448515794,427.9596448515794,0.6000000000000003
70,19,207.07902606139123,451.07902606139123,0.4100000000000002
70,22,249.093668760772,739.093668760772,0.0
70,23,493.37079733329546,251.62920266670454,0.0
70,6,257.5,565.8319984622129,0.0
70,11,445.07790411448235,312.07790411448235,0.0
70,9,644.4888527117052,765.5,0.0
70,14,214.52030394789134,467.52030394789136,0.7000000000000004
70,3,408.1784091778706,223.17840917787063,0.0
70,7,489.29972952143066,272.2997295214306,0.0
70,25,206.366736053209,445.366736053209,0.7000000000000004
70,4,498.2997295214301,279.2997295214301,0.0
70,13,716.3865619795854,418.38656197958534,0.0
70,15,651.8215908221304,242.17840917786967,0.0
70,2,348.3975503228448,466.5,0.8150000000000004
70,10,219.48941114359184,331.51058885640816,0.2800000000000001
70,18,259.3172798364513,274.5,0.0
70,21,618.8187805225297,591.8187805225297,0.0
71,5,646.0368306444226,246.96316935557732,0.0
71,16,489.8124117604966,685.1875882395034,0.0
71,20,257.5,565.0677848998397,0.0
71,12,187.95173708462704,281.95173708462704,0.0
71,24,174.3659506469999,562.3659506469999,0.0
71,8,410.1555575110042,510.8444424889958,0.0
71,17,497.1053049793099,543.89469502069,0.0
71,1,197.45355223288965,426.45355223288965,0.6100000000000003
71,19,206.5,449.726590265018,0.4200000000000002
71,22,250.0482629153738,740.0482629153738,0.0
71,23,492.4162031786936,252.58379682130638,0.0
71,6,256.78016420937246,564.7801642093724,0.0
71,11,444.1233099598805,311.1233099598805,0.0
71,9,643.2446303034396,765.7553696965604,0.0
71,14,213.5,466.15843423262646,0.7100000000000004
71,3,407.2238150232688,222.22381502326877,0.0
71,7,488.28098833543737,271.5,0.0
71,25,205.10490863498663,444.10490863498666,0.7100000000000004
71,4,497.34513536682823,278.34513536682823,0.0
71,13,717.3411561341873,419.3411561341872,0.0
71,15,652.7761849767322,241.2238150232678,0.0
71,2,346.81190320625694,467.18809679374306,0.8300000000000004
71,10,218.39220298268978,332.5,0.2800000000000001
71,18,258.1233099598799,274.8766900401201,0.0
71,21,619.7733746771315,592.7733746771315,0.0
72,5,646.9914247990245,246.0085752009755,0.0
72,16,489.50000000000006,686.4081830512608,0.0
72,20,256.94689039833014,563.9468903983301,0.0
72,12,187.5,280.78885271170645,0.0
72,24,173.5,561.374639149333,0.0
72,8,409.2009633564023,511.7990366435977,0.0
72,17,496.00603051111204,544.5,0.0
72,1,196.5,425.1260473964888,0.6200000000000003
72,19,207.47011934653295,448.52988065346705,0.4300000000000002
72,22,251.00285706997565,741.0028570699757,0.0
72,23,491.4616090240918,253.46160902409176,0.0
72,6,256.5,563.546212024586,0.0
72,11,443.5,310.0314933988252,0.0
72,9,642.2900361488378,766.7099638511622,0.0
72,14,212.69878715370268,464.6987871537027,0.7200000000000004
72,3,406.26922086866693,221.26922086866693,0.0
72,7,486.93098833543735,271.5,0.0
72,25,203.8381124778338,442.8381124778338,0.7200000000000004
72,4,496.39054121222637,277.39054121222637,0.0
72,13,718.2957502887891,420.29575028878907,0.0
72,15,653.7307791313341,240.26922086866594,0.0
72,2,345.4813217894934,468.4813217894934,0.8450000000000004
72,10,217.06524763373122,332.93475236626875,0.2800000000000001
72,18,257.16871580527805,275.83128419472195,0.0
72,21,620.7279688317334,593.7279688317334,0.0
73,5,647.9460189536263,245.05398104637368,0.0
73,16,490.3896697675205,687.3896697675206,0.0
73,20,256.5,562.7819984622128,0.0
73,12,187.45676233779648,279.4567623377965,0.0
73,24,173.5,560.024639149333,0.0
73,8,408.1413118853507,512.5,0.0
73,17,494.9032234512928,545.0967765487072,0.0
73,1,195.71990963837624,423.71990963837624,0.6300000000000003
73,19,206.3950868060888,447.3950868060888,0.4400000000000002
73,22,251.9574512245775,741.9574512245775,0.0
73,23,490.5070148694899,252.50701486948995,0.0
73,6,256.28518946254184,562.2851894625418,0.0
73,11,442.92122843186337,308.92122843186337,0.0
73,9,641.3354419942359,767.6645580057641,0.0
73,14,211.42700269205423,463.4270026920542,0.7300000000000004
73,3,405.31462671406507,220.3146267140651,0.0
73,7,485.8501606199982,270.85016061999823,0.0
73,25,202.56632801618534,441.5663280161853,0.7300000000000004
73,4,495.4359470576245,276.43594705762456,0.0
73,13,717.749655556609,421.25034444339093,0.0
73,15,654.685373285936,239.31462671406408,0.0
73,2,343.9949467615716,467.5,0.8600000000000004
73,10,215.99961248820765,334.0003875117923,0.2800000000000001
73,18,256.2141216506762,276.7858783493238,0.0
73,21,621.6825629863353,594.6825629863353,0.0
74,5,648.9006131082282,244.09938689177184,0.0
74,16,490.6371571409358,688.6371571409359,0.0
74,20,255.74480887031297,561.744808870313,0.0
74,12,186.50216818319464,278.5021681831946,0.0
74,24,173.5,558.674639149333,0.0
74,8,406.9988818283852,513.0011181716148,0.0
74,17,493.72024407348516,545.5,0.0
74,1,194.507678034626,422.492321965374,0.6400000000000003
74,19,205.74417555598973,446.2558244440103,0.45000000000000023
74,22,252.91204537917938,742.9120453791794,0.0
74,23,489.5524207148881,251.55242071488806,0.0
74,6,255.33059530793997,561.3305953079399,0.0
74,11,441.9666342772615,307.9666342772615,0.0
74,9,640.619152160366,768.619152160366,0.0
74,14,210.849789716699,462.150210283301,0.7400000000000004
74,3,404.36003255946326,219.36003255946324,0.0
74,7,484.89556646539637,269.89556646539637,0.0
74,25,202.5,439.7881448392608,0.7400000000000004
74,4,494.4736290225558,275.5,0.0
74,13,718.2049385979929,422.2049385979928,0.0
74,15,655.6399674405378,238.3600325594622,0.0
74,2,342.5036183971174,468.4963816028826,0.8750000000000004
74,10,214.69952308141336,334.5,0.2800000000000001
74,18,255.25952749607436,277.7404725039257,0.0
74,21,622.6371571409371,595.6371571409371,0.0
75,5,649.85520726283,243.14479273716998,0.0
75,16,491.5917512955377,689.5917512955377,0.0
75,20,255.5,560.4962120245858,0.0
75,12,185.25468080977933,278.25468080977936,0.0
75,24,174.33110562784785,557.6688943721522,0.0
75,8,406.04428767378334,513.9557123262167,0.0
75,17,492.70114192327566,546.2988580767243,0.0
75,1,195.25990038040146,421.25990038040146,0.6500000000000004
75,19,206.11207597141558,445.1120759714156,0.46000000000000024
75,22,253.8666395337812,743.8666395337813,0.0
75,23,488.59782656028625,250.59782656028625,0.0
75,6,254.62399884666186,560.3760011533382,0.0
75,11,441.01204012265964,307.01204012265964,0.0
75,9,641.4262536850322,769.5737463149678,0.0
75,14,210.8683902074866,460.8683902074866,0.7500000000000004
75,3,403.4054384048614,218.4054384048614,0.0
75,7,483.94097231079456,268.9409723107945,0.0
75,25,201.5,438.38959106589505,0.7500000000000004
75,4,493.1236290225558,275.5,0.0
75,13,719.1595327525947,423.15953275259466,0.0
75,15,656.5945615951397,237.40543840486035,0.0
75,2,340.8564031213293,469.1435968786707,0.8900000000000005
75,10,213.57544897834703,335.424551021653,0.2800000000000001
75,18,254.3049333414725,278.6950666585275,0.0
75,21,623.591751295539,596.591751295539,0.0
76,5,650.8098014174319,242.19019858256812,0.0
76,16,492.5,690.5655423641416,0.0
76,20,255.5,559.1462120245858,0.0
76,12,184.6999133448225,277.3000866551775,0.0
76,24,174.42140699873687,556.4214069987369,0.0
76,8,405.0896935191815,514.9103064808186,0.0
76,17,491.74654776867385,547.2534522313262,0.0
76,1,193.82489100105505,420.5,0.6600000000000004
76,19,204.96382372320122,443.9638237232012,0.47000000000000025
76,22,254.82123368838307,744.8212336883831,0.0
76,23,487.6432324056844,251.3567675943156,0.0
76,6,255.5,559.3888527117053,0.0
76,11,440.0574459680578,306.0574459680578,0.0
76,9,640.4599205235705,770.5,0.0
76,14,209.58152266700264,459.5815226670026,0.7600000000000005
76,3,402.45084425025954,217.45084425025956,0.0
76,7,482.77362902255663,268.5,0.0
76,25,200.84216833469338,436.8421683346934,0.7600000000000005
76,4,491.98637815619213,274.98637815619213,0.0
76,13,719.5,424.36850660117557,0.0
76,15,657.5491557497415,236.45084425025848,0.0
76,2,339.49407375748035,470.49407375748035,0.9050000000000005
76,10,213.21692061400998,336.78307938599,0.2800000000000001
76,18,253.35033918687066,279.64966081312934,0.0
76,21,624.5463454501408,597.5463454501408,0.0
77,5,651.7643955720338,241.23560442796625,0.0
77,16,492.7938328235548,691.7938328235548,0.0
77,20,255.00234675006706,558.0023467500671,0.0
77,12,185.65450749942434,276.34549250057563,0.0
77,24,173.5,555.4530662740792,0.0
77,8,404.1350993645796,515.8649006354204,0.0
77,17,490.791953614072,548.208046385928,0.0
77,1,192.5,419.4824440124713,0.6700000000000004
77,19,203.81104996470316,442.81104996470316,0.48000000000000026
77,22,255.77582784298494,745.775827842985,0.0
77,23,486.6886382510825,250.68863825108255,0.0
77,6,255.17391962532105,558.1739196253211,0.0
77,11,439.1028518134559,305.1028518134559,0.0
77,9,639.224172157015,770.775827842985,0.0
77,14,210.28958778628305,458.28958778628305,0.7700000000000005
77,3,401.49625009565773,216.4962500956577,0.0
77,7,481.7388907827774,267.73889078277745,0.0
77,25,200.25734023516034,435.25734023516037,0.7700000000000005
77,4,491.03178400159027,274.0317840015903,0.0
77,13,719.6545074994252,425.6545074994253,0.0
77,15,658.5037499043434,235.49625009565662,0.0
77,2,338.12368974427807,469.87631025572193,0.9200000000000005
77,10,212.1512854684864,337.84871453151356,0.2800000000000001
77,18,252.3525612106898,280.5,0.0
77,21,625.5009396047427,598.5009396047427,0.0
78,5,652.7189897266356,240.2810102733644,0.0
78,16,493.74842697815666,692.7484269781567,0.0
78,20,254.04775259546523,557.0477525954652,0.0
78,12,186.5,275.3457069611988,0.0
78,24,173.21932547071978,554.2193254707198,0.0
78,8,403.81949479002225,516.8194947900223,0.0
78,17,489.8373594594702,547.8373594594701,0.0
78,1,191.94765499444665,417.9476549944466,0.6800000000000004
78,19,202.6537368914231,441.6537368914231,0.49000000000000027
78,22,256.7304219975868,746.7304219975869,0.0
78,23,485.73404409648066,249.73404409648074,0.0
78,6,254.21932547071924,557.2193254707192,0.0
78,11,438.14825765885405,304.14825765885405,0.0
78,9,638.2695780024131,771.7304219975869,0.0
78,14,209.5,456.78237940576474,0.7800000000000005
78,3,400.54165594105586,215.54165594105586,0.0
78,7,480.7842966281756,266.7842966281756,0.0
78,25,199.5,433.7367744816137,0.7800000000000005
78,4,490.07718984698846,273.07718984698846,0.0
78,13,720.5,426.65429303880245,0.0
78,15,659.4583440589453,234.54165594105476,0.0
78,2,336.7452034593355,471.2547965406645,0.9350000000000005
78,10,210.91402106716913,338.5,0.2800000000000001
78,18,251.14825765885354,280.85174234114646,0.0
78,21,626.4555337593446,599.4555337593446,0.0
79,5,653.6735838812375,239.32641611876252,0.0
79,16,494.2969788672416,693.7030211327584,0.0
79,20,253.5,555.9246391493319,0.0
79,12,186.1434109725585,274.1434109725585,0.0
79,24,172.5,553.1672798364524,0.0
79,8,404.5,517.887620302784,0.0
79,17,488.8827653048683,548.1172346951317,0.0
79,1,190.7006171655387,416.7006171655387,0.6800000000000004
79,19,202.5,440.07428411370205,0.5000000000000002
79,22,257.68501615218867,747.6850161521887,0.0
79,23,484.77944994187885,248.77944994187885,0.0
79,6,253.5,556.1672798364516,0.0
79,11,437.1936635042522,303.1936635042522,0.0
79,9,637.3149838478113,772.6850161521887,0.0
79,14,208.5,455.35510376749573,0.7900000000000005
79,3,399.587061786454,214.58706178645403,0.0
79,7,479.8297024735738,265.8297024735737,0.0
79,25,198.36529534030512,432.3652953403051,0.7900000000000005
79,4,488.96626970967515,272.5,0.0
79,13,720.8565890274424,427.8565890274424,0.0
79,15,660.4129382135471,233.5870617864529,0.0
79,2,334.88576996902503,471.5,0.9500000000000005
79,10,209.7271219586258,337.7271219586258,0.2800000000000001
79,18,250.1936635042517,281.8063364957483,0.0
79,21,627.7871152393974,599.5,0.0
80,5,654.6281780358394,238.37182196416066,0.0
80,16,493.6576152873603,694.6576152873603,0.0
80,20,252.84567106744805,554.845671067448,0.0
80,12,185.18881681795668,273.18881681795665,0.0
80,24,172.0172439427027,552.0172439427027,0.0
80,8,405.0215763180394,519.0215763180394,0.0
80,17,487.6913118853506,548.5,0.0
80,1,189.54642066336925,415.45357933663075,0.6800000000000004
80,19,201.73963479407385,438.7396347940739,0.5100000000000002
80,22,258.63961030679053,748.6396103067906,0.0
80,23,483.82485578727704,247.824855787277,0.0
80,6,253.01724394270212,555.0172439427022,0.0
80,11,436.2390693496503,302.2390693496503,0.0
80,9,636.3603896932094,773.6396103067906,0.0
80,14,207.79739273360283,453.7973927336028,0.8000000000000005
80,3,398.6324676318522,213.63246763185217,0.0
80,7,478.8751083189719,264.8751083189719,0.0
80,25,197.05803840129354,431.0580384012936,0.8000000000000005
80,4,487.6162697096751,272.5,0.0
80,13,721.8111831820443,428.81118318204426,0.0
80,15,661.367532368149,232.63246763185103,0.0
80,2,333.0850525187612,471.9149474812388,0.9650000000000005
80,10,208.66148681310221,338.3385131868978,0.2800000000000001
80,18,249.130988335436,282.5,0.0
80,21,629.1371152393974,599.5,0.0
81,5,655.5827721904412,237.4172278095588,0.0
81,16,494.50000000000006,695.6586881146491,0.0
81,20,252.5,553.638852711705,0.0
81,12,184.2342226633548,272.23422266335484,0.0
81,24,171.06264978810088,551.0626497881009,0.0
81,8,405.97617047264123,519.9761704726412,0.0
81,17,486.68068377685114,549.3193162231488,0.0
81,1,190.20654150772282,414.2065415077228,0.6800000000000004
81,19,201.27570302816932,437.27570302816935,0.5200000000000002
81,22,259.5942044613924,749.5942044613925,0.0
81,23,482.60941546018256,247.49999999999997,0.0
81,6,252.06264978810032,554.0626497881003,0.0
81,11,435.28447519504846,301.28447519504846,0.0
81,9,635.4057955386075,774.5942044613925,0.0
81,14,206.51501183364317,452.48498816635686,0.8100000000000005
81,3,397.67787347725033,212.67787347725033,0.0
81,7,477.92051416437005,263.92051416437005,0.0
81,25,197.25436616595243,429.74563383404757,0.8100000000000005
81,4,486.62762094555603,271.62762094555603,0.0
81,13,722.7657773366461,429.7657773366461,0.0
81,15,662.3221265227509,231.67787347724916,0.0
81,2,331.6819708603117,473.3180291396883,0.9800000000000005
81,10,207.30295844876517,338.3029584487652,0.2800000000000001
81,18,247.780988335436,282.5,0.0
81,21,630.1979958795905,600.1979958795905,0.0
82,5,656.5373663450431,236.46263365495693,0.0
82,16,494.50000000000006,697.0086881146491,0.0
82,20,252.35069632061746,552.3506963206174,0.0
82,12,183.27962850875298,271.279628508753,0.0
82,24,169.94570696119862,550.5,0.0
82,8,406.9307646272431,520.9307646272431,0.0
82,17,485.4331964034359,549.5668035965641,0.0
82,1,190.04049632118512,412.9595036788149,0.6800000000000004
82,19,200.5,435.93438987406444,0.5300000000000002
82,22,260.54879861599426,750.5487986159943,0.0
82,23,481.3298810404464,247.6701189595535,0.0
82,6,251.89194436650155,553.1080556334985,0.0
82,11,434.3298810404466,300.3298810404466,0.0
82,9,634.4309883354358,775.5,0.0
82,14,207.16741570089306,451.16741570089306,0.8200000000000005
82,3,396.72327932264847,211.7232793226485,0.0
82,7,476.9659200097682,262.96592000976824,0.0
82,25,198.42806136858377,428.42806136858377,0.8200000000000005
82,4,485.67302679095417,270.6730267909542,0.0
82,13,723.720371491248,430.720371491248,0.0
82,15,663.2767206773527,230.7232793226473,0.0
82,2,330.9777003894334,475.0222996105666,0.9950000000000006
82,10,206.1285190529249,337.5,0.2800000000000001
82,18,246.74409460281927,281.7440946028193,0.0
82,21,631.4229016770244,600.5,0.0
83,5,657.491960499645,235.50803950035507,0.0
83,16,495.1071841887927,698.1071841887926,0.0
83,20,251.50000000000003,551.3530662740781,0.0
83,12,182.32503435415114,270.3250343541511,0.0
83,24,168.86056826008377,549.8605682600837,0.0
83,8,407.11464121815504,521.885358781845,0.0
83,17,484.4786022488341,550.521397751166,0.0
83,1,191.28753415009305,411.71246584990695,0.6800000000000004
83,19,199.62688084745184,434.62688084745184,0.5400000000000003
83,22,261.5033927705961,751.5033927705962,0.0
83,23,480.32362902255574,248.50000000000003,0.0
83,6,252.15346147889662,552.1534614788966,0.0
83,11,433.37528688584473,299.37528688584473,0.0
83,9,633.2037140105904,775.7962859894096,0.0
83,14,206.5,449.5732021951621,0.8300000000000005
83,3,395.76868516804666,210.76868516804663,0.0
83,7,476.0113258551664,262.0113258551664,0.0
83,25,197.10530065510102,427.105300655101,0.8300000000000005
83,4,484.71843263635236,269.71843263635236,0.0
83,13,724.5,431.7474387893102,0.0
83,15,664.2313148319546,229.76868516804544,0.0
83,2,329.23856986566204,475.76143013433796,1.0100000000000007
83,10,204.87879493890455,338.12120506109545,0.2800000000000001
83,18,245.78950044821744,282.21049955178256,0.0
83,21,632.4000774076077,599.5999225923923,0.0
84,5,658.4465546542468,234.5534453457532,0.0
84,16,496.0617783433945,699.0617783433945,0.0
84,20,251.1486147926003,550.1486147926003,0.0
84,12,181.5,269.31677477306425,0.0
84,24,169.0940258945181,548.9059741054818,0.0
84,8,406.8399529364468,522.8399529364468,0.0
84,17,483.5240080942322,551.4759919057678,0.0
84,1,190.465428020999,410.465428020999,0.6800000000000004
84,19,199.14906082669137,433.14906082669137,0.5500000000000003
84,22,262.457986925198,752.457986925198,0.0
84,23,479.12779951242936,248.1277995124294,0.0
84,6,251.50000000000003,551.0741340859439,0.0
84,11,432.42069273124287,298.42069273124287,0.0
84,9,632.2491198559885,776.2491198559885,0.0
84,14,207.22379237716189,448.2237923771619,0.8400000000000005
84,3,394.8140910134448,209.8140910134448,0.0
84,7,475.05673170056457,261.0567317005645,0.0
84,25,195.77733126366607,425.77733126366604,0.8400000000000005
84,4,483.76383848175055,268.7638384817505,0.0
84,13,724.9224530192652,432.9224530192651,0.0
84,15,665.1859089865565,228.81409101344357,0.0
84,2,327.5254483711902,476.5,1.0250000000000006
84,10,203.52866126461623,338.5,0.2800000000000001
84,18,244.8349062936156,283.1650937063844,0.0
84,21,633.3546715622095,600.3546715622095,0.0
85,5,659.4011488088487,233.59885119115134,0.0
85,16,497.0163724979964,700.0163724979964,0.0
85,20,250.5,549.0672798364511,0.0
85,12,181.122952826134,268.122952826134,0.0
85,24,170.04862004911996,547.95137995088,0.0
85,8,407.5,523.9165524909185,0.0
85,17,482.56941393963035,552.4305860603697,0.0
85,1,189.21839019209108,409.2183901920911,0.6800000000000004
85,19,197.95946809987572,431.9594680998757,0.5600000000000003
85,22,263.41258107979985,753.4125810797999,0.0
85,23,478.17320535782756,247.17320535782753,0.0
85,6,250.95137995087947,549.9513799508794,0.0
85,11,431.466098576641,297.466098576641,0.0
85,9,631.2945257013866,775.7054742986134,0.0
85,14,205.89059379739388,446.8905937973939,0.8500000000000005
85,3,393.85949685884293,208.85949685884296,0.0
85,7,474.1021375459627,260.1021375459627,0.0
85,25,194.44413268389803,424.44413268389803,0.8500000000000005
85,4,482.8092443271487,267.8092443271487,0.0
85,13,725.5,434.03322522693713,0.0
85,15,666.1405031411583,227.8594968588417,0.0
85,2,325.9464748029761,477.5,1.0400000000000007
85,10,202.45463142904393,339.54536857095604,0.2800000000000001
85,18,243.6236290225553,283.5,0.0
85,21,634.3092657168114,599.6907342831886,0.0
86,5,660.3557429634506,232.64425703654948,0.0
86,16,497.02903334740176,700.9709666525982,0.0
86,20,249.94653326458314,547.9465332645831,0.0
86,12,180.83164132846784,267.16835867153213,0.0
86,24,170.5,546.7883476483178,0.0
86,8,407.5,525.2665524909186,0.0
86,17,481.61481978502843,553.3851802149715,0.0
86,1,189.02864763681686,407.97135236318314,0.6800000000000004
86,19,196.7651910750271,430.76519107502713,0.5700000000000003
86,22,264.3671752344017,754.3671752344018,0.0
86,23,477.2186112032257,246.78138879677425,0.0
86,6,250.5,548.788347648317,0.0
86,11,430.51150442203914,296.51150442203914,0.0
86,9,630.3399315467848,776.6600684532152,0.0
86,14,206.44785456185244,445.55214543814753,0.8600000000000005
86,3,392.9049027042411,207.9049027042411,0.0
86,7,473.14754339136084,259.14754339136084,0.0
86,25,193.89431567534828,423.1056843246517,0.8600000000000005
86,4,481.8546501725468,266.8546501725469,0.0
86,13,726.1245345472822,435.1245345472823,0.0
86,15,667.0950972957602,226.90490270423984,0.0
86,2,324.3929909304811,476.5,1.0550000000000006
86,10,201.38899628352036,340.3889962835204,0.2800000000000001
86,18,242.63282476559846,282.63282476559846,0.0
86,21,635.5802609899052,599.5,0.0
87,5,661.3103371180524,231.6896628819476,0.0
87,16,496.9255608072001,701.9255608072001,0.0
87,20,250.00806089001875,546.9919391099812,0.0
87,12,181.2137645169303,266.2137645169303,0.0
87,24,169.74929842286284,545.7492984228628,0.0
87,8,408.28952183787925,526.2895218378793,0.0
87,17,480.31237969721604,553.5,0.0
87,1,188.7243145342752,406.7243145342752,0.6800000000000004
87,19,197.43378869336743,429.56621130663257,0.5800000000000003
87,22,265.3217693890036,755.3217693890036,0.0
87,23,476.2640170486238,247.26401704862386,0.0
87,6,249.7492984228623,547.7492984228622,0.0
87,11,429.5569102674373,295.5569102674373,0.0
87,9,629.3853373921829,777.6146626078171,0.0
87,14,205.20842662719525,444.20842662719525,0.8700000000000006
87,3,391.95030854963926,206.95030854963926,0.0
87,7,472.192949236759,258.19294923675903,0.0
87,25,195.2380344863006,421.7619655136994,0.8700000000000006
87,4,480.900056017945,265.900056017945,0.0
87,13,725.9208712981159,436.0791287018841,0.0
87,15,668.049691450362,225.95030854963798,0.0
87,2,322.75783721556576,477.24216278443424,1.0700000000000007
87,10,200.32336113799678,339.6766388620032,0.2800000000000001
87,18,241.38533739218315,282.61466260781685,0.0
87,21,636.9302609899053,599.5,0.0
88,5,662.2649312726543,230.73506872734575,0.0
88,16,497.88015496180196,702.880154961802,0.0
88,20,250.0373449553794,546.0373449553794,0.0
88,12,180.25917036232846,265.25917036232846,0.0
88,24,168.79470426826097,544.794704268261,0.0
88,8,409.2441159924811,527.2441159924812,0.0
88,17,479.1198450381979,553.8801549618021,0.0
88,1,187.47727670536727,405.4772767053673,0.6800000000000004
88,19,198.3625102765456,428.3625102765456,0.5900000000000003
88,22,266.27636354360544,756.2763635436055,0.0
88,23,475.23048327204816,246.49999999999997,0.0
88,6,248.79470426826043,546.7947042682604,0.0
88,11,428.6023161128354,294.6023161128354,0.0
88,9,628.5,778.5979438526989,0.0
88,14,203.8594166109076,442.8594166109076,0.8800000000000006
88,3,390.9957143950374,205.99571439503742,0.0
88,7,471.23835508215717,257.23835508215717,0.0
88,25,194.37690048390968,420.5,0.8800000000000006
88,4,479.9454618633432,264.94546186334316,0.0
88,13,725.5,437.25479810219093,0.0
88,15,669.0042856049639,224.99571439503612,0.0
88,2,321.4017565823583,476.4017565823583,1.0850000000000006
88,10,199.2577259924732,340.74227400752676,0.2800000000000001
88,18,240.43074323758128,283.56925676241866,0.0
88,21,638.2802609899053,599.5,0.0
89,5,663.2195254272561,229.78047457274388,0.0
89,16,498.8347491164038,703.8347491164038,0.0
89,20,249.08275080077755,545.0827508007775,0.0
89,12,179.30457620772663,264.3045762077266,0.0
89,24,168.5,543.5667747730639,0.0
89,8,409.5,528.4881253661724,0.0
89,17,478.02659325958916,554.5,0.0
89,1,186.23023887645934,404.23023887645934,0.6800000000000004
89,19,197.5,427.01078024493097,0.6000000000000003
89,22,267.2309576982073,757.2309576982074,0.0
89,23,474.06193552060677,246.9380644793932,0.0
89,6,247.84011011365857,545.8401101136586,0.0
89,11,427.64772195823355,293.64772195823355,0.0
89,9,628.1832558641657,779.8167441358343,0.0
89,14,202.505094553933,441.50509455393296,0.8900000000000006
89,3,390.0411202404356,205.04112024043556,0.0
89,7,470.28376092755536,256.2837609275553,0.0
89,25,192.76574022162367,419.7657402216237,0.8900000000000006
89,4,478.99086770874135,263.99086770874135,0.0
89,13,726.2812102299013,438.28121022990126,0.0
89,15,669.9588797595658,224.04112024043425,0.0
89,2,319.88192850878204,475.5,1.1000000000000008
89,10,198.19209084694964,341.80790915305033,0.2800000000000001
89,18,239.47614908297948,284.5238509170205,0.0
89,21,639.2992152104727,600.2992152104727,0.0
90,5,664.174119581858,228.82588041814202,0.0
90,16,499.7893432710057,704.7893432710057,0.0
90,20,248.12815664617568,544.1281566461757,0.0
90,12,178.65001794687524,263.3499820531248,0.0
90,24,167.59262274024385,542.5926227402439,0.0
90,8,410.44619752049823,529.4461975204982,0.0
90,17,476.91776351018075,555.0822364898193,0.0
90,1,185.5,402.769135912427,0.6800000000000004
90,19,196.6479767750105,425.64797677501053,0.6100000000000003
90,22,268.18555185280917,758.1855518528092,0.0
90,23,472.9446968344213,247.49999999999997,0.0
90,6,247.49999999999997,544.6309883354363,0.0
90,11,426.6931278036317,292.6931278036317,0.0
90,9,627.1162697096742,780.5,0.0
90,14,202.5,439.58436222482374,0.9000000000000006
90,3,389.0865260858337,204.08652608583373,0.0
90,7,469.3291667729535,255.3291667729535,0.0
90,25,192.11319198775297,418.113191987753,0.9000000000000006
90,4,478.0362735541395,263.0362735541395,0.0
90,13,727.2358043845031,439.2358043845031,0.0
90,15,670.9134739141676,223.0865260858324,0.0
90,2,318.5,474.42690291189865,1.1150000000000007
90,10,196.9717285868096,342.5,0.2800000000000001
90,18,238.52155492837764,285.4784450716224,0.0
90,21,640.2538093650745,601.2538093650745,0.0
91,5,665.1287137364599,227.87128626354016,0.0
91,16,500.49999999999994,705.8449796156646,0.0
91,20,247.17356249157388,543.1735624915739,0.0
91,12,179.39538789852293,262.3953878985229,0.0
91,24,166.63802858564202,541.638028585642,0.0
91,8,411.4007916751001,530.4007916751001,0.0
91,17,475.9631693555789,556.0368306444211,0.0
91,1,184.55673000017,401.44326999983,0.6800000000000004
91,19,196.13710690152226,424.13710690152226,0.6200000000000003
91,22,269.14014600741103,759.1401460074111,0.0
91,23,471.8598539925896,246.85985399258962,0.0
91,6,246.6380285856415,543.6380285856415,0.0
91,11,425.7385336490298,291.7385336490298,0.0
91,9,625.9811743361486,781.0188256638514,0.0
91,14,201.5,438.06816158495695,0.9100000000000006
91,3,388.13193193123186,203.1319319312319,0.0
91,7,468.37457261835164,254.37457261835166,0.0
91,25,190.74818301485035,416.7481830148503,0.9100000000000006
91,4,477.0816793995376,262.0816793995377,0.0
91,13,726.809601460895,440.190398539105,0.0
91,15,671.8680680687695,222.13193193123053,0.0
91,2,317.85048727696346,472.85048727696346,1.1300000000000008
91,10,195.76792733708905,343.232072662911,0.2800000000000001
91,18,237.27406755496233,285.2740675549623,0.0
91,21,641.2084035196764,602.2084035196764,0.0
92,5,666.0833078910617,226.9166921089383,0.0
92,16,500.49999999999994,707.1949796156646,0.0
92,20,246.5,542.1025612106896,0.0
92,12,178.5592062560789,261.44079374392106,0.0
92,24,165.68343443104018,540.6834344310402,0.0
92,8,411.6482790485154,531.6482790485154,0.0
92,17,474.8050203843353,556.5,0.0
92,1,185.80376782907794,400.1962321709221,0.6800000000000004
92,19,194.9143341804971,422.91433418049706,0.6300000000000003
92,22,270.0947401620129,760.094740162013,0.0
92,23,470.65891039679434,246.49999999999997,0.0
92,6,246.5,542.3452018978094,0.0
92,11,424.78393949442795,290.78393949442795,0.0
92,9,625.0265801815467,781.0265801815467,0.0
92,14,200.5313668963305,436.5313668963305,0.9200000000000006
92,3,387.17733777663005,202.17733777663003,0.0
92,7,467.41997846374977,253.41997846374983,0.0
92,25,189.6168259580523,415.3831740419477,0.9100000000000006
92,4,476.1270852449358,261.1270852449358,0.0
92,13,727.1449926937069,441.14499269370685,0.0
92,15,672.8226622233714,221.17733777662866,0.0
92,2,316.5621530432911,471.5621530432911,1.1450000000000007
92,10,194.409398972752,343.590601027248,0.2800000000000001
92,18,236.31947340036047,284.6805265996395,0.0
92,21,642.1629976742782,603.1629976742782,0.0
93,5,667.0379020456636,225.96209795433643,0.0
93,16,500.5318053912515,708.5318053912516,0.0
93,20,245.97148096355676,540.9714809635567,0.0
93,12,179.5,260.48048327204896,0.0
93,24,164.72884027643832,539.7288402764383,0.0
93,8,412.5,532.6454846790532,0.0
93,17,473.76108782756177,555.7610878275618,0.0
93,1,185.94919434201412,398.94919434201415,0.6800000000000004
93,19,195.31325349250514,421.68674650749483,0.6400000000000003
93,22,271.04933431661476,761.0493343166148,0.0
93,23,469.6577724645725,247.3422275354275,0.0
93,6,246.1430538388109,541.1430538388109,0.0
93,11,423.8293453398261,289.8293453398261,0.0
93,9,624.0719860269448,780.9280139730552,0.0
93,14,201.15558667735732,435.15558667735735,0.9300000000000006
93,3,386.2227436220282,201.2227436220282,0.0
93,7,466.4653843091479,252.465384309148,0.0
93,25,190.01816506904507,414.0181650690451,0.9100000000000006
93,4,475.172491090334,260.17249109033395,0.0
93,13,727.5,442.3479438526987,0.0
93,15,673.7772563779732,220.2227436220268,0.0
93,2,317.5,470.20329884824866,1.1600000000000008
93,10,193.34376382722843,344.65623617277157,0.2800000000000001
93,18,235.30891039679378,285.5,0.0
93,21,643.1175918288801,604.1175918288801,0.0
94,5,667.9924962002655,225.00750379973456,0.0
94,16,501.48639954585343,709.4863995458534,0.0
94,20,245.5,539.8167747730627,0.0
94,12,179.23871221590394,259.23871221590394,0.0
94,24,165.22575387816354,538.7742461218364,0.0
94,8,412.5,533.9954846790532,0.0
94,17,472.80649367295996,556.19350632704,0.0
94,1,184.7021565131062,397.7021565131062,0.6800000000000004
94,19,194.4354056859686,420.5,0.6500000000000004
94,22,272.0039284712166,762.0039284712167,0.0
94,23,468.41028509115716,247.41028509115716,0.0
94,6,245.5,540.0594154601825,0.0
94,11,422.8747511852242,288.8747511852242,0.0
94,9,623.117391872343,781.882608127657,0.0
94,14,199.774389003798,433.77438900379803,0.9400000000000006
94,3,385.2681494674263,200.26814946742635,0.0
94,7,465.51079015454616,251.51079015454607,0.0
94,25,190.34684390385755,412.6531560961424,0.9100000000000006
94,4,474.21789693573214,259.21789693573214,0.0
94,13,728.347074221724,443.347074221724,0.0
94,15,674.7318505325751,219.26814946742493,0.0
94,2,316.7415262605527,468.7415262605527,1.1750000000000007
94,10,192.27812868170486,345.72187131829514,0.2800000000000001
94,18,234.11739187234335,285.8826081276567,0.0
94,21,644.072185983482,605.072185983482,0.0
95,5,668.9470903548673,224.0529096451327,0.0
95,16,502.44099370045524,710.4409937004552,0.0
95,20,246.2306005644604,538.7693994355396,0.0
95,12,178.2841180613021,258.2841180613021,0.0
95,24,164.8196519672346,537.8196519672346,0.0
95,8,413.0978479499479,535.0978479499479,0.0
95,17,471.8518995183581,557.1481004816419,0.0
95,1,184.5,396.02231467212295,0.6800000000000004
95,19,192.92415717211335,419.9241571721133,0.6600000000000004
95,22,272.9585226258185,762.9585226258185,0.0
95,23,467.4373375215405,246.49999999999997,0.0
95,6,246.05902768920618,538.9409723107939,0.0
95,11,421.92015703062236,287.92015703062236,0.0
95,9,622.1627977177411,782.8372022822589,0.0
95,14,198.38775254316513,432.38775254316516,0.9500000000000006
95,3,384.3135553128245,199.3135553128245,0.0
95,7,464.55619599994424,250.5561959999443,0.0
95,25,189.2881471232398,411.2881471232398,0.9100000000000006
95,4,473.2633027811303,258.2633027811303,0.0
95,13,729.3016683763259,444.30166837632584,0.0
95,15,675.686444687177,218.31355531282307,0.0
95,2,315.5017113132416,467.5017113132416,1.1900000000000008
95,10,191.21249353618128,346.7875064638187,0.2800000000000001
95,18,233.02312395916684,286.5,0.0
95,21,645.0267801380838,606.0267801380838,0.0
96,5,669.9016845094692,223.09831549053084,0.0
96,16,502.31151892612945,711.6884810738705,0.0
96,20,246.5,537.5309883354358,0.0
96,12,177.32952390670025,257.3295239067003,0.0
96,24,164.5,536.6020561473024,0.0
96,8,413.5,536.2812711166802,0.0
96,17,470.64766107145454,557.5,0.0
96,1,183.62229441766343,394.6222944176634,0.6800000000000004
96,19,192.38911736547544,418.38911736547544,0.6700000000000004
96,22,273.91311678042035,763.9131167804204,0.0
96,23,466.08733752154046,246.49999999999997,0.0
96,6,245.98637815619202,537.986378156192,0.0
96,11,420.9655628760205,286.9655628760205,0.0
96,9,621.2082035631393,783.7917964368607,0.0
96,14,196.99565587896967,430.99565587896967,0.9600000000000006
96,3,383.35896115822266,198.35896115822266,0.0
96,7,463.60160184534243,249.60160184534243,0.0
96,25,188.5,409.6841941485912,0.9100000000000006
96,4,472.3087086265284,257.30870862652847,0.0
96,13,729.5491557497412,445.54915574974115,0.0
96,15,676.6410388417788,217.3589611582212,0.0
96,2,314.9847693249217,465.9847693249217,1.2050000000000007
96,10,190.00058234662987,347.5,0.2800000000000001
96,18,231.91531034432617,287.0846896556738,0.0
96,21,645.9813742926857,606.9813742926857,0.0
97,5,670.856278664071,222.14372133592897,0.0
97,16,501.6430752284724,712.6430752284724,0.0
97,20,246.27442468870908,536.274424688709,0.0
97,12,176.5,256.32312395916824,0.0
97,24,163.61757043921745,535.6175704392175,0.0
97,8,414.299929477965,537.2999294779651,0.0
97,17,469.6498179903409,558.3501820096591,0.0
97,1,182.37525658875546,393.37525658875546,0.6800000000000004
97,19,191.1420795365675,417.1420795365675,0.6800000000000004
97,22,274.8677109350222,764.8677109350223,0.0
97,23,464.96071618972474,247.03928381027526,0.0
97,6,245.96821599840982,537.0317840015902,0.0
97,11,420.01096872141864,286.01096872141864,0.0
97,9,620.2536094085374,784.7463905914626,0.0
97,14,197.40192248960986,429.59807751039017,0.9700000000000006
97,3,382.4043670036208,197.40436700362082,0.0
97,7,462.64700769074057,248.64700769074062,0.0
97,25,189.02765726019237,407.97234273980763,0.9100000000000006
97,4,471.3541144719266,256.3541144719266,0.0
97,13,730.5,446.5053031655795,0.0
97,15,677.5956329963807,216.40436700361934,0.0
97,2,313.7762916827148,464.7762916827148,1.2200000000000006
97,10,188.78833002632066,346.7883300263207,0.2800000000000001
97,18,230.96071618972437,288.03928381027566,0.0
97,21,647.1165524909208,607.5,0.0
98,5,671.8108728186729,221.1891271813271,0.0
98,16,502.5,713.6381253661722,0.0
98,20,245.3198305341072,535.3198305341072,0.0
98,12,176.12744237868316,255.12744237868316,0.0
98,24,162.66297628461564,534.6629762846156,0.0
98,8,414.5474168513803,538.5474168513804,0.0
98,17,468.69522383573906,559.3047761642609,0.0
98,1,181.12821875984753,392.1282187598475,0.6800000000000004
98,19,189.89504170765957,415.8950417076596,0.6800000000000004
98,22,275.8223050896241,765.8223050896241,0.0
98,23,464.00612203512287,247.00612203512284,0.0
98,6,246.07718984698832,536.0771898469883,0.0
98,11,419.05637456681677,285.05637456681677,0.0
98,9,619.2990152539355,785.7009847460645,0.0
98,14,198.19499585194066,428.1949958519407,0.9800000000000006
98,3,381.449772849019,196.44977284901896,0.0
98,7,461.69241353613876,247.69241353613873,0.0
98,25,188.607333766905,406.607333766905,0.9100000000000006
98,4,470.3995203173248,255.39952031732474,0.0
98,13,730.5,447.8553031655795,0.0
98,15,678.5502271509826,215.44977284901748,0.0
98,2,313.2903016656877,463.2903016656877,1.2350000000000008
98,10,187.42980166198365,346.5701983380164,0.2800000000000001
98,18,230.00612203512253,288.99387796487747,0.0
98,21,648.1834558207028,608.1834558207028,0.0
99,5,672.7654669732748,220.23453302672525,0.0
99,16,502.5,714.9881253661722,0.0
99,20,244.36523637950535,534.3652363795053,0.0
99,12,175.82715177591868,254.17284822408132,0.0
99,24,163.2916178699862,533.7083821300138,0.0
99,8,415.502843991934,539.5,0.0
99,17,467.7406296811372,558.7406296811372,0.0
99,1,180.5,390.62485767987965,0.6800000000000004
99,19,190.35199612124836,414.64800387875164,0.6800000000000004
99,22,276.77689924422594,766.776899244226,0.0
99,23,462.86576464628666,246.49999999999997,0.0
99,6,245.12259569238648,535.1225956923864,0.0
99,11,418.1017804122149,284.1017804122149,0.0
99,9,618.3444210993337,786.6555789006663,0.0
99,14,196.7863892331374,426.7863892331374,0.9900000000000007
99,3,380.5048213055829,195.49517869441712,0.0
99,7,460.73781938153695,246.7378193815369,0.0
99,25,187.24232479400237,405.24232479400234,0.9100000000000006
99,4,469.44492616272294,254.44492616272294,0.0
99,13,730.9987246511736,448.99872465117363,0.0
99,15,679.5048213055844,214.4951786944156,0.0
99,2,312.1124000226958,462.1124000226958,1.2500000000000009
99,10,186.36416651646005,347.63583348353995,0.2800000000000001
99,18,229.0515278805207,289.9484721194793,0.0
99,21,649.1380499753046,609.1380499753046,0.0
100,5,673.7200611278766,219.27993887212338,0.0
100,16,503.09264412990484,716.0926441299048,0.0
100,20,243.5,533.3736290225551,0.0
100,12,176.21825406947949,253.21825406947949,0.0
100,24,162.75378797541194,532.7537879754119,0.0
100,8,416.7494983793975,539.7494983793974,0.0
100,17,466.78603552653533,559.2139644734647,0.0
100,1,180.5,388.86127986944575,0.6800000000000004
100,19,189.5990339501563,413.4009660498437,0.6800000000000004
100,22,277.7314933988278,767.7314933988279,0.0
100,23,461.8040405071058,247.19595949289422,0.0
100,6,244.16800153778462,534.1680015377846,0.0
100,11,417.14718625761304,283.14718625761304,0.0
100,9,617.3898269447318,787.6101730552682,0.0
100,14,195.32762794354957,425.32762794354954,1.0000000000000007
100,3,381.45941546018474,194.54058453981528,0.0
100,7,459.7832252269351,245.78322522693506,0.0
100,25,185.87731582109973,403.8773158210997,0.9100000000000006
100,4,468.4903320081211,253.4903320081211,0.0
100,13,731.0466811942246,449.95331880577544,0.0
100,15,680.4594154601863,213.54058453981375,0.0
100,2,311.5,460.72149279517345,1.2650000000000008
100,10,185.29853137093647,348.7014686290635,0.2800000000000001
100,18,227.92997820865926,290.5,0.0
100,21,650.0926441299065,610.0926441299065,0.0
101,5,674.6746552824785,218.32534471752152,0.0
101,16,503.50000000000006,717.273911803799,0.0
101,20,243.5,532.023629022555,0.0
101,12,175.26365991487765,252.26365991487765,0.0
101,24,161.79919382081007,531.79919382081,0.0
101,8,417.5,540.788630429561,0.0
101,17,465.5545153209468,559.5,0.0
101,1,180.5,387.09770205901185,0.6800000000000004
101,19,190.15392822093577,412.15392822093577,0.6800000000000004
101,22,278.6860875534297,768.6860875534297,0.0
101,23,460.84944635250395,246.84944635250392,0.0
101,6,243.5,533.094696834421,0.0
101,11,416.1925921030112,282.1925921030112,0.0
101,9,616.4352327901299,788.5647672098701,0.0
101,14,193.88139063859168,423.88139063859165,1.0100000000000007
101,3,382.41400961478655,193.58599038521342,0.0
101,7,458.8286310723332,244.82863107233322,0.0
101,25,185.21941362938364,402.2194136293836,0.9100000000000006
101,4,467.5357378535192,252.53573785351927,0.0
101,13,730.5,451.0768760408333,0.0
101,15,681.4140096147881,212.5859903852119,0.0
101,2,310.5085682223584,459.5085682223584,1.2800000000000007
101,10,184.2328962254129,349.7671037745871,0.2800000000000001
101,18,226.84944635250358,291.15055364749645,0.0
101,21,651.0472382845084,611.0472382845084,0.0
102,5,675.6292494370804,217.37075056291965,0.0
102,16,503.5876188767354,718.5876188767354,0.0
102,20,242.91566747807292,530.9156674780729,0.0
102,12,174.30906576027581,251.30906576027581,0.0
102,24,161.5,530.5731239591678,0.0
102,8,417.9515799074146,541.9515799074146,0.0
102,17,464.5839539985182,560.4160460014818,0.0
102,1,179.6756013501485,385.6756013501485,0.6800000000000004
102,19,188.90689039202783,410.90689039202783,0.6800000000000004
102,22,279.64068170803154,769.6406817080316,0.0
102,23,459.8948521979021,245.89485219790208,0.0
102,6,243.5,531.744696834421,0.0
102,11,415.2379979484093,281.2379979484093,0.0
102,9,615.5,789.5273811042222,0.0
102,14,194.55244607275353,422.4475539272465,1.0200000000000007
102,3,383.3686037693884,192.63139623061159,0.0
102,7,457.87403691773136,243.87403691773142,0.0
102,25,185.145595343519,400.854404656481,0.9100000000000006
102,4,466.58114369891734,251.58114369891743,0.0
102,13,731.1554003337926,452.15540033379256,0.0
102,15,682.36860376939,211.63139623061002,0.0
102,2,309.3751814374511,460.6248185625489,1.2950000000000008
102,10,183.16726107988933,350.83273892011067,0.2800000000000001
102,18,225.64419177103235,291.5,0.0
102,21,652.0018324391102,612.0018324391102,0.0
103,5,676.5838435916822,216.4161564083178,0.0
103,16,504.5422130313372,719.5422130313373,0.0
103,20,241.96107332347108,529.961073323471,0.0
103,12,173.5,250.29419177103375,0.0
103,24,162.4028877072071,529.5971122927929,0.0
103,8,418.0938259379835,542.9061740620165,0.0
103,17,463.62935984391635,561.3706401560837,0.0
103,1,178.5,384.3989735628902,0.6800000000000004
103,19,188.5,409.31185210037114,0.6800000000000004
103,22,280.5952758626334,770.5952758626335,0.0
103,23,458.9402580433003,244.94025804330025,0.0
103,6,242.71843263635213,530.7184326363522,0.0
103,11,414.28340379380745,280.28340379380745,0.0
103,9,615.2331512621129,790.7668487378871,0.0
103,14,195.0259968261842,421.0259968261842,1.0300000000000007
103,3,384.3231979239903,191.67680207600975,0.0
103,7,456.91944276312955,242.91944276312955,0.0
103,25,186.48939568357835,399.4893956835784,0.9100000000000006
103,4,465.62654954431554,250.62654954431554,0.0
103,13,732.3626624784603,452.5,0.0
103,15,683.3231979239919,210.67680207600816,0.0
103,2,308.5,461.84465823738026,1.310000000000001
103,10,181.93661399348233,351.5,0.2800000000000001
103,18,224.64736482448643,292.35263517551357,0.0
103,21,652.9564265937121,612.9564265937121,0.0
104,5,677.5384377462841,215.46156225371593,0.0
104,16,505.4968071859391,720.4968071859391,0.0
104,20,241.00647916886922,529.0064791688692,0.0
104,12,173.10698423225867,249.1069842322587,0.0
104,24,162.3496249193776,528.3496249193776,0.0
104,8,417.5,544.0102033048148,0.0
104,17,462.6747656893145,560.6747656893145,0.0
104,1,177.88863247351915,382.8886324735192,0.6800000000000004
104,19,189.17297170341496,407.827028296585,0.6800000000000004
104,22,281.54987001723526,771.5498700172353,0.0
104,23,457.9856638886984,245.01433611130156,0.0
104,6,241.76383848175033,529.7638384817503,0.0
104,11,413.3288096392056,279.3288096392056,0.0
104,9,614.721442892489,791.721442892489,0.0
104,14,193.32370747115883,420.3237074711588,1.0400000000000007
104,3,384.5,190.40003589374868,0.0
104,7,455.9648486085277,241.96484860852772,0.0
104,25,185.12438671067574,398.1243867106757,0.9100000000000006
104,4,464.6719553897137,249.6719553897137,0.0
104,13,733.3574818618098,453.35748186180973,0.0
104,15,684.2777920785937,209.7222079214063,0.0
104,2,307.85883512667016,463.14116487332984,1.3250000000000008
104,10,180.7430975700287,350.7430975700287,0.2800000000000001
104,18,223.6927706698846,293.30722933011543,0.0
104,21,653.911020748314,613.911020748314,0.0
105,5,678.493031900886,214.50696809911406,0.0
105,16,506.45140134054094,721.451401340541,0.0
105,20,239.86626970967427,528.5,0.0
105,12,172.15239007765683,248.15239007765686,0.0
105,24,161.39503076477573,527.3950307647757,0.0
105,8,418.10825559003365,545.1082555900337,0.0
105,17,461.7201715347127,561.2798284652873,0.0
105,1,177.34870142579777,381.3487014257978,0.6800000000000004
105,19,188.57999046767708,406.5799904676771,0.6800000000000004
105,22,282.5044641718371,772.5044641718372,0.0
105,23,457.03106973409655,245.03106973409658,0.0
105,6,240.8092443271485,528.8092443271485,0.0
105,11,412.3742154846037,278.3742154846037,0.0
105,9,615.3239629529091,792.6760370470909,0.0
105,14,192.5,418.6887447693624,1.0500000000000007
105,3,384.5,189.05003589374869,0.0
105,7,455.0102544539259,241.01025445392585,0.0
105,25,184.5,396.45260195216326,0.9100000000000006
105,4,463.7173612351118,248.71736123511187,0.0
105,13,733.5,454.6484489160872,0.0
105,15,685.2323862331956,208.76761376680443,0.0
105,2,306.76844246733333,462.76844246733333,1.3400000000000007
105,10,179.33675620517366,350.5,0.2800000000000001
105,18,222.73817651528273,292.73817651528276,0.0
105,21,654.8656149029158,614.8656149029158,0.0
106,5,679.4476260554878,213.5523739445122,0.0
106,16,507.4059954951428,722.4059954951429,0.0
106,20,238.80439764085207,527.804397640852,0.0
106,12,171.80220407694497,247.197795923055,0.0
106,24,160.55956338982614,526.4404366101738,0.0
106,8,419.0628497446355,546.0628497446355,0.0
106,17,460.46136957043916,561.5,0.0
106,1,176.5,379.9366672563347,0.6800000000000004
106,19,187.33295263876914,405.33295263876914,0.6800000000000004
106,22,283.459058326439,773.459058326439,0.0
106,23,456.07647557949474,244.92352442050526,0.0
106,6,239.58733752154032,528.5,0.0
106,11,411.41962133000186,277.41962133000186,0.0
106,9,614.3693687983073,793.6306312016927,0.0
106,14,191.24804158206072,417.2480415820607,1.0600000000000007
106,3,384.5,187.7000358937487,0.0
106,7,454.055660299324,240.05566029932402,0.0
106,25,183.80858232724356,394.8085823272435,0.9100000000000006
106,4,462.76276708051,247.76276708051,0.0
106,13,733.8524566086403,455.85245660864035,0.0
106,15,686.1869803877975,207.81301961220257,0.0
106,2,305.69206089966167,461.69206089966167,1.3550000000000009
106,10,178.02604084135464,350.02604084135464,0.2800000000000001
106,18,221.49068914186745,292.50931085813255,0.0
106,21,655.8202090575177,615.8202090575177,0.0
107,5,680.4022202100897,212.59777978991033,0.0
107,16,507.3465171314419,723.6534828685582,0.0
107,20,238.5,526.5804832720473,0.0
107,12,172.2432017684532,246.24320176845316,0.0
107,24,161.5,525.47997820866,0.0
107,8,419.5,547.2317761800687,0.0
107,17,459.2251967878821,561.225196787882,0.0
107,1,175.56173254916845,378.5617325491685,0.6800000000000004
107,19,186.0859148098612,404.0859148098612,0.6800000000000004
107,22,282.58634751895914,774.4136524810409,0.0
107,23,454.96525958289834,245.49999999999997,0.0
107,6,238.60716279913134,527.6071627991314,0.0
107,11,410.4650271754,276.4650271754,0.0
107,9,613.5,794.6205268547299,0.0
107,14,189.86262045779176,415.86262045779176,1.0600000000000007
107,3,383.6868525823486,186.68685258234856,0.0
107,7,453.10106614472215,239.10106614472218,0.0
107,25,182.4435733543409,393.4435733543409,0.9100000000000006
107,4,461.8081729259082,246.80817292590814,0.0
107,13,734.8070507632422,456.80705076324216,0.0
107,15,687.1415745423993,206.8584254576007,0.0
107,2,304.62953616997146,462.37046383002854,1.370000000000001
107,10,176.96040569583107,348.96040569583107,0.2800000000000001
107,18,220.5360949872656,293.4639050127344,0.0
107,21,656.7748032121195,616.7748032121195,0.0
108,5,681.3568143646916,211.64318563530847,0.0
108,16,506.60807702316,724.60807702316,0.0
108,20,238.69057710597855,525.3094228940215,0.0
108,12,171.28860761385135,245.28860761385133,0.0
108,24,161.2383550821567,524.2383550821567,0.0
108,8,418.73506872734737,548.2649312726527,0.0
108,17,458.1755831328122,560.5,0.0
108,1,175.02180150144707,377.0218015014471,0.6800000000000004
108,19,185.5,402.56503086006705,0.6800000000000004
108,22,281.6317533643573,775.3682466356428,0.0
108,23,453.87439405147757,244.8743940514776,0.0
108,6,238.5,526.3015510839134,0.0
108,11,409.51043302079813,275.51043302079813,0.0
108,9,613.1672872702901,795.8327127297099,0.0
108,14,190.47719933352283,414.47719933352283,1.0600000000000007
108,3,384.26774157225327,185.73225842774673,0.0
108,7,452.14647199012035,238.14647199012032,0.0
108,25,181.07856438143827,392.0785643814383,0.9100000000000006
108,4,460.85357877130633,245.8535787713063,0.0
108,13,735.5,457.870021791341,0.0
108,15,688.0961686970012,205.90383130299884,0.0
108,2,303.28782416529293,462.71217583470707,1.385000000000001
108,10,175.8947705503075,347.8947705503075,0.2800000000000001
108,18,219.58150083266375,294.4184991673362,0.0
108,21,657.7293973667214,617.7293973667214,0.0
109,5,682.3114085192934,210.6885914807066,0.0
109,16,507.43732882223816,725.5626711777619,0.0
109,20,239.35482873941964,524.3548287394196,0.0
109,12,170.6659865407505,244.3340134592495,0.0
109,24,160.5,523.194191771033,0.0
109,8,419.2195254272545,549.2195254272546,0.0
109,17,457.02311525986494,560.976884740135,0.0
109,1,173.77476367253914,375.77476367253917,0.6800000000000004
109,19,184.70105406676814,401.2989459332319,0.6800000000000004
109,22,280.6771592097554,776.3228407902446,0.0
109,23,452.91979989687576,243.91979989687573,0.0
109,6,238.11218805230075,525.1121880523008,0.0
109,11,408.55583886619627,274.55583886619627,0.0
109,9,612.5,796.9063132923568,0.0
109,14,189.9082217907461,413.0917782092539,1.0600000000000007
109,3,384.5,184.47846301849486,0.0
109,7,451.1918778355185,237.19187783551848,0.0
109,25,179.71355540853565,390.7135554085356,0.9100000000000006
109,4,459.89898461670447,244.89898461670447,0.0
109,13,735.5,459.220021791341,0.0
109,15,689.050762851603,204.94923714839697,0.0
109,2,302.2525636800537,463.7474363199463,1.4000000000000008
109,10,174.82913540478393,346.8291354047839,0.2800000000000001
109,18,218.6269066780619,295.3730933219381,0.0
109,21,658.6839915213233,618.6839915213233,0.0
110,5,683.2660026738953,209.73399732610474,0.0
110,16,506.5172653323637,726.5172653323638,0.0
110,20,238.4002345848178,523.4002345848178,0.0
110,12,171.5,243.32947314527232,0.0
110,24,160.03627355413954,522.0362735541395,0.0
110,8,420.17411958185636,550.1741195818564,0.0
110,17,456.06852110526313,561.9314788947369,0.0
110,1,172.5277258436312,374.52772584363123,0.6800000000000004
110,19,185.05190810432393,400.05190810432396,0.6800000000000004
110,22,279.72256505515355,777.2774349448465,0.0
110,23,451.9652057422739,242.9652057422739,0.0
110,6,237.8424061023011,524.1575938976989,0.0
110,11,407.6012447115944,273.6012447115944,0.0
110,9,613.0347942577271,798.0347942577271,0.0
110,14,189.70635708498497,411.706357084985,1.0600000000000007
110,3,384.5,183.12846301849487,0.0
110,7,450.12846301849555,236.5,0.0
110,25,180.5,389.28581231520246,0.9100000000000006
110,4,458.9443904621026,243.94439046210263,0.0
110,13,736.2566196646746,460.2566196646746,0.0
110,15,690.0053570062049,203.9946429937951,0.0
110,2,301.23071699925566,464.76928300074434,1.415000000000001
110,10,175.23649974073965,345.76350025926035,0.2800000000000001
110,18,217.67231252346008,294.67231252346005,0.0
110,21,659.6385856759251,619.6385856759251,0.0
111,5,684.5134900473106,209.48650995268943,0.0
111,16,507.47185948696557,727.4718594869656,0.0
111,20,237.50000000000003,522.4231239591667,0.0
111,12,171.13193193123234,242.13193193123234,0.0
111,24,159.08167939953768,521.0816793995376,0.0
111,8,421.1287137364582,551.1287137364583,0.0
111,17,455.11392695066127,562.1139269506613,0.0
111,1,173.28068801472327,373.2806880147233,0.6800000000000004
111,19,185.195129724584,398.804870275416,0.6800000000000004
111,22,278.7679709005517,778.2320290994484,0.0
111,23,451.01061158767203,242.01061158767206,0.0
111,6,238.20299974309708,523.202999743097,0.0
111,11,406.64665055699254,272.64665055699254,0.0
111,9,613.0106115876711,798.9893884123289,0.0
111,14,188.67906403928396,410.32093596071604,1.0600000000000007
111,3,384.5,181.77846301849488,0.0
111,7,448.77846301849553,236.5,0.0
111,25,180.5,387.3553981129626,0.9100000000000006
111,4,457.98979630750074,242.9897963075008,0.0
111,13,736.5,461.5058082289679,0.0
111,15,690.9599511608068,203.04004883919325,0.0
111,2,300.1070504014078,465.5,1.430000000000001
111,10,174.69786511373678,344.6978651137368,0.2800000000000001
111,18,216.71771836885821,293.71771836885824,0.0
111,21,660.593179830527,620.593179830527,0.0
112,5,685.4680842019125,208.53191579808757,0.0
112,16,508.8102033048146,727.5,0.0
112,20,237.50000000000003,521.0731239591667,0.0
112,12,170.1773377766305,241.1773377766305,0.0
112,24,158.1270852449358,520.1270852449358,0.0
112,8,421.5,552.3249219305765,0.0
112,17,454.1593327960594,561.8406672039406,0.0
112,1,172.96634981418467,372.03365018581536,0.6800000000000004
112,19,184.55783244650806,397.5578324465081,0.6800000000000004
112,22,277.8133767459498,779.1866232540502,0.0
112,23,450.0560174330702,241.0560174330702,0.0
112,6,237.50000000000003,522.1441917710326,0.0
112,11,405.6920564023907,271.6920564023907,0.0
112,9,612.0560174330692,799.9439825669308,0.0
112,14,188.9355148364471,408.9355148364471,1.0600000000000007
112,3,384.5,180.42846301849488,0.0
112,7,447.44941571527255,236.44941571527258,0.0
112,25,179.73984883338738,385.7398488333874,0.9100000000000006
112,4,457.03520215289893,242.03520215289893,0.0
112,13,736.7515944115052,462.7515944115052,0.0
112,15,691.9145453154086,202.08545468459138,0.0
112,2,298.93380898931275,464.93380898931275,1.445000000000001
112,10,173.6322299682132,343.6322299682132,0.2800000000000001
112,18,215.76312421425638,294.2368757857436,0.0
112,21,661.5477739851289,621.5477739851289,0.0
113,5,686.4226783565143,207.5773216434857,0.0
113,16,509.9668342337962,727.9668342337962,0.0
113,20,237.50000000000003,519.7231239591666,0.0
113,12,169.22274362202867,240.22274362202867,0.0
113,24,157.5,519.0368324581523,0.0
113,8,422.3307952644754,553.3307952644755,0.0
113,17,453.5,562.9175626176955,0.0
113,1,172.7866123569074,370.7866123569074,0.6800000000000004
113,19,184.5,395.818209619763,0.6800000000000004
113,22,276.85878259134796,780.1412174086521,0.0
113,23,449.10142327846836,240.10142327846836,0.0
113,6,237.50000000000003,520.7941917710326,0.0
113,11,404.7374622477888,270.7374622477888,0.0
113,9,611.5,801.0636726052377,0.0
113,14,189.44990628782182,407.5500937121782,1.0600000000000007
113,3,384.5,179.0784630184949,0.0
113,7,446.49482156067074,235.49482156067072,0.0
113,25,178.5,384.322996833229,0.9100000000000006
113,4,456.08060799829707,241.0806079982971,0.0
113,13,737.706188566107,463.706188566107,0.0
113,15,692.8691394700105,201.13086052998952,0.0
113,2,297.95136674622853,465.04863325377147,1.4600000000000009
113,10,174.43340517731036,342.56659482268964,0.2800000000000001
113,18,214.80853005965454,295.1914699403455,0.0
113,21,662.5023681397307,622.5023681397307,0.0
114,5,687.3772725111162,206.62272748888384,0.0
114,16,510.07857161160194,728.921428388398,0.0
114,20,237.50000000000003,518.3731239591666,0.0
114,12,168.26814946742684,239.26814946742684,0.0
114,24,156.92500371691867,517.9250037169187,0.0
114,8,422.5,554.6107083682034,0.0
114,17,452.9572512680422,564.0427487319578,0.0
114,1,172.24668130918602,369.24668130918604,0.6800000000000004
114,19,183.4779703510653,394.47797035106527,0.6800000000000004
114,22,275.9041884367461,781.095811563254,0.0
114,23,448.1468291238665,239.14682912386652,0.0
114,6,237.50000000000003,519.4441917710326,0.0
114,11,403.4899748743735,270.5100251256265,0.0
114,9,610.853935905052,802.146064094948,0.0
114,14,188.16467258790925,406.16467258790925,1.0600000000000007
114,3,384.5,177.7284630184949,0.0
114,7,445.5402274060689,234.54022740606888,0.0
114,25,179.28306233123135,382.71693766876865,0.9100000000000006
114,4,455.12601384369526,240.12601384369523,0.0
114,13,738.5,464.7273811042217,0.0
114,15,693.8237336246124,200.17626637538766,0.0
114,2,296.9817898628972,466.0182101371028,1.475000000000001
114,10,173.50095967716607,341.50095967716607,0.2800000000000001
114,18,213.85393590505268,296.1460640949473,0.0
114,21,663.4569622943326,623.4569622943326,0.0
115,5,688.331866665718,205.66813333428198,0.0
115,16,509.49999999999994,730.0317761800684,0.0
115,20,237.16279771774134,517.1627977177413,0.0
115,12,167.5,238.23632739476471,0.0
115,24,156.5,516.7510460205253,0.0
115,8,422.825770011306,555.825770011306,0.0
115,17,451.7966509446776,564.5,0.0
115,1,171.5,367.79238902378745,0.6800000000000004
115,19,182.23093252215733,393.23093252215733,0.6800000000000004
115,22,274.94959428214423,782.0504057178558,0.0
115,23,447.1922349692647,238.19223496926466,0.0
115,6,237.50000000000003,518.0941917710326,0.0
115,11,402.53538071977164,271.46461928022836,0.0
115,9,609.6505409571354,802.5,0.0
115,14,186.77925146364032,404.7792514636403,1.0600000000000007
115,3,384.4140603762128,176.4140603762128,0.0
115,7,444.585633251467,233.58563325146704,0.0
115,25,178.5,381.29059555349545,0.9100000000000006
115,4,454.1714196890934,239.1714196890934,0.0
115,13,738.0917299058758,465.90827009412413,0.0
115,15,694.5,199.1063850798501,0.0
115,2,296.0249481648122,466.9750518351878,1.490000000000001
115,10,172.4353245316425,340.4353245316425,0.2800000000000001
115,18,212.89934175045084,297.10065824954916,0.0
115,21,664.4115564489344,624.4115564489344,0.0
116,5,689.2864608203199,204.7135391796801,0.0
116,16,510.1235099164151,731.1235099164151,0.0
116,20,236.5,516.0873375215398,0.0
116,12,167.06606793940972,237.06606793940972,0.0
116,24,155.72292218890152,515.7229221889015,0.0
116,8,423.2196358340922,556.7803641659078,0.0
116,17,450.7551697400251,565.244830259975,0.0
116,1,170.45971243255667,366.45971243255667,0.6800000000000004
116,19,180.9838946932494,391.9838946932494,0.6800000000000004
116,22,273.99500012754237,783.0049998724577,0.0
116,23,446.2376408146628,237.23764081466283,0.0
116,6,236.96556287602056,516.9655628760205,0.0
116,11,401.5807865651698,270.5807865651698,0.0
116,9,608.6518543770349,803.3481456229651,0.0
116,14,185.5,403.34985342602647,1.0600000000000007
116,3,383.45946622161097,175.45946622161094,0.0
116,7,443.6310390968652,232.63103909686518,0.0
116,25,177.69402650414992,379.6940265041499,0.9100000000000006
116,4,453.21682553449153,238.21682553449156,0.0
116,13,737.862864248726,466.862864248726,0.0
116,15,695.0258151526294,197.9741848473705,0.0
116,2,295.08071408536966,467.91928591463034,1.505000000000001
116,10,171.5,339.3157129625282,0.2800000000000001
116,18,211.944747595849,298.055252404151,0.0
116,21,665.3661506035363,625.3661506035363,0.0
117,5,690.2410549749218,203.75894502507825,0.0
117,16,510.5,732.3175626176952,0.0
117,20,235.96071618972422,514.9607161897243,0.0
117,12,166.5,235.9505409571378,0.0
117,24,155.52456518451376,514.4754348154862,0.0
117,8,422.7349583205097,557.7349583205097,0.0
117,17,449.80057558542325,566.1994244145768,0.0
117,1,169.21267460364874,365.21267460364874,0.6800000000000004
117,19,179.73685686434146,390.73685686434146,0.6800000000000004
117,22,273.0404059729405,783.9595940270596,0.0
117,23,445.28304666006096,236.283046660061,0.0
117,6,236.5,515.8084053334056,0.0
117,11,400.6261924105679,269.6261924105679,0.0
117,9,608.5956329963805,804.5956329963805,0.0
117,14,184.71551599628899,401.715515996289,1.0600000000000007
117,3,382.5048720670091,174.5048720670091,0.0
117,7,442.67644494226334,231.67644494226334,0.0
117,25,176.32901753124727,378.3290175312473,0.9100000000000006
117,4,452.2622313798897,237.2622313798897,0.0
117,13,738.5,467.94895397947556,0.0
117,15,695.9804093072313,197.0195906927687,0.0
117,2,294.1489625882752,468.1489625882752,1.520000000000001
117,10,171.01116102178187,338.0111610217819,0.2800000000000001
117,18,210.77896808188248,298.5,0.0
117,21,666.3207447581382,626.3207447581382,0.0
118,5,691.1956491295236,202.80435087047638,0.0
118,16,509.67440855556777,733.3255914444322,0.0
118,20,235.49999999999997,513.801551083913,0.0
118,12,165.86398641139257,234.86398641139257,0.0
118,24,156.47915933911563,513.5208406608843,0.0
118,8,423.68955247511155,558.6895524751116,0.0
118,17,448.8459814308214,565.8459814308213,0.0
118,1,169.0343632252592,363.9656367747408,0.6800000000000004
118,19,180.5,389.48560194183204,0.6800000000000004
118,22,272.08581181833864,784.9141881816614,0.0
118,23,444.32845250545915,235.32845250545913,0.0
118,6,235.76348134800338,514.7634813480034,0.0
118,11,399.67159825596605,268.67159825596605,0.0
118,9,609.4497728490177,805.5502271509823,0.0
118,14,185.33009487202006,400.3300948720201,1.0600000000000007
118,3,381.55027791240724,173.55027791240727,0.0
118,7,441.7218507876615,230.7218507876615,0.0
118,25,174.96400855834466,376.96400855834463,0.9100000000000006
118,4,451.30763722528786,236.30763722528786,0.0
118,13,738.5,469.2989539794756,0.0
118,15,696.0649965381668,196.06499653816687,0.0
118,2,293.22957109299887,467.77042890700113,1.535000000000001
118,10,170.5,336.71585517421954,0.2800000000000001
118,18,209.74266606783186,297.74266606783186,0.0
118,21,667.27533891274,627.27533891274,0.0
119,5,692.1502432841255,201.84975671587452,0.0
119,16,510.280185599034,734.280185599034,0.0
119,20,234.75863466170713,512.7586346617071,0.0
119,12,164.90939225679074,233.90939225679074,0.0
119,24,156.27335328746906,512.273353287469,0.0
119,8,424.6441466297134,559.6441466297134,0.0
119,17,447.8913872762195,566.1086127237805,0.0
119,1,168.71859894583287,362.71859894583287,0.6800000000000004
119,19,180.5,387.72202413139814,0.6800000000000004
119,22,271.1312176637368,785.8687823362633,0.0
119,23,443.3216087690023,234.5,0.0
119,6,235.49999999999997,513.5226188957788,0.0
119,11,398.7170041013642,267.7170041013642,0.0
119,9,608.4951786944158,806.5048213055842,0.0
119,14,185.05532625224888,398.94467374775115,1.0600000000000007
119,3,380.59568375780543,172.5956837578054,0.0
119,7,440.7672566330597,229.76725663305965,0.0
119,25,173.59899958544202,375.598999585442,0.9100000000000006
119,4,450.353043070686,235.35304307068603,0.0
119,13,739.3124331501584,470.3124331501584,0.0
119,15,695.110402383565,195.110402383565,0.0
119,2,292.2488631114918,468.5,1.5500000000000012
119,10,169.58699751192125,335.58699751192125,0.2800000000000001
119,18,208.78807191323003,298.21192808677,0.0
119,21,668.2299330673419,628.2299330673419,0.0
120,5,693.1048374387274,200.89516256127266,0.0
120,16,511.23477975363585,735.2347797536358,0.0
120,20,233.80404050710527,513.1959594928948,0.0
120,12,163.9547981021889,232.9547981021889,0.0
120,24,155.3187591328672,511.3187591328672,0.0
120,8,425.5987407843153,560.5987407843153,0.0
120,17,446.70350519416985,566.5,0.0
120,1,167.52843888307507,361.47156111692493,0.6800000000000004
120,19,179.40995693999074,386.40995693999076,0.6800000000000004
120,22,270.1766235091349,786.8233764908651,0.0
120,23,442.12637097744204,234.126370977442,0.0
120,6,234.5613998199863,512.5613998199863,0.0
120,11,397.7624099467623,266.7624099467623,0.0
120,9,607.540584539814,807.459415460186,0.0
120,14,184.5592526234822,397.5592526234822,1.0600000000000007
120,3,379.64108960320357,171.64108960320357,0.0
120,7,439.8126624784578,228.8126624784578,0.0
120,25,172.76600938746063,374.2339906125394,0.9100000000000006
120,4,449.3984489160842,234.39844891608416,0.0
120,13,739.5599205235737,471.55992052357374,0.0
120,15,694.1558082289631,194.15580822896314,0.0
120,2,291.1344964186775,468.8655035813225,1.565000000000001
120,10,168.52136236639768,334.5213623663977,0.2800000000000001
120,18,207.55739520662866,298.5,0.0
120,21,669.1845272219438,629.1845272219438,0.0
121,5,694.0594315933292,199.9405684066708,0.0
121,16,512.1893739082377,736.1893739082377,0.0
121,20,232.84944635250343,512.8494463525034,0.0
121,12,163.00020394758707,232.99979605241293,0.0
121,24,154.36416497826536,510.3641649782654,0.0
121,8,426.55333493891715,561.5533349389171,0.0
121,17,445.68930574820234,567.3106942517976,0.0
121,1,168.224523288017,360.224523288017,0.6800000000000004
121,19,178.5,385.02329563527655,0.6800000000000004
121,22,269.22202935453305,787.777970645467,0.0
121,23,441.1717768228402,233.17177682284017,0.0
121,6,233.60680566538443,513.3931943346156,0.0
121,11,396.80781579216045,265.80781579216045,0.0
121,9,606.5859903852121,808.4140096147879,0.0
121,14,184.5,395.6245145201954,1.0600000000000007
121,3,378.6864954486017,170.68649544860173,0.0
121,7,438.85806832385595,227.85806832385597,0.0
121,25,172.86898163963676,372.86898163963673,0.9100000000000006
121,4,448.4438547614823,233.44385476148233,0.0
121,13,740.5145146781756,472.5145146781756,0.0
121,15,693.5,193.07745289171552,0.0
121,2,290.2514729450691,469.2514729450691,1.580000000000001
121,10,169.5,333.4373888353162,0.2800000000000001
121,18,206.58599038521288,299.4140096147871,0.0
121,21,670.1391213765456,630.1391213765456,0.0
122,5,694.5,198.7730578158669,0.0
122,16,513.4107083682028,736.5,0.0
122,20,232.50000000000003,511.6441917710321,0.0
122,12,161.8573952066302,233.5,0.0
122,24,153.59042917633644,509.40957082366356,0.0
122,8,427.5,562.5112134315918,0.0
122,17,444.73471159360054,568.2652884063995,0.0
122,1,167.5,358.7610528497349,0.6800000000000004
122,19,178.33009484454797,383.330094844548,0.6800000000000004
122,22,268.2674351999312,788.7325648000689,0.0
122,23,440.2171826682383,232.21718266823834,0.0
122,6,232.6522115107826,512.6522115107825,0.0
122,11,395.58531726798594,265.5,0.0
122,9,605.3385030117968,808.6614969882032,0.0
122,14,183.2026239373174,394.2026239373174,1.0600000000000007
122,3,377.7319012939999,169.73190129399987,0.0
122,7,437.90347416925414,226.9034741692541,0.0
122,25,173.49602733326589,371.5039726667341,0.9100000000000006
122,4,447.48926060688046,232.4892606068805,0.0
122,13,741.4691088327775,473.46910883277747,0.0
122,15,693.5,191.72745289171553,0.0
122,2,289.38034231651596,468.61965768348404,1.595000000000001
122,10,169.09719885653706,332.09719885653703,0.2800000000000001
122,18,205.63139623061105,298.631396230611,0.0
122,21,671.0937155311475,631.0937155311475,0.0
123,5,695.2615131213464,197.73848687865365,0.0
123,16,514.3914554362548,737.3914554362548,0.0
123,20,231.64736482448626,510.6473648244863,0.0
123,12,160.79812241956995,234.20187758043005,0.0
123,24,154.4549766690617,508.45497666906175,0.0
123,8,427.5,563.8612134315919,0.0
123,17,443.7801174389987,569.2198825610013,0.0
123,1,166.5,357.4116886016741,0.6800000000000004
123,19,177.91694298435996,382.08305701564007,0.6800000000000004
123,22,267.3128410453293,789.6871589546707,0.0
123,23,439.2625885136365,231.26258851363647,0.0
123,6,232.40472413736728,511.4047241373673,0.0
123,11,394.60573426414334,264.60573426414334,0.0
123,9,604.3839088571949,809.6160911428051,0.0
123,14,181.81720281304848,392.8172028130485,1.0600000000000007
123,3,376.4844139205846,169.4844139205846,0.0
123,7,436.9488800146523,225.94888001465227,0.0
123,25,172.5,369.9894175593074,0.9100000000000006
123,4,446.53466645227866,231.53466645227863,0.0
123,13,742.4237029873793,474.42370298737933,0.0
123,15,692.7062393275307,190.7062393275307,0.0
123,2,288.52099320990214,469.47900679009786,1.6100000000000012
123,10,168.03156371101346,331.03156371101346,0.2800000000000001
123,18,204.67680207600918,299.3231979239908,0.0
123,21,672.2754269939672,631.5,0.0
124,5,696.2161072759483,196.78389272405178,0.0
124,16,514.3610571903299,738.6389428096701,0.0
124,20,232.30722933011558,509.69277066988445,0.0
124,12,160.5,235.42839123099668,0.0
124,24,153.5003825144599,507.5003825144599,0.0
124,8,427.5,565.2112134315919,0.0
124,17,442.8255232843968,570.1744767156032,0.0
124,1,165.8976233636663,355.8976233636663,0.6800000000000004
124,19,178.5,380.560989328721,0.6800000000000004
124,22,266.35824689072746,790.6417531092726,0.0
124,23,438.30799435903464,230.30799435903464,0.0
124,6,231.54987001723458,510.4501299827655,0.0
124,11,393.29953083035906,264.5,0.0
124,9,603.429314702593,810.570685297407,0.0
124,14,181.13888846996608,391.1388884699661,1.0600000000000007
124,3,375.5298197659827,168.52981976598275,0.0
124,7,435.9942858600504,224.99428586005044,0.0
124,25,171.5,368.47321691944063,0.9100000000000006
124,4,445.5800722976768,230.5800722976768,0.0
124,13,742.6711903607946,475.67119036079464,0.0
124,15,692.4587519541154,189.45875195411543,0.0
124,2,287.38042314806864,469.61957685193136,1.625000000000001
124,10,166.9659285654899,329.9659285654899,0.2800000000000001
124,18,203.4293147025939,299.5706852974061,0.0
124,21,673.2957970591647,630.7042029408353,0.0
125,5,695.8292985694499,195.82929856944992,0.0
125,16,513.5,739.6322812434565,0.0
125,20,231.73817651528262,508.73817651528265,0.0
125,12,159.59604089155283,236.40395910844717,0.0
125,24,153.25289514104463,506.2528951410446,0.0
125,8,428.2503912137649,566.2503912137648,0.0
125,17,441.87092912979494,571.129070870205,0.0
125,1,165.64230768405508,354.3576923159449,0.6800000000000004
125,19,177.2960881390107,379.2960881390107,0.6800000000000004
125,22,265.4036527361256,791.5963472638745,0.0
125,23,437.3534002044328,229.3534002044328,0.0
125,6,232.49553582816364,509.4955358281636,0.0
125,11,392.1107595173128,264.1107595173128,0.0
125,9,602.4747205479912,811.5252794520088,0.0
125,14,180.5,389.4442433955305,1.0600000000000007
125,3,374.28233239256747,168.71766760743256,0.0
125,7,435.0396917054486,224.03969170544858,0.0
125,25,170.82315931039932,366.8231593103993,0.9100000000000006
125,4,444.62547814307493,229.62547814307496,0.0
125,13,743.5,476.6778861676102,0.0
125,15,691.5041577995136,188.5041577995136,0.0
125,2,286.5443113181499,470.4556886818501,1.640000000000001
125,10,165.65188682107197,329.5,0.2800000000000001
125,18,202.47472054799206,300.52527945200796,0.0
125,21,674.2503912137665,629.7496087862335,0.0
126,5,694.874704414848,194.87470441484805,0.0
126,16,513.1589756623129,740.8410243376871,0.0
126,20,231.50931085813264,507.49068914186734,0.0
126,12,158.641446736951,237.358553263049,0.0
126,24,152.5,505.2147545195101,0.0
126,8,428.5,567.4969998692188,0.0
126,17,440.9163349751931,572.0836650248069,0.0
126,1,166.11065448703698,353.110654487037,0.6800000000000004
126,19,176.04905031010276,378.04905031010276,0.6800000000000004
126,22,264.44905858152373,792.5509414184763,0.0
126,23,436.39880604983097,228.39880604983094,0.0
126,6,231.54094167356175,508.5409416735618,0.0
126,11,391.1561653627109,263.1561653627109,0.0
126,9,601.5201263933893,812.4798736066107,0.0
126,14,180.5,387.4849620519912,1.0600000000000007
126,3,373.3277382379656,169.6722617620344,0.0
126,7,434.08509755084674,223.08509755084674,0.0
126,25,169.45815033749668,365.4581503374967,0.9100000000000006
126,4,443.6708839884731,228.6708839884731,0.0
126,13,743.8732718888118,477.87327188881176,0.0
126,15,690.5495636449117,187.54956364491173,0.0
126,2,285.7196592038487,471.2803407961513,1.6550000000000011
126,10,164.54176505562927,328.5417650556293,0.2800000000000001
126,18,201.5201263933902,301.4798736066098,0.0
126,21,675.2049853683684,628.7950146316316,0.0
127,5,693.9201102602461,193.9201102602462,0.0
127,16,512.204381507711,741.795618492289,0.0
127,20,232.46390501273447,506.53609498726547,0.0
127,12,157.3939593635357,237.6060406364643,0.0
127,24,152.05081361302751,504.0508136130275,0.0
127,8,429.452472741782,568.452472741782,0.0
127,17,439.9617408205912,573.0382591794088,0.0
127,1,164.86361665812905,351.86361665812905,0.6800000000000004
127,19,174.80201248119482,376.8020124811948,0.6800000000000004
127,22,263.49446442692187,793.5055355730782,0.0
127,23,435.4442118952291,227.4442118952291,0.0
127,6,231.7065456998535,507.2934543001465,0.0
127,11,390.0779579551052,262.5,0.0
127,9,600.5655322387875,813.4344677612125,0.0
127,14,179.81105222190544,385.81105222190547,1.0600000000000007
127,3,372.3205986422258,170.5,0.0
127,7,433.1305033962449,222.1305033962449,0.0
127,25,168.90685863540594,364.09314136459403,0.9100000000000006
127,4,442.71628983387126,227.71628983387126,0.0
127,13,744.8278660434137,478.8278660434136,0.0
127,15,689.5949694903098,188.40503050969014,0.0
127,2,284.90636340782555,470.90636340782555,1.6700000000000013
127,10,164.5,327.0520290327633,0.2800000000000001
127,18,200.56553223878836,302.43446776121164,0.0
127,21,676.1595795229703,627.8404204770297,0.0
128,5,693.5,192.74412562773222,0.0
128,16,511.2497873531091,742.2497873531091,0.0
128,20,231.5815008326637,505.58150083266366,0.0
128,12,156.43936520893388,238.43936520893388,0.0
128,24,151.09621945842568,503.09621945842565,0.0
128,8,428.59293310361613,569.4070668963839,0.0
128,17,439.99285333401065,573.9928533340106,0.0
128,1,163.32368561040767,351.32368561040767,0.6800000000000004
128,19,173.5549746522869,375.5549746522869,0.6800000000000004
128,22,262.53987027232,794.46012972768,0.0
128,23,434.48961774062724,226.48961774062727,0.0
128,6,232.33886014554471,506.33886014554463,0.0
128,11,388.7279579551052,262.5,0.0
128,9,601.3890619158144,814.3890619158144,0.0
128,14,178.5,384.3948264896587,1.0600000000000007
128,3,371.1256567099485,170.1256567099485,0.0
128,7,432.17590924164307,221.17590924164304,0.0
128,25,168.72813239169142,362.7281323916914,0.9100000000000006
128,4,441.7616956792694,226.76169567926942,0.0
128,13,745.5,479.89945904286407,0.0
128,15,688.640375335708,187.640375335708,0.0
128,2,284.1043223819108,470.8956776180892,1.6850000000000012
128,10,163.8247083269552,325.8247083269552,0.2800000000000001
128,18,199.31804486537308,302.31804486537305,0.0
128,21,677.1141736775721,626.8858263224279,0.0
129,5,693.4251355134156,191.42513551341557,0.0
129,16,510.29519319850726,741.7048068014927,0.0
129,20,230.62690667806189,504.6269066780618,0.0
129,12,155.48477105433204,237.51522894566796,0.0
129,24,150.14162530382382,502.14162530382384,0.0
129,8,428.6545542697992,570.6545542697992,0.0
129,17,440.9474474886125,574.9474474886125,0.0
129,1,162.5,349.90128955093616,0.6800000000000004
129,19,172.69206317662105,374.30793682337895,0.6800000000000004
129,22,261.58527611771814,795.4147238822819,0.0
129,23,433.53502358602543,225.5350235860254,0.0
129,6,231.38426599094285,505.3842659909428,0.0
129,11,387.7065964612785,261.7065964612785,0.0
129,9,602.3436560704163,815.3436560704163,0.0
129,14,177.7473167545541,382.7473167545541,1.0600000000000007
129,3,370.1710625553466,169.82893744465335,0.0
129,7,431.2213150870412,220.2213150870412,0.0
129,25,167.63687658121123,361.3631234187888,0.9100000000000006
129,4,440.52009357883725,226.5,0.0
129,13,746.0299475714307,481.02994757143074,0.0
129,15,687.6857811811061,186.68578118110614,0.0
129,2,283.2361591954345,471.5,1.700000000000001
129,10,162.75907318143163,324.75907318143163,0.2800000000000001
129,18,198.36345071077122,301.36345071077125,0.0
129,21,678.068767832174,625.931232167826,0.0
130,5,692.5,190.45833919010533,0.0
130,16,509.3405990439054,742.6594009560946,0.0
130,20,229.67231252346002,503.67231252346,0.0
130,12,154.5301768997302,238.4698231002698,0.0
130,24,149.18703114922198,501.18703114922204,0.0
130,8,429.60914842440104,571.609148424401,0.0
130,17,441.9020416432144,575.9020416432144,0.0
130,1,163.46328326622168,348.5367167337783,0.6800000000000004
130,19,173.06089899447102,373.060898994471,0.6800000000000004
130,22,260.6306819631163,796.3693180368838,0.0
130,23,432.58042943142357,224.58042943142357,0.0
130,6,230.42967183634104,504.42967183634096,0.0
130,11,386.7520023066766,260.7520023066766,0.0
130,9,601.7017497749819,816.2982502250181,0.0
130,14,177.0690024114717,381.06900241147173,1.0600000000000007
130,3,369.2164684007448,170.2164684007448,0.0
130,7,430.26672093243934,219.26672093243937,0.0
130,25,167.99811444588616,359.99811444588613,0.9100000000000006
130,4,439.5596141512523,225.55961415125228,0.0
130,13,746.9845417260326,481.9845417260326,0.0
130,15,686.7311870265042,185.73118702650427,0.0
130,2,282.1333144789343,471.5,1.7150000000000012
130,10,161.40054481709458,324.4005448170946,0.2800000000000001
130,18,197.40885655616938,300.4088565561694,0.0
130,21,679.0233619867759,624.9766380132241,0.0
131,5,692.2230539853985,189.22305398539848,0.0
131,16,508.33878656840886,743.5,0.0
131,20,228.71771836885816,502.7177183688582,0.0
131,12,153.57558274512837,239.42441725487163,0.0
131,24,148.76756300537983,500.2324369946202,0.0
131,8,430.5637425790029,572.4362574209971,0.0
131,17,442.85663579781624,576.8566357978162,0.0
131,1,162.9967856860569,346.9967856860569,0.6800000000000004
131,19,173.18613883443692,371.8138611655631,0.6800000000000004
131,22,259.6760878085144,797.3239121914856,0.0
131,23,431.6258352768217,223.62583527682173,0.0
131,6,229.47507768173915,503.47507768173915,0.0
131,11,385.79740815207475,259.79740815207475,0.0
131,9,600.74715562038,817.25284437962,0.0
131,14,176.39068806838932,379.3906880683893,1.0600000000000007
131,3,368.16323932934506,169.5,0.0
131,7,429.31212677783753,218.3121267778375,0.0
131,25,167.34021225417004,358.34021225417007,0.9100000000000006
131,4,438.6050199966504,224.60501999665044,0.0
131,13,747.0608641193655,482.93913588063447,0.0
131,15,685.7765928719024,184.7765928719024,0.0
131,2,281.1789527225601,471.8210472774399,1.7300000000000013
131,10,160.334909671571,323.33490967157104,0.2800000000000001
131,18,196.5,299.4353172679864,0.0
131,21,679.9779561413777,624.0220438586223,0.0
132,5,691.2684598307966,188.26845983079662,0.0
132,16,506.98878656840884,743.5,0.0
132,20,228.49999999999997,501.457900270017,0.0
132,12,152.62098859052654,238.62098859052654,0.0
132,24,149.5,499.1858223313757,0.0
132,8,431.51833673360477,571.5183367336048,0.0
132,17,443.8112299524181,577.8112299524181,0.0
132,1,161.74974785714898,345.749747857149,0.6800000000000004
132,19,172.56682333665515,370.56682333665515,0.6800000000000004
132,22,258.72149365391255,798.2785063460875,0.0
132,23,430.6712411222199,222.67124112221987,0.0
132,6,228.5204835271373,502.52048352713734,0.0
132,11,384.5705986422244,259.5,0.0
132,9,600.5,818.5004691696419,0.0
132,14,175.5,377.8003418026207,1.0600000000000007
132,3,366.81323932934504,169.5,0.0
132,7,428.35753262323567,217.35753262323567,0.0
132,25,166.5,356.7578253628795,0.9100000000000006
132,4,437.6504258420486,223.65042584204858,0.0
132,13,746.5,484.05681835574484,0.0
132,15,684.8219987173005,183.82199871730054,0.0
132,2,280.42095059370456,472.57904940629544,1.7450000000000012
132,10,159.26927452604744,322.26927452604747,0.2800000000000001
132,18,196.20677502815224,298.2067750281522,0.0
132,21,681.1117184949828,623.5,0.0
133,5,690.3138656761947,187.68613432380525,0.0
133,16,505.6387865684088,743.5,0.0
133,20,228.22274362202756,500.2227436220276,0.0
133,12,151.6663944359247,239.3336055640753,0.0
133,24,149.03035546660305,498.03035546660305,0.0
133,8,432.47293088820663,572.4729308882066,0.0
133,17,444.5,578.8759320573533,0.0
133,1,160.50271002824104,344.50271002824104,0.6800000000000004
133,19,172.02689228893377,369.02689228893377,0.6800000000000004
133,22,257.7668994993107,799.2331005006894,0.0
133,23,429.71664696761803,221.71664696761803,0.0
133,6,228.49999999999997,501.17896808188283,0.0
133,11,383.5953266240576,260.4046733759424,0.0
133,9,600.7478191264506,819.7478191264506,0.0
133,14,174.32695260103796,376.326952601038,1.0600000000000007
133,3,365.4740062804989,169.5259937195011,0.0
133,7,427.4029384686338,216.40293846863383,0.0
133,25,165.5,355.2416247230127,0.9100000000000006
133,4,436.69583168744674,222.69583168744674,0.0
133,13,745.8587825913484,485.1412174086516,0.0
133,15,683.6053749530731,183.5,0.0
133,2,279.67372156973903,473.32627843026097,1.7600000000000011
133,10,158.20363938052387,321.2036393805239,0.2800000000000001
133,18,195.25218087355037,297.2521808735504,0.0
133,21,682.4617184949828,623.5,0.0
134,5,689.3592715215929,188.3592715215929,0.0
134,16,504.6435427690576,744.3564572309423,0.0
134,20,227.26814946742573,499.26814946742576,0.0
134,12,151.41890706250942,240.58109293749058,0.0
134,24,148.0757613120012,497.07576131200125,0.0
134,8,433.72041826162194,572.720418261622,0.0
134,17,443.9866885195648,580.0133114804353,0.0
134,1,161.2556721993331,343.2556721993331,0.6800000000000004
134,19,171.48696124121238,367.4869612412124,0.6800000000000004
134,22,256.8123053447088,800.1876946552912,0.0
134,23,428.76205281301617,220.7620528130162,0.0
134,6,228.0255087803067,500.0255087803067,0.0
134,11,382.34783925064227,260.34783925064227,0.0
134,9,601.7862556072688,820.5,0.0
134,14,172.94153147676903,374.94153147676906,1.0600000000000007
134,3,364.5194121258971,170.48058787410295,0.0
134,7,426.448344314032,215.44834431403197,0.0
134,25,166.34060110216475,353.6593988978352,0.9100000000000006
134,4,435.7412375328449,221.7412375328449,0.0
134,13,746.0958115632535,486.09581156325345,0.0
134,15,682.3270239704699,183.67297602953008,0.0
134,2,278.93717422292855,474.06282577707145,1.7750000000000012
134,10,157.1380042350003,320.1380042350003,0.2800000000000001
134,18,194.29758671894854,296.29758671894854,0.0
134,21,683.8117184949829,623.5,0.0
135,5,688.404677366991,187.40467736699102,0.0
135,16,503.39605539564235,744.6039446043577,0.0
135,20,226.5,498.2363273947632,0.0
135,12,150.44953083036125,241.5,0.0
135,24,147.5,495.9642494561219,0.0
135,8,434.6750124162238,573.3249875837762,0.0
135,17,443.9679056350371,580.9679056350371,0.0
135,1,160.99136562957483,342.00863437042517,0.6800000000000004
135,19,170.23992341230445,366.23992341230445,0.6800000000000004
135,22,255.85771119010695,801.1422888098931,0.0
135,23,427.80745865841436,219.80745865841433,0.0
135,6,227.07091462570486,499.07091462570486,0.0
135,11,381.3932450960404,259.3932450960404,0.0
135,9,602.9499006544677,820.9499006544677,0.0
135,14,173.4438896474999,373.5561103525001,1.0600000000000007
135,3,363.27192475248177,170.72807524751823,0.0
135,7,425.49375015943014,214.49375015943014,0.0
135,25,165.2943899249326,352.2943899249326,0.9100000000000006
135,4,434.78664337824307,220.78664337824304,0.0
135,13,746.5,487.2783912309987,0.0
135,15,681.372429815868,184.62757018413194,0.0
135,2,278.21121866432145,474.78878133567855,1.7900000000000014
135,10,156.07236908947672,319.07236908947675,0.2800000000000001
135,18,193.5,295.2779579551057,0.0
135,21,685.1617184949829,623.5,0.0
136,5,687.4500832123891,186.45008321238916,0.0
136,16,502.4414612410405,745.5585387589596,0.0
136,20,226.9339320605914,497.06606793940864,0.0
136,12,149.2168255344923,241.7831744655077,0.0
136,24,146.87367978398413,494.87367978398413,0.0
136,8,435.6832913702343,572.5,0.0
136,17,444.92249978963895,581.922499789639,0.0
136,1,160.76159654151724,340.76159654151724,0.6800000000000004
136,19,168.99288558339651,364.9928855833965,0.6800000000000004
136,22,254.9031170355051,802.0968829644949,0.0
136,23,426.8528645038125,218.8528645038125,0.0
136,6,226.5,497.957395206629,0.0
136,11,380.43865094143854,258.56134905856146,0.0
136,9,603.0955051909305,821.9044948090695,0.0
136,14,172.82931077176883,372.1706892282312,1.0600000000000007
136,3,362.3173305978799,171.31733059787993,0.0
136,7,424.53915600482827,213.5391560048283,0.0
136,25,163.69302280341236,351.5,0.9100000000000006
136,4,433.5553749530758,220.5,0.0
136,13,747.2978930912706,488.2978930912706,0.0
136,15,680.3838020778193,185.5,0.0
136,2,277.4957665052252,475.5042334947748,1.8050000000000013
136,10,154.80241645368025,318.5,0.2800000000000001
136,18,193.09550519093142,294.0955051909314,0.0
136,21,686.5117184949829,623.5,0.0
137,5,686.4954890577873,185.4954890577873,0.0
137,16,501.48142725552805,746.5,0.0
137,20,227.8885262151932,496.1114737848068,0.0
137,12,148.16374439273434,242.5,0.0
137,24,145.9190856293823,493.91908562938227,0.0
137,8,436.8770939442409,572.122906055759,0.0
137,17,445.1229060557592,582.8770939442409,0.0
137,1,160.22166549379585,339.22166549379585,0.6800000000000004
137,19,169.25415224551142,363.7458477544886,0.6800000000000004
137,22,253.94852288090328,803.0514771190967,0.0
137,23,425.89827034921063,217.89827034921066,0.0
137,6,227.1311669023123,496.86883309768774,0.0
137,11,379.47745289171667,259.5,0.0
137,9,602.1409110363286,822.8590889636714,0.0
137,14,172.78526810396224,370.78526810396227,1.0600000000000007
137,3,361.3627364432781,170.36273644327807,0.0
137,7,423.58456185022646,212.58456185022644,0.0
137,25,162.5,350.1768221635456,0.9100000000000006
137,4,432.58456185022595,219.58456185022592,0.0
137,13,748.2524872458724,489.25248724587243,0.0
137,15,679.170348287851,185.8296517121491,0.0
137,2,276.79073081995784,476.20926918004216,1.8200000000000012
137,10,153.6482055796161,317.6482055796161,0.2800000000000001
137,18,192.85908896367042,293.14091103632956,0.0
137,21,687.8617184949829,623.5,0.0
138,5,685.5408949031854,184.54089490318543,0.0
138,16,500.131427255528,746.5,0.0
138,20,228.49999999999997,495.0147545195093,0.0
138,12,147.01474400647515,242.98525599352485,0.0
138,24,145.5,492.7426765808681,0.0
138,8,437.8316880988428,571.1683119011572,0.0
138,17,444.5,583.969077807861,0.0
138,1,158.97462766488792,337.9746276648879,0.6800000000000004
138,19,168.49880992558064,362.49880992558064,0.6800000000000004
138,22,252.99392872630145,804.0060712736986,0.0
138,23,424.9436761946088,216.9436761946088,0.0
138,6,228.0857610569141,495.9142389430859,0.0
138,11,378.12745289171664,259.5,0.0
138,9,601.5,823.9436149201495,0.0
138,14,172.10695376087986,369.10695376087983,1.0600000000000007
138,3,360.40814228867623,169.40814228867623,0.0
138,7,422.6299676956246,211.6299676956246,0.0
138,25,163.38642343140222,348.6135765685978,0.9100000000000006
138,4,431.6299676956241,218.6299676956241,0.0
138,13,749.2070814004743,490.2070814004743,0.0
138,15,678.2157541332491,186.7842458667509,0.0
138,2,276.09602610982216,476.09602610982216,1.8350000000000013
138,10,152.58257043409253,316.58257043409253,0.2800000000000001
138,18,193.18631688172772,292.18631688172775,0.0
138,21,689.0032609740983,622.9967390259017,0.0
139,5,684.5863007485835,183.58630074858357,0.0
139,16,498.99189233960806,747.0081076603919,0.0
139,20,227.90563332028984,493.90563332028984,0.01
139,12,146.06014985187332,243.06014985187332,0.0
139,24,146.28299589863482,491.71700410136515,0.0
139,8,438.78628225344465,570.7862822534447,0.0
139,17,445.07917547225793,585.0791754722579,0.0
139,1,157.72758983597998,336.72758983598,0.6800000000000004
139,19,167.7482279033273,361.2517720966727,0.6800000000000004
139,22,252.0393345716996,804.9606654283004,0.0
139,23,423.98908204000696,215.98908204000696,0.0
139,6,228.49999999999997,494.73050639239705,0.01
139,11,376.9890820400061,258.9890820400061,0.0
139,9,600.9388295083115,825.0611704916885,0.0
139,14,171.42863941779746,367.42863941779746,1.0600000000000007
139,3,359.43430714121047,168.5,0.0
139,7,421.67537354102274,210.67537354102276,0.0
139,25,162.9556743768817,346.9556743768817,0.9100000000000006
139,4,430.6753735410222,217.67537354102225,0.0
139,13,750.1616755550762,491.1616755550761,0.0
139,15,677.2611599786472,187.73884002135273,0.0
139,2,275.3749386456196,475.5,1.8500000000000014
139,10,151.22404206975548,316.2240420697555,0.2800000000000001
139,18,192.23172272712588,291.2317227271259,0.0
139,21,689.9578551287002,622.0421448712998,0.0
140,5,683.3388133751682,183.33881337516826,0.0
140,16,497.84564081790114,747.5,0.0
140,20,226.94350649100176,492.9435064910017,0.02
140,12,145.10555569727148,242.89444430272852,0.0
140,24,146.5,490.4568901432412,0.0
140,8,439.7408764080465,571.7408764080466,0.0
140,17,445.5,586.254864245488,0.0
140,1,156.48055200707205,335.48055200707205,0.6800000000000004
140,19,168.00473426776477,360.0047342677648,0.6800000000000004
140,22,251.08474041709775,805.9152595829023,0.0
140,23,423.0344878854051,215.03448788540513,0.0
140,6,227.70086580388272,493.70086580388266,0.02
140,11,376.03448788540425,258.03448788540425,0.0
140,9,601.0157646462903,826.0157646462903,0.0
140,14,170.04321829352853,366.0432182935285,1.0600000000000007
140,3,358.2060607606591,168.2060607606591,0.0
140,7,420.72077938642093,209.7207793864209,0.0
140,25,161.59066540397905,345.5906654039791,0.9100000000000006
140,4,429.7207793864204,216.7207793864204,0.0
140,13,749.883730290322,492.11626970967797,0.0
140,15,676.2264427649386,188.5,0.0
140,2,274.42134332013006,475.5,1.8650000000000013
140,10,150.5,315.01691443943605,0.2800000000000001
140,18,191.27712857252405,290.277128572524,0.0
140,21,690.9124492833021,621.0875507166979,0.0
141,5,682.3842192205664,182.3842192205664,0.0
141,16,496.78981081159094,748.2101891884091,0.0
141,20,225.97759106355537,491.97759106355534,0.03
141,12,144.15096154266965,243.84903845733035,0.0
141,24,146.22202935453458,489.2220293545346,0.0
141,8,440.3045294373516,572.6954705626484,0.0
141,17,446.2812570002751,587.2812570002751,0.0
141,1,155.5,334.12313213657956,0.6800000000000004
141,19,167.4648032200434,358.4648032200434,0.6800000000000004
141,22,250.13014626249588,806.8698537375042,0.0
141,23,422.0798937308033,214.07989373080326,0.0
141,6,226.73495037643633,492.7349503764363,0.03
141,11,375.0798937308024,257.9201062691976,0.0
141,9,602.1651877954033,826.5,0.0
141,14,168.6577971692596,364.6577971692596,1.0600000000000007
141,3,357.25146660605725,167.25146660605728,0.0
141,7,419.76618523181907,208.76618523181907,0.0
141,25,160.22565643107643,344.2256564310764,0.9100000000000006
141,4,428.4732920130051,216.4732920130051,0.0
141,13,750.0708638642799,493.07086386427983,0.0
141,15,675.0590784506302,188.05907845063015,0.0
141,2,273.48727708631134,475.51272291368866,1.8800000000000012
141,10,149.7998785598949,313.79987855989486,0.2800000000000001
141,18,190.5,289.24902576697116,0.0
141,21,691.8670434379039,620.1329565620961,0.0
142,5,681.4004748138359,181.5,0.0
142,16,495.8352166569891,749.1647833430109,0.0
142,20,225.00787211946434,491.0078721194643,0.04
142,12,143.1963673880678,244.8036326119322,0.0
142,24,145.26743519993275,488.2674351999327,0.0
142,8,439.65006471725025,573.6500647172503,0.0
142,17,447.23585115487697,588.235851154877,0.0
142,1,155.59931008837071,332.4006899116293,0.6800000000000004
142,19,166.5,357.1008599883727,0.6800000000000004
142,22,249.17555210789402,807.824447892106,0.0
142,23,421.1252995762014,213.12529957620143,0.0
142,6,225.7652314323453,491.7652314323453,0.04
142,11,373.9700935788359,258.5,0.0
142,9,603.2178461743075,827.2178461743075,0.0
142,14,169.27237604499066,363.27237604499066,1.0600000000000007
142,3,356.29687245145544,166.2968724514554,0.0
142,7,418.8115910772172,207.81159107721723,0.0
142,25,160.1393525418262,342.8606474581738,0.9100000000000006
142,4,427.51869785840324,215.51869785840327,0.0
142,13,751.0254580188817,494.0254580188817,0.0
142,15,674.1044842960283,187.10448429602832,0.0
142,2,272.83306863291745,476.16693136708255,1.8950000000000014
142,10,148.41705665112738,313.5,0.2800000000000001
142,18,190.07504704450693,288.0750470445069,0.0
142,21,692.8216375925058,619.1783624074942,0.0
143,5,680.1821376925492,181.18213769254922,0.0
143,16,494.88062250238727,748.8806225023873,0.0
143,20,224.03433468149723,490.0343346814972,0.05
143,12,142.1348122045998,245.49999999999997,0.0
143,24,144.31284104533088,487.3128410453309,0.0
143,8,440.6046588718521,574.6046588718522,0.0
143,17,446.80955469052117,589.1904453094788,0.0
143,1,156.5,331.01019007808486,0.6800000000000004
143,19,165.67783434341405,355.6778343434141,0.6800000000000004
143,22,248.5,808.8946250469265,0.0
143,23,420.17070542159956,212.1707054215996,0.0
143,6,224.7916939943782,490.7916939943782,0.05
143,11,372.87781220278526,257.87781220278526,0.0
143,9,604.1724403289094,828.1724403289094,0.0
143,14,167.88695492072173,361.88695492072173,1.0600000000000007
143,3,355.3422782968536,165.34227829685358,0.0
143,7,417.8569969226154,206.85699692261537,0.0
143,25,161.49563848527114,341.4956384852712,0.9100000000000006
143,4,426.56410370380144,214.5641037038014,0.0
143,13,751.9800521734836,494.98005217348356,0.0
143,15,673.1498901414265,186.85010985857352,0.0
143,2,272.1887838845752,476.8112161154248,1.9100000000000015
143,10,147.08282183122083,313.9171781687792,0.2800000000000001
143,18,189.12045288990507,287.1204528899051,0.0
143,21,693.7762317471077,618.2237682528923,0.0
144,5,679.2275435379473,180.77245646205265,0.0
144,16,493.6882815050205,748.5,0.0
144,20,223.94303628655365,489.05696371344635,0.060000000000000005
144,12,140.7848122045998,245.49999999999997,0.0
144,24,143.35824689072905,486.35824689072905,0.0
144,8,441.559253026454,575.559253026454,0.0
144,17,447.1450394640807,590.1450394640807,0.0
144,1,155.61372103499997,329.61372103499997,0.6800000000000004
144,19,164.5,354.40213149225104,0.6800000000000004
144,22,247.97347057987687,810.0265294201231,0.0
144,23,419.21611126699776,211.21611126699773,0.0
144,6,223.81432302632732,489.8143230263273,0.060000000000000005
144,11,371.9232180481834,258.0767819518166,0.0
144,9,605.1270344835112,829.1270344835112,0.0
144,14,168.4984662035472,360.5015337964528,1.0600000000000007
144,3,354.3876841422517,164.38768414225174,0.0
144,7,416.90240276801353,205.90240276801353,0.0
144,25,160.5,339.9776312468512,0.9100000000000006
144,4,425.6095095491996,213.60950954919957,0.0
144,13,752.9346463280855,495.9346463280854,0.0
144,15,672.1952959868246,187.80470401317538,0.0
144,2,271.5543452104631,477.4456547895369,1.9250000000000014
144,10,146.01718668569725,314.01718668569725,0.2800000000000001
144,18,188.5,286.02745289171736,0.0
144,21,694.7308259017095,617.2691740982905,0.0
145,5,678.2729493833455,181.7270506166545,0.0
145,16,492.67854097437015,747.6785409743702,0.0
145,20,224.0757441198954,488.0757441198954,0.07
145,12,139.74679848663536,244.74679848663536,0.0
145,24,142.5,485.36374439273357,0.0
145,8,442.51384718105584,576.5138471810559,0.0
145,17,448.3480099959957,590.5,0.0
145,1,154.5,328.3114615819633,0.6800000000000004
145,19,165.1091345332153,352.8908654667847,0.6800000000000004
145,22,247.49999999999997,811.1804114845535,0.0
145,23,418.2615171123959,210.2615171123959,0.0
145,6,224.16689656722363,488.83310343277634,0.07
145,11,370.96862389358154,257.96862389358154,0.0
145,9,606.3225471082841,829.5,0.0
145,14,167.5,358.95710133457925,1.0600000000000007
145,3,353.4330899876499,163.43308998764988,0.0
145,7,415.94780861341167,204.9478086134117,0.0
145,25,159.47272732065244,338.47272732065244,0.9100000000000006
145,4,424.6549153945977,212.65491539459774,0.0
145,13,753.1107595173128,496.8892404826873,0.0
145,15,671.2407018322227,188.75929816777725,0.0
145,2,270.9296761849139,478.0703238150861,1.9400000000000013
145,10,144.72437674985096,313.5,0.2800000000000001
145,18,188.5,284.67745289171734,0.0
145,21,695.6854200563114,616.3145799436886,0.0
146,5,677.2431155009551,182.5,0.0
146,16,491.72394681976834,748.2760531802317,0.0
146,20,223.09066074598636,487.0906607459863,0.08
146,12,138.49931111322007,244.50068888677993,0.0
146,24,142.15616536271193,484.15616536271193,0.0
146,8,443.4684413356577,577.4684413356578,0.0
146,17,449.3471209920978,591.3471209920979,0.0
146,1,153.82675215837065,326.82675215837065,0.6800000000000004
146,19,164.64382763787677,351.64382763787677,0.6800000000000004
146,22,247.49999999999997,812.5304114845535,0.0
146,23,417.30692295779403,209.30692295779406,0.0
146,6,223.84802005886732,487.8480200588673,0.08
146,11,370.5,256.8127342659551,0.0
146,9,607.3291160115283,830.3291160115283,0.0
146,14,166.5,357.41203355341304,1.0600000000000007
146,3,352.469588515449,162.5,0.0
146,7,414.99321445880986,203.99321445880983,0.0
146,25,158.1077183477498,337.1077183477498,0.9100000000000006
146,4,423.7003212399959,211.70032123999587,0.0
146,13,752.8438346372891,497.8438346372891,0.0
146,15,670.197510576804,189.5,0.0
146,2,270.2379484324524,478.5,1.9550000000000014
146,10,143.59302317583663,312.5930231758366,0.2800000000000001
146,18,187.67088398847264,283.67088398847267,0.0
146,21,696.6980099959984,615.5,0.0
147,5,676.0708678553284,182.07086785532837,0.0
147,16,490.7693526651665,749.2306473348335,0.0
147,20,222.89830162281456,486.1016983771854,0.09
147,12,137.5447169586182,245.45528304138176,0.0
147,24,141.5,483.0779579551067,0.0
147,8,444.42303549025956,578.4230354902596,0.0
147,17,449.4053916344869,592.5946083655132,0.0
147,1,152.57971432946272,325.5797143294627,0.6800000000000004
147,19,163.1038965901554,351.1038965901554,0.6800000000000004
147,22,247.768991540369,813.768991540369,0.0
147,23,416.3523288031922,208.3523288031922,0.0
147,6,222.8590576900664,486.8590576900664,0.09
147,11,369.7665423655644,255.76654236556442,0.0
147,9,606.7162898338698,831.2837101661302,0.0
147,14,165.7594839860191,355.75948398601906,1.0600000000000007
147,3,351.23100845963273,162.23100845963276,0.0
147,7,414.038620304208,203.038620304208,0.0
147,25,156.74270937484718,335.74270937484715,0.9100000000000006
147,4,422.74572708539404,210.74572708539404,0.0
147,13,753.5,498.9220420448948,0.0
147,15,669.0386203042057,189.9613796957944,0.0
147,2,269.41645401755693,478.58354598244307,1.9700000000000015
147,10,143.7655051885004,311.2344948114996,0.2800000000000001
147,18,188.2837101661292,282.7162898338708,0.0
147,21,698.0480099959984,615.5,0.0
148,5,674.9573290633283,181.5,0.0
148,16,490.49999999999994,750.4690778078602,0.0
148,20,223.1088417390481,485.1088417390481,0.09999999999999999
148,12,136.29722958520293,245.70277041479704,0.0
148,24,140.9540838346948,481.9540838346948,0.0
148,8,444.3294771363251,579.6705228636749,0.0
148,17,448.549202520115,593.549202520115,0.0
148,1,151.66732349944522,324.3326765005548,0.6800000000000004
148,19,162.5,349.5904609376347,0.6800000000000004
148,22,248.27641430502914,814.7235856949709,0.0
148,23,415.39773464859036,207.39773464859036,0.0
148,6,223.13379894807093,485.86620105192907,0.09999999999999999
148,11,368.81194821096256,254.81194821096258,0.0
148,9,606.4688024604545,832.5311975395455,0.0
148,14,165.0811696429367,354.0811696429367,1.0600000000000007
148,3,350.2764143050309,161.2764143050309,0.0
148,7,413.08402614960613,202.08402614960616,0.0
148,25,155.5,334.32704224975714,0.9100000000000006
148,4,421.7911329307922,209.7911329307922,0.0
148,13,754.0459161653063,500.04591616530627,0.0
148,15,668.0840261496038,190.9159738503962,0.0
148,2,268.82064702259476,479.17935297740524,1.9850000000000014
148,10,144.5,310.0316968485745,0.2800000000000001
148,18,187.76169567926897,281.76169567926894,0.0
148,21,699.3980099959984,615.5,0.0
149,5,673.6073290633283,181.5,0.0
149,16,489.56727113714936,751.4327288628507,0.0
149,20,222.5,483.9513919066567,0.10999999999999999
149,12,135.27745289171907,246.49999999999997,0.0
149,24,141.00051031990702,480.99948968009295,0.0
149,8,443.62511701827674,580.6251170182768,0.0
149,17,449.50379667471685,594.5037966747169,0.0
149,1,152.91436132835315,323.08563867164685,0.6800000000000004
149,19,163.5,348.2410966895739,0.6800000000000004
149,22,247.49999999999997,815.7519843598074,0.0
149,23,414.4431404939885,206.44314049398852,0.0
149,6,222.8694348098641,484.8694348098641,0.10999999999999999
149,11,367.85735405636075,255.14264594363928,0.0
149,9,605.5142083058527,833.4857916941473,0.0
149,14,165.30425148133224,352.69574851866776,1.0600000000000007
149,3,349.32182015042906,160.32182015042906,0.0
149,7,412.1294319950043,201.1294319950043,0.0
149,25,155.57309500858503,332.426904991415,0.9100000000000006
149,4,420.83653877619037,208.83653877619034,0.0
149,13,754.5,501.20782848252173,0.0
149,15,667.1294319950019,191.87056800499803,0.0
149,2,268.2343154806939,479.2343154806939,2.0000000000000013
149,10,143.81033130163894,308.81033130163894,0.2800000000000001
149,18,187.5,280.52009357883657,0.0
149,21,700.7480099959985,615.5,0.0
150,5,672.621298953896,182.378701046104,0.0
150,16,488.31978376373405,751.6802162362659,0.0
150,20,221.8184910372023,482.8184910372023,0.11999999999999998
150,12,134.0951480571858,246.90485194281416,0.0
150,24,141.5,479.8563850798529,0.0
150,8,444.5797111728786,581.5797111728787,0.0
150,17,450.4583908293187,595.4583908293188,0.0
150,1,152.8386008427389,321.8386008427389,0.6800000000000004
150,19,162.77699666580466,346.7769966658047,0.6800000000000004
150,22,247.49999999999997,817.1019843598074,0.0
150,23,413.4885463393867,205.48854633938666,0.0
150,6,222.5,483.60726859379855,0.11999999999999998
150,11,366.6553749530744,255.5,0.0
150,9,605.2667209324374,834.7332790675626,0.0
150,14,164.23176242874817,351.5,1.0600000000000007
150,3,348.3672259958272,159.36722599582723,0.0
150,7,411.17483784040246,200.17483784040246,0.0
150,25,156.5,330.8804274076505,0.9100000000000006
150,4,419.8819446215885,207.8819446215885,0.0
150,13,755.2479976933233,502.2479976933234,0.0
150,15,666.1748378404001,192.1748378404001,0.0
150,2,267.65738859079664,478.65738859079664,2.0150000000000015
150,10,142.74469615611537,307.74469615611537,0.2800000000000001
150,18,187.26672093243835,279.2667209324384,0.0
150,21,702.0980099959985,615.5,0.0
151,5,671.6667047992942,181.66670479929417,0.0
151,16,487.36518960913224,752.3651896091322,0.0
151,20,220.8138593417365,481.81385934173653,0.12999999999999998
151,12,132.99166645409218,247.49999999999997,0.0
151,24,140.79740815207583,478.79740815207583,0.0
151,8,445.46569467251953,582.5343053274805,0.0
151,17,450.705878202734,596.7058782027341,0.0
151,1,151.59156301383098,320.591563013831,0.6800000000000004
151,19,161.52995883689672,345.52995883689675,0.6800000000000004
151,22,247.49999999999997,818.4519843598074,0.0
151,23,412.5339521847848,204.53395218478482,0.0
151,6,221.5712186546175,482.5712186546175,0.12999999999999998
151,11,365.6552725283436,254.6552725283436,0.0
151,9,604.3121267778355,835.6878732221645,0.0
151,14,162.63201305131642,350.63201305131645,1.0600000000000007
151,3,347.4126318412254,158.41263184122536,0.0
151,7,410.2202436858006,199.22024368580063,0.0
151,25,155.40399382679624,329.40399382679624,0.9100000000000006
151,4,418.92735046698664,206.92735046698667,0.0
151,13,756.2025918479252,503.2025918479252,0.0
151,15,665.1043648262963,191.5,0.0
151,2,267.0897966020609,478.9102033979391,2.0300000000000016
151,10,141.6790610105918,306.6790610105918,0.2800000000000001
151,18,186.23430714120968,278.5,0.0
151,21,703.4480099959985,615.5,0.0
152,5,670.7121106446923,180.71211064469233,0.0
152,16,486.4105954545304,751.5894045454696,0.0
152,20,219.80527167531625,480.80527167531625,0.13999999999999999
152,12,131.8930665291687,248.1069334708313,0.0
152,24,140.5,477.57059864222595,0.0
152,8,444.51110051791767,583.4888994820824,0.0
152,17,451.6604723573359,597.660472357336,0.0
152,1,150.34452518492304,319.34452518492304,0.6800000000000004
152,19,160.7170789920112,344.2829210079888,0.6800000000000004
152,22,247.49999999999997,819.8019843598074,0.0
152,23,411.57935803018296,203.579358030183,0.0
152,6,220.5626309881972,481.5626309881972,0.13999999999999999
152,11,364.70067837374177,253.70067837374174,0.0
152,9,603.3575326232336,836.6424673767664,0.0
152,14,163.04630129176596,348.953698708234,1.0600000000000007
152,3,346.4580376866235,157.45803768662353,0.0
152,7,409.2656495311988,198.26564953119876,0.0
152,25,154.5,327.8480261279169,0.9100000000000006
152,4,417.97275631238483,205.9727563123848,0.0
152,13,756.5,504.4294013577755,0.0
152,15,663.9727563123829,190.97275631238293,0.0
152,2,266.5314707906648,479.4685292093352,2.0450000000000017
152,10,140.61342586506822,305.6134258650682,0.2800000000000001
152,18,185.06463940442123,278.06463940442126,0.0
152,21,704.7980099959985,615.5,0.0
153,5,669.7575164900904,179.75751649009047,0.0
153,16,485.4560012999285,752.4560012999285,0.0
153,20,219.49981924157234,479.49981924157237,0.15
153,12,130.7058800164653,248.50000000000003,0.0
153,24,139.59532662405869,476.5953266240587,0.0
153,8,444.73638685549764,584.7363868554977,0.0
153,17,452.38493348806225,598.6150665119378,0.0
153,1,149.5,317.9307611598499,0.6800000000000004
153,19,161.03588317908086,343.0358831790809,0.6800000000000004
153,22,247.49999999999997,821.1519843598074,0.0
153,23,410.62476387558115,202.62476387558112,0.0
153,6,219.55007177326678,480.5500717732668,0.15
153,11,363.7460842191399,252.7460842191399,0.0
153,9,602.5,837.6372657340456,0.0
153,14,163.27538436515164,347.27538436515164,1.0600000000000007
153,3,345.50344353202166,156.5034435320217,0.0
153,7,408.3110553765969,197.31105537659693,0.0
153,25,153.3810826621775,326.3810826621775,0.9100000000000006
153,4,417.01816215778297,205.01816215778297,0.0
153,13,756.6975665947558,505.69756659475576,0.0
153,15,662.8185783886694,190.5,0.0
153,2,265.98234343728956,478.98234343728956,2.0600000000000014
153,10,139.54779071954465,304.54779071954465,0.2800000000000001
153,18,184.8899547501806,277.1100452498194,0.0
153,21,706.1480099959986,615.5,0.0
154,5,668.5141833128206,179.5,0.0
154,16,484.5014071453267,751.5014071453267,0.0
154,20,218.48327283923578,478.4832728392358,0.16
154,12,129.3558800164653,248.50000000000003,0.0
154,24,139.3478392506434,475.3478392506434,0.0
154,8,445.5,585.7700879346385,0.0
154,17,451.5696606665396,599.5696606665397,0.0
154,1,148.5575563082937,316.5575563082937,0.6800000000000004
154,19,161.21115464982708,341.78884535017295,0.6800000000000004
154,22,248.2085099354627,822.2085099354626,0.0
154,23,409.6701697209793,201.6701697209793,0.0
154,6,219.24063215211675,479.24063215211675,0.16
154,11,362.79149006453804,251.79149006453807,0.0
154,9,602.8445489047836,838.8445489047836,0.0
154,14,161.8899632408827,345.8899632408827,1.0600000000000007
154,3,344.54884937741986,155.54884937741983,0.0
154,7,407.35646122199506,196.3564612219951,0.0
154,25,152.01607368927486,325.0160736892749,0.9100000000000006
154,4,416.0635680031811,204.06356800318113,0.0
154,13,757.6521607493577,506.6521607493576,0.0
154,15,661.7706747843657,189.77067478436575,0.0
154,2,265.44234780525545,478.55765219474455,2.0750000000000015
154,10,139.1892623552076,303.18926235520763,0.2800000000000001
154,18,185.84454890478244,276.15545109521753,0.0
154,21,707.4980099959986,615.5,0.0
155,5,667.5554349620733,178.5554349620733,0.0
155,16,483.54681299072485,752.4531870092752,0.0
155,20,217.53727645098465,477.4627235490154,0.17
155,12,128.15060440892285,248.15060440892285,0.0
155,24,138.39324509604157,474.39324509604154,0.0
155,8,445.9384683835148,586.9384683835149,0.0
155,17,452.5,600.5343014970113,0.0
155,1,148.01762526057232,315.01762526057234,0.6800000000000004
155,19,160.54180752126499,340.541807521265,0.6800000000000004
155,22,249.1631040900645,823.1631040900645,0.0
155,23,408.7155755663774,200.71557556637745,0.0
155,6,218.22008286189632,478.22008286189634,0.17
155,11,361.83689590993623,250.83689590993623,0.0
155,9,603.5,839.9230521716726,0.0
155,14,160.50454211661378,344.5045421166138,1.0600000000000007
155,3,343.594255222818,154.594255222818,0.0
155,7,406.40186706739325,195.40186706739323,0.0
155,25,152.34893528362775,323.6510647163722,0.9100000000000006
155,4,415.1089738485793,203.10897384857927,0.0
155,13,758.5,507.65097423302933,0.0
155,15,660.5327919510424,189.5,0.0
155,2,264.91141811928816,479.08858188071184,2.0900000000000016
155,10,138.87637279031597,302.12362720968406,0.2800000000000001
155,18,186.5,275.07694782832897,0.0
155,21,708.8480099959986,615.5,0.0
156,5,666.6008408074714,179.39915919252857,0.0
156,16,482.592218836123,753.4077811638771,0.0
156,20,218.56184439139093,476.43815560860907,0.18000000000000002
156,12,127.07009357883844,247.49999999999997,0.0
156,24,137.41323932934523,473.5,0.0
156,8,446.8930625381167,587.8930625381167,0.0
156,17,452.7717421945568,601.7717421945569,0.0
156,1,146.47769421285093,314.47769421285096,0.6800000000000004
156,19,160.0018764735436,339.00187647354363,0.6800000000000004
156,22,250.11769824466634,824.1176982446664,0.0
156,23,407.7609814117756,199.7609814117756,0.0
156,6,217.80448507850997,477.19551492149003,0.18000000000000002
156,11,360.88230175533437,249.8823017553344,0.0
156,9,604.0466304328006,841.0466304328006,0.0
156,14,161.11912099234485,343.11912099234485,1.0600000000000007
156,3,342.6396610682161,153.63966106821616,0.0
156,7,405.4472729127914,194.4472729127914,0.0
156,25,153.2860557434696,322.2860557434696,0.9100000000000006
156,4,414.01121907579136,202.5,0.0
156,13,758.5,509.00097423302935,0.0
156,15,659.5685932563487,188.5685932563486,0.0
156,2,264.3437146156025,479.5,2.1050000000000013
156,10,139.5,300.8749063824592,0.2800000000000001
156,18,185.95336956720044,273.9533695672004,0.0
156,21,710.1980099959986,615.5,0.0
157,5,665.6462466528695,178.64624665286956,0.0
157,16,481.6376246815211,754.3623753184788,0.0
157,20,219.40955319364713,475.4095531936471,0.19000000000000003
157,12,125.94852288090574,248.05147711909427,0.0
157,24,136.19116356802442,473.1911635680244,0.0
157,8,447.15234330728146,588.8476566927186,0.0
157,17,453.27366365084134,602.7263363491587,0.0
157,1,145.1190906052336,313.5,0.6800000000000004
157,19,158.75483864463567,337.7548386446357,0.6800000000000004
157,22,251.0722923992682,825.0722923992682,0.0
157,23,406.80638725717375,198.80638725717375,0.0
157,6,218.8330874934719,476.1669125065281,0.19000000000000003
157,11,359.9277076007325,250.0722923992675,0.0
157,9,605.0012245874025,842.0012245874025,0.0
157,14,161.26630013192408,341.7336998680759,1.0600000000000007
157,3,341.6850669136143,154.3149330863857,0.0
157,7,404.4926787581895,193.49267875818956,0.0
157,25,151.92104677056696,320.921046770567,0.9100000000000006
157,4,412.9068923205622,201.90689232056215,0.0
157,13,759.10172965079,510.1017296507901,0.0
157,15,658.6139991017468,187.6139991017468,0.0
157,2,263.6182352534599,479.5,2.1200000000000014
157,10,139.5,299.3678707071183,0.2800000000000001
157,18,184.99877541259858,272.9987754125986,0.0
157,21,711.5480099959987,615.5,0.0
158,5,664.3987592794542,178.60124072054575,0.0
158,16,480.39013730810586,754.6098626918943,0.0
158,20,218.37690041744767,474.3769004174477,0.20000000000000004
158,12,124.99392872630393,247.99392872630392,0.0
158,24,135.2365694134226,472.76343058657744,0.0
158,8,446.8022508473204,589.8022508473205,0.0
158,17,452.6809305037605,603.6809305037606,0.0
158,1,143.69072533622162,312.6907253362216,0.6800000000000004
158,19,157.50780081572773,336.50780081572776,0.6800000000000004
158,22,252.02688655387007,826.0268865538701,0.0
158,23,405.8517931025719,197.85179310257192,0.0
158,6,219.13425973032864,475.13425973032867,0.20000000000000004
158,11,358.9731134461307,249.9731134461307,0.0
158,9,605.0441812579957,842.9558187420043,0.0
158,14,160.5,340.28543374179156,1.0600000000000007
158,3,340.437579540199,154.437579540199,0.0
158,7,403.5380846035877,192.5380846035877,0.0
158,25,150.55603779766435,319.5560377976643,0.9100000000000006
158,4,411.9522981659603,200.95229816596031,0.0
158,13,760.0563238053919,511.0563238053919,0.0
158,15,657.6594049471449,186.65940494714496,0.0
158,2,263.0794877582345,479.9205122417655,2.1350000000000016
158,10,139.04804211667292,298.04804211667295,0.2800000000000001
158,18,184.04418125799674,272.04418125799674,0.0
158,21,712.7814355671507,615.2185644328493,0.0
159,5,663.4441651248524,179.4441651248524,0.0
159,16,479.43554315350394,755.564456846496,0.0
159,20,217.5,473.2739822704564,0.21000000000000005
159,12,124.0393345717021,247.03933457170208,0.0
159,24,134.1916664540914,473.5,0.0
159,8,447.8632336851462,590.5,0.0
159,17,453.6355246583624,604.6355246583624,0.0
159,1,143.8492057114998,311.1507942885002,0.6800000000000004
159,19,156.2607629868198,335.2607629868198,0.6800000000000004
159,22,252.98148070847193,826.981480708472,0.0
159,23,404.8971989479701,196.89719894797005,0.0
159,6,218.0975406436523,474.0975406436523,0.21000000000000005
159,11,357.8190834520591,249.50000000000003,0.0
159,9,604.0895871033938,843.9104128966062,0.0
159,14,159.66996440072458,338.6699644007246,1.0600000000000007
159,3,339.48298538559715,153.48298538559717,0.0
159,7,402.58349044898586,191.58349044898586,0.0
159,25,149.5,318.06304877359565,0.9100000000000006
159,4,410.99770401135845,199.99770401135848,0.0
159,13,761.0109179599938,512.0109179599938,0.0
159,15,656.4119175737296,186.41191757372965,0.0
159,2,262.58418262213036,480.41581737786964,2.1500000000000017
159,10,139.01759302885065,296.9824069711494,0.2800000000000001
159,18,183.0895871033949,271.0895871033949,0.0
159,21,713.7360297217525,614.2639702782475,0.0
160,5,662.4895709702505,178.48957097025053,0.0
160,16,478.4730578158706,756.5,0.0
160,20,217.00648670276138,472.0064867027614,0.22000000000000006
160,12,123.08474041710026,246.08474041710025,0.0
160,24,133.03448788540544,473.96551211459456,0.0
160,8,449.0043323753376,591.0043323753375,0.0
160,17,454.59011881296425,605.5901188129643,0.0
160,1,144.5,309.656784298678,0.6800000000000004
160,19,155.5,333.81230352327816,0.6800000000000004
160,22,253.93607486307377,827.9360748630738,0.0
160,23,403.9426047933682,195.94260479336822,0.0
160,6,217.5,472.8731346136995,0.22000000000000006
160,11,356.46908345205907,249.50000000000003,0.0
160,9,603.5,845.0161979221803,0.0
160,14,158.28454327645565,337.2845432764557,1.0600000000000007
160,3,338.52839123099534,152.5283912309953,0.0
160,7,401.628896294384,190.62889629438402,0.0
160,25,148.5331266330456,316.53312663304564,0.9100000000000006
160,4,410.04310985675664,199.04310985675662,0.0
160,13,761.9655121145956,512.9655121145956,0.0
160,15,655.4396462005349,185.5,0.0
160,2,261.9309604493218,480.5,2.165000000000002
160,10,140.08322817437423,295.9167718256258,0.2800000000000001
160,18,182.13499294879304,270.13499294879307,0.0
160,21,714.6906238763544,613.3093761236456,0.0
161,5,661.5349768156486,177.53497681564866,0.0
161,16,477.2334616254868,756.7665383745132,0.0
161,20,215.96158689595038,470.96158689595035,0.23000000000000007
161,12,121.9769478283309,245.49999999999997,0.0
161,24,131.9058800164645,474.5,0.0
161,8,449.5,592.1490201227731,0.0
161,17,455.5,606.563233685146,0.0
161,1,143.36382541187086,308.3638254118709,0.6800000000000004
161,19,155.81909910862296,332.18090089137706,0.6800000000000004
161,22,254.89066901767563,828.8906690176757,0.0
161,23,402.98801063876635,194.98801063876638,0.0
161,6,216.71894620883134,471.7189462088313,0.23000000000000007
161,11,355.2306513258848,249.23065132588482,0.0
161,9,602.8875055753766,846.1124944246234,0.0
161,14,156.89912215218672,335.89912215218675,1.0600000000000007
161,3,337.5737970763935,153.42620292360652,0.0
161,7,400.6743021397822,189.67430213978216,0.0
161,25,147.87522444132952,314.8752244413295,0.9100000000000006
161,4,409.0885157021548,198.08851570215478,0.0
161,13,762.9201062691975,513.9201062691975,0.0
161,15,654.2098360457126,185.79016395428746,0.0
161,2,261.32687107768817,480.67312892231183,2.1800000000000015
161,10,141.1488633198978,294.85113668010223,0.2800000000000001
161,18,181.5,269.0480156401944,0.0
161,21,715.6452180309562,612.3547819690438,0.0
162,5,660.5803826610468,176.5803826610468,0.0
162,16,476.1872713782437,757.5,0.0
162,20,216.08742744686896,469.91257255313104,0.24000000000000007
162,12,120.88265888908313,244.88265888908313,0.0
162,24,130.83240635738832,473.8324063573883,0.0
162,8,448.7935860966453,593.2064139033547,0.0
162,17,455.5,607.913233685146,0.0
162,1,142.11678758296293,307.11678758296296,0.6800000000000004
162,19,156.5,330.69936146478346,0.6800000000000004
162,22,255.8452631722775,829.8452631722776,0.0
162,23,402.03341648416455,194.03341648416452,0.0
162,6,215.669931866012,470.669931866012,0.24000000000000007
162,11,354.27605717128296,248.72394282871707,0.0
162,9,603.0670885792252,847.0670885792252,0.0
162,14,155.5137010279178,334.5137010279178,1.0600000000000007
162,3,336.6192029217916,154.38079707820836,0.0
162,7,399.7197079851803,188.71970798518032,0.0
162,25,146.21732224961343,314.2173222496134,0.9100000000000006
162,4,408.1339215475529,197.13392154755294,0.0
162,13,763.1252995762006,514.8747004237994,0.0
162,15,653.2552418911107,186.7447581088893,0.0
162,2,260.857637876397,481.142362123603,2.1950000000000016
162,10,140.78550153457863,293.78550153457866,0.2800000000000001
162,18,180.93291142077592,267.9329114207759,0.0
162,21,716.5998121855581,611.4001878144419,0.0
163,5,659.6257885064449,177.37421149355507,0.0
163,16,474.83727137824366,757.5,0.0
163,20,215.85942747236095,468.85942747236095,0.25000000000000006
163,12,120.5,243.691161390704,0.0
163,24,129.8778122027865,474.12218779721354,0.0
163,8,449.16100805795656,594.1610080579566,0.0
163,17,455.5,609.263233685146,0.0
163,1,140.869749754055,305.869749754055,0.6800000000000004
163,19,155.39393201474772,329.39393201474775,0.6800000000000004
163,22,256.79985732687936,830.7998573268794,0.0
163,23,401.0788223295627,193.07882232956268,0.0
163,6,216.3832132147581,469.6167867852419,0.25000000000000006
163,11,353.3214630166811,249.32146301668115,0.0
163,9,602.9783172661729,848.0216827338271,0.0
163,14,155.5,332.5600948359605,1.0600000000000007
163,3,335.6646087671898,153.66460876718978,0.0
163,7,398.76511383057846,187.76511383057849,0.0
163,25,144.5840326517554,313.5,0.9100000000000006
163,4,407.1793273929511,196.17932739295108,0.0
163,13,762.5,515.9656928587909,0.0
163,15,652.218073325281,187.5,0.0
163,2,260.35430301286175,481.5,2.2100000000000017
163,10,140.4269731702416,292.4269731702416,0.2800000000000001
163,18,181.02168273382594,266.9783172661741,0.0
163,21,717.55440634016,610.44559365984,0.0
164,5,658.671194351843,176.67119435184307,0.0
164,16,473.7838927240544,758.2161072759457,0.0
164,20,214.8021353878987,467.80213538789866,0.26000000000000006
164,12,120.5,242.341161390704,0.0
164,24,128.6843071412107,474.5,0.0
164,8,450.11560221255843,595.1156022125584,0.0
164,17,456.28717508781205,610.287175087812,0.0
164,1,139.62271192514706,304.6227119251471,0.6800000000000004
164,19,154.5,328.0006329686618,0.6800000000000004
164,22,257.7544514814812,831.7544514814813,0.0
164,23,400.1242281749608,192.12422817496085,0.0
164,6,215.55949470077965,468.5594947007796,0.26000000000000006
164,11,352.3668688620793,248.63313113792077,0.0
164,9,602.976276888429,848.976276888429,0.0
164,14,156.5,331.0150270547943,1.0600000000000007
164,3,334.71001461258794,154.28998538741206,0.0
164,7,397.81051967597665,186.81051967597662,0.0
164,25,143.5,312.0678320118886,0.9100000000000006
164,4,406.22473323834924,195.22473323834924,0.0
164,13,761.9232180481835,517.0767819518165,0.0
164,15,651.0531603630935,187.05316036309353,0.0
164,2,259.71487032266214,481.5,2.2250000000000014
164,10,139.361338024718,291.361338024718,0.2800000000000001
164,18,181.02372311157222,266.0237231115722,0.0
164,21,718.5090004947618,609.4909995052382,0.0
165,5,657.7166001972412,177.2833998027588,0.0
165,16,472.5514849406167,758.5,0.0
165,20,213.74067996995268,466.7406799699527,0.2700000000000001
165,12,120.5,240.991161390704,0.0
165,24,127.67573067476935,475.32426932523066,0.0
165,8,450.5,596.3063794356539,0.0
165,17,457.24176924241385,611.2417692424139,0.0
165,1,139.5,302.909963058374,0.6800000000000004
165,19,153.60696313811837,326.6069631381184,0.6800000000000004
165,22,258.7090456360831,832.7090456360831,0.0
165,23,399.169634020359,191.16963402035898,0.0
165,6,214.49803928283364,467.49803928283364,0.2700000000000001
165,11,351.37593770155144,249.50000000000003,0.0
165,9,603.0691289569692,849.9308710430308,0.0
165,14,155.47875799867063,329.47875799867063,1.0600000000000007
165,3,333.7554204579861,155.2445795420139,0.0
165,7,396.8559255213748,185.8559255213748,0.0
165,25,144.46349110672142,310.53650889327855,0.9100000000000006
165,4,405.2701390837474,194.2701390837474,0.0
165,13,761.5,518.2514792964179,0.0
165,15,650.0985662084917,186.9014337915083,0.0
165,2,259.0873973639053,481.5,2.2400000000000015
165,10,138.70429712080556,290.29570287919444,0.2800000000000001
165,18,180.0691289569704,265.06912895697036,0.0
165,21,719.4635946493637,608.5364053506363,0.0
166,5,656.4691128238259,177.5308871761741,0.0
166,16,471.5818111960372,759.4181888039627,0.0
166,20,213.38215160561563,465.38215160561566,0.2800000000000001
166,12,120.5,239.641161390704,0.0
166,24,126.7211365201675,476.27886347983247,0.0
166,8,451.31768374057555,597.3176837405755,0.0
166,17,458.19636339701566,612.1963633970157,0.0
166,1,139.5,301.1463852479401,0.6800000000000004
166,19,152.35992530921044,325.35992530921044,0.6800000000000004
166,22,259.66363979068495,833.663639790685,0.0
166,23,398.21503986575715,190.21503986575715,0.0
166,6,213.5,466.4044050142236,0.2800000000000001
166,11,350.1647873340621,249.16478733406217,0.0
166,9,602.8854651976327,850.8854651976327,0.0
166,14,154.5,327.9248914924618,1.0600000000000007
166,3,332.5112190757915,155.5,0.0
166,7,395.9013313667729,184.90133136677295,0.0
166,25,143.87860670156246,308.8786067015625,0.9100000000000006
166,4,404.3155449291456,193.31554492914555,0.0
166,13,762.2788634798337,519.2788634798337,0.0
166,15,649.1439720538898,187.14397205388983,0.0
166,2,258.48006264047694,481.51993735952306,2.2550000000000017
166,10,139.76993226632914,289.23006773367086,0.2800000000000001
166,18,179.11453480236852,264.11453480236855,0.0
166,21,720.4181888039656,607.5818111960344,0.0
167,5,655.514518669224,178.48548133077597,0.0
167,16,470.6272170414354,758.6272170414354,0.0
167,20,212.31232027386503,464.312320273865,0.2900000000000001
167,12,119.64522202200669,238.6452220220067,0.0
167,24,126.47364914675222,477.5263508532478,0.0
167,8,452.27227789517735,598.2722778951774,0.0
167,17,458.5,613.4205929980267,0.0
167,1,139.5,299.3828074375062,0.6800000000000004
167,19,151.8871125196975,324.1128874803025,0.6800000000000004
167,22,260.6182339452868,834.6182339452869,0.0
167,23,397.2604457111553,189.2604457111553,0.0
167,6,213.069679586746,465.06967958674596,0.2900000000000001
167,11,349.2101931794603,248.78980682053975,0.0
167,9,603.9809165479419,851.5,0.0
167,14,153.4150225313193,326.41502253131927,1.0600000000000007
167,3,331.55333892996896,156.44666107003104,0.0
167,7,394.9467372121711,183.9467372121711,0.0
167,25,142.51359772865985,307.5135977286598,0.9100000000000006
167,4,403.3609507745437,192.3609507745437,0.0
167,13,761.7665423655644,520.2334576344356,0.0
167,15,648.1893778992879,186.81062210071204,0.0
167,2,258.0531172936025,481.9468827063975,2.270000000000002
167,10,140.1644325881473,288.1644325881473,0.2800000000000001
167,18,178.8400593522333,263.1599406477667,0.0
167,21,721.7343014970141,607.5,0.0
168,5,654.2670312958087,178.73296870419128,0.0
168,16,469.6726228868336,759.3273771131664,0.0
168,20,211.23827623242815,463.2382762324282,0.3000000000000001
168,12,119.3977346485914,237.3977346485914,0.0
168,24,125.51905499215039,478.48094500784964,0.0
168,8,451.7731279502208,599.2268720497792,0.0
168,17,457.60155507496717,614.3984449250328,0.0
168,1,138.8772012966346,297.8772012966346,0.6800000000000004
168,19,153.13415034860543,322.86584965139457,0.6800000000000004
168,22,261.5728280998887,835.5728280998887,0.0
168,23,396.3058515565535,188.30585155655345,0.0
168,6,211.9956355453091,463.99563554530914,0.3000000000000001
168,11,348.25559902485844,249.25559902485847,0.0
168,9,605.0875467256499,852.0875467256499,0.0
168,14,152.02960140705034,325.02960140705034,1.0600000000000007
168,3,330.5987447753671,155.59874477536712,0.0
168,7,393.99214305756925,182.99214305756925,0.0
168,25,141.1485887557572,306.1485887557572,0.9100000000000006
168,4,402.40635661994185,191.40635661994187,0.0
168,13,760.8119482109626,521.1880517890374,0.0
168,15,647.1249275747733,187.5,0.0
168,2,257.6344616588267,482.3655383411733,2.285000000000002
168,10,139.09879744262372,287.0987974426237,0.2800000000000001
168,18,179.20534649316485,262.2053464931648,0.0
168,21,723.0843014970142,607.5,0.0
169,5,653.3124371412068,179.31243714120686,0.0
169,16,468.71802873223174,758.7180287322317,0.0
169,20,210.83999710721912,462.1600028927809,0.3100000000000001
169,12,118.44314049398957,236.44314049398955,0.0
169,24,124.56446083754854,477.56446083754855,0.0
169,8,452.1814662043811,600.1814662043811,0.0
169,17,457.64593229844803,615.6459322984481,0.0
169,1,139.36983653227333,296.6301634677267,0.6800000000000004
169,19,152.61881182248663,321.61881182248663,0.6800000000000004
169,22,262.52742225449055,836.5274222544906,0.0
169,23,395.3512574019516,187.3512574019516,0.0
169,6,210.91736220566185,462.91736220566185,0.3100000000000001
169,11,347.21857838867066,248.50000000000003,0.0
169,9,606.0421408802517,853.0421408802517,0.0
169,14,152.3558197172186,323.6441802827814,1.0600000000000007
169,3,329.6441506207653,156.35584937923474,0.0
169,7,393.0375489029674,182.03754890296742,0.0
169,25,139.78357978285456,304.7835797828546,0.9100000000000006
169,4,401.45176246534004,190.45176246534,0.0
169,13,759.8573540563607,522.1426459436393,0.0
169,15,645.9872963712709,186.98729637127084,0.0
169,2,257.22404149555126,482.77595850444874,2.3000000000000016
169,10,138.5,285.83979178913194,0.2800000000000001
169,18,178.749247661437,261.250752338563,0.0
169,21,724.4343014970142,607.5,0.0
170,5,652.357842986605,178.357842986605,0.0
170,16,467.47054135881643,758.5294586411835,0.0
170,20,211.07748360107786,461.07748360107786,0.3200000000000001
170,12,117.48854633938771,235.48854633938774,0.0
170,24,123.31697346413326,477.68302653586676,0.0
170,8,452.5,601.3995251861616,0.0
170,17,458.6421658732804,616.5,0.0
170,1,140.61687436118126,295.38312563881874,0.6800000000000004
170,19,151.3717739935787,320.3717739935787,0.6800000000000004
170,22,263.4820164090924,837.4820164090925,0.0
170,23,394.39666324734975,186.39666324734978,0.0
170,6,211.16515708604118,461.8348429139588,0.3200000000000001
170,11,346.05351749684127,248.94648250315873,0.0
170,9,606.9967350348536,853.9967350348536,0.0
170,14,153.25875915851248,322.2587591585125,1.0600000000000007
170,3,328.6895564661634,157.31044353383658,0.0
170,7,392.0829547483656,181.08295474836555,0.0
170,25,139.12567759113847,303.12567759113847,0.9100000000000006
170,4,400.4971683107382,189.49716831073818,0.0
170,13,758.9027599017588,523.0972400982412,0.0
170,15,645.032702216669,186.967297783331,0.0
170,2,256.82180326837187,483.17819673162813,2.3150000000000017
170,10,137.67463393276313,284.67463393276313,0.2800000000000001
170,18,179.5,260.2117241391791,0.0
170,21,725.7843014970142,607.5,0.0
171,5,651.4032488320031,177.40324883200313,0.0
171,16,466.51594720421457,759.4840527957854,0.0
171,20,209.99070163789537,459.99070163789537,0.3300000000000001
171,12,116.53395218478587,234.5339521847859,0.0
171,24,122.3623793095314,478.36237930953143,0.0
171,8,453.3835477323982,602.3835477323983,0.0
171,17,459.8480138264652,616.8480138264651,0.0
171,1,141.1360878099108,294.1360878099108,0.6800000000000004
171,19,150.12473616467076,319.12473616467076,0.6800000000000004
171,22,264.4366105636943,838.4366105636943,0.0
171,23,393.44206909274794,185.44206909274791,0.0
171,6,210.74806095077633,460.74806095077633,0.3300000000000001
171,11,345.09892334223946,249.09892334223946,0.0
171,9,607.5,855.1382758608228,0.0
171,14,151.87333803424355,320.87333803424355,1.0600000000000007
171,3,327.73496231156156,158.2650376884384,0.0
171,7,391.1283605937637,180.12836059376372,0.0
171,25,139.23933138176417,301.76066861823585,0.9100000000000006
171,4,399.5425741561363,188.54257415613634,0.0
171,13,759.051834252843,524.051834252843,0.0
171,15,644.0781080620671,187.07810806206717,0.0
171,2,256.42499026541327,483.57500973458673,2.325000000000002
171,10,137.31610556842608,283.3161055684261,0.2800000000000001
171,18,179.04867081054587,259.0486708105459,0.0
171,21,727.1343014970142,607.5,0.0
172,5,650.4273867484164,176.5,0.0
172,16,465.56135304961276,760.4386469503872,0.0
172,20,210.10035978202694,458.89964021797306,0.34000000000000014
172,12,116.28646481137059,233.2864648113706,0.0
172,24,121.36958851544928,477.5,0.0
172,8,452.66185811299994,603.3381418870001,0.0
172,17,460.802607981067,617.802607981067,0.0
172,1,140.5,292.63598619720216,0.6800000000000004
172,19,149.5,317.61993254654845,0.6800000000000004
172,22,265.39120471829614,839.3912047182962,0.0
172,23,392.4874749381461,184.48747493814608,0.0
172,6,209.65699953085402,459.656999530854,0.34000000000000014
172,11,344.1443291876376,248.14432918763762,0.0
172,9,606.8011834371292,856.1988165628708,0.0
172,14,150.48791690997462,319.4879169099746,1.0600000000000007
172,3,326.4874749381463,158.51252506185372,0.0
172,7,390.17376643916185,179.17376643916188,0.0
172,25,139.5,299.9382268929543,0.9100000000000006
172,4,398.5879800015345,187.58798000153448,0.0
172,13,759.5,525.2161979221795,0.0
172,15,643.1235139074653,186.8764860925347,0.0
172,2,256.03357920237977,483.96642079762023,2.3350000000000017
172,10,136.7495295770975,282.25047042290254,0.2800000000000001
172,18,178.09407665594404,258.09407665594404,0.0
172,21,728.4843014970143,607.5,0.0
173,5,649.2011673039859,176.79883269601405,0.0
173,16,464.6067588950109,761.3932411049891,0.0
173,20,209.80428248995472,457.8042824899547,0.35000000000000014
173,12,115.5,232.2622292025695,0.0
173,24,120.16029778151429,477.8397022184857,0.0
173,8,453.2927360416019,604.292736041602,0.0
173,17,461.7572021356689,618.7572021356689,0.0
173,1,139.3491189332815,291.3491189332815,0.6800000000000004
173,19,148.5,316.27056829848766,0.6800000000000004
173,22,266.345798872898,840.3457988728981,0.0
173,23,391.5328807835442,183.53288078354424,0.0
173,6,210.43835819716432,458.56164180283565,0.35000000000000014
173,11,343.1897350330358,247.18973503303576,0.0
173,9,605.8465892825274,857.1534107174726,0.0
173,14,149.5,317.9378441490445,1.0600000000000007
173,3,325.53288078354444,159.46711921645556,0.0
173,7,389.21917228456005,178.21917228456002,0.0
173,25,139.1519710159902,298.15197101599017,0.9100000000000006
173,4,397.63338584693264,186.63338584693264,0.0
173,13,758.7460842191399,526.2539157808601,0.0
173,15,642.0317818242656,187.5,0.0
173,2,255.64754699398753,484.35245300601247,2.3450000000000015
173,10,137.18483527737894,281.18483527737897,0.2800000000000001
173,18,177.1394825013422,257.1394825013422,0.0
173,21,729.7363868554996,607.7363868554996,0.0
174,5,648.2465731493841,177.7534268506159,0.0
174,16,463.3009798772284,761.5,0.0
174,20,209.41171831731452,456.4117183173145,0.36000000000000015
174,12,115.5,230.9122292025695,0.0
174,24,119.20570362691247,478.79429637308755,0.0
174,8,454.2473301962038,605.2473301962038,0.0
174,17,462.49999999999994,619.7995251861612,0.0
174,1,138.89791889562645,290.10208110437355,0.6800000000000004
174,19,147.79783624032007,314.79783624032007,0.6800000000000004
174,22,267.30039302749987,841.3003930274999,0.0
174,23,390.5782866289424,182.57828662894238,0.0
174,6,209.5,457.4462186589029,0.36000000000000015
174,11,342.2351408784339,246.76485912156602,0.0
174,9,605.5,858.3598487360766,0.0
174,14,148.5,316.3927763678783,1.0600000000000007
174,3,324.28539341012913,159.28539341012916,0.0
174,7,388.2645781299582,177.26457812995818,0.0
174,25,139.21303795691244,296.78696204308756,0.9100000000000006
174,4,396.6787916923308,185.6787916923308,0.0
174,13,759.208509935462,527.208509935462,0.0
174,15,640.9214323794481,186.92143237944813,0.0
174,2,255.2668707514242,484.2668707514242,2.3550000000000018
174,10,136.11920013185537,280.1192001318554,0.2800000000000001
174,18,176.5,256.0543648262984,0.0
174,21,730.6909810101015,608.3090189898985,0.0
175,5,647.2919789947822,178.29197899478223,0.0
175,16,461.95097987722835,761.5,0.0
175,20,208.5,455.22807099045536,0.37000000000000016
175,12,115.5,229.5622292025695,0.0
175,24,118.14801564019548,479.5,0.0
175,8,455.20192435080565,606.2019243508057,0.0
175,17,462.04071633631395,620.959283663686,0.0
175,1,140.14495672453438,288.8550432754656,0.6800000000000004
175,19,146.25790519259868,314.2579051925987,0.6800000000000004
175,22,268.25498718210173,842.2549871821018,0.0
175,23,389.62369247434054,181.62369247434054,0.0
175,6,209.5,455.8849252399481,0.37000000000000016
175,11,341.2805467238321,247.28054672383206,0.0
175,9,604.6445077545102,859.3554922454898,0.0
175,14,147.7458670995409,314.7458670995409,1.0600000000000007
175,3,323.3307992555273,158.6692007444727,0.0
175,7,387.3099839753563,176.30998397535635,0.0
175,25,140.5780469298151,295.42195307018494,0.9100000000000006
175,4,395.72419753772897,184.72419753772894,0.0
175,13,760.1631040900638,528.1631040900638,0.0
175,15,639.7459953866387,186.5,0.0
175,2,254.89152777985126,483.8915277798513,2.365000000000002
175,10,134.8686455489522,279.5,0.2800000000000001
175,18,175.93740097332508,254.93740097332508,0.0
175,21,731.7058743722681,607.5,0.0
176,5,646.3373848401803,177.66261515981964,0.0
176,16,460.864296774765,762.135703225235,0.0
176,20,207.90647550922364,453.90647550922364,0.38000000000000017
176,12,115.29651531770944,228.29651531770944,0.0
176,24,116.79801564019549,479.5,0.0
176,8,455.5,607.4284573742963,0.0
176,17,461.50000000000006,622.0853116237881,0.0
176,1,139.60800544655768,287.6080054465577,0.6800000000000004
176,19,144.80826199193214,313.5,0.6800000000000004
176,22,269.2095813367036,843.2095813367036,0.0
176,23,388.6690983197387,180.6690983197387,0.0
176,6,208.66383482210458,454.6638348221046,0.38000000000000017
176,11,340.32595256923025,246.67404743076972,0.0
176,9,604.3970203810949,860.6029796189051,0.0
176,14,146.0675527564585,314.0675527564585,1.0600000000000007
176,3,322.37620510092546,159.37620510092546,0.0
176,7,386.3553898207545,175.35538982075448,0.0
176,25,141.0569440972823,294.05694409728227,0.9100000000000006
176,4,394.7696033831271,183.7696033831271,0.0
176,13,760.5,529.3735572350603,0.0
176,15,638.3959953866387,186.5,0.0
176,2,254.52149557594868,483.5214955759487,2.3750000000000018
176,10,133.69503662199475,278.69503662199475,0.2800000000000001
176,18,176.01719318127675,253.98280681872325,0.0
176,21,733.0558743722681,607.5,0.0
177,5,645.3342409979086,178.5,0.0
177,16,459.90970262016316,761.9097026201631,0.0
177,20,206.79376270421076,452.7937627042108,0.3900000000000002
177,12,114.6580788368924,227.3419211631076,0.0
177,24,115.75613472548004,480.24386527452,0.0
177,8,455.5,608.7784573742963,0.0
177,17,462.1613651917032,623.1613651917032,0.0
177,1,138.5,286.30337851927123,0.6800000000000004
177,19,143.5,312.4588977438713,0.6800000000000004
177,22,270.16417549130546,844.1641754913055,0.0
177,23,387.7145041651369,179.71450416513684,0.0
177,6,209.44887798290827,453.5511220170917,0.3900000000000002
177,11,339.31807332528234,247.49999999999997,0.0
177,9,603.5,861.5814216113306,0.0
177,14,144.3892384133761,313.3892384133761,1.0600000000000007
177,3,321.4216109463236,158.57838905367637,0.0
177,7,385.40079566615265,174.40079566615265,0.0
177,25,140.39904190556618,292.3990419055662,0.9100000000000006
177,4,393.81500922852524,182.81500922852527,0.0
177,13,759.634814381919,530.365185618081,0.0
177,15,637.1789702592022,186.17897025920223,0.0
177,2,254.15675182550075,483.8432481744992,2.3850000000000016
177,10,133.3365082576577,277.3365082576577,0.2800000000000001
177,18,176.0282126641214,253.0282126641214,0.0
177,21,734.1405499115339,608.1405499115339,0.0
178,5,644.1353033121632,178.8646966878368,0.0
178,16,458.9551084655613,762.0448915344388,0.0
178,20,207.32333166626253,451.6766683337375,0.4000000000000002
178,12,115.38732700850576,226.38732700850576,0.0
178,24,114.51222920256856,480.5,0.0
178,8,455.9443864710516,609.9443864710516,0.0
178,17,462.49999999999994,624.3710980614152,0.0
178,1,137.82103656992837,284.82103656992837,0.6800000000000004
178,19,144.06899473175204,310.93100526824793,0.6800000000000004
178,22,271.1187696459073,845.1187696459074,0.0
178,23,386.759910010535,178.759910010535,0.0
178,6,208.4340276466184,452.4340276466184,0.4000000000000002
178,11,338.12387104121314,247.87612895878684,0.0
178,9,603.1949388530777,862.8050611469223,0.0
178,14,143.5,311.7982916808403,1.0600000000000007
178,3,320.4533546995224,159.5,0.0
178,7,384.4462015115508,173.4462015115508,0.0
178,25,139.03403293266356,291.03403293266354,0.9100000000000006
178,4,392.86041507392343,181.8604150739234,0.0
178,13,758.6802202273171,531.3197797726829,0.0
178,15,636.2243761046003,185.77562389539963,0.0
178,2,253.79727440102252,484.20272559897745,2.395000000000002
178,10,132.72912688786587,276.27087311213415,0.2800000000000001
178,18,175.07361850951958,252.07361850951958,0.0
178,21,735.0951440661357,607.9048559338643,0.0
179,5,643.1807091575613,179.81929084243868,0.0
179,16,457.7936205643476,762.5,0.0
179,20,206.5551751443707,450.5551751443707,0.4100000000000002
179,12,114.43273285390393,225.43273285390393,0.0
179,24,113.26115997864945,480.73884002135054,0.0
179,8,456.89898062565345,610.8989806256535,0.0
179,17,463.3634467197204,625.3634467197204,0.0
179,1,137.28110552220699,283.281105522207,0.6800000000000004
179,19,144.39107422052655,309.39107422052655,0.6800000000000004
179,22,272.0733638005092,846.0733638005092,0.0
179,23,385.80531585593315,177.80531585593317,0.0
179,6,207.31253445725162,451.3125344572516,0.4100000000000002
179,11,337.03228688765546,248.50000000000003,0.0
179,9,602.7596553015242,863.7596553015242,0.0
179,14,144.5,310.2532238996741,1.0600000000000007
179,3,319.2195294183065,159.7804705816935,0.0
179,7,383.491607356949,172.49160735694895,0.0
179,25,139.33097604023908,289.6690239597609,0.9100000000000006
179,4,391.90582091932157,180.90582091932157,0.0
179,13,759.2743739272847,532.2743739272847,0.0
179,15,635.2697819499984,186.2697819499985,0.0
179,2,253.5,484.58055168199485,2.405000000000002
179,10,133.20523796661055,275.2052379666106,0.2800000000000001
179,18,174.11902435491774,251.11902435491774,0.0
179,21,736.2774472475219,607.5,0.0
180,5,642.2261150029594,180.22611500295946,0.0
180,16,456.7530269375442,763.2469730624558,0.0
180,20,206.86362740407546,449.13637259592457,0.4200000000000002
180,12,113.5,224.4690834520619,0.0
180,24,112.30656582404761,481.6934341759524,0.0
180,8,457.8535747802553,611.8535747802554,0.0
180,17,464.31804087432226,626.3180408743223,0.0
180,1,136.96593230670095,282.03406769329905,0.6800000000000004
180,19,143.1440363916186,308.1440363916186,0.6800000000000004
180,22,273.02795795511105,847.0279579551111,0.0
180,23,384.85072170133134,176.8507217013313,0.0
180,6,206.5,450.0568210053717,0.4200000000000002
180,11,335.921789513196,249.078210486804,0.0
180,9,603.285750543874,864.714249456126,0.0
180,14,143.64718860294238,308.6471886029424,1.0600000000000007
180,3,318.16756826189544,160.5,0.0
180,7,382.5370132023471,171.5370132023471,0.0
180,25,140.30401498685828,288.3040149868583,0.9100000000000006
180,4,390.9512267647197,179.95122676471973,0.0
180,13,759.4781386993,533.5218613007,0.0
180,15,634.3151877953966,185.68481220460336,0.0
180,2,253.5,485.07412695094877,2.415000000000002
180,10,132.13960282108698,274.139602821087,0.2800000000000001
180,18,173.5,250.02543263816392,0.0
180,21,737.5901188129662,607.5901188129662,0.0
181,5,641.2715208483576,179.2715208483576,0.0
181,16,455.7984327829423,764.2015672170577,0.0
181,20,207.00602973644652,448.0060297364465,0.4300000000000002
181,12,113.76934867411319,223.2306513258868,0.0
181,24,111.35197166944576,482.6480283305542,0.0
181,8,458.5,612.9358166871771,0.0
181,17,465.2726350289241,627.2726350289241,0.0
181,1,136.78702986439112,280.7870298643911,0.6800000000000004
181,19,141.89699856271068,306.8969985627107,0.6800000000000004
181,22,273.9825521097129,847.982552109713,0.0
181,23,383.8961275467295,175.89612754672947,0.0
181,6,207.23661095067257,448.76338904932743,0.4300000000000002
181,11,334.96719535859415,248.9671953585942,0.0
181,9,602.3311563892721,865.6688436107279,0.0
181,14,142.26176747867345,307.26176747867345,1.0600000000000007
181,3,317.01744789028936,160.98255210971067,0.0
181,7,381.2895258289318,171.28952582893183,0.0
181,25,138.93900601395566,286.93900601395563,0.9100000000000006
181,4,389.9966326101179,178.99663261011787,0.0
181,13,758.5235445446981,534.4764554553019,0.0
181,15,633.3028496361309,186.5,0.0
181,2,253.45732834195545,485.5426716580445,2.4250000000000016
181,10,131.0739676755634,273.07396767556344,0.2800000000000001
181,18,172.9169428269006,248.91694282690062,0.0
181,21,738.5447129675681,608.4552870324319,0.0
182,5,640.3169266937557,178.31692669375573,0.0
182,16,454.84383862834045,765.1561613716596,0.0
182,20,205.8712358890683,446.87123588906826,0.4400000000000002
182,12,114.27605717128498,222.27605717128498,0.0
182,24,110.39737751484394,483.3973775148439,0.0
182,8,457.9443436917275,614.0556563082724,0.0
182,17,465.52012240233944,628.5201224023394,0.0
182,1,135.53999203548318,279.5399920354832,0.6800000000000004
182,19,140.64996073380274,305.64996073380274,0.6800000000000004
182,22,274.9371462643148,848.9371462643148,0.0
182,23,382.9415333921276,174.94153339212764,0.0
182,6,206.6285952019492,447.62859520194917,0.4400000000000002
182,11,334.01260120399235,248.01260120399235,0.0
182,9,601.5,866.6745673618383,0.0
182,14,140.87634635440452,305.8763463544045,1.0600000000000007
182,3,315.88178182426856,161.5,0.0
182,7,380.33493167433,170.33493167432997,0.0
182,25,138.28110382223954,285.2811038222396,0.9100000000000006
182,4,389.04203845551604,178.04203845551604,0.0
182,13,757.5689503900962,535.4310496099038,0.0
182,15,632.1131062673794,186.11310626737946,0.0
182,2,253.1186986002318,485.8813013997682,2.435000000000002
182,10,130.5,271.8046771958047,0.2800000000000001
182,18,171.96234867229876,247.96234867229876,0.0
182,21,739.49930712217,607.50069287783,0.0
183,5,639.3623325391538,177.36233253915387,0.0
183,16,453.6362612514668,765.5,0.0
183,20,206.26802647301025,445.73197352698975,0.45000000000000023
183,12,113.5,221.2475105768081,0.0
183,24,109.44278336024209,482.5572166397579,0.0
183,8,457.49999999999994,615.2216031248039,0.0
183,17,466.47471655694125,629.4747165569413,0.0
183,1,134.0000609877618,279.0000609877618,0.6800000000000004
183,19,139.5,304.36271225550644,0.6800000000000004
183,22,275.89174041891664,849.8917404189167,0.0
183,23,381.9869392375258,173.98693923752577,0.0
183,6,205.51066716012934,446.48933283987066,0.45000000000000023
183,11,333.05800704939054,247.05800704939048,0.0
183,9,601.870925138745,867.870925138745,0.0
183,14,139.5,304.4871663373823,1.0600000000000007
183,3,314.81536636227224,162.18463363772779,0.0
183,7,379.38033751972813,169.38033751972813,0.0
183,25,137.5,283.6742334167928,0.9100000000000006
183,4,388.08744430091417,177.0874443009142,0.0
183,13,758.3856437645056,536.3856437645056,0.0
183,15,631.1585121127775,185.8414878872224,0.0
183,2,252.78522726765678,486.2147727323432,2.445000000000002
183,10,130.5,270.2976415204638,0.2800000000000001
183,18,171.99224548230308,247.0077545176969,0.0
183,21,740.8490201227758,607.5,0.0
184,5,638.407738384552,176.592261615448,0.0
184,16,452.64175710032333,766.3582428996767,0.0
184,20,205.58822505439505,444.5882250543951,0.46000000000000024
184,12,113.07397564326784,220.07397564326786,0.0
184,24,108.48818920564027,483.51181079435975,0.0
184,8,458.2577378362895,616.2577378362895,0.0
184,17,466.72220393035656,630.7222039303566,0.0
184,1,133.46012994004042,277.4601299400404,0.6800000000000004
184,19,138.8629918571734,302.8629918571734,0.6800000000000004
184,22,276.8463345735185,850.8463345735186,0.0
184,23,381.03234508292394,173.03234508292394,0.0
184,6,206.34558436727596,445.345584367276,0.46000000000000024
184,11,332.1034128947887,246.8965871052113,0.0
184,9,602.8255192933468,868.8255192933468,0.0
184,14,138.81261088705315,302.81261088705315,1.0600000000000007
184,3,313.8607722076704,163.13922779232962,0.0
184,7,378.3949852598654,168.5,0.0
184,25,136.25819265762084,282.25819265762084,0.9100000000000006
184,4,387.13285014631236,176.13285014631234,0.0
184,13,758.3668688620791,537.6331311379209,0.0
184,15,630.2039179581757,186.20391795817574,0.0
184,2,252.4390379052976,486.5,2.455000000000002
184,10,129.99838258255232,268.9983825825523,0.2800000000000001
184,18,172.0531603630951,246.05316036309506,0.0
184,21,742.1990201227758,607.5,0.0
185,5,637.4531442299501,177.45314422995014,0.0
185,16,451.68716294572147,765.6871629457214,0.0
185,20,204.4399728061807,443.43997280618066,0.47000000000000025
185,12,112.11938148866601,219.11938148866602,0.0
185,24,107.53359505103842,484.46640494896155,0.0
185,8,459.5052252097048,616.5052252097048,0.0
185,17,467.32320191504147,631.6767980849585,0.0
185,1,132.78690788886752,276.2130921111325,0.6800000000000004
185,19,139.38404597173454,301.6159540282655,0.6800000000000004
185,22,277.80092872812037,851.8009287281204,0.0
185,23,380.0777509283221,172.0777509283221,0.0
185,6,205.1973321190616,444.19733211906157,0.47000000000000025
185,11,331.1488187401868,247.1488187401868,0.0
185,9,603.2198865520513,869.7801134479487,0.0
185,14,139.5,301.3970307750498,1.0600000000000007
185,3,312.9061780530685,164.09382194693146,0.0
185,7,377.178255991711,168.17825599171098,0.0
185,25,136.1068163152818,280.8931836847182,0.9100000000000006
185,4,386.1782559917105,175.1782559917105,0.0
185,13,757.5877252925228,538.5877252925228,0.0
185,15,629.2493238035738,185.75067619642613,0.0
185,2,251.98193932263808,486.5,2.4650000000000016
185,10,128.93274743702875,267.93274743702875,0.2800000000000001
185,18,171.09856620849325,245.09856620849322,0.0
185,21,743.5346624612293,607.5346624612293,0.0
186,5,636.4985500753482,176.49855007534828,0.0
186,16,450.7325687911196,766.2674312088805,0.0
186,20,203.28719904768263,442.28719904768263,0.48000000000000026
186,12,111.83521266593583,218.1647873340642,0.0
186,24,106.5790008964366,485.4209991035634,0.0
186,8,460.45981936430667,617.4598193643067,0.0
186,17,466.49999999999994,632.6858166871767,0.0
186,1,132.96605428222455,274.96605428222455,0.6800000000000004
186,19,139.5,299.90040594895095,0.6800000000000004
186,22,278.75552288272223,852.7555228827223,0.0
186,23,379.12315677372027,171.12315677372024,0.0
186,6,204.04455836056354,443.04455836056354,0.48000000000000026
186,11,330.194224585585,246.19422458558495,0.0
186,9,602.5,870.831926674719,0.0
186,14,139.45598220088834,299.45598220088834,1.0600000000000007
186,3,311.9515838984667,165.04841610153332,0.0
186,7,376.1091988222385,167.5,0.0
186,25,135.52817471181558,279.52817471181555,0.9100000000000006
186,4,385.22366183710864,174.22366183710866,0.0
186,13,758.4576805528753,539.5423194471247,0.0
186,15,628.2097038856231,186.5,0.0
186,2,251.53204722755484,486.5,2.475000000000002
186,10,128.5,266.6049616191874,0.2800000000000001
186,18,170.8560279461086,244.1439720538914,0.0
186,21,744.4892566158312,608.4892566158312,0.0
187,5,635.5439559207464,175.5439559207464,0.0
187,16,449.77797463651774,767.2220253634823,0.0
187,20,202.5,440.97657972537564,0.49000000000000027
187,12,112.21019317946234,217.21019317946235,0.0
187,24,105.3315135230213,485.3315135230213,0.0
187,8,461.41441351890853,618.4144135189085,0.0
187,17,466.87887961297554,633.8788796129755,0.0
187,1,131.7190164533166,273.7190164533166,0.6800000000000004
187,19,139.24319871400925,298.2431987140093,0.6800000000000004
187,22,279.7101170373241,853.7101170373242,0.0
187,23,378.1685626191184,170.1685626191184,0.0
187,6,202.8872452872835,441.88724528728346,0.49000000000000027
187,11,329.13178182426714,245.49999999999997,0.0
187,9,602.9821949759659,871.9821949759659,0.0
187,14,138.5,297.89268165034423,1.0600000000000007
187,3,310.99698974386484,166.00301025613516,0.0
187,7,374.9761744636939,166.97617446369387,0.0
187,25,133.87027252009946,278.8702725200995,0.9100000000000006
187,4,384.26906768250683,173.2690676825068,0.0
187,13,757.5030863982735,540.4969136017265,0.0
187,15,627.0472422755566,186.04724227555667,0.0
187,2,251.20961426946045,486.7903857305396,2.485000000000002
187,10,127.50858392716815,265.50858392716816,0.2800000000000001
187,18,171.5,243.06071401240246,0.0
187,21,745.4438507704331,609.4438507704331,0.0
188,5,634.5893617661445,174.58936176614455,0.0
188,16,448.8233804819159,768.1766195180842,0.0
188,20,202.38222927410592,439.38222927410595,0.5000000000000002
188,12,111.7444009751395,216.25559902486052,0.0
188,24,104.37691936841945,484.62308063158054,0.0
188,8,462.36900767351034,619.3690076735104,0.0
188,17,467.16652623242254,634.8334737675774,0.0
188,1,130.5,272.4603717906024,0.6800000000000004
188,19,139.00383911489868,296.99616088510135,0.6800000000000004
188,22,280.66471119192596,854.664711191926,0.0
188,23,377.21396846451654,169.21396846451657,0.0
188,6,202.5,440.4045148540558,0.5000000000000002
188,11,327.99214305756783,244.99214305756783,0.0
188,9,603.5,873.117713112346,0.0
188,14,139.60775326646302,296.392246733537,1.0600000000000007
188,3,309.852849636134,166.5,0.0
188,7,373.82341238461163,166.5,0.0
188,25,133.21237032838337,277.2123703283834,0.9100000000000006
188,4,383.31447352790497,172.31447352790497,0.0
188,13,756.5484922436716,541.4515077563284,0.0
188,15,626.0926481209548,185.9073518790452,0.0
188,2,250.90162255335292,487.0983774466471,2.495000000000002
188,10,126.44294878164457,264.4429487816446,0.2800000000000001
188,18,170.94189052587424,241.94189052587424,0.0
188,21,745.5,610.7705929980297,0.0
189,5,633.6347676115427,173.63476761154269,0.0
189,16,447.868786327314,769.131213672686,0.0
189,20,201.5,438.09805770428375,0.5100000000000002
189,12,112.5,215.21857838867362,0.0
189,24,103.42232521381762,485.5776747861824,0.0
189,8,462.38350495307424,620.6164950469257,0.0
189,17,466.49999999999994,635.9073895624305,0.0
189,1,130.5,270.6967939801685,0.6800000000000004
189,19,140.25087694380662,295.7491230561934,0.6800000000000004
189,22,281.6193053465278,855.6193053465279,0.0
189,23,376.25937430991473,168.2593743099147,0.0
189,6,201.97314318993423,438.9731431899342,0.5100000000000002
189,11,326.8459953866402,244.5,0.0
189,9,604.184276503983,874.184276503983,0.0
189,14,140.99317439073195,295.00682560926805,1.0600000000000007
189,3,308.502849636134,166.5,0.0
189,7,372.48119971686333,166.4811997168633,0.0
189,25,133.15263864451927,275.84736135548076,0.9100000000000006
189,4,382.3598793733031,171.35987937330313,0.0
189,13,755.5938980890697,542.4061019109303,0.0
189,15,625.1380539663529,186.13805396635294,0.0
189,2,250.59866544424028,487.4013345557597,2.5050000000000017
189,10,125.377313636121,263.377313636121,0.2800000000000001
189,18,169.9872963712724,240.9872963712724,0.0
189,21,745.0611744827363,611.9388255172637,0.0
190,5,632.3872802381273,173.61271976187263,0.0
190,16,446.6715426257052,769.5,0.0
190,20,200.75185211114882,436.7518521111488,0.5200000000000002
190,12,112.05351749684338,214.05351749684337,0.0
190,24,102.45436482629952,486.5,0.0
190,8,461.50000000000006,621.6005353129386,0.0
190,17,467.03555529559446,637.0355552955945,0.0
190,1,130.09922331015244,269.0992233101524,0.6800000000000004
190,19,141.49791477271455,294.5020852272855,0.6800000000000004
190,22,282.5738995011297,856.5738995011297,0.0
190,23,375.2239174479991,167.5,0.0
190,6,201.5,437.51302692079156,0.5200000000000002
190,11,325.4959953866402,244.5,0.0
190,9,605.1388706585849,875.1388706585849,0.0
190,14,140.62140448499912,293.6214044849991,1.0600000000000007
190,3,307.5474208424324,167.45257915756758,0.0
190,7,371.52660556226147,165.52660556226147,0.0
190,25,132.4823523825781,274.4823523825781,0.9100000000000006
190,4,381.4052852187013,170.40528521870127,0.0
190,13,754.6393039344679,543.3606960655321,0.0
190,15,624.183459811751,185.81654018824892,0.0
190,2,250.30072288387413,487.69927711612587,2.515000000000002
190,10,124.50000000000001,262.2336731673163,0.2800000000000001
190,18,169.03270221667057,240.03270221667057,0.0
190,21,744.5,613.0563794356566,0.0
191,5,631.4048037463854,174.5,0.0
191,16,445.66670479929684,770.3332952007032,0.0
191,20,200.28330910860922,435.2833091086092,0.5300000000000002
191,12,111.09892334224153,213.09892334224153,0.0
191,24,101.22024368580048,486.7797563141995,0.0
191,8,461.81857657494294,622.8185765749429,0.0
191,17,467.99014945019627,637.9901494501963,0.0
191,1,128.85218548124448,267.8521854812445,0.6800000000000004
191,19,140.5,293.1535847086469,0.6800000000000004
191,22,283.52849365573155,857.5284936557316,0.0
191,23,374.05729278189756,167.0572927818976,0.0
191,6,200.5,436.26462061441816,0.5300000000000002
191,11,324.14599538664015,244.5,0.0
191,9,606.0934648131868,876.0934648131868,0.0
191,14,139.9430901419167,291.94309014191674,1.0600000000000007
191,3,306.59282668783055,166.59282668783058,0.0
191,7,370.5720114076596,166.42798859234037,0.0
191,25,131.11734340967547,273.11734340967547,0.9100000000000006
191,4,380.45069106409943,169.45069106409943,0.0
191,13,754.6081834389474,544.6081834389474,0.0
191,15,623.1165581351153,186.5,0.0
191,2,250.0077749731992,487.99222502680084,2.525000000000002
191,10,124.50000000000001,260.7266374919754,0.2800000000000001
191,18,168.07810806206874,239.07810806206874,0.0
191,21,744.5,614.4063794356566,0.0
192,5,630.0548037463853,174.5,0.0
192,16,446.287889355305,771.2878893553051,0.0
192,20,199.5,433.9385995437598,0.5400000000000003
192,12,110.1443291876397,212.1443291876397,0.0
192,24,100.26564953119865,487.7343504688014,0.0
192,8,462.49999999999994,623.8863217505656,0.0
192,17,468.5,639.1289624376842,0.0
192,1,128.3122544335231,266.3122544335231,0.6800000000000004
192,19,139.71511635065613,291.7151163506561,0.6800000000000004
192,22,284.4830878103334,858.4830878103335,0.0
192,23,373.10269862729575,166.10269862729572,0.0
192,6,199.8603892433122,434.8603892433122,0.5400000000000003
192,11,323.00219356390664,244.99780643609336,0.0
192,9,607.2750724252269,876.5,0.0
192,14,138.55766901764778,290.5576690176478,1.0600000000000007
192,3,305.63823253322875,167.36176746677128,0.0
192,7,369.6174172530578,165.61741725305777,0.0
192,25,130.5,271.4426412203648,0.9100000000000006
192,4,379.49448019647633,168.5,0.0
192,13,755.5,545.5887809242105,0.0
192,15,621.9813782837339,185.9813782837339,0.0
192,2,249.71980197046557,488.28019802953446,2.535000000000002
192,10,123.59462176192334,259.59462176192335,0.2800000000000001
192,18,167.5,237.96756826189483,0.0
192,21,744.3187123624904,615.6812876375096,0.0
193,5,628.937711336695,173.93771133669495,0.0
193,16,446.5,772.5500302495487,0.0
193,20,198.62520990967084,432.62520990967084,0.5500000000000003
193,12,109.18973503303786,211.18973503303786,0.0
193,24,99.3110553765968,488.6889446234032,0.0
193,8,463.02065810296,625.02065810296,0.0
193,17,469.19223097821344,640.1922309782134,0.0
193,1,127.06521660461516,265.06521660461516,0.6800000000000004
193,19,138.53192147825183,290.46807852174817,0.6800000000000004
193,22,285.4376819649353,859.4376819649353,0.0
193,23,372.1481044726939,165.8518955273061,0.0
193,6,199.61743077744825,433.38256922255175,0.5500000000000003
193,11,322.0475994093048,245.9524005906952,0.0
193,9,608.2955463412039,877.2955463412039,0.0
193,14,139.82775210662115,289.1722478933789,1.0600000000000007
193,3,305.39074515981343,168.60925484018657,0.0
193,7,368.66282309845593,166.33717690154407,0.0
193,25,130.5,269.5122270181249,0.9100000000000006
193,4,378.2486095360823,168.2486095360823,0.0
193,13,755.1897350330355,546.8102649669645,0.0
193,15,621.026784129132,185.97321587086796,0.0
193,2,249.41059948467316,488.5,2.5450000000000017
193,10,122.52898661639976,258.5289866163998,0.2800000000000001
193,18,166.8760265340516,236.8760265340516,0.0
193,21,743.3641182078885,616.6358817921115,0.0
194,5,627.9831171820931,174.0168828179069,0.0
194,16,446.78286410213565,773.7828641021357,0.0
194,20,197.4356171828552,431.4356171828552,0.5600000000000003
194,12,108.23514087843603,210.23514087843603,0.0
194,24,98.29700551341882,489.5,0.0
194,8,463.97525225756186,625.9752522575619,0.0
194,17,470.14682513281525,641.1468251328153,0.0
194,1,125.81817877570722,263.8181787757072,0.6800000000000004
194,19,139.77895930715977,289.22104069284023,0.6800000000000004
194,22,286.39227611953714,860.3922761195372,0.0
194,23,371.193510318092,166.19351031809205,0.0
194,6,200.1929764957361,432.1929764957361,0.5600000000000003
194,11,321.0930052547029,246.90699474529703,0.0
194,9,609.2501404958058,878.2501404958058,0.0
194,14,139.78682676910992,287.78682676910995,1.0600000000000007
194,3,304.40970388562636,169.5,0.0
194,7,367.4153357250406,166.41533572504065,0.0
194,25,129.14363683452717,268.1436368345272,0.9100000000000006
194,4,377.20869375884945,167.5,0.0
194,13,754.2351408784336,547.7648591215664,0.0
194,15,620.0721899745301,186.92781002546982,0.0
194,2,249.01733244278026,488.5,2.555000000000002
194,10,121.46335147087619,257.4633514708762,0.2800000000000001
194,18,166.5,235.68178182426792,0.0
194,21,742.4095240532866,617.5904759467134,0.0
195,5,627.0285230274912,174.02852302749127,0.0
195,16,447.7374582567375,774.7374582567376,0.0
195,20,196.75865984199342,430.2413401580066,0.5700000000000003
195,12,107.28054672383419,209.2805467238342,0.0
195,24,97.10897384857968,489.1089738485797,0.0
195,8,464.9298464121637,626.9298464121637,0.0
195,17,469.898580712583,642.101419287417,0.0
195,1,124.57114094679929,262.5711409467993,0.6800000000000004
195,19,139.9740028639323,287.9740028639323,0.6800000000000004
195,22,287.346870274139,861.3468702741391,0.0
195,23,370.1307716974914,165.5,0.0
195,6,199.5,430.79105399290427,0.5700000000000003
195,11,320.1384111001011,247.8615888998989,0.0
195,9,608.7952653495923,879.2047346504077,0.0
195,14,138.5,286.3605665257607,1.0600000000000007
195,3,303.1886636317963,169.81133636820368,0.0
195,7,366.4607415704388,165.53925842956122,0.0
195,25,128.48573464281108,266.48573464281105,0.9100000000000006
195,4,376.0465280080652,167.9534719919348,0.0
195,13,753.2805467238318,548.7194532761682,0.0
195,15,618.9591988222345,187.5,0.0
195,2,248.63101853472872,488.5,2.565000000000002
195,10,120.39771632535262,256.39771632535263,0.2800000000000001
195,18,165.67394500603447,234.67394500603447,0.0
195,21,741.5450701013152,618.5450701013152,0.0
196,5,626.0739288728894,173.9260711271106,0.0
196,16,448.5,775.7716031248026,0.0
196,20,197.95763961038796,429.04236038961204,0.5800000000000003
196,12,106.5,208.2538597629122,0.0
196,24,96.01121907579193,488.5,0.0
196,8,465.50000000000006,628.0436810634462,0.0
196,17,470.05601344201887,643.0560134420189,0.0
196,1,124.50000000000001,260.8370306813697,0.6800000000000004
196,19,138.72696503502436,286.72696503502436,0.6800000000000004
196,22,288.30146442874087,862.3014644287409,0.0
196,23,368.9914287900749,164.99142879007488,0.0
196,6,198.50682648367948,429.50682648367945,0.5800000000000003
196,11,319.0528496361325,248.50000000000003,0.0
196,9,608.5,880.4324317381077,0.0
196,14,137.7230913017586,284.7230913017586,1.0600000000000007
196,3,302.23406947719445,170.23406947719448,0.0
196,7,365.50614741583695,166.49385258416305,0.0
196,25,127.12072566990842,265.12072566990844,0.9100000000000006
196,4,375.09193385346333,168.90806614653664,0.0
196,13,752.3259525692299,549.6740474307701,0.0
196,15,617.8701084465131,186.87010844651306,0.0
196,2,248.25163070545466,488.5,2.575000000000002
196,10,119.5,255.26252692713655,0.2800000000000001
196,18,164.71935085143264,233.71935085143264,0.0
196,21,742.4996642559171,619.4996642559171,0.0
197,5,624.9616579958777,174.5,0.0
197,16,448.9395397847547,776.9395397847546,0.0
197,20,197.83865935952508,427.8386593595251,0.5900000000000003
197,12,106.07846519581707,207.07846519581707,0.0
197,24,94.90689232056255,489.0931076794374,0.0
197,8,466.13192794018084,629.1319279401808,0.0
197,17,470.50000000000006,644.2221081881917,0.0
197,1,123.4912788513565,259.4912788513565,0.6800000000000004
197,19,138.18703398730298,285.187033987303,0.6800000000000004
197,22,289.25605858334274,863.2560585833428,0.0
197,23,367.84498525986453,164.5,0.0
197,6,198.01023223477907,428.01023223477904,0.5900000000000003
197,11,317.7028496361325,248.50000000000003,0.0
197,9,607.5931838215753,881.4068161784247,0.0
197,14,137.04477695867618,283.0447769586762,1.0600000000000007
197,3,301.27947532259265,169.72052467740738,0.0
197,7,364.5515532612351,165.5515532612351,0.0
197,25,125.7557166970058,263.75571669700577,0.9100000000000006
197,4,374.1373396988615,169.1373396988615,0.0
197,13,751.628641585372,550.628641585372,0.0
197,15,616.6734123846077,186.5,0.0
197,2,247.87914210962415,488.5,2.5850000000000017
197,10,120.02644718450799,253.973552815492,0.2800000000000001
197,18,163.7647566968308,232.7647566968308,0.0
197,21,742.7471516293324,620.7471516293324,0.0
198,5,623.8718473448722,173.87184734487224,0.0
198,16,449.8941339393565,777.8941339393565,0.0
198,20,196.63021847667977,426.6302184766798,0.6000000000000003
198,12,105.5,205.9680733252853,0.0
198,24,93.95229816596073,488.9522981659607,0.0
198,8,466.49999999999994,630.3294675010732,0.0
198,17,471.258094970036,645.258094970036,0.0
198,1,122.24424102244858,258.2442410224486,0.6800000000000004
198,19,137.5,283.70803497222124,0.6800000000000004
198,22,290.2106527379446,864.2106527379447,0.0
198,23,366.7893472620578,165.21065273794224,0.0
198,6,197.5,426.5125838605385,0.6000000000000003
198,11,316.39594897985523,248.6040510201448,0.0
198,9,607.5,882.7182181757345,0.0
198,14,137.34064416559275,281.6593558344073,1.0600000000000007
198,3,300.25234457274564,170.5,0.0
198,7,363.30406588781983,165.6959341121802,0.0
198,25,124.50000000000001,262.345437381164,0.9100000000000006
198,4,373.05133444596873,168.5,0.0
198,13,752.5,551.6177131123451,0.0
198,15,615.3751336996826,186.62486630031748,0.0
198,2,247.51352610920392,488.5,2.595000000000002
198,10,121.09208233003157,252.90791766996844,0.2800000000000001
198,18,162.81016254222897,233.18983745777103,0.0
198,21,743.5,621.7853116237914,0.0
199,5,622.6758715582507,173.5,0.0
199,16,450.84872809395836,778.8487280939584,0.0
199,20,195.58298092319654,425.41701907680346,0.6100000000000003
199,12,104.87638366779994,204.87638366779993,0.0
199,24,92.99770401135888,487.9977040113589,0.0
199,8,467.3340094681979,631.334009468198,0.0
199,17,472.21268912463785,646.2126891246379,0.0
199,1,120.99720319354064,256.99720319354066,0.6800000000000004
199,19,136.40006511067367,282.40006511067367,0.6800000000000004
199,22,291.16524689254646,865.1652468925465,0.0
199,23,365.8347531074559,164.83475310745592,0.0
199,6,196.5,425.2110743777436,0.6100000000000003
199,11,315.44135482525337,249.44135482525343,0.0
199,9,607.9017909252553,883.9017909252553,0.0
199,14,136.27393471013832,280.27393471013835,1.0600000000000007
199,3,299.0773937945755,170.0773937945755,0.0
199,7,362.34947173321797,166.34947173321797,0.0
199,25,123.73280553238702,260.73280553238703,0.9100000000000006
199,4,371.9352581708444,167.93525817084438,0.0
199,13,752.8307231133891,552.8307231133891,0.0
199,15,614.4205395450807,187.42053954508071,0.0
199,2,247.1547562710694,488.5,2.605000000000002
199,10,121.5,251.56984702586013,0.2800000000000001
199,18,161.5886360737603,233.5,0.0
199,21,743.9492331573495,622.9492331573495,0.0
200,5,621.3768725980416,173.62312740195836,0.0
200,16,451.1966777514398,779.8033222485602,0.0
200,20,196.19904242212866,424.1990424221286,0.6200000000000003
200,12,103.92178951319809,203.9217895131981,0.0
200,24,92.04310985675706,487.04310985675704,0.0
200,8,466.7113963772001,632.2886036227999,0.0
200,17,473.1672832792397,647.1672832792398,0.0
200,1,119.75016536463271,255.75016536463272,0.6800000000000004
200,19,135.84697271823427,281.15302728176573,0.6800000000000004
200,22,292.1198410471483,866.1198410471484,0.0
200,23,364.88015895285406,163.8801589528541,0.0
200,6,195.7848288597557,423.7848288597557,0.6200000000000003
200,11,314.4812767608787,248.50000000000003,0.0
200,9,608.8563850798572,884.8563850798572,0.0
200,14,134.6352276199296,279.5,1.0600000000000007
200,3,298.12279963997366,169.87720036002634,0.0
200,7,361.3948775786161,165.39487757861613,0.0
200,25,123.07490334067093,259.0749033406709,0.9100000000000006
200,4,370.76554800834185,167.5,0.0
200,13,753.785317267991,553.785317267991,0.0
200,15,613.4659453904789,186.53405460952112,0.0
200,2,246.80280636464946,488.5,2.615
200,10,120.48375416010781,250.48375416010785,0.2800000000000001
200,18,160.60808101421182,234.39191898578818,0.0
200,21,744.0961726880487,623.9038273119513,0.0
201,5,620.3900851206238,174.5,0.0
201,16,450.7579164031621,780.7579164031621,0.0
201,20,194.97626970110346,422.9762697011035,0.6300000000000003
201,12,102.96719535859626,202.96719535859626,0.0
201,24,91.0885157021552,486.08851570215523,0.0
201,8,466.5360909962151,633.5360909962152,0.0
201,17,474.1218774338416,648.1218774338416,0.0
201,1,119.78976568308867,254.2102343169113,0.6800000000000004
201,19,135.9059894528578,279.9059894528578,0.6800000000000004
201,22,293.0744352017502,867.0744352017502,0.0
201,23,363.92556479825225,162.92556479825222,0.0
201,6,194.56205613873053,422.5620561387305,0.6300000000000003
201,11,313.23927329723625,248.76072670276378,0.0
201,9,609.8109792344591,885.8109792344591,0.0
201,14,133.5,278.0901598387634,1.0600000000000007
201,3,297.03077169749184,170.5,0.0
201,7,360.4402834240143,164.44028342401427,0.0
201,25,122.41700114895482,257.41700114895485,0.9100000000000006
201,4,369.7331766428273,168.26682335717274,0.0
201,13,754.2600885774071,554.7399114225929,0.0
201,15,612.511351235877,187.48864876412298,0.0
201,2,246.46525026836255,488.5347497316374,2.615
201,10,119.5,249.38420279992457,0.2800000000000001
201,18,160.36059364079654,235.63940635920346,0.0
201,21,743.1415785334468,624.8584214665532,0.0
202,5,619.1747910700245,174.17479107002447,0.0
202,16,451.71251055776395,781.712510557764,0.0
202,20,195.25131797189874,421.74868202810126,0.6400000000000003
202,12,102.5,201.8107140124046,0.0
202,24,90.5,484.98228688765744,0.0
202,8,467.49068515081694,634.4906851508171,0.0
202,17,475.07647158844344,649.0764715884434,0.0
202,1,121.03680351199662,252.96319648800338,0.6800000000000004
202,19,134.3660584051364,279.3660584051364,0.6800000000000004
202,22,294.02902935635205,868.0290293563521,0.0
202,23,362.9709706436504,163.0290293563496,0.0
202,6,195.3344684657283,421.33446846572826,0.6400000000000003
202,11,312.2846791426344,249.7153208573656,0.0
202,9,610.7655733890609,886.7655733890609,0.0
202,14,132.5318848997046,276.5318848997046,1.0600000000000007
202,3,295.92071811195655,171.07928188804345,0.0
202,7,359.48568926941243,163.51431073058757,0.0
202,25,121.0519921760522,256.0519921760522,0.9100000000000006
202,4,368.7785824882254,167.77858248822542,0.0
202,13,753.3054944228053,555.6945055771947,0.0
202,15,611.5567570812751,186.55675708127515,0.0
202,2,246.21638410289503,488.78361589710494,2.615
202,10,119.9404093497528,248.0595906502472,0.2800000000000001
202,18,159.4059994861947,236.5940005138053,0.0
202,21,742.186984378845,625.813015621155,0.0
203,5,618.1042986829968,173.5,0.0
203,16,452.3328952876342,782.6671047123658,0.0
203,20,194.51626044312871,420.5162604431287,0.6500000000000004
203,12,101.76511383057912,200.76511383057914,0.0
203,24,89.88643417413809,483.8864341741381,0.0
203,8,466.5547206945811,635.4452793054189,0.0
203,17,475.50000000000006,650.2510403763263,0.0
203,1,121.42326544028198,251.423265440282,0.6800000000000004
203,19,133.5,277.9612137319172,0.6800000000000004
203,22,294.9836235109539,868.983623510954,0.0
203,23,362.0163764890485,163.01637648904855,0.0
203,6,193.93720930157608,420.5,0.6500000000000004
203,11,311.3300849880326,250.33008498803258,0.0
203,9,611.7201675436628,887.7201675436628,0.0
203,14,133.14646377543568,275.1464637754357,1.0600000000000007
203,3,294.9661239573547,172.0338760426453,0.0
203,7,358.53109511481057,164.4689048851894,0.0
203,25,119.68698320314955,254.68698320314954,0.9100000000000006
203,4,367.82398833362356,166.8239883336236,0.0
203,13,752.3509002682034,556.6490997317966,0.0
203,15,610.3092697078598,186.69073029214016,0.0
203,2,245.96751793742752,489.03248206257246,2.615
203,10,121.00604449527637,246.9939555047236,0.2800000000000001
203,18,158.4312767608796,237.5,0.0
203,21,741.5,626.878457374299,0.0
204,5,616.7542986829968,173.5,0.0
204,16,451.6216988669677,783.6216988669677,0.0
204,20,192.98609269271978,419.98609269271975,0.6600000000000004
204,12,100.52492757477769,200.5,0.0
204,24,89.5,482.69650045003056,0.0
204,8,466.6927666788341,636.6927666788342,0.0
204,17,476.2785531164605,651.2785531164606,0.0
204,1,120.17622761137403,250.17622761137406,0.6800000000000004
204,19,134.42091047149293,276.5790895285071,0.6800000000000004
204,22,295.9382176655558,869.9382176655558,0.0
204,23,361.0617823344467,162.9382176655533,0.0
204,6,192.5718791303468,419.57187913034676,0.6600000000000004
204,11,310.3754908334307,249.6245091665693,0.0
204,9,612.6747616982647,888.6747616982647,0.0
204,14,131.76104265116675,273.76104265116675,1.0600000000000007
204,3,294.0115298027529,172.98847019724715,0.0
204,7,357.57650096020876,163.57650096020873,0.0
204,25,120.67802576975309,253.3219742302469,0.9100000000000006
204,4,366.86939417902175,165.86939417902173,0.0
204,13,751.3963061136016,557.6036938863984,0.0
204,15,609.354675553258,187.64532444674202,0.0
204,2,245.71865177196,489.28134822804,2.615
204,10,121.5,245.6915228986481,0.2800000000000001
204,18,157.20391795817756,237.79608204182244,0.0
204,21,742.0150971491722,628.0150971491722,0.0
205,5,615.4323289497786,173.43232894977857,0.0
205,16,452.5,784.6078946258181,0.0
205,20,192.45105288608187,418.45105288608187,0.6700000000000004
205,12,100.0,200.0,0.0
205,24,88.68435264612097,481.684352646121,0.0
205,8,467.647360833436,637.647360833436,0.0
205,17,477.23314727106236,652.2331472710624,0.0
205,1,119.5,248.69275244882243,0.6800000000000004
205,19,133.33205169959913,275.33205169959916,0.6800000000000004
205,22,296.89281182015765,870.8928118201577,0.0
205,23,359.94448019647615,163.5,0.0
205,6,192.03683932370888,418.0368393237089,0.6700000000000004
205,11,309.42089667882885,250.57910332117115,0.0
205,9,613.6293558528665,889.6293558528665,0.0
205,14,130.5,272.3241022764716,1.0600000000000007
205,3,293.056935648151,173.056935648151,0.0
205,7,356.6219068056069,164.3780931943931,0.0
205,25,121.5,251.73203290209648,0.9100000000000006
205,4,365.9148000244199,166.0851999755801,0.0
205,13,750.4417119589997,558.5582880410003,0.0
205,15,608.3586937588461,188.5,0.0
205,2,245.4572703949228,489.5,2.615
205,10,120.569791994863,244.56979199486298,0.2800000000000001
205,18,156.24932380357572,238.24932380357572,0.0
205,21,742.9696913037741,628.9696913037741,0.0
206,5,614.4777347951767,172.52226520482327,0.0
206,16,452.82378039498485,785.8237803949849,0.0
206,20,191.20401505717393,417.20401505717393,0.6800000000000004
206,12,100.0,200.0,0.0
206,24,88.43686527270569,480.4368652727057,0.0
206,8,468.5,638.6441861268347,0.0
206,17,477.5,653.4726132515801,0.0
206,1,120.61074126525527,247.3892587347447,0.6800000000000004
206,19,132.0850138706912,274.0850138706912,0.6800000000000004
206,22,297.8474059747595,871.8474059747596,0.0
206,23,358.8597008064296,164.14029919357043,0.0
206,6,190.78980149480094,416.78980149480094,0.6800000000000004
206,11,308.466302524227,251.53369747577298,0.0
206,9,614.5839500074684,890.5839500074684,0.0
206,14,130.5,270.3648209329323,1.0600000000000007
206,3,292.10234149354915,172.89765850645082,0.0
206,7,355.3744194321916,164.37441943219162,0.0
206,25,120.29906306562816,250.2990630656282,0.9100000000000006
206,4,364.960205869818,165.96020586981805,0.0
206,13,749.4871178043978,559.5128821956022,0.0
206,15,607.1525940252408,188.84740597475917,0.0
206,2,245.10532048850285,489.5,2.615
206,10,120.5,243.09166511033945,0.2800000000000001
206,18,155.29472964897388,237.70527035102612,0.0
206,21,743.924285458376,629.924285458376,0.0
207,5,613.5231406405749,173.4768593594251,0.0
207,16,453.5,786.893681063445,0.0
207,20,189.956977228266,415.956977228266,0.6800000000000004
207,12,100.0,200.0,0.0
207,24,87.5,479.47492757477676,0.0
207,8,468.84944236145316,639.8494423614532,0.0
207,17,477.5,654.8226132515802,0.0
207,1,121.5,245.9940239527008,0.6800000000000004
207,19,130.83797604178326,272.8379760417833,0.6800000000000004
207,22,298.8020001293614,872.8020001293614,0.0
207,23,357.65869375884927,164.5,0.0
207,6,189.542763665893,415.542763665893,0.6800000000000004
207,11,307.5117083696252,252.48829163037485,0.0
207,9,615.5,891.5545096767501,0.0
207,14,129.72609962191953,268.72609962191956,1.0600000000000007
207,3,291.14774733894734,173.8522526610527,0.0
207,7,354.4198252775898,163.41982527758975,0.0
207,25,119.5,248.69963162236292,0.9100000000000006
207,4,364.0056117152162,165.9943882847838,0.0
207,13,748.532523649796,560.467476350204,0.0
207,15,606.0729073212192,189.5,0.0
207,2,244.7533705820829,489.5,2.615
207,10,120.5,241.58462943499856,0.2800000000000001
207,18,154.34013549437205,238.65986450562795,0.0
207,21,744.8788796129778,630.8788796129778,0.0
208,5,612.568546485973,172.56854648597303,0.0
208,16,452.97413807699803,788.025861923002,0.0
208,20,190.29006060064194,414.70993939935806,0.6800000000000004
208,12,100.0,200.0,0.0
208,24,87.23478374468856,478.23478374468857,0.0
208,8,469.804036516055,640.804036516055,0.0
208,17,477.0243906086917,655.9756093913082,0.0
208,1,120.60228985811537,244.60228985811537,0.6800000000000004
208,19,130.5,271.2143924916132,0.6800000000000004
208,22,299.75659428396324,873.7565942839633,0.0
208,23,356.6576192784125,165.34238072158755,0.0
208,6,190.29572583698507,414.29572583698507,0.6800000000000004
208,11,306.5571142150233,253.44288578497668,0.0
208,9,615.7860315354856,892.7860315354856,0.0
208,14,128.5,267.2746853705998,1.0600000000000007
208,3,290.1931531843455,174.80684681565452,0.0
208,7,353.4652311229879,162.46523112298792,0.0
208,25,120.72384809899054,247.27615190100943,0.9100000000000006
208,4,362.8650429449535,166.5,0.0
208,13,747.5779294951941,561.4220705048059,0.0
208,15,604.7229073212192,189.5,0.0
208,2,244.4302938912765,489.56970610872355,2.615
208,10,120.5,240.07759375965767,0.2800000000000001
208,18,153.3855413397702,239.3855413397702,0.0
208,21,745.8334737675797,631.8334737675797,0.0
209,5,611.6139523313711,173.38604766862883,0.0
209,16,452.98045607760383,788.9804560776039,0.0
209,20,189.53709842954987,413.46290157045013,0.6800000000000004
209,12,100.0,200.0,0.0
209,24,86.5,477.1891411371499,0.0
209,8,470.24136932934323,641.7586306706568,0.0
209,17,476.93020354591005,656.9302035459101,0.0
209,1,120.5,242.88108189420606,0.6800000000000004
209,19,130.46522072752705,269.465220727527,0.6800000000000004
209,22,300.7111884385651,874.7111884385652,0.0
209,23,355.7030251238106,164.70302512381062,0.0
209,6,189.95131199192286,413.04868800807714,0.6800000000000004
209,11,305.60252006042145,254.39747993957852,0.0
209,9,616.7406256900874,893.7406256900874,0.0
209,14,127.66236415456818,265.6623641545682,1.0600000000000007
209,3,289.2385590297436,175.76144097025636,0.0
209,7,352.51063696838605,161.51063696838608,0.0
209,25,121.5,245.66723034262932,0.9100000000000006
209,4,361.80353018719904,167.19646981280093,0.0
209,13,748.3766646594078,562.3766646594078,0.0
209,15,603.7030251238084,188.70302512380837,0.0
209,2,244.181427725809,489.81857227419107,2.615
209,10,119.84278531870139,238.8427853187014,0.2800000000000001
209,18,152.43094718516838,238.56905281483162,0.0
209,21,746.7880679221815,632.7880679221815,0.0
210,5,610.3664649579558,173.36646495795586,0.0
210,16,453.9350502322057,789.9350502322058,0.0
210,20,190.2158637415422,412.2158637415422,0.6800000000000004
210,12,100.0,200.0,0.0
210,24,86.5,475.83914113714985,0.0
210,8,469.71322482525864,642.7132248252586,0.0
210,17,477.8847977005119,657.884797700512,0.0
210,1,120.5,241.11750408377216,0.6800000000000004
210,19,129.2181828986191,268.2181828986191,0.6800000000000004
210,22,301.66578259316697,875.665782593167,0.0
210,23,354.74843096920875,163.74843096920878,0.0
210,6,189.8016501791692,411.8016501791692,0.6800000000000004
210,11,304.64792590581965,255.35207409418038,0.0
210,9,617.3047801553107,894.6952198446893,0.0
210,14,126.27694303029925,264.27694303029926,1.0600000000000007
210,3,288.19448019647655,176.5,0.0
210,7,351.55604281378425,160.55604281378422,0.0
210,25,120.5,244.15102970276254,0.9100000000000006
210,4,360.57925650732653,167.5,0.0
210,13,748.3758479671769,563.6241520328231,0.0
210,15,602.7484309692065,189.25156903079346,0.0
210,2,243.93256156034147,490.0674384396586,2.615
210,10,119.48425695436435,237.48425695436435,0.2800000000000001
210,18,151.5,239.5334418648818,0.0
210,21,747.7426620767834,633.7426620767834,0.0
211,5,609.411870803354,172.588129196646,0.0
211,16,454.88964438680756,790.8896443868076,0.0
211,20,188.96882591263426,410.96882591263426,0.6800000000000004
211,12,100.0,200.0,0.0
211,24,85.78521484325614,474.78521484325614,0.0
211,8,470.50000000000006,643.7373318773423,0.0
211,17,478.5,658.9799725644609,0.0
211,1,120.39671027732429,239.39671027732427,0.6800000000000004
211,19,128.5,266.75208618505764,0.6800000000000004
211,22,302.62037674776883,876.6203767477689,0.0
211,23,353.79383681460695,162.79383681460692,0.0
211,6,188.55461235026127,410.55461235026127,0.6800000000000004
211,11,303.6933317512178,256.3066682487822,0.0
211,9,616.3501860007088,895.6498139992912,0.0
211,14,124.89152190603032,262.89152190603033,1.0600000000000007
211,3,287.0364775017265,176.9635224982735,0.0
211,7,350.6014486591824,159.60144865918238,0.0
211,25,120.5,242.22061550052265,0.9100000000000006
211,4,359.6014486591819,168.39855134081807,0.0
211,13,747.5787461874249,564.5787461874249,0.0
211,15,601.7938368146047,188.7938368146047,0.0
211,2,243.68369539487395,490.3163046051261,2.615
211,10,118.41862180884078,236.41862180884075,0.2800000000000001
211,18,151.22886565715126,240.77113434284874,0.0
211,21,748.3027437686147,634.6972562313853,0.0
212,5,608.4572766487521,173.45727664875213,0.0
212,16,455.8442385414094,791.8442385414095,0.0
212,20,188.5,409.3994421536054,0.6800000000000004
212,12,100.0,200.0,0.0
212,24,85.5,473.55335469952297,0.0
212,8,470.9153063532758,644.9153063532758,0.0
212,17,479.0868792285291,660.0868792285291,0.0
212,1,119.5,238.00456202527744,0.6800000000000004
212,19,127.43121402198976,265.4312140219898,0.6800000000000004
212,22,303.5749709023707,877.5749709023708,0.0
212,23,352.8392426600051,161.83924266000508,0.0
212,6,188.5,408.81365571597865,0.6800000000000004
212,11,302.7387375966159,255.73873759661595,0.0
212,9,615.395591846107,896.604408153893,0.0
212,14,124.50000000000001,261.0944142459349,1.0600000000000007
212,3,286.08188334712463,177.08188334712466,0.0
212,7,349.6468545045805,158.64685450458055,0.0
212,25,120.5,240.29020129828277,0.9100000000000006
212,4,358.64685450458006,167.6468545045801,0.0
212,13,748.5,565.5471503638685,0.0
212,15,600.5655480083385,188.5,0.0
212,2,243.4348292294064,490.43482922940643,2.615
212,10,117.35298666331718,235.35298666331718,0.2800000000000001
212,18,150.18077169749128,241.5,0.0
212,21,747.6518503859871,635.6518503859871,0.0
213,5,607.5026824941502,172.50268249415026,0.0
213,16,456.7988326960113,792.7988326960113,0.0
213,20,189.11103618280853,407.88896381719144,0.6800000000000004
213,12,100.0,200.0,0.0
213,24,84.58313331523902,472.583133315239,0.0
213,8,471.8699005078776,645.8699005078777,0.0
213,17,480.04147338313095,661.0414733831309,0.0
213,1,118.60974140069496,236.60974140069496,0.6800000000000004
213,19,126.18417619308183,264.18417619308184,0.6800000000000004
213,22,304.52956505697256,878.5295650569726,0.0
213,23,351.8846485054032,160.88464850540325,0.0
213,6,189.47475025481847,407.4747502548185,0.6800000000000004
213,11,301.7841434420141,256.2158565579859,0.0
213,9,614.4409976915051,897.5590023084949,0.0
213,14,125.4651067801345,259.5348932198655,1.0600000000000007
213,3,284.97290732122275,176.5,0.0
213,7,348.39936713116526,158.39936713116523,0.0
213,25,119.69374772361552,238.69374772361553,0.9100000000000006
213,4,357.69226034997826,166.69226034997823,0.0
213,13,748.2191722845579,566.7808277154421,0.0
213,15,599.2155480083385,188.5,0.0
213,2,243.18596306393889,490.1859630639389,2.615
213,10,116.49999999999999,234.19926963244566,0.2800000000000001
213,18,149.0267841291341,241.9732158708659,0.0
213,21,748.5,636.6505353129415,0.0
214,5,606.5480883395484,173.4519116604516,0.0
214,16,457.49999999999994,793.8583996892066,0.0
214,20,188.6419259882835,406.6419259882835,0.6800000000000004
214,12,100.0,200.0,0.0
214,24,83.62853916063719,471.62853916063716,0.0
214,8,472.8244946624795,646.8244946624795,0.0
214,17,480.50000000000006,662.2015454397147,0.0
214,1,117.36270357178701,235.36270357178702,0.6800000000000004
214,19,124.9371383641739,262.9371383641739,0.6800000000000004
214,22,305.4841592115744,879.4841592115745,0.0
214,23,350.9300543508014,159.93005435080138,0.0
214,6,188.22771242591054,406.22771242591057,0.6800000000000004
214,11,300.5518395093557,256.5,0.0
214,9,613.5,898.5192283025117,0.0
214,14,124.85657887678313,257.85657887678315,1.0600000000000007
214,3,283.8798018191075,177.12019818089246,0.0
214,7,347.4447729765634,157.4447729765634,0.0
214,25,119.03584553189944,237.03584553189944,0.9100000000000006
214,4,356.7376661953764,165.7376661953764,0.0
214,13,747.735421870044,567.735421870044,0.0
214,15,598.0513746943589,188.94862530564117,0.0
214,2,242.93709689847137,489.9370968984714,2.615
214,10,115.92882315345656,232.92882315345656,0.2800000000000001
214,18,147.89498525986437,242.5,0.0
214,21,748.8539319140043,637.8539319140043,0.0
215,5,605.3006009661331,173.3006009661331,0.0
215,16,456.9990857759715,795.0009142240285,0.0
215,20,187.39488815937557,405.39488815937557,0.6800000000000004
215,12,100.0,200.0,0.0
215,24,83.38105178722188,470.3810517872219,0.0
215,8,473.77908881708134,647.7790888170814,0.0
215,17,479.756445088852,663.243554911148,0.0
215,1,116.49999999999999,233.956469281095,0.6800000000000004
215,19,124.39720731645252,261.3972073164525,0.6800000000000004
215,22,306.4387533661763,880.4387533661763,0.0
215,23,349.97546019619955,158.97546019619955,0.0
215,6,186.9806745970026,404.98067459700263,0.6800000000000004
215,11,299.2018395093557,256.5,0.0
215,9,613.5,899.8692283025117,0.0
215,14,123.49999999999999,256.45921090243627,1.0600000000000007
215,3,282.9252076645057,178.07479233549432,0.0
215,7,346.49017882196154,156.49017882196156,0.0
215,25,117.6708365589968,235.6708365589968,0.9100000000000006
215,4,355.7830720407745,166.21692795922544,0.0
215,13,748.3099839753542,568.6900160246458,0.0
215,15,596.9297615707115,189.5,0.0
215,2,242.68823073300385,489.6882307330039,2.615
215,10,115.5,231.599411844137,0.2800000000000001
215,18,146.824702601117,243.175297398883,0.0
215,21,749.8085260686062,638.8085260686062,0.0
216,5,604.3460068115312,172.65399318846877,0.0
216,16,456.9555083786303,795.9555083786304,0.0
216,20,186.14785033046763,404.14785033046763,0.6800000000000004
216,12,100.0,200.0,0.0
216,24,82.57354236737994,469.42645763262004,0.0
216,8,474.7336829716832,648.7336829716832,0.0
216,17,480.1981490657498,664.1981490657498,0.0
216,1,115.57573469515768,232.57573469515768,0.6800000000000004
216,19,123.49999999999999,260.0052649447536,0.6800000000000004
216,22,307.39334752077815,881.3933475207782,0.0
216,23,349.0208660415977,158.0208660415977,0.0
216,6,185.73363676809467,403.7336367680947,0.6800000000000004
216,11,297.85183950935567,256.5,0.0
216,9,614.0085712099274,901.0085712099274,0.0
216,14,122.7928434094318,254.7928434094318,1.0600000000000007
216,3,281.97061350990384,179.02938649009616,0.0
216,7,345.53558466735973,155.5355846673597,0.0
216,25,116.49999999999999,234.22539873881564,0.9100000000000006
216,4,354.8284778861727,165.8284778861727,0.0
216,13,747.5,569.7045096767492,0.0
216,15,595.5797615707115,189.5,0.0
216,2,242.41424854904955,489.5,2.615
216,10,115.5,230.0923761687961,0.2800000000000001
216,18,145.87010844651516,242.87010844651516,0.0
216,21,750.236879776792,639.763120223208,0.0
217,5,603.3914126569293,173.39141265692936,0.0
217,16,457.9101025332322,796.9101025332322,0.0
217,20,185.5,402.6526209133013,0.6800000000000004
217,12,100.0,200.0,0.0
217,24,83.52813652198179,468.47186347801824,0.0
217,8,475.50000000000006,649.7662640654769,0.0
217,17,481.1527432203516,665.1527432203517,0.0
217,1,115.5,230.84352722260027,0.6800000000000004
217,19,122.61023843982318,258.61023843982315,0.6800000000000004
217,22,308.34794167538,882.3479416753801,0.0
217,23,348.0662718869959,157.06627188699585,0.0
217,6,185.1937057203733,402.1937057203733,0.6800000000000004
217,11,296.50183950935565,256.5,0.0
217,9,614.9631653645292,901.9631653645292,0.0
217,14,122.1145290663494,253.1145290663494,1.0600000000000007
217,3,281.016019355302,179.016019355302,0.0
217,7,344.58099051275786,154.58099051275786,0.0
217,25,115.64792539437806,232.64792539437806,0.9100000000000006
217,4,353.87388373157086,164.87388373157086,0.0
217,13,747.8920975526629,570.8920975526629,0.0
217,15,594.6018057929264,188.60180579292637,0.0
217,2,242.0622986426296,489.5,2.615
217,10,115.5,228.58534049345522,0.2800000000000001
217,18,144.91551429191333,243.08448570808667,0.0
217,21,749.5,640.8078946258223,0.0
218,5,602.4368185023275,172.5631814976725,0.0
218,16,458.5,798.0157590020875,0.0
218,20,184.6391185461617,401.36088145383826,0.6800000000000004
218,12,100.0,200.0,0.0
218,24,84.48273067658361,467.5172693234164,0.0
218,8,475.9357644997003,650.9357644997003,0.0
218,17,480.89266262504646,666.1073373749535,0.0
218,1,115.5,229.07994941216637,0.6800000000000004
218,19,121.36320061091523,257.3632006109152,0.6800000000000004
218,22,309.3025358299819,883.3025358299819,0.0
218,23,347.111677732394,156.111677732394,0.0
218,6,185.05333210853465,400.9466678914654,0.6800000000000004
218,11,295.25381335612417,256.74618664387583,0.0
218,9,615.5,903.0908011777656,0.0
218,14,121.43621472326701,251.436214723267,1.0600000000000007
218,3,280.06142520070017,178.93857479929986,0.0
218,7,343.33350313934255,154.33350313934258,0.0
218,25,115.5,230.77878389670897,0.9100000000000006
218,4,352.919289576969,163.91928957696902,0.0
218,13,748.8466917072648,571.8466917072648,0.0
218,15,593.6472116383245,189.35278836167547,0.0
218,2,241.71034873620965,489.5,2.615
218,10,114.50529030389158,227.4947096961084,0.2800000000000001
218,18,143.9609201373115,244.0390798626885,0.0
218,21,749.5,642.1578946258223,0.0
219,5,601.4748614314735,173.5,0.0
219,16,459.11218406124937,799.1121840612494,0.0
219,20,185.11384362493033,400.1138436249303,0.6800000000000004
219,12,100.0,200.0,0.0
219,24,83.56267516881454,466.56267516881456,0.0
219,8,476.89035865430213,651.8903586543022,0.0
219,17,481.06193152955547,667.0619315295554,0.0
219,1,114.66304833318006,227.66304833318006,0.6800000000000004
219,19,120.88383721799272,256.1161627820073,0.6800000000000004
219,22,310.25712998458374,884.2571299845838,0.0
219,23,346.15708357779215,155.15708357779218,0.0
219,6,186.30036993744258,399.69963006255745,0.6800000000000004
219,11,294.2992192015223,257.7007807984777,0.0
219,9,616.1652468925463,904.1652468925463,0.0
219,14,120.05079359899806,250.05079359899807,1.0600000000000007
219,3,279.1068310460983,179.1068310460983,0.0
219,7,342.37890898474075,153.62109101525928,0.0
219,25,115.5,228.84836969446908,0.9100000000000006
219,4,351.9646954223672,162.96469542236716,0.0
219,13,749.5,572.926082552003,0.0
219,15,592.6926174837226,188.69261748372267,0.0
219,2,241.3583988297897,489.5,2.615
219,10,115.42907455058483,226.42907455058483,0.2800000000000001
219,18,143.00632598270965,244.99367401729035,0.0
219,21,749.5,643.5078946258224,0.0
220,5,600.2347369743103,173.23473697431032,0.0
220,16,458.93322178414877,800.0667782158513,0.0
220,20,185.1331942039776,398.8668057960224,0.6800000000000004
220,12,100.0,200.0,0.0
220,24,82.60808101421271,465.6080810142127,0.0
220,8,477.5,652.9878369407307,0.0
220,17,482.0165256841573,668.0165256841573,0.0
220,1,115.41601050427212,226.41601050427212,0.6800000000000004
220,19,122.13087504690066,254.86912495309934,0.6800000000000004
220,22,311.2117241391856,885.2117241391857,0.0
220,23,345.20248942319034,154.20248942319031,0.0
220,6,185.45259223364948,398.4525922336495,0.6800000000000004
220,11,293.34462504692044,258.65537495307956,0.0
220,9,616.5,905.3765876153924,0.0
220,14,118.66537247472911,248.66537247472914,1.0600000000000007
220,3,278.15223689149644,178.84776310850353,0.0
220,7,341.3929650063119,154.5,0.0
220,25,114.61867439958367,227.38132560041635,0.9100000000000006
220,4,351.0101012677653,162.01010126776532,0.0
220,13,749.5,574.276082552003,0.0
220,15,591.7380233291208,189.2619766708792,0.0
220,2,241.00644892336976,489.5,2.615
220,10,114.36343940506124,225.36343940506126,0.2800000000000001
220,18,141.86605307172985,245.49999999999997,0.0
220,21,749.2469302831308,644.7530697168692,0.0
221,5,599.2801428197084,172.28014281970846,0.0
221,16,458.5,801.2373318773414,0.0
221,20,184.61976796711446,397.61976796711446,0.6800000000000004
221,12,100.0,200.0,0.0
221,24,81.65348685961087,464.6534868596109,0.0
221,8,477.5,654.3378369407308,0.0
221,17,482.5,669.1662640654762,0.0
221,1,114.16897267536419,225.1689726753642,0.6800000000000004
221,19,122.32919390537795,253.32919390537796,0.6800000000000004
221,22,312.16631829378747,886.1663182937875,0.0
221,23,344.2478952685885,153.75210473141152,0.0
221,6,184.5,397.0835910458045,0.6800000000000004
221,11,292.3900308923186,259.6099691076814,0.0
221,9,616.5,906.7265876153924,0.0
221,14,118.50000000000001,246.77459065306581,1.0600000000000007
221,3,277.07240225783437,179.5,0.0
221,7,340.1768274567236,154.1768274567236,0.0
221,25,115.0163166275137,226.0163166275137,0.9100000000000006
221,4,350.05550711316346,161.0555071131635,0.0
221,13,749.4108461724894,575.5891538275106,0.0
221,15,590.4905359557055,189.4905359557055,0.0
221,2,240.6544990169498,489.5,2.615
221,10,113.5,224.2140520415841,0.2800000000000001
221,18,140.51605307172986,245.49999999999997,0.0
221,21,748.292336128529,645.707663871471,0.0
222,5,598.3255486651066,171.3255486651066,0.0
222,16,459.2688597438684,802.2688597438683,0.0
222,20,184.5,395.9057996729972,0.6800000000000004
222,12,100.0,200.0,0.0
222,24,82.30110729499096,463.69889270500903,0.0
222,8,477.36717922545193,655.632820774548,0.0
222,17,483.21860721217445,670.2186072121744,0.0
222,1,113.5,223.68249241992314,0.6800000000000004
222,19,121.5,251.9090794563887,0.6800000000000004
222,22,313.12091244838933,887.1209124483894,0.0
222,23,343.2933011139866,154.29330111398664,0.0
222,6,184.37273013820672,395.3727301382067,0.6800000000000004
222,11,291.4354367377167,260.5645632622833,0.0
222,9,616.5,908.0765876153924,0.0
222,14,118.98414943024912,245.01585056975088,1.0600000000000007
222,3,275.9501553634793,180.04984463652067,0.0
222,7,339.22223330212177,153.22223330212174,0.0
222,25,113.65130765461106,224.65130765461106,0.9100000000000006
222,4,349.10091295856165,160.10091295856162,0.0
222,13,748.5,576.5618689896298,0.0
222,15,589.5359418011036,188.53594180110363,0.0
222,2,240.36038113710435,489.63961886289565,2.615
222,10,114.06072410479936,222.93927589520064,0.2800000000000001
222,18,139.5567570812772,244.5567570812772,0.0
222,21,747.6622580260729,646.6622580260729,0.0
223,5,597.3709545105047,170.37095451050473,0.0
223,16,460.51634711728366,802.5163471172837,0.0
223,20,183.53990587167166,394.5399058716717,0.6800000000000004
223,12,100.0,200.0,0.0
223,24,81.7442985504072,462.7442985504072,0.0
223,8,476.5874149291498,656.5874149291499,0.0
223,17,484.1732013667763,671.1732013667763,0.0
223,1,114.38200379873486,222.38200379873484,0.6800000000000004
223,19,120.5422250287486,250.54222502874862,0.6800000000000004
223,22,314.0755066029912,888.0755066029913,0.0
223,23,342.3387069593848,153.66129304061522,0.0
223,6,183.12569230929876,394.12569230929876,0.6800000000000004
223,11,290.48084258311485,261.51915741688515,0.0
223,9,616.5,909.4265876153925,0.0
223,14,120.36957055451806,243.63042944548195,1.0600000000000007
223,3,274.99556120887746,181.0044387911225,0.0
223,7,338.2676391475199,152.7323608524801,0.0
223,25,114.00659453710503,222.99340546289497,0.9100000000000006
223,4,348.1463188039598,159.1463188039598,0.0
223,13,748.7912353555278,577.7912353555278,0.0
223,15,588.2008293825769,188.5,0.0
223,2,240.11151497163684,489.88848502836316,2.615
223,10,113.87364074967705,221.87364074967707,0.2800000000000001
223,18,138.30926970786192,244.69073029213808,0.0
223,21,748.3831478193252,647.6168521806748,0.0
224,5,596.4163603559028,169.58363964409713,0.0
224,16,461.4709412718855,803.4709412718855,0.0
224,20,182.29286804276373,393.29286804276376,0.6800000000000004
224,12,100.0,200.0,0.0
224,24,80.78970439580537,461.78970439580536,0.0
224,8,477.5420090837517,657.5420090837517,0.0
224,17,484.50000000000006,672.38783694073,0.0
224,1,113.5,220.98376392380152,0.6800000000000004
224,19,119.5,249.21035096026708,0.6800000000000004
224,22,315.03010075759306,889.0301007575931,0.0
224,23,341.3361107568187,154.5,0.0
224,6,181.87865448039082,392.8786544803908,0.6800000000000004
224,11,289.526248428513,262.473751571487,0.0
224,9,615.5973162403773,910.4026837596227,0.0
224,14,120.5,241.72517374719405,1.0600000000000007
224,3,274.04096705427565,181.95903294572437,0.0
224,7,337.31304499291804,153.68695500708193,0.0
224,25,113.62839648999233,221.62839648999233,0.9100000000000006
224,4,347.1917246493579,158.19172464935795,0.0
224,13,749.5,578.8476554272568,0.0
224,15,587.0409670542731,188.95903294572693,0.0
224,2,239.86264880616932,490.1373511938307,2.615
224,10,113.5,220.52137214030768,0.2800000000000001
224,18,137.294480196476,245.49999999999997,0.0
224,21,747.5,648.60104037633,0.0
225,5,595.461766201301,170.461766201301,0.0
225,16,462.42553542648733,804.4255354264874,0.0
225,20,181.0458302138558,392.0458302138558,0.6800000000000004
225,12,100.0,200.0,0.0
225,24,79.83511024120352,460.83511024120355,0.0
225,8,478.49660323835354,658.4966032383536,0.0
225,17,484.66817611360693,673.6681761136069,0.0
225,1,112.59503492210553,219.59503492210553,0.6800000000000004
225,19,120.24474384788071,247.75525615211927,0.6800000000000004
225,22,315.9846949121949,889.984694912195,0.0
225,23,340.1366254313677,154.1366254313677,0.0
225,6,181.33872343266944,391.33872343266944,0.6800000000000004
225,11,288.5716542739111,263.4283457260889,0.0
225,9,615.349828866962,911.650171133038,0.0
225,14,120.5,239.76589240365473,1.0600000000000007
225,3,273.0863728996738,182.0863728996738,0.0
225,7,336.35845083831623,154.3584508383162,0.0
225,25,112.97049429827624,219.97049429827624,0.9100000000000006
225,4,346.2371304947561,157.2371304947561,0.0
225,13,749.9933168835448,579.9933168835448,0.0
225,15,585.91504294495,189.5,0.0
225,2,239.6137826407018,490.3862173592982,2.615
225,10,112.44947723981645,219.44947723981645,0.2800000000000001
225,18,136.10718817984477,245.8928118201552,0.0
225,21,747.1810662913081,649.8189337086919,0.0
226,5,594.5071720466991,169.50717204669914,0.0
226,16,462.3269772000973,805.6730227999027,0.0
226,20,180.5,390.50834268075397,0.6800000000000004
226,12,100.0,200.0,0.0
226,24,79.5,459.62391744800016,0.0
226,8,478.74409061176885,659.7440906117689,0.0
226,17,485.62277026820874,674.6227702682088,0.0
226,1,111.65200290680241,218.3479970931976,0.6800000000000004
226,19,121.49178167678865,246.50821832321134,0.6800000000000004
226,22,316.9392890667968,890.9392890667968,0.0
226,23,339.1820312767658,153.18203127676585,0.0
226,6,180.5,389.9225562431273,0.6800000000000004
226,11,287.61706011930926,264.38293988069074,0.0
226,9,614.5,912.6481604906462,0.0
226,14,119.5,238.2208246224885,1.0600000000000007
226,3,272.1317787450719,181.86822125492805,0.0
226,7,335.40385668371437,153.59614331628563,0.0
226,25,111.60548532537359,218.6054853253736,0.9100000000000006
226,4,345.28253634015425,156.28253634015425,0.0
226,13,750.9479110381467,580.9479110381467,0.0
226,15,584.8388855262559,188.83888552625592,0.0
226,2,239.36491647523428,490.6350835247657,2.615
226,10,111.61615790570714,218.38384209429287,0.2800000000000001
226,18,135.00869375884912,246.49999999999997,0.0
226,21,746.7735278632938,650.7735278632938,0.0
227,5,593.5525778920972,170.44742210790272,0.0
227,16,461.6276169545046,806.6276169545046,0.0
227,20,180.5,388.74476487032007,0.6800000000000004
227,12,100.0,200.0,0.0
227,24,78.6330287131864,458.6330287131864,0.0
227,8,479.5,660.7809826912384,0.0
227,17,486.5773644228106,675.5773644228107,0.0
227,1,112.10095926428966,217.10095926428966,0.6800000000000004
227,19,120.96828727548996,244.96828727548996,0.6800000000000004
227,22,317.89388322139865,891.8938832213987,0.0
227,23,338.227437122164,152.772562877836,0.0
227,6,180.5,388.1589784326934,0.6800000000000004
227,11,286.6624659647074,263.6624659647074,0.0
227,9,614.8522526610551,913.8522526610551,0.0
227,14,118.62427885433891,236.62427885433888,1.0600000000000007
227,3,271.1771845904701,182.8228154095299,0.0
227,7,334.4492625291125,154.55073747088747,0.0
227,25,112.24047635247095,217.24047635247095,0.9100000000000006
227,4,344.3279421855524,155.32794218555242,0.0
227,13,751.9025051927485,581.9025051927485,0.0
227,15,583.8842913716541,187.8842913716541,0.0
227,2,239.11605030976676,490.88394969023324,2.615
227,10,112.31820694876929,217.31820694876927,0.2800000000000001
227,18,133.90510665182765,247.09489334817232,0.0
227,21,747.5,651.8226132515839,0.0
228,5,592.3050905186819,170.30509051868196,0.0
228,16,462.5822111091064,807.5822111091064,0.0
228,20,180.5,386.98118705988617,0.6800000000000004
228,12,100.0,200.0,0.0
228,24,77.67843455858456,457.67843455858457,0.0
228,8,479.946172139786,661.946172139786,0.0
228,17,487.53195857741247,676.5319585774125,0.0
228,1,112.14607856461828,215.85392143538172,0.6800000000000004
228,19,120.5,243.39868040565074,0.6800000000000004
228,22,318.8484773760005,892.8484773760006,0.0
228,23,337.27284296756216,153.72715703243784,0.0
228,6,179.71893028950524,386.71893028950524,0.6800000000000004
228,11,285.70787181010553,264.29212818989447,0.0
228,9,615.5,914.933946928273,0.0
228,14,117.23885773006995,235.23885773006995,1.0600000000000007
228,3,270.22259043586826,183.77740956413174,0.0
228,7,333.4924599429235,155.5,0.0
228,25,112.1245326204317,215.8754673795683,0.9100000000000006
228,4,343.3733480309506,154.37334803095055,0.0
228,13,752.8570993473504,582.8570993473504,0.0
228,15,582.9296972170522,186.92969721705222,0.0
228,2,238.86718414429924,491.13281585570076,2.615
228,10,111.7474281967543,216.2525718032457,0.2800000000000001
228,18,132.7229073212222,247.49999999999997,0.0
228,21,747.0243906086891,652.9756093913109,0.0
229,5,591.3504963640801,169.6495036359199,0.0
229,16,463.5,808.5520505031029,0.0
229,20,179.5932128041568,385.5932128041568,0.6800000000000004
229,12,100.0,200.0,0.0
229,24,78.27615959601728,456.7238404039827,0.0
229,8,480.50000000000006,663.0667691288652,0.0
229,17,488.48655273201433,677.4865527320144,0.0
229,1,112.31399038766033,214.31399038766034,0.6800000000000004
229,19,120.5,241.63510259521684,0.6800000000000004
229,22,319.8030715306024,893.8030715306024,0.0
229,23,336.3182488129603,154.31824881296032,0.0
229,6,178.5,385.46024993657176,0.6800000000000004
229,11,284.44397513308627,264.5,0.0
229,9,616.0543341890723,916.0543341890723,0.0
229,14,116.49999999999999,233.5856212789898,1.0600000000000007
229,3,269.2679962812664,184.73200371873358,0.0
229,7,332.2471810010954,155.75281899890462,0.0
229,25,112.21756518785222,214.21756518785222,0.9100000000000006
229,4,342.4187538763487,153.58124612365128,0.0
229,13,753.8116935019523,583.8116935019523,0.0
229,15,581.9751030624503,185.97510306245036,0.0
229,2,238.61831797883173,491.3816820211683,2.615
229,10,112.5,215.05726157546877,0.2800000000000001
229,18,131.70302512381053,248.2969748761895,0.0
229,21,746.5,654.1083996892107,0.0
230,5,590.3959022094782,170.39590220947824,0.0
230,16,463.5,809.9020505031029,0.0
230,20,178.5,384.2824585637645,0.6800000000000004
230,12,100.0,200.0,0.0
230,24,78.47635303056742,455.4763530305674,0.0
230,8,480.50000000000006,664.4167691288652,0.0
230,17,487.5588531133838,678.4411468866163,0.0
230,1,111.06695255875239,213.0669525587524,0.6800000000000004
230,19,120.5,239.87152478478293,0.6800000000000004
230,22,320.75766568520424,894.7576656852043,0.0
230,23,335.3636546583585,153.63634534164154,0.0
230,6,178.5,383.69667212613786,0.6800000000000004
230,11,283.09397513308625,264.5,0.0
230,9,617.0089283436741,917.0089283436741,0.0
230,14,115.5,232.04055349782357,1.0600000000000007
230,3,268.3134021266646,185.68659787333544,0.0
230,7,331.2925868464935,156.29258684649355,0.0
230,25,110.85255621494957,212.85255621494957,0.9100000000000006
230,4,341.4493141924152,154.5,0.0
230,13,754.7662876565541,584.7662876565541,0.0
230,15,581.0205089078485,185.9794910921515,0.0
230,2,238.31537698391642,491.49999999999994,2.615
230,10,111.82840829338508,213.82840829338508,0.2800000000000001
230,18,130.43712088359533,248.50000000000003,0.0
230,21,747.177690919328,655.177690919328,0.0
231,5,589.4413080548763,169.55869194512363,0.0
231,16,463.5,811.252050503103,0.0
231,20,179.19375607247255,382.8062439275274,0.6800000000000004
231,12,100.0,200.0,0.0
231,24,77.52175887596557,454.5217588759656,0.0
231,8,481.3957410412184,665.3957410412185,0.0
231,17,488.39574104121806,679.3957410412181,0.0
231,1,109.81991472984446,211.81991472984447,0.6800000000000004
231,19,119.51566986579094,238.51566986579095,0.6800000000000004
231,22,321.7122598398061,895.7122598398062,0.0
231,23,334.4090605037566,154.59093949624338,0.0
231,6,179.3920303651545,382.39203036515454,0.6800000000000004
231,11,281.7439751330862,264.5,0.0
231,9,617.5,918.155519803527,0.0
231,14,115.5,230.08127215428425,1.0600000000000007
231,3,267.3588079720627,186.64119202793728,0.0
231,7,330.3379926918917,155.66200730810831,0.0
231,25,109.48754724204693,211.48754724204693,0.9100000000000006
231,4,340.2166723483316,154.2166723483316,0.0
231,13,755.720881811156,585.720881811156,0.0
231,15,580.0659147532466,186.06591475324663,0.0
231,2,237.96342707749648,491.49999999999994,2.615
231,10,110.7627731478615,212.7627731478615,0.2800000000000001
231,18,129.08712088359533,248.50000000000003,0.0
231,21,747.5,656.3941861268377,0.0
232,5,588.4812106175772,170.5,0.0
232,16,464.27926738395416,812.2792673839541,0.0
232,20,178.55920609861948,381.5592060986195,0.6800000000000004
232,12,100.0,200.0,0.0
232,24,76.56716472136374,453.5671647213637,0.0
232,8,480.6496648041797,666.3503351958203,0.0
232,17,489.3503351958199,680.3503351958199,0.0
232,1,108.57287690093652,210.57287690093654,0.6800000000000004
232,19,118.97573881806956,236.97573881806954,0.6800000000000004
232,22,322.666853994408,896.666853994408,0.0
232,23,333.4356056934303,155.5,0.0
232,6,178.5,380.99794363001627,0.6800000000000004
232,11,280.3939751330862,264.5,0.0
232,9,617.5,919.505519803527,0.0
232,14,115.23270713892691,228.2327071389269,1.0600000000000007
232,3,266.40421381746086,187.40421381746089,0.0
232,7,329.38339853728985,156.61660146271015,0.0
232,25,108.12253826914429,210.1225382691443,0.9100000000000006
232,4,339.26207819372974,153.26207819372976,0.0
232,13,756.6754759657579,586.6754759657579,0.0
232,15,579.1113205986447,185.88867940135523,0.0
232,2,237.61147717107653,491.49999999999994,2.615
232,10,109.69713800233792,211.6971380023379,0.2800000000000001
232,18,127.96056300356467,247.96056300356466,0.0
232,21,746.6202275526549,657.3797724473451,0.0
233,5,587.2392265268592,170.23922652685923,0.0
233,16,465.23386153855597,813.233861538556,0.0
233,20,178.0192750508981,380.0192750508981,0.6800000000000004
233,12,100.0,200.0,0.0
233,24,76.68032265205156,452.3196773479484,0.0
233,8,481.3049293504222,667.3049293504222,0.0
233,17,488.6950706495783,681.3049293504217,0.0
233,1,107.32583907202859,209.3258390720286,0.6800000000000004
233,19,117.72870098916161,235.7287009891616,0.6800000000000004
233,22,323.62144814900984,897.6214481490099,0.0
233,23,332.2069789757395,155.20697897573947,0.0
233,6,177.6050614885252,379.6050614885252,0.6800000000000004
233,11,279.1775417242156,264.8224582757844,0.0
233,9,617.5,920.855519803527,0.0
233,14,115.15271398534203,226.84728601465798,1.0600000000000007
233,3,265.4287514439383,186.5,0.0
233,7,328.428804382688,157.428804382688,0.0
233,25,106.75752929624164,208.75752929624164,0.9100000000000006
233,4,338.3074840391279,152.6925159608721,0.0
233,13,757.6300701203597,587.6300701203597,0.0
233,15,578.0145378815614,186.5,0.0
233,2,237.3299600981482,491.6700399018518,2.615
233,10,108.63150285681434,210.63150285681434,0.2800000000000001
233,18,126.80133444596846,247.49999999999997,0.0
233,21,745.665633398053,658.334366601947,0.0
234,5,586.2846323722573,169.71536762774264,0.0
234,16,466.1884556931578,814.1884556931578,0.0
234,20,176.77223722199017,378.77223722199017,0.6800000000000004
234,12,100.0,200.0,0.0
234,24,77.36508319334659,451.3650831933466,0.0
234,8,482.259523505024,668.259523505024,0.0
234,17,489.25952350502354,682.2595235050235,0.0
234,1,106.5,207.90433500556654,0.6800000000000004
234,19,116.49999999999999,234.4740677925397,0.6800000000000004
234,22,324.5760423036117,898.5760423036118,0.0
234,23,331.25238482113764,154.74761517886236,0.0
234,6,176.35802365961726,378.3580236596173,0.6800000000000004
234,11,278.2229475696137,265.7770524303863,0.0
234,9,617.5,922.2055198035271,0.0
234,14,114.46186489038904,225.46186489038902,1.0600000000000007
234,3,264.20213228944374,186.79786771055626,0.0
234,7,327.4635277547889,156.5,0.0
234,25,106.09962710452555,207.09962710452555,0.9100000000000006
234,4,337.35288988452606,153.64711011547394,0.0
234,13,758.5846642749616,588.5846642749616,0.0
234,15,576.9092390706276,185.9092390706276,0.0
234,2,237.0810939326807,491.9189060673193,2.615
234,10,107.56586771129075,209.56586771129076,0.2800000000000001
234,18,125.75848147554758,248.24151852445243,0.0
234,21,744.7110392434512,659.2889607565488,0.0
235,5,585.3300382176554,170.3300382176555,0.0
235,16,467.14304984775964,815.1430498477597,0.0
235,20,175.52519939308223,377.52519939308223,0.6800000000000004
235,12,100.0,200.0,0.0
235,24,76.41048903874476,450.41048903874474,0.0
235,8,482.5070108784393,669.5070108784394,0.0
235,17,490.21411765962534,683.2141176596253,0.0
235,1,105.53887019539926,206.53887019539926,0.6800000000000004
235,19,115.94173211253228,232.9417321125323,0.6800000000000004
235,22,325.53063645821356,899.5306364582136,0.0
235,23,330.2977906665358,155.7022093334642,0.0
235,6,175.11098583070932,377.11098583070935,0.6800000000000004
235,11,277.26835341501186,266.73164658498814,0.0
235,9,617.5,923.5555198035271,0.0
235,14,113.5,223.90100102961935,1.0600000000000007
235,3,263.2475381348419,187.7524618651581,0.0
235,7,326.1135277547889,156.5,0.0
235,25,105.44172491280946,205.44172491280946,0.9100000000000006
235,4,336.3982957299242,154.39829572992423,0.0
235,13,759.5,589.5555198035261,0.0
235,15,575.9546449160257,186.04535508397427,0.0
235,2,236.83222776721317,492.16777223278683,2.615
235,10,106.50023256576718,208.50023256576716,0.2800000000000001
235,18,124.80388732094578,247.80388732094576,0.0
235,21,744.4635518700359,660.5364481299641,0.0
236,5,584.3754440630536,169.62455593694636,0.0
236,16,466.9023559976384,816.0976440023616,0.0
236,20,174.2781615641743,376.2781615641743,0.6800000000000004
236,12,100.0,200.0,0.0
236,24,75.45589488414291,449.45589488414294,0.0
236,8,483.46160503304117,670.4616050330412,0.0
236,17,490.49999999999994,684.4457013169992,0.0
236,1,104.99893914767786,204.99893914767787,0.6800000000000004
236,19,115.5,231.36112573404498,0.6800000000000004
236,22,326.4852306128154,900.4852306128155,0.0
236,23,329.34319651193397,156.65680348806606,0.0
236,6,173.8639480018014,375.8639480018014,0.6800000000000004
236,11,276.31375926041,267.68624073959,0.0
236,9,617.5,924.9055198035271,0.0
236,14,114.39812942303769,222.3981294230377,1.0600000000000007
236,3,262.20717856868447,188.5,0.0
236,7,324.97923548125556,157.02076451874447,0.0
236,25,104.07671593990682,204.07671593990682,0.9100000000000006
236,4,335.4437015753224,153.55629842467764,0.0
236,13,759.7867458029788,590.7867458029788,0.0
236,15,575.0000507614238,186.00005076142386,0.0
236,2,236.58336160174565,492.41663839825435,2.615
236,10,106.14170420143013,207.14170420143014,0.2800000000000001
236,18,123.84929316634394,246.84929316634393,0.0
236,21,743.508957715434,661.491042284566,0.0
237,5,583.3880648670694,170.5,0.0
237,16,467.05223815696337,817.0522381569634,0.0
237,20,173.03112373526636,375.03112373526636,0.6800000000000004
237,12,100.0,200.0,0.0
237,24,74.50130072954109,448.5013007295411,0.0
237,8,484.4161991876431,671.416199187643,0.0
237,17,489.5838008123575,685.4161991876425,0.0
237,1,103.75190131876992,203.75190131876994,0.6800000000000004
237,19,115.5,229.59754792361107,0.6800000000000004
237,22,327.4398247674173,901.4398247674173,0.0
237,23,328.3886023573321,157.6113976426679,0.0
237,6,172.61691017289345,374.6169101728935,0.6800000000000004
237,11,275.35916510580813,268.64083489419187,0.0
237,9,617.5,926.2555198035271,0.0
237,14,113.5,220.8108654672869,1.0600000000000007
237,3,261.04545660682476,188.95454339317524,0.0
237,7,324.0246413266537,157.9753586733463,0.0
237,25,102.71170696700418,202.71170696700418,0.9100000000000006
237,4,334.48910742072053,154.51089257927947,0.0
237,13,760.7413399575806,591.7413399575806,0.0
237,15,574.045456606822,185.954543393178,0.0
237,2,236.2659412013499,492.5,2.615
237,10,105.5,205.90047110935342,0.2800000000000001
237,18,122.8946990117421,245.8946990117421,0.0
237,21,744.4456364391679,662.4456364391679,0.0
238,5,582.1733625350364,170.17336253503643,0.0
238,16,468.00683231156523,818.0068323115653,0.0
238,20,173.21591409364157,373.7840859063584,0.6800000000000004
238,12,100.0,200.0,0.0
238,24,73.54670657493924,447.54670657493926,0.0
238,8,484.50000000000006,672.7314877546269,0.0
238,17,489.6636865610579,686.6636865610578,0.0
238,1,102.50486348986199,202.504863489862,0.6800000000000004
238,19,115.02904575055466,228.02904575055467,0.6800000000000004
238,22,328.39441892201916,902.3944189220192,0.0
238,23,327.40667350529577,158.5,0.0
238,6,173.36987234398552,373.36987234398555,0.6800000000000004
238,11,274.40457095120627,269.59542904879373,0.0
238,9,616.7182794501899,927.2817205498101,0.0
238,14,112.33439395568635,219.33439395568635,1.0600000000000007
238,3,259.9213921310576,189.5,0.0
238,7,323.07004717205183,158.92995282794814,0.0
238,25,102.05380477528809,201.05380477528809,0.9100000000000006
238,4,333.53451326611867,155.4654867338813,0.0
238,13,761.6959341121825,592.6959341121825,0.0
238,15,572.9213921310536,186.5,0.0
238,2,235.91399129492996,492.5,2.615
238,10,104.71754069156952,204.71754069156952,0.2800000000000001
238,18,121.70818869546095,245.49999999999997,0.0
238,21,745.4002305937697,663.4002305937697,0.0
239,5,581.1022784294424,169.5,0.0
239,16,468.0385735338329,818.961426466167,0.0
239,20,172.5370480774505,372.5370480774505,0.6800000000000004
239,12,100.0,200.0,0.0
239,24,74.40788757966259,446.5921124203374,0.0
239,8,484.91117393447365,673.9111739344736,0.0
239,17,490.49999999999994,687.6672741922532,0.0
239,1,101.96493244214061,200.9649324421406,0.6800000000000004
239,19,115.21799207835328,226.78200792164674,0.6800000000000004
239,22,329.349013076621,903.3490130766211,0.0
239,23,326.186520829315,158.813479170685,0.0
239,6,172.87716548492241,372.1228345150776,0.6800000000000004
239,11,273.4499767966044,270.5500232033956,0.0
239,9,615.7636852955881,928.2363147044119,0.0
239,14,112.05102716858259,217.94897283141742,1.0600000000000007
239,3,258.57139213105756,189.5,0.0
239,7,322.11545301745,159.11545301745,0.0
239,25,100.395902583572,200.395902583572,0.9100000000000006
239,4,332.2870258927034,155.28702589270338,0.0
239,13,762.6505282667844,593.6505282667844,0.0
239,15,571.8433750788048,185.84337507880483,0.0
239,2,235.56204138851,492.5,2.615
239,10,103.65190554604594,203.65190554604595,0.2800000000000001
239,18,120.69261748372497,244.69261748372497,0.0
239,21,744.6451752516284,664.3548247483716,0.0
240,5,579.7522784294424,169.5,0.0
240,16,467.49999999999994,820.0883420041182,0.0
240,20,173.29001024854256,371.29001024854256,0.6800000000000004
240,12,100.0,200.0,0.0
240,24,73.63751826573557,445.6375182657356,0.0
240,8,485.86576808907546,674.8657680890755,0.0
240,17,490.865768089075,688.865768089075,0.0
240,1,100.42500139441921,200.4250013944192,0.6800000000000004
240,19,114.53497009273879,225.5349700927388,0.6800000000000004
240,22,330.3036072312229,904.3036072312229,0.0
240,23,325.1208870676689,159.5,0.0
240,6,172.87579668616965,370.8757966861697,0.6800000000000004
240,11,272.49538264200254,271.50461735799746,0.0
240,9,614.8090911409862,929.1909088590138,0.0
240,14,111.56355170714848,216.56355170714846,1.0600000000000007
240,3,257.59588770539233,190.40411229460767,0.0
240,7,321.16085886284816,158.83914113715184,0.0
240,25,100.0,200.0,0.9100000000000006
240,4,331.33243173810155,154.66756826189845,0.0
240,13,763.3948775786138,594.6051224213862,0.0
240,15,570.8887809242029,186.11121907579704,0.0
240,2,235.29500372106213,492.7049962789378,2.615
240,10,102.58627040052237,202.58627040052235,0.2800000000000001
240,18,120.5,243.42240225783402,0.0
240,21,743.6905810970266,665.3094189029734,0.0
241,5,578.4309004147906,169.43090041479053,0.0
241,16,467.49999999999994,821.4383420041182,0.0
241,20,172.5,369.8536653974687,0.6800000000000004
241,12,100.0,200.0,0.0
241,24,72.68292411113374,444.68292411113373,0.0
241,8,486.8203622436773,675.8203622436773,0.0
241,17,491.82036224367687,689.8203622436769,0.0
241,1,100.0,200.0,0.6800000000000004
241,19,113.5,224.20009093136784,0.6800000000000004
241,22,331.25820138582475,905.2582013858248,0.0
241,23,323.98443930129787,158.98443930129787,0.0
241,6,172.33586563844827,369.3358656384483,0.6800000000000004
241,11,271.5407884874007,272.4592115125993,0.0
241,9,615.1455030136157,930.1455030136157,0.0
241,14,112.5,215.0448079049951,1.0600000000000007
241,3,256.64129355079046,191.3587064492095,0.0
241,7,320.08459556665434,159.5,0.0
241,25,100.0,200.0,0.9100000000000006
241,4,330.3778375834997,155.6221624165003,0.0
241,13,762.4402834240119,595.5597165759881,0.0
241,15,569.9341867696011,185.9341867696011,0.0
241,2,235.0461375555946,492.95386244440533,2.615
241,10,102.22774203618532,201.22774203618533,0.2800000000000001
241,18,120.5,242.07240225783403,0.0
241,21,742.7359869424247,666.2640130575753,0.0
242,5,577.4763062601887,168.52369373981128,0.0
242,16,468.4109953675994,822.4109953675994,0.0
242,20,171.5030413719132,368.50304137191324,0.6800000000000004
242,12,100.0,200.0,0.0
242,24,71.7283299565319,443.7283299565319,0.0
242,8,487.7749563982792,676.7749563982792,0.0
242,17,492.5,690.888847067507,0.0
242,1,100.0,200.0,0.6800000000000004
242,19,114.25199878389054,222.74800121610946,0.6800000000000004
242,22,332.2127955404266,906.2127955404267,0.0
242,23,323.029845146696,158.97015485330397,0.0
242,6,171.5,367.9185147117813,0.6800000000000004
242,11,270.5861943327988,271.5861943327988,0.0
242,9,616.1000971682175,931.1000971682175,0.0
242,14,111.49981623979714,213.49981623979713,1.0600000000000007
242,3,255.34981925580374,191.5,0.0
242,7,318.95877733483104,160.04122266516896,0.0
242,25,100.0,200.0,0.9100000000000006
242,4,329.4232434288979,156.57675657110215,0.0
242,13,761.5,596.5202384292877,0.0
242,15,568.9795926149992,186.02040738500077,0.0
242,2,234.7972713901271,493.20272860987285,2.615
242,10,101.02214698214142,200.5,0.2800000000000001
242,18,120.5,240.72240225783403,0.0
242,21,741.7813927878228,667.2186072121772,0.0
243,5,576.5217121055869,169.4782878944131,0.0
243,16,468.6584827410147,823.6584827410147,0.0
243,20,170.96311032419183,366.96311032419186,0.6800000000000004
243,12,100.0,200.0,0.0
243,24,70.77373580193007,442.77373580193006,0.0
243,8,488.27044944711895,677.729550552881,0.0
243,17,493.022443771694,692.0224437716939,0.0
243,1,100.0,200.0,0.6800000000000004
243,19,113.50096338720152,221.50096338720152,0.6800000000000004
243,22,333.1673896950285,907.1673896950285,0.0
243,23,322.0752509920942,159.07525099209417,0.0
243,6,170.54889676181895,366.548896761819,0.6800000000000004
243,11,269.63160017819695,272.36839982180305,0.0
243,9,615.9453086771806,932.0546913228194,0.0
243,14,110.1143951155282,212.1143951155282,1.0600000000000007
243,3,254.14631880395987,191.8536811960401,0.0
243,7,317.79880912902746,160.5,0.0
243,25,100.0,200.0,0.9100000000000006
243,4,328.468649274296,157.531350725704,0.0
243,13,761.2382018959948,597.7617981040052,0.0
243,15,567.8282463805459,186.5,0.0
243,2,234.54840522465958,493.45159477534037,2.615
243,10,100.0,200.0,0.2800000000000001
243,18,120.40977477125035,239.40977477125034,0.0
243,21,740.826798633221,668.173201366779,0.0
244,5,575.567117950985,168.56711795098502,0.0
244,16,469.6130768956166,824.6130768956166,0.0
244,20,169.7160724952839,365.7160724952839,0.6800000000000004
244,12,100.0,200.0,0.0
244,24,71.18085835267178,441.81914164732825,0.0
244,8,487.6841447074829,678.6841447074829,0.0
244,17,493.9770379262958,692.9770379262958,0.0
244,1,100.0,200.0,0.6800000000000004
244,19,112.96103233948013,219.96103233948014,0.6800000000000004
244,22,334.12198384963034,908.1219838496304,0.0
244,23,321.12065683749233,158.87934316250767,0.0
244,6,169.30185893291102,365.30185893291105,0.6800000000000004
244,11,268.3361107568168,272.5,0.0
244,9,615.5,933.2202384292888,0.0
244,14,108.72897399125925,210.72897399125924,1.0600000000000007
244,3,253.19172464935804,192.80827535064196,0.0
244,7,316.7566958068139,161.24330419318608,0.0
244,25,100.0,200.0,0.9100000000000006
244,4,327.51405511969415,158.48594488030582,0.0
244,13,760.716392258607,598.716392258607,0.0
244,15,566.7775110869821,185.77751108698212,0.0
244,2,234.29953905919206,493.7004609408079,2.615
244,10,100.0,200.0,0.2800000000000001
244,18,119.5,238.43661582020712,0.0
244,21,740.5,669.3878369407339,0.0
245,5,574.6125237963831,169.38747620361684,0.0
245,16,470.56767105021845,825.5676710502185,0.0
245,20,168.53096533362404,364.469034666376,0.6800000000000004
245,12,100.0,200.0,0.0
245,24,71.5,440.6013344459697,0.0
245,8,488.6387388620848,679.6387388620848,0.0
245,17,494.06836791910246,693.9316320808975,0.0
245,1,100.0,200.0,0.6800000000000004
245,19,111.71399451057219,218.7139945105722,0.6800000000000004
245,22,335.0765780042322,909.0765780042323,0.0
245,23,320.02774131716126,159.5,0.0
245,6,168.94517889599692,364.0548211040031,0.6800000000000004
245,11,266.9861107568168,272.5,0.0
245,9,616.2567728508366,934.2567728508366,0.0
245,14,107.34355286699031,209.3435528669903,1.0600000000000007
245,3,252.1282463805499,193.5,0.0
245,7,315.5130226914006,161.5,0.0
245,25,100.0,200.0,0.9100000000000006
245,4,326.2665677462789,158.26656774627887,0.0
245,13,761.6709864132089,599.6709864132089,0.0
245,15,565.542459942919,185.5,0.0
245,2,234.05067289372454,493.9493271062754,2.615
245,10,100.0,200.0,0.2800000000000001
245,18,119.20769324323322,237.20769324323322,0.0
245,21,740.3318238863903,670.6681761136097,0.0
246,5,573.3650364229678,169.36503642296785,0.0
246,16,471.49999999999994,826.5314877546259,0.0
246,20,169.22199683746803,363.22199683746805,0.6800000000000004
246,12,100.0,200.0,0.0
246,24,72.38293988068888,439.61706011931113,0.0
246,8,489.40666698331347,680.5933330166866,0.0
246,17,493.8862262354994,694.8862262354994,0.0
246,1,100.0,200.0,0.6800000000000004
246,19,112.46695668166426,217.46695668166427,0.6800000000000004
246,22,335.5,910.2511908709781,0.0
246,23,318.9185753094752,160.08142469052478,0.0
246,6,168.80778327509515,362.8077832750952,0.6800000000000004
246,11,265.6361107568168,272.5,0.0
246,9,617.5042602242519,934.5042602242519,0.0
246,14,106.5,207.73368256153708,1.0600000000000007
246,3,250.98964312134092,192.9896431213409,0.0
246,7,314.5546142787968,162.4453857212032,0.0
246,25,100.0,200.0,0.9100000000000006
246,4,325.23409050326535,157.5,0.0
246,13,762.6255805678107,600.6255805678107,0.0
246,15,564.192459942919,185.5,0.0
246,2,233.80180672825702,494.1981932717429,2.615
246,10,100.0,200.0,0.2800000000000001
246,18,118.25309908863139,236.2530990886314,0.0
246,21,739.3772297317885,671.6227702682115,0.0
247,5,572.410442268366,168.58955773163402,0.0
247,16,471.76975257823557,827.7697525782356,0.0
247,20,167.9749590085601,361.9749590085601,0.6800000000000004
247,12,100.0,200.0,0.0
247,24,71.66246596470928,438.66246596470927,0.0
247,8,488.54792717128845,681.5479271712884,0.0
247,17,494.50000000000006,695.9819928180144,0.0
247,1,100.0,200.0,0.6800000000000004
247,19,111.78008114724368,216.21991885275634,0.6800000000000004
247,22,335.5,911.6011908709781,0.0
247,23,317.7419548795344,160.5,0.0
247,6,167.5607454461872,361.56074544618724,0.6800000000000004
247,11,264.34875746572226,272.65124253427774,0.0
247,9,618.4588543788537,935.4588543788537,0.0
247,14,105.5,206.18861478037084,1.0600000000000007
247,3,249.842459942923,192.5,0.0
247,7,313.60002012419494,163.39997987580503,0.0
247,25,100.0,200.0,0.9100000000000006
247,4,324.0644862182617,157.93551378173825,0.0
247,13,763.4198252775874,601.5801747224126,0.0
247,15,563.0350489667362,185.0350489667362,0.0
247,2,233.55294056278953,494.44705943721044,2.615
247,10,100.0,200.0,0.2800000000000001
247,18,117.29850493402954,235.29850493402955,0.0
247,21,738.4226355771866,672.5773644228134,0.0
248,5,571.4558481137641,169.45584811376412,0.0
248,16,472.72434673283743,828.7243467328375,0.0
248,20,168.27207882034784,360.7279211796522,0.6800000000000004
248,12,100.0,200.0,0.0
248,24,70.41497859129399,438.41497859129396,0.0
248,8,489.5025213258903,682.5025213258903,0.0
248,17,494.50000000000006,697.3319928180144,0.0
248,1,100.0,200.0,0.6800000000000004
248,19,112.5,214.75454119494216,0.6800000000000004
248,22,335.5,912.9511908709782,0.0
248,23,316.7164937814581,161.2835062185419,0.0
248,6,168.31370761727928,360.3137076172793,0.6800000000000004
248,11,263.3941633111204,273.6058366888796,0.0
248,9,618.293658247731,936.706341752269,0.0
248,14,104.60150305655657,204.60150305655657,1.0600000000000007
248,3,248.78756159332377,193.21243840667623,0.0
248,7,312.64542596959313,164.3545740304069,0.0
248,25,100.0,200.0,0.9100000000000006
248,4,323.1098920636599,158.89010793634012,0.0
248,13,762.4652311229855,602.5347688770145,0.0
248,15,562.0804548121343,184.91954518786562,0.0
248,2,233.22291935547668,494.5,2.615
248,10,100.0,200.0,0.2800000000000001
248,18,116.49999999999999,234.27925650732644,0.0
248,21,737.4680414225847,673.5319585774153,0.0
249,5,570.5012539591622,168.50125395916226,0.0
249,16,473.3210591125607,829.6789408874394,0.0
249,20,167.5,359.47296497535535,0.6800000000000004
249,12,100.0,200.0,0.0
249,24,69.46038443669214,437.46038443669215,0.0
249,8,490.4571154804921,683.4571154804921,0.0
249,17,495.33579513693184,698.3357951369319,0.0
249,1,100.0,200.0,0.6800000000000004
249,19,111.43294997612699,213.432949976127,0.6800000000000004
249,22,335.5,914.3011908709782,0.0
249,23,315.4690064080428,161.53099359195718,0.0
249,6,167.5,358.88717853772874,0.6800000000000004
249,11,262.43956915651853,274.56043084348147,0.0
249,9,617.5,937.7275977421697,0.0
249,14,103.21608193228762,203.21608193228764,1.0600000000000007
249,3,247.83296743872194,194.16703256127806,0.0
249,7,311.69083181499127,165.30916818500873,0.0
249,25,100.0,200.0,0.9100000000000006
249,4,322.15529790905805,159.15529790905805,0.0
249,13,761.5106369683837,603.4893630316163,0.0
249,15,561.1258606575325,185.1258606575325,0.0
249,2,232.87096944905673,494.5,2.615
249,10,100.0,200.0,0.2800000000000001
249,18,116.09642340601242,233.09642340601243,0.0
249,21,736.5134472679829,674.4865527320171,0.0
250,5,569.5466598045604,169.4533401954396,0.0
250,16,472.5,830.6888470675067,0.0
250,20,166.94095230302284,357.9409523030228,0.6800000000000004
250,12,100.0,200.0,0.0
250,24,68.5057902820903,436.5057902820903,0.0
250,8,490.2953971460925,684.7046028539074,0.0
250,17,496.2903892915337,699.2903892915338,0.0
250,1,100.0,200.0,0.6800000000000004
250,19,110.18591214721906,212.18591214721906,0.6800000000000004
250,22,336.3140148713087,915.3140148713087,0.0
250,23,314.514412253441,162.48558774655905,0.0
250,6,166.52673874064993,357.52673874064993,0.6800000000000004
250,11,261.47875144393595,275.5,0.0
250,9,617.5,939.0775977421697,0.0
250,14,102.5,201.55341143687218,1.0600000000000007
250,3,246.8783732841201,195.1216267158799,0.0
250,7,310.7362376603894,166.26376233961057,0.0
250,25,100.0,200.0,0.9100000000000006
250,4,321.2007037544562,158.7992962455438,0.0
250,13,760.5560428137818,604.4439571862182,0.0
250,15,560.1712665029306,184.82873349706935,0.0
250,2,232.51901954263678,494.5,2.615
250,10,100.0,200.0,0.2800000000000001
250,18,115.5,231.99347006969953,0.0
250,21,735.558853113381,675.441146886619,0.0
251,5,568.299172431145,169.29917243114508,0.0
251,16,472.5,832.0388470675067,0.0
251,20,166.40102125530143,356.40102125530143,0.6800000000000004
251,12,100.0,200.0,0.0
251,24,69.44880387251155,435.5511961274885,0.0
251,8,489.50000000000006,685.7251385685231,0.0
251,17,497.24498344613556,700.2449834461356,0.0
251,1,100.0,200.0,0.6800000000000004
251,19,108.93887431831112,210.93887431831112,0.6800000000000004
251,22,337.26860902591056,916.2686090259106,0.0
251,23,313.5598180988391,163.44018190116088,0.0
251,6,165.98680769292855,355.98680769292855,0.6800000000000004
251,11,260.2374876285014,275.2374876285014,0.0
251,9,616.8440893462985,940.1559106537015,0.0
251,14,101.00834365570596,200.5,1.0600000000000007
251,3,245.92377912951827,196.07622087048173,0.0
251,7,309.48409050326603,166.5,0.0
251,25,100.0,200.0,0.9100000000000006
251,4,320.1409447527577,159.5,0.0
251,13,761.3985513408201,605.3985513408201,0.0
251,15,559.0993141924113,185.5,0.0
251,2,232.264582682106,494.73541731789396,2.615
251,10,100.0,200.0,0.2800000000000001
251,18,115.5,230.64347006969953,0.0
251,21,734.6042589587792,676.3957410412208,0.0
252,5,567.3445782765432,168.65542172345678,0.0
252,16,473.1285097888718,833.1285097888717,0.0
252,20,165.1539834263935,355.1539834263935,0.6800000000000004
252,12,100.0,200.0,0.0
252,24,69.30370875407317,434.30370875407317,0.0
252,8,489.90668438192466,686.9066843819246,0.0
252,17,496.8004223992626,701.1995776007375,0.0
252,1,100.0,200.0,0.6800000000000004
252,19,108.39894327058973,209.39894327058974,0.6800000000000004
252,22,338.2232031805124,917.2232031805124,0.0
252,23,312.60522394423725,164.39477605576272,0.0
252,6,164.73976986402062,354.7397698640206,0.6800000000000004
252,11,259.19296500630907,274.5,0.0
252,9,617.1105048083034,941.1105048083034,0.0
252,14,100.0,200.0,1.0600000000000007
252,3,244.7493141924154,196.5,0.0
252,7,308.24126291355884,166.75873708644116,0.0
252,25,100.0,200.0,0.9100000000000006
252,4,318.99862222643907,160.00137777356093,0.0
252,13,762.3531454954219,606.3531454954219,0.0
252,15,557.9691849749136,184.9691849749135,0.0
252,2,232.0157165166385,494.9842834833615,2.615
252,10,100.0,200.0,0.2800000000000001
252,18,115.5,229.29347006969954,0.0
252,21,735.3503351958227,677.3503351958227,0.0
253,5,566.3899841219413,169.38998412194135,0.0
253,16,474.0831039434736,834.0831039434736,0.0
253,20,164.5,353.661294420739,0.6800000000000004
253,12,100.0,200.0,0.0
253,24,68.5,433.2866158202083,0.0
253,8,490.49999999999994,688.01092500615,0.0
253,17,497.1541717553393,702.1541717553393,0.0
253,1,100.0,200.0,0.6800000000000004
253,19,107.15190544168179,208.1519054416818,0.6800000000000004
253,22,339.45855018385896,917.5,0.0
253,23,311.65062978963545,165.34937021036458,0.0
253,6,164.80016118370077,353.19983881629923,0.6800000000000004
253,11,258.0354061004843,274.9645938995157,0.0
253,9,617.5,942.2991706174236,0.0
253,14,100.0,200.0,1.0600000000000007
253,3,243.72169760150112,197.27830239849888,0.0
253,7,307.286668758957,167.286668758957,0.0
253,25,100.0,200.0,0.9100000000000006
253,4,317.8551583151308,160.5,0.0
253,13,763.3077396500238,607.3077396500238,0.0
253,15,557.0145908203117,184.9854091796883,0.0
253,2,231.76685035117097,495.233149648829,2.615
253,10,100.0,200.0,0.2800000000000001
253,18,115.10647391235126,228.10647391235128,0.0
253,21,734.6950706495754,678.3049293504246,0.0
254,5,565.4353899673395,168.5646100326605,0.0
254,16,474.5,835.2604199427604,0.0
254,20,165.36701454976418,352.3670145497642,0.6800000000000004
254,12,100.0,200.0,0.0
254,24,68.10162722605605,432.10162722605605,0.0
254,8,491.1087659099417,689.1087659099418,0.0
254,17,498.10876590994116,703.1087659099412,0.0
254,1,100.0,200.0,0.6800000000000004
254,19,105.90486761277386,206.90486761277387,0.6800000000000004
254,22,340.4252847085296,916.5747152914704,0.0
254,23,310.6960356350336,166.30396436496642,0.0
254,6,164.9528009873913,351.9528009873913,0.6800000000000004
254,11,257.08081194588243,275.91918805411757,0.0
254,9,616.6874136636794,943.3125863363206,0.0
254,14,100.0,200.0,1.0600000000000007
254,3,242.76710344689928,196.76710344689928,0.0
254,7,306.33207460435517,166.66792539564486,0.0
254,25,100.0,200.0,0.9100000000000006
254,4,316.79654069842195,161.20345930157808,0.0
254,13,764.2623338046257,608.2623338046257,0.0
254,15,556.0599966657098,185.05999666570986,0.0
254,2,231.51798418570345,495.4820158142965,2.615
254,10,100.0,200.0,0.2800000000000001
254,18,114.84812024225057,227.15187975774944,0.0
254,21,733.7404764949736,679.2595235050264,0.0
255,5,564.4728411779192,169.5,0.0
255,16,473.7148145285093,836.2851854714906,0.0
255,20,163.9625659246174,351.5,0.6800000000000004
255,12,100.0,200.0,0.0
255,24,67.14703307145422,431.1470330714542,0.0
255,8,492.0633600645436,690.0633600645436,0.0
255,17,499.063360064543,704.063360064543,0.0
255,1,100.0,200.0,0.6800000000000004
255,19,105.36493656505247,205.36493656505246,0.6800000000000004
255,22,341.37987886313147,917.3798788631315,0.0
255,23,309.4272362537729,166.5,0.0
255,6,163.41286993966992,351.4128699396699,0.6800000000000004
255,11,256.12621779128057,276.87378220871943,0.0
255,9,615.7328195090776,944.2671804909224,0.0
255,14,100.0,200.0,1.0600000000000007
255,3,241.81250929229745,197.18749070770255,0.0
255,7,305.5,167.6732688096147,0.0
255,25,100.0,200.0,0.9100000000000006
255,4,315.5693718775039,161.5,0.0
255,13,765.2169279592275,609.2169279592275,0.0
255,15,555.105402511108,184.894597488892,0.0
255,2,231.26911802023594,495.26911802023585,2.615
255,10,100.0,200.0,0.2800000000000001
255,18,115.19728560314759,226.1972856031476,0.0
255,21,732.7858823403717,680.2141176596283,0.0
256,5,563.2333084393224,169.23330843932237,0.0
256,16,472.7602203739075,837.2397796260925,0.0
256,20,162.58004567313483,350.58004567313486,0.6800000000000004
256,12,100.0,200.0,0.0
256,24,66.19243891685237,430.1924389168524,0.0
256,8,492.5,691.2324978814039,0.0
256,17,500.0179542191448,705.0179542191448,0.0
256,1,100.0,200.0,0.6800000000000004
256,19,104.11789873614453,204.11789873614453,0.6800000000000004
256,22,342.6273662365468,917.3726337634532,0.0
256,23,308.20106088820296,166.201060888203,0.0
256,6,162.5,350.02741523893,0.6800000000000004
256,11,255.17162363667873,277.82837636332124,0.0
256,9,615.5,945.5207434926775,0.0
256,14,100.0,200.0,1.0600000000000007
256,3,240.8579151376956,198.1420848623044,0.0
256,7,305.12999307633805,168.87000692366198,0.0
256,25,100.0,200.0,0.9100000000000006
256,4,314.59445917040483,162.4055408295952,0.0
256,13,766.1715221138294,610.1715221138294,0.0
256,15,554.0061684419036,185.5,0.0
256,2,231.02025185476842,495.02025185476833,2.615
256,10,100.0,200.0,0.2800000000000001
256,18,114.24269144854576,225.24269144854577,0.0
256,21,731.8312881857698,681.1687118142302,0.0
257,5,562.2787142847205,168.72128571527946,0.0
257,16,471.8056262193056,836.8056262193056,0.0
257,20,162.95988537458655,349.0401146254135,0.6800000000000004
257,12,100.0,200.0,0.0
257,24,65.5,429.12925650732757,0.0
257,8,493.26544159256076,692.2654415925608,0.0
257,17,500.49999999999994,706.1682843190299,0.0
257,1,100.0,200.0,0.6800000000000004
257,19,102.87086090723659,202.8708609072366,0.6800000000000004
257,22,343.58196039114864,916.4180396088514,0.0
257,23,307.24646673360115,165.75353326639888,0.0
257,6,163.3740989369594,348.6259010630406,0.6800000000000004
257,11,254.2170294820769,278.7829705179231,0.0
257,9,615.2378447622469,946.7621552377531,0.0
257,14,100.0,200.0,1.0600000000000007
257,3,239.90332098309378,199.09667901690622,0.0
257,7,304.0409447527584,169.5,0.0
257,25,100.0,200.0,0.9100000000000006
257,4,313.63986501580297,163.36013498419703,0.0
257,13,767.1261162684312,611.1261162684312,0.0
257,15,552.9033209830908,184.90332098309082,0.0
257,2,230.7713856893009,494.7713856893008,2.615
257,10,100.0,200.0,0.2800000000000001
257,18,113.5,224.20032431919194,0.0
257,21,730.876694031168,682.123305968832,0.0
258,5,561.3241201301187,169.6758798698813,0.0
258,16,470.8510320647038,837.1489679352962,0.0
258,20,163.5,347.5002596180619,0.6800000000000004
258,12,100.0,200.0,0.0
258,24,66.00964261116475,427.99035738883526,0.0
258,8,494.2200357471626,693.2200357471626,0.0
258,17,500.49999999999994,707.5182843190299,0.0
258,1,100.0,200.0,0.6800000000000004
258,19,102.3309298595152,201.3309298595152,0.6800000000000004
258,22,344.5365545457505,915.4634454542495,0.0
258,23,306.2918725789993,166.7081274210007,0.0
258,6,163.08597001531922,347.0859700153192,0.6800000000000004
258,11,253.26243532747506,279.73756467252497,0.0
258,9,614.2832506076451,947.7167493923549,0.0
258,14,100.0,200.0,1.0600000000000007
258,3,238.94872682849194,198.94872682849194,0.0
258,7,302.9279115483209,170.07208845167912,0.0
258,25,100.0,200.0,0.9100000000000006
258,4,312.6852708612011,164.31472913879887,0.0
258,13,768.0807104230331,612.0807104230331,0.0
258,15,551.9487268284889,185.05127317151104,0.0
258,2,230.52251952383335,494.52251952383335,2.615
258,10,100.0,200.0,0.2800000000000001
258,18,113.95939007947138,223.04060992052862,0.0
258,21,729.9220998765661,683.0779001234339,0.0
259,5,560.3154818650386,170.5,0.0
259,16,469.89643791010195,838.1035620898981,0.0
259,20,162.25314574878414,346.2531457487841,0.6800000000000004
259,12,100.0,200.0,0.0
259,24,66.03576323423341,427.0357632342334,0.0
259,8,493.8253700982356,694.1746299017644,0.0
259,17,500.7604163393907,708.7604163393908,0.0
259,1,100.0,200.0,0.6800000000000004
259,19,100.91153446627325,200.5,0.6800000000000004
259,22,345.49114870035237,914.5088512996476,0.0
259,23,305.5,167.73012305910785,0.0
259,6,161.83893218641128,345.8389321864113,0.6800000000000004
259,11,252.22824638054757,280.5,0.0
259,9,613.3286564530432,948.6713435469568,0.0
259,14,100.0,200.0,1.0600000000000007
259,3,237.78459556665396,198.5,0.0
259,7,301.973317393719,169.97331739371904,0.0
259,25,100.0,200.0,0.9100000000000006
259,4,311.7306767065993,165.26932329340073,0.0
259,13,769.035304577635,613.035304577635,0.0
259,15,550.9941326738871,184.9941326738871,0.0
259,2,230.27365335836583,494.72634664163417,2.615
259,10,100.0,200.0,0.2800000000000001
259,18,114.08601576592679,222.0860157659268,0.0
259,21,728.9675057219642,684.0324942780358,0.0
260,5,559.1220386021016,170.12203860210158,0.0
260,16,468.9418437555001,839.0581562445,0.0
260,20,161.00610791987617,345.0061079198762,0.6800000000000004
260,12,100.0,200.0,0.0
260,24,64.90768363207376,426.5,0.0
260,8,494.12922405636624,695.1292240563662,0.0
260,17,501.71501049399257,709.7150104939926,0.0
260,1,100.0,200.0,0.6800000000000004
260,19,100.0,200.0,0.6800000000000004
260,22,346.8374823719937,914.5,0.0
260,23,305.08979105098217,168.91020894901786,0.0
260,6,160.59189435750335,344.59189435750335,0.6800000000000004
260,11,251.0603537994579,280.9396462005421,0.0
260,9,612.3740622984413,949.6259377015587,0.0
260,14,100.0,200.0,1.0600000000000007
260,3,236.7466453004748,199.2533546995252,0.0
260,7,301.0187232391172,169.98127676088282,0.0
260,25,100.0,200.0,0.9100000000000006
260,4,310.77608255199743,166.22391744800257,0.0
260,13,769.9898987322368,613.9898987322368,0.0
260,15,550.0395385192852,184.96046148071477,0.0
260,2,230.02478719289832,494.9752128071017,2.615
260,10,100.0,200.0,0.2800000000000001
260,18,113.5,220.9787514439381,0.0
260,21,728.0129115673624,684.9870884326376,0.0
261,5,558.0296954274116,169.5,0.0
261,16,467.9872496008982,840.0127503991017,0.0
261,20,161.24092990903176,343.75907009096824,0.6800000000000004
261,12,100.0,200.0,0.0
261,24,63.833681706216275,425.8336817062163,0.0
261,8,494.50000000000006,696.3256436319114,0.0
261,17,502.66960464859443,710.6696046485944,0.0
261,1,100.0,200.0,0.6800000000000004
261,19,100.0,200.0,0.6800000000000004
261,22,347.98612344718293,914.013876552817,0.0
261,23,303.98409050326524,169.5,0.0
261,6,161.34485652859541,343.3448565285954,0.6800000000000004
261,11,250.10575964485608,281.89424035514395,0.0
261,9,611.4194681438395,950.5805318561605,0.0
261,14,100.0,200.0,1.0600000000000007
261,3,235.79205114587296,200.20794885412704,0.0
261,7,299.88358543987766,170.5,0.0
261,25,100.0,200.0,0.9100000000000006
261,4,309.54043968936935,166.5,0.0
261,13,770.9444928868387,614.9444928868387,0.0
261,15,548.9130226913959,185.5,0.0
261,2,229.7759210274308,495.2240789725692,2.615
261,10,100.0,200.0,0.2800000000000001
261,18,112.88393423790964,219.88393423790964,0.0
261,21,727.0583174127605,685.9416825872395,0.0
262,5,556.6796954274116,169.5,0.0
262,16,467.03265544629636,840.9673445537036,0.0
262,20,160.5120322620603,342.5120322620603,0.6800000000000004
262,12,100.0,200.0,0.0
262,24,64.12091244838557,424.8790875516144,0.0
262,8,494.6241988031968,697.6241988031968,0.0
262,17,503.62419880319624,711.6241988031962,0.0
262,1,100.0,200.0,0.6800000000000004
262,19,100.0,200.0,0.6800000000000004
262,22,348.9407176017848,913.0592823982151,0.0
262,23,302.887709522965,170.11229047703497,0.0
262,6,160.90218130031252,342.0978186996875,0.6800000000000004
262,11,249.00667350529378,282.5,0.0
262,9,610.5,951.5496756808122,0.0
262,14,100.0,200.0,1.0600000000000007
262,3,234.83745699127113,201.16254300872887,0.0
262,7,298.53358543987764,170.5,0.0
262,25,100.0,200.0,0.9100000000000006
262,4,308.5740010239803,165.57400102398032,0.0
262,13,771.5,616.0643943065726,0.0
262,15,547.8374569912681,184.8374569912681,0.0
262,2,229.52705486196325,495.47294513803666,2.615
262,10,100.0,200.0,0.2800000000000001
262,18,111.9293400833078,218.9293400833078,0.0
262,21,726.1037232581587,686.8962767418413,0.0
263,5,555.6724697006691,170.32753029933087,0.0
263,16,466.07806129169455,841.9219387083054,0.0
263,20,161.26499443315237,341.26499443315237,0.6800000000000004
263,12,100.0,200.0,0.0
263,24,65.07550660298742,423.9244933970126,0.0
263,8,495.5787929577986,698.5787929577987,0.0
263,17,504.49999999999994,712.6114300695376,0.0
263,1,100.0,200.0,0.6800000000000004
263,19,100.0,200.0,0.6800000000000004
263,22,350.05905524724756,912.5,0.0
263,23,301.9331153683632,169.93311536836316,0.0
263,6,161.5,340.5818655025044,0.6800000000000004
263,11,247.65667350529378,282.5,0.0
263,9,610.2173866158223,952.7826133841777,0.0
263,14,100.0,200.0,1.0600000000000007
263,3,233.8828628366693,202.1171371633307,0.0
263,7,297.1835854398776,170.5,0.0
263,25,100.0,200.0,0.9100000000000006
263,4,307.326513650565,165.67348634943497,0.0
263,13,772.1465744148559,617.1465744148559,0.0
263,15,546.8828628366663,185.11713716333372,0.0
263,2,229.27818869649573,495.2781886964957,2.615
263,10,100.0,200.0,0.2800000000000001
263,18,112.02525407129403,217.97474592870597,0.0
263,21,725.1491291035568,687.8508708964432,0.0
264,5,554.7178755460673,169.7178755460673,0.0
264,16,465.12346713709275,842.1234671370927,0.0
264,20,160.5,339.8182876920701,0.6800000000000004
264,12,100.0,200.0,0.0
264,24,64.96989924241076,422.96989924241075,0.0
264,8,496.5333871124005,699.5333871124005,0.0
264,17,504.17371966878653,713.8262803312134,0.0
264,1,100.0,200.0,0.6800000000000004
264,19,100.0,200.0,0.6800000000000004
264,22,351.142799129802,913.1427991298019,0.0
264,23,300.9785212137613,170.02147878623867,0.0
264,6,160.31084982305816,339.31084982305816,0.6800000000000004
264,11,246.65619074342365,281.6561907434237,0.0
264,9,609.2627924612204,953.7372075387796,0.0
264,14,100.0,200.0,1.0600000000000007
264,3,232.69144981614633,202.5,0.0
264,7,296.028773745456,170.97122625454398,0.0
264,25,100.0,200.0,0.9100000000000006
264,4,306.3719194959632,166.62808050403683,0.0
264,13,771.8988314305423,618.1011685694577,0.0
264,15,545.9282686820644,186.07173131793556,0.0
264,2,229.0293225310282,495.0293225310282,2.615
264,10,100.0,200.0,0.2800000000000001
264,18,112.02015177410414,217.02015177410414,0.0
264,21,724.1945349489549,688.8054650510451,0.0
265,5,553.7632813914654,170.23671860853457,0.0
265,16,464.1688729824909,841.8311270175092,0.0
265,20,159.47802555652305,338.47802555652305,0.6800000000000004
265,12,100.0,200.0,0.0
265,24,64.01530508780891,422.01530508780894,0.0
265,8,497.48798126700234,700.4879812670024,0.0
265,17,503.2191255141847,714.7808744858153,0.0
265,1,100.0,200.0,0.6800000000000004
265,19,100.0,200.0,0.6800000000000004
265,22,352.0973932844038,914.0973932844038,0.0
265,23,299.8267311903845,170.5,0.0
265,6,159.06381199415023,338.0638119941502,0.6800000000000004
265,11,245.70159658882181,282.2984034111782,0.0
265,9,608.5,954.7712485560661,0.0
265,14,100.0,200.0,1.0600000000000007
265,3,231.68078130865214,203.31921869134786,0.0
265,7,295.07417959085416,171.9258204091458,0.0
265,25,100.0,200.0,0.9100000000000006
265,4,305.5,167.61691962351136,0.0
265,13,770.9442372759404,619.0557627240596,0.0
265,15,544.7556633785151,186.5,0.0
265,2,228.7804563655607,494.78045636556067,2.615
265,10,100.0,200.0,0.2800000000000001
265,18,111.9344423804977,216.0655576195023,0.0
265,21,723.2399407943531,689.7600592056469,0.0
266,5,552.8086872368635,169.80868723686356,0.0
266,16,463.214278827889,842.7857211721109,0.0
266,20,158.23098772761512,337.2309877276151,0.6800000000000004
266,12,100.0,200.0,0.0
266,24,63.5,420.8787514439392,0.0
266,8,496.5574245783958,701.4425754216043,0.0
266,17,502.73546864041714,715.7354686404171,0.0
266,1,100.0,200.0,0.6800000000000004
266,19,100.0,200.0,0.6800000000000004
266,22,353.05198743900564,915.0519874390056,0.0
266,23,298.7764396857442,169.7764396857442,0.0
266,6,157.8167741652423,336.8167741652423,0.6800000000000004
266,11,244.74700243421998,283.25299756578005,0.0
266,9,608.5,956.1212485560661,0.0
266,14,100.0,200.0,1.0600000000000007
266,3,230.43329393523686,203.43329393523683,0.0
266,7,293.9620125646238,172.5,0.0
266,25,100.0,200.0,0.9100000000000006
266,4,305.169837967946,168.83016203205395,0.0
266,13,769.9896431213385,620.0103568786615,0.0
266,15,543.7261871540472,185.72618715404727,0.0
266,2,228.53159020009315,494.5315902000932,2.615
266,10,100.0,200.0,0.2800000000000001
266,18,112.5,214.9498192558036,0.0
266,21,722.2853466397512,690.7146533602488,0.0
267,5,551.5865496769039,169.5,0.0
267,16,462.2596846732872,843.2596846732872,0.0
267,20,156.98394989870718,335.9839498987072,0.6800000000000004
267,12,100.0,200.0,0.0
267,24,63.5,419.5287514439392,0.0
267,8,497.39716957620607,702.3971695762061,0.0
267,17,503.50000000000006,716.7687893824184,0.0
267,1,100.0,200.0,0.6800000000000004
267,19,100.0,200.0,0.6800000000000004
267,22,354.0065815936075,914.9934184063925,0.0
267,23,297.82184553114234,170.17815446885763,0.0
267,6,156.56973633633436,335.56973633633436,0.6800000000000004
267,11,243.49951506080467,283.4995150608047,0.0
267,9,609.186776440212,957.186776440212,0.0
267,14,100.0,200.0,1.0600000000000007
267,3,229.478699780635,202.521300219365,0.0
267,7,292.6120125646238,172.5,0.0
267,25,100.0,200.0,0.9100000000000006
267,4,304.0972939388617,169.5,0.0
267,13,769.5,621.1575400570804,0.0
267,15,542.4698769408882,185.5,0.0
267,2,228.28272403462566,494.2827240346257,2.615
267,10,100.0,200.0,0.2800000000000001
267,18,111.86347609148517,213.86347609148515,0.0
267,21,721.5,691.7393521308998,0.0
268,5,550.6066057088465,170.39339429115356,0.0
268,16,461.2243563680898,842.5,0.0
268,20,155.73691206979925,334.73691206979925,0.6800000000000004
268,12,100.0,200.0,0.0
268,24,62.565736186376476,418.56573618637645,0.0
268,8,498.35176373080793,703.351763730808,0.0
268,17,503.50000000000006,718.1187893824184,0.0
268,1,100.0,200.0,0.6800000000000004
268,19,100.0,200.0,0.6800000000000004
268,22,355.15220099775524,914.5,0.0
268,23,296.6051583151307,170.5,0.0
268,6,155.5,334.2492578245734,0.6800000000000004
268,11,242.54492090620283,282.54492090620283,0.0
268,9,610.1413705948139,958.1413705948139,0.0
268,14,100.0,200.0,1.0600000000000007
268,3,228.52410562603313,203.47589437396684,0.0
268,7,291.62461068942173,173.37538931057824,0.0
268,25,100.0,200.0,0.9100000000000006
268,4,302.9677564399289,170.03224356007112,0.0
268,13,769.5,622.5075400570804,0.0
268,15,541.2312124072166,185.76878759278333,0.0
268,2,228.03385786915817,494.03385786915817,2.615
268,10,100.0,200.0,0.2800000000000001
268,18,110.90888193688332,212.90888193688332,0.0
268,21,721.5,693.0893521308998,0.0
269,5,549.6520115542446,171.3479884457554,0.0
269,16,460.0576031452701,842.9423968547299,0.0
269,20,155.5,333.07146645176607,0.6800000000000004
269,12,100.0,200.0,0.0
269,24,62.31824881296117,417.31824881296114,0.0
269,8,499.3063578854098,704.3063578854097,0.0
269,17,504.1850375418496,719.1850375418496,0.0
269,1,100.0,200.0,0.6800000000000004
269,19,100.0,200.0,0.6800000000000004
269,22,356.2086631216247,915.2086631216247,0.0
269,23,295.6197640031252,171.38023599687475,0.0
269,6,155.51012575910846,332.48987424089154,0.6800000000000004
269,11,241.29743353278752,282.7025664672125,0.0
269,9,609.9040352505842,959.0959647494158,0.0
269,14,100.0,200.0,1.0600000000000007
269,3,227.27661825261785,203.72338174738215,0.0
269,7,290.6700165348199,174.3299834651801,0.0
269,25,100.0,200.0,0.9100000000000006
269,4,302.01316228532704,170.01316228532704,0.0
269,13,769.2471810010926,623.7528189989074,0.0
269,15,540.2766182526148,186.2766182526148,0.0
269,2,227.78499170369068,493.78499170369065,2.615
269,10,100.0,200.0,0.2800000000000001
269,18,109.95428778228148,211.95428778228148,0.0
269,21,722.1642222616813,694.1642222616813,0.0
270,5,548.4045241808293,171.59547581917067,0.0
270,16,459.1030089906683,843.8969910093317,0.0
270,20,156.34295002564355,331.6570499743565,0.6800000000000004
270,12,100.0,200.0,0.0
270,24,61.49999999999999,416.30717856868534,0.0
270,8,500.2609520400116,705.2609520400116,0.0
270,17,505.13963169645143,720.1396316964515,0.0
270,1,100.0,200.0,0.6800000000000004
270,19,100.0,200.0,0.6800000000000004
270,22,357.16325727622655,914.8367427237735,0.0
270,23,294.6651698485234,172.3348301514766,0.0
270,6,156.5,331.13631576607867,0.6800000000000004
270,11,240.34283937818566,283.6571606218143,0.0
270,9,610.0505589040176,960.0505589040176,0.0
270,14,100.0,200.0,1.0600000000000007
270,3,226.5,204.75169593436135,0.0
270,7,289.71542238021806,175.28457761978194,0.0
270,25,100.0,200.0,0.9100000000000006
270,4,301.0585681307252,169.9414318692748,0.0
270,13,768.2925868464907,624.7074131535093,0.0
270,15,539.3220240980129,185.67797590198705,0.0
270,2,227.5361255382232,493.53612553822313,2.615
270,10,100.0,200.0,0.2800000000000001
270,18,108.99969362767965,210.99969362767965,0.0
270,21,721.8811835837168,695.1188164162832,0.0
271,5,547.4291903640233,172.5,0.0
271,16,458.1484148360664,844.8515851639336,0.0
271,20,156.11711892663507,330.1171189266351,0.6800000000000004
271,12,100.0,200.0,0.0
271,24,61.11616728494401,415.116167284944,0.0
271,8,501.2155461946134,706.2155461946135,0.0
271,17,506.0942258510533,721.0942258510534,0.0
271,1,100.0,200.0,0.6800000000000004
271,19,100.0,200.0,0.6800000000000004
271,22,358.1178514308284,913.8821485691716,0.0
271,23,293.3835854398769,172.5,0.0
271,6,155.7029053642622,329.7029053642622,0.6800000000000004
271,11,239.38824522358385,284.61175477641615,0.0
271,9,610.5,961.2143943065739,0.0
271,14,100.0,200.0,1.0600000000000007
271,3,226.0745367246007,205.9254632753993,0.0
271,7,288.7608282256162,176.23917177438378,0.0
271,25,100.0,200.0,0.9100000000000006
271,4,299.939934625981,170.5,0.0
271,13,767.5,625.7291129323343,0.0
271,15,538.367429943411,186.36742994341108,0.0
271,2,227.28725937275567,493.2872593727556,2.615
271,10,100.0,200.0,0.2800000000000001
271,18,108.04509947307781,210.0450994730778,0.0
271,21,720.926589429115,696.073410570885,0.0
272,5,546.0791903640232,172.5,0.0
272,16,457.19382068146456,845.8061793185354,0.0
272,20,154.87008109772714,328.87008109772717,0.6800000000000004
272,12,100.0,200.0,0.0
272,24,60.16157313034218,414.16157313034216,0.0
272,8,500.8298596507847,707.1701403492152,0.0
272,17,507.04882000565516,722.0488200056552,0.0
272,1,100.0,200.0,0.6800000000000004
272,19,100.0,200.0,0.6800000000000004
272,22,359.0724455854303,912.9275544145697,0.0
272,23,292.17019510169285,172.82980489830717,0.0
272,6,154.5,328.4375872699571,0.6800000000000004
272,11,238.4061684419054,285.5,0.0
272,9,609.7473595679652,962.2526404320348,0.0
272,14,100.0,200.0,1.0600000000000007
272,3,225.11994256999887,206.11994256999887,0.0
272,7,287.51886681411617,176.5,0.0
272,25,100.0,200.0,0.9100000000000006
272,4,298.85648660270806,169.8564866027081,0.0
272,13,767.5,627.0791129323343,0.0
272,15,537.3767311903804,185.5,0.0
272,2,227.03839320728815,493.0383932072881,2.615
272,10,100.0,200.0,0.2800000000000001
272,18,107.09050531847598,209.09050531847598,0.0
272,21,720.5,697.2467114437806,0.0
273,5,544.9549552793969,171.9549552793969,0.0
273,16,456.2392265268627,846.2392265268627,0.0
273,20,154.33015005000576,327.3301500500058,0.6800000000000004
273,12,100.0,200.0,0.0
273,24,59.08560569343152,413.5,0.0
273,8,500.49999999999994,708.3835080081805,0.0
273,17,507.5,723.2119351329261,0.0
273,1,100.0,200.0,0.6800000000000004
273,19,100.0,200.0,0.6800000000000004
273,22,360.02703974003214,911.9729602599679,0.0
273,23,291.215600947091,173.784399052909,0.0
273,6,153.91593648763288,326.9159364876329,0.6800000000000004
273,11,237.18616369556673,285.18616369556673,0.0
273,9,608.7927654133633,963.2072345866367,0.0
273,14,100.0,200.0,1.0600000000000007
273,3,224.02673119038482,205.5,0.0
273,7,286.5587466975991,177.44125330240092,0.0
273,25,100.0,200.0,0.9100000000000006
273,4,297.90189244810625,170.09810755189378,0.0
273,13,768.1569820549416,628.1569820549416,0.0
273,15,536.1653484153939,185.83465158460612,0.0
273,2,226.78952704182063,492.7895270418206,2.615
273,10,100.0,200.0,0.2800000000000001
273,18,106.5,207.98510063004218,0.0
273,21,720.4316146822845,698.5683853177155,0.0
274,5,544.0003611247951,171.99963887520494,0.0
274,16,455.28463237226083,845.7153676277392,0.0
274,20,153.08311222109782,326.08311222109785,0.6800000000000004
274,12,100.0,200.0,0.0
274,24,57.95949160232504,412.95949160232504,0.0
274,8,501.3722218772323,709.3722218772323,0.0
274,17,506.7490984663277,724.2509015336723,0.0
274,1,100.0,200.0,0.6800000000000004
274,19,100.0,200.0,0.6800000000000004
274,22,360.981633894634,911.018366105366,0.0
274,23,290.2610067924891,174.73899320751084,0.0
274,6,152.66889865872494,325.66889865872497,0.6800000000000004
274,11,236.2315695409649,284.76843045903513,0.0
274,9,608.5,964.4359671818278,0.0
274,14,100.0,200.0,1.0600000000000007
274,3,222.67673119038483,205.5,0.0
274,7,285.6041525429972,176.60415254299724,0.0
274,25,100.0,200.0,0.9100000000000006
274,4,296.7183617507272,170.5,0.0
274,13,769.1115762095435,629.1115762095435,0.0
274,15,535.210754260792,186.78924573920798,0.0
274,2,226.5406608763531,492.5406608763531,2.615
274,10,100.0,200.0,0.2800000000000001
274,18,105.88842379045886,206.88842379045886,0.0
274,21,719.4770205276826,699.5229794723174,0.0
275,5,543.0457669701932,172.04576697019323,0.0
275,16,454.33003821765897,846.669961782341,0.0
275,20,151.8360743921899,324.8360743921899,0.6800000000000004
275,12,100.0,200.0,0.0
275,24,57.5,411.7998192558046,0.0
275,8,502.32681603183414,710.3268160318341,0.0
275,17,507.20549568827414,725.2054956882741,0.0
275,1,100.0,200.0,0.6800000000000004
275,19,100.0,200.0,0.6800000000000004
275,22,361.93622804923587,910.0637719507641,0.0
275,23,289.3064126378873,175.6935873621127,0.0
275,6,151.578139170183,324.42186082981704,0.6800000000000004
275,11,235.18459556665158,285.5,0.0
275,9,607.5906838853463,965.4093161146537,0.0
275,14,100.0,200.0,1.0600000000000007
275,3,221.67037366856644,206.32962633143356,0.0
275,7,284.35666516958196,176.64333483041807,0.0
275,25,100.0,200.0,0.9100000000000006
275,4,295.69981092008913,171.3001890799109,0.0
275,13,770.0661703641454,630.0661703641454,0.0
275,15,534.1551583151265,187.5,0.0
275,2,226.2917947108856,492.2917947108856,2.615
275,10,100.0,200.0,0.2800000000000001
275,18,105.5,205.69931419241527,0.0
275,21,718.5224263730807,700.4775736269193,0.0
276,5,541.9218310511425,171.5,0.0
276,16,453.3754440630571,847.6245559369429,0.0
276,20,152.41096343671805,323.589036563282,0.6800000000000004
276,12,100.0,200.0,0.0
276,24,56.757410074307906,410.7574100743079,0.0
276,8,502.42569659475055,711.5743034052495,0.0
276,17,506.839910157124,726.160089842876,0.0
276,1,100.0,200.0,0.6800000000000004
276,19,100.0,200.0,0.6800000000000004
276,22,362.89082220383773,909.1091777961623,0.0
276,23,288.35181848328546,176.35181848328546,0.0
276,6,152.82517699909093,323.1748230009091,0.6800000000000004
276,11,234.02948801294772,285.97051198705225,0.0
276,9,606.6360897307444,966.3639102692556,0.0
276,14,100.0,200.0,1.0600000000000007
276,3,220.7157795139646,207.2842204860354,0.0
276,7,283.4020710149801,177.5979289850199,0.0
276,25,100.0,200.0,0.9100000000000006
276,4,294.74521676548727,172.25478323451273,0.0
276,13,771.0207645187472,631.0207645187472,0.0
276,15,533.0086727327749,187.99132726722513,0.0
276,2,226.0429285454181,492.0429285454181,2.615
276,10,100.0,200.0,0.2800000000000001
276,18,104.68634226244173,204.6863422624417,0.0
276,21,717.5678322184789,701.4321677815211,0.0
277,5,540.5718310511425,171.5,0.0
277,16,452.42084990845524,848.4208499084552,0.0
277,20,153.34199873437402,322.34199873437404,0.6800000000000004
277,12,100.0,200.0,0.0
277,24,56.5,409.5140328181777,0.0
277,8,501.5288975598513,712.5288975598513,0.0
277,17,507.11468399747787,727.1146839974779,0.0
277,1,100.0,200.0,0.6800000000000004
277,19,100.0,200.0,0.6800000000000004
277,22,363.8454163584396,908.1545836415604,0.0
277,23,287.3546532517424,175.5,0.0
277,6,152.92778517200114,321.92778517200117,0.6800000000000004
277,11,232.89880912902467,286.5,0.0
277,9,605.6814955761425,967.3185044238575,0.0
277,14,100.0,200.0,1.0600000000000007
277,3,219.76118535936277,208.23881464063723,0.0
277,7,282.44747686037823,178.44747686037826,0.0
277,25,100.0,200.0,0.9100000000000006
277,4,293.7906226108854,173.20937738911456,0.0
277,13,771.9753586733491,631.9753586733491,0.0
277,15,531.8693718774996,188.5,0.0
277,2,225.7940623799506,491.79406237995056,2.615
277,10,100.0,200.0,0.2800000000000001
277,18,103.73174810783988,203.73174810783988,0.0
277,21,716.613238063877,702.386761936123,0.0
278,5,539.3033048499473,171.6966951500527,0.0
278,16,451.4662557538534,847.5337442461466,0.0
278,20,152.09496090546608,321.0949609054661,0.6800000000000004
278,12,100.0,200.0,0.0
278,24,57.44467145370921,408.5553285462908,0.0
278,8,502.4834917144532,713.4834917144532,0.0
278,17,508.3050808834338,727.5,0.0
278,1,100.0,200.0,0.6800000000000004
278,19,100.0,200.0,0.6800000000000004
278,22,364.80001051304146,907.1999894869585,0.0
278,23,286.14973695526834,175.85026304473166,0.0
278,6,151.6807473430932,320.68074734309323,0.6800000000000004
278,11,231.8274064849306,287.1725935150694,0.0
278,9,605.5,968.5933264947085,0.0
278,14,100.0,200.0,1.0600000000000007
278,3,218.80659120476093,209.19340879523907,0.0
278,7,281.4928827057764,177.5071172942236,0.0
278,25,100.0,200.0,0.9100000000000006
278,4,292.8360284562836,172.83602845628357,0.0
278,13,772.929952827951,632.929952827951,0.0
278,15,530.5193718774996,188.5,0.0
278,2,225.5451962144831,491.54519621448304,2.615
278,10,100.0,200.0,0.2800000000000001
278,18,102.77715395323804,202.77715395323804,0.0
278,21,716.3657506904617,703.6342493095383,0.0
279,5,538.2860446135155,172.5,0.0
279,16,450.5116615992515,848.4883384007485,0.0
279,20,150.84792307655815,319.8479230765582,0.6800000000000004
279,12,100.0,200.0,0.0
279,24,56.60073439168896,407.60073439168895,0.0
279,8,502.5,714.8266537586882,0.0
279,17,509.60965874430843,727.6096587443085,0.0
279,1,100.0,200.0,0.6800000000000004
279,19,100.0,200.0,0.6800000000000004
279,22,365.7546046676433,906.2453953323567,0.0
279,23,285.0688668141155,176.5,0.0
279,6,150.43370951418527,319.4337095141853,0.6800000000000004
279,11,230.87281233032877,288.12718766967123,0.0
279,9,605.8134791706881,969.8134791706881,0.0
279,14,100.0,200.0,1.0600000000000007
279,3,217.8519970501591,208.8519970501591,0.0
279,7,280.53828855117456,178.46171144882544,0.0
279,25,100.0,200.0,0.9100000000000006
279,4,291.88143430168174,173.11856569831826,0.0
279,13,773.8845469825528,633.8845469825528,0.0
279,15,529.5591038313424,187.5591038313424,0.0
279,2,225.29633004901558,491.2963300490155,2.615
279,10,100.0,200.0,0.2800000000000001
279,18,102.5,201.54195487953456,0.0
279,21,715.4111565358598,704.5888434641402,0.0
280,5,536.9360446135155,172.5,0.0
280,16,449.55706744464965,847.5570674446496,0.0
280,20,149.6008852476502,318.60088524765024,0.6800000000000004
280,12,100.0,200.0,0.0
280,24,56.35324701827366,406.35324701827363,0.0
280,8,502.9784664612838,715.9784664612838,0.0
280,17,510.4357471010897,728.5642528989104,0.0
280,1,100.0,200.0,0.6800000000000004
280,19,100.0,200.0,0.6800000000000004
280,22,366.7958518116516,905.5,0.0
280,23,283.9476554272512,177.05234457274878,0.0
280,6,149.5,318.0568868478437,0.6800000000000004
280,11,229.91821817572693,289.0817818242731,0.0
280,9,606.23192667471,970.76807332529,0.0
280,14,100.0,200.0,1.0600000000000007
280,3,216.89740289555726,209.10259710444274,0.0
280,7,279.5836943965727,179.41630560342728,0.0
280,25,100.0,200.0,0.9100000000000006
280,4,290.9268401470799,174.0731598529201,0.0
280,13,774.8391411371547,634.8391411371547,0.0
280,15,528.6045096767406,188.39549032325942,0.0
280,2,225.04746388354806,491.047463883548,2.615
280,10,100.0,200.0,0.2800000000000001
280,18,101.57507242522091,200.57507242522092,0.0
280,21,714.5,705.5614300695421,0.0
281,5,535.8537359485148,171.85373594851484,0.0
281,16,448.6024732900478,848.3975267099522,0.0
281,20,149.06095419992883,317.06095419992886,0.6800000000000004
281,12,100.0,200.0,0.0
281,24,55.398652863671806,405.3986528636718,0.0
281,8,503.50000000000006,717.1124401963151,0.0
281,17,509.49999999999994,729.5266537586876,0.0
281,1,100.0,200.0,0.6800000000000004
281,19,100.0,200.0,0.6800000000000004
281,22,367.95668619566044,905.9566861956605,0.0
281,23,282.99306127264936,178.00693872735062,0.0
281,6,148.64674063755595,316.6467406375559,0.6800000000000004
281,11,228.96362402112507,290.0363759788749,0.0
281,9,605.5,971.8148993699624,0.0
281,14,100.0,200.0,1.0600000000000007
281,3,215.71201256462342,209.5,0.0
281,7,278.33620702315744,179.6637929768426,0.0
281,25,100.0,200.0,0.9100000000000006
281,4,289.97224599247807,175.02775400752196,0.0
281,13,775.2062647082435,635.7937352917565,0.0
281,15,527.6499155221387,187.64991552213874,0.0
281,2,224.79859771808054,490.7985977180805,2.615
281,10,100.0,200.0,0.2800000000000001
281,18,100.32758505180563,200.3275850518056,0.0
281,21,714.2090750078428,706.7909249921572,0.0
282,5,534.8991417939129,172.10085820608703,0.0
282,16,447.6478791354459,849.3521208645541,0.0
282,20,148.5,315.5297312269756,0.6800000000000004
282,12,100.0,200.0,0.0
282,24,54.5,404.4208870676701,0.0
282,8,503.50000000000006,718.4624401963151,0.0
282,17,509.76633442692736,730.7663344269274,0.0
282,1,100.0,200.0,0.6800000000000004
282,19,100.0,200.0,0.6800000000000004
282,22,368.9112803502623,906.0887196497376,0.0
282,23,282.03846711804755,178.03846711804752,0.0
282,6,148.10680958983454,315.10680958983454,0.6800000000000004
282,11,227.80566337851704,290.5,0.0
282,9,605.9701548533071,972.9701548533071,0.0
282,14,100.0,200.0,1.0600000000000007
282,3,214.69532136754015,210.30467863245985,0.0
282,7,277.3816128685556,180.38161286855558,0.0
282,25,100.0,200.0,0.9100000000000006
282,4,289.0176518378762,175.9823481621238,0.0
282,13,774.5,636.8511908709767,0.0
282,15,526.3620125646188,187.5,0.0
282,2,224.549731552613,490.549731552613,2.615
282,10,100.0,200.0,0.2800000000000001
282,18,100.0,200.0,0.0
282,21,713.2544808532409,707.7455191467591,0.0
283,5,533.944547639311,171.9445476393111,0.0
283,16,446.69328498084406,848.693284980844,0.0
283,20,147.1803669789148,314.5,0.6800000000000004
283,12,100.0,200.0,0.0
283,24,54.19657133565468,403.19657133565465,0.0
283,8,504.42803536271623,719.4280353627163,0.0
283,17,510.5,731.8124401963145,0.0
283,1,100.0,200.0,0.6800000000000004
283,19,100.0,200.0,0.6800000000000004
283,22,369.86587450486417,905.8658745048642,0.0
283,23,281.0838729634457,177.91612703655431,0.0
283,6,146.59458054128814,314.5,0.6800000000000004
283,11,226.76154249310795,291.2384575068921,0.0
283,9,606.075250992091,973.924749007909,0.0
283,14,100.0,200.0,1.0600000000000007
283,3,213.44783399412486,210.55216600587514,0.0
283,7,276.4270187139537,179.57298128604626,0.0
283,25,100.0,200.0,0.9100000000000006
283,4,287.8820702497119,176.5,0.0
283,13,774.5,638.2011908709767,0.0
283,15,525.0120125646188,187.5,0.0
283,2,224.3008653871455,490.3008653871455,2.615
283,10,100.0,200.0,0.2800000000000001
283,18,100.0,200.0,0.0
283,21,712.299886698639,708.700113301361,0.0
284,5,532.9899534847092,172.01004651529075,0.0
284,16,445.7386908262422,849.2613091737578,0.0
284,20,145.73405427557813,313.7340542755781,0.6800000000000004
284,12,100.0,200.0,0.0
284,24,53.758022818947175,402.24197718105285,0.0
284,8,505.3826295173181,720.3826295173182,0.0
284,17,510.03158404505547,732.9684159549445,0.0
284,1,100.0,200.0,0.6800000000000004
284,19,100.0,200.0,0.6800000000000004
284,22,370.82046865946603,906.1795313405339,0.0
284,23,280.1292788088438,178.87072119115615,0.0
284,6,145.24521629322732,313.5,0.6800000000000004
284,11,225.51987694089013,291.5,0.0
284,9,604.9635277547837,974.5,0.0
284,14,100.0,200.0,1.0600000000000007
284,3,212.49323983952303,211.50676016047697,0.0
284,7,275.4724245593519,180.52757544064812,0.0
284,25,100.0,200.0,0.9100000000000006
284,4,286.8155703098591,175.81557030985908,0.0
284,13,773.756695806811,639.243304193189,0.0
284,15,523.9074534018928,188.0925465981072,0.0
284,2,224.051999221678,490.051999221678,2.615
284,10,100.0,200.0,0.2800000000000001
284,18,100.0,200.0,0.0
284,21,711.3452925440372,709.6547074559628,0.0
285,5,531.8428988630077,172.5,0.0
285,16,444.48755980368577,849.5,0.0
285,20,144.19412322785672,313.1941232278567,0.6800000000000004
285,12,100.0,200.0,0.0
285,24,54.5,401.1993141924163,0.0
285,8,506.33722367191996,721.33722367192,0.0
285,17,509.9230101095463,733.9230101095463,0.0
285,1,100.0,200.0,0.6800000000000004
285,19,100.0,200.0,0.6800000000000004
285,22,371.7750628140679,905.775062814068,0.0
285,23,279.174684654242,179.174684654242,0.0
285,6,143.77990966548379,312.7799096654838,0.6800000000000004
285,11,224.5594609650908,292.4405390349092,0.0
285,9,603.6135277547837,974.5,0.0
285,14,100.0,200.0,1.0600000000000007
285,3,211.5386456849212,212.4613543150788,0.0
285,7,274.51783040475004,181.48216959524996,0.0
285,25,100.0,200.0,0.9100000000000006
285,4,285.8609761552572,176.13902384474275,0.0
285,13,772.8021016522091,640.1978983477909,0.0
285,15,522.7262261269918,188.5,0.0
285,2,223.80313305621047,489.80313305621047,2.615
285,10,100.0,200.0,0.2800000000000001
285,18,100.0,200.0,0.0
285,21,710.3906983894353,710.6093016105647,0.0
286,5,530.787871956692,171.78787195669204,0.0
286,16,443.2437160794116,849.7562839205884,0.0
286,20,143.5,311.71806067235923,0.6800000000000004
286,12,100.0,200.0,0.0
286,24,54.039895653035714,400.0398956530357,0.0
286,8,507.2918178265218,722.2918178265219,0.0
286,17,510.87760426414815,734.8776042641482,0.0
286,1,100.0,200.0,0.6800000000000004
286,19,100.0,200.0,0.6800000000000004
286,22,372.72965696866976,906.2703430313302,0.0
286,23,278.22009049964015,178.77990950035985,0.0
286,6,143.7600213822376,311.2399786177624,0.6800000000000004
286,11,223.60486681048897,293.39513318951106,0.0
286,9,602.3327888718452,974.6672111281548,0.0
286,14,100.0,200.0,1.0600000000000007
286,3,210.2911583115059,212.7088416884941,0.0
286,7,273.5632362501482,182.4367637498518,0.0
286,25,100.0,200.0,0.9100000000000006
286,4,284.6604973744581,176.5,0.0
286,13,772.5,641.4227637462305,0.0
286,15,521.4124786550622,188.41247865506222,0.0
286,2,223.55426689074295,489.55426689074295,2.615
286,10,100.0,200.0,0.2800000000000001
286,18,100.0,200.0,0.0
286,21,709.4361042348335,711.5638957651665,0.0
287,5,529.5571124253808,171.5,0.0
287,16,442.28912192480976,850.7108780751903,0.0
287,20,144.5,310.36869642429843,0.6800000000000004
287,12,100.0,200.0,0.0
287,24,53.08530149843388,399.08530149843386,0.0
287,8,507.46069480006287,723.5393051999372,0.0
287,17,511.83219841875,735.8321984187501,0.0
287,1,100.0,200.0,0.6800000000000004
287,19,100.0,200.0,0.6800000000000004
287,22,373.6842511232716,905.3157488767283,0.0
287,23,277.1683617507271,179.5,0.0
287,6,144.5,309.78290998667177,0.6800000000000004
287,11,222.6502726558871,292.65027265588714,0.0
287,9,601.3277413171569,975.5,0.0
287,14,100.0,200.0,1.0600000000000007
287,3,209.33656415690407,213.66343584309593,0.0
287,7,272.6086420955464,181.60864209554634,0.0
287,25,100.0,200.0,0.9100000000000006
287,4,283.6588946272401,177.3411053727599,0.0
287,13,771.600020124192,642.399979875808,0.0
287,15,520.4578845004603,187.54211549953965,0.0
287,2,223.69459927472457,489.30540072527543,2.615
287,10,100.0,200.0,0.2800000000000001
287,18,100.0,200.0,0.0
287,21,708.4815100802316,712.5184899197684,0.0
288,5,528.2928972098614,171.70710279013855,0.0
288,16,441.3345277702079,851.6654722297922,0.0
288,20,143.867223303506,308.86722330350597,0.6800000000000004
288,12,100.0,200.0,0.0
288,24,52.13070734383203,398.13070734383206,0.0
288,8,506.506100645461,724.493899354539,0.0
288,17,512.9055859468222,736.5,0.0
288,1,100.0,200.0,0.6800000000000004
288,19,100.0,200.0,0.6800000000000004
288,22,374.6388452778735,904.3611547221265,0.0
288,23,276.01800897162303,179.981991028377,0.0
288,6,143.45300974113306,308.4530097411331,0.6800000000000004
288,11,221.40278528247183,292.5972147175282,0.0
288,9,600.1307073438281,975.8692926561719,0.0
288,14,100.0,200.0,1.0600000000000007
288,3,208.33308037648897,214.5,0.0
288,7,271.6540479409445,182.3459520590555,0.0
288,25,100.0,200.0,0.9100000000000006
288,4,282.70430047263824,178.29569952736173,0.0
288,13,770.6454259695902,643.3545740304098,0.0
288,15,519.5032903458584,188.4967096541415,0.0
288,2,223.94346544019209,489.0565345598079,2.615
288,10,100.0,200.0,0.2800000000000001
288,18,100.0,200.0,0.0
288,21,707.5269159256297,713.4730840743703,0.0
289,5,527.2713259877538,172.5,0.0
289,16,440.37993361560603,852.620066384394,0.0
289,20,142.62018547459803,307.62018547459803,0.6800000000000004
289,12,100.0,200.0,0.0
289,24,51.1761131892302,397.1761131892302,0.0
289,8,507.44849350914086,725.4484935091409,0.0
289,17,514.0342799467672,737.0342799467672,0.0
289,1,100.0,200.0,0.6800000000000004
289,19,100.0,200.0,0.6800000000000004
289,22,375.59343943247535,903.4065605675246,0.0
289,23,275.06341481702117,180.93658518297883,0.0
289,6,142.20597191222512,307.20597191222515,0.6800000000000004
289,11,220.44819112787,293.55180887213004,0.0
289,9,599.1761131892263,976.8238868107737,0.0
289,14,100.0,200.0,1.0600000000000007
289,3,207.13448262888696,214.86551737111304,0.0
289,7,270.69945378634264,183.30054621365733,0.0
289,25,100.0,200.0,0.9100000000000006
289,4,281.74970631803643,179.2502936819636,0.0
289,13,770.6020614038251,644.6020614038251,0.0
289,15,518.5486961912566,187.54869619125662,0.0
289,2,224.1923316056596,488.8076683943404,2.615
289,10,100.0,200.0,0.2800000000000001
289,18,100.0,200.0,0.0
289,21,706.5723217710279,714.4276782289721,0.0
290,5,526.0908156818443,172.0908156818443,0.0
290,16,439.42533946100417,853.5746605389959,0.0
290,20,141.3731476456901,306.3731476456901,0.6800000000000004
290,12,100.0,200.0,0.0
290,24,50.77848096537164,396.22151903462833,0.0
290,8,506.5969123362573,726.4030876637428,0.0
290,17,514.5,738.1913723844491,0.0
290,1,100.0,200.0,0.6800000000000004
290,19,100.0,200.0,0.6800000000000004
290,22,376.567929750294,902.5,0.0
290,23,274.1088206624193,181.89117933758067,0.0
290,6,140.9589340833172,305.9589340833172,0.6800000000000004
290,11,219.49359697326813,294.50640302673185,0.0
290,9,598.7784809653756,977.7784809653756,0.0
290,14,100.0,200.0,1.0600000000000007
290,3,206.17988847428512,215.17988847428512,0.0
290,7,269.74485963174084,184.2551403682592,0.0
290,25,100.0,200.0,0.9100000000000006
290,4,280.79511216343457,178.79511216343457,0.0
290,13,771.556655558427,645.556655558427,0.0
290,15,517.5941020366547,188.40589796334524,0.0
290,2,224.44119777112712,488.5588022288729,2.615
290,10,100.0,200.0,0.2800000000000001
290,18,100.0,200.0,0.0
290,21,705.617727616426,715.382272383574,0.0
291,5,525.1362215272425,171.13622152724247,0.0
291,16,438.5292546935977,854.5292546935977,0.0
291,20,140.12610981678216,305.12610981678216,0.6800000000000004
291,12,100.0,200.0,0.0
291,24,51.5,395.17038200428175,0.0
291,8,507.3576818183446,727.3576818183446,0.0
291,17,513.7636385252156,739.2363614747844,0.0
291,1,100.0,200.0,0.6800000000000004
291,19,100.0,200.0,0.6800000000000004
291,22,377.7955209604925,902.7955209604925,0.0
291,23,273.1542265078175,182.15422650781747,0.0
291,6,139.71189625440925,304.7118962544093,0.6800000000000004
291,11,218.5390028186663,295.4609971813337,0.0
291,9,599.8296179957238,978.5,0.0
291,14,100.0,200.0,1.0600000000000007
291,3,205.11150750123517,214.5,0.0
291,7,268.790265477139,185.20973452286103,0.0
291,25,100.0,200.0,0.9100000000000006
291,4,279.8405180088327,179.15948199116727,0.0
291,13,772.4887502869711,646.5112497130289,0.0
291,15,516.3466146632394,188.34661466323945,0.0
291,2,224.30993606340536,488.30993606340536,2.615
291,10,100.0,200.0,0.2800000000000001
291,18,100.0,200.0,0.0
291,21,704.6631334618241,716.3368665381759,0.0
292,5,524.1816273726406,170.18162737264063,0.0
292,16,439.48384884819956,855.4838488481996,0.0
292,20,139.5,303.62187518399435,0.6800000000000004
292,12,100.0,200.0,0.0
292,24,51.01943750661121,394.0194375066112,0.0
292,8,508.6487316973307,727.5,0.0
292,17,513.5,740.477158822076,0.0
292,1,100.0,200.0,0.6800000000000004
292,19,100.0,200.0,0.6800000000000004
292,22,378.75011511509433,903.2498848849057,0.0
292,23,272.19963235321563,181.80036764678437,0.0
292,6,139.5,303.03608874636774,0.6800000000000004
292,11,217.58440866406445,294.5844086640644,0.0
292,9,600.9805624933927,978.9805624933927,0.0
292,14,100.0,200.0,1.0600000000000007
292,3,203.97780694626798,215.02219305373202,0.0
292,7,267.8356713225371,186.16432867746286,0.0
292,25,100.0,200.0,0.9100000000000006
292,4,278.6315651863235,179.5,0.0
292,13,771.5341561323693,647.4658438676307,0.0
292,15,515.3472939388571,187.5,0.0
292,2,224.06106989793784,488.06106989793784,2.615
292,10,100.0,200.0,0.2800000000000001
292,18,100.0,200.0,0.0
292,21,703.7085393072223,717.2914606927777,0.0
293,5,523.2270332180387,169.22703321803877,0.0
293,16,438.5615569971986,856.4384430028015,0.0
293,20,139.95375227866063,302.04624772133934,0.6800000000000004
293,12,100.0,200.0,0.0
293,24,50.06484335200937,393.06484335200935,0.0
293,8,509.8526565651752,727.8526565651753,0.0
293,17,512.5615569971985,741.4384430028015,0.0
293,1,100.0,200.0,0.6800000000000004
293,19,100.0,200.0,0.6800000000000004
293,22,379.7895026255478,902.5,0.0
293,23,271.24503819861377,182.7549618013862,0.0
293,6,139.5,301.27251093593384,0.6800000000000004
293,11,216.6298145094626,293.6298145094626,0.0
293,9,601.0648433520055,979.9351566479945,0.0
293,14,100.0,200.0,1.0600000000000007
293,3,203.02321279166614,215.02321279166614,0.0
293,7,266.8810771679353,187.11892283206473,0.0
293,25,100.0,200.0,0.9100000000000006
293,4,277.6384364808156,180.36156351918444,0.0
293,13,772.4204380222326,648.4204380222326,0.0
293,15,513.9972939388571,187.5,0.0
293,2,223.81220373247032,487.8122037324703,2.615
293,10,100.0,200.0,0.2800000000000001
293,18,100.0,200.0,0.0
293,21,702.7539451526204,718.2460548473796,0.0
294,5,522.2724390634369,168.7275609365631,0.0
294,16,439.3930371574033,857.3930371574033,0.0
294,20,139.7992098924314,300.7992098924314,0.6800000000000004
294,12,100.0,200.0,0.0
294,24,49.5,391.9488091290279,0.0
294,8,510.1927492802229,728.807250719777,0.0
294,17,511.60696284259666,742.3930371574033,0.0
294,1,100.0,200.0,0.6800000000000004
294,19,100.0,200.0,0.6800000000000004
294,22,380.95219664311145,902.0478033568885,0.0
294,23,270.29044404401196,183.70955595598807,0.0
294,6,139.5,299.50893312549994,0.6800000000000004
294,11,215.67522035486076,294.32477964513924,0.0
294,9,600.1102491974036,980.1102491974036,0.0
294,14,100.0,200.0,1.0600000000000007
294,3,202.0686186370643,214.9313813629357,0.0
294,7,265.92648301333344,186.92648301333344,0.0
294,25,100.0,200.0,0.9100000000000006
294,4,276.6838423262137,179.68384232621372,0.0
294,13,771.6249678231655,649.3750321768345,0.0
294,15,512.8970457618069,188.10295423819304,0.0
294,2,223.5633375670028,487.5633375670028,2.615
294,10,100.0,200.0,0.2800000000000001
294,18,100.0,200.0,0.0
294,21,701.7993509980186,719.2006490019814,0.0
295,5,521.317844908835,169.31784490883504,0.0
295,16,440.6405245308186,857.6405245308187,0.0
295,20,139.25927884471002,299.25927884471,0.6800000000000004
295,12,100.0,200.0,0.0
295,24,48.862761823992216,390.86276182399223,0.0
295,8,509.49999999999994,729.8703045725845,0.0
295,17,510.6523686879948,741.6523686879948,0.0
295,1,100.0,200.0,0.6800000000000004
295,19,100.0,200.0,0.6800000000000004
295,22,382.07528906317475,901.5,0.0
295,23,269.3358498894101,184.6641501105899,0.0
295,6,138.9663856258968,297.9663856258968,0.6800000000000004
295,11,214.72062620025892,295.2793737997411,0.0
295,9,600.0,980.0,0.0
295,14,100.0,200.0,1.0600000000000007
295,3,201.5,216.04585181164555,0.0
295,7,264.7531380615779,186.5,0.0
295,25,100.0,200.0,0.9100000000000006
295,4,275.72924817161186,180.27075182838811,0.0
295,13,771.3774804497502,650.6225195502498,0.0
295,15,511.71150750123013,188.5,0.0
295,2,223.3144714015353,487.3144714015353,2.615
295,10,100.0,200.0,0.2800000000000001
295,18,100.0,200.0,0.0
295,21,700.8447568434167,720.1552431565833,0.0
296,5,520.3632507542331,168.63674924576682,0.0
296,16,441.5,858.6345181349567,0.0
296,20,138.5,297.810204629378,0.6800000000000004
296,12,100.0,200.0,0.0
296,24,47.90816766939038,389.90816766939037,0.0
296,8,510.00933224779413,731.0093322477942,0.0
296,17,509.69777453339293,742.3022254666071,0.0
296,1,100.0,200.0,0.6800000000000004
296,19,100.0,200.0,0.6800000000000004
296,22,383.4252890631748,901.5,0.0
296,23,268.38125573480824,185.61874426519174,0.0
296,6,139.28065220301113,296.71934779698887,0.6800000000000004
296,11,213.76603204565706,296.2339679543429,0.0
296,9,600.0,980.0,0.0
296,14,100.0,200.0,1.0600000000000007
296,3,200.8665371090472,217.1334628909528,0.0
296,7,263.7244014853163,187.2755985146837,0.0
296,25,100.0,200.0,0.9100000000000006
296,4,274.77465401701005,181.22534598298998,0.0
296,13,770.4228862951484,651.5771137048516,0.0
296,15,510.6949642337898,187.69496423378982,0.0
296,2,223.06560523606777,487.06560523606777,2.615
296,10,100.0,200.0,0.2800000000000001
296,18,100.0,200.0,0.0
296,21,699.8901626888148,721.1098373111852,0.0
297,5,519.3708209243654,169.5,0.0
297,16,441.8426060588357,859.8426060588357,0.0
297,20,139.5276900319193,296.4723099680807,0.6800000000000004
297,12,100.0,200.0,0.0
297,24,47.5,388.7272362537741,0.0
297,8,510.5,732.1560910102114,0.0
297,17,508.7431803787911,743.2568196212089,0.0
297,1,100.0,200.0,0.6800000000000004
297,19,100.0,200.0,0.6800000000000004
297,22,384.40176554454393,900.5982344554561,0.0
297,23,267.4266615802064,186.5733384197936,0.0
297,6,140.52769003191906,295.47230996808094,0.6800000000000004
297,11,212.81143789105522,297.1885621089448,0.0
297,9,600.0,980.0,0.0
297,14,100.0,200.0,1.0600000000000007
297,3,199.66836175072757,217.5,0.0
297,7,262.76980733071446,188.23019266928554,0.0
297,25,100.0,200.0,0.9100000000000006
297,4,273.8200598624082,182.1799401375918,0.0
297,13,769.4682921405465,652.5317078594535,0.0
297,15,509.7403700791879,186.74037007918798,0.0
297,2,222.81673907060025,486.81673907060025,2.615
297,10,100.0,200.0,0.2800000000000001
297,18,100.0,200.0,0.0
297,21,698.935568534213,722.064431465787,0.0
298,5,518.1611692262161,169.16116922621606,0.0
298,16,442.7972002134376,860.7972002134376,0.0
298,20,140.77472786082723,295.2252721391728,0.6800000000000004
298,12,100.0,200.0,0.0
298,24,48.29391385862675,387.70608614137325,0.0
298,8,509.7885862241887,733.2114137758113,0.0
298,17,507.4939089897894,743.5,0.0
298,1,100.0,200.0,0.6800000000000004
298,19,100.0,200.0,0.6800000000000004
298,22,385.35635969914574,899.6436403008543,0.0
298,23,266.460497374458,187.5,0.0
298,6,141.225272139173,294.225272139173,0.6800000000000004
298,11,211.85684373645338,298.14315626354664,0.0
298,9,600.0,980.0,0.0
298,14,100.0,200.0,1.0600000000000007
298,3,198.66445558103007,216.66445558103007,0.0
298,7,261.5315651863241,188.5,0.0
298,25,100.0,200.0,0.9100000000000006
298,4,272.8654657078063,181.86546570780635,0.0
298,13,768.5136979859446,653.4863020140554,0.0
298,15,508.7857759245861,185.7857759245861,0.0
298,2,222.56787290513273,486.56787290513273,2.615
298,10,100.0,200.0,0.2800000000000001
298,18,100.0,200.0,0.0
298,21,697.9809743796111,723.0190256203889,0.0
299,5,517.2065750716142,168.79342492838578,0.0
299,16,443.8560910102105,861.5,0.0
299,20,140.97823431026484,293.97823431026484,0.6800000000000004
299,12,100.0,200.0,0.0
299,24,47.751491986771406,386.7514919867714,0.0
299,8,510.16600793041306,734.1660079304131,0.0
299,17,506.1439089897894,743.5,0.0
299,1,100.0,200.0,0.6800000000000004
299,19,100.0,200.0,0.6800000000000004
299,22,386.6468619384286,899.5,0.0
299,23,265.22458005218925,187.22458005218928,0.0
299,6,140.5,292.7621118851959,0.6800000000000004
299,11,210.65465325174026,298.5,0.0
299,9,600.0,980.0,0.0
299,14,100.0,200.0,1.0600000000000007
299,3,197.70986142642823,217.29013857357177,0.0
299,7,260.56772580269734,189.43227419730266,0.0
299,25,100.0,200.0,0.9100000000000006
299,4,271.9108715532045,182.0891284467955,0.0
299,13,767.5591038313428,654.4408961686572,0.0
299,15,507.83118176998425,184.83118176998425,0.0
299,2,222.6809932603348,486.3190067396652,2.615
299,10,100.0,200.0,0.2800000000000001
299,18,100.0,200.0,0.0
299,21,697.0263802250092,723.9736197749908,0.0
300,5,516.2519809170124,169.2519809170124,0.0
300,16,445.2060910102105,861.5,0.0
300,20,140.43830326254346,292.43830326254346,0.6800000000000004
300,12,100.0,200.0,0.0
300,24,48.203102167830444,385.7968978321696,0.0
300,8,511.1206020850149,735.120602085015,0.0
300,17,505.0007182585452,743.9992817414548,0.0
300,1,100.0,200.0,0.6800000000000004
300,19,100.0,200.0,0.6800000000000004
300,22,387.85133444597636,899.1486655540236,0.0
300,23,264.26998589758745,186.73001410241258,0.0
300,6,139.5,291.4127476371351,0.6800000000000004
300,11,209.30465325174026,298.5,0.0
300,9,600.0,980.0,0.0
300,14,100.0,200.0,1.0600000000000007
300,3,196.46237405301295,217.53762594698705,0.0
300,7,259.6131316480955,188.6131316480955,0.0
300,25,100.0,200.0,0.9100000000000006
300,4,270.95627739860265,183.04372260139735,0.0
300,13,767.3116164579275,655.6883835420725,0.0
300,15,506.8765876153824,185.12341238461758,0.0
300,2,222.9298594258023,486.0701405741977,2.615
300,10,100.0,200.0,0.2800000000000001
300,18,100.0,200.0,0.0
300,21,696.0717860704074,724.9282139295926,0.0
301,5,515.2973867624105,168.70261323758947,0.0
301,16,446.24676911487,862.2467691148701,0.0
301,20,139.19126543363552,291.1912654336355,0.6800000000000004
301,12,100.0,200.0,0.0
301,24,47.84230367756773,384.8423036775677,0.0
301,8,512.0751962396168,736.0751962396168,0.0
301,17,503.85812255216246,744.5,0.0
301,1,100.0,200.0,0.6800000000000004
301,19,100.0,200.0,0.6800000000000004
301,22,388.8059286005782,898.1940713994218,0.0
301,23,263.3153917429856,187.68460825701442,0.0
301,6,139.5,289.6491698267012,0.6800000000000004
301,11,207.95465325174027,298.5,0.0
301,9,600.0,980.0,0.0
301,14,100.0,200.0,1.0600000000000007
301,3,195.50777989841112,218.49222010158888,0.0
301,7,258.65853749349367,189.34146250650636,0.0
301,25,100.0,200.0,0.9100000000000006
301,4,270.0016832440008,183.99831675599918,0.0
301,13,766.3570223033256,656.6429776966744,0.0
301,15,505.9219934607806,184.92199346078056,0.0
301,2,223.17872559126982,485.8212744087302,2.615
301,10,100.0,200.0,0.2800000000000001
301,18,100.0,200.0,0.0
301,21,695.1171919158055,725.8828080841945,0.0
302,5,514.2776751738577,169.5,0.0
302,16,447.20136326947187,863.2013632694719,0.0
302,20,139.0557723952724,289.9442276047276,0.6800000000000004
302,12,100.0,200.0,0.0
302,24,47.5,383.63409050326646,0.0
302,8,513.2492367607191,736.5,0.0
302,17,502.7986367305281,745.2013632694719,0.0
302,1,100.0,200.0,0.6800000000000004
302,19,100.0,200.0,0.6800000000000004
302,22,389.7605227551801,897.2394772448199,0.0
302,23,262.3031380615773,188.5,0.0
302,6,140.35844116710092,288.3584411671009,0.6800000000000004
302,11,206.86689424279223,299.1331057572078,0.0
302,9,600.0,980.0,0.0
302,14,100.0,200.0,1.0600000000000007
302,3,194.26029252499583,218.73970747500417,0.0
302,7,257.7039433388918,190.2960566611082,0.0
302,25,100.0,200.0,0.9100000000000006
302,4,269.047089089399,184.95291091060105,0.0
302,13,765.4024281487237,657.5975718512763,0.0
302,15,504.9673993061787,185.03260069382125,0.0
302,2,223.42759175673734,485.57240824326266,2.615
302,10,100.0,200.0,0.2800000000000001
302,18,100.0,200.0,0.0
302,21,694.1625977612036,726.8374022387964,0.0
303,5,513.0953052343933,169.09530523439335,0.0
303,16,448.4276638854644,863.5,0.0
303,20,140.30281022418035,288.69718977581965,0.6800000000000004
303,12,100.0,200.0,0.0
303,24,47.34732893073714,382.34732893073715,0.0
303,8,514.277277767634,737.277277767634,0.0
303,17,501.8440425759262,746.1559574240738,0.0
303,1,100.0,200.0,0.6800000000000004
303,19,100.0,200.0,0.6800000000000004
303,22,390.8042212513094,896.5,0.0
303,23,261.11331021496846,188.88668978503154,0.0
303,6,139.11140333819299,287.111403338193,0.6800000000000004
303,11,205.9123000881904,300.08769991180964,0.0
303,9,600.0,980.0,0.0
303,14,100.0,200.0,1.0600000000000007
303,3,193.22521600022,219.5,0.0
303,7,256.74934918428994,191.25065081571003,0.0
303,25,100.0,200.0,0.9100000000000006
303,4,268.0924949347971,185.90750506520288,0.0
303,13,764.4478339941219,658.5521660058781,0.0
303,15,503.81100243784175,185.5,0.0
303,2,223.32354207779514,485.32354207779514,2.615
303,10,100.0,200.0,0.2800000000000001
303,18,100.0,200.0,0.0
303,21,693.2080036066018,727.7919963933982,0.0
304,5,512.1407110797915,168.8592889202085,0.0
304,16,449.6963380163025,863.6963380163025,0.0
304,20,139.45015194691172,287.4501519469117,0.6800000000000004
304,12,100.0,200.0,0.0
304,24,46.5,381.3483040656396,0.0
304,8,514.4752348589507,738.5247651410493,0.0
304,17,500.6365496769086,746.5,0.0
304,1,100.0,200.0,0.6800000000000004
304,19,100.0,200.0,0.6800000000000004
304,22,392.1542212513094,896.5,0.0
304,23,260.01735162395033,189.5,0.0
304,6,138.5,285.60107708251877,0.6800000000000004
304,11,204.95770593358853,301.04229406641144,0.0
304,9,600.0,980.0,0.0
304,14,100.0,200.0,1.0600000000000007
304,3,192.05821099697872,219.94178900302128,0.0
304,7,255.5026329981895,191.5,0.0
304,25,100.0,200.0,0.9100000000000006
304,4,267.13790078019525,186.86209921980472,0.0
304,13,763.49323983952,659.50676016048,0.0
304,15,502.7653177781616,184.7653177781616,0.0
304,2,223.07467591232762,485.0746759123276,2.615
304,10,100.0,200.0,0.2800000000000001
304,18,100.0,200.0,0.0
304,21,692.2534094519999,728.7465905480001,0.0
305,5,511.18611692518965,169.18611692518962,0.0
305,16,450.5,864.7134503230914,0.0
305,20,138.5,286.08013995920385,0.6800000000000004
305,12,100.0,200.0,0.0
305,24,46.145247402720024,380.14524740272003,0.0
305,8,513.5206407043488,739.4793592956512,0.0
305,17,499.34906782909565,746.6509321709044,0.0
305,1,100.0,200.0,0.6800000000000004
305,19,100.0,200.0,0.6800000000000004
305,22,393.2100916566125,897.2100916566126,0.0
305,23,258.6673516239503,189.5,0.0
305,6,137.5,284.251712834458,0.6800000000000004
305,11,204.0031117789867,301.9968882210133,0.0
305,9,600.0,980.0,0.0
305,14,100.0,200.0,1.0600000000000007
305,3,191.5,221.06057043740688,0.0
305,7,254.25437443745935,191.74562556254062,0.0
305,25,100.0,200.0,0.9100000000000006
305,4,266.18330662559345,187.18330662559342,0.0
305,13,762.5386456849182,660.4613543150818,0.0
305,15,501.81072362355974,185.18927637644023,0.0
305,2,222.8258097468601,484.8258097468601,2.615
305,10,100.0,200.0,0.2800000000000001
305,18,100.0,200.0,0.0
305,21,691.701184702602,729.701184702602,0.0
306,5,510.2315227705878,168.76847722941218,0.0
306,16,450.10158045568033,865.8984195443196,0.0
306,20,137.6631830702824,284.6631830702824,0.6800000000000004
306,12,100.0,200.0,0.0
306,24,45.19065324811819,379.19065324811817,0.0
306,8,513.2731533309335,740.7268466690665,0.0
306,17,498.3507632392817,747.5,0.0
306,1,100.0,200.0,0.6800000000000004
306,19,100.0,200.0,0.6800000000000004
306,22,394.1646858112144,896.8353141887856,0.0
306,23,257.663741313536,190.336258686464,0.0
306,6,136.78450341384226,282.78450341384223,0.6800000000000004
306,11,203.04851762438486,302.04851762438483,0.0
306,9,600.0,980.0,0.0
306,14,100.0,200.0,1.0600000000000007
306,3,190.8561294689616,222.1438705310384,0.0
306,7,253.2997802828575,192.7002197171425,0.0
306,25,100.0,200.0,0.9100000000000006
306,4,265.1163414971736,186.5,0.0
306,13,761.5840515303163,661.4159484696837,0.0
306,15,500.8561294689579,184.85612946895793,0.0
306,2,222.57694358139258,484.5769435813926,2.615
306,10,100.0,200.0,0.2800000000000001
306,18,100.0,200.0,0.0
306,21,692.3442211427962,730.6557788572038,0.0
307,5,509.18452942335,169.5,0.0
307,16,449.8530136989215,866.8530136989215,0.0
307,20,137.12325202256102,283.123252022561,0.6800000000000004
307,12,100.0,200.0,0.0
307,24,44.23605909351634,378.23605909351636,0.0
307,8,512.3185591763316,741.6814408236684,0.0
307,17,497.14698630107847,747.8530136989215,0.0
307,1,100.0,200.0,0.6800000000000004
307,19,100.0,200.0,0.6800000000000004
307,22,395.11927996581625,895.8807200341837,0.0
307,23,256.7091471589342,191.29085284106586,0.0
307,6,137.4625344150657,281.5374655849343,0.6800000000000004
307,11,201.92572106360572,301.5,0.0
307,9,600.0,980.0,0.0
307,14,100.0,200.0,1.0600000000000007
307,3,189.6536431249662,222.5,0.0
307,7,252.28106012293568,193.5,0.0
307,25,100.0,200.0,0.9100000000000006
307,4,263.98122509757627,187.0187749024237,0.0
307,13,760.6294573757144,662.3705426242856,0.0
307,15,499.90153531435607,185.09846468564393,0.0
307,2,222.5,484.256864749923,2.615
307,10,100.0,200.0,0.2800000000000001
307,18,100.0,200.0,0.0
307,21,691.3896269881943,731.6103730118057,0.0
308,5,508.02944124257067,169.02944124257064,0.0
308,16,450.80760785352334,867.8076078535233,0.0
308,20,137.12378580634692,281.8762141936531,0.6800000000000004
308,12,100.0,200.0,0.0
308,24,43.5,377.19094475275887,0.0
308,8,511.36396502172977,742.3639650217298,0.0
308,17,496.19239214647666,748.8076078535233,0.0
308,1,100.0,200.0,0.6800000000000004
308,19,100.0,200.0,0.6800000000000004
308,22,396.0738741204181,894.9261258795818,0.0
308,23,255.44577874869648,191.5,0.0
308,6,136.29042775602636,280.29042775602636,0.6800000000000004
308,11,200.8464360963677,302.1535639036323,0.0
308,9,600.0,980.0,0.0
308,14,100.0,200.0,1.0600000000000007
308,3,188.65404794094445,223.34595205905555,0.0
308,7,251.0976987548404,193.09769875484037,0.0
308,25,100.0,200.0,0.9100000000000006
308,4,263.02663094297446,187.97336905702556,0.0
308,13,759.6748632211126,663.3251367788874,0.0
308,15,498.7178566873341,185.5,0.0
308,2,222.5,483.9049148435031,2.615
308,10,100.0,200.0,0.2800000000000001
308,18,100.0,200.0,0.0
308,21,690.4350328335925,732.5649671664075,0.0
309,5,506.89874298572306,168.5,0.0
309,16,451.7622020081252,868.7622020081252,0.0
309,20,136.62917636474515,280.62917636474515,0.6800000000000004
309,12,100.0,200.0,0.0
309,24,43.03397756549922,376.03397756549924,0.0
309,8,510.4093708671279,741.5906291328721,0.0
309,17,495.2377979918748,749.2377979918748,0.0
309,1,100.0,200.0,0.6800000000000004
309,19,100.0,200.0,0.6800000000000004
309,22,397.02846827502,893.97153172498,0.0
309,23,254.21417241210358,191.78582758789642,0.0
309,6,134.8542558422147,279.5,0.6800000000000004
309,11,199.6399346259788,302.5,0.0
309,9,600.0,980.0,0.0
309,14,100.0,200.0,1.0600000000000007
309,3,187.3678566873393,223.5,0.0
309,7,249.99527368530877,192.5,0.0
309,25,100.0,200.0,0.9100000000000006
309,4,261.8947686219198,188.5,0.0
309,13,758.7202690665107,664.2797309334893,0.0
309,15,497.69945378633895,184.69945378633895,0.0
309,2,222.5,483.5529649370832,2.615
309,10,100.0,200.0,0.2800000000000001
309,18,100.0,200.0,0.0
309,21,689.4804386789906,733.5195613210094,0.0
310,5,505.54874298572304,168.5,0.0
310,16,452.71679616272706,869.7167961627271,0.0
310,20,135.33331871889982,279.5,0.6800000000000004
310,12,100.0,200.0,0.0
310,24,42.07938341089739,375.0793834108974,0.0
310,8,509.45477671252604,742.545223287474,0.0
310,17,494.193403926401,748.5,0.0
310,1,100.0,200.0,0.6800000000000004
310,19,100.0,200.0,0.6800000000000004
310,22,397.5,892.8168465605559,0.0
310,23,253.25957825750174,192.74042174249826,0.0
310,6,133.50345887939704,278.50345887939704,0.6800000000000004
310,11,198.6443545683506,301.6443545683506,0.0
310,9,600.0,980.0,0.0
310,14,100.0,200.0,1.0600000000000007
310,3,186.15907319411386,223.15907319411386,0.0
310,7,248.89561722682325,193.10438277317675,0.0
310,25,100.0,200.0,0.9100000000000006
310,4,260.82454941495735,189.17545058504268,0.0
310,13,757.7656749119088,665.2343250880912,0.0
310,15,496.7448596317371,185.2551403682629,0.0
310,2,222.28858570070912,483.2885857007091,2.615
310,10,100.0,200.0,0.2800000000000001
310,18,100.0,200.0,0.0
310,21,688.5258445243887,734.4741554756113,0.0
311,5,504.28697912232474,168.28697912232477,0.0
311,16,453.74238251122597,870.5,0.0
311,20,133.8422074881158,278.84220748811583,0.6800000000000004
311,12,100.0,200.0,0.0
311,24,41.12478925629554,374.12478925629557,0.0
311,8,508.50018255792423,743.4998174420758,0.0
311,17,493.0357164638577,748.0357164638577,0.0
311,1,100.0,200.0,0.6800000000000004
311,19,100.0,200.0,0.6800000000000004
311,22,398.23054980303715,891.7694501969628,0.0
311,23,252.22420587344268,193.5,0.0
311,6,132.96352783167566,276.96352783167566,0.6800000000000004
311,11,197.68976041374876,300.68976041374873,0.0
311,9,600.0,980.0,0.0
311,14,100.0,200.0,1.0600000000000007
311,3,185.20447903951202,222.79552096048798,0.0
311,7,247.9410230722214,194.0589769277786,0.0
311,25,100.0,200.0,0.9100000000000006
311,4,259.8699552603555,188.86995526035548,0.0
311,13,756.811080757307,666.188919242693,0.0
311,15,495.7902654771352,184.79026547713528,0.0
311,2,222.0397195352416,483.0397195352416,2.615
311,10,100.0,200.0,0.2800000000000001
311,18,100.0,200.0,0.0
311,21,687.5712503697869,735.4287496302131,0.0
312,5,503.33238496772293,167.6676150322771,0.0
312,16,454.9188776907442,870.9188776907442,0.0
312,20,133.30227644039442,277.30227644039445,0.6800000000000004
312,12,100.0,200.0,0.0
312,24,40.5,373.03358543987815,0.0
312,8,507.15025817589236,743.5,0.0
312,17,492.0811223092559,747.9188776907441,0.0
312,1,100.0,200.0,0.6800000000000004
312,19,100.0,200.0,0.6800000000000004
312,22,399.185143957639,892.1851439576391,0.0
312,23,251.05749672948463,193.0574967294846,0.0
312,6,133.28350999723227,275.7164900027677,0.6800000000000004
312,11,196.7351662591469,299.7351662591469,0.0
312,9,600.0,980.0,0.0
312,14,100.0,200.0,1.0600000000000007
312,3,184.14628381208547,223.5,0.0
312,7,246.98642891761958,195.01357108238042,0.0
312,25,100.0,200.0,0.9100000000000006
312,4,258.9153611057536,189.08463889424635,0.0
312,13,755.8564866027051,667.1435133972949,0.0
312,15,494.8356713225334,185.16432867746659,0.0
312,2,221.79085336977408,482.7908533697741,2.615
312,10,100.0,200.0,0.2800000000000001
312,18,100.0,200.0,0.0
312,21,686.616656215185,736.383343784815,0.0
313,5,502.37779081312107,168.37779081312107,0.0
313,16,455.87347184534605,871.8734718453461,0.0
313,20,132.9447613885135,276.0552386114865,0.6800000000000004
313,12,100.0,200.0,0.0
313,24,40.5,371.68358543987813,0.0
313,8,505.80025817589234,743.5,0.0
313,17,491.126528154654,748.873471845346,0.0
313,1,100.0,200.0,0.6800000000000004
313,19,100.0,200.0,0.6800000000000004
313,22,400.404726314698,892.5,0.0
313,23,249.93841943581577,192.5,0.0
313,6,132.4694521738598,274.4694521738598,0.6800000000000004
313,11,196.4876788857316,298.4876788857316,0.0
313,9,600.0,980.0,0.0
313,14,100.0,200.0,1.0600000000000007
313,3,183.00239751149488,223.99760248850512,0.0
313,7,246.03183476301774,195.96816523698226,0.0
313,25,100.0,200.0,0.9100000000000006
313,4,257.9607669511518,190.03923304884822,0.0
313,13,754.9018924481032,668.0981075518968,0.0
313,15,493.6247109368265,185.5,0.0
313,2,221.54198720430657,482.54198720430657,2.615
313,10,100.0,200.0,0.2800000000000001
313,18,100.0,200.0,0.0
313,21,685.6620620605831,737.3379379394169,0.0
314,5,501.4231966585192,167.57680334148077,0.0
314,16,456.8280659999479,872.828065999948,0.0
314,20,132.80820078257855,274.8082007825786,0.6800000000000004
314,12,100.0,200.0,0.0
314,24,40.5,370.3335854398781,0.0
314,8,504.7577204376783,744.2422795623216,0.0
314,17,490.49999999999994,749.9639553864797,0.0
314,1,100.0,200.0,0.6800000000000004
314,19,100.0,200.0,0.6800000000000004
314,22,401.38722548565613,891.6127745143439,0.0
314,23,248.85541520146748,193.14458479853255,0.0
314,6,131.22241434495186,273.22241434495186,0.6800000000000004
314,11,195.53308473112978,297.53308473112975,0.0
314,9,600.0,980.0,0.0
314,14,100.0,200.0,1.0600000000000007
314,3,182.04780335689304,224.95219664310696,0.0
314,7,244.90212793480117,196.5,0.0
314,25,100.0,200.0,0.9100000000000006
314,4,257.00617279654995,190.99382720345005,0.0
314,13,753.9472982935014,669.0527017064986,0.0
314,15,492.6335897945163,184.6335897945163,0.0
314,2,221.29312103883905,482.29312103883905,2.615
314,10,100.0,200.0,0.2800000000000001
314,18,100.0,200.0,0.0
314,21,684.7074679059813,738.2925320940187,0.0
315,5,500.4555972352154,168.5,0.0
315,16,457.7826601545498,873.2173398454502,0.0
315,20,131.56116295367062,273.56116295367065,0.6800000000000004
315,12,100.0,200.0,0.0
315,24,40.5,368.9835854398781,0.0
315,8,503.5144717382654,744.5,0.0
315,17,489.92444662663684,751.0755533733632,0.0
315,1,100.0,200.0,0.6800000000000004
315,19,100.0,200.0,0.6800000000000004
315,22,402.341819640258,890.658180359742,0.0
315,23,247.90082104686562,194.09917895313436,0.0
315,6,130.5,271.75807035384986,0.6800000000000004
315,11,194.5784905765279,296.57849057652794,0.0
315,9,600.0,980.0,0.0
315,14,100.0,200.0,1.0600000000000007
315,3,181.0932092022912,225.9067907977088,0.0
315,7,243.55212793480118,196.5,0.0
315,25,100.0,200.0,0.9100000000000006
315,4,255.86583643378526,191.5,0.0
315,13,752.9927041388995,670.0072958611005,0.0
315,15,491.3389244991996,184.5,0.0
315,2,221.04425487337153,482.04425487337153,2.615
315,10,100.0,200.0,0.2800000000000001
315,18,100.0,200.0,0.0
315,21,683.7528737513794,739.2471262486206,0.0
316,5,499.2211151305021,168.22111513050206,0.0
316,16,458.73725430915164,872.7372543091517,0.0
316,20,130.5,272.237133230535,0.6800000000000004
316,12,100.0,200.0,0.0
316,24,40.5,367.63358543987806,0.0
316,8,502.5556389096612,745.4443610903388,0.0
316,17,488.75025817589335,751.5,0.0
316,1,100.0,200.0,0.6800000000000004
316,19,100.0,200.0,0.6800000000000004
316,22,403.6262991899518,890.5,0.0
316,23,246.94622689226378,195.0537731077362,0.0
316,6,130.5,269.99449254341596,0.6800000000000004
316,11,193.62389642192608,295.6238964219261,0.0
316,9,600.0,980.0,0.0
316,14,100.0,200.0,1.0600000000000007
316,3,180.13861504768937,226.86138495231063,0.0
316,7,242.28937264277187,196.7106273572281,0.0
316,25,100.0,200.0,0.9100000000000006
316,4,254.51583643378527,191.5,0.0
316,13,752.0381099842976,670.9618900157024,0.0
316,15,489.9889244991996,184.5,0.0
316,2,220.795388707904,481.795388707904,2.615
316,10,100.0,200.0,0.2800000000000001
316,18,100.0,200.0,0.0
316,21,682.7982795967775,740.2017204032225,0.0
317,5,498.2665209759002,167.73347902409978,0.0
317,16,459.6918484637535,873.6918484637536,0.0
317,20,130.5,270.4735554201011,0.6800000000000004
317,12,100.0,200.0,0.0
317,24,39.63986501580373,366.6398650158037,0.0
317,8,501.6010447550593,746.3989552449407,0.0
317,17,487.7223650986197,752.2776349013802,0.0
317,1,100.0,200.0,0.6800000000000004
317,19,100.0,200.0,0.6800000000000004
317,22,404.83679438708856,890.1632056129114,0.0
317,23,245.99163273766194,196.00836726233806,0.0
317,6,129.60262120178766,268.60262120178766,0.6800000000000004
317,11,193.3764090485108,294.37640904851077,0.0
317,9,600.0,980.0,0.0
317,14,100.0,200.0,1.0600000000000007
317,3,179.18402089308753,227.81597910691247,0.0
317,7,241.33477848817003,197.33477848817003,0.0
317,25,100.0,200.0,0.9100000000000006
317,4,253.55660389511755,192.44339610488245,0.0
317,13,751.0835158296958,671.9164841703042,0.0
317,15,488.8911276742704,183.8911276742704,0.0
317,2,220.5465225424365,481.5465225424365,2.615
317,10,100.0,200.0,0.2800000000000001
317,18,100.0,200.0,0.0
317,21,681.8436854421757,741.1563145578243,0.0
318,5,497.31192682129836,168.31192682129839,0.0
318,16,460.64644261835537,874.6464426183553,0.0
318,20,129.94136981050647,268.94136981050644,0.6800000000000004
318,12,100.0,200.0,0.0
318,24,39.392377642388425,365.39237764238845,0.0
318,8,500.29289886301154,746.5,0.0
318,17,486.7677709440179,751.7677709440179,0.0
318,1,100.0,200.0,0.6800000000000004
318,19,100.0,200.0,0.6800000000000004
318,22,405.7913885416904,889.2086114583095,0.0
318,23,244.84527368530814,196.5,0.0
318,6,128.5,267.2957640472943,0.6800000000000004
318,11,192.57818510609107,293.42181489390896,0.0
318,9,600.0,980.0,0.0
318,14,100.0,200.0,1.0600000000000007
318,3,178.11735162395095,228.5,0.0
318,7,240.38018433356817,196.6198156664318,0.0
318,25,100.0,200.0,0.9100000000000006
318,4,252.6020097405157,193.3979902594843,0.0
318,13,750.1289216750939,672.8710783249061,0.0
318,15,487.93653351966856,184.06346648033144,0.0
318,2,220.29765637696897,481.297656376969,2.615
318,10,100.0,200.0,0.2800000000000001
318,18,100.0,200.0,0.0
318,21,680.6360446135151,741.5,0.0
319,5,496.35733266669655,167.64266733330345,0.0
319,16,461.6010367729572,875.6010367729572,0.0
319,20,128.6943319815985,267.6943319815985,0.6800000000000004
319,12,100.0,200.0,0.0
319,24,38.4377834877866,364.4377834877866,0.0
319,8,499.10607000822876,746.8939299917713,0.0
319,17,485.81317678941605,752.186823210584,0.0
319,1,100.0,200.0,0.6800000000000004
319,19,100.0,200.0,0.6800000000000004
319,22,406.7459826962923,888.2540173037077,0.0
319,23,243.49665799083138,196.50334200916862,0.0
319,6,127.81565232515833,265.81565232515834,0.6800000000000004
319,11,193.4672207393071,292.4672207393071,0.0
319,9,600.0,980.0,0.0
319,14,100.0,200.0,1.0600000000000007
319,3,176.76735162395096,228.5,0.0
319,7,239.42559017896633,197.57440982103367,0.0
319,25,100.0,200.0,0.9100000000000006
319,4,251.35452236710043,193.3545223671004,0.0
319,13,749.174327520492,673.825672479508,0.0
319,15,486.9819393650667,183.98193936506672,0.0
319,2,220.04879021150145,481.04879021150145,2.615
319,10,100.0,200.0,0.2800000000000001
319,18,100.0,200.0,0.0
319,21,679.2860446135151,741.5,0.0
320,5,495.3624514847077,168.5,0.0
320,16,462.49999999999994,876.5786740122414,0.0
320,20,128.15440093387713,266.1544009338771,0.6800000000000004
320,12,100.0,200.0,0.0
320,24,37.5,363.47622612699735,0.0
320,8,498.00711242538466,747.5,0.0
320,17,484.85858263481424,751.8585826348142,0.0
320,1,100.0,200.0,0.6800000000000004
320,19,100.0,200.0,0.6800000000000004
320,22,407.70057685089415,887.2994231491058,0.0
320,23,242.54206383622952,197.45793616377046,0.0
320,6,126.56861449625039,264.5686144962504,0.6800000000000004
320,11,192.51262658470526,291.51262658470523,0.0
320,9,600.0,980.0,0.0
320,14,100.0,200.0,1.0600000000000007
320,3,175.7344519916551,229.2655480083449,0.0
320,7,238.4709960243645,198.5290039756355,0.0
320,25,100.0,200.0,0.9100000000000006
320,4,250.35847712090458,192.5,0.0
320,13,748.2197333658902,674.7802666341098,0.0
320,15,486.02734521046483,183.9726547895351,0.0
320,2,219.79992404603394,480.79992404603394,2.615
320,10,100.0,200.0,0.2800000000000001
320,18,100.0,200.0,0.0
320,21,678.1012233219299,741.8987766780701,0.0
321,5,494.1552511386794,168.15525113867938,0.0
321,16,462.49999999999994,877.9286740122415,0.0
321,20,126.90736310496919,264.9073631049692,0.6800000000000004
321,12,100.0,200.0,0.0
321,24,37.235701959769465,362.2357019597695,0.0
321,8,496.90398848021164,748.0960115197884,0.0
321,17,483.9039884802124,752.0960115197877,0.0
321,1,100.0,200.0,0.6800000000000004
321,19,100.0,200.0,0.6800000000000004
321,22,408.655171005496,886.3448289945039,0.0
321,23,241.29457646281423,197.29457646281423,0.0
321,6,125.32157666734247,263.32157666734247,0.6800000000000004
321,11,191.5580324301034,290.5580324301034,0.0
321,9,600.0,980.0,0.0
321,14,100.0,200.0,1.0600000000000007
321,3,174.77985783705327,230.22014216294673,0.0
321,7,237.51640186976266,199.48359813023737,0.0
321,25,100.0,200.0,0.9100000000000006
321,4,249.15244083908328,192.84755916091672,0.0
321,13,747.2651392112883,675.7348607887117,0.0
321,15,484.8957787486919,184.5,0.0
321,2,219.55105788056642,480.5510578805664,2.615
321,10,100.0,200.0,0.2800000000000001
321,18,100.0,200.0,0.0
321,21,677.146629167328,742.853370832672,0.0
322,5,493.2006569840775,167.79934301592246,0.0
322,16,462.49999999999994,879.2786740122415,0.0
322,20,125.66032527606126,263.66032527606126,0.6800000000000004
322,12,100.0,200.0,0.0
322,24,36.71889219483237,361.2811078051676,0.0
322,8,495.9493943256098,749.0506056743902,0.0
322,17,482.9493943256105,753.0506056743895,0.0
322,1,100.0,200.0,0.6800000000000004
322,19,100.0,200.0,0.6800000000000004
322,22,409.65523137808646,885.5,0.0
322,23,240.33998230821237,196.6600176917876,0.0
322,6,124.50000000000001,261.8983070550511,0.6800000000000004
322,11,190.60343827550156,289.60343827550156,0.0
322,9,600.0,980.0,0.0
322,14,100.0,200.0,1.0600000000000007
322,3,173.54577874869713,230.5,0.0
322,7,236.26891449634735,199.73108550365265,0.0
322,25,100.0,200.0,0.9100000000000006
322,4,248.19784668448145,193.80215331551855,0.0
322,13,746.3105450566865,676.6894549433135,0.0
322,15,483.8252636824477,183.8252636824477,0.0
322,2,219.5,480.2202568407431,2.615
322,10,100.0,200.0,0.2800000000000001
322,18,100.0,200.0,0.0
322,21,676.1920350127261,743.8079649872739,0.0
323,5,492.2460628294757,168.24606282947568,0.0
323,16,463.29809304780497,880.298093047805,0.0
323,20,124.50000000000001,262.3773699317362,0.6800000000000004
323,12,100.0,200.0,0.0
323,24,37.32651365056578,360.3265136505658,0.0
323,8,494.9948001710079,748.9948001710079,0.0
323,17,481.99480017100865,754.0051998289913,0.0
323,1,100.0,200.0,0.6800000000000004
323,19,100.0,200.0,0.6800000000000004
323,22,410.85725253351313,885.8572525335131,0.0
323,23,239.38538815361053,197.61461184638947,0.0
323,6,124.24171457189968,260.24171457189965,0.6800000000000004
323,11,190.35595090208628,288.35595090208625,0.0
323,9,600.0,980.0,0.0
323,14,100.0,200.0,1.0600000000000007
323,3,172.28488309022268,230.28488309022268,0.0
323,7,235.31432034174549,200.6856796582545,0.0
323,25,100.0,200.0,0.9100000000000006
323,4,247.2432525298796,194.7567474701204,0.0
323,13,745.3559509020846,677.6440490979154,0.0
323,15,482.87066952784585,184.12933047215412,0.0
323,2,219.5,479.8683069343232,2.615
323,10,100.0,200.0,0.2800000000000001
323,18,100.0,200.0,0.0
323,21,675.2374408581243,744.7625591418757,0.0
324,5,491.29146867487384,167.70853132512613,0.0
324,16,464.5455804212203,880.5455804212203,0.0
324,20,124.50000000000001,260.6137921213023,0.6800000000000004
324,12,100.0,200.0,0.0
324,24,36.5,359.31886681411663,0.0
324,8,493.84975311250395,748.5,0.0
324,17,480.84975311250497,754.5,0.0
324,1,100.0,200.0,0.6800000000000004
324,19,100.0,200.0,0.6800000000000004
324,22,411.811846688115,886.811846688115,0.0
324,23,238.4021279348005,198.5,0.0
324,6,122.99467674299171,258.9946767429917,0.6800000000000004
324,11,189.4013567474844,287.40135674748444,0.0
324,9,600.0,980.0,0.0
324,14,100.0,200.0,1.0600000000000007
324,3,171.33028893562084,229.66971106437916,0.0
324,7,234.35972618714365,201.64027381285635,0.0
324,25,100.0,200.0,0.9100000000000006
324,4,246.28865837527778,195.71134162472222,0.0
324,13,744.4013567474827,678.5986432525173,0.0
324,15,481.916075373244,183.91607537324404,0.0
324,2,219.5,479.51635702790327,2.615
324,10,100.0,200.0,0.2800000000000001
324,18,100.0,200.0,0.0
324,21,674.2828467035224,745.7171532964776,0.0
325,5,490.26930573420003,168.5,0.0
325,16,465.50017457582214,881.5001745758221,0.0
325,20,125.50000000000001,259.2644278732415,0.6800000000000004
325,12,100.0,200.0,0.0
325,24,36.124432122548654,358.1244321225487,0.0
325,8,492.7927186429908,747.7927186429908,0.0
325,17,479.79271864299153,755.2072813570085,0.0
325,1,100.0,200.0,0.6800000000000004
325,19,100.0,200.0,0.6800000000000004
325,22,412.76644084271686,887.2335591572831,0.0
325,23,237.18330662559342,198.8166933744066,0.0
325,6,122.45474569527032,257.45474569527033,0.6800000000000004
325,11,188.5,286.424710936829,0.0
325,9,600.0,980.0,0.0
325,14,100.0,200.0,1.0600000000000007
325,3,170.5,230.6757941265567,0.0
325,7,233.36583643378586,202.5,0.0
325,25,100.0,200.0,0.9100000000000006
325,4,245.26533137039695,196.5,0.0
325,13,743.4467625928809,679.5532374071191,0.0
325,15,480.9614812186422,184.03851878135782,0.0
325,2,219.26269999988295,479.26269999988295,2.615
325,10,100.0,200.0,0.2800000000000001
325,18,100.0,200.0,0.0
325,21,673.3282525489205,746.6717474510795,0.0
326,5,489.0893871468567,168.08938714685667,0.0
326,16,466.45476873042395,882.454768730424,0.0
326,20,124.79349430398916,257.7934943039891,0.6800000000000004
326,12,100.0,200.0,0.0
326,24,35.830162032053174,357.1698379679468,0.0
326,8,491.838124488389,748.161875511611,0.0
326,17,478.83812448838967,756.1618755116103,0.0
326,1,100.0,200.0,0.6800000000000004
326,19,100.0,200.0,0.6800000000000004
326,22,413.7210349973187,886.2789650026813,0.0
326,23,236.22871247099155,199.77128752900842,0.0
326,6,121.5,256.08663650043474,0.6800000000000004
326,11,188.5,285.074710936829,0.0
326,9,600.0,980.0,0.0
326,14,100.0,200.0,1.0600000000000007
326,3,170.1282074076037,231.8717925923963,0.0
326,7,232.01583643378586,202.5,0.0
326,25,100.0,200.0,0.9100000000000006
326,4,244.08657684726063,196.91342315273937,0.0
326,13,742.492168438279,680.507831561721,0.0
326,15,479.80263299818427,184.5,0.0
326,2,219.01383383441544,479.01383383441544,2.615
326,10,100.0,200.0,0.2800000000000001
326,18,100.0,200.0,0.0
326,21,672.3736583943187,747.6263416056813,0.0
327,5,488.13479299225486,167.86520700774514,0.0
327,16,465.59063711497413,883.4093628850259,0.0
327,20,123.5464564750812,256.5464564750812,0.6800000000000004
327,12,100.0,200.0,0.0
327,24,36.21524381334498,356.21524381334496,0.0
327,8,490.8835303337871,749.1164696662129,0.0
327,17,477.6281802372511,756.5,0.0
327,1,100.0,200.0,0.6800000000000004
327,19,100.0,200.0,0.6800000000000004
327,22,414.6756291519206,885.3243708480794,0.0
327,23,235.27411831638972,200.72588168361025,0.0
327,6,122.332223181359,254.66777681864102,0.6800000000000004
327,11,187.951787846052,283.951787846052,0.0
327,9,600.0,980.0,0.0
327,14,100.0,200.0,1.0600000000000007
327,3,169.17361325300186,232.17361325300186,0.0
327,7,230.91015728571125,203.08984271428878,0.0
327,25,100.0,200.0,0.9100000000000006
327,4,243.1319826926588,197.1319826926588,0.0
327,13,741.5375742836771,681.4624257163229,0.0
327,15,478.75939969062506,183.75939969062506,0.0
327,2,218.76496766894792,478.7649676689479,2.615
327,10,100.0,200.0,0.2800000000000001
327,18,100.0,200.0,0.0
327,21,671.4190642397168,748.5809357602832,0.0
328,5,487.180198837653,168.81980116234698,0.0
328,16,464.6360429603723,884.3639570396277,0.0
328,20,123.00652542735979,255.0065254273598,0.6800000000000004
328,12,100.0,200.0,0.0
328,24,35.26064965874313,355.26064965874315,0.0
328,8,490.49999999999994,750.3076062003768,0.0
328,17,476.6360429603725,757.3639570396274,0.0
328,1,100.0,200.0,0.6800000000000004
328,19,100.0,200.0,0.6800000000000004
328,22,415.5,884.3158364337789,0.0
328,23,234.31952416178788,201.68047583821212,0.0
328,6,122.12784577091962,253.1278457709196,0.6800000000000004
328,11,188.00280630854982,282.99719369145015,0.0
328,9,600.0,980.0,0.0
328,14,100.0,200.0,1.0600000000000007
328,3,168.10263299818948,231.5,0.0
328,7,229.95556313110941,202.9555631311094,0.0
328,25,100.0,200.0,0.9100000000000006
328,4,242.17738853805696,196.82261146194304,0.0
328,13,740.5829801290753,682.4170198709247,0.0
328,15,477.8048055360232,184.19519446397678,0.0
328,2,218.5161015034804,478.5161015034804,2.615
328,10,100.0,200.0,0.2800000000000001
328,18,100.0,200.0,0.0
328,21,670.464470085115,749.535529914885,0.0
329,5,486.1119464213193,169.5,0.0
329,16,464.388555586957,885.611444413043,0.0
329,20,122.46659437963841,253.4665943796384,0.6800000000000004
329,12,100.0,200.0,0.0
329,24,34.3060555041413,354.3060555041413,0.0
329,8,489.68144880577,751.31855119423,0.0
329,17,475.34239379962423,757.5,0.0
329,1,100.0,200.0,0.6800000000000004
329,19,100.0,200.0,0.6800000000000004
329,22,415.8777106799377,883.1222893200624,0.0
329,23,233.30898218429286,202.5,0.0
329,6,121.5,251.6243301938792,0.6800000000000004
329,11,188.04259953684831,282.04259953684834,0.0
329,9,600.0,980.0,0.0
329,14,100.0,200.0,1.0600000000000007
329,3,166.97153172498471,232.02846827501529,0.0
329,7,229.00096897650755,202.99903102349242,0.0
329,25,100.0,200.0,0.9100000000000006
329,4,241.22279438345512,197.22279438345512,0.0
329,13,739.6283859744734,683.3716140255266,0.0
329,15,476.85021138142133,183.8502113814214,0.0
329,2,218.26723533801288,478.2672353380129,2.615
329,10,100.0,200.0,0.2800000000000001
329,18,100.0,200.0,0.0
329,21,669.5098759305131,750.4901240694869,0.0
330,5,484.9781173096359,168.9781173096359,0.0
330,16,463.56603856764485,886.5660385676449,0.0
330,20,121.5,252.10339307056432,0.6800000000000004
330,12,100.0,200.0,0.0
330,24,33.5,353.2899346259821,0.0
330,8,488.4339614323547,751.5660385676453,0.0
330,17,474.141068213542,757.858931786458,0.0
330,1,100.0,200.0,0.6800000000000004
330,19,100.0,200.0,0.6800000000000004
330,22,416.96995000384794,882.5,0.0
330,23,231.95898218429286,202.5,0.0
330,6,120.34087689429026,250.3408768942903,0.6800000000000004
330,11,187.5,280.91735162394826,0.0
330,9,600.0,980.0,0.0
330,14,100.0,200.0,1.0600000000000007
330,3,165.81684656056257,232.5,0.0
330,7,227.85847712090515,203.5,0.0
330,25,100.0,200.0,0.9100000000000006
330,4,240.26820022885326,196.7317997711467,0.0
330,13,738.6737918198716,684.3262081801284,0.0
330,15,475.8956172268195,184.10438277318048,0.0
330,2,218.01836917254536,478.01836917254536,2.615
330,10,100.0,200.0,0.2800000000000001
330,18,100.0,200.0,0.0
330,21,668.5552817759112,751.4447182240888,0.0
331,5,483.82615998369243,168.5,0.0
331,16,464.5206327222467,887.5206327222468,0.0
331,20,120.67962550300905,250.67962550300908,0.6800000000000004
331,12,100.0,200.0,0.0
331,24,33.10397397612415,352.10397397612417,0.0
331,8,487.4793672777529,752.4793672777529,0.0
331,17,473.05660736199735,758.5,0.0
331,1,100.0,200.0,0.6800000000000004
331,19,100.0,200.0,0.6800000000000004
331,22,418.0797922079548,881.9202077920452,0.0
331,23,230.86995526035545,203.13004473964455,0.0
331,6,119.5,248.92560169775757,0.6800000000000004
331,11,187.5,279.56735162394824,0.0
331,9,600.0,980.0,0.0
331,14,100.0,200.0,1.0600000000000007
331,3,164.7694501969676,233.2305498030324,0.0
331,7,226.79888744849043,204.20111255150957,0.0
331,25,100.0,200.0,0.9100000000000006
331,4,239.31360607425142,197.68639392574858,0.0
331,13,737.7191976652697,685.2808023347303,0.0
331,15,474.70948724767663,184.5,0.0
331,2,217.76950300707784,477.76950300707784,2.615
331,10,100.0,200.0,0.2800000000000001
331,18,100.0,200.0,0.0
331,21,667.2281802372457,751.5,0.0
332,5,482.4831425628053,168.5168574371947,0.0
332,16,465.47522687684864,888.4752268768485,0.0
332,20,119.5,249.4046645744427,0.6800000000000004
332,12,100.0,200.0,0.0
332,24,32.14937982152232,351.1493798215223,0.0
332,8,486.524773123151,751.524773123151,0.0
332,17,471.9389866855248,759.0610133144752,0.0
332,1,100.0,200.0,0.6800000000000004
332,19,100.0,200.0,0.6800000000000004
332,22,419.2557364414749,881.5,0.0
332,23,229.91536110575362,202.91536110575362,0.0
332,6,120.44609198233906,247.55390801766092,0.6800000000000004
332,11,186.5930306354159,278.5930306354159,0.0
332,9,600.0,980.0,0.0
332,14,100.0,200.0,1.0600000000000007
332,3,163.81485604236576,232.81485604236576,0.0
332,7,226.5,205.42730931672173,0.0
332,25,100.0,200.0,0.9100000000000006
332,4,238.3590119196496,198.6409880803504,0.0
332,13,736.7646035106678,686.2353964893322,0.0
332,15,473.6935356988024,183.6935356988024,0.0
332,2,217.52063684161033,477.5206368416103,2.615
332,10,100.0,200.0,0.2800000000000001
332,18,100.0,200.0,0.0
332,21,665.8781802372457,751.5,0.0
333,5,481.52854840820345,169.4714515917965,0.0
333,16,466.4298210314504,889.4298210314504,0.0
333,20,120.10734337362027,247.89265662637973,0.6800000000000004
333,12,100.0,200.0,0.0
333,24,31.19478566692047,350.1947856669205,0.0
333,8,485.57017896854916,752.4298210314508,0.0
333,17,470.98439253092295,758.984392530923,0.0
333,1,100.0,200.0,0.6800000000000004
333,19,100.0,200.0,0.6800000000000004
333,22,420.28187373597194,882.281873735972,0.0
333,23,228.96076695115178,203.03923304884822,0.0
333,6,121.5,246.22687320163593,0.6800000000000004
333,11,185.3455432620006,278.3455432620006,0.0
333,9,600.0,980.0,0.0
333,14,100.0,200.0,1.0600000000000007
333,3,162.86026188776393,233.13973811223607,0.0
333,7,225.59680592047332,206.40319407952668,0.0
333,25,100.0,200.0,0.9100000000000006
333,4,237.3648263070086,199.5,0.0
333,13,735.810009356066,687.189990643934,0.0
333,15,472.73894154420054,184.26105845579943,0.0
333,2,217.7282293238572,477.2717706761428,2.615
333,10,100.0,200.0,0.2800000000000001
333,18,100.0,200.0,0.0
333,21,664.8128196556653,752.1871803443347,0.0
334,5,480.57395425360164,168.5739542536016,0.0
334,16,467.67730840486564,889.6773084048657,0.0
334,20,121.35438120252819,246.64561879747177,0.6800000000000004
334,12,100.0,200.0,0.0
334,24,30.75980848768135,349.24019151231863,0.0
334,8,484.61558481394735,751.6155848139473,0.0
334,17,470.02979837632114,758.9702016236789,0.0
334,1,100.0,200.0,0.6800000000000004
334,19,100.0,200.0,0.6800000000000004
334,22,421.54152287910176,882.5,0.0
334,23,227.80162287141215,203.5,0.0
334,6,120.76693914103161,244.7669391410316,0.6800000000000004
334,11,184.60905089260123,277.39094910739874,0.0
334,9,600.0,980.0,0.0
334,14,100.0,200.0,1.0600000000000007
334,3,161.65948724768188,233.5,0.0
334,7,224.64221176587148,205.64221176587148,0.0
334,25,100.0,200.0,0.9100000000000006
334,4,236.15693039163244,199.84306960836753,0.0
334,13,734.8554152014641,688.1445847985359,0.0
334,15,471.7843473895987,185.21565261040126,0.0
334,2,217.9770954893247,477.0229045106753,2.615
334,10,100.0,200.0,0.2800000000000001
334,18,100.0,200.0,0.0
334,21,663.8582255010634,753.1417744989366,0.0
335,5,479.6193600989998,169.38063990100022,0.0
335,16,468.6319025594675,890.6319025594676,0.0
335,20,121.1056877497504,245.1056877497504,0.6800000000000004
335,12,100.0,200.0,0.0
335,24,31.5,348.19678887547445,0.0
335,8,483.6609906593455,752.3390093406546,0.0
335,17,469.0752042217193,759.0752042217192,0.0
335,1,100.0,200.0,0.6800000000000004
335,19,100.0,200.0,0.6800000000000004
335,22,422.8915228791018,882.5,0.0
335,23,226.75868542313464,204.24131457686536,0.0
335,6,120.5,243.1139311431412,0.6800000000000004
335,11,185.5636450472031,276.43635495279693,0.0
335,9,600.0,980.0,0.0
335,14,100.0,200.0,1.0600000000000007
335,3,160.6581803597468,234.3418196402532,0.0
335,7,223.35111780802447,205.5,0.0
335,25,100.0,200.0,0.9100000000000006
335,4,235.2023362370306,200.79766376296936,0.0
335,13,733.9008210468622,689.0991789531378,0.0
335,15,470.55212793479586,185.5,0.0
335,2,218.22596165479223,476.77403834520777,2.615
335,10,100.0,200.0,0.2800000000000001
335,18,100.0,200.0,0.0
335,21,663.5,754.3433926380083,0.0
336,5,478.6647659443979,168.66476594439794,0.0
336,16,469.41350328593063,891.5864967140694,0.0
336,20,120.5,243.59299401982634,0.6800000000000004
336,12,100.0,200.0,0.0
336,24,31.038109984301496,347.0381099843015,0.0
336,8,482.7063965047436,753.2936034952564,0.0
336,17,467.9634616114896,758.5,0.0
336,1,100.0,200.0,0.6800000000000004
336,19,100.0,200.0,0.6800000000000004
336,22,424.0243358562178,883.0243358562178,0.0
336,23,226.5,205.48416356621476,0.0
336,6,120.5,241.3503533327073,0.6800000000000004
336,11,186.5,275.4742058734406,0.0
336,9,600.0,980.0,0.0
336,14,100.0,200.0,1.0600000000000007
336,3,160.41069298633153,235.58930701366847,0.0
336,7,222.1472370190409,205.8527629809591,0.0
336,25,100.0,200.0,0.9100000000000006
336,4,234.24774208242877,201.75225791757123,0.0
336,13,732.9462268922604,690.0537731077396,0.0
336,15,469.58226586158156,184.58226586158156,0.0
336,2,218.47482782025975,476.52517217974025,2.615
336,10,100.0,200.0,0.2800000000000001
336,18,100.0,200.0,0.0
336,21,662.6561439730463,755.3438560269537,0.0
337,5,477.41727857098266,168.58272142901737,0.0
337,16,468.54109086867123,892.5410908686713,0.0
337,20,120.5,241.82941620939243,0.6800000000000004
337,12,100.0,200.0,0.0
337,24,30.499999999999996,345.91100243784757,0.0
337,8,481.75180235014176,754.2481976498582,0.0
337,17,466.8731226937021,759.1268773062978,0.0
337,1,100.0,200.0,0.6800000000000004
337,19,100.0,200.0,0.6800000000000004
337,22,425.17730931672867,883.5,0.0
337,23,225.55660389511752,206.44339610488248,0.0
337,6,120.5,239.5867755222734,0.6800000000000004
337,11,186.2342734247798,274.23427342477976,0.0
337,9,600.0,980.0,0.0
337,14,100.0,200.0,1.0600000000000007
337,3,159.4560988317297,236.5439011682703,0.0
337,7,221.19264286443905,206.80735713556095,0.0
337,25,100.0,200.0,0.9100000000000006
337,4,233.20746699412786,202.5,0.0
337,13,731.9916327376585,691.0083672623415,0.0
337,15,468.2663414971689,184.5,0.0
337,2,218.72369398572727,476.27630601427273,2.615
337,10,100.0,200.0,0.2800000000000001
337,18,100.0,200.0,0.0
337,21,661.7015498184444,756.2984501815556,0.0
338,5,476.4626844163808,169.53731558361918,0.0
338,16,469.4956850232731,893.4956850232732,0.0
338,20,120.5,240.06583839895853,0.6800000000000004
338,12,100.0,200.0,0.0
338,24,29.836028456284378,344.8360284562844,0.0
338,8,480.5061022986079,754.5,0.0
338,17,465.9185285391003,760.0814714608997,0.0
338,1,100.0,200.0,0.6800000000000004
338,19,100.0,200.0,0.6800000000000004
338,22,426.51931060304844,883.4806893969516,0.0
338,23,224.60200974051568,205.60200974051568,0.0
338,6,119.5,238.23741127421258,0.6800000000000004
338,11,185.27967927017792,273.27967927017795,0.0
338,9,600.0,980.0,0.0
338,14,100.0,200.0,1.0600000000000007
338,3,158.50150467712785,237.49849532287215,0.0
338,7,220.23804870983722,207.76195129016278,0.0
338,25,100.0,200.0,0.9100000000000006
338,4,232.04566055441163,202.95433944558837,0.0
338,13,731.0370385830566,691.9629614169434,0.0
338,15,467.08729111475094,184.912708885249,0.0
338,2,218.97256015119478,476.0274398488052,2.615
338,10,100.0,200.0,0.2800000000000001
338,18,100.0,200.0,0.0
338,21,660.7469556638425,757.2530443361575,0.0
339,5,475.508090261779,170.49190973822107,0.0
339,16,470.84389770139154,893.5,0.0
339,20,119.65307034005137,238.65307034005139,0.6800000000000004
339,12,100.0,200.0,0.0
339,24,29.5,343.6252160002207,0.0
339,8,479.54972082212464,755.4502791778754,0.0
339,17,464.9639343844985,761.0360656155016,0.0
339,1,100.0,200.0,0.6800000000000004
339,19,100.0,200.0,0.6800000000000004
339,22,427.4739047576503,882.5260952423497,0.0
339,23,223.29426355853144,205.5,0.0
339,6,118.77439068361119,236.7743906836112,0.6800000000000004
339,11,184.3250851155761,272.3250851155761,0.0
339,9,600.0,980.0,0.0
339,14,100.0,200.0,1.0600000000000007
339,3,157.25401730371257,237.74598269628743,0.0
339,7,219.28345455523538,208.71654544476462,0.0
339,25,100.0,200.0,0.9100000000000006
339,4,230.92168055650095,203.5,0.0
339,13,730.0824444284548,692.9175555715452,0.0
339,15,466.13269696014913,185.13269696014913,0.0
339,2,219.2214263166623,475.7785736833377,2.615
339,10,100.0,200.0,0.2800000000000001
339,18,100.0,200.0,0.0
339,21,659.7923615092407,758.2076384907593,0.0
340,5,474.2606028883637,170.73939711163632,0.0
340,16,472.19389770139156,893.5,0.0
340,20,119.11313929232999,237.11313929232998,0.6800000000000004
340,12,100.0,200.0,0.0
340,24,28.633946928267267,342.6339469282673,0.0
340,8,478.5951266675228,756.4048733324772,0.0
340,17,463.80610229860895,761.5,0.0
340,1,100.0,200.0,0.6800000000000004
340,19,100.0,200.0,0.6800000000000004
340,22,428.42849891225217,881.5715010877478,0.0
340,23,222.1070349936851,205.8929650063149,0.0
340,6,117.52735285470324,235.52735285470325,0.6800000000000004
340,11,183.37049096097425,271.3704909609742,0.0
340,9,600.0,980.0,0.0
340,14,100.0,200.0,1.0600000000000007
340,3,156.29942314911074,238.29942314911074,0.0
340,7,218.32886040063354,209.67113959936646,0.0
340,25,100.0,200.0,0.9100000000000006
340,4,229.8435790263945,202.84357902639448,0.0
340,13,729.1278502738529,693.8721497261471,0.0
340,15,465.1781028055473,184.82189719445273,0.0
340,2,219.47029248212982,475.5297075178702,2.615
340,10,100.0,200.0,0.2800000000000001
340,18,100.0,200.0,0.0
340,21,658.8377673546388,759.1622326453612,0.0
341,5,473.22565492030407,171.5,0.0
341,16,473.23814714351903,894.238147143519,0.0
341,20,117.86610146342204,235.86610146342204,0.6800000000000004
341,12,100.0,200.0,0.0
341,24,27.679352773665432,341.6793527736654,0.0
341,8,477.34763929410747,756.6523607058925,0.0
341,17,462.4561022986089,761.5,0.0
341,1,100.0,200.0,0.6800000000000004
341,19,100.0,200.0,0.6800000000000004
341,22,429.38309306685403,880.616906933146,0.0
341,23,221.15244083908325,206.84755916091675,0.0
341,6,116.49999999999999,234.18931853003014,0.6800000000000004
341,11,182.4158968063724,270.4158968063724,0.0
341,9,600.0,980.0,0.0
341,14,100.0,200.0,1.0600000000000007
341,3,155.3448289945089,237.6551710054911,0.0
341,7,217.3742662460317,210.3742662460317,0.0
341,25,100.0,200.0,0.9100000000000006
341,4,228.88898487179264,203.11101512820733,0.0
341,13,728.173256119251,694.826743880749,0.0
341,15,464.22350865094546,185.22350865094546,0.0
341,2,219.28084135240266,475.28084135240266,2.615
341,10,100.0,200.0,0.2800000000000001
341,18,100.0,200.0,0.0
341,21,657.8831732000369,760.1168267999631,0.0
342,5,471.87565492030404,171.5,0.0
342,16,474.19274129812084,895.1927412981208,0.0
342,20,116.61906363451409,234.6190636345141,0.6800000000000004
342,12,100.0,200.0,0.0
342,24,26.724758619063582,340.7247586190636,0.0
342,8,476.34874298572714,757.5,0.0
342,17,461.2214722642526,761.7785277357475,0.0
342,1,100.0,200.0,0.6800000000000004
342,19,100.0,200.0,0.6800000000000004
342,22,430.3376872214559,879.6623127785441,0.0
342,23,220.19784668448142,207.80215331551858,0.0
342,6,115.74038397807391,232.7403839780739,0.6800000000000004
342,11,181.5,269.44527368530606,0.0
342,9,600.0,980.0,0.0
342,14,100.0,200.0,1.0600000000000007
342,3,154.39023483990707,238.60976516009293,0.0
342,7,216.38639918226306,209.5,0.0
342,25,100.0,200.0,0.9100000000000006
342,4,227.70010768124712,203.5,0.0
342,13,727.2186619646492,695.7813380353508,0.0
342,15,463.17319574666135,184.5,0.0
342,2,219.03197518693514,475.03197518693514,2.615
342,10,100.0,200.0,0.2800000000000001
342,18,100.0,200.0,0.0
342,21,656.9285790454351,761.0714209545649,0.0
343,5,470.81103398693125,170.81103398693125,0.0
343,16,475.1473354527227,896.1473354527227,0.0
343,20,116.0791325867927,233.0791325867927,0.6800000000000004
343,12,100.0,200.0,0.0
343,24,26.5,339.46785668734,0.0
343,8,474.9987429857271,757.5,0.0
343,17,460.2668781096507,762.2668781096507,0.0
343,1,100.0,200.0,0.6800000000000004
343,19,100.0,200.0,0.6800000000000004
343,22,431.5851745948712,879.4148254051288,0.0
343,23,219.24325252987958,208.75674747012042,0.0
343,6,115.5,231.0763764715354,0.6800000000000004
343,11,181.21381527835527,268.2138152783553,0.0
343,9,600.0,980.0,0.0
343,14,100.0,200.0,1.0600000000000007
343,3,153.43564068530523,239.43564068530523,0.0
343,7,215.1721847180146,209.8278152819854,0.0
343,25,100.0,200.0,0.9100000000000006
343,4,226.68690334377553,204.31309665622447,0.0
343,13,726.2640678100473,696.7359321899527,0.0
343,15,462.02142712292834,184.97857287707166,0.0
343,2,218.78310902146762,474.7831090214676,2.615
343,10,100.0,200.0,0.2800000000000001
343,18,100.0,200.0,0.0
343,21,655.9739848908332,762.0260151091668,0.0
344,5,469.85643983232944,171.14356016767059,0.0
344,16,476.1019296073245,897.1019296073246,0.0
344,20,115.5,231.55543934822055,0.6800000000000004
344,12,100.0,200.0,0.0
344,24,26.5,338.11785668733995,0.0
344,8,473.89807039267504,758.101929607325,0.0
344,17,459.3122839550489,761.6877160449511,0.0
344,1,100.0,200.0,0.6800000000000004
344,19,100.0,200.0,0.6800000000000004
344,22,432.5562415048634,878.5,0.0
344,23,218.28865837527775,209.28865837527775,0.0
344,6,115.5,229.3127986611015,0.6800000000000004
344,11,180.74077887624657,267.25922112375343,0.0
344,9,600.0,980.0,0.0
344,14,100.0,200.0,1.0600000000000007
344,3,152.4810465307034,238.5189534692966,0.0
344,7,214.10061274463618,210.5,0.0
344,25,100.0,200.0,0.9100000000000006
344,4,226.43941597036024,205.56058402963976,0.0
344,13,725.3094736554455,697.6905263445545,0.0
344,15,461.06683296832654,185.93316703167352,0.0
344,2,218.5342428560001,474.5342428560001,2.615
344,10,100.0,200.0,0.2800000000000001
344,18,100.0,200.0,0.0
344,21,655.0193907362313,762.0193907362313,0.0
345,5,468.9018456777276,170.90184567772758,0.0
345,16,476.49999999999994,898.2870434518992,0.0
345,20,115.5,229.79186153778664,0.6800000000000004
345,12,100.0,200.0,0.0
345,24,25.982296498817696,336.9822964988177,0.0
345,8,472.7129565481002,758.5,0.0
345,17,458.2987429857282,762.5,0.0
345,1,100.0,200.0,0.6800000000000004
345,19,100.0,200.0,0.6800000000000004
345,22,433.90624150486343,878.5,0.0
345,23,217.3340642206759,208.6659357793241,0.0
345,6,114.82769761609629,227.8276976160963,0.6800000000000004
345,11,181.3046269691516,266.30462696915157,0.0
345,9,600.0,980.0,0.0
345,14,100.0,200.0,1.0600000000000007
345,3,151.52645237610156,239.47354762389844,0.0
345,7,212.97010318999747,211.02989681000253,0.0
345,25,100.0,200.0,0.9100000000000006
345,4,225.4848218157584,206.4848218157584,0.0
345,13,724.3548795008436,698.6451204991564,0.0
345,15,459.95162287140755,186.5,0.0
345,2,218.2853766905326,474.2853766905326,2.615
345,10,100.0,200.0,0.2800000000000001
345,18,100.0,200.0,0.0
345,21,654.0647965816295,761.9352034183705,0.0
346,5,467.71829560742333,170.5,0.0
346,16,476.4030956458448,899.5969043541552,0.0
346,20,115.16644622481508,228.16644622481508,0.6800000000000004
346,12,100.0,200.0,0.0
346,24,25.972297655784153,336.02770234421587,0.0
346,8,471.69598886465786,759.3040111353421,0.0
346,17,457.11020242703177,762.8897975729682,0.0
346,1,100.0,200.0,0.6800000000000004
346,19,100.0,200.0,0.6800000000000004
346,22,435.25624150486345,878.5,0.0
346,23,216.32954493277003,209.5,0.0
346,6,115.41934021281165,226.58065978718835,0.6800000000000004
346,11,180.35003281454973,265.35003281454976,0.0
346,9,600.0,980.0,0.0
346,14,100.0,200.0,1.0600000000000007
346,3,151.27896500268628,240.72103499731372,0.0
346,7,212.01550903539564,211.98449096460436,0.0
346,25,100.0,200.0,0.9100000000000006
346,4,224.53022766115657,205.53022766115657,0.0
346,13,723.4002853462417,699.5997146537583,0.0
346,15,458.86475144030936,187.1352485596906,0.0
346,2,218.03651052506507,474.03651052506507,2.615
346,10,100.0,200.0,0.2800000000000001
346,18,100.0,200.0,0.0
346,21,653.1102024270276,762.8897975729724,0.0
347,5,466.3682956074233,170.5,0.0
347,16,475.5514985087571,900.551498508757,0.0
347,20,115.08059160409286,226.91940839590714,0.6800000000000004
347,12,100.0,200.0,0.0
347,24,26.073108189614018,335.073108189614,0.0
347,8,470.74139471005606,758.741394710056,0.0
347,17,456.15560827242996,763.84439172757,0.0
347,1,100.0,200.0,0.6800000000000004
347,19,100.0,200.0,0.6800000000000004
347,22,436.6062415048635,878.5,0.0
347,23,215.1319826926588,209.8680173073412,0.0
347,6,114.33362195828042,225.33362195828042,0.6800000000000004
347,11,179.3954386599479,264.3954386599479,0.0
347,9,600.0,980.0,0.0
347,14,100.0,200.0,1.0600000000000007
347,3,150.25162287141293,241.5,0.0
347,7,210.87903986938238,212.5,0.0
347,25,100.0,200.0,0.9100000000000006
347,4,223.19274836836644,205.5,0.0
347,13,722.4456911916399,700.5543088083601,0.0
347,15,457.66583643378067,187.5,0.0
347,2,217.78764435959755,473.78764435959755,2.615
347,10,100.0,200.0,0.2800000000000001
347,18,100.0,200.0,0.0
347,21,652.0129565480954,763.5,0.0
348,5,465.1593835574817,170.84061644251835,0.0
348,16,476.5060926633589,901.5060926633589,0.0
348,20,114.6723705669992,225.6723705669992,0.6800000000000004
348,12,100.0,200.0,0.0
348,24,25.118514035012172,334.1185140350122,0.0
348,8,469.78680055545425,759.2131994445458,0.0
348,17,455.2010141178281,764.7989858821719,0.0
348,1,100.0,200.0,0.6800000000000004
348,19,100.0,200.0,0.6800000000000004
348,22,437.9562415048635,878.5,0.0
348,23,214.04375849514312,210.5,0.0
348,6,113.5,223.91534166885828,0.6800000000000004
348,11,178.55915549465394,263.44084450534604,0.0
348,9,600.0,980.0,0.0
348,14,100.0,200.0,1.0600000000000007
348,3,149.07688347466916,241.92311652533084,0.0
348,7,209.81342750737852,213.18657249262148,0.0
348,25,100.0,200.0,0.9100000000000006
348,4,222.03525291432598,205.96474708567402,0.0
348,13,721.491097037038,701.508902962962,0.0
348,15,456.3697766934788,187.36977669347883,0.0
348,2,217.53877819413003,473.53877819413003,2.615
348,10,100.0,200.0,0.2800000000000001
348,18,100.0,200.0,0.0
348,21,650.9081208990104,764.0918791009896,0.0
349,5,464.0825091697964,171.5,0.0
349,16,477.4606868179608,902.4606868179608,0.0
349,20,113.5,224.3944045455434,0.6800000000000004
349,12,100.0,200.0,0.0
349,24,24.163919880410344,333.16391988041033,0.0
349,8,468.8322064008524,758.8322064008523,0.0
349,17,454.1413836728475,765.5,0.0
349,1,100.0,200.0,0.6800000000000004
349,19,100.0,200.0,0.6800000000000004
349,22,439.3062415048635,878.5,0.0
349,23,212.92990116464165,211.07009883535835,0.0
349,6,114.45334691834891,222.54665308165107,0.6800000000000004
349,11,179.4862503507442,262.4862503507442,0.0
349,9,600.0,980.0,0.0
349,14,100.0,200.0,1.0600000000000007
349,3,147.96583643378605,242.5,0.0
349,7,208.85883335277668,214.14116664722332,0.0
349,25,100.0,200.0,0.9100000000000006
349,4,221.08065875972414,206.91934124027586,0.0
349,13,720.5365028824361,702.4634971175639,0.0
349,15,455.415182538877,186.58481746112304,0.0
349,2,217.5,473.2028907416431,2.615
349,10,100.0,200.0,0.2800000000000001
349,18,100.0,200.0,0.0
349,21,649.7271701104685,764.5,0.0
350,5,462.7325091697964,171.5,0.0
350,16,478.7081741913761,902.7081741913761,0.0
350,20,114.11459830963013,222.8854016903699,0.6800000000000004
350,12,100.0,200.0,0.0
350,24,23.790674274191502,332.2093257258085,0.0
350,8,467.61981079759255,758.5,0.0
350,17,452.998932589811,766.0010674101891,0.0
350,1,100.0,200.0,0.6800000000000004
350,19,100.0,200.0,0.6800000000000004
350,22,440.3175862087783,879.3175862087784,0.0
350,23,211.9753070100398,212.0246929899602,0.0
350,6,113.5,221.21661317273663,0.6800000000000004
350,11,178.53165619614236,261.53165619614236,0.0
350,9,600.0,980.0,0.0
350,14,100.0,200.0,1.0600000000000007
350,3,146.87480194665204,243.12519805334796,0.0
350,7,207.65746699412858,214.5,0.0
350,25,100.0,200.0,0.9100000000000006
350,4,220.1260646051223,207.8739353948777,0.0
350,13,719.5819087278343,703.4180912721657,0.0
350,15,454.4605883842751,187.46058838427513,0.0
350,2,217.5,472.8509408352232,2.615
350,10,100.0,200.0,0.2800000000000001
350,18,100.0,200.0,0.0
350,21,648.4131461521798,764.5868538478202,0.0
351,5,461.7098146560493,170.70981465604925,0.0
351,16,479.66276834597795,903.662768345978,0.0
351,20,113.63836386146194,221.63836386146195,0.6800000000000004
351,12,100.0,200.0,0.0
351,24,24.5,331.15313806157855,0.0
351,8,466.6301248728352,759.3698751271647,0.0
351,17,452.0443384352091,766.044338435209,0.0
351,1,100.0,200.0,0.6800000000000004
351,19,100.0,200.0,0.6800000000000004
351,22,441.2721803633802,880.2721803633802,0.0
351,23,210.8221856198893,212.5,0.0
351,6,112.75968420502174,219.75968420502173,0.6800000000000004
351,11,179.42293795845947,260.5770620415405,0.0
351,9,600.0,980.0,0.0
351,14,100.0,200.0,1.0600000000000007
351,3,145.9202077920502,242.9202077920502,0.0
351,7,206.65675182475954,215.34324817524046,0.0
351,25,100.0,200.0,0.9100000000000006
351,4,219.17147045052047,208.82852954947953,0.0
351,13,718.6273145732324,704.3726854267676,0.0
351,15,453.50599422967326,186.5059942296733,0.0
351,2,217.49928647891406,472.4992864789141,2.615
351,10,100.0,200.0,0.2800000000000001
351,18,100.0,200.0,0.0
351,21,647.458551997578,765.458551997578,0.0
352,5,460.7552205014474,171.2447794985526,0.0
352,16,480.6173625005798,904.6173625005798,0.0
352,20,113.09843281374056,220.09843281374054,0.6800000000000004
352,12,100.0,200.0,0.0
352,24,24.007244197791387,330.0072441977914,0.0
352,8,465.6755307182334,760.3244692817666,0.0
352,17,451.08974428060725,765.9102557193928,0.0
352,1,100.0,200.0,0.6800000000000004
352,19,100.0,200.0,0.6800000000000004
352,22,442.22677451798205,881.2267745179821,0.0
352,23,209.77322548202267,213.22677451797733,0.0
352,6,111.51264637611379,218.5126463761138,0.6800000000000004
352,11,179.32957466812522,259.32957466812525,0.0
352,9,600.0,980.0,0.0
352,14,100.0,200.0,1.0600000000000007
352,3,144.96561363744837,243.03438636255163,0.0
352,7,205.7021576701577,214.7021576701577,0.0
352,25,100.0,200.0,0.9100000000000006
352,4,218.21687629591864,209.78312370408136,0.0
352,13,717.6727204186305,705.3272795813695,0.0
352,15,452.15847712089993,186.5,0.0
352,2,217.25042031344654,472.25042031344657,2.615
352,10,100.0,200.0,0.2800000000000001
352,18,100.0,200.0,0.0
352,21,646.5039578429761,764.5039578429761,0.0
353,5,459.80062634684555,170.80062634684558,0.0
353,16,481.6017620776609,905.5,0.0
353,20,111.85139498483261,218.8513949848326,0.6800000000000004
353,12,100.0,200.0,0.0
353,24,22.867351623951656,329.5,0.0
353,8,464.7209365636316,761.2790634363685,0.0
353,17,450.1351501260054,766.8648498739947,0.0
353,1,100.0,200.0,0.6800000000000004
353,19,100.0,200.0,0.6800000000000004
353,22,443.1813686725839,882.181368672584,0.0
353,23,208.81863132742083,214.18136867257917,0.0
353,6,112.26560854720586,217.26560854720586,0.6800000000000004
353,11,178.37498051352338,258.3749805135234,0.0
353,9,600.0,980.0,0.0
353,14,100.0,200.0,1.0600000000000007
353,3,144.01101948284654,243.98898051715346,0.0
353,7,204.45467029674242,214.54532970325758,0.0
353,25,100.0,200.0,0.9100000000000006
353,4,217.2622821413168,210.2622821413168,0.0
353,13,716.7181262640287,706.2818737359713,0.0
353,15,450.8084771208999,186.5,0.0
353,2,217.00155414797902,472.00155414797905,2.615
353,10,100.0,200.0,0.2800000000000001
353,18,100.0,200.0,0.0
353,21,645.5493636883742,765.4506363116258,0.0
354,5,458.84603219224374,171.1539678077563,0.0
354,16,482.81944402859693,905.180555971403,0.0
354,20,112.39564284407533,217.60435715592467,0.6800000000000004
354,12,100.0,200.0,0.0
354,24,21.805162669774266,328.8051626697743,0.0
354,8,463.4624514847119,761.5,0.0
354,17,449.1805559714035,767.8194440285965,0.0
354,1,100.0,200.0,0.6800000000000004
354,19,100.0,200.0,0.6800000000000004
354,22,442.8640371728142,883.1359628271858,0.0
354,23,207.60061274463547,214.5,0.0
354,6,111.98142928170208,216.01857071829792,0.6800000000000004
354,11,177.42038635892155,257.4203863589215,0.0
354,9,600.0,980.0,0.0
354,14,100.0,200.0,1.0600000000000007
354,3,143.0564253282447,244.9435746717553,0.0
354,7,203.50007614214059,215.49992385785941,0.0
354,25,100.0,200.0,0.9100000000000006
354,4,216.22802974260503,209.5,0.0
354,13,715.7635321094268,707.2364678905732,0.0
354,15,449.7635321094274,187.2364678905726,0.0
354,2,216.7526879825115,471.75268798251153,2.615
354,10,100.0,200.0,0.2800000000000001
354,18,100.0,200.0,0.0
354,21,644.2198107975876,765.5,0.0
355,5,457.63936341928877,171.5,0.0
355,16,483.88754851528785,904.5,0.0
355,20,111.64268067298326,216.35731932701674,0.6800000000000004
355,12,100.0,200.0,0.0
355,24,22.149431484827563,327.8505685151724,0.0
355,8,462.11245148471187,761.5,0.0
355,17,448.22596181680166,768.7740381831984,0.0
355,1,100.0,200.0,0.6800000000000004
355,19,100.0,200.0,0.6800000000000004
355,22,442.5,884.3351736929982,0.0
355,23,206.61654979940369,215.38345020059631,0.0
355,6,112.47863967057653,214.47863967057654,0.6800000000000004
355,11,176.5,256.45162287141,0.0
355,9,600.0,980.0,0.0
355,14,100.0,200.0,1.0600000000000007
355,3,141.93690424565153,245.49999999999997,0.0
355,7,202.54548198753875,214.54548198753875,0.0
355,25,100.0,200.0,0.9100000000000006
355,4,215.06020061329968,209.93979938670032,0.0
355,13,714.808937954825,708.191062045175,0.0
355,15,448.522690683273,187.5,0.0
355,2,216.503821817044,471.503821817044,2.615
355,10,100.0,200.0,0.2800000000000001
355,18,100.0,200.0,0.0
355,21,643.0543889415436,765.9456110584564,0.0
356,5,456.6439506642266,170.64395066422662,0.0
356,16,485.23754851528787,904.5,0.0
356,20,112.5,214.94885480911773,0.6800000000000004
356,12,100.0,200.0,0.0
356,24,21.89597436057059,326.8959743605706,0.0
356,8,460.9784744433857,762.0215255566143,0.0
356,17,447.17666504708586,769.5,0.0
356,1,100.0,200.0,0.6800000000000004
356,19,100.0,200.0,0.6800000000000004
356,22,442.63093757401634,885.6309375740163,0.0
356,23,205.66195564480185,214.66195564480185,0.0
356,6,111.23160184166859,213.2316018416686,0.6800000000000004
356,11,176.21830483090437,255.21830483090437,0.0
356,9,600.0,980.0,0.0
356,14,100.0,200.0,1.0600000000000007
356,3,140.58690424565154,245.49999999999997,0.0
356,7,201.59088783293691,215.40911216706309,0.0
356,25,100.0,200.0,0.9100000000000006
356,4,213.94224330497815,210.5,0.0
356,13,713.8543438002231,709.1456561997769,0.0
356,15,447.2685573625968,187.26855736259682,0.0
356,2,216.2549556515765,471.2549556515765,2.615
356,10,100.0,200.0,0.2800000000000001
356,18,100.0,200.0,0.0
356,21,642.0997947869417,766.9002052130583,0.0
357,5,455.3535769816619,170.5,0.0
357,16,486.5875485152879,904.5,0.0
357,20,111.5703504503874,213.5703504503874,0.6800000000000004
357,12,100.0,200.0,0.0
357,24,21.5,325.70999231107095,0.0
357,8,460.02388028878386,762.0238802887839,0.0
357,17,446.0238802887845,769.9761197112155,0.0
357,1,100.0,200.0,0.6800000000000004
357,19,100.0,200.0,0.6800000000000004
357,22,443.62096013062506,886.5,0.0
357,23,204.41446827138657,214.58553172861343,0.0
357,6,109.98456401276066,211.98456401276067,0.6800000000000004
357,11,175.73628932369746,254.26371067630254,0.0
357,9,600.0,980.0,0.0
357,14,100.0,200.0,1.0600000000000007
357,3,139.60685642681224,244.60685642681224,0.0
357,7,201.34340045952163,216.65659954047837,0.0
357,25,100.0,200.0,0.9100000000000006
357,4,212.85811908528257,211.14188091471743,0.0
357,13,712.8997496456212,710.1002503543788,0.0
357,15,446.31396320799496,186.686036792005,0.0
357,2,216.00608948610898,471.006089486109,2.615
357,10,100.0,200.0,0.2800000000000001
357,18,100.0,200.0,0.0
357,21,641.1452006323399,767.8547993676601,0.0
358,5,454.148975917396,170.85102408260397,0.0
358,16,487.8093935222582,904.1906064777419,0.0
358,20,110.32331262147946,212.32331262147946,0.6800000000000004
358,12,100.0,200.0,0.0
358,24,20.693892832553463,324.69389283255344,0.0
358,8,459.069286134182,761.930713865818,0.0
358,17,445.9307138658173,770.9307138658173,0.0
358,1,100.0,200.0,0.6800000000000004
358,19,100.0,200.0,0.6800000000000004
358,22,444.9709601306251,886.5,0.0
358,23,203.45987411678473,215.45987411678473,0.0
358,6,108.73752618385272,210.73752618385274,0.6800000000000004
358,11,176.3091165217007,253.3091165217007,0.0
358,9,600.0,980.0,0.0
358,14,100.0,200.0,1.0600000000000007
358,3,138.35936905339696,244.64063094660304,0.0
358,7,200.34274836836718,217.5,0.0
358,25,100.0,200.0,0.9100000000000006
358,4,211.90352493068073,212.09647506931927,0.0
358,13,711.9451554910194,711.0548445089806,0.0
358,15,445.35936905339315,187.35936905339312,0.0
358,2,215.75722332064146,470.75722332064146,2.615
358,10,100.0,200.0,0.2800000000000001
358,18,100.0,200.0,0.0
358,21,640.809393522262,768.809393522262,0.0
359,5,453.06779054403495,171.5,0.0
359,16,488.8733349529148,903.5,0.0
359,20,109.07627479257152,211.07627479257152,0.6800000000000004
359,12,100.0,200.0,0.0
359,24,19.739298677951613,323.73929867795164,0.0
359,8,457.9550921718311,762.5,0.0
359,17,446.5,772.0449078281679,0.0
359,1,100.0,200.0,0.6800000000000004
359,19,100.0,200.0,0.6800000000000004
359,22,446.3209601306251,886.5,0.0
359,23,202.5052799621829,214.5052799621829,0.0
359,6,107.49048835494479,209.4904883549448,0.6800000000000004
359,11,175.35452236709887,252.35452236709887,0.0
359,9,600.0,980.0,0.0
359,14,100.0,200.0,1.0600000000000007
359,3,137.36533137039768,245.49999999999997,0.0
359,7,199.1413189315045,217.1413189315045,0.0
359,25,100.0,200.0,0.9100000000000006
359,4,210.72067042972435,212.5,0.0
359,13,710.9905613364175,712.0094386635825,0.0
359,15,444.4047748987913,186.5952251012087,0.0
359,2,215.50835715517394,470.50835715517394,2.615
359,10,100.0,200.0,0.2800000000000001
359,18,100.0,200.0,0.0
359,21,641.2360123231362,769.7639876768638,0.0
360,5,451.9468943893789,170.94689438937888,0.0
360,16,490.2233349529148,903.5,0.0
360,20,107.82923696366359,209.8292369636636,0.6800000000000004
360,12,100.0,200.0,0.0
360,24,19.491811304536334,322.4918113045363,0.0
360,8,456.8672046061648,763.1327953938352,0.0
360,17,446.5,773.3949078281679,0.0
360,1,100.0,200.0,0.6800000000000004
360,19,100.0,200.0,0.6800000000000004
360,22,447.67096013062513,886.5,0.0
360,23,201.55068580758106,215.44931419241894,0.0
360,6,106.5,208.13718425450165,0.6800000000000004
360,11,174.39992821249703,251.39992821249703,0.0
360,9,600.0,980.0,0.0
360,14,100.0,200.0,1.0600000000000007
360,3,136.15728752537981,245.84271247462016,0.0
360,7,198.18672477690265,216.81327522309735,0.0
360,25,100.0,200.0,0.9100000000000006
360,4,209.70144340266359,213.29855659733641,0.0
360,13,710.0359671818156,712.9640328181844,0.0
360,15,443.4295449327654,187.5,0.0
360,2,215.74050901029358,470.2594909897064,2.615
360,10,100.0,200.0,0.2800000000000001
360,18,100.0,200.0,0.0
360,21,640.1908786094529,770.5,0.0
361,5,450.992300234777,169.99230023477705,0.0
361,16,491.2589624236906,902.7410375763094,0.0
361,20,106.58219913475565,208.58219913475565,0.6800000000000004
361,12,100.0,200.0,0.0
361,24,18.53721714993449,321.53721714993446,0.0
361,8,455.91261045156295,764.087389548437,0.0
361,17,447.38028276724975,774.3802827672497,0.0
361,1,100.0,200.0,0.6800000000000004
361,19,100.0,200.0,0.6800000000000004
361,22,448.86837444109284,886.1316255589071,0.0
361,23,201.30319843416578,216.69680156583422,0.0
361,6,105.70351947831547,206.70351947831546,0.6800000000000004
361,11,173.5,250.42269068327548,0.0
361,9,600.0,980.0,0.0
361,14,100.0,200.0,1.0600000000000007
361,3,135.07954493277077,246.49999999999997,0.0
361,7,197.23213062230082,217.76786937769918,0.0
361,25,100.0,200.0,0.9100000000000006
361,4,208.74684924806175,214.25315075193825,0.0
361,13,709.0813730272138,713.9186269727862,0.0
361,15,442.20269337077417,187.20269337077417,0.0
361,2,215.9893751757611,470.0106248242389,2.615
361,10,100.0,200.0,0.2800000000000001
361,18,100.0,200.0,0.0
361,21,639.033930795119,770.966069204881,0.0
362,5,450.0377060801752,169.03770608017518,0.0
362,16,492.50912139054174,902.5,0.0
362,20,106.04226808703426,207.04226808703427,0.6800000000000004
362,12,100.0,200.0,0.0
362,24,18.289729776519184,320.2897297765192,0.0
362,8,454.9580162969611,765.0419837030389,0.0
362,17,448.33487692185156,775.3348769218516,0.0
362,1,100.0,200.0,0.6800000000000004
362,19,100.0,200.0,0.6800000000000004
362,22,449.8229685956947,885.1770314043052,0.0
362,23,200.28589411887407,217.5,0.0
362,6,105.16358843059407,205.16358843059407,0.6800000000000004
362,11,173.19784668447988,249.1978466844799,0.0
362,9,600.0,980.0,0.0
362,14,100.0,200.0,1.0600000000000007
362,3,133.95520599736267,247.0447940026373,0.0
362,7,196.27753646769898,218.72246353230102,0.0
362,25,100.0,200.0,0.9100000000000006
362,4,207.49936187464647,214.50063812535353,0.0
362,13,708.1267788726119,714.8732211273881,0.0
362,15,441.1437584951385,186.5,0.0
362,2,216.23824134122862,469.7617586587714,2.615
362,10,100.0,200.0,0.2800000000000001
362,18,100.0,200.0,0.0
362,21,638.0793366405171,771.9206633594829,0.0
363,5,449.08311192557335,168.08311192557335,0.0
363,16,493.7539371705212,902.7539371705212,0.0
363,20,105.5,205.50330507269206,0.6800000000000004
363,12,100.0,200.0,0.0
363,24,17.5,319.2668465605633,0.0
363,8,453.79773285895027,765.5,0.0
363,17,449.2894710764534,776.2894710764534,0.0
363,1,100.0,200.0,0.6800000000000004
363,19,100.0,200.0,0.6800000000000004
363,22,450.892533005879,884.5,0.0
363,23,199.10111690614863,217.10111690614863,0.0
363,6,103.91655060168614,203.91655060168614,0.6800000000000004
363,11,172.24325252987805,248.24325252987808,0.0
363,9,600.0,980.0,0.0
363,14,100.0,200.0,1.0600000000000007
363,3,132.79375849514386,247.49999999999997,0.0
363,7,195.32294231309714,219.32294231309714,0.0
363,25,100.0,200.0,0.9100000000000006
363,4,206.54476772004463,215.45523227995537,0.0
363,13,707.17218471801,715.82781528199,0.0
363,15,439.7937584951385,186.5,0.0
363,2,216.48710750669613,469.51289249330387,2.615
363,10,100.0,200.0,0.2800000000000001
363,18,100.0,200.0,0.0
363,21,637.1247424859152,772.8752575140848,0.0
364,5,448.1285177709715,167.8714822290285,0.0
364,16,494.7085313251231,903.7085313251231,0.0
364,20,104.25529921040493,204.25529921040493,0.6800000000000004
364,12,100.0,200.0,0.0
364,24,17.087648248502045,318.08764824850203,0.0
364,8,452.755934768944,766.2440652310561,0.0
364,17,449.53695844986873,777.5369584498687,0.0
364,1,100.0,200.0,0.6800000000000004
364,19,100.0,200.0,0.6800000000000004
364,22,452.0250501237119,885.0250501237118,0.0
364,23,198.1465227515468,216.8534772484532,0.0
364,6,102.6695127727782,202.6695127727782,0.6800000000000004
364,11,171.71134162472376,247.2886583752762,0.0
364,9,600.0,980.0,0.0
364,14,100.0,200.0,1.0600000000000007
364,3,131.75312446934555,248.24687553065445,0.0
364,7,194.3683481584953,218.6316518415047,0.0
364,25,100.0,200.0,0.9100000000000006
364,4,205.5901735654428,214.5901735654428,0.0
364,13,706.2175905634082,716.7824094365918,0.0
364,15,438.75312446934174,187.24687553065826,0.0
364,2,216.26402632783635,469.26402632783635,2.615
364,10,100.0,200.0,0.2800000000000001
364,18,100.0,200.0,0.0
364,21,636.1701483313134,773.8298516686866,0.0
365,5,447.1739236163697,168.17392361636965,0.0
365,16,495.6631254797249,904.336874520275,0.0
365,20,103.008261381497,203.008261381497,0.6800000000000004
365,12,100.0,200.0,0.0
365,24,16.5,316.98106012293636,0.0
365,8,451.8013406143421,765.801340614342,0.0
365,17,450.4915526044706,778.4915526044706,0.0
365,1,100.0,200.0,0.6800000000000004
365,19,100.0,200.0,0.6800000000000004
365,22,452.9796442783137,885.9796442783137,0.0
365,23,197.19192859694496,217.80807140305504,0.0
365,6,102.12958172505681,201.12958172505682,0.6800000000000004
365,11,172.3340642206744,246.33406422067438,0.0
365,9,600.0,980.0,0.0
365,14,100.0,200.0,1.0600000000000007
365,3,130.50797205751698,248.50000000000003,0.0
365,7,193.37802974260578,219.5,0.0
365,25,100.0,200.0,0.9100000000000006
365,4,204.34268619202751,214.65731380797249,0.0
365,13,705.2629964088063,717.7370035911937,0.0
365,15,437.5079720575116,187.5,0.0
365,2,216.01516016236883,469.01516016236883,2.615
365,10,100.0,200.0,0.2800000000000001
365,18,100.0,200.0,0.0
365,21,635.2155541767115,774.7844458232885,0.0
366,5,446.2193294617678,167.7806705382322,0.0
366,16,496.61771963432676,903.3822803656732,0.0
366,20,102.4683303337756,201.4683303337756,0.6800000000000004
366,12,100.0,200.0,0.0
366,24,17.114433279515108,315.8855667204849,0.0
366,8,450.84674645974025,766.1532535402598,0.0
366,17,449.55385324092754,779.4461467590725,0.0
366,1,100.0,200.0,0.6800000000000004
366,19,100.0,200.0,0.6800000000000004
366,22,453.93423843291555,886.9342384329155,0.0
366,23,196.23733444234313,218.76266555765687,0.0
366,6,100.62678520376369,200.5,0.6800000000000004
366,11,171.37947006607257,245.37947006607254,0.0
366,9,600.0,980.0,0.0
366,14,100.0,200.0,1.0600000000000007
366,3,129.157972057517,248.50000000000003,0.0
366,7,192.1662666304782,219.8337333695218,0.0
366,25,100.0,200.0,0.9100000000000006
366,4,203.38809203742568,215.38809203742568,0.0
366,13,704.3084022542045,718.6915977457955,0.0
366,15,436.5510429413246,186.55104294132462,0.0
366,2,215.7662939969013,468.7662939969013,2.615
366,10,100.0,200.0,0.2800000000000001
366,18,100.0,200.0,0.0
366,21,634.1619464213181,775.5,0.0
367,5,445.16728548064657,168.5,0.0
367,16,497.5723137889286,902.4276862110713,0.0
367,20,101.10584808044882,200.5,0.6800000000000004
367,12,100.0,200.0,0.0
367,24,16.930972565883067,314.93097256588305,0.0
367,8,449.8921523051384,767.1078476948617,0.0
367,17,450.4007409136743,780.4007409136743,0.0
367,1,100.0,200.0,0.6800000000000004
367,19,100.0,200.0,0.6800000000000004
367,22,454.8888325875174,887.1111674124826,0.0
367,23,195.2827402877413,219.2827402877413,0.0
367,6,100.0,200.0,0.6800000000000004
367,11,170.5751240885293,244.4248759114707,0.0
367,9,600.0,980.0,0.0
367,14,100.0,200.0,1.0600000000000007
367,3,128.0106623490997,248.0106623490997,0.0
367,7,191.5,220.9077566950211,0.0
367,25,100.0,200.0,0.9100000000000006
367,4,202.43349788282384,214.56650211717616,0.0
367,13,703.3538080996026,719.6461919003974,0.0
367,15,435.59644878672276,185.5964487867228,0.0
367,2,215.5174278314338,468.5174278314338,2.615
367,10,100.0,200.0,0.2800000000000001
367,18,100.0,200.0,0.0
367,21,633.0134726486943,775.9865273513057,0.0
368,5,444.0172479337507,168.01724793375067,0.0
368,16,498.5,901.4619464213237,0.0
368,20,100.0,200.0,0.6800000000000004
368,12,100.0,200.0,0.0
368,24,17.02362158871878,313.97637841128125,0.0
368,8,448.9375581505365,768.0624418494635,0.0
368,17,451.3553350682762,781.3553350682762,0.0
368,1,100.0,200.0,0.6800000000000004
368,19,100.0,200.0,0.6800000000000004
368,22,455.8434267421193,886.1565732578807,0.0
368,23,194.32814613313946,218.67185386686054,0.0
368,6,100.0,200.0,0.6800000000000004
368,11,171.5,243.45797205751404,0.0
368,9,600.0,980.0,0.0
368,14,100.0,200.0,1.0600000000000007
368,3,126.87218561989013,247.49999999999997,0.0
368,7,190.96418510246107,222.03581489753893,0.0
368,25,100.0,200.0,0.9100000000000006
368,4,201.5,215.52983463366394,0.0
368,13,702.3992139450007,720.6007860549993,0.0
368,15,434.64185463212095,184.64185463212092,0.0
368,2,215.26856166596627,468.2685616659663,2.615
368,10,100.0,200.0,0.2800000000000001
368,18,100.0,200.0,0.0
368,21,632.0588784940925,776.0588784940925,0.0
369,5,443.06265377914883,167.93734622085117,0.0
369,16,498.77439531694574,900.2256046830543,0.0
369,20,100.0,200.0,0.6800000000000004
369,12,100.0,200.0,0.0
369,24,17.021784256679393,313.0217842566794,0.0
369,8,447.98296399593465,769.0170360040654,0.0
369,17,452.30992922287805,782.309929222878,0.0
369,1,100.0,200.0,0.6800000000000004
369,19,100.0,200.0,0.6800000000000004
369,22,456.9214651940136,885.5,0.0
369,23,193.32117549311266,219.5,0.0
369,6,100.0,200.0,0.6800000000000004
369,11,171.22279438345356,242.22279438345356,0.0
369,9,600.0,980.0,0.0
369,14,100.0,200.0,1.0600000000000007
369,3,125.80858082108261,248.1914191789174,0.0
369,7,189.80645686735198,222.5,0.0
369,25,100.0,200.0,0.9100000000000006
369,4,201.23141635480673,216.76858364519327,0.0
369,13,701.4446197903989,721.5553802096011,0.0
369,15,433.6872604775191,183.6872604775191,0.0
369,2,215.01969550049876,468.01969550049876,2.615
369,10,100.0,200.0,0.2800000000000001
369,18,100.0,200.0,0.0
369,21,631.1042843394906,775.8957156605094,0.0
370,5,442.10805962454697,168.108059624547,0.0
370,16,499.8238400163033,899.5,0.0
370,20,100.0,200.0,0.6800000000000004
370,12,100.0,200.0,0.0
370,24,16.5,311.8879143724288,0.0
370,8,446.83301423318863,769.5,0.0
370,17,451.7354766225201,783.2645233774799,0.0
370,1,100.0,200.0,0.6800000000000004
370,19,100.0,200.0,0.6800000000000004
370,22,458.2714651940136,885.5,0.0
370,23,192.12606460512234,219.87393539487766,0.0
370,6,100.0,200.0,0.6800000000000004
370,11,170.26820022885173,241.26820022885173,0.0
370,9,600.0,980.0,0.0
370,14,100.0,200.0,1.0600000000000007
370,3,124.85398666648081,247.85398666648078,0.0
370,7,188.76210357444393,223.23789642555607,0.0
370,25,100.0,200.0,0.9100000000000006
370,4,200.18437892870915,217.5,0.0
370,13,700.490025635797,722.509974364203,0.0
370,15,432.7326663229172,182.73266632291725,0.0
370,2,214.77082933503124,467.77082933503124,2.615
370,10,100.0,200.0,0.2800000000000001
370,18,100.0,200.0,0.0
370,21,630.1496901848888,776.8503098151112,0.0
371,5,441.15346546994516,167.84653453005487,0.0
371,16,501.1738400163033,899.5,0.0
371,20,100.0,200.0,0.6800000000000004
371,12,100.0,200.0,0.0
371,24,15.819702728662277,310.81970272866226,0.0
371,8,445.7808824679175,770.2191175320825,0.0
371,17,452.2191175320818,784.2191175320818,0.0
371,1,100.0,200.0,0.6800000000000004
371,19,100.0,200.0,0.6800000000000004
371,22,459.2929956435517,886.2929956435518,0.0
371,23,191.5,220.96461094451422,0.0
371,6,100.0,200.0,0.6800000000000004
371,11,169.3136060742499,240.3136060742499,0.0
371,9,600.0,980.0,0.0
371,14,100.0,200.0,1.0600000000000007
371,3,123.89939251187897,246.89939251187894,0.0
371,7,187.52067042972507,223.5,0.0
371,25,100.0,200.0,0.9100000000000006
371,4,199.02933482678958,217.02933482678958,0.0
371,13,699.5354314811951,723.4645685188049,0.0
371,15,431.485178949502,182.48517894950194,0.0
371,2,214.52196316956372,467.5219631695637,2.615
371,10,100.0,200.0,0.2800000000000001
371,18,100.0,200.0,0.0
371,21,629.1950960302869,777.8049039697131,0.0
372,5,440.07413973013894,168.5,0.0
372,16,502.2239642183782,898.7760357816218,0.0
372,20,100.0,200.0,0.6800000000000004
372,12,100.0,200.0,0.0
372,24,15.5,309.60212793480184,0.0
372,8,446.1737116866843,771.1737116866843,0.0
372,17,452.5,785.4527722044372,0.0
372,1,100.0,200.0,0.6800000000000004
372,19,100.0,200.0,0.6800000000000004
372,22,460.24758979815357,885.7524102018464,0.0
372,23,190.92398307710522,222.07601692289478,0.0
372,6,100.0,200.0,0.6800000000000004
372,11,168.35901191964805,239.35901191964805,0.0
372,9,600.0,980.0,0.0
372,14,100.0,200.0,1.0600000000000007
372,3,122.94479835727714,245.9447983572771,0.0
372,7,186.26712882761333,223.73287117238667,0.0
372,25,100.0,200.0,0.9100000000000006
372,4,198.07474067218774,216.92525932781226,0.0
372,13,698.5808373265933,724.4191626734067,0.0
372,15,430.5305847949001,181.5305847949001,0.0
372,2,214.2730970040962,467.2730970040962,2.615
372,10,100.0,200.0,0.2800000000000001
372,18,100.0,200.0,0.0
372,21,628.5,778.8669857668166,0.0
373,5,438.95138394192804,167.95138394192801,0.0
373,16,503.45962645393024,898.5,0.0
373,20,100.0,200.0,0.6800000000000004
373,12,100.0,200.0,0.0
373,24,14.617621200645122,308.61762120064515,0.0
373,8,446.5,772.3885586420652,0.0
373,17,453.4211990600989,786.421199060099,0.0
373,1,100.0,200.0,0.6800000000000004
373,19,100.0,200.0,0.6800000000000004
373,22,461.49303806926747,885.5,0.0
373,23,189.74960261785887,222.5,0.0
373,6,100.0,200.0,0.6800000000000004
373,11,167.5,238.36482630700644,0.0
373,9,600.0,980.0,0.0
373,14,100.0,200.0,1.0600000000000007
373,3,121.7790398693826,245.49999999999997,0.0
373,7,185.23488399209816,224.5,0.0
373,25,100.0,200.0,0.9100000000000006
373,4,196.96280605345532,217.5,0.0
373,13,697.6262431719914,725.3737568280086,0.0
373,15,429.57599064029824,182.42400935970173,0.0
373,2,214.02423083862868,467.0242308386287,2.615
373,10,100.0,200.0,0.2800000000000001
373,18,100.0,200.0,0.0
373,21,627.9930145022697,780.0069854977303,0.0
374,5,437.9967897873262,168.00321021267382,0.0
374,16,504.7189389652088,898.2810610347912,0.0
374,20,100.0,200.0,0.6800000000000004
374,12,100.0,200.0,0.0
374,24,14.5,307.31634149717496,0.0
374,8,446.66868643351495,773.668686433515,0.0
374,17,453.3313135664858,787.6686864335143,0.0
374,1,100.0,200.0,0.6800000000000004
374,19,100.0,200.0,0.6800000000000004
374,22,462.4496713261707,886.4496713261707,0.0
374,23,188.72190154908807,223.27809845091193,0.0
374,6,100.0,200.0,0.6800000000000004
374,11,167.15693039163094,237.15693039163094,0.0
374,9,600.0,980.0,0.0
374,14,100.0,200.0,1.0600000000000007
374,3,120.74271682925999,244.74271682926,0.0
374,7,184.06504729959622,224.06504729959622,0.0
374,25,100.0,200.0,0.9100000000000006
374,4,195.8726591441706,218.1273408558294,0.0
374,13,696.6716490173895,726.3283509826105,0.0
374,15,428.62139648569644,181.6213964856964,0.0
374,2,213.77536467316116,466.77536467316116,2.615
374,10,100.0,200.0,0.2800000000000001
374,18,100.0,200.0,0.0
374,21,626.8472277955565,780.5,0.0
375,5,437.0421956327243,168.04219563272434,0.0
375,16,505.7454128915571,897.5,0.0
375,20,100.0,200.0,0.6800000000000004
375,12,100.0,200.0,0.0
375,24,14.5,305.96634149717494,0.0
375,8,447.6232805881168,774.6232805881168,0.0
375,17,452.6232805881161,788.6232805881161,0.0
375,1,100.0,200.0,0.6800000000000004
375,19,100.0,200.0,0.6800000000000004
375,22,463.69715869958594,886.697158699586,0.0
375,23,187.46381618023196,223.5,0.0
375,6,100.0,200.0,0.6800000000000004
375,11,166.5,236.07903986937953,0.0
375,9,600.0,980.0,0.0
375,14,100.0,200.0,1.0600000000000007
375,3,120.5,243.49325343175568,0.0
375,7,183.11045314499438,223.88954685500562,0.0
375,25,100.0,200.0,0.9100000000000006
375,4,194.6770196158284,218.5,0.0
375,13,695.7170548627877,727.2829451372123,0.0
375,15,427.6668023310946,182.33319766890543,0.0
375,2,213.52649850769365,466.52649850769365,2.615
375,10,100.0,200.0,0.2800000000000001
375,18,100.0,200.0,0.0
375,21,625.7909329742527,781.2090670257473,0.0
376,5,436.0876014781225,167.91239852187752,0.0
376,16,506.9210204932259,897.0789795067741,0.0
376,20,100.0,200.0,0.6800000000000004
376,12,100.0,200.0,0.0
376,24,15.124840919600754,304.87515908039927,0.0
376,8,448.5778747427187,775.5778747427187,0.0
376,17,453.57787474271794,789.577874742718,0.0
376,1,100.0,200.0,0.6800000000000004
376,19,100.0,200.0,0.6800000000000004
376,22,464.6517528541878,887.6517528541877,0.0
376,23,186.22692680225748,223.77307319774252,0.0
376,6,100.0,200.0,0.6800000000000004
376,11,165.9548488636138,234.9548488636138,0.0
376,9,600.0,980.0,0.0
376,14,100.0,200.0,1.0600000000000007
376,3,120.5,242.14325343175568,0.0
376,7,182.15585899039255,224.84414100960745,0.0
376,25,100.0,200.0,0.9100000000000006
376,4,193.67057761615348,219.32942238384652,0.0
376,13,694.7624607081858,728.2375392918142,0.0
376,15,426.41931495767926,182.4193149576793,0.0
376,2,213.5,466.18552464254304,2.615
376,10,100.0,200.0,0.2800000000000001
376,18,100.0,200.0,0.0
376,21,624.8363388196508,780.8363388196508,0.0
377,5,434.9809939796313,168.5,0.0
377,16,507.8756146478278,896.1243853521722,0.0
377,20,100.0,200.0,0.6800000000000004
377,12,100.0,200.0,0.0
377,24,16.31944494045195,304.5,0.0
377,8,449.5,776.5459179549459,0.0
377,17,454.5324688973198,790.5324688973199,0.0
377,1,100.0,200.0,0.6800000000000004
377,19,100.0,200.0,0.6800000000000004
377,22,465.6063470087896,888.6063470087896,0.0
377,23,185.27233264765565,224.27233264765565,0.0
377,6,100.0,200.0,0.6800000000000004
377,11,165.00025470901195,234.00025470901195,0.0
377,9,600.0,980.0,0.0
377,14,100.0,200.0,1.0600000000000007
377,3,120.5,240.7932534317557,0.0
377,7,181.2012648357907,225.7987351642093,0.0
377,25,100.0,200.0,0.9100000000000006
377,4,192.4230902427382,219.5769097572618,0.0
377,13,693.807866553584,729.192133446416,0.0
377,15,425.46472080307746,181.53527919692257,0.0
377,2,213.5,465.8335747361231,2.615
377,10,100.0,200.0,0.2800000000000001
377,18,100.0,200.0,0.0
377,21,623.8817446650489,781.1182553349511,0.0
378,5,433.8855199501054,167.88551995010536,0.0
378,16,508.83020880242964,895.8302088024296,0.0
378,20,100.0,200.0,0.6800000000000004
378,12,100.0,200.0,0.0
378,24,17.619815666431325,304.38018433356865,0.0
378,8,449.7799562707358,777.7799562707357,0.0
378,17,455.48706305192167,791.4870630519217,0.0
378,1,100.0,200.0,0.6800000000000004
378,19,100.0,200.0,0.6800000000000004
378,22,466.586183819775,889.5,0.0
378,23,184.24224330497813,223.5,0.0
378,6,100.0,200.0,0.6800000000000004
378,11,164.04566055441012,233.04566055441012,0.0
378,9,600.0,980.0,0.0
378,14,100.0,200.0,1.0600000000000007
378,3,120.45987411678539,239.4598741167854,0.0
378,7,180.24667068118887,226.75332931881113,0.0
378,25,100.0,200.0,0.9100000000000006
378,4,191.5,220.54455325942536,0.0
378,13,692.8532723989821,730.1467276010179,0.0
378,15,424.5101266484756,182.4898733515244,0.0
378,2,213.48700679247767,465.48700679247764,2.615
378,10,100.0,200.0,0.2800000000000001
378,18,100.0,200.0,0.0
378,21,622.9271505104471,782.0728494895529,0.0
379,5,432.6952075420044,167.5,0.0
379,16,509.90277220443784,896.5,0.0
379,20,100.0,200.0,0.6800000000000004
379,12,100.0,200.0,0.0
379,24,18.605231378078873,303.5,0.0
379,8,450.2654495746624,778.7345504253376,0.0
379,17,456.44165720652353,792.4416572065236,0.0
379,1,100.0,200.0,0.6800000000000004
379,19,100.0,200.0,0.6800000000000004
379,22,467.80842853680673,889.8084285368068,0.0
379,23,183.0702511196385,223.9297488803615,0.0
379,6,100.0,200.0,0.6800000000000004
379,11,163.09106639980828,232.90893360019172,0.0
379,9,600.0,980.0,0.0
379,14,100.0,200.0,1.0600000000000007
379,3,119.50527996218355,238.50527996218355,0.0
379,7,179.29207652658704,227.70792347341296,0.0
379,25,100.0,200.0,0.9100000000000006
379,4,191.22100871472108,221.77899128527892,0.0
379,13,691.8986782443802,731.1013217556198,0.0
379,15,423.5555324938737,181.55553249387376,0.0
379,2,213.23814062701015,465.2381406270101,2.615
379,10,100.0,200.0,0.2800000000000001
379,18,100.0,200.0,0.0
379,21,621.9725563558452,783.0274436441548,0.0
380,5,431.3452075420044,167.5,0.0
380,16,511.03229033044676,897.0322903304467,0.0
380,20,100.0,200.0,0.6800000000000004
380,12,100.0,200.0,0.0
380,24,19.821897194448468,303.17810280555153,0.0
380,8,449.68914457993947,779.6891445799395,0.0
380,17,457.3962513611254,793.3962513611255,0.0
380,1,100.0,200.0,0.6800000000000004
380,19,100.0,200.0,0.6800000000000004
380,22,468.7630226914086,890.7630226914087,0.0
380,23,182.11565696503666,224.88434303496334,0.0
380,6,100.0,200.0,0.6800000000000004
380,11,161.98589411887193,233.5,0.0
380,9,600.0,980.0,0.0
380,14,100.0,200.0,1.0600000000000007
380,3,119.25779258876825,237.25779258876827,0.0
380,7,178.27016536633676,228.5,0.0
380,25,100.0,200.0,0.9100000000000006
380,4,190.16966030294773,222.5,0.0
380,13,690.9440840897784,732.0559159102216,0.0
380,15,422.3080451204585,181.69195487954156,0.0
380,2,212.98927446154264,464.9892744615426,2.615
380,10,100.0,200.0,0.2800000000000001
380,18,100.0,200.0,0.0
380,21,621.0179622012433,783.9820377987567,0.0
381,5,430.1430578298595,167.1430578298595,0.0
381,16,511.98688448504856,897.0131155149514,0.0
381,20,100.0,200.0,0.6800000000000004
381,12,100.0,200.0,0.0
381,24,20.776491349050307,302.22350865094967,0.0
381,8,450.64373873454133,780.6437387345413,0.0
381,17,457.3562612654592,794.6437387345408,0.0
381,1,100.0,200.0,0.6800000000000004
381,19,100.0,200.0,0.6800000000000004
381,22,469.28238315398954,891.7176168460105,0.0
381,23,181.16106281043483,225.83893718956517,0.0
381,6,100.0,200.0,0.6800000000000004
381,11,160.88898487179117,234.11101512820883,0.0
381,9,600.0,980.0,0.0
381,14,100.0,200.0,1.0600000000000007
381,3,118.30319843416643,236.3031984341664,0.0
381,7,176.92016536633676,228.5,0.0
381,25,100.0,200.0,0.9100000000000006
381,4,189.01892718670393,222.98107281329607,0.0
381,13,689.9894899351765,733.0105100648235,0.0
381,15,421.3534509658566,182.3534509658566,0.0
381,2,212.74040829607512,464.7404082960751,2.615
381,10,100.0,200.0,0.2800000000000001
381,18,100.0,200.0,0.0
381,21,620.0633680466415,784.9366319533585,0.0
382,5,429.18846367525765,166.81153632474235,0.0
382,16,512.9414786396504,896.9414786396504,0.0
382,20,100.0,200.0,0.6800000000000004
382,12,100.0,200.0,0.0
382,24,21.8268042533327,301.5,0.0
382,8,451.5983328891432,781.5983328891432,0.0
382,17,456.5983328891426,795.5983328891426,0.0
382,1,100.0,200.0,0.6800000000000004
382,19,100.0,200.0,0.6800000000000004
382,22,468.6722110006123,892.6722110006124,0.0
382,23,180.206468655833,226.793531344167,0.0
382,6,100.0,200.0,0.6800000000000004
382,11,160.5,235.29989231875498,0.0
382,9,600.0,980.0,0.0
382,14,100.0,200.0,1.0600000000000007
382,3,117.34860427956457,235.3486042795646,0.0
382,7,175.8425076251546,229.1574923748454,0.0
382,25,100.0,200.0,0.9100000000000006
382,4,187.88387386532082,223.5,0.0
382,13,689.0348957805746,733.9651042194254,0.0
382,15,420.39885681125475,181.39885681125477,0.0
382,2,212.4915421306076,464.49154213060757,2.615
382,10,100.0,200.0,0.2800000000000001
382,18,100.0,200.0,0.0
382,21,619.1087738920396,785.8912261079604,0.0
383,5,428.2338695206558,167.23386952065582,0.0
383,16,513.8960727942523,897.8960727942523,0.0
383,20,100.0,200.0,0.6800000000000004
383,12,100.0,200.0,0.0
383,24,22.97857287706745,301.02142712293255,0.0
383,8,452.44707295625494,782.5529270437451,0.0
383,17,457.55292704374443,796.5529270437445,0.0
383,1,100.0,200.0,0.6800000000000004
383,19,100.0,200.0,0.6800000000000004
383,22,469.67932957028273,893.5,0.0
383,23,179.25187450123116,227.74812549876884,0.0
383,6,100.0,200.0,0.6800000000000004
383,11,159.68690334377402,236.31309665622598,0.0
383,9,600.0,980.0,0.0
383,14,100.0,200.0,1.0600000000000007
383,3,116.49999999999999,234.3501076812481,0.0
383,7,174.88791347055277,230.11208652944723,0.0
383,25,100.0,200.0,0.9100000000000006
383,4,186.53387386532083,223.5,0.0
383,13,688.0803016259728,734.9196983740272,0.0
383,15,419.44426265665294,180.4442626566529,0.0
383,2,212.24267596514008,464.24267596514005,2.615
383,10,100.0,200.0,0.2800000000000001
383,18,100.0,200.0,0.0
383,21,618.1541797374377,786.8458202625623,0.0
384,5,427.279275366054,166.72072463394605,0.0
384,16,514.5,898.9959179549455,0.0
384,20,100.0,200.0,0.6800000000000004
384,12,100.0,200.0,0.0
384,24,23.93316703166929,300.0668329683307,0.0
384,8,451.5075211983469,783.5075211983469,0.0
384,17,458.5,797.5106365807067,0.0
384,1,100.0,200.0,0.6800000000000004
384,19,100.0,200.0,0.6800000000000004
384,22,471.02932957028275,893.5,0.0
384,23,178.2133111168436,228.5,0.0
384,6,100.0,200.0,0.6800000000000004
384,11,158.73230918917218,237.26769081082782,0.0
384,9,600.0,980.0,0.0
384,14,100.0,200.0,1.0600000000000007
384,3,116.14652275154745,233.14652275154745,0.0
384,7,173.69859249108296,230.5,0.0
384,25,100.0,200.0,0.9100000000000006
384,4,185.5693582852715,222.5693582852715,0.0
384,13,687.1257074713709,735.8742925286291,0.0
384,15,418.4896685020511,179.51033149794893,0.0
384,2,211.99380979967256,463.99380979967253,2.615
384,10,100.0,200.0,0.2800000000000001
384,18,100.0,200.0,0.0
384,21,617.1995855828359,787.8004144171641,0.0
385,5,426.25206179149677,167.5,0.0
385,16,515.0981543222695,900.0981543222695,0.0
385,20,100.0,200.0,0.6800000000000004
385,12,100.0,200.0,0.0
385,24,24.887761186271142,299.1122388137289,0.0
385,8,452.4621153529488,784.4621153529488,0.0
385,17,458.7550085717616,798.7550085717617,0.0
385,1,100.0,200.0,0.6800000000000004
385,19,100.0,200.0,0.6800000000000004
385,22,472.3793295702828,893.5,0.0
385,23,176.86331111684362,228.5,0.0
385,6,100.0,200.0,0.6800000000000004
385,11,157.77771503457035,238.22228496542965,0.0
385,9,600.0,980.0,0.0
385,14,100.0,200.0,1.0600000000000007
385,3,115.5,232.06432124362118,0.0
385,7,172.3929387237222,230.3929387237222,0.0
385,25,100.0,200.0,0.9100000000000006
385,4,184.61476413066967,223.38523586933033,0.0
385,13,686.171113316769,736.828886683231,0.0
385,15,417.5350743474492,180.46492565255076,0.0
385,2,211.74494363420504,463.744943634205,2.615
385,10,100.0,200.0,0.2800000000000001
385,18,100.0,200.0,0.0
385,21,616.244991428234,788.755008571766,0.0
386,5,425.0771938380368,167.07719383803683,0.0
386,16,516.0527484768713,901.0527484768713,0.0
386,20,100.0,200.0,0.6800000000000004
386,12,100.0,200.0,0.0
386,24,25.84235534087297,298.157644659127,0.0
386,8,452.7096027263641,785.7096027263641,0.0
386,17,459.29039727363653,799.7096027263635,0.0
386,1,100.0,200.0,0.6800000000000004
386,19,100.0,200.0,0.6800000000000004
386,22,473.3692672754601,894.3692672754601,0.0
386,23,175.80230559979873,229.19769440020127,0.0
386,6,100.0,200.0,0.6800000000000004
386,11,156.5427483683643,238.5,0.0
386,9,600.0,980.0,0.0
386,14,100.0,200.0,1.0600000000000007
386,3,115.5,230.71432124362119,0.0
386,7,171.43834456912037,229.56165543087963,0.0
386,25,100.0,200.0,0.9100000000000006
386,4,183.3672767572544,223.6327232427456,0.0
386,13,685.2165191621672,737.7834808378328,0.0
386,15,416.5804801928474,179.58048019284738,0.0
386,2,211.49607746873752,463.4960774687375,2.615
386,10,100.0,200.0,0.2800000000000001
386,18,100.0,200.0,0.0
386,21,615.5,789.7964230183397,0.0
387,5,424.122599683435,166.87740031656503,0.0
387,16,515.9926573685268,902.0073426314732,0.0
387,20,100.0,200.0,0.6800000000000004
387,12,100.0,200.0,0.0
387,24,26.919950003840334,297.5,0.0
387,8,453.5,786.7322094559614,0.0
387,17,458.5,800.7322094559605,0.0
387,1,100.0,200.0,0.6800000000000004
387,19,100.0,200.0,0.6800000000000004
387,22,474.3238614300619,895.3238614300619,0.0
387,23,174.8477114451969,230.1522885548031,0.0
387,6,100.0,200.0,0.6800000000000004
387,11,155.57563350655323,237.57563350655323,0.0
387,9,600.0,980.0,0.0
387,14,100.0,200.0,1.0600000000000007
387,3,115.5,229.3643212436212,0.0
387,7,170.5,230.52298038417084,0.0
387,25,100.0,200.0,0.9100000000000006
387,4,182.41268260265255,224.58731739734745,0.0
387,13,684.2619250075653,738.7380749924347,0.0
387,15,415.62588603824554,180.37411396175446,0.0
387,2,211.24721130327,463.24721130327,2.615
387,10,100.0,200.0,0.2800000000000001
387,18,100.0,200.0,0.0
387,21,615.0429099002168,790.9570900997832,0.0
388,5,423.16800552883313,167.16800552883313,0.0
388,16,515.5,903.1532772678263,0.0
388,20,100.0,200.0,0.6800000000000004
388,12,100.0,200.0,0.0
388,24,28.04443686889011,296.9555631311099,0.0
388,8,453.08831574561873,787.9116842543813,0.0
388,17,458.9116842543806,801.9116842543806,0.0
388,1,100.0,200.0,0.6800000000000004
388,19,100.0,200.0,0.6800000000000004
388,22,475.2784555846638,896.2784555846638,0.0
388,23,173.6417382415898,230.5,0.0
388,6,100.0,200.0,0.6800000000000004
388,11,154.6210393519514,238.3789606480486,0.0
388,9,600.0,980.0,0.0
388,14,100.0,200.0,1.0600000000000007
388,3,115.1565732578863,228.1565732578863,0.0
388,7,170.23626304110323,231.76373695889677,0.0
388,25,100.0,200.0,0.9100000000000006
388,4,181.45808844805072,225.54191155194928,0.0
388,13,683.3073308529634,739.6926691470366,0.0
388,15,414.37839866483023,180.62160133516974,0.0
388,2,210.9983451378025,462.99834513780246,2.615
388,10,100.0,200.0,0.2800000000000001
388,18,100.0,200.0,0.0
388,21,614.911684254385,791.911684254385,0.0
389,5,422.21341137423127,166.7865886257687,0.0
389,16,516.2094241594903,904.2094241594903,0.0
389,20,100.0,200.0,0.6800000000000004
389,12,100.0,200.0,0.0
389,24,28.999031023491945,296.00096897650803,0.0
389,8,452.86627840898313,788.8662784089831,0.0
389,17,460.0179958935874,802.5,0.0
389,1,100.0,200.0,0.6800000000000004
389,19,100.0,200.0,0.6800000000000004
389,22,476.2330497392656,897.2330497392657,0.0
389,23,172.3527366983663,230.3527366983663,0.0
389,6,100.0,200.0,0.6800000000000004
389,11,153.66644519734956,239.33355480265044,0.0
389,9,600.0,980.0,0.0
389,14,100.0,200.0,1.0600000000000007
389,3,114.79802089671554,227.20197910328446,0.0
389,7,169.2816688865014,232.7183311134986,0.0
389,25,100.0,200.0,0.9100000000000006
389,4,180.50349429344888,226.49650570655112,0.0
389,13,682.3527366983616,740.6472633016384,0.0
389,15,413.39224330497336,181.5,0.0
389,2,210.74947897233497,462.74947897233494,2.615
389,10,100.0,200.0,0.2800000000000001
389,18,100.0,200.0,0.0
389,21,615.1337215910131,792.8662784089869,0.0
390,5,421.1589160409891,167.5,0.0
390,16,517.1640183140921,905.1640183140921,0.0
390,20,100.0,200.0,0.6800000000000004
390,12,100.0,200.0,0.0
390,24,30.141522879094154,295.5,0.0
390,8,453.820872563585,789.820872563585,0.0
390,17,461.11376578239776,803.1137657823978,0.0
390,1,100.0,200.0,0.6800000000000004
390,19,100.0,200.0,0.6800000000000004
390,22,476.49999999999994,898.4724753207904,0.0
390,23,171.39814254376446,229.60185745623554,0.0
390,6,100.0,200.0,0.6800000000000004
390,11,152.71185104274772,238.71185104274772,0.0
390,9,600.0,980.0,0.0
390,14,100.0,200.0,1.0600000000000007
390,3,115.24738494868262,226.24738494868262,0.0
390,7,168.32707473189956,233.67292526810044,0.0
390,25,100.0,200.0,0.9100000000000006
390,4,179.54890013884705,227.45109986115295,0.0
390,13,681.3559518039563,741.5,0.0
390,15,412.1763171368131,181.8236828631869,0.0
390,2,210.50061280686745,462.5006128068674,2.615
390,10,100.0,200.0,0.2800000000000001
390,18,100.0,200.0,0.0
390,21,614.1791274364112,793.8208725635888,0.0
391,5,420.01132984621415,167.01132984621412,0.0
391,16,518.118612468694,906.118612468694,0.0
391,20,100.0,200.0,0.6800000000000004
391,12,100.0,200.0,0.0
391,24,31.491522879094155,295.5,0.0
391,8,454.77546671818686,790.7754667181869,0.0
391,17,462.06835993699957,804.0683599369996,0.0
391,1,100.0,200.0,0.6800000000000004
391,19,100.0,200.0,0.6800000000000004
391,22,476.72802448609616,899.7280244860962,0.0
391,23,170.5,230.57983463366403,0.0
391,6,100.0,200.0,0.6800000000000004
391,11,151.7572568881459,239.2427431118541,0.0
391,9,600.0,980.0,0.0
391,14,100.0,200.0,1.0600000000000007
391,3,114.29279079408079,225.2927907940808,0.0
391,7,167.37248057729772,234.62751942270228,0.0
391,25,100.0,200.0,0.9100000000000006
391,4,178.5943059842452,228.4056940157548,0.0
391,13,680.0059518039562,741.5,0.0
391,15,411.22172298221125,182.22172298221128,0.0
391,2,210.74825335860007,462.2517466413999,2.615
391,10,100.0,200.0,0.2800000000000001
391,18,100.0,200.0,0.0
391,21,613.5,794.8895687688475,0.0
392,5,419.0567356916123,166.9432643083877,0.0
392,16,518.5,907.3106365807071,0.0
392,20,100.0,200.0,0.6800000000000004
392,12,100.0,200.0,0.0
392,24,32.741493143737834,295.25850685626216,0.0
392,8,455.7300608727887,791.7300608727887,0.0
392,17,462.49999999999994,805.2395687688413,0.0
392,1,100.0,200.0,0.6800000000000004
392,19,100.0,200.0,0.6800000000000004
392,22,477.317381359302,900.682618640698,0.0
392,23,170.19606101574732,231.80393898425268,0.0
392,6,100.0,200.0,0.6800000000000004
392,11,151.5,240.4861838197702,0.0
392,9,600.0,980.0,0.0
392,14,100.0,200.0,1.0600000000000007
392,3,113.5,224.2711754931136,0.0
392,7,166.4178864226959,235.4178864226959,0.0
392,25,100.0,200.0,0.9100000000000006
392,4,177.2833688019325,228.5,0.0
392,13,678.6559518039562,741.5,0.0
392,15,410.26712882760944,181.2671288276094,0.0
392,2,210.99711952406759,462.0028804759324,2.615
392,10,100.0,200.0,0.2800000000000001
392,18,100.0,200.0,0.0
392,21,612.9770459083941,796.0229540916059,0.0
393,5,418.1021415370104,167.10214153701045,0.0
393,16,518.6135872155246,908.6135872155246,0.0
393,20,100.0,200.0,0.6800000000000004
393,12,100.0,200.0,0.0
393,24,33.69608729833968,294.6960872983397,0.0
393,8,456.68465502739053,792.6846550273906,0.0
393,17,461.7295585349832,806.2704414650168,0.0
393,1,100.0,200.0,0.6800000000000004
393,19,100.0,200.0,0.6800000000000004
393,22,476.6372127952998,901.6372127952998,0.0
393,23,169.24146686114548,232.24146686114548,0.0
393,6,100.0,200.0,0.6800000000000004
393,11,150.55517536012874,241.44482463987126,0.0
393,9,600.0,980.0,0.0
393,14,100.0,200.0,1.0600000000000007
393,3,113.90929073393634,223.09070926606367,0.0
393,7,165.46329226809405,234.46329226809405,0.0
393,25,100.0,200.0,0.9100000000000006
393,4,176.09933123741462,228.90066876258538,0.0
393,13,677.6556804235139,742.3443195764861,0.0
393,15,409.3125346730076,180.31253467300758,0.0
393,2,211.2459856895351,461.75401431046487,2.615
393,10,100.0,200.0,0.2800000000000001
393,18,100.0,200.0,0.0
393,21,612.5,797.1753552064745,0.0
394,5,417.1475473824086,166.8524526175914,0.0
394,16,519.5681813701265,909.5681813701265,0.0
394,20,100.0,200.0,0.6800000000000004
394,12,100.0,200.0,0.0
394,24,34.650681452941534,295.3493185470585,0.0
394,8,457.49999999999994,793.6969280817231,0.0
394,17,462.22503561961867,807.2250356196187,0.0
394,1,100.0,200.0,0.6800000000000004
394,19,100.0,200.0,0.6800000000000004
394,22,477.62983463367095,902.5,0.0
394,23,168.19859249108214,231.5,0.0
394,6,100.0,200.0,0.6800000000000004
394,11,149.30768798671346,241.69231201328654,0.0
394,9,600.0,980.0,0.0
394,14,100.0,200.0,1.0600000000000007
394,3,114.13611511146182,222.13611511146183,0.0
394,7,164.50869811349222,233.50869811349222,0.0
394,25,100.0,200.0,0.9100000000000006
394,4,175.14473708281278,229.85526291718722,0.0
394,13,676.701086268912,743.298913731088,0.0
394,15,408.3579405184057,179.64205948159426,0.0
394,2,211.49485185500262,461.50514814499735,2.615
394,10,100.0,200.0,0.2800000000000001
394,18,100.0,200.0,0.0
394,21,613.225035619623,798.225035619623,0.0
395,5,416.06577029048145,167.5,0.0
395,16,520.5,910.5322094559609,0.0
395,20,100.0,200.0,0.6800000000000004
395,12,100.0,200.0,0.0
395,24,35.64888219197489,294.5,0.0
395,8,457.11326344459223,794.8867365554078,0.0
395,17,463.1796297742205,808.1796297742205,0.0
395,1,100.0,200.0,0.6800000000000004
395,19,100.0,200.0,0.6800000000000004
395,22,478.8392943233169,902.839294323317,0.0
395,23,167.03938533312834,231.96061466687166,0.0
395,6,100.0,200.0,0.6800000000000004
395,11,148.29224330497598,242.5,0.0
395,9,600.0,980.0,0.0
395,14,100.0,200.0,1.0600000000000007
395,3,113.5,221.0496026178598,0.0
395,7,163.55410395889038,232.55410395889038,0.0
395,25,100.0,200.0,0.9100000000000006
395,4,174.0617959266787,230.5,0.0
395,13,675.7464921143102,744.2535078856898,0.0
395,15,407.4033463638039,180.40334636380388,0.0
395,2,211.25628197952986,461.25628197952983,2.615
395,10,100.0,200.0,0.2800000000000001
395,18,100.0,200.0,0.0
395,21,612.8203702257752,799.1796297742248,0.0
396,5,414.9454658543915,166.94546585439147,0.0
396,16,520.7702628981436,911.7702628981436,0.0
396,20,100.0,200.0,0.6800000000000004
396,12,100.0,200.0,0.0
396,24,36.85276298095865,294.14723701904137,0.0
396,8,456.8413307100096,795.8413307100096,0.0
396,17,463.5,809.3969280817221,0.0
396,1,100.0,200.0,0.6800000000000004
396,19,100.0,200.0,0.6800000000000004
396,22,479.79388847791876,903.7938884779187,0.0
396,23,165.91280605345523,232.5,0.0
396,6,100.0,200.0,0.6800000000000004
396,11,147.10560645869631,242.89439354130369,0.0
396,9,600.0,980.0,0.0
396,14,100.0,200.0,1.0600000000000007
396,3,112.9340335834447,219.9340335834447,0.0
396,7,162.59950980428854,233.40049019571146,0.0
396,25,100.0,200.0,0.9100000000000006
396,4,172.71179592667872,230.5,0.0
396,13,674.7918979597083,745.2081020402917,0.0
396,15,406.44875220920204,179.44875220920204,0.0
396,2,211.00741581406234,461.0074158140623,2.615
396,10,100.0,200.0,0.2800000000000001
396,18,100.0,200.0,0.0
396,21,611.8657760711733,800.1342239288267,0.0
397,5,413.99087169978964,167.00912830021036,0.0
397,16,521.7248570527455,912.7248570527455,0.0
397,20,100.0,200.0,0.6800000000000004
397,12,100.0,200.0,0.0
397,24,37.934668629601774,293.5,0.0
397,8,457.79592486461144,796.7959248646115,0.0
397,17,463.5,810.7469280817221,0.0
397,1,100.0,200.0,0.6800000000000004
397,19,100.0,200.0,0.6800000000000004
397,22,480.74848263252056,904.7484826325206,0.0
397,23,164.83730380511122,233.16269619488878,0.0
397,6,100.0,200.0,0.6800000000000004
397,11,146.15101230409448,243.15101230409448,0.0
397,9,600.0,980.0,0.0
397,14,100.0,200.0,1.0600000000000007
397,3,111.97943942884285,218.97943942884285,0.0
397,7,161.35202243087326,233.64797756912674,0.0
397,25,100.0,200.0,0.9100000000000006
397,4,171.69516818138038,229.69516818138038,0.0
397,13,673.8373038051064,746.1626961948936,0.0
397,15,405.491738241585,178.5,0.0
397,2,210.75854964859482,460.7585496485948,2.615
397,10,100.0,200.0,0.2800000000000001
397,18,100.0,200.0,0.0
397,21,611.5,801.3327145193551,0.0
398,5,413.0362775451878,167.9637224548122,0.0
398,16,522.6794512073474,913.6794512073474,0.0
398,20,100.0,200.0,0.6800000000000004
398,12,100.0,200.0,0.0
398,24,39.05484450897577,292.94515549102425,0.0
398,8,458.5,797.8542873946038,0.0
398,17,463.9220918944664,811.9220918944663,0.0
398,1,100.0,200.0,0.6800000000000004
398,19,100.0,200.0,0.6800000000000004
398,22,481.7871939465516,905.5,0.0
398,23,163.88270965050938,232.88270965050938,0.0
398,6,100.0,200.0,0.6800000000000004
398,11,145.19641814949264,242.80358185050736,0.0
398,9,600.0,980.0,0.0
398,14,100.0,200.0,1.0600000000000007
398,3,111.97515472575898,218.02484527424102,0.0
398,7,160.5,234.64505832281293,0.0
398,25,100.0,200.0,0.9100000000000006
398,4,170.74057402677855,230.25942597322145,0.0
398,13,672.8827096505046,747.1172903494954,0.0
398,15,404.2466706811849,178.24667068118492,0.0
398,2,210.5096834831273,460.5096834831273,2.615
398,10,100.0,200.0,0.2800000000000001
398,18,100.0,200.0,0.0
398,21,610.6636945431562,802.3363054568438,0.0
399,5,411.90841097760074,168.5,0.0
399,16,523.5,914.6895687688418,0.0
399,20,100.0,200.0,0.6800000000000004
399,12,100.0,200.0,0.0
399,24,40.0094386635776,291.9905613364224,0.0
399,8,458.99800639262855,798.9980063926286,0.0
399,17,464.8766860490682,812.8766860490682,0.0
399,1,100.0,200.0,0.6800000000000004
399,19,100.0,200.0,0.6800000000000004
399,22,482.9505641605377,905.0494358394624,0.0
399,23,162.92811549590755,233.07188450409245,0.0
399,6,100.0,200.0,0.6800000000000004
399,11,144.2418239948908,243.7581760051092,0.0
399,9,600.0,980.0,0.0
399,14,100.0,200.0,1.0600000000000007
399,3,112.07025111963918,217.07025111963918,0.0
399,7,160.14994090285614,235.85005909714386,0.0
399,25,100.0,200.0,0.9100000000000006
399,4,170.49308665336326,231.50691334663674,0.0
399,13,671.9281154959027,748.0718845040973,0.0
399,15,403.2059518039581,177.5,0.0
399,2,210.2608173176598,460.26081731765976,2.615
399,10,100.0,200.0,0.2800000000000001
399,18,100.0,200.0,0.0
399,21,609.4162071697409,802.5837928302591,0.0
400,5,410.83419601717065,167.83419601717068,0.0
400,16,523.8815327353645,915.8815327353645,0.0
400,20,100.0,200.0,0.6800000000000004
400,12,100.0,200.0,0.0
400,24,40.96403281817945,291.0359671818206,0.0
400,8,459.0473994527696,799.9526005472304,0.0
400,17,465.8312802036701,813.8312802036701,0.0
400,1,100.0,200.0,0.6800000000000004
400,19,100.0,200.0,0.6800000000000004
400,22,484.0729803841785,904.5,0.0
400,23,161.75544674057454,233.5,0.0
400,6,100.0,200.0,0.6800000000000004
400,11,143.28722984028897,244.71277015971103,0.0
400,9,600.0,980.0,0.0
400,14,100.0,200.0,1.0600000000000007
400,3,111.88434303496265,216.11565696503735,0.0
400,7,159.1953467482543,236.8046532517457,0.0
400,25,100.0,200.0,0.9100000000000006
400,4,169.53849249876143,232.46150750123857,0.0
400,13,670.9735213413009,749.0264786586991,0.0
400,15,401.8559518039581,177.5,0.0
400,2,210.01195115219227,460.01195115219224,2.615
400,10,100.0,200.0,0.2800000000000001
400,18,100.0,200.0,0.0
400,21,608.5,803.5542873946089,0.0
