step,agent_id,x,y,toxicload
1,5,337.04540584539814,263.95459415460186,0.0
1,4,266.95459415460186,627.9545941546019,0.0
1,6,433.04540584539814,328.04540584539814,0.0
1,7,283.28829460822595,369.5705684639247,0.015
1,2,383.95459415460186,483.04540584539814,0.0
1,10,247.95459415460184,673.9545941546019,0.0
1,9,306.5705684639247,421.28829460822595,0.015
1,8,552.5,324.85710678118653,0.0
1,3,608.0454058453981,572.9545941546019,0.0
1,1,604.2807224523682,542.4269074841227,0.0
2,5,336.0908116907963,264.0908116907963,0.0
2,4,267.0908116907963,628.9091883092037,0.0
2,6,432.0908116907963,327.0908116907963,0.0
2,7,284.30811954504304,368.69188045495696,0.03
2,2,384.9091883092037,482.9091883092037,0.0
2,10,248.9091883092037,674.9091883092037,0.0
2,9,305.69188045495696,420.69188045495696,0.03
2,8,552.5,323.5071067811865,0.0
2,3,607.0908116907963,573.9091883092037,0.0
2,1,605.2911543204538,543.2911543204538,0.0
3,5,334.98553390593264,263.5,0.0
3,4,266.1362175361944,629.8637824638056,0.0
3,6,431.1362175361944,326.1362175361944,0.0
3,7,285.57263907905104,368.42736092094896,0.045
3,2,385.8637824638056,483.1362175361944,0.0
3,10,249.86378246380556,675.8637824638056,0.0
3,9,304.7202541397624,419.7202541397624,0.045
3,8,552.5,322.1571067811865,0.0
3,3,606.8637824638056,574.8637824638056,0.0
3,1,606.2457484750556,544.2457484750556,0.0
4,5,333.8887301627791,264.1112698372209,0.0
4,4,265.81837661840746,630.8183766184075,0.0
4,6,430.18162338159254,325.18162338159254,0.0
4,7,286.5,367.42927511313354,0.06
4,2,386.5,482.0497474683057,0.0
4,10,250.81837661840743,676.8183766184075,0.0
4,9,303.4499899528981,419.4499899528981,0.06
4,8,552.5,320.80710678118646,0.0
4,3,607.5,575.9502525316942,0.0
4,1,607.2003426296575,545.2003426296575,0.0
5,5,332.93413600817723,265.06586399182277,0.0
5,4,266.7729707730093,631.7729707730093,0.0
5,6,429.2270292269907,324.2270292269907,0.0
5,7,286.8260528515639,366.1739471484361,0.07500000000000001
5,2,387.0658639918227,480.9341360081773,0.0
5,10,251.7729707730093,677.7729707730093,0.0
5,9,302.45310519764104,418.5,0.07500000000000001
5,8,551.7625631329234,319.7625631329235,0.0
5,3,608.0658639918227,577.0658639918227,0.0
5,1,608.1549367842593,546.1549367842593,0.0
6,5,331.97954185357537,264.97954185357537,0.0
6,4,267.7275649276112,632.7275649276112,0.0
6,6,428.2724350723888,323.2724350723888,0.0
6,7,287.5,365.05450120300617,0.09000000000000001
6,2,388.23603896932116,480.5,0.0
6,10,252.72756492761116,678.7275649276112,0.0
6,9,301.1849847796352,418.1849847796352,0.09000000000000001
6,8,552.1920310216784,318.80796897832164,0.0
6,3,608.5,578.236038969321,0.0
6,1,609.1095309388612,547.1095309388612,0.0
7,5,330.8281745930518,264.5,0.0
7,4,268.31784091778695,633.682159082213,0.0
7,6,427.5,322.2423881554249,0.0
7,7,287.5,363.6476280885389,0.10500000000000001
7,2,389.2679455198398,481.2679455198398,0.0
7,10,253.68215908221302,679.682159082213,0.0
7,9,300.5,417.061841650912,0.10500000000000001
7,8,552.5,317.5855339059326,0.0
7,3,609.2679455198397,579.2679455198397,0.0
7,1,610.0641250934631,546.9358749065369,0.0
8,5,329.77746032555825,265.22253967444175,0.0
8,4,267.5,634.693398282202,0.0
8,6,427.9296464556283,321.0703535443717,0.0
8,7,288.3963024184679,362.6036975815321,0.12
8,2,390.2225396744417,482.2225396744417,0.0
8,10,254.63675323681485,680.6367532368149,0.0
8,9,299.89659080034556,415.89659080034556,0.12
8,8,552.5,316.2355339059326,0.0
8,3,610.515432893255,579.515432893255,0.0
8,1,611.0187192480649,545.9812807519351,0.0
9,5,328.8228661709564,266.1771338290436,0.0
9,4,267.88424061023017,635.8842406102301,0.0
9,6,428.88424061023017,320.11575938976983,0.0
9,7,288.5,361.2230922117227,0.135
9,2,391.17713382904356,483.17713382904356,0.0
9,10,255.59134739141672,681.5913473914168,0.0
9,9,300.1100169372274,414.8899830627726,0.135
9,8,552.5,314.88553390593256,0.0
9,3,611.4700270478569,580.4700270478569,0.0
9,1,611.9733134026668,545.0266865973332,0.0
10,5,327.8682720163545,267.1317279836455,0.0
10,4,268.838834764832,636.838834764832,0.0
10,6,429.83883476483203,319.16116523516797,0.0
10,7,287.99874419140184,359.99874419140184,0.15
10,2,390.8682720163546,484.1317279836454,0.0
10,10,256.5459415460186,682.5459415460186,0.0
10,9,299.8774238478422,413.8774238478422,0.15
10,8,552.5,313.53553390593254,0.0
10,3,610.5753787975412,581.4246212024588,0.0
10,1,612.9279075572687,544.0720924427313,0.0
11,5,326.91367786175266,268.08632213824734,0.0
11,4,269.9149711574558,637.5,0.0
11,6,430.2065710805661,318.2065710805661,0.0
11,7,286.98019831154136,358.98019831154136,0.16499999999999998
11,2,391.0863221382473,485.0863221382473,0.0
11,10,257.50053570062045,683.5005357006205,0.0
11,9,299.5,412.59331652718356,0.16499999999999998
11,8,551.5705321112451,312.5705321112451,0.0
11,3,610.5,582.7433982822018,0.0
11,1,613.8825017118705,543.1174982881295,0.0
12,5,325.9590837071508,269.0409162928492,0.0
12,4,271.0409162928491,638.0409162928491,0.0
12,6,429.5,317.1492424049172,0.0
12,7,285.95563037113504,357.95563037113504,0.17999999999999997
12,2,392.04091629284915,486.04091629284915,0.0
12,10,258.4551298552223,684.4551298552224,0.0
12,9,298.541416808762,411.541416808762,0.17999999999999997
12,8,550.6159379566433,311.6159379566433,0.0
12,3,610.9195959492894,583.9195959492894,0.0
12,1,614.8370958664724,542.1629041335276,0.0
13,5,324.79924240491715,269.5,0.0
13,4,271.00448955254905,638.995510447451,0.0
13,6,429.00448955254893,316.00448955254893,0.0
13,7,284.9250047652937,356.9250047652937,0.19499999999999995
13,2,392.995510447451,486.995510447451,0.0
13,10,258.2973827713624,685.7026172286377,0.0
13,9,298.21789798410714,410.21789798410714,0.19499999999999995
13,8,549.6613438020414,310.6613438020414,0.0
13,3,611.8741901038912,584.8741901038912,0.0
13,1,615.7916900210743,541.2083099789257,0.0
14,5,323.7570021791336,270.2429978208664,0.0
14,4,270.9501046020528,639.9501046020529,0.0
14,6,428.5,314.86345596729024,0.0
14,7,283.88828567861736,355.88828567861736,0.20999999999999996
14,2,393.5,488.1365440327097,0.0
14,10,257.3427886167605,686.6572113832395,0.0
14,9,297.1811788974308,409.1811788974308,0.20999999999999996
14,8,548.7067496474396,309.70674964743955,0.0
14,3,612.8287842584931,585.8287842584931,0.0
14,1,616.7462841756761,540.7462841756761,0.0
15,5,322.5134559672902,270.5,0.0
15,4,271.0953012433453,640.9046987566547,0.0
15,6,427.8024080245318,313.8024080245318,0.0
15,7,282.8454370839508,354.8454370839508,0.22499999999999998
15,2,393.5,489.48654403270973,0.0
15,10,256.38819446215865,687.6118055378414,0.0
15,9,296.13833030276425,408.13833030276425,0.22499999999999998
15,8,547.7521554928377,308.7521554928377,0.0
15,3,613.783378413095,586.783378413095,0.0
15,1,617.784084859066,541.5,0.0
16,5,321.5549206511165,271.4450793488835,0.0
16,4,270.85929291125655,641.8592929112566,0.0
16,6,426.84781386992995,312.84781386992995,0.0
16,7,281.7964227411315,353.7964227411315,0.24
16,2,394.44507934888344,490.44507934888344,0.0
16,10,255.5,688.5939033455905,0.0
16,9,295.08931595994494,407.08931595994494,0.24
16,8,546.7975613382358,307.7975613382358,0.0
16,3,614.7379725676968,587.7379725676968,0.0
16,1,619.134084859066,541.5,0.0
17,5,320.60032649651464,270.60032649651464,0.0
17,4,271.8138870658584,642.8138870658585,0.0
17,6,425.8932197153281,311.8932197153281,0.0
17,7,280.74120619573023,352.74120619573023,0.255
17,2,395.3996735034853,491.39967350348525,0.0
17,10,255.5,689.9439033455906,0.0
17,9,293.8411170733301,406.5,0.255
17,8,545.842967183634,306.84296718363396,0.0
17,3,615.6925667222987,588.6925667222987,0.0
17,1,620.1958530771086,542.1958530771086,0.0
18,5,319.6457323419128,271.3542676580872,0.0
18,4,272.7684812204603,643.7684812204603,0.0
18,6,424.9386255607262,310.9386255607262,0.0
18,7,279.67975077778425,351.67975077778425,0.27
18,2,396.3542676580871,492.3542676580871,0.0
18,10,255.5,691.2939033455906,0.0
18,9,292.67975077778425,407.32024922221575,0.27
18,8,544.8883730290321,305.8883730290321,0.0
18,3,616.6471608769006,589.6471608769006,0.0
18,1,621.4198712966929,542.5,0.0
19,5,318.6911381873109,272.3088618126891,0.0
19,4,273.5,644.8154762208443,0.0
19,6,424.5,309.77031021678255,0.0
19,7,278.6141156322607,350.6141156322607,0.28
19,2,396.6017550315024,493.60175503150236,0.0
19,10,255.5,692.6439033455906,0.0
19,9,291.61201960052296,406.61201960052296,0.28500000000000003
19,8,544.5,304.69924240491713,0.0
19,3,617.6017550315024,590.6017550315024,0.0
19,1,622.3979346051257,543.3979346051257,0.0
20,5,317.73654403270905,273.26345596729095,0.0
20,4,273.9705627484774,645.9705627484774,0.0
20,6,424.5,308.4203102167825,0.0
20,7,277.54428430051007,349.54428430051007,0.29000000000000004
20,2,397.5,494.5796897832173,0.0
20,10,255.84924240491785,693.8492424049178,0.0
20,9,290.5379755590861,405.5379755590861,0.30000000000000004
20,8,544.5,303.3492424049171,0.0
20,3,618.5563491861043,591.5563491861043,0.0
20,1,623.3525287597275,544.3525287597275,0.0
21,5,316.48905665929374,273.51094334070626,0.0
21,4,274.07484309692074,646.9251569030793,0.0
21,6,424.5,307.0703102167825,0.0
21,7,276.4702402590732,348.4702402590732,0.30000000000000004
21,2,397.80383655951954,495.80383655951954,0.0
21,10,256.1961634404803,694.8038365595197,0.0
21,9,289.5,404.4400109405052,0.31500000000000006
21,8,544.1459109087862,302.1459109087862,0.0
21,3,619.5109433407061,592.5109433407061,0.0
21,1,624.3071229143294,545.3071229143294,0.0
22,5,315.5344625046919,274.4655374953081,0.0
22,4,273.8797510576811,647.8797510576811,0.0
22,6,424.5,305.7203102167825,0.0
22,7,275.3919669194259,347.3919669194259,0.31000000000000005
22,2,398.24156928587865,496.7584307141214,0.0
22,10,255.5,695.8654762208445,0.0
22,9,289.0779061472383,403.0779061472383,0.33000000000000007
22,8,543.5,301.06345596729017,0.0
22,3,620.465537495308,593.465537495308,0.0
22,1,625.2617170689313,546.2617170689313,0.0
23,5,314.28697513127656,274.28697513127656,0.0
23,4,274.834345212283,648.834345212283,0.0
23,6,424.4082954748363,304.4082954748363,0.0
23,7,274.3094476277229,346.3094476277229,0.32000000000000006
23,2,397.7130248687232,497.7130248687232,0.0
23,10,255.5,697.2154762208445,0.0
23,9,287.98469868382864,401.98469868382864,0.3450000000000001
23,8,544.0561706192309,299.94382938076905,0.0
23,3,621.4201316499099,594.4201316499099,0.0
23,1,626.2163112235331,547.2163112235331,0.0
24,5,313.26295090390164,273.5,0.0
24,4,275.21106063311515,649.7889393668848,0.0
24,6,423.4537013202344,303.4537013202344,0.0
24,7,273.2226656645404,345.2226656645404,0.33000000000000007
24,2,398.667619023325,498.6676190233251,0.0
24,10,255.5,698.5654762208445,0.0
24,9,286.8850277300019,400.8850277300019,0.3600000000000001
24,8,544.5,298.7776695296633,0.0
24,3,622.3747258045117,595.3747258045117,0.0
24,1,627.170905378135,548.170905378135,0.0
25,5,312.0848936032594,273.0848936032594,0.0
25,4,274.7435335214867,650.7435335214867,0.0
25,6,422.49910716563255,302.49910716563255,0.0
25,7,272.1316042446181,344.1316042446181,0.3400000000000001
25,2,399.5,499.67283553372494,0.0
25,10,255.5,699.9154762208445,0.0
25,9,285.4859618521412,400.4859618521412,0.3750000000000001
25,8,544.5,297.42766952966326,0.0
25,3,623.3293199591136,596.3293199591136,0.0
25,1,628.1254995327369,549.1254995327369,0.0
26,5,311.1302994486575,272.8697005513425,0.0
26,4,275.5,651.7801948466059,0.0
26,6,421.5445130110307,301.5445130110307,0.0
26,7,271.0362465165997,343.0362465165997,0.3500000000000001
26,2,399.8697005513422,500.8697005513422,0.0
26,10,255.5,701.2654762208446,0.0
26,9,284.62675095287165,399.37324904712835,0.3900000000000001
26,8,544.2013672605232,296.20136726052317,0.0
26,3,624.2839141137155,597.2839141137155,0.0
26,1,629.0800936873387,550.0800936873387,0.0
27,5,310.0413780286477,273.5,0.0
27,4,275.5,653.130194846606,0.0
27,6,420.5899188564288,300.5899188564288,0.0
27,7,269.936575562773,341.936575562773,0.3600000000000001
27,2,400.824294705944,501.82429470594406,0.0
27,10,255.581654018825,702.581654018825,0.0
27,9,285.7460425718726,398.2539574281274,0.40500000000000014
27,8,543.2467731059213,295.2467731059213,0.0
27,3,625.2385082683173,598.2385082683173,0.0
27,1,630.0346878419406,551.0346878419406,0.0
28,5,308.92821792064035,272.92821792064035,0.0
28,4,276.1931024229192,654.1931024229192,0.0
28,6,419.63532470182696,299.63532470182696,0.0
28,7,268.8325743988081,340.8325743988081,0.3700000000000001
28,2,401.22111113945414,502.77888886054586,0.0
28,10,256.5362481734268,703.5362481734269,0.0
28,9,286.12804809849473,397.12804809849473,0.42000000000000015
28,8,542.2921789513194,294.29217895131944,0.0
28,3,626.1931024229192,599.1931024229192,0.0
28,1,631.1919492353353,551.5,0.0
29,5,307.9736237660385,273.0263762339615,0.0
29,4,277.14769657752106,655.1476965775211,0.0
29,6,418.6807305472251,298.6807305472251,0.0
29,7,267.4313327546821,340.4313327546821,0.3800000000000001
29,2,400.5,503.83019484660565,0.0
29,10,257.4908423280287,704.4908423280287,0.0
29,9,285.5,395.7865037052258,0.43500000000000016
29,8,541.3375847967176,293.3375847967176,0.0
29,3,627.4159812842329,599.5,0.0
29,1,632.5296625887712,551.5296625887712,0.0
30,5,306.8198051533939,273.5,0.0
30,4,278.1022907321229,656.1022907321229,0.0
30,6,417.72613639262323,297.72613639262323,0.0
30,7,266.2434898728783,339.5,0.3900000000000001
30,2,400.98097038856304,504.980970388563,0.0
30,10,258.44543648263056,705.4454364826306,0.0
30,9,284.56332635072175,394.56332635072175,0.4500000000000002
30,8,540.3829906421157,292.3829906421157,0.0
30,3,628.7659812842329,599.5,0.0
30,1,633.4842567433731,552.4842567433731,0.0
31,5,305.77154223802137,272.77154223802137,0.0
31,4,278.5,657.2875541594867,0.0
31,6,416.77154223802137,296.77154223802137,0.0
31,7,264.90863236038246,340.09136763961754,0.40000000000000013
31,2,401.93556454316484,505.93556454316484,0.0
31,10,259.4000306372324,706.4000306372325,0.0
31,9,283.4173282027963,395.4173282027963,0.4650000000000002
31,8,539.4283964875139,291.42839648751385,0.0
31,3,629.9355645431651,599.9355645431651,0.0
31,1,633.7317441167884,553.7317441167884,0.0
32,5,304.8169480834195,273.1830519165805,0.0
32,4,279.30437226014004,658.30437226014,0.0
32,6,415.8169480834195,295.8169480834195,0.0
32,7,263.4942459522022,340.4942459522022,0.41000000000000014
32,2,402.5,507.05176772185945,0.0
32,10,260.3546247918343,707.3546247918343,0.0
32,9,282.1670297019261,394.5,0.4800000000000002
32,8,538.473802332912,290.473802332912,0.0
32,3,631.0517677218598,600.5,0.0
32,1,634.6863382713902,554.6863382713902,0.0
33,5,303.59823227814,273.5,0.0
33,4,280.25896641474185,659.2589664147418,0.0
33,6,416.13764607118236,294.86235392881764,0.0
33,7,262.36833662256953,339.36833662256953,0.42000000000000015
33,2,403.13764607118196,508.13764607118196,0.0
33,10,261.30921894643615,708.3092189464362,0.0
33,9,280.5271226042873,394.5,0.4950000000000002
33,8,537.5192081783101,289.5192081783101,0.0
33,3,632.1376460711822,599.8623539288178,0.0
33,1,635.6409324259921,555.6409324259921,0.0
34,5,302.24823227814,273.5,0.0
34,4,281.2135605693437,660.2135605693437,0.0
34,6,416.5,293.6624458405131,0.0
34,7,261.2379937630915,338.7620062369085,0.43000000000000016
34,2,403.5,509.3375541594864,0.0
34,10,262.263813101038,709.2638131010381,0.0
34,9,279.3527331803624,395.6472668196376,0.5100000000000002
34,8,536.5646140237083,288.56461402370826,0.0
34,3,633.092240225784,600.092240225784,0.0
34,1,636.595526580594,556.595526580594,0.0
35,5,300.89823227814,273.5,0.0
35,4,280.8318452760544,661.1681547239456,0.0
35,6,416.5,292.3124458405131,0.0
35,7,260.1031999157132,339.1031999157132,0.44000000000000017
35,2,404.3397275991991,510.33972759919914,0.0
35,10,263.2184072556399,710.2184072556399,0.0
35,9,278.17939128022306,396.82060871977694,0.5250000000000002
35,8,536.5,287.2413780286477,0.0
35,3,634.0468343803859,599.9531656196141,0.0
35,1,637.5501207351958,557.5501207351958,0.0
36,5,299.54823227813995,273.5,0.0
36,4,281.12274887854744,662.1227488785474,0.0
36,6,416.5,290.96244584051306,0.0
36,7,258.9639375536347,337.9639375536347,0.4500000000000002
36,2,405.29432175380094,511.29432175380094,0.0
36,10,263.5,711.45176772186,0.0
36,9,276.7916375414837,397.5,0.5400000000000003
36,8,536.5,285.8913780286477,0.0
36,3,635.2091270347405,599.5,0.0
36,1,638.506667861097,558.5,0.0
37,5,298.579511216343,274.420488783657,0.0
37,4,280.9226569668507,663.0773430331493,0.0
37,6,416.5,289.61244584051303,0.0
37,7,258.5,336.5449464968917,0.4500000000000002
37,2,406.2489159084028,512.2489159084028,0.0
37,10,263.28661799752956,712.7133820024704,0.0
37,9,275.22606819217174,397.22606819217174,0.5550000000000003
37,8,535.8221519034623,284.8221519034624,0.0
37,3,636.5591270347405,599.5,0.0
37,1,639.752202263213,558.752202263213,0.0
38,5,297.62491706174114,273.62491706174114,0.0
38,4,279.96806281224883,664.0319371877512,0.0
38,6,416.5,288.262445840513,0.0
38,7,257.6074803893358,335.3925196106642,0.4500000000000002
38,2,406.5,513.4949134723671,0.0
38,10,262.3320238429277,713.6679761570723,0.0
38,9,273.8378527188055,396.5,0.5700000000000003
38,8,534.8675577488605,283.8675577488605,0.0
38,3,637.9091270347405,599.5,0.0
38,1,640.7067964178149,559.7067964178149,0.0
39,5,296.6703229071393,272.6703229071393,0.0
39,4,279.01346865764697,664.986531342353,0.0
39,6,416.5,286.912445840513,0.0
39,7,258.25325724858567,334.25325724858567,0.4500000000000002
39,2,405.5490025635801,514.4509974364199,0.0
39,10,261.37742968832583,714.6225703116742,0.0
39,9,272.537559868588,397.462440131412,0.5850000000000003
39,8,533.6698051533938,283.5,0.0
39,3,639.036783874047,600.036783874047,0.0
39,1,641.6613905724167,560.3386094275833,0.0
40,5,295.7157287525374,273.2842712474626,0.0
40,4,278.0588745030451,665.9411254969549,0.0
40,6,416.5,285.56244584051296,0.0
40,7,257.11399488650716,333.11399488650716,0.4500000000000002
40,2,404.5944084089782,515.4055915910218,0.0
40,10,260.42283553372397,715.577164466276,0.0
40,9,271.03622576692925,397.96377423307075,0.6000000000000003
40,8,532.6654762208433,282.66547622084335,0.0
40,3,639.9913780286489,600.9913780286489,0.0
40,1,642.6159847270186,559.6159847270186,0.0
41,5,294.45508652763226,273.5,0.0
41,4,277.10428034844324,666.8957196515568,0.0
41,6,416.5,284.21244584051294,0.0
41,7,255.97473252442865,331.97473252442865,0.4500000000000002
41,2,405.36018574562365,516.3601857456237,0.0
41,10,259.4682413791221,716.5317586208779,0.0
41,9,269.82064008647933,399.17935991352067,0.6150000000000003
41,8,531.417988847428,282.58201115257197,0.0
41,3,640.9459721832508,601.9459721832508,0.0
41,1,643.5705788816205,560.5705788816205,0.0
42,5,293.22075400570685,273.22075400570685,0.0
42,4,276.1496861938414,667.8503138061586,0.0
42,6,416.5,282.8624458405129,0.0
42,7,254.83547016235013,330.83547016235013,0.4500000000000002
42,2,404.6852200997745,517.3147799002255,0.0
42,10,258.51364722452024,717.4863527754798,0.0
42,9,268.59786736545414,400.40213263454586,0.6300000000000003
42,8,530.4482322781399,283.5,0.0
42,3,641.9005663378526,602.9005663378526,0.0
42,1,644.5251730362223,561.5251730362223,0.0
43,5,292.266159851105,272.733840148895,0.0
43,4,275.1950920392395,668.8049079607605,0.0
43,6,415.8016937570377,281.8016937570377,0.0
43,7,255.30379219972835,329.6962078002716,0.4500000000000002
43,2,404.5622672736408,518.5622672736408,0.0
43,10,257.5590530699184,718.4409469300816,0.0
43,9,267.36786511112524,401.36786511112524,0.6450000000000004
43,8,529.2159073194109,283.21590731941086,0.0
43,3,642.8551604924545,603.8551604924545,0.0
43,1,645.4797671908242,562.4797671908242,0.0
44,5,291.3115656965031,273.3115656965031,0.0
44,4,274.24049788463765,669.7595021153624,0.0
44,6,414.84709960243583,280.84709960243583,0.0
44,7,254.5569454381931,328.5569454381931,0.4500000000000002
44,2,405.5168614282427,519.5168614282427,0.0
44,10,256.6044589153165,719.3955410846835,0.0
44,9,265.97757618750256,400.5,0.6600000000000004
44,8,528.261313164809,282.26131316480905,0.0
44,3,643.8097546470564,604.8097546470564,0.0
44,1,646.434361345426,563.434361345426,0.0
45,5,290.35697154190126,272.64302845809874,0.0
45,4,273.2859037300358,670.7140962699642,0.0
45,6,413.89250544783397,279.89250544783397,0.0
45,7,253.5823169238854,327.4176830761146,0.4500000000000002
45,2,406.47145558284456,520.4714555828446,0.0
45,10,255.64986476071468,720.3501352392854,0.0
45,9,264.5931075551715,401.4068924448285,0.6750000000000004
45,8,527.5,281.2266594028861,0.0
45,3,644.7643488016582,605.7643488016582,0.0
45,1,646.6818487188414,564.6818487188414,0.0
46,5,289.3619407771245,273.5,0.0
46,4,272.3313095754339,671.6686904245661,0.0
46,6,412.9379112932321,278.9379112932321,0.0
46,7,254.49999999999997,326.18663956864884,0.4500000000000002
46,2,407.4260497374464,521.4260497374464,0.0
46,10,255.5,721.6380592228755,0.0
46,9,264.04826600596726,402.95173399403274,0.6900000000000004
46,8,527.0592316367919,280.05923163679194,0.0
46,3,645.7189429562601,606.7189429562601,0.0
46,1,647.6364428734432,565.6364428734432,0.0
47,5,288.1548900138841,273.1548900138841,0.0
47,4,271.37671542083206,672.623284579168,0.0
47,6,411.98331713863024,277.98331713863024,0.0
47,7,253.84626513314407,324.8462651331441,0.4500000000000002
47,2,406.6193561079517,522.3806438920483,0.0
47,10,255.15489001388406,722.845109986116,0.0
47,9,262.7889156441168,404.2110843558832,0.7050000000000004
47,8,526.10463748219,279.10463748219007,0.0
47,3,646.745418535756,607.5,0.0
47,1,648.5910370280451,566.5910370280451,0.0
48,5,287.2002958592822,272.7997041407178,0.0
48,4,270.4221212662302,673.5778787337698,0.0
48,6,411.0287229840284,277.0287229840284,0.0
48,7,252.70700277106556,323.70700277106556,0.4500000000000002
48,2,407.33523804665015,523.3352380466501,0.0
48,10,254.2002958592822,723.7997041407178,0.0
48,9,261.11706811608406,404.5,0.7200000000000004
48,8,525.1500433275882,278.1500433275882,0.0
48,3,647.9210244842773,607.9210244842773,0.0
48,1,649.545631182647,567.545631182647,0.0
49,5,286.24570170468036,273.24570170468036,0.0
49,4,269.4675271116283,674.5324728883717,0.0
49,6,410.0741288294265,276.0741288294265,0.0
49,7,251.56774040898705,322.56774040898705,0.4500000000000002
49,2,407.5,524.6169914110095,0.0
49,10,253.24570170468033,724.7542982953197,0.0
49,9,259.369153855476,404.630846144524,0.7350000000000004
49,8,524.8045508270137,277.19544917298634,0.0
49,3,648.8756186388791,608.8756186388791,0.0
49,1,650.5002253372488,568.5002253372488,0.0
50,5,285.2045814642437,272.5,0.0
50,4,268.51293295702646,675.4870670429735,0.0
50,6,409.11953467482465,275.11953467482465,0.0
50,7,251.1355848280951,321.1355848280951,0.4500000000000002
50,2,407.8302127934807,525.8302127934807,0.0
50,10,252.29110755007846,725.7088924499216,0.0
50,9,258.0873337796616,405.0873337796616,0.7500000000000003
50,8,525.2408550183844,276.2408550183845,0.0
50,3,649.830212793481,609.830212793481,0.0
50,1,651.4548194918507,569.4548194918507,0.0
51,5,284.04362017666324,272.04362017666324,0.0
51,4,267.5583388024246,676.4416611975754,0.0
51,6,408.02615433949745,274.5,0.0
51,7,249.99632246601658,319.9963224660166,0.4500000000000002
51,2,408.7848069480825,526.7848069480825,0.0
51,10,251.33651339547663,726.6634866045234,0.0
51,9,256.50713023790837,404.5,0.7650000000000003
51,8,524.2862608637826,275.2862608637826,0.0
51,3,650.7848069480829,610.7848069480829,0.0
51,1,652.4094136464525,570.4094136464525,0.0
52,5,283.0890260220614,271.0890260220614,0.0
52,4,266.60374464782274,677.3962553521773,0.0
52,6,406.91745314680753,273.91745314680753,0.0
52,7,248.85706010393807,320.14293989606193,0.4500000000000002
52,2,409.5,527.8385642862632,0.0
52,10,250.38191924087477,727.6180807591253,0.0
52,9,254.91512644597708,405.08487355402286,0.7800000000000004
52,8,523.3316667091807,274.33166670918075,0.0
52,3,651.7394011026847,611.7394011026847,0.0
52,1,653.3640078010544,571.3640078010544,0.0
53,5,281.9830085889899,270.5,0.0
53,4,265.6491504932209,678.3508495067791,0.0
53,6,405.96285899220567,272.96285899220567,0.0
53,7,247.71779774185953,321.28220225814044,0.4500000000000002
53,2,409.98688847609964,528.9868884760996,0.0
53,10,249.4273250862729,728.5726749137272,0.0
53,9,254.3175425258829,406.68245747411703,0.7950000000000004
53,8,522.3770725545788,273.3770725545789,0.0
53,3,652.6939952572866,612.6939952572866,0.0
53,1,654.3186019556563,572.3186019556563,0.0
54,5,280.63300858898987,270.5,0.0
54,4,264.694556338619,679.305443661381,0.0
54,6,405.0082648376038,272.0082648376038,0.0
54,7,246.57853537978102,320.57853537978104,0.4500000000000002
54,2,410.94148263070144,529.9414826307014,0.0
54,10,248.47273093167104,729.527269068329,0.0
54,9,253.00513795863696,407.99486204136304,0.8100000000000004
54,8,521.422478399977,272.577521600023,0.0
54,3,653.6485894118885,613.6485894118885,0.0
54,1,655.2731961102581,573.2731961102581,0.0
55,5,279.3465639018155,270.3465639018155,0.0
55,4,263.73996218401714,680.2600378159829,0.0
55,6,403.8687950266167,271.5,0.0
55,7,245.4392730177025,321.56072698229747,0.4500000000000002
55,2,411.5,531.060137161517,0.0
55,10,247.51813677706915,730.4818632229308,0.0
55,9,251.39208069907627,408.60791930092375,0.8250000000000004
55,8,520.4678842453751,273.46788424537516,0.0
55,3,654.6031835664903,614.6031835664903,0.0
55,1,656.22779026486,574.22779026486,0.0
56,5,278.39196974721364,269.60803025278636,0.0
56,4,262.7853680294153,681.2146319705847,0.0
56,6,402.8061833095867,270.8061833095867,0.0
56,7,244.21717235685338,322.5,0.4500000000000002
56,2,412.14356415871856,532.1435641587185,0.0
56,10,246.56354262246734,731.4364573775326,0.0
56,9,249.88356029958126,409.5,0.8400000000000004
56,8,519.5132900907732,272.5132900907733,0.0
56,3,655.5577777210922,615.5577777210922,0.0
56,1,657.1823844194619,575.1823844194619,0.0
57,5,277.4373755926118,270.4373755926118,0.0
57,4,261.8307738748134,682.1692261251866,0.0
57,6,401.5830085889898,270.5,0.0
57,7,242.86785507473203,323.13214492526794,0.4500000000000002
57,2,412.5,533.3459235991439,0.0
57,10,245.6089484678655,732.3910515321345,0.0
57,9,248.40863784163182,408.5,0.8550000000000004
57,8,518.5586959361714,271.55869593617143,0.0
57,3,656.512371875694,616.512371875694,0.0
57,1,658.1369785740637,576.1369785740637,0.0
58,5,276.4756492761091,269.5,0.0
58,4,260.87617972021155,683.1238202797884,0.0
58,6,400.60410178156957,271.39589821843043,0.0
58,7,241.43569949384008,323.43569949384005,0.4500000000000002
58,2,412.6385389055491,534.6385389055491,0.0
58,10,246.34564568673633,733.3456456867364,0.0
58,9,246.50833247516724,408.5,0.8700000000000004
58,8,517.6041017815695,270.60410178156957,0.0
58,3,657.4669660302959,617.4669660302959,0.0
58,1,659.0915727286656,577.0915727286656,0.0
59,5,275.23529406459465,269.76470593540535,0.0
59,4,259.9215855656097,684.0784144343903,0.0
59,6,399.6495076269677,272.3504923730323,0.0
59,7,240.29643713176154,322.70356286823846,0.4500000000000002
59,2,413.5,535.6317100367708,0.0
59,10,245.6997601586618,734.3002398413382,0.0
59,9,245.15422852260284,409.8457714773972,0.8850000000000005
59,8,516.6495076269676,269.6495076269677,0.0
59,3,658.4215601848978,618.4215601848978,0.0
59,1,660.0461668832675,578.0461668832675,0.0
60,5,274.1898628384822,270.5,0.0
60,4,258.9669914110078,685.0330085889922,0.0
60,6,398.4020202535524,272.4020202535524,0.0
60,7,239.01517190976205,323.5,0.4500000000000002
60,2,413.84062043356624,536.8406204335662,0.0
60,10,245.5477272147535,735.5477272147535,0.0
60,9,243.5023762871137,410.5,0.9000000000000005
60,8,515.4020202535523,269.4020202535524,0.0
60,3,659.3761543394996,619.3761543394996,0.0
60,1,661.0007610378693,579.0007610378693,0.0
61,5,273.03321253657754,270.96678746342246,0.0
61,4,258.01239725640596,685.987602743594,0.0
61,6,397.44742609895053,271.55257390104947,0.0
61,7,237.43212596997762,323.56787403002244,0.4500000000000002
61,2,414.5,537.9174964743977,0.0
61,10,246.50232136935537,736.5023213693554,0.0
61,9,242.13398643616736,411.8660135638326,0.9150000000000005
61,8,514.4474260989505,268.44742609895053,0.0
61,3,660.3307484941015,620.3307484941015,0.0
61,1,661.9553551924712,579.9553551924712,0.0
62,5,272.0786183819757,271.9213816180243,0.0
62,4,257.0578031018041,686.9421968981959,0.0
62,6,396.49283194434867,272.49283194434867,0.0
62,7,236.29286360789908,324.70713639210095,0.4500000000000002
62,2,415.04270196158336,539.0427019615834,0.0
62,10,247.4569155239572,737.4569155239573,0.0
62,9,240.7582062171942,413.24179378280576,0.9300000000000005
62,8,513.489862838482,267.5,0.0
62,3,661.2853426487034,621.2853426487034,0.0
62,1,662.909949347073,580.909949347073,0.0
63,5,271.1240242273738,272.1240242273738,0.0
63,4,256.10320894720223,687.8967910527978,0.0
63,6,395.5382377897468,271.5382377897468,0.0
63,7,235.15360124582054,325.84639875417946,0.4500000000000002
63,2,416.2032829120246,539.5,0.0
63,10,248.41150967855907,738.4115096785591,0.0
63,9,238.90800822725868,413.5,0.9450000000000005
63,8,512.2453445709334,267.2453445709334,0.0
63,3,662.2399368033052,622.2399368033052,0.0
63,1,663.8645435016749,581.8645435016749,0.0
64,5,270.16943007277195,271.83056992722805,0.0
64,4,255.5,688.9969337259218,0.0
64,6,394.58364363514494,270.58364363514494,0.0
64,7,233.8131714626707,326.5,0.4500000000000002
64,2,417.2447834896005,540.2447834896005,0.0
64,10,249.36610383316096,739.3661038331609,0.0
64,9,237.39640872007905,412.603591279921,0.9600000000000005
64,8,511.29075041633155,266.29075041633155,0.0
64,3,663.1945309579071,623.1945309579071,0.0
64,1,664.8191376562768,582.8191376562768,0.0
65,5,269.2148359181701,272.7851640818299,0.0
65,4,255.5,690.3469337259219,0.0
65,6,393.6290494805431,269.6290494805431,0.0
65,7,232.58218330285007,327.41781669714993,0.4500000000000002
65,2,417.5,541.4890693496515,0.0
65,10,250.32069798776277,740.3206979877627,0.0
65,9,235.9960814100548,414.00391858994516,0.9750000000000005
65,8,510.26828996322826,265.5,0.0
65,3,664.149125112509,624.149125112509,0.0
65,1,665.7737318108786,583.7737318108786,0.0
66,5,268.2602417635682,273.7397582364318,0.0
66,4,255.5,691.6969337259219,0.0
66,6,392.6744553259412,268.6744553259412,0.0
66,7,231.44292094077156,328.55707905922844,0.4500000000000002
66,2,418.4468650176176,542.4468650176176,0.0
66,10,251.2752921423646,741.2752921423646,0.0
66,9,234.58747479125157,413.58747479125157,0.9900000000000005
66,8,509.08866888831443,265.08866888831443,0.0
66,3,665.1037192671108,625.1037192671108,0.0
66,1,666.7283259654805,584.7283259654805,0.0
67,5,267.30564760896635,274.69435239103365,0.0
67,4,255.5,693.0469337259219,0.0
67,6,391.71986117133935,267.71986117133935,0.0
67,7,230.2223312991321,329.5,0.4500000000000002
67,2,417.59854082778054,543.4014591722195,0.0
67,10,252.22988629696644,742.2298862969665,0.0
67,9,233.13499107113827,414.8650089288617,1.0050000000000006
67,8,508.1340747337126,264.86592526628743,0.0
67,3,666.0583134217127,626.0583134217127,0.0
67,1,667.6829201200824,585.6829201200824,0.0
68,5,266.28935777509366,275.5,0.0
68,4,256.1342279198743,694.1342279198743,0.0
68,6,390.7652670167375,266.7652670167375,0.0
68,7,228.87150299780106,328.8715029978011,0.4500000000000002
68,2,417.6489465456348,544.6489465456348,0.0
68,10,253.1844804515683,743.1844804515683,0.0
68,9,231.69496933471552,416.30503066528445,1.0150000000000006
68,8,507.17948057911076,265.17948057911076,0.0
68,3,667.0129075763145,627.0129075763145,0.0
68,1,668.6375142746842,586.6375142746842,0.0
69,5,265.10356608094924,275.10356608094924,0.0
69,4,255.91117792552384,695.0888220744762,0.0
69,6,389.8106728621356,265.8106728621356,0.0
69,7,227.73224063572255,329.2677593642774,0.4500000000000002
69,2,418.60354070023664,545.6035407002366,0.0
69,10,254.13907460617014,744.1390746061702,0.0
69,9,230.2672874037057,417.73271259629433,1.0250000000000006
69,8,506.2248864245089,264.2248864245089,0.0
69,3,667.9675017309164,627.9675017309164,0.0
69,1,669.5921084292861,587.5921084292861,0.0
70,5,264.1489719263474,274.1489719263474,0.0
70,4,255.5,696.2685066011758,0.0
70,6,388.85607870753375,264.85607870753375,0.0
70,7,226.59297827364404,330.40702172635594,0.4500000000000002
70,2,419.5,546.5822151001591,0.0
70,10,255.093668760772,745.0936687607721,0.0
70,9,228.58334279211547,418.5,1.0350000000000006
70,8,505.1751442127206,263.5,0.0
70,3,668.9220958855183,628.9220958855183,0.0
70,1,670.546702583888,588.546702583888,0.0
71,5,263.1943777717455,273.8056222282545,0.0
71,4,255.5,697.6185066011758,0.0
71,6,387.9014845529319,263.9014845529319,0.0
71,7,225.4345444144139,331.5,0.4500000000000002
71,2,419.19437777174625,547.8056222282538,0.0
71,10,256.04826291537387,746.0482629153739,0.0
71,9,226.8626796010001,419.13732039899986,1.0450000000000006
71,8,503.8251442127206,263.5,0.0
71,3,669.8766900401201,629.8766900401201,0.0
71,1,671.5012967384898,589.5012967384898,0.0
72,5,262.23978361714364,274.76021638285636,0.0
72,4,255.5,698.9685066011758,0.0
72,6,386.94689039833,262.94689039833,0.0
72,7,223.82338413086126,331.5,0.4500000000000002
72,2,418.7602163828556,548.7602163828557,0.0
72,10,257.00285706997573,747.0028570699758,0.0
72,9,225.45942253803543,420.5,1.0550000000000006
72,8,502.77531752307647,262.77531752307647,0.0
72,3,670.831284194722,630.831284194722,0.0
72,1,672.4558908930917,590.4558908930917,0.0
73,5,261.196212024586,275.5,0.0
73,4,255.5,700.3185066011758,0.0
73,6,385.99229624372816,261.99229624372816,0.0
73,7,222.5894047497816,330.5894047497816,0.4500000000000002
73,2,419.7148105374575,549.7148105374575,0.0
73,10,257.9574512245776,747.9574512245777,0.0
73,9,223.7989161284852,421.2010838715148,1.0650000000000006
73,8,501.5393577750937,262.5,0.0
73,3,671.9042930388026,631.5,0.0
73,1,673.4104850476936,591.4104850476936,0.0
74,5,260.0377020891265,275.0377020891265,0.0
74,4,255.5,701.6685066011759,0.0
74,6,385.0377020891263,261.0377020891263,0.0
74,7,221.15724916888962,330.8427508311104,0.4500000000000002
74,2,420.66940469205935,550.6694046920594,0.0
74,10,258.91204537917946,748.9120453791795,0.0
74,9,222.43118124469402,420.568818755306,1.0750000000000006
74,8,500.5732359950593,261.57323599505935,0.0
74,3,673.0333657227392,630.9666342772608,0.0
74,1,674.3650792022954,592.3650792022954,0.0
75,5,258.9104255869591,274.5,0.0
75,4,255.86663953378144,702.8666395337815,0.0
75,6,383.91042558695875,260.5,0.0
75,7,219.8183304049495,331.5,0.4500000000000002
75,2,421.5,551.675360850667,0.0
75,10,259.8666395337813,749.8666395337814,0.0
75,9,221.07510061148656,421.07510061148656,1.0850000000000006
75,8,499.2535713374668,261.5,0.0
75,3,673.987959877341,630.012040122659,0.0
75,1,675.3196733568973,593.3196733568973,0.0
76,5,257.8356205611094,275.1643794388906,0.0
76,4,256.8212336883833,703.8212336883834,0.0
76,6,382.56042558695873,260.5,0.0
76,7,218.58583122591915,332.41416877408085,0.4500000000000002
76,2,421.8714862200765,552.8714862200766,0.0
76,10,260.8212336883832,750.8212336883832,0.0
76,9,219.73056730762585,421.26943269237415,1.0950000000000006
76,8,498.0782612482287,261.0782612482287,0.0
76,3,674.9425540319429,629.0574459680571,0.0
76,1,676.2742675114991,594.2742675114991,0.0
77,5,256.88102640650754,276.11897359349246,0.0
77,4,257.77582784298517,704.7758278429852,0.0
77,6,381.58813318769387,259.58813318769387,0.0
77,7,217.1536756450272,332.8463243549728,0.4500000000000002
77,2,422.5,553.9611472882939,0.0
77,10,261.77582784298505,751.7758278429851,0.0
77,9,218.39747635593793,422.39747635593795,1.1050000000000006
77,8,497.12366709362686,260.87633290637314,0.0
77,3,675.8971481865448,628.1028518134552,0.0
77,1,677.228861666101,595.228861666101,0.0
78,5,255.9264322519057,277.0735677480943,0.0
78,4,258.73042199758703,705.7304219975871,0.0
78,6,380.633539033092,258.633539033092,0.0
78,7,216.01441328294868,333.9855867170513,0.4500000000000002
78,2,422.5,555.3111472882939,0.0
78,10,262.7304219975869,752.730421997587,0.0
78,9,217.07572467076824,421.92427532923176,1.1150000000000007
78,8,496.169072939025,261.16907293902506,0.0
78,3,676.8517423411466,627.1482576588534,0.0
78,1,678.1834558207029,596.1834558207029,0.0
79,5,254.97183809730384,278.0281619026961,0.0
79,4,259.6850161521889,706.685016152189,0.0
79,6,379.67894487849014,259.32105512150986,0.0
79,7,214.61632995785826,334.5,0.4500000000000002
79,2,423.321055121509,556.321055121509,0.0
79,10,263.6850161521888,753.6850161521888,0.0
79,9,215.47231778850096,422.52768221149904,1.1250000000000007
79,8,495.2144787844232,260.7855212155768,0.0
79,3,677.8063364957485,626.1936635042515,0.0
79,1,679.1380499753047,597.1380499753047,0.0
80,5,254.017243942702,278.982756057298,0.0
80,4,260.63961030679076,707.6396103067908,0.0
80,6,378.40306627407796,259.5,0.0
80,7,213.5,335.5806167633213,0.4500000000000002
80,2,422.7243507238892,557.2756492761108,0.0
80,10,264.63961030679064,754.6396103067907,0.0
80,9,214.17294269393952,423.82705730606045,1.1350000000000007
80,8,494.16042558695915,261.5,0.0
80,3,678.7609306503504,625.2390693496496,0.0
80,1,680.0926441299066,598.0926441299066,0.0
81,5,253.06264978810017,279.93735021189985,0.0
81,4,261.5942044613926,708.5942044613927,0.0
81,6,377.1839701316596,259.1839701316596,0.0
81,7,213.01083975908622,336.98916024091375,0.4500000000000002
81,2,423.2302434307127,558.2302434307127,0.0
81,10,265.5942044613925,755.5942044613926,0.0
81,9,212.8846084602672,425.1153915397328,1.1450000000000007
81,8,493.0123972564061,261.0123972564061,0.0
81,3,679.7155248049522,624.2844751950478,0.0
81,1,681.0472382845085,599.0472382845085,0.0
82,5,251.9457069611976,280.5,0.0
82,4,262.5487986159945,709.5487986159945,0.0
82,6,376.2293759770577,258.2293759770577,0.0
82,7,211.8715773970077,338.12842260299226,0.4500000000000002
82,2,424.18483758531454,559.1848375853145,0.0
82,10,266.5487986159944,756.5487986159944,0.0
82,9,211.60721907878275,426.39278092121725,1.1550000000000007
82,8,492.0578031018042,260.9421968981958,0.0
82,3,680.7405845398182,623.5,0.0
82,1,682.0018324391103,600.0018324391103,0.0
83,5,250.86056826008303,281.139431739917,0.0
83,4,263.5,710.5047981021913,0.0
83,6,375.27478182245585,257.72521817754415,0.0
83,7,210.43942181611575,338.4394218161158,0.4500000000000002
83,2,425.1394317399164,560.1394317399164,0.0
83,10,267.50339277059624,757.5033927705963,0.0
83,9,210.34068019613835,425.65931980386165,1.1650000000000007
83,8,491.10320894720235,261.1032089472024,0.0
83,3,682.0905845398182,623.5,0.0
83,1,682.9564265937122,600.9564265937122,0.0
84,5,249.9059741054812,282.09402589451884,0.0
84,4,263.5,711.8547981021914,0.0
84,6,374.2457069611972,258.5,0.0
84,7,209.30015945403724,337.69984054596273,0.4500000000000002
84,2,426.09402589451827,561.0940258945183,0.0
84,10,268.4579869251981,758.4579869251982,0.0
84,9,208.91295863771842,426.5,1.1750000000000007
84,8,490.0030662740784,260.5,0.0
84,3,683.4405845398182,623.5,0.0
84,1,683.9110207483141,601.9110207483141,0.0
85,5,248.72413408594377,282.5,0.0
85,4,263.0016324825731,712.9983675174269,0.0
85,6,373.07270029443873,258.07270029443873,0.0
85,7,208.0204360684079,338.5,0.4500000000000002
85,2,427.04862004912013,562.0486200491201,0.0
85,10,269.41258107979996,759.4125810798,0.0
85,9,207.54689131869537,427.4531086813046,1.1850000000000007
85,8,488.90112741918523,261.09887258081477,0.0
85,3,684.7905845398183,623.5,0.0
85,1,684.8656149029159,602.8656149029159,0.0
86,5,247.4109993586506,282.4109993586506,0.0
86,4,262.0470383279712,713.9529616720288,0.0
86,6,372.11810613983687,257.88189386016313,0.0
86,7,206.72874151106677,337.72874151106674,0.4500000000000002
86,2,427.5,563.2116523516823,0.0
86,10,270.3671752344018,760.3671752344019,0.0
86,9,206.01946051908843,427.01946051908845,1.1950000000000007
86,8,487.94653326458337,260.94653326458337,0.0
86,3,686.1405845398183,623.5,0.0
86,1,685.8202090575178,603.8202090575178,0.0
87,5,246.45640520404876,281.54359479595126,0.0
87,4,261.09244417336936,714.9075558266306,0.0
87,6,371.163511985235,258.163511985235,0.0
87,7,205.29658593017479,337.7034140698252,0.4500000000000002
87,2,427.5,564.5616523516824,0.0
87,10,271.3217693890037,761.3217693890037,0.0
87,9,204.79541174958197,427.204588250418,1.2050000000000007
87,8,486.9919391099815,259.9919391099815,0.0
87,3,687.4905845398183,623.5,0.0
87,1,686.7748032121197,604.7748032121197,0.0
88,5,245.5018110494469,282.4981889505531,0.0
88,4,260.1378500187675,715.8621499812325,0.0
88,6,370.5,257.0883476483164,0.0
88,7,204.0153823424961,338.5,0.4500000000000002
88,2,427.791082169366,565.791082169366,0.0
88,10,272.27636354360556,762.2763635436056,0.0
88,9,203.58176510598085,428.4182348940192,1.2150000000000007
88,8,486.03734495537964,259.0373449553797,0.0
88,3,688.7408296376728,623.2591703623272,0.0
88,1,687.7293973667215,605.7293973667215,0.0
89,5,244.5472168948451,283.45278310515494,0.0
89,4,259.18325586416563,716.8167441358344,0.0
89,6,369.96143045721783,255.96143045721786,0.0
89,7,202.7251679872043,339.2748320127957,0.4500000000000002
89,2,428.5,566.8474387893093,0.0
89,10,273.2309576982074,763.2309576982075,0.0
89,9,202.08554210518574,428.91445789481423,1.2250000000000008
89,8,484.9099205235707,258.5,0.0
89,3,689.6954237922747,622.3045762077253,0.0
89,1,688.6839915213234,606.6839915213234,0.0
90,5,243.29972952142978,283.2997295214298,0.0
90,4,258.22866170956377,717.7713382904362,0.0
90,6,369.006836302616,255.006836302616,0.0
90,7,201.58590562512578,340.4140943748742,0.4500000000000002
90,2,428.9931636973831,567.9931636973831,0.0
90,10,274.1855518528093,764.1855518528093,0.0
90,9,200.89244530697206,430.1075546930279,1.2350000000000008
90,8,483.55992052357067,258.5,0.0
90,3,690.6500179468766,621.3499820531234,0.0
90,1,689.6385856759252,607.6385856759252,0.0
91,5,242.28098833543615,282.5,0.0
91,4,257.2740675549619,718.7259324450381,0.0
91,6,368.05224214801416,254.05224214801416,0.0
91,7,200.44664326304726,339.5533567369527,0.4500000000000002
91,2,429.052242148015,568.947757851985,0.0
91,10,275.14014600741115,765.1401460074112,0.0
91,9,199.4166057487521,430.4166057487521,1.2450000000000008
91,8,482.5877760539472,259.4122239460528,0.0
91,3,691.6046121014784,620.3953878985216,0.0
91,1,690.5931798305271,608.5931798305271,0.0
92,5,241.09764799341264,282.90235200658736,0.0
92,4,256.31947340036004,719.68052659964,0.0
92,6,367.0976479934123,253.09764799341232,0.0
92,7,199.30738090096875,340.6926190990312,0.4500000000000002
92,2,428.5,570.0690116645632,0.0
92,10,276.094740162013,766.0947401620131,0.0
92,9,198.5,429.1375776004334,1.2550000000000008
92,8,481.63318189934535,258.6331818993454,0.0
92,3,692.5592062560803,619.4407937439197,0.0
92,1,691.547773985129,609.547773985129,0.0
93,5,240.1430538388108,283.85694616118917,0.0
93,4,255.5,720.6910896032068,0.0
93,6,366.1430538388105,252.14305383881046,0.0
93,7,198.16811853889024,341.83188146110973,0.4500000000000002
93,2,429.14983938000216,571.1498393800022,0.0
93,10,277.0493343166149,767.0493343166149,0.0
93,9,197.7879476983679,427.7879476983679,1.2650000000000008
93,8,480.3856945259301,258.61430547406997,0.0
93,3,693.5138004106822,618.4861995893178,0.0
93,1,692.5023681397308,610.5023681397308,0.0
94,5,239.18845968420896,284.81154031579104,0.0
94,4,255.5,722.0410896032068,0.0
94,6,365.1884596842086,251.18845968420865,0.0
94,7,196.83370201541885,342.5,0.4500000000000002
94,2,430.104433534604,572.104433534604,0.0
94,10,278.00392847121674,768.0039284712168,0.0
94,9,196.63497063361865,426.63497063361865,1.2750000000000008
94,8,479.4311003713282,259.4311003713282,0.0
94,3,694.468394565284,617.531605434716,0.0
94,1,693.4569622943327,611.4569622943327,0.0
95,5,238.1236290225554,285.5,0.0
95,4,254.8699044989276,723.1300955010723,0.0
95,6,364.23386552960676,250.23386552960682,0.0
95,7,195.59670059591977,343.4032994040802,0.4500000000000002
95,2,431.0590276892059,571.9409723107941,0.0
95,10,278.9585226258186,768.9585226258187,0.0
95,9,195.49182682256,425.49182682256,1.2850000000000008
95,8,478.47650621672636,258.47650621672636,0.0
95,3,695.4229887198859,616.5770112801141,0.0
95,1,694.4115564489346,612.4115564489346,0.0
96,5,236.98637815619182,286.0136218438082,0.0
96,4,253.9153103443258,724.0846896556742,0.0
96,6,363.27927137500495,249.27927137500495,0.0
96,7,194.1645450150278,343.83545498497216,0.4500000000000002
96,2,432.01362184380775,572.0136218438078,0.0
96,10,279.91311678042047,769.9131167804205,0.0
96,9,194.35844003765268,424.3584400376527,1.2950000000000008
96,8,477.5219120621245,257.5219120621245,0.0
96,3,696.3775828744878,615.6224171255122,0.0
96,1,695.3661506035364,613.3661506035364,0.0
97,5,236.03178400158995,286.03178400159,0.0
97,4,252.96071618972397,725.0392838102761,0.0
97,6,362.2520561473011,248.50000000000003,0.0
97,7,193.0252826529493,344.97471734705067,0.4500000000000002
97,2,433.1621574150709,572.5,0.0
97,10,280.86771093502233,770.8677109350224,0.0
97,9,193.7652647758936,423.2347352241064,1.3050000000000008
97,8,476.56731790752264,256.5673179075227,0.0
97,3,697.6768760408338,615.5,0.0
97,1,696.3207447581383,614.3207447581383,0.0
98,5,234.90205614730155,285.5,0.0
98,4,252.00612203512213,725.9938779648779,0.0
98,6,360.9020561473011,248.50000000000003,0.0
98,7,191.8860202908708,346.1139797091292,0.4500000000000002
98,2,434.2157033718249,573.2157033718249,0.0
98,10,281.8223050896242,771.8223050896243,0.0
98,9,194.87936152697782,422.1206384730222,1.3150000000000008
98,8,475.61272375292083,257.38727624707917,0.0
98,3,699.0268760408338,615.5,0.0
98,1,697.2753389127402,615.2753389127402,0.0
99,5,233.8297024735728,286.1702975264272,0.0
99,4,251.05152788052027,726.9484721194798,0.0
99,6,359.8297024735725,247.82970247357252,0.0
99,7,190.74675792879228,347.2532420712077,0.4500000000000002
99,2,435.17029752642674,572.8297024735732,0.0
99,10,282.77689924422606,772.7768992442261,0.0
99,9,195.01607699534918,421.0160769953492,1.3250000000000008
99,8,474.658129598319,256.65812959831896,0.0
99,3,700.3768760408338,615.5,0.0
99,1,698.5322812434597,615.5,0.0
100,5,232.6162697096746,286.5,0.0
100,4,250.0969337259184,727.9030662740817,0.0
100,6,358.8751083189707,246.87510831897066,0.0
100,7,189.31460234790032,347.31460234790035,0.4500000000000002
100,2,436.38373029032476,572.5,0.0
100,10,283.2685066011721,773.731493398828,0.0
100,9,193.6811407855485,420.5,1.3350000000000009
100,8,473.70353544371716,257.29646455628284,0.0
100,3,701.7268760408339,615.5,0.0
100,1,699.8822812434597,615.5,0.0
101,5,231.62762094555566,287.37237905444437,0.0
101,4,249.14233957131654,728.8576604286835,0.0
101,6,357.92051416436885,245.92051416436883,0.0
101,7,188.04086140478898,346.5,0.4500000000000002
101,2,437.3723790544439,571.6276209455561,0.0
101,10,282.3139124465702,774.6860875534298,0.0
101,9,192.54238093365248,419.54238093365245,1.3450000000000009
101,8,472.45604807030185,257.54395192969815,0.0
101,3,703.0768760408339,615.5,0.0
101,1,701.2322812434597,615.5,0.0
102,5,230.67302679095383,288.32697320904623,0.0
102,4,248.18774541671468,729.8122545832853,0.0
102,6,356.965920009767,244.965920009767,0.0
102,7,186.74318440492985,347.2568155950701,0.4500000000000002
102,2,438.3269732090457,570.6730267909543,0.0
102,10,281.35931829196835,775.6406817080317,0.0
102,9,192.17310614716737,418.1731061471674,1.3550000000000009
102,8,471.5014539157,258.49854608429996,0.0
102,3,704.4268760408339,615.5,0.0
102,1,702.5822812434598,615.5,0.0
103,5,229.71843263635196,289.28156736364804,0.0
103,4,247.23315126211287,730.7668487378871,0.0
103,6,356.0113258551651,244.98867414483485,0.0
103,7,185.60392204285134,348.39607795714863,0.4500000000000002
103,2,439.2815673636476,571.2815673636476,0.0
103,10,280.4047241373665,776.5952758626336,0.0
103,9,191.10597940112353,417.10597940112353,1.3650000000000009
103,8,470.25396654228473,258.7460334577153,0.0
103,3,705.7768760408339,615.5,0.0
103,1,703.9322812434598,615.5,0.0
104,5,228.7638384817501,290.23616151824984,0.0
104,4,246.27855710751103,731.721442892489,0.0
104,6,354.87312395916655,245.49999999999997,0.0
104,7,184.46465968077283,349.53534031922715,0.4500000000000002
104,2,440.23616151824945,572.2361615182494,0.0
104,10,279.4501299827646,777.5498700172354,0.0
104,9,190.0388526550797,416.03885265507967,1.3650000000000009
104,8,469.29937238768287,259.29937238768287,0.0
104,3,707.126876040834,615.5,0.0
104,1,705.2822812434598,615.5,0.0
105,5,227.52312395916695,290.5,0.0
105,4,245.67603704709083,732.6760370470909,0.0
105,6,353.809244327148,246.19075567285196,0.0
105,7,183.3253973186943,350.67460268130566,0.4500000000000002
105,2,439.8092443271487,573.1907556728513,0.0
105,10,278.49553582816276,778.5044641718373,0.0
105,9,190.02827409096417,414.97172590903585,1.3650000000000009
105,8,468.344778233081,258.34477823308106,0.0
105,3,708.476876040834,615.5,0.0
105,1,706.6322812434598,615.5,0.0
106,5,226.56175695373298,291.438243046267,0.0
106,4,246.3693687983073,733.6306312016927,0.0
106,6,352.58733752153967,246.49999999999997,0.0
106,7,182.05612779889125,351.5,0.4500000000000002
106,2,440.1453498274532,574.1453498274532,0.0
106,10,277.5409416735609,779.4590583264392,0.0
106,9,189.90459916299199,413.904599162992,1.3650000000000009
106,8,467.39018407847914,257.3901840784792,0.0
106,3,709.826876040834,615.5,0.0
106,1,707.9822812434599,615.5,0.0
107,5,225.3142695803177,291.68573041968233,0.0
107,4,245.5,734.6205268547299,0.0
107,6,351.6071627991309,247.39283720086908,0.0
107,7,180.75397937572384,350.7539793757238,0.4500000000000002
107,2,441.09994398205504,575.099943982055,0.0
107,10,276.58634751895903,780.413652481041,0.0
107,9,190.16252758305185,412.8374724169481,1.3650000000000009
107,8,466.4355899238773,256.56441007612267,0.0
107,3,711.176876040834,615.5,0.0
107,1,709.3322812434599,615.5,0.0
108,5,224.35967542571584,292.35967542571586,0.0
108,4,245.83271272970987,735.8327127297099,0.0
108,6,350.652568644529,246.65256864452903,0.0
108,7,179.24802079415906,350.5,0.4500000000000002
108,2,442.0545381366569,576.0545381366569,0.0
108,10,275.63175336435717,781.3682466356429,0.0
108,9,189.77034567090428,411.7703456709043,1.3650000000000009
108,8,465.48099576927547,257.4809957692754,0.0
108,3,712.5190042307252,615.4809957692748,0.0
108,1,710.6822812434599,615.5,0.0
109,5,223.3657646462862,291.5,0.0
109,4,246.7873068843117,736.7873068843118,0.0
109,6,349.36576464628587,246.49999999999997,0.0
109,7,177.8896682139399,349.8896682139399,0.4500000000000002
109,2,443.00913229125877,577.0091322912588,0.0
109,10,274.6771592097553,782.3228407902448,0.0
109,9,190.29678107513956,410.70321892486044,1.3650000000000009
109,8,464.5264016146736,256.5264016146736,0.0
109,3,713.473598385327,614.526401614673,0.0
109,1,712.0322812434599,615.5,0.0
110,5,222.15759389769872,291.8424061023013,0.0
110,4,247.74190103891357,737.7419010389136,0.0
110,6,348.15759389769846,246.15759389769843,0.0
110,7,176.7504058518614,348.7504058518614,0.4500000000000002
110,2,443.96372644586063,577.9637264458606,0.0
110,10,273.72256505515344,783.2774349448466,0.0
110,9,189.6360921788166,409.63609217881657,1.3650000000000009
110,8,463.57180746007174,255.57180746007177,0.0
110,3,714.4281925399289,613.5718074600711,0.0
110,1,713.1238670501642,614.8761329498358,0.0
111,5,221.20299974309685,292.7970002569031,0.0
111,4,248.69649519351543,738.6964951935155,0.0
111,6,347.07997820865893,245.49999999999997,0.0
111,7,175.61114348978288,347.6111434897829,0.4500000000000002
111,2,444.5,579.0915946665941,0.0
111,10,272.7679709005516,784.2320290994485,0.0
111,9,188.56896543277273,408.56896543277276,1.3650000000000009
111,8,462.6172133054699,254.61721330546993,0.0
111,3,715.3827866945308,612.6172133054692,0.0
111,1,714.0784612047661,613.9215387952339,0.0
112,5,220.24840558849502,293.751594411505,0.0
112,4,249.65108934811732,739.6510893481172,0.0
112,6,345.7299782086589,245.49999999999997,0.0
112,7,174.52811887229564,346.47188112770436,0.4500000000000002
112,2,445.1658079738778,580.1658079738778,0.0
112,10,271.8133767459497,785.1866232540503,0.0
112,9,189.4981613132711,407.5018386867289,1.3650000000000009
112,8,461.66261915086807,253.66261915086804,0.0
112,3,716.3373808491326,611.6626191508674,0.0
112,1,715.033055359368,612.966944640632,0.0
113,5,219.29381143389318,294.70618856610685,0.0
113,4,250.60568350271913,740.6056835027191,0.0
113,6,344.70802499626603,246.29197500373397,0.0
113,7,175.33261876562585,345.33261876562585,0.4500000000000002
113,2,444.87959787152033,581.1204021284797,0.0
113,10,270.85878259134785,786.1412174086522,0.0
113,9,188.43471194068505,406.434711940685,1.3650000000000009
113,8,460.7080249962662,252.7080249962662,0.0
113,3,717.2919750037345,610.7080249962655,0.0
113,1,715.9876495139698,612.0123504860302,0.0
114,5,218.33921727929132,295.33921727929135,0.0
114,4,251.56027765732097,741.560277657321,0.0
114,6,343.444191771032,246.49999999999997,0.0
114,7,174.19335640354734,344.19335640354734,0.4500000000000002
114,2,443.92500371691847,582.0749962830815,0.0
114,10,269.904188436746,787.0958115632541,0.0
114,9,187.36758519464118,405.3675851946412,1.3650000000000009
114,8,459.75343084166434,251.75343084166437,0.0
114,3,718.2465691583363,609.7534308416637,0.0
114,1,716.9422436685717,611.0577563314283,0.0
115,5,217.38462312468948,294.3846231246895,0.0
115,4,252.5148718119228,742.5148718119228,0.0
115,6,342.21305024943547,246.2130502494354,0.0
115,7,173.94590595853117,343.05409404146883,0.4500000000000002
115,2,444.0295904376834,583.0295904376834,0.0
115,10,268.9495942821441,788.0504057178559,0.0
115,9,186.30045844859734,404.30045844859734,1.3650000000000009
115,8,458.79883668706253,250.79883668706253,0.0
115,3,719.2011633129382,608.7988366870618,0.0
115,1,717.8968378231735,610.1031621768265,0.0
116,5,216.43002897008765,293.5699710299124,0.0
116,4,253.46946596652467,743.4694659665247,0.0
116,6,341.2584560948336,245.74154390516637,0.0
116,7,173.91483167939032,341.9148316793903,0.4500000000000002
116,2,444.5,584.1847404171019,0.0
116,10,267.99500012754226,789.0049998724578,0.0
116,9,185.5,403.1228740770962,1.3650000000000009
116,8,457.84424253246067,249.84424253246073,0.0
116,3,720.1557574675401,607.8442425324599,0.0
116,1,718.8514319777754,609.1485680222246,0.0
117,5,215.47543481548578,294.5245651845142,0.0
117,4,254.4240601211265,744.4240601211266,0.0
117,6,340.30386194023174,246.30386194023174,0.0
117,7,172.7755693173118,340.7755693173118,0.4500000000000002
117,2,445.23167196570057,585.2316719657006,0.0
117,10,267.0404059729404,789.9595940270597,0.0
117,9,184.87331173769618,401.87331173769616,1.3650000000000009
117,8,456.8896483778588,248.8896483778589,0.0
117,3,721.3631675418495,607.5,0.0
117,1,719.8060261323773,608.1939738676227,0.0
118,5,214.52084066088395,295.47915933911605,0.0
118,4,255.37865427572837,745.3786542757284,0.0
118,6,339.34926778562993,245.65073221437007,0.0
118,7,171.6363069552333,339.6363069552333,0.4500000000000002
118,2,445.5,586.4705268547289,0.0
118,10,266.0858118183385,790.9141881816615,0.0
118,9,185.19381500834768,400.80618499165234,1.3650000000000009
118,8,455.935054223257,247.935054223257,0.0
118,3,722.7131675418495,607.5,0.0
118,1,720.8685727444754,607.5,0.0
119,5,213.5662465062821,296.4337534937179,0.0
119,4,256.33324843033023,746.3332484303303,0.0
119,6,338.3510460205244,246.49999999999997,0.0
119,7,171.20415137434134,338.20415137434134,0.4500000000000002
119,2,446.43375349371775,587.4337534937177,0.0
119,10,265.13121766373666,791.8687823362634,0.0
119,9,184.73905824560848,399.7390582456085,1.3650000000000009
119,8,454.9804600686552,246.98046006865513,0.0
119,3,724.0631675418496,607.5,0.0
119,1,722.2185727444754,607.5,0.0
120,5,212.61165235168025,297.3883476483197,0.0
120,4,257.2878425849321,747.2878425849322,0.0
120,6,337.14718625761276,246.14718625761276,0.0
120,7,170.5,336.88466014000454,0.4500000000000002
120,2,447.3883476483196,588.3883476483196,0.0
120,10,264.1766235091348,792.8233764908653,0.0
120,9,185.32806850043536,398.6719314995646,1.3650000000000009
120,8,454.0258659140533,246.0258659140533,0.0
120,3,725.4131675418496,607.5,0.0
120,1,723.5685727444754,607.5,0.0
121,5,211.6570581970784,298.3429418029216,0.0
121,4,258.24243673953396,748.242436739534,0.0
121,6,336.06525958289745,245.49999999999997,0.0
121,7,169.63273343137087,335.63273343137087,0.4500000000000002
121,2,446.6570581970785,589.3429418029215,0.0
121,10,263.22202935453294,793.7779706454671,0.0
121,9,184.60480475352077,397.6048047535208,1.3650000000000009
121,8,453.07127175945146,245.07127175945146,0.0
121,3,726.7631675418496,607.5,0.0
121,1,724.9185727444755,607.5,0.0
122,5,210.37211383239017,298.5,0.0
122,4,259.1970308941358,749.1970308941359,0.0
122,6,334.71525958289743,245.49999999999997,0.0
122,7,168.50652893070765,334.49347106929235,0.4500000000000002
122,2,447.29753595752334,590.2975359575233,0.0
122,10,262.26743519993107,794.732564800069,0.0
122,9,184.5,396.13907118680396,1.3650000000000009
122,8,452.1166776048496,244.11667760484963,0.0
122,3,728.1131675418496,607.5,0.0
122,1,726.2685727444755,607.5,0.0
123,5,209.02211383239018,298.5,0.0
123,4,260.1516250487377,750.1516250487377,0.0
123,6,333.69761735618033,246.30238264381964,0.0
123,7,169.5,333.2938199764659,0.4500000000000002
123,2,448.54502333093865,590.5450233309386,0.0
123,10,261.3128410453292,795.6871589546708,0.0
123,9,183.88476482380617,394.88476482380617,1.3650000000000009
123,8,451.1620834502478,243.16208345024776,0.0
123,3,729.4631675418497,607.5,0.0
123,1,727.6185727444755,607.5,0.0
124,5,207.67211383239018,298.5,0.0
124,4,261.10621920333955,751.1062192033396,0.0
124,6,332.450129982765,246.45012998276502,0.0
124,7,168.92205312632186,331.9220531263219,0.4500000000000002
124,2,449.4996174855405,591.4996174855405,0.0
124,10,260.35824689072734,796.6417531092727,0.0
124,9,182.81763807776233,393.8176380777623,1.3650000000000009
124,8,450.2074892956459,242.20748929564593,0.0
124,3,730.428549673676,608.428549673676,0.0
124,1,728.9685727444755,607.5,0.0
125,5,206.66710870341726,299.3328912965827,0.0
125,4,262.0608133579414,752.0608133579415,0.0
125,6,331.4955358281632,245.5044641718368,0.0
125,7,167.78279076424334,330.7827907642434,0.4500000000000002
125,2,449.2528951410442,592.7471048589558,0.0
125,10,259.4036527361255,797.5963472638746,0.0
125,9,181.75051133171846,392.7505113317185,1.3650000000000009
125,8,449.25289514104406,241.2528951410441,0.0
125,3,731.3831438282779,607.6168561717221,0.0
125,1,730.0788183385131,608.0788183385131,0.0
126,5,205.71251454881542,300.2874854511846,0.0
126,4,263.0154075125433,753.0154075125433,0.0
126,6,330.54094167356135,246.45905832643862,0.0
126,7,166.64352840216483,329.64352840216486,0.4500000000000002
126,2,448.7016990135577,593.7016990135577,0.0
126,10,258.4490585815236,798.5509414184764,0.0
126,9,181.39049136686117,391.39049136686117,1.3650000000000009
126,8,448.29830098644226,240.29830098644223,0.0
126,3,732.6847404171035,607.5,0.0
126,1,731.033412493115,607.966587506885,0.0
127,5,204.75792039421358,301.24207960578644,0.0
127,4,263.97000166714514,753.9700016671452,0.0
127,6,329.5863475189595,247.41365248104046,0.0
127,7,165.21137282127287,329.2113728212729,0.4500000000000002
127,2,449.65629316815955,594.6562931681596,0.0
127,10,257.49446442692175,799.5055355730783,0.0
127,9,180.5,390.25019985116495,1.3650000000000009
127,8,447.3437068318404,239.3437068318404,0.0
127,3,733.8781185751084,607.8781185751084,0.0
127,1,732.1901456197293,607.5,0.0
128,5,203.80332623961172,302.19667376038825,0.0
128,4,264.924595821747,754.9245958217471,0.0
128,6,328.33886014554423,247.33886014554417,0.0
128,7,164.5,327.8948728081951,0.4500000000000002
128,2,450.5,595.6568183557443,0.0
128,10,256.5398702723199,800.4601297276802,0.0
128,9,180.5,388.7410547341387,1.3650000000000009
128,8,446.38911267723853,238.38911267723856,0.0
128,3,734.8327127297102,608.1672872702898,0.0
128,1,733.5283872399455,607.5283872399455,0.0
129,5,202.84873208500989,301.8487320850099,0.0
129,4,265.87918997634887,755.8791899763489,0.0
129,6,327.3363273947629,246.49999999999997,0.0
129,7,164.34706165948896,326.34706165948893,0.4500000000000002
129,2,450.85837469617667,596.8583746961766,0.0
129,10,255.58527611771802,801.414723882282,0.0
129,9,180.31043147228928,387.3104314722893,1.3650000000000009
129,8,445.4345185226367,237.4345185226367,0.0
129,3,735.9063132923573,607.5,0.0
129,1,734.4829813945473,608.4829813945473,0.0
130,5,201.64318164425563,301.5,0.0
130,4,266.83378413095073,756.8337841309508,0.0
130,6,325.9863273947629,246.49999999999997,0.0
130,7,163.20779929741042,325.2077992974104,0.4500000000000002
130,2,451.8129688507785,597.8129688507785,0.0
130,10,254.63068196311613,802.3693180368838,0.0
130,9,179.24330472624544,386.2433047262454,1.3650000000000009
130,8,444.47992436803486,236.47992436803486,0.0
130,3,737.2563132923573,607.5,0.0
130,1,735.4375755491492,607.5624244508508,0.0
131,5,200.64665055699277,302.35334944300723,0.0
131,4,267.7883782855526,757.7883782855527,0.0
131,6,324.8892912441118,247.11070875588817,0.0
131,7,161.8898190822833,324.5,0.4500000000000002
131,2,452.23243699461966,598.7675630053803,0.0
131,10,253.67608780851432,803.3239121914856,0.0
131,9,178.5,385.04204650780605,1.3650000000000009
131,8,443.525330213433,235.52533021343302,0.0
131,3,738.2822816311426,608.2822816311426,0.0
131,1,736.7617184949831,607.5,0.0
132,5,199.39916318357749,302.39916318357746,0.0
132,4,268.74297244015446,758.7429724401545,0.0
132,6,323.93469708950994,246.93469708950994,0.0
132,7,160.63638135443992,323.63638135443995,0.4500000000000002
132,2,451.7221571599822,599.7221571599822,0.0
132,10,252.7214936539125,804.2785063460875,0.0
132,9,178.5,383.5329013907798,1.3650000000000009
132,8,442.5707360588312,234.57073605883116,0.0
132,3,739.2368757857445,607.7631242142555,0.0
132,1,737.9325502959798,607.9325502959798,0.0
133,5,198.44456902897562,301.44456902897565,0.0
133,4,269.6975665947563,759.6975665947564,0.0
133,6,322.98010293490813,247.01989706509187,0.0
133,7,159.4971189923614,322.49711899236144,0.4500000000000002
133,2,452.5,600.749964106252,0.0
133,10,251.76689949931065,805.2331005006894,0.0
133,9,177.5,382.4379698361266,1.3650000000000009
133,8,441.6161419042293,233.61614190422932,0.0
133,3,740.477886167611,607.5,0.0
133,1,738.8871444505817,608.1128555494183,0.0
134,5,197.4899748743738,300.4899748743738,0.0
134,4,270.6521607493582,760.6521607493582,0.0
134,6,322.02550878030627,247.02550878030624,0.0
134,7,158.3578566302829,321.3578566302829,0.4500000000000002
134,2,452.9242386879993,601.9242386879994,0.0
134,10,250.81230534470882,806.1876946552912,0.0
134,9,177.09611808562974,381.0961180856297,1.3650000000000009
134,8,440.66154774962746,232.6615477496275,0.0
134,3,741.827886167611,607.5,0.0
134,1,739.983291370237,607.5,0.0
135,5,196.53538071977195,299.5353807197719,0.0
135,4,271.60675490396005,761.6067549039601,0.0
135,6,321.0709146257044,246.92908537429554,0.0
135,7,157.21859426820438,320.2185942682044,0.4500000000000002
135,2,453.1211671573988,602.8788328426012,0.0
135,10,249.85771119010695,807.1422888098931,0.0
135,9,176.5,379.83389316444715,1.3650000000000009
135,8,439.70695359502565,231.70695359502562,0.0
135,3,743.1778861676111,607.5,0.0
135,1,741.333291370237,607.5,0.0
136,5,196.28789334635664,298.28789334635667,0.0
136,4,272.5613490585619,762.561349058562,0.0
136,6,320.1163204711026,247.8836795288974,0.0
136,7,156.07933190612587,319.0793319061259,0.4500000000000002
136,2,452.83342699720305,603.8334269972031,0.0
136,10,248.9031170355051,808.096882964495,0.0
136,9,175.66897137472856,378.6689713747286,1.3650000000000009
136,8,438.7523594404238,230.7523594404238,0.0
136,3,744.2268252794056,608.2268252794056,0.0
136,1,742.683291370237,607.5,0.0
137,5,195.3332991917548,297.3332991917548,0.0
137,4,273.5159432131638,763.5159432131638,0.0
137,6,319.0216087690015,248.50000000000003,0.0
137,7,154.70813875520605,318.5,0.4500000000000002
137,2,453.7880211518049,604.788021151805,0.0
137,10,248.5,809.2799064211652,0.0
137,9,175.30895140987127,377.30895140987127,1.3650000000000009
137,8,437.7977652858219,229.79776528582195,0.0
137,3,745.1814194340075,609.1814194340075,0.0
137,1,743.8770939442429,607.8770939442429,0.0
138,5,194.37870503715297,296.37870503715294,0.0
138,4,274.47053736776564,764.4705373677657,0.0
138,6,317.67160876900147,248.50000000000003,0.0
138,7,153.5079139631554,317.50791396315543,0.4500000000000002
138,2,454.7426153064068,605.7426153064068,0.0
138,10,247.7010355074879,810.2989644925121,0.0
138,9,174.24182466382743,376.2418246638274,1.3650000000000009
138,8,436.8431711312201,228.8431711312201,0.0
138,3,745.5,610.3994590428649,0.0
138,1,744.5,608.969077807864,0.0
139,5,193.5,295.39267658086726,0.0
139,4,275.4251315223675,765.4251315223676,0.0
139,6,316.66675156967017,249.33324843032986,0.0
139,7,152.31424531284696,316.5,0.4500000000000002
139,2,455.5,606.7788962943868,0.0
139,10,247.49999999999997,811.5656928587921,0.0
139,9,173.17469791778356,375.1746979177836,1.3650000000000009
139,8,435.88857697661825,227.88857697661825,0.0
139,3,745.3236058191619,611.6763941808381,0.0
139,1,744.5,610.319077807864,0.0
140,5,193.17662350913582,294.1766235091358,0.0
140,4,276.3797256769694,766.3797256769694,0.0
140,6,315.7121574150683,248.71215741506836,0.0
140,7,150.93649602018493,315.93649602018496,0.4500000000000002
140,2,455.5,608.1288962943868,0.0
140,10,247.49999999999997,812.9156928587921,0.0
140,9,172.89242882826028,374.1075711717397,1.3650000000000009
140,8,434.9339828220164,226.93398282201642,0.0
140,3,744.5,612.6852454804919,0.0
140,1,744.5,611.669077807864,0.0
141,5,192.777970645466,293.22202935453396,0.0
141,4,277.33431983157124,767.3343198315713,0.0
141,6,314.4500358937476,248.50000000000003,0.0
141,7,150.5,314.50613830811477,0.4500000000000002
141,2,455.5,609.4788962943868,0.0
141,10,248.041426612758,814.041426612758,0.0
141,9,173.04044442569588,373.04044442569585,1.3650000000000009
141,8,433.9793886674146,225.97938866741455,0.0
141,3,744.5,614.0352454804919,0.0
141,1,744.5,613.019077807864,0.0
142,5,193.26743519993212,292.26743519993215,0.0
142,4,278.2889139861731,768.2889139861732,0.0
142,6,313.21718266823774,248.78281733176232,0.0
142,7,149.3091915869352,313.5,0.4500000000000002
142,2,456.4396715812546,610.4396715812546,0.0
142,10,248.00397923264018,814.9960207673598,0.0
142,9,173.026682320348,371.97331767965204,1.3650000000000009
142,8,433.0247945128127,225.02479451281272,0.0
142,3,744.5,615.3852454804919,0.0
142,1,744.5,614.3690778078641,0.0
143,5,192.3128410453303,291.3128410453303,0.0
143,4,279.24350814077496,769.243508140775,0.0
143,6,312.2625885136359,249.2625885136359,0.0
143,7,147.69803130338258,313.5,0.4500000000000002
143,2,457.39426573585644,611.3942657358565,0.0
143,10,247.49999999999997,816.1372657340459,0.0
143,9,172.90619093360817,370.9061909336082,1.3650000000000009
143,8,432.07020035821085,224.07020035821088,0.0
143,3,743.6265495443141,616.3734504556859,0.0
143,1,744.6549114035482,615.6549114035482,0.0
144,5,191.35824689072845,290.3582468907284,0.0
144,4,280.1981022953768,770.1981022953769,0.0
144,6,311.307994359034,248.692005640966,0.0
144,7,146.50076691543052,314.4992330845695,0.4500000000000002
144,2,458.3488598904583,612.3488598904584,0.0
144,10,247.49999999999997,817.4872657340459,0.0
144,9,172.5,369.5652956101954,1.3650000000000009
144,8,431.11560620360905,223.11560620360902,0.0
144,3,744.3280446102877,617.3280446102877,0.0
144,1,745.3904944418499,616.6095055581501,0.0
145,5,190.5,289.3637443927327,0.0
145,4,281.1526964499787,771.1526964499787,0.0
145,6,310.3534002044322,249.64659979556785,0.0
145,7,145.3041378610235,313.5,0.4500000000000002
145,2,458.4036527361264,613.5963472638737,0.0
145,10,247.49999999999997,818.8372657340459,0.0
145,9,171.5,368.47036405554223,1.3650000000000009
145,8,430.1610120490072,222.16101204900718,0.0
145,3,744.4244680162969,618.5755319837031,0.0
145,1,744.435900287248,617.564099712752,0.0
146,5,190.1561653627113,288.1561653627113,0.0
146,4,282.10729060458056,772.1072906045806,0.0
146,6,309.39880604983034,250.6011939501697,0.0
146,7,143.92934897246005,312.92934897246005,0.4500000000000002
146,2,457.49999999999994,614.5720420448945,0.0
146,10,247.49999999999997,820.1872657340459,0.0
146,9,171.11902425784976,367.11902425784973,1.3650000000000009
146,8,429.2064178944053,221.20641789440535,0.0
146,3,743.5301261383049,619.5301261383049,0.0
146,1,743.4813061326462,618.5186938673538,0.0
147,5,189.20157120810947,287.20157120810944,0.0
147,4,283.0618847591824,773.0618847591825,0.0
147,6,308.4442118952285,251.55578810477152,0.0
147,7,143.5028066084319,311.4971933915681,0.4500000000000002
147,2,457.7984287918907,615.7984287918907,0.0
147,10,247.52635085324974,821.5263508532497,0.0
147,9,170.0518975118059,366.0518975118059,1.3650000000000009
147,8,428.2518237398035,220.25182373980348,0.0
147,3,744.4847202929068,620.4847202929068,0.0
147,1,742.5267119780443,619.4732880219557,0.0
148,5,188.5,286.14217151747886,0.0
148,4,282.9835210862157,774.0164789137843,0.0
148,6,307.4896177406266,252.51038225937336,0.0
148,7,144.5,310.2990841351118,0.4500000000000002
148,2,458.85782848252137,616.5,0.0
148,10,248.48094500785157,822.4809450078516,0.0
148,9,168.98477076576205,364.98477076576205,1.3650000000000009
148,8,427.29722958520165,219.29722958520165,0.0
148,3,743.5606855524913,621.4393144475087,0.0
148,1,741.5721178234425,620.4278821765575,0.0
149,5,188.5,284.79217151747883,0.0
149,4,282.02892693161385,774.9710730683862,0.0
149,6,306.5350235860248,253.46497641397522,0.0
149,7,143.92577544859762,308.9257754485976,0.4500000000000002
149,2,460.00051031990785,617.0005103199078,0.0
149,10,249.43553916245344,823.4355391624534,0.0
149,9,169.0823559802818,363.9176440197182,1.3650000000000009
149,8,426.3426354305998,218.3426354305998,0.0
149,3,744.3939086021105,622.3939086021105,0.0
149,1,740.6175236688406,621.3824763311594,0.0
150,5,187.752002306677,283.752002306677,0.0
150,4,281.074332777012,775.9256672229881,0.0
150,6,305.58042943142294,254.41957056857706,0.0
150,7,142.7865130865191,307.7865130865191,0.4500000000000002
150,2,460.95510447450965,617.9551044745097,0.0
150,10,250.39013331705527,824.3901333170553,0.0
150,9,168.85051727367434,362.85051727367437,1.3650000000000009
150,8,425.388041275998,217.38804127599795,0.0
150,3,744.3586040244742,623.6413959755258,0.0
150,1,739.6629295142387,622.3370704857613,0.0
151,5,188.20259184792482,282.79740815207515,0.0
151,4,280.1197386224101,776.8802613775899,0.0
151,6,304.6258352768211,255.3741647231789,0.0
151,7,141.6472507244406,306.6472507244406,0.4500000000000002
151,2,461.9096986291115,618.9096986291115,0.0
151,10,251.34472747165714,825.3447274716572,0.0
151,9,167.7833905276305,361.7833905276305,1.3650000000000009
151,8,424.4334471213961,216.4334471213961,0.0
151,3,743.4040098698723,624.5959901301277,0.0
151,1,738.7083353596369,623.2916646403631,0.0
152,5,187.8428139974733,281.84281399747334,0.0
152,4,279.16514446780826,777.8348555321918,0.0
152,6,303.67124112221927,256.32875887778073,0.0
152,7,140.50798836236208,305.5079883623621,0.4500000000000002
152,2,462.49999999999994,620.0151877954021,0.0
152,10,252.299321626259,826.299321626259,0.0
152,9,168.28373621841334,360.71626378158663,1.3650000000000009
152,8,423.47885296679425,215.47885296679428,0.0
152,3,742.5,625.5715369815074,0.0
152,1,737.753741205035,624.246258794965,0.0
153,5,187.5,280.6348122045981,0.0
153,4,278.2105503132064,778.7894496867937,0.0
153,6,302.7166469676174,257.2833530323826,0.0
153,7,139.5,304.31435052921404,0.4500000000000002
153,2,461.8882198428713,621.1117801571287,0.0
153,10,253.25391578086086,827.2539157808609,0.0
153,9,167.6491370355428,359.6491370355428,1.3650000000000009
153,8,422.52425881219244,214.52425881219241,0.0
153,3,742.2019283418553,626.7980716581447,0.0
153,1,736.7991470504331,625.2008529495669,0.0
154,5,187.34783925064275,279.3478392506427,0.0
154,4,277.25595615860453,779.7440438413955,0.0
154,6,301.76205281301554,258.23794718698446,0.0
154,7,138.9365704193916,302.93657041939156,0.4500000000000002
154,2,461.50000000000006,622.3009742330291,0.0
154,10,254.2085099354627,828.2085099354628,0.0
154,9,167.2891170706855,358.2891170706855,1.3650000000000009
154,8,421.5696646575906,213.56966465759058,0.0
154,3,741.2473341872534,627.7526658127466,0.0
154,1,735.8445528958313,626.1554471041687,0.0
155,5,186.3490257669712,278.5,0.0
155,4,276.30136200400267,780.6986379959974,0.0
155,6,300.8074586584137,257.8074586584137,0.0
155,7,139.20269194268695,301.79730805731305,0.4500000000000002
155,2,462.3138616851459,623.313861685146,0.0
155,10,255.16310409006456,829.1631040900646,0.0
155,9,166.5,357.1068349466373,1.3650000000000009
155,8,420.6150705029887,212.61507050298874,0.0
155,3,740.2927400326515,628.7072599673485,0.0
155,1,734.8899587412294,627.1100412587706,0.0
156,5,185.1457577226256,278.1457577226256,0.0
156,4,275.3467678494008,781.6532321505993,0.0
156,6,299.8528645038118,256.8528645038118,0.0
156,7,139.5,300.3092968033023,0.4500000000000002
156,2,462.56134905856123,624.5613490585613,0.0
156,10,256.1176982446664,830.1176982446665,0.0
156,9,165.86197035978438,355.8619703597844,1.3650000000000009
156,8,419.6604763483869,211.66047634838688,0.0
156,3,739.6618541219503,629.6618541219503,0.0
156,1,733.9353645866275,628.0646354133725,0.0
157,5,184.80883643197623,277.19116356802374,0.0
157,4,274.39217369479894,782.6078263052011,0.0
157,6,298.64902576697074,256.5,0.0
157,7,139.5,298.69813651974965,0.4500000000000002
157,2,463.5159432131631,625.5159432131632,0.0
157,10,257.0722923992683,831.0722923992683,0.0
157,9,165.5,354.50275827495784,1.3650000000000009
157,8,418.70588219378504,210.70588219378504,0.0
157,3,740.5,630.6646827320151,0.0
157,1,733.5,629.2343014970144,0.0
158,5,185.7634305865781,276.23656941342193,0.0
158,4,273.4375795401971,783.562420459803,0.0
158,6,297.2990257669707,256.5,0.0
158,7,138.50084131463717,297.50084131463717,0.4500000000000002
158,2,464.47053736776496,626.470537367765,0.0
158,10,258.02688655387016,832.0268865538702,0.0
158,9,166.43482364888322,353.4348236488832,1.3650000000000009
158,8,417.7512880391832,209.7512880391832,0.0
158,3,740.8639356499675,631.8639356499675,0.0
158,1,734.2667169413896,630.2667169413896,0.0
159,5,186.5,275.19166645409047,0.0
159,4,272.4829853855952,784.5170146144048,0.0
159,6,295.9490257669707,256.5,0.0
159,7,139.63842104744134,296.36157895255866,0.4500000000000002
159,2,465.4251315223669,627.4251315223668,0.0
159,10,258.981480708472,832.9814807084721,0.0
159,9,165.36769690283936,352.3676969028394,1.3650000000000009
159,8,416.7966938845814,208.79669388458134,0.0
159,3,741.5,632.950469169642,0.0
159,1,734.4857956851951,631.5142043148049,0.0
160,5,186.0344878854048,274.03448788540476,0.0
160,4,271.52839123099335,785.4716087690067,0.0
160,6,294.86291501015063,257.13708498984937,0.0
160,7,140.77768340951985,295.22231659048015,0.4500000000000002
160,2,465.67261889578214,628.6726188957821,0.0
160,10,259.9360748630739,833.9360748630739,0.0
160,9,164.21796361099828,351.5,1.3650000000000009
160,8,415.8420997299795,207.8420997299795,0.0
160,3,740.9339828220153,634.0660171779847,0.0
160,1,733.5312015305932,632.4687984694068,0.0
161,5,185.07989373080292,273.07989373080295,0.0
161,4,270.5737970763915,786.4262029236086,0.0
161,6,293.90832085554877,258.09167914445123,0.0
161,7,141.08305422840164,294.08305422840164,0.4500000000000002
161,2,466.49999999999994,629.6799064211639,0.0
161,10,260.89066901767575,834.8906690176758,0.0
161,9,162.94055019193823,350.9405501919382,1.3650000000000009
161,8,414.88750557537765,206.88750557537767,0.0
161,3,739.9793886674134,635.0206113325866,0.0
161,1,734.4233926240087,633.4233926240087,0.0
162,5,184.1252995762011,272.1252995762011,0.0
162,4,269.6192029217896,787.3807970782104,0.0
162,6,292.9537267009469,259.0462732990531,0.0
162,7,140.5,292.71340291385195,0.4500000000000002
162,2,466.8747004237992,630.8747004237993,0.0
162,10,261.8452631722776,835.8452631722777,0.0
162,9,162.5,349.61388693931883,1.3650000000000009
162,8,413.93291142077584,205.9329114207758,0.0
162,3,739.5,636.172042044896,0.0
162,1,735.3779867786105,634.3779867786105,0.0
163,5,183.17070542159925,271.1707054215992,0.0
163,4,268.66460876718776,788.3353912328123,0.0
163,6,291.99913254634504,260.00086745365496,0.0
163,7,139.51163628543117,291.51163628543117,0.4500000000000002
163,2,467.1707054215988,631.8292945784011,0.0
163,10,262.7998573268795,836.7998573268795,0.0
163,9,163.48659651896293,348.5134034810371,1.3650000000000009
163,8,412.978317266174,204.97831726617397,0.0
163,3,738.7773071393963,637.2226928606037,0.0
163,1,734.6674190667876,635.3325809332124,0.0
164,5,182.2161112669974,270.2161112669974,0.0
164,4,267.7100146125859,789.2899853874142,0.0
164,6,291.0445383917432,260.9554616082568,0.0
164,7,138.62762607664735,290.37237392335265,0.4500000000000002
164,2,466.49999999999994,632.9014792964177,0.0
164,10,263.75445148148134,837.7544514814814,0.0
164,9,163.1533835161798,347.15338351617976,1.3650000000000009
164,8,412.0237231115721,204.02372311157214,0.0
164,3,737.8227129847944,638.1772870152056,0.0
164,1,735.2871750878143,636.2871750878143,0.0
165,5,181.5,269.1627342659559,0.0
165,4,266.75542045798403,790.244579542016,0.0
165,6,290.0899442371413,261.9100557628587,0.0
165,7,139.76688843872586,289.23311156127414,0.4500000000000002
165,2,467.03137610641824,634.0313761064183,0.0
165,10,264.7090456360832,838.7090456360833,0.0
165,9,162.08625677013592,346.08625677013595,1.3650000000000009
165,8,411.0691289569703,203.06912895697027,0.0
165,3,738.1318811698075,639.1318811698075,0.0
165,1,736.2417692424161,637.2417692424161,0.0
166,5,181.01402973898027,268.0140297389803,0.0
166,4,265.80082630338217,791.1991736966179,0.0
166,6,289.13535008253945,262.86464991746055,0.0
166,7,140.09384919919563,288.09384919919563,0.4500000000000002
166,2,467.0140297389798,634.9859702610202,0.0
166,10,265.66363979068507,839.6636397906851,0.0
166,9,161.01913002409208,345.0191300240921,1.3650000000000009
166,8,410.11453480236844,202.11453480236844,0.0
166,3,738.5,640.3294013577768,0.0
166,1,737.196363397018,638.196363397018,0.0
167,5,180.94056441562157,267.05943558437843,0.0
167,4,264.8462321487803,792.1537678512198,0.0
167,6,288.1807559279376,263.8192440720624,0.0
167,7,138.95458683711712,286.9545868371171,0.4500000000000002
167,2,466.49999999999994,636.1230521716716,0.0
167,10,266.61823394528693,840.618233945287,0.0
167,9,159.95200327804824,343.9520032780482,1.3650000000000009
167,8,409.1599406477666,201.1599406477666,0.0
167,3,737.6660373021755,641.3339626978245,0.0
167,1,738.1509575516199,639.1509575516199,0.0
168,5,181.1048414297766,266.10484142977657,0.0
168,4,263.89163799417844,793.1083620058216,0.0
168,6,287.2261617733357,264.2261617733357,0.0
168,7,138.5,285.53172258677466,0.4500000000000002
168,2,467.1880517890372,637.1880517890373,0.0
168,10,267.5728280998888,841.5728280998889,0.0
168,9,160.11512346799563,342.8848765320044,1.3650000000000009
168,8,408.20534649316477,200.20534649316474,0.0
168,3,738.2885568524264,642.2885568524264,0.0
168,1,739.1055517062217,640.1055517062217,0.0
169,5,180.15024727517473,265.15024727517476,0.0
169,4,262.9370438395766,794.0629561604235,0.0
169,6,286.27156761873385,263.72843238126615,0.0
169,7,137.5,284.33477586559513,0.4500000000000002
169,2,468.1426459436391,638.1426459436391,0.0
169,10,268.52742225449066,842.5274222544907,0.0
169,9,161.18225021403947,341.81774978596053,1.3650000000000009
169,8,407.2507523385629,199.2507523385629,0.0
169,3,737.7568489929718,643.2431510070282,0.0
169,1,740.0601458608236,641.0601458608236,0.0
170,5,179.1956531205729,264.1956531205729,0.0
170,4,261.9824496849747,795.0175503150253,0.0
170,6,285.24116139070134,264.5,0.0
170,7,136.95101331325466,282.9510133132547,0.4500000000000002
170,2,468.5,639.3446250469253,0.0
170,10,269.4820164090925,843.4820164090926,0.0
170,9,160.7506230399167,340.75062303991666,1.3650000000000009
170,8,406.29615818396104,198.29615818396107,0.0
170,3,736.8022548383699,644.1977451616301,0.0
170,1,741.0147400154254,642.0147400154254,0.0
171,5,178.75894103402894,263.24105896597104,0.0
171,4,261.02785553037285,795.9721444696272,0.0
171,6,283.8911613907013,264.5,0.0
171,7,137.18824904882385,281.8117509511762,0.4500000000000002
171,2,469.3447274716562,640.3447274716561,0.0
171,10,270.4366105636944,844.4366105636944,0.0
171,9,160.39060307505937,339.3906030750594,1.3650000000000009
171,8,405.34156402935923,197.3415640293592,0.0
171,3,735.847660683768,645.152339316232,0.0
171,1,741.9693341700273,642.9693341700273,0.0
172,5,179.2864648113692,262.2864648113692,0.0
172,4,260.073261375771,796.9267386242291,0.0
172,6,282.5411613907013,264.5,0.0
172,7,136.67248858909764,280.67248858909767,0.4500000000000002
172,2,470.299321626258,641.299321626258,0.0
172,10,271.39120471829625,845.3912047182963,0.0
172,9,159.32347632901553,338.32347632901553,1.3650000000000009
172,8,404.38696987475737,196.38696987475737,0.0
172,3,736.1069334708338,646.1069334708338,0.0
172,1,742.9239283246292,643.9239283246292,0.0
173,5,178.66812934323264,261.33187065676736,0.0
173,4,259.1186672211691,797.8813327788309,0.0
173,6,281.28161812507267,264.71838187492733,0.0
173,7,135.53322622701913,279.53322622701916,0.4500000000000002
173,2,469.74608421914024,642.2539157808598,0.0
173,10,272.3457988728981,846.3457988728982,0.0
173,9,158.2563495829717,337.25634958297167,1.3650000000000009
173,8,403.4323757201555,195.43237572015553,0.0
173,3,737.0615276254357,647.0615276254357,0.0
173,1,743.878522479231,644.878522479231,0.0
174,5,179.5,260.3264427649406,0.0
174,4,258.16407306656725,798.8359269334328,0.0
174,6,280.3270239704708,265.3270239704708,0.0
174,7,134.10107064612717,279.1010706461272,0.4500000000000002
174,2,470.2085099354616,643.2085099354616,0.0
174,10,273.3003930275,847.3003930275,0.0
174,9,157.18922283692783,336.18922283692785,1.3650000000000009
174,8,402.4777815655537,194.47778156555367,0.0
174,3,738.0161217800376,648.0161217800376,0.0
174,1,744.8331166338329,645.8331166338329,0.0
175,5,179.12978912875025,259.12978912875025,0.0
175,4,257.2094789119654,799.7905210880347,0.0
175,6,279.37242981586894,264.62757018413106,0.0
175,7,133.5,277.7388819761448,0.4500000000000002
175,2,470.50000000000006,644.4377707974328,0.0
175,10,274.25498718210184,848.2549871821019,0.0
175,9,156.12209609088399,335.122096090884,1.3650000000000009
175,8,401.52318741095183,193.52318741095183,0.0
175,3,738.9707159346394,648.9707159346394,0.0
175,1,745.7877107884348,646.7877107884348,0.0
176,5,178.1751949741484,258.1751949741484,0.0
176,4,256.2548847573635,800.7451152426365,0.0
176,6,278.4178356612671,265.5821643387329,0.0
176,7,132.5296527031567,276.5296527031567,0.4500000000000002
176,2,471.41059146347874,645.4105914634788,0.0
176,10,275.2095813367037,849.2095813367038,0.0
176,9,155.5,333.8706316118011,1.3650000000000009
176,8,400.56859325634997,192.56859325635,0.0
176,3,739.9253100892413,649.9253100892413,0.0
176,1,746.5,647.8426709366724,0.0
177,5,177.22060081954655,257.2206008195466,0.0
177,4,255.30029060276166,801.6997093972384,0.0
177,6,277.4632415066652,266.5367584933348,0.0
177,7,133.3903903410782,275.3903903410782,0.4500000000000002
177,2,472.3651856180806,646.3651856180807,0.0
177,10,276.16417549130557,850.1641754913056,0.0
177,9,155.59794383883062,332.40205616116936,1.3650000000000009
177,8,399.61399910174816,191.61399910174813,0.0
177,3,740.8799042438432,650.8799042438432,0.0
177,1,746.9897923164519,648.9897923164519,0.0
178,5,176.5,256.1690834520599,0.0
178,4,254.34569644815977,802.6543035518401,0.0
178,6,276.50864735206335,267.49135264793665,0.0
178,7,132.25112797899968,274.2511279789997,0.4500000000000002
178,2,473.31977977268247,647.3197797726825,0.0
178,10,277.11876964590743,851.1187696459075,0.0
178,9,156.5,331.26655494012164,1.3650000000000009
178,8,398.6594049471463,190.6594049471463,0.0
178,3,741.834498398445,651.834498398445,0.0
178,1,747.0556135289462,649.9443864710538,0.0
179,5,176.98148070847057,255.01851929152943,0.0
179,4,253.39110229355796,803.608897706442,0.0
179,6,275.5540531974615,268.4459468025385,0.0
179,7,131.11186561692116,273.1118656169212,0.4500000000000002
179,2,474.27437392728433,648.2743739272844,0.0
179,10,278.0733638005093,852.0733638005094,0.0
179,9,155.9749094502682,329.9749094502682,1.3650000000000009
179,8,397.70481079254444,189.70481079254446,0.0
179,3,742.7890925530469,652.7890925530469,0.0
179,1,746.1010193743443,650.8989806256557,0.0
180,5,177.0639251369276,254.0639251369276,0.0
180,4,252.43650813895613,804.5634918610439,0.0
180,6,274.5994590428596,269.4005409571404,0.0
180,7,130.5,271.7541483702471,0.4500000000000002
180,2,475.2289680818862,649.2289680818861,0.0
180,10,279.02795795511116,853.0279579551112,0.0
180,9,154.90778270422436,328.90778270422436,1.3650000000000009
180,8,396.75021663794263,188.7502166379426,0.0
180,3,743.7436867076487,653.7436867076487,0.0
180,1,745.8535747802575,651.8535747802575,0.0
181,5,176.10933098232576,253.10933098232576,0.0
181,4,251.4819139843543,805.5180860156457,0.0
181,6,273.64486488825776,270.35513511174224,0.0
181,7,130.5,270.14298808669446,0.4500000000000002
181,2,475.50000000000006,650.4667029855674,0.0
181,10,279.982552109713,853.9825521097131,0.0
181,9,154.5,327.567546713789,1.3650000000000009
181,8,395.79562248334076,187.79562248334076,0.0
181,3,744.6982808622506,654.6982808622506,0.0
181,1,746.1918310651406,652.8081689348594,0.0
182,5,175.15473682772392,252.15473682772392,0.0
182,4,250.52731982975243,806.4726801702476,0.0
182,6,272.6902707336559,271.3097292663441,0.0
182,7,129.8153988742453,268.8153988742453,0.4500000000000002
182,2,476.43104960990325,651.4310496099033,0.0
182,10,280.9371462643149,854.937146264315,0.0
182,9,153.48063599332323,326.48063599332323,1.3650000000000009
182,8,394.8410283287389,186.84102832873893,0.0
182,3,745.3471249831475,655.6528750168525,0.0
182,1,745.2372369105387,653.7627630894613,0.0
183,5,174.2001426731221,251.2001426731221,0.0
183,4,249.5727256751506,807.4272743248495,0.0
183,6,271.73567657905403,272.26432342094597,0.0
183,7,128.67613651216678,267.6761365121668,0.4500000000000002
183,2,477.3856437645051,652.3856437645052,0.0
183,10,281.89174041891675,855.8917404189168,0.0
183,9,152.4135092472794,325.41350924727936,1.3650000000000009
183,8,393.8864341741371,185.88643417413707,0.0
183,3,744.6074691714543,656.6074691714543,0.0
183,1,744.2826427559369,654.7173572440631,0.0
184,5,173.5,250.14015126392542,0.0
184,4,248.61813152054873,808.3818684794513,0.0
184,6,270.78108242445217,271.78108242445217,0.0
184,7,128.24398093127482,266.24398093127485,0.4500000000000002
184,2,477.5,653.6882758608212,0.0
184,10,282.8463345735186,856.8463345735187,0.0
184,9,151.65361749876448,324.34638250123555,1.3650000000000009
184,8,392.93184001953523,184.93184001953523,0.0
184,3,745.4379366739438,657.5620633260562,0.0
184,1,743.671951398665,655.671951398665,0.0
185,5,172.99806114510494,248.99806114510497,0.0
185,4,248.37064414713342,809.6293558528666,0.0
185,6,269.8264882698503,272.1735117301497,0.0
185,7,127.10471856919632,265.10471856919634,0.4500000000000002
185,2,477.5,655.0382758608213,0.0
185,10,283.8009287281205,857.8009287281205,0.0
185,9,152.72074424480832,323.2792557551917,1.3650000000000009
185,8,391.97724586493337,183.9772458649334,0.0
185,3,744.5,658.5235572350616,0.0
185,1,744.5,656.6789624376879,0.0
186,5,172.0434669905031,248.0434669905031,0.0
186,4,247.49999999999997,810.6187232391231,0.0
186,6,268.611724139178,272.5,0.0
186,7,125.96545620711781,263.9654562071178,0.4500000000000002
186,2,476.87189411524895,656.128105884751,0.0
186,10,284.75552288272235,858.7555228827224,0.0
186,9,153.21212900914784,322.2121290091478,1.3650000000000009
186,8,391.02265171033156,183.02265171033153,0.0
186,3,744.7641448540734,659.7641448540734,0.0
186,1,744.5,658.0289624376879,0.0
187,5,171.91112716409873,247.08887283590124,0.0
187,4,247.49999999999997,811.9687232391232,0.0
187,6,267.261724139178,272.5,0.0
187,7,124.82619384503931,262.8261938450393,0.4500000000000002
187,2,477.0827000393528,657.0827000393529,0.0
187,10,285.7101170373242,859.7101170373243,0.0
187,9,152.14500226310398,321.145002263104,1.3650000000000009
187,8,390.0680575557297,182.0680575557297,0.0
187,3,745.2812609913248,660.7187390086752,0.0
187,1,744.5,659.378962437688,0.0
188,5,172.13427868129943,246.1342786812994,0.0
188,4,247.49999999999997,813.3187232391232,0.0
188,6,265.911724139178,272.5,0.0
188,7,124.39403826414735,261.39403826414735,0.4500000000000002
188,2,478.03729419395466,658.0372941939547,0.0
188,10,286.6647111919261,860.6647111919261,0.0
188,9,151.07787551706014,320.07787551706014,1.3650000000000009
188,8,389.11346340112783,181.11346340112786,0.0
188,3,744.3266668367229,661.6733331632771,0.0
188,1,744.3380991076739,660.6619008923261,0.0
189,5,171.1796845266976,245.17968452669757,0.0
189,4,248.3264121277143,814.3264121277143,0.0
189,6,264.56172413917795,272.5,0.0
189,7,123.49999999999999,260.15320075488506,0.4500000000000002
189,2,478.5,659.1956351737019,0.0
189,10,287.61930534652794,861.619305346528,0.0
189,9,150.0107487710163,319.01074877101627,1.3650000000000009
189,8,388.158869246526,180.158869246526,0.0
189,3,743.5,662.6809165479424,0.0
189,1,743.5,661.6647488753148,0.0
190,5,170.77490962790426,244.22509037209574,0.0
190,4,247.71899371768384,815.2810062823162,0.0
190,6,263.5890514027738,273.4109485972262,0.0
190,7,122.82262032117687,258.8226203211769,0.4500000000000002
190,2,479.2393757219718,660.2393757219718,0.0
190,10,288.5738995011298,862.5738995011299,0.0
190,9,149.5,317.71316272191035,1.3650000000000009
190,8,387.20427509192416,179.20427509192416,0.0
190,3,743.1245853087058,663.8754146912942,0.0
190,1,743.5,663.0147488753148,0.0
191,5,171.5,243.17543263816395,0.0
191,4,247.49999999999997,816.540296114377,0.0
191,6,262.63445724817194,274.36554275182806,0.0
191,7,121.68335795909836,257.6833579590984,0.4500000000000002
191,2,479.5,661.4814216113288,0.0
191,10,289.52849365573167,863.5284936557317,0.0
191,9,148.58360206011514,316.58360206011514,1.3650000000000009
191,8,386.2496809373223,178.24968093732232,0.0
191,3,742.169991154104,664.830008845896,0.0
191,1,743.5,664.3647488753148,0.0
192,5,171.02300884407862,242.02300884407862,0.0
192,4,247.49999999999997,817.8902961143771,0.0
192,6,261.6798630935701,275.3201369064299,0.0
192,7,120.54409559701985,256.54409559701986,0.4500000000000002
192,2,480.4414572499889,662.4414572499888,0.0
192,10,290.48308781033353,864.4830878103336,0.0
192,9,148.22358209525785,315.2235820952578,1.3650000000000009
192,8,385.2950867827205,177.29508678272046,0.0
192,3,741.2153969995021,665.7846030004979,0.0
192,1,743.3481496140128,665.6518503859872,0.0
193,5,170.06841468947678,241.06841468947678,0.0
193,4,247.49999999999997,819.2402961143771,0.0
193,6,260.43237572015477,275.43237572015477,0.0
193,7,119.5,255.36541387016686,0.4500000000000002
193,2,480.50000000000006,663.7672080489556,0.0
193,10,291.4376819649354,865.4376819649355,0.0
193,9,147.0141544955777,314.5,1.3650000000000009
193,8,384.3404926281186,176.34049262811862,0.0
193,3,740.2608028449002,666.7391971550998,0.0
193,1,742.6064445405891,666.6064445405891,0.0
194,5,169.11382053487495,240.11382053487495,0.0
194,4,247.49999999999997,820.5902961143771,0.0
194,6,259.46857838867027,274.5,0.0
194,7,120.02732234595064,253.97267765404936,0.4500000000000002
194,2,480.93643199681946,664.9364319968195,0.0
194,10,292.39227611953726,866.3922761195373,0.0
194,9,145.7964353843567,313.7964353843567,1.3650000000000009
194,8,383.38589847351676,175.3858984735168,0.0
194,3,739.3062086902984,667.6937913097016,0.0
194,1,743.438961304809,667.561038695191,0.0
195,5,168.1592263802731,239.1592263802731,0.0
195,4,247.81133636820613,821.8113363682062,0.0
195,6,258.23029419213765,274.76970580786235,0.0
195,7,121.16658470802915,252.83341529197085,0.4500000000000002
195,2,481.8910261514213,665.8910261514213,0.0
195,10,293.3468702741391,867.3468702741392,0.0
195,9,144.4364154194994,313.4364154194994,1.3650000000000009
195,8,382.43130431891495,174.43130431891493,0.0
195,3,738.3516145356965,668.6483854643035,0.0
195,1,742.5156328497928,668.5156328497928,0.0
196,5,167.5,238.08228688765635,0.0
196,4,248.765930522808,822.765930522808,0.0
196,6,257.2757000375358,275.7242999624642,0.0
196,7,121.40125971107888,251.4012597110789,0.4500000000000002
196,2,482.15437969397686,666.8456203060231,0.0
196,10,294.301464428741,868.301464428741,0.0
196,9,143.5,312.3151462692451,1.3650000000000009
196,8,381.4767101643131,173.4767101643131,0.0
196,3,737.3970203810946,669.6029796189054,0.0
196,1,743.4702270043947,669.4702270043947,0.0
197,5,166.95714485225596,236.95714485225596,0.0
197,4,249.72052467740988,823.7205246774098,0.0
197,6,256.3211058829339,276.6788941170661,0.0
197,7,120.26199734900035,250.26199734900038,0.4500000000000002
197,2,481.8002144606249,667.8002144606249,0.0
197,10,295.25605858334285,869.2560585833429,0.0
197,9,143.99073129140174,311.00926870859826,1.3650000000000009
197,8,380.5221160097112,172.52211600971125,0.0
197,3,736.5,670.5814216113308,0.0
197,1,743.28228562219,670.71771437781,0.0
198,5,166.5,235.79650045002944,0.0
198,4,250.6751188320117,824.6751188320117,0.0
198,6,255.36651172833209,277.63348827166794,0.0
198,7,119.12273498692184,249.12273498692187,0.4500000000000002
198,2,482.5,668.8603537994632,0.0
198,10,296.2106527379447,870.2106527379448,0.0
198,9,144.5,309.7110695975656,1.3650000000000009
198,8,379.5675218551094,171.5675218551094,0.0
198,3,736.5,671.9314216113308,0.0
198,1,742.6723085324119,671.6723085324119,0.0
199,5,165.75506332423885,234.75506332423885,0.0
199,4,251.62971298661353,825.6297129866135,0.0
199,6,254.41191757373022,278.58808242626975,0.0
199,7,118.50000000000001,247.76951998071647,0.4500000000000002
199,2,483.002295988642,670.002295988642,0.0
199,10,297.1652468925466,871.1652468925466,0.0
199,9,143.5821219976971,308.58212199769713,1.3650000000000009
199,8,378.61292770050756,170.61292770050756,0.0
199,3,736.5,673.2814216113309,0.0
199,1,743.3730973129863,672.6269026870137,0.0
200,5,164.800469169637,233.800469169637,0.0
200,4,252.58430714121536,826.5843071412154,0.0
200,6,253.4573234191284,279.5426765808716,0.0
200,7,118.50000000000001,246.15835969716383,0.4500000000000002
200,2,483.95689014324387,670.9568901432439,0.0
200,10,298.11984104714844,872.1198410471485,0.0
200,9,142.51499525165326,307.51499525165326,1.3650000000000009
200,8,377.6583335459057,169.65833354590572,0.0
200,3,735.699964106247,674.300035893753,0.0
200,1,742.4185031583844,673.5814968416156,0.0
201,5,163.84587501503518,232.84587501503518,0.0
201,4,253.53890129581723,827.5389012958173,0.0
201,6,252.50272926452655,280.4972707354735,0.0
201,7,119.17373175575405,244.82626824424594,0.4500000000000002
201,2,484.50000000000006,672.0819266747169,0.0
201,10,299.0744352017503,873.0744352017504,0.0
201,9,141.44786850560942,306.4478685056094,1.3650000000000009
201,8,376.7037393913039,168.70373939130386,0.0
201,3,734.7453699516451,675.2546300483549,0.0
201,1,741.4639090037825,674.5360909962175,0.0
202,5,162.89128086043334,233.10871913956666,0.0
202,4,254.49349545041906,828.4934954504191,0.0
202,6,251.25524189111124,280.7447581088888,0.0
202,7,120.31299411783257,243.68700588216743,0.4500000000000002
202,2,484.50000000000006,673.4319266747169,0.0
202,10,300.02902935635217,874.0290293563522,0.0
202,9,140.38074175956555,305.3807417595656,1.3650000000000009
202,8,375.749145236702,167.74914523670202,0.0
202,3,733.7907757970432,676.2092242029568,0.0
202,1,740.5093148491807,675.4906851508193,0.0
203,5,161.70335469952184,233.5,0.0
203,4,255.44808960502093,829.448089605021,0.0
203,6,250.30064773650938,281.6993522634906,0.0
203,7,120.5,242.15330597125208,0.4500000000000002
203,2,485.40645904467624,674.4064590446764,0.0
203,10,300.98362351095403,874.9836235109541,0.0
203,9,139.5,304.2364118242997,1.3650000000000009
203,8,374.5023445727447,167.5,0.0
203,3,732.8361816424414,677.1638183575586,0.0
203,1,739.5547206945788,676.4452793054212,0.0
204,5,160.6891993324162,234.3108006675838,0.0
204,4,256.4026837596228,830.4026837596228,0.0
204,6,249.28228688765492,282.5,0.0
204,7,120.5,240.54214568769945,0.4500000000000002
204,2,486.3610531992781,675.3610531992781,0.0
204,10,301.9382176655559,875.938217665556,0.0
204,9,138.95359504866443,302.9535950486644,1.3650000000000009
204,8,373.5470637086849,166.5470637086849,0.0
204,3,731.8815874878395,678.1184125121605,0.0
204,1,738.6001265399769,677.3998734600231,0.0
205,5,160.4417119590009,235.5582880409991,0.0
205,4,257.35727791422465,831.3572779142247,0.0
205,6,247.93228688765493,282.5,0.0
205,7,120.09764592067808,239.09764592067808,0.4500000000000002
205,2,487.31564735387997,676.31564735388,0.0
205,10,302.89281182015776,876.8928118201578,0.0
205,9,139.11353169737944,301.8864683026206,1.3650000000000009
205,8,372.2995763352696,166.70042366473038,0.0
205,3,732.0730066667624,679.0730066667624,0.0
205,1,737.6455323853751,678.3544676146249,0.0
206,5,159.48711780439908,236.51288219560092,0.0
206,4,258.3118720688265,832.3118720688266,0.0
206,6,246.85107883507698,281.851078835077,0.0
206,7,119.5,237.73403868296725,0.4500000000000002
206,2,488.27024150848183,677.2702415084818,0.0
206,10,303.8474059747596,877.8474059747597,0.0
206,9,139.5,300.53740359796706,1.3650000000000009
206,8,371.3449821806678,167.65501781933224,0.0
206,3,731.9723991786358,680.0276008213642,0.0
206,1,736.6909382307732,679.3090617692268,0.0
207,5,158.53252364979724,237.46747635020276,0.0
207,4,259.2664662234284,833.2664662234284,0.0
207,6,245.89648468047514,282.1035153195249,0.0
207,7,118.5262279777076,236.52622797770758,0.4500000000000002
207,2,487.7751643369163,678.2248356630837,0.0
207,10,304.8020001293615,878.8020001293615,0.0
207,9,139.5,299.0282584809408,1.3650000000000009
207,8,370.3903880260659,168.39038802606592,0.0
207,3,731.0178050240339,680.9821949759661,0.0
207,1,735.7363440761713,680.2636559238287,0.0
208,5,157.28503627638196,237.71496372361804,0.0
208,4,260.22106037803024,834.2210603780303,0.0
208,6,244.9418905258733,283.0581094741267,0.0
208,7,117.38696561562907,235.3869656156291,0.4500000000000002
208,2,488.17942981768556,679.1794298176856,0.0
208,10,305.75659428396335,879.7565942839634,0.0
208,9,138.8064084080487,297.8064084080487,1.3650000000000009
208,8,369.40919882223704,167.5,0.0
208,3,730.063210869432,681.936789130568,0.0
208,1,735.5,681.515759002092,0.0
209,5,156.33044212178012,238.33044212178012,0.0
209,4,261.1756545326321,835.1756545326322,0.0
209,6,243.7749275747742,283.5,0.0
209,7,116.49999999999999,234.1431985194286,0.4500000000000002
209,2,489.1340239722874,680.1340239722874,0.0
209,10,306.7111884385652,880.7111884385653,0.0
209,9,139.26071833799514,296.7392816620048,1.3650000000000009
209,8,368.1883064980488,167.1883064980488,0.0
209,3,729.8913832851698,682.8913832851698,0.0
209,1,735.7586306706593,682.7586306706593,0.0
210,5,155.3758479671783,237.6241520328217,0.0
210,4,262.130248687234,836.130248687234,0.0
210,6,242.73980899785616,282.7398089978562,0.0
210,7,115.8155476726586,232.8155476726586,0.4500000000000002
210,2,488.9113818731108,681.0886181268892,0.0
210,10,307.6657825931671,881.6657825931671,0.0
210,9,140.327845084039,295.672154915961,1.3650000000000009
210,8,367.12341238461016,166.5,0.0
210,3,730.1540225602283,683.8459774397717,0.0
210,1,736.2867751747389,683.7132248252611,0.0
211,5,154.42125381257645,238.57874618742355,0.0
211,4,263.08484284183584,837.0848428418359,0.0
211,6,241.49232162444088,282.5076783755591,0.0
211,7,115.5,231.33509151469642,0.4500000000000002
211,2,489.04321228149104,682.043212281491,0.0
211,10,308.62037674776894,882.620376747769,0.0
211,9,141.39497183008285,294.60502816991715,1.3650000000000009
211,8,365.9862249700317,167.01377502996831,0.0
211,3,729.1994284056265,684.8005715943735,0.0
211,1,735.5,684.7373318773458,0.0
212,5,153.46665965797462,239.46665965797462,0.0
212,4,264.0394369964377,838.0394369964378,0.0
212,6,240.537727469839,283.46227253016093,0.0
212,7,115.5,229.72393123114378,0.4500000000000002
212,2,489.9978064360929,682.9978064360929,0.0
212,10,309.5749709023708,883.5749709023709,0.0
212,9,140.5379014238733,293.5379014238733,1.3650000000000009
212,8,365.0316308154298,167.03163081542985,0.0
212,3,728.7551657489754,685.7551657489754,0.0
212,1,735.5,686.0873318773458,0.0
213,5,152.51206550337278,238.51206550337278,0.0
213,4,264.99403115103956,838.9940311510396,0.0
213,6,239.5831333152372,284.4168666847628,0.0
213,7,115.22618771116925,228.22618771116925,0.4500000000000002
213,2,490.49999999999994,684.1397910509861,0.0
213,10,310.5295650569727,884.5295650569727,0.0
213,9,140.177881459016,292.177881459016,1.3650000000000009
213,8,364.077036660828,166.07703666082799,0.0
213,3,729.5,686.796645300481,0.0
213,1,734.8372062733065,687.1627937266935,0.0
214,5,151.55747134877095,239.44252865122905,0.0
214,4,265.94862530564143,839.9486253056415,0.0
214,6,238.62853916063537,285.37146083936466,0.0
214,7,114.91307465090927,227.08692534909073,0.4500000000000002
214,2,489.8001120358899,685.1998879641101,0.0
214,10,311.48415921157454,885.4841592115746,0.0
214,9,139.5,290.9495240359954,1.3650000000000009
214,8,363.12244250622615,165.12244250622615,0.0
214,3,729.9572472769926,687.9572472769926,0.0
214,1,733.8826121187046,688.1173878812954,0.0
215,5,151.30998397535566,240.69001602464434,0.0
215,4,266.9032194602433,840.9032194602433,0.0
215,6,237.38105178722006,285.38105178722003,0.0
215,7,114.94766298701222,225.94766298701222,0.4500000000000002
215,2,489.50000000000006,686.4255774886132,0.0
215,10,312.4387533661764,886.4387533661765,0.0
215,9,139.5421584706986,289.4578415293014,1.3650000000000009
215,8,362.1678483516243,164.83215164837569,0.0
215,3,730.5,689.082431738108,0.0
215,1,732.9280179641028,689.0719820358972,0.0
216,5,150.29549032325286,241.5,0.0
216,4,267.85781361484516,841.8578136148452,0.0
216,6,236.4264576326182,284.5735423673818,0.0
216,7,113.80840062493371,224.8084006249337,0.4500000000000002
216,2,490.40196949212725,687.4019694921274,0.0
216,10,313.39334752077826,887.3933475207783,0.0
216,9,140.39071478325755,288.3907147832575,1.3650000000000009
216,8,361.2132541970225,165.21325419702245,0.0
216,3,729.8406711949903,690.1593288050097,0.0
216,1,731.9734238095009,690.0265761904991,0.0
217,5,149.10790244733855,241.89209755266145,0.0
217,4,268.812407769447,842.8124077694471,0.0
217,6,235.46020894901272,285.5,0.0
217,7,113.62375495595826,223.37624504404175,0.4500000000000002
217,2,490.64945686554256,688.6494568655427,0.0
217,10,314.3479416753801,888.3479416753802,0.0
217,9,139.32358803721368,287.3235880372137,1.3650000000000009
217,8,360.2586600424206,164.74133995757938,0.0
217,3,728.8860770403884,691.1139229596116,0.0
217,1,731.5,691.1804776278535,0.0
218,5,148.00970388562598,242.5,0.0
218,4,269.7670019240489,843.7670019240489,0.0
218,6,234.22437610460105,285.77562389539895,0.0
218,7,114.23698268196323,222.23698268196324,0.4500000000000002
218,2,491.6040510201445,689.6040510201444,0.0
218,10,315.302535829982,889.302535829982,0.0
218,9,138.5,286.15558425500956,1.3650000000000009
218,8,359.2229073212218,165.5,0.0
218,3,727.9314828857865,692.0685171142135,0.0
218,1,730.7713422814837,692.2286577185163,0.0
219,5,146.90582091932143,243.09417908067857,0.0
219,4,270.72159607865075,844.7215960786508,0.0
219,6,233.17442251138579,286.5,0.0
219,7,113.5,220.93109062051386,0.4500000000000002
219,2,492.5,690.5829368014939,0.0
219,10,316.25712998458386,890.2571299845839,0.0
219,9,137.89644132631256,284.8964413263125,1.3650000000000009
219,8,358.0565785144035,165.0565785144035,0.0
219,3,726.9768887311847,693.0231112688153,0.0
219,1,729.8167481268819,693.1832518731181,0.0
220,5,145.72391744799907,243.5,0.0
220,4,271.6761902332526,845.6761902332527,0.0
220,6,232.0222945765839,286.9777054234161,0.0
220,7,112.66556473899274,219.66556473899274,0.4500000000000002
220,2,492.8061325481616,691.8061325481616,0.0
220,10,317.2117241391857,891.2117241391858,0.0
220,9,137.5,283.5515075833301,1.3650000000000009
220,8,357.10198435980163,164.10198435980166,0.0
220,3,726.0222945765828,693.9777054234172,0.0
220,1,728.86215397228,694.13784602772,0.0
221,5,144.41084617249084,243.58915382750916,0.0
221,4,272.6307843878545,846.6307843878545,0.0
221,6,231.06770042198207,287.93229957801793,0.0
221,7,111.52630237691423,218.52630237691423,0.4500000000000002
221,2,493.76072670276346,692.7607267027635,0.0
221,10,318.1663182937876,892.1663182937876,0.0
221,9,136.53070538458863,282.4692946154114,1.3650000000000009
221,8,356.1473902051998,163.1473902051998,0.0
221,3,725.0677004219809,694.9322995780191,0.0
221,1,727.9075598176781,695.0924401823219,0.0
222,5,143.456252017889,244.543747982111,0.0
222,4,273.58537854245634,847.5853785424564,0.0
222,6,230.11310626738023,288.8868937326198,0.0
222,7,112.38704001483572,217.38704001483572,0.4500000000000002
222,2,494.2846791426348,693.7153208573652,0.0
222,10,319.12091244838945,893.1209124483895,0.0
222,9,137.40216786936753,281.40216786936753,1.3650000000000009
222,8,355.19279605059796,162.19279605059796,0.0
222,3,724.5,696.0471503638696,0.0
222,1,726.9529656630763,696.0470343369237,0.0
223,5,142.50165786328714,245.49834213671284,0.0
223,4,274.5399726970582,848.5399726970583,0.0
223,6,229.15851211277837,289.8414878872216,0.0
223,7,111.75222234724279,216.2477776527572,0.4500000000000002
223,2,493.6699150119671,694.6699150119671,0.0
223,10,320.0755066029913,894.0755066029914,0.0
223,9,136.3350411233237,280.33504112332366,1.3650000000000009
223,8,354.2382018959961,161.23820189599613,0.0
223,3,723.8656188939639,697.1343811060361,0.0
223,1,725.9983715084744,697.0016284915256,0.0
224,5,141.15234457274522,245.49999999999997,0.0
224,4,275.49456685166007,849.4945668516601,0.0
224,6,228.08127676087815,290.5,0.0
224,7,112.5,214.94635701461613,0.4500000000000002
224,2,494.50000000000006,695.6760825520015,0.0
224,10,321.0301007575932,895.0301007575932,0.0
224,9,135.17178136471733,279.5,1.3650000000000009
224,8,353.2836077413943,160.28360774139426,0.0
224,3,722.911024739362,698.088975260638,0.0
224,1,725.0437773538725,697.9562226461275,0.0
225,5,140.00668311645654,245.00668311645651,0.0
225,4,276.44916100626193,850.449161006262,0.0
225,6,226.95643058476125,291.0435694152387,0.0
225,7,111.67635970978672,213.67635970978674,0.4500000000000002
225,2,494.50000000000006,697.0260825520015,0.0
225,10,321.98469491219504,895.9846949121951,0.0
225,9,133.90789441242254,278.90789441242254,1.3650000000000009
225,8,352.3290135867924,159.32901358679243,0.0
225,3,721.9564305847601,699.0435694152399,0.0
225,1,724.0891831992707,698.9108168007293,0.0
226,5,138.86655813511828,244.5,0.0
226,4,277.4037551608638,851.4037551608639,0.0
226,6,226.00183643015941,291.9981635698406,0.0
226,7,110.53709734770821,212.53709734770823,0.4500000000000002
226,2,495.1194839133995,698.1194839133996,0.0
226,10,322.9392890667969,896.939289066797,0.0
226,9,133.5,277.56770469303785,1.3650000000000009
226,8,351.37441943219056,158.3744194321906,0.0
226,3,721.0018364301583,699.9981635698417,0.0
226,1,723.1345890446688,699.8654109553312,0.0
227,5,137.8046015884394,245.1953984115606,0.0
227,4,278.35834931546566,852.3583493154657,0.0
227,6,224.85970388562436,292.5,0.0
227,7,109.3978349856297,211.39783498562971,0.4500000000000002
227,2,496.07407806800137,699.0740780680014,0.0
227,10,323.89388322139877,897.8938832213988,0.0
227,9,134.48074770152138,276.48074770152135,1.3650000000000009
227,8,350.41982527758876,157.41982527758873,0.0
227,3,720.0472422755564,700.9527577244436,0.0
227,1,722.179994890067,700.820005109933,0.0
228,5,136.58077169749137,245.49999999999997,0.0
228,4,279.3129434700675,853.3129434700676,0.0
228,6,223.7997549021423,293.2002450978577,0.0
228,7,108.25857262355119,210.2585726235512,0.4500000000000002
228,2,497.02867222260323,700.0286722226033,0.0
228,10,324.84847737600063,898.8484773760007,0.0
228,9,133.4136209554775,275.41362095547754,1.3650000000000009
228,8,349.4652311229869,156.4652311229869,0.0
228,3,719.0926481209545,701.9073518790455,0.0
228,1,721.2254007354651,701.7745992645349,0.0
229,5,135.60252006042225,246.39747993957772,0.0
229,4,280.2675376246694,854.2675376246694,0.0
229,6,222.84516074754046,292.84516074754043,0.0
229,7,107.11931026147268,209.1193102614727,0.4500000000000002
229,2,497.0167336227949,700.9832663772052,0.0
229,10,325.8030715306025,899.8030715306026,0.0
229,9,132.34649420943367,274.3464942094337,1.3650000000000009
229,8,348.51063696838503,155.51063696838506,0.0
229,3,718.1380539663527,702.8619460336473,0.0
229,1,720.2708065808632,702.7291934191368,0.0
230,5,134.35503268700697,246.644967312993,0.0
230,4,281.22213177927125,855.2221317792713,0.0
230,6,221.63813101037053,292.5,0.0
230,7,106.5,207.76467668753887,0.4500000000000002
230,2,496.93786053180696,701.937860531807,0.0
230,10,326.75766568520436,900.7576656852044,0.0
230,9,131.27936746338983,273.2793674633898,1.3650000000000009
230,8,347.5560428137832,154.5560428137832,0.0
230,3,717.1834598117508,703.8165401882492,0.0
230,1,719.3162124262614,703.6837875737386,0.0
231,5,133.35919882223757,247.49999999999997,0.0
231,4,282.1767259338731,856.1767259338732,0.0
231,6,220.64307921952332,293.3569207804767,0.0
231,7,105.5478923185022,206.54789231850222,0.4500000000000002
231,2,497.8924546864088,702.8924546864089,0.0
231,10,327.7122598398062,901.7122598398063,0.0
231,9,130.5,272.0930469197719,1.3650000000000009
231,8,346.60144865918136,153.60144865918136,0.0
231,3,716.228865657149,704.771134342851,0.0
231,1,718.3616182716595,704.6383817283405,0.0
232,5,132.15295115898985,247.84704884101015,0.0
232,4,283.131320088475,857.131320088475,0.0
232,6,219.68848506492148,294.31151493507855,0.0
232,7,105.11573673761025,205.11573673761023,0.4500000000000002
232,2,498.8470488410107,703.8470488410106,0.0
232,10,328.6668539944081,902.6668539944081,0.0
232,9,130.5,270.58390180274563,1.3650000000000009
232,8,345.6468545045795,152.64685450457952,0.0
232,3,715.2742715025471,705.7257284974529,0.0
232,1,717.4070241170576,705.5929758829424,0.0
233,5,131.0734123846107,248.50000000000003,0.0
233,4,284.08591424307684,858.0859142430769,0.0
233,6,218.73389091031962,295.26610908968036,0.0
233,7,103.97647437553172,203.97647437553172,0.4500000000000002
233,2,499.8016429956125,704.8016429956125,0.0
233,10,329.62144814900995,903.62144814901,0.0
233,9,130.19930756881791,269.1993075688179,1.3650000000000009
233,8,344.6922603499777,153.30773965002234,0.0
233,3,714.3196773479452,706.6803226520548,0.0
233,1,716.4524299624558,706.5475700375442,0.0
234,5,129.7234123846107,248.50000000000003,0.0
234,4,285.0405083976787,859.0405083976788,0.0
234,6,217.77929675571778,294.7792967557178,0.0
234,7,102.83721201345321,202.8372120134532,0.4500000000000002
234,2,500.7562371502143,705.7562371502144,0.0
234,10,330.5760423036118,904.5760423036119,0.0
234,9,129.13218082277407,268.13218082277405,1.3650000000000009
234,8,343.7376661953758,154.26233380462418,0.0
234,3,713.3650831933434,707.6349168066566,0.0
234,1,715.4978358078539,707.5021641921461,0.0
235,5,128.410489038744,248.410489038744,0.0
235,4,285.99510255228057,859.9951025522806,0.0
235,6,216.82470260111594,293.8247026011159,0.0
235,7,102.40505643256124,201.40505643256125,0.4500000000000002
235,2,501.28916869518383,706.7108313048161,0.0
235,10,331.5306364582137,905.5306364582137,0.0
235,9,128.5,266.884893576413,1.3650000000000009
235,8,342.78307204077396,153.783072040774,0.0
235,3,712.4104890387415,708.5895109612585,0.0
235,1,714.543241653252,708.456758346748,0.0
236,5,127.43762594698383,247.49999999999997,0.0
236,4,286.94969670688243,860.9496967068825,0.0
236,6,215.87010844651408,294.1298915534859,0.0
236,7,101.16878279808847,200.5,0.4500000000000002
236,2,500.49999999999994,707.7339469282707,0.0
236,10,332.48523061281554,906.4852306128156,0.0
236,9,127.70503411187292,265.7050341118729,1.3650000000000009
236,8,341.82847788617215,154.17152211382788,0.0
236,3,711.4558948841396,709.5441051158604,0.0
236,1,713.5886474986502,709.4113525013498,0.0
237,5,126.2084075107269,247.79159248927309,0.0
237,4,287.9042908614843,861.9042908614844,0.0
237,6,214.91551429191225,295.08448570808775,0.0
237,7,100.0,200.0,0.4500000000000002
237,2,500.91291283283323,708.9129128328333,0.0
237,10,333.4398247674174,907.4398247674175,0.0
237,9,126.63790736582908,264.63790736582905,1.3650000000000009
237,8,340.6145378815643,154.5,0.0
237,3,710.5013007295378,710.4986992704622,0.0
237,1,712.6340533440483,710.3659466559517,0.0
238,5,125.2538133561251,248.2538133561251,0.0
238,4,288.85888501608616,862.8588850160862,0.0
238,6,213.9609201373104,296.0390798626896,0.0
238,7,100.0,200.0,0.4500000000000002
238,2,501.8675069874351,709.8675069874351,0.0
238,10,334.39441892201927,908.3944189220193,0.0
238,9,125.57078061978522,263.57078061978524,1.3650000000000009
238,8,339.626396358155,153.626396358155,0.0
238,3,709.5467065749359,711.4532934250641,0.0
238,1,711.6794591894464,711.3205408105536,0.0
239,5,124.29921920152329,247.29921920152324,0.0
239,4,289.813479170688,863.8134791706881,0.0
239,6,213.00632598270855,296.9936740172914,0.0
239,7,100.0,200.0,0.4500000000000002
239,2,502.5,710.9555198035246,0.0
239,10,335.34901307662113,909.3490130766212,0.0
239,9,124.5036538737414,262.50365387374137,1.3650000000000009
239,8,338.67180220355317,152.67180220355314,0.0
239,3,708.592112420334,712.407887579666,0.0
239,1,710.7248650348446,712.2751349651554,0.0
240,5,123.34462504692144,246.3446250469214,0.0
240,4,290.7680733252899,864.76807332529,0.0
240,6,212.0517318281067,297.9482681718933,0.0
240,7,100.0,200.0,0.4500000000000002
240,2,501.93041148454773,712.0695885154523,0.0
240,10,335.5,910.6364722452166,0.0
240,9,124.14363390888408,261.1436339088841,1.3650000000000009
240,8,337.7172080489513,153.2827919510487,0.0
240,3,707.6375182657322,713.3624817342678,0.0
240,1,709.7702708802427,713.2297291197573,0.0
241,5,122.34448019647631,245.49999999999997,0.0
241,4,291.72266747989175,865.7226674798918,0.0
241,6,210.9302666341014,298.5,0.0
241,7,100.0,200.0,0.4500000000000002
241,2,502.02418267005413,713.0241826700542,0.0
241,10,335.5,911.9864722452166,0.0
241,9,123.49999999999999,259.9010906861208,1.3650000000000009
241,8,336.76261389434944,154.23738610565053,0.0
241,3,706.6829241111303,714.3170758888697,0.0
241,1,708.8156767256409,714.1843232743591,0.0
242,5,121.1425435189043,245.1425435189043,0.0
242,4,292.6772616344936,866.6772616344937,0.0
242,6,209.84965030008956,297.8496503000896,0.0
242,7,100.0,200.0,0.4500000000000002
242,2,502.5,714.1770926787784,0.0
242,10,335.5,913.3364722452167,0.0
242,9,122.71648719798294,258.71648719798293,1.3650000000000009
242,8,335.80801973974764,153.8080197397476,0.0
242,3,705.7283299565285,715.2716700434715,0.0
242,1,707.861082571039,715.138917428961,0.0
243,5,120.5,244.0586937588494,0.0
243,4,293.6318557890955,867.6318557890955,0.0
243,6,208.89505614548773,298.10494385451227,0.0
243,7,100.0,200.0,0.4500000000000002
243,2,502.51915741688475,715.5191574168847,0.0
243,10,335.63185578909577,914.6318557890958,0.0
243,9,121.64936045193909,257.6493604519391,1.3650000000000009
243,8,334.85342558514577,154.14657441485423,0.0
243,3,704.7737358019266,716.2262641980734,0.0
243,1,706.9064884164371,716.0935115835629,0.0
244,5,120.5,242.7086937588494,0.0
244,4,294.58644994369735,868.5864499436974,0.0
244,6,207.70869375884757,298.5,0.0
244,7,100.0,200.0,0.4500000000000002
244,2,503.4737515714866,716.4737515714866,0.0
244,10,336.58644994369763,915.5864499436976,0.0
244,9,120.58223370589526,256.58223370589525,1.3650000000000009
244,8,333.8988314305439,155.10116856945606,0.0
244,3,703.8191416473247,717.1808583526753,0.0
244,1,705.9518942618353,717.0481057381647,0.0
245,5,120.5,241.3586937588494,0.0
245,4,295.5410440982992,869.5410440982993,0.0
245,6,206.69297461747058,299.3070253825294,0.0
245,7,100.0,200.0,0.4500000000000002
245,2,503.50000000000006,717.8128791164053,0.0
245,10,337.5410440982995,916.5410440982995,0.0
245,9,121.48489304014859,255.5151069598514,1.3650000000000009
245,8,332.7140328181759,155.5,0.0
245,3,702.8645474927229,718.1354525072771,0.0
245,1,704.9973001072334,718.0026998927666,0.0
246,5,120.5,240.0086937588494,0.0
246,4,296.4956382529011,870.4956382529011,0.0
246,6,205.73838046286875,300.26161953713125,0.0
246,7,100.0,200.0,0.4500000000000002
246,2,503.9687263183171,718.9687263183172,0.0
246,10,338.49563825290136,917.4956382529014,0.0
246,9,122.5,254.42643291285492,1.3650000000000009
246,8,331.6967499025268,154.6967499025268,0.0
246,3,701.909953338121,719.090046661879,0.0
246,1,704.0427059526315,718.9572940473685,0.0
247,5,119.90510665182785,238.90510665182785,0.0
247,4,297.45023240750294,871.450232407503,0.0
247,6,204.7837863082669,299.7837863082669,0.0
247,7,100.0,200.0,0.4500000000000002
247,2,504.923320472919,719.923320472919,0.0
247,10,339.74312562631667,917.2568743736833,0.0
247,9,122.08796024895028,253.08796024895028,1.3650000000000009
247,8,330.7421557479249,155.25784425207505,0.0
247,3,700.9553591835191,720.0446408164809,0.0
247,1,703.0881117980297,719.9118882019703,0.0
248,5,119.5,237.7229073212225,0.0
248,4,298.4048265621048,872.4048265621049,0.0
248,6,203.55133444596683,299.5,0.0
248,7,100.0,200.0,0.4500000000000002
248,2,505.87791462752085,720.8779146275209,0.0
248,10,340.69771978091853,916.6977197809185,0.0
248,9,121.5,251.82235624117547,1.3650000000000009
248,8,329.7875615933231,156.2124384066769,0.0
248,3,700.0007650289173,720.9992349710827,0.0
248,1,702.1335176434278,720.8664823565722,0.0
249,5,118.70302512381072,236.7030251238107,0.0
249,4,299.35942071670667,873.3594207167067,0.0
249,6,202.58170478024977,300.41829521975023,0.0
249,7,100.0,200.0,0.4500000000000002
249,2,506.8325087821227,721.8325087821228,0.0
249,10,341.71540443335135,917.5,0.0
249,9,120.66081353804913,250.66081353804915,1.3650000000000009
249,8,328.83296743872125,157.16703256127875,0.0
249,3,699.9538291256846,721.9538291256846,0.0
249,1,701.178923488826,721.821076511174,0.0
250,5,117.74843096920887,235.74843096920887,0.0
250,4,300.31401487130853,874.3140148713086,0.0
250,6,201.62711062564793,301.3728893743521,0.0
250,7,100.0,200.0,0.4500000000000002
250,2,507.5,722.9060248669131,0.0
250,10,342.89980130893565,917.1001986910643,0.0
250,9,119.59368679200529,249.59368679200531,1.3650000000000009
250,8,327.8783732841194,158.12162671588058,0.0
250,3,700.0915767197135,722.9084232802865,0.0
250,1,700.2243293342241,722.7756706657759,0.0
251,5,116.79383681460702,234.79383681460703,0.0
251,4,301.2686090259104,875.2686090259105,0.0
251,6,200.67251647104607,302.3274835289539,0.0
251,7,100.0,200.0,0.4500000000000002
251,2,506.9654096898601,724.0345903101398,0.0
251,10,343.8543954635375,916.1456045364624,0.0
251,9,119.766333172852,248.233666827148,1.3650000000000009
251,8,326.6851006300413,158.5,0.0
251,3,699.1369825651117,723.8630174348883,0.0
251,1,699.2697351796222,723.7302648203778,0.0
252,5,116.49999999999999,233.56554800834178,0.0
252,4,302.22320318051226,876.2232031805123,0.0
252,6,199.42502909763078,302.4250290976308,0.0
252,7,100.0,200.0,0.4500000000000002
252,2,506.9891844647417,724.9891844647417,0.0
252,10,344.8089896181394,915.1910103818606,0.0
252,9,120.83345991889583,247.16654008110413,1.3650000000000009
252,8,325.6762917561023,157.67629175610227,0.0
252,3,698.1823884105098,724.8176115894902,0.0
252,1,698.3151410250204,724.6848589749796,0.0
253,5,115.5917552865899,232.5917552865899,0.0
253,4,303.1777973351141,877.1777973351142,0.0
253,6,198.47043494302895,301.4704349430289,0.0
253,7,100.0,200.0,0.4500000000000002
253,2,507.05622138065644,725.9437786193436,0.0
253,10,345.8727637462321,914.5,0.0
253,9,121.5,245.93348490553646,1.3650000000000009
253,8,324.42880438268696,157.571195617313,0.0
253,3,697.227794255908,725.772205744092,0.0
253,1,697.3605468704185,725.6394531295815,0.0
254,5,115.5,231.27976157071487,0.0
254,4,304.132391489716,878.132391489716,0.0
254,6,197.51584078842708,300.5158407884271,0.0
254,7,100.0,200.0,0.4500000000000002
254,2,506.8983727739454,726.8983727739454,0.0
254,10,347.22276374623215,914.5,0.0
254,9,120.739393370203,244.739393370203,1.3650000000000009
254,8,323.47421022808516,158.52578977191487,0.0
254,3,696.2732001013061,726.7267998986939,0.0
254,1,696.4059527158166,726.5940472841834,0.0
255,5,115.5,229.92976157071487,0.0
255,4,305.08698564431785,879.0869856443179,0.0
255,6,196.56124663382525,299.56124663382525,0.0
255,7,100.0,200.0,0.4500000000000002
255,2,507.9991706174207,727.5,0.0
255,10,348.25855851957186,913.7414414804282,0.0
255,9,120.5,243.329408233857,1.3650000000000009
255,8,322.5196160734833,159.4803839265167,0.0
255,3,695.3186059467042,727.6813940532958,0.0
255,1,695.4513585612148,727.5486414387852,0.0
256,5,115.5,228.57976157071488,0.0
256,4,306.0415797989197,880.0415797989198,0.0
256,6,196.31375926040997,298.31375926040994,0.0
256,7,100.0,200.0,0.4500000000000002
256,2,509.3491706174207,727.5,0.0
256,10,349.21315267417367,912.7868473258263,0.0
256,9,120.5,241.82026311683074,1.3650000000000009
256,8,321.5650219188814,158.56502191888146,0.0
256,3,694.3640117921024,728.6359882078976,0.0
256,1,694.4967644066129,728.5032355933871,0.0
257,5,114.60180579292874,227.60180579292873,0.0
257,4,306.9961739535216,880.9961739535216,0.0
257,6,195.3591651058081,297.35916510580813,0.0
257,7,100.0,200.0,0.4500000000000002
257,2,510.34794167537785,728.3479416753779,0.0
257,10,350.44433662148595,912.5,0.0
257,9,120.5,240.31111799980448,1.3650000000000009
257,8,320.6104277642796,159.3895722357204,0.0
257,3,693.4094176375005,729.5905823624995,0.0
257,1,693.542170252011,729.457829747989,0.0
258,5,115.3527883616731,226.6472116383269,0.0
258,4,307.95076810812344,881.9507681081235,0.0
258,6,194.40457095120627,296.40457095120627,0.0
258,7,100.0,200.0,0.4500000000000002
258,2,509.6974641700203,729.3025358299797,0.0
258,10,351.4152342021908,913.4152342021908,0.0
258,9,120.00642029196037,239.00642029196038,1.3650000000000009
258,8,319.3629403908643,159.6370596091357,0.0
258,3,692.4548234828986,730.5451765171014,0.0
258,1,692.5875760974092,730.4124239025908,0.0
259,5,114.69261748372506,225.69261748372506,0.0
259,4,308.9053622627253,882.9053622627254,0.0
259,6,193.5,295.4292565073246,0.0
259,7,100.0,200.0,0.4500000000000002
259,2,509.5500232033949,730.550023203395,0.0
259,10,352.36982835679265,914.3698283567927,0.0
259,9,119.5,237.70704132812503,1.3650000000000009
259,8,318.37038200427986,160.5,0.0
259,3,691.5002293282968,731.4997706717032,0.0
259,1,691.6329819428073,731.3670180571927,0.0
260,5,113.73802332912322,224.73802332912322,0.0
260,4,309.85995641732717,883.8599564173272,0.0
260,6,193.20248942318912,294.20248942318915,0.0
260,7,100.0,200.0,0.4500000000000002
260,2,510.5,731.5065299303013,0.0
260,10,353.3244225113945,915.3244225113946,0.0
260,9,118.57927358105924,236.57927358105923,1.3650000000000009
260,8,317.1608588628472,160.8391411371528,0.0
260,3,690.5456351736949,732.4543648263051,0.0
260,1,690.6783877882054,732.3216122117946,0.0
261,5,113.50946404429207,223.49053595570794,0.0
261,4,310.81455057192903,884.8145505719291,0.0
261,6,192.75210473141271,293.2478952685873,0.0
261,7,100.0,200.0,0.4500000000000002
261,2,510.24789526858797,732.752104731412,0.0
261,10,354.2790166659964,914.7209833340036,0.0
261,9,117.51214683501539,235.5121468350154,1.3650000000000009
261,8,316.084595566653,161.5,0.0
261,3,689.591041019093,733.408958980907,0.0
261,1,689.7237936336036,733.2762063663964,0.0
262,5,114.46405819889391,222.5359418011061,0.0
262,4,311.7691447265309,885.769144726531,0.0
262,6,193.29330111398545,292.2933011139854,0.0
262,7,100.0,200.0,0.4500000000000002
262,2,509.7066988860138,733.7066988860138,0.0
262,10,355.5265040394117,914.5265040394117,0.0
262,9,116.49999999999999,234.4222466641655,1.3650000000000009
262,8,314.9587773348301,162.04122266516993,0.0
262,3,688.6364468644912,734.3635531355088,0.0
262,1,688.7691994790017,734.2308005209983,0.0
263,5,113.58134764650426,221.58134764650427,0.0
263,4,312.72373888113276,886.7237388811328,0.0
263,6,192.3387069593836,291.3387069593836,0.0
263,7,100.0,200.0,0.4500000000000002
263,2,510.66129304061565,734.6612930406156,0.0
263,10,356.48109819401355,915.4810981940136,0.0
263,9,116.08500012411425,233.08500012411426,1.3650000000000009
263,8,314.0041831802282,162.99581681977176,0.0
263,3,687.6818527098893,735.3181472901107,0.0
263,1,687.8146053243998,735.1853946756002,0.0
264,5,113.33386027308897,220.33386027308896,0.0
264,4,313.6783330357346,887.6783330357347,0.0
264,6,191.38411280478175,290.38411280478175,0.0
264,7,100.0,200.0,0.4500000000000002
264,2,511.6158871952175,735.6158871952175,0.0
264,10,357.4356923486154,914.5643076513845,0.0
264,9,115.5,231.81816999248605,1.3650000000000009
264,8,313.0495890256264,163.95041097437363,0.0
264,3,686.7272585552874,736.2727414447126,0.0
264,1,686.860011169798,736.139988830202,0.0
265,5,112.37926611848712,219.37926611848712,0.0
265,4,314.6329271903365,888.6329271903365,0.0
265,6,190.5,289.4003243191901,0.0
265,7,100.0,200.0,0.4500000000000002
265,2,512.5996756808089,736.5,0.0
265,10,358.3902865032173,913.6097134967827,0.0
265,9,115.5,230.30902487545978,1.3650000000000009
265,8,312.09499487102454,164.90500512897546,0.0
265,3,685.7726644006856,737.2273355993144,0.0
265,1,685.9054170151961,737.0945829848039,0.0
266,5,111.57532803611471,218.4246719638853,0.0
266,4,315.58752134493835,889.5875213449384,0.0
266,6,190.18203127676463,288.18203127676463,0.0
266,7,100.0,200.0,0.4500000000000002
266,2,513.8179687232347,736.8179687232347,0.0
266,10,359.34488065781915,912.6551193421808,0.0
266,9,115.5,228.79987975843352,1.3650000000000009
266,8,311.1404007164227,165.8595992835773,0.0
266,3,684.8180702460837,738.1819297539163,0.0
266,1,684.9508228605943,738.0491771394057,0.0
267,5,112.47007780928345,217.47007780928345,0.0
267,4,316.5421154995402,890.5421154995403,0.0
267,6,189.2274371221628,287.22743712216277,0.0
267,7,100.0,200.0,0.4500000000000002
267,2,514.5,737.8854621184358,0.0
267,10,360.299474812421,911.7005251875789,0.0
267,9,114.64492026468508,227.64492026468508,1.3650000000000009
267,8,310.05566337851843,166.5,0.0
267,3,683.8634760914819,739.1365239085181,0.0
267,1,683.9962287059924,739.0037712940076,0.0
268,5,111.51548365468162,216.51548365468162,0.0
268,4,317.4967096541421,891.4967096541421,0.0
268,6,188.5,286.1787514439363,0.0
268,7,100.0,200.0,0.4500000000000002
268,2,513.9799497487481,739.0200502512519,0.0
268,10,361.2540689670229,910.7459310329771,0.0
268,9,115.42220648135876,226.57779351864124,1.3650000000000009
268,8,308.93831918840556,165.93831918840556,0.0
268,3,682.90888193688,740.09111806312,0.0
268,1,683.0416345513905,739.9583654486095,0.0
269,5,112.43911049992022,215.56088950007978,0.0
269,4,318.45130380874394,892.451303808744,0.0
269,6,188.5,284.82875144393626,0.0
269,7,100.0,200.0,0.4500000000000002
269,2,513.5,740.1712485560628,0.0
269,10,362.20866312162474,909.7913368783752,0.0
269,9,114.5106667725974,225.5106667725974,1.3650000000000009
269,8,307.7698769408915,165.5,0.0
269,3,681.9542877822781,741.0457122177219,0.0
269,1,682.0870403967887,740.9129596032113,0.0
270,5,112.31340212666449,214.3134021266645,0.0
270,4,319.4058979633458,893.4058979633459,0.0
270,6,187.77786822073037,283.77786822073034,0.0
270,7,100.0,200.0,0.4500000000000002
270,2,512.7778682207311,741.2221317792689,0.0
270,10,363.1632572762266,908.8367427237733,0.0
270,9,113.5,224.42015353982083,1.3650000000000009
270,8,306.73623766038844,166.2637623396116,0.0
270,3,680.7924599429181,741.5,0.0
270,1,680.9802004907995,741.5,0.0
271,5,111.35880797206265,213.35880797206266,0.0
271,4,320.3604921179477,894.3604921179477,0.0
271,6,188.1767259338715,282.82327406612853,0.0
271,7,100.0,200.0,0.4500000000000002
271,2,511.8232740661292,742.1767259338708,0.0
271,10,364.11785143082847,907.8821485691715,0.0
271,9,113.91647993830372,223.08352006169628,1.3650000000000009
271,8,305.7816435057866,167.21835649421342,0.0
271,3,679.442459942918,741.5,0.0
271,1,679.6302004907994,741.5,0.0
272,5,110.40421381746081,212.40421381746083,0.0
272,4,321.31508627254954,895.3150862725496,0.0
272,6,187.86867991152667,281.86867991152667,0.0
272,7,100.0,200.0,0.4500000000000002
272,2,510.86867991152735,741.8686799115274,0.0
272,10,365.07244558543033,906.9275544145696,0.0
272,9,114.01639331565244,222.01639331565244,1.3650000000000009
272,8,305.5,168.4516959343623,0.0
272,3,678.2118256620322,741.7881743379678,0.0
272,1,678.3445782765428,741.6554217234572,0.0
273,5,109.5,211.42875144393824,0.0
273,4,322.2696804271514,896.2696804271515,0.0
273,6,187.5,280.67139213105554,0.0
273,7,100.0,200.0,0.4500000000000002
273,2,509.9140857569255,742.0859142430745,0.0
273,10,366.0270397400322,905.9729602599677,0.0
273,9,113.5,220.72114531348822,1.3650000000000009
273,8,304.57956197776946,169.42043802223054,0.0
273,3,677.2572315074303,742.7427684925697,0.0
273,1,677.389984121941,742.610015878059,0.0
274,5,109.20213228944368,210.20213228944368,0.0
274,4,323.22427458175326,897.2242745817533,0.0
274,6,187.3737051646961,279.3737051646961,0.0
274,7,100.0,200.0,0.4500000000000002
274,2,508.9594916023236,743.0405083976764,0.0
274,10,367.1811331858901,905.5,0.0
274,9,112.5892466047513,219.5892466047513,1.3650000000000009
274,8,303.33207460435415,169.66792539564582,0.0
274,3,676.3026373528285,743.6973626471715,0.0
274,1,676.4353899673391,743.5646100326609,0.0
275,5,108.24753813484185,209.24753813484185,0.0
275,4,324.1788687363551,898.1788687363552,0.0
275,6,186.38560569342866,278.5,0.0
275,7,100.0,200.0,0.4500000000000002
275,2,507.7998192558026,743.5,0.0
275,10,368.22912126804937,906.2291212680493,0.0
275,9,111.52211985870746,218.52211985870747,1.3650000000000009
275,8,302.37748044975234,170.3774804497523,0.0
275,3,675.3480431982266,744.6519568017734,0.0
275,1,675.4807958127373,744.5192041872627,0.0
276,5,107.29294398024001,208.29294398024,0.0
276,4,325.133462890957,899.133462890957,0.0
276,6,185.171623636679,278.171623636679,0.0
276,7,100.0,200.0,0.4500000000000002
276,2,506.4498192558026,743.5,0.0
276,10,369.1837154226512,905.8162845773488,0.0
276,9,112.45499311266362,217.45499311266363,1.3650000000000009
276,8,301.4228862951505,169.57711370484952,0.0
276,3,674.3934490436247,745.6065509563753,0.0
276,1,674.5262016581354,745.4737983418646,0.0
277,5,106.33834982563818,207.33834982563818,0.0
277,4,326.08805704555886,900.0880570455589,0.0
277,6,184.78297051792285,277.2170294820771,0.0
277,7,100.0,200.0,0.4500000000000002
277,2,505.21702948207775,743.7829705179223,0.0
277,10,370.13830957725304,906.138309577253,0.0
277,9,111.61213363338022,216.3878663666198,1.3650000000000009
277,8,300.45515831513006,170.5,0.0
277,3,673.4388548890229,746.5611451109771,0.0
277,1,673.5716075035335,746.4283924964665,0.0
278,5,105.5,206.33560569343064,0.0
278,4,327.0426512001607,901.0426512001608,0.0
278,6,185.7375646725247,276.2624353274753,0.0
278,7,100.0,200.0,0.4500000000000002
278,2,504.16403281817566,744.5,0.0
278,10,371.0929037318549,907.0929037318549,0.0
278,9,112.5,215.24648754022235,1.3650000000000009
278,8,299.10515831513004,170.5,0.0
278,3,672.484260734421,747.515739265579,0.0
278,1,672.6170133489317,747.3829866510683,0.0
279,5,105.13626829762106,205.13626829762106,0.0
279,4,327.9972453547626,901.9972453547626,0.0
279,6,186.5,275.22824638054794,0.0
279,7,100.0,200.0,0.4500000000000002
279,2,503.0149479540606,744.9850520459395,0.0
279,10,372.04749788645677,906.9525021135432,0.0
279,9,111.96071965571865,213.96071965571863,1.3650000000000009
279,8,297.75515831513,170.5,0.0
279,3,671.5296665798191,748.4703334201809,0.0
279,1,671.6624191943298,748.3375808056702,0.0
280,5,104.18167414301922,204.18167414301922,0.0
280,4,328.95183950936445,902.9518395093645,0.0
280,6,186.06035379945817,274.0603537994582,0.0
280,7,100.0,200.0,0.4500000000000002
280,2,502.0603537994587,745.9396462005413,0.0
280,10,373.00209204105863,905.9979079589414,0.0
280,9,110.8935929096748,212.8935929096748,1.3650000000000009
280,8,296.4329368014893,170.5670631985107,0.0
280,3,670.5750724252173,749.4249275747827,0.0
280,1,670.7078250397279,749.2921749602721,0.0
281,5,103.22707998841739,203.2270799884174,0.0
281,4,329.9064336639663,903.9064336639664,0.0
281,6,185.10575964485633,273.10575964485633,0.0
281,7,100.0,200.0,0.4500000000000002
281,2,500.94245994292174,746.5,0.0
281,10,373.9566861956605,905.0433138043395,0.0
281,9,109.82646616363095,211.82646616363095,1.3650000000000009
281,8,295.4783426468874,171.52165735311254,0.0
281,3,669.6204782706154,750.3795217293846,0.0
281,1,669.7532308851261,750.2467691148739,0.0
282,5,102.5,202.17824638054995,0.0
282,4,330.8610278185682,904.8610278185682,0.0
282,6,184.1511654902545,272.15116549025447,0.0
282,7,100.0,200.0,0.4500000000000002
282,2,499.5924599429217,746.5,0.0
282,10,374.91128035026236,904.0887196497376,0.0
282,9,108.75933941758711,210.7593394175871,1.3650000000000009
282,8,294.5237484922856,172.4762515077144,0.0
282,3,668.6658841160136,751.3341158839864,0.0
282,1,668.7986367305242,751.2013632694758,0.0
283,5,102.02499846040027,201.02499846040027,0.0
283,4,331.81562197317004,905.8156219731701,0.0
283,6,183.19657133565264,271.19657133565266,0.0
283,7,100.0,200.0,0.4500000000000002
283,2,498.6107848980262,747.3892151019738,0.0
283,10,375.8658745048642,903.1341254951358,0.0
283,9,107.69221267154327,209.69221267154327,1.3650000000000009
283,8,293.1835854398762,172.5,0.0
283,3,667.3845955666486,751.5,0.0
283,1,667.5723361145301,751.5,0.0
284,5,100.89245994292305,200.5,0.0
284,4,332.7702161277719,906.770216127772,0.0
284,6,182.2419771810508,270.2419771810508,0.0
284,7,100.0,200.0,0.4500000000000002
284,2,497.3632975246109,747.6367024753891,0.0
284,10,376.95321112453246,902.5,0.0
284,9,106.62508592549943,208.62508592549943,1.3650000000000009
284,8,292.028773745455,172.971226254545,0.0
284,3,666.0345955666486,751.5,0.0
284,1,666.2223361145301,751.5,0.0
285,5,100.0,200.0,0.0
285,4,333.72481028237377,907.7248102823738,0.0
285,6,181.5,269.1993141924134,0.0
285,7,100.0,200.0,0.4500000000000002
285,2,496.40870337000905,748.591296629991,0.0
285,10,378.0679560328814,903.0679560328814,0.0
285,9,106.26506596064213,207.26506596064215,1.3650000000000009
285,8,291.07417959085313,173.92582040914684,0.0
285,3,664.9234219957676,752.0765780042324,0.0
285,1,665.0561746102783,751.9438253897217,0.0
286,5,100.0,200.0,0.0
286,4,334.67940443697563,908.6794044369757,0.0
286,6,181.03989565303365,268.0398956530337,0.0
286,7,100.0,200.0,0.4500000000000002
286,2,495.45410921540713,749.4541092154072,0.0
286,10,379.02255018748326,902.9774498125167,0.0
286,9,105.5,206.07282154062383,1.3650000000000009
286,8,290.1195854362513,174.8804145637487,0.0
286,3,663.9688278411658,753.0311721588342,0.0
286,1,664.1015804556764,752.8984195443236,0.0
287,5,100.0,200.0,0.0
287,4,335.5,909.6895026255478,0.0
287,6,180.91469850156818,267.0853014984318,0.0
287,7,100.0,200.0,0.4500000000000002
287,2,494.49931419241403,748.5,0.0
287,10,380.1747839997863,902.5,0.0
287,9,104.83791924974099,204.837919249741,1.3650000000000009
287,8,289.16499128164946,175.16499128164946,0.0
287,3,663.0142336865639,753.9857663134361,0.0
287,1,663.1469863010745,753.8530136989255,0.0
288,5,100.0,200.0,0.0
288,4,335.5,911.0395026255478,0.0
288,6,181.13070734382998,266.13070734382995,0.0
288,7,100.0,200.0,0.4500000000000002
288,2,493.25202768739007,748.2520276873901,0.0
288,10,381.2246317155004,901.7753682844997,0.0
288,9,103.77079250369715,203.77079250369715,1.3650000000000009
288,8,288.09043968936857,174.5,0.0
288,3,662.5,755.1227637462322,0.0
288,1,662.5,754.9350231983508,0.0
289,5,100.0,200.0,0.0
289,4,335.5,912.3895026255478,0.0
289,6,180.17611318922812,265.17611318922815,0.0
289,7,100.0,200.0,0.4500000000000002
289,2,492.2974335327882,747.7025664672118,0.0
289,10,382.4605704374132,901.5,0.0
289,9,102.70366575765331,202.7036657576533,1.3650000000000009
289,8,286.96290975363235,175.03709024636765,0.0
289,3,661.8121521585468,756.1878478414532,0.0
289,1,661.9449047730574,756.0550952269426,0.0
290,5,100.0,200.0,0.0
290,4,335.5,913.7395026255479,0.0
290,6,179.22151903462628,264.2215190346263,0.0
290,7,100.0,200.0,0.4500000000000002
290,2,491.34283937818634,748.6571606218137,0.0
290,10,383.71960646233094,901.280393537669,0.0
290,9,102.34364579279601,201.34364579279602,1.3650000000000009
290,8,286.0083155990305,175.9916844009695,0.0
290,3,660.857558003945,757.142441996055,0.0
290,1,660.9903106184555,757.0096893815445,0.0
291,5,100.0,200.0,0.0
291,4,335.9168413040522,914.9168413040521,0.0
291,6,178.73307511997555,263.2669248800244,0.0
291,7,100.0,200.0,0.4500000000000002
291,2,490.49999999999994,749.6580451204667,0.0
291,10,384.6742006169328,900.3257993830672,0.0
291,9,101.18395020498485,200.5,1.3650000000000009
291,8,284.8688668141147,176.5,0.0
291,3,659.9029638493431,758.0970361506569,0.0
291,1,660.0357164638536,757.9642835361464,0.0
292,5,100.0,200.0,0.0
292,4,336.871435458654,915.871435458654,0.0
292,6,179.31233072542258,262.3123307254226,0.0
292,7,100.0,200.0,0.4500000000000002
292,2,490.1407578501692,750.8592421498307,0.0
292,10,385.6287947715347,899.3712052284653,0.0
292,9,100.0,200.0,1.3650000000000009
292,8,283.80623407101336,177.19376592898664,0.0
292,3,658.9483696947412,759.0516303052588,0.0
292,1,659.0811223092518,758.9188776907482,0.0
293,5,100.0,200.0,0.0
293,4,337.82602961325586,916.8260296132559,0.0
293,6,178.64226342917925,261.35773657082075,0.0
293,7,100.0,200.0,0.4500000000000002
293,2,489.0561684419064,751.5,0.0
293,10,386.58338892613654,898.5833889261365,0.0
293,9,100.0,200.0,1.3650000000000009
293,8,282.8516399164115,178.14836008358847,0.0
293,3,657.9937755401394,760.0062244598606,0.0
293,1,658.1265281546499,759.8734718453501,0.0
294,5,100.0,200.0,0.0
294,4,338.8968619384286,917.5,0.0
294,6,179.5,260.3630226913981,0.0
294,7,100.0,200.0,0.4500000000000002
294,2,487.9386763221521,752.0613236778479,0.0
294,10,387.5379830807384,899.4620169192616,0.0
294,9,100.0,200.0,1.3650000000000009
294,8,281.8970457618097,177.89704576180966,0.0
294,3,657.0391813855375,760.9608186144625,0.0
294,1,657.171934000048,760.828065999952,0.0
295,5,100.0,200.0,0.0
295,4,340.028111141273,916.9718888587271,0.0
295,6,179.15565504280363,259.15565504280363,0.0
295,7,100.0,200.0,0.4500000000000002
295,2,486.98408216755024,751.9840821675502,0.0
295,10,388.49257723534026,898.5074227646597,0.0
295,9,100.0,200.0,1.3650000000000009
295,8,280.94245160720783,178.05754839279217,0.0
295,3,656.0845872309357,761.9154127690643,0.0
295,1,656.2173398454462,761.7826601545538,0.0
296,5,100.0,200.0,0.0
296,4,340.9827052958748,916.9827052958748,0.0
296,6,178.2010608882018,258.20106088820177,0.0
296,7,100.0,200.0,0.4500000000000002
296,2,486.0294880129484,751.9705119870516,0.0
296,10,389.4471713899421,897.5528286100579,0.0
296,9,100.0,200.0,1.3650000000000009
296,8,279.98785745260597,179.012142547394,0.0
296,3,655.1299930763338,762.1299930763338,0.0
296,1,655.2627456908443,762.2627456908443,0.0
297,5,100.0,200.0,0.0
297,4,342.1184348136823,917.5,0.0
297,6,177.24646673359993,257.24646673359996,0.0
297,7,100.0,200.0,0.4500000000000002
297,2,485.0748938583465,752.0748938583465,0.0
297,10,390.401765544544,896.598234455456,0.0
297,9,100.0,200.0,1.3650000000000009
297,8,279.03326329800416,179.03326329800413,0.0
297,3,654.1753989217319,761.8246010782681,0.0
297,1,654.3081515362425,761.6918484637575,0.0
298,5,100.0,200.0,0.0
298,4,343.1847868238919,916.8152131761082,0.0
298,6,176.5,256.2056633785174,0.0
298,7,100.0,200.0,0.4500000000000002
298,2,484.1202997037447,751.8797002962554,0.0
298,10,391.71107550080177,896.5,0.0
298,9,100.0,200.0,1.3650000000000009
298,8,278.0786691434023,178.9213308565977,0.0
298,3,653.2208047671301,762.7791952328699,0.0
298,1,653.3535573816406,762.6464426183594,0.0
299,5,100.0,200.0,0.0
299,4,344.1393809784937,915.8606190215063,0.0
299,6,176.0443852055828,255.0443852055828,0.0
299,7,100.0,200.0,0.4500000000000002
299,2,483.16570554914284,752.8342944508572,0.0
299,10,392.89674029137456,896.8967402913746,0.0
299,9,100.0,200.0,1.3650000000000009
299,8,276.96836175072633,179.5,0.0
299,3,652.1693718774985,763.5,0.0
299,1,652.3571124253798,763.5,0.0
300,5,100.0,200.0,0.0
300,4,345.09397513309557,914.9060248669044,0.0
300,6,175.91020894901902,254.08979105098098,0.0
300,7,100.0,200.0,0.4500000000000002
300,2,482.211111394541,753.788888605459,0.0
300,10,393.8513344459764,897.1486655540235,0.0
300,9,100.0,200.0,1.3650000000000009
300,8,275.8765876153852,180.12341238461485,0.0
300,3,651.0187232391129,763.9812767608871,0.0
300,1,651.1514758536234,763.8485241463766,0.0
301,5,100.0,200.0,0.0
301,4,346.275794126563,914.5,0.0
301,6,176.13519689637914,253.13519689637914,0.0
301,7,100.0,200.0,0.4500000000000002
301,2,481.15566337851794,754.5,0.0
301,10,394.8059286005783,896.1940713994217,0.0
301,9,100.0,200.0,1.3650000000000009
301,8,274.9219934607833,181.0780065392167,0.0
301,3,649.8835854398716,764.5,0.0
301,1,650.0713259877529,764.5,0.0
302,5,100.0,200.0,0.0
302,4,347.58894987992613,914.4110501200738,0.0
302,6,175.1806027417773,252.1806027417773,0.0
302,7,100.0,200.0,0.4500000000000002
302,2,480.00902986652386,754.9909701334761,0.0
302,10,395.76052275518015,895.2394772448198,0.0
302,9,100.0,200.0,1.3650000000000009
302,8,273.96739930618145,182.03260069381852,0.0
302,3,648.5335854398716,764.5,0.0
302,1,648.7213259877528,764.5,0.0
303,5,100.0,200.0,0.0
303,4,348.543544034528,913.456455965472,0.0
303,6,174.22600858717547,251.22600858717547,0.0
303,7,100.0,200.0,0.4500000000000002
303,2,479.054435711922,755.945564288078,0.0
303,10,396.715116909782,894.2848830902179,0.0
303,9,100.0,200.0,1.3650000000000009
303,8,273.01280515157964,182.0128051515796,0.0
303,3,647.5691543376805,765.4308456623195,0.0
303,1,647.701906952191,765.298093047809,0.0
304,5,100.0,200.0,0.0
304,4,349.49813818912986,912.5018618108701,0.0
304,6,173.5,250.1767311903829,0.0
304,7,100.0,200.0,0.4500000000000002
304,2,477.9340905032641,756.5,0.0
304,10,397.5,893.2599923110636,0.0
304,9,100.0,200.0,1.3650000000000009
304,8,272.0582109969778,181.94178900302222,0.0
304,3,646.6145601830787,764.6145601830787,0.0
304,1,646.7473127975892,764.7473127975892,0.0
305,5,100.0,200.0,0.0
305,4,350.7456255625452,912.7456255625452,0.0
305,6,173.02392705915832,249.02392705915835,0.0
305,7,100.0,200.0,0.4500000000000002
305,2,476.8523541839049,757.1476458160951,0.0
305,10,397.91719843779913,892.0828015622009,0.0
305,9,100.0,200.0,1.3650000000000009
305,8,271.1036168423759,182.89638315762406,0.0
305,3,645.6599660284768,765.3400339715232,0.0
305,1,645.7927186429873,765.2072813570127,0.0
306,5,100.0,200.0,0.0
306,4,351.70021971714704,913.7002197171471,0.0
306,6,172.0693329045565,248.0693329045565,0.0
306,7,100.0,200.0,0.4500000000000002
306,2,475.6483040656372,757.5,0.0
306,10,399.0257941265633,891.5,0.0
306,9,100.0,200.0,1.3650000000000009
306,8,270.1490226877741,183.85097731222592,0.0
306,3,644.3762261269908,765.5,0.0
306,1,644.5639666748722,765.5,0.0
307,5,100.0,200.0,0.0
307,4,352.6548138717489,914.654813871749,0.0
307,6,171.88526125004535,247.11473874995463,0.0
307,7,100.0,200.0,0.4500000000000002
307,2,474.3573794370743,757.6426205629257,0.0
307,10,400.11927996581625,890.8807200341837,0.0
307,9,100.0,200.0,1.3650000000000009
307,8,269.19442853317224,184.80557146682776,0.0
307,3,643.1649912816462,765.8350087183538,0.0
307,1,643.2977438961568,765.7022561038432,0.0
308,5,100.0,200.0,0.0
308,4,353.60940802635076,915.3905919736492,0.0
308,6,172.16014459535282,246.1601445953528,0.0
308,7,100.0,200.0,0.4500000000000002
308,2,473.3625176280103,758.5,0.0
308,10,401.31158056419025,890.5,0.0
308,9,100.0,200.0,1.3650000000000009
308,8,268.2398343785704,185.7601656214296,0.0
308,3,642.2103971270443,766.7896028729557,0.0
308,1,642.343149741555,766.656850258445,0.0
309,5,100.0,200.0,0.0
309,4,354.5905127523247,914.5,0.0
309,6,171.20555044075098,245.20555044075095,0.0
309,7,100.0,200.0,0.4500000000000002
309,2,472.1552979090572,758.8447020909427,0.0
309,10,402.61425471264687,890.3857452873531,0.0
309,9,100.0,200.0,1.3650000000000009
309,8,267.2852402239686,186.71475977603146,0.0
309,3,641.2558029724424,767.7441970275576,0.0
309,1,641.3885555869531,767.6114444130469,0.0
310,5,100.0,200.0,0.0
310,4,355.81148955436794,914.8114895543679,0.0
310,6,170.74904371385088,244.25095628614912,0.0
310,7,100.0,200.0,0.4500000000000002
310,2,471.2007037544554,759.2007037544554,0.0
310,10,403.56884886724873,889.5688488672488,0.0
310,9,100.0,200.0,1.3650000000000009
310,8,266.3306460693667,187.3306460693667,0.0
310,3,640.6987911821594,768.6987911821594,0.0
310,1,640.5660385676488,768.5660385676488,0.0
311,5,100.0,200.0,0.0
311,4,356.76608370896975,915.2339162910303,0.0
311,6,171.5,243.2120125646214,0.0
311,7,100.0,200.0,0.4500000000000002
311,2,470.2461095998536,758.7538904001465,0.0
311,10,404.5234430218506,890.4765569781493,0.0
311,9,100.0,200.0,1.3650000000000009
311,8,265.3247109368303,186.5,0.0
311,3,641.3466146632387,769.6533853367613,0.0
311,1,641.4793672777494,769.5206327222506,0.0
312,5,100.0,200.0,0.0
312,4,357.7206778635716,914.2793221364284,0.0
312,6,171.04887475813197,242.04887475813197,0.0
312,7,100.0,200.0,0.4500000000000002
312,2,469.2915154452517,759.2915154452517,0.0
312,10,405.47803717645246,889.5219628235475,0.0
312,9,100.0,200.0,1.3650000000000009
312,8,264.1285645413496,186.87143545865044,0.0
312,3,640.3472939388561,770.5,0.0
312,1,640.5247731231475,770.4752268768525,0.0
313,5,100.0,200.0,0.0
313,4,358.6752720181735,913.3247279818265,0.0
313,6,170.09428060353014,241.09428060353014,0.0
313,7,100.0,200.0,0.4500000000000002
313,2,468.2693718775027,758.5,0.0
313,10,406.4326313310543,888.5673686689456,0.0
313,9,100.0,200.0,1.3650000000000009
313,8,263.1739703867477,187.82602961325227,0.0
313,3,639.1445331352215,770.8554668647785,0.0
313,1,639.2772857497322,770.7227142502678,0.0
314,5,100.0,200.0,0.0
314,4,359.62986617277534,912.3701338272247,0.0
314,6,169.1396864489283,240.1396864489283,0.0
314,7,100.0,200.0,0.4500000000000002
314,2,467.08943391723454,758.9105660827654,0.0
314,10,407.3872254856562,887.6127745143438,0.0
314,9,100.0,200.0,1.3650000000000009
314,8,262.1031380615765,188.5,0.0
314,3,638.1899389806197,771.8100610193803,0.0
314,1,638.3226915951303,771.6773084048697,0.0
315,5,100.0,200.0,0.0
315,4,360.5844603273772,911.4155396726228,0.0
315,6,168.18509229432647,239.18509229432647,0.0
315,7,100.0,200.0,0.4500000000000002
315,2,466.13483976263274,759.8651602373673,0.0
315,10,408.34181964025805,886.6581803597419,0.0
315,9,100.0,200.0,1.3650000000000009
315,8,260.9718888587306,189.0281111412694,0.0
315,3,637.2353448260178,772.7646551739822,0.0
315,1,637.3680974405285,772.6319025594715,0.0
316,5,100.0,200.0,0.0
316,4,361.53905448197906,910.4609455180209,0.0
316,6,167.5,238.1188668141138,0.0
316,7,100.0,200.0,0.4500000000000002
316,2,465.18024560803093,760.8197543919691,0.0
316,10,409.2964137948599,885.70358620514,0.0
316,9,100.0,200.0,1.3650000000000009
316,8,259.8173516239496,189.5,0.0
316,3,636.280750671416,773.719249328584,0.0
316,1,636.4135032859266,773.5864967140734,0.0
317,5,100.0,200.0,0.0
317,4,362.49364863658093,909.5063513634191,0.0
317,6,166.98301076630935,236.98301076630935,0.0
317,7,100.0,200.0,0.4500000000000002
317,2,464.11201256462203,761.5,0.0
317,10,410.5439011682752,885.5439011682753,0.0
317,9,100.0,200.0,1.3650000000000009
317,8,258.47691411190004,189.52308588809996,0.0
317,3,635.3261565168141,774.6738434831859,0.0
317,1,635.4589091313247,774.5410908686753,0.0
318,5,100.0,200.0,0.0
318,4,363.4482427911828,908.5517572088172,0.0
318,6,166.5,235.8330803764869,0.0
318,7,100.0,200.0,0.4500000000000002
318,2,462.762012564622,761.5,0.0
318,10,411.4984953228771,886.4984953228771,0.0
318,9,100.0,200.0,1.3650000000000009
318,8,257.5223199572982,190.4776800427018,0.0
318,3,634.3183617507214,775.5,0.0
318,1,634.5043149767229,775.4956850232771,0.0
319,5,100.0,200.0,0.0
319,4,364.40283694578466,907.5971630542153,0.0
319,6,165.7809292382922,234.7809292382922,0.0
319,7,100.0,200.0,0.4500000000000002
319,2,461.437783487785,761.5622165122151,0.0
319,10,412.45308947747895,887.453089477479,0.0
319,9,100.0,200.0,1.3650000000000009
319,8,256.5677258026964,191.43227419730366,0.0
319,3,633.1240749887969,775.8759250112031,0.0
319,1,633.2568276033076,775.7431723966924,0.0
320,5,100.0,200.0,0.0
320,4,365.3574311003865,906.6425688996135,0.0
320,6,164.82633508369037,233.82633508369037,0.0
320,7,100.0,200.0,0.4500000000000002
320,2,460.48318933318313,762.4831893331831,0.0
320,10,413.4076836320808,886.5923163679191,0.0
320,9,100.0,200.0,1.3650000000000009
320,8,255.24577874869578,191.5,0.0
320,3,632.169480834195,776.169480834195,0.0
320,1,632.3022334487057,776.3022334487057,0.0
321,5,100.0,200.0,0.0
321,4,366.3120252549884,905.6879747450116,0.0
321,6,163.87174092908853,232.87174092908853,0.0
321,7,100.0,200.0,0.4500000000000002
321,2,459.52859517858127,761.5285951785812,0.0
321,10,414.3622777866827,885.6377222133173,0.0
321,9,100.0,200.0,1.3650000000000009
321,8,254.07275105586575,191.92724894413422,0.0
321,3,631.2148866795932,775.7851133204068,0.0
321,1,631.3476392941038,775.6523607058962,0.0
322,5,100.0,200.0,0.0
322,4,367.5595126284037,905.5595126284037,0.0
322,6,162.9171467744867,233.0828532255133,0.0
322,7,100.0,200.0,0.4500000000000002
322,2,458.5740010239794,762.4259989760207,0.0
322,10,415.31687194128455,884.6831280587154,0.0
322,9,100.0,200.0,1.3650000000000009
322,8,253.11815690126392,192.88184309873608,0.0
322,3,630.2602925249913,776.7397074750087,0.0
322,1,630.393045139502,776.606954860498,0.0
323,5,100.0,200.0,0.0
323,4,368.51410678300556,906.4858932169944,0.0
323,6,161.7399346259793,233.5,0.0
323,7,100.0,200.0,0.4500000000000002
323,2,457.3265136505641,762.6734863494358,0.0
323,10,415.56435931469986,883.4356406853001,0.0
323,9,100.0,200.0,1.3650000000000009
323,8,252.02420587344196,193.5,0.0
323,3,629.3056983703895,777.6943016296105,0.0
323,1,629.4384509849001,777.5615490150999,0.0
324,5,100.0,200.0,0.0
324,4,369.4687009376074,905.5312990623926,0.0
324,6,160.71506524646958,234.28493475353042,0.0
324,7,100.0,200.0,0.4500000000000002
324,2,456.3719194959623,763.6280805040377,0.0
324,10,416.5268042533405,882.5,0.0
324,9,100.0,200.0,1.3650000000000009
324,8,250.9160753732468,192.91607537324677,0.0
324,3,628.5,778.7105704374134,0.0
324,1,628.5,778.5228298895319,0.0
325,5,100.0,200.0,0.0
325,4,370.4232950922093,906.4232950922093,0.0
325,6,160.4675778730543,235.5324221269457,0.0
325,7,100.0,200.0,0.4500000000000002
325,2,455.4173253413604,764.5826746586396,0.0
325,10,417.76644084271703,882.233559157283,0.0
325,9,100.0,200.0,1.3650000000000009
325,8,249.73841943581505,192.5,0.0
325,3,628.1036168423723,779.8963831576277,0.0
325,1,628.236369456883,779.763630543117,0.0
326,5,100.0,200.0,0.0
326,4,371.37788924681115,907.3778892468112,0.0
326,6,159.51298371845246,236.48701628154754,0.0
326,7,100.0,200.0,0.4500000000000002
326,2,454.44729393886047,765.5,0.0
326,10,418.8125906909674,881.5,0.0
326,9,100.0,200.0,1.3650000000000009
326,8,248.71399384522965,193.28600615477035,0.0
326,3,627.0036431249597,780.5,0.0
326,1,627.1913836728413,780.5,0.0
327,5,100.0,200.0,0.0
327,4,372.332483401413,906.667516598587,0.0
327,6,158.55838956385062,237.44161043614938,0.0
327,7,100.0,200.0,0.4500000000000002
327,2,453.2152438133433,765.7847561866566,0.0
327,10,419.96852237073415,881.9685223707341,0.0
327,9,100.0,200.0,1.3650000000000009
327,8,247.7593996906278,194.24060030937218,0.0
327,3,625.9015353143551,781.0984646856449,0.0
327,1,626.0342879288659,780.9657120711341,0.0
328,5,100.0,200.0,0.0
328,4,373.2870775560149,905.7129224439851,0.0
328,6,157.6037954092488,238.3962045907512,0.0
328,7,100.0,200.0,0.4500000000000002
328,2,452.2606496587415,766.2606496587415,0.0
328,10,421.09837712859434,882.5,0.0
328,9,100.0,200.0,1.3650000000000009
328,8,246.80480553602595,195.19519446397402,0.0
328,3,624.9469411597532,780.9469411597532,0.0
328,1,625.079693774264,781.079693774264,0.0
329,5,100.0,200.0,0.0
329,4,374.24167171061674,904.7583282893833,0.0
329,6,156.3563080358335,238.3563080358335,0.0
329,7,100.0,200.0,0.4500000000000002
329,2,451.30605550413964,765.6939444958604,0.0
329,10,422.44837712859436,882.5,0.0
329,9,100.0,200.0,1.3650000000000009
329,8,245.85021138142412,196.14978861857588,0.0
329,3,623.9923470051514,781.0076529948486,0.0
329,1,624.1250996196621,780.8749003803379,0.0
330,5,100.0,200.0,0.0
330,4,375.1962658652186,903.8037341347814,0.0
330,6,155.40171388123167,237.59828611876833,0.0
330,7,100.0,200.0,0.4500000000000002
330,2,450.3514613495378,766.6485386504622,0.0
330,10,423.71098449098,882.7109844909801,0.0
330,9,100.0,200.0,1.3650000000000009
330,8,244.64527368530742,196.5,0.0
330,3,623.0377528505495,781.9622471494505,0.0
330,1,623.1705054650603,781.8294945349397,0.0
331,5,100.0,200.0,0.0
331,4,376.15086001982047,902.8491399801795,0.0
331,6,154.44711972662984,238.55288027337016,0.0
331,7,100.0,200.0,0.4500000000000002
331,2,449.3968671949359,767.6031328050641,0.0
331,10,424.7341635662213,883.5,0.0
331,9,100.0,200.0,1.3650000000000009
331,8,243.648129853407,197.351870146593,0.0
331,3,622.0831586959476,782.9168413040524,0.0
331,1,622.2159113104584,782.7840886895416,0.0
332,5,100.0,200.0,0.0
332,4,377.3562415048634,902.5,0.0
332,6,153.492525572028,239.492525572028,0.0
332,7,100.0,200.0,0.4500000000000002
332,2,448.44227304033404,768.557726959666,0.0
332,10,426.0841635662213,883.5,0.0
332,9,100.0,200.0,1.3650000000000009
332,8,242.69353569880514,196.69353569880516,0.0
332,3,621.1285645413458,783.8714354586542,0.0
332,1,621.2613171558565,783.7386828441435,0.0
333,5,100.0,200.0,0.0
333,4,378.3529415478376,903.3529415478376,0.0
333,6,152.53793141742617,238.53793141742617,0.0
333,7,100.0,200.0,0.4500000000000002
333,2,447.48257531309895,769.5,0.0
333,10,427.1605533924125,882.8394466075875,0.0
333,9,100.0,200.0,1.3650000000000009
333,8,241.7389415442033,197.2610584557967,0.0
333,3,620.1739703867439,784.8260296132561,0.0
333,1,620.3067230012547,784.6932769987453,0.0
334,5,100.0,200.0,0.0
334,4,379.30753570243945,902.6924642975605,0.0
334,6,151.58333726282433,239.41666273717567,0.0
334,7,100.0,200.0,0.4500000000000002
334,2,446.2401915123169,769.7598084876831,0.0
334,10,428.1151475470143,881.8848524529857,0.0
334,9,100.0,200.0,1.3650000000000009
334,8,240.78434738960146,198.21565261039854,0.0
334,3,619.219376232142,785.780623767858,0.0
334,1,619.3521288466528,785.6478711533472,0.0
335,5,100.0,200.0,0.0
335,4,380.55502307585476,902.4449769241452,0.0
335,6,151.33584988940905,240.66415011059095,0.0
335,7,100.0,200.0,0.4500000000000002
335,2,445.71440264228494,770.714402642285,0.0
335,10,429.0697417016162,880.9302582983838,0.0
335,9,100.0,200.0,1.3650000000000009
335,8,239.82975323499963,199.17024676500037,0.0
335,3,618.2647820775402,786.7352179224598,0.0
335,1,618.397534692051,786.602465307949,0.0
336,5,100.0,200.0,0.0
336,4,381.51360081774425,901.5,0.0
336,6,150.3320702497103,241.5,0.0
336,7,100.0,200.0,0.4500000000000002
336,2,446.5,771.738997562155,0.0
336,10,430.02433585621804,879.975664143782,0.0
336,9,100.0,200.0,1.3650000000000009
336,8,238.8751590803978,198.8751590803978,0.0
336,3,617.3101879229383,787.6898120770617,0.0
336,1,617.4429405374491,787.5570594625509,0.0
337,5,100.0,200.0,0.0
337,4,382.86360081774427,901.5,0.0
337,6,149.1337683613919,241.8662316386081,0.0
337,7,100.0,200.0,0.4500000000000002
337,2,446.5,773.088997562155,0.0
337,10,431.17730931672895,879.5,0.0
337,9,100.0,200.0,1.3650000000000009
337,8,237.92056492579596,199.07943507420404,0.0
337,3,616.3555937683365,788.6444062316635,0.0
337,1,616.4883463828472,788.5116536171528,0.0
338,5,100.0,200.0,0.0
338,4,384.00459197728725,900.9954080227128,0.0
338,6,148.0462838120834,242.5,0.0
338,7,100.0,200.0,0.4500000000000002
338,2,447.1639715437174,774.1639715437175,0.0
338,10,432.22641738423516,878.7735826157649,0.0
338,9,100.0,200.0,1.3650000000000009
338,8,236.7447686219191,199.5,0.0
338,3,615.5,789.6400076889366,0.0
338,1,615.5337522282454,789.4662477717546,0.0
339,5,100.0,200.0,0.0
339,4,384.95918613188906,900.040813868111,0.0
339,6,146.93168683337478,243.06831316662522,0.0
339,7,100.0,200.0,0.4500000000000002
339,2,448.1185656983193,775.1185656983193,0.0
339,10,433.46309575435583,878.5,0.0
339,9,100.0,200.0,1.3650000000000009
339,8,235.71848339777884,200.28151660222116,0.0
339,3,615.1535122403194,790.8464877596806,0.0
339,1,615.28626485483,790.71373514517,0.0
340,5,100.0,200.0,0.0
340,4,386.08517369299807,899.5,0.0
340,6,145.76049737445652,243.5,0.0
340,7,100.0,200.0,0.4500000000000002
340,2,449.07315985292115,776.0731598529212,0.0
340,10,434.81309575435586,878.5,0.0
340,9,100.0,200.0,1.3650000000000009
340,8,234.763889243177,201.236110756823,0.0
340,3,614.8010819142825,791.8010819142825,0.0
340,1,614.6683292997718,791.6683292997718,0.0
341,5,100.0,200.0,0.0
341,4,387.4351736929981,899.5,0.0
341,6,144.43671208654422,243.56328791345578,0.0
341,7,100.0,200.0,0.4500000000000002
341,2,449.5,777.2463568750358,0.0
341,10,436.1630957543559,878.5,0.0
341,9,100.0,200.0,1.3650000000000009
341,8,233.80929508857517,202.19070491142483,0.0
341,3,615.2443239311157,792.7556760688843,0.0
341,1,615.3770765456263,792.6229234543737,0.0
342,5,100.0,200.0,0.0
342,4,388.4087550333215,898.5912449666785,0.0
342,6,143.48211793194238,244.51788206805762,0.0
342,7,100.0,200.0,0.4500000000000002
342,2,450.27524138093827,778.2752413809383,0.0
342,10,437.5130957543559,878.5,0.0
342,9,100.0,200.0,1.3650000000000009
342,8,232.58740930903838,202.5,0.0
342,3,614.2897297765138,793.7102702234862,0.0
342,1,614.4224823910245,793.5775176089755,0.0
343,5,100.0,200.0,0.0
343,4,389.36334918792335,897.6366508120766,0.0
343,6,142.52752377734052,245.47247622265945,0.0
343,7,100.0,200.0,0.4500000000000002
343,2,449.77016446445987,779.2298355355401,0.0
343,10,438.8630957543559,878.5,0.0
343,9,100.0,200.0,1.3650000000000009
343,8,231.31432034174458,202.68567965825542,0.0
343,3,613.5,794.7331534394443,0.0
343,1,613.5,794.5454128915628,0.0
344,5,100.0,200.0,0.0
344,4,390.3179433425252,896.6820566574747,0.0
344,6,141.1889244992027,245.49999999999997,0.0
344,7,100.0,200.0,0.4500000000000002
344,2,450.184429690142,780.184429690142,0.0
344,10,440.0042348435404,879.0042348435404,0.0
344,9,100.0,200.0,1.3650000000000009
344,8,230.35972618714274,203.3597261871427,0.0
344,3,613.0876482484966,795.9123517515034,0.0
344,1,613.2204008630074,795.7795991369926,0.0
345,5,100.0,200.0,0.0
345,4,391.59253300587886,896.5,0.0
345,6,140.03254903050993,245.03254903050993,0.0
345,7,100.0,200.0,0.4500000000000002
345,2,451.13902384474386,781.1390238447439,0.0
345,10,440.9588289981423,879.9588289981423,0.0
345,9,100.0,200.0,1.3650000000000009
345,8,229.40513203254088,202.59486796745912,0.0
345,3,612.5,797.0189398770713,0.0
345,1,612.5,796.8311993291896,0.0
346,5,100.0,200.0,0.0
346,4,392.81291808935583,896.8129180893558,0.0
346,6,138.9031380615758,244.5,0.0
346,7,100.0,200.0,0.4500000000000002
346,2,452.0936179993457,782.0936179993457,0.0
346,10,441.91342315274414,880.9134231527441,0.0
346,9,100.0,200.0,1.3650000000000009
346,8,228.43004999615763,203.5,0.0
346,3,613.1144332795205,798.1144332795205,0.0
346,1,612.9816806650098,797.9816806650098,0.0
347,5,100.0,200.0,0.0
347,4,393.76751224395764,897.2324877560424,0.0
347,6,137.83046750249278,245.1695324975072,0.0
347,7,100.0,200.0,0.4500000000000002
347,2,451.9517878460524,783.0482121539476,0.0
347,10,442.868017307346,881.868017307346,0.0
347,9,100.0,200.0,1.3650000000000009
347,8,227.20305050452376,203.79694949547624,0.0
347,3,612.9309725658776,799.0690274341224,0.0
347,1,613.0637251803884,798.9362748196116,0.0
348,5,100.0,200.0,0.0
348,4,394.7221063985595,896.2778936014405,0.0
348,6,136.61735162394885,245.49999999999997,0.0
348,7,100.0,200.0,0.4500000000000002
348,2,452.00280630854945,784.0028063085495,0.0
348,10,443.1773885380521,882.8226114619479,0.0
348,9,100.0,200.0,1.3650000000000009
348,8,226.5,204.85573644146925,0.0
348,3,611.9763784112757,800.0236215887243,0.0
348,1,612.1091310257865,799.8908689742135,0.0
349,5,100.0,200.0,0.0
349,4,395.67670055316137,895.3232994468386,0.0
349,6,135.62838597447563,246.37161402552434,0.0
349,7,100.0,200.0,0.4500000000000002
349,2,452.5,785.1468619384243,0.0
349,10,442.5,883.8920279424906,0.0
349,9,100.0,200.0,1.3650000000000009
349,8,226.00096897650664,205.99903102349336,0.0
349,3,611.5,801.1762991899521,0.0
349,1,611.5,800.9885586420705,0.0
350,5,100.0,200.0,0.0
350,4,396.63129470776323,894.3687052922368,0.0
350,6,134.38089860106035,246.61910139893962,0.0
350,7,100.0,200.0,0.4500000000000002
350,2,453.20488783656657,786.2048878365666,0.0
350,10,442.5,885.2420279424906,0.0
350,9,100.0,200.0,1.3650000000000009
350,8,225.0463748219048,206.0463748219048,0.0
350,3,610.7742968832586,802.2257031167414,0.0
350,1,610.9070494977693,802.0929505022307,0.0
351,5,100.0,200.0,0.0
351,4,397.5,893.3785348059865,0.0
351,6,133.39577874869502,247.49999999999997,0.0
351,7,100.0,200.0,0.4500000000000002
351,2,453.5,787.4326483760512,0.0
351,10,443.2721803633803,886.2721803633804,0.0
351,9,100.0,200.0,1.3650000000000009
351,8,223.92269068327695,205.5,0.0
351,3,609.5379143724209,802.5,0.0
351,1,609.7256549203025,802.5,0.0
352,5,100.0,200.0,0.0
352,4,397.83337623578035,892.1666237642196,0.0
352,6,132.17881707304323,247.82118292695677,0.0
352,7,100.0,200.0,0.4500000000000002
352,2,452.59303063541626,788.4069693645838,0.0
352,10,444.52781438011755,886.5,0.0
352,9,100.0,200.0,1.3650000000000009
352,8,222.57269068327696,205.5,0.0
352,3,608.5722153552414,803.4277846447586,0.0
352,1,608.7049679697521,803.2950320302479,0.0
353,5,100.0,200.0,0.0
353,4,398.7879703903822,891.7879703903823,0.0
353,6,131.10999231106817,248.50000000000003,0.0
353,7,100.0,200.0,0.4500000000000002
353,2,453.3615635191856,789.3615635191857,0.0
353,10,445.87781438011757,886.5,0.0
353,9,100.0,200.0,1.3650000000000009
353,8,221.59680592047238,206.40319407952762,0.0
353,3,608.6752720181739,804.6752720181739,0.0
353,1,608.5425194036632,804.5425194036632,0.0
354,5,100.0,200.0,0.0
354,4,399.7425645449841,892.7425645449841,0.0
354,6,129.75999231106817,248.50000000000003,0.0
354,7,100.0,200.0,0.4500000000000002
354,2,454.3161576737875,790.3161576737875,0.0
354,10,447.2278143801176,886.5,0.0
354,9,100.0,200.0,1.3650000000000009
354,8,220.64221176587054,207.35778823412946,0.0
354,3,609.3701338272242,805.6298661727758,0.0
354,1,609.497113558265,805.497113558265,0.0
355,5,100.0,200.0,0.0
355,4,400.69715869958594,893.302841300414,0.0
355,6,128.4363549527974,248.43635495279742,0.0
355,7,100.0,200.0,0.4500000000000002
355,2,455.27075182838934,791.2707518283894,0.0
355,10,448.555023075855,886.4449769241451,0.0
355,9,100.0,200.0,1.3650000000000009
355,8,219.6876176112687,208.3123823887313,0.0
355,3,608.4155396726223,806.5844603273777,0.0
355,1,608.5482922871331,806.4517077128669,0.0
356,5,100.0,200.0,0.0
356,4,401.7146109445212,892.5,0.0
356,6,127.47420587344132,247.49999999999997,0.0
356,7,100.0,200.0,0.4500000000000002
356,2,456.2253459829912,792.2253459829913,0.0
356,10,449.5096172304568,885.4903827695432,0.0
356,9,100.0,200.0,1.3650000000000009
356,8,218.73302345666687,209.26697654333313,0.0
356,3,607.4609455180205,807.5390544819795,0.0
356,1,607.5936981325312,807.4063018674688,0.0
357,5,100.0,200.0,0.0
357,4,402.8992402276031,892.1007597723969,0.0
357,6,126.2342734247803,247.7657265752197,0.0
357,7,100.0,200.0,0.4500000000000002
357,2,457.17994013759306,793.1799401375931,0.0
357,10,450.46421138505866,884.5357886149413,0.0
357,9,100.0,200.0,1.3650000000000009
357,8,217.77842930206504,210.22157069793496,0.0
357,3,606.5063513634186,808.4936486365814,0.0
357,1,606.6391039779294,808.3608960220706,0.0
358,5,100.0,200.0,0.0
358,4,403.8538343822049,891.1461656177951,0.0
358,6,125.27967927017849,248.2796792701785,0.0
358,7,100.0,200.0,0.4500000000000002
358,2,457.49999999999994,794.3973670018129,0.0
358,10,451.4188055396605,885.4188055396605,0.0
358,9,100.0,200.0,1.3650000000000009
358,8,216.8238351474632,209.8238351474632,0.0
358,3,605.2588639900033,808.7411360099967,0.0
358,1,605.3916166045141,808.6083833954859,0.0
359,5,100.0,200.0,0.0
359,4,404.8084285368068,890.1915714631932,0.0
359,6,124.32508511557667,247.32508511557663,0.0
359,7,100.0,200.0,0.4500000000000002
359,2,456.61797833438976,795.3820216656103,0.0
359,10,452.66629291307584,885.6662929130758,0.0
359,9,100.0,200.0,1.3650000000000009
359,8,215.60797205751555,209.5,0.0
359,3,604.3042698354014,809.6957301645986,0.0
359,1,604.4370224499122,809.5629775500878,0.0
360,5,100.0,200.0,0.0
360,4,405.76302269140865,889.2369773085913,0.0
360,6,123.37049096097482,246.3704909609748,0.0
360,7,100.0,200.0,0.4500000000000002
360,2,457.3366158202121,796.3366158202122,0.0
360,10,453.6208870676777,886.6208870676777,0.0
360,9,100.0,200.0,1.3650000000000009
360,8,214.62175361944608,210.37824638055392,0.0
360,3,603.3496756807996,810.6503243192004,0.0
360,1,603.4824282953103,810.5175717046897,0.0
361,5,100.0,200.0,0.0
361,4,406.7176168460105,888.2823831539895,0.0
361,6,122.38106012293377,245.49999999999997,0.0
361,7,100.0,200.0,0.4500000000000002
361,2,458.29120997481397,797.291209974814,0.0
361,10,454.57548122227956,887.4245187777204,0.0
361,9,100.0,200.0,1.3650000000000009
361,8,213.3742662460308,210.6257337539692,0.0
361,3,602.3950815261977,811.6049184738023,0.0
361,1,602.5278341407085,811.4721658592915,0.0
362,5,100.0,200.0,0.0
362,4,407.6722110006124,887.3277889993876,0.0
362,6,121.16840943295769,245.16840943295767,0.0
362,7,100.0,200.0,0.4500000000000002
362,2,458.5386973482293,798.5386973482293,0.0
362,10,455.5300753768814,886.4699246231186,0.0
362,9,100.0,200.0,1.3650000000000009
362,8,212.41967209142896,211.58032790857104,0.0
362,3,601.4404873715959,812.5595126284041,0.0
362,1,601.5732399861066,812.4267600138934,0.0
363,5,100.0,200.0,0.0
363,4,408.62680515521424,886.3731948447858,0.0
363,6,120.5,244.09527368530686,0.0
363,7,100.0,200.0,0.4500000000000002
363,2,459.49329150283114,799.4932915028312,0.0
363,10,456.4846695314833,885.5153304685167,0.0
363,9,100.0,200.0,1.3650000000000009
363,8,211.45061274463487,212.5,0.0
363,3,600.514106783006,813.514106783006,0.0
363,1,600.6186458315048,813.3813541684952,0.0
364,5,100.0,200.0,0.0
364,4,409.6151160079097,885.5,0.0
364,6,120.5,242.74527368530687,0.0
364,7,100.0,200.0,0.4500000000000002
364,2,458.552114342567,800.4478856574331,0.0
364,10,457.82831944350613,885.5,0.0
364,9,100.0,200.0,1.3650000000000009
364,8,210.21759056341182,212.78240943658818,0.0
364,3,601.4687009376079,814.4687009376079,0.0
364,1,601.3359483230971,814.3359483230971,0.0
365,5,100.0,200.0,0.0
365,4,410.82888668323136,885.8288866832314,0.0
365,6,120.5,241.39527368530688,0.0
365,7,100.0,200.0,0.4500000000000002
365,2,458.6953730308483,801.6953730308484,0.0
365,10,458.97964427831386,885.9796442783139,0.0
365,9,100.0,200.0,1.3650000000000009
365,8,209.26299640880998,213.73700359119002,0.0
365,3,602.4232950922097,815.4232950922097,0.0
365,1,602.290542477699,815.290542477699,0.0
366,5,100.0,200.0,0.0
366,4,411.7834808378332,886.7834808378333,0.0
366,6,120.5,240.04527368530688,0.0
366,7,100.0,200.0,0.4500000000000002
366,2,459.7120856275746,802.5,0.0
366,10,459.9342384329157,886.0657615670842,0.0
366,9,100.0,200.0,1.3650000000000009
366,8,208.22903986938104,214.5,0.0
366,3,601.6221107531884,816.3778892468116,0.0
366,1,601.7548633676992,816.2451366323008,0.0
367,5,100.0,200.0,0.0
367,4,412.7380749924351,887.2619250075649,0.0
367,6,119.93097256588123,238.93097256588123,0.0
367,7,100.0,200.0,0.4500000000000002
367,2,460.8974545588655,802.8974545588654,0.0
367,10,461.04989231876,885.5,0.0
367,9,100.0,200.0,1.3650000000000009
367,8,207.06091488079284,214.93908511920716,0.0
367,3,600.6675165985865,817.3324834014135,0.0
367,1,600.8002692130973,817.1997307869027,0.0
368,5,100.0,200.0,0.0
368,4,413.69266914703695,886.307330852963,0.0
368,6,119.5,237.75948724767997,0.0
368,7,100.0,200.0,0.4500000000000002
368,2,461.8520487134673,803.8520487134673,0.0
368,10,462.13631996093284,886.1363199609328,0.0
368,9,100.0,200.0,1.3650000000000009
368,8,206.106320726191,215.106320726191,0.0
368,3,600.5,818.6130957543563,0.0
368,1,600.5,818.4253552064747,0.0
369,5,100.0,200.0,0.0
369,4,414.6472633016388,885.3527366983611,0.0
369,6,118.7288910378641,236.7288910378641,0.0
369,7,100.0,200.0,0.4500000000000002
369,2,462.49999999999994,804.9336585028284,0.0
369,10,463.3356787563868,886.5,0.0
369,9,100.0,200.0,1.3650000000000009
369,8,205.0074669941272,214.5,0.0
369,3,600.8274581482441,819.8274581482441,0.0
369,1,600.6947055337333,819.6947055337333,0.0
370,5,100.0,200.0,0.0
370,4,415.5,884.3559518039556,0.0
370,6,117.77429688326225,235.77429688326225,0.0
370,7,100.0,200.0,0.4500000000000002
370,2,461.9458697585155,806.0541302414845,0.0
370,10,464.33840148894996,887.3384014889499,0.0
370,9,100.0,200.0,1.3650000000000009
370,8,203.90423919817385,215.09576080182615,0.0
370,3,601.8988821919833,820.5,0.0
370,1,601.7111416441016,820.5,0.0
371,5,100.0,200.0,0.0
371,4,415.849344829656,883.150655170344,0.0
371,6,116.8197027286604,234.81970272866042,0.0
371,7,100.0,200.0,0.4500000000000002
371,2,462.0087243960864,807.0087243960863,0.0
371,10,465.29299564355176,888.2929956435518,0.0
371,9,100.0,200.0,1.3650000000000009
371,8,203.5,216.2783194434997,0.0
371,3,603.0295396762613,821.0295396762613,0.0
371,1,602.8967870617504,820.8967870617504,0.0
372,5,100.0,200.0,0.0
372,4,416.92983463367136,882.5,0.0
372,6,116.49999999999999,233.60212793479926,0.0
372,7,100.0,200.0,0.4500000000000002
372,2,462.9633185506882,807.9633185506882,0.0
372,10,466.24758979815357,889.2475897981536,0.0
372,9,100.0,200.0,1.3650000000000009
372,8,202.70215767015674,217.29784232984326,0.0
372,3,603.0158661691369,821.9841338308631,0.0
372,1,603.1486187836477,821.8513812163523,0.0
373,5,100.0,200.0,0.0
373,4,418.05142635767317,883.0514263576731,0.0
373,6,115.61762120064328,232.6176212006433,0.0
373,7,100.0,200.0,0.4500000000000002
373,2,463.5,809.0910178157092,0.0
373,10,467.49303806926747,889.5,0.0
373,9,100.0,200.0,1.3650000000000009
373,8,201.4358941188734,217.5,0.0
373,3,602.5,823.1204550672372,0.0
373,1,602.1940246290459,822.8059753709541,0.0
374,5,100.0,200.0,0.0
374,4,419.006020512275,882.993979487725,0.0
374,6,115.5,231.31634149717235,0.0
374,7,100.0,200.0,0.4500000000000002
374,2,463.5,810.4410178157092,0.0
374,10,468.44967132617074,890.4496713261707,0.0
374,9,100.0,200.0,1.3650000000000009
374,8,200.20718292332614,217.79281707667386,0.0
374,3,601.8137846411197,824.1862153588803,0.0
374,1,601.5,823.8685009569823,0.0
375,5,100.0,200.0,0.0
375,4,420.15140750892516,882.5,0.0
375,6,115.5,229.96634149717235,0.0
375,7,100.0,200.0,0.4500000000000002
375,2,463.7057806709341,811.705780670934,0.0
375,10,469.40426548077255,891.4042654807726,0.0
375,9,100.0,200.0,1.3650000000000009
375,8,199.15010768124648,218.5,0.0
375,3,600.8591904865178,825.1408095134822,0.0
375,1,600.9919431010288,825.0080568989712,0.0
376,5,100.0,200.0,0.0
376,4,421.5014075089252,882.5,0.0
376,6,115.5,228.61634149717236,0.0
376,7,100.0,200.0,0.4500000000000002
376,2,464.6603748255359,812.6603748255359,0.0
376,10,468.6411403646256,892.3588596353744,0.0
376,9,100.0,200.0,1.3650000000000009
376,8,198.005101395309,218.005101395309,0.0
376,3,601.095403668084,826.095403668084,0.0
376,1,600.962651053573,825.962651053573,0.0
377,5,100.0,200.0,0.0
377,4,422.8514075089252,882.5,0.0
377,6,114.62767170698213,227.62767170698214,0.0
377,7,100.0,200.0,0.4500000000000002
377,2,465.61496898013775,813.6149689801377,0.0
377,10,469.3134537899763,893.3134537899763,0.0
377,9,100.0,200.0,1.3650000000000009
377,8,196.86432124361957,217.5,0.0
377,3,602.277814380118,826.5,0.0
377,1,602.090073832236,826.5,0.0
378,5,100.0,200.0,0.0
378,4,423.99597000593616,882.0040299940638,0.0
378,6,115.32692244761971,226.6730775523803,0.0
378,7,100.0,200.0,0.4500000000000002
378,2,466.56956313473955,814.5695631347396,0.0
378,10,470.58618381977516,893.5,0.0
378,9,100.0,200.0,1.3650000000000009
378,8,195.80301986729188,218.19698013270812,0.0
378,3,603.2974851961011,827.2974851961011,0.0
378,1,603.1647325815901,827.1647325815901,0.0
379,5,100.0,200.0,0.0
379,4,424.950564160538,881.0494358394619,0.0
379,6,114.71848339777846,225.71848339777847,0.0
379,7,100.0,200.0,0.4500000000000002
379,2,467.47584271065847,815.5241572893415,0.0
379,10,471.9361838197752,893.5,0.0
379,9,100.0,200.0,1.3650000000000009
379,8,194.57853480599266,218.5,0.0
379,3,604.252079350703,828.252079350703,0.0
379,1,604.119326736192,828.119326736192,0.0
380,5,100.0,200.0,0.0
380,4,426.07298038417906,880.5,0.0
380,6,113.76388924317662,224.76388924317664,0.0
380,7,100.0,200.0,0.4500000000000002
380,2,466.5212485560566,816.4787514439433,0.0
380,10,473.05591591022215,894.0559159102222,0.0
380,9,100.0,200.0,1.3650000000000009
380,8,193.60093833927473,219.39906166072527,0.0
380,3,605.2066735053048,829.2066735053048,0.0
380,1,605.0739208907938,829.0739208907938,0.0
381,5,100.0,200.0,0.0
381,4,427.1526456885552,881.1526456885551,0.0
381,6,113.5,223.52319574666475,0.0
381,7,100.0,200.0,0.4500000000000002
381,2,467.43334559854515,817.4333455985452,0.0
381,10,474.010510064824,895.0105100648241,0.0
381,9,100.0,200.0,1.3650000000000009
381,8,192.35345096585945,219.64654903414055,0.0
381,3,606.4351736929988,829.5,0.0
381,1,606.2474331451168,829.5,0.0
382,5,100.0,200.0,0.0
382,4,428.35876682180594,881.5,0.0
382,6,114.43819228484051,222.5618077151595,0.0
382,7,100.0,200.0,0.4500000000000002
382,2,468.387939753147,818.3879397531471,0.0
382,10,474.9651042194259,895.9651042194258,0.0
382,9,100.0,200.0,1.3650000000000009
382,8,191.5,220.64303806926114,0.0
382,3,607.408755033322,830.408755033322,0.0
382,1,607.276002418811,830.276002418811,0.0
383,5,100.0,200.0,0.0
383,4,429.3547272165723,880.6452727834277,0.0
383,6,113.60721356055765,221.60721356055765,0.0
383,7,100.0,200.0,0.4500000000000002
383,2,467.6574660922511,819.3425339077488,0.0
383,10,475.9196983740277,896.9196983740277,0.0
383,9,100.0,200.0,1.3650000000000009
383,8,191.15136943784233,221.84863056215767,0.0
383,3,606.6366508120761,831.3633491879239,0.0
383,1,606.7694034265871,831.2305965734129,0.0
384,5,100.0,200.0,0.0
384,4,430.3093213711742,879.6906786288258,0.0
384,6,113.35972618714236,220.35972618714237,0.0
384,7,100.0,200.0,0.4500000000000002
384,2,467.49999999999994,820.6273093167244,0.0
384,10,476.49999999999994,898.0293295702828,0.0
384,9,100.0,200.0,1.3650000000000009
384,8,190.07117549311198,222.5,0.0
384,3,606.3891634386608,832.6108365613392,0.0
384,1,606.5,832.4690060203707,0.0
385,5,100.0,200.0,0.0
385,4,431.5568087445895,879.4431912554105,0.0
385,6,112.40513203254052,219.40513203254054,0.0
385,7,100.0,200.0,0.4500000000000002
385,2,467.8375086545793,821.8375086545793,0.0
385,10,476.49999999999994,899.3793295702828,0.0
385,9,100.0,200.0,1.3650000000000009
385,8,188.94928790982522,223.05071209017478,0.0
385,3,605.5,833.5925330058795,0.0
385,1,605.5673218985701,833.4326781014299,0.0
386,5,100.0,200.0,0.0
386,4,432.5161261346868,878.5,0.0
386,6,111.54946212206131,218.4505378779387,0.0
386,7,100.0,200.0,0.4500000000000002
386,2,468.5,822.9130957543513,0.0
386,10,477.3692672754601,900.3692672754601,0.0
386,9,100.0,200.0,1.3650000000000009
386,8,187.78538905548507,223.5,0.0
386,3,605.1870819106437,834.8129180893563,0.0
386,1,605.3198345251548,834.6801654748452,0.0
387,5,100.0,200.0,0.0
387,4,433.8661261346868,878.5,0.0
387,6,112.49594372333685,217.49594372333686,0.0
387,7,100.0,200.0,0.4500000000000002
387,2,469.03959018259644,824.0395901825965,0.0
387,10,476.6761385699381,901.3238614300619,0.0
387,9,100.0,200.0,1.3650000000000009
387,8,186.45431316299462,223.54568683700538,0.0
387,3,604.2324877560418,835.7675122439582,0.0
387,1,604.3652403705529,835.6347596294471,0.0
388,5,100.0,200.0,0.0
388,4,435.2161261346868,878.5,0.0
388,6,111.54134956873501,216.54134956873503,0.0
388,7,100.0,200.0,0.4500000000000002
388,2,469.9941843371983,824.9941843371982,0.0
388,10,477.2784555846637,902.2784555846637,0.0
388,9,100.0,200.0,1.3650000000000009
388,8,185.49960261785816,224.5,0.0
388,3,603.2778936014399,836.7221063985601,0.0
388,1,603.410646215951,836.589353784049,0.0
389,5,100.0,200.0,0.0
389,4,436.56612613468684,878.5,0.0
389,6,112.41324458586682,215.5867554141332,0.0
389,7,100.0,200.0,0.4500000000000002
389,2,470.9487784918001,825.9487784918001,0.0
389,10,478.525942958079,902.525942958079,0.0
389,9,100.0,200.0,1.3650000000000009
389,8,184.14960261785816,224.5,0.0
389,3,602.5,837.7498923187604,0.0
389,1,602.5,837.5621517708784,0.0
390,5,100.0,200.0,0.0
390,4,437.91612613468686,878.5,0.0
390,6,112.3392680407179,214.33926804071788,0.0
390,7,100.0,200.0,0.4500000000000002
390,2,471.9033726464019,826.903372646402,0.0
390,10,479.48053711268085,903.4805371126808,0.0
390,9,100.0,200.0,1.3650000000000009
390,8,183.0047442615622,224.9952557384378,0.0
390,3,602.9241879265772,838.9241879265772,0.0
390,1,602.7914353120661,838.7914353120661,0.0
391,5,100.0,200.0,0.0
391,4,439.2661261346869,878.5,0.0
391,6,111.38467388611605,213.38467388611605,0.0
391,7,100.0,200.0,0.4500000000000002
391,2,472.5,828.0062415048588,0.0
391,10,480.4351312672827,904.4351312672827,0.0
391,9,100.0,200.0,1.3650000000000009
391,8,181.86381618023125,225.5,0.0
391,3,603.8787820811791,839.8787820811791,0.0
391,1,603.746029466668,839.746029466668,0.0
392,5,100.0,200.0,0.0
392,4,440.2892203584966,879.2892203584967,0.0
392,6,110.43007973151421,212.4300797315142,0.0
392,7,100.0,200.0,0.4500000000000002
392,2,473.1054541744191,829.105454174419,0.0
392,10,481.3897254218845,905.3897254218846,0.0
392,9,100.0,200.0,1.3650000000000009
392,8,180.80266273354508,226.19733726645492,0.0
392,3,604.5,840.9714651940143,0.0
392,1,604.5,840.7837246461322,0.0
393,5,100.0,200.0,0.0
393,4,441.24381451309847,880.2438145130985,0.0
393,6,109.47548557691238,211.47548557691238,0.0
393,7,100.0,200.0,0.4500000000000002
393,2,472.9399516709791,830.0600483290209,0.0
393,10,482.63721279529983,905.3627872047002,0.0
393,9,100.0,200.0,1.3650000000000009
393,8,179.84806857894324,227.15193142105676,0.0
393,3,605.0808636091962,842.0808636091962,0.0
393,1,604.9481109946852,841.9481109946852,0.0
394,5,100.0,200.0,0.0
394,4,442.19840866770033,881.1984086677004,0.0
394,6,108.52089142231054,210.52089142231054,0.0
394,7,100.0,200.0,0.4500000000000002
394,2,472.5,831.2278143801127,0.0
394,10,483.629834633671,904.5,0.0
394,9,100.0,200.0,1.3650000000000009
394,8,178.8934744243414,228.1065255756586,0.0
394,3,604.964542236202,843.035457763798,0.0
394,1,605.097294850713,842.902705149287,0.0
395,5,100.0,200.0,0.0
395,4,443.1530028223022,882.1530028223023,0.0
395,6,107.5662972677087,209.5662972677087,0.0
395,7,100.0,200.0,0.4500000000000002
395,2,472.5550230758515,832.5550230758515,0.0
395,10,484.97983463367103,904.5,0.0
395,9,100.0,200.0,1.3650000000000009
395,8,177.70645686735057,228.5,0.0
395,3,604.0099480816001,843.9900519183999,0.0
395,1,604.1427006961111,843.8572993038889,0.0
396,5,100.0,200.0,0.0
396,4,442.89240302309594,883.1075969769041,0.0
396,6,106.61170311310687,208.61170311310687,0.0
396,7,100.0,200.0,0.4500000000000002
396,2,473.5096172304534,833.5096172304534,0.0
396,10,486.32983463367106,904.5,0.0
396,9,100.0,200.0,1.3650000000000009
396,8,176.3984996775108,228.6015003224892,0.0
396,3,603.5,845.128824506895,0.0
396,1,603.5,844.9410839590131,0.0
397,5,100.0,200.0,0.0
397,4,442.5,884.2950583228215,0.0
397,6,106.36421573969157,207.3642157396916,0.0
397,7,100.0,200.0,0.4500000000000002
397,2,474.46421138505525,834.4642113850553,0.0
397,10,487.627162288961,904.372837711039,0.0
397,9,100.0,200.0,1.3650000000000009
397,8,175.44390552290898,229.55609447709102,0.0
397,3,602.807866553583,846.192133446417,0.0
397,1,602.9406191680939,846.0593808319061,0.0
398,5,100.0,200.0,0.0
398,4,442.6025717237347,885.6025717237346,0.0
398,6,105.5,206.37218561988814,0.0
398,7,100.0,200.0,0.4500000000000002
398,2,474.28830124152944,835.7116987584706,0.0
398,10,488.615621071298,903.5,0.0
398,9,100.0,200.0,1.3650000000000009
398,8,174.48488399209674,230.5,0.0
398,3,603.1467276010188,847.1467276010188,0.0
398,1,603.013974986508,847.013974986508,0.0
399,5,100.0,200.0,0.0
399,4,443.58084476044843,886.5,0.0
399,6,105.16213421167446,205.16213421167447,0.0
399,7,100.0,200.0,0.4500000000000002
399,2,473.3337070869276,836.6662929130724,0.0
399,10,489.965621071298,903.5,0.0
399,9,100.0,200.0,1.3650000000000009
399,8,173.13488399209675,230.5,0.0
399,3,602.8986782443793,848.1013217556207,0.0
399,1,603.0314308588902,847.9685691411098,0.0
400,5,100.0,200.0,0.0
400,4,444.93084476044845,886.5,0.0
400,6,104.20754005707262,204.20754005707263,0.0
400,7,100.0,200.0,0.4500000000000002
400,2,472.3791129323257,837.3791129323257,0.0
400,10,491.07673119039345,902.9232688096065,0.0
400,9,100.0,200.0,1.3650000000000009
400,8,171.99433662147655,229.99433662147655,0.0
400,3,603.0559159102226,849.0559159102226,0.0
400,1,602.9231632957117,848.9231632957117,0.0
